metric_id,metric_code,name_ru,frequency_id,unit_id,status,n_obs,first_obs,last_obs,freshness
1,kzsnns,"Количество зданий и сооружений, находящихся в незавершенном строительстве",3,17,active,2036,2000-01-01,2021-01-01,stale
2,kzspz,Количество зданий и сооружений приостановленных или законсервированных,3,17,active,2035,2000-01-01,2021-01-01,stale
3,pkzznns,"Площадь квартир в жилых зданиях, находящихся в незавершенном строительстве",3,16,active,2036,2000-01-01,2021-01-01,stale
4,pkzznnspz,"Площадь квартир в жилых зданиях, находящихся в незавершенном строительстве, приостановленные или законсервированные",3,16,active,2019,2000-01-01,2021-01-01,stale
5,srvossvedsrfpi,"Структура работ, выполненных организациями собственными силами по виду экономической деятельности ""Строительство"" в Росс",3,12,active,75,2017-01-01,2021-01-01,stale
7,vdzznnrf,Ввод в действие зданий жилого и нежилого назначения в Российской Федерации,3,18,active,88,2000-01-01,2021-01-01,stale
8,vdnztrf,Ввод в действие нежилых зданий по типам в Российской Федерации,3,18,active,198,2000-01-01,2021-01-01,stale
9,vdokrf,Ввод в действие объектов культуры в Российской Федерации,3,18,active,24,2001-01-01,2001-01-01,stale
10,czsnnsrf,"Число зданий и сооружений, находящихся в незавершенном строительстве в Российской Федерации",3,17,active,44,2000-01-01,2021-01-01,stale
11,opnzdgvzbizd,Отношение общей площади незавершенных жилых домов к годовому вводу жилья (без индивидуальных жилых домов),3,37,active,2064,2000-01-01,2021-01-01,stale
12,rorvvedsoofssrfp,"Распределение объема работ, выполненных по виду экономической деятельности ""Строительство"", организациями отдельных форм",3,12,active,2060,2000-01-01,2021-01-01,stale
13,orvvedsfdtmr,"Объем работ, выполненных по виду экономической деятельности ""Строительство"" (в фактически действующих ценах млн.рублей)",3,11,active,190,2020-01-01,2021-01-01,stale
14,iforvvdssrfstppp,"Индекс физического объема работ, выполненных по виду деятельности «Строительство», по субъектам Российской Федерации (в ",3,30,active,190,2020-01-01,2021-01-01,stale
15,szpsrrffspi,Структура затрат на производство строительных работ в Российской Федерации (по фактической себестоимости; в процентах к ,3,12,active,102,2005-01-01,2021-01-01,stale
17,vdopmrf,Ввод в действие отдельных производственных мощностей в Российской Федерации1),3,18,active,1872,2000-01-01,2021-01-01,stale
18,cpkrfisr,Число построенных квартир в Российской Федерации и их средний размер,3,17,active,132,2000-01-01,2021-01-01,stale
19,sfssokmpzpvvezzr,Средняя фактическая стоимость строительства одного квадратного метра общей площади жилых помещений во введенных в эксплу,3,40,active,63,2000-01-01,2020-01-01,stale
20,nszd,Незавершенные строительством жилые дома,3,18,active,66,2000-01-01,2021-01-01,stale
21,ozs,Объем жилищного строительства,3,32,active,938,2012-01-01,2021-01-01,stale
22,vdpzd,Введено в действие общей площади жилых домов,3,16,active,2971,1990-01-01,2021-01-01,stale
23,vdppnzd,Введено в действие общей площади построенных населением жилых домов,3,16,active,1204,2009-01-01,2021-01-01,stale
24,vdpmzd,Введено в действие общей площади многоквартирных жилых домов,3,16,active,376,2018-01-01,2021-01-01,stale
25,kpk,Количество построенных квартир,3,17,active,2042,2000-01-01,2021-01-01,stale
26,kkpnzd,Количество квартир в построенных населением жилых домах,3,17,active,2013,2000-01-01,2021-01-01,stale
27,kvzpn,"Количество введенных зданий, построенных населением",3,17,active,2009,2000-01-01,2021-01-01,stale
28,kvzpkrcn,Количество введенных жилых помещений (квартир) в расчете на 1000 человек населения1),3,36,active,1122,2010-01-01,2021-01-01,stale
30,uvvpzdopzf,Удельный вес введенной общей площади жилых домов по отношению к общей площади жилищного фонда с 2018 г.,3,12,active,376,2018-01-01,2021-01-01,stale
31,dvmzoovz,Доля ввода малоэтажного жилья в общем объеме ввода жилья,3,12,active,936,2012-01-01,2021-01-01,stale
32,vdpzdcn_2,Введено в действие общей площади жилых домов на 1000 человек населения 1),3,40,active,2084,2000-01-01,2021-01-01,stale
33,sfssokmpzpvvezzb,Средняя фактическая стоимость строительства одного квадратного метра общей площади жилых помещений во введенных в эксплу,3,38,active,2003,1999-01-01,2020-01-01,stale
34,pkguvsovdpnl,"Приобретение квартир для граждан, уволенных с военной службы, из органов внутренних дел, и приравненных к ним лиц",3,17,active,982,2000-01-01,2010-01-01,stale
35,dvzse,Доля ввода жилья по стандартам экономкласса,3,12,active,183,2012-01-01,2014-01-01,stale
36,01_03_01,"Количество действующих договоров участия в долевом строительстве согласно данным проектных деклараций, на дату, шт.",5,17,active,6732,2021-01-01,2026-08-01,fresh
37,01_03_02,"Общая площадь квартир, в отношении которых действуют договоры участия в долевом строительстве согласно данным проектных ",5,40,active,6732,2021-01-01,2026-08-01,fresh
38,01_03_03,"Суммарная цена действующих договоров участия в долевом строительстве согласно данным проектных деклараций, на дату, руб.",5,11,active,6732,2021-01-01,2026-08-01,fresh
39,01_03_04,"Количество действующих договоров участия в долевом строительстве в отношении жилых помещений, предусматривающих привлече",5,17,active,6732,2021-01-01,2026-08-01,fresh
40,01_03_05,"Общая площадь квартир, в отношении которых действуют договоры участия в долевом строительстве, в отношении жилых помещен",5,40,active,6732,2021-01-01,2026-08-01,fresh
41,01_03_06,"Суммарная цена действующих договоров участия в долевом строительстве в отношении жилых помещений, предусматривающих прив",5,11,active,6732,2021-01-01,2026-08-01,fresh
42,01_02_01,"Количество многоквартирных домов в составе проектов строительства многоквартирных домов, в отношении которых размещены п",5,17,active,7821,2020-01-01,2026-07-01,lagging
43,01_02_02,"Общая площадь многоквартирных домов в составе проектов строительства многоквартирных домов, в отношении которых размещен",5,40,active,7821,2020-01-01,2026-07-01,lagging
44,01_02_03,"Жилая площадь многоквартирных домов в составе проектов строительства многоквартирных домов, в отношении которых размещен",5,40,active,7821,2020-01-01,2026-07-01,lagging
45,01_02_04,"Количество квартир в многоквартирных домах в составе проектов строительства многоквартирных домов, в отношении которых р",5,17,active,7821,2020-01-01,2026-07-01,lagging
46,01_02_05,Количество квартир в многоквартирных домах в составе проектов строительства групп компаний застройщиков с совокупной жил,5,40,active,7821,2020-01-01,2026-07-01,lagging
47,01_02_06,Общая площадь многоквартирных домов в составе проектов строительства групп компаний застройщиков с совокупной жилой площ,5,40,active,7821,2020-01-01,2026-07-01,lagging
48,01_02_07,Жилая площадь многоквартирных домов в составе проектов строительства групп компаний застройщиков с совокупной жилой площ,5,40,active,7821,2020-01-01,2026-07-01,lagging
50,01_02_09,Количество многоквартирных домов в составе проектов строительства групп компаний застройщиков с совокупной жилой площадь,5,40,active,15642,2020-01-01,2026-07-01,lagging
51,01_02_10,Общая площадь многоквартирных домов в составе проектов строительства групп компаний застройщиков с совокупной жилой площ,5,40,active,7821,2020-01-01,2026-07-01,lagging
52,01_02_11,Жилая площадь многоквартирных домов в составе проектов строительства групп компаний застройщиков с совокупной жилой площ,5,40,active,7821,2020-01-01,2026-07-01,lagging
53,01_02_12,Количество квартир в многоквартирных домах в составе проектов строительства групп компаний застройщиков с совокупной жил,5,40,active,7821,2020-01-01,2026-07-01,lagging
54,01_02_13,Количество многоквартирных домов в составе проектов строительства групп компаний застройщиков с совокупной жилой площадь,5,40,active,7821,2020-01-01,2026-07-01,lagging
55,01_02_14,Общая площадь многоквартирных домов в составе проектов строительства групп компаний застройщиков с совокупной жилой площ,5,40,active,7821,2020-01-01,2026-07-01,lagging
56,01_02_15,Жилая площадь многоквартирных домов в составе проектов строительства групп компаний застройщиков с совокупной жилой площ,5,40,active,7821,2020-01-01,2026-07-01,lagging
57,01_02_16,Количество квартир в многоквартирных домах в составе проектов строительства групп компаний застройщиков с совокупной жил,5,40,active,7821,2020-01-01,2026-07-01,lagging
58,01_02_17,Количество многоквартирных домов в составе проектов строительства групп компаний застройщиков с совокупной жилой площадь,5,40,active,7821,2020-01-01,2026-07-01,lagging
59,01_02_18,Общая площадь многоквартирных домов в составе проектов строительства групп компаний застройщиков с совокупной жилой площ,5,40,active,7821,2020-01-01,2026-07-01,lagging
60,01_02_19,Жилая площадь многоквартирных домов в составе проектов строительства групп компаний застройщиков с совокупной жилой площ,5,40,active,7821,2020-01-01,2026-07-01,lagging
61,01_02_20,Количество квартир в многоквартирных домах в составе проектов строительства групп компаний застройщиков с совокупной жил,5,40,active,7821,2020-01-01,2026-07-01,lagging
62,01_02_21,Количество многоквартирных домов в составе проектов строительства групп компаний застройщиков с совокупной жилой площадь,5,40,active,7821,2020-01-01,2026-07-01,lagging
63,01_02_22,Общая площадь многоквартирных домов в составе проектов строительства групп компаний застройщиков с совокупной жилой площ,5,40,active,7821,2020-01-01,2026-07-01,lagging
64,01_02_23,Жилая площадь многоквартирных домов в составе проектов строительства групп компаний застройщиков с совокупной жилой площ,5,40,active,7821,2020-01-01,2026-07-01,lagging
65,01_02_24,Количество квартир в многоквартирных домах в составе проектов строительства групп компаний застройщиков с совокупной жил,5,40,active,7821,2020-01-01,2026-07-01,lagging
66,01_02_25,Количество многоквартирных домов в составе проектов строительства в населенных пунктах с численностью населения до 50 ты,5,41,active,7821,2020-01-01,2026-07-01,lagging
67,01_02_26,Общая площадь многоквартирных домов в составе проектов строительства в населенных пунктах с численностью населения до 50,5,40,active,7821,2020-01-01,2026-07-01,lagging
68,01_02_27,Жилая площадь многоквартирных домов в составе проектов строительства в населенных пунктах с численностью населения до 50,5,40,active,7821,2020-01-01,2026-07-01,lagging
69,01_02_28,Количество квартир в многоквартирных домах в составе проектов строительства в населенных пунктах с численностью населени,5,41,active,7821,2020-01-01,2026-07-01,lagging
70,01_02_29,Количество многоквартирных домов в составе проектов строительства в населенных пунктах с численностью населения от 50 до,5,41,active,7821,2020-01-01,2026-07-01,lagging
71,01_02_30,Общая площадь многоквартирных домов в составе проектов строительства в населенных пунктах с численностью населения от 50,5,40,active,7821,2020-01-01,2026-07-01,lagging
72,01_02_31,Жилая площадь многоквартирных домов в составе проектов строительства в населенных пунктах с численностью населения от 50,5,40,active,7821,2020-01-01,2026-07-01,lagging
73,01_02_32,Количество квартир в многоквартирных домах в составе проектов строительства в населенных пунктах с численностью населени,5,41,active,7821,2020-01-01,2026-07-01,lagging
74,01_02_33,Количество многоквартирных домов в составе проектов строительства в населенных пунктах с численностью населения от 250 т,5,36,active,7821,2020-01-01,2026-07-01,lagging
75,01_02_34,Общая площадь многоквартирных домов в составе проектов строительства в населенных пунктах с численностью населения от 25,5,40,active,7821,2020-01-01,2026-07-01,lagging
76,01_02_35,Жилая площадь многоквартирных домов в составе проектов строительства в населенных пунктах с численностью населения от 25,5,40,active,7821,2020-01-01,2026-07-01,lagging
77,01_02_36,Количество квартир в многоквартирных домах в составе проектов строительства в населенных пунктах с численностью населени,5,36,active,7821,2020-01-01,2026-07-01,lagging
78,01_02_37,Количество многоквартирных домов в составе проектов строительства в населенных пунктах с численностью населения от 1 млн,5,36,active,7821,2020-01-01,2026-07-01,lagging
79,01_02_38,Общая площадь многоквартирных домов в составе проектов строительства в населенных пунктах с численностью населения от 1 ,5,40,active,7821,2020-01-01,2026-07-01,lagging
80,01_02_39,Жилая площадь многоквартирных домов в составе проектов строительства в населенных пунктах с численностью населения от 1 ,5,40,active,7821,2020-01-01,2026-07-01,lagging
81,01_02_40,Количество квартир в многоквартирных домах в составе проектов строительства в населенных пунктах с численностью населени,5,36,active,7821,2020-01-01,2026-07-01,lagging
82,vsego,Всего,5,18,active,56,2021-01-01,2026-07-01,lagging
83,tpsoidbr,Всего траншей на приобретение и создание объектов ИЖС (данные Банка России),5,18,active,32,2024-01-01,2026-06-01,lagging
84,divpgd,"Доля ИЖК, выданных на приобретение готовых домов",5,12,active,54,2021-01-01,2026-06-01,lagging
85,divpsoi,"Доля ИЖК, выданных на приобретение и создание объектов ИЖС",5,12,active,54,2021-01-01,2026-06-01,lagging
86,divsi,"Доля ИЖК, выданных на строительство ИЖС",5,12,active,54,2021-01-01,2026-06-01,lagging
87,dtpgvi,Доля траншей на приобретение готовых в общей выдачи ИЖК,5,12,active,32,2024-01-01,2026-06-01,lagging
88,dtpsoivi,Доля траншей на приобретение и создание объектов ИЖС в общей выдачи ИЖК,5,12,active,32,2024-01-01,2026-06-01,lagging
89,dtsoivi,Доля траншей на строительство объектов ИЖС в общей выдачи ИЖК,5,12,active,32,2024-01-01,2026-06-01,lagging
90,tcnkodr,"в том числе ""новых"" кредитов (оценки ДОМ.РФ)",5,18,active,330,2021-01-01,2026-07-01,lagging
91,tpgddbr,всего траншей на приобретение готовых домов (данные Банка России),5,18,active,32,2024-01-01,2026-06-01,lagging
92,tsidbr,всего траншей на строительство ИЖС (данные Банка России),5,18,active,32,2024-01-01,2026-06-01,lagging
93,izh,на ИЖС,5,18,active,56,2021-01-01,2026-07-01,lagging
94,pgd,на приобретение готовых домов,5,18,active,56,2021-01-01,2026-07-01,lagging
95,01_04_01,"Количество многоквартирных домов, в отношении которых выданы разрешения на строительство, за период, шт.",5,17,active,7852,2020-01-01,2026-07-01,lagging
96,01_04_02,"Общая площадь многоквартирных домов, в отношении которых выданы разрешения на строительство, за период, кв. м",5,40,active,7852,2020-01-01,2026-07-01,lagging
97,01_04_03,"Количество многоквартирных домов, в отношении которых выданы разрешения на строительство и предоставлены данные о жилой ",5,17,active,7852,2020-01-01,2026-07-01,lagging
98,01_04_04,"Жилая площадь многоквартирных домов, в отношении которых выданы разрешения на строительство, за период, кв. м",5,40,active,7852,2020-01-01,2026-07-01,lagging
99,01_04_01_2,"Количество многоквартирных домов, в отношении которых действуют разрешения на строительство, на дату, шт.",5,17,active,7940,2020-01-01,2026-08-01,fresh
100,01_04_02_2,"Общая площадь многоквартирных домов, в отношении которых действуют разрешения на строительство, на дату, кв. м",5,40,active,7940,2020-01-01,2026-08-01,fresh
101,01_04_03_2,"Количество многоквартирных домов, в отношении которых действуют разрешения на строительство и предоставлены данные о жил",5,17,active,7940,2020-01-01,2026-08-01,fresh
102,01_04_04_2,"Жилая площадь многоквартирных домов, в отношении которых действуют разрешения на строительство, на дату, кв. м",5,40,active,7940,2020-01-01,2026-08-01,fresh
103,01_04_05,"Распределение общей площади многоквартирных домов, в отношении которых действуют разрешения на строительство, по периода",5,40,active,80,2020-01-01,2026-08-01,fresh
107,usg_4,Уровень строительной готовности,5,12,active,16909,2020-01-01,2026-08-01,fresh
108,rrf,1 РФ реализация,5,18,active,1159,2020-01-01,2026-08-01,fresh
111,rkop_3,"Реализация квартир (объём проданных), м²",5,40,active,33343,2020-01-01,2026-08-01,fresh
114,rke_3,"Реализация квартир, %",5,12,active,32714,2020-01-01,2026-08-01,fresh
115,01_01_01,"Количество многоквартирных домов, строящихся в соответствии с Федеральным законом от 30.12.2004 № 214-ФЗ, на дату, шт.",5,17,active,7920,2020-01-01,2026-08-01,fresh
116,01_01_02,"Общая площадь многоквартирных домов, строящихся в соответствии с Федеральным законом от 30.12.2004 № 214-ФЗ, на дату, кв",5,40,active,7920,2020-01-01,2026-08-01,fresh
117,01_01_03,"Жилая площадь многоквартирных домов, строящихся в соответствии с Федеральным законом от 30.12.2004 № 214-ФЗ, на дату, кв",5,40,active,7920,2020-01-01,2026-08-01,fresh
118,01_01_04,"Количество квартир в многоквартирных домах, строящихся в соответствии с Федеральным законом от 30.12.2004 № 214-ФЗ, на д",5,17,active,7920,2020-01-01,2026-08-01,fresh
119,01_01_05,"Количество многоквартирных домов, строящихся с привлечением денежных средств участников долевого строительства на счета ",5,17,active,7920,2020-01-01,2026-08-01,fresh
120,01_01_06,"Общая площадь многоквартирных домов, строящихся с привлечением денежных средств участников долевого строительства на сче",5,40,active,7920,2020-01-01,2026-08-01,fresh
121,01_01_07,"Жилая площадь многоквартирных домов, строящихся с привлечением денежных средств участников долевого строительства на сче",5,40,active,7920,2020-01-01,2026-08-01,fresh
122,01_01_08,"Количество квартир в многоквартирных домах, строящихся с привлечением денежных средств участников долевого строительства",5,17,active,7920,2020-01-01,2026-08-01,fresh
123,01_01_09,"Индекс Херфиндаля-Хиршмана, пунктов1",5,30,active,7920,2020-01-01,2026-08-01,fresh
124,01_01_10,"Количество многоквартирных домов, строящихся в соответствии с Федеральным законом от 30.12.2004 № 214-ФЗ группами компан",5,40,active,7920,2020-01-01,2026-08-01,fresh
125,01_01_11,"Общая площадь многоквартирных домов, строящихся в соответствии с Федеральным законом от 30.12.2004 № 214-ФЗ группами ком",5,40,active,7920,2020-01-01,2026-08-01,fresh
126,01_01_12,"Жилая площадь многоквартирных домов, строящихся в соответствии с Федеральным законом от 30.12.2004 № 214-ФЗ группами ком",5,40,active,7920,2020-01-01,2026-08-01,fresh
127,01_01_13,"Количество квартир в многоквартирных домах, строящихся в соответствии с Федеральным законом от 30.12.2004 № 214-ФЗ групп",5,40,active,7920,2020-01-01,2026-08-01,fresh
128,01_01_14,"Количество многоквартирных домов, строящихся в соответствии с Федеральным законом от 30.12.2004 № 214-ФЗ группами компан",5,40,active,7920,2020-01-01,2026-08-01,fresh
129,01_01_15,"Общая площадь многоквартирных домов, строящихся в соответствии с Федеральным законом от 30.12.2004 № 214-ФЗ группами ком",5,40,active,7920,2020-01-01,2026-08-01,fresh
130,01_01_16,"Жилая площадь многоквартирных домов, строящихся в соответствии с Федеральным законом от 30.12.2004 № 214-ФЗ группами ком",5,40,active,7920,2020-01-01,2026-08-01,fresh
131,01_01_17,"Количество квартир в многоквартирных домах, строящихся в соответствии с Федеральным законом от 30.12.2004 № 214-ФЗ групп",5,40,active,7920,2020-01-01,2026-08-01,fresh
132,01_01_18,"Количество многоквартирных домов, строящихся в соответствии с Федеральным законом от 30.12.2004 № 214-ФЗ группами компан",5,40,active,7920,2020-01-01,2026-08-01,fresh
133,01_01_19,"Общая площадь многоквартирных домов, строящихся в соответствии с Федеральным законом от 30.12.2004 № 214-ФЗ группами ком",5,40,active,7920,2020-01-01,2026-08-01,fresh
134,01_01_20,"Жилая площадь многоквартирных домов, строящихся в соответствии с Федеральным законом от 30.12.2004 № 214-ФЗ группами ком",5,40,active,7920,2020-01-01,2026-08-01,fresh
135,01_01_21,"Количество квартир в многоквартирных домах, строящихся в соответствии с Федеральным законом от 30.12.2004 № 214-ФЗ групп",5,40,active,7920,2020-01-01,2026-08-01,fresh
136,01_01_22,"Количество многоквартирных домов, строящихся в соответствии с Федеральным законом от 30.12.2004 № 214-ФЗ группами компан",5,40,active,7920,2020-01-01,2026-08-01,fresh
137,01_01_23,"Общая площадь многоквартирных домов, строящихся в соответствии с Федеральным законом от 30.12.2004 № 214-ФЗ группами ком",5,40,active,7920,2020-01-01,2026-08-01,fresh
138,01_01_24,"Жилая площадь многоквартирных домов, строящихся в соответствии с Федеральным законом от 30.12.2004 № 214-ФЗ группами ком",5,40,active,7920,2020-01-01,2026-08-01,fresh
139,01_01_25,"Количество квартир в многоквартирных домах, строящихся в соответствии с Федеральным законом от 30.12.2004 № 214-ФЗ групп",5,40,active,7920,2020-01-01,2026-08-01,fresh
140,01_01_26,"Количество многоквартирных домов, строящихся в соответствии с Федеральным законом от 30.12.2004 № 214-ФЗ группами компан",5,40,active,7920,2020-01-01,2026-08-01,fresh
141,01_01_27,"Общая площадь многоквартирных домов, строящихся в соответствии с Федеральным законом от 30.12.2004 № 214-ФЗ группами ком",5,40,active,7920,2020-01-01,2026-08-01,fresh
142,01_01_28,"Жилая площадь многоквартирных домов, строящихся в соответствии с Федеральным законом от 30.12.2004 № 214-ФЗ группами ком",5,40,active,7920,2020-01-01,2026-08-01,fresh
143,01_01_29,"Количество квартир в многоквартирных домах, строящихся в соответствии с Федеральным законом от 30.12.2004 № 214-ФЗ групп",5,40,active,7920,2020-01-01,2026-08-01,fresh
144,01_01_30,"Количество многоквартирных домов, строящихся в соответствии с Федеральным законом от 30.12.2004 № 214-ФЗ в населенных пу",5,41,active,7920,2020-01-01,2026-08-01,fresh
145,01_01_31,"Общая площадь многоквартирных домов, строящихся в соответствии с Федеральным законом от 30.12.2004 № 214-ФЗ в населенных",5,40,active,7920,2020-01-01,2026-08-01,fresh
146,01_01_32,"Жилая площадь многоквартирных домов, строящихся в соответствии с Федеральным законом от 30.12.2004 № 214-ФЗ в населенных",5,40,active,7920,2020-01-01,2026-08-01,fresh
147,01_01_33,"Количество квартир в многоквартирных домах, строящихся в соответствии с Федеральным законом от 30.12.2004 № 214-ФЗ в нас",5,41,active,7920,2020-01-01,2026-08-01,fresh
148,01_01_34,"Количество многоквартирных домов, строящихся в соответствии с Федеральным законом от 30.12.2004 № 214-ФЗ в населенных пу",5,41,active,7920,2020-01-01,2026-08-01,fresh
149,01_01_35,"Общая площадь многоквартирных домов, строящихся в соответствии с Федеральным законом от 30.12.2004 № 214-ФЗ в населенных",5,40,active,7920,2020-01-01,2026-08-01,fresh
150,01_01_36,"Жилая площадь многоквартирных домов, строящихся в соответствии с Федеральным законом от 30.12.2004 № 214-ФЗ в населенных",5,40,active,7920,2020-01-01,2026-08-01,fresh
151,01_01_37,"Количество квартир в многоквартирных домах, строящихся в соответствии с Федеральным законом от 30.12.2004 № 214-ФЗ в нас",5,41,active,7920,2020-01-01,2026-08-01,fresh
152,01_01_38,"Количество многоквартирных домов, строящихся в соответствии с Федеральным законом от 30.12.2004 № 214-ФЗ в населенных пу",5,36,active,7920,2020-01-01,2026-08-01,fresh
153,01_01_39,"Общая площадь многоквартирных домов, строящихся в соответствии с Федеральным законом от 30.12.2004 № 214-ФЗ в населенных",5,40,active,7920,2020-01-01,2026-08-01,fresh
154,01_01_40,"Жилая площадь многоквартирных домов, строящихся в соответствии с Федеральным законом от 30.12.2004 № 214-ФЗ в населенных",5,40,active,7920,2020-01-01,2026-08-01,fresh
155,01_01_41,"Количество квартир в многоквартирных домах, строящихся в соответствии с Федеральным законом от 30.12.2004 № 214-ФЗ в нас",5,36,active,7920,2020-01-01,2026-08-01,fresh
156,01_01_42,"Количество многоквартирных домов, строящихся в соответствии с Федеральным законом от 30.12.2004 № 214-ФЗ в населенных пу",5,36,active,7920,2020-01-01,2026-08-01,fresh
157,01_01_43,"Общая площадь многоквартирных домов, строящихся в соответствии с Федеральным законом от 30.12.2004 № 214-ФЗ в населенных",5,40,active,7920,2020-01-01,2026-08-01,fresh
158,01_01_44,"Жилая площадь многоквартирных домов, строящихся в соответствии с Федеральным законом от 30.12.2004 № 214-ФЗ в населенных",5,40,active,7920,2020-01-01,2026-08-01,fresh
159,01_01_45,"Количество квартир в многоквартирных домах, строящихся в соответствии с Федеральным законом от 30.12.2004 № 214-ФЗ в нас",5,36,active,7920,2020-01-01,2026-08-01,fresh
160,spv,Сводный показатель,3,18,active,5,2026-08-01,2026-08-01,fresh
161,zipflrrivupptrsr,"T_22: Задолженность по ИЖК, предоставленным физическим лицам-резидентам в рублях и в иностранной валюте, с учетом приобр",5,38,active,1118,2025-08-01,2026-08-01,fresh
162,zidpflrrivupptrs,"T_23: Задолженность по ИЖК по ДДУ, предоставленным физическим лицам-резидентам в рублях и в иностранной валюте, с учетом",5,38,active,1118,2025-08-01,2026-08-01,fresh
163,pzipflrrivrsrf,"T_24: Просроченная задолженность по ИЖК, предоставленным физическим лицам-резидентам в рублях и в иностранной валюте, в ",5,38,active,1118,2025-08-01,2026-08-01,fresh
164,pzidpflrrivrsrf,"T_25: Просроченная задолженность по ИЖК по ДДУ, предоставленным физическим лицам-резидентам в рублях и в иностранной вал",5,38,active,1118,2025-08-01,2026-08-01,fresh
165,dziszkpflrrivodr,"T_31: Доля задолженности по ИЖК в общей сумме задолженнности по кредитам, предоставленным физическим лицам - резидентам ",5,38,active,1118,2025-08-01,2026-08-01,fresh
166,apspr,avg_price_sqm_первичный_рынок,5,18,active,409,2025-01-01,2026-01-01,lagging
167,deb,debt,5,18,active,7462,2019-02-01,2026-08-01,fresh
168,ias,izhk_avg_size,5,18,active,984,2025-06-01,2026-06-01,lagging
169,icz,izhk_count,5,18,active,984,2025-06-01,2026-06-01,lagging
170,idas,izhk_ddu_avg_size,5,18,active,984,2025-06-01,2026-06-01,lagging
171,idc,izhk_ddu_count,5,18,active,984,2025-06-01,2026-06-01,lagging
172,idd,izhk_ddu_debt,5,18,active,1066,2025-07-01,2026-07-01,lagging
173,ido,izhk_ddu_overdue,5,18,active,1066,2025-07-01,2026-07-01,lagging
174,idr,izhk_ddu_rate,5,18,active,984,2025-06-01,2026-06-01,lagging
175,idv,izhk_ddu_volume,5,18,active,984,2025-06-01,2026-06-01,lagging
176,idz,izhk_debt,5,18,active,1066,2025-07-01,2026-07-01,lagging
177,iic,izhk_ijs_count,5,18,active,984,2025-06-01,2026-06-01,lagging
178,iir,izhk_ijs_rate,5,18,active,982,2025-06-01,2026-06-01,lagging
179,iiv,izhk_ijs_volume,5,18,active,984,2025-06-01,2026-06-01,lagging
180,inr,izhk_nonddu_rate,5,18,active,984,2025-06-01,2026-06-01,lagging
181,ioz,izhk_overdue,5,18,active,1066,2025-07-01,2026-07-01,lagging
182,irz,izhk_rate,5,18,active,984,2025-06-01,2026-06-01,lagging
183,isd,izhk_share_debt,5,18,active,1066,2025-07-01,2026-07-01,lagging
184,isl,izhk_share_loans,5,18,active,984,2025-06-01,2026-06-01,lagging
185,ivz,izhk_volume,5,18,active,984,2025-06-01,2026-06-01,lagging
186,diook,Доля ИЖК в общем объёме кредитов,5,12,active,1118,2025-06-01,2026-06-01,lagging
187,dzi,Доля задолженности по ИЖК,5,12,active,1118,2025-07-01,2026-07-01,lagging
188,zia,Задолженность по ИЖК,5,11,active,1118,2025-07-01,2026-07-01,lagging
189,zid,Задолженность по ИЖК по ДДУ,5,11,active,1118,2025-07-01,2026-07-01,lagging
190,zkf,Задолженность по кредитам физлицам,5,11,active,8008,2019-02-01,2026-08-01,fresh
191,zkfi,Задолженность по кредитам физлицам (в инвалюте),5,11,active,8008,2019-02-01,2026-08-01,fresh
192,zkfr,Задолженность по кредитам физлицам (в рублях),5,11,active,8008,2019-02-01,2026-08-01,fresh
193,zkfpi,Задолженность по кредитам физлицам (в т.ч. просроч. в инвалюте),5,11,active,8008,2019-02-01,2026-08-01,fresh
194,zkfpr,Задолженность по кредитам физлицам (в т.ч. просроч. в рублях),5,11,active,8008,2019-02-01,2026-08-01,fresh
195,zkfp,Задолженность по кредитам физлицам (в т.ч. просроч.),5,11,active,8008,2019-02-01,2026-08-01,fresh
196,zkfi_2,Задолженность по кредитам физлицам (итого),5,11,active,8008,2019-02-01,2026-08-01,fresh
197,kio,Количество ИЖК,5,17,active,1118,2025-06-01,2026-06-01,lagging
198,kiti,Количество ИЖК на цели ИЖС,5,17,active,1118,2025-06-01,2026-06-01,lagging
199,kid,Количество ИЖК по ДДУ,5,17,active,1118,2025-06-01,2026-06-01,lagging
200,nikfi,Новые ипотечные кредиты физлицам (в инвалюте),5,11,active,8008,2019-01-01,2026-07-01,lagging
201,nikfr,Новые ипотечные кредиты физлицам (в рублях),5,11,active,8008,2019-01-01,2026-07-01,lagging
202,nikfi_2,Новые ипотечные кредиты физлицам (итого),5,11,active,8008,2019-01-01,2026-07-01,lagging
203,nkf,Новые кредиты физлицам,5,11,active,8008,2019-01-01,2026-07-01,lagging
204,oib,Объём ИЖК,5,11,active,1118,2025-06-01,2026-06-01,lagging
205,oiti,Объём ИЖК на цели ИЖС,5,11,active,1118,2025-06-01,2026-06-01,lagging
206,oid,Объём ИЖК по ДДУ,5,11,active,1118,2025-06-01,2026-06-01,lagging
207,pzi,Просроченная задолженность по ИЖК,5,11,active,1118,2025-07-01,2026-07-01,lagging
208,pzid,Просроченная задолженность по ИЖК по ДДУ,5,11,active,1118,2025-07-01,2026-07-01,lagging
209,sri,Средний размер ИЖК,5,11,active,1118,2025-06-01,2026-06-01,lagging
210,srid,Средний размер ИЖК по ДДУ,5,11,active,1118,2025-06-01,2026-06-01,lagging
211,sit,Ставка по ИЖК,5,12,active,1118,2025-06-01,2026-06-01,lagging
212,sibud,Ставка по ИЖК без учёта ДДУ,5,12,active,1118,2025-06-01,2026-06-01,lagging
213,siti,Ставка по ИЖК на цели ИЖС,5,12,active,1113,2025-06-01,2026-06-01,lagging
214,sid,Ставка по ИЖК по ДДУ,5,12,active,1118,2025-06-01,2026-06-01,lagging
215,kipflrrivrsrf,"Т_16: Количество ИЖК, предоставленных физическим лицам-резидентам в рублях и в иностранной валюте, в разрезе субъектов Р",5,38,active,1118,2025-07-01,2026-07-01,lagging
216,kidpflrrivrsrf,"Т_17: Количество ИЖК по ДДУ, предоставленных физическим лицам-резидентам в рублях и в иностранной валюте, в разрезе субъ",5,38,active,1118,2025-07-01,2026-07-01,lagging
217,kitipflrrivrsrf,"Т_18: Количество ИЖК на цели ИЖС, предоставленных физическим лицам-резидентам в рублях и в иностранной валюте, в разрезе",5,38,active,1118,2025-07-01,2026-07-01,lagging
218,oipflrrivrsrf,"Т_19: Объем ИЖК, предоставленных физическим лицам-резидентам в рублях и в иностранной валюте, в разрезе субъектов Россий",5,38,active,1118,2025-07-01,2026-07-01,lagging
219,oidpflrrivrsrf,"Т_20: Объем ИЖК по ДДУ, предоставленных физическим лицам-резидентам в рублях и в иностранной валюте, в разрезе субъектов",5,38,active,1118,2025-07-01,2026-07-01,lagging
220,oitipflrrivrsrf,"Т_21: Объем ИЖК на цели ИЖС, предоставленных физическим лицам-резидентам в рублях и в иностранной валюте, в разрезе субъ",5,38,active,1118,2025-07-01,2026-07-01,lagging
221,spsipflrrtmrsrf,"Т_26: Средневзвешенная процентная ставка по ИЖК, предоставленным физическим лицам-резидентам  в рублях в течение месяца,",5,12,active,1118,2025-07-01,2026-07-01,lagging
222,spsidpflrrtmrsrf,"Т_27: Средневзвешенная процентная ставка по ИЖК по ДДУ, предоставленным физическим лицам-резидентам  в рублях в течение ",5,12,active,1118,2025-07-01,2026-07-01,lagging
223,spsipflrbuidrtmr,"Т_28: Средневзвешенная процентная ставка по ИЖК, предоставленным физическим лицам-резидентам, без учета ИЖК по ДДУ в руб",5,12,active,1118,2025-07-01,2026-07-01,lagging
224,spsitipflrrtmrsr,"Т_29: Средневзвешенная процентная ставка по ИЖК на цели ИЖС, предоставленным физическим лицам-резидентам  в рублях в теч",5,12,active,1112,2025-07-01,2026-07-01,lagging
225,diookpflrrivrsrf,"Т_30: Доля ИЖК в общем объеме кредитов, предоставленных физическим лицам-резидентам  в рублях и в иностранной валюте, в ",5,38,active,1118,2025-07-01,2026-07-01,lagging
226,sripflrrrsrf,"Т_32: Средний размер ИЖК, предоставленных физическим лицам-резидентам в рублях, в разрезе субъектов Российской Федерации",5,38,active,1118,2025-07-01,2026-07-01,lagging
227,sridpflrrrsrf,"Т_33: Средний размер ИЖК по ДДУ, предоставленных физическим лицам-резидентам в рублях, в разрезе субъектов Российской Фе",5,38,active,1118,2025-07-01,2026-07-01,lagging
228,stkpk,Т_34: Средняя цена 1 кв.м общей площади квартир,5,14,active,258,2025-01-01,2025-04-01,lagging
229,acc,active_contracts_count,5,18,active,4942,2022-01-01,2026-07-01,lagging
230,acs,active_contracts_sum,5,18,active,4933,2022-01-01,2026-07-01,lagging
231,crr,credit_rate,5,18,active,4464,2022-01-01,2026-07-01,lagging
232,deb_2,debt,5,18,active,4809,2022-01-01,2026-07-01,lagging
233,dea,disclosed_escrow_accounts,5,18,active,1890,2024-11-01,2026-07-01,lagging
234,dfi,disclosed_funds,5,18,active,540,2026-02-01,2026-07-01,lagging
235,eas,escrow_accounts,5,18,active,4950,2022-01-01,2026-07-01,lagging
236,eawb,escrow_accounts_with_balance,5,18,active,3965,2022-01-01,2026-07-01,lagging
237,ebs,escrow_balance,5,18,active,7135,2022-01-01,2026-07-01,lagging
238,zad,Задолженность,5,11,active,4493,2022-01-01,2026-07-01,lagging
239,kvdkd,Кол-во действующих кредитных договоров,5,18,active,4658,2022-01-01,2026-07-01,lagging
240,kvrse,Кол-во раскрытых счетов эскроу,5,18,active,1783,2024-11-01,2026-07-01,lagging
241,kvse,Кол-во счетов эскроу,5,18,active,4675,2022-01-01,2026-07-01,lagging
242,kvseo,Кол-во счетов эскроу с остатком,5,18,active,1783,2024-11-01,2026-07-01,lagging
243,osse,Остатки средств на счетах эскроу,5,11,active,3400,2022-01-01,2026-07-01,lagging
244,ssk,Средневзвешенная ставка по кредитам,5,12,active,4165,2022-01-01,2026-01-01,lagging
245,sdkd,Сумма действующих кредитных договоров,5,11,active,4649,2022-01-01,2026-07-01,lagging
246,ssrse,Сумма средств с раскрытых счетов эскроу,5,11,active,510,2026-02-01,2026-07-01,lagging
247,deb_3,debt,5,18,active,7290,2019-02-01,2026-07-01,lagging
248,zyli,Задолженность юридических лиц (в инвалюте),5,11,active,7920,2019-02-01,2026-07-01,lagging
249,zylr,Задолженность юридических лиц (в рублях),5,11,active,7920,2019-02-01,2026-07-01,lagging
250,zylpi,Задолженность юридических лиц (в т.ч. просроч. итого),5,11,active,7920,2019-02-01,2026-07-01,lagging
251,zylpr,Задолженность юридических лиц (в т.ч. просроч. в рублях),5,11,active,7920,2019-02-01,2026-07-01,lagging
252,zylpi_2,Задолженность юридических лиц (в т.ч. просроч. в инвалюте),5,11,active,7920,2019-02-01,2026-07-01,lagging
253,zyli_2,Задолженность юридических лиц (итого),5,11,active,7920,2019-02-01,2026-07-01,lagging
254,zyi,Задолженность юрлицам и ИП,5,11,active,8008,2019-02-01,2026-08-01,fresh
255,nkyli,Новые кредиты юридическим лицам (в инвалюте),5,11,active,7920,2019-01-01,2026-06-01,lagging
256,nkylr,Новые кредиты юридическим лицам (в рублях),5,11,active,7920,2019-01-01,2026-06-01,lagging
257,nkyli_2,Новые кредиты юридическим лицам (итого),5,11,active,7920,2019-01-01,2026-06-01,lagging
258,nkyi,Новые кредиты юрлицам и ИП,5,11,active,8008,2019-01-01,2026-07-01,lagging
259,y477030001,Благоустройство жилищного фонда,3,12,active,1344,2021-01-01,2024-01-01,fresh
260,y477030002,Благоустройство жилищного фонда в городских поселениях,3,12,active,1344,2021-01-01,2024-01-01,fresh
261,y477030003,Благоустройство жилищного фонда в сельской местности,3,12,active,1302,2021-01-01,2024-01-01,fresh
262,y477030004,Ввод в действие водопроводных сетей,3,18,active,864,2015-01-01,2024-01-01,fresh
263,y477030005,Ввод в действие газовых сетей,3,18,active,576,2015-01-01,2021-01-01,stale
264,y477030006,Ввод в действие жилых домов,3,40,active,864,2015-01-01,2024-01-01,fresh
265,y477030007,Ввод в действие жилых домов на 1000 человек населения,3,40,active,864,2015-01-01,2024-01-01,fresh
266,y477030008,"Ввод в действие индивидуальных жилых домов, построенных населением за счет собственных и привлеченных средств",3,40,active,864,2015-01-01,2024-01-01,fresh
267,y477030009,Ввод в действие канализационных сетей,3,18,active,864,2015-01-01,2024-01-01,fresh
268,y477030010,Ввод в действие распределительных газопроводов,3,18,active,576,2015-01-01,2024-01-01,fresh
269,y477030011,Ввод в действие тепловых сетей,3,18,active,864,2015-01-01,2024-01-01,fresh
270,y477030012,Городской жилищный фонд,3,40,active,864,2015-01-01,2024-01-01,fresh
271,y477030013,"Городской жилищный фонд, находящийся в собственности граждан",3,40,active,864,2015-01-01,2024-01-01,fresh
272,y477030014,Государственный жилищный фонд,3,40,active,864,2015-01-01,2024-01-01,fresh
273,y477030015,Дорожное хозяйство городов и поселков городского типа,3,18,active,2592,2015-01-01,2024-01-01,fresh
274,y477030016,Жилищный фонд,3,40,active,864,2015-01-01,2024-01-01,fresh
275,y477030017,"Жилищный фонд, находящийся в собственности граждан",3,40,active,576,2015-01-01,2021-01-01,stale
276,y477030018,"Жилищный фонд, находящийся в частной собственности граждан",3,40,active,576,2015-01-01,2024-01-01,fresh
277,y477030019,"Задолженность по жилищным кредитам в иностранной валюте, предоставленным кредитными организациями физическим лицам",3,11,active,960,2015-01-01,2025-01-01,fresh
278,y477030020,"Задолженность по жилищным кредитам в рублях, предоставленным кредитными организациями физическим лицам",3,11,active,960,2015-01-01,2025-01-01,fresh
279,y477030021,"Задолженность по ипотечным жилищным кредитам в иностранной валюте, предоставленным кредитными организациями физическим л",3,11,active,960,2015-01-01,2025-01-01,fresh
280,y477030022,"Задолженность по ипотечным жилищным кредитам в рублях, предоставленным кредитными организациями физическим лицам",3,11,active,960,2015-01-01,2025-01-01,fresh
281,y477030023,Заменено водопроводных сетей,3,18,active,960,2021-01-01,2024-01-01,fresh
282,y477030024,Заменено канализационных сетей,3,18,active,960,2021-01-01,2024-01-01,fresh
283,y477030025,Заменено тепловых и паровых сетей в двухтрубном исчислении,3,18,active,576,2021-01-01,2024-01-01,fresh
284,y477030026,Зеленые массивы и насаждения в городах,3,18,active,1728,2015-01-01,2024-01-01,fresh
285,y477030027,Инвестиции в жилые здания и помещения,3,11,active,864,2015-01-01,2024-01-01,fresh
286,y477030028,"Инвестиции в основной капитал, направленные на развитие видов экономической деятельности, относящихся к коммунальному хо",3,11,active,960,2021-01-01,2024-01-01,fresh
287,y477030031,Индексы цен на первичном и вторичном рынках жилья,3,12,active,1722,2015-01-01,2024-01-01,fresh
288,y477030032,Муниципальный жилищный фонд,3,40,active,864,2015-01-01,2024-01-01,fresh
289,y477030033,"Наличие основных фондов организаций по видам экономической деятельности, относящихся к жилищно-коммунальному хозяйству и",3,11,active,1536,2021-01-01,2024-01-01,fresh
290,y477030034,"Общая площадь жилых помещений, приходящаяся в среднем на одного жителя",3,40,active,864,2015-01-01,2024-01-01,fresh
291,y477030035,"Общая площадь жилых помещений, приходящаяся в среднем на одного жителя в городских поселениях",3,40,active,864,2015-01-01,2024-01-01,fresh
292,y477030036,"Общая площадь жилых помещений, приходящаяся в среднем на одного жителя в сельской местности",3,40,active,837,2015-01-01,2024-01-01,fresh
293,y477030039,Одиночное протяжение уличных водопроводных сетей,3,18,active,864,2015-01-01,2024-01-01,fresh
294,y477030040,Одиночное протяжение уличных канализационных сетей,3,18,active,864,2015-01-01,2024-01-01,fresh
295,y477030041,Потери тепла в сетях,3,12,active,864,2015-01-01,2024-01-01,fresh
296,y477030043,"Предоставление детям-сиротам и детям, оставшимся без попечения родителей, жилых помещений",3,17,active,864,2015-01-01,2024-01-01,fresh
297,y477030044,Протяженность тепловых и паровых сетей в двухтрубном исчислении,3,18,active,864,2015-01-01,2024-01-01,fresh
298,y477030045,Распределение жилищного фонда по формам собственности,3,12,active,768,2021-01-01,2024-01-01,fresh
299,y477030046,Распределение общей площади жилых помещений по годам постройки,3,40,active,960,2021-01-01,2024-01-01,fresh
300,y477030047,Распределение общей площади жилых помещений по материалу стен,3,40,active,1536,2021-01-01,2024-01-01,fresh
301,y477030048,Распределение общей площади жилых помещений по проценту износа,3,40,active,768,2021-01-01,2024-01-01,fresh
303,y477030049,Распределение числа домов блокированной застройки по годам постройки,3,17,active,960,2021-01-01,2024-01-01,fresh
305,y477030050,Распределение числа домов блокированной застройки по материалу стен,3,17,active,1536,2021-01-01,2024-01-01,fresh
307,y477030051,Распределение числа домов блокированной застройки по проценту износа,3,12,active,768,2021-01-01,2024-01-01,fresh
309,y477030052,Распределение числа жилых домов (индивидуально-определенных зданий) по годам постройки,3,12,active,960,2021-01-01,2024-01-01,fresh
311,y477030053,Распределение числа жилых домов (индивидуально-определенных зданий) по материалу стен,3,12,active,1536,2021-01-01,2024-01-01,fresh
313,y477030054,Распределение числа жилых домов (индивидуально-определенных зданий) по проценту износа,3,12,active,768,2021-01-01,2024-01-01,fresh
315,y477030055,Распределение числа многоквартирных домов по годам постройки,3,12,active,960,2021-01-01,2024-01-01,fresh
317,y477030056,Распределение числа многоквартирных домов по материалу стен,3,12,active,1536,2021-01-01,2024-01-01,fresh
319,y477030057,Распределение числа многоквартирных домов по проценту износа,3,12,active,768,2021-01-01,2024-01-01,fresh
321,y477030058,Расходы консолидированных бюджетов субъектов Российской Федерации на жилищно-коммунальное хозяйство,3,10,active,846,2015-01-01,2024-01-01,fresh
322,y477030060,Сельский жилищный фонд,3,40,active,837,2015-01-01,2024-01-01,fresh
323,y477030061,"Сельский жилищный фонд, находящийся в собственности граждан",3,40,active,837,2015-01-01,2024-01-01,fresh
324,y477030062,Средние цены 1 кв. метра общей площади квартир среднего качества (типовых) на первичном и вторичном рынках жилья,3,40,active,1728,2015-01-01,2024-01-01,fresh
325,y477030063,Средние цены 1 кв. метра общей площади элитных квартир на первичном и вторичном рынках жилья,3,40,active,1728,2015-01-01,2024-01-01,fresh
326,y477030064,Средние цены на первичном и вторичном рынках жилья,3,40,active,1728,2015-01-01,2024-01-01,fresh
327,y477030065,Степень износа основных фондов организаций на конец года,3,12,active,1536,2021-01-01,2024-01-01,fresh
328,y477030067,Удельный вес введенной общей площади жилых домов по отношению к общей площади жилищного фонда,3,12,active,864,2015-01-01,2024-01-01,fresh
329,y477030069,"Удельный вес приватизированных жилых помещений (с начала приватизации) в общем числе жилых помещений, подлежащих привати",3,12,active,864,2015-01-01,2024-01-01,fresh
330,y477030071,Уличное освещение городов и поселков городского типа,3,18,active,1728,2015-01-01,2024-01-01,fresh
331,y477030072,"Финансовые результаты деятельности организаций, осуществляющих деятельность по управлению эксплуатацией жилого фонда за ",3,18,active,1152,2021-01-01,2024-01-01,fresh
332,y477030073,Частный жилищный фонд,3,40,active,864,2015-01-01,2024-01-01,fresh
333,y477030074,Число зарегистрированных прав граждан и юридических лиц на жилые помещения на основании договоров купли-продажи,3,17,active,768,2021-01-01,2024-01-01,fresh
334,y477030079,Число централизованных систем водоотведения (канализации),3,17,active,2592,2015-01-01,2024-01-01,fresh
335,y477030080,Число централизованных систем водоснабжения,3,17,active,2592,2015-01-01,2024-01-01,fresh
336,y477050014,Видовая структура инвестиций в основной капитал,3,12,active,8448,2005-01-01,2024-01-01,fresh
337,y477050015,Инвестиции в основной капитал,3,11,active,1920,2005-01-01,2024-01-01,fresh
338,y477050016,Инвестиции в основной капитал по видам экономической деятельности,3,11,active,3648,2022-01-01,2024-01-01,fresh
339,y477050017,Инвестиции в основной капитал по направлениям,3,12,active,7488,2012-01-01,2024-01-01,fresh
340,y477050018,Индексы физического объема инвестиций в основной капитал,3,12,active,1920,2005-01-01,2024-01-01,fresh
341,y477050019,"Общая стоимость договоров финансового лизинга заключенных организациями, осуществляющими деятельность в сфере финансовог",3,11,active,6912,2011-01-01,2022-01-01,stale
342,y477050020,Распределение инвестиций в основной капитал по отдельными формам собственности,3,12,active,8736,2012-01-01,2024-01-01,fresh
343,y477050021,Сведения о распределении договоров финансового лизинга по местонахождению лизингополучателей,3,11,active,5856,2012-01-01,2022-01-01,stale
344,y477050022,Структура инвестиций в основной капитал по видам экономической деятельности,3,12,active,3648,2022-01-01,2024-01-01,fresh
345,y477110014,"Ввод в действие жилых домов, построенных жилищно-строительными кооперативами",3,40,active,2304,2001-01-01,2024-01-01,fresh
346,y477110015,"Ввод в действие жилых домов, построенных населением за счет собственных и привлеченных средств",3,40,active,2304,2001-01-01,2024-01-01,fresh
347,y477110016,Ввод в действие жилых домов: Всего,3,40,active,2304,2001-01-01,2024-01-01,fresh
348,y477110017,Ввод в действие жилых домов: На 1000 человек населения,3,40,active,2304,2001-01-01,2024-01-01,fresh
349,y477110018,Ввод в действие зданий жилого и нежилого назначения: Общая площадь зданий,3,40,active,2304,2001-01-01,2024-01-01,fresh
350,y477110019,Ввод в действие зданий жилого и нежилого назначения: Общий строительный объем зданий,3,18,active,2112,2001-01-01,2022-01-01,stale
351,y477110020,Ввод в действие зданий жилого и нежилого назначения: Число зданий,3,17,active,2304,2001-01-01,2024-01-01,fresh
352,y477110021,Ввод в действие квартир: Всего,3,18,active,2304,2001-01-01,2024-01-01,fresh
353,y477110022,Ввод в действие квартир: На 1000 человек населения,3,36,active,2304,2001-01-01,2024-01-01,fresh
354,y477110023,Ввод в действие мощностей амбулаторно-поликлинических организаций: Всего,3,18,active,2304,2001-01-01,2024-01-01,fresh
355,y477110024,Ввод в действие мощностей амбулаторно-поликлинических организаций: На 100000 человек населения,3,36,active,2304,2001-01-01,2024-01-01,fresh
356,y477110025,Ввод в действие мощностей больничных организаций: Всего,3,18,active,2304,2001-01-01,2024-01-01,fresh
357,y477110026,Ввод в действие мощностей больничных организаций: На 100000 человек населения,3,36,active,2304,2001-01-01,2024-01-01,fresh
358,y477110027,Ввод в действие мощностей общеобразовательных и дошкольных образовательных организаций: Ввод в действие мощностей дошкол,3,18,active,2304,2001-01-01,2024-01-01,fresh
359,y477110028,Ввод в действие мощностей общеобразовательных организаций: Ввод в действие мощностей общеобразовательных организаций,3,18,active,2304,2001-01-01,2024-01-01,fresh
360,y477110075,"Жилые дома, находящиеся в незавершенном строительстве",3,18,active,4608,2001-01-01,2024-01-01,fresh
361,y477110107,Инвестиции в основной капитал,3,11,active,2304,2001-01-01,2024-01-01,fresh
362,y477110108,Инвестиции в основной капитал на душу населения,3,38,active,2304,2001-01-01,2024-01-01,fresh
363,y477110110,Индекс физического объема инвестиций в основной капитал,3,12,active,2304,2001-01-01,2024-01-01,fresh
364,y477110111,Индексы потребительских цен,3,12,active,2304,2001-01-01,2024-01-01,fresh
365,y477110112,Индексы потребительских цен (тарифов) на услуги,3,12,active,2304,2001-01-01,2024-01-01,fresh
366,y477110113,Индексы потребительских цен на непродовольственные товары,3,12,active,2304,2001-01-01,2024-01-01,fresh
367,y477110114,Индексы потребительских цен на продовольственные товары,3,12,active,2304,2001-01-01,2024-01-01,fresh
368,y477110127,Индексы тарифов на грузовые перевозки,3,12,active,2304,2001-01-01,2024-01-01,fresh
369,y477110129,Индексы цен на вторичном рынке жилья,3,12,active,2304,2001-01-01,2024-01-01,fresh
370,y477110130,Индексы цен на первичном рынке жилья,3,12,active,2304,2001-01-01,2024-01-01,fresh
371,y477110131,Индексы цен производителей на строительную продукцию,3,12,active,2304,2001-01-01,2024-01-01,fresh
372,y477110132,"Индексы цен производителей промышленных товаров по видам экономической деятельности: Водоснабжение, водоотведение, орган",3,12,active,864,2016-01-01,2024-01-01,fresh
373,y477110133,Индексы цен производителей промышленных товаров по видам экономической деятельности: Добыча полезных ископаемых в соотве,3,12,active,1440,2001-01-01,2016-01-01,stale
374,y477110134,Индексы цен производителей промышленных товаров по видам экономической деятельности: Добыча полезных ископаемых в соотве,3,12,active,1152,2013-01-01,2024-01-01,fresh
375,y477110135,Индексы цен производителей промышленных товаров по видам экономической деятельности: Индексы цен производителей промышле,3,12,active,1536,2001-01-01,2016-01-01,stale
376,y477110136,Индексы цен производителей промышленных товаров по видам экономической деятельности: Индексы цен производителей промышле,3,12,active,1152,2013-01-01,2024-01-01,fresh
377,y477110137,"Индексы цен производителей промышленных товаров по видам экономической деятельности: Обеспечение электрической энергией,",3,12,active,1152,2013-01-01,2024-01-01,fresh
378,y477110138,Индексы цен производителей промышленных товаров по видам экономической деятельности: Обрабатывающие производства в соотв,3,12,active,1440,2001-01-01,2016-01-01,stale
379,y477110139,Индексы цен производителей промышленных товаров по видам экономической деятельности: Обрабатывающие производства в соотв,3,12,active,1152,2013-01-01,2024-01-01,fresh
380,y477110140,Индексы цен производителей промышленных товаров по видам экономической деятельности: Производство и распределение электр,3,12,active,1440,2001-01-01,2016-01-01,stale
381,y477110141,Индексы цен производителей сельскохозяйственной продукции и приобретения товаров и услуг сельскохозяйственными организац,3,12,active,2280,2001-01-01,2024-01-01,fresh
382,y477110142,Индексы цен производителей сельскохозяйственной продукции и приобретения товаров и услуг сельскохозяйственными организац,3,12,active,2280,2001-01-01,2024-01-01,fresh
383,y477110251,"Объем работ, выполненных по виду экономической деятельности строительство",3,11,active,2304,2001-01-01,2024-01-01,fresh
384,y477110311,Поступление прямых иностранных инвестиций в российскую федерацию: Изъято,3,18,active,1056,2011-01-01,2021-01-01,stale
385,y477110312,Поступление прямых иностранных инвестиций в российскую федерацию: Поступило,3,18,active,1056,2011-01-01,2021-01-01,stale
386,y477110313,Поступление прямых иностранных инвестиций в российскую федерацию: Сальдо,3,18,active,1056,2011-01-01,2021-01-01,stale
387,y477110379,Средние цены на вторичном рынке жилья,3,40,active,2304,2001-01-01,2024-01-01,fresh
388,y477110380,Средние цены на первичном рынке жилья,3,40,active,2304,2001-01-01,2024-01-01,fresh
389,y477110392,Стоимость условного (минимального) набора продуктов питания: Изменение стоимости минимального набора,3,12,active,2304,2001-01-01,2024-01-01,fresh
390,y477110393,Стоимость условного (минимального) набора продуктов питания: Стоимость минимального набора,3,12,active,4608,2001-01-01,2024-01-01,fresh
392,y477110394,Стоимость фиксированного набора потребительских товаров и услуг: Изменение стоимости фиксированного набора,3,12,active,2304,2001-01-01,2024-01-01,fresh
393,y477110395,Стоимость фиксированного набора потребительских товаров и услуг: Стоимость фиксированного набора,3,12,active,4608,2001-01-01,2024-01-01,fresh
395,y477110409,"Удельный вес жилых домов, построенных населением за счет собственных и привлеченных средств, в общем вводе жилья",3,12,active,2304,2001-01-01,2024-01-01,fresh
396,y477110495,"Число зданий и сооружений, находящихся в незавершенном строительстве",3,17,active,2304,2001-01-01,2024-01-01,fresh
397,y477130006,"Жилые помещения, купленные семьями, состоящими на учете в качестве нуждающихся в жилых помещениях",3,18,active,2304,2021-01-01,2024-01-01,fresh
398,y477130016,"Общая площадь жилых помещений, приходящаяся в среднем на одного жителя",3,40,active,768,2017-01-01,2024-01-01,fresh
399,y477130030,Распределение жилищного фонда по формам собственности,3,12,active,1536,2021-01-01,2024-01-01,fresh
400,y477130045,Средние цены и индексы цен на рынке жилья,3,30,active,1536,2021-01-01,2024-01-01,fresh
401,y477130052,Улучшение жилищных условий населения,3,18,active,1536,2021-01-01,2024-01-01,fresh
402,y477130054,Установленный уровень возмещения населением затрат по предоставлению жилищно-коммунальных услуг,3,12,active,3840,2021-01-01,2024-01-01,fresh
403,y477140002,Ввод в действие водопроводных сетей,3,18,active,1440,2005-01-01,2023-01-01,stale
404,y477140003,Ввод в действие газовых сетей,3,18,active,1335,2005-01-01,2023-01-01,stale
405,y477140004,Ввод в действие жилых домов,3,40,active,1440,2005-01-01,2023-01-01,stale
406,y477140005,Ввод в действие жилых домов в сельской местности,3,40,active,1410,2005-01-01,2023-01-01,stale
407,y477140006,Ввод в действие жилых домов и объектов социального назначения,3,18,active,1152,2021-01-01,2023-01-01,stale
408,y477140007,"Ввод в действие жилых домов, построенных населением",3,40,active,1440,2005-01-01,2023-01-01,stale
409,y477140008,"Ввод в действие жилых домов, построенных населением в сельской местности",3,40,active,1410,2005-01-01,2023-01-01,stale
410,y477140010,Ввод в действие канализационных сетей,3,18,active,1440,2005-01-01,2023-01-01,stale
411,y477140011,Ввод в действие мощностей амбулаторно-поликлинических организаций,3,18,active,1440,2005-01-01,2023-01-01,stale
412,y477140012,Ввод в действие мощностей амбулаторно-поликлинических организаций в сельской местности,3,18,active,1410,2005-01-01,2023-01-01,stale
413,y477140013,Ввод в действие мощностей больничных организаций,3,18,active,1440,2005-01-01,2023-01-01,stale
414,y477140014,Ввод в действие мощностей больничных организаций в сельской местности,3,18,active,1125,2005-01-01,2023-01-01,stale
415,y477140015,Ввод в действие мощностей дошкольных образовательных организаций,3,18,active,1440,2005-01-01,2023-01-01,stale
416,y477140016,Ввод в действие мощностей дошкольных образовательных организаций в сельской местности,3,18,active,1380,2005-01-01,2023-01-01,stale
417,y477140017,Ввод в действие мощностей общеобразовательных организаций,3,18,active,1440,2005-01-01,2023-01-01,stale
418,y477140018,Ввод в действие мощностей общеобразовательных организаций в сельской местности,3,18,active,1395,2005-01-01,2023-01-01,stale
419,y477140019,Ввод в действие объектов по охране материнства и детства и социальной защите взрослых и детей,3,18,active,192,2021-01-01,2023-01-01,stale
420,y477140020,Ввод в действие тепловых сетей,3,18,active,1395,2005-01-01,2023-01-01,stale
421,y477140021,Затраты на производство работ по виду экономической деятельности строительство,3,38,active,1440,2005-01-01,2023-01-01,stale
422,y477140024,Индекс предпринимательской уверенности в строительстве,3,12,active,1365,2005-01-01,2023-01-01,stale
423,y477140026,"Индексы цен на продукцию (затраты, услуги) инвестиционного назначения",3,12,active,2880,2005-01-01,2023-01-01,stale
424,y477140027,Наличие и состав парка основных строительных машин в строительных организациях: (без субъектов малого предпринимательств,3,18,active,1536,2021-01-01,2023-01-01,stale
425,y477140028,Наличие основных фондов в организациях основного вида экономической деятельности строительство,3,18,active,576,2021-01-01,2023-01-01,stale
426,y477140029,"Объем работ, выполненных по виду экономической деятельности строительство",3,11,active,1440,2005-01-01,2023-01-01,stale
427,y477140030,"Производство блоков и прочих изделий сборных строительных для зданий и сооружений из цемента, бетона или искусственного ",3,18,active,72,2016-01-01,2023-01-01,stale
428,y477140031,Производство блоков стеновых силикатных,3,18,active,72,2016-01-01,2023-01-01,stale
429,y477140032,"Производство изделий аналогичных из цемента, бетона или искусственного камня",3,18,active,72,2016-01-01,2023-01-01,stale
430,y477140033,Производство кирпича керамического неогнеупорного строительного,3,18,active,72,2016-01-01,2023-01-01,stale
431,y477140034,Производство листов асбестоцементных (шифера),3,17,active,28,2016-01-01,2019-01-01,stale
432,y477140035,Производство листов хризотилцементных волнистых (шифера),3,18,active,28,2020-01-01,2023-01-01,stale
433,y477140036,Производство листов хризотилцементных плоских различного назначения,3,18,active,28,2020-01-01,2023-01-01,stale
434,y477140037,Производство материалов рулонных кровельных и гидроизоляционных,3,40,active,72,2016-01-01,2023-01-01,stale
435,y477140038,Производство пиломатериалов лиственных пород,3,18,active,72,2016-01-01,2023-01-01,stale
436,y477140039,Производство пиломатериалов хвойных пород,3,18,active,72,2016-01-01,2023-01-01,stale
437,y477140040,"Производство портландцемента, цемента глиноземистого, цемента шлакового и аналогичных гидравлических цементов",3,18,active,72,2016-01-01,2023-01-01,stale
438,y477140041,"Производство стекла листового литого, прокатного, тянутого или выдувного, но не обработанного другим способом",3,40,active,56,2016-01-01,2023-01-01,stale
439,y477140042,"Производство стекла листового термически полированного и стекла листового с матовой или полированной поверхностью, но не",3,40,active,72,2016-01-01,2023-01-01,stale
440,y477140043,"Распределение объема работ, выполненных по виду экономической деятельности строительство, по отдельным формам собственно",3,12,active,4320,2005-01-01,2023-01-01,stale
441,y477140044,"Среднегодовая численность работников организаций, занятых в строительстве",3,36,active,1440,2005-01-01,2023-01-01,stale
442,y477140045,Средние цены на первичном и вторичном рынках жилья,3,40,active,2880,2005-01-01,2023-01-01,stale
443,y477140046,Средние цены по типам квартир на вторичном рынке жилья,3,40,active,960,2021-01-01,2023-01-01,stale
444,y477140047,Средние цены по типам квартир на первичном рынке жилья,3,40,active,768,2021-01-01,2023-01-01,stale
445,y477140048,Средняя начисленная заработная плата работников строительных организаций по категориям персонала,3,38,active,960,2021-01-01,2023-01-01,stale
446,y477140049,Структура затрат на производство работ по виду экономической деятельности строительство,3,12,active,7008,2005-01-01,2023-01-01,stale
447,y477190003,Индексы цен (тарифов) на товары и услуги: Индексы потребительских цен,3,12,active,576,2018-01-01,2023-01-01,stale
448,y477190006,Индексы цен на продукцию инвестиционного назначения,3,12,active,1152,2018-01-01,2023-01-01,stale
449,y477190007,Индексы цен на рынке жилья: Индексы цен на вторичном рынке жилья,3,12,active,576,2018-01-01,2023-01-01,stale
450,y477190008,Индексы цен на рынке жилья: Индексы цен на первичном рынке жилья,3,12,active,576,2018-01-01,2023-01-01,stale
451,y477190012,Средние потребительские цены (тарифы) на товары и услуги: Покупательная способность среднедушевых денежных доходов насел,3,18,active,1536,2020-01-01,2020-01-01,stale
452,y477190013,Средние потребительские цены (тарифы) на товары и услуги: Соотношение стоимости условного (минимального) набора продукто,3,18,active,768,2018-01-01,2021-01-01,stale
453,y477190014,Средние потребительские цены (тарифы) на товары и услуги: Стоимость и изменение стоимости фиксированного набора потребит,3,18,active,1152,2018-01-01,2021-01-01,stale
454,y477190015,Средние цены на рынке жилья: Средние цены на вторичном рынке жилья,3,40,active,576,2018-01-01,2023-01-01,stale
455,y477190016,Средние цены на рынке жилья: Средние цены на первичном рынке жилья,3,40,active,576,2018-01-01,2023-01-01,stale
456,y477190017,Средние цены на рынке жилья: Стоимость 1 кв. метра модельного жилья на первичном рынке,3,15,active,376,2018-01-01,2021-01-01,stale
457,y477190018,Стоимость наборов потребительских товаров и услуг: Покупательная способность среднедушевых денежных доходов населения по,3,11,active,1536,2022-01-01,2022-01-01,stale
458,y477190019,Стоимость наборов потребительских товаров и услуг: Соотношение стоимости условного (минимального) набора продуктов питан,3,11,active,768,2020-01-01,2023-01-01,stale
459,y477190020,Стоимость наборов потребительских товаров и услуг: Стоимость и изменение стоимости фиксированного набора потребительских,3,11,active,1152,2020-01-01,2023-01-01,stale
471,cvo,construction_volume,5,10,active,7,2026-01-01,2026-07-01,lagging
472,hiic,housing_input_individual_cumulative,5,40,active,1614,2025-02-01,2026-07-01,lagging
473,hiim,housing_input_individual_monthly,5,40,active,1609,2025-02-01,2026-07-01,lagging
474,hir,housing_input_rf,5,40,active,7,2026-01-01,2026-07-01,lagging
475,hitc,housing_input_total_cumulative,5,40,active,1801,2025-01-01,2026-07-01,lagging
476,hitm,housing_input_total_monthly,5,40,active,1798,2025-01-01,2026-07-01,lagging
479,ksddrk,"Количество сделок (ДКП и ДДУ), регион, квартал",6,17,active,840,2024-01-01,2026-04-01,fresh
482,iokmrrk,"Инвестиции в основной капитал, млн руб., регион, квартал",6,11,active,2400,2020-01-01,2026-01-01,fresh
711,mals,mortgage_avg_loan_size,5,11,active,1222,2025-06-01,2026-06-01,lagging
712,mdals,mortgage_ddu_avg_loan_size,5,11,active,1222,2025-06-01,2026-06-01,lagging
713,mdd,mortgage_ddu_debt,5,11,active,1222,2025-07-01,2026-07-01,lagging
714,mdlc,mortgage_ddu_loans_count,5,18,active,1222,2025-06-01,2026-06-01,lagging
715,mdlv,mortgage_ddu_loans_volume,5,11,active,1222,2025-06-01,2026-06-01,lagging
716,mdod,mortgage_ddu_overdue_debt,5,11,active,1222,2025-07-01,2026-07-01,lagging
717,mdr,mortgage_ddu_rate,5,12,active,1222,2025-06-01,2026-06-01,lagging
718,mdo,mortgage_debt,5,11,active,1222,2025-07-01,2026-07-01,lagging
719,mds,mortgage_debt_share,5,12,active,1222,2025-07-01,2026-07-01,lagging
720,milc,mortgage_ijs_loans_count,5,18,active,1222,2025-06-01,2026-06-01,lagging
721,milv,mortgage_ijs_loans_volume,5,11,active,1222,2025-06-01,2026-06-01,lagging
722,mir,mortgage_ijs_rate,5,12,active,1217,2025-06-01,2026-06-01,lagging
723,mlc,mortgage_loans_count,5,18,active,1222,2025-06-01,2026-06-01,lagging
724,mlv,mortgage_loans_volume,5,11,active,1222,2025-06-01,2026-06-01,lagging
725,mndr,mortgage_non_ddu_rate,5,12,active,1222,2025-06-01,2026-06-01,lagging
726,mod,mortgage_overdue_debt,5,11,active,1222,2025-07-01,2026-07-01,lagging
727,mro,mortgage_rate,5,12,active,1222,2025-06-01,2026-06-01,lagging
728,msil,mortgage_share_in_loans,5,12,active,1222,2025-06-01,2026-06-01,lagging
729,vhdf,vfs_housing_debt_fx,5,11,active,6446,2019-02-01,2026-07-01,lagging
730,vhdr,vfs_housing_debt_rub,5,11,active,8640,2019-02-01,2026-07-01,lagging
731,vhdt,vfs_housing_debt_total,5,11,active,8640,2019-02-01,2026-07-01,lagging
732,vhlcf,vfs_housing_loans_count_fx,5,18,active,106,2019-02-01,2025-02-01,lagging
733,vhlcr,vfs_housing_loans_count_rub,5,18,active,8640,2019-01-01,2026-06-01,lagging
734,vhlct,vfs_housing_loans_count_total,5,18,active,8640,2019-01-01,2026-06-01,lagging
735,vhlvf,vfs_housing_loans_volume_fx,5,11,active,103,2019-02-01,2025-02-01,lagging
736,vhlvr,vfs_housing_loans_volume_rub,5,11,active,8640,2019-01-01,2026-06-01,lagging
737,vhlvt,vfs_housing_loans_volume_total,5,11,active,8640,2019-01-01,2026-06-01,lagging
738,vhodf,vfs_housing_overdue_debt_fx,5,11,active,4904,2019-02-01,2026-07-01,lagging
739,vhodr,vfs_housing_overdue_debt_rub,5,11,active,8640,2019-02-01,2026-07-01,lagging
740,vhodt,vfs_housing_overdue_debt_total,5,11,active,8640,2019-02-01,2026-07-01,lagging
741,vhrf,vfs_housing_rate_fx,5,12,active,106,2019-02-01,2025-02-01,lagging
742,vhrr,vfs_housing_rate_rub,5,12,active,8640,2019-01-01,2026-06-01,lagging
743,vhtf,vfs_housing_term_fx,5,18,active,106,2019-02-01,2025-02-01,lagging
744,vhtr,vfs_housing_term_rub,5,18,active,8640,2019-01-01,2026-06-01,lagging
745,vicar,vfs_ihc_count_acquire_rub,5,18,active,2880,2024-01-01,2026-06-01,lagging
746,vicat,vfs_ihc_count_acquire_total,5,18,active,2880,2024-01-01,2026-06-01,lagging
747,viccr,vfs_ihc_count_create_rub,5,18,active,2880,2024-01-01,2026-06-01,lagging
748,vicct,vfs_ihc_count_create_total,5,18,active,2880,2024-01-01,2026-06-01,lagging
749,victr,vfs_ihc_count_total_rub,5,18,active,2880,2024-01-01,2026-06-01,lagging
750,victt,vfs_ihc_count_total_total,5,18,active,2880,2024-01-01,2026-06-01,lagging
751,virar,vfs_ihc_rate_acquire_rub,5,12,active,2880,2024-01-01,2026-06-01,lagging
752,vircr,vfs_ihc_rate_create_rub,5,12,active,2880,2024-01-01,2026-06-01,lagging
753,virtr,vfs_ihc_rate_total_rub,5,12,active,2880,2024-01-01,2026-06-01,lagging
754,visar,vfs_ihc_share_acquire_rub,5,12,active,2880,2024-01-01,2026-06-01,lagging
755,visat,vfs_ihc_share_acquire_total,5,12,active,2880,2024-01-01,2026-06-01,lagging
756,viscr,vfs_ihc_share_create_rub,5,12,active,2880,2024-01-01,2026-06-01,lagging
757,visct,vfs_ihc_share_create_total,5,12,active,2880,2024-01-01,2026-06-01,lagging
758,vistr,vfs_ihc_share_total_rub,5,12,active,2880,2024-01-01,2026-06-01,lagging
759,vistt,vfs_ihc_share_total_total,5,12,active,2880,2024-01-01,2026-06-01,lagging
760,vitar,vfs_ihc_term_acquire_rub,5,18,active,2880,2024-01-01,2026-06-01,lagging
761,vitcr,vfs_ihc_term_create_rub,5,18,active,2880,2024-01-01,2026-06-01,lagging
762,vittr,vfs_ihc_term_total_rub,5,18,active,2880,2024-01-01,2026-06-01,lagging
763,vivar,vfs_ihc_volume_acquire_rub,5,11,active,2880,2024-01-01,2026-06-01,lagging
764,vivat,vfs_ihc_volume_acquire_total,5,11,active,2880,2024-01-01,2026-06-01,lagging
765,vivcr,vfs_ihc_volume_create_rub,5,11,active,2880,2024-01-01,2026-06-01,lagging
766,vivct,vfs_ihc_volume_create_total,5,11,active,2880,2024-01-01,2026-06-01,lagging
767,vivtr,vfs_ihc_volume_total_rub,5,11,active,2880,2024-01-01,2026-06-01,lagging
768,vivtt,vfs_ihc_volume_total_total,5,11,active,2880,2024-01-01,2026-06-01,lagging
769,vmd,vfs_mortgage_debt,5,11,active,8640,2019-02-01,2026-07-01,lagging
770,vmnl,vfs_mortgage_new_loans,5,11,active,8640,2019-01-01,2026-06-01,lagging
771,vmod,vfs_mortgage_overdue_debt,5,11,active,8640,2019-02-01,2026-07-01,lagging
772,vscf,vfs_scpa_count_fx,5,18,active,6,2021-06-01,2021-10-01,stale
773,vscr,vfs_scpa_count_rub,5,18,active,8640,2019-01-01,2026-06-01,lagging
774,vsct,vfs_scpa_count_total,5,18,active,8640,2019-01-01,2026-06-01,lagging
775,vsdf,vfs_scpa_debt_fx,5,11,active,1126,2019-02-01,2026-07-01,lagging
776,vsdr,vfs_scpa_debt_rub,5,11,active,8640,2019-02-01,2026-07-01,lagging
777,vsdt,vfs_scpa_debt_total,5,11,active,8640,2019-02-01,2026-07-01,lagging
778,vsdwrf,vfs_scpa_debt_with_rights_fx,5,11,active,583,2021-05-01,2026-07-01,lagging
779,vsdwrr,vfs_scpa_debt_with_rights_rub,5,11,active,6048,2021-05-01,2026-07-01,lagging
780,vsdwrt,vfs_scpa_debt_with_rights_total,5,11,active,6048,2021-05-01,2026-07-01,lagging
781,vsof,vfs_scpa_overdue_fx,5,11,active,935,2019-02-01,2026-07-01,lagging
782,vsor,vfs_scpa_overdue_rub,5,11,active,8640,2019-02-01,2026-07-01,lagging
783,vsot,vfs_scpa_overdue_total,5,11,active,8640,2019-02-01,2026-07-01,lagging
784,vsprf,vfs_scpa_purchased_rights_fx,5,11,active,189,2021-05-01,2026-07-01,lagging
785,vsprr,vfs_scpa_purchased_rights_rub,5,11,active,6048,2021-05-01,2026-07-01,lagging
786,vsprt,vfs_scpa_purchased_rights_total,5,11,active,6048,2021-05-01,2026-07-01,lagging
787,vsrf,vfs_scpa_rate_fx,5,12,active,6,2021-06-01,2021-10-01,stale
788,vsrr,vfs_scpa_rate_rub,5,12,active,8640,2019-01-01,2026-06-01,lagging
789,vstf,vfs_scpa_term_fx,5,18,active,6,2021-06-01,2021-10-01,stale
790,vstr,vfs_scpa_term_rub,5,18,active,8640,2019-01-01,2026-06-01,lagging
791,vsvf,vfs_scpa_volume_fx,5,11,active,6,2021-06-01,2021-10-01,stale
792,vsvr,vfs_scpa_volume_rub,5,11,active,8640,2019-01-01,2026-06-01,lagging
793,vsvt,vfs_scpa_volume_total,5,11,active,8640,2019-01-01,2026-06-01,lagging
812,eccs,escrow_credit_contracts_sum,5,11,active,4649,2022-01-01,2026-07-01,lagging
813,edt,escrow_disclosed_transferred,5,11,active,510,2026-02-01,2026-07-01,lagging
814,ewr,escrow_weighted_rate,5,12,active,4165,2022-01-01,2026-01-01,lagging
815,eac,escrow_accounts_count,5,18,active,4675,2022-01-01,2026-07-01,lagging
816,ecd,escrow_credit_debt,5,11,active,4493,2022-01-01,2026-07-01,lagging
817,eda,escrow_disclosed_accounts,5,18,active,1783,2024-11-01,2026-07-01,lagging
818,eccc,escrow_credit_contracts_count,5,18,active,4658,2022-01-01,2026-07-01,lagging
831,cnl,corporate_new_loans,5,11,active,21457,2019-01-01,2026-06-01,lagging
832,cod,corporate_overdue_debt,5,11,active,20574,2019-02-01,2026-07-01,lagging
833,cdo,corporate_debt,5,11,active,24214,2019-02-01,2026-07-01,lagging
1099,tkzk,"Цена 1 кв. м жилья, квартальная",6,29,active,8815,2016-01-01,2026-04-01,fresh
1100,tkzg,"Цена 1 кв. м жилья, годовая",3,29,active,2919,2000-01-01,2023-01-01,stale
1101,ucrubc,unfinished_construction_regional: unfinished_buildings_count,3,29,active,2352,2000-01-01,2024-01-01,fresh
1102,ucruhc,unfinished_construction_regional: unfinished_houses_count,3,29,active,2312,2000-01-01,2024-01-01,fresh
1103,ucruha,unfinished_construction_regional: unfinished_houses_area,3,29,active,2306,2000-01-01,2024-01-01,fresh
1104,bcrbcc,building_completions_regional: buildings_completed_count,3,29,active,2367,2000-01-01,2024-01-01,fresh
1105,ptvg,Производство: Цемент (все гидравлические),5,29,active,253,2005-01-01,2026-07-01,lagging
1106,psllp,Производство: Стекло листовое литое/полированное,5,29,active,186,2011-01-01,2025-12-01,lagging
1107,ppkgs,Производство: Плитка керамическая глазурованная (стены),5,29,active,186,2011-01-01,2025-12-01,lagging
1108,ppkp,Производство: Плитка керамическая для полов,5,29,active,186,2011-01-01,2025-12-01,lagging
1109,pkstksn,"Производство: Кирпич строительный (из цемента/керамика, стар. номенкл.)",5,29,active,72,2011-01-01,2016-12-01,stale
1110,pslkv,Производство: Шифер (листы хризотилцементные волнистые),5,29,active,186,2011-01-01,2025-12-01,lagging
1111,ptk,Производство: Трубы хризотилцементные,5,29,active,72,2011-01-01,2016-12-01,stale
1112,ptb,Производство: Товарный бетон,5,29,active,114,2017-01-01,2025-12-01,lagging
1113,pkks,Производство: Кирпич керамический строительный,5,29,active,120,2017-01-01,2025-12-01,lagging
1114,pck,Производство: Черепица кровельная,5,29,active,117,2017-01-01,2025-12-01,lagging
1115,pkt,Производство: Клинкер цементный,5,29,active,42,2020-01-01,2025-12-01,lagging
1116,pin,Производство: Известь негашеная,5,29,active,120,2017-01-01,2025-12-01,lagging
1117,pgs,Производство: Гипс строительный,5,29,active,114,2017-01-01,2025-12-01,lagging
1118,pks,Производство: Кирпич силикатный,5,29,active,42,2020-01-01,2025-12-01,lagging
1119,pbss,Производство: Блоки стеновые силикатные,5,29,active,114,2017-01-01,2025-12-01,lagging
1120,pkf,Производство: Конструкции фундаментов ж/б,5,29,active,114,2017-01-01,2025-12-01,lagging
1121,pkk,Производство: Конструкции каркаса ж/б,5,29,active,114,2017-01-01,2025-12-01,lagging
1122,ppp,Производство: Плиты перекрытий ж/б,5,29,active,114,2017-01-01,2025-12-01,lagging
1123,pags,Производство: Асфальтобетон (горячие смеси),5,29,active,120,2017-01-01,2025-12-01,lagging
1124,ptm,Производство: Теплоизоляция минеральная,5,29,active,42,2017-01-01,2025-12-01,lagging
1125,pmrk,Производство: Материалы рулонные кровельные,5,29,active,28,2021-01-01,2025-12-01,lagging
1126,snz,Среднемесячная начисленная зарплата,5,29,active,15120,2013-01-01,2026-05-01,lagging
1127,vrok,"ВДС по разделам ОКВЭД2, квартальная",6,29,active,6248,2011-01-01,2026-01-01,fresh
1128,irzp,Индекс реальной заработной платы,3,29,active,2415,2000-01-01,2025-01-01,fresh
1129,kko,Количество кредитов,5,29,active,25920,2019-02-01,2026-07-01,lagging
1130,zka,Задолженность по кредитам,5,29,active,25920,2019-02-01,2026-07-01,lagging
1131,ssk_2,Средневзвешенный срок по кредитам,5,29,active,17280,2019-02-01,2026-07-01,lagging
1132,pzk,Просроченная задолженность по кредитам,5,29,active,25920,2019-02-01,2026-07-01,lagging
1133,okb,Объем кредитов,5,29,active,25920,2019-02-01,2026-07-01,lagging
1134,sszkupkopt,Сезонно скорректированная задолженность по кредитам с учетом приобретенных кредитными организациями прав требования,5,29,active,180,2019-02-01,2026-07-01,lagging
1135,sszk,Сезонно скорректированная задолженность по кредитам,5,29,active,180,2019-02-01,2026-07-01,lagging
1136,drpotr,Доходы от реализации по прибыльным организациям (тыс. руб.),6,18,active,2630,2018-04-01,2026-01-01,fresh
1137,druotr,Доходы от реализации по убыточным организациям (тыс. руб.),6,18,active,2885,2017-01-01,2026-01-01,fresh
1141,ippsm,"Индекс промышленного производства, % к соответствующему месяцу",6,18,active,7457,2020-01-01,2026-07-01,fresh
1142,itzdr,Индекс цен на жильё ДОМ.РФ,6,18,active,5025,2021-01-01,2026-07-01,fresh
1143,itzdrpm,"Индекс цен на жильё ДОМ.РФ, % к предыдущему месяцу",6,18,active,5025,2021-01-01,2026-07-01,fresh
1144,csdr,"Число сделок, ДОМ.РФ",6,18,active,5025,2021-01-01,2026-07-01,fresh
1145,cou,count,6,18,active,1523,2000-01-01,2023-01-01,stale
1146,vol,volume,6,18,active,1427,2000-01-01,2022-01-01,stale
1147,ozszv,"Отношение запаса строящегося жилья к вводу, %",6,18,active,2372,2000-01-01,2025-01-01,lagging
1148,vztgr,"Ввод жилья, тыс. м² (годовой ряд)",6,18,active,2319,2000-01-01,2025-01-01,lagging
1149,rpe,rev_profit,6,18,active,700,2018-01-01,2025-01-01,lagging
1150,ndf,ndfl,6,18,active,170,2023-01-01,2024-01-01,lagging
1151,okv,G53_okved_F,6,18,active,759,2024-01-01,2026-04-01,fresh
1152,bci,business_confidence_index,6,18,active,82,2006-01-01,2026-04-01,fresh
1153,obl,order_book_level,6,18,active,82,2006-01-01,2026-04-01,fresh
1154,pvh,physical_volume,6,18,active,104,2006-01-01,2026-04-01,fresh
1155,emp,employment,6,18,active,164,2006-01-01,2026-04-01,fresh
1156,cua,capacity_utilization,6,18,active,82,2006-01-01,2026-04-01,fresh
1157,esc,economic_situation,6,18,active,104,2006-01-01,2026-04-01,fresh
1158,lfi,limiting_factor,6,18,active,246,2006-01-01,2026-04-01,fresh
1159,ksdrk,"Количество сделок ДКП, регион, квартал",6,18,active,854,2024-01-01,2026-04-01,fresh
1160,mtsrk,"Медианная цена сделки за м², регион, квартал",6,18,active,854,2024-01-01,2026-04-01,fresh
1161,mtdrk,"Медианная цена ДКП за м², регион, квартал",6,18,active,854,2024-01-01,2026-04-01,fresh
1162,mtdrk_2,"Медианная цена ДДУ за м², регион, квартал",6,18,active,840,2024-01-01,2026-04-01,fresh
1163,kdark,"Количество договоров аренды, регион, квартал",6,18,active,833,2024-01-01,2026-04-01,fresh
1164,msark,"Медианная ставка аренды за м², регион, квартал",6,18,active,833,2024-01-01,2026-04-01,fresh
1165,mpazrk,"Медианная площадь арендуемого жилья, регион, квартал",6,18,active,833,2024-01-01,2026-04-01,fresh
1166,pste,"Парк строительной техники, единиц",6,18,active,696,2020-01-01,2023-01-01,stale
1167,dtiss,"Доля техники с истёкшим сроком службы, %",6,18,active,662,2021-01-01,2023-01-01,stale
1168,vvp,Валовой внутренний продукт,6,18,active,61,2011-01-01,2026-01-01,fresh
1169,imp,импорт,6,18,active,44,2011-01-01,2021-10-01,stale
1170,rkp,расходы на конечное потребление,6,18,active,61,2011-01-01,2026-01-01,fresh
1171,dko,домашних хозяйств,6,18,active,61,2011-01-01,2026-01-01,fresh
1172,guo,государственного управления,6,18,active,61,2011-01-01,2026-01-01,fresh
1173,noodk,"некоммерческих организаций, обслуживающих домашние хозяйства",6,18,active,61,2011-01-01,2026-01-01,fresh
1174,vna,валовое накопление,6,18,active,61,2011-01-01,2026-01-01,fresh
1175,vnok,валовое накопление основного капитала,6,18,active,61,2011-01-01,2026-01-01,fresh
1176,eks,экспорт,6,18,active,44,2011-01-01,2021-10-01,stale
1177,vvdsotrs,ВДС Валовая добавленная стоимость в основных ценах — Раздел F / Строительс,6,18,active,61,2011-01-01,2026-01-01,fresh
1178,vvpi,Валовой внутренний продукт (ИФО),6,18,active,57,2012-01-01,2026-01-01,fresh
1179,rkpi,расходы на конечное потребление (ИФО),6,18,active,57,2012-01-01,2026-01-01,fresh
1180,dki,домашних хозяйств (ИФО),6,18,active,57,2012-01-01,2026-01-01,fresh
1181,gui,государственного управления (ИФО),6,18,active,57,2012-01-01,2026-01-01,fresh
1182,noodki,"некоммерческих организаций, обслуживающих домашние хозяйства (ИФО)",6,18,active,57,2012-01-01,2026-01-01,fresh
1183,eik,экспорт (ИФО),6,18,active,40,2012-01-01,2021-10-01,stale
1184,vni,валовое накопление (ИФО),6,18,active,57,2012-01-01,2026-01-01,fresh
1185,vnoki,валовое накопление основного капитала (ИФО),6,18,active,57,2012-01-01,2026-01-01,fresh
1186,iim,импорт (ИФО),6,18,active,40,2012-01-01,2021-10-01,stale
1187,vsii,ВДС F строительство ИФО (ИФО),6,18,active,57,2012-01-01,2026-01-01,fresh
1188,mdrev,МСФО девелоперов: revenue,6,18,active,38,2022-01-01,2026-04-01,fresh
1189,mdop,МСФО девелоперов: op_profit,6,18,active,55,2021-01-01,2026-04-01,fresh
1190,mde,МСФО девелоперов: ebitda,6,18,active,38,2022-01-01,2026-04-01,fresh
1191,mdnp,МСФО девелоперов: net_profit,6,18,active,43,2022-01-01,2026-04-01,fresh
1192,mdocf,МСФО девелоперов: ocf,6,18,active,46,2022-01-01,2026-04-01,fresh
1193,mdc,МСФО девелоперов: capex,6,18,active,45,2021-01-01,2026-04-01,fresh
1194,mda,МСФО девелоперов: assets,6,18,active,55,2021-01-01,2026-04-01,fresh
1195,mdnd,МСФО девелоперов: net_debt,6,18,active,50,2021-01-01,2026-04-01,fresh
1196,mdroe,МСФО девелоперов: roe,6,18,active,46,2022-01-01,2026-04-01,fresh
1197,mdroa,МСФО девелоперов: roa,6,18,active,46,2022-01-01,2026-04-01,fresh
1198,mdne,МСФО девелоперов: netdebt_ebitda,6,18,active,50,2021-01-01,2026-04-01,fresh
1199,ppmf,"Промпроизводство, % к предыдущему месяцу (факт)",6,18,active,395,2020-01-01,2026-07-01,fresh
1200,ppms,"Промпроизводство, % к предыдущему месяцу (SAAR)",6,18,active,391,2020-01-01,2026-07-01,fresh
1201,pbpf,"Промпроизводство, % к базовому периоду (факт)",6,18,active,391,2020-01-01,2026-07-01,fresh
1202,pbps,"Промпроизводство, % к базовому периоду (SAAR)",6,18,active,391,2020-01-01,2026-07-01,fresh
1203,czstc,"Численность занятых в строительстве, тыс. чел.",6,18,active,358,2010-01-01,2024-01-01,lagging
1204,dzs,"Доля занятых в строительстве, %",6,18,active,3,2022-01-01,2024-01-01,lagging
1205,gb,GB,6,18,active,170,2024-01-01,2025-01-01,lagging
1206,g1,G1,6,18,active,170,2024-01-01,2025-01-01,lagging
1207,cto,count_th,6,18,active,26,2000-01-01,2025-01-01,lagging
1208,rce,resid_count,6,18,active,26,2000-01-01,2025-01-01,lagging
1209,nco,nonres_count,6,18,active,26,2000-01-01,2025-01-01,lagging
1210,atr,area_total,6,18,active,26,2000-01-01,2025-01-01,lagging
1211,arr,area_resid,6,18,active,26,2000-01-01,2025-01-01,lagging
1212,anr,area_nonres,6,18,active,26,2000-01-01,2025-01-01,lagging
1213,vnzts,"Ввод нежилых зданий, тыс. шт.",6,18,active,5,2000-01-01,2024-01-01,lagging
1214,vnzm,"Ввод нежилых зданий, млн м²",6,18,active,73,2000-01-01,2024-01-01,lagging
1215,prppm,"Производство (РФ): Пески природные, млн м3",6,18,active,7,2017-01-01,2023-01-01,stale
1216,prgkpggm,"Производство (РФ): Гранулы, крошка и порошок; галька, гравий, млн м3",6,18,active,7,2017-01-01,2023-01-01,stale
1217,prpkpm,"Производство (РФ): Пиломатериалы хвойных пород, млн м3",6,18,active,7,2017-01-01,2023-01-01,stale
1218,prplpt,"Производство (РФ): Пиломатериалы лиственных пород, тыс. м3",6,18,active,7,2017-01-01,2023-01-01,stale
1219,proikdt,"Производство (РФ): Окна и их коробки деревянные, тыс. м2",6,18,active,7,2017-01-01,2023-01-01,stale
1220,prdikpdm,"Производство (РФ): Двери, их коробки и пороги деревянные,  млн м2",6,18,active,7,2017-01-01,2023-01-01,stale
1221,prbopm,"Производство (РФ): Блоки оконные пластмассовые, млн м2",6,18,active,7,2017-01-01,2023-01-01,stale
1222,prbdppnt,"Производство (РФ): Блоки дверные пластмассовые и пороги  для них, тыс. м2",6,18,active,7,2017-01-01,2023-01-01,stale
1223,prsllptvnodsm,"Производство (РФ): Стекло листовое литое, прокатное, тянутое или выдувное, но не обработанное другим способом, млн м2",6,18,active,7,2017-01-01,2023-01-01,stale
1224,prsltpslmppnodsm,"Производство (РФ): Стекло листовое термически полированное  и стекло листовое с матовой или полированной поверхностью, н",6,18,active,7,2017-01-01,2023-01-01,stale
1225,pristkms,"Производство (РФ): Изделия санитарно-технические из керамики, млн шт.",6,18,active,7,2017-01-01,2023-01-01,stale
1226,prpkgvosm,"Производство (РФ): Плитки керамические глазурованные  для внутренней облицовки стен, млн м2",6,18,active,7,2017-01-01,2023-01-01,stale
1227,prpkfknt,"Производство (РФ): Плитки керамические фасадные и ковры  из них, тыс. м2",6,18,active,7,2017-01-01,2023-01-01,stale
1228,prpkpm_2,"Производство (РФ): Плитки керамические для полов, млн м2",6,18,active,7,2017-01-01,2023-01-01,stale
1229,prkknsmuk,"Производство (РФ): Кирпич керамический неогнеупорный строительный, млн условных кирпичей",6,18,active,7,2017-01-01,2023-01-01,stale
1230,prptgtsagtm,"Производство (РФ): Портландцемент, цемент глиноземистый, цемент шлаковый и аналогичные гидравлические цементы, млн т",6,18,active,7,2017-01-01,2023-01-01,stale
1231,prksvktbikmuk,"Производство (РФ): Кирпич строительный (включая камни)  из цемента, бетона или искусственного камня, млн условных кирпич",6,18,active,7,2017-01-01,2023-01-01,stale
1232,prbssmuk,"Производство (РФ): Блоки стеновые силикатные,  млн условных кирпичей",6,18,active,7,2017-01-01,2023-01-01,stale
1233,priatbikmuk,"Производство (РФ): Изделия аналогичные из цемента, бетона или искусственного камня, млн условных кирпичей",6,18,active,7,2017-01-01,2023-01-01,stale
1234,prbisszstbikm,"Производство (РФ): Блоки и прочие изделия сборные строительные для зданий и сооружений  из цемента, бетона или искусстве",6,18,active,7,2017-01-01,2023-01-01,stale
1235,prlasmup,"Производство (РФ): Листы асбестоцементные (шифер),  млн условных плиток1)",6,18,active,3,2017-01-01,2019-01-01,stale
1236,prlkvsmup,"Производство (РФ): Листы хризотилцементные волнистые (шифер), млн условных плиток 2)",6,18,active,4,2020-01-01,2023-01-01,stale
1237,prlkprnmup,"Производство (РФ): Листы хризотилцементные плоские различного назначения, млн условных плиток 2)",6,18,active,4,2020-01-01,2023-01-01,stale
1238,prtmakut,"Производство (РФ): Трубы и муфты асбестоцементные, км условных труб",6,18,active,7,2017-01-01,2023-01-01,stale
1239,prmrkgm,"Производство (РФ): Материалы  рулонные кровельные  и гидроизоляционные, млн м2",6,18,active,7,2017-01-01,2023-01-01,stale
1240,prrtonnmtk,"Производство (РФ): Радиаторы центрального отопления  с неэлектрическим нагревом металлические, тыс. кВт",6,18,active,7,2017-01-01,2023-01-01,stale
1241,prvcts,"Производство (РФ): Ванны из чугуна, тыс. шт.",6,18,active,7,2017-01-01,2023-01-01,stale
1242,isggsdkt,"Импорт стройматериалов: Галька, гравий, щебень или дробленный камень,  тыс. т",6,18,active,6,2015-01-01,2021-01-01,stale
1243,isptkt,"Импорт стройматериалов: Портландцемент, цементы и клинкеры, тыс. т",6,18,active,6,2015-01-01,2021-01-01,stale
1244,isvdrbuipt,"Импорт стройматериалов: Ванны, души, раковины, биде, унитазы и прочие изделия из пластмасс, тыс. т",6,18,active,6,2015-01-01,2021-01-01,stale
1245,isdpnoirp,"Импорт стройматериалов: Двери и пороги для них, окна и их рамы из пластмасс, т",6,18,active,6,2015-01-01,2021-01-01,stale
1246,isln,"Импорт стройматериалов: Лесоматериалы  необработанные, м3",6,18,active,6,2015-01-01,2021-01-01,stale
1247,isobdirdtp,"Импорт стройматериалов: Окна, балконные двери и их рамы  из древесины тропических пород, т",6,18,active,6,2015-01-01,2021-01-01,stale
1248,isdirpdtp,"Импорт стройматериалов: Двери и их рамы и пороги из древесины тропических пород, т",6,18,active,6,2015-01-01,2021-01-01,stale
1249,ispnst,"Импорт стройматериалов: Панели напольные собранные, тыс. м2",6,18,active,6,2015-01-01,2021-01-01,stale
1250,isoanp,"Импорт стройматериалов: Обои и аналогичные настенные покрытия, т",6,18,active,6,2015-01-01,2021-01-01,stale
1251,islt,"Импорт стройматериалов: Линолеум, тыс. м2",6,18,active,6,2015-01-01,2021-01-01,stale
1252,isianbr,"Импорт стройматериалов: Изделия из асфальта, нефтяного битума в рулонах, т",6,18,active,6,2015-01-01,2021-01-01,stale
1253,isssbtbt,"Импорт стройматериалов: Сборные строительные блоки из цемента, бетона, тыс. т",6,18,active,6,2015-01-01,2021-01-01,stale
1254,isiatvtsa,"Импорт стройматериалов: Изделия из асбоцемента, из цемента, с волокнами целлюлозы, содержащие асбест, т",6,18,active,6,2015-01-01,2021-01-01,stale
1255,iskskms,"Импорт стройматериалов: Кирпичи строительные из керамики, млн шт.",6,18,active,6,2015-01-01,2021-01-01,stale
1256,isckts,"Импорт стройматериалов: Черепица из керамики, тыс. шт.",6,18,active,6,2015-01-01,2021-01-01,stale
1257,ispmpoppkikm,"Импорт стройматериалов: Плиты для мощения, плитки облицовочные  для полов, печей, каминов и прочие изделия из керамики, ",6,18,active,6,2015-01-01,2021-01-01,stale
1258,isruvbukts,"Импорт стройматериалов: Раковины, умывальники, ванны, биде, унитазы  и прочие из керамики, тыс. шт.",6,18,active,6,2015-01-01,2021-01-01,stale
1259,isvbkplsysp,"Импорт стройматериалов: Витражи, блоки, кирпичи из прессованного или литого стекла, ячеистовое стекло или пеностекло, т",6,18,active,6,2015-01-01,2021-01-01,stale
1260,isrtovnncmt,Импорт стройматериалов: Радиаторы для центрального отопления  и воздухонагреватели с неэлектрическим нагревом из черных ,6,18,active,6,2015-01-01,2021-01-01,stale
1261,zmpp,Загрузка мощностей: Пески природные,6,18,active,7,2017-01-01,2023-01-01,stale
1262,zmgkkp,"Загрузка мощностей: Гранулы каменные, крошка и порошок",6,18,active,7,2017-01-01,2023-01-01,stale
1263,zmoikd,Загрузка мощностей: Окна и их коробки деревянные,6,18,active,7,2017-01-01,2023-01-01,stale
1264,zmdikpd,"Загрузка мощностей: Двери, их коробки и пороги деревянные",6,18,active,7,2017-01-01,2023-01-01,stale
1265,zmpkgvos,Загрузка мощностей: Плитки керамические глазурованные для внутренней облицовки стен,6,18,active,7,2017-01-01,2023-01-01,stale
1266,zmpkfk,Загрузка мощностей: Плитки керамические фасадные и ковры,6,18,active,7,2017-01-01,2023-01-01,stale
1267,zmpkp,Загрузка мощностей: плитки керамические для полов,6,18,active,7,2017-01-01,2023-01-01,stale
1268,zmkkns,Загрузка мощностей: Кирпич керамический неогнеупорный строительный,6,18,active,7,2017-01-01,2023-01-01,stale
1269,zmptgtsagt,"Загрузка мощностей: Портландцемент, цемент глиноземистый, цемент шлаковый и аналогичные гидравлические цементы",6,18,active,7,2017-01-01,2023-01-01,stale
1270,zmksvktbik,"Загрузка мощностей: Кирпич строительный (включая камни)  из цемента, бетона или искусственного камня",6,18,active,7,2017-01-01,2023-01-01,stale
1271,zmbss,Загрузка мощностей: Блоки стеновые силикатные,6,18,active,7,2017-01-01,2023-01-01,stale
1272,zmiatbik,"Загрузка мощностей: Изделия аналогичные из цемента, бетона  или искусственного камня",6,18,active,7,2017-01-01,2023-01-01,stale
1273,zmlas,Загрузка мощностей: Листы асбестоцементные (шифер)2),6,18,active,3,2017-01-01,2019-01-01,stale
1274,zmlkvs,Загрузка мощностей: Листы хризотилцементные волнистые (шифер)3),6,18,active,4,2020-01-01,2023-01-01,stale
1275,zmlkprn,Загрузка мощностей: Листы хризотилцементные плоские различного назначения3),6,18,active,4,2020-01-01,2023-01-01,stale
1276,zmbisszstbik,"Загрузка мощностей: Блоки и прочие изделия сборные строительные для зданий и сооружений  из цемента, бетона или искусств",6,18,active,7,2017-01-01,2023-01-01,stale
1277,zmmrkg,Загрузка мощностей: Материалы  рулонные кровельные  и гидроизоляционные,6,18,active,7,2017-01-01,2023-01-01,stale
1278,ptkme,Производство техники: Краны мостовые электрические,6,18,active,7,2017-01-01,2023-01-01,stale
1279,ptkbs,Производство техники: Краны башенные строительные,6,18,active,7,2017-01-01,2023-01-01,stale
1280,pta,Производство техники: Автокраны,6,18,active,7,2017-01-01,2023-01-01,stale
1281,pte,Производство техники: Эскалаторы,6,18,active,7,2017-01-01,2023-01-01,stale
1282,ptl,Производство техники: Лифты,6,18,active,7,2017-01-01,2023-01-01,stale
1283,pte_2,Производство техники: Экскаваторы,6,18,active,7,2017-01-01,2023-01-01,stale
1284,ptb_2,Производство техники: Бульдозеры,6,18,active,7,2017-01-01,2023-01-01,stale
1285,ptgs,Производство техники: Грейдеры самоходные,6,18,active,7,2017-01-01,2023-01-01,stale
1286,itb,Импорт техники: Бетононасосы,6,18,active,6,2015-01-01,2021-01-01,stale
1287,itkb,Импорт техники: Краны башенные,6,18,active,6,2015-01-01,2021-01-01,stale
1288,ita,Импорт техники: Автопогрузчики,6,18,active,6,2015-01-01,2021-01-01,stale
1289,itbged,"Импорт техники: Бульдозеры, грейдеры, экскаваторы и др.",6,18,active,6,2015-01-01,2021-01-01,stale
1290,itb_2,Импорт техники: Бетономешалки,6,18,active,6,2015-01-01,2021-01-01,stale
1291,poppkpfor,Производство по округам: 8.1. ПРОИЗВОДСТВО ПИЛОМАТЕРИАЛОВ  ХВОЙНЫХ ПОРОД  ПО ФЕДЕРАЛЬНЫМ ОКРУГАМ РОССИЙСК,6,18,active,72,2016-01-01,2023-01-01,stale
1292,popplpfor,Производство по округам: 8.2. ПРОИЗВОДСТВО ПИЛОМАТЕРИАЛОВ ЛИСТВЕННЫХ ПОРОД   ПО ФЕДЕРАЛЬНЫМ ОКРУГАМ РОССИ,6,18,active,72,2016-01-01,2023-01-01,stale
1293,popsllptv,"Производство по округам: 8.3. ПРОИЗВОДСТВО СТЕКЛА ЛИСТОВОГО ЛИТОГО, ПРОКАТНОГО, ТЯНУТОГО ИЛИ ВЫДУВНОГО,  ",6,18,active,47,2016-01-01,2023-01-01,stale
1294,popsltpsl,Производство по округам: 8.4. ПРОИЗВОДСТВО СТЕКЛА ЛИСТОВОГО ТЕРМИЧЕСКИ ПОЛИРОВАННОГО И СТЕКЛА ЛИСТОВОГО  ,6,18,active,49,2016-01-01,2023-01-01,stale
1295,popkknsf,Производство по округам: 8.5. ПРОИЗВОДСТВО КИРПИЧА КЕРАМИЧЕСКОГО НЕОГНЕУПОРНОГО СТРОИТЕЛЬНОГО  ПО ФЕДЕРАЛ,6,18,active,72,2016-01-01,2023-01-01,stale
1296,popptgts,"Производство по округам: 8.6. ПРОИЗВОДСТВО ПОРТЛАНДЦЕМЕНТА, ЦЕМЕНТА ГЛИНОЗЕМИСТОГО, ЦЕМЕНТА ШЛАКОВОГО  И ",6,18,active,72,2016-01-01,2023-01-01,stale
1297,popbssfor,Производство по округам: 8.7. ПРОИЗВОДСТВО БЛОКОВ СТЕНОВЫХ СИЛИКАТНЫХ ПО ФЕДЕРАЛЬНЫМ ОКРУГАМ РОССИЙСКОЙ Ф,6,18,active,72,2016-01-01,2023-01-01,stale
1298,popiatbik,"Производство по округам: 8.8. ПРОИЗВОДСТВО ИЗДЕЛИЙ АНАЛОГИЧНЫХ ИЗ ЦЕМЕНТА, БЕТОНА ИЛИ ИСКУССТВЕННОГО КАМН",6,18,active,72,2016-01-01,2023-01-01,stale
1299,popbpisszs,Производство по округам: 8.9. ПРОИЗВОДСТВО БЛОКОВ И ПРОЧИХ ИЗДЕЛИЙ СБОРНЫХ СТРОИТЕЛЬНЫХ ДЛЯ ЗДАНИЙ  И СОО,6,18,active,72,2016-01-01,2023-01-01,stale
1300,poplas,Производство по округам: 8.10.  ПРОИЗВОДСТВО ЛИСТОВ АСБЕСТОЦЕМЕНТНЫХ  (ШИФЕРА)1)                         ,6,18,active,26,2016-01-01,2019-01-01,stale
1301,poplkvsf,Производство по округам: 8.11. ПРОИЗВОДСТВО ЛИСТОВ ХРИЗОТИЛЦЕМЕНТНЫХ ВОЛНИСТЫХ (ШИФЕРА)1) ПО ФЕДЕРАЛЬНЫМ ,6,18,active,28,2020-01-01,2023-01-01,stale
1302,poplkprn,Производство по округам: 8.12. ПРОИЗВОДСТВО ЛИСТОВ ХРИЗОТИЛЦЕМЕНТНЫХ ПЛОСКИХ РАЗЛИЧНОГО НАЗНАЧЕНИЯ1) ПО Ф,6,18,active,28,2020-01-01,2023-01-01,stale
1303,popmrkgf,Производство по округам: 8.13. ПРОИЗВОДСТВО МАТЕРИАЛОВ  РУЛОННЫХ КРОВЕЛЬНЫХ И ГИДРОИЗОЛЯЦИОННЫХ ПО ФЕДЕРА,6,18,active,66,2016-01-01,2023-01-01,stale
1304,natr,nds_accrued_total (РФ),6,18,active,10,2017-01-01,2026-01-01,fresh
1305,itr,income_total (РФ),6,18,active,5,2020-01-01,2024-01-01,lagging
1306,nwr,ndfl_withheld (РФ),6,18,active,5,2020-01-01,2024-01-01,lagging
1307,espr,exp_sales_profit (РФ),6,18,active,10,2016-01-01,2025-01-01,lagging
1308,nepr,nonop_exp_profit (РФ),6,18,active,10,2016-01-01,2025-01-01,lagging
1309,nipr,nonop_inc_profit (РФ),6,18,active,10,2016-01-01,2025-01-01,lagging
1310,rlr,rev_loss (РФ),6,18,active,10,2016-01-01,2025-01-01,lagging
1311,rpr,rev_profit (РФ),6,18,active,8,2018-01-01,2025-01-01,lagging
1312,trn,tnpayers (РФ),6,18,active,7,2018-01-01,2026-01-01,fresh
1313,uer,usn_expense (РФ),6,18,active,11,2015-01-01,2026-01-01,fresh
1314,uir,usn_income (РФ),6,18,active,11,2015-01-01,2026-01-01,fresh
1315,orsmr,"Объём работ «Строительство», млрд руб.",6,18,active,19,2025-01-01,2026-07-01,fresh
1316,orssp,"Объём работ «Строительство», % к соотв. периоду",6,18,active,19,2025-01-01,2026-07-01,fresh
1317,orspp,"Объём работ «Строительство», % к пред. периоду",6,18,active,19,2025-01-01,2026-07-01,fresh
1318,zdspmr,"Заключено договоров строительного подряда, млрд руб.",6,18,active,19,2025-01-01,2026-07-01,fresh
1319,odpm,"Обеспеченность договорами подряда, месяцев",6,18,active,19,2025-01-01,2026-07-01,fresh
1320,ksddrk_2,"Количество сделок (ДКП и ДДУ), РФ, квартал",6,18,active,10,2024-01-01,2026-04-01,fresh
1321,ksdrk_2,"Количество сделок ДКП, РФ, квартал",6,18,active,10,2024-01-01,2026-04-01,fresh
1322,kdark_2,"Количество договоров аренды, РФ, квартал",6,18,active,10,2024-01-01,2026-04-01,fresh
1323,pmtmk,"Промпродукция, месяц: Трубы и муфты хризотилцементные",6,18,active,1,2026-07-01,2026-07-01,fresh
1324,ppmtmk,"Промпродукция, пред. месяц: Трубы и муфты хризотилцементные",6,18,active,1,2026-07-01,2026-07-01,fresh
1325,pnitmk,"Промпродукция, накопленным итогом: Трубы и муфты хризотилцементные",6,18,active,1,2026-07-01,2026-07-01,fresh
1326,pmpkp,"Промпродукция, месяц: Плитки керамические для полов",6,18,active,1,2026-07-01,2026-07-01,fresh
1327,ppmpkp,"Промпродукция, пред. месяц: Плитки керамические для полов",6,18,active,1,2026-07-01,2026-07-01,fresh
1328,pnipkp,"Промпродукция, накопленным итогом: Плитки керамические для полов",6,18,active,1,2026-07-01,2026-07-01,fresh
1329,pmptg,"Промпродукция, месяц: Портландцемент, цемент глиноземистый",6,18,active,1,2026-07-01,2026-07-01,fresh
1330,ppmptg,"Промпродукция, пред. месяц: Портландцемент, цемент глиноземистый",6,18,active,1,2026-07-01,2026-07-01,fresh
1331,pniptg,"Промпродукция, накопленным итогом: Портландцемент, цемент глиноземистый",6,18,active,1,2026-07-01,2026-07-01,fresh
1332,pmdik,"Промпродукция, месяц: Двери, их коробки",6,18,active,1,2026-07-01,2026-07-01,fresh
1333,ppmdik,"Промпродукция, пред. месяц: Двери, их коробки",6,18,active,1,2026-07-01,2026-07-01,fresh
1334,pnidik,"Промпродукция, накопленным итогом: Двери, их коробки",6,18,active,1,2026-07-01,2026-07-01,fresh
1335,pmbiss,"Промпродукция, месяц: Блоки и прочие изделия сборные строительные",6,18,active,1,2026-07-01,2026-07-01,fresh
1336,ppmbiss,"Промпродукция, пред. месяц: Блоки и прочие изделия сборные строительные",6,18,active,1,2026-07-01,2026-07-01,fresh
1337,pnibiss,"Промпродукция, накопленным итогом: Блоки и прочие изделия сборные строительные",6,18,active,1,2026-07-01,2026-07-01,fresh
1338,pmgkp,"Промпродукция, месяц: Гранулы, крошка и порошок",6,18,active,1,2026-07-01,2026-07-01,fresh
1339,ppmgkp,"Промпродукция, пред. месяц: Гранулы, крошка и порошок",6,18,active,1,2026-07-01,2026-07-01,fresh
1340,pnigkp,"Промпродукция, накопленным итогом: Гранулы, крошка и порошок",6,18,active,1,2026-07-01,2026-07-01,fresh
1341,pmpkg,"Промпродукция, месяц: Плитки керамические глазурованные",6,18,active,1,2026-07-01,2026-07-01,fresh
1342,ppmpkg,"Промпродукция, пред. месяц: Плитки керамические глазурованные",6,18,active,1,2026-07-01,2026-07-01,fresh
1343,pnipkg,"Промпродукция, накопленным итогом: Плитки керамические глазурованные",6,18,active,1,2026-07-01,2026-07-01,fresh
1344,pmoikd,"Промпродукция, месяц: Окна и их коробки деревянные",6,18,active,1,2026-07-01,2026-07-01,fresh
1345,ppmoikd,"Промпродукция, пред. месяц: Окна и их коробки деревянные",6,18,active,1,2026-07-01,2026-07-01,fresh
1346,pnioikd,"Промпродукция, накопленным итогом: Окна и их коробки деревянные",6,18,active,1,2026-07-01,2026-07-01,fresh
1347,pmsltp,"Промпродукция, месяц: Стекло листовое термически полированное",6,18,active,1,2026-07-01,2026-07-01,fresh
1348,ppmsltp,"Промпродукция, пред. месяц: Стекло листовое термически полированное",6,18,active,1,2026-07-01,2026-07-01,fresh
1349,pnisltp,"Промпродукция, накопленным итогом: Стекло листовое термически полированное",6,18,active,1,2026-07-01,2026-07-01,fresh
1350,pmbgz,"Промпродукция, месяц: Бетон, готовый для заливки",6,18,active,1,2026-07-01,2026-07-01,fresh
1351,ppmbgz,"Промпродукция, пред. месяц: Бетон, готовый для заливки",6,18,active,1,2026-07-01,2026-07-01,fresh
1352,pnibgz,"Промпродукция, накопленным итогом: Бетон, готовый для заливки",6,18,active,1,2026-07-01,2026-07-01,fresh
1353,pmpg,"Промпродукция, месяц: Прокат готовый",6,18,active,1,2026-07-01,2026-07-01,fresh
1354,ppmpg,"Промпродукция, пред. месяц: Прокат готовый",6,18,active,1,2026-07-01,2026-07-01,fresh
1355,pnipg,"Промпродукция, накопленным итогом: Прокат готовый",6,18,active,1,2026-07-01,2026-07-01,fresh
1356,pmksvkt,"Промпродукция, месяц: Кирпич строительный (включая камни) из цемента",6,18,active,1,2026-07-01,2026-07-01,fresh
1357,ppmksvkt,"Промпродукция, пред. месяц: Кирпич строительный (включая камни) из цемента",6,18,active,1,2026-07-01,2026-07-01,fresh
1358,pniksvkt,"Промпродукция, накопленным итогом: Кирпич строительный (включая камни) из цемента",6,18,active,1,2026-07-01,2026-07-01,fresh
1359,pmtpp,"Промпродукция, месяц: Трубы, профили пустотелые",6,18,active,1,2026-07-01,2026-07-01,fresh
1360,ppmtpp,"Промпродукция, пред. месяц: Трубы, профили пустотелые",6,18,active,1,2026-07-01,2026-07-01,fresh
1361,pnitpp,"Промпродукция, накопленным итогом: Трубы, профили пустотелые",6,18,active,1,2026-07-01,2026-07-01,fresh
1362,pmf,"Промпродукция, месяц: Фанера",6,18,active,1,2026-07-01,2026-07-01,fresh
1363,ppmf_2,"Промпродукция, пред. месяц: Фанера",6,18,active,1,2026-07-01,2026-07-01,fresh
1364,pnif,"Промпродукция, накопленным итогом: Фанера",6,18,active,1,2026-07-01,2026-07-01,fresh
1365,pmbss,"Промпродукция, месяц: Блоки стеновые силикатные",6,18,active,1,2026-07-01,2026-07-01,fresh
1366,ppmbss,"Промпродукция, пред. месяц: Блоки стеновые силикатные",6,18,active,1,2026-07-01,2026-07-01,fresh
1367,pnibss,"Промпродукция, накопленным итогом: Блоки стеновые силикатные",6,18,active,1,2026-07-01,2026-07-01,fresh
1368,pmkdkcm,"Промпродукция, месяц: Конструкции и детали конструкций из черных металлов",6,18,active,1,2026-07-01,2026-07-01,fresh
1369,ppmkdkcm,"Промпродукция, пред. месяц: Конструкции и детали конструкций из черных металлов",6,18,active,1,2026-07-01,2026-07-01,fresh
1370,pnikdkcm,"Промпродукция, накопленным итогом: Конструкции и детали конструкций из черных металлов",6,18,active,1,2026-07-01,2026-07-01,fresh
1371,pmkkn,"Промпродукция, месяц: Кирпич керамический неогнеупорный",6,18,active,1,2026-07-01,2026-07-01,fresh
1372,ppmkkn,"Промпродукция, пред. месяц: Кирпич керамический неогнеупорный",6,18,active,1,2026-07-01,2026-07-01,fresh
1373,pnikkn,"Промпродукция, накопленным итогом: Кирпич керамический неогнеупорный",6,18,active,1,2026-07-01,2026-07-01,fresh
1374,pmpp,"Промпродукция, месяц: Пески природные",6,18,active,1,2026-07-01,2026-07-01,fresh
1375,ppmpp,"Промпродукция, пред. месяц: Пески природные",6,18,active,1,2026-07-01,2026-07-01,fresh
1376,pnipp,"Промпродукция, накопленным итогом: Пески природные",6,18,active,1,2026-07-01,2026-07-01,fresh
1377,pmlts,"Промпродукция, месяц: Лифты (тыс. штук)",6,18,active,1,2026-07-01,2026-07-01,fresh
1378,pnilts,"Промпродукция, накопленным итогом: Лифты (тыс. штук)",6,18,active,1,2026-07-01,2026-07-01,fresh
1379,pmpsrms,"Промпродукция, месяц: Подшипники шариковые/роликовые (млн штук)",6,18,active,1,2026-07-01,2026-07-01,fresh
1380,pnipsrms,"Промпродукция, накопленным итогом: Подшипники шариковые/роликовые (млн штук)",6,18,active,1,2026-07-01,2026-07-01,fresh
1381,ssptvg,"Стройматериалы, % к соотв. периоду: Цемент (все гидравлические)",6,18,active,1,2026-07-01,2026-07-01,fresh
1382,spmtvg,"Стройматериалы, % к пред. месяцу: Цемент (все гидравлические)",6,18,active,1,2026-07-01,2026-07-01,fresh
1383,ssptb,"Стройматериалы, % к соотв. периоду: Товарный бетон",6,18,active,1,2026-07-01,2026-07-01,fresh
1384,spmtb,"Стройматериалы, % к пред. месяцу: Товарный бетон",6,18,active,1,2026-07-01,2026-07-01,fresh
1385,sspkks,"Стройматериалы, % к соотв. периоду: Кирпич керамический строительный",6,18,active,1,2026-07-01,2026-07-01,fresh
1386,spmkks,"Стройматериалы, % к пред. месяцу: Кирпич керамический строительный",6,18,active,1,2026-07-01,2026-07-01,fresh
1387,sspbss,"Стройматериалы, % к соотв. периоду: Блоки стеновые силикатные",6,18,active,1,2026-07-01,2026-07-01,fresh
1388,spmbss,"Стройматериалы, % к пред. месяцу: Блоки стеновые силикатные",6,18,active,1,2026-07-01,2026-07-01,fresh
1389,sspbsz,"Стройматериалы, % к соотв. периоду: Блоки и прочие сборные ЖБИ",6,18,active,1,2026-07-01,2026-07-01,fresh
1390,spmbsz,"Стройматериалы, % к пред. месяцу: Блоки и прочие сборные ЖБИ",6,18,active,1,2026-07-01,2026-07-01,fresh
1391,sspksvknn,"Стройматериалы, % к соотв. периоду: Кирпич строительный (вкл. камни, новой номенкл.)",6,18,active,1,2026-07-01,2026-07-01,fresh
1392,spmksvknn,"Стройматериалы, % к пред. месяцу: Кирпич строительный (вкл. камни, новой номенкл.)",6,18,active,1,2026-07-01,2026-07-01,fresh
1393,sspsl,"Стройматериалы, % к соотв. периоду: Стекло листовое",6,18,active,1,2026-07-01,2026-07-01,fresh
1394,spmsl,"Стройматериалы, % к пред. месяцу: Стекло листовое",6,18,active,1,2026-07-01,2026-07-01,fresh
1395,ssppkg,"Стройматериалы, % к соотв. периоду: Плитка керамическая глазурованная",6,18,active,1,2026-07-01,2026-07-01,fresh
1396,spmpkg,"Стройматериалы, % к пред. месяцу: Плитка керамическая глазурованная",6,18,active,1,2026-07-01,2026-07-01,fresh
1397,ssppkp,"Стройматериалы, % к соотв. периоду: Плитка керамическая для полов",6,18,active,1,2026-07-01,2026-07-01,fresh
1398,spmpkp,"Стройматериалы, % к пред. месяцу: Плитка керамическая для полов",6,18,active,1,2026-07-01,2026-07-01,fresh
1399,ssptk,"Стройматериалы, % к соотв. периоду: Трубы хризотилцементные",6,18,active,1,2026-07-01,2026-07-01,fresh
1400,spmtk,"Стройматериалы, % к пред. месяцу: Трубы хризотилцементные",6,18,active,1,2026-07-01,2026-07-01,fresh
1401,vze,"Введено зданий, единиц (Всего)",6,18,active,1,2026-01-01,2026-01-01,fresh
1402,vzt,"Введено зданий, тыс. м² (Всего)",6,18,active,1,2026-01-01,2026-01-01,fresh
1403,vzezn,"Введено зданий, единиц (Жилого назначения)",6,18,active,1,2026-01-01,2026-01-01,fresh
1404,vztzn,"Введено зданий, тыс. м² (Жилого назначения)",6,18,active,1,2026-01-01,2026-01-01,fresh
1405,vzenn,"Введено зданий, единиц (Нежилого назначения)",6,18,active,1,2026-01-01,2026-01-01,fresh
1406,vztnn,"Введено зданий, тыс. м² (Нежилого назначения)",6,18,active,1,2026-01-01,2026-01-01,fresh
1407,vzep,"Введено зданий, единиц (Промышленные)",6,18,active,1,2026-01-01,2026-01-01,fresh
1408,vztp,"Введено зданий, тыс. м² (Промышленные)",6,18,active,1,2026-01-01,2026-01-01,fresh
1409,vzes,"Введено зданий, единиц (Сельскохозяйственные)",6,18,active,1,2026-01-01,2026-01-01,fresh
1410,vzts,"Введено зданий, тыс. м² (Сельскохозяйственные)",6,18,active,1,2026-01-01,2026-01-01,fresh
1411,vzek,"Введено зданий, единиц (Коммерческие)",6,18,active,1,2026-01-01,2026-01-01,fresh
1412,vztk,"Введено зданий, тыс. м² (Коммерческие)",6,18,active,1,2026-01-01,2026-01-01,fresh
1413,vzea,"Введено зданий, единиц (Административные)",6,18,active,1,2026-01-01,2026-01-01,fresh
1414,vzta,"Введено зданий, тыс. м² (Административные)",6,18,active,1,2026-01-01,2026-01-01,fresh
1415,vzeu,"Введено зданий, единиц (Учебные)",6,18,active,1,2026-01-01,2026-01-01,fresh
1416,vztu,"Введено зданий, тыс. м² (Учебные)",6,18,active,1,2026-01-01,2026-01-01,fresh
1417,vzez,"Введено зданий, единиц (Здравоохранения)",6,18,active,1,2026-01-01,2026-01-01,fresh
1418,vztz,"Введено зданий, тыс. м² (Здравоохранения)",6,18,active,1,2026-01-01,2026-01-01,fresh
1419,vzed,"Введено зданий, единиц (Другие)",6,18,active,1,2026-01-01,2026-01-01,fresh
1420,vztd,"Введено зданий, тыс. м² (Другие)",6,18,active,1,2026-01-01,2026-01-01,fresh
1421,iokmro,"Инвестиции в основной капитал, млрд руб. (оперативные)",6,18,active,2,2026-01-01,2026-04-01,fresh
1422,iokspo,"Инвестиции в основной капитал, % к соотв. периоду (оперативные)",6,18,active,2,2026-01-01,2026-04-01,fresh
1423,vzeznz,"Ввод зданий, единиц (Жилые и нежилые здания)",6,18,active,2,2026-03-01,2026-06-01,fresh
1424,vzezz,"Ввод зданий, единиц (Жилые здания)",6,18,active,2,2026-03-01,2026-06-01,fresh
1425,vzepyl,"Ввод зданий, единиц (построенные юридическими лицами)",6,18,active,2,2026-03-01,2026-06-01,fresh
1426,vzepn,"Ввод зданий, единиц (построенные населением)",6,18,active,2,2026-03-01,2026-06-01,fresh
1427,vzenz,"Ввод зданий, единиц (Нежилые здания)",6,18,active,2,2026-03-01,2026-06-01,fresh
1428,vzepz,"Ввод зданий, единиц (Промышленные здания)",6,18,active,2,2026-03-01,2026-06-01,fresh
1429,vzesz,"Ввод зданий, единиц (Сельскохозяйственные здания)",6,18,active,2,2026-03-01,2026-06-01,fresh
1430,vzekz,"Ввод зданий, единиц (Коммерческие здания)",6,18,active,2,2026-03-01,2026-06-01,fresh
1431,vzeaz,"Ввод зданий, единиц (Административные здания)",6,18,active,2,2026-03-01,2026-06-01,fresh
1432,vzeuz,"Ввод зданий, единиц (Учебные здания)",6,18,active,2,2026-03-01,2026-06-01,fresh
1433,vzez_2,"Ввод зданий, единиц (Здравоохранение)",6,18,active,2,2026-03-01,2026-06-01,fresh
1434,vzedz,"Ввод зданий, единиц (Другие здания)",6,18,active,2,2026-03-01,2026-06-01,fresh
1435,vmrzopsueo,"Ввод мощностей: Растениеводство и животноводство, охота и предоставление соответствующих услуг в этих областях",6,18,active,2,2026-03-01,2026-06-01,fresh
1436,vmnsrzopsueo,"Ввод мощностей, новое строительство: Растениеводство и животноводство, охота и предоставление соответствующих услуг в эт",6,18,active,2,2026-03-01,2026-06-01,fresh
1437,vmrrzopsueo,"Ввод мощностей, реконструкция: Растениеводство и животноводство, охота и предоставление соответствующих услуг в этих обл",6,18,active,2,2026-03-01,2026-06-01,fresh
1438,vmps,Ввод мощностей: Помещения для свиней,6,18,active,2,2026-03-01,2026-06-01,fresh
1439,vmnsps,"Ввод мощностей, новое строительство: Помещения для свиней",6,18,active,2,2026-03-01,2026-06-01,fresh
1440,vmpo,Ввод мощностей: Помещения для овец,6,18,active,2,2026-03-01,2026-06-01,fresh
1441,vmnspo,"Ввод мощностей, новое строительство: Помещения для овец",6,18,active,2,2026-03-01,2026-06-01,fresh
1442,vmpl,Ввод мощностей: Помещения для лошадей,6,18,active,2,2026-03-01,2026-06-01,fresh
1443,vmnspl,"Ввод мощностей, новое строительство: Помещения для лошадей",6,18,active,2,2026-03-01,2026-06-01,fresh
1444,vmrpl,"Ввод мощностей, реконструкция: Помещения для лошадей",6,18,active,2,2026-03-01,2026-06-01,fresh
1445,vmpk,Ввод мощностей: Помещения для кроликов,6,18,active,2,2026-03-01,2026-06-01,fresh
1446,vmnspk,"Ввод мощностей, новое строительство: Помещения для кроликов",6,18,active,2,2026-03-01,2026-06-01,fresh
1447,vmpp,Ввод мощностей: Помещение для птицы,6,18,active,2,2026-03-01,2026-06-01,fresh
1448,vmnspp,"Ввод мощностей, новое строительство: Помещение для птицы",6,18,active,2,2026-03-01,2026-06-01,fresh
1449,vmrpp,"Ввод мощностей, реконструкция: Помещение для птицы",6,18,active,2,2026-03-01,2026-06-01,fresh
1450,vmpyn,Ввод мощностей: Птицефабрики яичного направления,6,18,active,2,2026-03-01,2026-06-01,fresh
1451,vmrpyn,"Ввод мощностей, реконструкция: Птицефабрики яичного направления",6,18,active,2,2026-03-01,2026-06-01,fresh
1452,vmkt,Ввод мощностей: Комбинаты тепличные,6,18,active,2,2026-03-01,2026-06-01,fresh
1453,vmnskt,"Ввод мощностей, новое строительство: Комбинаты тепличные",6,18,active,2,2026-03-01,2026-06-01,fresh
1454,vmtps,Ввод мощностей: Теплицы под стеклом,6,18,active,2,2026-03-01,2026-06-01,fresh
1455,vmnstps,"Ввод мощностей, новое строительство: Теплицы под стеклом",6,18,active,2,2026-03-01,2026-06-01,fresh
1456,vmtp,Ввод мощностей: Теплицы пленочные,6,18,active,2,2026-03-01,2026-06-01,fresh
1457,vmnstp,"Ввод мощностей, новое строительство: Теплицы пленочные",6,18,active,2,2026-03-01,2026-06-01,fresh
1458,vmtppmp,Ввод мощностей: Теплицы с покрытием из полимерных материалов (поликарбонат),6,18,active,2,2026-03-01,2026-06-01,fresh
1459,vmnstppmp,"Ввод мощностей, новое строительство: Теплицы с покрытием из полимерных материалов (поликарбонат)",6,18,active,2,2026-03-01,2026-06-01,fresh
1460,vmoz,Ввод мощностей: Орошение земель,6,18,active,2,2026-03-01,2026-06-01,fresh
1461,vmnsoz,"Ввод мощностей, новое строительство: Орошение земель",6,18,active,2,2026-03-01,2026-06-01,fresh
1462,vmzs,Ввод мощностей: Зерносушилки стационарные,6,18,active,2,2026-03-01,2026-06-01,fresh
1463,vmnszs,"Ввод мощностей, новое строительство: Зерносушилки стационарные",6,18,active,2,2026-03-01,2026-06-01,fresh
1464,vmrzs,"Ввод мощностей, реконструкция: Зерносушилки стационарные",6,18,active,2,2026-03-01,2026-06-01,fresh
1465,vmz,Ввод мощностей: Зерносеменохранилища,6,18,active,2,2026-03-01,2026-06-01,fresh
1466,vmnsz,"Ввод мощностей, новое строительство: Зерносеменохранилища",6,18,active,2,2026-03-01,2026-06-01,fresh
1467,vmrz,"Ввод мощностей, реконструкция: Зерносеменохранилища",6,18,active,2,2026-03-01,2026-06-01,fresh
1468,vms,Ввод мощностей: Семенохранилища,6,18,active,2,2026-03-01,2026-06-01,fresh
1469,vmnss,"Ввод мощностей, новое строительство: Семенохранилища",6,18,active,2,2026-03-01,2026-06-01,fresh
1470,vmrs,"Ввод мощностей, реконструкция: Семенохранилища",6,18,active,2,2026-03-01,2026-06-01,fresh
1471,vmkkofsk,"Ввод мощностей: Хранилища для картофеля, овощей и фруктов в сельском хозяйстве",6,18,active,2,2026-03-01,2026-06-01,fresh
1472,vmnskkofsk,"Ввод мощностей, новое строительство: Хранилища для картофеля, овощей и фруктов в сельском хозяйстве",6,18,active,2,2026-03-01,2026-06-01,fresh
1473,vmkosk,Ввод мощностей: Картофелехранилища для организаций сельского хозяйства,6,18,active,2,2026-03-01,2026-06-01,fresh
1474,vmnskosk,"Ввод мощностей, новое строительство: Картофелехранилища для организаций сельского хозяйства",6,18,active,2,2026-03-01,2026-06-01,fresh
1475,vmoosk,Ввод мощностей: Овощехранилища для организаций сельского хозяйства,6,18,active,2,2026-03-01,2026-06-01,fresh
1476,vmnsoosk,"Ввод мощностей, новое строительство: Овощехранилища для организаций сельского хозяйства",6,18,active,2,2026-03-01,2026-06-01,fresh
1477,vmskoosk,Ввод мощностей: Смешанные картофеле- и овощехранилища для организаций сельского хозяйства,6,18,active,2,2026-03-01,2026-06-01,fresh
1478,vmnsskoosk,"Ввод мощностей, новое строительство: Смешанные картофеле- и овощехранилища для организаций сельского хозяйства",6,18,active,2,2026-03-01,2026-06-01,fresh
1479,vmposk,Ввод мощностей: Плодохранилища для организаций сельского хозяйства,6,18,active,2,2026-03-01,2026-06-01,fresh
1480,vmnsposk,"Ввод мощностей, новое строительство: Плодохранилища для организаций сельского хозяйства",6,18,active,2,2026-03-01,2026-06-01,fresh
1481,vmsss,Ввод мощностей: Силосные и сенажные сооружения,6,18,active,2,2026-03-01,2026-06-01,fresh
1482,vmnssss,"Ввод мощностей, новое строительство: Силосные и сенажные сооружения",6,18,active,2,2026-03-01,2026-06-01,fresh
1483,vmrm,Ввод мощностей: Ремонтные мастерские,6,18,active,2,2026-03-01,2026-06-01,fresh
1484,vmnsrm,"Ввод мощностей, новое строительство: Ремонтные мастерские",6,18,active,2,2026-03-01,2026-06-01,fresh
1485,vmrrm,"Ввод мощностей, реконструкция: Ремонтные мастерские",6,18,active,2,2026-03-01,2026-06-01,fresh
1486,vmmtbkm,"Ввод мощностей: Материально-технические базы хранения 
машин",6,18,active,2,2026-03-01,2026-06-01,fresh
1487,vmnsmtbkm,"Ввод мощностей, новое строительство: Материально-технические базы хранения 
машин",6,18,active,2,2026-03-01,2026-06-01,fresh
1488,vmrr,Ввод мощностей: Рыболовство и рыбоводство,6,18,active,2,2026-03-01,2026-06-01,fresh
1489,vmnsrr,"Ввод мощностей, новое строительство: Рыболовство и рыбоводство",6,18,active,2,2026-03-01,2026-06-01,fresh
1490,vmdnpg,Ввод мощностей: Добыча нефти и природного газа,6,18,active,2,2026-03-01,2026-06-01,fresh
1491,vmnsdnpg,"Ввод мощностей, новое строительство: Добыча нефти и природного газа",6,18,active,2,2026-03-01,2026-06-01,fresh
1492,vmsneb,Ввод мощностей: Скважины нефтяные эксплуатационного бурения,6,18,active,2,2026-03-01,2026-06-01,fresh
1493,vmnssneb,"Ввод мощностей, новое строительство: Скважины нефтяные эксплуатационного бурения",6,18,active,2,2026-03-01,2026-06-01,fresh
1494,vmrsneb,"Ввод мощностей, реконструкция: Скважины нефтяные эксплуатационного бурения",6,18,active,2,2026-03-01,2026-06-01,fresh
1495,vmsgeb,Ввод мощностей: Скважины газовые эксплуатационного бурения,6,18,active,2,2026-03-01,2026-06-01,fresh
1496,vmnssgeb,"Ввод мощностей, новое строительство: Скважины газовые эксплуатационного бурения",6,18,active,2,2026-03-01,2026-06-01,fresh
1497,vmpuodpi,Ввод мощностей: Предоставление услуг в области добычи полезных ископаемых,6,18,active,2,2026-03-01,2026-06-01,fresh
1498,vmnspuodpi,"Ввод мощностей, новое строительство: Предоставление услуг в области добычи полезных ископаемых",6,18,active,2,2026-03-01,2026-06-01,fresh
1499,vmsnrb,Ввод мощностей: Скважины нефтяные разведочного бурения,6,18,active,2,2026-03-01,2026-06-01,fresh
1500,vmnssnrb,"Ввод мощностей, новое строительство: Скважины нефтяные разведочного бурения",6,18,active,2,2026-03-01,2026-06-01,fresh
1501,vmppp,Ввод мощностей: Производство пищевых продуктов,6,18,active,2,2026-03-01,2026-06-01,fresh
1502,vmnsppp,"Ввод мощностей, новое строительство: Производство пищевых продуктов",6,18,active,2,2026-03-01,2026-06-01,fresh
1503,vmkm,Ввод мощностей: Консервы мясные,6,18,active,2,2026-03-01,2026-06-01,fresh
1504,vmnskm,"Ввод мощностей, новое строительство: Консервы мясные",6,18,active,2,2026-03-01,2026-06-01,fresh
1505,vmtus,Ввод мощностей: Цех убоя скота,6,18,active,2,2026-03-01,2026-06-01,fresh
1506,vmnstus,"Ввод мощностей, новое строительство: Цех убоя скота",6,18,active,2,2026-03-01,2026-06-01,fresh
1507,vmpr,Ввод мощностей: Предприятия рыбообрабатывающие,6,18,active,2,2026-03-01,2026-06-01,fresh
1508,vmnspr,"Ввод мощностей, новое строительство: Предприятия рыбообрабатывающие",6,18,active,2,2026-03-01,2026-06-01,fresh
1509,vmmprm,"Ввод мощностей: Мощности по производству растительного 
масла",6,18,active,2,2026-03-01,2026-06-01,fresh
1510,vmnsmprm,"Ввод мощностей, новое строительство: Мощности по производству растительного 
масла",6,18,active,2,2026-03-01,2026-06-01,fresh
1511,vmrmprm,"Ввод мощностей, реконструкция: Мощности по производству растительного 
масла",6,18,active,2,2026-03-01,2026-06-01,fresh
1512,vmmrme,Ввод мощностей: Масло растительное методом экстракции,6,18,active,2,2026-03-01,2026-06-01,fresh
1513,vmnsmrme,"Ввод мощностей, новое строительство: Масло растительное методом экстракции",6,18,active,2,2026-03-01,2026-06-01,fresh
1514,vmrmrme,"Ввод мощностей, реконструкция: Масло растительное методом экстракции",6,18,active,2,2026-03-01,2026-06-01,fresh
1515,vmmrmo,Ввод мощностей: Масло растительное методом отжима,6,18,active,2,2026-03-01,2026-06-01,fresh
1516,vmnsmrmo,"Ввод мощностей, новое строительство: Масло растительное методом отжима",6,18,active,2,2026-03-01,2026-06-01,fresh
1517,vmrmrmo,"Ввод мощностей, реконструкция: Масло растительное методом отжима",6,18,active,2,2026-03-01,2026-06-01,fresh
1518,vmtp_2,Ввод мощностей: Цельномолочная продукция,6,18,active,2,2026-03-01,2026-06-01,fresh
1519,vmnstp_2,"Ввод мощностей, новое строительство: Цельномолочная продукция",6,18,active,2,2026-03-01,2026-06-01,fresh
1520,vmrtp,"Ввод мощностей, реконструкция: Цельномолочная продукция",6,18,active,2,2026-03-01,2026-06-01,fresh
1521,vmmsoztmss,"Ввод мощностей: Молоко сухое обезжиренное, заменители цельного молока и сухая сыворотка",6,18,active,2,2026-03-01,2026-06-01,fresh
1522,vmnsmsoztmss,"Ввод мощностей, новое строительство: Молоко сухое обезжиренное, заменители цельного молока и сухая сыворотка",6,18,active,2,2026-03-01,2026-06-01,fresh
1523,vmmps,Ввод мощностей: Мощности по производству сыра,6,18,active,2,2026-03-01,2026-06-01,fresh
1524,vmnsmps,"Ввод мощностей, новое строительство: Мощности по производству сыра",6,18,active,2,2026-03-01,2026-06-01,fresh
1525,vmrmps,"Ввод мощностей, реконструкция: Мощности по производству сыра",6,18,active,2,2026-03-01,2026-06-01,fresh
1526,vmsp,Ввод мощностей: Сыр плавленый,6,18,active,2,2026-03-01,2026-06-01,fresh
1527,vmrsp,"Ввод мощностей, реконструкция: Сыр плавленый",6,18,active,2,2026-03-01,2026-06-01,fresh
1528,vmpsbp,Ввод мощностей: Производство сыра /без плавленых/,6,18,active,2,2026-03-01,2026-06-01,fresh
1529,vmnspsbp,"Ввод мощностей, новое строительство: Производство сыра /без плавленых/",6,18,active,2,2026-03-01,2026-06-01,fresh
1530,vmrpsbp,"Ввод мощностей, реконструкция: Производство сыра /без плавленых/",6,18,active,2,2026-03-01,2026-06-01,fresh
1531,vmstsbp,Ввод мощностей: Сыр твердых сортов /без плавленых/,6,18,active,2,2026-03-01,2026-06-01,fresh
1532,vmnsstsbp,"Ввод мощностей, новое строительство: Сыр твердых сортов /без плавленых/",6,18,active,2,2026-03-01,2026-06-01,fresh
1533,vmkm_2,Ввод мощностей: Консервы молочные,6,18,active,2,2026-03-01,2026-06-01,fresh
1534,vmrkm,"Ввод мощностей, реконструкция: Консервы молочные",6,18,active,2,2026-03-01,2026-06-01,fresh
1535,vmpmsp,Ввод мощностей: Предприятия мельничные сортового помола,6,18,active,2,2026-03-01,2026-06-01,fresh
1536,vmnspmsp,"Ввод мощностей, новое строительство: Предприятия мельничные сортового помола",6,18,active,2,2026-03-01,2026-06-01,fresh
1537,vmrpmsp,"Ввод мощностей, реконструкция: Предприятия мельничные сортового помола",6,18,active,2,2026-03-01,2026-06-01,fresh
1538,vmtk,Ввод мощностей: Цехи комбикормовые,6,18,active,2,2026-03-01,2026-06-01,fresh
1539,vmnstk,"Ввод мощностей, новое строительство: Цехи комбикормовые",6,18,active,2,2026-03-01,2026-06-01,fresh
1540,vmmk,Ввод мощностей: Мельницы-крупорушки,6,18,active,2,2026-03-01,2026-06-01,fresh
1541,vmnsmk,"Ввод мощностей, новое строительство: Мельницы-крупорушки",6,18,active,2,2026-03-01,2026-06-01,fresh
1542,vmki,Ввод мощностей: Хлебобулочные изделия,6,18,active,2,2026-03-01,2026-06-01,fresh
1543,vmnski,"Ввод мощностей, новое строительство: Хлебобулочные изделия",6,18,active,2,2026-03-01,2026-06-01,fresh
1544,vmik,Ввод мощностей: Изделия кондитерские,6,18,active,2,2026-03-01,2026-06-01,fresh
1545,vmnsik,"Ввод мощностей, новое строительство: Изделия кондитерские",6,18,active,2,2026-03-01,2026-06-01,fresh
1546,vmrik,"Ввод мощностей, реконструкция: Изделия кондитерские",6,18,active,2,2026-03-01,2026-06-01,fresh
1547,vmpk_2,Ввод мощностей: Пищевые концентраты,6,18,active,2,2026-03-01,2026-06-01,fresh
1548,vmrpk,"Ввод мощностей, реконструкция: Пищевые концентраты",6,18,active,2,2026-03-01,2026-06-01,fresh
1549,vmkz,Ввод мощностей: Кормоцехи для животноводства,6,18,active,2,2026-03-01,2026-06-01,fresh
1550,vmnskz,"Ввод мощностей, новое строительство: Кормоцехи для животноводства",6,18,active,2,2026-03-01,2026-06-01,fresh
1551,vmpn,Ввод мощностей: Производство напитков,6,18,active,2,2026-03-01,2026-06-01,fresh
1552,vmnspn,"Ввод мощностей, новое строительство: Производство напитков",6,18,active,2,2026-03-01,2026-06-01,fresh
1553,vmpti,Ввод мощностей: Производство текстильных изделий,6,18,active,2,2026-03-01,2026-06-01,fresh
1554,vmnspti,"Ввод мощностей, новое строительство: Производство текстильных изделий",6,18,active,2,2026-03-01,2026-06-01,fresh
1555,vmtg,Ввод мощностей: Ткани готовые,6,18,active,2,2026-03-01,2026-06-01,fresh
1556,vmnstg,"Ввод мощностей, новое строительство: Ткани готовые",6,18,active,2,2026-03-01,2026-06-01,fresh
1557,vmpkik,Ввод мощностей: Производство кожи и изделий из кожи,6,18,active,2,2026-03-01,2026-06-01,fresh
1558,vmnspkik,"Ввод мощностей, новое строительство: Производство кожи и изделий из кожи",6,18,active,2,2026-03-01,2026-06-01,fresh
1559,vmok,Ввод мощностей: Обувь кожаная,6,18,active,2,2026-03-01,2026-06-01,fresh
1560,vmnsok,"Ввод мощностей, новое строительство: Обувь кожаная",6,18,active,2,2026-03-01,2026-06-01,fresh
1561,vmodpidpkmpism,"Ввод мощностей: Обработка древесины и производство изделий из дерева и пробки, кроме мебели, производство изделий из сол",6,18,active,2,2026-03-01,2026-06-01,fresh
1562,vmnsodpidpkmpism,"Ввод мощностей, новое строительство: Обработка древесины и производство изделий из дерева и пробки, кроме мебели, произв",6,18,active,2,2026-03-01,2026-06-01,fresh
1563,vmrodpidpkmpism,"Ввод мощностей, реконструкция: Обработка древесины и производство изделий из дерева и пробки, кроме мебели, производство",6,18,active,2,2026-03-01,2026-06-01,fresh
1564,vmis,Ввод мощностей: Изделия столярные,6,18,active,2,2026-03-01,2026-06-01,fresh
1565,vmnsis,"Ввод мощностей, новое строительство: Изделия столярные",6,18,active,2,2026-03-01,2026-06-01,fresh
1566,vmpbbi,Ввод мощностей: Производство бумаги и бумажных изделий,6,18,active,2,2026-03-01,2026-06-01,fresh
1567,vmnspbbi,"Ввод мощностей, новое строительство: Производство бумаги и бумажных изделий",6,18,active,2,2026-03-01,2026-06-01,fresh
1568,vmpkvkp,Ввод мощностей: Производство химических веществ и химических продуктов,6,18,active,2,2026-03-01,2026-06-01,fresh
1569,vmnspkvkp,"Ввод мощностей, новое строительство: Производство химических веществ и химических продуктов",6,18,active,2,2026-03-01,2026-06-01,fresh
1570,vmlk,Ввод мощностей: Лаки и краски,6,18,active,2,2026-03-01,2026-06-01,fresh
1571,vmnslk,"Ввод мощностей, новое строительство: Лаки и краски",6,18,active,2,2026-03-01,2026-06-01,fresh
1572,vmplsmpmtv,"Ввод мощностей: Производство лекарственных средств и материалов, применяемых в медицинских целях и ветеринарии",6,18,active,2,2026-03-01,2026-06-01,fresh
1573,vmnsplsmpmtv,"Ввод мощностей, новое строительство: Производство лекарственных средств и материалов, применяемых в медицинских целях и ",6,18,active,2,2026-03-01,2026-06-01,fresh
1574,vmrplsmpmtv,"Ввод мощностей, реконструкция: Производство лекарственных средств и материалов, применяемых в медицинских целях и ветери",6,18,active,2,2026-03-01,2026-06-01,fresh
1575,vmprpi,Ввод мощностей: Производство резиновых и пластмассовых изделий,6,18,active,2,2026-03-01,2026-06-01,fresh
1576,vmnsprpi,"Ввод мощностей, новое строительство: Производство резиновых и пластмассовых изделий",6,18,active,2,2026-03-01,2026-06-01,fresh
1577,vmppnmp,Ввод мощностей: Производство прочей неметаллической минеральной продукции,6,18,active,2,2026-03-01,2026-06-01,fresh
1578,vmnsppnmp,"Ввод мощностей, новое строительство: Производство прочей неметаллической минеральной продукции",6,18,active,2,2026-03-01,2026-06-01,fresh
1579,vmbt,Ввод мощностей: Бетон товарный,6,18,active,2,2026-03-01,2026-06-01,fresh
1580,vmnsbt,"Ввод мощностей, новое строительство: Бетон товарный",6,18,active,2,2026-03-01,2026-06-01,fresh
1581,vmss,Ввод мощностей: Сухие смеси,6,18,active,2,2026-03-01,2026-06-01,fresh
1582,vmnsss,"Ввод мощностей, новое строительство: Сухие смеси",6,18,active,2,2026-03-01,2026-06-01,fresh
1583,vmsmbszp,Ввод мощностей: Стеновые материалы (без стеновых железобетонных панелей),6,18,active,2,2026-03-01,2026-06-01,fresh
1584,vmnssmbszp,"Ввод мощностей, новое строительство: Стеновые материалы (без стеновых железобетонных панелей)",6,18,active,2,2026-03-01,2026-06-01,fresh
1585,vmks,Ввод мощностей: Кирпич строительный,6,18,active,2,2026-03-01,2026-06-01,fresh
1586,vmnsks,"Ввод мощностей, новое строительство: Кирпич строительный",6,18,active,2,2026-03-01,2026-06-01,fresh
1587,vmkg,Ввод мощностей: Кирпич глиняный,6,18,active,2,2026-03-01,2026-06-01,fresh
1588,vmnskg,"Ввод мощностей, новое строительство: Кирпич глиняный",6,18,active,2,2026-03-01,2026-06-01,fresh
1589,vmb,Ввод мощностей: Блоки,6,18,active,2,2026-03-01,2026-06-01,fresh
1590,vmnsb,"Ввод мощностей, новое строительство: Блоки",6,18,active,2,2026-03-01,2026-06-01,fresh
1591,vmibyb,Ввод мощностей: Изделие (блоки) из ячеистого бетона,6,18,active,2,2026-03-01,2026-06-01,fresh
1592,vmnsibyb,"Ввод мощностей, новое строительство: Изделие (блоки) из ячеистого бетона",6,18,active,2,2026-03-01,2026-06-01,fresh
1593,vmmi,Ввод мощностей: Минераловатные изделия,6,18,active,2,2026-03-01,2026-06-01,fresh
1594,vmnsmi,"Ввод мощностей, новое строительство: Минераловатные изделия",6,18,active,2,2026-03-01,2026-06-01,fresh
1595,vmpm,Ввод мощностей: Производство металлургическое,6,18,active,2,2026-03-01,2026-06-01,fresh
1596,vmnspm,"Ввод мощностей, новое строительство: Производство металлургическое",6,18,active,2,2026-03-01,2026-06-01,fresh
1597,vmpgmikmo,"Ввод мощностей: Производство готовых металлических изделий, кроме машин и оборудования",6,18,active,2,2026-03-01,2026-06-01,fresh
1598,vmnspgmikmo,"Ввод мощностей, новое строительство: Производство готовых металлических изделий, кроме машин и оборудования",6,18,active,2,2026-03-01,2026-06-01,fresh
1599,vmrpgmikmo,"Ввод мощностей, реконструкция: Производство готовых металлических изделий, кроме машин и оборудования",6,18,active,2,2026-03-01,2026-06-01,fresh
1600,vmpeo,Ввод мощностей: Производство электрического оборудования,6,18,active,2,2026-03-01,2026-06-01,fresh
1601,vmnspeo,"Ввод мощностей, новое строительство: Производство электрического оборудования",6,18,active,1,2026-03-01,2026-03-01,fresh
1602,vmrpeo,"Ввод мощностей, реконструкция: Производство электрического оборудования",6,18,active,2,2026-03-01,2026-06-01,fresh
1603,vmko,Ввод мощностей: Холодильное оборудование,6,18,active,2,2026-03-01,2026-06-01,fresh
1604,vmnsko,"Ввод мощностей, новое строительство: Холодильное оборудование",6,18,active,2,2026-03-01,2026-06-01,fresh
1605,vmpmovdg,"Ввод мощностей: Производство машин и оборудования, не включенных в другие группировки",6,18,active,2,2026-03-01,2026-06-01,fresh
1606,vmnspmovdg,"Ввод мощностей, новое строительство: Производство машин и оборудования, не включенных в другие группировки",6,18,active,2,2026-03-01,2026-06-01,fresh
1607,vmotzcnptopp,"Ввод мощностей: Оборудование технологическое и запасные части к нему для предприятий торговли, общественного питания и п",6,18,active,2,2026-03-01,2026-06-01,fresh
1608,vmnsotzcnptopp,"Ввод мощностей, новое строительство: Оборудование технологическое и запасные части к нему для предприятий торговли, обще",6,18,active,2,2026-03-01,2026-06-01,fresh
1609,vmpaspp,"Ввод мощностей: Производство автотранспортных средств, прицепов и полуприцепов",6,18,active,2,2026-03-01,2026-06-01,fresh
1610,vmnspaspp,"Ввод мощностей, новое строительство: Производство автотранспортных средств, прицепов и полуприцепов",6,18,active,2,2026-03-01,2026-06-01,fresh
1611,vmoeegpkv,"Ввод мощностей: Обеспечение электрической энергией, газом и паром; кондиционирование воздуха",6,18,active,2,2026-03-01,2026-06-01,fresh
1612,vmnsoeegpkv,"Ввод мощностей, новое строительство: Обеспечение электрической энергией, газом и паром; кондиционирование воздуха",6,18,active,2,2026-03-01,2026-06-01,fresh
1613,vmderks,Ввод мощностей: Дизельные электростанции в районах Крайнего Севера,6,18,active,2,2026-03-01,2026-06-01,fresh
1614,vmnsderks,"Ввод мощностей, новое строительство: Дизельные электростанции в районах Крайнего Севера",6,18,active,2,2026-03-01,2026-06-01,fresh
1615,vmlenkv,"Ввод мощностей: Линии электропередачи напряжением 35 кВ 
и выше",6,18,active,2,2026-03-01,2026-06-01,fresh
1616,vmnslenkv,"Ввод мощностей, новое строительство: Линии электропередачи напряжением 35 кВ 
и выше",6,18,active,2,2026-03-01,2026-06-01,fresh
1617,vmrlenkv,"Ввод мощностей, реконструкция: Линии электропередачи напряжением 35 кВ 
и выше",6,18,active,2,2026-03-01,2026-06-01,fresh
1618,vmlenk,"Ввод мощностей: Линии электропередачи напряжением 
35-110 кВ",6,18,active,2,2026-03-01,2026-06-01,fresh
1619,vmnslenk,"Ввод мощностей, новое строительство: Линии электропередачи напряжением 
35-110 кВ",6,18,active,2,2026-03-01,2026-06-01,fresh
1620,vmrlenk,"Ввод мощностей, реконструкция: Линии электропередачи напряжением 
35-110 кВ",6,18,active,2,2026-03-01,2026-06-01,fresh
1621,vmlenk_2,Ввод мощностей: Линии электропередачи напряжением 220 кВ,6,18,active,2,2026-03-01,2026-06-01,fresh
1622,vmnslenk_2,"Ввод мощностей, новое строительство: Линии электропередачи напряжением 220 кВ",6,18,active,2,2026-03-01,2026-06-01,fresh
1623,vmrlenk_2,"Ввод мощностей, реконструкция: Линии электропередачи напряжением 220 кВ",6,18,active,2,2026-03-01,2026-06-01,fresh
1624,vmlenkv_2,"Ввод мощностей: Линии электропередачи напряжением 500 кВ 
и выше",6,18,active,2,2026-03-01,2026-06-01,fresh
1625,vmnslenkv_2,"Ввод мощностей, новое строительство: Линии электропередачи напряжением 500 кВ 
и выше",6,18,active,2,2026-03-01,2026-06-01,fresh
1626,vmlenk_3,Ввод мощностей: Линии электропередачи напряжением до 35 кВ,6,18,active,2,2026-03-01,2026-06-01,fresh
1627,vmnslenk_3,"Ввод мощностей, новое строительство: Линии электропередачи напряжением до 35 кВ",6,18,active,2,2026-03-01,2026-06-01,fresh
1628,vmrlenk_3,"Ввод мощностей, реконструкция: Линии электропередачи напряжением до 35 кВ",6,18,active,2,2026-03-01,2026-06-01,fresh
1629,vmlenk_4,Ввод мощностей: Линии электропередачи напряжением 6-20 кВ,6,18,active,2,2026-03-01,2026-06-01,fresh
1630,vmnslenk_4,"Ввод мощностей, новое строительство: Линии электропередачи напряжением 6-20 кВ",6,18,active,2,2026-03-01,2026-06-01,fresh
1631,vmrlenk_4,"Ввод мощностей, реконструкция: Линии электропередачи напряжением 6-20 кВ",6,18,active,2,2026-03-01,2026-06-01,fresh
1632,vmleesknk,Ввод мощностей: Линии электропередачи для электрификации сельского хозяйства напряжением 6-20 кВ,6,18,active,2,2026-03-01,2026-06-01,fresh
1633,vmnsleesknk,"Ввод мощностей, новое строительство: Линии электропередачи для электрификации сельского хозяйства напряжением 6-20 кВ",6,18,active,2,2026-03-01,2026-06-01,fresh
1634,vmrleesknk,"Ввод мощностей, реконструкция: Линии электропередачи для электрификации сельского хозяйства напряжением 6-20 кВ",6,18,active,2,2026-03-01,2026-06-01,fresh
1635,vmlenk_5,"Ввод мощностей: Линии электропередачи напряжением 0,4 кВ",6,18,active,2,2026-03-01,2026-06-01,fresh
1636,vmnslenk_5,"Ввод мощностей, новое строительство: Линии электропередачи напряжением 0,4 кВ",6,18,active,2,2026-03-01,2026-06-01,fresh
1637,vmrlenk_5,"Ввод мощностей, реконструкция: Линии электропередачи напряжением 0,4 кВ",6,18,active,2,2026-03-01,2026-06-01,fresh
1638,vmleesknk_2,"Ввод мощностей: Линии электропередачи для электрификации сельского хозяйства напряжением 0,4 кВ",6,18,active,2,2026-03-01,2026-06-01,fresh
1639,vmnsleesknk_2,"Ввод мощностей, новое строительство: Линии электропередачи для электрификации сельского хозяйства напряжением 0,4 кВ",6,18,active,2,2026-03-01,2026-06-01,fresh
1640,vmrleesknk_2,"Ввод мощностей, реконструкция: Линии электропередачи для электрификации сельского хозяйства напряжением 0,4 кВ",6,18,active,2,2026-03-01,2026-06-01,fresh
1641,vmlenkfk,"Ввод мощностей: Линии электропередачи напряжением 
0,4 кВ для фермерских хозяйств",6,18,active,2,2026-03-01,2026-06-01,fresh
1642,vmnslenkfk,"Ввод мощностей, новое строительство: Линии электропередачи напряжением 
0,4 кВ для фермерских хозяйств",6,18,active,2,2026-03-01,2026-06-01,fresh
1643,vmtppnkv,Ввод мощностей: Трансформаторные понизительные подстанции напряжением 35 кВ и выше,6,18,active,2,2026-03-01,2026-06-01,fresh
1644,vmnstppnkv,"Ввод мощностей, новое строительство: Трансформаторные понизительные подстанции напряжением 35 кВ и выше",6,18,active,2,2026-03-01,2026-06-01,fresh
1645,vmrtppnkv,"Ввод мощностей, реконструкция: Трансформаторные понизительные подстанции напряжением 35 кВ и выше",6,18,active,2,2026-03-01,2026-06-01,fresh
1646,vmtppnk,Ввод мощностей: Трансформаторные понизительные подстанции напряжением до 35 кВ,6,18,active,2,2026-03-01,2026-06-01,fresh
1647,vmnstppnk,"Ввод мощностей, новое строительство: Трансформаторные понизительные подстанции напряжением до 35 кВ",6,18,active,2,2026-03-01,2026-06-01,fresh
1648,vmrtppnk,"Ввод мощностей, реконструкция: Трансформаторные понизительные подстанции напряжением до 35 кВ",6,18,active,2,2026-03-01,2026-06-01,fresh
1649,vmstm,Ввод мощностей: Сети тепловые магистральные,6,18,active,2,2026-03-01,2026-06-01,fresh
1650,vmnsstm,"Ввод мощностей, новое строительство: Сети тепловые магистральные",6,18,active,2,2026-03-01,2026-06-01,fresh
1651,vmksmggppkg,"Ввод мощностей: Компрессорные станции на магистральных газопроводах, газовых промыслах и подземных хранилищах газа",6,18,active,2,2026-03-01,2026-06-01,fresh
1652,vmnsksmggppkg,"Ввод мощностей, новое строительство: Компрессорные станции на магистральных газопроводах, газовых промыслах и подземных ",6,18,active,2,2026-03-01,2026-06-01,fresh
1653,vmgs,Ввод мощностей: Газораспределительные станции,6,18,active,2,2026-03-01,2026-06-01,fresh
1654,vmnsgs,"Ввод мощностей, новое строительство: Газораспределительные станции",6,18,active,2,2026-03-01,2026-06-01,fresh
1655,vmrgs,"Ввод мощностей, реконструкция: Газораспределительные станции",6,18,active,2,2026-03-01,2026-06-01,fresh
1656,vmtspo,Ввод мощностей: Тепловые сети к производственным объектам,6,18,active,2,2026-03-01,2026-06-01,fresh
1657,vmnstspo,"Ввод мощностей, новое строительство: Тепловые сети к производственным объектам",6,18,active,2,2026-03-01,2026-06-01,fresh
1658,vmrgopn,Ввод мощностей: Распределительные газопроводы к объектам производственного назначения,6,18,active,2,2026-03-01,2026-06-01,fresh
1659,vmnsrgopn,"Ввод мощностей, новое строительство: Распределительные газопроводы к объектам производственного назначения",6,18,active,2,2026-03-01,2026-06-01,fresh
1660,vmrgosn,Ввод мощностей: Распределительные газопроводы к объектам сельскохозяйственного назначения,6,18,active,2,2026-03-01,2026-06-01,fresh
1661,vmnsrgosn,"Ввод мощностей, новое строительство: Распределительные газопроводы к объектам сельскохозяйственного назначения",6,18,active,2,2026-03-01,2026-06-01,fresh
1662,vmzorv,"Ввод мощностей: Забор, очистка и распределение воды",6,18,active,2,2026-03-01,2026-06-01,fresh
1663,vmnszorv,"Ввод мощностей, новое строительство: Забор, очистка и распределение воды",6,18,active,2,2026-03-01,2026-06-01,fresh
1664,vmsosv,Ввод мощностей: Сбор и обработка сточных вод,6,18,active,2,2026-03-01,2026-06-01,fresh
1665,vmnssosv,"Ввод мощностей, новое строительство: Сбор и обработка сточных вод",6,18,active,2,2026-03-01,2026-06-01,fresh
1666,vmsis,Ввод мощностей: Строительство инженерных сооружений,6,18,active,2,2026-03-01,2026-06-01,fresh
1667,vmnssis,"Ввод мощностей, новое строительство: Строительство инженерных сооружений",6,18,active,2,2026-03-01,2026-06-01,fresh
1668,vmbk,Ввод мощностей: Буровые колодцы,6,18,active,2,2026-03-01,2026-06-01,fresh
1669,vmnsbk,"Ввод мощностей, новое строительство: Буровые колодцы",6,18,active,2,2026-03-01,2026-06-01,fresh
1670,vmas,Ввод мощностей: Артезианские скважины,6,18,active,2,2026-03-01,2026-06-01,fresh
1671,vmnsas,"Ввод мощностей, новое строительство: Артезианские скважины",6,18,active,2,2026-03-01,2026-06-01,fresh
1672,vmtorasmir,Ввод мощностей: Торговля оптовая и розничная автотранспортными средствами и мотоциклами и их ремонт,6,18,active,2,2026-03-01,2026-06-01,fresh
1673,vmnstorasmir,"Ввод мощностей, новое строительство: Торговля оптовая и розничная автотранспортными средствами и мотоциклами и их ремонт",6,18,active,2,2026-03-01,2026-06-01,fresh
1674,vmrtorasmir,"Ввод мощностей, реконструкция: Торговля оптовая и розничная автотранспортными средствами и мотоциклами и их ремонт",6,18,active,2,2026-03-01,2026-06-01,fresh
1675,vmstoga,Ввод мощностей: Станции технического обслуживания грузовых автомобилей,6,18,active,2,2026-03-01,2026-06-01,fresh
1676,vmnsstoga,"Ввод мощностей, новое строительство: Станции технического обслуживания грузовых автомобилей",6,18,active,2,2026-03-01,2026-06-01,fresh
1677,vma,Ввод мощностей: Автоцентр,6,18,active,2,2026-03-01,2026-06-01,fresh
1678,vmnsa,"Ввод мощностей, новое строительство: Автоцентр",6,18,active,2,2026-03-01,2026-06-01,fresh
1679,vmkds,Ввод мощностей: Комплексы дорожного сервиса,6,18,active,2,2026-03-01,2026-06-01,fresh
1680,vmnskds,"Ввод мощностей, новое строительство: Комплексы дорожного сервиса",6,18,active,2,2026-03-01,2026-06-01,fresh
1681,vmrkds,"Ввод мощностей, реконструкция: Комплексы дорожного сервиса",6,18,active,2,2026-03-01,2026-06-01,fresh
1682,vma_2,Ввод мощностей: Автомойка,6,18,active,1,2026-03-01,2026-03-01,fresh
1683,vmnsa_2,"Ввод мощностей, новое строительство: Автомойка",6,18,active,1,2026-03-01,2026-03-01,fresh
1684,vmamp,Ввод мощностей: Автомойка (моечных постов),6,18,active,2,2026-03-01,2026-06-01,fresh
1685,vmnsamp,"Ввод мощностей, новое строительство: Автомойка (моечных постов)",6,18,active,2,2026-03-01,2026-06-01,fresh
1686,vmramp,"Ввод мощностей, реконструкция: Автомойка (моечных постов)",6,18,active,2,2026-03-01,2026-06-01,fresh
1687,vmtrktasm,"Ввод мощностей: Торговля розничная, кроме торговли автотранспортными средствами и мотоциклами",6,18,active,2,2026-03-01,2026-06-01,fresh
1688,vmnstrktasm,"Ввод мощностей, новое строительство: Торговля розничная, кроме торговли автотранспортными средствами и мотоциклами",6,18,active,2,2026-03-01,2026-06-01,fresh
1689,vmrtrktasm,"Ввод мощностей, реконструкция: Торговля розничная, кроме торговли автотранспортными средствами и мотоциклами",6,18,active,2,2026-03-01,2026-06-01,fresh
1690,vmrp,Ввод мощностей: Рынки и павильоны,6,18,active,2,2026-03-01,2026-06-01,fresh
1691,vmnsrp,"Ввод мощностей, новое строительство: Рынки и павильоны",6,18,active,2,2026-03-01,2026-06-01,fresh
1692,vmas_2,Ввод мощностей: Автозаправочные станции,6,18,active,2,2026-03-01,2026-06-01,fresh
1693,vmnsas_2,"Ввод мощностей, новое строительство: Автозаправочные станции",6,18,active,2,2026-03-01,2026-06-01,fresh
1694,vmras,"Ввод мощностей, реконструкция: Автозаправочные станции",6,18,active,2,2026-03-01,2026-06-01,fresh
1695,vmagssng,Ввод мощностей: Автомобильные газозаправочные станции сжиженного нефтяного газа,6,18,active,2,2026-03-01,2026-06-01,fresh
1696,vmnsagssng,"Ввод мощностей, новое строительство: Автомобильные газозаправочные станции сжиженного нефтяного газа",6,18,active,2,2026-03-01,2026-06-01,fresh
1697,vmagks,Ввод мощностей: Автомобильные газонаполнительные компрессорные станции,6,18,active,2,2026-03-01,2026-06-01,fresh
1698,vmnsagks,"Ввод мощностей, новое строительство: Автомобильные газонаполнительные компрессорные станции",6,18,active,2,2026-03-01,2026-06-01,fresh
1699,vmdstt,Ввод мощностей: Деятельность сухопутного и трубопроводного транспорта,6,18,active,2,2026-03-01,2026-06-01,fresh
1700,vmnsdstt,"Ввод мощностей, новое строительство: Деятельность сухопутного и трубопроводного транспорта",6,18,active,2,2026-03-01,2026-06-01,fresh
1701,vmrdstt,"Ввод мощностей, реконструкция: Деятельность сухопутного и трубопроводного транспорта",6,18,active,2,2026-03-01,2026-06-01,fresh
1702,vmvp,Ввод мощностей: Вторые пути,6,18,active,2,2026-03-01,2026-06-01,fresh
1703,vmnsvp,"Ввод мощностей, новое строительство: Вторые пути",6,18,active,2,2026-03-01,2026-06-01,fresh
1704,vmzppo,Ввод мощностей: Железнодорожные пути к производственным объектам,6,18,active,2,2026-03-01,2026-06-01,fresh
1705,vmnszppo,"Ввод мощностей, новое строительство: Железнодорожные пути к производственным объектам",6,18,active,2,2026-03-01,2026-06-01,fresh
1706,vmrzppo,"Ввод мощностей, реконструкция: Железнодорожные пути к производственным объектам",6,18,active,2,2026-03-01,2026-06-01,fresh
1707,vmtpo,Ввод мощностей: Трамвайные пути (одиночные),6,18,active,2,2026-03-01,2026-06-01,fresh
1708,vmnstpo,"Ввод мощностей, новое строительство: Трамвайные пути (одиночные)",6,18,active,2,2026-03-01,2026-06-01,fresh
1709,vmnmnmr,Ввод мощностей: Нефтепроводы магистральные и нефтепродуктопроводы магистральные региональные,6,18,active,2,2026-03-01,2026-06-01,fresh
1710,vmnsnmnmr,"Ввод мощностей, новое строительство: Нефтепроводы магистральные и нефтепродуктопроводы магистральные региональные",6,18,active,2,2026-03-01,2026-06-01,fresh
1711,vmrnmnmr,"Ввод мощностей, реконструкция: Нефтепроводы магистральные и нефтепродуктопроводы магистральные региональные",6,18,active,2,2026-03-01,2026-06-01,fresh
1712,vmnm,Ввод мощностей: Нефтепроводы магистральные,6,18,active,2,2026-03-01,2026-06-01,fresh
1713,vmnsnm,"Ввод мощностей, новое строительство: Нефтепроводы магистральные",6,18,active,2,2026-03-01,2026-06-01,fresh
1714,vmrnm,"Ввод мощностей, реконструкция: Нефтепроводы магистральные",6,18,active,2,2026-03-01,2026-06-01,fresh
1715,vmgmon,Ввод мощностей: Газопроводы магистральные и отводы от них,6,18,active,2,2026-03-01,2026-06-01,fresh
1716,vmnsgmon,"Ввод мощностей, новое строительство: Газопроводы магистральные и отводы от них",6,18,active,2,2026-03-01,2026-06-01,fresh
1717,vmrgmon,"Ввод мощностей, реконструкция: Газопроводы магистральные и отводы от них",6,18,active,2,2026-03-01,2026-06-01,fresh
1718,vmadtp,Ввод мощностей: Автомобильные дороги с твердым покрытием,6,18,active,2,2026-03-01,2026-06-01,fresh
1719,vmnsadtp,"Ввод мощностей, новое строительство: Автомобильные дороги с твердым покрытием",6,18,active,2,2026-03-01,2026-06-01,fresh
1720,vmradtp,"Ввод мощностей, реконструкция: Автомобильные дороги с твердым покрытием",6,18,active,2,2026-03-01,2026-06-01,fresh
1721,vmadtpnp,Ввод мощностей: Автомобильные дороги с твердым покрытием необщего пользования,6,18,active,2,2026-03-01,2026-06-01,fresh
1722,vmnsadtpnp,"Ввод мощностей, новое строительство: Автомобильные дороги с твердым покрытием необщего пользования",6,18,active,2,2026-03-01,2026-06-01,fresh
1723,vmadtpop,Ввод мощностей: Автомобильные дороги с твердым покрытием общего пользования,6,18,active,2,2026-03-01,2026-06-01,fresh
1724,vmnsadtpop,"Ввод мощностей, новое строительство: Автомобильные дороги с твердым покрытием общего пользования",6,18,active,2,2026-03-01,2026-06-01,fresh
1725,vmradtpop,"Ввод мощностей, реконструкция: Автомобильные дороги с твердым покрытием общего пользования",6,18,active,2,2026-03-01,2026-06-01,fresh
1726,vmadtpopfz,Ввод мощностей: Автомобильные дороги с твердым покрытием общего пользования федерального значения,6,18,active,2,2026-03-01,2026-06-01,fresh
1727,vmnsadtpopfz,"Ввод мощностей, новое строительство: Автомобильные дороги с твердым покрытием общего пользования федерального значения",6,18,active,2,2026-03-01,2026-06-01,fresh
1728,vmadtpopmz,Ввод мощностей: Автомобильные дороги с твердым покрытием общего пользования местного значения,6,18,active,2,2026-03-01,2026-06-01,fresh
1729,vmnsadtpopmz,"Ввод мощностей, новое строительство: Автомобильные дороги с твердым покрытием общего пользования местного значения",6,18,active,2,2026-03-01,2026-06-01,fresh
1730,vmradtpopmz,"Ввод мощностей, реконструкция: Автомобильные дороги с твердым покрытием общего пользования местного значения",6,18,active,2,2026-03-01,2026-06-01,fresh
1731,vmadtpoprmz,Ввод мощностей: Автомобильные дороги с твердым покрытием общего пользования регионального или межмуниципального значения,6,18,active,2,2026-03-01,2026-06-01,fresh
1732,vmnsadtpoprmz,"Ввод мощностей, новое строительство: Автомобильные дороги с твердым покрытием общего пользования регионального или межму",6,18,active,2,2026-03-01,2026-06-01,fresh
1733,vmradtpoprmz,"Ввод мощностей, реконструкция: Автомобильные дороги с твердым покрытием общего пользования регионального или межмуниципа",6,18,active,2,2026-03-01,2026-06-01,fresh
1734,vmadopt,Ввод мощностей: Автомобильные дороги общего пользования цементнобетонные,6,18,active,2,2026-03-01,2026-06-01,fresh
1735,vmnsadopt,"Ввод мощностей, новое строительство: Автомобильные дороги общего пользования цементнобетонные",6,18,active,2,2026-03-01,2026-06-01,fresh
1736,vmadopa,Ввод мощностей: Автомобильные дороги общего пользования асфальтобетонные,6,18,active,2,2026-03-01,2026-06-01,fresh
1737,vmnsadopa,"Ввод мощностей, новое строительство: Автомобильные дороги общего пользования асфальтобетонные",6,18,active,2,2026-03-01,2026-06-01,fresh
1738,vmradopa,"Ввод мощностей, реконструкция: Автомобильные дороги общего пользования асфальтобетонные",6,18,active,2,2026-03-01,2026-06-01,fresh
1739,vmadopsg,Ввод мощностей: Автомобильные дороги общего пользования щебеночные и гравийные,6,18,active,2,2026-03-01,2026-06-01,fresh
1740,vmnsadopsg,"Ввод мощностей, новое строительство: Автомобильные дороги общего пользования щебеночные и гравийные",6,18,active,2,2026-03-01,2026-06-01,fresh
1741,vmnppp,Ввод мощностей: Надземный (подземный) пешеходный переход,6,18,active,2,2026-03-01,2026-06-01,fresh
1742,vmnsnppp,"Ввод мощностей, новое строительство: Надземный (подземный) пешеходный переход",6,18,active,2,2026-03-01,2026-06-01,fresh
1743,vmrnppp,"Ввод мощностей, реконструкция: Надземный (подземный) пешеходный переход",6,18,active,2,2026-03-01,2026-06-01,fresh
1744,vmdvt,Ввод мощностей: Деятельность водного транспорта,6,18,active,2,2026-03-01,2026-06-01,fresh
1745,vmnsdvt,"Ввод мощностей, новое строительство: Деятельность водного транспорта",6,18,active,2,2026-03-01,2026-06-01,fresh
1746,vmskvtd,Ввод мощностей: Складское хозяйство и вспомогательная транспортная деятельность,6,18,active,2,2026-03-01,2026-06-01,fresh
1747,vmnsskvtd,"Ввод мощностей, новое строительство: Складское хозяйство и вспомогательная транспортная деятельность",6,18,active,2,2026-03-01,2026-06-01,fresh
1748,vmzm,Ввод мощностей: Зерносклады механизированные,6,18,active,2,2026-03-01,2026-06-01,fresh
1749,vmnszm,"Ввод мощностей, новое строительство: Зерносклады механизированные",6,18,active,2,2026-03-01,2026-06-01,fresh
1750,vme,Ввод мощностей: Элеваторы,6,18,active,2,2026-03-01,2026-06-01,fresh
1751,vmnse,"Ввод мощностей, новое строительство: Элеваторы",6,18,active,2,2026-03-01,2026-06-01,fresh
1752,vmkkofot,"Ввод мощностей: Хранилища для картофеля, овощей и фруктов для организаций торговли",6,18,active,2,2026-03-01,2026-06-01,fresh
1753,vmnskkofot,"Ввод мощностей, новое строительство: Хранилища для картофеля, овощей и фруктов для организаций торговли",6,18,active,2,2026-03-01,2026-06-01,fresh
1754,vmkot,Ввод мощностей: Картофелехранилища для организаций торговли,6,18,active,2,2026-03-01,2026-06-01,fresh
1755,vmnskot,"Ввод мощностей, новое строительство: Картофелехранилища для организаций торговли",6,18,active,2,2026-03-01,2026-06-01,fresh
1756,vmskoot,Ввод мощностей: Смешанные картофеле- и овощехранилища для организаций торговли,6,18,active,2,2026-03-01,2026-06-01,fresh
1757,vmnsskoot,"Ввод мощностей, новое строительство: Смешанные картофеле- и овощехранилища для организаций торговли",6,18,active,2,2026-03-01,2026-06-01,fresh
1758,vmk,"Ввод мощностей: Холодильники, всего",6,18,active,2,2026-03-01,2026-06-01,fresh
1759,vmnsk,"Ввод мощностей, новое строительство: Холодильники, всего",6,18,active,2,2026-03-01,2026-06-01,fresh
1760,vmkpmmp,"Ввод мощностей: Холодильники для производства мясных 
и молочных продуктов",6,18,active,2,2026-03-01,2026-06-01,fresh
1761,vmnskpmmp,"Ввод мощностей, новое строительство: Холодильники для производства мясных 
и молочных продуктов",6,18,active,2,2026-03-01,2026-06-01,fresh
1762,vmapc,Ввод мощностей: Автовокзал (пассажиров в час),6,18,active,2,2026-03-01,2026-06-01,fresh
1763,vmnsapc,"Ввод мощностей, новое строительство: Автовокзал (пассажиров в час)",6,18,active,2,2026-03-01,2026-06-01,fresh
1764,vmapspc,"Ввод мощностей: Аэровокзалы, пропускная способность (пассажиров в час)",6,18,active,2,2026-03-01,2026-06-01,fresh
1765,vmnsapspc,"Ввод мощностей, новое строительство: Аэровокзалы, пропускная способность (пассажиров в час)",6,18,active,2,2026-03-01,2026-06-01,fresh
1766,vmmk_2,"Ввод мощностей: Мосты, количество",6,18,active,2,2026-03-01,2026-06-01,fresh
1767,vmnsmk_2,"Ввод мощностей, новое строительство: Мосты, количество",6,18,active,2,2026-03-01,2026-06-01,fresh
1768,vmm,Ввод мощностей: Мосты,6,18,active,2,2026-03-01,2026-06-01,fresh
1769,vmnsm,"Ввод мощностей, новое строительство: Мосты",6,18,active,2,2026-03-01,2026-06-01,fresh
1770,vmrm_2,"Ввод мощностей, реконструкция: Мосты",6,18,active,2,2026-03-01,2026-06-01,fresh
1771,vmos,Ввод мощностей: Общетоварные склады,6,18,active,2,2026-03-01,2026-06-01,fresh
1772,vmnsos,"Ввод мощностей, новое строительство: Общетоварные склады",6,18,active,2,2026-03-01,2026-06-01,fresh
1773,vmros,"Ввод мощностей, реконструкция: Общетоварные склады",6,18,active,2,2026-03-01,2026-06-01,fresh
1774,vmn,Ввод мощностей: Нефтеемкости,6,18,active,2,2026-03-01,2026-06-01,fresh
1775,vmnsn,"Ввод мощностей, новое строительство: Нефтеемкости",6,18,active,2,2026-03-01,2026-06-01,fresh
1776,vmdpppn,Ввод мощностей: Деятельность по предоставлению продуктов питания и напитков,6,18,active,2,2026-03-01,2026-06-01,fresh
1777,vmnsdpppn,"Ввод мощностей, новое строительство: Деятельность по предоставлению продуктов питания и напитков",6,18,active,2,2026-03-01,2026-06-01,fresh
1778,vmrdpppn,"Ввод мощностей, реконструкция: Деятельность по предоставлению продуктов питания и напитков",6,18,active,2,2026-03-01,2026-06-01,fresh
1779,vmdst,Ввод мощностей: Деятельность в сфере телекоммуникаций,6,18,active,2,2026-03-01,2026-06-01,fresh
1780,vmnsdst,"Ввод мощностей, новое строительство: Деятельность в сфере телекоммуникаций",6,18,active,2,2026-03-01,2026-06-01,fresh
1781,vmga,Ввод мощностей: Городские АТС,6,18,active,2,2026-03-01,2026-06-01,fresh
1782,vmnsga,"Ввод мощностей, новое строительство: Городские АТС",6,18,active,2,2026-03-01,2026-06-01,fresh
1783,vmamsss,Ввод мощностей: Антенно-мачтовые сооружения для сотовой связи,6,18,active,2,2026-03-01,2026-06-01,fresh
1784,vmnsamsss,"Ввод мощностей, новое строительство: Антенно-мачтовые сооружения для сотовой связи",6,18,active,2,2026-03-01,2026-06-01,fresh
1785,vmbss,Ввод мощностей: Башня сотовой связи,6,18,active,2,2026-03-01,2026-06-01,fresh
1786,vmnsbss,"Ввод мощностей, новое строительство: Башня сотовой связи",6,18,active,2,2026-03-01,2026-06-01,fresh
1787,vmvolsp,Ввод мощностей: Волоконно-оптические линии связи (передачи),6,18,active,2,2026-03-01,2026-06-01,fresh
1788,vmnsvolsp,"Ввод мощностей, новое строительство: Волоконно-оптические линии связи (передачи)",6,18,active,2,2026-03-01,2026-06-01,fresh
1789,vmoni,Ввод мощностей: Операции с недвижимым имуществом,6,18,active,2,2026-03-01,2026-06-01,fresh
1790,vmnsoni,"Ввод мощностей, новое строительство: Операции с недвижимым имуществом",6,18,active,2,2026-03-01,2026-06-01,fresh
1791,vmkgkm,"Ввод мощностей: Капитальные гаражи, количество машиномест",6,18,active,2,2026-03-01,2026-06-01,fresh
1792,vmnskgkm,"Ввод мощностей, новое строительство: Капитальные гаражи, количество машиномест",6,18,active,2,2026-03-01,2026-06-01,fresh
1793,vmrkgkm,"Ввод мощностей, реконструкция: Капитальные гаражи, количество машиномест",6,18,active,2,2026-03-01,2026-06-01,fresh
1794,vmdv,Ввод мощностей: Деятельность ветеринарная,6,18,active,2,2026-03-01,2026-06-01,fresh
1795,vmnsdv,"Ввод мощностей, новое строительство: Деятельность ветеринарная",6,18,active,2,2026-03-01,2026-06-01,fresh
1796,vmpkrsmsd,"Ввод мощностей: Помещения для крупного рогатого скота, 
с материалом стен из дерева",6,18,active,1,2026-06-01,2026-06-01,fresh
1797,vmnspkrsmsd,"Ввод мощностей, новое строительство: Помещения для крупного рогатого скота, 
с материалом стен из дерева",6,18,active,1,2026-06-01,2026-06-01,fresh
1798,vmpk_3,Ввод мощностей: Помещения для коз,6,18,active,1,2026-06-01,2026-06-01,fresh
1799,vmnspk_2,"Ввод мощностей, новое строительство: Помещения для коз",6,18,active,1,2026-06-01,2026-06-01,fresh
1800,vmnspyn,"Ввод мощностей, новое строительство: Птицефабрики яичного направления",6,18,active,1,2026-06-01,2026-06-01,fresh
1801,vmivt,Ввод мощностей: Инкубатор по выведению цыплят,6,18,active,1,2026-06-01,2026-06-01,fresh
1802,vmnsivt,"Ввод мощностей, новое строительство: Инкубатор по выведению цыплят",6,18,active,1,2026-06-01,2026-06-01,fresh
1803,vmkroz,"Ввод мощностей: Комплексная реконструкция орошаемых 
земель",6,18,active,1,2026-06-01,2026-06-01,fresh
1804,vmrkroz,"Ввод мощностей, реконструкция: Комплексная реконструкция орошаемых 
земель",6,18,active,1,2026-06-01,2026-06-01,fresh
1805,vmkk,Ввод мощностей: Корнеплодохранилища (для кормов),6,18,active,1,2026-06-01,2026-06-01,fresh
1806,vmnskk,"Ввод мощностей, новое строительство: Корнеплодохранилища (для кормов)",6,18,active,1,2026-06-01,2026-06-01,fresh
1807,vmkbgk,Ввод мощностей: Хранилища для брикетированных и гранулированных кормосмесей,6,18,active,1,2026-06-01,2026-06-01,fresh
1808,vmnskbgk,"Ввод мощностей, новое строительство: Хранилища для брикетированных и гранулированных кормосмесей",6,18,active,1,2026-06-01,2026-06-01,fresh
1809,vms_2,Ввод мощностей: Сенохранилища,6,18,active,1,2026-06-01,2026-06-01,fresh
1810,vmnss_2,"Ввод мощностей, новое строительство: Сенохранилища",6,18,active,1,2026-06-01,2026-06-01,fresh
1811,vmdmr,Ввод мощностей: Добыча металлических руд,6,18,active,1,2026-06-01,2026-06-01,fresh
1812,vmnsdmr,"Ввод мощностей, новое строительство: Добыча металлических руд",6,18,active,1,2026-06-01,2026-06-01,fresh
1813,vmki_2,Ввод мощностей: Колбасные изделия,6,18,active,1,2026-06-01,2026-06-01,fresh
1814,vmnski_2,"Ввод мощностей, новое строительство: Колбасные изделия",6,18,active,1,2026-06-01,2026-06-01,fresh
1815,vmrki,"Ввод мощностей, реконструкция: Колбасные изделия",6,18,active,1,2026-06-01,2026-06-01,fresh
1816,vmbmb,Ввод мощностей: Быстрозамороженные мясные блюда,6,18,active,1,2026-06-01,2026-06-01,fresh
1817,vmnsbmb,"Ввод мощностей, новое строительство: Быстрозамороженные мясные блюда",6,18,active,1,2026-06-01,2026-06-01,fresh
1818,vmrbmb,"Ввод мощностей, реконструкция: Быстрозамороженные мясные блюда",6,18,active,1,2026-06-01,2026-06-01,fresh
1819,vmrtus,"Ввод мощностей, реконструкция: Цех убоя скота",6,18,active,1,2026-06-01,2026-06-01,fresh
1820,vmrpr,"Ввод мощностей, реконструкция: Предприятия рыбообрабатывающие",6,18,active,1,2026-06-01,2026-06-01,fresh
1821,vmkr,Ввод мощностей: Консервы рыбные,6,18,active,1,2026-06-01,2026-06-01,fresh
1822,vmnskr,"Ввод мощностей, новое строительство: Консервы рыбные",6,18,active,1,2026-06-01,2026-06-01,fresh
1823,vmpk_4,Ввод мощностей: Предприятия крупяные,6,18,active,1,2026-06-01,2026-06-01,fresh
1824,vmnspk_3,"Ввод мощностей, новое строительство: Предприятия крупяные",6,18,active,1,2026-06-01,2026-06-01,fresh
1825,vmrki_2,"Ввод мощностей, реконструкция: Хлебобулочные изделия",6,18,active,1,2026-06-01,2026-06-01,fresh
1826,vmkdz,Ввод мощностей: Корма для домашних животных,6,18,active,1,2026-06-01,2026-06-01,fresh
1827,vmnskdz,"Ввод мощностей, новое строительство: Корма для домашних животных",6,18,active,1,2026-06-01,2026-06-01,fresh
1828,vmrpn,"Ввод мощностей, реконструкция: Производство напитков",6,18,active,1,2026-06-01,2026-06-01,fresh
1829,vmp,Ввод мощностей: Пиво,6,18,active,1,2026-06-01,2026-06-01,fresh
1830,vmnsp,"Ввод мощностей, новое строительство: Пиво",6,18,active,1,2026-06-01,2026-06-01,fresh
1831,vmvlvi,Ввод мощностей: Водка и ликеро-водочные изделия,6,18,active,1,2026-06-01,2026-06-01,fresh
1832,vmnsvlvi,"Ввод мощностей, новое строительство: Водка и ликеро-водочные изделия",6,18,active,1,2026-06-01,2026-06-01,fresh
1833,vmids,Ввод мощностей: Изделия деревянные строительные,6,18,active,1,2026-06-01,2026-06-01,fresh
1834,vmrids,"Ввод мощностей, реконструкция: Изделия деревянные строительные",6,18,active,1,2026-06-01,2026-06-01,fresh
1835,vmtd,Ввод мощностей: Тара деревянная,6,18,active,1,2026-06-01,2026-06-01,fresh
1836,vmnstd,"Ввод мощностей, новое строительство: Тара деревянная",6,18,active,1,2026-06-01,2026-06-01,fresh
1837,vmtbp,Ввод мощностей: Топливные брикеты/пеллеты,6,18,active,1,2026-06-01,2026-06-01,fresh
1838,vmnstbp,"Ввод мощностей, новое строительство: Топливные брикеты/пеллеты",6,18,active,1,2026-06-01,2026-06-01,fresh
1839,vmg,Ввод мощностей: Гофрокартон,6,18,active,1,2026-06-01,2026-06-01,fresh
1840,vmnsg,"Ввод мощностей, новое строительство: Гофрокартон",6,18,active,1,2026-06-01,2026-06-01,fresh
1841,vmumppv,Ввод мощностей: Удобрения минеральные /в перерасчете на 100% питательных веществ/,6,18,active,1,2026-06-01,2026-06-01,fresh
1842,vmnsumppv,"Ввод мощностей, новое строительство: Удобрения минеральные /в перерасчете на 100% питательных веществ/",6,18,active,1,2026-06-01,2026-06-01,fresh
1843,vmua,Ввод мощностей: Удобрения азотные,6,18,active,1,2026-06-01,2026-06-01,fresh
1844,vmnsua,"Ввод мощностей, новое строительство: Удобрения азотные",6,18,active,1,2026-06-01,2026-06-01,fresh
1845,vmku,Ввод мощностей: Комплексные удобрения,6,18,active,1,2026-06-01,2026-06-01,fresh
1846,vmnsku,"Ввод мощностей, новое строительство: Комплексные удобрения",6,18,active,1,2026-06-01,2026-06-01,fresh
1847,vmsspm,Ввод мощностей: Смолы синтетические и пластические массы,6,18,active,1,2026-06-01,2026-06-01,fresh
1848,vmnssspm,"Ввод мощностей, новое строительство: Смолы синтетические и пластические массы",6,18,active,1,2026-06-01,2026-06-01,fresh
1849,vmk_2,Ввод мощностей: Катализаторы,6,18,active,1,2026-06-01,2026-06-01,fresh
1850,vmnsk_2,"Ввод мощностей, новое строительство: Катализаторы",6,18,active,1,2026-06-01,2026-06-01,fresh
1851,vmkps,Ввод мощностей: Косметические и парфюмерные средства,6,18,active,1,2026-06-01,2026-06-01,fresh
1852,vmnskps,"Ввод мощностей, новое строительство: Косметические и парфюмерные средства",6,18,active,1,2026-06-01,2026-06-01,fresh
1853,vmtbkmr,Ввод мощностей: Товары бытовой химии /в мелкой расфасовке/,6,18,active,1,2026-06-01,2026-06-01,fresh
1854,vmnstbkmr,"Ввод мощностей, новое строительство: Товары бытовой химии /в мелкой расфасовке/",6,18,active,1,2026-06-01,2026-06-01,fresh
1855,vmpi,Ввод мощностей: Прочие пластмассовые изделия,6,18,active,1,2026-06-01,2026-06-01,fresh
1856,vmnspi,"Ввод мощностей, новое строительство: Прочие пластмассовые изделия",6,18,active,1,2026-06-01,2026-06-01,fresh
1857,vmrpi,"Ввод мощностей, реконструкция: Прочие пластмассовые изделия",6,18,active,1,2026-06-01,2026-06-01,fresh
1858,vma_3,Ввод мощностей: Асфальтобетон,6,18,active,1,2026-06-01,2026-06-01,fresh
1859,vmnsa_3,"Ввод мощностей, новое строительство: Асфальтобетон",6,18,active,1,2026-06-01,2026-06-01,fresh
1860,vmkisz,Ввод мощностей: Конструкции и изделия сборные железобетонные,6,18,active,1,2026-06-01,2026-06-01,fresh
1861,vmnskisz,"Ввод мощностей, новое строительство: Конструкции и изделия сборные железобетонные",6,18,active,1,2026-06-01,2026-06-01,fresh
1862,vmpdkkd,Ввод мощностей: Панели и другие конструкции для крупнопанельных домов,6,18,active,1,2026-06-01,2026-06-01,fresh
1863,vmnspdkkd,"Ввод мощностей, новое строительство: Панели и другие конструкции для крупнопанельных домов",6,18,active,1,2026-06-01,2026-06-01,fresh
1864,vmpdkkzskbn,Ввод мощностей: Панели и другие конструкции для крупнопанельных зданий социального и культурно-бытового назначения,6,18,active,1,2026-06-01,2026-06-01,fresh
1865,vmnspdkkzskbn,"Ввод мощностей, новое строительство: Панели и другие конструкции для крупнопанельных зданий социального и культурно-быто",6,18,active,1,2026-06-01,2026-06-01,fresh
1866,vmkisaas,Ввод мощностей: Конструкции и изделия строительные из алюминия и алюминиевых сплавов,6,18,active,1,2026-06-01,2026-06-01,fresh
1867,vmnskisaas,"Ввод мощностей, новое строительство: Конструкции и изделия строительные из алюминия и алюминиевых сплавов",6,18,active,1,2026-06-01,2026-06-01,fresh
1868,vmpkeoi,"Ввод мощностей: Производство компьютеров, электронных и оптических изделий",6,18,active,1,2026-06-01,2026-06-01,fresh
1869,vmnspkeoi,"Ввод мощностей, новое строительство: Производство компьютеров, электронных и оптических изделий",6,18,active,1,2026-06-01,2026-06-01,fresh
1870,vmmtzcn,Ввод мощностей: Медицинская техника и запасные части к ней,6,18,active,1,2026-06-01,2026-06-01,fresh
1871,vmrmtzcn,"Ввод мощностей, реконструкция: Медицинская техника и запасные части к ней",6,18,active,1,2026-06-01,2026-06-01,fresh
1872,vmik_2,Ввод мощностей: Изделия кабельные,6,18,active,1,2026-06-01,2026-06-01,fresh
1873,vmnsik_2,"Ввод мощностей, новое строительство: Изделия кабельные",6,18,active,1,2026-06-01,2026-06-01,fresh
1874,vmrik_2,"Ввод мощностей, реконструкция: Изделия кабельные",6,18,active,1,2026-06-01,2026-06-01,fresh
1875,vmppat,Ввод мощностей: Прицепы и полуприцепы автомобильные и тракторные,6,18,active,1,2026-06-01,2026-06-01,fresh
1876,vmnsppat,"Ввод мощностей, новое строительство: Прицепы и полуприцепы автомобильные и тракторные",6,18,active,1,2026-06-01,2026-06-01,fresh
1877,vmg_2,Ввод мощностей: Гидроэлектростанции,6,18,active,1,2026-06-01,2026-06-01,fresh
1878,vmnsg_2,"Ввод мощностей, новое строительство: Гидроэлектростанции",6,18,active,1,2026-06-01,2026-06-01,fresh
1879,vmevie,Ввод мощностей: Электростанции возобновляемых источников энергии,6,18,active,1,2026-06-01,2026-06-01,fresh
1880,vmnsevie,"Ввод мощностей, новое строительство: Электростанции возобновляемых источников энергии",6,18,active,1,2026-06-01,2026-06-01,fresh
1881,vmkpt,Ввод мощностей: Котлы паровые на теплоэлектроцентралях,6,18,active,1,2026-06-01,2026-06-01,fresh
1882,vmnskpt,"Ввод мощностей, новое строительство: Котлы паровые на теплоэлектроцентралях",6,18,active,1,2026-06-01,2026-06-01,fresh
1883,vmkvt,Ввод мощностей: Котлы водогрейные на теплоэлектроцентралях,6,18,active,1,2026-06-01,2026-06-01,fresh
1884,vmnskvt,"Ввод мощностей, новое строительство: Котлы водогрейные на теплоэлектроцентралях",6,18,active,1,2026-06-01,2026-06-01,fresh
1885,vmmpg,Ввод мощностей: Мощность по переработке газа,6,18,active,1,2026-06-01,2026-06-01,fresh
1886,vmnsmpg,"Ввод мощностей, новое строительство: Мощность по переработке газа",6,18,active,1,2026-06-01,2026-06-01,fresh
1887,vmrzorv,"Ввод мощностей, реконструкция: Забор, очистка и распределение воды",6,18,active,1,2026-06-01,2026-06-01,fresh
1888,vmrstoga,"Ввод мощностей, реконструкция: Станции технического обслуживания грузовых автомобилей",6,18,active,1,2026-06-01,2026-06-01,fresh
1889,vmae,Ввод мощностей: Автомойка (единиц),6,18,active,1,2026-06-01,2026-06-01,fresh
1890,vmnsae,"Ввод мощностей, новое строительство: Автомойка (единиц)",6,18,active,1,2026-06-01,2026-06-01,fresh
1891,vmsnmnn,Ввод мощностей: Станции насосные на магистральных нефтепроводах и нефтепродуктопроводах,6,18,active,1,2026-06-01,2026-06-01,fresh
1892,vmnssnmnn,"Ввод мощностей, новое строительство: Станции насосные на магистральных нефтепроводах и нефтепродуктопроводах",6,18,active,1,2026-06-01,2026-06-01,fresh
1893,vmrsnmnn,"Ввод мощностей, реконструкция: Станции насосные на магистральных нефтепроводах и нефтепродуктопроводах",6,18,active,1,2026-06-01,2026-06-01,fresh
1894,vmezd,Ввод мощностей: Электрификация железных дорог,6,18,active,1,2026-06-01,2026-06-01,fresh
1895,vmrezd,"Ввод мощностей, реконструкция: Электрификация железных дорог",6,18,active,1,2026-06-01,2026-06-01,fresh
1896,vmradtpnp,"Ввод мощностей, реконструкция: Автомобильные дороги с твердым покрытием необщего пользования",6,18,active,1,2026-06-01,2026-06-01,fresh
1897,vmadtpnpsk,Ввод мощностей: Автомобильные дороги с твердым покрытием необщего пользования в сельском хозяйстве,6,18,active,1,2026-06-01,2026-06-01,fresh
1898,vmnsadtpnpsk,"Ввод мощностей, новое строительство: Автомобильные дороги с твердым покрытием необщего пользования в сельском хозяйстве",6,18,active,1,2026-06-01,2026-06-01,fresh
1899,vmradopsg,"Ввод мощностей, реконструкция: Автомобильные дороги общего пользования щебеночные и гравийные",6,18,active,1,2026-06-01,2026-06-01,fresh
1900,vmpmp,Ввод мощностей: Причалы морских портов,6,18,active,1,2026-06-01,2026-06-01,fresh
1901,vmnspmp,"Ввод мощностей, новое строительство: Причалы морских портов",6,18,active,1,2026-06-01,2026-06-01,fresh
1902,vmpkmp,Ввод мощностей: Перегрузочные комплексы морских портов,6,18,active,1,2026-06-01,2026-06-01,fresh
1903,vmnspkmp,"Ввод мощностей, новое строительство: Перегрузочные комплексы морских портов",6,18,active,1,2026-06-01,2026-06-01,fresh
1904,vmdvkt,Ввод мощностей: Деятельность воздушного и космического транспорта,6,18,active,1,2026-06-01,2026-06-01,fresh
1905,vmnsdvkt,"Ввод мощностей, новое строительство: Деятельность воздушного и космического транспорта",6,18,active,1,2026-06-01,2026-06-01,fresh
1906,vmv,Ввод мощностей: Вертодром,6,18,active,1,2026-06-01,2026-06-01,fresh
1907,vmnsv,"Ввод мощностей, новое строительство: Вертодром",6,18,active,1,2026-06-01,2026-06-01,fresh
1908,vmrkkofot,"Ввод мощностей, реконструкция: Хранилища для картофеля, овощей и фруктов для организаций торговли",6,18,active,1,2026-06-01,2026-06-01,fresh
1909,vmrkot,"Ввод мощностей, реконструкция: Картофелехранилища для организаций 
торговли",6,18,active,1,2026-06-01,2026-06-01,fresh
1910,vmpot,Ввод мощностей: Плодохранилища для организаций торговли,6,18,active,1,2026-06-01,2026-06-01,fresh
1911,vmnspot,"Ввод мощностей, новое строительство: Плодохранилища для организаций торговли",6,18,active,1,2026-06-01,2026-06-01,fresh
1912,vmskpiufm,"Ввод мощностей: Склады для хранения пылевидных, известковых удобрений и фосфоритной муки",6,18,active,1,2026-06-01,2026-06-01,fresh
1913,vmnsskpiufm,"Ввод мощностей, новое строительство: Склады для хранения пылевидных, известковых удобрений и фосфоритной муки",6,18,active,1,2026-06-01,2026-06-01,fresh
1914,vmskou,Ввод мощностей: Склады для хранения органических удобрений,6,18,active,1,2026-06-01,2026-06-01,fresh
1915,vmnsskou,"Ввод мощностей, новое строительство: Склады для хранения органических удобрений",6,18,active,1,2026-06-01,2026-06-01,fresh
1916,vmkrp,Ввод мощностей: Холодильники для рыбообрабатывающих производств,6,18,active,1,2026-06-01,2026-06-01,fresh
1917,vmnskrp,"Ввод мощностей, новое строительство: Холодильники для рыбообрабатывающих производств",6,18,active,1,2026-06-01,2026-06-01,fresh
1918,vmrapspc,"Ввод мощностей, реконструкция: Аэровокзалы, пропускная способность (пассажиров в час)",6,18,active,1,2026-06-01,2026-06-01,fresh
1919,vmrls,Ввод мощностей: Радиорелейные линии связи,6,18,active,1,2026-06-01,2026-06-01,fresh
1920,vmnsrls,"Ввод мощностей, новое строительство: Радиорелейные линии связи",6,18,active,1,2026-06-01,2026-06-01,fresh
1921,vmrga,"Ввод мощностей, реконструкция: Городские АТС",6,18,active,1,2026-06-01,2026-06-01,fresh
1922,vmrvolsp,"Ввод мощностей, реконструкция: Волоконно-оптические линии связи (передачи)",6,18,active,1,2026-06-01,2026-06-01,fresh
1923,vmnir,Ввод мощностей: Научные исследования и разработки,6,18,active,1,2026-06-01,2026-06-01,fresh
1924,vmnsnir,"Ввод мощностей, новое строительство: Научные исследования и разработки",6,18,active,1,2026-06-01,2026-06-01,fresh
1925,vmrnir,"Ввод мощностей, реконструкция: Научные исследования и разработки",6,18,active,1,2026-06-01,2026-06-01,fresh
1927,iokspr,"Инвестиции в основной капитал, % к соотв. периоду, регион",6,18,active,672,2020-01-01,2026-01-01,fresh
1928,vdpotr,Внереализационные доходы по прибыльным организациям (тыс. руб.),6,18,active,2885,2017-01-01,2026-01-01,fresh
1929,rusdrpotr,"Расходы, уменьшающие сумму доходов от реализации по прибыльным организациям (тыс. руб.)",6,18,active,2885,2017-01-01,2026-01-01,fresh
1930,vrpotr,Внереализационные расходы по прибыльным организациям (тыс. руб.),6,18,active,2885,2017-01-01,2026-01-01,fresh
55837,kep1_1,"1.1. Валовой внутренний продукт1) 2) || Объем ВВП, млрд рублей [подтаблица 1] — level (КЭП 1.1)",3,18,active,23,1999-01-01,2021-01-01,stale
55838,kep1_12,"1.1. Валовой внутренний продукт1) 2) || Объем ВВП, млрд рублей [подтаблица 1] — level (КЭП 1.1)",6,18,active,108,1999-01-01,2025-10-01,lagging
55839,kep1_1_y,"1.1. Валовой внутренний продукт1) 2) || Объем ВВП, млрд рублей [подтаблица 1] — yoy (КЭП 1.1)",3,12,active,23,1999-01-01,2021-01-01,stale
55840,kep1_1_y2,"1.1. Валовой внутренний продукт1) 2) || Объем ВВП, млрд рублей [подтаблица 1] — yoy (КЭП 1.1)",6,12,active,107,1999-01-01,2025-10-01,lagging
55841,kep1_10,"1.10.1. Официальный курс доллара США по отношению к рублю, на конец периода, руб./долл. (по данным Банка России) || 1.10",5,18,active,331,1999-01-01,2026-07-01,lagging
55842,kep1_102,"1.10.2. Официальный курс евро по отношению к рублю,  на конец периода, руб./евро (по данным Банка России) || 1.10.2. Офи",5,18,active,331,1999-01-01,2026-07-01,lagging
55843,kep1_11,"1.11. Дефицит ( – ), профицит консолидированного бюджета1)   (по данным Федерального казначейства), млрд рублей — level ",3,10,active,27,1999-01-01,2025-01-01,fresh
55844,kep1_112,"1.11. Дефицит ( – ), профицит консолидированного бюджета1)   (по данным Федерального казначейства), млрд рублей — level ",5,10,active,28,1999-01-01,2026-01-01,lagging
55845,kep1_11_s,"1.11. Дефицит ( – ), профицит консолидированного бюджета1)   (по данным Федерального казначейства), млрд рублей — pct (К",3,10,active,27,1999-01-01,2025-01-01,fresh
55846,kep1_122,"1.12. Оборот розничной торговли, млрд рублей — level (КЭП 1.12)",3,10,active,27,1999-01-01,2025-01-01,fresh
55847,kep1_123,"1.12. Оборот розничной торговли, млрд рублей — level (КЭП 1.12)",5,10,active,331,1999-01-01,2026-07-01,lagging
55848,kep1_124,"1.12. Оборот розничной торговли, млрд рублей — level (КЭП 1.12)",6,10,active,110,1999-01-01,2026-04-01,fresh
55849,kep1_12_m,"1.12. Оборот розничной торговли, млрд рублей — mom (КЭП 1.12)",5,12,active,330,1999-01-01,2026-07-01,lagging
55850,kep1_12_m2,"1.12. Оборот розничной торговли, млрд рублей — mom (КЭП 1.12)",6,12,active,109,1999-01-01,2026-04-01,fresh
55851,kep1_12_y,"1.12. Оборот розничной торговли, млрд рублей — yoy (КЭП 1.12)",3,12,active,27,1999-01-01,2025-01-01,fresh
55852,kep1_12_y2,"1.12. Оборот розничной торговли, млрд рублей — yoy (КЭП 1.12)",5,12,active,331,1999-01-01,2026-07-01,lagging
55853,kep1_12_y3,"1.12. Оборот розничной торговли, млрд рублей — yoy (КЭП 1.12)",6,12,active,110,1999-01-01,2026-04-01,fresh
55854,kep1_125,"1.12.1. Оборот общественного питания, млрд рублей || 1.12.1. Оборот общественного питания, млрд рублей [подтаблица 1] [б",3,10,active,27,1999-01-01,2025-01-01,fresh
55855,kep1_126,"1.12.1. Оборот общественного питания, млрд рублей || 1.12.1. Оборот общественного питания, млрд рублей [подтаблица 1] [б",5,10,active,331,1999-01-01,2026-07-01,lagging
55856,kep1_127,"1.12.1. Оборот общественного питания, млрд рублей || 1.12.1. Оборот общественного питания, млрд рублей [подтаблица 1] [б",6,10,active,110,1999-01-01,2026-04-01,fresh
55857,kep1_12_m3,"1.12.1. Оборот общественного питания, млрд рублей || 1.12.1. Оборот общественного питания, млрд рублей [подтаблица 1] [б",5,12,active,330,1999-01-01,2026-07-01,lagging
55858,kep1_12_m4,"1.12.1. Оборот общественного питания, млрд рублей || 1.12.1. Оборот общественного питания, млрд рублей [подтаблица 1] [б",6,12,active,109,1999-01-01,2026-04-01,fresh
55859,kep1_12_y4,"1.12.1. Оборот общественного питания, млрд рублей || 1.12.1. Оборот общественного питания, млрд рублей [подтаблица 1] [б",3,12,active,27,1999-01-01,2025-01-01,fresh
55860,kep1_12_y5,"1.12.1. Оборот общественного питания, млрд рублей || 1.12.1. Оборот общественного питания, млрд рублей [подтаблица 1] [б",5,12,active,331,1999-01-01,2026-07-01,lagging
55861,kep1_12_y6,"1.12.1. Оборот общественного питания, млрд рублей || 1.12.1. Оборот общественного питания, млрд рублей [подтаблица 1] [б",6,12,active,110,1999-01-01,2026-04-01,fresh
55862,kep1_128,"1.12.2. Товарные запасы в организациях розничной торговли, на конец периода4),  млрд рублей || 1.12.2. Товарные запасы в",5,10,active,259,2005-01-01,2026-07-01,lagging
55863,kep1_12_s,"1.12.2. Товарные запасы в организациях розничной торговли, на конец периода4),  млрд рублей || 1.12.2. Товарные запасы в",5,10,active,258,2005-01-01,2026-07-01,lagging
55864,kep1_129,"1.12.2. Товарные запасы в организациях розничной торговли, на конец периода4),  млрд рублей || Обеспеченность оборота ро",5,10,active,259,2005-01-01,2026-07-01,lagging
55865,kep1_1210,"food products, including beverages, and tobacco2), bln rubles [блок 1] — level (КЭП 1.12)",3,10,active,27,1999-01-01,2025-01-01,fresh
55866,kep1_1211,"food products, including beverages, and tobacco2), bln rubles [блок 1] — level (КЭП 1.12)",5,10,active,331,1999-01-01,2026-07-01,lagging
55867,kep1_1212,"food products, including beverages, and tobacco2), bln rubles [блок 1] — level (КЭП 1.12)",6,10,active,110,1999-01-01,2026-04-01,fresh
55868,kep1_12_m5,"food products, including beverages, and tobacco2), bln rubles [блок 1] — mom (КЭП 1.12)",5,12,active,330,1999-01-01,2026-07-01,lagging
55869,kep1_12_m6,"food products, including beverages, and tobacco2), bln rubles [блок 1] — mom (КЭП 1.12)",6,12,active,109,1999-01-01,2026-04-01,fresh
55870,kep1_12_y7,"food products, including beverages, and tobacco2), bln rubles [блок 1] — yoy (КЭП 1.12)",3,12,active,27,1999-01-01,2025-01-01,fresh
55871,kep1_12_y8,"food products, including beverages, and tobacco2), bln rubles [блок 1] — yoy (КЭП 1.12)",5,12,active,331,1999-01-01,2026-07-01,lagging
55872,kep1_12_y9,"food products, including beverages, and tobacco2), bln rubles [блок 1] — yoy (КЭП 1.12)",6,12,active,110,1999-01-01,2026-04-01,fresh
55873,kep1_1213,"непродовольственные товары3),  млрд рублей [блок 2] — level (КЭП 1.12)",3,10,active,27,1999-01-01,2025-01-01,fresh
55874,kep1_1214,"непродовольственные товары3),  млрд рублей [блок 2] — level (КЭП 1.12)",5,10,active,331,1999-01-01,2026-07-01,lagging
55875,kep1_1215,"непродовольственные товары3),  млрд рублей [блок 2] — level (КЭП 1.12)",6,10,active,110,1999-01-01,2026-04-01,fresh
55876,kep1_12_m7,"непродовольственные товары3),  млрд рублей [блок 2] — mom (КЭП 1.12)",5,12,active,330,1999-01-01,2026-07-01,lagging
55877,kep1_12_m8,"непродовольственные товары3),  млрд рублей [блок 2] — mom (КЭП 1.12)",6,12,active,109,1999-01-01,2026-04-01,fresh
55878,kep1_12_y10,"непродовольственные товары3),  млрд рублей [блок 2] — yoy (КЭП 1.12)",3,12,active,27,1999-01-01,2025-01-01,fresh
55879,kep1_12_y11,"непродовольственные товары3),  млрд рублей [блок 2] — yoy (КЭП 1.12)",5,12,active,331,1999-01-01,2026-07-01,lagging
55880,kep1_12_y12,"непродовольственные товары3),  млрд рублей [блок 2] — yoy (КЭП 1.12)",6,12,active,110,1999-01-01,2026-04-01,fresh
55881,kep1_13,"1.13. Объем платных услуг населению (по данным оперативной отчетности), млрд рублей — level (КЭП 1.13)",3,10,active,27,1999-01-01,2025-01-01,fresh
55882,kep1_132,"1.13. Объем платных услуг населению (по данным оперативной отчетности), млрд рублей — level (КЭП 1.13)",5,10,active,330,1999-01-01,2026-07-01,lagging
55883,kep1_133,"1.13. Объем платных услуг населению (по данным оперативной отчетности), млрд рублей — level (КЭП 1.13)",6,10,active,109,1999-01-01,2026-01-01,fresh
55884,kep1_13_m,"1.13. Объем платных услуг населению (по данным оперативной отчетности), млрд рублей — mom (КЭП 1.13)",5,12,active,318,1999-01-01,2026-07-01,lagging
55885,kep1_13_m2,"1.13. Объем платных услуг населению (по данным оперативной отчетности), млрд рублей — mom (КЭП 1.13)",6,12,active,105,1999-01-01,2026-04-01,fresh
55886,kep1_13_y,"1.13. Объем платных услуг населению (по данным оперативной отчетности), млрд рублей — yoy (КЭП 1.13)",3,12,active,27,1999-01-01,2025-01-01,fresh
55887,kep1_13_y2,"1.13. Объем платных услуг населению (по данным оперативной отчетности), млрд рублей — yoy (КЭП 1.13)",5,12,active,330,1999-01-01,2026-07-01,lagging
55888,kep1_13_y3,"1.13. Объем платных услуг населению (по данным оперативной отчетности), млрд рублей — yoy (КЭП 1.13)",6,12,active,109,1999-01-01,2026-01-01,fresh
55889,kep1_14,1.14. Индекс потребительских цен в % к предыдущему месяцу — level (КЭП 1.14),5,12,active,331,1999-01-01,2026-07-01,lagging
55890,kep1_14_s,1.14. Индекс потребительских цен в % к предыдущему месяцу — pct (КЭП 1.14),5,12,active,331,1999-01-01,2026-07-01,lagging
55891,kep1_142,"1.14.1. Стоимость и изменение стоимости условного (минимального) набора продуктов питания  в расчете на месяц, рублей ||",5,12,active,319,2000-01-01,2026-07-01,lagging
55892,kep1_14_s2,"1.14.1. Стоимость и изменение стоимости условного (минимального) набора продуктов питания  в расчете на месяц, рублей ||",5,12,active,319,2000-01-01,2026-07-01,lagging
55893,kep1_14_s3,"1.14.1. Стоимость и изменение стоимости условного (минимального) набора продуктов питания  в расчете на месяц, рублей ||",5,12,active,319,2000-01-01,2026-07-01,lagging
55894,kep1_143,"1.14.2. Стоимость и изменение стоимости фиксированного набора потребительских товаров и услуг  в расчете на месяц, рубле",5,12,active,307,2001-01-01,2026-07-01,lagging
55895,kep1_14_s4,"1.14.2. Стоимость и изменение стоимости фиксированного набора потребительских товаров и услуг  в расчете на месяц, рубле",5,12,active,307,2001-01-01,2026-07-01,lagging
55896,kep1_14_s5,"1.14.2. Стоимость и изменение стоимости фиксированного набора потребительских товаров и услуг  в расчете на месяц, рубле",5,12,active,307,2001-01-01,2026-07-01,lagging
55897,kep1_15,"1.15. Оборот оптовой торговли, млрд рублей — level (КЭП 1.15)",3,10,active,25,2001-01-01,2025-01-01,fresh
55898,kep1_152,"1.15. Оборот оптовой торговли, млрд рублей — level (КЭП 1.15)",5,10,active,307,2001-01-01,2026-07-01,lagging
55899,kep1_153,"1.15. Оборот оптовой торговли, млрд рублей — level (КЭП 1.15)",6,10,active,101,2001-01-01,2026-04-01,fresh
55900,kep1_15_m,Индекс физического объема оборота оптовой торговли [блок 1] — mom (КЭП 1.15),5,12,active,295,2001-01-01,2026-07-01,lagging
55901,kep1_15_m2,Индекс физического объема оборота оптовой торговли [блок 1] — mom (КЭП 1.15),6,12,active,98,2001-01-01,2026-04-01,fresh
55902,kep1_15_y,Индекс физического объема оборота оптовой торговли [блок 1] — yoy (КЭП 1.15),3,12,active,25,2001-01-01,2025-01-01,fresh
55903,kep1_15_y2,Индекс физического объема оборота оптовой торговли [блок 1] — yoy (КЭП 1.15),5,12,active,307,2001-01-01,2026-07-01,lagging
55904,kep1_15_y3,Индекс физического объема оборота оптовой торговли [блок 1] — yoy (КЭП 1.15),6,12,active,102,2001-01-01,2026-04-01,fresh
55905,kep1_2__1999_2013_m,1.2. Индекс промышленного производства1)  (без исключения сезонности и фактора времени) — mom (КЭП 1.2 (1999-2013)),6,12,active,24,2006-01-01,2013-10-01,stale
55906,kep1_2__1999_2013_y,1.2. Индекс промышленного производства1)  (без исключения сезонности и фактора времени) — yoy (КЭП 1.2 (1999-2013)),3,12,active,15,1999-01-01,2013-01-01,stale
55907,kep1_2__1999_2013_y2,1.2. Индекс промышленного производства1)  (без исключения сезонности и фактора времени) — yoy (КЭП 1.2 (1999-2013)),6,12,active,24,2006-01-01,2013-10-01,stale
55908,kep1_2__1999_2013,1.2.1. Индексы производства по видам деятельности2)  (без исключения сезонности и фактора времени) || отчетный месяц в %,6,18,active,24,2006-01-01,2013-10-01,stale
55909,kep1_2__1999_20132,1.2.1. Индексы производства по видам деятельности2)  (без исключения сезонности и фактора времени) || отчетный месяц в %,6,18,active,24,2006-01-01,2013-10-01,stale
55910,kep1_2__1999_20133,1.2.1. Индексы производства по видам деятельности2)  (без исключения сезонности и фактора времени) || отчетный месяц в %,6,18,active,24,2006-01-01,2013-10-01,stale
55911,kep1_2__1999_20134,1.2.1. Индексы производства по видам деятельности2)  (без исключения сезонности и фактора времени) || отчетный месяц в %,6,18,active,24,2006-01-01,2013-10-01,stale
55912,kep1_2__1999_20135,1.2.1. Индексы производства по видам деятельности2)  (без исключения сезонности и фактора времени) || отчетный месяц в %,6,18,active,24,2006-01-01,2013-10-01,stale
55913,kep1_2__1999_20136,1.2.1. Индексы производства по видам деятельности2)  (без исключения сезонности и фактора времени) || отчетный месяц в %,6,18,active,24,2006-01-01,2013-10-01,stale
55914,kep1_2__2014_2026_m,1.2. Индекс промышленного производства1)  (без исключения сезонности и фактора времени) — mom (КЭП 1.2 (2014-2026)),6,12,active,36,2014-01-01,2025-10-01,lagging
55915,kep1_2__2014_2026_y,1.2. Индекс промышленного производства1)  (без исключения сезонности и фактора времени) — yoy (КЭП 1.2 (2014-2026)),3,12,active,12,2014-01-01,2025-01-01,fresh
55916,kep1_2__2014_2026_y2,1.2. Индекс промышленного производства1)  (без исключения сезонности и фактора времени) — yoy (КЭП 1.2 (2014-2026)),6,12,active,36,2014-01-01,2025-10-01,lagging
55917,kep1_2__2014_2026,1.2.1. Индексы производства по видам деятельности3)  (без исключения сезонности и фактора времени) || отчетный месяц в %,6,18,active,36,2014-01-01,2025-10-01,lagging
55918,kep1_2__2014_20262,1.2.1. Индексы производства по видам деятельности3)  (без исключения сезонности и фактора времени) || отчетный месяц в %,6,18,active,36,2014-01-01,2025-10-01,lagging
55919,kep1_2__2014_20263,1.2.1. Индексы производства по видам деятельности3)  (без исключения сезонности и фактора времени) || отчетный месяц в %,6,18,active,36,2014-01-01,2025-10-01,lagging
55920,kep1_2__2014_20264,1.2.1. Индексы производства по видам деятельности3)  (без исключения сезонности и фактора времени) || отчетный месяц в %,6,18,active,36,2014-01-01,2025-10-01,lagging
55921,kep1_2__2014_20265,1.2.1. Индексы производства по видам деятельности3)  (без исключения сезонности и фактора времени) || отчетный месяц в %,6,18,active,36,2014-01-01,2025-10-01,lagging
55922,kep1_2__2014_20266,1.2.1. Индексы производства по видам деятельности3)  (без исключения сезонности и фактора времени) || отчетный месяц в %,6,18,active,36,2014-01-01,2025-10-01,lagging
55923,kep1_2__2014_20267,1.2.1. Индексы производства по видам деятельности3)  (без исключения сезонности и фактора времени) || отчетный месяц в %,6,18,active,36,2014-01-01,2025-10-01,lagging
55924,kep1_2__2014_20268,1.2.1. Индексы производства по видам деятельности3)  (без исключения сезонности и фактора времени) || отчетный месяц в %,6,18,active,36,2014-01-01,2025-10-01,lagging
55925,kep1_3_y,1.3. Индекс производства продукции сельского хозяйства в хозяйствах всех категорий — yoy (КЭП 1.3),3,12,active,27,1999-01-01,2025-01-01,fresh
55926,kep1_3_y2,1.3. Индекс производства продукции сельского хозяйства в хозяйствах всех категорий — yoy (КЭП 1.3),6,12,active,110,1999-01-01,2026-04-01,fresh
55927,kep1_4,"Молоко, тыс.тонн [блок 1] — level (КЭП 1.4)",3,18,active,27,1999-01-01,2025-01-01,fresh
55928,kep1_42,"Молоко, тыс.тонн [блок 1] — level (КЭП 1.4)",5,18,active,331,1999-01-01,2026-07-01,lagging
55929,kep1_43,"Молоко, тыс.тонн [блок 1] — level (КЭП 1.4)",6,18,active,110,1999-01-01,2026-04-01,fresh
55930,kep1_4_y,"Молоко, тыс.тонн [блок 1] — yoy (КЭП 1.4)",3,12,active,27,1999-01-01,2025-01-01,fresh
55931,kep1_4_y2,"Молоко, тыс.тонн [блок 1] — yoy (КЭП 1.4)",5,12,active,328,1999-01-01,2026-07-01,lagging
55932,kep1_4_y3,"Молоко, тыс.тонн [блок 1] — yoy (КЭП 1.4)",6,12,active,109,1999-01-01,2026-04-01,fresh
55933,kep1_44,"Скот и птица  на убой в живом весе, тыс.тонн — level (КЭП 1.4)",3,18,active,27,1999-01-01,2025-01-01,fresh
55934,kep1_45,"Скот и птица  на убой в живом весе, тыс.тонн — level (КЭП 1.4)",5,18,active,331,1999-01-01,2026-07-01,lagging
55935,kep1_46,"Скот и птица  на убой в живом весе, тыс.тонн — level (КЭП 1.4)",6,18,active,110,1999-01-01,2026-04-01,fresh
55936,kep1_4_y4,"Скот и птица  на убой в живом весе, тыс.тонн — yoy (КЭП 1.4)",3,12,active,27,1999-01-01,2025-01-01,fresh
55937,kep1_4_y5,"Скот и птица  на убой в живом весе, тыс.тонн — yoy (КЭП 1.4)",5,12,active,327,1999-01-01,2026-07-01,lagging
55938,kep1_4_y6,"Скот и птица  на убой в живом весе, тыс.тонн — yoy (КЭП 1.4)",6,12,active,109,1999-01-01,2026-04-01,fresh
55939,kep1_47,"Яйца, млн штук [блок 2] — level (КЭП 1.4)",3,18,active,27,1999-01-01,2025-01-01,fresh
55940,kep1_48,"Яйца, млн штук [блок 2] — level (КЭП 1.4)",5,18,active,324,1999-01-01,2025-12-01,lagging
55941,kep1_49,"Яйца, млн штук [блок 2] — level (КЭП 1.4)",6,18,active,108,1999-01-01,2025-10-01,lagging
55942,kep1_4_y7,"Яйца, млн штук [блок 2] — yoy (КЭП 1.4)",3,12,active,27,1999-01-01,2025-01-01,fresh
55943,kep1_4_y8,"Яйца, млн штук [блок 2] — yoy (КЭП 1.4)",5,12,active,328,1999-01-01,2026-07-01,lagging
55944,kep1_4_y9,"Яйца, млн штук [блок 2] — yoy (КЭП 1.4)",6,12,active,108,1999-01-01,2026-04-01,fresh
55945,kep1_5,"1.5. Грузооборот транспорта, включая коммерческий и некоммерческий грузооборот, млрд тонно-км — level (КЭП 1.5)",3,18,active,27,1999-01-01,2025-01-01,fresh
55946,kep1_52,"1.5. Грузооборот транспорта, включая коммерческий и некоммерческий грузооборот, млрд тонно-км — level (КЭП 1.5)",5,18,active,324,1999-01-01,2025-12-01,lagging
55947,kep1_53,"1.5. Грузооборот транспорта, включая коммерческий и некоммерческий грузооборот, млрд тонно-км — level (КЭП 1.5)",6,18,active,108,1999-01-01,2025-10-01,lagging
55948,kep1_5_m,"1.5. Грузооборот транспорта, включая коммерческий и некоммерческий грузооборот, млрд тонно-км — mom (КЭП 1.5)",5,12,active,322,1999-02-01,2025-12-01,lagging
55949,kep1_5_m2,"1.5. Грузооборот транспорта, включая коммерческий и некоммерческий грузооборот, млрд тонно-км — mom (КЭП 1.5)",6,12,active,106,1999-04-01,2025-10-01,lagging
55950,kep1_5_y,"1.5. Грузооборот транспорта, включая коммерческий и некоммерческий грузооборот, млрд тонно-км — yoy (КЭП 1.5)",3,12,active,26,2000-01-01,2025-01-01,fresh
55951,kep1_5_y2,"1.5. Грузооборот транспорта, включая коммерческий и некоммерческий грузооборот, млрд тонно-км — yoy (КЭП 1.5)",5,12,active,312,2000-01-01,2025-12-01,lagging
55952,kep1_5_y3,"1.5. Грузооборот транспорта, включая коммерческий и некоммерческий грузооборот, млрд тонно-км — yoy (КЭП 1.5)",6,12,active,104,2000-01-01,2025-10-01,lagging
55953,kep1_54,"Грузооборот автомобильного транспорта, включая коммерческий и некоммерческий грузооборот, млрд тонно-км [блок 3] — level",3,18,active,10,2016-01-01,2025-01-01,fresh
55954,kep1_55,"Грузооборот автомобильного транспорта, включая коммерческий и некоммерческий грузооборот, млрд тонно-км [блок 3] — level",5,18,active,120,2016-01-01,2025-12-01,lagging
55955,kep1_56,"Грузооборот автомобильного транспорта, включая коммерческий и некоммерческий грузооборот, млрд тонно-км [блок 3] — level",6,18,active,40,2016-01-01,2025-10-01,lagging
55956,kep1_5_m3,"Грузооборот автомобильного транспорта, включая коммерческий и некоммерческий грузооборот, млрд тонно-км [блок 3] — mom (",5,12,active,120,2016-01-01,2025-12-01,lagging
55957,kep1_5_m4,"Грузооборот автомобильного транспорта, включая коммерческий и некоммерческий грузооборот, млрд тонно-км [блок 3] — mom (",6,12,active,40,2016-01-01,2025-10-01,lagging
55958,kep1_5_y4,"Грузооборот автомобильного транспорта, включая коммерческий и некоммерческий грузооборот, млрд тонно-км [блок 3] — yoy (",3,12,active,10,2016-01-01,2025-01-01,fresh
55959,kep1_5_y5,"Грузооборот автомобильного транспорта, включая коммерческий и некоммерческий грузооборот, млрд тонно-км [блок 3] — yoy (",5,12,active,120,2016-01-01,2025-12-01,lagging
55960,kep1_5_y6,"Грузооборот автомобильного транспорта, включая коммерческий и некоммерческий грузооборот, млрд тонно-км [блок 3] — yoy (",6,12,active,40,2016-01-01,2025-10-01,lagging
55961,kep1_57,"Грузооборот внутреннего водного транспорта3), млрд тонно-км [блок 7] — level (КЭП 1.5)",3,18,active,10,2016-01-01,2025-01-01,fresh
55962,kep1_58,"Грузооборот внутреннего водного транспорта3), млрд тонно-км [блок 7] — level (КЭП 1.5)",5,18,active,127,2016-01-01,2026-07-01,lagging
55963,kep1_59,"Грузооборот внутреннего водного транспорта3), млрд тонно-км [блок 7] — level (КЭП 1.5)",6,18,active,42,2016-01-01,2026-04-01,fresh
55964,kep1_5_m5,"Грузооборот внутреннего водного транспорта3), млрд тонно-км [блок 7] — mom (КЭП 1.5)",5,12,active,127,2016-01-01,2026-07-01,lagging
55965,kep1_5_m6,"Грузооборот внутреннего водного транспорта3), млрд тонно-км [блок 7] — mom (КЭП 1.5)",6,12,active,42,2016-01-01,2026-04-01,fresh
55966,kep1_5_y7,"Грузооборот внутреннего водного транспорта3), млрд тонно-км [блок 7] — yoy (КЭП 1.5)",3,12,active,10,2016-01-01,2025-01-01,fresh
55967,kep1_5_y8,"Грузооборот внутреннего водного транспорта3), млрд тонно-км [блок 7] — yoy (КЭП 1.5)",5,12,active,127,2016-01-01,2026-07-01,lagging
55968,kep1_5_y9,"Грузооборот внутреннего водного транспорта3), млрд тонно-км [блок 7] — yoy (КЭП 1.5)",6,12,active,42,2016-01-01,2026-04-01,fresh
55969,kep1_510,"Грузооборот воздушного транспорта4), млрд тонно-км [блок 9] — level (КЭП 1.5)",3,18,active,10,2016-01-01,2025-01-01,fresh
55970,kep1_511,"Грузооборот воздушного транспорта4), млрд тонно-км [блок 9] — level (КЭП 1.5)",5,18,active,126,2016-01-01,2026-07-01,lagging
55971,kep1_512,"Грузооборот воздушного транспорта4), млрд тонно-км [блок 9] — level (КЭП 1.5)",6,18,active,42,2016-01-01,2026-04-01,fresh
55972,kep1_5_m7,"Грузооборот воздушного транспорта4), млрд тонно-км [блок 9] — mom (КЭП 1.5)",5,12,active,125,2016-01-01,2026-07-01,lagging
55973,kep1_5_m8,"Грузооборот воздушного транспорта4), млрд тонно-км [блок 9] — mom (КЭП 1.5)",6,12,active,41,2016-01-01,2026-01-01,fresh
55974,kep1_5_y10,"Грузооборот воздушного транспорта4), млрд тонно-км [блок 9] — yoy (КЭП 1.5)",3,12,active,10,2016-01-01,2025-01-01,fresh
55975,kep1_5_y11,"Грузооборот воздушного транспорта4), млрд тонно-км [блок 9] — yoy (КЭП 1.5)",5,12,active,126,2016-01-01,2026-07-01,lagging
55976,kep1_5_y12,"Грузооборот воздушного транспорта4), млрд тонно-км [блок 9] — yoy (КЭП 1.5)",6,12,active,41,2016-01-01,2026-01-01,fresh
55977,kep1_513,"Грузооборот железнодорожного транспорта, млрд тонно-км [блок 2] — level (КЭП 1.5)",3,18,active,10,2016-01-01,2025-01-01,fresh
55978,kep1_514,"Грузооборот железнодорожного транспорта, млрд тонно-км [блок 2] — level (КЭП 1.5)",5,18,active,125,2016-01-01,2026-07-01,lagging
55979,kep1_515,"Грузооборот железнодорожного транспорта, млрд тонно-км [блок 2] — level (КЭП 1.5)",6,18,active,41,2016-01-01,2026-01-01,fresh
55980,kep1_5_m9,"Грузооборот железнодорожного транспорта, млрд тонно-км [блок 2] — mom (КЭП 1.5)",5,12,active,125,2016-01-01,2026-07-01,lagging
55981,kep1_5_m10,"Грузооборот железнодорожного транспорта, млрд тонно-км [блок 2] — mom (КЭП 1.5)",6,12,active,42,2016-01-01,2026-04-01,fresh
55982,kep1_5_y13,"Грузооборот железнодорожного транспорта, млрд тонно-км [блок 2] — yoy (КЭП 1.5)",3,12,active,10,2016-01-01,2025-01-01,fresh
55983,kep1_5_y14,"Грузооборот железнодорожного транспорта, млрд тонно-км [блок 2] — yoy (КЭП 1.5)",5,12,active,125,2016-01-01,2026-07-01,lagging
55984,kep1_5_y15,"Грузооборот железнодорожного транспорта, млрд тонно-км [блок 2] — yoy (КЭП 1.5)",6,12,active,42,2016-01-01,2026-04-01,fresh
55985,kep1_516,"Грузооборот морского транспорта3), млрд тонно-км [блок 5] — level (КЭП 1.5)",3,18,active,10,2016-01-01,2025-01-01,fresh
55986,kep1_517,"Грузооборот морского транспорта3), млрд тонно-км [блок 5] — level (КЭП 1.5)",5,18,active,127,2016-01-01,2026-07-01,lagging
55987,kep1_518,"Грузооборот морского транспорта3), млрд тонно-км [блок 5] — level (КЭП 1.5)",6,18,active,42,2016-01-01,2026-04-01,fresh
55988,kep1_5_m11,"Грузооборот морского транспорта3), млрд тонно-км [блок 5] — mom (КЭП 1.5)",5,12,active,127,2016-01-01,2026-07-01,lagging
55989,kep1_5_m12,"Грузооборот морского транспорта3), млрд тонно-км [блок 5] — mom (КЭП 1.5)",6,12,active,42,2016-01-01,2026-04-01,fresh
55990,kep1_5_y16,"Грузооборот морского транспорта3), млрд тонно-км [блок 5] — yoy (КЭП 1.5)",3,12,active,10,2016-01-01,2025-01-01,fresh
55991,kep1_5_y17,"Грузооборот морского транспорта3), млрд тонно-км [блок 5] — yoy (КЭП 1.5)",5,12,active,127,2016-01-01,2026-07-01,lagging
55992,kep1_5_y18,"Грузооборот морского транспорта3), млрд тонно-км [блок 5] — yoy (КЭП 1.5)",6,12,active,42,2016-01-01,2026-04-01,fresh
55993,kep1_519,"Грузооборот трубопроводного транспорта, млрд тонно-км [блок 11] — level (КЭП 1.5)",3,18,active,10,2016-01-01,2025-01-01,fresh
55994,kep1_520,"Грузооборот трубопроводного транспорта, млрд тонно-км [блок 11] — level (КЭП 1.5)",5,18,active,127,2016-01-01,2026-07-01,lagging
55995,kep1_521,"Грузооборот трубопроводного транспорта, млрд тонно-км [блок 11] — level (КЭП 1.5)",6,18,active,42,2016-01-01,2026-04-01,fresh
55996,kep1_5_m13,"Грузооборот трубопроводного транспорта, млрд тонно-км [блок 11] — mom (КЭП 1.5)",5,12,active,127,2016-01-01,2026-07-01,lagging
55997,kep1_5_m14,"Грузооборот трубопроводного транспорта, млрд тонно-км [блок 11] — mom (КЭП 1.5)",6,12,active,42,2016-01-01,2026-04-01,fresh
55998,kep1_5_y19,"Грузооборот трубопроводного транспорта, млрд тонно-км [блок 11] — yoy (КЭП 1.5)",3,12,active,10,2016-01-01,2025-01-01,fresh
55999,kep1_5_y20,"Грузооборот трубопроводного транспорта, млрд тонно-км [блок 11] — yoy (КЭП 1.5)",5,12,active,127,2016-01-01,2026-07-01,lagging
56000,kep1_5_y21,"Грузооборот трубопроводного транспорта, млрд тонно-км [блок 11] — yoy (КЭП 1.5)",6,12,active,42,2016-01-01,2026-04-01,fresh
56001,kep1_522,"Коммерческая перевозка грузов транспортом, млн тонн [блок 14] — level (КЭП 1.5)",3,18,active,10,2016-01-01,2025-01-01,fresh
56002,kep1_523,"Коммерческая перевозка грузов транспортом, млн тонн [блок 14] — level (КЭП 1.5)",5,18,active,120,2016-01-01,2025-12-01,lagging
56003,kep1_524,"Коммерческая перевозка грузов транспортом, млн тонн [блок 14] — level (КЭП 1.5)",6,18,active,40,2016-01-01,2025-10-01,lagging
56004,kep1_5_m15,"Коммерческая перевозка грузов транспортом, млн тонн [блок 14] — mom (КЭП 1.5)",5,12,active,120,2016-01-01,2025-12-01,lagging
56005,kep1_5_m16,"Коммерческая перевозка грузов транспортом, млн тонн [блок 14] — mom (КЭП 1.5)",6,12,active,40,2016-01-01,2025-10-01,lagging
56006,kep1_5_y22,"Коммерческая перевозка грузов транспортом, млн тонн [блок 14] — yoy (КЭП 1.5)",3,12,active,10,2016-01-01,2025-01-01,fresh
56007,kep1_5_y23,"Коммерческая перевозка грузов транспортом, млн тонн [блок 14] — yoy (КЭП 1.5)",5,12,active,120,2016-01-01,2025-12-01,lagging
56008,kep1_5_y24,"Коммерческая перевозка грузов транспортом, млн тонн [блок 14] — yoy (КЭП 1.5)",6,12,active,40,2016-01-01,2025-10-01,lagging
56009,kep1_525,"Коммерческий грузооборот автомобильного транспорта, млрд тонно-км [блок 15] — level (КЭП 1.5)",3,18,active,10,2016-01-01,2025-01-01,fresh
56010,kep1_526,"Коммерческий грузооборот автомобильного транспорта, млрд тонно-км [блок 15] — level (КЭП 1.5)",5,18,active,120,2016-01-01,2025-12-01,lagging
56011,kep1_527,"Коммерческий грузооборот автомобильного транспорта, млрд тонно-км [блок 15] — level (КЭП 1.5)",6,18,active,40,2016-01-01,2025-10-01,lagging
56012,kep1_5_m17,"Коммерческий грузооборот автомобильного транспорта, млрд тонно-км [блок 15] — mom (КЭП 1.5)",5,12,active,120,2016-01-01,2025-12-01,lagging
56013,kep1_5_m18,"Коммерческий грузооборот автомобильного транспорта, млрд тонно-км [блок 15] — mom (КЭП 1.5)",6,12,active,40,2016-01-01,2025-10-01,lagging
56014,kep1_5_y25,"Коммерческий грузооборот автомобильного транспорта, млрд тонно-км [блок 15] — yoy (КЭП 1.5)",3,12,active,10,2016-01-01,2025-01-01,fresh
56015,kep1_5_y26,"Коммерческий грузооборот автомобильного транспорта, млрд тонно-км [блок 15] — yoy (КЭП 1.5)",5,12,active,120,2016-01-01,2025-12-01,lagging
56016,kep1_5_y27,"Коммерческий грузооборот автомобильного транспорта, млрд тонно-км [блок 15] — yoy (КЭП 1.5)",6,12,active,40,2016-01-01,2025-10-01,lagging
56017,kep1_528,"Коммерческий грузооборот транспорта, млрд тонно-км [блок 13] — level (КЭП 1.5)",3,18,active,27,1999-01-01,2025-01-01,fresh
56018,kep1_529,"Коммерческий грузооборот транспорта, млрд тонно-км [блок 13] — level (КЭП 1.5)",5,18,active,324,1999-01-01,2025-12-01,lagging
56019,kep1_530,"Коммерческий грузооборот транспорта, млрд тонно-км [блок 13] — level (КЭП 1.5)",6,18,active,108,1999-01-01,2025-10-01,lagging
56020,kep1_5_m19,"Коммерческий грузооборот транспорта, млрд тонно-км [блок 13] — mom (КЭП 1.5)",5,12,active,323,1999-01-01,2025-12-01,lagging
56021,kep1_5_m20,"Коммерческий грузооборот транспорта, млрд тонно-км [блок 13] — mom (КЭП 1.5)",6,12,active,107,1999-01-01,2025-10-01,lagging
56022,kep1_5_y28,"Коммерческий грузооборот транспорта, млрд тонно-км [блок 13] — yoy (КЭП 1.5)",3,12,active,27,1999-01-01,2025-01-01,fresh
56023,kep1_5_y29,"Коммерческий грузооборот транспорта, млрд тонно-км [блок 13] — yoy (КЭП 1.5)",5,12,active,324,1999-01-01,2025-12-01,lagging
56024,kep1_5_y30,"Коммерческий грузооборот транспорта, млрд тонно-км [блок 13] — yoy (КЭП 1.5)",6,12,active,108,1999-01-01,2025-10-01,lagging
56025,kep1_531,"Перевезено грузов автомобильным транспортом на коммерческой основе, млн тонн [блок 16] — level (КЭП 1.5)",3,18,active,10,2016-01-01,2025-01-01,fresh
56026,kep1_532,"Перевезено грузов автомобильным транспортом на коммерческой основе, млн тонн [блок 16] — level (КЭП 1.5)",5,18,active,120,2016-01-01,2025-12-01,lagging
56027,kep1_533,"Перевезено грузов автомобильным транспортом на коммерческой основе, млн тонн [блок 16] — level (КЭП 1.5)",6,18,active,40,2016-01-01,2025-10-01,lagging
56028,kep1_5_m21,"Перевезено грузов автомобильным транспортом на коммерческой основе, млн тонн [блок 16] — mom (КЭП 1.5)",5,12,active,120,2016-01-01,2025-12-01,lagging
56029,kep1_5_m22,"Перевезено грузов автомобильным транспортом на коммерческой основе, млн тонн [блок 16] — mom (КЭП 1.5)",6,12,active,40,2016-01-01,2025-10-01,lagging
56030,kep1_5_y31,"Перевезено грузов автомобильным транспортом на коммерческой основе, млн тонн [блок 16] — yoy (КЭП 1.5)",3,12,active,10,2016-01-01,2025-01-01,fresh
56031,kep1_5_y32,"Перевезено грузов автомобильным транспортом на коммерческой основе, млн тонн [блок 16] — yoy (КЭП 1.5)",5,12,active,120,2016-01-01,2025-12-01,lagging
56032,kep1_5_y33,"Перевезено грузов автомобильным транспортом на коммерческой основе, млн тонн [блок 16] — yoy (КЭП 1.5)",6,12,active,40,2016-01-01,2025-10-01,lagging
56033,kep1_534,"Перевезено грузов автомобильным транспортом, млн тонн [блок 4] — level (КЭП 1.5)",3,18,active,10,2016-01-01,2025-01-01,fresh
56034,kep1_535,"Перевезено грузов автомобильным транспортом, млн тонн [блок 4] — level (КЭП 1.5)",5,18,active,120,2016-01-01,2025-12-01,lagging
56035,kep1_536,"Перевезено грузов автомобильным транспортом, млн тонн [блок 4] — level (КЭП 1.5)",6,18,active,40,2016-01-01,2025-10-01,lagging
56036,kep1_5_m23,"Перевезено грузов автомобильным транспортом, млн тонн [блок 4] — mom (КЭП 1.5)",5,12,active,120,2016-01-01,2025-12-01,lagging
56037,kep1_5_m24,"Перевезено грузов автомобильным транспортом, млн тонн [блок 4] — mom (КЭП 1.5)",6,12,active,40,2016-01-01,2025-10-01,lagging
56038,kep1_5_y34,"Перевезено грузов автомобильным транспортом, млн тонн [блок 4] — yoy (КЭП 1.5)",3,12,active,10,2016-01-01,2025-01-01,fresh
56039,kep1_5_y35,"Перевезено грузов автомобильным транспортом, млн тонн [блок 4] — yoy (КЭП 1.5)",5,12,active,120,2016-01-01,2025-12-01,lagging
56040,kep1_5_y36,"Перевезено грузов автомобильным транспортом, млн тонн [блок 4] — yoy (КЭП 1.5)",6,12,active,40,2016-01-01,2025-10-01,lagging
56041,kep1_537,"Перевезено грузов внутренним водным транспортом3), млн тонн [блок 8] — level (КЭП 1.5)",3,18,active,10,2016-01-01,2025-01-01,fresh
56042,kep1_538,"Перевезено грузов внутренним водным транспортом3), млн тонн [блок 8] — level (КЭП 1.5)",5,18,active,127,2016-01-01,2026-07-01,lagging
56043,kep1_539,"Перевезено грузов внутренним водным транспортом3), млн тонн [блок 8] — level (КЭП 1.5)",6,18,active,42,2016-01-01,2026-04-01,fresh
56044,kep1_5_m25,"Перевезено грузов внутренним водным транспортом3), млн тонн [блок 8] — mom (КЭП 1.5)",5,12,active,127,2016-01-01,2026-07-01,lagging
56045,kep1_5_m26,"Перевезено грузов внутренним водным транспортом3), млн тонн [блок 8] — mom (КЭП 1.5)",6,12,active,42,2016-01-01,2026-04-01,fresh
56046,kep1_5_y37,"Перевезено грузов внутренним водным транспортом3), млн тонн [блок 8] — yoy (КЭП 1.5)",3,12,active,10,2016-01-01,2025-01-01,fresh
56047,kep1_5_y38,"Перевезено грузов внутренним водным транспортом3), млн тонн [блок 8] — yoy (КЭП 1.5)",5,12,active,127,2016-01-01,2026-07-01,lagging
56048,kep1_5_y39,"Перевезено грузов внутренним водным транспортом3), млн тонн [блок 8] — yoy (КЭП 1.5)",6,12,active,42,2016-01-01,2026-04-01,fresh
56049,kep1_540,"Перевезено грузов воздушным транспортом5), тыс тонн [блок 10] — level (КЭП 1.5)",3,18,active,10,2016-01-01,2025-01-01,fresh
56050,kep1_541,"Перевезено грузов воздушным транспортом5), тыс тонн [блок 10] — level (КЭП 1.5)",5,18,active,120,2016-01-01,2025-12-01,lagging
56051,kep1_542,"Перевезено грузов воздушным транспортом5), тыс тонн [блок 10] — level (КЭП 1.5)",6,18,active,40,2016-01-01,2025-10-01,lagging
56052,kep1_5_m27,"Перевезено грузов воздушным транспортом5), тыс тонн [блок 10] — mom (КЭП 1.5)",5,12,active,120,2016-01-01,2025-12-01,lagging
56053,kep1_5_m28,"Перевезено грузов воздушным транспортом5), тыс тонн [блок 10] — mom (КЭП 1.5)",6,12,active,40,2016-01-01,2025-10-01,lagging
56054,kep1_5_y40,"Перевезено грузов воздушным транспортом5), тыс тонн [блок 10] — yoy (КЭП 1.5)",3,12,active,10,2016-01-01,2025-01-01,fresh
56055,kep1_5_y41,"Перевезено грузов воздушным транспортом5), тыс тонн [блок 10] — yoy (КЭП 1.5)",5,12,active,120,2016-01-01,2025-12-01,lagging
56056,kep1_5_y42,"Перевезено грузов воздушным транспортом5), тыс тонн [блок 10] — yoy (КЭП 1.5)",6,12,active,40,2016-01-01,2025-10-01,lagging
56057,kep1_543,"Перевезено грузов морским транспортом3), млн тонн [блок 6] — level (КЭП 1.5)",3,18,active,10,2016-01-01,2025-01-01,fresh
56058,kep1_544,"Перевезено грузов морским транспортом3), млн тонн [блок 6] — level (КЭП 1.5)",5,18,active,127,2016-01-01,2026-07-01,lagging
56059,kep1_545,"Перевезено грузов морским транспортом3), млн тонн [блок 6] — level (КЭП 1.5)",6,18,active,42,2016-01-01,2026-04-01,fresh
56060,kep1_5_m29,"Перевезено грузов морским транспортом3), млн тонн [блок 6] — mom (КЭП 1.5)",5,12,active,127,2016-01-01,2026-07-01,lagging
56061,kep1_5_m30,"Перевезено грузов морским транспортом3), млн тонн [блок 6] — mom (КЭП 1.5)",6,12,active,42,2016-01-01,2026-04-01,fresh
56062,kep1_5_y43,"Перевезено грузов морским транспортом3), млн тонн [блок 6] — yoy (КЭП 1.5)",3,12,active,10,2016-01-01,2025-01-01,fresh
56063,kep1_5_y44,"Перевезено грузов морским транспортом3), млн тонн [блок 6] — yoy (КЭП 1.5)",5,12,active,127,2016-01-01,2026-07-01,lagging
56064,kep1_5_y45,"Перевезено грузов морским транспортом3), млн тонн [блок 6] — yoy (КЭП 1.5)",6,12,active,42,2016-01-01,2026-04-01,fresh
56065,kep1_546,"Перевезено грузов трубопроводным транспортом, млн тонн [блок 12] — level (КЭП 1.5)",3,18,active,10,2016-01-01,2025-01-01,fresh
56066,kep1_547,"Перевезено грузов трубопроводным транспортом, млн тонн [блок 12] — level (КЭП 1.5)",5,18,active,127,2016-01-01,2026-07-01,lagging
56067,kep1_548,"Перевезено грузов трубопроводным транспортом, млн тонн [блок 12] — level (КЭП 1.5)",6,18,active,42,2016-01-01,2026-04-01,fresh
56068,kep1_5_m31,"Перевезено грузов трубопроводным транспортом, млн тонн [блок 12] — mom (КЭП 1.5)",5,12,active,127,2016-01-01,2026-07-01,lagging
56069,kep1_5_m32,"Перевезено грузов трубопроводным транспортом, млн тонн [блок 12] — mom (КЭП 1.5)",6,12,active,42,2016-01-01,2026-04-01,fresh
56070,kep1_5_y46,"Перевезено грузов трубопроводным транспортом, млн тонн [блок 12] — yoy (КЭП 1.5)",3,12,active,10,2016-01-01,2025-01-01,fresh
56071,kep1_5_y47,"Перевезено грузов трубопроводным транспортом, млн тонн [блок 12] — yoy (КЭП 1.5)",5,12,active,127,2016-01-01,2026-07-01,lagging
56072,kep1_5_y48,"Перевезено грузов трубопроводным транспортом, млн тонн [блок 12] — yoy (КЭП 1.5)",6,12,active,42,2016-01-01,2026-04-01,fresh
56073,kep1_549,"Перевозка грузов транспортом, включая коммерческую и некомерческую перевозку грузов, млн тонн [блок 1] — level (КЭП 1.5)",3,18,active,10,2016-01-01,2025-01-01,fresh
56074,kep1_550,"Перевозка грузов транспортом, включая коммерческую и некомерческую перевозку грузов, млн тонн [блок 1] — level (КЭП 1.5)",5,18,active,120,2016-01-01,2025-12-01,lagging
56075,kep1_551,"Перевозка грузов транспортом, включая коммерческую и некомерческую перевозку грузов, млн тонн [блок 1] — level (КЭП 1.5)",6,18,active,40,2016-01-01,2025-10-01,lagging
56076,kep1_5_m33,"Перевозка грузов транспортом, включая коммерческую и некомерческую перевозку грузов, млн тонн [блок 1] — mom (КЭП 1.5)",5,12,active,120,2016-01-01,2025-12-01,lagging
56077,kep1_5_m34,"Перевозка грузов транспортом, включая коммерческую и некомерческую перевозку грузов, млн тонн [блок 1] — mom (КЭП 1.5)",6,12,active,40,2016-01-01,2025-10-01,lagging
56078,kep1_5_y49,"Перевозка грузов транспортом, включая коммерческую и некомерческую перевозку грузов, млн тонн [блок 1] — yoy (КЭП 1.5)",3,12,active,10,2016-01-01,2025-01-01,fresh
56079,kep1_5_y50,"Перевозка грузов транспортом, включая коммерческую и некомерческую перевозку грузов, млн тонн [блок 1] — yoy (КЭП 1.5)",5,12,active,120,2016-01-01,2025-12-01,lagging
56080,kep1_5_y51,"Перевозка грузов транспортом, включая коммерческую и некомерческую перевозку грузов, млн тонн [блок 1] — yoy (КЭП 1.5)",6,12,active,40,2016-01-01,2025-10-01,lagging
56081,kep1_552,"Погрузка грузов на железнодорожном транспорте6),  млн тонн [блок 17] — level (КЭП 1.5)",3,18,active,27,1999-01-01,2025-01-01,fresh
56082,kep1_553,"Погрузка грузов на железнодорожном транспорте6),  млн тонн [блок 17] — level (КЭП 1.5)",5,18,active,331,1999-01-01,2026-07-01,lagging
56083,kep1_554,"Погрузка грузов на железнодорожном транспорте6),  млн тонн [блок 17] — level (КЭП 1.5)",6,18,active,110,1999-01-01,2026-04-01,fresh
56084,kep1_5_m35,"Погрузка грузов на железнодорожном транспорте6),  млн тонн [блок 17] — mom (КЭП 1.5)",5,12,active,330,1999-01-01,2026-07-01,lagging
56085,kep1_5_m36,"Погрузка грузов на железнодорожном транспорте6),  млн тонн [блок 17] — mom (КЭП 1.5)",6,12,active,109,1999-01-01,2026-04-01,fresh
56086,kep1_5_y52,"Погрузка грузов на железнодорожном транспорте6),  млн тонн [блок 17] — yoy (КЭП 1.5)",3,12,active,27,1999-01-01,2025-01-01,fresh
56087,kep1_5_y53,"Погрузка грузов на железнодорожном транспорте6),  млн тонн [блок 17] — yoy (КЭП 1.5)",5,12,active,331,1999-01-01,2026-07-01,lagging
56088,kep1_5_y54,"Погрузка грузов на железнодорожном транспорте6),  млн тонн [блок 17] — yoy (КЭП 1.5)",6,12,active,110,1999-01-01,2026-04-01,fresh
56089,kep1_5_1,"1.5.1. Пассажирооборот транспорта, млрд пасс-км — level (КЭП 1.5.1)",3,18,active,10,2016-01-01,2025-01-01,fresh
56090,kep1_5_12,"1.5.1. Пассажирооборот транспорта, млрд пасс-км — level (КЭП 1.5.1)",5,18,active,126,2016-01-01,2026-07-01,lagging
56091,kep1_5_13,"1.5.1. Пассажирооборот транспорта, млрд пасс-км — level (КЭП 1.5.1)",6,18,active,41,2016-01-01,2026-01-01,fresh
56092,kep1_5_1_m,"1.5.1. Пассажирооборот транспорта, млрд пасс-км — mom (КЭП 1.5.1)",5,12,active,126,2016-01-01,2026-07-01,lagging
56093,kep1_5_1_m2,"1.5.1. Пассажирооборот транспорта, млрд пасс-км — mom (КЭП 1.5.1)",6,12,active,42,2016-01-01,2026-04-01,fresh
56094,kep1_5_1_y,"1.5.1. Пассажирооборот транспорта, млрд пасс-км — yoy (КЭП 1.5.1)",3,12,active,10,2016-01-01,2025-01-01,fresh
56095,kep1_5_1_y2,"1.5.1. Пассажирооборот транспорта, млрд пасс-км — yoy (КЭП 1.5.1)",5,12,active,126,2016-01-01,2026-07-01,lagging
56096,kep1_5_1_y3,"1.5.1. Пассажирооборот транспорта, млрд пасс-км — yoy (КЭП 1.5.1)",6,12,active,41,2016-01-01,2026-01-01,fresh
56097,kep1_5_14,"Пассажирооборот автобусов по маршрутам регулярных перевозок, млрд. пасс-км [блок 4] — level (КЭП 1.5.1)",3,18,active,10,2016-01-01,2025-01-01,fresh
56098,kep1_5_15,"Пассажирооборот автобусов по маршрутам регулярных перевозок, млрд. пасс-км [блок 4] — level (КЭП 1.5.1)",5,18,active,127,2016-01-01,2026-07-01,lagging
56099,kep1_5_16,"Пассажирооборот автобусов по маршрутам регулярных перевозок, млрд. пасс-км [блок 4] — level (КЭП 1.5.1)",6,18,active,42,2016-01-01,2026-04-01,fresh
56100,kep1_5_1_m3,"Пассажирооборот автобусов по маршрутам регулярных перевозок, млрд. пасс-км [блок 4] — mom (КЭП 1.5.1)",5,12,active,127,2016-01-01,2026-07-01,lagging
56101,kep1_5_1_m4,"Пассажирооборот автобусов по маршрутам регулярных перевозок, млрд. пасс-км [блок 4] — mom (КЭП 1.5.1)",6,12,active,42,2016-01-01,2026-04-01,fresh
56102,kep1_5_1_y4,"Пассажирооборот автобусов по маршрутам регулярных перевозок, млрд. пасс-км [блок 4] — yoy (КЭП 1.5.1)",3,12,active,10,2016-01-01,2025-01-01,fresh
56103,kep1_5_1_y5,"Пассажирооборот автобусов по маршрутам регулярных перевозок, млрд. пасс-км [блок 4] — yoy (КЭП 1.5.1)",5,12,active,127,2016-01-01,2026-07-01,lagging
56104,kep1_5_1_y6,"Пассажирооборот автобусов по маршрутам регулярных перевозок, млрд. пасс-км [блок 4] — yoy (КЭП 1.5.1)",6,12,active,42,2016-01-01,2026-04-01,fresh
56105,kep1_5_17,"Пассажирооборот внутреннего водного транспорта2), млрд пасс-км [блок 8] — level (КЭП 1.5.1)",3,18,active,10,2016-01-01,2025-01-01,fresh
56106,kep1_5_18,"Пассажирооборот внутреннего водного транспорта2), млрд пасс-км [блок 8] — level (КЭП 1.5.1)",5,18,active,127,2016-01-01,2026-07-01,lagging
56107,kep1_5_19,"Пассажирооборот внутреннего водного транспорта2), млрд пасс-км [блок 8] — level (КЭП 1.5.1)",6,18,active,42,2016-01-01,2026-04-01,fresh
56108,kep1_5_1_m5,"Пассажирооборот внутреннего водного транспорта2), млрд пасс-км [блок 8] — mom (КЭП 1.5.1)",5,12,active,127,2016-01-01,2026-07-01,lagging
56109,kep1_5_1_m6,"Пассажирооборот внутреннего водного транспорта2), млрд пасс-км [блок 8] — mom (КЭП 1.5.1)",6,12,active,42,2016-01-01,2026-04-01,fresh
56110,kep1_5_1_y7,"Пассажирооборот внутреннего водного транспорта2), млрд пасс-км [блок 8] — yoy (КЭП 1.5.1)",3,12,active,10,2016-01-01,2025-01-01,fresh
56111,kep1_5_1_y8,"Пассажирооборот внутреннего водного транспорта2), млрд пасс-км [блок 8] — yoy (КЭП 1.5.1)",5,12,active,127,2016-01-01,2026-07-01,lagging
56112,kep1_5_1_y9,"Пассажирооборот внутреннего водного транспорта2), млрд пасс-км [блок 8] — yoy (КЭП 1.5.1)",6,12,active,42,2016-01-01,2026-04-01,fresh
56113,kep1_5_110,"Пассажирооборот воздушного транспорта3), млрд пасс-км [блок 10] — level (КЭП 1.5.1)",3,18,active,10,2016-01-01,2025-01-01,fresh
56114,kep1_5_111,"Пассажирооборот воздушного транспорта3), млрд пасс-км [блок 10] — level (КЭП 1.5.1)",5,18,active,127,2016-01-01,2026-07-01,lagging
56115,kep1_5_112,"Пассажирооборот воздушного транспорта3), млрд пасс-км [блок 10] — level (КЭП 1.5.1)",6,18,active,42,2016-01-01,2026-04-01,fresh
56116,kep1_5_1_m7,"Пассажирооборот воздушного транспорта3), млрд пасс-км [блок 10] — mom (КЭП 1.5.1)",5,12,active,127,2016-01-01,2026-07-01,lagging
56117,kep1_5_1_m8,"Пассажирооборот воздушного транспорта3), млрд пасс-км [блок 10] — mom (КЭП 1.5.1)",6,12,active,42,2016-01-01,2026-04-01,fresh
56118,kep1_5_1_y10,"Пассажирооборот воздушного транспорта3), млрд пасс-км [блок 10] — yoy (КЭП 1.5.1)",3,12,active,10,2016-01-01,2025-01-01,fresh
56119,kep1_5_1_y11,"Пассажирооборот воздушного транспорта3), млрд пасс-км [блок 10] — yoy (КЭП 1.5.1)",5,12,active,127,2016-01-01,2026-07-01,lagging
56120,kep1_5_1_y12,"Пассажирооборот воздушного транспорта3), млрд пасс-км [блок 10] — yoy (КЭП 1.5.1)",6,12,active,42,2016-01-01,2026-04-01,fresh
56121,kep1_5_113,"Пассажирооборот железнодорожного транспорта, млрд пасс-км [блок 2] — level (КЭП 1.5.1)",3,18,active,10,2016-01-01,2025-01-01,fresh
56122,kep1_5_114,"Пассажирооборот железнодорожного транспорта, млрд пасс-км [блок 2] — level (КЭП 1.5.1)",5,18,active,126,2016-01-01,2026-07-01,lagging
56123,kep1_5_115,"Пассажирооборот железнодорожного транспорта, млрд пасс-км [блок 2] — level (КЭП 1.5.1)",6,18,active,41,2016-01-01,2026-01-01,fresh
56124,kep1_5_1_m9,"Пассажирооборот железнодорожного транспорта, млрд пасс-км [блок 2] — mom (КЭП 1.5.1)",5,12,active,126,2016-01-01,2026-07-01,lagging
56125,kep1_5_1_m10,"Пассажирооборот железнодорожного транспорта, млрд пасс-км [блок 2] — mom (КЭП 1.5.1)",6,12,active,41,2016-01-01,2026-01-01,fresh
56126,kep1_5_1_y13,"Пассажирооборот железнодорожного транспорта, млрд пасс-км [блок 2] — yoy (КЭП 1.5.1)",3,12,active,10,2016-01-01,2025-01-01,fresh
56127,kep1_5_1_y14,"Пассажирооборот железнодорожного транспорта, млрд пасс-км [блок 2] — yoy (КЭП 1.5.1)",5,12,active,126,2016-01-01,2026-07-01,lagging
56128,kep1_5_1_y15,"Пассажирооборот железнодорожного транспорта, млрд пасс-км [блок 2] — yoy (КЭП 1.5.1)",6,12,active,41,2016-01-01,2026-01-01,fresh
56129,kep1_5_116,"Пассажирооборот морского транспорта2), млрд пасс-км [блок 6] — level (КЭП 1.5.1)",3,18,active,10,2016-01-01,2025-01-01,fresh
56130,kep1_5_117,"Пассажирооборот морского транспорта2), млрд пасс-км [блок 6] — level (КЭП 1.5.1)",5,18,active,127,2016-01-01,2026-07-01,lagging
56131,kep1_5_118,"Пассажирооборот морского транспорта2), млрд пасс-км [блок 6] — level (КЭП 1.5.1)",6,18,active,42,2016-01-01,2026-04-01,fresh
56132,kep1_5_1_m11,"Пассажирооборот морского транспорта2), млрд пасс-км [блок 6] — mom (КЭП 1.5.1)",5,12,active,127,2016-01-01,2026-07-01,lagging
56133,kep1_5_1_m12,"Пассажирооборот морского транспорта2), млрд пасс-км [блок 6] — mom (КЭП 1.5.1)",6,12,active,42,2016-01-01,2026-04-01,fresh
56134,kep1_5_1_y16,"Пассажирооборот морского транспорта2), млрд пасс-км [блок 6] — yoy (КЭП 1.5.1)",3,12,active,10,2016-01-01,2025-01-01,fresh
56135,kep1_5_1_y17,"Пассажирооборот морского транспорта2), млрд пасс-км [блок 6] — yoy (КЭП 1.5.1)",5,12,active,127,2016-01-01,2026-07-01,lagging
56136,kep1_5_1_y18,"Пассажирооборот морского транспорта2), млрд пасс-км [блок 6] — yoy (КЭП 1.5.1)",6,12,active,42,2016-01-01,2026-04-01,fresh
56137,kep1_5_119,"Перевезено пассажиров внутренним водным транспортом2), млн чел [блок 9] — level (КЭП 1.5.1)",3,18,active,10,2016-01-01,2025-01-01,fresh
56138,kep1_5_120,"Перевезено пассажиров внутренним водным транспортом2), млн чел [блок 9] — level (КЭП 1.5.1)",5,18,active,127,2016-01-01,2026-07-01,lagging
56139,kep1_5_121,"Перевезено пассажиров внутренним водным транспортом2), млн чел [блок 9] — level (КЭП 1.5.1)",6,18,active,42,2016-01-01,2026-04-01,fresh
56140,kep1_5_1_m13,"Перевезено пассажиров внутренним водным транспортом2), млн чел [блок 9] — mom (КЭП 1.5.1)",5,12,active,127,2016-01-01,2026-07-01,lagging
56141,kep1_5_1_m14,"Перевезено пассажиров внутренним водным транспортом2), млн чел [блок 9] — mom (КЭП 1.5.1)",6,12,active,42,2016-01-01,2026-04-01,fresh
56142,kep1_5_1_y19,"Перевезено пассажиров внутренним водным транспортом2), млн чел [блок 9] — yoy (КЭП 1.5.1)",3,12,active,10,2016-01-01,2025-01-01,fresh
56143,kep1_5_1_y20,"Перевезено пассажиров внутренним водным транспортом2), млн чел [блок 9] — yoy (КЭП 1.5.1)",5,12,active,127,2016-01-01,2026-07-01,lagging
56144,kep1_5_1_y21,"Перевезено пассажиров внутренним водным транспортом2), млн чел [блок 9] — yoy (КЭП 1.5.1)",6,12,active,42,2016-01-01,2026-04-01,fresh
56145,kep1_5_122,"Перевезено пассажиров воздушным транспортом4), млн чел [блок 11] — level (КЭП 1.5.1)",3,18,active,10,2016-01-01,2025-01-01,fresh
56146,kep1_5_123,"Перевезено пассажиров воздушным транспортом4), млн чел [блок 11] — level (КЭП 1.5.1)",5,18,active,127,2016-01-01,2026-07-01,lagging
56147,kep1_5_124,"Перевезено пассажиров воздушным транспортом4), млн чел [блок 11] — level (КЭП 1.5.1)",6,18,active,42,2016-01-01,2026-04-01,fresh
56148,kep1_5_1_m15,"Перевезено пассажиров воздушным транспортом4), млн чел [блок 11] — mom (КЭП 1.5.1)",5,12,active,127,2016-01-01,2026-07-01,lagging
56149,kep1_5_1_m16,"Перевезено пассажиров воздушным транспортом4), млн чел [блок 11] — mom (КЭП 1.5.1)",6,12,active,42,2016-01-01,2026-04-01,fresh
56150,kep1_5_1_y22,"Перевезено пассажиров воздушным транспортом4), млн чел [блок 11] — yoy (КЭП 1.5.1)",3,12,active,10,2016-01-01,2025-01-01,fresh
56151,kep1_5_1_y23,"Перевезено пассажиров воздушным транспортом4), млн чел [блок 11] — yoy (КЭП 1.5.1)",5,12,active,127,2016-01-01,2026-07-01,lagging
56152,kep1_5_1_y24,"Перевезено пассажиров воздушным транспортом4), млн чел [блок 11] — yoy (КЭП 1.5.1)",6,12,active,42,2016-01-01,2026-04-01,fresh
56153,kep1_5_125,"Перевезено пассажиров железнодорожным транспортом, млн чел [блок 3] — level (КЭП 1.5.1)",3,18,active,10,2016-01-01,2025-01-01,fresh
56154,kep1_5_126,"Перевезено пассажиров железнодорожным транспортом, млн чел [блок 3] — level (КЭП 1.5.1)",5,18,active,126,2016-01-01,2026-07-01,lagging
56155,kep1_5_127,"Перевезено пассажиров железнодорожным транспортом, млн чел [блок 3] — level (КЭП 1.5.1)",6,18,active,41,2016-01-01,2026-01-01,fresh
56156,kep1_5_1_m17,"Перевезено пассажиров железнодорожным транспортом, млн чел [блок 3] — mom (КЭП 1.5.1)",5,12,active,126,2016-01-01,2026-07-01,lagging
56157,kep1_5_1_m18,"Перевезено пассажиров железнодорожным транспортом, млн чел [блок 3] — mom (КЭП 1.5.1)",6,12,active,41,2016-01-01,2026-01-01,fresh
56158,kep1_5_1_y25,"Перевезено пассажиров железнодорожным транспортом, млн чел [блок 3] — yoy (КЭП 1.5.1)",3,12,active,10,2016-01-01,2025-01-01,fresh
56159,kep1_5_1_y26,"Перевезено пассажиров железнодорожным транспортом, млн чел [блок 3] — yoy (КЭП 1.5.1)",5,12,active,126,2016-01-01,2026-07-01,lagging
56160,kep1_5_1_y27,"Перевезено пассажиров железнодорожным транспортом, млн чел [блок 3] — yoy (КЭП 1.5.1)",6,12,active,41,2016-01-01,2026-01-01,fresh
56161,kep1_5_128,"Перевезено пассажиров морским транспортом2), млн чел [блок 7] — level (КЭП 1.5.1)",3,18,active,10,2016-01-01,2025-01-01,fresh
56162,kep1_5_129,"Перевезено пассажиров морским транспортом2), млн чел [блок 7] — level (КЭП 1.5.1)",5,18,active,127,2016-01-01,2026-07-01,lagging
56163,kep1_5_130,"Перевезено пассажиров морским транспортом2), млн чел [блок 7] — level (КЭП 1.5.1)",6,18,active,42,2016-01-01,2026-04-01,fresh
56164,kep1_5_1_m19,"Перевезено пассажиров морским транспортом2), млн чел [блок 7] — mom (КЭП 1.5.1)",5,12,active,127,2016-01-01,2026-07-01,lagging
56165,kep1_5_1_m20,"Перевезено пассажиров морским транспортом2), млн чел [блок 7] — mom (КЭП 1.5.1)",6,12,active,42,2016-01-01,2026-04-01,fresh
56166,kep1_5_1_y28,"Перевезено пассажиров морским транспортом2), млн чел [блок 7] — yoy (КЭП 1.5.1)",3,12,active,10,2016-01-01,2025-01-01,fresh
56167,kep1_5_1_y29,"Перевезено пассажиров морским транспортом2), млн чел [блок 7] — yoy (КЭП 1.5.1)",5,12,active,127,2016-01-01,2026-07-01,lagging
56168,kep1_5_1_y30,"Перевезено пассажиров морским транспортом2), млн чел [блок 7] — yoy (КЭП 1.5.1)",6,12,active,42,2016-01-01,2026-04-01,fresh
56169,kep1_5_131,"Перевозка пассажиров автобусами по маршрутам регулярных перевозок, млн. человек [блок 5] — level (КЭП 1.5.1)",3,18,active,10,2016-01-01,2025-01-01,fresh
56170,kep1_5_132,"Перевозка пассажиров автобусами по маршрутам регулярных перевозок, млн. человек [блок 5] — level (КЭП 1.5.1)",5,18,active,126,2016-01-01,2026-07-01,lagging
56171,kep1_5_133,"Перевозка пассажиров автобусами по маршрутам регулярных перевозок, млн. человек [блок 5] — level (КЭП 1.5.1)",6,18,active,41,2016-01-01,2026-01-01,fresh
56172,kep1_5_1_m21,"Перевозка пассажиров автобусами по маршрутам регулярных перевозок, млн. человек [блок 5] — mom (КЭП 1.5.1)",5,12,active,126,2016-01-01,2026-07-01,lagging
56173,kep1_5_1_m22,"Перевозка пассажиров автобусами по маршрутам регулярных перевозок, млн. человек [блок 5] — mom (КЭП 1.5.1)",6,12,active,41,2016-01-01,2026-01-01,fresh
56174,kep1_5_1_y31,"Перевозка пассажиров автобусами по маршрутам регулярных перевозок, млн. человек [блок 5] — yoy (КЭП 1.5.1)",3,12,active,10,2016-01-01,2025-01-01,fresh
56175,kep1_5_1_y32,"Перевозка пассажиров автобусами по маршрутам регулярных перевозок, млн. человек [блок 5] — yoy (КЭП 1.5.1)",5,12,active,126,2016-01-01,2026-07-01,lagging
56176,kep1_5_1_y33,"Перевозка пассажиров автобусами по маршрутам регулярных перевозок, млн. человек [блок 5] — yoy (КЭП 1.5.1)",6,12,active,41,2016-01-01,2026-01-01,fresh
56177,kep1_5_134,"Перевозка пассажиров транспортом, млн чел [блок 1] — level (КЭП 1.5.1)",3,18,active,10,2016-01-01,2025-01-01,fresh
56178,kep1_5_135,"Перевозка пассажиров транспортом, млн чел [блок 1] — level (КЭП 1.5.1)",5,18,active,126,2016-01-01,2026-07-01,lagging
56179,kep1_5_136,"Перевозка пассажиров транспортом, млн чел [блок 1] — level (КЭП 1.5.1)",6,18,active,41,2016-01-01,2026-01-01,fresh
56180,kep1_5_1_m23,"Перевозка пассажиров транспортом, млн чел [блок 1] — mom (КЭП 1.5.1)",5,12,active,127,2016-01-01,2026-07-01,lagging
56181,kep1_5_1_m24,"Перевозка пассажиров транспортом, млн чел [блок 1] — mom (КЭП 1.5.1)",6,12,active,42,2016-01-01,2026-04-01,fresh
56182,kep1_5_1_y34,"Перевозка пассажиров транспортом, млн чел [блок 1] — yoy (КЭП 1.5.1)",3,12,active,10,2016-01-01,2025-01-01,fresh
56183,kep1_5_1_y35,"Перевозка пассажиров транспортом, млн чел [блок 1] — yoy (КЭП 1.5.1)",5,12,active,126,2016-01-01,2026-07-01,lagging
56184,kep1_5_1_y36,"Перевозка пассажиров транспортом, млн чел [блок 1] — yoy (КЭП 1.5.1)",6,12,active,41,2016-01-01,2026-01-01,fresh
56185,kep1_6,"1.6. Инвестиции в основной капитал1), млрд рублей — level (КЭП 1.6)",3,10,active,27,1999-01-01,2025-01-01,fresh
56186,kep1_62,"1.6. Инвестиции в основной капитал1), млрд рублей — level (КЭП 1.6)",5,10,active,204,1999-01-01,2015-12-01,stale
56187,kep1_63,"1.6. Инвестиции в основной капитал1), млрд рублей — level (КЭП 1.6)",6,10,active,110,1999-01-01,2026-04-01,fresh
56188,kep1_6_m,"1.6. Инвестиции в основной капитал1), млрд рублей — mom (КЭП 1.6)",5,12,active,204,1999-01-01,2015-12-01,stale
56189,kep1_6_m2,"1.6. Инвестиции в основной капитал1), млрд рублей — mom (КЭП 1.6)",6,12,active,86,2004-01-01,2026-04-01,fresh
56190,kep1_6_y,"1.6. Инвестиции в основной капитал1), млрд рублей — yoy (КЭП 1.6)",3,12,active,27,1999-01-01,2025-01-01,fresh
56191,kep1_6_y2,"1.6. Инвестиции в основной капитал1), млрд рублей — yoy (КЭП 1.6)",5,12,active,204,1999-01-01,2015-12-01,stale
56192,kep1_6_y3,"1.6. Инвестиции в основной капитал1), млрд рублей — yoy (КЭП 1.6)",6,12,active,110,1999-01-01,2026-04-01,fresh
56193,kep1_6_1,из бюджетов субъектов Российской Федерации [блок 4] — level (КЭП 1.6.1),3,10,active,26,1999-01-01,2025-01-01,fresh
56194,kep1_6_12,из бюджетов субъектов Российской Федерации [блок 4] — level (КЭП 1.6.1),6,10,active,106,1999-01-01,2026-04-01,fresh
56195,kep1_6_13,из них бюджетные средства [блок 2] — level (КЭП 1.6.1),3,10,active,26,1999-01-01,2025-01-01,fresh
56196,kep1_6_14,из них бюджетные средства [блок 2] — level (КЭП 1.6.1),6,10,active,106,1999-01-01,2026-04-01,fresh
56197,kep1_6_15,из федерального бюджета [блок 3] — level (КЭП 1.6.1),3,10,active,26,1999-01-01,2025-01-01,fresh
56198,kep1_6_16,из федерального бюджета [блок 3] — level (КЭП 1.6.1),6,10,active,106,1999-01-01,2026-04-01,fresh
56199,kep1_6_17,привлеченные средства [блок 1] — level (КЭП 1.6.1),3,10,active,26,1999-01-01,2025-01-01,fresh
56200,kep1_6_18,привлеченные средства [блок 1] — level (КЭП 1.6.1),6,10,active,106,1999-01-01,2026-04-01,fresh
56201,kep1_6_19,собственные средства предприятий — level (КЭП 1.6.1),3,10,active,26,1999-01-01,2025-01-01,fresh
56202,kep1_6_110,собственные средства предприятий — level (КЭП 1.6.1),6,10,active,106,1999-01-01,2026-04-01,fresh
56203,kep1_7,"1.7. Объем работ по виду деятельности ""Строительство"" (в фактических ценах соответствующих лет), млрд рублей — level (КЭ",3,10,active,27,1999-01-01,2025-01-01,fresh
56204,kep1_72,"1.7. Объем работ по виду деятельности ""Строительство"" (в фактических ценах соответствующих лет), млрд рублей — level (КЭ",5,10,active,331,1999-01-01,2026-07-01,lagging
56205,kep1_73,"1.7. Объем работ по виду деятельности ""Строительство"" (в фактических ценах соответствующих лет), млрд рублей — level (КЭ",6,10,active,110,1999-01-01,2026-04-01,fresh
56206,kep1_7_m,"1.7. Объем работ по виду деятельности ""Строительство"" (в фактических ценах соответствующих лет), млрд рублей — mom (КЭП ",5,12,active,328,1999-01-01,2026-07-01,lagging
56207,kep1_7_m2,"1.7. Объем работ по виду деятельности ""Строительство"" (в фактических ценах соответствующих лет), млрд рублей — mom (КЭП ",6,12,active,109,1999-01-01,2026-04-01,fresh
56208,kep1_7_y,"1.7. Объем работ по виду деятельности ""Строительство"" (в фактических ценах соответствующих лет), млрд рублей — yoy (КЭП ",3,12,active,27,1999-01-01,2025-01-01,fresh
56209,kep1_7_y2,"1.7. Объем работ по виду деятельности ""Строительство"" (в фактических ценах соответствующих лет), млрд рублей — yoy (КЭП ",5,12,active,331,1999-01-01,2026-07-01,lagging
56210,kep1_7_y3,"1.7. Объем работ по виду деятельности ""Строительство"" (в фактических ценах соответствующих лет), млрд рублей — yoy (КЭП ",6,12,active,110,1999-01-01,2026-04-01,fresh
56211,kep1_8,"1.8. Ввод в действие жилых домов организациями  всех форм собственности, млн кв.м общей площади жилых помещений — level ",3,32,active,20,2005-01-01,2025-01-01,fresh
56212,kep1_82,"1.8. Ввод в действие жилых домов организациями  всех форм собственности, млн кв.м общей площади жилых помещений — level ",5,32,active,254,2005-01-01,2026-07-01,lagging
56213,kep1_83,"1.8. Ввод в действие жилых домов организациями  всех форм собственности, млн кв.м общей площади жилых помещений — level ",6,32,active,84,2005-01-01,2026-04-01,fresh
56214,kep1_8_m,"1.8. Ввод в действие жилых домов организациями  всех форм собственности, млн кв.м общей площади жилых помещений — mom (К",5,12,active,263,1999-02-01,2026-07-01,lagging
56215,kep1_8_m2,"1.8. Ввод в действие жилых домов организациями  всех форм собственности, млн кв.м общей площади жилых помещений — mom (К",6,12,active,69,1999-04-01,2026-04-01,fresh
56216,kep1_8_y,"1.8. Ввод в действие жилых домов организациями  всех форм собственности, млн кв.м общей площади жилых помещений — yoy (К",3,12,active,27,1999-01-01,2025-01-01,fresh
56217,kep1_8_y2,"1.8. Ввод в действие жилых домов организациями  всех форм собственности, млн кв.м общей площади жилых помещений — yoy (К",5,12,active,331,1999-01-01,2026-07-01,lagging
56218,kep1_8_y3,"1.8. Ввод в действие жилых домов организациями  всех форм собственности, млн кв.м общей площади жилых помещений — yoy (К",6,12,active,110,1999-01-01,2026-04-01,fresh
56219,kep1_9,"1.9. Внешнеторговый оборот – всего1), млрд долларов США — level (КЭП 1.9)",3,18,active,23,1999-01-01,2021-01-01,stale
56220,kep1_92,"1.9. Внешнеторговый оборот – всего1), млрд долларов США — level (КЭП 1.9)",5,18,active,275,1999-01-01,2021-12-01,stale
56221,kep1_93,"1.9. Внешнеторговый оборот – всего1), млрд долларов США — level (КЭП 1.9)",6,18,active,92,1999-01-01,2021-10-01,stale
56222,kep1_9_m,"1.9. Внешнеторговый оборот – всего1), млрд долларов США — mom (КЭП 1.9)",5,12,active,276,1999-01-01,2021-12-01,stale
56223,kep1_9_m2,"1.9. Внешнеторговый оборот – всего1), млрд долларов США — mom (КЭП 1.9)",6,12,active,92,1999-01-01,2021-10-01,stale
56224,kep1_9_y,"1.9. Внешнеторговый оборот – всего1), млрд долларов США — yoy (КЭП 1.9)",3,12,active,23,1999-01-01,2021-01-01,stale
56225,kep1_9_y2,"1.9. Внешнеторговый оборот – всего1), млрд долларов США — yoy (КЭП 1.9)",5,12,active,276,1999-01-01,2021-12-01,stale
56226,kep1_9_y3,"1.9. Внешнеторговый оборот – всего1), млрд долларов США — yoy (КЭП 1.9)",6,12,active,92,1999-01-01,2021-10-01,stale
56227,kep1_94,"1.9.1. Внешнеторговый оборот со странами дальнего зарубежья – всего, млрд долларов США || 1.9.1. Внешнеторговый оборот с",3,18,active,23,1999-01-01,2021-01-01,stale
56228,kep1_95,"1.9.1. Внешнеторговый оборот со странами дальнего зарубежья – всего, млрд долларов США || 1.9.1. Внешнеторговый оборот с",5,18,active,276,1999-01-01,2021-12-01,stale
56229,kep1_96,"1.9.1. Внешнеторговый оборот со странами дальнего зарубежья – всего, млрд долларов США || 1.9.1. Внешнеторговый оборот с",6,18,active,92,1999-01-01,2021-10-01,stale
56230,kep1_9_m3,"1.9.1. Внешнеторговый оборот со странами дальнего зарубежья – всего, млрд долларов США || 1.9.1. Внешнеторговый оборот с",5,12,active,276,1999-01-01,2021-12-01,stale
56231,kep1_9_m4,"1.9.1. Внешнеторговый оборот со странами дальнего зарубежья – всего, млрд долларов США || 1.9.1. Внешнеторговый оборот с",6,12,active,92,1999-01-01,2021-10-01,stale
56232,kep1_9_y4,"1.9.1. Внешнеторговый оборот со странами дальнего зарубежья – всего, млрд долларов США || 1.9.1. Внешнеторговый оборот с",3,12,active,23,1999-01-01,2021-01-01,stale
56233,kep1_9_y5,"1.9.1. Внешнеторговый оборот со странами дальнего зарубежья – всего, млрд долларов США || 1.9.1. Внешнеторговый оборот с",5,12,active,276,1999-01-01,2021-12-01,stale
56234,kep1_9_y6,"1.9.1. Внешнеторговый оборот со странами дальнего зарубежья – всего, млрд долларов США || 1.9.1. Внешнеторговый оборот с",6,12,active,92,1999-01-01,2021-10-01,stale
56235,kep1_97,"1.9.1. Внешнеторговый оборот со странами дальнего зарубежья – всего, млрд долларов США || export of goods, bln US dollar",3,18,active,23,1999-01-01,2021-01-01,stale
56236,kep1_98,"1.9.1. Внешнеторговый оборот со странами дальнего зарубежья – всего, млрд долларов США || export of goods, bln US dollar",5,18,active,276,1999-01-01,2021-12-01,stale
56237,kep1_99,"1.9.1. Внешнеторговый оборот со странами дальнего зарубежья – всего, млрд долларов США || export of goods, bln US dollar",6,18,active,92,1999-01-01,2021-10-01,stale
56238,kep1_9_m5,"1.9.1. Внешнеторговый оборот со странами дальнего зарубежья – всего, млрд долларов США || export of goods, bln US dollar",5,12,active,276,1999-01-01,2021-12-01,stale
56239,kep1_9_m6,"1.9.1. Внешнеторговый оборот со странами дальнего зарубежья – всего, млрд долларов США || export of goods, bln US dollar",6,12,active,92,1999-01-01,2021-10-01,stale
56240,kep1_9_y7,"1.9.1. Внешнеторговый оборот со странами дальнего зарубежья – всего, млрд долларов США || export of goods, bln US dollar",3,12,active,23,1999-01-01,2021-01-01,stale
56241,kep1_9_y8,"1.9.1. Внешнеторговый оборот со странами дальнего зарубежья – всего, млрд долларов США || export of goods, bln US dollar",5,12,active,276,1999-01-01,2021-12-01,stale
56242,kep1_9_y9,"1.9.1. Внешнеторговый оборот со странами дальнего зарубежья – всего, млрд долларов США || export of goods, bln US dollar",6,12,active,92,1999-01-01,2021-10-01,stale
56243,kep1_910,"1.9.1. Внешнеторговый оборот со странами дальнего зарубежья – всего, млрд долларов США || импорт товаров, млрд долларов ",3,18,active,23,1999-01-01,2021-01-01,stale
56244,kep1_911,"1.9.1. Внешнеторговый оборот со странами дальнего зарубежья – всего, млрд долларов США || импорт товаров, млрд долларов ",5,18,active,276,1999-01-01,2021-12-01,stale
56245,kep1_912,"1.9.1. Внешнеторговый оборот со странами дальнего зарубежья – всего, млрд долларов США || импорт товаров, млрд долларов ",6,18,active,92,1999-01-01,2021-10-01,stale
56246,kep1_9_m7,"1.9.1. Внешнеторговый оборот со странами дальнего зарубежья – всего, млрд долларов США || импорт товаров, млрд долларов ",5,12,active,276,1999-01-01,2021-12-01,stale
56247,kep1_9_m8,"1.9.1. Внешнеторговый оборот со странами дальнего зарубежья – всего, млрд долларов США || импорт товаров, млрд долларов ",6,12,active,92,1999-01-01,2021-10-01,stale
56248,kep1_9_y10,"1.9.1. Внешнеторговый оборот со странами дальнего зарубежья – всего, млрд долларов США || импорт товаров, млрд долларов ",3,12,active,23,1999-01-01,2021-01-01,stale
56249,kep1_9_y11,"1.9.1. Внешнеторговый оборот со странами дальнего зарубежья – всего, млрд долларов США || импорт товаров, млрд долларов ",5,12,active,276,1999-01-01,2021-12-01,stale
56250,kep1_9_y12,"1.9.1. Внешнеторговый оборот со странами дальнего зарубежья – всего, млрд долларов США || импорт товаров, млрд долларов ",6,12,active,92,1999-01-01,2021-10-01,stale
56251,kep1_913,"1.9.2.Внешнеторговый оборот с государствами-участниками СНГ – всего, млрд долларов США || 1.9.2.Внешнеторговый оборот с ",3,18,active,23,1999-01-01,2021-01-01,stale
56252,kep1_914,"1.9.2.Внешнеторговый оборот с государствами-участниками СНГ – всего, млрд долларов США || 1.9.2.Внешнеторговый оборот с ",5,18,active,276,1999-01-01,2021-12-01,stale
56253,kep1_915,"1.9.2.Внешнеторговый оборот с государствами-участниками СНГ – всего, млрд долларов США || 1.9.2.Внешнеторговый оборот с ",6,18,active,92,1999-01-01,2021-10-01,stale
56254,kep1_9_m9,"1.9.2.Внешнеторговый оборот с государствами-участниками СНГ – всего, млрд долларов США || 1.9.2.Внешнеторговый оборот с ",5,12,active,276,1999-01-01,2021-12-01,stale
56255,kep1_9_m10,"1.9.2.Внешнеторговый оборот с государствами-участниками СНГ – всего, млрд долларов США || 1.9.2.Внешнеторговый оборот с ",6,12,active,92,1999-01-01,2021-10-01,stale
56256,kep1_9_y13,"1.9.2.Внешнеторговый оборот с государствами-участниками СНГ – всего, млрд долларов США || 1.9.2.Внешнеторговый оборот с ",3,12,active,23,1999-01-01,2021-01-01,stale
56257,kep1_9_y14,"1.9.2.Внешнеторговый оборот с государствами-участниками СНГ – всего, млрд долларов США || 1.9.2.Внешнеторговый оборот с ",5,12,active,276,1999-01-01,2021-12-01,stale
56258,kep1_9_y15,"1.9.2.Внешнеторговый оборот с государствами-участниками СНГ – всего, млрд долларов США || 1.9.2.Внешнеторговый оборот с ",6,12,active,92,1999-01-01,2021-10-01,stale
56259,kep1_916,"1.9.2.Внешнеторговый оборот с государствами-участниками СНГ – всего, млрд долларов США || export of goods,bln US dollars",3,18,active,23,1999-01-01,2021-01-01,stale
56260,kep1_917,"1.9.2.Внешнеторговый оборот с государствами-участниками СНГ – всего, млрд долларов США || export of goods,bln US dollars",5,18,active,276,1999-01-01,2021-12-01,stale
56261,kep1_918,"1.9.2.Внешнеторговый оборот с государствами-участниками СНГ – всего, млрд долларов США || export of goods,bln US dollars",6,18,active,92,1999-01-01,2021-10-01,stale
56262,kep1_9_m11,"1.9.2.Внешнеторговый оборот с государствами-участниками СНГ – всего, млрд долларов США || export of goods,bln US dollars",5,12,active,276,1999-01-01,2021-12-01,stale
56263,kep1_9_m12,"1.9.2.Внешнеторговый оборот с государствами-участниками СНГ – всего, млрд долларов США || export of goods,bln US dollars",6,12,active,92,1999-01-01,2021-10-01,stale
56264,kep1_9_y16,"1.9.2.Внешнеторговый оборот с государствами-участниками СНГ – всего, млрд долларов США || export of goods,bln US dollars",3,12,active,23,1999-01-01,2021-01-01,stale
56265,kep1_9_y17,"1.9.2.Внешнеторговый оборот с государствами-участниками СНГ – всего, млрд долларов США || export of goods,bln US dollars",5,12,active,276,1999-01-01,2021-12-01,stale
56266,kep1_9_y18,"1.9.2.Внешнеторговый оборот с государствами-участниками СНГ – всего, млрд долларов США || export of goods,bln US dollars",6,12,active,92,1999-01-01,2021-10-01,stale
56267,kep1_919,"1.9.2.Внешнеторговый оборот с государствами-участниками СНГ – всего, млрд долларов США || импорт товаров, млрд долларов ",3,18,active,23,1999-01-01,2021-01-01,stale
56268,kep1_920,"1.9.2.Внешнеторговый оборот с государствами-участниками СНГ – всего, млрд долларов США || импорт товаров, млрд долларов ",5,18,active,276,1999-01-01,2021-12-01,stale
56269,kep1_921,"1.9.2.Внешнеторговый оборот с государствами-участниками СНГ – всего, млрд долларов США || импорт товаров, млрд долларов ",6,18,active,92,1999-01-01,2021-10-01,stale
56270,kep1_9_m13,"1.9.2.Внешнеторговый оборот с государствами-участниками СНГ – всего, млрд долларов США || импорт товаров, млрд долларов ",5,12,active,276,1999-01-01,2021-12-01,stale
56271,kep1_9_m14,"1.9.2.Внешнеторговый оборот с государствами-участниками СНГ – всего, млрд долларов США || импорт товаров, млрд долларов ",6,12,active,92,1999-01-01,2021-10-01,stale
56272,kep1_9_y19,"1.9.2.Внешнеторговый оборот с государствами-участниками СНГ – всего, млрд долларов США || импорт товаров, млрд долларов ",3,12,active,23,1999-01-01,2021-01-01,stale
56273,kep1_9_y20,"1.9.2.Внешнеторговый оборот с государствами-участниками СНГ – всего, млрд долларов США || импорт товаров, млрд долларов ",5,12,active,276,1999-01-01,2021-12-01,stale
56274,kep1_9_y21,"1.9.2.Внешнеторговый оборот с государствами-участниками СНГ – всего, млрд долларов США || импорт товаров, млрд долларов ",6,12,active,92,1999-01-01,2021-10-01,stale
56275,kep1_922,"export of goods – total,bln US dollars [блок 1] — level (КЭП 1.9)",3,18,active,23,1999-01-01,2021-01-01,stale
56276,kep1_923,"export of goods – total,bln US dollars [блок 1] — level (КЭП 1.9)",5,18,active,276,1999-01-01,2021-12-01,stale
56277,kep1_924,"export of goods – total,bln US dollars [блок 1] — level (КЭП 1.9)",6,18,active,92,1999-01-01,2021-10-01,stale
56278,kep1_9_m15,"export of goods – total,bln US dollars [блок 1] — mom (КЭП 1.9)",5,12,active,276,1999-01-01,2021-12-01,stale
56279,kep1_9_m16,"export of goods – total,bln US dollars [блок 1] — mom (КЭП 1.9)",6,12,active,92,1999-01-01,2021-10-01,stale
56280,kep1_9_y22,"export of goods – total,bln US dollars [блок 1] — yoy (КЭП 1.9)",3,12,active,23,1999-01-01,2021-01-01,stale
56281,kep1_9_y23,"export of goods – total,bln US dollars [блок 1] — yoy (КЭП 1.9)",5,12,active,276,1999-01-01,2021-12-01,stale
56282,kep1_9_y24,"export of goods – total,bln US dollars [блок 1] — yoy (КЭП 1.9)",6,12,active,92,1999-01-01,2021-10-01,stale
56283,kep1_925,"импорт товаров – всего, млрд долларов США [блок 2] — level (КЭП 1.9)",3,18,active,23,1999-01-01,2021-01-01,stale
56284,kep1_926,"импорт товаров – всего, млрд долларов США [блок 2] — level (КЭП 1.9)",5,18,active,276,1999-01-01,2021-12-01,stale
56285,kep1_927,"импорт товаров – всего, млрд долларов США [блок 2] — level (КЭП 1.9)",6,18,active,92,1999-01-01,2021-10-01,stale
56286,kep1_9_m17,"импорт товаров – всего, млрд долларов США [блок 2] — mom (КЭП 1.9)",5,12,active,276,1999-01-01,2021-12-01,stale
56287,kep1_9_m18,"импорт товаров – всего, млрд долларов США [блок 2] — mom (КЭП 1.9)",6,12,active,92,1999-01-01,2021-10-01,stale
56288,kep1_9_y25,"импорт товаров – всего, млрд долларов США [блок 2] — yoy (КЭП 1.9)",3,12,active,23,1999-01-01,2021-01-01,stale
56289,kep1_9_y26,"импорт товаров – всего, млрд долларов США [блок 2] — yoy (КЭП 1.9)",5,12,active,276,1999-01-01,2021-12-01,stale
56290,kep1_9_y27,"импорт товаров – всего, млрд долларов США [блок 2] — yoy (КЭП 1.9)",6,12,active,92,1999-01-01,2021-10-01,stale
56291,kep2_1,"2.1.1. Доходы (по данным Федерального казначейства) || Консолидированные бюджеты субъектов Российской Федерации, млрд ру",3,18,active,27,1999-01-01,2025-01-01,fresh
56292,kep2_12,"2.1.1. Доходы (по данным Федерального казначейства) || Консолидированные бюджеты субъектов Российской Федерации, млрд ру",5,18,active,28,1999-01-01,2026-01-01,lagging
56293,kep2_13,"2.1.1. Доходы (по данным Федерального казначейства) || Консолидированный бюджет1), млрд рублей [подтаблица 1] — level (К",3,18,active,27,1999-01-01,2025-01-01,fresh
56294,kep2_14,"2.1.1. Доходы (по данным Федерального казначейства) || Консолидированный бюджет1), млрд рублей [подтаблица 1] — level (К",5,18,active,28,1999-01-01,2026-01-01,lagging
56295,kep2_15,"2.1.1. Доходы (по данным Федерального казначейства) || Федеральный бюджет, млрд рублей [подтаблица 1] [блок 1] — level (",3,18,active,27,1999-01-01,2025-01-01,fresh
56296,kep2_16,"2.1.1. Доходы (по данным Федерального казначейства) || Федеральный бюджет, млрд рублей [подтаблица 1] [блок 1] — level (",5,18,active,28,1999-01-01,2026-01-01,lagging
56297,kep2_17,2.1.1. Доходы (по данным Федерального казначейства) || консолидированные бюджеты  субъектов Российской Федерации [подтаб,3,18,active,23,1999-01-01,2025-01-01,fresh
56298,kep2_18,2.1.1. Доходы (по данным Федерального казначейства) || консолидированные бюджеты  субъектов Российской Федерации [подтаб,5,18,active,28,1999-01-01,2026-01-01,lagging
56299,kep2_19,2.1.1. Доходы (по данным Федерального казначейства) || консолидированные бюджеты  субъектов Российской Федерации [подтаб,3,18,active,27,1999-01-01,2025-01-01,fresh
56300,kep2_110,2.1.1. Доходы (по данным Федерального казначейства) || консолидированные бюджеты  субъектов Российской Федерации [подтаб,5,18,active,28,1999-01-01,2026-01-01,lagging
56301,kep2_111,2.1.1. Доходы (по данным Федерального казначейства) || консолидированные бюджеты субъектов Российской Федерации [подтабл,3,18,active,27,1999-01-01,2025-01-01,fresh
56302,kep2_112,2.1.1. Доходы (по данным Федерального казначейства) || консолидированные бюджеты субъектов Российской Федерации [подтабл,5,18,active,28,1999-01-01,2026-01-01,lagging
56303,kep2_113,2.1.1. Доходы (по данным Федерального казначейства) || консолидированные бюджеты субъектов Российской Федерации [подтабл,3,18,active,27,1999-01-01,2025-01-01,fresh
56304,kep2_114,2.1.1. Доходы (по данным Федерального казначейства) || консолидированные бюджеты субъектов Российской Федерации [подтабл,5,18,active,28,1999-01-01,2026-01-01,lagging
56305,kep2_115,2.1.1. Доходы (по данным Федерального казначейства) || консолидированный  бюджет [подтаблица 1] [блок 15] — level (КЭП 2,3,18,active,21,2005-01-01,2025-01-01,fresh
56306,kep2_116,2.1.1. Доходы (по данным Федерального казначейства) || консолидированный  бюджет [подтаблица 1] [блок 15] — level (КЭП 2,5,18,active,22,2005-01-01,2026-01-01,lagging
56307,kep2_117,2.1.1. Доходы (по данным Федерального казначейства) || консолидированный  бюджет [подтаблица 1] [блок 9] — level (КЭП 2.,3,18,active,27,1999-01-01,2025-01-01,fresh
56308,kep2_118,2.1.1. Доходы (по данным Федерального казначейства) || консолидированный  бюджет [подтаблица 1] [блок 9] — level (КЭП 2.,5,18,active,28,1999-01-01,2026-01-01,lagging
56309,kep2_119,2.1.1. Доходы (по данным Федерального казначейства) || консолидированный бюджет [подтаблица 1] [блок 12] — level (КЭП 2.,3,18,active,24,1999-01-01,2025-01-01,fresh
56310,kep2_120,2.1.1. Доходы (по данным Федерального казначейства) || консолидированный бюджет [подтаблица 1] [блок 12] — level (КЭП 2.,5,18,active,26,1999-01-01,2026-01-01,lagging
56311,kep2_121,2.1.1. Доходы (по данным Федерального казначейства) || консолидированный бюджет [подтаблица 1] [блок 3] — level (КЭП 2.1,3,18,active,27,1999-01-01,2025-01-01,fresh
56312,kep2_122,2.1.1. Доходы (по данным Федерального казначейства) || консолидированный бюджет [подтаблица 1] [блок 3] — level (КЭП 2.1,5,18,active,28,1999-01-01,2026-01-01,lagging
56313,kep2_123,2.1.1. Доходы (по данным Федерального казначейства) || консолидированный бюджет [подтаблица 1] [блок 6] — level (КЭП 2.1,3,18,active,27,1999-01-01,2025-01-01,fresh
56314,kep2_124,2.1.1. Доходы (по данным Федерального казначейства) || консолидированный бюджет [подтаблица 1] [блок 6] — level (КЭП 2.1,5,18,active,28,1999-01-01,2026-01-01,lagging
56315,kep2_125,2.1.1. Доходы (по данным Федерального казначейства) || федеральный бюджет [подтаблица 1] [блок 10] — level (КЭП 2.1),3,18,active,27,1999-01-01,2025-01-01,fresh
56316,kep2_126,2.1.1. Доходы (по данным Федерального казначейства) || федеральный бюджет [подтаблица 1] [блок 10] — level (КЭП 2.1),5,18,active,28,1999-01-01,2026-01-01,lagging
56317,kep2_127,2.1.1. Доходы (по данным Федерального казначейства) || федеральный бюджет [подтаблица 1] [блок 13] — level (КЭП 2.1),3,18,active,22,1999-01-01,2020-01-01,stale
56318,kep2_128,2.1.1. Доходы (по данным Федерального казначейства) || федеральный бюджет [подтаблица 1] [блок 13] — level (КЭП 2.1),5,18,active,24,1999-01-01,2026-01-01,lagging
56319,kep2_129,2.1.1. Доходы (по данным Федерального казначейства) || федеральный бюджет [подтаблица 1] [блок 16] — level (КЭП 2.1),3,18,active,21,2005-01-01,2025-01-01,fresh
56320,kep2_130,2.1.1. Доходы (по данным Федерального казначейства) || федеральный бюджет [подтаблица 1] [блок 16] — level (КЭП 2.1),5,18,active,22,2005-01-01,2026-01-01,lagging
56321,kep2_131,2.1.1. Доходы (по данным Федерального казначейства) || федеральный бюджет [подтаблица 1] [блок 4] — level (КЭП 2.1),3,18,active,27,1999-01-01,2025-01-01,fresh
56322,kep2_132,2.1.1. Доходы (по данным Федерального казначейства) || федеральный бюджет [подтаблица 1] [блок 4] — level (КЭП 2.1),5,18,active,27,1999-01-01,2026-01-01,lagging
56323,kep2_133,2.1.1. Доходы (по данным Федерального казначейства) || федеральный бюджет [подтаблица 1] [блок 7] — level (КЭП 2.1),3,18,active,16,1999-01-01,2025-01-01,fresh
56324,kep2_134,2.1.1. Доходы (по данным Федерального казначейства) || федеральный бюджет [подтаблица 1] [блок 7] — level (КЭП 2.1),5,18,active,16,1999-01-01,2026-01-01,lagging
56325,kep2_135,"2.1.2. Расходы (по данным Федерального казначейства) || Консолидированные бюджеты субъектов Российской Федерации, млрд р",3,18,active,27,1999-01-01,2025-01-01,fresh
56326,kep2_136,"2.1.2. Расходы (по данным Федерального казначейства) || Консолидированные бюджеты субъектов Российской Федерации, млрд р",5,18,active,28,1999-01-01,2026-01-01,lagging
56327,kep2_137,"2.1.2. Расходы (по данным Федерального казначейства) || Консолидированный бюджет, млрд рублей1) [подтаблица 2] [блок 17]",3,18,active,27,1999-01-01,2025-01-01,fresh
56328,kep2_138,"2.1.2. Расходы (по данным Федерального казначейства) || Консолидированный бюджет, млрд рублей1) [подтаблица 2] [блок 17]",5,18,active,28,1999-01-01,2026-01-01,lagging
56329,kep2_139,"2.1.2. Расходы (по данным Федерального казначейства) || Федеральный бюджет, млрд рублей [подтаблица 2] [блок 18] — level",3,18,active,27,1999-01-01,2025-01-01,fresh
56330,kep2_140,"2.1.2. Расходы (по данным Федерального казначейства) || Федеральный бюджет, млрд рублей [подтаблица 2] [блок 18] — level",5,18,active,28,1999-01-01,2026-01-01,lagging
56331,kep2_141,2.1.2. Расходы (по данным Федерального казначейства) || консолидированные бюджеты  субъектов Российской Федерации [подта,3,18,active,17,2005-01-01,2021-01-01,stale
56332,kep2_142,2.1.2. Расходы (по данным Федерального казначейства) || консолидированные бюджеты  субъектов Российской Федерации [подта,5,18,active,18,2005-01-01,2022-01-01,stale
56333,kep2_143,2.1.2. Расходы (по данным Федерального казначейства) || консолидированные бюджеты субъектов Российской Федерации [подтаб,3,18,active,17,2005-01-01,2021-01-01,stale
56334,kep2_144,2.1.2. Расходы (по данным Федерального казначейства) || консолидированные бюджеты субъектов Российской Федерации [подтаб,5,18,active,18,2005-01-01,2022-01-01,stale
56335,kep2_145,2.1.2. Расходы (по данным Федерального казначейства) || консолидированные бюджеты субъектов Российской Федерации [подтаб,3,18,active,17,2005-01-01,2021-01-01,stale
56336,kep2_146,2.1.2. Расходы (по данным Федерального казначейства) || консолидированные бюджеты субъектов Российской Федерации [подтаб,5,18,active,18,2005-01-01,2022-01-01,stale
56337,kep2_147,2.1.2. Расходы (по данным Федерального казначейства) || консолидированные бюджеты субъектов Российской Федерации [подтаб,3,18,active,17,2005-01-01,2021-01-01,stale
56338,kep2_148,2.1.2. Расходы (по данным Федерального казначейства) || консолидированные бюджеты субъектов Российской Федерации [подтаб,5,18,active,18,2005-01-01,2022-01-01,stale
56339,kep2_149,2.1.2. Расходы (по данным Федерального казначейства) || консолидированный бюджет [подтаблица 2] [блок 20] — level (КЭП 2,3,18,active,17,2005-01-01,2021-01-01,stale
56340,kep2_150,2.1.2. Расходы (по данным Федерального казначейства) || консолидированный бюджет [подтаблица 2] [блок 20] — level (КЭП 2,5,18,active,18,2005-01-01,2022-01-01,stale
56341,kep2_151,2.1.2. Расходы (по данным Федерального казначейства) || консолидированный бюджет [подтаблица 2] [блок 23] — level (КЭП 2,3,18,active,17,2005-01-01,2021-01-01,stale
56342,kep2_152,2.1.2. Расходы (по данным Федерального казначейства) || консолидированный бюджет [подтаблица 2] [блок 23] — level (КЭП 2,5,18,active,18,2005-01-01,2022-01-01,stale
56343,kep2_153,2.1.2. Расходы (по данным Федерального казначейства) || консолидированный бюджет [подтаблица 2] [блок 25] — level (КЭП 2,3,18,active,17,2005-01-01,2021-01-01,stale
56344,kep2_154,2.1.2. Расходы (по данным Федерального казначейства) || консолидированный бюджет [подтаблица 2] [блок 25] — level (КЭП 2,5,18,active,18,2005-01-01,2022-01-01,stale
56345,kep2_155,2.1.2. Расходы (по данным Федерального казначейства) || консолидированный бюджет [подтаблица 2] [блок 28] — level (КЭП 2,3,18,active,17,2005-01-01,2021-01-01,stale
56346,kep2_156,2.1.2. Расходы (по данным Федерального казначейства) || консолидированный бюджет [подтаблица 2] [блок 28] — level (КЭП 2,5,18,active,18,2005-01-01,2022-01-01,stale
56347,kep2_157,2.1.2. Расходы (по данным Федерального казначейства) || консолидированный бюджет [подтаблица 2] [блок 31] — level (КЭП 2,3,18,active,17,2005-01-01,2021-01-01,stale
56348,kep2_158,2.1.2. Расходы (по данным Федерального казначейства) || консолидированный бюджет [подтаблица 2] [блок 31] — level (КЭП 2,5,18,active,18,2005-01-01,2022-01-01,stale
56349,kep2_159,2.1.2. Расходы (по данным Федерального казначейства) || федеральный бюджет [подтаблица 2] [блок 21] — level (КЭП 2.1),3,18,active,17,2005-01-01,2021-01-01,stale
56350,kep2_160,2.1.2. Расходы (по данным Федерального казначейства) || федеральный бюджет [подтаблица 2] [блок 21] — level (КЭП 2.1),5,18,active,18,2005-01-01,2022-01-01,stale
56351,kep2_161,2.1.2. Расходы (по данным Федерального казначейства) || федеральный бюджет [подтаблица 2] [блок 24] — level (КЭП 2.1),3,18,active,17,2005-01-01,2021-01-01,stale
56352,kep2_162,2.1.2. Расходы (по данным Федерального казначейства) || федеральный бюджет [подтаблица 2] [блок 24] — level (КЭП 2.1),5,18,active,18,2005-01-01,2022-01-01,stale
56353,kep2_163,2.1.2. Расходы (по данным Федерального казначейства) || федеральный бюджет [подтаблица 2] [блок 26] — level (КЭП 2.1),3,18,active,17,2005-01-01,2021-01-01,stale
56354,kep2_164,2.1.2. Расходы (по данным Федерального казначейства) || федеральный бюджет [подтаблица 2] [блок 26] — level (КЭП 2.1),5,18,active,18,2005-01-01,2022-01-01,stale
56355,kep2_165,2.1.2. Расходы (по данным Федерального казначейства) || федеральный бюджет [подтаблица 2] [блок 29] — level (КЭП 2.1),3,18,active,17,2005-01-01,2021-01-01,stale
56356,kep2_166,2.1.2. Расходы (по данным Федерального казначейства) || федеральный бюджет [подтаблица 2] [блок 29] — level (КЭП 2.1),5,18,active,18,2005-01-01,2022-01-01,stale
56357,kep2_167,2.1.2. Расходы (по данным Федерального казначейства) || федеральный бюджет [подтаблица 2] [блок 32] — level (КЭП 2.1),3,18,active,17,2005-01-01,2021-01-01,stale
56358,kep2_168,2.1.2. Расходы (по данным Федерального казначейства) || федеральный бюджет [подтаблица 2] [блок 32] — level (КЭП 2.1),5,18,active,18,2005-01-01,2022-01-01,stale
56359,kep2_169,"2.1.3. Превышение доходов над расходами /профицит /, расходов над доходами /дефицит "" - ""/ || Консолидированные бюджеты ",3,18,active,27,1999-01-01,2025-01-01,fresh
56360,kep2_170,"2.1.3. Превышение доходов над расходами /профицит /, расходов над доходами /дефицит "" - ""/ || Консолидированные бюджеты ",5,18,active,28,1999-01-01,2026-01-01,lagging
56361,kep2_171,"2.1.3. Превышение доходов над расходами /профицит /, расходов над доходами /дефицит "" - ""/ || Федеральный бюджет, млрд р",3,18,active,27,1999-01-01,2025-01-01,fresh
56362,kep2_172,"2.1.3. Превышение доходов над расходами /профицит /, расходов над доходами /дефицит "" - ""/ || Федеральный бюджет, млрд р",5,18,active,28,1999-01-01,2026-01-01,lagging
56363,kep2_2,Всего — level (КЭП 2.2),3,38,active,21,2005-01-01,2025-01-01,fresh
56364,kep2_22,Всего — level (КЭП 2.2),5,38,active,22,2005-01-01,2026-01-01,lagging
56365,kep2_23,Добыча полезных ископаемых [блок 1] — level (КЭП 2.2),3,38,active,9,2017-01-01,2025-01-01,fresh
56366,kep2_24,Добыча полезных ископаемых [блок 1] — level (КЭП 2.2),5,38,active,10,2017-01-01,2026-01-01,lagging
56367,kep2_25,"Обеспечение электрической энергией,  газом и паром; кондиционирование воздуха [блок 3] — level (КЭП 2.2)",3,38,active,9,2017-01-01,2025-01-01,fresh
56368,kep2_26,"Обеспечение электрической энергией,  газом и паром; кондиционирование воздуха [блок 3] — level (КЭП 2.2)",5,38,active,10,2017-01-01,2026-01-01,lagging
56369,kep2_27,Обрабатывающие производства [блок 2] — level (КЭП 2.2),3,38,active,9,2017-01-01,2025-01-01,fresh
56370,kep2_28,Обрабатывающие производства [блок 2] — level (КЭП 2.2),5,38,active,10,2017-01-01,2026-01-01,lagging
56371,kep2_29,Строительство [блок 4] — level (КЭП 2.2),3,38,active,9,2017-01-01,2025-01-01,fresh
56372,kep2_210,Строительство [блок 4] — level (КЭП 2.2),5,38,active,10,2017-01-01,2026-01-01,lagging
56373,kep2_211,Транспортировка  и хранение [блок 5] — level (КЭП 2.2),3,38,active,9,2017-01-01,2025-01-01,fresh
56374,kep2_212,Транспортировка  и хранение [блок 5] — level (КЭП 2.2),5,38,active,10,2017-01-01,2026-01-01,lagging
56375,kep2_213,"количество организаций, единиц [блок 10] — level (КЭП 2.2)",3,38,active,9,2017-01-01,2025-01-01,fresh
56376,kep2_214,"количество организаций, единиц [блок 10] — level (КЭП 2.2)",5,38,active,10,2017-01-01,2026-01-01,lagging
56377,kep2_215,"количество организаций, единиц [блок 12] — level (КЭП 2.2)",3,38,active,9,2017-01-01,2025-01-01,fresh
56378,kep2_216,"количество организаций, единиц [блок 12] — level (КЭП 2.2)",5,38,active,10,2017-01-01,2026-01-01,lagging
56379,kep2_217,"количество организаций, единиц [блок 14] — level (КЭП 2.2)",3,38,active,9,2017-01-01,2025-01-01,fresh
56380,kep2_218,"количество организаций, единиц [блок 14] — level (КЭП 2.2)",5,38,active,10,2017-01-01,2026-01-01,lagging
56381,kep2_219,"количество организаций, единиц [блок 6] — level (КЭП 2.2)",3,38,active,9,2017-01-01,2025-01-01,fresh
56382,kep2_220,"количество организаций, единиц [блок 6] — level (КЭП 2.2)",5,38,active,10,2017-01-01,2026-01-01,lagging
56383,kep2_221,"количество организаций, единиц [блок 8] — level (КЭП 2.2)",3,38,active,9,2017-01-01,2025-01-01,fresh
56384,kep2_222,"количество организаций, единиц [блок 8] — level (КЭП 2.2)",5,38,active,10,2017-01-01,2026-01-01,lagging
56385,kep2_223,"удельный вес в общем  количестве организаций, процентов [блок 11] — level (КЭП 2.2)",3,38,active,9,2017-01-01,2025-01-01,fresh
56386,kep2_224,"удельный вес в общем  количестве организаций, процентов [блок 11] — level (КЭП 2.2)",5,38,active,10,2017-01-01,2026-01-01,lagging
56387,kep2_225,"удельный вес в общем количестве организаций, процентов [блок 13] — level (КЭП 2.2)",3,38,active,9,2017-01-01,2025-01-01,fresh
56388,kep2_226,"удельный вес в общем количестве организаций, процентов [блок 13] — level (КЭП 2.2)",5,38,active,10,2017-01-01,2026-01-01,lagging
56389,kep2_227,"удельный вес в общем количестве организаций, процентов [блок 15] — level (КЭП 2.2)",3,38,active,9,2017-01-01,2025-01-01,fresh
56390,kep2_228,"удельный вес в общем количестве организаций, процентов [блок 15] — level (КЭП 2.2)",5,38,active,10,2017-01-01,2026-01-01,lagging
56391,kep2_229,"удельный вес в общем количестве организаций, процентов [блок 7] — level (КЭП 2.2)",3,38,active,9,2017-01-01,2025-01-01,fresh
56392,kep2_230,"удельный вес в общем количестве организаций, процентов [блок 7] — level (КЭП 2.2)",5,38,active,10,2017-01-01,2026-01-01,lagging
56393,kep2_231,"удельный вес в общем количестве организаций, процентов [блок 9] — level (КЭП 2.2)",3,38,active,9,2017-01-01,2025-01-01,fresh
56394,kep2_232,"удельный вес в общем количестве организаций, процентов [блок 9] — level (КЭП 2.2)",5,38,active,10,2017-01-01,2026-01-01,lagging
56395,kep2_3,"2.3. Кредиты, депозиты и прочие средства, предоставленные  корпоративным клиентам, физическим лицам и кредитным организа",5,10,active,318,1999-01-01,2026-07-01,lagging
56396,kep2_32,до 1 года [блок 1] — level (КЭП 2.3),5,10,active,12,2014-01-01,2014-12-01,stale
56397,kep2_33,до 1 года [блок 1] — level (КЭП 2.3),5,10,active,12,2007-01-01,2007-12-01,stale
56398,kep2_34,до 1 года [блок 1] — level (КЭП 2.3),5,10,active,12,2007-01-01,2007-12-01,stale
56399,kep2_35,до 1 года [блок 1] — level (КЭП 2.3),5,10,active,12,2014-01-01,2014-12-01,stale
56400,kep2_36,до 1 года [блок 1] — level (КЭП 2.3),5,10,active,12,2007-01-01,2007-12-01,stale
56401,kep2_37,до 1 года [блок 1] — level (КЭП 2.3),5,10,active,12,2007-01-01,2007-12-01,stale
56402,kep2_38,до 1 года [блок 1] — level (КЭП 2.3),5,10,active,12,2007-01-01,2007-12-01,stale
56403,kep2_39,до 1 года [блок 1] — level (КЭП 2.3),5,10,active,12,2014-01-01,2014-12-01,stale
56404,kep2_310,до 1 года [блок 1] — level (КЭП 2.3),5,10,active,12,2014-01-01,2014-12-01,stale
56405,kep2_311,до 1 года [блок 1] — level (КЭП 2.3),5,10,active,12,2014-01-01,2014-12-01,stale
56406,kep2_312,до 1 года [блок 1] — level (КЭП 2.3),5,10,active,12,2014-01-01,2014-12-01,stale
56407,kep2_313,до 1 года [блок 1] — level (КЭП 2.3),5,10,active,12,2014-01-01,2014-12-01,stale
56408,kep2_314,до 1 года [блок 1] — level (КЭП 2.3),5,10,active,12,2007-01-01,2007-12-01,stale
56409,kep2_315,до 1 года [блок 1] — level (КЭП 2.3),5,10,active,12,2014-01-01,2014-12-01,stale
56410,kep2_316,до 1 года [блок 1] — level (КЭП 2.3),5,10,active,12,2014-01-01,2014-12-01,stale
56411,kep2_317,до 1 года [блок 1] — level (КЭП 2.3),5,10,active,12,2014-01-01,2014-12-01,stale
56412,kep2_318,до 1 года [блок 1] — level (КЭП 2.3),5,10,active,12,2014-01-01,2014-12-01,stale
56413,kep2_319,до 1 года [блок 1] — level (КЭП 2.3),5,10,active,7,2014-01-01,2014-07-01,stale
56414,kep2_320,до 1 года [блок 1] — level (КЭП 2.3),5,10,active,12,2007-01-01,2007-12-01,stale
56415,kep2_321,до 1 года [блок 1] — level (КЭП 2.3),5,10,active,12,2014-01-01,2014-12-01,stale
56416,kep2_322,свыше 1 года [блок 1] — level (КЭП 2.3),5,10,active,12,2007-01-01,2007-12-01,stale
56417,kep2_323,свыше 1 года [блок 1] — level (КЭП 2.3),5,10,active,12,2014-01-01,2014-12-01,stale
56418,kep2_324,свыше 1 года [блок 1] — level (КЭП 2.3),5,10,active,12,2014-01-01,2014-12-01,stale
56419,kep2_325,свыше 1 года [блок 1] — level (КЭП 2.3),5,10,active,12,2014-01-01,2014-12-01,stale
56420,kep2_326,свыше 1 года [блок 1] — level (КЭП 2.3),5,10,active,12,2007-01-01,2007-12-01,stale
56421,kep2_327,свыше 1 года [блок 1] — level (КЭП 2.3),5,10,active,12,2007-01-01,2007-12-01,stale
56422,kep2_328,свыше 1 года [блок 1] — level (КЭП 2.3),5,10,active,12,2014-01-01,2014-12-01,stale
56423,kep2_329,свыше 1 года [блок 1] — level (КЭП 2.3),5,10,active,12,2007-01-01,2007-12-01,stale
56424,kep2_330,свыше 1 года [блок 1] — level (КЭП 2.3),5,10,active,12,2014-01-01,2014-12-01,stale
56425,kep2_331,свыше 1 года [блок 1] — level (КЭП 2.3),5,10,active,12,2007-01-01,2007-12-01,stale
56426,kep2_332,свыше 1 года [блок 1] — level (КЭП 2.3),5,10,active,12,2007-01-01,2007-12-01,stale
56427,kep2_333,свыше 1 года [блок 1] — level (КЭП 2.3),5,10,active,7,2014-01-01,2014-07-01,stale
56428,kep2_334,свыше 1 года [блок 1] — level (КЭП 2.3),5,10,active,12,2014-01-01,2014-12-01,stale
56429,kep2_335,свыше 1 года [блок 1] — level (КЭП 2.3),5,10,active,12,2014-01-01,2014-12-01,stale
56430,kep2_336,свыше 1 года [блок 1] — level (КЭП 2.3),5,10,active,12,2014-01-01,2014-12-01,stale
56431,kep2_337,свыше 1 года [блок 1] — level (КЭП 2.3),5,10,active,12,2014-01-01,2014-12-01,stale
56432,kep2_338,свыше 1 года [блок 1] — level (КЭП 2.3),5,10,active,12,2014-01-01,2014-12-01,stale
56433,kep2_339,свыше 1 года [блок 1] — level (КЭП 2.3),5,10,active,12,2014-01-01,2014-12-01,stale
56434,kep2_340,свыше 1 года [блок 1] — level (КЭП 2.3),5,10,active,12,2014-01-01,2014-12-01,stale
56435,kep2_341,свыше 1 года [блок 1] — level (КЭП 2.3),5,10,active,12,2007-01-01,2007-12-01,stale
56436,kep2_4,"2.4.1. Кредиторская задолженность, млрд рублей || 2.4.1. Кредиторская задолженность, млрд рублей [подтаблица 1] — level ",5,18,active,329,1999-01-01,2026-06-01,lagging
56437,kep2_42,"2.4.1. Кредиторская задолженность, млрд рублей || В бюджеты всех уровней, млрд рублей [подтаблица 1] [блок 3] — level (К",5,18,active,330,1999-01-01,2026-06-01,lagging
56438,kep2_4_m,"2.4.1. Кредиторская задолженность, млрд рублей || В бюджеты всех уровней, млрд рублей [подтаблица 1] [блок 3] — mom (КЭП",5,12,active,329,1999-01-01,2026-06-01,lagging
56439,kep2_43,"2.4.1. Кредиторская задолженность, млрд рублей || Поставщикам, млрд рублей [подтаблица 1] [блок 2] — level (КЭП 2.4)",5,18,active,329,1999-01-01,2026-06-01,lagging
56440,kep2_4_m2,"2.4.1. Кредиторская задолженность, млрд рублей || Поставщикам, млрд рублей [подтаблица 1] [блок 2] — mom (КЭП 2.4)",5,12,active,330,1999-01-01,2026-06-01,lagging
56441,kep2_44,"2.4.1. Кредиторская задолженность, млрд рублей || в том числе просроченная, млрд рублей [подтаблица 1] [блок 1] — level ",5,18,active,330,1999-01-01,2026-06-01,lagging
56442,kep2_4_m3,"2.4.1. Кредиторская задолженность, млрд рублей || в том числе просроченная, млрд рублей [подтаблица 1] [блок 1] — mom (К",5,12,active,330,1999-01-01,2026-06-01,lagging
56443,kep2_45,"2.4.2. Дебиторская задолженность, млрд рублей || 2.4.2. Дебиторская задолженность, млрд рублей [подтаблица 2] [блок 3] —",5,18,active,330,1999-01-01,2026-06-01,lagging
56444,kep2_46,"2.4.2. Дебиторская задолженность, млрд рублей || Из просроченной дебиторской задолженности – задолженность покупателей, ",5,18,active,329,1999-01-01,2026-06-01,lagging
56445,kep2_4_m4,"2.4.2. Дебиторская задолженность, млрд рублей || Из просроченной дебиторской задолженности – задолженность покупателей, ",5,12,active,330,1999-01-01,2026-06-01,lagging
56446,kep2_47,"2.4.2. Дебиторская задолженность, млрд рублей || в том числе просроченная, млрд рублей [подтаблица 2] [блок 4] — level (",5,18,active,330,1999-01-01,2026-06-01,lagging
56447,kep2_4_m5,"2.4.2. Дебиторская задолженность, млрд рублей || в том числе просроченная, млрд рублей [подтаблица 2] [блок 4] — mom (КЭ",5,12,active,330,1999-01-01,2026-06-01,lagging
56448,kep2_5,"2.5. Просроченная задолженность по заработной плате на начало месяца, всего1), млн рублей — level (КЭП 2.5)",5,38,active,319,1999-01-01,2026-07-01,lagging
56449,kep2_5_m,"2.5. Просроченная задолженность по заработной плате на начало месяца, всего1), млн рублей — mom (КЭП 2.5)",5,12,active,314,1999-01-01,2026-07-01,lagging
56450,kep3_1,"3.1. Индексы цен производителей промышленных товаров1),2) (на конец периода, в % к концу предыдущего периода) — level (К",3,12,active,10,2016-01-01,2025-01-01,fresh
56451,kep3_12,"3.1. Индексы цен производителей промышленных товаров1),2) (на конец периода, в % к концу предыдущего периода) — level (К",5,12,active,127,2016-01-01,2026-07-01,lagging
56452,kep3_13,"3.1. Индексы цен производителей промышленных товаров1),2) (на конец периода, в % к концу предыдущего периода) — level (К",6,12,active,42,2016-01-01,2026-04-01,fresh
56453,kep3_14,"Водоснабжение; водоотведение,организация сбора и утилизация отходов, деятельность по ликвидации загрязнений [блок 4] — l",3,12,active,10,2016-01-01,2025-01-01,fresh
56454,kep3_15,"Водоснабжение; водоотведение,организация сбора и утилизация отходов, деятельность по ликвидации загрязнений [блок 4] — l",5,12,active,127,2016-01-01,2026-07-01,lagging
56455,kep3_16,"Водоснабжение; водоотведение,организация сбора и утилизация отходов, деятельность по ликвидации загрязнений [блок 4] — l",6,12,active,42,2016-01-01,2026-04-01,fresh
56456,kep3_17,Добыча полезных ископаемых [блок 1] — level (КЭП 3.1),3,12,active,10,2016-01-01,2025-01-01,fresh
56457,kep3_18,Добыча полезных ископаемых [блок 1] — level (КЭП 3.1),5,12,active,127,2016-01-01,2026-07-01,lagging
56458,kep3_19,Добыча полезных ископаемых [блок 1] — level (КЭП 3.1),6,12,active,42,2016-01-01,2026-04-01,fresh
56459,kep3_110,"Обеспечение электрической энергией, газом и паром; кондиционирование воздуха [блок 3] — level (КЭП 3.1)",3,12,active,10,2016-01-01,2025-01-01,fresh
56460,kep3_111,"Обеспечение электрической энергией, газом и паром; кондиционирование воздуха [блок 3] — level (КЭП 3.1)",5,12,active,127,2016-01-01,2026-07-01,lagging
56461,kep3_112,"Обеспечение электрической энергией, газом и паром; кондиционирование воздуха [блок 3] — level (КЭП 3.1)",6,12,active,42,2016-01-01,2026-04-01,fresh
56462,kep3_113,Обрабатывающие производства [блок 2] — level (КЭП 3.1),3,12,active,10,2016-01-01,2025-01-01,fresh
56463,kep3_114,Обрабатывающие производства [блок 2] — level (КЭП 3.1),5,12,active,127,2016-01-01,2026-07-01,lagging
56464,kep3_115,Обрабатывающие производства [блок 2] — level (КЭП 3.1),6,12,active,42,2016-01-01,2026-04-01,fresh
56465,kep3_1_1,"Dehydrated, desalted and stabilized oil1) rubles per ton — level (КЭП 3.1.1)",3,18,active,27,1999-01-01,2025-01-01,fresh
56466,kep3_1_12,"Dehydrated, desalted and stabilized oil1) rubles per ton — level (КЭП 3.1.1)",5,18,active,331,1999-01-01,2026-07-01,lagging
56467,kep3_1_1_s,"Dehydrated, desalted and stabilized oil1) rubles per ton — pct (КЭП 3.1.1)",3,18,active,27,1999-01-01,2025-01-01,fresh
56468,kep3_1_1_s2,"Dehydrated, desalted and stabilized oil1) rubles per ton — pct (КЭП 3.1.1)",5,18,active,331,1999-01-01,2026-07-01,lagging
56469,kep3_1_13,"Бензин автомобильный, рублей за тонну [блок 3] — level (КЭП 3.1.1)",3,18,active,27,1999-01-01,2025-01-01,fresh
56470,kep3_1_14,"Бензин автомобильный, рублей за тонну [блок 3] — level (КЭП 3.1.1)",5,18,active,331,1999-01-01,2026-07-01,lagging
56471,kep3_1_1_s3,"Бензин автомобильный, рублей за тонну [блок 3] — pct (КЭП 3.1.1)",3,18,active,27,1999-01-01,2025-01-01,fresh
56472,kep3_1_1_s4,"Бензин автомобильный, рублей за тонну [блок 3] — pct (КЭП 3.1.1)",5,18,active,331,1999-01-01,2026-07-01,lagging
56473,kep3_1_15,"Газ горючий природный (газ естественный), рублей за тыс.куб.м [блок 2] — level (КЭП 3.1.1)",3,18,active,27,1999-01-01,2025-01-01,fresh
56474,kep3_1_16,"Газ горючий природный (газ естественный), рублей за тыс.куб.м [блок 2] — level (КЭП 3.1.1)",5,18,active,331,1999-01-01,2026-07-01,lagging
56475,kep3_1_1_s5,"Газ горючий природный (газ естественный), рублей за тыс.куб.м [блок 2] — pct (КЭП 3.1.1)",3,18,active,27,1999-01-01,2025-01-01,fresh
56476,kep3_1_1_s6,"Газ горючий природный (газ естественный), рублей за тыс.куб.м [блок 2] — pct (КЭП 3.1.1)",5,18,active,331,1999-01-01,2026-07-01,lagging
56477,kep3_1_17,"Мазут топочный, рублей за тонну [блок 5] — level (КЭП 3.1.1)",3,18,active,27,1999-01-01,2025-01-01,fresh
56478,kep3_1_18,"Мазут топочный, рублей за тонну [блок 5] — level (КЭП 3.1.1)",5,18,active,331,1999-01-01,2026-07-01,lagging
56479,kep3_1_1_s7,"Мазут топочный, рублей за тонну [блок 5] — pct (КЭП 3.1.1)",3,18,active,27,1999-01-01,2025-01-01,fresh
56480,kep3_1_1_s8,"Мазут топочный, рублей за тонну [блок 5] — pct (КЭП 3.1.1)",5,18,active,331,1999-01-01,2026-07-01,lagging
56481,kep3_1_19,"Топливо дизельное, рублей за тонну [блок 4] — level (КЭП 3.1.1)",3,18,active,27,1999-01-01,2025-01-01,fresh
56482,kep3_1_110,"Топливо дизельное, рублей за тонну [блок 4] — level (КЭП 3.1.1)",5,18,active,331,1999-01-01,2026-07-01,lagging
56483,kep3_1_1_s9,"Топливо дизельное, рублей за тонну [блок 4] — pct (КЭП 3.1.1)",3,18,active,27,1999-01-01,2025-01-01,fresh
56484,kep3_1_1_s10,"Топливо дизельное, рублей за тонну [блок 4] — pct (КЭП 3.1.1)",5,18,active,331,1999-01-01,2026-07-01,lagging
56485,kep3_1_111,"Уголь,  за исключением антрацита, угля коксующегося и угля бурого, рублей за тонну [блок 1] — level (КЭП 3.1.1)",3,18,active,27,1999-01-01,2025-01-01,fresh
56486,kep3_1_112,"Уголь,  за исключением антрацита, угля коксующегося и угля бурого, рублей за тонну [блок 1] — level (КЭП 3.1.1)",5,18,active,331,1999-01-01,2026-07-01,lagging
56487,kep3_1_1_s11,"Уголь,  за исключением антрацита, угля коксующегося и угля бурого, рублей за тонну [блок 1] — pct (КЭП 3.1.1)",3,18,active,27,1999-01-01,2025-01-01,fresh
56488,kep3_1_1_s12,"Уголь,  за исключением антрацита, угля коксующегося и угля бурого, рублей за тонну [блок 1] — pct (КЭП 3.1.1)",5,18,active,331,1999-01-01,2026-07-01,lagging
56489,kep3_2,"3.2.  Индексы цен производителей на продукцию животноводства  (на конец периода, в % к концу предыдущего периода) — leve",3,12,active,27,1999-01-01,2025-01-01,fresh
56490,kep3_22,"3.2.  Индексы цен производителей на продукцию животноводства  (на конец периода, в % к концу предыдущего периода) — leve",5,12,active,331,1999-01-01,2026-07-01,lagging
56491,kep3_23,"3.2.1. Средние цены производителей на продукцию животноводства || Молоко сырое крупного рогатого скота, рублей за тонну ",3,12,active,27,1999-01-01,2025-01-01,fresh
56492,kep3_24,"3.2.1. Средние цены производителей на продукцию животноводства || Молоко сырое крупного рогатого скота, рублей за тонну ",5,12,active,331,1999-01-01,2026-07-01,lagging
56493,kep3_25,"3.2.1. Средние цены производителей на продукцию животноводства || Птица сельскохозяйственная (в живом весе), рублей за т",3,12,active,27,1999-01-01,2025-01-01,fresh
56494,kep3_26,"3.2.1. Средние цены производителей на продукцию животноводства || Птица сельскохозяйственная (в живом весе), рублей за т",5,12,active,331,1999-01-01,2026-07-01,lagging
56495,kep3_27,"3.2.1. Средние цены производителей на продукцию животноводства || Скот крупный рогатый (в живом весе), рублей за тонну [",3,12,active,27,1999-01-01,2025-01-01,fresh
56496,kep3_28,"3.2.1. Средние цены производителей на продукцию животноводства || Скот крупный рогатый (в живом весе), рублей за тонну [",5,12,active,331,1999-01-01,2026-07-01,lagging
56497,kep3_29,"3.2.1. Средние цены производителей на продукцию животноводства || Яйца куриные в скорлупе свежие, рублей за тыс.штук [по",3,12,active,27,1999-01-01,2025-01-01,fresh
56498,kep3_210,"3.2.1. Средние цены производителей на продукцию животноводства || Яйца куриные в скорлупе свежие, рублей за тыс.штук [по",5,12,active,331,1999-01-01,2026-07-01,lagging
56499,kep3_211,3.2.1. Средние цены производителей на продукцию животноводства || на конец периода в % к концу предыдущего периода [подт,3,12,active,27,1999-01-01,2025-01-01,fresh
56500,kep3_212,3.2.1. Средние цены производителей на продукцию животноводства || на конец периода в % к концу предыдущего периода [подт,5,12,active,331,1999-01-01,2026-07-01,lagging
56501,kep3_213,3.2.1. Средние цены производителей на продукцию животноводства || на конец периода в % к концу предыдущего периода [подт,3,12,active,27,1999-01-01,2025-01-01,fresh
56502,kep3_214,3.2.1. Средние цены производителей на продукцию животноводства || на конец периода в % к концу предыдущего периода [подт,5,12,active,331,1999-01-01,2026-07-01,lagging
56503,kep3_215,3.2.1. Средние цены производителей на продукцию животноводства || на конец периода в % к концу предыдущего периода [подт,3,12,active,27,1999-01-01,2025-01-01,fresh
56504,kep3_216,3.2.1. Средние цены производителей на продукцию животноводства || на конец периода в % к концу предыдущего периода [подт,5,12,active,331,1999-01-01,2026-07-01,lagging
56505,kep3_217,3.2.1. Средние цены производителей на продукцию животноводства || на конец периода в % к концу предыдущего периода [подт,3,12,active,27,1999-01-01,2025-01-01,fresh
56506,kep3_218,3.2.1. Средние цены производителей на продукцию животноводства || на конец периода в % к концу предыдущего периода [подт,5,12,active,331,1999-01-01,2026-07-01,lagging
56507,kep3_3,"3.3. Сводный индекс цен на продукцию (затраты, услуги) инвестиционного назначения (на конец периода, в % к концу предыду",3,12,active,27,1999-01-01,2025-01-01,fresh
56508,kep3_32,"3.3. Сводный индекс цен на продукцию (затраты, услуги) инвестиционного назначения (на конец периода, в % к концу предыду",5,12,active,331,1999-01-01,2026-07-01,lagging
56509,kep3_33,в том числе индекс цен производителей на строительную продукцию [блок 1] — level (КЭП 3.3),3,12,active,27,1999-01-01,2025-01-01,fresh
56510,kep3_34,в том числе индекс цен производителей на строительную продукцию [блок 1] — level (КЭП 3.3),5,12,active,331,1999-01-01,2026-07-01,lagging
56511,kep3_4,"3.4. Индексы тарифов на грузовые перевозки  (на конец периода, в % к концу предыдущего периода) — level (КЭП 3.4)",3,12,active,27,1999-01-01,2025-01-01,fresh
56512,kep3_42,"3.4. Индексы тарифов на грузовые перевозки  (на конец периода, в % к концу предыдущего периода) — level (КЭП 3.4)",5,12,active,331,1999-01-01,2026-07-01,lagging
56513,kep3_5,"3.5. Индекс потребительских цен  (на конец периода, в % к концу предыдущего периода) — level (КЭП 3.5)",3,12,active,27,1999-01-01,2025-01-01,fresh
56514,kep3_52,"3.5. Индекс потребительских цен  (на конец периода, в % к концу предыдущего периода) — level (КЭП 3.5)",5,12,active,331,1999-01-01,2026-07-01,lagging
56515,kep3_53,"3.5. Индекс потребительских цен  (на конец периода, в % к концу предыдущего периода) — level (КЭП 3.5)",6,12,active,110,1999-01-01,2026-04-01,fresh
56516,kep3_54,алкогольные напитки [блок 2] — level (КЭП 3.5),3,12,active,27,1999-01-01,2025-01-01,fresh
56517,kep3_55,алкогольные напитки [блок 2] — level (КЭП 3.5),5,12,active,331,1999-01-01,2026-07-01,lagging
56518,kep3_56,алкогольные напитки [блок 2] — level (КЭП 3.5),6,12,active,110,1999-01-01,2026-04-01,fresh
56519,kep3_57,непродовольственные товары [блок 3] — level (КЭП 3.5),3,12,active,27,1999-01-01,2025-01-01,fresh
56520,kep3_58,непродовольственные товары [блок 3] — level (КЭП 3.5),5,12,active,331,1999-01-01,2026-07-01,lagging
56521,kep3_59,непродовольственные товары [блок 3] — level (КЭП 3.5),6,12,active,110,1999-01-01,2026-04-01,fresh
56522,kep3_510,продукты питания [блок 1] — level (КЭП 3.5),3,12,active,27,1999-01-01,2025-01-01,fresh
56523,kep3_511,продукты питания [блок 1] — level (КЭП 3.5),5,12,active,331,1999-01-01,2026-07-01,lagging
56524,kep3_512,продукты питания [блок 1] — level (КЭП 3.5),6,12,active,110,1999-01-01,2026-04-01,fresh
56525,kep3_513,услуги [блок 4] — level (КЭП 3.5),3,12,active,27,1999-01-01,2025-01-01,fresh
56526,kep3_514,услуги [блок 4] — level (КЭП 3.5),5,12,active,331,1999-01-01,2026-07-01,lagging
56527,kep3_515,услуги [блок 4] — level (КЭП 3.5),6,12,active,110,1999-01-01,2026-04-01,fresh
56528,kep4_1,"4.1.1. Численность занятых в возрасте 15-72 лет, млн человек || 4.1.1. Численность занятых в возрасте 15-72 лет, млн чел",3,18,active,18,1999-01-01,2017-01-01,stale
56529,kep4_12,"4.1.1. Численность занятых в возрасте 15-72 лет, млн человек || 4.1.1. Численность занятых в возрасте 15-72 лет, млн чел",5,18,active,216,1999-01-01,2017-12-01,stale
56530,kep4_13,"4.1.1. Численность занятых в возрасте 15-72 лет, млн человек || 4.1.1. Численность занятых в возрасте 15-72 лет, млн чел",6,18,active,72,1999-01-01,2017-10-01,stale
56531,kep4_1_y,"4.1.1. Численность занятых в возрасте 15-72 лет, млн человек || 4.1.1. Численность занятых в возрасте 15-72 лет, млн чел",3,12,active,19,1999-01-01,2017-01-01,stale
56532,kep4_1_y2,"4.1.1. Численность занятых в возрасте 15-72 лет, млн человек || 4.1.1. Численность занятых в возрасте 15-72 лет, млн чел",5,12,active,228,1999-01-01,2017-12-01,stale
56533,kep4_1_y3,"4.1.1. Численность занятых в возрасте 15-72 лет, млн человек || 4.1.1. Численность занятых в возрасте 15-72 лет, млн чел",6,12,active,76,1999-01-01,2017-10-01,stale
56534,kep4_14,"4.1.2. Численность занятых в возрасте 15 лет и старше6), млн человек || 4.1.2. Численность занятых в возрасте 15 лет и с",3,18,active,9,2017-01-01,2025-01-01,fresh
56535,kep4_15,"4.1.2. Численность занятых в возрасте 15 лет и старше6), млн человек || 4.1.2. Численность занятых в возрасте 15 лет и с",5,18,active,115,2017-01-01,2026-07-01,lagging
56536,kep4_16,"4.1.2. Численность занятых в возрасте 15 лет и старше6), млн человек || 4.1.2. Численность занятых в возрасте 15 лет и с",6,18,active,38,2017-01-01,2026-04-01,fresh
56537,kep4_1_y4,"4.1.2. Численность занятых в возрасте 15 лет и старше6), млн человек || 4.1.2. Численность занятых в возрасте 15 лет и с",3,12,active,8,2018-01-01,2025-01-01,fresh
56538,kep4_1_y5,"4.1.2. Численность занятых в возрасте 15 лет и старше6), млн человек || 4.1.2. Численность занятых в возрасте 15 лет и с",5,12,active,103,2018-01-01,2026-07-01,lagging
56539,kep4_1_y6,"4.1.2. Численность занятых в возрасте 15 лет и старше6), млн человек || 4.1.2. Численность занятых в возрасте 15 лет и с",6,12,active,34,2018-01-01,2026-04-01,fresh
56540,kep4_17,"4.1.3. Общая численность безработных в возрасте 15-72 лет, млн.человек || 4.1.3. Общая численность безработных в возраст",3,18,active,18,1999-01-01,2017-01-01,stale
56541,kep4_18,"4.1.3. Общая численность безработных в возрасте 15-72 лет, млн.человек || 4.1.3. Общая численность безработных в возраст",5,18,active,216,1999-01-01,2017-12-01,stale
56542,kep4_19,"4.1.3. Общая численность безработных в возрасте 15-72 лет, млн.человек || 4.1.3. Общая численность безработных в возраст",6,18,active,72,1999-01-01,2017-10-01,stale
56543,kep4_1_y7,"4.1.3. Общая численность безработных в возрасте 15-72 лет, млн.человек || 4.1.3. Общая численность безработных в возраст",3,12,active,19,1999-01-01,2017-01-01,stale
56544,kep4_1_y8,"4.1.3. Общая численность безработных в возрасте 15-72 лет, млн.человек || 4.1.3. Общая численность безработных в возраст",5,12,active,228,1999-01-01,2017-12-01,stale
56545,kep4_1_y9,"4.1.3. Общая численность безработных в возрасте 15-72 лет, млн.человек || 4.1.3. Общая численность безработных в возраст",6,12,active,76,1999-01-01,2017-10-01,stale
56546,kep4_110,"4.1.4. Общая численность безработных в возрасте 15 лет и старше6), млн человек || 4.1.4. Общая численность безработных в",3,18,active,9,2017-01-01,2025-01-01,fresh
56547,kep4_111,"4.1.4. Общая численность безработных в возрасте 15 лет и старше6), млн человек || 4.1.4. Общая численность безработных в",5,18,active,115,2017-01-01,2026-07-01,lagging
56548,kep4_112,"4.1.4. Общая численность безработных в возрасте 15 лет и старше6), млн человек || 4.1.4. Общая численность безработных в",6,18,active,38,2017-01-01,2026-04-01,fresh
56549,kep4_1_y10,"4.1.4. Общая численность безработных в возрасте 15 лет и старше6), млн человек || 4.1.4. Общая численность безработных в",3,12,active,8,2018-01-01,2025-01-01,fresh
56550,kep4_1_y11,"4.1.4. Общая численность безработных в возрасте 15 лет и старше6), млн человек || 4.1.4. Общая численность безработных в",5,12,active,103,2018-01-01,2026-07-01,lagging
56551,kep4_1_y12,"4.1.4. Общая численность безработных в возрасте 15 лет и старше6), млн человек || 4.1.4. Общая численность безработных в",6,12,active,34,2018-01-01,2026-04-01,fresh
56552,kep4_113,"4.1.5. Уровень безработицы в возрасте 15-72 лет, % || 4.1.5. Уровень безработицы в возрасте 15-72 лет, % [подтаблица 6] ",3,18,active,19,1999-01-01,2017-01-01,stale
56553,kep4_114,"4.1.5. Уровень безработицы в возрасте 15-72 лет, % || 4.1.5. Уровень безработицы в возрасте 15-72 лет, % [подтаблица 6] ",5,18,active,228,1999-01-01,2017-12-01,stale
56554,kep4_115,"4.1.5. Уровень безработицы в возрасте 15-72 лет, % || 4.1.5. Уровень безработицы в возрасте 15-72 лет, % [подтаблица 6] ",6,18,active,76,1999-01-01,2017-10-01,stale
56555,kep4_116,"4.1.6. Уровень безработицы в возрасте 15 лет и старше6), % || 4.1.6. Уровень безработицы в возрасте 15 лет и старше6), %",3,18,active,9,2017-01-01,2025-01-01,fresh
56556,kep4_117,"4.1.6. Уровень безработицы в возрасте 15 лет и старше6), % || 4.1.6. Уровень безработицы в возрасте 15 лет и старше6), %",5,18,active,115,2017-01-01,2026-07-01,lagging
56557,kep4_118,"4.1.6. Уровень безработицы в возрасте 15 лет и старше6), % || 4.1.6. Уровень безработицы в возрасте 15 лет и старше6), %",6,18,active,38,2017-01-01,2026-04-01,fresh
56558,kep4_119,"4.1.7. Численность официально зарегистрированных безработных в органах службы занятости населения, на конец месяца7)  (п",3,18,active,27,1999-01-01,2025-01-01,fresh
56559,kep4_120,"4.1.7. Численность официально зарегистрированных безработных в органах службы занятости населения, на конец месяца7)  (п",5,18,active,331,1999-01-01,2026-07-01,lagging
56560,kep4_121,"4.1.7. Численность официально зарегистрированных безработных в органах службы занятости населения, на конец месяца7)  (п",6,18,active,110,1999-01-01,2026-04-01,fresh
56561,kep4_122,"4.1.7. Численность официально зарегистрированных безработных в органах службы занятости населения, на конец месяца7)  (п",3,18,active,27,1999-01-01,2025-01-01,fresh
56562,kep4_123,"4.1.7. Численность официально зарегистрированных безработных в органах службы занятости населения, на конец месяца7)  (п",5,18,active,331,1999-01-01,2026-07-01,lagging
56563,kep4_124,"4.1.7. Численность официально зарегистрированных безработных в органах службы занятости населения, на конец месяца7)  (п",6,18,active,110,1999-01-01,2026-04-01,fresh
56564,kep4_125,"4.1.8. Потребность в трудоустройстве населения,7) на конец месяца || Нагрузка не занятого трудовой деятельностью населен",3,18,active,27,1999-01-01,2025-01-01,fresh
56565,kep4_126,"4.1.8. Потребность в трудоустройстве населения,7) на конец месяца || Нагрузка не занятого трудовой деятельностью населен",5,18,active,331,1999-01-01,2026-07-01,lagging
56566,kep4_127,"4.1.8. Потребность в трудоустройстве населения,7) на конец месяца || Нагрузка не занятого трудовой деятельностью населен",6,18,active,110,1999-01-01,2026-04-01,fresh
56567,kep4_128,"4.1.8. Потребность в трудоустройстве населения,7) на конец месяца || Потребность работодателей в работниках, заявленная ",3,18,active,27,1999-01-01,2025-01-01,fresh
56568,kep4_129,"4.1.8. Потребность в трудоустройстве населения,7) на конец месяца || Потребность работодателей в работниках, заявленная ",5,18,active,326,1999-01-01,2026-07-01,lagging
56569,kep4_130,"4.1.8. Потребность в трудоустройстве населения,7) на конец месяца || Потребность работодателей в работниках, заявленная ",6,18,active,110,1999-01-01,2026-04-01,fresh
56570,kep4_131,"4.1.8. Потребность в трудоустройстве населения,7) на конец месяца || Численность граждан, не занятых трудовой деятельнос",3,18,active,27,1999-01-01,2025-01-01,fresh
56571,kep4_132,"4.1.8. Потребность в трудоустройстве населения,7) на конец месяца || Численность граждан, не занятых трудовой деятельнос",5,18,active,329,1999-01-01,2026-07-01,lagging
56572,kep4_133,"4.1.8. Потребность в трудоустройстве населения,7) на конец месяца || Численность граждан, не занятых трудовой деятельнос",6,18,active,110,1999-01-01,2026-04-01,fresh
56573,kep4_2,"4.2.1. Среднемесячная номинальная начисленная заработная плата работников организаций, рублей1) || 4.2.1. Среднемесячная",3,18,active,27,1999-01-01,2025-01-01,fresh
56574,kep4_22,"4.2.1. Среднемесячная номинальная начисленная заработная плата работников организаций, рублей1) || 4.2.1. Среднемесячная",5,18,active,330,1999-01-01,2026-06-01,lagging
56575,kep4_23,"4.2.1. Среднемесячная номинальная начисленная заработная плата работников организаций, рублей1) || 4.2.1. Среднемесячная",6,18,active,110,1999-01-01,2026-04-01,fresh
56576,kep4_2_m,"4.2.1. Среднемесячная номинальная начисленная заработная плата работников организаций, рублей1) || 4.2.1. Среднемесячная",5,12,active,329,1999-01-01,2026-06-01,lagging
56577,kep4_2_m2,"4.2.1. Среднемесячная номинальная начисленная заработная плата работников организаций, рублей1) || 4.2.1. Среднемесячная",6,12,active,109,1999-01-01,2026-04-01,fresh
56578,kep4_2_y,"4.2.1. Среднемесячная номинальная начисленная заработная плата работников организаций, рублей1) || 4.2.1. Среднемесячная",3,12,active,27,1999-01-01,2025-01-01,fresh
56579,kep4_2_y2,"4.2.1. Среднемесячная номинальная начисленная заработная плата работников организаций, рублей1) || 4.2.1. Среднемесячная",5,12,active,330,1999-01-01,2026-06-01,lagging
56580,kep4_2_y3,"4.2.1. Среднемесячная номинальная начисленная заработная плата работников организаций, рублей1) || 4.2.1. Среднемесячная",6,12,active,110,1999-01-01,2026-04-01,fresh
56581,kep4_24,4.2.2. Реальная начисленная заработная плата работников организаций  в % к соответствующему периоду предыдущего года || ,3,18,active,27,1999-01-01,2025-01-01,fresh
56582,kep4_25,4.2.2. Реальная начисленная заработная плата работников организаций  в % к соответствующему периоду предыдущего года || ,5,18,active,330,1999-01-01,2026-06-01,lagging
56583,kep4_26,4.2.2. Реальная начисленная заработная плата работников организаций  в % к соответствующему периоду предыдущего года || ,6,18,active,110,1999-01-01,2026-04-01,fresh
56584,kep4_2_m3,4.2.2. Реальная начисленная заработная плата работников организаций  в % к соответствующему периоду предыдущего года || ,5,12,active,329,1999-01-01,2026-06-01,lagging
56585,kep4_2_m4,4.2.2. Реальная начисленная заработная плата работников организаций  в % к соответствующему периоду предыдущего года || ,6,12,active,109,1999-01-01,2026-04-01,fresh
56586,kep4_3,"4.3.1. Средний размер назначенных пенсий (до 2001 г. – с учетом компенсации), рублей — level (КЭП 4.3)",3,38,active,25,1999-01-01,2025-01-01,fresh
56587,kep4_32,"4.3.1. Средний размер назначенных пенсий (до 2001 г. – с учетом компенсации), рублей — level (КЭП 4.3)",5,38,active,326,1999-01-01,2026-07-01,lagging
56588,kep4_33,"4.3.1. Средний размер назначенных пенсий (до 2001 г. – с учетом компенсации), рублей — level (КЭП 4.3)",6,38,active,108,1999-01-01,2026-04-01,fresh
56589,kep4_3_m,"4.3.1. Средний размер назначенных пенсий (до 2001 г. – с учетом компенсации), рублей — mom (КЭП 4.3)",3,12,active,22,1999-01-01,2025-01-01,fresh
56590,kep4_3_m2,"4.3.1. Средний размер назначенных пенсий (до 2001 г. – с учетом компенсации), рублей — mom (КЭП 4.3)",5,12,active,326,1999-01-01,2026-07-01,lagging
56591,kep4_3_m3,"4.3.1. Средний размер назначенных пенсий (до 2001 г. – с учетом компенсации), рублей — mom (КЭП 4.3)",6,12,active,105,1999-01-01,2026-04-01,fresh
56592,kep4_3_s,"4.3.1. Средний размер назначенных пенсий (до 2001 г. – с учетом компенсации), рублей — pct (КЭП 4.3)",3,38,active,24,1999-01-01,2025-01-01,fresh
56593,kep4_3_s2,"4.3.1. Средний размер назначенных пенсий (до 2001 г. – с учетом компенсации), рублей — pct (КЭП 4.3)",5,38,active,12,1999-01-01,1999-12-01,stale
56594,kep4_3_s3,"4.3.1. Средний размер назначенных пенсий (до 2001 г. – с учетом компенсации), рублей — pct (КЭП 4.3)",6,38,active,87,1999-01-01,2020-10-01,stale
56595,kep4_3_m4,4.3.2. Реальный размер назначенных пенсий11) || 201510) [подтаблица 1] — mom (КЭП 4.3),5,12,active,302,1999-01-01,2026-07-01,lagging
56596,kep4_3_m5,4.3.2. Реальный размер назначенных пенсий11) || 201510) [подтаблица 1] — mom (КЭП 4.3),6,12,active,97,1999-01-01,2026-04-01,fresh
56597,kep4_3_y,4.3.2. Реальный размер назначенных пенсий11) || 201510) [подтаблица 1] — yoy (КЭП 4.3),3,12,active,7,2016-01-01,2025-01-01,fresh
56598,kep4_3_y2,4.3.2. Реальный размер назначенных пенсий11) || 201510) [подтаблица 1] — yoy (КЭП 4.3),5,12,active,124,2016-01-01,2026-07-01,lagging
56599,kep4_3_y3,4.3.2. Реальный размер назначенных пенсий11) || 201510) [подтаблица 1] — yoy (КЭП 4.3),6,12,active,39,2016-01-01,2026-04-01,fresh
56600,kep4_3_y4,4.3.2. Реальный размер назначенных пенсий11) || 4.3.2. Реальный размер назначенных пенсий11) [подтаблица 1] — yoy (КЭП 4,3,12,active,16,1999-01-01,2014-01-01,stale
56601,kep4_3_y5,4.3.2. Реальный размер назначенных пенсий11) || 4.3.2. Реальный размер назначенных пенсий11) [подтаблица 1] — yoy (КЭП 4,5,12,active,192,1999-01-01,2014-12-01,stale
56602,kep4_3_y6,4.3.2. Реальный размер назначенных пенсий11) || 4.3.2. Реальный размер назначенных пенсий11) [подтаблица 1] — yoy (КЭП 4,6,12,active,64,1999-01-01,2014-10-01,stale
56603,kep4_4,"4.4.1. Денежные доходы (в среднем на душу населения)1),  рублей || 4.4.1. Денежные доходы (в среднем на душу населения)1",3,38,active,27,1999-01-01,2025-01-01,fresh
56604,kep4_42,"4.4.1. Денежные доходы (в среднем на душу населения)1),  рублей || 4.4.1. Денежные доходы (в среднем на душу населения)1",5,38,active,168,1999-01-01,2012-12-01,stale
56605,kep4_43,"4.4.1. Денежные доходы (в среднем на душу населения)1),  рублей || 4.4.1. Денежные доходы (в среднем на душу населения)1",6,38,active,108,1999-01-01,2025-10-01,lagging
56606,kep4_4_m,"4.4.1. Денежные доходы (в среднем на душу населения)1),  рублей || 4.4.1. Денежные доходы (в среднем на душу населения)1",5,12,active,180,1999-01-01,2013-12-01,stale
56607,kep4_4_m2,"4.4.1. Денежные доходы (в среднем на душу населения)1),  рублей || 4.4.1. Денежные доходы (в среднем на душу населения)1",6,12,active,104,1999-01-01,2024-10-01,lagging
56608,kep4_4_y,"4.4.1. Денежные доходы (в среднем на душу населения)1),  рублей || 4.4.1. Денежные доходы (в среднем на душу населения)1",3,12,active,27,1999-01-01,2025-01-01,fresh
56609,kep4_4_y2,"4.4.1. Денежные доходы (в среднем на душу населения)1),  рублей || 4.4.1. Денежные доходы (в среднем на душу населения)1",5,12,active,180,1999-01-01,2013-12-01,stale
56610,kep4_4_y3,"4.4.1. Денежные доходы (в среднем на душу населения)1),  рублей || 4.4.1. Денежные доходы (в среднем на душу населения)1",6,12,active,108,1999-01-01,2025-10-01,lagging
56611,kep4_4_m3,4.4.2. Реальные денежные доходы1) || 4.4.2. Реальные денежные доходы1) [подтаблица 2] — mom (КЭП 4.4),5,12,active,180,1999-01-01,2013-12-01,stale
56612,kep4_4_m4,4.4.2. Реальные денежные доходы1) || 4.4.2. Реальные денежные доходы1) [подтаблица 2] — mom (КЭП 4.4),6,12,active,104,1999-01-01,2024-10-01,lagging
56613,kep4_4_y4,4.4.2. Реальные денежные доходы1) || 4.4.2. Реальные денежные доходы1) [подтаблица 2] — yoy (КЭП 4.4),3,12,active,27,1999-01-01,2025-01-01,fresh
56614,kep4_4_y5,4.4.2. Реальные денежные доходы1) || 4.4.2. Реальные денежные доходы1) [подтаблица 2] — yoy (КЭП 4.4),5,12,active,180,1999-01-01,2013-12-01,stale
56615,kep4_4_y6,4.4.2. Реальные денежные доходы1) || 4.4.2. Реальные денежные доходы1) [подтаблица 2] — yoy (КЭП 4.4),6,12,active,108,1999-01-01,2025-10-01,lagging
56616,kep4_4_m5,"4.4.3. Реальные располагаемые денежные доходы1)  (доходы за вычетом обязательных платежей,  скорректированные на индекс ",5,12,active,180,1999-01-01,2013-12-01,stale
56617,kep4_4_m6,"4.4.3. Реальные располагаемые денежные доходы1)  (доходы за вычетом обязательных платежей,  скорректированные на индекс ",6,12,active,104,1999-01-01,2024-10-01,lagging
56618,kep4_4_y7,"4.4.3. Реальные располагаемые денежные доходы1)  (доходы за вычетом обязательных платежей,  скорректированные на индекс ",3,12,active,27,1999-01-01,2025-01-01,fresh
56619,kep4_4_y8,"4.4.3. Реальные располагаемые денежные доходы1)  (доходы за вычетом обязательных платежей,  скорректированные на индекс ",5,12,active,180,1999-01-01,2013-12-01,stale
56620,kep4_4_y9,"4.4.3. Реальные располагаемые денежные доходы1)  (доходы за вычетом обязательных платежей,  скорректированные на индекс ",6,12,active,108,1999-01-01,2025-10-01,lagging
56621,kep4_44,"4.4.4. Структура использования денежных доходов населения1), в процентах || всего [подтаблица 4] [блок 1] — level (КЭП 4",3,38,active,1,2026-01-01,2026-01-01,fresh
56622,kep4_45,"4.4.4. Структура использования денежных доходов населения1), в процентах || всего [подтаблица 4] [блок 1] — level (КЭП 4",5,38,active,12,2026-01-01,2026-12-01,fresh
56623,kep4_46,"4.4.4. Структура использования денежных доходов населения1), в процентах || всего [подтаблица 4] [блок 1] — level (КЭП 4",6,38,active,4,2026-01-01,2026-10-01,fresh
56624,kep4_47,"4.4.4. Структура использования денежных доходов населения1), в процентах || оплату обязательных платежей и взносов, проч",3,38,active,27,1999-01-01,2025-01-01,fresh
56625,kep4_48,"4.4.4. Структура использования денежных доходов населения1), в процентах || оплату обязательных платежей и взносов, проч",5,38,active,168,1999-01-01,2012-12-01,stale
56626,kep4_49,"4.4.4. Структура использования денежных доходов населения1), в процентах || оплату обязательных платежей и взносов, проч",6,38,active,108,1999-01-01,2025-10-01,lagging
56627,kep4_410,"4.4.4. Структура использования денежных доходов населения1), в процентах || покупку валюты, в процентах4) [подтаблица 4]",3,38,active,14,1999-01-01,2012-01-01,stale
56628,kep4_411,"4.4.4. Структура использования денежных доходов населения1), в процентах || покупку валюты, в процентах4) [подтаблица 4]",5,38,active,168,1999-01-01,2012-12-01,stale
56629,kep4_412,"4.4.4. Структура использования денежных доходов населения1), в процентах || покупку валюты, в процентах4) [подтаблица 4]",6,38,active,56,1999-01-01,2012-10-01,stale
56630,kep4_413,"4.4.4. Структура использования денежных доходов населения1), в процентах || покупку товаров и оплату услуг [подтаблица 4",3,38,active,27,1999-01-01,2025-01-01,fresh
56631,kep4_414,"4.4.4. Структура использования денежных доходов населения1), в процентах || покупку товаров и оплату услуг [подтаблица 4",5,38,active,168,1999-01-01,2012-12-01,stale
56632,kep4_415,"4.4.4. Структура использования денежных доходов населения1), в процентах || покупку товаров и оплату услуг [подтаблица 4",6,38,active,108,1999-01-01,2025-10-01,lagging
56633,kep4_416,"4.4.4. Структура использования денежных доходов населения1), в процентах || прирост, уменьшение (-) денег на руках, в пр",3,38,active,27,1999-01-01,2025-01-01,fresh
56634,kep4_417,"4.4.4. Структура использования денежных доходов населения1), в процентах || прирост, уменьшение (-) денег на руках, в пр",5,38,active,168,1999-01-01,2012-12-01,stale
56635,kep4_418,"4.4.4. Структура использования денежных доходов населения1), в процентах || прирост, уменьшение (-) денег на руках, в пр",6,38,active,108,1999-01-01,2025-10-01,lagging
56636,kep4_419,"4.4.4. Структура использования денежных доходов населения1), в процентах || сбережения во вкладах и ценных бумагах, изме",3,38,active,27,1999-01-01,2025-01-01,fresh
56637,kep4_420,"4.4.4. Структура использования денежных доходов населения1), в процентах || сбережения во вкладах и ценных бумагах, изме",5,38,active,168,1999-01-01,2012-12-01,stale
56638,kep4_421,"4.4.4. Структура использования денежных доходов населения1), в процентах || сбережения во вкладах и ценных бумагах, изме",6,38,active,108,1999-01-01,2025-10-01,lagging
56639,kep4_5,"4.5. Объем вкладов (депозитов) и прочих привлеченных средств физических лиц – всего1), млрд рублей (по данным Банка Росс",5,10,active,306,1999-01-01,2026-07-01,lagging
56640,kep4_52,"Средний размер вклада (депозита) на рублевых и валютных счетах в учреждениях ПАО Сбербанк6) (по данным ПАО Сбербанк), ру",5,10,active,180,2001-01-01,2015-12-01,stale
56641,kep4_53,"в учреждениях ПАО Сбербанк (по данным ПАО Сбербанк), млрд рублей [блок 1] — level (КЭП 4.5)",5,10,active,306,1999-01-01,2026-07-01,lagging
56642,kep4_6__2010_2012,"10000,1-14000,0 — level (КЭП 4.6 (2010-2012))",3,12,active,3,2010-01-01,2012-01-01,stale
56643,kep4_6__2010_20122,"14000,1-19000,0 — level (КЭП 4.6 (2010-2012))",3,12,active,3,2010-01-01,2012-01-01,stale
56644,kep4_6__2010_20123,"19000,1-27000,0 — level (КЭП 4.6 (2010-2012))",3,12,active,3,2010-01-01,2012-01-01,stale
56645,kep4_6__2010_20124,"27000,1-45000,0 — level (КЭП 4.6 (2010-2012))",3,12,active,3,2010-01-01,2012-01-01,stale
56646,kep4_6__2010_20125,"5000,1-7000,0 — level (КЭП 4.6 (2010-2012))",3,12,active,3,2010-01-01,2012-01-01,stale
56647,kep4_6__2010_20126,"7000,1-10000,0 — level (КЭП 4.6 (2010-2012))",3,12,active,3,2010-01-01,2012-01-01,stale
56648,kep4_6__2010_20127,"до/up to 5000,0 — level (КЭП 4.6 (2010-2012))",3,12,active,3,2010-01-01,2012-01-01,stale
56649,kep4_6__2010_20128,"свыше/over 45000,0 — level (КЭП 4.6 (2010-2012))",3,12,active,3,2010-01-01,2012-01-01,stale
56650,kep4_6__2013_2025,"10000,1-14000,0 — level (КЭП 4.6 (2013-2025))",3,12,active,13,2013-01-01,2025-01-01,fresh
56651,kep4_6__2013_20252,"10000,1-14000,0 | I квартал — level (КЭП 4.6 (2013-2025))",3,12,active,8,2018-01-01,2025-01-01,fresh
56652,kep4_6__2013_20253,"10000,1-14000,0 | I полугодие — level (КЭП 4.6 (2013-2025))",3,12,active,8,2018-01-01,2025-01-01,fresh
56653,kep4_6__2013_20254,"10000,1-14000,0 | январь-сентябрь — level (КЭП 4.6 (2013-2025))",3,12,active,8,2018-01-01,2025-01-01,fresh
56654,kep4_6__2013_20255,"14000,1-19000,0 — level (КЭП 4.6 (2013-2025))",3,12,active,13,2013-01-01,2025-01-01,fresh
56655,kep4_6__2013_20256,"14000,1-19000,0 | I квартал — level (КЭП 4.6 (2013-2025))",3,12,active,8,2018-01-01,2025-01-01,fresh
56656,kep4_6__2013_20257,"14000,1-19000,0 | I полугодие — level (КЭП 4.6 (2013-2025))",3,12,active,8,2018-01-01,2025-01-01,fresh
56657,kep4_6__2013_20258,"14000,1-19000,0 | январь-сентябрь — level (КЭП 4.6 (2013-2025))",3,12,active,8,2018-01-01,2025-01-01,fresh
56658,kep4_6__2013_20259,"19000,1-27000,0 — level (КЭП 4.6 (2013-2025))",3,12,active,13,2013-01-01,2025-01-01,fresh
56659,kep4_6__2013_202510,"19000,1-27000,0 | I квартал — level (КЭП 4.6 (2013-2025))",3,12,active,8,2018-01-01,2025-01-01,fresh
56660,kep4_6__2013_202511,"19000,1-27000,0 | I полугодие — level (КЭП 4.6 (2013-2025))",3,12,active,8,2018-01-01,2025-01-01,fresh
56661,kep4_6__2013_202512,"19000,1-27000,0 | январь-сентябрь — level (КЭП 4.6 (2013-2025))",3,12,active,8,2018-01-01,2025-01-01,fresh
56662,kep4_6__2013_202513,"27000,1-45000,0 — level (КЭП 4.6 (2013-2025))",3,12,active,13,2013-01-01,2025-01-01,fresh
56663,kep4_6__2013_202514,"27000,1-45000,0 | I квартал — level (КЭП 4.6 (2013-2025))",3,12,active,8,2018-01-01,2025-01-01,fresh
56664,kep4_6__2013_202515,"27000,1-45000,0 | I полугодие — level (КЭП 4.6 (2013-2025))",3,12,active,8,2018-01-01,2025-01-01,fresh
56665,kep4_6__2013_202516,"27000,1-45000,0 | январь-сентябрь — level (КЭП 4.6 (2013-2025))",3,12,active,8,2018-01-01,2025-01-01,fresh
56666,kep4_6__2013_202517,"45000,1-60000,0 — level (КЭП 4.6 (2013-2025))",3,12,active,13,2013-01-01,2025-01-01,fresh
56667,kep4_6__2013_202518,"45000,1-60000,0 | I квартал — level (КЭП 4.6 (2013-2025))",3,12,active,8,2018-01-01,2025-01-01,fresh
56668,kep4_6__2013_202519,"45000,1-60000,0 | I полугодие — level (КЭП 4.6 (2013-2025))",3,12,active,8,2018-01-01,2025-01-01,fresh
56669,kep4_6__2013_202520,"45000,1-60000,0 | январь-сентябрь — level (КЭП 4.6 (2013-2025))",3,12,active,8,2018-01-01,2025-01-01,fresh
56670,kep4_6__2013_202521,"60000,1 -75000,0 — level (КЭП 4.6 (2013-2025))",3,12,active,13,2013-01-01,2025-01-01,fresh
56671,kep4_6__2013_202522,"60000,1 -75000,0 | I квартал — level (КЭП 4.6 (2013-2025))",3,12,active,8,2018-01-01,2025-01-01,fresh
56672,kep4_6__2013_202523,"60000,1 -75000,0 | I полугодие — level (КЭП 4.6 (2013-2025))",3,12,active,8,2018-01-01,2025-01-01,fresh
56673,kep4_6__2013_202524,"60000,1 -75000,0 | январь-сентябрь — level (КЭП 4.6 (2013-2025))",3,12,active,8,2018-01-01,2025-01-01,fresh
56674,kep4_6__2013_202525,"7000,1-10000,0 — level (КЭП 4.6 (2013-2025))",3,12,active,13,2013-01-01,2025-01-01,fresh
56675,kep4_6__2013_202526,"7000,1-10000,0 | I квартал — level (КЭП 4.6 (2013-2025))",3,12,active,8,2018-01-01,2025-01-01,fresh
56676,kep4_6__2013_202527,"7000,1-10000,0 | I полугодие — level (КЭП 4.6 (2013-2025))",3,12,active,8,2018-01-01,2025-01-01,fresh
56677,kep4_6__2013_202528,"7000,1-10000,0 | январь-сентябрь — level (КЭП 4.6 (2013-2025))",3,12,active,8,2018-01-01,2025-01-01,fresh
56678,kep4_6__2013_202529,"75000,1 - 100000,0 — level (КЭП 4.6 (2013-2025))",3,12,active,13,2013-01-01,2025-01-01,fresh
56679,kep4_6__2013_202530,"75000,1 - 100000,0 | I квартал — level (КЭП 4.6 (2013-2025))",3,12,active,8,2018-01-01,2025-01-01,fresh
56680,kep4_6__2013_202531,"75000,1 - 100000,0 | I полугодие — level (КЭП 4.6 (2013-2025))",3,12,active,8,2018-01-01,2025-01-01,fresh
56681,kep4_6__2013_202532,"75000,1 - 100000,0 | январь-сентябрь — level (КЭП 4.6 (2013-2025))",3,12,active,8,2018-01-01,2025-01-01,fresh
56682,kep4_6__2013_202533,"до/up to 7000,0 — level (КЭП 4.6 (2013-2025))",3,12,active,13,2013-01-01,2025-01-01,fresh
56683,kep4_6__2013_202534,"до/up to 7000,0 | I квартал — level (КЭП 4.6 (2013-2025))",3,12,active,8,2018-01-01,2025-01-01,fresh
56684,kep4_6__2013_202535,"до/up to 7000,0 | I полугодие — level (КЭП 4.6 (2013-2025))",3,12,active,8,2018-01-01,2025-01-01,fresh
56685,kep4_6__2013_202536,"до/up to 7000,0 | январь-сентябрь — level (КЭП 4.6 (2013-2025))",3,12,active,8,2018-01-01,2025-01-01,fresh
56686,kep4_6__2013_202537,"свыше 100000,0 — level (КЭП 4.6 (2013-2025))",3,12,active,13,2013-01-01,2025-01-01,fresh
56687,kep4_6__2013_202538,"свыше 100000,0 | I квартал — level (КЭП 4.6 (2013-2025))",3,12,active,8,2018-01-01,2025-01-01,fresh
56688,kep4_6__2013_202539,"свыше 100000,0 | I полугодие — level (КЭП 4.6 (2013-2025))",3,12,active,8,2018-01-01,2025-01-01,fresh
56689,kep4_6__2013_202540,"свыше 100000,0 | январь-сентябрь — level (КЭП 4.6 (2013-2025))",3,12,active,8,2018-01-01,2025-01-01,fresh
56690,kep4_6__2025_2026,"10000,1-14000,0 | I квартал — level (КЭП 4.6 (2025-2026))",3,12,active,2,2025-01-01,2026-01-01,fresh
56691,kep4_6__2025_20262,"10000,1-14000,0 | I полугодие — level (КЭП 4.6 (2025-2026))",3,12,active,2,2025-01-01,2026-01-01,fresh
56692,kep4_6__2025_20263,"100000,1-130000,0 | I квартал — level (КЭП 4.6 (2025-2026))",3,12,active,2,2025-01-01,2026-01-01,fresh
56693,kep4_6__2025_20264,"100000,1-130000,0 | I полугодие — level (КЭП 4.6 (2025-2026))",3,12,active,2,2025-01-01,2026-01-01,fresh
56694,kep4_6__2025_20265,"14000,1-19000,0 | I квартал — level (КЭП 4.6 (2025-2026))",3,12,active,2,2025-01-01,2026-01-01,fresh
56695,kep4_6__2025_20266,"14000,1-19000,0 | I полугодие — level (КЭП 4.6 (2025-2026))",3,12,active,2,2025-01-01,2026-01-01,fresh
56696,kep4_6__2025_20267,"19000,1-27000,0 | I квартал — level (КЭП 4.6 (2025-2026))",3,12,active,2,2025-01-01,2026-01-01,fresh
56697,kep4_6__2025_20268,"19000,1-27000,0 | I полугодие — level (КЭП 4.6 (2025-2026))",3,12,active,2,2025-01-01,2026-01-01,fresh
56698,kep4_6__2025_20269,"27000,1-45000,0 | I квартал — level (КЭП 4.6 (2025-2026))",3,12,active,2,2025-01-01,2026-01-01,fresh
56699,kep4_6__2025_202610,"27000,1-45000,0 | I полугодие — level (КЭП 4.6 (2025-2026))",3,12,active,2,2025-01-01,2026-01-01,fresh
56700,kep4_6__2025_202611,"45000,1-60000,0 | I квартал — level (КЭП 4.6 (2025-2026))",3,12,active,2,2025-01-01,2026-01-01,fresh
56701,kep4_6__2025_202612,"45000,1-60000,0 | I полугодие — level (КЭП 4.6 (2025-2026))",3,12,active,2,2025-01-01,2026-01-01,fresh
56702,kep4_6__2025_202613,"60000,1 -75000,0 | I квартал — level (КЭП 4.6 (2025-2026))",3,12,active,2,2025-01-01,2026-01-01,fresh
56703,kep4_6__2025_202614,"60000,1 -75000,0 | I полугодие — level (КЭП 4.6 (2025-2026))",3,12,active,2,2025-01-01,2026-01-01,fresh
56704,kep4_6__2025_202615,"75000,1 - 100000,0 | I квартал — level (КЭП 4.6 (2025-2026))",3,12,active,2,2025-01-01,2026-01-01,fresh
56705,kep4_6__2025_202616,"75000,1 - 100000,0 | I полугодие — level (КЭП 4.6 (2025-2026))",3,12,active,2,2025-01-01,2026-01-01,fresh
56706,kep4_6__2025_202617,до/up to 10000 | I квартал — level (КЭП 4.6 (2025-2026)),3,12,active,2,2025-01-01,2026-01-01,fresh
56707,kep4_6__2025_202618,до/up to 10000 | I полугодие — level (КЭП 4.6 (2025-2026)),3,12,active,2,2025-01-01,2026-01-01,fresh
56708,kep4_6__2025_202619,"свыше 130000,0 | I квартал — level (КЭП 4.6 (2025-2026))",3,12,active,2,2025-01-01,2026-01-01,fresh
56709,kep4_6__2025_202620,"свыше 130000,0 | I полугодие — level (КЭП 4.6 (2025-2026))",3,12,active,2,2025-01-01,2026-01-01,fresh
56710,kep4_7,Все население — level (КЭП 4.7),3,38,active,1,1999-01-01,1999-01-01,stale
56711,kep4_72,Все население — level (КЭП 4.7),6,38,active,4,1999-01-01,1999-10-01,stale
56712,kep4_73,Все население [блок 10] — level (КЭП 4.7),3,38,active,1,2005-01-01,2005-01-01,stale
56713,kep4_74,Все население [блок 10] — level (КЭП 4.7),6,38,active,4,2005-01-01,2005-10-01,stale
56714,kep4_75,Все население [блок 11] — level (КЭП 4.7),3,38,active,1,2005-01-01,2005-01-01,stale
56715,kep4_76,Все население [блок 11] — level (КЭП 4.7),6,38,active,4,2005-01-01,2005-10-01,stale
56716,kep4_77,Все население [блок 12] — level (КЭП 4.7),3,38,active,1,2005-01-01,2005-01-01,stale
56717,kep4_78,Все население [блок 12] — level (КЭП 4.7),6,38,active,4,2005-01-01,2005-10-01,stale
56718,kep4_79,Все население [блок 13] — level (КЭП 4.7),3,38,active,1,2005-01-01,2005-01-01,stale
56719,kep4_710,Все население [блок 13] — level (КЭП 4.7),6,38,active,4,2005-01-01,2005-10-01,stale
56720,kep4_711,Все население [блок 14] — level (КЭП 4.7),3,38,active,1,2013-01-01,2013-01-01,stale
56721,kep4_712,Все население [блок 14] — level (КЭП 4.7),6,38,active,4,2013-01-01,2013-10-01,stale
56722,kep4_713,Все население [блок 15] — level (КЭП 4.7),3,38,active,1,2013-01-01,2013-01-01,stale
56723,kep4_714,Все население [блок 15] — level (КЭП 4.7),6,38,active,4,2013-01-01,2013-10-01,stale
56724,kep4_715,Все население [блок 16] — level (КЭП 4.7),3,38,active,1,2013-01-01,2013-01-01,stale
56725,kep4_716,Все население [блок 16] — level (КЭП 4.7),6,38,active,4,2013-01-01,2013-10-01,stale
56726,kep4_717,Все население [блок 17] — level (КЭП 4.7),3,38,active,1,2013-01-01,2013-01-01,stale
56727,kep4_718,Все население [блок 17] — level (КЭП 4.7),6,38,active,4,2013-01-01,2013-10-01,stale
56728,kep4_719,Все население [блок 18] — level (КЭП 4.7),3,38,active,1,2017-01-01,2017-01-01,stale
56729,kep4_720,Все население [блок 18] — level (КЭП 4.7),6,38,active,4,2017-01-01,2017-10-01,stale
56730,kep4_721,Все население [блок 19] — level (КЭП 4.7),3,38,active,1,2017-01-01,2017-01-01,stale
56731,kep4_722,Все население [блок 19] — level (КЭП 4.7),6,38,active,4,2017-01-01,2017-10-01,stale
56732,kep4_723,Все население [блок 1] — level (КЭП 4.7),3,38,active,1,2000-01-01,2000-01-01,stale
56733,kep4_724,Все население [блок 1] — level (КЭП 4.7),6,38,active,4,2000-01-01,2000-10-01,stale
56734,kep4_725,Все население [блок 20] — level (КЭП 4.7),3,38,active,1,2017-01-01,2017-01-01,stale
56735,kep4_726,Все население [блок 20] — level (КЭП 4.7),6,38,active,4,2017-01-01,2017-10-01,stale
56736,kep4_727,Все население [блок 21] — level (КЭП 4.7),3,38,active,1,2017-01-01,2017-01-01,stale
56737,kep4_728,Все население [блок 21] — level (КЭП 4.7),6,38,active,4,2017-01-01,2017-10-01,stale
56738,kep4_729,Все население [блок 22] — level (КЭП 4.7),3,38,active,1,2021-01-01,2021-01-01,stale
56739,kep4_730,Все население [блок 25] — level (КЭП 4.7),3,38,active,1,2021-01-01,2021-01-01,stale
56740,kep4_731,Все население [блок 27] — level (КЭП 4.7),3,38,active,1,2021-01-01,2021-01-01,stale
56741,kep4_732,Все население [блок 28] — level (КЭП 4.7),3,38,active,1,2021-01-01,2021-01-01,stale
56742,kep4_733,Все население [блок 2] — level (КЭП 4.7),3,38,active,1,2000-01-01,2000-01-01,stale
56743,kep4_734,Все население [блок 2] — level (КЭП 4.7),6,38,active,4,2000-01-01,2000-10-01,stale
56744,kep4_735,Все население [блок 30] — level (КЭП 4.7),3,38,active,1,2021-01-01,2021-01-01,stale
56745,kep4_736,Все население [блок 3] — level (КЭП 4.7),3,38,active,1,2000-01-01,2000-01-01,stale
56746,kep4_737,Все население [блок 3] — level (КЭП 4.7),6,38,active,4,2000-01-01,2000-10-01,stale
56747,kep4_738,Все население [блок 4] — level (КЭП 4.7),3,38,active,1,2000-01-01,2000-01-01,stale
56748,kep4_739,Все население [блок 4] — level (КЭП 4.7),6,38,active,4,2000-01-01,2000-10-01,stale
56749,kep4_740,Все население [блок 5] — level (КЭП 4.7),3,38,active,1,2000-01-01,2000-01-01,stale
56750,kep4_741,Все население [блок 5] — level (КЭП 4.7),6,38,active,4,2000-01-01,2000-10-01,stale
56751,kep4_742,Все население [блок 6] — level (КЭП 4.7),3,38,active,1,2005-01-01,2005-01-01,stale
56752,kep4_743,Все население [блок 6] — level (КЭП 4.7),6,38,active,4,2005-01-01,2005-10-01,stale
56753,kep4_744,Все население [блок 7] — level (КЭП 4.7),3,38,active,1,2005-01-01,2005-01-01,stale
56754,kep4_745,Все население [блок 7] — level (КЭП 4.7),6,38,active,4,2005-01-01,2005-10-01,stale
56755,kep4_746,Все население [блок 8] — level (КЭП 4.7),3,38,active,1,2005-01-01,2005-01-01,stale
56756,kep4_747,Все население [блок 8] — level (КЭП 4.7),6,38,active,4,2005-01-01,2005-10-01,stale
56757,kep4_748,Все население [блок 9] — level (КЭП 4.7),3,38,active,1,2005-01-01,2005-01-01,stale
56758,kep4_749,Все население [блок 9] — level (КЭП 4.7),6,38,active,4,2005-01-01,2005-10-01,stale
56759,kep4_750,дети [блок 10] — level (КЭП 4.7),3,38,active,1,2005-01-01,2005-01-01,stale
56760,kep4_751,дети [блок 10] — level (КЭП 4.7),6,38,active,4,2005-01-01,2005-10-01,stale
56761,kep4_752,дети [блок 11] — level (КЭП 4.7),3,38,active,1,2005-01-01,2005-01-01,stale
56762,kep4_753,дети [блок 11] — level (КЭП 4.7),6,38,active,4,2005-01-01,2005-10-01,stale
56763,kep4_754,дети [блок 12] — level (КЭП 4.7),3,38,active,1,2005-01-01,2005-01-01,stale
56764,kep4_755,дети [блок 12] — level (КЭП 4.7),6,38,active,4,2005-01-01,2005-10-01,stale
56765,kep4_756,дети [блок 13] — level (КЭП 4.7),3,38,active,1,2005-01-01,2005-01-01,stale
56766,kep4_757,дети [блок 13] — level (КЭП 4.7),6,38,active,4,2005-01-01,2005-10-01,stale
56767,kep4_758,дети [блок 14] — level (КЭП 4.7),3,38,active,1,2005-01-01,2005-01-01,stale
56768,kep4_759,дети [блок 14] — level (КЭП 4.7),6,38,active,4,2005-01-01,2005-10-01,stale
56769,kep4_760,дети [блок 15] — level (КЭП 4.7),3,38,active,1,2013-01-01,2013-01-01,stale
56770,kep4_761,дети [блок 15] — level (КЭП 4.7),6,38,active,4,2013-01-01,2013-10-01,stale
56771,kep4_762,дети [блок 16] — level (КЭП 4.7),3,38,active,1,2013-01-01,2013-01-01,stale
56772,kep4_763,дети [блок 16] — level (КЭП 4.7),6,38,active,4,2013-01-01,2013-10-01,stale
56773,kep4_764,дети [блок 17] — level (КЭП 4.7),3,38,active,1,2013-01-01,2013-01-01,stale
56774,kep4_765,дети [блок 17] — level (КЭП 4.7),6,38,active,4,2013-01-01,2013-10-01,stale
56775,kep4_766,дети [блок 18] — level (КЭП 4.7),3,38,active,1,2013-01-01,2013-01-01,stale
56776,kep4_767,дети [блок 18] — level (КЭП 4.7),6,38,active,4,2013-01-01,2013-10-01,stale
56777,kep4_768,дети [блок 19] — level (КЭП 4.7),3,38,active,1,2017-01-01,2017-01-01,stale
56778,kep4_769,дети [блок 19] — level (КЭП 4.7),6,38,active,4,2017-01-01,2017-10-01,stale
56779,kep4_770,дети [блок 1] — level (КЭП 4.7),3,38,active,1,1999-01-01,1999-01-01,stale
56780,kep4_771,дети [блок 1] — level (КЭП 4.7),6,38,active,4,1999-01-01,1999-10-01,stale
56781,kep4_772,дети [блок 20] — level (КЭП 4.7),3,38,active,1,2017-01-01,2017-01-01,stale
56782,kep4_773,дети [блок 20] — level (КЭП 4.7),6,38,active,4,2017-01-01,2017-10-01,stale
56783,kep4_774,дети [блок 21] — level (КЭП 4.7),3,38,active,1,2017-01-01,2017-01-01,stale
56784,kep4_775,дети [блок 21] — level (КЭП 4.7),6,38,active,4,2017-01-01,2017-10-01,stale
56785,kep4_776,дети [блок 22] — level (КЭП 4.7),3,38,active,1,2017-01-01,2017-01-01,stale
56786,kep4_777,дети [блок 22] — level (КЭП 4.7),6,38,active,4,2017-01-01,2017-10-01,stale
56787,kep4_778,дети [блок 23] — level (КЭП 4.7),3,38,active,1,2021-01-01,2021-01-01,stale
56788,kep4_779,дети [блок 26] — level (КЭП 4.7),3,38,active,1,2021-01-01,2021-01-01,stale
56789,kep4_780,дети [блок 28] — level (КЭП 4.7),3,38,active,1,2021-01-01,2021-01-01,stale
56790,kep4_781,дети [блок 29] — level (КЭП 4.7),3,38,active,1,2021-01-01,2021-01-01,stale
56791,kep4_782,дети [блок 2] — level (КЭП 4.7),3,38,active,1,2000-01-01,2000-01-01,stale
56792,kep4_783,дети [блок 2] — level (КЭП 4.7),6,38,active,4,2000-01-01,2000-10-01,stale
56793,kep4_784,дети [блок 31] — level (КЭП 4.7),3,38,active,1,2021-01-01,2021-01-01,stale
56794,kep4_785,дети [блок 3] — level (КЭП 4.7),3,38,active,1,2000-01-01,2000-01-01,stale
56795,kep4_786,дети [блок 3] — level (КЭП 4.7),6,38,active,4,2000-01-01,2000-10-01,stale
56796,kep4_787,дети [блок 4] — level (КЭП 4.7),3,38,active,1,2000-01-01,2000-01-01,stale
56797,kep4_788,дети [блок 4] — level (КЭП 4.7),6,38,active,4,2000-01-01,2000-10-01,stale
56798,kep4_789,дети [блок 5] — level (КЭП 4.7),3,38,active,1,2000-01-01,2000-01-01,stale
56799,kep4_790,дети [блок 5] — level (КЭП 4.7),6,38,active,4,2000-01-01,2000-10-01,stale
56800,kep4_791,дети [блок 6] — level (КЭП 4.7),3,38,active,1,2000-01-01,2000-01-01,stale
56801,kep4_792,дети [блок 6] — level (КЭП 4.7),6,38,active,4,2000-01-01,2000-10-01,stale
56802,kep4_793,дети [блок 7] — level (КЭП 4.7),3,38,active,1,2005-01-01,2005-01-01,stale
56803,kep4_794,дети [блок 7] — level (КЭП 4.7),6,38,active,4,2005-01-01,2005-10-01,stale
56804,kep4_795,дети [блок 8] — level (КЭП 4.7),3,38,active,1,2005-01-01,2005-01-01,stale
56805,kep4_796,дети [блок 8] — level (КЭП 4.7),6,38,active,4,2005-01-01,2005-10-01,stale
56806,kep4_797,дети [блок 9] — level (КЭП 4.7),3,38,active,1,2005-01-01,2005-01-01,stale
56807,kep4_798,дети [блок 9] — level (КЭП 4.7),6,38,active,4,2005-01-01,2005-10-01,stale
56808,kep4_799,пенсионеры [блок 10] — level (КЭП 4.7),3,38,active,1,2005-01-01,2005-01-01,stale
56809,kep4_7100,пенсионеры [блок 10] — level (КЭП 4.7),6,38,active,4,2005-01-01,2005-10-01,stale
56810,kep4_7101,пенсионеры [блок 11] — level (КЭП 4.7),3,38,active,1,2005-01-01,2005-01-01,stale
56811,kep4_7102,пенсионеры [блок 11] — level (КЭП 4.7),6,38,active,4,2005-01-01,2005-10-01,stale
56812,kep4_7103,пенсионеры [блок 12] — level (КЭП 4.7),3,38,active,1,2005-01-01,2005-01-01,stale
56813,kep4_7104,пенсионеры [блок 12] — level (КЭП 4.7),6,38,active,4,2005-01-01,2005-10-01,stale
56814,kep4_7105,пенсионеры [блок 13] — level (КЭП 4.7),3,38,active,1,2005-01-01,2005-01-01,stale
56815,kep4_7106,пенсионеры [блок 13] — level (КЭП 4.7),6,38,active,4,2005-01-01,2005-10-01,stale
56816,kep4_7107,пенсионеры [блок 14] — level (КЭП 4.7),3,38,active,1,2005-01-01,2005-01-01,stale
56817,kep4_7108,пенсионеры [блок 14] — level (КЭП 4.7),6,38,active,4,2005-01-01,2005-10-01,stale
56818,kep4_7109,пенсионеры [блок 15] — level (КЭП 4.7),3,38,active,1,2013-01-01,2013-01-01,stale
56819,kep4_7110,пенсионеры [блок 15] — level (КЭП 4.7),6,38,active,4,2013-01-01,2013-10-01,stale
56820,kep4_7111,пенсионеры [блок 16] — level (КЭП 4.7),3,38,active,1,2013-01-01,2013-01-01,stale
56821,kep4_7112,пенсионеры [блок 16] — level (КЭП 4.7),6,38,active,4,2013-01-01,2013-10-01,stale
56822,kep4_7113,пенсионеры [блок 17] — level (КЭП 4.7),3,38,active,1,2013-01-01,2013-01-01,stale
56823,kep4_7114,пенсионеры [блок 17] — level (КЭП 4.7),6,38,active,4,2013-01-01,2013-10-01,stale
56824,kep4_7115,пенсионеры [блок 18] — level (КЭП 4.7),3,38,active,1,2013-01-01,2013-01-01,stale
56825,kep4_7116,пенсионеры [блок 18] — level (КЭП 4.7),6,38,active,4,2013-01-01,2013-10-01,stale
56826,kep4_7117,пенсионеры [блок 19] — level (КЭП 4.7),3,38,active,1,2017-01-01,2017-01-01,stale
56827,kep4_7118,пенсионеры [блок 19] — level (КЭП 4.7),6,38,active,4,2017-01-01,2017-10-01,stale
56828,kep4_7119,пенсионеры [блок 1] — level (КЭП 4.7),3,38,active,1,1999-01-01,1999-01-01,stale
56829,kep4_7120,пенсионеры [блок 1] — level (КЭП 4.7),6,38,active,4,1999-01-01,1999-10-01,stale
56830,kep4_7121,пенсионеры [блок 20] — level (КЭП 4.7),3,38,active,1,2017-01-01,2017-01-01,stale
56831,kep4_7122,пенсионеры [блок 20] — level (КЭП 4.7),6,38,active,4,2017-01-01,2017-10-01,stale
56832,kep4_7123,пенсионеры [блок 21] — level (КЭП 4.7),3,38,active,1,2017-01-01,2017-01-01,stale
56833,kep4_7124,пенсионеры [блок 21] — level (КЭП 4.7),6,38,active,4,2017-01-01,2017-10-01,stale
56834,kep4_7125,пенсионеры [блок 22] — level (КЭП 4.7),3,38,active,1,2017-01-01,2017-01-01,stale
56835,kep4_7126,пенсионеры [блок 22] — level (КЭП 4.7),6,38,active,4,2017-01-01,2017-10-01,stale
56836,kep4_7127,пенсионеры [блок 23] — level (КЭП 4.7),3,38,active,1,2021-01-01,2021-01-01,stale
56837,kep4_7128,пенсионеры [блок 26] — level (КЭП 4.7),3,38,active,1,2021-01-01,2021-01-01,stale
56838,kep4_7129,пенсионеры [блок 28] — level (КЭП 4.7),3,38,active,1,2021-01-01,2021-01-01,stale
56839,kep4_7130,пенсионеры [блок 29] — level (КЭП 4.7),3,38,active,1,2021-01-01,2021-01-01,stale
56840,kep4_7131,пенсионеры [блок 2] — level (КЭП 4.7),3,38,active,1,2000-01-01,2000-01-01,stale
56841,kep4_7132,пенсионеры [блок 2] — level (КЭП 4.7),6,38,active,4,2000-01-01,2000-10-01,stale
56842,kep4_7133,пенсионеры [блок 31] — level (КЭП 4.7),3,38,active,1,2021-01-01,2021-01-01,stale
56843,kep4_7134,пенсионеры [блок 3] — level (КЭП 4.7),3,38,active,1,2000-01-01,2000-01-01,stale
56844,kep4_7135,пенсионеры [блок 3] — level (КЭП 4.7),6,38,active,4,2000-01-01,2000-10-01,stale
56845,kep4_7136,пенсионеры [блок 4] — level (КЭП 4.7),3,38,active,1,2000-01-01,2000-01-01,stale
56846,kep4_7137,пенсионеры [блок 4] — level (КЭП 4.7),6,38,active,4,2000-01-01,2000-10-01,stale
56847,kep4_7138,пенсионеры [блок 5] — level (КЭП 4.7),3,38,active,1,2000-01-01,2000-01-01,stale
56848,kep4_7139,пенсионеры [блок 5] — level (КЭП 4.7),6,38,active,4,2000-01-01,2000-10-01,stale
56849,kep4_7140,пенсионеры [блок 6] — level (КЭП 4.7),3,38,active,1,2000-01-01,2000-01-01,stale
56850,kep4_7141,пенсионеры [блок 6] — level (КЭП 4.7),6,38,active,4,2000-01-01,2000-10-01,stale
56851,kep4_7142,пенсионеры [блок 7] — level (КЭП 4.7),3,38,active,1,2005-01-01,2005-01-01,stale
56852,kep4_7143,пенсионеры [блок 7] — level (КЭП 4.7),6,38,active,4,2005-01-01,2005-10-01,stale
56853,kep4_7144,пенсионеры [блок 8] — level (КЭП 4.7),3,38,active,1,2005-01-01,2005-01-01,stale
56854,kep4_7145,пенсионеры [блок 8] — level (КЭП 4.7),6,38,active,4,2005-01-01,2005-10-01,stale
56855,kep4_7146,пенсионеры [блок 9] — level (КЭП 4.7),3,38,active,1,2005-01-01,2005-01-01,stale
56856,kep4_7147,пенсионеры [блок 9] — level (КЭП 4.7),6,38,active,4,2005-01-01,2005-10-01,stale
56857,kep4_7148,трудоспособное [блок 10] — level (КЭП 4.7),3,38,active,1,2005-01-01,2005-01-01,stale
56858,kep4_7149,трудоспособное [блок 10] — level (КЭП 4.7),6,38,active,4,2005-01-01,2005-10-01,stale
56859,kep4_7150,трудоспособное [блок 11] — level (КЭП 4.7),3,38,active,1,2005-01-01,2005-01-01,stale
56860,kep4_7151,трудоспособное [блок 11] — level (КЭП 4.7),6,38,active,4,2005-01-01,2005-10-01,stale
56861,kep4_7152,трудоспособное [блок 12] — level (КЭП 4.7),3,38,active,1,2005-01-01,2005-01-01,stale
56862,kep4_7153,трудоспособное [блок 12] — level (КЭП 4.7),6,38,active,4,2005-01-01,2005-10-01,stale
56863,kep4_7154,трудоспособное [блок 13] — level (КЭП 4.7),3,38,active,1,2005-01-01,2005-01-01,stale
56864,kep4_7155,трудоспособное [блок 13] — level (КЭП 4.7),6,38,active,4,2005-01-01,2005-10-01,stale
56865,kep4_7156,трудоспособное [блок 14] — level (КЭП 4.7),3,38,active,1,2005-01-01,2005-01-01,stale
56866,kep4_7157,трудоспособное [блок 14] — level (КЭП 4.7),6,38,active,4,2005-01-01,2005-10-01,stale
56867,kep4_7158,трудоспособное [блок 15] — level (КЭП 4.7),3,38,active,1,2013-01-01,2013-01-01,stale
56868,kep4_7159,трудоспособное [блок 15] — level (КЭП 4.7),6,38,active,4,2013-01-01,2013-10-01,stale
56869,kep4_7160,трудоспособное [блок 16] — level (КЭП 4.7),3,38,active,1,2013-01-01,2013-01-01,stale
56870,kep4_7161,трудоспособное [блок 16] — level (КЭП 4.7),6,38,active,4,2013-01-01,2013-10-01,stale
56871,kep4_7162,трудоспособное [блок 17] — level (КЭП 4.7),3,38,active,1,2013-01-01,2013-01-01,stale
56872,kep4_7163,трудоспособное [блок 17] — level (КЭП 4.7),6,38,active,4,2013-01-01,2013-10-01,stale
56873,kep4_7164,трудоспособное [блок 18] — level (КЭП 4.7),3,38,active,1,2013-01-01,2013-01-01,stale
56874,kep4_7165,трудоспособное [блок 18] — level (КЭП 4.7),6,38,active,4,2013-01-01,2013-10-01,stale
56875,kep4_7166,трудоспособное [блок 19] — level (КЭП 4.7),3,38,active,1,2017-01-01,2017-01-01,stale
56876,kep4_7167,трудоспособное [блок 19] — level (КЭП 4.7),6,38,active,4,2017-01-01,2017-10-01,stale
56877,kep4_7168,трудоспособное [блок 1] — level (КЭП 4.7),3,38,active,1,1999-01-01,1999-01-01,stale
56878,kep4_7169,трудоспособное [блок 1] — level (КЭП 4.7),6,38,active,4,1999-01-01,1999-10-01,stale
56879,kep4_7170,трудоспособное [блок 20] — level (КЭП 4.7),3,38,active,1,2017-01-01,2017-01-01,stale
56880,kep4_7171,трудоспособное [блок 20] — level (КЭП 4.7),6,38,active,4,2017-01-01,2017-10-01,stale
56881,kep4_7172,трудоспособное [блок 21] — level (КЭП 4.7),3,38,active,1,2017-01-01,2017-01-01,stale
56882,kep4_7173,трудоспособное [блок 21] — level (КЭП 4.7),6,38,active,4,2017-01-01,2017-10-01,stale
56883,kep4_7174,трудоспособное [блок 22] — level (КЭП 4.7),3,38,active,1,2017-01-01,2017-01-01,stale
56884,kep4_7175,трудоспособное [блок 22] — level (КЭП 4.7),6,38,active,4,2017-01-01,2017-10-01,stale
56885,kep4_7176,трудоспособное [блок 23] — level (КЭП 4.7),3,38,active,1,2021-01-01,2021-01-01,stale
56886,kep4_7177,трудоспособное [блок 26] — level (КЭП 4.7),3,38,active,1,2021-01-01,2021-01-01,stale
56887,kep4_7178,трудоспособное [блок 28] — level (КЭП 4.7),3,38,active,1,2021-01-01,2021-01-01,stale
56888,kep4_7179,трудоспособное [блок 29] — level (КЭП 4.7),3,38,active,1,2021-01-01,2021-01-01,stale
56889,kep4_7180,трудоспособное [блок 2] — level (КЭП 4.7),3,38,active,1,2000-01-01,2000-01-01,stale
56890,kep4_7181,трудоспособное [блок 2] — level (КЭП 4.7),6,38,active,4,2000-01-01,2000-10-01,stale
56891,kep4_7182,трудоспособное [блок 31] — level (КЭП 4.7),3,38,active,1,2021-01-01,2021-01-01,stale
56892,kep4_7183,трудоспособное [блок 3] — level (КЭП 4.7),3,38,active,1,2000-01-01,2000-01-01,stale
56893,kep4_7184,трудоспособное [блок 3] — level (КЭП 4.7),6,38,active,4,2000-01-01,2000-10-01,stale
56894,kep4_7185,трудоспособное [блок 4] — level (КЭП 4.7),3,38,active,1,2000-01-01,2000-01-01,stale
56895,kep4_7186,трудоспособное [блок 4] — level (КЭП 4.7),6,38,active,4,2000-01-01,2000-10-01,stale
56896,kep4_7187,трудоспособное [блок 5] — level (КЭП 4.7),3,38,active,1,2000-01-01,2000-01-01,stale
56897,kep4_7188,трудоспособное [блок 5] — level (КЭП 4.7),6,38,active,4,2000-01-01,2000-10-01,stale
56898,kep4_7189,трудоспособное [блок 6] — level (КЭП 4.7),3,38,active,1,2000-01-01,2000-01-01,stale
56899,kep4_7190,трудоспособное [блок 6] — level (КЭП 4.7),6,38,active,4,2000-01-01,2000-10-01,stale
56900,kep4_7191,трудоспособное [блок 7] — level (КЭП 4.7),3,38,active,1,2005-01-01,2005-01-01,stale
56901,kep4_7192,трудоспособное [блок 7] — level (КЭП 4.7),6,38,active,4,2005-01-01,2005-10-01,stale
56902,kep4_7193,трудоспособное [блок 8] — level (КЭП 4.7),3,38,active,1,2005-01-01,2005-01-01,stale
56903,kep4_7194,трудоспособное [блок 8] — level (КЭП 4.7),6,38,active,4,2005-01-01,2005-10-01,stale
56904,kep4_7195,трудоспособное [блок 9] — level (КЭП 4.7),3,38,active,1,2005-01-01,2005-01-01,stale
56905,kep4_7196,трудоспособное [блок 9] — level (КЭП 4.7),6,38,active,4,2005-01-01,2005-10-01,stale
56906,kep4_8,"4.8. Численность населения с денежными доходами ниже величины прожиточного минимума1), млн человек — level (КЭП 4.8)",3,18,active,22,1999-01-01,2020-01-01,stale
56907,kep4_8_s,"4.8. Численность населения с денежными доходами ниже величины прожиточного минимума1), млн человек — pct (КЭП 4.8)",3,18,active,22,1999-01-01,2020-01-01,stale
56908,kep4_82,"4.8. Численность населения с денежными доходами ниже границы бедности2), млн человек || 4.8. Численность населения с ден",3,18,active,5,2021-01-01,2025-01-01,fresh
56909,kep4_8_s2,"4.8. Численность населения с денежными доходами ниже границы бедности2), млн человек || 4.8. Численность населения с ден",3,18,active,5,2021-01-01,2025-01-01,fresh
57984,emiss_34118_vvod,"Введено в действие общей площади жилых домов (оперативные данные, ЕМИСС 34118)",5,16,active,27469,2024-01-01,2026-08-01,fresh
57985,emiss_34118_full_m,"Ввод жилья РФ оперативно, полный круг, месяц (из 34118, nomen=Жилые здания+нежилые)",5,16,active,32,2024-01-01,2026-08-01,fresh
