dim57831,indicator,month,period,value,year
Российская Федерация без учета новых субъектов (с 01.01.2023),housing_vol,1,янв,"12,137",2024
Российская Федерация без учета новых субъектов (с 01.01.2023),housing_vol,2,фев,"8,491",2024
Российская Федерация без учета новых субъектов (с 01.01.2023),housing_vol,2,янв-фев,"20,628",2024
Российская Федерация без учета новых субъектов (с 01.01.2023),housing_vol,3,мар,"8,728",2024
Российская Федерация без учета новых субъектов (с 01.01.2023),housing_vol,3,янв-мар,"29,355",2024
Российская Федерация без учета новых субъектов (с 01.01.2023),housing_vol,4,апр,"7,275",2024
Российская Федерация без учета новых субъектов (с 01.01.2023),housing_vol,4,янв-апр,"36,631",2024
Российская Федерация без учета новых субъектов (с 01.01.2023),housing_vol,5,май,"7,148",2024
Российская Федерация без учета новых субъектов (с 01.01.2023),housing_vol,5,янв-май,"43,779",2024
Российская Федерация без учета новых субъектов (с 01.01.2023),housing_vol,6,июн,"9,651",2024
Российская Федерация без учета новых субъектов (с 01.01.2023),housing_vol,6,янв-июн,"53,43",2024
Российская Федерация без учета новых субъектов (с 01.01.2023),housing_vol,7,июл,"8,632",2024
Российская Федерация без учета новых субъектов (с 01.01.2023),housing_vol,7,янв-июл,"62,062",2024
Российская Федерация без учета новых субъектов (с 01.01.2023),housing_vol,8,авг,"9,222",2024
Российская Федерация без учета новых субъектов (с 01.01.2023),housing_vol,8,янв-авг,"71,284",2024
Российская Федерация без учета новых субъектов (с 01.01.2023),housing_vol,9,сен,"9,852",2024
Российская Федерация без учета новых субъектов (с 01.01.2023),housing_vol,9,янв-сен,"81,136",2024
Российская Федерация без учета новых субъектов (с 01.01.2023),housing_vol,10,окт,"6,429",2024
Российская Федерация без учета новых субъектов (с 01.01.2023),housing_vol,10,янв-окт,"87,565",2024
Российская Федерация без учета новых субъектов (с 01.01.2023),housing_vol,11,ноя,"6,284",2024
Российская Федерация без учета новых субъектов (с 01.01.2023),housing_vol,11,янв-ноя,"93,842",2024
Российская Федерация без учета новых субъектов (с 01.01.2023),housing_vol,12,дек,"13,926",2024
Российская Федерация без учета новых субъектов (с 01.01.2023),housing_vol,12,янв-дек,"107,768",2024
Центральный федеральный округ,housing_vol,1,янв,"2,744",2024
Центральный федеральный округ,housing_vol,2,фев,"2,096",2024
Центральный федеральный округ,housing_vol,2,янв-фев,"4,84",2024
Центральный федеральный округ,housing_vol,3,мар,"2,141",2024
Центральный федеральный округ,housing_vol,3,янв-мар,"6,981",2024
Центральный федеральный округ,housing_vol,4,апр,"2,057",2024
Центральный федеральный округ,housing_vol,4,янв-апр,"9,038",2024
Центральный федеральный округ,housing_vol,5,май,"1,89",2024
Центральный федеральный округ,housing_vol,5,янв-май,"10,928",2024
Центральный федеральный округ,housing_vol,6,июн,"2,833",2024
Центральный федеральный округ,housing_vol,6,янв-июн,"13,761",2024
Центральный федеральный округ,housing_vol,7,июл,"2,649",2024
Центральный федеральный округ,housing_vol,7,янв-июл,"16,41",2024
Центральный федеральный округ,housing_vol,8,авг,"2,728",2024
Центральный федеральный округ,housing_vol,8,янв-авг,"19,137",2024
Центральный федеральный округ,housing_vol,9,сен,"2,97",2024
Центральный федеральный округ,housing_vol,9,янв-сен,"22,107",2024
Центральный федеральный округ,housing_vol,10,окт,"1,786",2024
Центральный федеральный округ,housing_vol,10,янв-окт,"23,893",2024
Центральный федеральный округ,housing_vol,11,ноя,"1,417",2024
Центральный федеральный округ,housing_vol,11,янв-ноя,"25,31",2024
Центральный федеральный округ,housing_vol,12,дек,"4,961",2024
Центральный федеральный округ,housing_vol,12,янв-дек,"30,271",2024
Белгородская область,housing_vol,1,янв,"0,115",2024
Белгородская область,housing_vol,2,фев,"0,04",2024
Белгородская область,housing_vol,2,янв-фев,"0,154",2024
Белгородская область,housing_vol,3,мар,"0,041",2024
Белгородская область,housing_vol,3,янв-мар,"0,196",2024
Белгородская область,housing_vol,4,апр,"0,089",2024
Белгородская область,housing_vol,4,янв-апр,"0,285",2024
Белгородская область,housing_vol,5,май,"0,065",2024
Белгородская область,housing_vol,5,янв-май,"0,349",2024
Белгородская область,housing_vol,6,июн,"0,081",2024
Белгородская область,housing_vol,6,янв-июн,"0,431",2024
Белгородская область,housing_vol,7,июл,"0,085",2024
Белгородская область,housing_vol,7,янв-июл,"0,516",2024
Белгородская область,housing_vol,8,авг,"0,074",2024
Белгородская область,housing_vol,8,янв-авг,"0,59",2024
Белгородская область,housing_vol,9,сен,"0,058",2024
Белгородская область,housing_vol,9,янв-сен,"0,648",2024
Белгородская область,housing_vol,10,окт,"0,052",2024
Белгородская область,housing_vol,10,янв-окт,"0,7",2024
Белгородская область,housing_vol,11,ноя,"0,073",2024
Белгородская область,housing_vol,11,янв-ноя,"0,773",2024
Белгородская область,housing_vol,12,дек,"0,081",2024
Белгородская область,housing_vol,12,янв-дек,"0,853",2024
Брянская область,housing_vol,1,янв,"0,221",2024
Брянская область,housing_vol,2,фев,"0,036",2024
Брянская область,housing_vol,2,янв-фев,"0,257",2024
Брянская область,housing_vol,3,мар,"0,048",2024
Брянская область,housing_vol,3,янв-мар,"0,305",2024
Брянская область,housing_vol,4,апр,"0,051",2024
Брянская область,housing_vol,4,янв-апр,"0,356",2024
Брянская область,housing_vol,5,май,"0,026",2024
Брянская область,housing_vol,5,янв-май,"0,382",2024
Брянская область,housing_vol,6,июн,"0,059",2024
Брянская область,housing_vol,6,янв-июн,"0,44",2024
Брянская область,housing_vol,7,июл,"0,029",2024
Брянская область,housing_vol,7,янв-июл,"0,47",2024
Брянская область,housing_vol,8,авг,"0,03",2024
Брянская область,housing_vol,8,янв-авг,"0,499",2024
Брянская область,housing_vol,9,сен,"0,028",2024
Брянская область,housing_vol,9,янв-сен,"0,527",2024
Брянская область,housing_vol,10,окт,"0,015",2024
Брянская область,housing_vol,10,янв-окт,"0,542",2024
Брянская область,housing_vol,11,ноя,"0,043",2024
Брянская область,housing_vol,11,янв-ноя,"0,584",2024
Брянская область,housing_vol,12,дек,"0,025",2024
Брянская область,housing_vol,12,янв-дек,"0,61",2024
Владимирская область,housing_vol,1,янв,"0,142",2024
Владимирская область,housing_vol,2,фев,"0,134",2024
Владимирская область,housing_vol,2,янв-фев,"0,276",2024
Владимирская область,housing_vol,3,мар,"0,074",2024
Владимирская область,housing_vol,3,янв-мар,"0,35",2024
Владимирская область,housing_vol,4,апр,"0,069",2024
Владимирская область,housing_vol,4,янв-апр,"0,419",2024
Владимирская область,housing_vol,5,май,"0,076",2024
Владимирская область,housing_vol,5,янв-май,"0,494",2024
Владимирская область,housing_vol,6,июн,"0,085",2024
Владимирская область,housing_vol,6,янв-июн,"0,579",2024
Владимирская область,housing_vol,7,июл,"0,073",2024
Владимирская область,housing_vol,7,янв-июл,"0,653",2024
Владимирская область,housing_vol,8,авг,"0,096",2024
Владимирская область,housing_vol,8,янв-авг,"0,749",2024
Владимирская область,housing_vol,9,сен,"0,089",2024
Владимирская область,housing_vol,9,янв-сен,"0,838",2024
Владимирская область,housing_vol,10,окт,"0,03",2024
Владимирская область,housing_vol,10,янв-окт,"0,867",2024
Владимирская область,housing_vol,11,ноя,"0,024",2024
Владимирская область,housing_vol,11,янв-ноя,"0,891",2024
Владимирская область,housing_vol,12,дек,"0,136",2024
Владимирская область,housing_vol,12,янв-дек,"1,028",2024
Воронежская область,housing_vol,1,янв,"0,14",2024
Воронежская область,housing_vol,2,фев,"0,098",2024
Воронежская область,housing_vol,2,янв-фев,"0,238",2024
Воронежская область,housing_vol,3,мар,"0,117",2024
Воронежская область,housing_vol,3,янв-мар,"0,355",2024
Воронежская область,housing_vol,4,апр,"0,135",2024
Воронежская область,housing_vol,4,янв-апр,"0,49",2024
Воронежская область,housing_vol,5,май,"0,168",2024
Воронежская область,housing_vol,5,янв-май,"0,658",2024
Воронежская область,housing_vol,6,июн,"0,192",2024
Воронежская область,housing_vol,6,янв-июн,"0,85",2024
Воронежская область,housing_vol,7,июл,"0,188",2024
Воронежская область,housing_vol,7,янв-июл,"1,037",2024
Воронежская область,housing_vol,8,авг,"0,159",2024
Воронежская область,housing_vol,8,янв-авг,"1,197",2024
Воронежская область,housing_vol,9,сен,"0,165",2024
Воронежская область,housing_vol,9,янв-сен,"1,361",2024
Воронежская область,housing_vol,10,окт,"0,26",2024
Воронежская область,housing_vol,10,янв-окт,"1,621",2024
Воронежская область,housing_vol,11,ноя,"0,149",2024
Воронежская область,housing_vol,11,янв-ноя,"1,77",2024
Воронежская область,housing_vol,12,дек,"0,162",2024
Воронежская область,housing_vol,12,янв-дек,"1,933",2024
Ивановская область,housing_vol,1,янв,"0,063",2024
Ивановская область,housing_vol,2,фев,"0,027",2024
Ивановская область,housing_vol,2,янв-фев,"0,091",2024
Ивановская область,housing_vol,3,мар,"0,03",2024
Ивановская область,housing_vol,3,янв-мар,"0,121",2024
Ивановская область,housing_vol,4,апр,"0,042",2024
Ивановская область,housing_vol,4,янв-апр,"0,163",2024
Ивановская область,housing_vol,5,май,"0,031",2024
Ивановская область,housing_vol,5,янв-май,"0,194",2024
Ивановская область,housing_vol,6,июн,"0,035",2024
Ивановская область,housing_vol,6,янв-июн,"0,229",2024
Ивановская область,housing_vol,7,июл,"0,045",2024
Ивановская область,housing_vol,7,янв-июл,"0,274",2024
Ивановская область,housing_vol,8,авг,"0,039",2024
Ивановская область,housing_vol,8,янв-авг,"0,313",2024
Ивановская область,housing_vol,9,сен,"0,052",2024
Ивановская область,housing_vol,9,янв-сен,"0,364",2024
Ивановская область,housing_vol,10,окт,"0,018",2024
Ивановская область,housing_vol,10,янв-окт,"0,382",2024
Ивановская область,housing_vol,11,ноя,"0,04",2024
Ивановская область,housing_vol,11,янв-ноя,"0,422",2024
Ивановская область,housing_vol,12,дек,"0,038",2024
Ивановская область,housing_vol,12,янв-дек,"0,46",2024
Калужская область,housing_vol,1,янв,"0,169",2024
Калужская область,housing_vol,2,фев,"0,082",2024
Калужская область,housing_vol,2,янв-фев,"0,252",2024
Калужская область,housing_vol,3,мар,"0,053",2024
Калужская область,housing_vol,3,янв-мар,"0,305",2024
Калужская область,housing_vol,4,апр,"0,05",2024
Калужская область,housing_vol,4,янв-апр,"0,355",2024
Калужская область,housing_vol,5,май,"0,062",2024
Калужская область,housing_vol,5,янв-май,"0,417",2024
Калужская область,housing_vol,6,июн,"0,125",2024
Калужская область,housing_vol,6,янв-июн,"0,541",2024
Калужская область,housing_vol,7,июл,"0,074",2024
Калужская область,housing_vol,7,янв-июл,"0,615",2024
Калужская область,housing_vol,8,авг,"0,091",2024
Калужская область,housing_vol,8,янв-авг,"0,706",2024
Калужская область,housing_vol,9,сен,"0,092",2024
Калужская область,housing_vol,9,янв-сен,"0,799",2024
Калужская область,housing_vol,10,окт,"0,043",2024
Калужская область,housing_vol,10,янв-окт,"0,842",2024
Калужская область,housing_vol,11,ноя,"0,051",2024
Калужская область,housing_vol,11,янв-ноя,"0,893",2024
Калужская область,housing_vol,12,дек,"0,077",2024
Калужская область,housing_vol,12,янв-дек,"0,97",2024
Костромская область,housing_vol,1,янв,"0,04",2024
Костромская область,housing_vol,2,фев,"0,029",2024
Костромская область,housing_vol,2,янв-фев,"0,069",2024
Костромская область,housing_vol,3,мар,"0,024",2024
Костромская область,housing_vol,3,янв-мар,"0,094",2024
Костромская область,housing_vol,4,апр,"0,022",2024
Костромская область,housing_vol,4,янв-апр,"0,115",2024
Костромская область,housing_vol,5,май,"0,023",2024
Костромская область,housing_vol,5,янв-май,"0,138",2024
Костромская область,housing_vol,6,июн,"0,041",2024
Костромская область,housing_vol,6,янв-июн,"0,18",2024
Костромская область,housing_vol,7,июл,"0,032",2024
Костромская область,housing_vol,7,янв-июл,"0,212",2024
Костромская область,housing_vol,8,авг,"0,016",2024
Костромская область,housing_vol,8,янв-авг,"0,228",2024
Костромская область,housing_vol,9,сен,"0,039",2024
Костромская область,housing_vol,9,янв-сен,"0,267",2024
Костромская область,housing_vol,10,окт,"0,004",2024
Костромская область,housing_vol,10,янв-окт,"0,271",2024
Костромская область,housing_vol,11,ноя,"0,01",2024
Костромская область,housing_vol,11,янв-ноя,"0,281",2024
Костромская область,housing_vol,12,дек,"0,038",2024
Костромская область,housing_vol,12,янв-дек,"0,319",2024
Курская область,housing_vol,1,янв,"0,03",2024
Курская область,housing_vol,2,фев,"0,062",2024
Курская область,housing_vol,2,янв-фев,"0,092",2024
Курская область,housing_vol,3,мар,"0,048",2024
Курская область,housing_vol,3,янв-мар,"0,14",2024
Курская область,housing_vol,4,апр,"0,048",2024
Курская область,housing_vol,4,янв-апр,"0,188",2024
Курская область,housing_vol,5,май,"0,036",2024
Курская область,housing_vol,5,янв-май,"0,224",2024
Курская область,housing_vol,6,июн,"0,087",2024
Курская область,housing_vol,6,янв-июн,"0,311",2024
Курская область,housing_vol,7,июл,"0,087",2024
Курская область,housing_vol,7,янв-июл,"0,398",2024
Курская область,housing_vol,8,авг,"0,046",2024
Курская область,housing_vol,8,янв-авг,"0,444",2024
Курская область,housing_vol,9,сен,"0,065",2024
Курская область,housing_vol,9,янв-сен,"0,509",2024
Курская область,housing_vol,10,окт,"0,045",2024
Курская область,housing_vol,10,янв-окт,"0,554",2024
Курская область,housing_vol,11,ноя,"0,059",2024
Курская область,housing_vol,11,янв-ноя,"0,613",2024
Курская область,housing_vol,12,дек,"0,108",2024
Курская область,housing_vol,12,янв-дек,"0,722",2024
Липецкая область,housing_vol,1,янв,"0,077",2024
Липецкая область,housing_vol,2,фев,"0,034",2024
Липецкая область,housing_vol,2,янв-фев,"0,111",2024
Липецкая область,housing_vol,3,мар,"0,055",2024
Липецкая область,housing_vol,3,янв-мар,"0,166",2024
Липецкая область,housing_vol,4,апр,"0,034",2024
Липецкая область,housing_vol,4,янв-апр,"0,2",2024
Липецкая область,housing_vol,5,май,"0,044",2024
Липецкая область,housing_vol,5,янв-май,"0,244",2024
Липецкая область,housing_vol,6,июн,"0,04",2024
Липецкая область,housing_vol,6,янв-июн,"0,284",2024
Липецкая область,housing_vol,7,июл,"0,043",2024
Липецкая область,housing_vol,7,янв-июл,"0,328",2024
Липецкая область,housing_vol,8,авг,"0,078",2024
Липецкая область,housing_vol,8,янв-авг,"0,406",2024
Липецкая область,housing_vol,9,сен,"0,053",2024
Липецкая область,housing_vol,9,янв-сен,"0,459",2024
Липецкая область,housing_vol,10,окт,"0,061",2024
Липецкая область,housing_vol,10,янв-окт,"0,52",2024
Липецкая область,housing_vol,11,ноя,"0,046",2024
Липецкая область,housing_vol,11,янв-ноя,"0,566",2024
Липецкая область,housing_vol,12,дек,"0,225",2024
Липецкая область,housing_vol,12,янв-дек,"0,791",2024
Московская область,housing_vol,1,янв,"1,043",2024
Московская область,housing_vol,2,фев,"0,811",2024
Московская область,housing_vol,2,янв-фев,"1,854",2024
Московская область,housing_vol,3,мар,"0,843",2024
Московская область,housing_vol,3,янв-мар,"2,696",2024
Московская область,housing_vol,4,апр,"0,899",2024
Московская область,housing_vol,4,янв-апр,"3,595",2024
Московская область,housing_vol,5,май,"0,774",2024
Московская область,housing_vol,5,янв-май,"4,369",2024
Московская область,housing_vol,6,июн,"1,434",2024
Московская область,housing_vol,6,янв-июн,"5,803",2024
Московская область,housing_vol,7,июл,"1,103",2024
Московская область,housing_vol,7,янв-июл,"6,906",2024
Московская область,housing_vol,8,авг,"1,176",2024
Московская область,housing_vol,8,янв-авг,"8,082",2024
Московская область,housing_vol,9,сен,"1,307",2024
Московская область,housing_vol,9,янв-сен,"9,39",2024
Московская область,housing_vol,10,окт,"0,275",2024
Московская область,housing_vol,10,янв-окт,"9,665",2024
Московская область,housing_vol,11,ноя,"0,284",2024
Московская область,housing_vol,11,янв-ноя,"9,949",2024
Московская область,housing_vol,12,дек,"1,456",2024
Московская область,housing_vol,12,янв-дек,"11,404",2024
Орловская область,housing_vol,1,янв,"0,016",2024
Орловская область,housing_vol,2,фев,"0,033",2024
Орловская область,housing_vol,2,янв-фев,"0,049",2024
Орловская область,housing_vol,3,мар,"0,054",2024
Орловская область,housing_vol,3,янв-мар,"0,104",2024
Орловская область,housing_vol,4,апр,"0,018",2024
Орловская область,housing_vol,4,янв-апр,"0,122",2024
Орловская область,housing_vol,5,май,"0,02",2024
Орловская область,housing_vol,5,янв-май,"0,141",2024
Орловская область,housing_vol,6,июн,"0,02",2024
Орловская область,housing_vol,6,янв-июн,"0,162",2024
Орловская область,housing_vol,7,июл,"0,021",2024
Орловская область,housing_vol,7,янв-июл,"0,183",2024
Орловская область,housing_vol,8,авг,"0,038",2024
Орловская область,housing_vol,8,янв-авг,"0,222",2024
Орловская область,housing_vol,9,сен,"0,072",2024
Орловская область,housing_vol,9,янв-сен,"0,294",2024
Орловская область,housing_vol,10,окт,"0,021",2024
Орловская область,housing_vol,10,янв-окт,"0,314",2024
Орловская область,housing_vol,11,ноя,"0,025",2024
Орловская область,housing_vol,11,янв-ноя,"0,339",2024
Орловская область,housing_vol,12,дек,"0,046",2024
Орловская область,housing_vol,12,янв-дек,"0,385",2024
Рязанская область,housing_vol,1,янв,"0,046",2024
Рязанская область,housing_vol,2,фев,"0,028",2024
Рязанская область,housing_vol,2,янв-фев,"0,074",2024
Рязанская область,housing_vol,3,мар,"0,022",2024
Рязанская область,housing_vol,3,янв-мар,"0,097",2024
Рязанская область,housing_vol,4,апр,"0,041",2024
Рязанская область,housing_vol,4,янв-апр,"0,137",2024
Рязанская область,housing_vol,5,май,"0,063",2024
Рязанская область,housing_vol,5,янв-май,"0,2",2024
Рязанская область,housing_vol,6,июн,"0,066",2024
Рязанская область,housing_vol,6,янв-июн,"0,266",2024
Рязанская область,housing_vol,7,июл,"0,043",2024
Рязанская область,housing_vol,7,янв-июл,"0,31",2024
Рязанская область,housing_vol,8,авг,"0,104",2024
Рязанская область,housing_vol,8,янв-авг,"0,413",2024
Рязанская область,housing_vol,9,сен,"0,065",2024
Рязанская область,housing_vol,9,янв-сен,"0,478",2024
Рязанская область,housing_vol,10,окт,"0,015",2024
Рязанская область,housing_vol,10,янв-окт,"0,493",2024
Рязанская область,housing_vol,11,ноя,"0,029",2024
Рязанская область,housing_vol,11,янв-ноя,"0,522",2024
Рязанская область,housing_vol,12,дек,"0,08",2024
Рязанская область,housing_vol,12,янв-дек,"0,603",2024
Смоленская область,housing_vol,1,янв,"0,055",2024
Смоленская область,housing_vol,2,фев,"0,062",2024
Смоленская область,housing_vol,2,янв-фев,"0,117",2024
Смоленская область,housing_vol,3,мар,"0,029",2024
Смоленская область,housing_vol,3,янв-мар,"0,146",2024
Смоленская область,housing_vol,4,апр,"0,035",2024
Смоленская область,housing_vol,4,янв-апр,"0,181",2024
Смоленская область,housing_vol,5,май,"0,044",2024
Смоленская область,housing_vol,5,янв-май,"0,224",2024
Смоленская область,housing_vol,6,июн,"0,045",2024
Смоленская область,housing_vol,6,янв-июн,"0,27",2024
Смоленская область,housing_vol,7,июл,"0,04",2024
Смоленская область,housing_vol,7,янв-июл,"0,309",2024
Смоленская область,housing_vol,8,авг,"0,059",2024
Смоленская область,housing_vol,8,янв-авг,"0,369",2024
Смоленская область,housing_vol,9,сен,"0,06",2024
Смоленская область,housing_vol,9,янв-сен,"0,428",2024
Смоленская область,housing_vol,10,окт,"0,029",2024
Смоленская область,housing_vol,10,янв-окт,"0,457",2024
Смоленская область,housing_vol,11,ноя,"0,031",2024
Смоленская область,housing_vol,11,янв-ноя,"0,488",2024
Смоленская область,housing_vol,12,дек,"0,006",2024
Смоленская область,housing_vol,12,янв-дек,"0,495",2024
Тамбовская область,housing_vol,1,янв,"0,05",2024
Тамбовская область,housing_vol,2,фев,"0,026",2024
Тамбовская область,housing_vol,2,янв-фев,"0,076",2024
Тамбовская область,housing_vol,3,мар,"0,039",2024
Тамбовская область,housing_vol,3,янв-мар,"0,115",2024
Тамбовская область,housing_vol,4,апр,"0,027",2024
Тамбовская область,housing_vol,4,янв-апр,"0,142",2024
Тамбовская область,housing_vol,5,май,"0,035",2024
Тамбовская область,housing_vol,5,янв-май,"0,177",2024
Тамбовская область,housing_vol,6,июн,"0,04",2024
Тамбовская область,housing_vol,6,янв-июн,"0,217",2024
Тамбовская область,housing_vol,7,июл,"0,025",2024
Тамбовская область,housing_vol,7,янв-июл,"0,242",2024
Тамбовская область,housing_vol,8,авг,"0,037",2024
Тамбовская область,housing_vol,8,янв-авг,"0,28",2024
Тамбовская область,housing_vol,9,сен,"0,026",2024
Тамбовская область,housing_vol,9,янв-сен,"0,305",2024
Тамбовская область,housing_vol,10,окт,"0,031",2024
Тамбовская область,housing_vol,10,янв-окт,"0,336",2024
Тамбовская область,housing_vol,11,ноя,"0,034",2024
Тамбовская область,housing_vol,11,янв-ноя,"0,371",2024
Тамбовская область,housing_vol,12,дек,"0,047",2024
Тамбовская область,housing_vol,12,янв-дек,"0,418",2024
Тверская область,housing_vol,1,янв,"0,087",2024
Тверская область,housing_vol,2,фев,"0,077",2024
Тверская область,housing_vol,2,янв-фев,"0,164",2024
Тверская область,housing_vol,3,мар,"0,074",2024
Тверская область,housing_vol,3,янв-мар,"0,238",2024
Тверская область,housing_vol,4,апр,"0,049",2024
Тверская область,housing_vol,4,янв-апр,"0,287",2024
Тверская область,housing_vol,5,май,"0,083",2024
Тверская область,housing_vol,5,янв-май,"0,371",2024
Тверская область,housing_vol,6,июн,"0,099",2024
Тверская область,housing_vol,6,янв-июн,"0,469",2024
Тверская область,housing_vol,7,июл,"0,119",2024
Тверская область,housing_vol,7,янв-июл,"0,588",2024
Тверская область,housing_vol,8,авг,"0,087",2024
Тверская область,housing_vol,8,янв-авг,"0,676",2024
Тверская область,housing_vol,9,сен,"0,111",2024
Тверская область,housing_vol,9,янв-сен,"0,786",2024
Тверская область,housing_vol,10,окт,"0,029",2024
Тверская область,housing_vol,10,янв-окт,"0,815",2024
Тверская область,housing_vol,11,ноя,"0,022",2024
Тверская область,housing_vol,11,янв-ноя,"0,837",2024
Тверская область,housing_vol,12,дек,"0,027",2024
Тверская область,housing_vol,12,янв-дек,"0,864",2024
Тульская область,housing_vol,1,янв,"0,063",2024
Тульская область,housing_vol,2,фев,"0,099",2024
Тульская область,housing_vol,2,янв-фев,"0,163",2024
Тульская область,housing_vol,3,мар,"0,077",2024
Тульская область,housing_vol,3,янв-мар,"0,24",2024
Тульская область,housing_vol,4,апр,"0,061",2024
Тульская область,housing_vol,4,янв-апр,"0,3",2024
Тульская область,housing_vol,5,май,"0,104",2024
Тульская область,housing_vol,5,янв-май,"0,404",2024
Тульская область,housing_vol,6,июн,"0,096",2024
Тульская область,housing_vol,6,янв-июн,"0,501",2024
Тульская область,housing_vol,7,июл,"0,068",2024
Тульская область,housing_vol,7,янв-июл,"0,569",2024
Тульская область,housing_vol,8,авг,"0,094",2024
Тульская область,housing_vol,8,янв-авг,"0,662",2024
Тульская область,housing_vol,9,сен,"0,097",2024
Тульская область,housing_vol,9,янв-сен,"0,759",2024
Тульская область,housing_vol,10,окт,"0,039",2024
Тульская область,housing_vol,10,янв-окт,"0,798",2024
Тульская область,housing_vol,11,ноя,"0,04",2024
Тульская область,housing_vol,11,янв-ноя,"0,838",2024
Тульская область,housing_vol,12,дек,"0,079",2024
Тульская область,housing_vol,12,янв-дек,"0,917",2024
Ярославская область,housing_vol,1,янв,"0,141",2024
Ярославская область,housing_vol,2,фев,"0,083",2024
Ярославская область,housing_vol,2,янв-фев,"0,224",2024
Ярославская область,housing_vol,3,мар,"0,069",2024
Ярославская область,housing_vol,3,янв-мар,"0,293",2024
Ярославская область,housing_vol,4,апр,"0,068",2024
Ярославская область,housing_vol,4,янв-апр,"0,361",2024
Ярославская область,housing_vol,5,май,"0,049",2024
Ярославская область,housing_vol,5,янв-май,"0,41",2024
Ярославская область,housing_vol,6,июн,"0,081",2024
Ярославская область,housing_vol,6,янв-июн,"0,491",2024
Ярославская область,housing_vol,7,июл,"0,064",2024
Ярославская область,housing_vol,7,янв-июл,"0,555",2024
Ярославская область,housing_vol,8,авг,"0,102",2024
Ярославская область,housing_vol,8,янв-авг,"0,657",2024
Ярославская область,housing_vol,9,сен,"0,089",2024
Ярославская область,housing_vol,9,янв-сен,"0,746",2024
Ярославская область,housing_vol,10,окт,"0,04",2024
Ярославская область,housing_vol,10,янв-окт,"0,786",2024
Ярославская область,housing_vol,11,ноя,"0,076",2024
Ярославская область,housing_vol,11,янв-ноя,"0,863",2024
Ярославская область,housing_vol,12,дек,"0,091",2024
Ярославская область,housing_vol,12,янв-дек,"0,954",2024
Город Москва столица Российской Федерации город федерального значения,housing_vol,1,янв,"0,246",2024
Город Москва столица Российской Федерации город федерального значения,housing_vol,2,фев,"0,332",2024
Город Москва столица Российской Федерации город федерального значения,housing_vol,2,янв-фев,"0,579",2024
Город Москва столица Российской Федерации город федерального значения,housing_vol,3,мар,"0,444",2024
Город Москва столица Российской Федерации город федерального значения,housing_vol,3,янв-мар,"1,022",2024
Город Москва столица Российской Федерации город федерального значения,housing_vol,4,апр,"0,32",2024
Город Москва столица Российской Федерации город федерального значения,housing_vol,4,янв-апр,"1,342",2024
Город Москва столица Российской Федерации город федерального значения,housing_vol,5,май,"0,188",2024
Город Москва столица Российской Федерации город федерального значения,housing_vol,5,янв-май,"1,53",2024
Город Москва столица Российской Федерации город федерального значения,housing_vol,6,июн,"0,205",2024
Город Москва столица Российской Федерации город федерального значения,housing_vol,6,янв-июн,"1,736",2024
Город Москва столица Российской Федерации город федерального значения,housing_vol,7,июл,"0,508",2024
Город Москва столица Российской Федерации город федерального значения,housing_vol,7,янв-июл,"2,244",2024
Город Москва столица Российской Федерации город федерального значения,housing_vol,8,авг,"0,401",2024
Город Москва столица Российской Федерации город федерального значения,housing_vol,8,янв-авг,"2,645",2024
Город Москва столица Российской Федерации город федерального значения,housing_vol,9,сен,"0,503",2024
Город Москва столица Российской Федерации город федерального значения,housing_vol,9,янв-сен,"3,148",2024
Город Москва столица Российской Федерации город федерального значения,housing_vol,10,окт,"0,78",2024
Город Москва столица Российской Федерации город федерального значения,housing_vol,10,янв-окт,"3,928",2024
Город Москва столица Российской Федерации город федерального значения,housing_vol,11,ноя,"0,381",2024
Город Москва столица Российской Федерации город федерального значения,housing_vol,11,янв-ноя,"4,308",2024
Город Москва столица Российской Федерации город федерального значения,housing_vol,12,дек,"2,239",2024
Город Москва столица Российской Федерации город федерального значения,housing_vol,12,янв-дек,"6,548",2024
Северо-Западный федеральный округ,housing_vol,1,янв,"1,646",2024
Северо-Западный федеральный округ,housing_vol,2,фев,"0,774",2024
Северо-Западный федеральный округ,housing_vol,2,янв-фев,"2,42",2024
Северо-Западный федеральный округ,housing_vol,3,мар,"0,934",2024
Северо-Западный федеральный округ,housing_vol,3,янв-мар,"3,353",2024
Северо-Западный федеральный округ,housing_vol,4,апр,"0,609",2024
Северо-Западный федеральный округ,housing_vol,4,янв-апр,"3,963",2024
Северо-Западный федеральный округ,housing_vol,5,май,"0,668",2024
Северо-Западный федеральный округ,housing_vol,5,янв-май,"4,631",2024
Северо-Западный федеральный округ,housing_vol,6,июн,"0,816",2024
Северо-Западный федеральный округ,housing_vol,6,янв-июн,"5,447",2024
Северо-Западный федеральный округ,housing_vol,7,июл,"0,887",2024
Северо-Западный федеральный округ,housing_vol,7,янв-июл,"6,334",2024
Северо-Западный федеральный округ,housing_vol,8,авг,"0,893",2024
Северо-Западный федеральный округ,housing_vol,8,янв-авг,"7,227",2024
Северо-Западный федеральный округ,housing_vol,9,сен,"0,954",2024
Северо-Западный федеральный округ,housing_vol,9,янв-сен,"8,182",2024
Северо-Западный федеральный округ,housing_vol,10,окт,"0,556",2024
Северо-Западный федеральный округ,housing_vol,10,янв-окт,"8,738",2024
Северо-Западный федеральный округ,housing_vol,11,ноя,"0,576",2024
Северо-Западный федеральный округ,housing_vol,11,янв-ноя,"9,314",2024
Северо-Западный федеральный округ,housing_vol,12,дек,"1,131",2024
Северо-Западный федеральный округ,housing_vol,12,янв-дек,"10,446",2024
Республика Карелия,housing_vol,1,янв,"0,055",2024
Республика Карелия,housing_vol,2,фев,"0,028",2024
Республика Карелия,housing_vol,2,янв-фев,"0,082",2024
Республика Карелия,housing_vol,3,мар,"0,015",2024
Республика Карелия,housing_vol,3,янв-мар,"0,097",2024
Республика Карелия,housing_vol,4,апр,"0,016",2024
Республика Карелия,housing_vol,4,янв-апр,"0,114",2024
Республика Карелия,housing_vol,5,май,"0,034",2024
Республика Карелия,housing_vol,5,янв-май,"0,148",2024
Республика Карелия,housing_vol,6,июн,"0,016",2024
Республика Карелия,housing_vol,6,янв-июн,"0,164",2024
Республика Карелия,housing_vol,7,июл,"0,026",2024
Республика Карелия,housing_vol,7,янв-июл,"0,19",2024
Республика Карелия,housing_vol,8,авг,"0,017",2024
Республика Карелия,housing_vol,8,янв-авг,"0,208",2024
Республика Карелия,housing_vol,9,сен,"0,017",2024
Республика Карелия,housing_vol,9,янв-сен,"0,224",2024
Республика Карелия,housing_vol,10,окт,"0,012",2024
Республика Карелия,housing_vol,10,янв-окт,"0,236",2024
Республика Карелия,housing_vol,11,ноя,"0,029",2024
Республика Карелия,housing_vol,11,янв-ноя,"0,265",2024
Республика Карелия,housing_vol,12,дек,"0,069",2024
Республика Карелия,housing_vol,12,янв-дек,"0,334",2024
Республика Коми,housing_vol,1,янв,"0,017",2024
Республика Коми,housing_vol,2,фев,"0,012",2024
Республика Коми,housing_vol,2,янв-фев,"0,03",2024
Республика Коми,housing_vol,3,мар,"0,011",2024
Республика Коми,housing_vol,3,янв-мар,"0,041",2024
Республика Коми,housing_vol,4,апр,"0,034",2024
Республика Коми,housing_vol,4,янв-апр,"0,075",2024
Республика Коми,housing_vol,5,май,"0,018",2024
Республика Коми,housing_vol,5,янв-май,"0,093",2024
Республика Коми,housing_vol,6,июн,"0,017",2024
Республика Коми,housing_vol,6,янв-июн,"0,11",2024
Республика Коми,housing_vol,7,июл,"0,013",2024
Республика Коми,housing_vol,7,янв-июл,"0,123",2024
Республика Коми,housing_vol,8,авг,"0,022",2024
Республика Коми,housing_vol,8,янв-авг,"0,145",2024
Республика Коми,housing_vol,9,сен,"0,017",2024
Республика Коми,housing_vol,9,янв-сен,"0,162",2024
Республика Коми,housing_vol,10,окт,"0,017",2024
Республика Коми,housing_vol,10,янв-окт,"0,179",2024
Республика Коми,housing_vol,11,ноя,"0,023",2024
Республика Коми,housing_vol,11,янв-ноя,"0,201",2024
Республика Коми,housing_vol,12,дек,"0,025",2024
Республика Коми,housing_vol,12,янв-дек,"0,227",2024
Архангельская область,housing_vol,1,янв,"0,073",2024
Архангельская область,housing_vol,2,фев,"0,025",2024
Архангельская область,housing_vol,2,янв-фев,"0,098",2024
Архангельская область,housing_vol,3,мар,"0,052",2024
Архангельская область,housing_vol,3,янв-мар,"0,15",2024
Архангельская область,housing_vol,4,апр,"0,037",2024
Архангельская область,housing_vol,4,янв-апр,"0,187",2024
Архангельская область,housing_vol,5,май,"0,032",2024
Архангельская область,housing_vol,5,янв-май,"0,219",2024
Архангельская область,housing_vol,6,июн,"0,041",2024
Архангельская область,housing_vol,6,янв-июн,"0,26",2024
Архангельская область,housing_vol,7,июл,"0,037",2024
Архангельская область,housing_vol,7,янв-июл,"0,296",2024
Архангельская область,housing_vol,8,авг,"0,031",2024
Архангельская область,housing_vol,8,янв-авг,"0,327",2024
Архангельская область,housing_vol,9,сен,"0,012",2024
Архангельская область,housing_vol,9,янв-сен,"0,339",2024
Архангельская область,housing_vol,10,окт,"0,015",2024
Архангельская область,housing_vol,10,янв-окт,"0,354",2024
Архангельская область,housing_vol,11,ноя,"0,04",2024
Архангельская область,housing_vol,11,янв-ноя,"0,394",2024
Архангельская область,housing_vol,12,дек,"0,085",2024
Архангельская область,housing_vol,12,янв-дек,"0,479",2024
Ненецкий автономный округ (Архангельская область),housing_vol,1,янв,"0,003",2024
Ненецкий автономный округ (Архангельская область),housing_vol,2,фев,"0,002",2024
Ненецкий автономный округ (Архангельская область),housing_vol,2,янв-фев,"0,005",2024
Ненецкий автономный округ (Архангельская область),housing_vol,3,мар,"0,002",2024
Ненецкий автономный округ (Архангельская область),housing_vol,3,янв-мар,"0,007",2024
Ненецкий автономный округ (Архангельская область),housing_vol,4,апр,"0,003",2024
Ненецкий автономный округ (Архангельская область),housing_vol,4,янв-апр,"0,01",2024
Ненецкий автономный округ (Архангельская область),housing_vol,5,май,"0,004",2024
Ненецкий автономный округ (Архангельская область),housing_vol,5,янв-май,"0,014",2024
Ненецкий автономный округ (Архангельская область),housing_vol,6,июн,"0,001",2024
Ненецкий автономный округ (Архангельская область),housing_vol,6,янв-июн,"0,015",2024
Ненецкий автономный округ (Архангельская область),housing_vol,7,июл,"0,005",2024
Ненецкий автономный округ (Архангельская область),housing_vol,7,янв-июл,"0,02",2024
Ненецкий автономный округ (Архангельская область),housing_vol,8,авг,"0,002",2024
Ненецкий автономный округ (Архангельская область),housing_vol,8,янв-авг,"0,022",2024
Ненецкий автономный округ (Архангельская область),housing_vol,9,сен,"0,002",2024
Ненецкий автономный округ (Архангельская область),housing_vol,9,янв-сен,"0,024",2024
Ненецкий автономный округ (Архангельская область),housing_vol,10,окт,0,2024
Ненецкий автономный округ (Архангельская область),housing_vol,10,янв-окт,"0,025",2024
Ненецкий автономный округ (Архангельская область),housing_vol,11,ноя,"0,001",2024
Ненецкий автономный округ (Архангельская область),housing_vol,11,янв-ноя,"0,025",2024
Ненецкий автономный округ (Архангельская область),housing_vol,12,дек,0,2024
Ненецкий автономный округ (Архангельская область),housing_vol,12,янв-дек,"0,025",2024
Архангельская область (кроме Ненецкого автономного округа),housing_vol,1,янв,"0,07",2024
Архангельская область (кроме Ненецкого автономного округа),housing_vol,2,фев,"0,023",2024
Архангельская область (кроме Ненецкого автономного округа),housing_vol,2,янв-фев,"0,093",2024
Архангельская область (кроме Ненецкого автономного округа),housing_vol,3,мар,"0,049",2024
Архангельская область (кроме Ненецкого автономного округа),housing_vol,3,янв-мар,"0,143",2024
Архангельская область (кроме Ненецкого автономного округа),housing_vol,4,апр,"0,034",2024
Архангельская область (кроме Ненецкого автономного округа),housing_vol,4,янв-апр,"0,177",2024
Архангельская область (кроме Ненецкого автономного округа),housing_vol,5,май,"0,028",2024
Архангельская область (кроме Ненецкого автономного округа),housing_vol,5,янв-май,"0,205",2024
Архангельская область (кроме Ненецкого автономного округа),housing_vol,6,июн,"0,04",2024
Архангельская область (кроме Ненецкого автономного округа),housing_vol,6,янв-июн,"0,245",2024
Архангельская область (кроме Ненецкого автономного округа),housing_vol,7,июл,"0,032",2024
Архангельская область (кроме Ненецкого автономного округа),housing_vol,7,янв-июл,"0,277",2024
Архангельская область (кроме Ненецкого автономного округа),housing_vol,8,авг,"0,028",2024
Архангельская область (кроме Ненецкого автономного округа),housing_vol,8,янв-авг,"0,305",2024
Архангельская область (кроме Ненецкого автономного округа),housing_vol,9,сен,"0,009",2024
Архангельская область (кроме Ненецкого автономного округа),housing_vol,9,янв-сен,"0,314",2024
Архангельская область (кроме Ненецкого автономного округа),housing_vol,10,окт,"0,015",2024
Архангельская область (кроме Ненецкого автономного округа),housing_vol,10,янв-окт,"0,329",2024
Архангельская область (кроме Ненецкого автономного округа),housing_vol,11,ноя,"0,039",2024
Архангельская область (кроме Ненецкого автономного округа),housing_vol,11,янв-ноя,"0,369",2024
Архангельская область (кроме Ненецкого автономного округа),housing_vol,12,дек,"0,085",2024
Архангельская область (кроме Ненецкого автономного округа),housing_vol,12,янв-дек,"0,453",2024
Вологодская область,housing_vol,1,янв,"0,087",2024
Вологодская область,housing_vol,2,фев,"0,065",2024
Вологодская область,housing_vol,2,янв-фев,"0,152",2024
Вологодская область,housing_vol,3,мар,"0,069",2024
Вологодская область,housing_vol,3,янв-мар,"0,221",2024
Вологодская область,housing_vol,4,апр,"0,035",2024
Вологодская область,housing_vol,4,янв-апр,"0,256",2024
Вологодская область,housing_vol,5,май,"0,042",2024
Вологодская область,housing_vol,5,янв-май,"0,298",2024
Вологодская область,housing_vol,6,июн,"0,068",2024
Вологодская область,housing_vol,6,янв-июн,"0,366",2024
Вологодская область,housing_vol,7,июл,"0,066",2024
Вологодская область,housing_vol,7,янв-июл,"0,431",2024
Вологодская область,housing_vol,8,авг,"0,055",2024
Вологодская область,housing_vol,8,янв-авг,"0,486",2024
Вологодская область,housing_vol,9,сен,"0,062",2024
Вологодская область,housing_vol,9,янв-сен,"0,548",2024
Вологодская область,housing_vol,10,окт,"0,043",2024
Вологодская область,housing_vol,10,янв-окт,"0,591",2024
Вологодская область,housing_vol,11,ноя,"0,028",2024
Вологодская область,housing_vol,11,янв-ноя,"0,619",2024
Вологодская область,housing_vol,12,дек,"0,064",2024
Вологодская область,housing_vol,12,янв-дек,"0,683",2024
Калининградская область,housing_vol,1,янв,"0,139",2024
Калининградская область,housing_vol,2,фев,"0,091",2024
Калининградская область,housing_vol,2,янв-фев,"0,23",2024
Калининградская область,housing_vol,3,мар,"0,087",2024
Калининградская область,housing_vol,3,янв-мар,"0,317",2024
Калининградская область,housing_vol,4,апр,"0,078",2024
Калининградская область,housing_vol,4,янв-апр,"0,394",2024
Калининградская область,housing_vol,5,май,"0,076",2024
Калининградская область,housing_vol,5,янв-май,"0,471",2024
Калининградская область,housing_vol,6,июн,"0,092",2024
Калининградская область,housing_vol,6,янв-июн,"0,562",2024
Калининградская область,housing_vol,7,июл,"0,062",2024
Калининградская область,housing_vol,7,янв-июл,"0,624",2024
Калининградская область,housing_vol,8,авг,"0,081",2024
Калининградская область,housing_vol,8,янв-авг,"0,705",2024
Калининградская область,housing_vol,9,сен,"0,131",2024
Калининградская область,housing_vol,9,янв-сен,"0,836",2024
Калининградская область,housing_vol,10,окт,"0,096",2024
Калининградская область,housing_vol,10,янв-окт,"0,932",2024
Калининградская область,housing_vol,11,ноя,"0,111",2024
Калининградская область,housing_vol,11,янв-ноя,"1,043",2024
Калининградская область,housing_vol,12,дек,"0,178",2024
Калининградская область,housing_vol,12,янв-дек,"1,221",2024
Ленинградская область,housing_vol,1,янв,"0,619",2024
Ленинградская область,housing_vol,2,фев,"0,236",2024
Ленинградская область,housing_vol,2,янв-фев,"0,855",2024
Ленинградская область,housing_vol,3,мар,"0,372",2024
Ленинградская область,housing_vol,3,янв-мар,"1,227",2024
Ленинградская область,housing_vol,4,апр,"0,259",2024
Ленинградская область,housing_vol,4,янв-апр,"1,487",2024
Ленинградская область,housing_vol,5,май,"0,347",2024
Ленинградская область,housing_vol,5,янв-май,"1,833",2024
Ленинградская область,housing_vol,6,июн,"0,346",2024
Ленинградская область,housing_vol,6,янв-июн,"2,18",2024
Ленинградская область,housing_vol,7,июл,"0,405",2024
Ленинградская область,housing_vol,7,янв-июл,"2,585",2024
Ленинградская область,housing_vol,8,авг,"0,419",2024
Ленинградская область,housing_vol,8,янв-авг,"3,005",2024
Ленинградская область,housing_vol,9,сен,"0,452",2024
Ленинградская область,housing_vol,9,янв-сен,"3,456",2024
Ленинградская область,housing_vol,10,окт,"0,121",2024
Ленинградская область,housing_vol,10,янв-окт,"3,578",2024
Ленинградская область,housing_vol,11,ноя,"0,156",2024
Ленинградская область,housing_vol,11,янв-ноя,"3,734",2024
Ленинградская область,housing_vol,12,дек,"0,331",2024
Ленинградская область,housing_vol,12,янв-дек,"4,065",2024
Мурманская область,housing_vol,1,янв,"0,009",2024
Мурманская область,housing_vol,2,фев,"0,01",2024
Мурманская область,housing_vol,2,янв-фев,"0,019",2024
Мурманская область,housing_vol,3,мар,"0,011",2024
Мурманская область,housing_vol,3,янв-мар,"0,029",2024
Мурманская область,housing_vol,4,апр,"0,005",2024
Мурманская область,housing_vol,4,янв-апр,"0,034",2024
Мурманская область,housing_vol,5,май,"0,005",2024
Мурманская область,housing_vol,5,янв-май,"0,039",2024
Мурманская область,housing_vol,6,июн,"0,004",2024
Мурманская область,housing_vol,6,янв-июн,"0,043",2024
Мурманская область,housing_vol,7,июл,"0,008",2024
Мурманская область,housing_vol,7,янв-июл,"0,051",2024
Мурманская область,housing_vol,8,авг,"0,007",2024
Мурманская область,housing_vol,8,янв-авг,"0,058",2024
Мурманская область,housing_vol,9,сен,"0,005",2024
Мурманская область,housing_vol,9,янв-сен,"0,064",2024
Мурманская область,housing_vol,10,окт,0,2024
Мурманская область,housing_vol,10,янв-окт,"0,064",2024
Мурманская область,housing_vol,11,ноя,0,2024
Мурманская область,housing_vol,11,янв-ноя,"0,064",2024
Мурманская область,housing_vol,12,дек,"0,008",2024
Мурманская область,housing_vol,12,янв-дек,"0,072",2024
Новгородская область,housing_vol,1,янв,"0,046",2024
Новгородская область,housing_vol,2,фев,"0,03",2024
Новгородская область,housing_vol,2,янв-фев,"0,077",2024
Новгородская область,housing_vol,3,мар,"0,021",2024
Новгородская область,housing_vol,3,янв-мар,"0,098",2024
Новгородская область,housing_vol,4,апр,"0,021",2024
Новгородская область,housing_vol,4,янв-апр,"0,119",2024
Новгородская область,housing_vol,5,май,"0,031",2024
Новгородская область,housing_vol,5,янв-май,"0,15",2024
Новгородская область,housing_vol,6,июн,"0,021",2024
Новгородская область,housing_vol,6,янв-июн,"0,171",2024
Новгородская область,housing_vol,7,июл,"0,029",2024
Новгородская область,housing_vol,7,янв-июл,"0,2",2024
Новгородская область,housing_vol,8,авг,"0,044",2024
Новгородская область,housing_vol,8,янв-авг,"0,244",2024
Новгородская область,housing_vol,9,сен,"0,042",2024
Новгородская область,housing_vol,9,янв-сен,"0,285",2024
Новгородская область,housing_vol,10,окт,"0,012",2024
Новгородская область,housing_vol,10,янв-окт,"0,297",2024
Новгородская область,housing_vol,11,ноя,"0,014",2024
Новгородская область,housing_vol,11,янв-ноя,"0,311",2024
Новгородская область,housing_vol,12,дек,"0,027",2024
Новгородская область,housing_vol,12,янв-дек,"0,338",2024
Псковская область,housing_vol,1,янв,"0,039",2024
Псковская область,housing_vol,2,фев,"0,039",2024
Псковская область,housing_vol,2,янв-фев,"0,078",2024
Псковская область,housing_vol,3,мар,"0,025",2024
Псковская область,housing_vol,3,янв-мар,"0,103",2024
Псковская область,housing_vol,4,апр,"0,02",2024
Псковская область,housing_vol,4,янв-апр,"0,123",2024
Псковская область,housing_vol,5,май,"0,026",2024
Псковская область,housing_vol,5,янв-май,"0,149",2024
Псковская область,housing_vol,6,июн,"0,045",2024
Псковская область,housing_vol,6,янв-июн,"0,194",2024
Псковская область,housing_vol,7,июл,"0,026",2024
Псковская область,housing_vol,7,янв-июл,"0,22",2024
Псковская область,housing_vol,8,авг,"0,023",2024
Псковская область,housing_vol,8,янв-авг,"0,242",2024
Псковская область,housing_vol,9,сен,"0,036",2024
Псковская область,housing_vol,9,янв-сен,"0,279",2024
Псковская область,housing_vol,10,окт,"0,024",2024
Псковская область,housing_vol,10,янв-окт,"0,303",2024
Псковская область,housing_vol,11,ноя,"0,013",2024
Псковская область,housing_vol,11,янв-ноя,"0,316",2024
Псковская область,housing_vol,12,дек,"0,046",2024
Псковская область,housing_vol,12,янв-дек,"0,362",2024
Город Санкт-Петербург город федерального значения,housing_vol,1,янв,"0,561",2024
Город Санкт-Петербург город федерального значения,housing_vol,2,фев,"0,238",2024
Город Санкт-Петербург город федерального значения,housing_vol,2,янв-фев,"0,799",2024
Город Санкт-Петербург город федерального значения,housing_vol,3,мар,"0,272",2024
Город Санкт-Петербург город федерального значения,housing_vol,3,янв-мар,"1,07",2024
Город Санкт-Петербург город федерального значения,housing_vol,4,апр,"0,104",2024
Город Санкт-Петербург город федерального значения,housing_vol,4,янв-апр,"1,174",2024
Город Санкт-Петербург город федерального значения,housing_vol,5,май,"0,057",2024
Город Санкт-Петербург город федерального значения,housing_vol,5,янв-май,"1,231",2024
Город Санкт-Петербург город федерального значения,housing_vol,6,июн,"0,167",2024
Город Санкт-Петербург город федерального значения,housing_vol,6,янв-июн,"1,398",2024
Город Санкт-Петербург город федерального значения,housing_vol,7,июл,"0,216",2024
Город Санкт-Петербург город федерального значения,housing_vol,7,янв-июл,"1,614",2024
Город Санкт-Петербург город федерального значения,housing_vol,8,авг,"0,194",2024
Город Санкт-Петербург город федерального значения,housing_vol,8,янв-авг,"1,808",2024
Город Санкт-Петербург город федерального значения,housing_vol,9,сен,"0,181",2024
Город Санкт-Петербург город федерального значения,housing_vol,9,янв-сен,"1,989",2024
Город Санкт-Петербург город федерального значения,housing_vol,10,окт,"0,216",2024
Город Санкт-Петербург город федерального значения,housing_vol,10,янв-окт,"2,205",2024
Город Санкт-Петербург город федерального значения,housing_vol,11,ноя,"0,163",2024
Город Санкт-Петербург город федерального значения,housing_vol,11,янв-ноя,"2,367",2024
Город Санкт-Петербург город федерального значения,housing_vol,12,дек,"0,299",2024
Город Санкт-Петербург город федерального значения,housing_vol,12,янв-дек,"2,666",2024
Южный федеральный округ,housing_vol,1,янв,"1,095",2024
Южный федеральный округ,housing_vol,2,фев,"0,852",2024
Южный федеральный округ,housing_vol,2,янв-фев,"1,947",2024
Южный федеральный округ,housing_vol,3,мар,"1,1",2024
Южный федеральный округ,housing_vol,3,янв-мар,"3,047",2024
Южный федеральный округ,housing_vol,4,апр,"1,06",2024
Южный федеральный округ,housing_vol,4,янв-апр,"4,108",2024
Южный федеральный округ,housing_vol,5,май,"1,018",2024
Южный федеральный округ,housing_vol,5,янв-май,"5,126",2024
Южный федеральный округ,housing_vol,6,июн,"1,368",2024
Южный федеральный округ,housing_vol,6,янв-июн,"6,493",2024
Южный федеральный округ,housing_vol,7,июл,"1,15",2024
Южный федеральный округ,housing_vol,7,янв-июл,"7,644",2024
Южный федеральный округ,housing_vol,8,авг,"1,226",2024
Южный федеральный округ,housing_vol,8,янв-авг,"8,87",2024
Южный федеральный округ,housing_vol,9,сен,"1,592",2024
Южный федеральный округ,housing_vol,9,янв-сен,"10,462",2024
Южный федеральный округ,housing_vol,10,окт,"0,712",2024
Южный федеральный округ,housing_vol,10,янв-окт,"11,173",2024
Южный федеральный округ,housing_vol,11,ноя,"0,917",2024
Южный федеральный округ,housing_vol,11,янв-ноя,"12,091",2024
Южный федеральный округ,housing_vol,12,дек,"1,463",2024
Южный федеральный округ,housing_vol,12,янв-дек,"13,553",2024
Республика Адыгея (Адыгея),housing_vol,1,янв,"0,058",2024
Республика Адыгея (Адыгея),housing_vol,2,фев,"0,041",2024
Республика Адыгея (Адыгея),housing_vol,2,янв-фев,"0,1",2024
Республика Адыгея (Адыгея),housing_vol,3,мар,"0,076",2024
Республика Адыгея (Адыгея),housing_vol,3,янв-мар,"0,176",2024
Республика Адыгея (Адыгея),housing_vol,4,апр,"0,051",2024
Республика Адыгея (Адыгея),housing_vol,4,янв-апр,"0,227",2024
Республика Адыгея (Адыгея),housing_vol,5,май,"0,03",2024
Республика Адыгея (Адыгея),housing_vol,5,янв-май,"0,257",2024
Республика Адыгея (Адыгея),housing_vol,6,июн,"0,048",2024
Республика Адыгея (Адыгея),housing_vol,6,янв-июн,"0,305",2024
Республика Адыгея (Адыгея),housing_vol,7,июл,"0,04",2024
Республика Адыгея (Адыгея),housing_vol,7,янв-июл,"0,345",2024
Республика Адыгея (Адыгея),housing_vol,8,авг,"0,028",2024
Республика Адыгея (Адыгея),housing_vol,8,янв-авг,"0,373",2024
Республика Адыгея (Адыгея),housing_vol,9,сен,"0,028",2024
Республика Адыгея (Адыгея),housing_vol,9,янв-сен,"0,401",2024
Республика Адыгея (Адыгея),housing_vol,10,окт,"0,04",2024
Республика Адыгея (Адыгея),housing_vol,10,янв-окт,"0,441",2024
Республика Адыгея (Адыгея),housing_vol,11,ноя,"0,053",2024
Республика Адыгея (Адыгея),housing_vol,11,янв-ноя,"0,494",2024
Республика Адыгея (Адыгея),housing_vol,12,дек,"0,071",2024
Республика Адыгея (Адыгея),housing_vol,12,янв-дек,"0,566",2024
Республика Калмыкия,housing_vol,1,янв,"0,004",2024
Республика Калмыкия,housing_vol,2,фев,"0,015",2024
Республика Калмыкия,housing_vol,2,янв-фев,"0,019",2024
Республика Калмыкия,housing_vol,3,мар,"0,006",2024
Республика Калмыкия,housing_vol,3,янв-мар,"0,025",2024
Республика Калмыкия,housing_vol,4,апр,"0,004",2024
Республика Калмыкия,housing_vol,4,янв-апр,"0,029",2024
Республика Калмыкия,housing_vol,5,май,"0,007",2024
Республика Калмыкия,housing_vol,5,янв-май,"0,036",2024
Республика Калмыкия,housing_vol,6,июн,"0,014",2024
Республика Калмыкия,housing_vol,6,янв-июн,"0,05",2024
Республика Калмыкия,housing_vol,7,июл,"0,011",2024
Республика Калмыкия,housing_vol,7,янв-июл,"0,061",2024
Республика Калмыкия,housing_vol,8,авг,"0,012",2024
Республика Калмыкия,housing_vol,8,янв-авг,"0,073",2024
Республика Калмыкия,housing_vol,9,сен,"0,016",2024
Республика Калмыкия,housing_vol,9,янв-сен,"0,089",2024
Республика Калмыкия,housing_vol,10,окт,"0,01",2024
Республика Калмыкия,housing_vol,10,янв-окт,"0,098",2024
Республика Калмыкия,housing_vol,11,ноя,"0,01",2024
Республика Калмыкия,housing_vol,11,янв-ноя,"0,109",2024
Республика Калмыкия,housing_vol,12,дек,"0,022",2024
Республика Калмыкия,housing_vol,12,янв-дек,"0,131",2024
Республика Крым,housing_vol,1,янв,"0,113",2024
Республика Крым,housing_vol,2,фев,"0,119",2024
Республика Крым,housing_vol,2,янв-фев,"0,233",2024
Республика Крым,housing_vol,3,мар,"0,11",2024
Республика Крым,housing_vol,3,янв-мар,"0,343",2024
Республика Крым,housing_vol,4,апр,"0,119",2024
Республика Крым,housing_vol,4,янв-апр,"0,462",2024
Республика Крым,housing_vol,5,май,"0,136",2024
Республика Крым,housing_vol,5,янв-май,"0,597",2024
Республика Крым,housing_vol,6,июн,"0,138",2024
Республика Крым,housing_vol,6,янв-июн,"0,736",2024
Республика Крым,housing_vol,7,июл,"0,102",2024
Республика Крым,housing_vol,7,янв-июл,"0,837",2024
Республика Крым,housing_vol,8,авг,"0,095",2024
Республика Крым,housing_vol,8,янв-авг,"0,933",2024
Республика Крым,housing_vol,9,сен,"0,075",2024
Республика Крым,housing_vol,9,янв-сен,"1,007",2024
Республика Крым,housing_vol,10,окт,"0,046",2024
Республика Крым,housing_vol,10,янв-окт,"1,053",2024
Республика Крым,housing_vol,11,ноя,"0,055",2024
Республика Крым,housing_vol,11,янв-ноя,"1,108",2024
Республика Крым,housing_vol,12,дек,"0,132",2024
Республика Крым,housing_vol,12,янв-дек,"1,24",2024
Краснодарский край,housing_vol,1,янв,"0,517",2024
Краснодарский край,housing_vol,2,фев,"0,32",2024
Краснодарский край,housing_vol,2,янв-фев,"0,836",2024
Краснодарский край,housing_vol,3,мар,"0,518",2024
Краснодарский край,housing_vol,3,янв-мар,"1,354",2024
Краснодарский край,housing_vol,4,апр,"0,573",2024
Краснодарский край,housing_vol,4,янв-апр,"1,927",2024
Краснодарский край,housing_vol,5,май,"0,475",2024
Краснодарский край,housing_vol,5,янв-май,"2,401",2024
Краснодарский край,housing_vol,6,июн,"0,697",2024
Краснодарский край,housing_vol,6,янв-июн,"3,099",2024
Краснодарский край,housing_vol,7,июл,"0,64",2024
Краснодарский край,housing_vol,7,янв-июл,"3,739",2024
Краснодарский край,housing_vol,8,авг,"0,515",2024
Краснодарский край,housing_vol,8,янв-авг,"4,254",2024
Краснодарский край,housing_vol,9,сен,"0,876",2024
Краснодарский край,housing_vol,9,янв-сен,"5,131",2024
Краснодарский край,housing_vol,10,окт,"0,359",2024
Краснодарский край,housing_vol,10,янв-окт,"5,49",2024
Краснодарский край,housing_vol,11,ноя,"0,41",2024
Краснодарский край,housing_vol,11,янв-ноя,"5,9",2024
Краснодарский край,housing_vol,12,дек,"0,782",2024
Краснодарский край,housing_vol,12,янв-дек,"6,682",2024
Астраханская область,housing_vol,1,янв,"0,067",2024
Астраханская область,housing_vol,2,фев,"0,038",2024
Астраханская область,housing_vol,2,янв-фев,"0,105",2024
Астраханская область,housing_vol,3,мар,"0,04",2024
Астраханская область,housing_vol,3,янв-мар,"0,145",2024
Астраханская область,housing_vol,4,апр,"0,038",2024
Астраханская область,housing_vol,4,янв-апр,"0,183",2024
Астраханская область,housing_vol,5,май,"0,044",2024
Астраханская область,housing_vol,5,янв-май,"0,227",2024
Астраханская область,housing_vol,6,июн,"0,091",2024
Астраханская область,housing_vol,6,янв-июн,"0,318",2024
Астраханская область,housing_vol,7,июл,"0,056",2024
Астраханская область,housing_vol,7,янв-июл,"0,374",2024
Астраханская область,housing_vol,8,авг,"0,052",2024
Астраханская область,housing_vol,8,янв-авг,"0,426",2024
Астраханская область,housing_vol,9,сен,"0,065",2024
Астраханская область,housing_vol,9,янв-сен,"0,49",2024
Астраханская область,housing_vol,10,окт,"0,014",2024
Астраханская область,housing_vol,10,янв-окт,"0,504",2024
Астраханская область,housing_vol,11,ноя,"0,075",2024
Астраханская область,housing_vol,11,янв-ноя,"0,579",2024
Астраханская область,housing_vol,12,дек,"0,022",2024
Астраханская область,housing_vol,12,янв-дек,"0,601",2024
Волгоградская область,housing_vol,1,янв,"0,075",2024
Волгоградская область,housing_vol,2,фев,"0,068",2024
Волгоградская область,housing_vol,2,янв-фев,"0,144",2024
Волгоградская область,housing_vol,3,мар,"0,109",2024
Волгоградская область,housing_vol,3,янв-мар,"0,253",2024
Волгоградская область,housing_vol,4,апр,"0,086",2024
Волгоградская область,housing_vol,4,янв-апр,"0,34",2024
Волгоградская область,housing_vol,5,май,"0,118",2024
Волгоградская область,housing_vol,5,янв-май,"0,458",2024
Волгоградская область,housing_vol,6,июн,"0,09",2024
Волгоградская область,housing_vol,6,янв-июн,"0,547",2024
Волгоградская область,housing_vol,7,июл,"0,097",2024
Волгоградская область,housing_vol,7,янв-июл,"0,645",2024
Волгоградская область,housing_vol,8,авг,"0,086",2024
Волгоградская область,housing_vol,8,янв-авг,"0,73",2024
Волгоградская область,housing_vol,9,сен,"0,169",2024
Волгоградская область,housing_vol,9,янв-сен,"0,899",2024
Волгоградская область,housing_vol,10,окт,"0,008",2024
Волгоградская область,housing_vol,10,янв-окт,"0,907",2024
Волгоградская область,housing_vol,11,ноя,"0,058",2024
Волгоградская область,housing_vol,11,янв-ноя,"0,966",2024
Волгоградская область,housing_vol,12,дек,"0,07",2024
Волгоградская область,housing_vol,12,янв-дек,"1,036",2024
Ростовская область,housing_vol,1,янв,"0,244",2024
Ростовская область,housing_vol,2,фев,"0,234",2024
Ростовская область,housing_vol,2,янв-фев,"0,478",2024
Ростовская область,housing_vol,3,мар,"0,222",2024
Ростовская область,housing_vol,3,янв-мар,"0,7",2024
Ростовская область,housing_vol,4,апр,"0,167",2024
Ростовская область,housing_vol,4,янв-апр,"0,867",2024
Ростовская область,housing_vol,5,май,"0,191",2024
Ростовская область,housing_vol,5,янв-май,"1,058",2024
Ростовская область,housing_vol,6,июн,"0,249",2024
Ростовская область,housing_vol,6,янв-июн,"1,307",2024
Ростовская область,housing_vol,7,июл,"0,174",2024
Ростовская область,housing_vol,7,янв-июл,"1,481",2024
Ростовская область,housing_vol,8,авг,"0,388",2024
Ростовская область,housing_vol,8,янв-авг,"1,869",2024
Ростовская область,housing_vol,9,сен,"0,341",2024
Ростовская область,housing_vol,9,янв-сен,"2,21",2024
Ростовская область,housing_vol,10,окт,"0,2",2024
Ростовская область,housing_vol,10,янв-окт,"2,41",2024
Ростовская область,housing_vol,11,ноя,"0,206",2024
Ростовская область,housing_vol,11,янв-ноя,"2,616",2024
Ростовская область,housing_vol,12,дек,"0,334",2024
Ростовская область,housing_vol,12,янв-дек,"2,951",2024
Город федерального значения Севастополь,housing_vol,1,янв,"0,016",2024
Город федерального значения Севастополь,housing_vol,2,фев,"0,017",2024
Город федерального значения Севастополь,housing_vol,2,янв-фев,"0,033",2024
Город федерального значения Севастополь,housing_vol,3,мар,"0,018",2024
Город федерального значения Севастополь,housing_vol,3,янв-мар,"0,051",2024
Город федерального значения Севастополь,housing_vol,4,апр,"0,022",2024
Город федерального значения Севастополь,housing_vol,4,янв-апр,"0,073",2024
Город федерального значения Севастополь,housing_vol,5,май,"0,018",2024
Город федерального значения Севастополь,housing_vol,5,янв-май,"0,091",2024
Город федерального значения Севастополь,housing_vol,6,июн,"0,04",2024
Город федерального значения Севастополь,housing_vol,6,янв-июн,"0,131",2024
Город федерального значения Севастополь,housing_vol,7,июл,"0,029",2024
Город федерального значения Севастополь,housing_vol,7,янв-июл,"0,161",2024
Город федерального значения Севастополь,housing_vol,8,авг,"0,05",2024
Город федерального значения Севастополь,housing_vol,8,янв-авг,"0,211",2024
Город федерального значения Севастополь,housing_vol,9,сен,"0,023",2024
Город федерального значения Севастополь,housing_vol,9,янв-сен,"0,234",2024
Город федерального значения Севастополь,housing_vol,10,окт,"0,036",2024
Город федерального значения Севастополь,housing_vol,10,янв-окт,"0,27",2024
Город федерального значения Севастополь,housing_vol,11,ноя,"0,049",2024
Город федерального значения Севастополь,housing_vol,11,янв-ноя,"0,319",2024
Город федерального значения Севастополь,housing_vol,12,дек,"0,027",2024
Город федерального значения Севастополь,housing_vol,12,янв-дек,"0,346",2024
Северо-Кавказский федеральный округ,housing_vol,1,янв,"1,081",2024
Северо-Кавказский федеральный округ,housing_vol,2,фев,"0,884",2024
Северо-Кавказский федеральный округ,housing_vol,2,янв-фев,"1,965",2024
Северо-Кавказский федеральный округ,housing_vol,3,мар,"0,894",2024
Северо-Кавказский федеральный округ,housing_vol,3,янв-мар,"2,859",2024
Северо-Кавказский федеральный округ,housing_vol,4,апр,"0,679",2024
Северо-Кавказский федеральный округ,housing_vol,4,янв-апр,"3,538",2024
Северо-Кавказский федеральный округ,housing_vol,5,май,"0,75",2024
Северо-Кавказский федеральный округ,housing_vol,5,янв-май,"4,288",2024
Северо-Кавказский федеральный округ,housing_vol,6,июн,"0,995",2024
Северо-Кавказский федеральный округ,housing_vol,6,янв-июн,"5,283",2024
Северо-Кавказский федеральный округ,housing_vol,7,июл,"0,651",2024
Северо-Кавказский федеральный округ,housing_vol,7,янв-июл,"5,934",2024
Северо-Кавказский федеральный округ,housing_vol,8,авг,"0,843",2024
Северо-Кавказский федеральный округ,housing_vol,8,янв-авг,"6,777",2024
Северо-Кавказский федеральный округ,housing_vol,9,сен,"0,633",2024
Северо-Кавказский федеральный округ,housing_vol,9,янв-сен,"7,41",2024
Северо-Кавказский федеральный округ,housing_vol,10,окт,"0,544",2024
Северо-Кавказский федеральный округ,housing_vol,10,янв-окт,"7,954",2024
Северо-Кавказский федеральный округ,housing_vol,11,ноя,"0,529",2024
Северо-Кавказский федеральный округ,housing_vol,11,янв-ноя,"8,484",2024
Северо-Кавказский федеральный округ,housing_vol,12,дек,"0,579",2024
Северо-Кавказский федеральный округ,housing_vol,12,янв-дек,"9,063",2024
Республика Дагестан,housing_vol,1,янв,"0,384",2024
Республика Дагестан,housing_vol,2,фев,"0,347",2024
Республика Дагестан,housing_vol,2,янв-фев,"0,731",2024
Республика Дагестан,housing_vol,3,мар,"0,379",2024
Республика Дагестан,housing_vol,3,янв-мар,"1,111",2024
Республика Дагестан,housing_vol,4,апр,"0,275",2024
Республика Дагестан,housing_vol,4,янв-апр,"1,386",2024
Республика Дагестан,housing_vol,5,май,"0,285",2024
Республика Дагестан,housing_vol,5,янв-май,"1,671",2024
Республика Дагестан,housing_vol,6,июн,"0,422",2024
Республика Дагестан,housing_vol,6,янв-июн,"2,093",2024
Республика Дагестан,housing_vol,7,июл,"0,167",2024
Республика Дагестан,housing_vol,7,янв-июл,"2,26",2024
Республика Дагестан,housing_vol,8,авг,"0,311",2024
Республика Дагестан,housing_vol,8,янв-авг,"2,571",2024
Республика Дагестан,housing_vol,9,сен,"0,138",2024
Республика Дагестан,housing_vol,9,янв-сен,"2,71",2024
Республика Дагестан,housing_vol,10,окт,"0,118",2024
Республика Дагестан,housing_vol,10,янв-окт,"2,827",2024
Республика Дагестан,housing_vol,11,ноя,"0,049",2024
Республика Дагестан,housing_vol,11,янв-ноя,"2,877",2024
Республика Дагестан,housing_vol,12,дек,"0,024",2024
Республика Дагестан,housing_vol,12,янв-дек,"2,901",2024
Республика Ингушетия,housing_vol,1,янв,"0,012",2024
Республика Ингушетия,housing_vol,2,фев,"0,011",2024
Республика Ингушетия,housing_vol,2,янв-фев,"0,023",2024
Республика Ингушетия,housing_vol,3,мар,"0,018",2024
Республика Ингушетия,housing_vol,3,янв-мар,"0,041",2024
Республика Ингушетия,housing_vol,4,апр,"0,01",2024
Республика Ингушетия,housing_vol,4,янв-апр,"0,051",2024
Республика Ингушетия,housing_vol,5,май,"0,031",2024
Республика Ингушетия,housing_vol,5,янв-май,"0,082",2024
Республика Ингушетия,housing_vol,6,июн,"0,013",2024
Республика Ингушетия,housing_vol,6,янв-июн,"0,095",2024
Республика Ингушетия,housing_vol,7,июл,"0,032",2024
Республика Ингушетия,housing_vol,7,янв-июл,"0,127",2024
Республика Ингушетия,housing_vol,8,авг,"0,008",2024
Республика Ингушетия,housing_vol,8,янв-авг,"0,135",2024
Республика Ингушетия,housing_vol,9,сен,"0,009",2024
Республика Ингушетия,housing_vol,9,янв-сен,"0,144",2024
Республика Ингушетия,housing_vol,10,окт,"0,001",2024
Республика Ингушетия,housing_vol,10,янв-окт,"0,145",2024
Республика Ингушетия,housing_vol,11,ноя,"0,001",2024
Республика Ингушетия,housing_vol,11,янв-ноя,"0,147",2024
Республика Ингушетия,housing_vol,12,дек,"0,025",2024
Республика Ингушетия,housing_vol,12,янв-дек,"0,172",2024
Кабардино-Балкарская Республика,housing_vol,1,янв,"0,05",2024
Кабардино-Балкарская Республика,housing_vol,2,фев,"0,041",2024
Кабардино-Балкарская Республика,housing_vol,2,янв-фев,"0,091",2024
Кабардино-Балкарская Республика,housing_vol,3,мар,"0,054",2024
Кабардино-Балкарская Республика,housing_vol,3,янв-мар,"0,145",2024
Кабардино-Балкарская Республика,housing_vol,4,апр,"0,042",2024
Кабардино-Балкарская Республика,housing_vol,4,янв-апр,"0,186",2024
Кабардино-Балкарская Республика,housing_vol,5,май,"0,048",2024
Кабардино-Балкарская Республика,housing_vol,5,янв-май,"0,234",2024
Кабардино-Балкарская Республика,housing_vol,6,июн,"0,051",2024
Кабардино-Балкарская Республика,housing_vol,6,янв-июн,"0,285",2024
Кабардино-Балкарская Республика,housing_vol,7,июл,"0,065",2024
Кабардино-Балкарская Республика,housing_vol,7,янв-июл,"0,35",2024
Кабардино-Балкарская Республика,housing_vol,8,авг,"0,054",2024
Кабардино-Балкарская Республика,housing_vol,8,янв-авг,"0,403",2024
Кабардино-Балкарская Республика,housing_vol,9,сен,"0,051",2024
Кабардино-Балкарская Республика,housing_vol,9,янв-сен,"0,454",2024
Кабардино-Балкарская Республика,housing_vol,10,окт,"0,029",2024
Кабардино-Балкарская Республика,housing_vol,10,янв-окт,"0,483",2024
Кабардино-Балкарская Республика,housing_vol,11,ноя,"0,023",2024
Кабардино-Балкарская Республика,housing_vol,11,янв-ноя,"0,506",2024
Кабардино-Балкарская Республика,housing_vol,12,дек,"0,105",2024
Кабардино-Балкарская Республика,housing_vol,12,янв-дек,"0,611",2024
Карачаево-Черкесская Республика,housing_vol,1,янв,"0,043",2024
Карачаево-Черкесская Республика,housing_vol,2,фев,"0,025",2024
Карачаево-Черкесская Республика,housing_vol,2,янв-фев,"0,068",2024
Карачаево-Черкесская Республика,housing_vol,3,мар,"0,036",2024
Карачаево-Черкесская Республика,housing_vol,3,янв-мар,"0,104",2024
Карачаево-Черкесская Республика,housing_vol,4,апр,"0,035",2024
Карачаево-Черкесская Республика,housing_vol,4,янв-апр,"0,139",2024
Карачаево-Черкесская Республика,housing_vol,5,май,"0,023",2024
Карачаево-Черкесская Республика,housing_vol,5,янв-май,"0,162",2024
Карачаево-Черкесская Республика,housing_vol,6,июн,"0,03",2024
Карачаево-Черкесская Республика,housing_vol,6,янв-июн,"0,192",2024
Карачаево-Черкесская Республика,housing_vol,7,июл,"0,032",2024
Карачаево-Черкесская Республика,housing_vol,7,янв-июл,"0,223",2024
Карачаево-Черкесская Республика,housing_vol,8,авг,"0,032",2024
Карачаево-Черкесская Республика,housing_vol,8,янв-авг,"0,255",2024
Карачаево-Черкесская Республика,housing_vol,9,сен,"0,031",2024
Карачаево-Черкесская Республика,housing_vol,9,янв-сен,"0,286",2024
Карачаево-Черкесская Республика,housing_vol,10,окт,"0,007",2024
Карачаево-Черкесская Республика,housing_vol,10,янв-окт,"0,293",2024
Карачаево-Черкесская Республика,housing_vol,11,ноя,"0,011",2024
Карачаево-Черкесская Республика,housing_vol,11,янв-ноя,"0,304",2024
Карачаево-Черкесская Республика,housing_vol,12,дек,"0,069",2024
Карачаево-Черкесская Республика,housing_vol,12,янв-дек,"0,373",2024
Республика Северная Осетия-Алания,housing_vol,1,янв,"0,07",2024
Республика Северная Осетия-Алания,housing_vol,2,фев,"0,074",2024
Республика Северная Осетия-Алания,housing_vol,2,янв-фев,"0,145",2024
Республика Северная Осетия-Алания,housing_vol,3,мар,"0,082",2024
Республика Северная Осетия-Алания,housing_vol,3,янв-мар,"0,227",2024
Республика Северная Осетия-Алания,housing_vol,4,апр,"0,046",2024
Республика Северная Осетия-Алания,housing_vol,4,янв-апр,"0,273",2024
Республика Северная Осетия-Алания,housing_vol,5,май,"0,038",2024
Республика Северная Осетия-Алания,housing_vol,5,янв-май,"0,311",2024
Республика Северная Осетия-Алания,housing_vol,6,июн,"0,038",2024
Республика Северная Осетия-Алания,housing_vol,6,янв-июн,"0,349",2024
Республика Северная Осетия-Алания,housing_vol,7,июл,"0,031",2024
Республика Северная Осетия-Алания,housing_vol,7,янв-июл,"0,38",2024
Республика Северная Осетия-Алания,housing_vol,8,авг,"0,036",2024
Республика Северная Осетия-Алания,housing_vol,8,янв-авг,"0,416",2024
Республика Северная Осетия-Алания,housing_vol,9,сен,"0,034",2024
Республика Северная Осетия-Алания,housing_vol,9,янв-сен,"0,45",2024
Республика Северная Осетия-Алания,housing_vol,10,окт,"0,017",2024
Республика Северная Осетия-Алания,housing_vol,10,янв-окт,"0,468",2024
Республика Северная Осетия-Алания,housing_vol,11,ноя,"0,017",2024
Республика Северная Осетия-Алания,housing_vol,11,янв-ноя,"0,485",2024
Республика Северная Осетия-Алания,housing_vol,12,дек,"0,026",2024
Республика Северная Осетия-Алания,housing_vol,12,янв-дек,"0,511",2024
Чеченская Республика,housing_vol,1,янв,"0,308",2024
Чеченская Республика,housing_vol,2,фев,"0,144",2024
Чеченская Республика,housing_vol,2,янв-фев,"0,453",2024
Чеченская Республика,housing_vol,3,мар,"0,168",2024
Чеченская Республика,housing_vol,3,янв-мар,"0,621",2024
Чеченская Республика,housing_vol,4,апр,"0,13",2024
Чеченская Республика,housing_vol,4,янв-апр,"0,751",2024
Чеченская Республика,housing_vol,5,май,"0,196",2024
Чеченская Республика,housing_vol,5,янв-май,"0,947",2024
Чеченская Республика,housing_vol,6,июн,"0,241",2024
Чеченская Республика,housing_vol,6,янв-июн,"1,188",2024
Чеченская Республика,housing_vol,7,июл,"0,131",2024
Чеченская Республика,housing_vol,7,янв-июл,"1,32",2024
Чеченская Республика,housing_vol,8,авг,"0,207",2024
Чеченская Республика,housing_vol,8,янв-авг,"1,526",2024
Чеченская Республика,housing_vol,9,сен,"0,136",2024
Чеченская Республика,housing_vol,9,янв-сен,"1,662",2024
Чеченская Республика,housing_vol,10,окт,"0,281",2024
Чеченская Республика,housing_vol,10,янв-окт,"1,943",2024
Чеченская Республика,housing_vol,11,ноя,"0,378",2024
Чеченская Республика,housing_vol,11,янв-ноя,"2,321",2024
Чеченская Республика,housing_vol,12,дек,"0,284",2024
Чеченская Республика,housing_vol,12,янв-дек,"2,605",2024
Ставропольский край,housing_vol,1,янв,"0,212",2024
Ставропольский край,housing_vol,2,фев,"0,242",2024
Ставропольский край,housing_vol,2,янв-фев,"0,454",2024
Ставропольский край,housing_vol,3,мар,"0,157",2024
Ставропольский край,housing_vol,3,янв-мар,"0,611",2024
Ставропольский край,housing_vol,4,апр,"0,142",2024
Ставропольский край,housing_vol,4,янв-апр,"0,753",2024
Ставропольский край,housing_vol,5,май,"0,13",2024
Ставропольский край,housing_vol,5,янв-май,"0,882",2024
Ставропольский край,housing_vol,6,июн,"0,2",2024
Ставропольский край,housing_vol,6,янв-июн,"1,082",2024
Ставропольский край,housing_vol,7,июл,"0,192",2024
Ставропольский край,housing_vol,7,янв-июл,"1,274",2024
Ставропольский край,housing_vol,8,авг,"0,195",2024
Ставропольский край,housing_vol,8,янв-авг,"1,469",2024
Ставропольский край,housing_vol,9,сен,"0,235",2024
Ставропольский край,housing_vol,9,янв-сен,"1,704",2024
Ставропольский край,housing_vol,10,окт,"0,091",2024
Ставропольский край,housing_vol,10,янв-окт,"1,795",2024
Ставропольский край,housing_vol,11,ноя,"0,05",2024
Ставропольский край,housing_vol,11,янв-ноя,"1,846",2024
Ставропольский край,housing_vol,12,дек,"0,045",2024
Ставропольский край,housing_vol,12,янв-дек,"1,89",2024
Приволжский федеральный округ,housing_vol,1,янв,"2,602",2024
Приволжский федеральный округ,housing_vol,2,фев,"1,767",2024
Приволжский федеральный округ,housing_vol,2,янв-фев,"4,37",2024
Приволжский федеральный округ,housing_vol,3,мар,"1,568",2024
Приволжский федеральный округ,housing_vol,3,янв-мар,"5,938",2024
Приволжский федеральный округ,housing_vol,4,апр,"1,348",2024
Приволжский федеральный округ,housing_vol,4,янв-апр,"7,286",2024
Приволжский федеральный округ,housing_vol,5,май,"1,415",2024
Приволжский федеральный округ,housing_vol,5,янв-май,"8,701",2024
Приволжский федеральный округ,housing_vol,6,июн,"1,618",2024
Приволжский федеральный округ,housing_vol,6,янв-июн,"10,319",2024
Приволжский федеральный округ,housing_vol,7,июл,"1,445",2024
Приволжский федеральный округ,housing_vol,7,янв-июл,"11,764",2024
Приволжский федеральный округ,housing_vol,8,авг,"1,606",2024
Приволжский федеральный округ,housing_vol,8,янв-авг,"13,37",2024
Приволжский федеральный округ,housing_vol,9,сен,"1,603",2024
Приволжский федеральный округ,housing_vol,9,янв-сен,"14,973",2024
Приволжский федеральный округ,housing_vol,10,окт,"1,489",2024
Приволжский федеральный округ,housing_vol,10,янв-окт,"16,462",2024
Приволжский федеральный округ,housing_vol,11,ноя,"1,32",2024
Приволжский федеральный округ,housing_vol,11,янв-ноя,"17,782",2024
Приволжский федеральный округ,housing_vol,12,дек,"2,474",2024
Приволжский федеральный округ,housing_vol,12,янв-дек,"20,256",2024
Республика Башкортостан,housing_vol,1,янв,"0,407",2024
Республика Башкортостан,housing_vol,2,фев,"0,151",2024
Республика Башкортостан,housing_vol,2,янв-фев,"0,557",2024
Республика Башкортостан,housing_vol,3,мар,"0,193",2024
Республика Башкортостан,housing_vol,3,янв-мар,"0,75",2024
Республика Башкортостан,housing_vol,4,апр,"0,162",2024
Республика Башкортостан,housing_vol,4,янв-апр,"0,912",2024
Республика Башкортостан,housing_vol,5,май,"0,225",2024
Республика Башкортостан,housing_vol,5,янв-май,"1,137",2024
Республика Башкортостан,housing_vol,6,июн,"0,244",2024
Республика Башкортостан,housing_vol,6,янв-июн,"1,381",2024
Республика Башкортостан,housing_vol,7,июл,"0,241",2024
Республика Башкортостан,housing_vol,7,янв-июл,"1,622",2024
Республика Башкортостан,housing_vol,8,авг,"0,295",2024
Республика Башкортостан,housing_vol,8,янв-авг,"1,917",2024
Республика Башкортостан,housing_vol,9,сен,"0,339",2024
Республика Башкортостан,housing_vol,9,янв-сен,"2,256",2024
Республика Башкортостан,housing_vol,10,окт,"0,275",2024
Республика Башкортостан,housing_vol,10,янв-окт,"2,531",2024
Республика Башкортостан,housing_vol,11,ноя,"0,282",2024
Республика Башкортостан,housing_vol,11,янв-ноя,"2,813",2024
Республика Башкортостан,housing_vol,12,дек,"0,535",2024
Республика Башкортостан,housing_vol,12,янв-дек,"3,348",2024
Республика Марий Эл,housing_vol,1,янв,"0,054",2024
Республика Марий Эл,housing_vol,2,фев,"0,036",2024
Республика Марий Эл,housing_vol,2,янв-фев,"0,09",2024
Республика Марий Эл,housing_vol,3,мар,"0,049",2024
Республика Марий Эл,housing_vol,3,янв-мар,"0,138",2024
Республика Марий Эл,housing_vol,4,апр,"0,022",2024
Республика Марий Эл,housing_vol,4,янв-апр,"0,16",2024
Республика Марий Эл,housing_vol,5,май,"0,023",2024
Республика Марий Эл,housing_vol,5,янв-май,"0,183",2024
Республика Марий Эл,housing_vol,6,июн,"0,048",2024
Республика Марий Эл,housing_vol,6,янв-июн,"0,231",2024
Республика Марий Эл,housing_vol,7,июл,"0,044",2024
Республика Марий Эл,housing_vol,7,янв-июл,"0,275",2024
Республика Марий Эл,housing_vol,8,авг,"0,04",2024
Республика Марий Эл,housing_vol,8,янв-авг,"0,315",2024
Республика Марий Эл,housing_vol,9,сен,"0,041",2024
Республика Марий Эл,housing_vol,9,янв-сен,"0,356",2024
Республика Марий Эл,housing_vol,10,окт,"0,027",2024
Республика Марий Эл,housing_vol,10,янв-окт,"0,383",2024
Республика Марий Эл,housing_vol,11,ноя,"0,026",2024
Республика Марий Эл,housing_vol,11,янв-ноя,"0,41",2024
Республика Марий Эл,housing_vol,12,дек,"0,075",2024
Республика Марий Эл,housing_vol,12,янв-дек,"0,484",2024
Республика Мордовия,housing_vol,1,янв,"0,04",2024
Республика Мордовия,housing_vol,2,фев,"0,025",2024
Республика Мордовия,housing_vol,2,янв-фев,"0,065",2024
Республика Мордовия,housing_vol,3,мар,"0,026",2024
Республика Мордовия,housing_vol,3,янв-мар,"0,091",2024
Республика Мордовия,housing_vol,4,апр,"0,014",2024
Республика Мордовия,housing_vol,4,янв-апр,"0,105",2024
Республика Мордовия,housing_vol,5,май,"0,016",2024
Республика Мордовия,housing_vol,5,янв-май,"0,121",2024
Республика Мордовия,housing_vol,6,июн,"0,033",2024
Республика Мордовия,housing_vol,6,янв-июн,"0,154",2024
Республика Мордовия,housing_vol,7,июл,"0,017",2024
Республика Мордовия,housing_vol,7,янв-июл,"0,171",2024
Республика Мордовия,housing_vol,8,авг,"0,024",2024
Республика Мордовия,housing_vol,8,янв-авг,"0,194",2024
Республика Мордовия,housing_vol,9,сен,"0,032",2024
Республика Мордовия,housing_vol,9,янв-сен,"0,226",2024
Республика Мордовия,housing_vol,10,окт,"0,025",2024
Республика Мордовия,housing_vol,10,янв-окт,"0,251",2024
Республика Мордовия,housing_vol,11,ноя,"0,04",2024
Республика Мордовия,housing_vol,11,янв-ноя,"0,292",2024
Республика Мордовия,housing_vol,12,дек,"0,076",2024
Республика Мордовия,housing_vol,12,янв-дек,"0,368",2024
Республика Татарстан (Татарстан),housing_vol,1,янв,"0,668",2024
Республика Татарстан (Татарстан),housing_vol,2,фев,"0,558",2024
Республика Татарстан (Татарстан),housing_vol,2,янв-фев,"1,225",2024
Республика Татарстан (Татарстан),housing_vol,3,мар,"0,231",2024
Республика Татарстан (Татарстан),housing_vol,3,янв-мар,"1,457",2024
Республика Татарстан (Татарстан),housing_vol,4,апр,"0,431",2024
Республика Татарстан (Татарстан),housing_vol,4,янв-апр,"1,888",2024
Республика Татарстан (Татарстан),housing_vol,5,май,"0,3",2024
Республика Татарстан (Татарстан),housing_vol,5,янв-май,"2,188",2024
Республика Татарстан (Татарстан),housing_vol,6,июн,"0,232",2024
Республика Татарстан (Татарстан),housing_vol,6,янв-июн,"2,42",2024
Республика Татарстан (Татарстан),housing_vol,7,июл,"0,167",2024
Республика Татарстан (Татарстан),housing_vol,7,янв-июл,"2,587",2024
Республика Татарстан (Татарстан),housing_vol,8,авг,"0,209",2024
Республика Татарстан (Татарстан),housing_vol,8,янв-авг,"2,797",2024
Республика Татарстан (Татарстан),housing_vol,9,сен,"0,113",2024
Республика Татарстан (Татарстан),housing_vol,9,янв-сен,"2,91",2024
Республика Татарстан (Татарстан),housing_vol,10,окт,"0,147",2024
Республика Татарстан (Татарстан),housing_vol,10,янв-окт,"3,057",2024
Республика Татарстан (Татарстан),housing_vol,11,ноя,"0,143",2024
Республика Татарстан (Татарстан),housing_vol,11,янв-ноя,"3,2",2024
Республика Татарстан (Татарстан),housing_vol,12,дек,"0,252",2024
Республика Татарстан (Татарстан),housing_vol,12,янв-дек,"3,453",2024
Удмуртская Республика,housing_vol,1,янв,"0,303",2024
Удмуртская Республика,housing_vol,2,фев,"0,069",2024
Удмуртская Республика,housing_vol,2,янв-фев,"0,372",2024
Удмуртская Республика,housing_vol,3,мар,"0,147",2024
Удмуртская Республика,housing_vol,3,янв-мар,"0,519",2024
Удмуртская Республика,housing_vol,4,апр,"0,068",2024
Удмуртская Республика,housing_vol,4,янв-апр,"0,587",2024
Удмуртская Республика,housing_vol,5,май,"0,069",2024
Удмуртская Республика,housing_vol,5,янв-май,"0,656",2024
Удмуртская Республика,housing_vol,6,июн,"0,078",2024
Удмуртская Республика,housing_vol,6,янв-июн,"0,734",2024
Удмуртская Республика,housing_vol,7,июл,"0,13",2024
Удмуртская Республика,housing_vol,7,янв-июл,"0,864",2024
Удмуртская Республика,housing_vol,8,авг,"0,133",2024
Удмуртская Республика,housing_vol,8,янв-авг,"0,996",2024
Удмуртская Республика,housing_vol,9,сен,"0,148",2024
Удмуртская Республика,housing_vol,9,янв-сен,"1,144",2024
Удмуртская Республика,housing_vol,10,окт,"0,083",2024
Удмуртская Республика,housing_vol,10,янв-окт,"1,227",2024
Удмуртская Республика,housing_vol,11,ноя,"0,101",2024
Удмуртская Республика,housing_vol,11,янв-ноя,"1,328",2024
Удмуртская Республика,housing_vol,12,дек,"0,073",2024
Удмуртская Республика,housing_vol,12,янв-дек,"1,401",2024
Чувашская Республика - Чувашия,housing_vol,1,янв,"0,158",2024
Чувашская Республика - Чувашия,housing_vol,2,фев,"0,099",2024
Чувашская Республика - Чувашия,housing_vol,2,янв-фев,"0,257",2024
Чувашская Республика - Чувашия,housing_vol,3,мар,"0,05",2024
Чувашская Республика - Чувашия,housing_vol,3,янв-мар,"0,307",2024
Чувашская Республика - Чувашия,housing_vol,4,апр,"0,032",2024
Чувашская Республика - Чувашия,housing_vol,4,янв-апр,"0,339",2024
Чувашская Республика - Чувашия,housing_vol,5,май,"0,027",2024
Чувашская Республика - Чувашия,housing_vol,5,янв-май,"0,366",2024
Чувашская Республика - Чувашия,housing_vol,6,июн,"0,047",2024
Чувашская Республика - Чувашия,housing_vol,6,янв-июн,"0,412",2024
Чувашская Республика - Чувашия,housing_vol,7,июл,"0,038",2024
Чувашская Республика - Чувашия,housing_vol,7,янв-июл,"0,45",2024
Чувашская Республика - Чувашия,housing_vol,8,авг,"0,073",2024
Чувашская Республика - Чувашия,housing_vol,8,янв-авг,"0,523",2024
Чувашская Республика - Чувашия,housing_vol,9,сен,"0,065",2024
Чувашская Республика - Чувашия,housing_vol,9,янв-сен,"0,588",2024
Чувашская Республика - Чувашия,housing_vol,10,окт,"0,059",2024
Чувашская Республика - Чувашия,housing_vol,10,янв-окт,"0,646",2024
Чувашская Республика - Чувашия,housing_vol,11,ноя,"0,067",2024
Чувашская Республика - Чувашия,housing_vol,11,янв-ноя,"0,713",2024
Чувашская Республика - Чувашия,housing_vol,12,дек,"0,073",2024
Чувашская Республика - Чувашия,housing_vol,12,янв-дек,"0,786",2024
Пермский край,housing_vol,1,янв,"0,166",2024
Пермский край,housing_vol,2,фев,"0,083",2024
Пермский край,housing_vol,2,янв-фев,"0,249",2024
Пермский край,housing_vol,3,мар,"0,187",2024
Пермский край,housing_vol,3,янв-мар,"0,435",2024
Пермский край,housing_vol,4,апр,"0,108",2024
Пермский край,housing_vol,4,янв-апр,"0,544",2024
Пермский край,housing_vol,5,май,"0,099",2024
Пермский край,housing_vol,5,янв-май,"0,643",2024
Пермский край,housing_vol,6,июн,"0,129",2024
Пермский край,housing_vol,6,янв-июн,"0,772",2024
Пермский край,housing_vol,7,июл,"0,174",2024
Пермский край,housing_vol,7,янв-июл,"0,946",2024
Пермский край,housing_vol,8,авг,"0,119",2024
Пермский край,housing_vol,8,янв-авг,"1,064",2024
Пермский край,housing_vol,9,сен,"0,167",2024
Пермский край,housing_vol,9,янв-сен,"1,231",2024
Пермский край,housing_vol,10,окт,"0,15",2024
Пермский край,housing_vol,10,янв-окт,"1,381",2024
Пермский край,housing_vol,11,ноя,"0,165",2024
Пермский край,housing_vol,11,янв-ноя,"1,546",2024
Пермский край,housing_vol,12,дек,"0,207",2024
Пермский край,housing_vol,12,янв-дек,"1,754",2024
Кировская область,housing_vol,1,янв,"0,055",2024
Кировская область,housing_vol,2,фев,"0,027",2024
Кировская область,housing_vol,2,янв-фев,"0,082",2024
Кировская область,housing_vol,3,мар,"0,057",2024
Кировская область,housing_vol,3,янв-мар,"0,139",2024
Кировская область,housing_vol,4,апр,"0,035",2024
Кировская область,housing_vol,4,янв-апр,"0,174",2024
Кировская область,housing_vol,5,май,"0,044",2024
Кировская область,housing_vol,5,янв-май,"0,218",2024
Кировская область,housing_vol,6,июн,"0,043",2024
Кировская область,housing_vol,6,янв-июн,"0,261",2024
Кировская область,housing_vol,7,июл,"0,045",2024
Кировская область,housing_vol,7,янв-июл,"0,306",2024
Кировская область,housing_vol,8,авг,"0,037",2024
Кировская область,housing_vol,8,янв-авг,"0,344",2024
Кировская область,housing_vol,9,сен,"0,04",2024
Кировская область,housing_vol,9,янв-сен,"0,383",2024
Кировская область,housing_vol,10,окт,"0,062",2024
Кировская область,housing_vol,10,янв-окт,"0,445",2024
Кировская область,housing_vol,11,ноя,"0,059",2024
Кировская область,housing_vol,11,янв-ноя,"0,504",2024
Кировская область,housing_vol,12,дек,"0,099",2024
Кировская область,housing_vol,12,янв-дек,"0,604",2024
Нижегородская область,housing_vol,1,янв,"0,197",2024
Нижегородская область,housing_vol,2,фев,"0,311",2024
Нижегородская область,housing_vol,2,янв-фев,"0,508",2024
Нижегородская область,housing_vol,3,мар,"0,173",2024
Нижегородская область,housing_vol,3,янв-мар,"0,681",2024
Нижегородская область,housing_vol,4,апр,"0,129",2024
Нижегородская область,housing_vol,4,янв-апр,"0,81",2024
Нижегородская область,housing_vol,5,май,"0,221",2024
Нижегородская область,housing_vol,5,янв-май,"1,031",2024
Нижегородская область,housing_vol,6,июн,"0,196",2024
Нижегородская область,housing_vol,6,янв-июн,"1,226",2024
Нижегородская область,housing_vol,7,июл,"0,162",2024
Нижегородская область,housing_vol,7,янв-июл,"1,388",2024
Нижегородская область,housing_vol,8,авг,"0,185",2024
Нижегородская область,housing_vol,8,янв-авг,"1,573",2024
Нижегородская область,housing_vol,9,сен,"0,134",2024
Нижегородская область,housing_vol,9,янв-сен,"1,707",2024
Нижегородская область,housing_vol,10,окт,"0,075",2024
Нижегородская область,housing_vol,10,янв-окт,"1,782",2024
Нижегородская область,housing_vol,11,ноя,"0,043",2024
Нижегородская область,housing_vol,11,янв-ноя,"1,825",2024
Нижегородская область,housing_vol,12,дек,"0,185",2024
Нижегородская область,housing_vol,12,янв-дек,"2,01",2024
Оренбургская область,housing_vol,1,янв,"0,111",2024
Оренбургская область,housing_vol,2,фев,"0,093",2024
Оренбургская область,housing_vol,2,янв-фев,"0,204",2024
Оренбургская область,housing_vol,3,мар,"0,12",2024
Оренбургская область,housing_vol,3,янв-мар,"0,323",2024
Оренбургская область,housing_vol,4,апр,"0,056",2024
Оренбургская область,housing_vol,4,янв-апр,"0,379",2024
Оренбургская область,housing_vol,5,май,"0,112",2024
Оренбургская область,housing_vol,5,янв-май,"0,491",2024
Оренбургская область,housing_vol,6,июн,"0,149",2024
Оренбургская область,housing_vol,6,янв-июн,"0,64",2024
Оренбургская область,housing_vol,7,июл,"0,118",2024
Оренбургская область,housing_vol,7,янв-июл,"0,758",2024
Оренбургская область,housing_vol,8,авг,"0,138",2024
Оренбургская область,housing_vol,8,янв-авг,"0,896",2024
Оренбургская область,housing_vol,9,сен,"0,119",2024
Оренбургская область,housing_vol,9,янв-сен,"1,015",2024
Оренбургская область,housing_vol,10,окт,"0,066",2024
Оренбургская область,housing_vol,10,янв-окт,"1,081",2024
Оренбургская область,housing_vol,11,ноя,"0,051",2024
Оренбургская область,housing_vol,11,янв-ноя,"1,132",2024
Оренбургская область,housing_vol,12,дек,"0,058",2024
Оренбургская область,housing_vol,12,янв-дек,"1,189",2024
Пензенская область,housing_vol,1,янв,"0,081",2024
Пензенская область,housing_vol,2,фев,"0,048",2024
Пензенская область,housing_vol,2,янв-фев,"0,129",2024
Пензенская область,housing_vol,3,мар,"0,075",2024
Пензенская область,housing_vol,3,янв-мар,"0,204",2024
Пензенская область,housing_vol,4,апр,"0,101",2024
Пензенская область,housing_vol,4,янв-апр,"0,305",2024
Пензенская область,housing_vol,5,май,"0,054",2024
Пензенская область,housing_vol,5,янв-май,"0,359",2024
Пензенская область,housing_vol,6,июн,"0,123",2024
Пензенская область,housing_vol,6,янв-июн,"0,482",2024
Пензенская область,housing_vol,7,июл,"0,062",2024
Пензенская область,housing_vol,7,янв-июл,"0,544",2024
Пензенская область,housing_vol,8,авг,"0,082",2024
Пензенская область,housing_vol,8,янв-авг,"0,627",2024
Пензенская область,housing_vol,9,сен,"0,071",2024
Пензенская область,housing_vol,9,янв-сен,"0,697",2024
Пензенская область,housing_vol,10,окт,"0,112",2024
Пензенская область,housing_vol,10,янв-окт,"0,81",2024
Пензенская область,housing_vol,11,ноя,"0,059",2024
Пензенская область,housing_vol,11,янв-ноя,"0,869",2024
Пензенская область,housing_vol,12,дек,"0,186",2024
Пензенская область,housing_vol,12,янв-дек,"1,055",2024
Самарская область,housing_vol,1,янв,"0,241",2024
Самарская область,housing_vol,2,фев,"0,172",2024
Самарская область,housing_vol,2,янв-фев,"0,413",2024
Самарская область,housing_vol,3,мар,"0,174",2024
Самарская область,housing_vol,3,янв-мар,"0,587",2024
Самарская область,housing_vol,4,апр,"0,11",2024
Самарская область,housing_vol,4,янв-апр,"0,697",2024
Самарская область,housing_vol,5,май,"0,12",2024
Самарская область,housing_vol,5,янв-май,"0,817",2024
Самарская область,housing_vol,6,июн,"0,149",2024
Самарская область,housing_vol,6,янв-июн,"0,966",2024
Самарская область,housing_vol,7,июл,"0,131",2024
Самарская область,housing_vol,7,янв-июл,"1,097",2024
Самарская область,housing_vol,8,авг,"0,128",2024
Самарская область,housing_vol,8,янв-авг,"1,226",2024
Самарская область,housing_vol,9,сен,"0,188",2024
Самарская область,housing_vol,9,янв-сен,"1,414",2024
Самарская область,housing_vol,10,окт,"0,24",2024
Самарская область,housing_vol,10,янв-окт,"1,654",2024
Самарская область,housing_vol,11,ноя,"0,135",2024
Самарская область,housing_vol,11,янв-ноя,"1,789",2024
Самарская область,housing_vol,12,дек,"0,224",2024
Самарская область,housing_vol,12,янв-дек,"2,013",2024
Саратовская область,housing_vol,1,янв,"0,075",2024
Саратовская область,housing_vol,2,фев,"0,056",2024
Саратовская область,housing_vol,2,янв-фев,"0,131",2024
Саратовская область,housing_vol,3,мар,"0,053",2024
Саратовская область,housing_vol,3,янв-мар,"0,184",2024
Саратовская область,housing_vol,4,апр,"0,043",2024
Саратовская область,housing_vol,4,янв-апр,"0,227",2024
Саратовская область,housing_vol,5,май,"0,068",2024
Саратовская область,housing_vol,5,янв-май,"0,294",2024
Саратовская область,housing_vol,6,июн,"0,062",2024
Саратовская область,housing_vol,6,янв-июн,"0,356",2024
Саратовская область,housing_vol,7,июл,"0,07",2024
Саратовская область,housing_vol,7,янв-июл,"0,426",2024
Саратовская область,housing_vol,8,авг,"0,086",2024
Саратовская область,housing_vol,8,янв-авг,"0,512",2024
Саратовская область,housing_vol,9,сен,"0,09",2024
Саратовская область,housing_vol,9,янв-сен,"0,602",2024
Саратовская область,housing_vol,10,окт,"0,099",2024
Саратовская область,housing_vol,10,янв-окт,"0,701",2024
Саратовская область,housing_vol,11,ноя,"0,089",2024
Саратовская область,housing_vol,11,янв-ноя,"0,79",2024
Саратовская область,housing_vol,12,дек,"0,266",2024
Саратовская область,housing_vol,12,янв-дек,"1,056",2024
Ульяновская область,housing_vol,1,янв,"0,048",2024
Ульяновская область,housing_vol,2,фев,"0,04",2024
Ульяновская область,housing_vol,2,янв-фев,"0,089",2024
Ульяновская область,housing_vol,3,мар,"0,033",2024
Ульяновская область,housing_vol,3,янв-мар,"0,122",2024
Ульяновская область,housing_vol,4,апр,"0,038",2024
Ульяновская область,housing_vol,4,янв-апр,"0,16",2024
Ульяновская область,housing_vol,5,май,"0,037",2024
Ульяновская область,housing_vol,5,янв-май,"0,197",2024
Ульяновская область,housing_vol,6,июн,"0,086",2024
Ульяновская область,housing_vol,6,янв-июн,"0,282",2024
Ульяновская область,housing_vol,7,июл,"0,046",2024
Ульяновская область,housing_vol,7,янв-июл,"0,328",2024
Ульяновская область,housing_vol,8,авг,"0,058",2024
Ульяновская область,housing_vol,8,янв-авг,"0,386",2024
Ульяновская область,housing_vol,9,сен,"0,058",2024
Ульяновская область,housing_vol,9,янв-сен,"0,444",2024
Ульяновская область,housing_vol,10,окт,"0,068",2024
Ульяновская область,housing_vol,10,янв-окт,"0,512",2024
Ульяновская область,housing_vol,11,ноя,"0,058",2024
Ульяновская область,housing_vol,11,янв-ноя,"0,57",2024
Ульяновская область,housing_vol,12,дек,"0,165",2024
Ульяновская область,housing_vol,12,янв-дек,"0,735",2024
Уральский федеральный округ,housing_vol,1,янв,"1,352",2024
Уральский федеральный округ,housing_vol,2,фев,"0,763",2024
Уральский федеральный округ,housing_vol,2,янв-фев,"2,114",2024
Уральский федеральный округ,housing_vol,3,мар,"0,874",2024
Уральский федеральный округ,housing_vol,3,янв-мар,"2,988",2024
Уральский федеральный округ,housing_vol,4,апр,"0,527",2024
Уральский федеральный округ,housing_vol,4,янв-апр,"3,515",2024
Уральский федеральный округ,housing_vol,5,май,"0,53",2024
Уральский федеральный округ,housing_vol,5,янв-май,"4,046",2024
Уральский федеральный округ,housing_vol,6,июн,"0,783",2024
Уральский федеральный округ,housing_vol,6,янв-июн,"4,828",2024
Уральский федеральный округ,housing_vol,7,июл,"0,645",2024
Уральский федеральный округ,housing_vol,7,янв-июл,"5,473",2024
Уральский федеральный округ,housing_vol,8,авг,"0,76",2024
Уральский федеральный округ,housing_vol,8,янв-авг,"6,233",2024
Уральский федеральный округ,housing_vol,9,сен,"0,795",2024
Уральский федеральный округ,housing_vol,9,янв-сен,"7,028",2024
Уральский федеральный округ,housing_vol,10,окт,"0,441",2024
Уральский федеральный округ,housing_vol,10,янв-окт,"7,469",2024
Уральский федеральный округ,housing_vol,11,ноя,"0,671",2024
Уральский федеральный округ,housing_vol,11,янв-ноя,"8,14",2024
Уральский федеральный округ,housing_vol,12,дек,"1,478",2024
Уральский федеральный округ,housing_vol,12,янв-дек,"9,618",2024
Курганская область,housing_vol,1,янв,"0,028",2024
Курганская область,housing_vol,2,фев,"0,038",2024
Курганская область,housing_vol,2,янв-фев,"0,067",2024
Курганская область,housing_vol,3,мар,"0,046",2024
Курганская область,housing_vol,3,янв-мар,"0,113",2024
Курганская область,housing_vol,4,апр,"0,017",2024
Курганская область,housing_vol,4,янв-апр,"0,13",2024
Курганская область,housing_vol,5,май,"0,024",2024
Курганская область,housing_vol,5,янв-май,"0,154",2024
Курганская область,housing_vol,6,июн,"0,04",2024
Курганская область,housing_vol,6,янв-июн,"0,194",2024
Курганская область,housing_vol,7,июл,"0,041",2024
Курганская область,housing_vol,7,янв-июл,"0,235",2024
Курганская область,housing_vol,8,авг,"0,026",2024
Курганская область,housing_vol,8,янв-авг,"0,261",2024
Курганская область,housing_vol,9,сен,"0,032",2024
Курганская область,housing_vol,9,янв-сен,"0,293",2024
Курганская область,housing_vol,10,окт,"0,003",2024
Курганская область,housing_vol,10,янв-окт,"0,297",2024
Курганская область,housing_vol,11,ноя,"0,02",2024
Курганская область,housing_vol,11,янв-ноя,"0,316",2024
Курганская область,housing_vol,12,дек,"0,056",2024
Курганская область,housing_vol,12,янв-дек,"0,373",2024
Свердловская область,housing_vol,1,янв,"0,473",2024
Свердловская область,housing_vol,2,фев,"0,316",2024
Свердловская область,housing_vol,2,янв-фев,"0,788",2024
Свердловская область,housing_vol,3,мар,"0,3",2024
Свердловская область,housing_vol,3,янв-мар,"1,088",2024
Свердловская область,housing_vol,4,апр,"0,253",2024
Свердловская область,housing_vol,4,янв-апр,"1,341",2024
Свердловская область,housing_vol,5,май,"0,161",2024
Свердловская область,housing_vol,5,янв-май,"1,502",2024
Свердловская область,housing_vol,6,июн,"0,212",2024
Свердловская область,housing_vol,6,янв-июн,"1,714",2024
Свердловская область,housing_vol,7,июл,"0,256",2024
Свердловская область,housing_vol,7,янв-июл,"1,97",2024
Свердловская область,housing_vol,8,авг,"0,231",2024
Свердловская область,housing_vol,8,янв-авг,"2,201",2024
Свердловская область,housing_vol,9,сен,"0,221",2024
Свердловская область,housing_vol,9,янв-сен,"2,422",2024
Свердловская область,housing_vol,10,окт,"0,179",2024
Свердловская область,housing_vol,10,янв-окт,"2,601",2024
Свердловская область,housing_vol,11,ноя,"0,243",2024
Свердловская область,housing_vol,11,янв-ноя,"2,844",2024
Свердловская область,housing_vol,12,дек,"0,505",2024
Свердловская область,housing_vol,12,янв-дек,"3,349",2024
Тюменская область,housing_vol,1,янв,"0,559",2024
Тюменская область,housing_vol,2,фев,"0,263",2024
Тюменская область,housing_vol,2,янв-фев,"0,822",2024
Тюменская область,housing_vol,3,мар,"0,387",2024
Тюменская область,housing_vol,3,янв-мар,"1,209",2024
Тюменская область,housing_vol,4,апр,"0,128",2024
Тюменская область,housing_vol,4,янв-апр,"1,338",2024
Тюменская область,housing_vol,5,май,"0,225",2024
Тюменская область,housing_vol,5,янв-май,"1,562",2024
Тюменская область,housing_vol,6,июн,"0,326",2024
Тюменская область,housing_vol,6,янв-июн,"1,888",2024
Тюменская область,housing_vol,7,июл,"0,2",2024
Тюменская область,housing_vol,7,янв-июл,"2,088",2024
Тюменская область,housing_vol,8,авг,"0,317",2024
Тюменская область,housing_vol,8,янв-авг,"2,405",2024
Тюменская область,housing_vol,9,сен,"0,316",2024
Тюменская область,housing_vol,9,янв-сен,"2,721",2024
Тюменская область,housing_vol,10,окт,"0,168",2024
Тюменская область,housing_vol,10,янв-окт,"2,89",2024
Тюменская область,housing_vol,11,ноя,"0,327",2024
Тюменская область,housing_vol,11,янв-ноя,"3,217",2024
Тюменская область,housing_vol,12,дек,"0,694",2024
Тюменская область,housing_vol,12,янв-дек,"3,911",2024
Ханты-Мансийский автономный округ - Югра (Тюменская область),housing_vol,1,янв,"0,098",2024
Ханты-Мансийский автономный округ - Югра (Тюменская область),housing_vol,2,фев,"0,039",2024
Ханты-Мансийский автономный округ - Югра (Тюменская область),housing_vol,2,янв-фев,"0,137",2024
Ханты-Мансийский автономный округ - Югра (Тюменская область),housing_vol,3,мар,"0,075",2024
Ханты-Мансийский автономный округ - Югра (Тюменская область),housing_vol,3,янв-мар,"0,212",2024
Ханты-Мансийский автономный округ - Югра (Тюменская область),housing_vol,4,апр,"0,02",2024
Ханты-Мансийский автономный округ - Югра (Тюменская область),housing_vol,4,янв-апр,"0,232",2024
Ханты-Мансийский автономный округ - Югра (Тюменская область),housing_vol,5,май,"0,041",2024
Ханты-Мансийский автономный округ - Югра (Тюменская область),housing_vol,5,янв-май,"0,273",2024
Ханты-Мансийский автономный округ - Югра (Тюменская область),housing_vol,6,июн,"0,072",2024
Ханты-Мансийский автономный округ - Югра (Тюменская область),housing_vol,6,янв-июн,"0,345",2024
Ханты-Мансийский автономный округ - Югра (Тюменская область),housing_vol,7,июл,"0,036",2024
Ханты-Мансийский автономный округ - Югра (Тюменская область),housing_vol,7,янв-июл,"0,381",2024
Ханты-Мансийский автономный округ - Югра (Тюменская область),housing_vol,8,авг,"0,093",2024
Ханты-Мансийский автономный округ - Югра (Тюменская область),housing_vol,8,янв-авг,"0,474",2024
Ханты-Мансийский автономный округ - Югра (Тюменская область),housing_vol,9,сен,"0,063",2024
Ханты-Мансийский автономный округ - Югра (Тюменская область),housing_vol,9,янв-сен,"0,537",2024
Ханты-Мансийский автономный округ - Югра (Тюменская область),housing_vol,10,окт,"0,046",2024
Ханты-Мансийский автономный округ - Югра (Тюменская область),housing_vol,10,янв-окт,"0,584",2024
Ханты-Мансийский автономный округ - Югра (Тюменская область),housing_vol,11,ноя,"0,101",2024
Ханты-Мансийский автономный округ - Югра (Тюменская область),housing_vol,11,янв-ноя,"0,685",2024
Ханты-Мансийский автономный округ - Югра (Тюменская область),housing_vol,12,дек,"0,291",2024
Ханты-Мансийский автономный округ - Югра (Тюменская область),housing_vol,12,янв-дек,"0,976",2024
Ямало-Ненецкий автономный округ (Тюменская область),housing_vol,1,янв,"0,051",2024
Ямало-Ненецкий автономный округ (Тюменская область),housing_vol,2,фев,"0,046",2024
Ямало-Ненецкий автономный округ (Тюменская область),housing_vol,2,янв-фев,"0,097",2024
Ямало-Ненецкий автономный округ (Тюменская область),housing_vol,3,мар,"0,027",2024
Ямало-Ненецкий автономный округ (Тюменская область),housing_vol,3,янв-мар,"0,124",2024
Ямало-Ненецкий автономный округ (Тюменская область),housing_vol,4,апр,"0,024",2024
Ямало-Ненецкий автономный округ (Тюменская область),housing_vol,4,янв-апр,"0,148",2024
Ямало-Ненецкий автономный округ (Тюменская область),housing_vol,5,май,"0,012",2024
Ямало-Ненецкий автономный округ (Тюменская область),housing_vol,5,янв-май,"0,16",2024
Ямало-Ненецкий автономный округ (Тюменская область),housing_vol,6,июн,"0,021",2024
Ямало-Ненецкий автономный округ (Тюменская область),housing_vol,6,янв-июн,"0,181",2024
Ямало-Ненецкий автономный округ (Тюменская область),housing_vol,7,июл,"0,01",2024
Ямало-Ненецкий автономный округ (Тюменская область),housing_vol,7,янв-июл,"0,191",2024
Ямало-Ненецкий автономный округ (Тюменская область),housing_vol,8,авг,"0,033",2024
Ямало-Ненецкий автономный округ (Тюменская область),housing_vol,8,янв-авг,"0,223",2024
Ямало-Ненецкий автономный округ (Тюменская область),housing_vol,9,сен,"0,029",2024
Ямало-Ненецкий автономный округ (Тюменская область),housing_vol,9,янв-сен,"0,252",2024
Ямало-Ненецкий автономный округ (Тюменская область),housing_vol,10,окт,"0,003",2024
Ямало-Ненецкий автономный округ (Тюменская область),housing_vol,10,янв-окт,"0,255",2024
Ямало-Ненецкий автономный округ (Тюменская область),housing_vol,11,ноя,"0,012",2024
Ямало-Ненецкий автономный округ (Тюменская область),housing_vol,11,янв-ноя,"0,267",2024
Ямало-Ненецкий автономный округ (Тюменская область),housing_vol,12,дек,"0,065",2024
Ямало-Ненецкий автономный округ (Тюменская область),housing_vol,12,янв-дек,"0,332",2024
Тюменская область (кроме Ханты-Мансийского автономного округа-Югры и Ямало-Ненецкого автономного округа),housing_vol,1,янв,"0,41",2024
Тюменская область (кроме Ханты-Мансийского автономного округа-Югры и Ямало-Ненецкого автономного округа),housing_vol,2,фев,"0,178",2024
Тюменская область (кроме Ханты-Мансийского автономного округа-Югры и Ямало-Ненецкого автономного округа),housing_vol,2,янв-фев,"0,588",2024
Тюменская область (кроме Ханты-Мансийского автономного округа-Югры и Ямало-Ненецкого автономного округа),housing_vol,3,мар,"0,284",2024
Тюменская область (кроме Ханты-Мансийского автономного округа-Югры и Ямало-Ненецкого автономного округа),housing_vol,3,янв-мар,"0,873",2024
Тюменская область (кроме Ханты-Мансийского автономного округа-Югры и Ямало-Ненецкого автономного округа),housing_vol,4,апр,"0,085",2024
Тюменская область (кроме Ханты-Мансийского автономного округа-Югры и Ямало-Ненецкого автономного округа),housing_vol,4,янв-апр,"0,957",2024
Тюменская область (кроме Ханты-Мансийского автономного округа-Югры и Ямало-Ненецкого автономного округа),housing_vol,5,май,"0,173",2024
Тюменская область (кроме Ханты-Мансийского автономного округа-Югры и Ямало-Ненецкого автономного округа),housing_vol,5,янв-май,"1,13",2024
Тюменская область (кроме Ханты-Мансийского автономного округа-Югры и Ямало-Ненецкого автономного округа),housing_vol,6,июн,"0,233",2024
Тюменская область (кроме Ханты-Мансийского автономного округа-Югры и Ямало-Ненецкого автономного округа),housing_vol,6,янв-июн,"1,363",2024
Тюменская область (кроме Ханты-Мансийского автономного округа-Югры и Ямало-Ненецкого автономного округа),housing_vol,7,июл,"0,154",2024
Тюменская область (кроме Ханты-Мансийского автономного округа-Югры и Ямало-Ненецкого автономного округа),housing_vol,7,янв-июл,"1,516",2024
Тюменская область (кроме Ханты-Мансийского автономного округа-Югры и Ямало-Ненецкого автономного округа),housing_vol,8,авг,"0,191",2024
Тюменская область (кроме Ханты-Мансийского автономного округа-Югры и Ямало-Ненецкого автономного округа),housing_vol,8,янв-авг,"1,707",2024
Тюменская область (кроме Ханты-Мансийского автономного округа-Югры и Ямало-Ненецкого автономного округа),housing_vol,9,сен,"0,224",2024
Тюменская область (кроме Ханты-Мансийского автономного округа-Югры и Ямало-Ненецкого автономного округа),housing_vol,9,янв-сен,"1,932",2024
Тюменская область (кроме Ханты-Мансийского автономного округа-Югры и Ямало-Ненецкого автономного округа),housing_vol,10,окт,"0,119",2024
Тюменская область (кроме Ханты-Мансийского автономного округа-Югры и Ямало-Ненецкого автономного округа),housing_vol,10,янв-окт,"2,051",2024
Тюменская область (кроме Ханты-Мансийского автономного округа-Югры и Ямало-Ненецкого автономного округа),housing_vol,11,ноя,"0,215",2024
Тюменская область (кроме Ханты-Мансийского автономного округа-Югры и Ямало-Ненецкого автономного округа),housing_vol,11,янв-ноя,"2,266",2024
Тюменская область (кроме Ханты-Мансийского автономного округа-Югры и Ямало-Ненецкого автономного округа),housing_vol,12,дек,"0,338",2024
Тюменская область (кроме Ханты-Мансийского автономного округа-Югры и Ямало-Ненецкого автономного округа),housing_vol,12,янв-дек,"2,603",2024
Челябинская область,housing_vol,1,янв,"0,291",2024
Челябинская область,housing_vol,2,фев,"0,146",2024
Челябинская область,housing_vol,2,янв-фев,"0,437",2024
Челябинская область,housing_vol,3,мар,"0,141",2024
Челябинская область,housing_vol,3,янв-мар,"0,578",2024
Челябинская область,housing_vol,4,апр,"0,128",2024
Челябинская область,housing_vol,4,янв-апр,"0,706",2024
Челябинская область,housing_vol,5,май,"0,121",2024
Челябинская область,housing_vol,5,янв-май,"0,827",2024
Челябинская область,housing_vol,6,июн,"0,205",2024
Челябинская область,housing_vol,6,янв-июн,"1,032",2024
Челябинская область,housing_vol,7,июл,"0,148",2024
Челябинская область,housing_vol,7,янв-июл,"1,18",2024
Челябинская область,housing_vol,8,авг,"0,186",2024
Челябинская область,housing_vol,8,янв-авг,"1,366",2024
Челябинская область,housing_vol,9,сен,"0,225",2024
Челябинская область,housing_vol,9,янв-сен,"1,592",2024
Челябинская область,housing_vol,10,окт,"0,09",2024
Челябинская область,housing_vol,10,янв-окт,"1,682",2024
Челябинская область,housing_vol,11,ноя,"0,081",2024
Челябинская область,housing_vol,11,янв-ноя,"1,763",2024
Челябинская область,housing_vol,12,дек,"0,222",2024
Челябинская область,housing_vol,12,янв-дек,"1,985",2024
Сибирский федеральный округ,housing_vol,1,янв,"1,115",2024
Сибирский федеральный округ,housing_vol,2,фев,"0,967",2024
Сибирский федеральный округ,housing_vol,2,янв-фев,"2,082",2024
Сибирский федеральный округ,housing_vol,3,мар,"0,814",2024
Сибирский федеральный округ,housing_vol,3,янв-мар,"2,896",2024
Сибирский федеральный округ,housing_vol,4,апр,"0,645",2024
Сибирский федеральный округ,housing_vol,4,янв-апр,"3,541",2024
Сибирский федеральный округ,housing_vol,5,май,"0,565",2024
Сибирский федеральный округ,housing_vol,5,янв-май,"4,107",2024
Сибирский федеральный округ,housing_vol,6,июн,"0,842",2024
Сибирский федеральный округ,housing_vol,6,янв-июн,"4,949",2024
Сибирский федеральный округ,housing_vol,7,июл,"0,795",2024
Сибирский федеральный округ,housing_vol,7,янв-июл,"5,744",2024
Сибирский федеральный округ,housing_vol,8,авг,"0,844",2024
Сибирский федеральный округ,housing_vol,8,янв-авг,"6,588",2024
Сибирский федеральный округ,housing_vol,9,сен,"0,91",2024
Сибирский федеральный округ,housing_vol,9,янв-сен,"7,498",2024
Сибирский федеральный округ,housing_vol,10,окт,"0,628",2024
Сибирский федеральный округ,housing_vol,10,янв-окт,"8,127",2024
Сибирский федеральный округ,housing_vol,11,ноя,"0,534",2024
Сибирский федеральный округ,housing_vol,11,янв-ноя,"8,653",2024
Сибирский федеральный округ,housing_vol,12,дек,"1,226",2024
Сибирский федеральный округ,housing_vol,12,янв-дек,"9,879",2024
Республика Алтай,housing_vol,1,янв,"0,024",2024
Республика Алтай,housing_vol,2,фев,"0,046",2024
Республика Алтай,housing_vol,2,янв-фев,"0,07",2024
Республика Алтай,housing_vol,3,мар,"0,016",2024
Республика Алтай,housing_vol,3,янв-мар,"0,087",2024
Республика Алтай,housing_vol,4,апр,"0,019",2024
Республика Алтай,housing_vol,4,янв-апр,"0,105",2024
Республика Алтай,housing_vol,5,май,"0,014",2024
Республика Алтай,housing_vol,5,янв-май,"0,119",2024
Республика Алтай,housing_vol,6,июн,"0,019",2024
Республика Алтай,housing_vol,6,янв-июн,"0,138",2024
Республика Алтай,housing_vol,7,июл,"0,022",2024
Республика Алтай,housing_vol,7,янв-июл,"0,16",2024
Республика Алтай,housing_vol,8,авг,"0,029",2024
Республика Алтай,housing_vol,8,янв-авг,"0,189",2024
Республика Алтай,housing_vol,9,сен,"0,02",2024
Республика Алтай,housing_vol,9,янв-сен,"0,21",2024
Республика Алтай,housing_vol,10,окт,"0,005",2024
Республика Алтай,housing_vol,10,янв-окт,"0,214",2024
Республика Алтай,housing_vol,11,ноя,"0,004",2024
Республика Алтай,housing_vol,11,янв-ноя,"0,218",2024
Республика Алтай,housing_vol,12,дек,"0,005",2024
Республика Алтай,housing_vol,12,янв-дек,"0,224",2024
Республика Тыва,housing_vol,1,янв,"0,017",2024
Республика Тыва,housing_vol,2,фев,"0,042",2024
Республика Тыва,housing_vol,2,янв-фев,"0,059",2024
Республика Тыва,housing_vol,3,мар,"0,022",2024
Республика Тыва,housing_vol,3,янв-мар,"0,08",2024
Республика Тыва,housing_vol,4,апр,"0,032",2024
Республика Тыва,housing_vol,4,янв-апр,"0,112",2024
Республика Тыва,housing_vol,5,май,"0,019",2024
Республика Тыва,housing_vol,5,янв-май,"0,131",2024
Республика Тыва,housing_vol,6,июн,"0,026",2024
Республика Тыва,housing_vol,6,янв-июн,"0,157",2024
Республика Тыва,housing_vol,7,июл,"0,038",2024
Республика Тыва,housing_vol,7,янв-июл,"0,195",2024
Республика Тыва,housing_vol,8,авг,"0,048",2024
Республика Тыва,housing_vol,8,янв-авг,"0,243",2024
Республика Тыва,housing_vol,9,сен,"0,072",2024
Республика Тыва,housing_vol,9,янв-сен,"0,315",2024
Республика Тыва,housing_vol,10,окт,"0,007",2024
Республика Тыва,housing_vol,10,янв-окт,"0,322",2024
Республика Тыва,housing_vol,11,ноя,"0,006",2024
Республика Тыва,housing_vol,11,янв-ноя,"0,328",2024
Республика Тыва,housing_vol,12,дек,"0,013",2024
Республика Тыва,housing_vol,12,янв-дек,"0,341",2024
Республика Хакасия,housing_vol,1,янв,"0,082",2024
Республика Хакасия,housing_vol,2,фев,"0,02",2024
Республика Хакасия,housing_vol,2,янв-фев,"0,101",2024
Республика Хакасия,housing_vol,3,мар,"0,034",2024
Республика Хакасия,housing_vol,3,янв-мар,"0,135",2024
Республика Хакасия,housing_vol,4,апр,"0,034",2024
Республика Хакасия,housing_vol,4,янв-апр,"0,169",2024
Республика Хакасия,housing_vol,5,май,"0,026",2024
Республика Хакасия,housing_vol,5,янв-май,"0,195",2024
Республика Хакасия,housing_vol,6,июн,"0,028",2024
Республика Хакасия,housing_vol,6,янв-июн,"0,223",2024
Республика Хакасия,housing_vol,7,июл,"0,029",2024
Республика Хакасия,housing_vol,7,янв-июл,"0,252",2024
Республика Хакасия,housing_vol,8,авг,"0,031",2024
Республика Хакасия,housing_vol,8,янв-авг,"0,283",2024
Республика Хакасия,housing_vol,9,сен,"0,044",2024
Республика Хакасия,housing_vol,9,янв-сен,"0,327",2024
Республика Хакасия,housing_vol,10,окт,"0,013",2024
Республика Хакасия,housing_vol,10,янв-окт,"0,34",2024
Республика Хакасия,housing_vol,11,ноя,"0,002",2024
Республика Хакасия,housing_vol,11,янв-ноя,"0,342",2024
Республика Хакасия,housing_vol,12,дек,"0,023",2024
Республика Хакасия,housing_vol,12,янв-дек,"0,365",2024
Алтайский край,housing_vol,1,янв,"0,115",2024
Алтайский край,housing_vol,2,фев,"0,104",2024
Алтайский край,housing_vol,2,янв-фев,"0,219",2024
Алтайский край,housing_vol,3,мар,"0,103",2024
Алтайский край,housing_vol,3,янв-мар,"0,323",2024
Алтайский край,housing_vol,4,апр,"0,07",2024
Алтайский край,housing_vol,4,янв-апр,"0,392",2024
Алтайский край,housing_vol,5,май,"0,068",2024
Алтайский край,housing_vol,5,янв-май,"0,46",2024
Алтайский край,housing_vol,6,июн,"0,1",2024
Алтайский край,housing_vol,6,янв-июн,"0,56",2024
Алтайский край,housing_vol,7,июл,"0,065",2024
Алтайский край,housing_vol,7,янв-июл,"0,625",2024
Алтайский край,housing_vol,8,авг,"0,059",2024
Алтайский край,housing_vol,8,янв-авг,"0,684",2024
Алтайский край,housing_vol,9,сен,"0,084",2024
Алтайский край,housing_vol,9,янв-сен,"0,768",2024
Алтайский край,housing_vol,10,окт,"0,013",2024
Алтайский край,housing_vol,10,янв-окт,"0,781",2024
Алтайский край,housing_vol,11,ноя,"0,023",2024
Алтайский край,housing_vol,11,янв-ноя,"0,804",2024
Алтайский край,housing_vol,12,дек,"0,072",2024
Алтайский край,housing_vol,12,янв-дек,"0,875",2024
Красноярский край,housing_vol,1,янв,"0,137",2024
Красноярский край,housing_vol,2,фев,"0,11",2024
Красноярский край,housing_vol,2,янв-фев,"0,246",2024
Красноярский край,housing_vol,3,мар,"0,09",2024
Красноярский край,housing_vol,3,янв-мар,"0,336",2024
Красноярский край,housing_vol,4,апр,"0,066",2024
Красноярский край,housing_vol,4,янв-апр,"0,403",2024
Красноярский край,housing_vol,5,май,"0,07",2024
Красноярский край,housing_vol,5,янв-май,"0,473",2024
Красноярский край,housing_vol,6,июн,"0,171",2024
Красноярский край,housing_vol,6,янв-июн,"0,643",2024
Красноярский край,housing_vol,7,июл,"0,114",2024
Красноярский край,housing_vol,7,янв-июл,"0,758",2024
Красноярский край,housing_vol,8,авг,"0,153",2024
Красноярский край,housing_vol,8,янв-авг,"0,911",2024
Красноярский край,housing_vol,9,сен,"0,113",2024
Красноярский край,housing_vol,9,янв-сен,"1,024",2024
Красноярский край,housing_vol,10,окт,"0,17",2024
Красноярский край,housing_vol,10,янв-окт,"1,194",2024
Красноярский край,housing_vol,11,ноя,"0,069",2024
Красноярский край,housing_vol,11,янв-ноя,"1,256",2024
Красноярский край,housing_vol,12,дек,"0,233",2024
Красноярский край,housing_vol,12,янв-дек,"1,489",2024
Иркутская область,housing_vol,1,янв,"0,162",2024
Иркутская область,housing_vol,2,фев,"0,217",2024
Иркутская область,housing_vol,2,янв-фев,"0,38",2024
Иркутская область,housing_vol,3,мар,"0,116",2024
Иркутская область,housing_vol,3,янв-мар,"0,496",2024
Иркутская область,housing_vol,4,апр,"0,093",2024
Иркутская область,housing_vol,4,янв-апр,"0,588",2024
Иркутская область,housing_vol,5,май,"0,114",2024
Иркутская область,housing_vol,5,янв-май,"0,703",2024
Иркутская область,housing_vol,6,июн,"0,151",2024
Иркутская область,housing_vol,6,янв-июн,"0,854",2024
Иркутская область,housing_vol,7,июл,"0,125",2024
Иркутская область,housing_vol,7,янв-июл,"0,979",2024
Иркутская область,housing_vol,8,авг,"0,125",2024
Иркутская область,housing_vol,8,янв-авг,"1,104",2024
Иркутская область,housing_vol,9,сен,"0,146",2024
Иркутская область,housing_vol,9,янв-сен,"1,25",2024
Иркутская область,housing_vol,10,окт,"0,082",2024
Иркутская область,housing_vol,10,янв-окт,"1,332",2024
Иркутская область,housing_vol,11,ноя,"0,128",2024
Иркутская область,housing_vol,11,янв-ноя,"1,46",2024
Иркутская область,housing_vol,12,дек,"0,145",2024
Иркутская область,housing_vol,12,янв-дек,"1,605",2024
Кемеровская область - Кузбасс,housing_vol,1,янв,"0,079",2024
Кемеровская область - Кузбасс,housing_vol,2,фев,"0,047",2024
Кемеровская область - Кузбасс,housing_vol,2,янв-фев,"0,126",2024
Кемеровская область - Кузбасс,housing_vol,3,мар,"0,062",2024
Кемеровская область - Кузбасс,housing_vol,3,янв-мар,"0,188",2024
Кемеровская область - Кузбасс,housing_vol,4,апр,"0,077",2024
Кемеровская область - Кузбасс,housing_vol,4,янв-апр,"0,265",2024
Кемеровская область - Кузбасс,housing_vol,5,май,"0,046",2024
Кемеровская область - Кузбасс,housing_vol,5,янв-май,"0,311",2024
Кемеровская область - Кузбасс,housing_vol,6,июн,"0,073",2024
Кемеровская область - Кузбасс,housing_vol,6,янв-июн,"0,385",2024
Кемеровская область - Кузбасс,housing_vol,7,июл,"0,058",2024
Кемеровская область - Кузбасс,housing_vol,7,янв-июл,"0,442",2024
Кемеровская область - Кузбасс,housing_vol,8,авг,"0,063",2024
Кемеровская область - Кузбасс,housing_vol,8,янв-авг,"0,506",2024
Кемеровская область - Кузбасс,housing_vol,9,сен,"0,082",2024
Кемеровская область - Кузбасс,housing_vol,9,янв-сен,"0,588",2024
Кемеровская область - Кузбасс,housing_vol,10,окт,"0,109",2024
Кемеровская область - Кузбасс,housing_vol,10,янв-окт,"0,698",2024
Кемеровская область - Кузбасс,housing_vol,11,ноя,"0,108",2024
Кемеровская область - Кузбасс,housing_vol,11,янв-ноя,"0,806",2024
Кемеровская область - Кузбасс,housing_vol,12,дек,"0,127",2024
Кемеровская область - Кузбасс,housing_vol,12,янв-дек,"0,933",2024
Новосибирская область,housing_vol,1,янв,"0,367",2024
Новосибирская область,housing_vol,2,фев,"0,256",2024
Новосибирская область,housing_vol,2,янв-фев,"0,624",2024
Новосибирская область,housing_vol,3,мар,"0,267",2024
Новосибирская область,housing_vol,3,янв-мар,"0,891",2024
Новосибирская область,housing_vol,4,апр,"0,127",2024
Новосибирская область,housing_vol,4,янв-апр,"1,018",2024
Новосибирская область,housing_vol,5,май,"0,118",2024
Новосибирская область,housing_vol,5,янв-май,"1,136",2024
Новосибирская область,housing_vol,6,июн,"0,187",2024
Новосибирская область,housing_vol,6,янв-июн,"1,324",2024
Новосибирская область,housing_vol,7,июл,"0,223",2024
Новосибирская область,housing_vol,7,янв-июл,"1,547",2024
Новосибирская область,housing_vol,8,авг,"0,208",2024
Новосибирская область,housing_vol,8,янв-авг,"1,755",2024
Новосибирская область,housing_vol,9,сен,"0,257",2024
Новосибирская область,housing_vol,9,янв-сен,"2,012",2024
Новосибирская область,housing_vol,10,окт,"0,137",2024
Новосибирская область,housing_vol,10,янв-окт,"2,149",2024
Новосибирская область,housing_vol,11,ноя,"0,096",2024
Новосибирская область,housing_vol,11,янв-ноя,"2,246",2024
Новосибирская область,housing_vol,12,дек,"0,384",2024
Новосибирская область,housing_vol,12,янв-дек,"2,63",2024
Омская область,housing_vol,1,янв,"0,109",2024
Омская область,housing_vol,2,фев,"0,091",2024
Омская область,housing_vol,2,янв-фев,"0,201",2024
Омская область,housing_vol,3,мар,"0,052",2024
Омская область,housing_vol,3,янв-мар,"0,253",2024
Омская область,housing_vol,4,апр,"0,071",2024
Омская область,housing_vol,4,янв-апр,"0,324",2024
Омская область,housing_vol,5,май,"0,054",2024
Омская область,housing_vol,5,янв-май,"0,378",2024
Омская область,housing_vol,6,июн,"0,063",2024
Омская область,housing_vol,6,янв-июн,"0,441",2024
Омская область,housing_vol,7,июл,"0,083",2024
Омская область,housing_vol,7,янв-июл,"0,524",2024
Омская область,housing_vol,8,авг,"0,077",2024
Омская область,housing_vol,8,янв-авг,"0,601",2024
Омская область,housing_vol,9,сен,"0,065",2024
Омская область,housing_vol,9,янв-сен,"0,666",2024
Омская область,housing_vol,10,окт,"0,065",2024
Омская область,housing_vol,10,янв-окт,"0,731",2024
Омская область,housing_vol,11,ноя,"0,028",2024
Омская область,housing_vol,11,янв-ноя,"0,76",2024
Омская область,housing_vol,12,дек,"0,109",2024
Омская область,housing_vol,12,янв-дек,"0,869",2024
Томская область,housing_vol,1,янв,"0,022",2024
Томская область,housing_vol,2,фев,"0,034",2024
Томская область,housing_vol,2,янв-фев,"0,056",2024
Томская область,housing_vol,3,мар,"0,052",2024
Томская область,housing_vol,3,янв-мар,"0,108",2024
Томская область,housing_vol,4,апр,"0,056",2024
Томская область,housing_vol,4,янв-апр,"0,164",2024
Томская область,housing_vol,5,май,"0,036",2024
Томская область,housing_vol,5,янв-май,"0,199",2024
Томская область,housing_vol,6,июн,"0,024",2024
Томская область,housing_vol,6,янв-июн,"0,223",2024
Томская область,housing_vol,7,июл,"0,038",2024
Томская область,housing_vol,7,янв-июл,"0,262",2024
Томская область,housing_vol,8,авг,"0,05",2024
Томская область,housing_vol,8,янв-авг,"0,312",2024
Томская область,housing_vol,9,сен,"0,027",2024
Томская область,housing_vol,9,янв-сен,"0,338",2024
Томская область,housing_vol,10,окт,"0,027",2024
Томская область,housing_vol,10,янв-окт,"0,365",2024
Томская область,housing_vol,11,ноя,"0,069",2024
Томская область,housing_vol,11,янв-ноя,"0,434",2024
Томская область,housing_vol,12,дек,"0,114",2024
Томская область,housing_vol,12,янв-дек,"0,548",2024
Дальневосточный федеральный округ,housing_vol,1,янв,"0,502",2024
Дальневосточный федеральный округ,housing_vol,2,фев,"0,389",2024
Дальневосточный федеральный округ,housing_vol,2,янв-фев,"0,891",2024
Дальневосточный федеральный округ,housing_vol,3,мар,"0,402",2024
Дальневосточный федеральный округ,housing_vol,3,янв-мар,"1,293",2024
Дальневосточный федеральный округ,housing_vol,4,апр,"0,349",2024
Дальневосточный федеральный округ,housing_vol,4,янв-апр,"1,642",2024
Дальневосточный федеральный округ,housing_vol,5,май,"0,31",2024
Дальневосточный федеральный округ,housing_vol,5,янв-май,"1,953",2024
Дальневосточный федеральный округ,housing_vol,6,июн,"0,397",2024
Дальневосточный федеральный округ,housing_vol,6,янв-июн,"2,349",2024
Дальневосточный федеральный округ,housing_vol,7,июл,"0,41",2024
Дальневосточный федеральный округ,housing_vol,7,янв-июл,"2,759",2024
Дальневосточный федеральный округ,housing_vol,8,авг,"0,322",2024
Дальневосточный федеральный округ,housing_vol,8,янв-авг,"3,082",2024
Дальневосточный федеральный округ,housing_vol,9,сен,"0,395",2024
Дальневосточный федеральный округ,housing_vol,9,янв-сен,"3,477",2024
Дальневосточный федеральный округ,housing_vol,10,окт,"0,272",2024
Дальневосточный федеральный округ,housing_vol,10,янв-окт,"3,749",2024
Дальневосточный федеральный округ,housing_vol,11,ноя,"0,318",2024
Дальневосточный федеральный округ,housing_vol,11,янв-ноя,"4,067",2024
Дальневосточный федеральный округ,housing_vol,12,дек,"0,614",2024
Дальневосточный федеральный округ,housing_vol,12,янв-дек,"4,681",2024
Республика Бурятия,housing_vol,1,янв,"0,06",2024
Республика Бурятия,housing_vol,2,фев,"0,064",2024
Республика Бурятия,housing_vol,2,янв-фев,"0,123",2024
Республика Бурятия,housing_vol,3,мар,"0,079",2024
Республика Бурятия,housing_vol,3,янв-мар,"0,202",2024
Республика Бурятия,housing_vol,4,апр,"0,048",2024
Республика Бурятия,housing_vol,4,янв-апр,"0,25",2024
Республика Бурятия,housing_vol,5,май,"0,066",2024
Республика Бурятия,housing_vol,5,янв-май,"0,317",2024
Республика Бурятия,housing_vol,6,июн,"0,053",2024
Республика Бурятия,housing_vol,6,янв-июн,"0,37",2024
Республика Бурятия,housing_vol,7,июл,"0,045",2024
Республика Бурятия,housing_vol,7,янв-июл,"0,415",2024
Республика Бурятия,housing_vol,8,авг,"0,052",2024
Республика Бурятия,housing_vol,8,янв-авг,"0,467",2024
Республика Бурятия,housing_vol,9,сен,"0,047",2024
Республика Бурятия,housing_vol,9,янв-сен,"0,514",2024
Республика Бурятия,housing_vol,10,окт,"0,009",2024
Республика Бурятия,housing_vol,10,янв-окт,"0,523",2024
Республика Бурятия,housing_vol,11,ноя,"0,005",2024
Республика Бурятия,housing_vol,11,янв-ноя,"0,528",2024
Республика Бурятия,housing_vol,12,дек,"0,005",2024
Республика Бурятия,housing_vol,12,янв-дек,"0,533",2024
Забайкальский край,housing_vol,1,янв,"0,041",2024
Забайкальский край,housing_vol,2,фев,"0,044",2024
Забайкальский край,housing_vol,2,янв-фев,"0,085",2024
Забайкальский край,housing_vol,3,мар,"0,051",2024
Забайкальский край,housing_vol,3,янв-мар,"0,136",2024
Забайкальский край,housing_vol,4,апр,"0,039",2024
Забайкальский край,housing_vol,4,янв-апр,"0,175",2024
Забайкальский край,housing_vol,5,май,"0,03",2024
Забайкальский край,housing_vol,5,янв-май,"0,206",2024
Забайкальский край,housing_vol,6,июн,"0,04",2024
Забайкальский край,housing_vol,6,янв-июн,"0,245",2024
Забайкальский край,housing_vol,7,июл,"0,054",2024
Забайкальский край,housing_vol,7,янв-июл,"0,299",2024
Забайкальский край,housing_vol,8,авг,"0,037",2024
Забайкальский край,housing_vol,8,янв-авг,"0,336",2024
Забайкальский край,housing_vol,9,сен,"0,03",2024
Забайкальский край,housing_vol,9,янв-сен,"0,366",2024
Забайкальский край,housing_vol,10,окт,"0,029",2024
Забайкальский край,housing_vol,10,янв-окт,"0,396",2024
Забайкальский край,housing_vol,11,ноя,"0,025",2024
Забайкальский край,housing_vol,11,янв-ноя,"0,421",2024
Забайкальский край,housing_vol,12,дек,"0,035",2024
Забайкальский край,housing_vol,12,янв-дек,"0,456",2024
Республика Саха (Якутия),housing_vol,1,янв,"0,093",2024
Республика Саха (Якутия),housing_vol,2,фев,"0,039",2024
Республика Саха (Якутия),housing_vol,2,янв-фев,"0,132",2024
Республика Саха (Якутия),housing_vol,3,мар,"0,052",2024
Республика Саха (Якутия),housing_vol,3,янв-мар,"0,184",2024
Республика Саха (Якутия),housing_vol,4,апр,"0,078",2024
Республика Саха (Якутия),housing_vol,4,янв-апр,"0,262",2024
Республика Саха (Якутия),housing_vol,5,май,"0,054",2024
Республика Саха (Якутия),housing_vol,5,янв-май,"0,316",2024
Республика Саха (Якутия),housing_vol,6,июн,"0,053",2024
Республика Саха (Якутия),housing_vol,6,янв-июн,"0,368",2024
Республика Саха (Якутия),housing_vol,7,июл,"0,084",2024
Республика Саха (Якутия),housing_vol,7,янв-июл,"0,453",2024
Республика Саха (Якутия),housing_vol,8,авг,"0,077",2024
Республика Саха (Якутия),housing_vol,8,янв-авг,"0,53",2024
Республика Саха (Якутия),housing_vol,9,сен,"0,072",2024
Республика Саха (Якутия),housing_vol,9,янв-сен,"0,601",2024
Республика Саха (Якутия),housing_vol,10,окт,"0,019",2024
Республика Саха (Якутия),housing_vol,10,янв-окт,"0,62",2024
Республика Саха (Якутия),housing_vol,11,ноя,"0,092",2024
Республика Саха (Якутия),housing_vol,11,янв-ноя,"0,712",2024
Республика Саха (Якутия),housing_vol,12,дек,"0,041",2024
Республика Саха (Якутия),housing_vol,12,янв-дек,"0,752",2024
Камчатский край,housing_vol,1,янв,"0,008",2024
Камчатский край,housing_vol,2,фев,"0,012",2024
Камчатский край,housing_vol,2,янв-фев,"0,02",2024
Камчатский край,housing_vol,3,мар,"0,004",2024
Камчатский край,housing_vol,3,янв-мар,"0,024",2024
Камчатский край,housing_vol,4,апр,"0,004",2024
Камчатский край,housing_vol,4,янв-апр,"0,029",2024
Камчатский край,housing_vol,5,май,"0,004",2024
Камчатский край,housing_vol,5,янв-май,"0,033",2024
Камчатский край,housing_vol,6,июн,"0,007",2024
Камчатский край,housing_vol,6,янв-июн,"0,04",2024
Камчатский край,housing_vol,7,июл,"0,005",2024
Камчатский край,housing_vol,7,янв-июл,"0,046",2024
Камчатский край,housing_vol,8,авг,"0,01",2024
Камчатский край,housing_vol,8,янв-авг,"0,056",2024
Камчатский край,housing_vol,9,сен,"0,004",2024
Камчатский край,housing_vol,9,янв-сен,"0,06",2024
Камчатский край,housing_vol,10,окт,"0,003",2024
Камчатский край,housing_vol,10,янв-окт,"0,063",2024
Камчатский край,housing_vol,11,ноя,"0,013",2024
Камчатский край,housing_vol,11,янв-ноя,"0,075",2024
Камчатский край,housing_vol,12,дек,"0,006",2024
Камчатский край,housing_vol,12,янв-дек,"0,082",2024
Приморский край,housing_vol,1,янв,"0,151",2024
Приморский край,housing_vol,2,фев,"0,141",2024
Приморский край,housing_vol,2,янв-фев,"0,291",2024
Приморский край,housing_vol,3,мар,"0,126",2024
Приморский край,housing_vol,3,янв-мар,"0,418",2024
Приморский край,housing_vol,4,апр,"0,095",2024
Приморский край,housing_vol,4,янв-апр,"0,513",2024
Приморский край,housing_vol,5,май,"0,066",2024
Приморский край,housing_vol,5,янв-май,"0,579",2024
Приморский край,housing_vol,6,июн,"0,13",2024
Приморский край,housing_vol,6,янв-июн,"0,709",2024
Приморский край,housing_vol,7,июл,"0,094",2024
Приморский край,housing_vol,7,янв-июл,"0,803",2024
Приморский край,housing_vol,8,авг,"0,042",2024
Приморский край,housing_vol,8,янв-авг,"0,845",2024
Приморский край,housing_vol,9,сен,"0,109",2024
Приморский край,housing_vol,9,янв-сен,"0,955",2024
Приморский край,housing_vol,10,окт,"0,062",2024
Приморский край,housing_vol,10,янв-окт,"1,017",2024
Приморский край,housing_vol,11,ноя,"0,068",2024
Приморский край,housing_vol,11,янв-ноя,"1,084",2024
Приморский край,housing_vol,12,дек,"0,222",2024
Приморский край,housing_vol,12,янв-дек,"1,307",2024
Хабаровский край,housing_vol,1,янв,"0,031",2024
Хабаровский край,housing_vol,2,фев,"0,031",2024
Хабаровский край,housing_vol,2,янв-фев,"0,062",2024
Хабаровский край,housing_vol,3,мар,"0,035",2024
Хабаровский край,housing_vol,3,янв-мар,"0,097",2024
Хабаровский край,housing_vol,4,апр,"0,038",2024
Хабаровский край,housing_vol,4,янв-апр,"0,135",2024
Хабаровский край,housing_vol,5,май,"0,037",2024
Хабаровский край,housing_vol,5,янв-май,"0,172",2024
Хабаровский край,housing_vol,6,июн,"0,06",2024
Хабаровский край,housing_vol,6,янв-июн,"0,232",2024
Хабаровский край,housing_vol,7,июл,"0,035",2024
Хабаровский край,housing_vol,7,янв-июл,"0,267",2024
Хабаровский край,housing_vol,8,авг,"0,041",2024
Хабаровский край,housing_vol,8,янв-авг,"0,308",2024
Хабаровский край,housing_vol,9,сен,"0,063",2024
Хабаровский край,housing_vol,9,янв-сен,"0,371",2024
Хабаровский край,housing_vol,10,окт,"0,031",2024
Хабаровский край,housing_vol,10,янв-окт,"0,401",2024
Хабаровский край,housing_vol,11,ноя,"0,03",2024
Хабаровский край,housing_vol,11,янв-ноя,"0,431",2024
Хабаровский край,housing_vol,12,дек,"0,096",2024
Хабаровский край,housing_vol,12,янв-дек,"0,527",2024
Амурская область,housing_vol,1,янв,"0,089",2024
Амурская область,housing_vol,2,фев,"0,033",2024
Амурская область,housing_vol,2,янв-фев,"0,122",2024
Амурская область,housing_vol,3,мар,"0,024",2024
Амурская область,housing_vol,3,янв-мар,"0,146",2024
Амурская область,housing_vol,4,апр,"0,02",2024
Амурская область,housing_vol,4,янв-апр,"0,166",2024
Амурская область,housing_vol,5,май,"0,019",2024
Амурская область,housing_vol,5,янв-май,"0,185",2024
Амурская область,housing_vol,6,июн,"0,029",2024
Амурская область,housing_vol,6,янв-июн,"0,214",2024
Амурская область,housing_vol,7,июл,"0,062",2024
Амурская область,housing_vol,7,янв-июл,"0,275",2024
Амурская область,housing_vol,8,авг,"0,025",2024
Амурская область,housing_vol,8,янв-авг,"0,3",2024
Амурская область,housing_vol,9,сен,"0,034",2024
Амурская область,housing_vol,9,янв-сен,"0,334",2024
Амурская область,housing_vol,10,окт,"0,056",2024
Амурская область,housing_vol,10,янв-окт,"0,39",2024
Амурская область,housing_vol,11,ноя,"0,052",2024
Амурская область,housing_vol,11,янв-ноя,"0,442",2024
Амурская область,housing_vol,12,дек,"0,064",2024
Амурская область,housing_vol,12,янв-дек,"0,507",2024
Магаданская область,housing_vol,1,янв,"0,001",2024
Магаданская область,housing_vol,2,фев,0,2024
Магаданская область,housing_vol,2,янв-фев,"0,001",2024
Магаданская область,housing_vol,3,мар,"0,001",2024
Магаданская область,housing_vol,3,янв-мар,"0,002",2024
Магаданская область,housing_vol,4,апр,0,2024
Магаданская область,housing_vol,4,янв-апр,"0,002",2024
Магаданская область,housing_vol,5,май,0,2024
Магаданская область,housing_vol,5,янв-май,"0,002",2024
Магаданская область,housing_vol,6,июн,0,2024
Магаданская область,housing_vol,6,янв-июн,"0,002",2024
Магаданская область,housing_vol,7,июл,"0,003",2024
Магаданская область,housing_vol,7,янв-июл,"0,005",2024
Магаданская область,housing_vol,8,авг,"0,001",2024
Магаданская область,housing_vol,8,янв-авг,"0,006",2024
Магаданская область,housing_vol,9,сен,0,2024
Магаданская область,housing_vol,9,янв-сен,"0,006",2024
Магаданская область,housing_vol,10,окт,"0,003",2024
Магаданская область,housing_vol,10,янв-окт,"0,009",2024
Магаданская область,housing_vol,11,ноя,0,2024
Магаданская область,housing_vol,11,янв-ноя,"0,009",2024
Магаданская область,housing_vol,12,дек,0,2024
Магаданская область,housing_vol,12,янв-дек,"0,01",2024
Сахалинская область,housing_vol,1,янв,"0,023",2024
Сахалинская область,housing_vol,2,фев,"0,016",2024
Сахалинская область,housing_vol,2,янв-фев,"0,039",2024
Сахалинская область,housing_vol,3,мар,"0,029",2024
Сахалинская область,housing_vol,3,янв-мар,"0,068",2024
Сахалинская область,housing_vol,4,апр,"0,025",2024
Сахалинская область,housing_vol,4,янв-апр,"0,092",2024
Сахалинская область,housing_vol,5,май,"0,029",2024
Сахалинская область,housing_vol,5,янв-май,"0,121",2024
Сахалинская область,housing_vol,6,июн,"0,023",2024
Сахалинская область,housing_vol,6,янв-июн,"0,145",2024
Сахалинская область,housing_vol,7,июл,"0,025",2024
Сахалинская область,housing_vol,7,янв-июл,"0,169",2024
Сахалинская область,housing_vol,8,авг,"0,034",2024
Сахалинская область,housing_vol,8,янв-авг,"0,204",2024
Сахалинская область,housing_vol,9,сен,"0,028",2024
Сахалинская область,housing_vol,9,янв-сен,"0,232",2024
Сахалинская область,housing_vol,10,окт,"0,06",2024
Сахалинская область,housing_vol,10,янв-окт,"0,291",2024
Сахалинская область,housing_vol,11,ноя,"0,032",2024
Сахалинская область,housing_vol,11,янв-ноя,"0,323",2024
Сахалинская область,housing_vol,12,дек,"0,14",2024
Сахалинская область,housing_vol,12,янв-дек,"0,463",2024
Еврейская автономная область,housing_vol,1,янв,"0,005",2024
Еврейская автономная область,housing_vol,2,фев,"0,007",2024
Еврейская автономная область,housing_vol,2,янв-фев,"0,012",2024
Еврейская автономная область,housing_vol,3,мар,"0,002",2024
Еврейская автономная область,housing_vol,3,янв-мар,"0,014",2024
Еврейская автономная область,housing_vol,4,апр,"0,001",2024
Еврейская автономная область,housing_vol,4,янв-апр,"0,015",2024
Еврейская автономная область,housing_vol,5,май,"0,004",2024
Еврейская автономная область,housing_vol,5,янв-май,"0,019",2024
Еврейская автономная область,housing_vol,6,июн,"0,002",2024
Еврейская автономная область,housing_vol,6,янв-июн,"0,021",2024
Еврейская автономная область,housing_vol,7,июл,"0,002",2024
Еврейская автономная область,housing_vol,7,янв-июл,"0,023",2024
Еврейская автономная область,housing_vol,8,авг,"0,002",2024
Еврейская автономная область,housing_vol,8,янв-авг,"0,025",2024
Еврейская автономная область,housing_vol,9,сен,"0,008",2024
Еврейская автономная область,housing_vol,9,янв-сен,"0,033",2024
Еврейская автономная область,housing_vol,10,окт,"0,001",2024
Еврейская автономная область,housing_vol,10,янв-окт,"0,034",2024
Еврейская автономная область,housing_vol,11,ноя,"0,003",2024
Еврейская автономная область,housing_vol,11,янв-ноя,"0,036",2024
Еврейская автономная область,housing_vol,12,дек,"0,003",2024
Еврейская автономная область,housing_vol,12,янв-дек,"0,039",2024
Чукотский автономный округ,housing_vol,1,янв,"0,001",2024
Чукотский автономный округ,housing_vol,2,фев,"0,001",2024
Чукотский автономный округ,housing_vol,2,янв-фев,"0,003",2024
Чукотский автономный округ,housing_vol,3,янв-мар,"0,003",2024
Чукотский автономный округ,housing_vol,4,апр,0,2024
Чукотский автономный округ,housing_vol,4,янв-апр,"0,003",2024
Чукотский автономный округ,housing_vol,5,май,0,2024
Чукотский автономный округ,housing_vol,5,янв-май,"0,003",2024
Чукотский автономный округ,housing_vol,6,июн,0,2024
Чукотский автономный округ,housing_vol,6,янв-июн,"0,003",2024
Чукотский автономный округ,housing_vol,7,июл,0,2024
Чукотский автономный округ,housing_vol,7,янв-июл,"0,004",2024
Чукотский автономный округ,housing_vol,8,авг,"0,001",2024
Чукотский автономный округ,housing_vol,8,янв-авг,"0,004",2024
Чукотский автономный округ,housing_vol,9,сен,"0,001",2024
Чукотский автономный округ,housing_vol,9,янв-сен,"0,005",2024
Чукотский автономный округ,housing_vol,10,янв-окт,"0,005",2024
Чукотский автономный округ,housing_vol,11,ноя,0,2024
Чукотский автономный округ,housing_vol,11,янв-ноя,"0,005",2024
Чукотский автономный округ,housing_vol,12,дек,"0,001",2024
Чукотский автономный округ,housing_vol,12,янв-дек,"0,006",2024
