2026-08-28 00:41:50,649 WARNING [20260828_003557_79d0c728] agent.tool_executor: Tool terminal returned error (0.09s): {"output": "2-1-6_06-2026.doc\nReestr_EMISS_01-09-2025.xls\nVDS_kvartal_OKVED2_s_2011-2026.xlsx\nindikatori_DAS_2kv_2026.xlsx\njil_dom-oper_07-2026.xls\ntab2-zpl_05-2026.xlsx\ntab5-zpl-2025.xlsx\n/usr
2026-08-28 00:41:52,582 WARNING [20260828_003557_79d0c728] agent.tool_executor: Tool execute_code returned error (0.01s): {"status": "error", "error": "BLOCKED: execute_code runs arbitrary local Python (including subprocess calls that bypass shell-string approval checks). Cron jobs run without a user present to approve i
2026-08-28 00:42:08,267 WARNING [20260828_003557_79d0c728] agent.tool_executor: Tool terminal returned error (0.57s): {"output": "000", "exit_code": 60, "error": null}
2026-08-28 00:45:51,323 WARNING [20260828_003557_79d0c728] agent.tool_executor: Tool terminal returned error (0.15s): {"output": "Traceback (most recent call last):\n  File \"<stdin>\", line 3, in <module>\nNameError: name 're' is not defined", "exit_code": 1, "error": null}
2026-08-28 01:20:05,788 WARNING [20260828_003557_79d0c728] agent.tool_executor: Tool terminal returned error (0.00s): {"output": "", "exit_code": -1, "error": "Foreground command uses '&' backgrounding. Use terminal(background=true) for long-lived processes, then run health checks and tests in follow-up terminal call
2026-08-28 01:21:05,740 WARNING [20260828_003557_79d0c728] agent.tool_executor: Tool terminal returned error (0.59s): {"output": "Traceback (most recent call last):\n  File \"/tmp/extract_fix.py\", line 13, in <module>\n    f=f'pmes{y}.xlsx' if y<2023 else 'Proizvodstvo_mes_2023.xlsx'\n                         ^^^^^^
2026-08-28 01:21:13,693 WARNING [20260828_003557_79d0c728] agent.tool_executor: Tool terminal returned error (0.46s): {"output": "Traceback (most recent call last):\n  File \"/tmp/extract_fix.py\", line 13, in <module>\n    f=f'pmes{y}.xlsx' if y<2023 else 'Proizvodstvo_mes_2023.xlsx'\n                         ^^^^^^
2026-08-28 01:21:41,950 WARNING [20260828_003557_79d0c728] agent.tool_executor: Tool terminal returned error (0.28s): {"output": "(2005, 48.5)\n(2006, 54.7)\n(2007, 59.9)\n(2008, 53.5)\n(2009, 44.3)\n(2011, 56.2)\n(2012, 61.7)\n(2013, 66.5)\n(2014, 69.1)\n(2015, 62.1)\n(2016, 54.9)\n(2017, 106.6)\n(2018, 53.7)\n(2019
2026-08-28 01:22:42,031 WARNING [20260828_003557_79d0c728] agent.tool_executor: Tool terminal returned error (0.87s): {"output": "Traceback (most recent call last):\n  File \"<stdin>\", line 36, in <module>\nsqlite3.IntegrityError: UNIQUE constraint failed: building_materials_monthly.product, building_materials_month
2026-08-28 01:23:05,070 WARNING [20260828_003557_79d0c728] agent.tool_executor: Tool terminal returned error (0.27s): {"output": "Traceback (most recent call last):\n  File \"<stdin>\", line 14, in <module>\nsqlite3.ProgrammingError: Incorrect number of bindings supplied. The current statement uses 3, and there are 2
2026-08-28 01:23:19,560 WARNING [20260828_003557_79d0c728] agent.tool_executor: Tool terminal returned error (1.25s): {"output": "The following paths are ignored by one of your .gitignore files:\ndata/rosstat_construction.db\nhint: Use -f if you really want to add them.\nhint: Turn this message off by running\nhint: 
2026-08-28 01:26:02,619 WARNING [20260828_003557_79d0c728] agent.tool_executor: Tool skill_manage returned error (0.01s): {"success": false, "error": "SKILL.md must start with YAML frontmatter (---). See existing skills for format."}
2026-08-28 02:00:06,446 WARNING cron.scheduler: Job 'c48346640ed9': SKIPPED — global inference config drifted since creation (model 'nemotron-3-super' -> 'glm-5.3-flash') and this job is unpinned. Skipped to prevent unintended spend. Pin explicitly to proceed: `cronjob action=update job_id=c48346640ed9 provider=<p> model=<m>`.
2026-08-28 02:00:06,454 ERROR cron.scheduler: Job 'GDELT daily fetch for Russia' failed: RuntimeError: Skipped to prevent unintended spend: global inference config drifted since this job was created (model 'nemotron-3-super' -> 'glm-5.3-flash'), and this job is unpinned. No inference call was made. To run on the new config, pin it explicitly: `cronjob action=update job_id=c48346640ed9 provider=<provider> model=<model>` (or pin the original values to keep them). See #44585.
2026-08-28 03:50:44,939 WARNING [20260828_034740_45cc9474] agent.tool_executor: Tool execute_code returned error (0.00s): {"status": "error", "error": "BLOCKED: execute_code runs arbitrary local Python (including subprocess calls that bypass shell-string approval checks). Cron jobs run without a user present to approve i
2026-08-28 04:05:50,593 WARNING [20260828_034740_45cc9474] agent.tool_executor: Tool terminal returned error (126.91s): {"output": "=== historical range 2024 cyrillic mortgage ===\n{}\n=== historical range 2024 english ===\nhead: cannot open '/tmp/t6.json' for reading: No such file or directory", "exit_code": 1, "error
2026-08-28 04:07:32,017 WARNING [20260828_034740_45cc9474] agent.tool_executor: Tool terminal returned error (100.27s): {"output": "} [512 bytes data]\n*  CAfile: /home/lnr/.hermes/hermes-agent/venv/lib/python3.11/site-packages/certifi/cacert.pem\n*  CApath: /etc/ssl/certs\n* Connection timed out after 90001 millisecon
2026-08-28 04:09:33,956 WARNING [20260828_034740_45cc9474] agent.tool_executor: Tool terminal returned error (120.87s): {"output": "exit=35\nhead: cannot open '/tmp/t6.json' for reading: No such file or directory", "exit_code": 1, "error": null}
2026-08-28 04:17:01,280 WARNING [20260828_034740_45cc9474] agent.tool_executor: Tool terminal returned error (300.32s): {"output": "[Command timed out after 300s]", "exit_code": 124, "error": null}
2026-08-28 04:17:02,638 WARNING [20260828_034740_45cc9474] agent.tool_executor: Tool terminal returned error (0.09s): {"output": "", "exit_code": 1, "error": null}
2026-08-28 04:21:30,307 WARNING [20260828_034740_45cc9474] agent.tool_executor: Tool terminal returned error (201.34s): {"output": "=== cyr timespan 3m ===\nTraceback (most recent call last):\n  File \"<string>\", line 3, in <module>\nFileNotFoundError: [Errno 2] No such file or directory: '/tmp/t11.json'\n=== cyr hist
2026-08-28 04:24:51,459 WARNING [20260828_034740_45cc9474] agent.tool_executor: Tool terminal returned error (199.13s): {"output": "exit=0\n{}\nTraceback (most recent call last):\n  File \"<string>\", line 3, in <module>\nFileNotFoundError: [Errno 2] No such file or directory: '/tmp/t11.json'", "exit_code": 1, "error":
2026-08-28 04:25:07,785 WARNING [20260828_034740_45cc9474] agent.tool_executor: Tool skill_manage returned error (0.02s): {"success": false, "error": "Refusing background curator patch for skill 'gdelt-data-fetch': the current SKILL.md content has not been loaded in this review turn. Call skill_view(name) for SKILL.md, o
2026-08-28 04:29:18,535 WARNING [20260828_034740_45cc9474] gateway.run: Persisted transcript lagged live cached history for session agent:main:telegram:dm:430232790 (disk=48, memory=50); preserving live conversation context (possible FTS write corruption)
2026-08-28 04:30:44,213 WARNING [20260828_034740_45cc9474] gateway.run: Persisted transcript lagged live cached history for session agent:main:telegram:dm:430232790 (disk=58, memory=60); preserving live conversation context (possible FTS write corruption)
2026-08-28 05:59:19,693 WARNING [20260828_034740_45cc9474] agent.tool_executor: Tool skill_manage returned error (0.11s): {"success": false, "error": "Refusing background curator patch for skill 'gdelt-data-fetch': the current SKILL.md content has not been loaded in this review turn. Call skill_view(name) for SKILL.md, o
2026-08-28 06:49:49,012 WARNING [20260828_034740_45cc9474] gateway.run: Persisted transcript lagged live cached history for session agent:main:telegram:dm:430232790 (disk=241, memory=243); preserving live conversation context (possible FTS write corruption)
2026-08-28 07:51:01,204 WARNING [20260828_034740_45cc9474] gateway.run: Persisted transcript lagged live cached history for session agent:main:telegram:dm:430232790 (disk=257, memory=259); preserving live conversation context (possible FTS write corruption)
2026-08-28 07:51:40,787 WARNING [20260828_034740_45cc9474] agent.tool_executor: Tool patch returned error (0.77s): {"success": false, "error": "Failed to write changes: Refusing to write '/home/lnr/research-wiki/data/catalog.yaml': candidate content fails .yaml syntax validation (YAMLError: mapping values are not 
2026-08-28 07:52:26,018 WARNING [20260828_034740_45cc9474] agent.tool_executor: Tool skill_manage returned error (0.07s): {"success": false, "error": "Refusing background curator patch for skill 'gdelt-data-fetch': the current SKILL.md content has not been loaded in this review turn. Call skill_view(name) for SKILL.md, o
2026-08-28 08:02:37,549 WARNING [20260828_034740_45cc9474] gateway.run: Persisted transcript lagged live cached history for session agent:main:telegram:dm:430232790 (disk=291, memory=293); preserving live conversation context (possible FTS write corruption)
2026-08-28 08:03:00,834 WARNING [20260828_034740_45cc9474] agent.tool_executor: Tool terminal returned error (0.25s): {"output": "articles\nassets\ncbr\ndata\ndomrf\ndomrf_v2\nfns\npapers\nrosstat\ntranscripts\n---\n/home/lnr/research-wiki/raw/rosstat/yearbooks/Stroit_Pril_2024/R_10_7_pril.xlsx\n/home/lnr/research-wi
2026-08-28 08:05:59,650 WARNING [20260828_034740_45cc9474] gateway.run: Persisted transcript lagged live cached history for session agent:main:telegram:dm:430232790 (disk=316, memory=318); preserving live conversation context (possible FTS write corruption)
2026-08-28 08:06:47,414 WARNING [20260828_034740_45cc9474] agent.tool_executor: Tool terminal returned error (0.27s): {"output": "Traceback (most recent call last):\n  File \"/home/lnr/research-wiki/scripts/export_materials_monthly.py\", line 53, in <module>\n    main()\n  File \"/home/lnr/research-wiki/scripts/expor
2026-08-28 08:07:54,094 WARNING [20260828_034740_45cc9474] agent.tool_executor: Tool skill_manage returned error (0.09s): {"error": "file_content is required for 'write_file'.", "success": false}
2026-08-28 08:08:03,601 WARNING [20260828_034740_45cc9474] agent.tool_executor: Tool skill_manage returned error (0.01s): {"success": false, "error": "Refusing background curator patch for skill 'gdelt-data-fetch': the current SKILL.md content has not been loaded in this review turn. Call skill_view(name) for SKILL.md, o
2026-08-28 08:44:57,049 WARNING [20260828_034740_45cc9474] gateway.run: Persisted transcript lagged live cached history for session agent:main:telegram:dm:430232790 (disk=348, memory=350); preserving live conversation context (possible FTS write corruption)
2026-08-28 08:52:09,621 WARNING [20260828_034740_45cc9474] gateway.run: Persisted transcript lagged live cached history for session agent:main:telegram:dm:430232790 (disk=362, memory=364); preserving live conversation context (possible FTS write corruption)
2026-08-28 08:52:25,793 WARNING [20260828_034740_45cc9474] agent.tool_executor: Tool terminal returned error (0.14s): {"output": "", "exit_code": 1, "error": null, "exit_code_meaning": "No matches found (not an error)"}
2026-08-28 09:02:51,960 WARNING [20260828_034740_45cc9474] gateway.run: Persisted transcript lagged live cached history for session agent:main:telegram:dm:430232790 (disk=374, memory=376); preserving live conversation context (possible FTS write corruption)
2026-08-28 09:08:46,764 WARNING [20260828_034740_45cc9474] agent.tool_executor: Tool memory returned error (0.03s): {"success": false, "error": "After applying all 4 operations, memory would be at 3,664/2,640 chars -- over the limit. Remove or shorten more entries in the same batch (see current_entries below), then
2026-08-28 09:08:50,894 WARNING [20260828_034740_45cc9474] agent.tool_executor: Tool memory returned error (0.00s): {"success": false, "error": "After applying all 3 operations, memory would be at 3,188/2,640 chars -- over the limit. Remove or shorten more entries in the same batch (see current_entries below), then
2026-08-28 09:08:56,119 WARNING [20260828_034740_45cc9474] agent.tool_executor: Tool memory returned error (0.00s): {"success": false, "error": "After applying all 5 operations, memory would be at 2,990/2,640 chars -- over the limit. Remove or shorten more entries in the same batch (see current_entries below), then
2026-08-28 09:09:01,525 WARNING [20260828_034740_45cc9474] agent.tool_executor: Tool memory returned error (0.01s): {"success": false, "done": true, "error": "Memory consolidation failed 4 times this turn. Stop retrying memory calls — leave memory unchanged for now and continue with your reply to the user. The fact
2026-08-28 09:09:07,905 WARNING [20260828_034740_45cc9474] agent.tool_executor: Tool skill_manage returned error (0.09s): {"success": false, "error": "Refusing background curator patch for skill 'gdelt-data-fetch': the current SKILL.md content has not been loaded in this review turn. Call skill_view(name) for SKILL.md, o
2026-08-28 09:09:28,943 WARNING [20260828_034740_45cc9474] agent.tool_executor: Tool memory returned error (0.00s): {"success": false, "done": true, "error": "Memory consolidation failed 5 times this turn. Stop retrying memory calls — leave memory unchanged for now and continue with your reply to the user. The fact
2026-08-28 09:11:47,725 WARNING [20260828_034740_45cc9474] gateway.run: Persisted transcript lagged live cached history for session agent:main:telegram:dm:430232790 (disk=450, memory=452); preserving live conversation context (possible FTS write corruption)
2026-08-28 09:15:20,048 WARNING [20260828_034740_45cc9474] gateway.run: Persisted transcript lagged live cached history for session agent:main:telegram:dm:430232790 (disk=454, memory=456); preserving live conversation context (possible FTS write corruption)
2026-08-28 09:17:24,637 WARNING [20260828_034740_45cc9474] gateway.run: Persisted transcript lagged live cached history for session agent:main:telegram:dm:430232790 (disk=470, memory=472); preserving live conversation context (possible FTS write corruption)
2026-08-28 09:46:33,177 WARNING [20260828_034740_45cc9474] gateway.run: Persisted transcript lagged live cached history for session agent:main:telegram:dm:430232790 (disk=474, memory=476); preserving live conversation context (possible FTS write corruption)
2026-08-28 09:49:13,208 WARNING [20260828_034740_45cc9474] agent.tool_executor: Tool terminal returned error (0.88s): {"output": "Traceback (most recent call last):\n  File \"<stdin>\", line 20, in <module>\n  File \"<stdin>\", line 14, in norm\nNameError: name 're' is not defined. Did you mean: '_re'?", "exit_code":
2026-08-28 09:53:13,149 WARNING [20260828_034740_45cc9474] agent.tool_executor: Tool terminal returned error (0.61s): {"output": "SYNTAX OK\n0", "exit_code": 1, "error": null, "exit_code_meaning": "No matches found (not an error)"}
2026-08-28 09:54:12,630 WARNING [20260828_034740_45cc9474] agent.tool_executor: Tool skill_manage returned error (0.01s): {"error": "file_content is required for 'write_file'.", "success": false}
2026-08-28 13:14:17,124 WARNING [20260828_034740_45cc9474] agent.tool_executor: Tool patch returned error (0.02s): {"success": false, "error": "old_string and new_string are identical", "_warning": "/home/lnr/research-wiki/data/catalog.yaml was last read with offset/limit pagination (partial view). Re-read the who
2026-08-28 13:14:52,821 WARNING [20260828_034740_45cc9474] agent.tool_executor: Tool memory returned error (0.00s): {"success": false, "error": "After applying all 2 operations, memory would be at 2,131/1,375 chars -- over the limit. Remove or shorten more entries in the same batch (see current_entries below), then
2026-08-28 13:14:55,600 WARNING [20260828_034740_45cc9474] agent.tool_executor: Tool memory returned error (0.00s): {"success": false, "error": "After applying all 1 operations, memory would be at 1,607/1,375 chars -- over the limit. Remove or shorten more entries in the same batch (see current_entries below), then
2026-08-28 13:15:00,316 WARNING [20260828_034740_45cc9474] agent.tool_executor: Tool memory returned error (0.00s): {"success": false, "error": "After applying all 2 operations, memory would be at 1,465/1,375 chars -- over the limit. Remove or shorten more entries in the same batch (see current_entries below), then
2026-08-28 13:15:08,497 WARNING [20260828_034740_45cc9474] agent.tool_executor: Tool skill_manage returned error (0.01s): {"error": "file_content is required for 'write_file'.", "success": false}
2026-08-28 13:15:17,184 WARNING [20260828_034740_45cc9474] agent.tool_executor: Tool skill_manage returned error (0.00s): {"error": "file_path is required for 'write_file'. Example: 'references/api-guide.md'", "success": false}
2026-08-28 13:15:36,313 WARNING [20260828_034740_45cc9474] agent.tool_executor: Tool skill_manage returned error (0.02s): {"success": false, "error": "Refusing background curator patch for skill 'gdelt-data-fetch': the current SKILL.md content has not been loaded in this review turn. Call skill_view(name) for SKILL.md, o
2026-08-28 13:15:56,604 WARNING [20260828_034740_45cc9474] agent.tool_executor: Tool skill_manage returned error (0.03s): {"success": false, "error": "Skill '' not found in active profile 'default'. Use skills_list() to see available skills."}
2026-08-29 01:52:55,344 WARNING [20260828_134011_9f6b5b96] agent.tool_executor: Tool skill_manage returned error (0.00s): {"error": "file_content is required for 'write_file'.", "success": false}
2026-08-29 01:53:02,033 WARNING [20260828_134011_9f6b5b96] agent.tool_executor: Tool skill_manage returned error (0.00s): {"success": false, "error": "Refusing background curator patch for skill 'avito-tech-deals-tracker': the current SKILL.md content has not been loaded in this review turn. Call skill_view(name) for SKI
2026-08-29 02:00:41,591 WARNING cron.scheduler: Job 'c48346640ed9': SKIPPED — global inference config drifted since creation (model 'nemotron-3-super' -> 'glm-5.3-flash') and this job is unpinned. Skipped to prevent unintended spend. Pin explicitly to proceed: `cronjob action=update job_id=c48346640ed9 provider=<p> model=<m>`.
2026-08-29 02:00:41,599 ERROR cron.scheduler: Job 'GDELT daily fetch for Russia' failed: RuntimeError: Skipped to prevent unintended spend: global inference config drifted since this job was created (model 'nemotron-3-super' -> 'glm-5.3-flash'), and this job is unpinned. No inference call was made. To run on the new config, pin it explicitly: `cronjob action=update job_id=c48346640ed9 provider=<provider> model=<model>` (or pin the original values to keep them). See #44585.
2026-08-29 02:04:28,602 WARNING [20260828_134011_9f6b5b96] agent.tool_executor: Tool terminal returned error (0.27s): {"output": "Traceback (most recent call last):\n  File \"<stdin>\", line 11, in <module>\nKeyError: 'рейтинг'", "exit_code": 1, "error": null}
2026-08-29 02:13:31,894 WARNING [20260828_134011_9f6b5b96] agent.tool_executor: Tool terminal returned error (0.13s): {"output": "File \"<stdin>\", line 4\n    hdr=rows[0]; idx={h:i for i,h in enumerate(hdr))\n                                                   ^\nSyntaxError: closing parenthesis ')' does not match op
2026-08-29 02:13:52,115 WARNING [20260828_134011_9f6b5b96] agent.tool_executor: Tool memory returned error (0.00s): {"error": "Unknown action 'None'. Use: add, replace, remove", "success": false}
2026-08-29 02:13:53,121 WARNING [20260828_134011_9f6b5b96] agent.tool_executor: Tool skill_manage returned error (0.01s): {"success": false, "error": "Refusing background curator patch for skill 'avito-deal-tracking': the current SKILL.md content has not been loaded in this review turn. Call skill_view(name) for SKILL.md
2026-08-29 02:13:55,142 WARNING [20260828_134011_9f6b5b96] agent.tool_executor: Tool memory returned error (0.00s): {"success": false, "error": "After applying all 1 operations, memory would be at 1,747/1,375 chars -- over the limit. Remove or shorten more entries in the same batch (see current_entries below), then
2026-08-29 02:14:03,298 WARNING [20260828_134011_9f6b5b96] agent.tool_executor: Tool memory returned error (0.00s): {"success": false, "error": "After applying all 1 operations, memory would be at 1,709/1,375 chars -- over the limit. Remove or shorten more entries in the same batch (see current_entries below), then
2026-08-29 02:14:05,622 WARNING [20260828_134011_9f6b5b96] agent.tool_executor: Tool memory returned error (0.00s): {"success": false, "error": "Operation 1 (remove): no entry matched 'Mac deals: ~/mac_deals CSV+html → https://lnrgitg.github.io/mac-deals/ (репо LnrGitG/mac-deals). Бюджет до 310К, юзер в Сочи.'. No 
2026-08-29 02:14:07,805 WARNING [20260828_134011_9f6b5b96] agent.tool_executor: Tool memory returned error (0.00s): {"success": false, "done": true, "error": "Memory consolidation failed 4 times this turn. Stop retrying memory calls — leave memory unchanged for now and continue with your reply to the user. The fact
2026-08-29 02:41:56,891 WARNING [20260828_134011_9f6b5b96] agent.tool_executor: Tool skill_manage returned error (0.00s): {"success": false, "error": "Refusing background curator patch for skill 'avito-tech-deals-tracker': the current SKILL.md content has not been loaded in this review turn. Call skill_view(name) for SKI
2026-08-29 02:42:08,577 WARNING [20260828_134011_9f6b5b96] agent.tool_executor: Tool skill_manage returned error (0.01s): {"success": false, "error": "Refusing background curator patch for skill 'avito-tech-deals-tracker': the current references/market-anchors-2026-08.md content has not been loaded in this review turn. C
2026-08-29 03:10:28,929 WARNING [20260828_134011_9f6b5b96] agent.tool_executor: Tool web_extract returned error (2.56s): {
2026-08-29 03:18:54,618 WARNING [20260828_134011_9f6b5b96] agent.tool_executor: Tool terminal returned error (0.27s): {"output": "File \"<stdin>\", line 17\n    r[idx['заметки']]]\n                     ^\nSyntaxError: unmatched ']'", "exit_code": 1, "error": null}
2026-08-29 03:19:09,275 WARNING [20260828_134011_9f6b5b96] agent.tool_executor: Tool memory returned error (0.01s): {"success": false, "error": "After applying all 2 operations, memory would be at 2,843/2,640 chars -- over the limit. Remove or shorten more entries in the same batch (see current_entries below), then
2026-08-29 03:19:12,411 WARNING [20260828_134011_9f6b5b96] agent.tool_executor: Tool memory returned error (0.00s): {"success": false, "error": "After applying all 2 operations, memory would be at 2,834/2,640 chars -- over the limit. Remove or shorten more entries in the same batch (see current_entries below), then
2026-08-29 03:19:18,779 WARNING [20260828_134011_9f6b5b96] agent.tool_executor: Tool memory returned error (0.00s): {"success": false, "error": "After applying all 4 operations, memory would be at 2,684/2,640 chars -- over the limit. Remove or shorten more entries in the same batch (see current_entries below), then
2026-08-29 03:19:28,123 WARNING [20260828_134011_9f6b5b96] agent.tool_executor: Tool skill_manage returned error (0.01s): {"success": false, "error": "Refusing background curator patch for skill 'avito-deal-tracking': the current SKILL.md content has not been loaded in this review turn. Call skill_view(name) for SKILL.md
2026-08-29 03:42:00,003 WARNING [20260828_134011_9f6b5b96] agent.tool_executor: Tool execute_code returned error (0.00s): {"status": "error", "error": "BLOCKED: execute_code runs arbitrary local Python (including subprocess calls that bypass shell-string approval checks). Cron jobs run without a user present to approve i
2026-08-29 03:42:01,490 WARNING [20260828_134011_9f6b5b96] agent.tool_executor: Tool execute_code returned error (0.00s): {"status": "error", "error": "BLOCKED: execute_code runs arbitrary local Python (including subprocess calls that bypass shell-string approval checks). Cron jobs run without a user present to approve i
2026-08-29 03:48:53,129 WARNING [20260828_134011_9f6b5b96] agent.tool_executor: Tool execute_code returned error (0.00s): {"status": "error", "error": "BLOCKED: execute_code runs arbitrary local Python (including subprocess calls that bypass shell-string approval checks). Cron jobs run without a user present to approve i
2026-08-29 03:52:59,331 WARNING [20260828_134011_9f6b5b96] agent.tool_executor: Tool memory returned error (0.00s): {"success": false, "error": "Operation 1 (replace): no entry matched 'Mac deals: ~/mac_deals CSV+html → https://lnrgitg.github.io/mac-deals/ (репо LnrGitG/mac-deals). Бюджет до 310К, юзер в Сочи.'. No
2026-08-29 03:53:05,557 WARNING [20260828_134011_9f6b5b96] agent.tool_executor: Tool memory returned error (0.00s): {"success": false, "error": "After applying all 1 operations, memory would be at 2,920/2,640 chars -- over the limit. Remove or shorten more entries in the same batch (see current_entries below), then
2026-08-29 03:53:10,712 WARNING [20260828_134011_9f6b5b96] agent.tool_executor: Tool memory returned error (0.00s): {"success": false, "error": "After applying all 1 operations, memory would be at 2,809/2,640 chars -- over the limit. Remove or shorten more entries in the same batch (see current_entries below), then
2026-08-29 03:53:16,235 WARNING [20260828_134011_9f6b5b96] agent.tool_executor: Tool memory returned error (0.00s): {"success": false, "done": true, "error": "Memory consolidation failed 4 times this turn. Stop retrying memory calls — leave memory unchanged for now and continue with your reply to the user. The fact
2026-08-29 03:59:28,195 WARNING [20260828_134011_9f6b5b96] agent.tool_executor: Tool terminal returned error (0.35s): {"output": "Traceback (most recent call last):\n  File \"<stdin>\", line 19, in <module>\nNameError: name 'r' is not defined. Did you mean: 'r2'?", "exit_code": 1, "error": null}
2026-08-29 04:11:29,356 WARNING [20260828_134011_9f6b5b96] agent.tool_executor: Tool terminal returned error (0.47s): {"output": "Traceback (most recent call last):\n  File \"<stdin>\", line 26, in <module>\nTypeError: unsupported operand type(s) for /: 'str' and 'int'", "exit_code": 1, "error": null}
2026-08-29 06:48:25,367 WARNING [20260828_134011_9f6b5b96] agent.tool_executor: Tool memory returned error (0.00s): {"success": false, "error": "After applying all 2 operations, memory would be at 3,472/2,640 chars -- over the limit. Remove or shorten more entries in the same batch (see current_entries below), then
2026-08-29 06:48:31,464 WARNING [20260828_134011_9f6b5b96] agent.tool_executor: Tool memory returned error (0.00s): {"success": false, "error": "After applying all 2 operations, memory would be at 2,910/2,640 chars -- over the limit. Remove or shorten more entries in the same batch (see current_entries below), then
2026-08-29 06:48:36,280 WARNING [20260828_134011_9f6b5b96] agent.tool_executor: Tool memory returned error (0.00s): {"success": false, "error": "After applying all 2 operations, memory would be at 2,837/2,640 chars -- over the limit. Remove or shorten more entries in the same batch (see current_entries below), then
2026-08-29 13:04:25,822 WARNING [20260828_134011_9f6b5b96] agent.tool_executor: Tool execute_code returned error (0.00s): {"status": "error", "error": "BLOCKED: execute_code runs arbitrary local Python (including subprocess calls that bypass shell-string approval checks). Cron jobs run without a user present to approve i
2026-08-29 13:44:28,744 WARNING [20260828_134011_9f6b5b96] agent.tool_executor: Tool terminal returned error (0.87s): {"output": "curl: (60) SSL certificate problem: unable to get local issuer certificate\nMore details here: https://curl.se/docs/sslcerts.html\n\ncurl failed to verify the legitimacy of the server and 
2026-08-29 13:44:35,231 WARNING [20260828_134011_9f6b5b96] agent.tool_executor: Tool terminal returned error (3.54s): {"output": "-rw-rw-r-- 1 lnr lnr 1426626 Aug 29 13:44 metod_ipp-2023.pdf\n/usr/bin/bash: line 3: file: command not found", "exit_code": 127, "error": null, "approval": "Command was flagged (Security s
2026-08-29 13:45:08,888 WARNING [20260828_134011_9f6b5b96] agent.tool_executor: Tool terminal returned error (6.69s): {"output": "total 4084\ndrwxrwxr-x  2 lnr lnr   4096 Aug 29 13:45 .\ndrwxrwxr-x 11 lnr lnr   4096 Aug 22 19:38 ..\n-rw-rw-r--  1 lnr lnr 191488 Aug 19 07:43 Nezaversh_stroi_RF_2025.xls\n-rw-rw-r--  1 
2026-08-29 13:45:47,380 WARNING [20260828_134011_9f6b5b96] agent.tool_executor: Tool skill_manage returned error (0.02s): {"success": false, "error": "Refusing background curator patch for skill 'avito-deal-tracking': the current SKILL.md content has not been loaded in this review turn. Call skill_view(name) for SKILL.md
2026-08-29 13:45:56,333 WARNING [20260828_134011_9f6b5b96] agent.tool_executor: Tool skill_manage returned error (0.03s): {"success": false, "error": "Skill '' not found in active profile 'default'. Use skills_list() to see available skills."}
2026-08-29 13:56:47,044 WARNING [20260828_134011_9f6b5b96] agent.tool_executor: Tool terminal returned error (60.23s): {"output": "[Command timed out after 60s]", "exit_code": 124, "error": null}
2026-08-29 13:56:52,195 WARNING [20260828_134011_9f6b5b96] agent.tool_executor: Tool terminal returned error (0.00s): {"output": "", "exit_code": -1, "error": "Foreground command uses '&' backgrounding. Use terminal(background=true) for long-lived processes, then run health checks and tests in follow-up terminal call
2026-08-29 14:05:46,885 WARNING [20260828_134011_9f6b5b96] agent.tool_executor: Tool cronjob returned error (0.00s): {"error": "schedule is required for create", "success": false}
2026-08-29 14:05:58,979 WARNING [20260828_134011_9f6b5b96] agent.tool_executor: Tool memory returned error (0.01s): {"success": false, "error": "Operation 1 (replace): old_text is required. No operations were applied (batch is all-or-nothing).", "current_entries": ["User is a researcher/analyst working on Russian h
2026-08-29 14:06:02,752 WARNING [20260828_134011_9f6b5b96] agent.tool_executor: Tool memory returned error (0.00s): {"success": false, "error": "Operation 1 (replace): old_text is required. No operations were applied (batch is all-or-nothing).", "current_entries": ["User is a researcher/analyst working on Russian h
2026-08-29 14:06:06,321 WARNING [20260828_134011_9f6b5b96] agent.tool_executor: Tool memory returned error (0.00s): {"success": false, "error": "After applying all 1 operations, memory would be at 2,968/2,640 chars -- over the limit. Remove or shorten more entries in the same batch (see current_entries below), then
2026-08-29 14:06:09,922 WARNING [20260828_134011_9f6b5b96] agent.tool_executor: Tool memory returned error (0.00s): {"success": false, "done": true, "error": "Memory consolidation failed 4 times this turn. Stop retrying memory calls — leave memory unchanged for now and continue with your reply to the user. The fact
2026-08-29 14:06:33,169 WARNING [20260828_134011_9f6b5b96] agent.tool_executor: Tool read_file returned error (0.00s): {"error": "Background review denied non-whitelisted tool: read_file. Only memory/skill tools are allowed."}
2026-08-29 14:06:35,490 WARNING [20260828_134011_9f6b5b96] agent.tool_executor: Tool skill_view returned error (0.04s): {"success": false, "error": "File 'references/sources.md' not found in skill 'research-wiki-data-ingestion'.", "available_files": {"references": ["references/cbr-regional-lending-data.md", "references
2026-08-29 14:07:03,514 WARNING [20260828_134011_9f6b5b96] agent.tool_executor: Tool skill_manage returned error (0.01s): {"success": false, "error": "Refusing background curator patch for skill 'avito-tech-deals-tracker': the current SKILL.md content has not been loaded in this review turn. Call skill_view(name) for SKI
2026-08-29 16:26:38,151 WARNING [20260828_134011_9f6b5b96] agent.tool_executor: Tool terminal returned error (1.28s): {"output": "added\nThe following paths are ignored by one of your .gitignore files:\nraw/cbr/inf_note_mar_0521.pdf\nhint: Use -f if you really want to add them.\nhint: Turn this message off by running
2026-08-29 16:26:58,155 WARNING [20260828_134011_9f6b5b96] agent.tool_executor: Tool memory returned error (0.00s): {"success": false, "error": "After applying all 2 operations, memory would be at 3,646/2,640 chars -- over the limit. Remove or shorten more entries in the same batch (see current_entries below), then
2026-08-29 16:27:02,721 WARNING [20260828_134011_9f6b5b96] agent.tool_executor: Tool memory returned error (0.00s): {"success": false, "error": "After applying all 4 operations, memory would be at 3,324/2,640 chars -- over the limit. Remove or shorten more entries in the same batch (see current_entries below), then
2026-08-29 16:27:07,271 WARNING [20260828_134011_9f6b5b96] agent.tool_executor: Tool memory returned error (0.00s): {"success": false, "error": "After applying all 4 operations, memory would be at 3,177/2,640 chars -- over the limit. Remove or shorten more entries in the same batch (see current_entries below), then
2026-08-29 16:27:12,167 WARNING [20260828_134011_9f6b5b96] agent.tool_executor: Tool memory returned error (0.00s): {"success": false, "done": true, "error": "Memory consolidation failed 4 times this turn. Stop retrying memory calls — leave memory unchanged for now and continue with your reply to the user. The fact
2026-08-29 16:29:07,770 WARNING [20260828_134011_9f6b5b96] agent.tool_executor: Tool search_files returned error (0.00s): {"error": "Background review denied non-whitelisted tool: search_files. Only memory/skill tools are allowed."}
2026-08-29 16:29:09,796 WARNING [20260828_134011_9f6b5b96] agent.tool_executor: Tool read_file returned error (0.00s): {"error": "Background review denied non-whitelisted tool: read_file. Only memory/skill tools are allowed."}
2026-08-29 16:29:14,772 WARNING [20260828_134011_9f6b5b96] agent.tool_executor: Tool skill_manage returned error (0.28s): {"success": false, "error": "Could not find a match for old_string in the file\n\nDid you mean one of these sections?\n 450| - **Headers**: Row 0 = navigation (\"Перейти в начало\"), Row 1 = metric na
2026-08-29 16:47:48,012 WARNING [20260828_134011_9f6b5b96] agent.tool_executor: Tool terminal returned error (0.13s): {"output": "", "exit_code": 1, "error": null}
2026-08-29 16:50:22,971 WARNING [20260828_134011_9f6b5b96] agent.tool_executor: Tool terminal returned error (61.24s): {"output": "", "exit_code": -1, "error": "BLOCKED: Command timed out without user response. The user has NOT consented to this action. Do NOT retry this command, do NOT rephrase it, and do NOT attempt
2026-08-29 16:52:03,153 WARNING [20260828_134011_9f6b5b96] agent.tool_executor: Tool terminal returned error (61.87s): {"output": "", "exit_code": -1, "error": "BLOCKED: Command timed out without user response. The user has NOT consented to this action. Do NOT retry this command, do NOT rephrase it, and do NOT attempt
2026-08-29 16:52:05,221 WARNING [20260828_134011_9f6b5b96] agent.tool_executor: Tool terminal returned error (0.10s): {"output": "ls: cannot access 'g5.bin': No such file or directory", "exit_code": 2, "error": null}
2026-08-29 16:53:10,046 WARNING [20260828_134011_9f6b5b96] agent.tool_executor: Tool terminal returned error (61.97s): {"output": "", "exit_code": -1, "error": "BLOCKED: Command timed out without user response. The user has NOT consented to this action. Do NOT retry this command, do NOT rephrase it, and do NOT attempt
2026-08-29 16:54:45,664 WARNING [20260828_134011_9f6b5b96] agent.tool_executor: Tool terminal returned error (63.02s): {"output": "", "exit_code": -1, "error": "BLOCKED: Command timed out without user response. The user has NOT consented to this action. Do NOT retry this command, do NOT rephrase it, and do NOT attempt
2026-08-29 16:55:12,803 WARNING [20260828_134011_9f6b5b96] agent.tool_executor: Tool execute_code returned error (0.00s): {"status": "error", "error": "BLOCKED: execute_code runs arbitrary local Python (including subprocess calls that bypass shell-string approval checks). Cron jobs run without a user present to approve i
2026-08-29 16:56:09,292 WARNING [20260828_134011_9f6b5b96] agent.tool_executor: Tool terminal returned error (0.25s): {"output": "Traceback (most recent call last):\n  File \"<stdin>\", line 9, in <module>\nsqlite3.ProgrammingError: Incorrect number of bindings supplied. The current statement uses 6, and there are 5 
2026-08-29 16:58:11,304 WARNING [20260828_134011_9f6b5b96] agent.tool_executor: Tool read_file returned error (0.00s): {"error": "Background review denied non-whitelisted tool: read_file. Only memory/skill tools are allowed."}
2026-08-29 16:58:16,964 WARNING [20260828_134011_9f6b5b96] agent.tool_executor: Tool skill_manage returned error (0.02s): {"success": false, "error": "SKILL.md content is 100,780 characters (limit: 100,000). Consider splitting into a smaller SKILL.md with supporting files in references/ or templates/."}
2026-08-29 16:58:36,537 WARNING [20260828_134011_9f6b5b96] agent.tool_executor: Tool skill_manage returned error (0.02s): {"success": false, "error": "Refusing background curator patch for skill 'research-wiki-paper-ingestion': the current SKILL.md content has not been loaded in this review turn. Call skill_view(name) fo
2026-08-29 16:58:45,856 WARNING [20260828_134011_9f6b5b96] agent.tool_executor: Tool skill_view returned error (0.07s): {"success": false, "error": "Skill 'mac-deals-tracking' not found.", "available_skills": ["avito-deal-tracker", "computer-use", "concise-communication", "dogfood", "google-drive-data-transfer", "herme
2026-08-29 18:30:40,863 WARNING [20260828_134011_9f6b5b96] agent.tool_executor: Tool search_files returned error (0.00s): {"error": "Background review denied non-whitelisted tool: search_files. Only memory/skill tools are allowed."}
2026-08-29 18:30:43,471 WARNING [20260828_134011_9f6b5b96] agent.tool_executor: Tool read_file returned error (0.00s): {"error": "Background review denied non-whitelisted tool: read_file. Only memory/skill tools are allowed."}
2026-08-29 18:30:46,367 WARNING [20260828_134011_9f6b5b96] agent.tool_executor: Tool skill_view returned error (0.04s): {"error": "[Errno 21] Is a directory: '/home/lnr/.hermes/skills/research/research-wiki-data-ingestion/references'", "success": false}
2026-08-29 18:30:48,669 WARNING [20260828_134011_9f6b5b96] agent.tool_executor: Tool skill_view returned error (0.04s): {"success": false, "error": "File 'references/sources.md' not found in skill 'research-wiki-data-ingestion'.", "available_files": {"references": ["references/cbr-regional-lending-data.md", "references
2026-08-29 18:31:01,450 WARNING [20260828_134011_9f6b5b96] agent.tool_executor: Tool read_file returned error (0.00s): {"error": "Background review denied non-whitelisted tool: read_file. Only memory/skill tools are allowed."}
2026-08-29 18:48:31,432 WARNING [20260828_134011_9f6b5b96] agent.tool_executor: Tool terminal returned error (0.21s): {"output": "File \"<stdin>\", line 5\n    r3={},r4=None\n    ^^^^^\nSyntaxError: invalid syntax. Maybe you meant '==' or ':=' instead of '='?", "exit_code": 1, "error": null}
2026-08-29 18:49:33,813 WARNING [20260828_134011_9f6b5b96] agent.tool_executor: Tool terminal returned error (0.18s): {"output": "-rw-rw-r-- 1 lnr lnr 1569651 Aug 29 18:49 docs/data-summary.json\nThe following paths are ignored by one of your .gitignore files:\ndata/rosreestr_deals.db\nhint: Use -f if you really want
2026-08-29 18:52:00,728 WARNING [20260828_134011_9f6b5b96] agent.tool_executor: Tool search_files returned error (0.00s): {"error": "Background review denied non-whitelisted tool: search_files. Only memory/skill tools are allowed."}
2026-08-29 18:52:02,590 WARNING [20260828_134011_9f6b5b96] agent.tool_executor: Tool skill_view returned error (0.05s): {"success": false, "error": "File 'references/rosstat_regional.md' not found in skill 'research-wiki-data-ingestion'.", "available_files": {"references": ["references/cbr-regional-lending-data.md", "r
2026-08-29 18:52:16,087 WARNING [20260828_134011_9f6b5b96] agent.tool_executor: Tool skill_manage returned error (1.50s): {"success": false, "error": "Could not find a match for old_string in the file\n\nDid you mean one of these sections?\n1504| Росреестр CSVs), and pandas interop without copying data.\n1505| \n1506| ##
2026-08-29 18:52:23,176 WARNING [20260828_134011_9f6b5b96] agent.tool_executor: Tool skill_manage returned error (0.12s): {"success": false, "error": "Could not find a match for old_string in the file", "file_preview": "# Rosstat Industrial Production Indices (seasonal, regional) — 2026-08-29\n\nSource page: `rosstat.gov
2026-08-29 18:54:13,082 WARNING [20260828_134011_9f6b5b96] agent.tool_executor: Tool terminal returned error (0.24s): {"output": "File \"<stdin>\", line 6\n    vars housing|zhil|housing|dwell\n         ^^^^^^^\nSyntaxError: invalid syntax\n===\n===\nraw/cbr/qpm_ddkp/model/external_model.mod:0\nraw/cbr/qpm_ddkp/model/
2026-08-29 19:06:15,718 WARNING [20260828_134011_9f6b5b96] agent.tool_executor: Tool terminal returned error (0.48s): {"output": "Traceback (most recent call last):\n  File \"<stdin>\", line 48, in <module>\nFileNotFoundError: [Errno 2] No such file or directory: 'raw/cbr/qpm_ddkp/README.md'\nwarning: could not open 
2026-08-29 19:06:47,301 WARNING [20260828_134011_9f6b5b96] agent.tool_executor: Tool search_files returned error (0.00s): {"error": "Background review denied non-whitelisted tool: search_files. Only memory/skill tools are allowed."}
2026-08-29 19:06:51,702 WARNING [20260828_134011_9f6b5b96] agent.tool_executor: Tool skill_view returned error (0.04s): {"success": false, "error": "File 'references/industrial-production.md' not found in skill 'research-wiki-data-ingestion'.", "available_files": {"references": ["references/cbr-regional-lending-data.md
2026-08-29 19:07:19,959 WARNING [20260828_134011_9f6b5b96] agent.tool_executor: Tool skill_manage returned error (1.78s): {"success": false, "error": "Could not find a match for old_string in the file", "file_preview": "---\nname: research-wiki-data-ingestion\ndescription: |\n  Ingest structured data (CSV, XLSX, JSON, XM
2026-08-29 19:07:24,054 WARNING [20260828_134011_9f6b5b96] agent.tool_executor: Tool skill_manage returned error (0.00s): {"success": false, "error": "Unknown action ''. Use: create, edit, patch, delete, write_file, remove_file"}
2026-08-29 19:07:27,653 WARNING [20260828_134011_9f6b5b96] agent.tool_executor: Tool skill_manage returned error (0.35s): {"success": false, "error": "Could not find a match for old_string in the file\n\nDid you mean one of these sections?\n 712| - Government statistical infographics (GIS ЖКХ, Rosstat visualizations)\n 7
2026-08-29 19:07:32,998 WARNING [20260828_134011_9f6b5b96] agent.tool_executor: Tool skill_manage returned error (0.78s): {"success": false, "error": "Could not find a match for old_string in the file\n\nDid you mean one of these sections?\n 326| - `cbr_escrow_monthly`: 30,116 records (9 indicators, 86 regions, 2022-01 →
2026-08-29 19:07:37,381 WARNING [20260828_134011_9f6b5b96] agent.tool_executor: Tool skill_manage returned error (0.75s): {"success": false, "error": "Could not find a match for old_string in the file\n\nDid you mean one of these sections?\n1219| - **\"GitHub ↗\" link** at top for opening original on GitHub\n1220| - **En
2026-08-29 19:11:00,101 WARNING [20260828_134011_9f6b5b96] agent.tool_executor: Tool terminal returned error (1.28s): {"output": "Traceback (most recent call last):\n  File \"<stdin>\", line 27, in <module>\nsqlite3.OperationalError: table rosstat_buildings_yearbook has 6 columns but 5 values were supplied", "exit_co
2026-08-29 19:11:06,628 WARNING [20260828_134011_9f6b5b96] agent.tool_executor: Tool terminal returned error (1.25s): {"output": "Traceback (most recent call last):\n  File \"<stdin>\", line 21, in <module>\nsqlite3.OperationalError: 5 values for 6 columns", "exit_code": 1, "error": null}
2026-08-29 19:12:31,650 WARNING [20260828_134011_9f6b5b96] agent.tool_executor: Tool memory returned error (0.00s): {"success": false, "error": "Operation 1 (unknown): unknown action. Use add, replace, or remove. No operations were applied (batch is all-or-nothing).", "current_entries": ["User is a researcher/analy
2026-08-29 19:12:35,969 WARNING [20260828_134011_9f6b5b96] agent.tool_executor: Tool memory returned error (0.00s): {"success": false, "error": "After applying all 1 operations, memory would be at 2,958/2,640 chars -- over the limit. Remove or shorten more entries in the same batch (see current_entries below), then
2026-08-29 19:12:40,822 WARNING [20260828_134011_9f6b5b96] agent.tool_executor: Tool memory returned error (0.00s): {"success": false, "error": "After applying all 2 operations, memory would be at 2,745/2,640 chars -- over the limit. Remove or shorten more entries in the same batch (see current_entries below), then
2026-08-29 19:12:53,673 WARNING [20260828_134011_9f6b5b96] agent.tool_executor: Tool search_files returned error (0.00s): {"error": "Background review denied non-whitelisted tool: search_files. Only memory/skill tools are allowed."}
2026-08-29 19:13:10,040 WARNING [20260828_134011_9f6b5b96] agent.tool_executor: Tool skill_manage returned error (0.25s): {"success": false, "error": "Could not find a match for old_string in the file\n\nDid you mean one of these sections?\n  18| - **Normalized Parquet storage** in `data/processed/`\n  19| - **SQL query 
2026-08-29 19:13:48,426 WARNING [20260828_134011_9f6b5b96] agent.tool_executor: Tool skill_manage returned error (0.02s): {"success": false, "error": "SKILL.md content is 100,894 characters (limit: 100,000). Consider splitting into a smaller SKILL.md with supporting files in references/ or templates/."}
2026-08-29 19:13:50,551 WARNING [20260828_134011_9f6b5b96] agent.tool_executor: Tool skill_manage returned error (0.01s): {"error": "file_content is required for 'write_file'.", "success": false}
2026-08-29 19:20:03,197 WARNING [20260828_134011_9f6b5b96] agent.tool_executor: Tool terminal returned error (0.00s): {"output": "", "exit_code": -1, "error": "Foreground command uses '&' backgrounding. Use terminal(background=true) for long-lived processes, then run health checks and tests in follow-up terminal call
2026-08-29 19:20:18,757 WARNING [20260828_134011_9f6b5b96] agent.tool_executor: Tool terminal returned error (0.88s): {"output": "Traceback (most recent call last):\n  File \"/tmp/parse_vv_mosh.py\", line 61, in <module>\n    con.execute('INSERT OR REPLACE INTO rosstat_production_capacity_vvod (period,section,unit,to
2026-08-29 19:20:22,206 WARNING [20260828_134011_9f6b5b96] agent.tool_executor: Tool patch returned error (0.04s): {"success": false, "error": "old_string and new_string are identical"}
2026-08-29 19:20:26,041 WARNING [20260828_134011_9f6b5b96] agent.tool_executor: Tool patch returned error (0.02s): {"success": false, "error": "old_string and new_string are identical"}
2026-08-29 19:22:35,221 WARNING [20260828_134011_9f6b5b96] agent.tool_executor: Tool search_files returned error (0.00s): {"error": "Background review denied non-whitelisted tool: search_files. Only memory/skill tools are allowed."}
2026-08-29 19:22:37,559 WARNING [20260828_134011_9f6b5b96] agent.tool_executor: Tool read_file returned error (0.00s): {"error": "Background review denied non-whitelisted tool: read_file. Only memory/skill tools are allowed."}
2026-08-29 19:22:54,124 WARNING [20260828_134011_9f6b5b96] agent.tool_executor: Tool skill_manage returned error (0.36s): {"success": false, "error": "SKILL.md content is 100,191 characters (limit: 100,000). Consider splitting into a smaller SKILL.md with supporting files in references/ or templates/."}
2026-08-29 19:22:57,272 WARNING [20260828_134011_9f6b5b96] agent.tool_executor: Tool skill_view returned error (0.05s): {"success": false, "error": "File 'references/domrf-api.md' not found in skill 'research-wiki-data-ingestion'.", "available_files": {"references": ["references/cbr-regional-lending-data.md", "referenc
2026-08-29 19:23:05,705 WARNING [20260828_134011_9f6b5b96] agent.tool_executor: Tool skill_manage returned error (0.03s): {"success": false, "error": "Refusing background curator write_file for skill 'research-wiki-data-ingestion': the current references/domrf-price-index-api.md content has not been loaded in this review
2026-08-29 19:29:04,613 WARNING [20260828_134011_9f6b5b96] agent.tool_executor: Tool terminal returned error (1.22s): {"output": "HTTP 403\n80 e3.html\n0", "exit_code": 1, "error": null}
2026-08-29 19:29:17,079 WARNING [20260828_134011_9f6b5b96] agent.tool_executor: Tool web_extract returned error (3.92s): {
2026-08-29 19:29:58,236 WARNING [20260828_134011_9f6b5b96] agent.tool_executor: Tool terminal returned error (1.39s): {"output": "Traceback (most recent call last):\n  File \"<string>\", line 6, in <module>\n  File \"/home/lnr/.local/share/uv/python/cpython-3.11.15-linux-x86_64-gnu/lib/python3.11/json/__init__.py\", 
2026-08-29 19:30:45,848 WARNING [20260828_134011_9f6b5b96] agent.tool_executor: Tool skill_view returned error (0.06s): {"success": false, "error": "File 'references/sources.md' not found in skill 'research-wiki-data-ingestion'.", "available_files": {"references": ["references/cbr-regional-lending-data.md", "references
2026-08-29 19:42:11,846 WARNING [20260828_134011_9f6b5b96] agent.tool_executor: Tool terminal returned error (9.20s): {"output": "midas_ddu_wordstat.py\nwordstat_api.py\nwordstat_core_collect.py\nwordstat_core_index.py\n[]\ndata/regions_panel.db\ndata/rosreestr_deals.db\ndata/rosstat_construction.db", "exit_code": 2,
2026-08-29 19:43:21,843 WARNING [20260828_134011_9f6b5b96] agent.tool_executor: Tool terminal returned error (0.00s): {"output": "", "exit_code": -1, "error": "Foreground command uses '&' backgrounding. Use terminal(background=true) for long-lived processes, then run health checks and tests in follow-up terminal call
2026-08-29 19:45:17,043 WARNING [20260828_134011_9f6b5b96] agent.tool_executor: Tool terminal returned error (3.63s): {"output": "Traceback (most recent call last):\n  File \"<stdin>\", line 9, in <module>\n  File \"/home/lnr/.hermes/hermes-agent/venv/lib/python3.11/site-packages/pandas/core/generic.py\", line 6206, 
2026-08-29 19:45:25,473 WARNING [20260828_134011_9f6b5b96] agent.tool_executor: Tool terminal returned error (0.00s): {"output": "", "exit_code": -1, "error": "Foreground command uses '&' backgrounding. Use terminal(background=true) for long-lived processes, then run health checks and tests in follow-up terminal call
2026-08-29 19:50:07,726 WARNING [20260828_134011_9f6b5b96] agent.tool_executor: Tool skill_manage returned error (0.03s): {"success": false, "error": "Skill 'research/search-trends-data' not found in active profile 'default'. Use skills_list() to see available skills. Create it first with action='create'."}
2026-08-29 19:50:09,521 WARNING [20260828_134011_9f6b5b96] agent.tool_executor: Tool skill_manage returned error (0.00s): {"error": "content is required for 'create'. Provide the full SKILL.md text (frontmatter + body).", "success": false}
2026-08-29 19:54:35,070 WARNING [20260828_134011_9f6b5b96] agent.tool_executor: Tool memory returned error (0.00s): {"success": false, "error": "After applying all 1 operations, memory would be at 2,919/2,640 chars -- over the limit. Remove or shorten more entries in the same batch (see current_entries below), then
2026-08-29 19:54:39,402 WARNING [20260828_134011_9f6b5b96] agent.tool_executor: Tool memory returned error (0.00s): {"success": false, "error": "After applying all 2 operations, memory would be at 2,801/2,640 chars -- over the limit. Remove or shorten more entries in the same batch (see current_entries below), then
2026-08-29 19:54:45,481 WARNING [20260828_134011_9f6b5b96] agent.tool_executor: Tool memory returned error (0.00s): {"success": false, "error": "After applying all 3 operations, memory would be at 2,693/2,640 chars -- over the limit. Remove or shorten more entries in the same batch (see current_entries below), then
2026-08-29 20:05:49,323 WARNING [20260828_134011_9f6b5b96] agent.tool_executor: Tool terminal returned error (2.77s): {"output": "---", "exit_code": 1, "error": null, "exit_code_meaning": "No matches found (not an error)"}
2026-08-29 20:37:59,401 WARNING [20260828_134011_9f6b5b96] agent.tool_executor: Tool search_files returned error (0.00s): {"error": "Background review denied non-whitelisted tool: search_files. Only memory/skill tools are allowed."}
2026-08-29 20:38:01,151 WARNING [20260828_134011_9f6b5b96] agent.tool_executor: Tool read_file returned error (0.00s): {"error": "Background review denied non-whitelisted tool: read_file. Only memory/skill tools are allowed."}
2026-08-29 20:38:02,973 WARNING [20260828_134011_9f6b5b96] agent.tool_executor: Tool skill_view returned error (0.05s): {"error": "[Errno 21] Is a directory: '/home/lnr/.hermes/skills/research/research-wiki-data-ingestion/references'", "success": false}
2026-08-29 20:38:11,041 WARNING [20260828_134011_9f6b5b96] agent.tool_executor: Tool skill_manage returned error (0.03s): {"success": false, "error": "SKILL.md content is 100,062 characters (limit: 100,000). Consider splitting into a smaller SKILL.md with supporting files in references/ or templates/."}
2026-08-29 20:38:32,883 WARNING [20260828_134011_9f6b5b96] agent.tool_executor: Tool skill_manage returned error (0.03s): {"success": false, "error": "Skill '' not found in active profile 'default'. Use skills_list() to see available skills."}
2026-08-29 20:38:35,405 WARNING [20260828_134011_9f6b5b96] agent.tool_executor: Tool skill_manage returned error (0.02s): {"success": false, "error": "SKILL.md content is 100,203 characters (limit: 100,000). Consider splitting into a smaller SKILL.md with supporting files in references/ or templates/."}
2026-08-29 20:38:50,689 WARNING [20260828_134011_9f6b5b96] agent.tool_executor: Tool skill_manage returned error (0.03s): {"success": false, "error": "Skill '' not found in active profile 'default'. Use skills_list() to see available skills."}
2026-08-29 20:41:51,757 WARNING [20260828_134011_9f6b5b96] agent.tool_executor: Tool terminal returned error (62.84s): {"output": "", "exit_code": -1, "error": "BLOCKED: Command timed out without user response. The user has NOT consented to this action. Do NOT retry this command, do NOT rephrase it, and do NOT attempt
2026-08-29 20:48:05,050 WARNING [20260828_134011_9f6b5b96] agent.tool_executor: Tool read_file returned error (0.00s): {"error": "Background review denied non-whitelisted tool: read_file. Only memory/skill tools are allowed."}
2026-08-29 20:48:27,647 WARNING [20260828_134011_9f6b5b96] agent.tool_executor: Tool skill_manage returned error (0.03s): {"error": "file_content is required for 'write_file'.", "success": false}
2026-08-29 20:51:05,630 WARNING [20260828_134011_9f6b5b96] agent.tool_executor: Tool terminal returned error (10.44s): {"output": "[notice] To update, run: pip install --upgrade pip\nTraceback (most recent call last):\n  File \"<string>\", line 6, in <module>\nNameError: name 'src' is not defined. Did you mean: 'srcs'
2026-08-29 20:51:16,773 WARNING [20260828_134011_9f6b5b96] agent.tool_executor: Tool terminal returned error (1.79s): {"output": "pandasdmx 1.10.0 OK — SDMX 2.0/2.1 reader available\nTraceback (most recent call last):\n  File \"<stdin>\", line 8, in <module>\nTypeError: add_source() missing 1 required positional argu
2026-08-29 21:07:47,936 WARNING [20260828_134011_9f6b5b96] agent.tool_executor: Tool terminal returned error (7.64s): {"output": "[Command interrupted]", "exit_code": 130, "error": null, "approval": "Command was flagged (Security scan — [HIGH] Confusable Unicode characters in text: Content contains Unicode characters
2026-08-29 21:29:56,554 WARNING [20260828_134011_9f6b5b96] agent.tool_executor: Tool terminal returned error (0.35s): {"output": "Traceback (most recent call last):\n  File \"<stdin>\", line 2, in <module>\n  File \"/home/lnr/.hermes/hermes-agent/venv/lib/python3.11/site-packages/pymupdf/__init__.py\", line 3001, in 
2026-08-29 21:29:59,267 WARNING [20260828_134011_9f6b5b96] agent.tool_executor: Tool terminal returned error (0.00s): {"output": "", "exit_code": -1, "error": "Foreground command uses '&' backgrounding. Use terminal(background=true) for long-lived processes, then run health checks and tests in follow-up terminal call
2026-08-29 21:30:03,049 WARNING [20260828_134011_9f6b5b96] agent.tool_executor: Tool terminal returned error (0.60s): {"output": "Traceback (most recent call last):\n  File \"<stdin>\", line 2, in <module>\n  File \"/home/lnr/.hermes/hermes-agent/venv/lib/python3.11/site-packages/pymupdf/__init__.py\", line 3001, in 
2026-08-29 21:31:09,292 WARNING [20260828_134011_9f6b5b96] agent.tool_executor: Tool skill_manage returned error (0.14s): {"success": false, "error": "Skill 'nonexistent-probe' not found in active profile 'default'. Use skills_list() to see available skills."}
2026-08-29 21:31:40,866 WARNING [20260828_134011_9f6b5b96] agent.tool_executor: Tool skill_manage returned error (0.02s): {"success": false, "error": "Refusing background curator patch for skill 'vps-server-maintenance': the current SKILL.md content has not been loaded in this review turn. Call skill_view(name) for SKILL
2026-08-29 21:31:54,348 WARNING [20260828_134011_9f6b5b96] agent.tool_executor: Tool skill_manage returned error (0.01s): {"success": false, "error": "Refusing background curator patch for bundled skill 'ocr-and-documents'."}
2026-08-29 21:54:31,807 WARNING [20260828_134011_9f6b5b96] agent.tool_executor: Tool terminal returned error (0.80s): {"output": "Traceback (most recent call last):\n  File \"/home/lnr/.hermes/hermes-agent/venv/lib/python3.11/site-packages/pandas/io/sql.py\", line 2702, in execute\n    cur.execute(sql, *args)\nsqlite
2026-08-29 21:54:43,355 WARNING [20260828_134011_9f6b5b96] agent.tool_executor: Tool terminal returned error (0.86s): {"output": "=== RF: Rosreestr n vs DOM.RF monthly sums ===\n year  q         n     ndkp  domrf_q  ratio_n      gap\n 2021  1       NaN      NaN   126155      NaN      NaN\n 2021  2       NaN      NaN 
2026-08-29 21:54:51,865 WARNING [20260828_134011_9f6b5b96] agent.tool_executor: Tool terminal returned error (0.67s): {"output": "Traceback (most recent call last):\n  File \"/tmp/validate2.py\", line 18, in <module>\n    m = rr.merge(dq, on=['year', 'q'], how='outer').sort_values(['year', 'q'])\n        ^^^^^^^^^^^^
2026-08-29 21:54:55,274 WARNING [20260828_134011_9f6b5b96] agent.tool_executor: Tool terminal returned error (0.87s): {"output": "=== Sum of regions: Rosreestr vs DOM.RF ===\n year  q         n  domrf_q  ratio\n 2024  1  825935.0   105536   7.83\n 2024  2 1028668.0   186965   5.50\n 2024  3  840153.0    97522   8.62\
2026-08-29 21:55:02,875 WARNING [20260828_134011_9f6b5b96] agent.tool_executor: Tool terminal returned error (0.66s): {"output": "Traceback (most recent call last):\n  File \"/home/lnr/.hermes/hermes-agent/venv/lib/python3.11/site-packages/pandas/io/sql.py\", line 2702, in execute\n    cur.execute(sql, *args)\nsqlite
2026-08-29 21:55:06,335 WARNING [20260828_134011_9f6b5b96] agent.tool_executor: Tool terminal returned error (0.86s): {"output": "=== DOM.RF RF monthly deals by month-of-year (after DOM.RF cut deals=secondary-market?) ===\ny         2024     2025     2026\nmonth                           \n1      25406.0  25899.0  48
2026-08-29 21:55:18,760 WARNING [20260828_134011_9f6b5b96] agent.tool_executor: Tool terminal returned error (0.00s): {"output": "", "exit_code": -1, "error": "Foreground command uses '&' backgrounding. Use terminal(background=true) for long-lived processes, then run health checks and tests in follow-up terminal call
2026-08-29 21:56:28,607 WARNING [20260828_134011_9f6b5b96] agent.tool_executor: Tool skill_view returned error (0.04s): {"success": false, "error": "File 'references/emiss-access.md' not found in skill 'search-trends-data'.", "available_files": {"references": ["references/rosreestr-datasets.md", "references/validation-
2026-08-29 21:57:01,730 WARNING [20260828_134011_9f6b5b96] agent.tool_executor: Tool search_files returned error (0.00s): {"error": "Background review denied non-whitelisted tool: search_files. Only memory/skill tools are allowed."}
2026-08-29 21:57:14,077 WARNING [20260828_134011_9f6b5b96] agent.tool_executor: Tool skill_manage returned error (0.02s): {"success": false, "error": "File not found: references/custom-font-pdf-extraction.md"}
2026-08-29 21:57:28,893 WARNING [20260828_134011_9f6b5b96] agent.tool_executor: Tool skill_manage returned error (0.46s): {"success": false, "error": "Could not find a match for old_string in the file\n\nDid you mean one of these sections?\n 380| These methodology orders are direct documentation of MIDAS target rows — al
2026-08-29 22:01:30,654 WARNING [20260828_134011_9f6b5b96] agent.tool_executor: Tool process returned error (0.00s): {"status": "already_exited", "error": "Process has already finished"}
2026-08-29 22:01:37,752 WARNING [20260828_134011_9f6b5b96] agent.tool_executor: Tool terminal returned error (3.05s): {"output": "Traceback (most recent call last):\n  File \"<string>\", line 8, in <module>\n  File \"/home/lnr/.hermes/hermes-agent/venv/lib/python3.11/site-packages/pandas/core/frame.py\", line 12900, 
2026-08-29 22:03:53,497 WARNING [20260828_134011_9f6b5b96] agent.tool_executor: Tool read_file returned error (0.00s): {"error": "Background review denied non-whitelisted tool: read_file. Only memory/skill tools are allowed."}
2026-08-29 22:03:57,872 WARNING [20260828_134011_9f6b5b96] agent.tool_executor: Tool skill_manage returned error (0.04s): {"success": false, "error": "SKILL.md content is 100,343 characters (limit: 100,000). Consider splitting into a smaller SKILL.md with supporting files in references/ or templates/."}
2026-08-29 22:04:01,199 WARNING [20260828_134011_9f6b5b96] agent.tool_executor: Tool skill_manage returned error (0.02s): {"success": false, "error": "SKILL.md content is 100,212 characters (limit: 100,000). Consider splitting into a smaller SKILL.md with supporting files in references/ or templates/."}
2026-08-29 22:04:04,291 WARNING [20260828_134011_9f6b5b96] agent.tool_executor: Tool skill_manage returned error (0.02s): {"success": false, "error": "SKILL.md content is 100,083 characters (limit: 100,000). Consider splitting into a smaller SKILL.md with supporting files in references/ or templates/."}
2026-08-29 22:04:07,337 WARNING [20260828_134011_9f6b5b96] agent.tool_executor: Tool skill_manage returned error (0.02s): {"success": false, "error": "SKILL.md content is 100,091 characters (limit: 100,000). Consider splitting into a smaller SKILL.md with supporting files in references/ or templates/."}
2026-08-29 22:04:23,875 WARNING [20260828_134011_9f6b5b96] agent.tool_executor: Tool memory returned error (0.02s): {"success": false, "error": "After applying all 1 operations, memory would be at 2,721/2,640 chars -- over the limit. Remove or shorten more entries in the same batch (see current_entries below), then
2026-08-29 22:04:27,525 WARNING [20260828_134011_9f6b5b96] agent.tool_executor: Tool memory returned error (0.00s): {"success": false, "error": "After applying all 2 operations, memory would be at 2,704/2,640 chars -- over the limit. Remove or shorten more entries in the same batch (see current_entries below), then
2026-08-29 22:04:32,065 WARNING [20260828_134011_9f6b5b96] agent.tool_executor: Tool memory returned error (0.00s): {"success": false, "error": "After applying all 3 operations, memory would be at 2,649/2,640 chars -- over the limit. Remove or shorten more entries in the same batch (see current_entries below), then
2026-08-29 22:04:37,316 WARNING [20260828_134011_9f6b5b96] agent.tool_executor: Tool memory returned error (0.00s): {"error": "Invalid target 'USER'. Use 'memory' or 'user'.", "success": false}
2026-08-29 22:04:43,186 WARNING [20260828_134011_9f6b5b96] agent.tool_executor: Tool memory returned error (0.00s): {"success": false, "done": true, "error": "Memory consolidation failed 4 times this turn. Stop retrying memory calls — leave memory unchanged for now and continue with your reply to the user. The fact
2026-08-29 22:16:34,454 WARNING [20260828_134011_9f6b5b96] agent.tool_executor: Tool terminal returned error (0.75s): {"output": "== construction_volume_monthly_rf\n['report_year', 'report_month', 'period_label', 'value_bln_rub', 'yoy_pct', 'mom_pct', 'source']\n   report_year  report_month period_label  value_bln_ru
2026-08-29 22:16:37,589 WARNING [20260828_134011_9f6b5b96] agent.tool_executor: Tool terminal returned error (0.75s): {"output": "['section', 'indicator_code', 'indicator_name', 'region_name', 'region_level', 'oktmo', 'year', 'value', 'unit', 'source']\nTraceback (most recent call last):\n  File \"/home/lnr/.hermes/h
2026-08-29 22:16:47,499 WARNING [20260828_134011_9f6b5b96] agent.tool_executor: Tool terminal returned error (1.79s): {"output": "indicator_name    y0    y1  nr     n\n0   Индекс физического объема инвестиций в основной капитал  2001  2024  96  2304\n1  Индексы физического объема инвестиций в основной капитал  2005  
2026-08-29 22:18:14,445 WARNING [20260828_134011_9f6b5b96] agent.tool_executor: Tool skill_manage returned error (0.01s): {"error": "file_content is required for 'write_file'.", "success": false}
2026-08-29 22:18:30,685 WARNING [20260828_134011_9f6b5b96] agent.tool_executor: Tool search_files returned error (0.00s): {"error": "Background review denied non-whitelisted tool: search_files. Only memory/skill tools are allowed."}
2026-08-29 22:18:32,988 WARNING [20260828_134011_9f6b5b96] agent.tool_executor: Tool read_file returned error (0.00s): {"error": "Background review denied non-whitelisted tool: read_file. Only memory/skill tools are allowed."}
2026-08-29 22:39:44,285 WARNING [20260828_134011_9f6b5b96] agent.tool_executor: Tool terminal returned error (0.86s): {"output": "Traceback (most recent call last):\n  File \"/tmp/pilot2.py\", line 45, in <module>\n    cem['m']=cem['m'].astype(int); cem['q']=(cem['m']-1)//3+1\n             ^^^^^^^^^^^^^^^^^^^^\n  Fil
2026-08-29 22:39:47,916 WARNING [20260828_134011_9f6b5b96] agent.tool_executor: Tool terminal returned error (0.87s): {"output": "Traceback (most recent call last):\n  File \"/tmp/pilot2.py\", line 50, in <module>\n    m = ikv.merge(esc[['y','q','v_yoy']], on=['y','q'], how='left') \\\n        ^^^^^^^^^^^^^^^^^^^^^^^
2026-08-29 22:40:00,017 WARNING [20260828_134011_9f6b5b96] agent.tool_executor: Tool terminal returned error (0.85s): {"output": "Traceback (most recent call last):\n  File \"/tmp/pilot2.py\", line 51, in <module>\n    m = ikv.merge(esc[['y','q','v_yoy']], on=['y','q'], how='left') \\\n        ^^^^^^^^^^^^^^^^^^^^^^^
2026-08-29 22:40:08,607 WARNING [20260828_134011_9f6b5b96] agent.tool_executor: Tool terminal returned error (0.66s): {"output": "Traceback (most recent call last):\n  File \"/tmp/pilot2.py\", line 52, in <module>\n    m = ikv.merge(esc[['y','q','v_yoy']], on=['y','q'], how='left') \\\n        ^^^^^^^^^^^^^^^^^^^^^^^
2026-08-29 23:16:07,355 WARNING [20260828_134011_9f6b5b96] agent.tool_executor: Tool terminal returned error (0.00s): {"output": "", "exit_code": -1, "error": "Foreground command uses '&' backgrounding. Use terminal(background=true) for long-lived processes, then run health checks and tests in follow-up terminal call
2026-08-29 23:16:57,457 WARNING [20260828_134011_9f6b5b96] agent.tool_executor: Tool terminal returned error (0.00s): {"output": "", "exit_code": -1, "error": "Foreground command uses '&' backgrounding. Use terminal(background=true) for long-lived processes, then run health checks and tests in follow-up terminal call
2026-08-29 23:17:49,816 WARNING tools.url_safety: Blocked request — DNS resolution failed for: qubequ.com
2026-08-29 23:17:49,818 WARNING [20260828_134011_9f6b5b96] agent.tool_executor: Tool web_extract returned error (0.13s): {
2026-08-29 23:19:43,789 WARNING [20260828_134011_9f6b5b96] agent.tool_executor: Tool skill_manage returned error (0.01s): {"error": "file_content is required for 'write_file'.", "success": false}
2026-08-29 23:19:50,627 WARNING [20260828_134011_9f6b5b96] agent.tool_executor: Tool skill_manage returned error (0.01s): {"error": "file_content is required for 'write_file'.", "success": false}
2026-08-29 23:19:53,378 WARNING [20260828_134011_9f6b5b96] agent.tool_executor: Tool skill_manage returned error (0.01s): {"error": "file_content is required for 'write_file'.", "success": false}
2026-08-29 23:19:56,728 WARNING [20260828_134011_9f6b5b96] agent.tool_executor: Tool skill_manage returned error (0.01s): {"success": false, "error": "Refusing background curator patch for skill 'russia-macro-data-sources': the current SKILL.md content has not been loaded in this review turn. Call skill_view(name) for SK
2026-08-29 23:20:01,883 WARNING [20260828_134011_9f6b5b96] agent.tool_executor: Tool skill_manage returned error (0.01s): {"error": "file_content is required for 'write_file'.", "success": false}
2026-08-29 23:20:06,486 WARNING [20260828_134011_9f6b5b96] agent.tool_executor: Tool skill_manage returned error (0.02s): {"success": false, "error": "Skill '' not found in active profile 'default'. Use skills_list() to see available skills."}
2026-08-29 23:20:26,178 WARNING [20260828_134011_9f6b5b96] agent.tool_executor: Tool skill_manage returned error (0.02s): {"success": false, "error": "Refusing background curator patch for skill 'midas-nowcasting': the current SKILL.md content has not been loaded in this review turn. Call skill_view(name) for SKILL.md, o
2026-08-29 23:27:38,530 WARNING [20260828_134011_9f6b5b96] agent.tool_executor: Tool terminal returned error (0.19s): {"output": "Traceback (most recent call last):\n  File \"/tmp/roschart_search.py\", line 19, in <module>\n    d = q('/catalog' + qs)\n        ^^^^^^^^^^^^^^^^^^\n  File \"/tmp/roschart_search.py\", li
2026-08-29 23:28:11,360 WARNING [20260828_134011_9f6b5b96] agent.tool_executor: Tool terminal returned error (0.00s): {"output": "", "exit_code": -1, "error": "Foreground command uses '&' backgrounding. Use terminal(background=true) for long-lived processes, then run health checks and tests in follow-up terminal call
2026-08-29 23:28:17,285 WARNING [20260828_134011_9f6b5b96] agent.tool_executor: Tool terminal returned error (0.47s): {"output": "Traceback (most recent call last):\n  File \"/tmp/rosc5.py\", line 4, in <module>\n    with urllib.request.urlopen(req, timeout=30) as r:\n         ^^^^^^^^^^^^^^^^^^^^^^^^^^^^^^^^^^^^^^^\
2026-08-29 23:28:23,775 WARNING [20260828_134011_9f6b5b96] agent.tool_executor: Tool terminal returned error (0.20s): {"output": "Traceback (most recent call last):\n  File \"/tmp/rosc6.py\", line 10, in <module>\n    d = get('/catalog?' + urllib.parse.urlencode({'q': 'Объем инвестиций в основной капитал по всем', 'l
2026-08-29 23:28:29,625 WARNING [20260828_134011_9f6b5b96] agent.tool_executor: Tool terminal returned error (2.94s): {"output": "FULL ID: pogruzka-06-2026-obem-pogruzki-osnovnyh-vidov-gruzov-na-zhel\nTraceback (most recent call last):\n  File \"/tmp/rosc6.py\", line 13, in <module>\n    ds = get( 'https://roschart.r
2026-08-29 23:28:37,945 WARNING [20260828_134011_9f6b5b96] agent.tool_executor: Tool terminal returned error (2.26s): {"output": "Traceback (most recent call last):\n  File \"/tmp/rosc7.py\", line 12, in <module>\n    for it in d['items']:\n              ~^^^^^^^^^\nTypeError: string indices must be integers, not 'st
2026-08-29 23:29:06,971 WARNING [20260828_134011_9f6b5b96] agent.tool_executor: Tool terminal returned error (0.65s): {"output": "Traceback (most recent call last):\n  File \"/tmp/rosc_gdp.py\", line 11, in <module>\n    ds = get('https://roschart.ru/api/dataset/gdp-quarters-of-use-1995-1kv-2026-indeksy-fizicheskogo-
2026-08-29 23:34:37,422 WARNING [20260828_134011_9f6b5b96] agent.tool_executor: Tool terminal returned error (1.05s): {"output": "['vds-kvartal-okved2-s-2011-2026-valovaya-dobavlennaya-stoimos-5']\nTraceback (most recent call last):\n  File \"/tmp/vds_f.py\", line 15, in <module>\n    ds = get('https://roschart.ru/ap
2026-08-29 23:39:34,489 WARNING [20260828_134011_9f6b5b96] agent.tool_executor: Tool memory returned error (0.00s): {"success": false, "error": "Operation 1 (replace): no entry matched 'User prefers academically correct Russian phrasing, no jargon/slang ('regex-детекция' → 'поиск по шаблонам регулярных выражений')'
2026-08-29 23:39:38,718 WARNING [20260828_134011_9f6b5b96] agent.tool_executor: Tool memory returned error (0.00s): {"success": false, "error": "Operation 1 (replace): no entry matched 'User is a researcher/analyst working on Russian housing market economics. Maintains a research wiki (research-wiki repo) with pape
2026-08-29 23:39:41,923 WARNING [20260828_134011_9f6b5b96] agent.tool_executor: Tool memory returned error (0.00s): {"success": false, "error": "After applying all 1 operations, memory would be at 1,458/1,375 chars -- over the limit. Remove or shorten more entries in the same batch (see current_entries below), then
2026-08-29 23:39:44,875 WARNING [20260828_134011_9f6b5b96] agent.tool_executor: Tool memory returned error (0.00s): {"success": false, "done": true, "error": "Memory consolidation failed 4 times this turn. Stop retrying memory calls — leave memory unchanged for now and continue with your reply to the user. The fact
2026-08-29 23:41:55,554 WARNING [20260828_134011_9f6b5b96] agent.tool_executor: Tool memory returned error (0.00s): {"success": false, "error": "Operation 1 (replace): no entry matched 'Prefers academically correct Russian phrasing, no jargon/slang ('regex-детекция' → 'поиск по шаблонам регулярных выражений').'. No
2026-08-29 23:41:59,006 WARNING [20260828_134011_9f6b5b96] agent.tool_executor: Tool memory returned error (0.00s): {"success": false, "error": "After applying all 2 operations, memory would be at 3,173/2,640 chars -- over the limit. Remove or shorten more entries in the same batch (see current_entries below), then
2026-08-29 23:42:02,474 WARNING [20260828_134011_9f6b5b96] agent.tool_executor: Tool memory returned error (0.00s): {"success": false, "error": "After applying all 2 operations, memory would be at 2,914/2,640 chars -- over the limit. Remove or shorten more entries in the same batch (see current_entries below), then
2026-08-29 23:42:05,687 WARNING [20260828_134011_9f6b5b96] agent.tool_executor: Tool memory returned error (0.00s): {"success": false, "done": true, "error": "Memory consolidation failed 4 times this turn. Stop retrying memory calls — leave memory unchanged for now and continue with your reply to the user. The fact
2026-09-01 02:10:48,617 WARNING [20260831_192526_5c2de758] agent.tool_executor: Tool terminal returned error (4.29s): {"output": "Traceback (most recent call last):\n  File \"<string>\", line 13, in <module>\n  File \"<string>\", line 9, in walk\nAttributeError: 'NoneType' object has no attribute 'append'", "exit_cod
2026-09-01 02:14:20,021 WARNING [20260831_192526_5c2de758] agent.tool_executor: Tool terminal returned error (0.10s): {"output": "rosstat_construction.db", "exit_code": 1, "error": null}
2026-09-01 02:14:57,220 WARNING [20260831_192526_5c2de758] agent.tool_executor: Tool skill_manage returned error (0.01s): {"error": "file_content is required for 'write_file'.", "success": false}
2026-09-01 02:15:11,900 WARNING [20260831_192526_5c2de758] agent.tool_executor: Tool skill_manage returned error (0.01s): {"success": false, "error": "Refusing background curator patch for skill 'research-wiki-paper-ingestion': the current SKILL.md content has not been loaded in this review turn. Call skill_view(name) fo
2026-09-01 04:31:44,051 WARNING [20260831_192526_5c2de758] agent.tool_executor: Tool terminal returned error (6.11s): {"output": "", "exit_code": -1, "error": "BLOCKED: Command denied by user. The user has NOT consented to this action. Do NOT retry this command, do NOT rephrase it, and do NOT attempt the same outcome
2026-09-01 04:32:49,116 WARNING [20260831_192526_5c2de758] agent.tool_executor: Tool terminal returned error (61.04s): {"output": "", "exit_code": -1, "error": "BLOCKED: Command timed out without user response. The user has NOT consented to this action. Do NOT retry this command, do NOT rephrase it, and do NOT attempt
2026-09-01 04:32:50,594 WARNING [20260831_192526_5c2de758] agent.tool_executor: Tool read_file returned error (0.07s): {"content": "", "total_lines": 0, "file_size": 0, "truncated": false, "is_binary": false, "is_image": false, "error": "File not found: /tmp/nbp288.txt", "similar_files": ["/tmp/asl2.txt"]}
2026-09-01 04:43:25,566 WARNING [20260831_192526_5c2de758] agent.tool_executor: Tool terminal returned error (600.42s): {"output": "OK: 602 docs -> /home/lnr/research-wiki/scripts/../docs/paper-details.json (586 KB)\n[main 3f86aed] Rebuild paper-details.json after NBP WP 288 ingestion\n 1 file changed, 1 insertion(+), 
2026-09-01 04:43:48,912 WARNING [20260831_192526_5c2de758] agent.tool_executor: Tool skill_manage returned error (0.15s): {"success": false, "error": "Refusing background curator patch for skill 'research-wiki-paper-ingestion': the current SKILL.md content has not been loaded in this review turn. Call skill_view(name) fo
2026-09-01 05:01:06,408 WARNING [20260831_192526_5c2de758] agent.tool_executor: Tool memory returned error (0.02s): {"success": false, "error": "After applying all 1 operations, memory would be at 3,152/2,640 chars -- over the limit. Remove or shorten more entries in the same batch (see current_entries below), then
2026-09-01 05:01:09,862 WARNING [20260831_192526_5c2de758] agent.tool_executor: Tool memory returned error (0.00s): {"success": false, "error": "After applying all 1 operations, memory would be at 2,932/2,640 chars -- over the limit. Remove or shorten more entries in the same batch (see current_entries below), then
2026-09-01 05:01:13,315 WARNING [20260831_192526_5c2de758] agent.tool_executor: Tool memory returned error (0.00s): {"success": false, "error": "After applying all 1 operations, memory would be at 2,864/2,640 chars -- over the limit. Remove or shorten more entries in the same batch (see current_entries below), then
2026-09-01 05:01:18,543 WARNING [20260831_192526_5c2de758] agent.tool_executor: Tool memory returned error (0.00s): {"success": false, "done": true, "error": "Memory consolidation failed 4 times this turn. Stop retrying memory calls — leave memory unchanged for now and continue with your reply to the user. The fact
2026-09-01 05:30:10,136 WARNING [20260831_192526_5c2de758] agent.tool_executor: Tool skill_manage returned error (0.03s): {"success": false, "error": "old_string and new_string are identical", "file_preview": "---\nname: search-trends-data\ndescription: \"Ряды поисковых запросов для экономических индексов: Яндекс Вордста
2026-09-01 05:30:17,770 WARNING [20260831_192526_5c2de758] agent.tool_executor: Tool skill_manage returned error (0.15s): {"success": false, "error": "Could not find a match for old_string in the file\n\nDid you mean one of these sections?\n  54| - Google-индекс после 2025 систематически завышен из-за перетока доли поиск
2026-09-01 05:30:32,508 WARNING [20260831_192526_5c2de758] agent.tool_executor: Tool skill_manage returned error (0.01s): {"error": "file_content is required for 'write_file'.", "success": false}
2026-09-01 07:01:53,204 WARNING [cron_5f753e3c83e6_20260901_070027] agent.tool_executor: Tool terminal returned error (0.24s): {"output": "/usr/bin/bash: line 3: sqlite3: command not found", "exit_code": 127, "error": null}
2026-09-01 07:01:58,987 WARNING [cron_5f753e3c83e6_20260901_070027] agent.tool_executor: Tool terminal returned error (0.24s): {"output": "On branch main\nYour branch is up to date with 'origin/main'.\n\nUntracked files:\n  (use \"git add <file>...\" to include in what will be committed)\n\tdata/wordstat_infl_attention_subjec
2026-09-01 07:02:17,018 WARNING [cron_5f753e3c83e6_20260901_070027] agent.tool_executor: Tool terminal returned error (1.13s): {"output": "mortgage_monthly: 118182 rows, 2019-01-01 .. 2026-08-01\nescrow_monthly: 62561 rows, 2022-01-01 .. 2026-07-01\ncorporate_monthly: 78570 rows, 2019-01-01 .. 2026-07-01\nRF izhk_volume 2026-
2026-09-01 07:02:28,930 WARNING [cron_5f753e3c83e6_20260901_070027] agent.tool_executor: Tool terminal returned error (2.36s): {"output": "RF escrow_balance 2026-07: (7553282.206390167,)\nRF active_contracts_sum 2026-07: (24294341.132344425,)\nRF corporate debt (latest total): None\nTraceback (most recent call last):\n  File 
2026-09-01 08:08:26,326 WARNING [20260831_192526_5c2de758] agent.tool_executor: Tool terminal returned error (0.57s): {"output": "Traceback (most recent call last):\n  File \"/home/lnr/research-wiki/scripts/export_new_sources_dashboard.py\", line 23, in <module>\n    series = sorted((int(r['year']), float(r['rf_value
2026-09-01 08:09:39,978 WARNING [20260831_192526_5c2de758] agent.tool_executor: Tool skill_manage returned error (0.01s): {"success": false, "error": "Refusing background curator patch for skill 'research-wiki-paper-ingestion': the current SKILL.md content has not been loaded in this review turn. Call skill_view(name) fo
2026-09-01 08:09:54,452 WARNING [20260831_192526_5c2de758] agent.tool_executor: Tool skill_manage returned error (0.02s): {"success": false, "error": "Skill 'wordstat-regional-panel' not found in active profile 'default'. Use skills_list() to see available skills."}
2026-09-01 08:10:30,155 WARNING [20260831_192526_5c2de758] agent.tool_executor: Tool skill_manage returned error (0.19s): {"success": false, "error": "Could not find a match for old_string in the file\n\nDid you mean one of these sections?\n  22| Для РФ-экономики Вордстат первичен: абсолютные числа, резче ловит циклы, но
2026-09-01 14:24:01,564 WARNING [20260831_192526_5c2de758] agent.tool_executor: Tool skill_manage returned error (0.10s): {"success": false, "error": "Could not find a match for old_string in the file", "file_preview": "---\nname: research-wiki-data-ingestion\ndescription: |\n  Ingest structured data (CSV, XLSX, JSON, XM
2026-09-01 14:24:11,637 WARNING [20260831_192526_5c2de758] agent.tool_executor: Tool skill_manage returned error (0.07s): {"success": false, "error": "Could not find a match for old_string in the file\n\nDid you mean one of these sections?\n  24| - **Nowcasting-feasibility assessment** (see reference below)\n  25| \n  26
2026-09-01 14:47:52,536 WARNING [20260831_192526_5c2de758] agent.tool_executor: Tool memory returned error (0.17s): {"success": false, "error": "Operation 1 (unknown): unknown action. Use add, replace, or remove. No operations were applied (batch is all-or-nothing).", "current_entries": ["User is a researcher/analy
2026-09-01 14:48:01,211 WARNING [20260831_192526_5c2de758] agent.tool_executor: Tool memory returned error (0.02s): {"success": false, "error": "After applying all 3 operations, memory would be at 3,430/2,640 chars -- over the limit. Remove or shorten more entries in the same batch (see current_entries below), then
2026-09-01 14:48:10,782 WARNING [20260831_192526_5c2de758] agent.tool_executor: Tool memory returned error (0.00s): {"success": false, "error": "After applying all 4 operations, memory would be at 3,510/2,640 chars -- over the limit. Remove or shorten more entries in the same batch (see current_entries below), then
2026-09-01 14:48:17,497 WARNING [20260831_192526_5c2de758] agent.tool_executor: Tool memory returned error (0.00s): {"success": false, "done": true, "error": "Memory consolidation failed 4 times this turn. Stop retrying memory calls — leave memory unchanged for now and continue with your reply to the user. The fact
2026-09-01 14:55:31,539 WARNING [20260831_192526_5c2de758] agent.tool_executor: Tool terminal returned error (0.56s): {"output": "Traceback (most recent call last):\n  File \"<stdin>\", line 8, in <module>\n  File \"/home/lnr/.local/share/uv/python/cpython-3.11.15-linux-x86_64-gnu/lib/python3.11/urllib/request.py\", 
2026-09-01 14:55:54,951 WARNING [20260831_192526_5c2de758] agent.tool_executor: Tool memory returned error (0.00s): {"success": false, "error": "After applying all 1 operations, memory would be at 2,903/2,640 chars -- over the limit. Remove or shorten more entries in the same batch (see current_entries below), then
2026-09-01 15:01:42,081 WARNING [20260831_192526_5c2de758] agent.tool_executor: Tool terminal returned error (18.28s): {"output": "Traceback (most recent call last):\n  File \"<stdin>\", line 28, in <module>\nNameError: name 'new' is not defined", "exit_code": 1, "error": null, "approval": "Command was flagged (Securi
2026-09-01 15:02:01,263 WARNING [20260831_192526_5c2de758] agent.tool_executor: Tool terminal returned error (12.90s): {"output": "ok\nNameError: name 'find_txt_for_slug' is not defined\nsed: can't read papers/lyziak_pedersen_stanislawska_2022.abstract_ru.md: No such file or directory", "exit_code": 2, "error": null, 
2026-09-01 15:02:53,109 WARNING [20260831_192526_5c2de758] agent.tool_executor: Tool skill_manage returned error (0.04s): {"success": false, "error": "Refusing background curator patch for skill 'research-wiki-paper-ingestion': the current SKILL.md content has not been loaded in this review turn. Call skill_view(name) fo
2026-09-01 15:03:25,856 WARNING [20260831_192526_5c2de758] agent.tool_executor: Tool skill_manage returned error (0.02s): {"success": false, "error": "Skill '' not found in active profile 'default'. Use skills_list() to see available skills. Create it first with action='create'."}
2026-09-01 15:03:33,972 WARNING [20260831_192526_5c2de758] agent.tool_executor: Tool skill_manage returned error (0.01s): {"success": false, "error": "File must be under one of: assets, references, scripts, templates. Got: 'research/research-wiki-paper-ingestion/references/cbr-wp154-model-notes.md'"}
2026-09-01 15:03:41,749 WARNING [20260831_192526_5c2de758] agent.tool_executor: Tool skill_manage returned error (0.01s): {"error": "file_path is required for 'write_file'. Example: 'references/api-guide.md'", "success": false}
2026-09-01 15:12:29,284 WARNING [20260831_192526_5c2de758] agent.tool_executor: Tool terminal returned error (1.09s): {"output": "=== housing_input_operational_monthly (last 15) ===\nTraceback (most recent call last):\n  File \"/home/lnr/.hermes/hermes-agent/venv/lib/python3.11/site-packages/pandas/io/sql.py\", line 
2026-09-01 15:12:42,412 WARNING [20260831_192526_5c2de758] agent.tool_executor: Tool terminal returned error (0.76s): {"output": "=== ВНОК ИФО (gdp_use_ifo_quarterly, последние 10) ===\nTraceback (most recent call last):\n  File \"/home/lnr/.hermes/hermes-agent/venv/lib/python3.11/site-packages/pandas/io/sql.py\", li
2026-09-01 15:19:19,213 WARNING [20260831_192526_5c2de758] agent.tool_executor: Tool terminal returned error (0.75s): {"output": "Traceback (most recent call last):\n  File \"/home/lnr/.hermes/hermes-agent/venv/lib/python3.11/site-packages/pandas/io/sql.py\", line 2702, in execute\n    cur.execute(sql, *args)\nsqlite
2026-09-01 15:19:23,348 WARNING [20260831_192526_5c2de758] agent.tool_executor: Tool terminal returned error (0.89s): {"output": "['region', 'year', 'value', 'source']\nTraceback (most recent call last):\n  File \"<stdin>\", line 5, in <module>\nsqlite3.OperationalError: no such column: category", "exit_code": 1, "er
2026-09-01 15:19:49,356 WARNING [20260831_192526_5c2de758] agent.tool_executor: Tool terminal returned error (0.87s): {"output": "MCD 7m: 114.0% г/г (16,890 vs 14,814)\nMCD 2025 год: 41,978 (без янв) + ~янв\nMCD 2025 (год) = 44600.617\nQ3 MCD: A=112.0%, B=108.3%\nQ4 MCD: A=102.3%, B=98.9%\nTraceback (most recent call
2026-09-01 15:21:01,435 ERROR [20260831_192526_5c2de758] tools.vision_tools: Error analyzing image: image file not found: '/tmp/nowcast_p1.png'
2026-09-01 15:21:01,446 WARNING [20260831_192526_5c2de758] agent.tool_executor: Tool vision_analyze returned error (0.01s): {
2026-09-01 15:22:55,712 WARNING [20260831_192526_5c2de758] agent.tool_executor: Tool terminal returned error (0.24s): {"output": "The following paths are ignored by one of your .gitignore files:\nnowcast_investments_housing_sep2026.pdf\nhint: Use -f if you really want to add them.\nhint: Turn this message off by runn
2026-09-01 15:23:18,582 WARNING [20260831_192526_5c2de758] agent.tool_executor: Tool skill_manage returned error (0.02s): {"success": false, "error": "Refusing background curator patch for skill 'research-wiki-paper-ingestion': the current SKILL.md content has not been loaded in this review turn. Call skill_view(name) fo
2026-09-01 15:33:20,639 WARNING [20260831_192526_5c2de758] agent.tool_executor: Tool terminal returned error (0.25s): {"output": "", "exit_code": 1, "error": null}
2026-09-01 15:35:04,913 WARNING [20260831_192526_5c2de758] agent.tool_executor: Tool terminal returned error (20.82s): {"output": "000\npik 401\nsmlt 000\nlsr 000", "exit_code": 28, "error": null}
2026-09-01 15:36:33,387 WARNING [20260831_192526_5c2de758] agent.tool_executor: Tool skill_manage returned error (0.03s): {"success": false, "error": "Refusing background curator patch for skill 'research-wiki-paper-ingestion': the current SKILL.md content has not been loaded in this review turn. Call skill_view(name) fo
2026-09-01 15:45:58,569 WARNING [20260831_192526_5c2de758] agent.tool_executor: Tool terminal returned error (1.76s): {"output": "404 https://smart-lab.ru/company/PIKK/MSFO\n404 https://smart-lab.ru/company/SMLT/msfo\n-rw-rw-r-- 1 lnr lnr 13923 Sep  1 15:45 /tmp/sl_MSFO.html\n-rw-rw-r-- 1 lnr lnr 13923 Sep  1 15:45 /
2026-09-01 15:46:19,210 WARNING [20260831_192526_5c2de758] agent.tool_executor: Tool terminal returned error (0.00s): {"output": "", "exit_code": -1, "error": "Foreground command uses '&' backgrounding. Use terminal(background=true) for long-lived processes, then run health checks and tests in follow-up terminal call
2026-09-01 15:48:37,263 WARNING [20260831_192526_5c2de758] agent.tool_executor: Tool terminal returned error (0.00s): {"output": "", "exit_code": -1, "error": "Foreground command uses '&' backgrounding. Use terminal(background=true) for long-lived processes, then run health checks and tests in follow-up terminal call
2026-09-01 15:48:44,064 WARNING [20260831_192526_5c2de758] agent.tool_executor: Tool execute_code returned error (0.00s): {"status": "error", "error": "BLOCKED: execute_code runs arbitrary local Python (including subprocess calls that bypass shell-string approval checks). Cron jobs run without a user present to approve i
2026-09-01 15:55:32,259 WARNING [20260831_192526_5c2de758] agent.tool_executor: Tool skill_view returned error (0.04s): {"success": false, "error": "File 'references/fns-opendata-pipeline.md' not found in skill 'research-wiki-paper-ingestion'.", "available_files": {"references": ["references/yandex-translate-notes.md",
2026-09-01 15:55:43,398 WARNING [20260831_192526_5c2de758] agent.tool_executor: Tool skill_manage returned error (0.01s): {"success": false, "error": "Refusing background curator patch for skill 'research-wiki-paper-ingestion': the current SKILL.md content has not been loaded in this review turn. Call skill_view(name) fo
2026-09-01 16:08:52,181 WARNING [20260831_192526_5c2de758] agent.tool_executor: Tool web_extract returned error (58.11s): {
2026-09-01 16:09:33,754 WARNING [20260831_192526_5c2de758] agent.tool_executor: Tool terminal returned error (0.75s): {"output": "Traceback (most recent call last):\n  File \"/home/lnr/.hermes/hermes-agent/venv/lib/python3.11/site-packages/pandas/core/indexes/base.py\", line 3641, in get_loc\n    return self._engine.
2026-09-01 16:10:28,397 WARNING [20260831_192526_5c2de758] agent.tool_executor: Tool terminal returned error (0.97s): {"output": "Traceback (most recent call last):\n  File \"/home/lnr/.hermes/hermes-agent/venv/lib/python3.11/site-packages/pandas/io/sql.py\", line 2702, in execute\n    cur.execute(sql, *args)\nsqlite
2026-09-01 16:10:32,365 WARNING [20260831_192526_5c2de758] agent.tool_executor: Tool terminal returned error (0.75s): {"output": "['id', 'indicator_name', 'unit', 'category', 'source_file', 'sheet_name', 'description']\nTraceback (most recent call last):\n  File \"/home/lnr/.hermes/hermes-agent/venv/lib/python3.11/si
2026-09-01 16:10:46,986 WARNING [20260831_192526_5c2de758] agent.tool_executor: Tool terminal returned error (0.58s): {"output": "Traceback (most recent call last):\n  File \"/home/lnr/.local/share/uv/python/cpython-3.11.15-linux-x86_64-gnu/lib/python3.11/urllib/request.py\", line 1348, in do_open\n    h.request(req.
2026-09-01 16:11:14,067 WARNING [20260831_192526_5c2de758] agent.tool_executor: Tool terminal returned error (0.99s): {"output": "Traceback (most recent call last):\n  File \"<stdin>\", line 4, in <module>\n  File \"<stdin>\", line 4, in <dictcomp>\nValueError: invalid literal for int() with base 10: '20231) '", "exi
2026-09-01 16:12:23,280 WARNING [20260831_192526_5c2de758] agent.tool_executor: Tool skill_manage returned error (0.01s): {"error": "file_content is required for 'write_file'.", "success": false}
2026-09-01 16:12:28,709 WARNING [20260831_192526_5c2de758] agent.tool_executor: Tool skill_manage returned error (0.01s): {"error": "file_content is required for 'write_file'.", "success": false}
2026-09-01 16:12:34,434 WARNING [20260831_192526_5c2de758] agent.tool_executor: Tool skill_manage returned error (0.01s): {"error": "file_content is required for 'write_file'.", "success": false}
2026-09-01 16:12:41,208 WARNING [20260831_192526_5c2de758] agent.tool_executor: Tool skill_manage returned error (0.01s): {"error": "file_content is required for 'write_file'.", "success": false}
2026-09-01 16:12:56,862 WARNING [20260831_192526_5c2de758] agent.tool_executor: Tool skill_manage returned error (0.01s): {"success": false, "error": "Refusing background curator patch for skill 'research-wiki-paper-ingestion': the current references/nowcasting-investment-housing.md content has not been loaded in this re
2026-09-01 16:35:40,736 WARNING [20260831_192526_5c2de758] agent.tool_executor: Tool terminal returned error (0.67s): {"output": "Traceback (most recent call last):\n  File \"<stdin>\", line 4, in <module>\n  File \"<stdin>\", line 4, in <listcomp>\nValueError: could not convert string to float: '20221)'", "exit_code
2026-09-01 16:35:49,796 WARNING [20260831_192526_5c2de758] agent.tool_executor: Tool terminal returned error (1.06s): {"output": "Количество зданий, тыс.  в том числе:  жилого назначения  нежилого назначения  Общая площадь зданий, млн. м2  1) Без учета статистической информации по Донецкой Народной Республике (ДНР), 
2026-09-01 16:37:01,624 WARNING [20260831_192526_5c2de758] agent.tool_executor: Tool memory returned error (0.02s): {"success": false, "error": "Operation 4 (replace): no entry matched 'Mac сценарий (2026-08): гибрид малые локально + облако; эконометрика локально.'. No operations were applied (batch is all-or-nothi
2026-09-01 16:37:08,784 WARNING [20260831_192526_5c2de758] agent.tool_executor: Tool memory returned error (0.00s): {"success": false, "error": "After applying all 5 operations, memory would be at 3,659/2,640 chars -- over the limit. Remove or shorten more entries in the same batch (see current_entries below), then
2026-09-01 16:37:15,281 WARNING [20260831_192526_5c2de758] agent.tool_executor: Tool memory returned error (0.00s): {"success": false, "error": "After applying all 5 operations, memory would be at 3,269/2,640 chars -- over the limit. Remove or shorten more entries in the same batch (see current_entries below), then
2026-09-01 16:37:22,067 WARNING [20260831_192526_5c2de758] agent.tool_executor: Tool memory returned error (0.00s): {"success": false, "done": true, "error": "Memory consolidation failed 4 times this turn. Stop retrying memory calls — leave memory unchanged for now and continue with your reply to the user. The fact
2026-09-01 17:06:09,410 WARNING [20260831_192526_5c2de758] agent.tool_executor: Tool skill_manage returned error (0.01s): {"error": "file_content is required for 'write_file'.", "success": false}
2026-09-01 17:06:21,283 WARNING [20260831_192526_5c2de758] agent.tool_executor: Tool skill_manage returned error (0.01s): {"error": "file_content is required for 'write_file'.", "success": false}
2026-09-01 17:06:23,642 WARNING [20260831_192526_5c2de758] agent.tool_executor: Tool skill_manage returned error (0.01s): {"error": "file_content is required for 'write_file'.", "success": false}
2026-09-01 17:06:35,907 WARNING [20260831_192526_5c2de758] agent.tool_executor: Tool skill_manage returned error (0.01s): {"error": "file_path is required for 'write_file'. Example: 'references/api-guide.md'", "success": false}
2026-09-01 17:06:56,937 WARNING [20260831_192526_5c2de758] agent.tool_executor: Tool skill_manage returned error (0.01s): {"success": false, "error": "Refusing background curator patch for skill 'research-wiki-paper-ingestion': the current SKILL.md content has not been loaded in this review turn. Call skill_view(name) fo
2026-09-01 17:12:47,927 WARNING [20260831_192526_5c2de758] tools.registry: check_fn check_browser_requirements returned False; dependent tools will be unavailable this turn
2026-09-01 17:12:47,963 WARNING [20260831_192526_5c2de758] tools.registry: check_fn _browser_cdp_check returned False; dependent tools will be unavailable this turn
2026-09-01 17:12:47,987 WARNING [20260831_192526_5c2de758] tools.registry: check_fn _browser_dialog_check returned False; dependent tools will be unavailable this turn
2026-09-01 17:12:48,027 WARNING [20260831_192526_5c2de758] tools.registry: check_fn check_browser_vision_requirements returned False; dependent tools will be unavailable this turn
2026-09-01 17:12:48,028 WARNING [20260831_192526_5c2de758] tools.registry: check_fn check_close_terminal_requirements returned False; dependent tools will be unavailable this turn
2026-09-01 17:12:48,032 WARNING [20260831_192526_5c2de758] tools.registry: check_fn check_computer_use_requirements returned False; dependent tools will be unavailable this turn
2026-09-01 17:12:48,048 WARNING [20260831_192526_5c2de758] tools.registry: check_fn check_image_generation_requirements returned False; dependent tools will be unavailable this turn
2026-09-01 17:12:48,051 WARNING [20260831_192526_5c2de758] tools.registry: check_fn _check_kanban_mode returned False; dependent tools will be unavailable this turn
2026-09-01 17:12:48,054 WARNING [20260831_192526_5c2de758] tools.registry: check_fn _check_kanban_orchestrator_mode returned False; dependent tools will be unavailable this turn
2026-09-01 17:12:48,057 WARNING [20260831_192526_5c2de758] tools.registry: check_fn check_read_terminal_requirements returned False; dependent tools will be unavailable this turn
2026-09-01 17:12:48,084 WARNING [20260831_192526_5c2de758] tools.registry: check_fn check_tts_requirements returned False; dependent tools will be unavailable this turn
2026-09-01 17:13:13,068 WARNING [20260901_171304_c78910] agent.tool_executor: Tool terminal returned error (0.21s): {"output": "=== rosstat_construction.db ===\n=== cbr_lending.db ===\n=== developers_ifrs.db ===\n=== rosreestr_deals.db ===\n=== regions_panel.db ===", "exit_code": 127, "error": null}
2026-09-01 17:14:00,513 WARNING [20260901_171304_c78910] agent.tool_executor: Tool terminal returned error (4.37s): {"output": "HTTP:000\n---socks---\n\nHTTP:000", "exit_code": 35, "error": null}
2026-09-01 17:16:41,565 WARNING [20260901_171248_6c42b5] agent.tool_executor: Tool terminal returned error (102.87s): {"output": "=== https://minstroyrf.gov.ru/ ===\nhttp=000 dns=0.136836 connect=0.000000 total=25.002271\n=== https://roskazna.gov.ru/ ===\nhttp=000 dns=0.047522 connect=2.146937 total=2.188806\n=== htt
2026-09-01 17:21:44,549 WARNING [20260901_171248_6c42b5] agent.tool_executor: Tool web_extract returned error (45.60s): {
2026-09-01 17:22:52,604 WARNING [20260901_171304_c78910] agent.tool_executor: Tool terminal returned error (93.64s): {"output": "", "exit_code": -1, "error": "", "status": "pending_approval", "approval_pending": true, "command": "cd /tmp && for u in \\\n  \"https://xn--90an6b.xn--d1aqf.xn--p1ai/\" \\\n  \"https://xn
2026-09-01 17:23:32,624 WARNING [20260901_171248_6c42b5] agent.tool_executor: Tool terminal returned error (103.94s): {"output": "=== Rosreestr DDU page ===\n000\n=== Rosreestr root -k ===\n000\n=== roskazna budget execution page ===\n200\n=== minstroyrf -k ===\n000\n=== economy.gov.ru -k ===\n000\n=== minpromtorg -k
2026-09-01 17:23:59,403 WARNING [20260831_192526_5c2de758] agent.tool_executor: Tool terminal returned error (153.62s): {"output": "", "exit_code": -1, "error": "BLOCKED: Command timed out without user response. The user has NOT consented to this action. Do NOT retry this command, do NOT rephrase it, and do NOT attempt
2026-09-01 17:26:13,064 WARNING [20260901_171248_6c42b5] agent.tool_executor: Tool terminal returned error (18.56s): {"output": "=== CBR monitoring survey xlsx download ===\nhttp=200 size=2176921\n\n=== DOM.RF xlsx head (first sheet names) ===\nsheets: ['общая таблица_помесячно']\n\n=== akvarel correct punycode ===\
2026-09-01 17:29:32,224 WARNING [20260901_171248_6c42b5] agent.tool_executor: Tool web_extract returned error (36.04s): {
2026-09-01 17:30:51,104 WARNING [20260901_171248_6c42b5] agent.tool_executor: Tool terminal returned error (1.16s): {"output": "", "exit_code": -1, "error": "", "status": "pending_approval", "approval_pending": true, "command": "cd /tmp && python3 -c \"\nimport pandas as pd\nxl = pd.ExcelFile('rk_extract/Отчет об и
2026-09-01 17:32:42,481 WARNING [20260901_171248_6c42b5] agent.tool_executor: Tool terminal returned error (64.18s): {"output": "=== CBR mortgage bulletin (ежемесячный бюллетень) ===\n200\n=== CBR vestnik follow ===\n200 -> https://www.cbr.ru/about_br/publ/vestnik/year/2026\n=== minstroyrf retry (longer) ===\n000 dn
2026-09-01 17:33:24,610 WARNING [20260901_171248_6c42b5] agent.tool_executor: Tool terminal returned error (5.62s): {"output": "=== CBR mortgage bulletin PDF download ===\nhttp=200 size=1003270\n=== DOM.RF weekly competitive analysis download ===\nhttp=200 size=432941 type=application/pdf", "exit_code": 127, "error
2026-09-01 18:02:56,670 WARNING [20260831_192526_5c2de758] agent.conversation_loop: API call failed (attempt 1/3) error_type=RateLimitError thread=hermes-gateway_0:137018496505536 provider=ollama-cloud base_url=https://ollama.com/v1 model=glm-5.3-flash summary=HTTP 429: you (gabdullinlenar) have reached your session usage limit, upgrade for higher limits: https://ollama.com/upgrade or add extra usage: https://ollama.com/settings (ref: 678982f8-0af2-41d1-8142-ab3e7890a77c)
2026-09-01 18:02:56,677 WARNING [20260831_192526_5c2de758] agent.conversation_loop: Retrying API call in 2.533505586835491s (attempt 1/3) thread=hermes-gateway_0:137018496505536 provider=ollama-cloud base_url=https://ollama.com/v1 model=glm-5.3-flash policy=default error=Error code: 429 - {'error': {'message': 'you (gabdullinlenar) have reached your session usage limit, upgrade for higher limits: https://ollama.com/upgrade or add extra usage: https://ollama.com/settings (ref: 678982f8-0af2-41d1-8142-ab3e7890a77c)', 'type': 'api_error', 'param': None, 'code': None}}
2026-09-01 18:03:00,325 WARNING [20260831_192526_5c2de758] agent.conversation_loop: API call failed (attempt 2/3) error_type=RateLimitError thread=hermes-gateway_0:137018496505536 provider=ollama-cloud base_url=https://ollama.com/v1 model=glm-5.3-flash summary=HTTP 429: you (gabdullinlenar) have reached your session usage limit, upgrade for higher limits: https://ollama.com/upgrade or add extra usage: https://ollama.com/settings (ref: 813c27e4-3f10-463a-9439-e39230dba5a2)
2026-09-01 18:03:00,328 WARNING [20260831_192526_5c2de758] agent.conversation_loop: Retrying API call in 5.431502785248724s (attempt 2/3) thread=hermes-gateway_0:137018496505536 provider=ollama-cloud base_url=https://ollama.com/v1 model=glm-5.3-flash policy=default error=Error code: 429 - {'error': {'message': 'you (gabdullinlenar) have reached your session usage limit, upgrade for higher limits: https://ollama.com/upgrade or add extra usage: https://ollama.com/settings (ref: 813c27e4-3f10-463a-9439-e39230dba5a2)', 'type': 'api_error', 'param': None, 'code': None}}
2026-09-01 18:03:06,700 WARNING [20260831_192526_5c2de758] agent.conversation_loop: API call failed (attempt 3/3) error_type=RateLimitError thread=hermes-gateway_0:137018496505536 provider=ollama-cloud base_url=https://ollama.com/v1 model=glm-5.3-flash summary=HTTP 429: you (gabdullinlenar) have reached your session usage limit, upgrade for higher limits: https://ollama.com/upgrade or add extra usage: https://ollama.com/settings (ref: 7db2bf05-2f0d-4b48-b676-daf8260cd831)
2026-09-01 18:03:06,713 ERROR [20260831_192526_5c2de758] agent.conversation_loop: API call failed after 3 retries. HTTP 429: you (gabdullinlenar) have reached your session usage limit, upgrade for higher limits: https://ollama.com/upgrade or add extra usage: https://ollama.com/settings (ref: 7db2bf05-2f0d-4b48-b676-daf8260cd831) | provider=ollama-cloud model=glm-5.3-flash msgs=449 tokens=~163,528
2026-09-01 18:10:53,230 WARNING [20260831_192526_5c2de758] agent.conversation_loop: API call failed (attempt 1/3) error_type=RateLimitError thread=hermes-gateway_0:137018496505536 provider=ollama-cloud base_url=https://ollama.com/v1 model=glm-5.3-flash summary=HTTP 429: you (gabdullinlenar) have reached your session usage limit, upgrade for higher limits: https://ollama.com/upgrade or add extra usage: https://ollama.com/settings (ref: 105a5393-d971-4b2f-b3b4-96eb668c9137)
2026-09-01 18:10:53,231 WARNING [20260831_192526_5c2de758] agent.conversation_loop: Retrying API call in 2.431413704023612s (attempt 1/3) thread=hermes-gateway_0:137018496505536 provider=ollama-cloud base_url=https://ollama.com/v1 model=glm-5.3-flash policy=default error=Error code: 429 - {'error': {'message': 'you (gabdullinlenar) have reached your session usage limit, upgrade for higher limits: https://ollama.com/upgrade or add extra usage: https://ollama.com/settings (ref: 105a5393-d971-4b2f-b3b4-96eb668c9137)', 'type': 'api_error', 'param': None, 'code': None}}
2026-09-01 18:10:56,567 WARNING [20260831_192526_5c2de758] agent.conversation_loop: API call failed (attempt 2/3) error_type=RateLimitError thread=hermes-gateway_0:137018496505536 provider=ollama-cloud base_url=https://ollama.com/v1 model=glm-5.3-flash summary=HTTP 429: you (gabdullinlenar) have reached your session usage limit, upgrade for higher limits: https://ollama.com/upgrade or add extra usage: https://ollama.com/settings (ref: 4f408b74-cc93-4aa9-8698-7be9b3c53a3f)
2026-09-01 18:10:56,568 WARNING [20260831_192526_5c2de758] agent.conversation_loop: Retrying API call in 5.9736019577834645s (attempt 2/3) thread=hermes-gateway_0:137018496505536 provider=ollama-cloud base_url=https://ollama.com/v1 model=glm-5.3-flash policy=default error=Error code: 429 - {'error': {'message': 'you (gabdullinlenar) have reached your session usage limit, upgrade for higher limits: https://ollama.com/upgrade or add extra usage: https://ollama.com/settings (ref: 4f408b74-cc93-4aa9-8698-7be9b3c53a3f)', 'type': 'api_error', 'param': None, 'code': None}}
2026-09-01 18:11:03,338 WARNING [20260831_192526_5c2de758] agent.conversation_loop: API call failed (attempt 3/3) error_type=RateLimitError thread=hermes-gateway_0:137018496505536 provider=ollama-cloud base_url=https://ollama.com/v1 model=glm-5.3-flash summary=HTTP 429: you (gabdullinlenar) have reached your session usage limit, upgrade for higher limits: https://ollama.com/upgrade or add extra usage: https://ollama.com/settings (ref: dad3e89c-7df4-4921-b093-68bd9abca1a6)
2026-09-01 18:11:03,355 ERROR [20260831_192526_5c2de758] agent.conversation_loop: API call failed after 3 retries. HTTP 429: you (gabdullinlenar) have reached your session usage limit, upgrade for higher limits: https://ollama.com/upgrade or add extra usage: https://ollama.com/settings (ref: dad3e89c-7df4-4921-b093-68bd9abca1a6) | provider=ollama-cloud model=glm-5.3-flash msgs=449 tokens=~163,588
2026-09-01 18:13:47,783 WARNING [20260831_192526_5c2de758] agent.conversation_loop: API call failed (attempt 1/3) error_type=RateLimitError thread=hermes-gateway_0:137018496505536 provider=ollama-cloud base_url=https://ollama.com/v1 model=glm-5.3-flash summary=HTTP 429: you (gabdullinlenar) have reached your session usage limit, upgrade for higher limits: https://ollama.com/upgrade or add extra usage: https://ollama.com/settings (ref: af615932-d32e-4fe1-b3b0-78077fc724f9)
2026-09-01 18:13:47,783 WARNING [20260831_192526_5c2de758] agent.conversation_loop: Retrying API call in 2.8227644229507156s (attempt 1/3) thread=hermes-gateway_0:137018496505536 provider=ollama-cloud base_url=https://ollama.com/v1 model=glm-5.3-flash policy=default error=Error code: 429 - {'error': {'message': 'you (gabdullinlenar) have reached your session usage limit, upgrade for higher limits: https://ollama.com/upgrade or add extra usage: https://ollama.com/settings (ref: af615932-d32e-4fe1-b3b0-78077fc724f9)', 'type': 'api_error', 'param': None, 'code': None}}
2026-09-01 18:13:51,567 WARNING [20260831_192526_5c2de758] agent.conversation_loop: API call failed (attempt 2/3) error_type=RateLimitError thread=hermes-gateway_0:137018496505536 provider=ollama-cloud base_url=https://ollama.com/v1 model=glm-5.3-flash summary=HTTP 429: you (gabdullinlenar) have reached your session usage limit, upgrade for higher limits: https://ollama.com/upgrade or add extra usage: https://ollama.com/settings (ref: 069e1e6a-dbe7-468a-b9f8-b44f6f052241)
2026-09-01 18:13:51,570 WARNING [20260831_192526_5c2de758] agent.conversation_loop: Retrying API call in 4.550051568434976s (attempt 2/3) thread=hermes-gateway_0:137018496505536 provider=ollama-cloud base_url=https://ollama.com/v1 model=glm-5.3-flash policy=default error=Error code: 429 - {'error': {'message': 'you (gabdullinlenar) have reached your session usage limit, upgrade for higher limits: https://ollama.com/upgrade or add extra usage: https://ollama.com/settings (ref: 069e1e6a-dbe7-468a-b9f8-b44f6f052241)', 'type': 'api_error', 'param': None, 'code': None}}
2026-09-01 18:13:56,911 WARNING [20260831_192526_5c2de758] agent.conversation_loop: API call failed (attempt 3/3) error_type=RateLimitError thread=hermes-gateway_0:137018496505536 provider=ollama-cloud base_url=https://ollama.com/v1 model=glm-5.3-flash summary=HTTP 429: you (gabdullinlenar) have reached your session usage limit, upgrade for higher limits: https://ollama.com/upgrade or add extra usage: https://ollama.com/settings (ref: a0e9eabc-1938-411c-aa42-c0a742bf8edc)
2026-09-01 18:13:56,931 ERROR [20260831_192526_5c2de758] agent.conversation_loop: API call failed after 3 retries. HTTP 429: you (gabdullinlenar) have reached your session usage limit, upgrade for higher limits: https://ollama.com/upgrade or add extra usage: https://ollama.com/settings (ref: a0e9eabc-1938-411c-aa42-c0a742bf8edc) | provider=ollama-cloud model=glm-5.3-flash msgs=449 tokens=~163,649
2026-09-01 18:25:17,067 WARNING [20260831_192526_5c2de758] tools.registry: check_fn check_browser_requirements returned False; dependent tools will be unavailable this turn
2026-09-01 18:25:17,074 WARNING [20260831_192526_5c2de758] tools.registry: check_fn _browser_cdp_check returned False; dependent tools will be unavailable this turn
2026-09-01 18:25:17,081 WARNING [20260831_192526_5c2de758] tools.registry: check_fn _browser_dialog_check returned False; dependent tools will be unavailable this turn
2026-09-01 18:25:17,087 WARNING [20260831_192526_5c2de758] tools.registry: check_fn check_browser_vision_requirements returned False; dependent tools will be unavailable this turn
2026-09-01 18:25:17,087 WARNING [20260831_192526_5c2de758] tools.registry: check_fn check_close_terminal_requirements returned False; dependent tools will be unavailable this turn
2026-09-01 18:25:17,088 WARNING [20260831_192526_5c2de758] tools.registry: check_fn check_computer_use_requirements returned False; dependent tools will be unavailable this turn
2026-09-01 18:25:17,100 WARNING [20260831_192526_5c2de758] tools.registry: check_fn check_image_generation_requirements returned False; dependent tools will be unavailable this turn
2026-09-01 18:25:17,102 WARNING [20260831_192526_5c2de758] tools.registry: check_fn _check_kanban_mode returned False; dependent tools will be unavailable this turn
2026-09-01 18:25:17,104 WARNING [20260831_192526_5c2de758] tools.registry: check_fn _check_kanban_orchestrator_mode returned False; dependent tools will be unavailable this turn
2026-09-01 18:25:17,105 WARNING [20260831_192526_5c2de758] tools.registry: check_fn check_read_terminal_requirements returned False; dependent tools will be unavailable this turn
2026-09-01 18:25:17,111 WARNING [20260831_192526_5c2de758] tools.registry: check_fn check_tts_requirements returned False; dependent tools will be unavailable this turn
2026-09-01 18:25:17,158 WARNING [20260831_192526_5c2de758] agent.conversation_loop: Stored system prompt for session 20260831_192526_5c2de758 is null; rebuilding from scratch this turn. Prefix cache will miss until the rebuild persists. Investigate the previous turn's update_system_prompt write path.
2026-09-01 18:25:34,312 WARNING [20260831_192526_5c2de758] agent.tool_executor: Tool execute_code returned error (0.00s): {"status": "error", "error": "BLOCKED: execute_code runs arbitrary local Python (including subprocess calls that bypass shell-string approval checks). Cron jobs run without a user present to approve i
2026-09-02 03:19:34,212 WARNING [20260901_182816_6be868b5] tools.registry: check_fn check_browser_requirements returned False; dependent tools will be unavailable this turn
2026-09-02 03:19:34,217 WARNING [20260901_182816_6be868b5] tools.registry: check_fn _browser_cdp_check returned False; dependent tools will be unavailable this turn
2026-09-02 03:19:34,221 WARNING [20260901_182816_6be868b5] tools.registry: check_fn _browser_dialog_check returned False; dependent tools will be unavailable this turn
2026-09-02 03:19:34,226 WARNING [20260901_182816_6be868b5] tools.registry: check_fn check_browser_vision_requirements returned False; dependent tools will be unavailable this turn
2026-09-02 03:19:34,226 WARNING [20260901_182816_6be868b5] tools.registry: check_fn check_close_terminal_requirements returned False; dependent tools will be unavailable this turn
2026-09-02 03:19:34,226 WARNING [20260901_182816_6be868b5] tools.registry: check_fn check_computer_use_requirements returned False; dependent tools will be unavailable this turn
2026-09-02 03:19:34,234 WARNING [20260901_182816_6be868b5] tools.registry: check_fn check_image_generation_requirements returned False; dependent tools will be unavailable this turn
2026-09-02 03:19:34,236 WARNING [20260901_182816_6be868b5] tools.registry: check_fn _check_kanban_mode returned False; dependent tools will be unavailable this turn
2026-09-02 03:19:34,238 WARNING [20260901_182816_6be868b5] tools.registry: check_fn _check_kanban_orchestrator_mode returned False; dependent tools will be unavailable this turn
2026-09-02 03:19:34,238 WARNING [20260901_182816_6be868b5] tools.registry: check_fn check_read_terminal_requirements returned False; dependent tools will be unavailable this turn
2026-09-02 03:19:34,243 WARNING [20260901_182816_6be868b5] tools.registry: check_fn check_tts_requirements returned False; dependent tools will be unavailable this turn
2026-09-02 03:19:34,268 WARNING [20260901_182816_6be868b5] agent.conversation_loop: Stored system prompt for session 20260901_182816_6be868b5 is null; rebuilding from scratch this turn. Prefix cache will miss until the rebuild persists. Investigate the previous turn's update_system_prompt write path.
2026-09-02 03:19:42,502 WARNING [20260901_182816_6be868b5] agent.tool_executor: Tool terminal returned error (1.40s): {"output": "codex_app_server_auto: native\n===\n===", "exit_code": 1, "error": null, "approval": "Command was flagged (script execution via -e/-c flag) and auto-approved by smart approval."}
2026-09-02 03:20:23,884 WARNING [20260901_182816_6be868b5] agent.tool_executor: Tool memory returned error (0.00s): {"success": false, "error": "After applying all 1 operations, memory would be at 2,711/2,640 chars -- over the limit. Remove or shorten more entries in the same batch (see current_entries below), then
2026-09-02 03:27:58,322 WARNING [20260901_182816_6be868b5] agent.tool_executor: Tool terminal returned error (0.85s): {"output": "usage: hermes mcp add [-h] [--url URL] [--command MCP_COMMAND] [--args ...]\n                      [--auth {oauth,header}] [--preset PRESET]\n                      [--connect-timeout CONNE
2026-09-02 03:28:01,814 WARNING tools.mcp_tool: MCP server 'keenable' initial connection failed (attempt 1/3), retrying in 1s: MCP server 'keenable' requires HTTP transport but mcp.client.streamable_http is not available. Upgrade the mcp package to get HTTP support.
2026-09-02 03:28:02,814 WARNING tools.mcp_tool: MCP server 'keenable' initial connection failed (attempt 2/3), retrying in 2s: MCP server 'keenable' requires HTTP transport but mcp.client.streamable_http is not available. Upgrade the mcp package to get HTTP support.
2026-09-02 03:28:04,816 WARNING tools.mcp_tool: MCP server 'keenable' initial connection failed (attempt 3/3), retrying in 4s: MCP server 'keenable' requires HTTP transport but mcp.client.streamable_http is not available. Upgrade the mcp package to get HTTP support.
2026-09-02 03:28:08,817 WARNING tools.mcp_tool: MCP server 'keenable' failed initial connection after 3 attempts, parking until a reconnect is requested: MCP server 'keenable' requires HTTP transport but mcp.client.streamable_http is not available. Upgrade the mcp package to get HTTP support.
2026-09-02 03:28:51,612 WARNING tools.mcp_tool: MCP server 'keenable' initial connection failed (attempt 1/3), retrying in 1s: MCP server 'keenable' requires HTTP transport but mcp.client.streamable_http is not available. Upgrade the mcp package to get HTTP support.
2026-09-02 03:28:52,613 WARNING tools.mcp_tool: MCP server 'keenable' initial connection failed (attempt 2/3), retrying in 2s: MCP server 'keenable' requires HTTP transport but mcp.client.streamable_http is not available. Upgrade the mcp package to get HTTP support.
2026-09-02 03:28:54,615 WARNING tools.mcp_tool: MCP server 'keenable' initial connection failed (attempt 3/3), retrying in 4s: MCP server 'keenable' requires HTTP transport but mcp.client.streamable_http is not available. Upgrade the mcp package to get HTTP support.
2026-09-02 03:28:58,617 WARNING tools.mcp_tool: MCP server 'keenable' failed initial connection after 3 attempts, parking until a reconnect is requested: MCP server 'keenable' requires HTTP transport but mcp.client.streamable_http is not available. Upgrade the mcp package to get HTTP support.
2026-09-02 03:30:04,403 WARNING [20260901_182816_6be868b5] agent.tool_executor: Tool terminal returned error (2.62s): {"output": "Traceback (most recent call last):\n  File \"<string>\", line 1, in <module>\nImportError: cannot import name 'streamablehttp_client' from 'mcp.client.streamable_http' (/home/lnr/.hermes/h
2026-09-02 03:30:45,746 WARNING [20260901_182816_6be868b5] agent.tool_executor: Tool terminal returned error (30.24s): {"output": "origin\thttps://github.com/NousResearch/hermes-agent.git (fetch)\norigin\thttps://github.com/NousResearch/hermes-agent.git (push)\n===\n\n[Command timed out after 30s]", "exit_code": 124, 
2026-09-02 03:31:07,839 WARNING [20260901_182816_6be868b5] hermes.lint.lsp: lsp[pyright] diagnostics timed out for hermes-agent/tools/mcp_tool.py
2026-09-02 03:31:08,843 WARNING [20260901_182816_6be868b5] hermes.lint.lsp: lsp[pyright] spawn/initialize failed for /home/lnr/.hermes/hermes-agent: TimeoutError: 
2026-09-02 03:31:57,300 WARNING tools.mcp_tool: MCP server 'keenable' initial connection failed (attempt 1/3), retrying in 1s: unhandled errors in a TaskGroup (1 sub-exception)
2026-09-02 03:31:58,309 WARNING tools.mcp_tool: MCP server 'keenable' initial connection failed (attempt 2/3), retrying in 2s: unhandled errors in a TaskGroup (1 sub-exception)
2026-09-02 03:32:00,321 WARNING tools.mcp_tool: MCP server 'keenable' initial connection failed (attempt 3/3), retrying in 4s: unhandled errors in a TaskGroup (1 sub-exception)
2026-09-02 03:32:04,336 WARNING tools.mcp_tool: MCP server 'keenable' failed initial connection after 3 attempts, parking until a reconnect is requested: unhandled errors in a TaskGroup (1 sub-exception)
2026-09-02 03:33:08,088 WARNING tools.mcp_tool: MCP server 'keenable' initial connection failed (attempt 1/3), retrying in 1s: unhandled errors in a TaskGroup (1 sub-exception)
2026-09-02 03:33:09,217 WARNING tools.mcp_tool: MCP server 'keenable' initial connection failed (attempt 2/3), retrying in 2s: unhandled errors in a TaskGroup (1 sub-exception)
2026-09-02 03:33:11,353 WARNING tools.mcp_tool: MCP server 'keenable' initial connection failed (attempt 3/3), retrying in 4s: unhandled errors in a TaskGroup (1 sub-exception)
2026-09-02 03:33:15,487 WARNING tools.mcp_tool: MCP server 'keenable' failed initial connection after 3 attempts, parking until a reconnect is requested: unhandled errors in a TaskGroup (1 sub-exception)
2026-09-02 03:33:45,515 WARNING [20260901_182816_6be868b5] agent.tool_executor: Tool terminal returned error (1.65s): {"output": "No MCP servers configured.\n\n  Add one with:\n    hermes mcp add <name> --url <endpoint>\n    hermes mcp add <name> --command <cmd> --args <args...>\n\n===", "exit_code": 1, "error": null
2026-09-02 03:33:50,586 WARNING tools.mcp_tool: MCP server 'keenable' initial connection failed (attempt 1/3), retrying in 1s: unhandled errors in a TaskGroup (1 sub-exception)
2026-09-02 03:33:51,728 WARNING tools.mcp_tool: MCP server 'keenable' initial connection failed (attempt 2/3), retrying in 2s: unhandled errors in a TaskGroup (1 sub-exception)
2026-09-02 03:33:53,867 WARNING tools.mcp_tool: MCP server 'keenable' initial connection failed (attempt 3/3), retrying in 4s: unhandled errors in a TaskGroup (1 sub-exception)
2026-09-02 03:33:58,153 WARNING tools.mcp_tool: MCP server 'keenable' failed initial connection after 3 attempts, parking until a reconnect is requested: unhandled errors in a TaskGroup (1 sub-exception)
2026-09-02 03:34:04,765 WARNING [20260901_182816_6be868b5] agent.tool_executor: Tool patch returned error (0.00s): {"error": "Refusing to write to Hermes config file: /home/lnr/.hermes/config.yaml\nAgent cannot modify security-sensitive configuration. Edit ~/.hermes/config.yaml directly or use 'hermes config' inst
2026-09-02 03:35:04,697 WARNING tools.mcp_tool: MCP server 'keenable' initial connection failed (attempt 1/3), retrying in 1s: unhandled errors in a TaskGroup (1 sub-exception)
2026-09-02 03:35:05,833 WARNING tools.mcp_tool: MCP server 'keenable' initial connection failed (attempt 2/3), retrying in 2s: unhandled errors in a TaskGroup (1 sub-exception)
2026-09-02 03:35:07,965 WARNING tools.mcp_tool: MCP server 'keenable' initial connection failed (attempt 3/3), retrying in 4s: unhandled errors in a TaskGroup (1 sub-exception)
2026-09-02 03:35:12,104 WARNING tools.mcp_tool: MCP server 'keenable' failed initial connection after 3 attempts, parking until a reconnect is requested: unhandled errors in a TaskGroup (1 sub-exception)
2026-09-02 03:35:26,111 WARNING tools.registry: check_fn check_browser_requirements returned False; dependent tools will be unavailable this turn
2026-09-02 03:35:26,122 WARNING tools.registry: check_fn _browser_cdp_check returned False; dependent tools will be unavailable this turn
2026-09-02 03:35:26,133 WARNING tools.registry: check_fn _browser_dialog_check returned False; dependent tools will be unavailable this turn
2026-09-02 03:35:26,144 WARNING tools.registry: check_fn check_browser_vision_requirements returned False; dependent tools will be unavailable this turn
2026-09-02 03:35:26,145 WARNING tools.registry: check_fn check_close_terminal_requirements returned False; dependent tools will be unavailable this turn
2026-09-02 03:35:26,145 WARNING tools.registry: check_fn check_computer_use_requirements returned False; dependent tools will be unavailable this turn
2026-09-02 03:35:26,156 WARNING tools.registry: check_fn check_image_generation_requirements returned False; dependent tools will be unavailable this turn
2026-09-02 03:35:26,161 WARNING tools.registry: check_fn _check_kanban_mode returned False; dependent tools will be unavailable this turn
2026-09-02 03:35:26,164 WARNING tools.registry: check_fn _check_kanban_orchestrator_mode returned False; dependent tools will be unavailable this turn
2026-09-02 03:35:26,165 WARNING tools.registry: check_fn check_read_terminal_requirements returned False; dependent tools will be unavailable this turn
2026-09-02 03:35:26,173 WARNING tools.registry: check_fn check_tts_requirements returned False; dependent tools will be unavailable this turn
2026-09-02 03:41:34,470 WARNING [20260901_182816_6be868b5] tools.registry: check_fn check_browser_requirements returned False; dependent tools will be unavailable this turn
2026-09-02 03:41:34,476 WARNING [20260901_182816_6be868b5] tools.registry: check_fn _browser_cdp_check returned False; dependent tools will be unavailable this turn
2026-09-02 03:41:34,480 WARNING [20260901_182816_6be868b5] tools.registry: check_fn _browser_dialog_check returned False; dependent tools will be unavailable this turn
2026-09-02 03:41:34,486 WARNING [20260901_182816_6be868b5] tools.registry: check_fn check_browser_vision_requirements returned False; dependent tools will be unavailable this turn
2026-09-02 03:41:34,487 WARNING [20260901_182816_6be868b5] tools.registry: check_fn check_close_terminal_requirements returned False; dependent tools will be unavailable this turn
2026-09-02 03:41:34,487 WARNING [20260901_182816_6be868b5] tools.registry: check_fn check_computer_use_requirements returned False; dependent tools will be unavailable this turn
2026-09-02 03:41:34,494 WARNING [20260901_182816_6be868b5] tools.registry: check_fn check_image_generation_requirements returned False; dependent tools will be unavailable this turn
2026-09-02 03:41:34,496 WARNING [20260901_182816_6be868b5] tools.registry: check_fn _check_kanban_mode returned False; dependent tools will be unavailable this turn
2026-09-02 03:41:34,497 WARNING [20260901_182816_6be868b5] tools.registry: check_fn _check_kanban_orchestrator_mode returned False; dependent tools will be unavailable this turn
2026-09-02 03:41:34,498 WARNING [20260901_182816_6be868b5] tools.registry: check_fn check_read_terminal_requirements returned False; dependent tools will be unavailable this turn
2026-09-02 03:41:34,504 WARNING [20260901_182816_6be868b5] tools.registry: check_fn check_tts_requirements returned False; dependent tools will be unavailable this turn
2026-09-02 03:55:59,919 WARNING [20260901_182816_6be868b5] tools.registry: check_fn check_browser_requirements returned False; dependent tools will be unavailable this turn
2026-09-02 03:55:59,953 WARNING [20260901_182816_6be868b5] tools.registry: check_fn _browser_cdp_check returned False; dependent tools will be unavailable this turn
2026-09-02 03:55:59,970 WARNING [20260901_182816_6be868b5] tools.registry: check_fn _browser_dialog_check returned False; dependent tools will be unavailable this turn
2026-09-02 03:56:00,000 WARNING [20260901_182816_6be868b5] tools.registry: check_fn check_browser_vision_requirements returned False; dependent tools will be unavailable this turn
2026-09-02 03:56:00,001 WARNING [20260901_182816_6be868b5] tools.registry: check_fn check_close_terminal_requirements returned False; dependent tools will be unavailable this turn
2026-09-02 03:56:00,001 WARNING [20260901_182816_6be868b5] tools.registry: check_fn check_computer_use_requirements returned False; dependent tools will be unavailable this turn
2026-09-02 03:56:00,015 WARNING [20260901_182816_6be868b5] tools.registry: check_fn check_image_generation_requirements returned False; dependent tools will be unavailable this turn
2026-09-02 03:56:00,018 WARNING [20260901_182816_6be868b5] tools.registry: check_fn _check_kanban_mode returned False; dependent tools will be unavailable this turn
2026-09-02 03:56:00,020 WARNING [20260901_182816_6be868b5] tools.registry: check_fn _check_kanban_orchestrator_mode returned False; dependent tools will be unavailable this turn
2026-09-02 03:56:00,020 WARNING [20260901_182816_6be868b5] tools.registry: check_fn check_read_terminal_requirements returned False; dependent tools will be unavailable this turn
2026-09-02 03:56:00,037 WARNING [20260901_182816_6be868b5] tools.registry: check_fn check_tts_requirements returned False; dependent tools will be unavailable this turn
2026-09-02 03:56:27,976 WARNING plugins.web.firecrawl.provider: Firecrawl search error: Rate Limit Exceeded: Failed to search. Rate limit exceeded. Consumed (req/min): 11, Remaining (req/min): 0. Upgrade your plan at https://firecrawl.dev/pricing for increased rate limits or please retry after 45s, resets at Wed Sep 02 2026 03:56:51 GMT+0000 (Coordinated Universal Time) - No additional error details provided.
2026-09-02 03:56:27,981 WARNING plugins.web.firecrawl.provider: Firecrawl search error: Rate Limit Exceeded: Failed to search. Rate limit exceeded. Consumed (req/min): 12, Remaining (req/min): 0. Upgrade your plan at https://firecrawl.dev/pricing for increased rate limits or please retry after 45s, resets at Wed Sep 02 2026 03:56:51 GMT+0000 (Coordinated Universal Time) - No additional error details provided.
2026-09-02 03:56:27,989 WARNING plugins.web.firecrawl.provider: Firecrawl search error: Rate Limit Exceeded: Failed to search. Rate limit exceeded. Consumed (req/min): 13, Remaining (req/min): 0. Upgrade your plan at https://firecrawl.dev/pricing for increased rate limits or please retry after 45s, resets at Wed Sep 02 2026 03:56:51 GMT+0000 (Coordinated Universal Time) - No additional error details provided.
2026-09-02 03:56:28,015 WARNING plugins.web.firecrawl.provider: Firecrawl search error: Rate Limit Exceeded: Failed to search. Rate limit exceeded. Consumed (req/min): 14, Remaining (req/min): 0. Upgrade your plan at https://firecrawl.dev/pricing for increased rate limits or please retry after 45s, resets at Wed Sep 02 2026 03:56:51 GMT+0000 (Coordinated Universal Time) - No additional error details provided.
2026-09-02 03:56:28,018 WARNING [20260902_035602_89fa53] agent.tool_executor: Tool web_search returned error (0.39s): {
2026-09-02 03:56:28,029 WARNING [20260902_035602_89fa53] agent.tool_executor: Tool web_search returned error (0.35s): {
2026-09-02 03:56:28,038 WARNING [20260902_035602_89fa53] agent.tool_executor: Tool web_search returned error (0.36s): {
2026-09-02 03:56:28,048 WARNING [20260902_035602_89fa53] agent.tool_executor: Tool web_search returned error (0.35s): {
2026-09-02 03:57:21,344 WARNING [20260902_035600_d69c06] agent.tool_executor: Tool web_extract returned error (66.67s): {
2026-09-02 03:58:15,440 WARNING plugins.web.firecrawl.provider: Firecrawl search error: Rate Limit Exceeded: Failed to search. Rate limit exceeded. Consumed (req/min): 11, Remaining (req/min): 0. Upgrade your plan at https://firecrawl.dev/pricing for increased rate limits or please retry after 12s, resets at Wed Sep 02 2026 03:58:05 GMT+0000 (Coordinated Universal Time) - No additional error details provided.
2026-09-02 03:58:16,138 WARNING [20260902_035602_89fa53] agent.tool_executor: Tool web_search returned error (0.36s): {
2026-09-02 03:58:19,350 WARNING plugins.web.firecrawl.provider: Firecrawl search error: Rate Limit Exceeded: Failed to search. Rate limit exceeded. Consumed (req/min): 12, Remaining (req/min): 0. Upgrade your plan at https://firecrawl.dev/pricing for increased rate limits or please retry after 8s, resets at Wed Sep 02 2026 03:58:05 GMT+0000 (Coordinated Universal Time) - No additional error details provided.
2026-09-02 03:58:19,371 WARNING plugins.web.firecrawl.provider: Firecrawl search error: Rate Limit Exceeded: Failed to search. Rate limit exceeded. Consumed (req/min): 13, Remaining (req/min): 0. Upgrade your plan at https://firecrawl.dev/pricing for increased rate limits or please retry after 8s, resets at Wed Sep 02 2026 03:58:05 GMT+0000 (Coordinated Universal Time) - No additional error details provided.
2026-09-02 03:58:19,379 WARNING [20260902_035602_89fa53] agent.tool_executor: Tool web_search returned error (0.32s): {
2026-09-02 03:58:19,391 WARNING [20260902_035602_89fa53] agent.tool_executor: Tool web_search returned error (0.34s): {
2026-09-02 03:58:30,177 WARNING [20260902_035602_89fa53] agent.tool_executor: Tool web_extract returned error (8.49s): {
2026-09-02 03:58:47,774 WARNING [20260902_035602_89fa53] agent.tool_executor: Tool web_extract returned error (15.73s): {
2026-09-02 03:58:48,251 WARNING plugins.web.firecrawl.provider: Firecrawl scrape timed out for https://rosreestr.gov.ru/open-service/statistika-i-analitika/
2026-09-02 03:59:03,414 WARNING [20260902_035602_89fa53] agent.tool_executor: Tool web_extract returned error (4.83s): {
2026-09-02 04:00:03,506 WARNING [20260902_035602_89fa53] agent.tool_executor: Tool skill_manage returned error (0.03s): {"success": false, "error": "Refusing background curator patch for skill 'russia-macro-data-sources': the current SKILL.md content has not been loaded in this review turn. Call skill_view(name) for SK
2026-09-02 04:00:30,428 WARNING [20260902_035602_89fa53] agent.tool_executor: Tool skill_manage returned error (0.02s): {"success": false, "error": "Skill 'russia-construction-sources-map' not found in active profile 'default'. Use skills_list() to see available skills."}
2026-09-02 04:00:45,519 WARNING [20260902_035602_89fa53] agent.tool_executor: Tool skill_manage returned error (0.02s): {"success": false, "error": "Refusing background curator patch for skill 'construction-sources-vps-map': the current SKILL.md content has not been loaded in this review turn. Call skill_view(name) for
2026-09-02 04:00:52,911 WARNING [20260902_035602_89fa53] agent.tool_executor: Tool skill_manage returned error (0.02s): {"success": false, "error": "Skill 'russia-construction-sources-map' not found in active profile 'default'. Use skills_list() to see available skills."}
2026-09-02 04:02:57,293 WARNING [20260902_035601_4cde7e] agent.tool_executor: Tool skill_manage returned error (0.02s): {"success": false, "error": "Skill 'russia-construction-sources-map' not found in active profile 'default'. Use skills_list() to see available skills."}
2026-09-02 04:04:58,799 WARNING [20260901_182816_6be868b5] agent.tool_executor: Tool skill_manage returned error (0.02s): {"success": false, "error": "Skill 'russia-construction-sources-map' not found in active profile 'default'. Use skills_list() to see available skills."}
2026-09-02 04:05:06,790 WARNING [20260901_182816_6be868b5] agent.tool_executor: Tool skill_manage returned error (0.02s): {"success": false, "error": "Skill 'russia-construction-sources-map' not found in active profile 'default'. Use skills_list() to see available skills."}
2026-09-02 04:05:14,584 WARNING [20260901_182816_6be868b5] agent.tool_executor: Tool skill_manage returned error (0.02s): {"success": false, "error": "Skill 'russia-construction-sources-map' not found in active profile 'default'. Use skills_list() to see available skills."}
2026-09-02 04:05:30,887 WARNING [20260901_182816_6be868b5] agent.tool_executor: Tool skill_manage returned error (0.02s): {"success": false, "error": "Skill 'russia-construction-sources-map' not found in active profile 'default'. Use skills_list() to see available skills."}
2026-09-02 04:05:41,667 WARNING [20260901_182816_6be868b5] agent.tool_executor: Tool skill_manage returned error (0.01s): {"success": false, "error": "Refusing background curator patch for skill 'hermes-mcp-setup': the current SKILL.md content has not been loaded in this review turn. Call skill_view(name) for SKILL.md, o
2026-09-02 04:05:52,645 WARNING [20260901_182816_6be868b5] agent.tool_executor: Tool skill_manage returned error (0.02s): {"success": false, "error": "Skill 'russia-construction-sources-map' not found in active profile 'default'. Use skills_list() to see available skills."}
2026-09-02 17:45:25,192 WARNING [20260901_182816_6be868b5] agent.tool_executor: Tool web_extract returned error (2.59s): {
2026-09-02 18:02:01,004 WARNING [20260901_182816_6be868b5] agent.tool_executor: Tool patch returned error (0.02s): {"success": false, "error": "Found 3 matches for old_string. Provide more context to make it unique, or use replace_all=True.", "_warning": "/home/lnr/research-wiki/data/catalog.yaml was last read wit
2026-09-02 18:02:10,308 WARNING [20260901_182816_6be868b5] agent.tool_executor: Tool patch returned error (0.50s): {"success": false, "error": "Could not find a match for old_string in the file\n\nDid you mean one of these sections?\n3323|   - денежно-кредитная политика\n3324|   - валютный курс\n3325|   - инфляцио
2026-09-02 18:04:37,136 WARNING [20260901_182816_6be868b5] agent.tool_executor: Tool skill_manage returned error (0.01s): {"success": false, "error": "Refusing background curator patch for bundled skill 'hermes-agent'."}
2026-09-02 18:04:48,203 WARNING [20260901_182816_6be868b5] agent.tool_executor: Tool skill_manage returned error (0.02s): {"success": false, "error": "Skill 'russia-construction-sources-map' not found in active profile 'default'. Use skills_list() to see available skills. Create it first with action='create'."}
2026-09-02 18:05:04,166 WARNING [20260901_182816_6be868b5] agent.tool_executor: Tool skill_manage returned error (0.02s): {"success": false, "error": "Skill 'russia-construction-sources-map' not found in active profile 'default'. Use skills_list() to see available skills. Create it first with action='create'."}
2026-09-02 18:05:11,542 WARNING [20260901_182816_6be868b5] agent.tool_executor: Tool skill_manage returned error (0.02s): {"success": false, "error": "Skill 'russia-construction-sources-map' not found in active profile 'default'. Use skills_list() to see available skills."}
2026-09-02 18:05:14,799 WARNING [20260901_182816_6be868b5] agent.tool_executor: Tool skill_view returned error (0.08s): {"success": false, "error": "Skill 'research/russia-construction-sources-map' not found.", "available_skills": ["avito-deal-tracker", "computer-use", "concise-communication", "dogfood", "google-drive-
2026-09-02 18:09:16,149 WARNING [20260901_182816_6be868b5] agent.tool_executor: Tool terminal returned error (0.32s): {"output": "The following paths are ignored by one of your .gitignore files:\nraw/papers/fernandez_villaverde_rubio_ramirez_schorfheide_2016_solution_estimation_dsge.pdf\nhint: Use -f if you really wa
2026-09-02 18:10:11,827 WARNING [20260901_182816_6be868b5] agent.tool_executor: Tool skill_manage returned error (0.02s): {"success": false, "error": "Refusing background curator patch for skill 'research-wiki-paper-ingestion': the current SKILL.md content has not been loaded in this review turn. Call skill_view(name) fo
2026-09-02 18:10:19,862 WARNING [20260901_182816_6be868b5] agent.tool_executor: Tool skill_manage returned error (0.01s): {"success": false, "error": "Refusing background curator patch for skill 'research-wiki-paper-ingestion': the current SKILL.md content has not been loaded in this review turn. Call skill_view(name) fo
2026-09-02 18:10:29,935 WARNING [20260901_182816_6be868b5] agent.tool_executor: Tool skill_manage returned error (0.01s): {"success": false, "error": "Refusing background curator patch for skill 'research-wiki-paper-ingestion': the current SKILL.md content has not been loaded in this review turn. Call skill_view(name) fo
2026-09-03 02:32:08,536 WARNING [20260901_182816_6be868b5] agent.tool_executor: Tool skill_manage returned error (0.02s): {"success": false, "error": "Refusing background curator patch for skill 'research-report-ingestion': the current SKILL.md content has not been loaded in this review turn. Call skill_view(name) for SK
2026-09-03 02:32:11,515 WARNING [20260901_182816_6be868b5] agent.tool_executor: Tool skill_view returned error (0.03s): {"success": false, "error": "File 'references/summary-style-example.md' not found in skill 'research-report-ingestion'.", "available_files": {"references": ["references/custom-font-pdf-extraction.md",
2026-09-03 02:33:02,078 WARNING [20260901_182816_6be868b5] agent.tool_executor: Tool skill_manage returned error (0.01s): {"success": false, "error": "Refusing background curator patch for skill 'research-wiki-paper-ingestion': the current SKILL.md content has not been loaded in this review turn. Call skill_view(name) fo
2026-09-03 02:52:17,379 WARNING [20260901_182816_6be868b5] agent.tool_executor: Tool memory returned error (0.00s): {"success": false, "error": "After applying all 1 operations, memory would be at 2,717/2,640 chars -- over the limit. Remove or shorten more entries in the same batch (see current_entries below), then
2026-09-03 02:52:19,663 WARNING plugins.web.firecrawl.provider: Firecrawl search error: Rate Limit Exceeded: Failed to search. Rate limit exceeded. Consumed (req/min): 11, Remaining (req/min): 0. Upgrade your plan at https://firecrawl.dev/pricing for increased rate limits or please retry after 41s, resets at Thu Sep 03 2026 02:52:39 GMT+0000 (Coordinated Universal Time) - No additional error details provided.
2026-09-03 02:52:20,754 WARNING [20260903_025158_d1fd81] agent.tool_executor: Tool web_search returned error (0.38s): {
2026-09-03 02:52:23,883 WARNING plugins.web.firecrawl.provider: Firecrawl search error: Rate Limit Exceeded: Failed to search. Rate limit exceeded. Consumed (req/min): 12, Remaining (req/min): 0. Upgrade your plan at https://firecrawl.dev/pricing for increased rate limits or please retry after 37s, resets at Thu Sep 03 2026 02:52:39 GMT+0000 (Coordinated Universal Time) - No additional error details provided.
2026-09-03 02:52:23,896 WARNING plugins.web.firecrawl.provider: Firecrawl search error: Rate Limit Exceeded: Failed to search. Rate limit exceeded. Consumed (req/min): 13, Remaining (req/min): 0. Upgrade your plan at https://firecrawl.dev/pricing for increased rate limits or please retry after 37s, resets at Thu Sep 03 2026 02:52:39 GMT+0000 (Coordinated Universal Time) - No additional error details provided.
2026-09-03 02:52:23,899 WARNING [20260903_025158_d1fd81] agent.tool_executor: Tool web_search returned error (0.34s): {
2026-09-03 02:52:23,921 WARNING [20260903_025158_d1fd81] agent.tool_executor: Tool web_search returned error (0.36s): {
2026-09-03 02:53:53,880 WARNING [20260903_025158_d1fd81] agent.tool_executor: Tool web_extract returned error (1.58s): {
2026-09-03 02:54:42,354 WARNING [20260903_025158_d1fd81] agent.tool_executor: Tool skill_manage returned error (0.02s): {"success": false, "error": "Skill 'russia-construction-sources-map' not found in active profile 'default'. Use skills_list() to see available skills. Create it first with action='create'."}
2026-09-03 02:54:56,834 WARNING [20260903_025158_d1fd81] agent.tool_executor: Tool skill_manage returned error (0.01s): {"success": false, "error": "Refusing background curator patch for skill 'construction-sources-vps-map': the current SKILL.md content has not been loaded in this review turn. Call skill_view(name) for
2026-09-03 03:22:12,866 WARNING [20260901_182816_6be868b5] agent.tool_executor: Tool terminal returned error (3.54s): {"output": "Traceback (most recent call last):\n  File \"<string>\", line 5, in <module>\nTypeError: 'NoneType' object is not subscriptable\nclearspending                  | Госзатраты | stars=0 | upd
2026-09-03 03:23:05,284 WARNING [20260901_182816_6be868b5] agent.tool_executor: Tool memory returned error (0.00s): {"success": false, "error": "Memory at 2,605/2,640 chars. Adding this entry (322 chars) would exceed the limit. Consolidate now: use 'replace' to merge overlapping entries into shorter ones or 'remove
2026-09-03 03:23:50,323 WARNING [20260901_182816_6be868b5] agent.tool_executor: Tool skill_manage returned error (0.01s): {"success": false, "error": "Refusing background curator patch for skill 'research-report-ingestion': the current SKILL.md content has not been loaded in this review turn. Call skill_view(name) for SK
2026-09-03 03:24:15,752 WARNING [20260901_182816_6be868b5] agent.tool_executor: Tool skill_manage returned error (0.02s): {"success": false, "error": "Refusing background curator write_file for skill 'research-report-ingestion': the current references/summary-style-example.md content has not been loaded in this review tu
2026-09-03 03:24:31,677 WARNING [20260901_182816_6be868b5] agent.tool_executor: Tool memory returned error (0.00s): {"success": false, "error": "Replacement would put memory at 2,686/2,640 chars. Shorten the new content, or 'remove' other stale or less important entries to make room (see current_entries below), the
2026-09-03 03:24:35,816 WARNING [20260901_182816_6be868b5] agent.tool_executor: Tool memory returned error (0.00s): {"success": false, "error": "Operation 1 (unknown): unknown action. Use add, replace, or remove. No operations were applied (batch is all-or-nothing).", "current_entries": ["User is a researcher/analy
2026-09-03 03:37:42,527 WARNING [20260901_182816_6be868b5] agent.tool_executor: Tool cronjob returned error (0.00s): {"error": "Script path must be relative to ~/.hermes/scripts/. Got absolute or home-relative path: '/home/lnr/.hermes/scripts/check_clearspending.sh'. Place scripts in ~/.hermes/scripts/ and use just 
2026-09-03 03:38:28,728 WARNING [20260901_182816_6be868b5] agent.tool_executor: Tool execute_code returned error (0.00s): {"status": "error", "error": "BLOCKED: execute_code runs arbitrary local Python (including subprocess calls that bypass shell-string approval checks). Cron jobs run without a user present to approve i
2026-09-03 03:42:14,989 WARNING plugins.web.firecrawl.provider: Firecrawl search error: Rate Limit Exceeded: Failed to search. Rate limit exceeded. Consumed (req/min): 11, Remaining (req/min): 0. Upgrade your plan at https://firecrawl.dev/pricing for increased rate limits or please retry after 5s, resets at Thu Sep 03 2026 03:41:57 GMT+0000 (Coordinated Universal Time) - No additional error details provided.
2026-09-03 03:42:16,657 WARNING [20260901_182816_6be868b5] agent.tool_executor: Tool web_search returned error (0.32s): {
2026-09-03 03:42:53,340 WARNING [20260901_182816_6be868b5] agent.tool_executor: Tool skill_manage returned error (0.02s): {"success": false, "error": "Refusing background curator patch for skill 'research-report-ingestion': the current SKILL.md content has not been loaded in this review turn. Call skill_view(name) for SK
2026-09-03 03:43:10,845 WARNING [20260901_182816_6be868b5] agent.tool_executor: Tool skill_manage returned error (0.02s): {"success": false, "error": "Refusing background curator write_file for skill 'research-report-ingestion': the current references/summary-style-example.md content has not been loaded in this review tu
2026-09-03 03:43:25,547 WARNING [20260901_182816_6be868b5] agent.tool_executor: Tool skill_manage returned error (0.02s): {"success": false, "error": "Skill 'russia-construction-sources-map' not found in active profile 'default'. Use skills_list() to see available skills."}
2026-09-03 03:43:32,861 WARNING [20260901_182816_6be868b5] agent.tool_executor: Tool skill_manage returned error (0.02s): {"success": false, "error": "Skill 'russia-construction-sources-map' not found in active profile 'default'. Use skills_list() to see available skills."}
2026-09-03 03:43:38,003 WARNING [20260901_182816_6be868b5] agent.tool_executor: Tool skill_manage returned error (0.05s): {"success": false, "error": "Could not find a match for old_string in the file\n\nDid you mean one of these sections?\n   1| ---\n   2| name: russia-construction-sources-map\n   3| description: Карта 
2026-09-03 07:29:00,488 WARNING [20260901_182816_6be868b5] agent.tool_executor: Tool patch returned error (0.46s): {"success": false, "error": "Could not find a match for old_string in the file\n\nDid you mean one of these sections?\n3409|   topics:\n3410|   - DSGE-модели\n3411|   - байесовская оценка\n3412|   - ч
2026-09-03 07:29:16,733 WARNING [20260901_182816_6be868b5] agent.tool_executor: Tool terminal returned error (0.25s): {"output": "The following paths are ignored by one of your .gitignore files:\nraw/papers/domrf_housing_q2_2026.pdf\nhint: Use -f if you really want to add them.\nhint: Turn this message off by running
2026-09-03 07:30:54,069 WARNING [20260901_182816_6be868b5] agent.tool_executor: Tool skill_manage returned error (0.03s): {"success": false, "error": "Found 2 matches for old_string. Provide more context to make it unique, or use replace_all=True.", "file_preview": "---\nname: research-report-ingestion\ndescription: |\n 
2026-09-03 07:37:11,208 WARNING [20260901_182816_6be868b5] agent.tool_executor: Tool memory returned error (0.01s): {"success": false, "error": "Operation 1 (replace): content is required (use action='remove' to delete). No operations were applied (batch is all-or-nothing).", "current_entries": ["User is a research
2026-09-03 07:37:18,974 WARNING [20260901_182816_6be868b5] agent.tool_executor: Tool memory returned error (0.00s): {"success": false, "error": "After applying all 2 operations, memory would be at 2,748/2,640 chars -- over the limit. Remove or shorten more entries in the same batch (see current_entries below), then
2026-09-03 15:26:39,976 WARNING [20260901_182816_6be868b5] agent.tool_executor: Tool terminal returned error (6.11s): {"output": "clearspending: 500\nofdata: 401\nzakupki: 000", "exit_code": 28, "error": null}
2026-09-03 18:33:59,819 WARNING [20260901_182816_6be868b5] agent.tool_executor: Tool memory returned error (0.00s): {"success": false, "error": "Operation 1 (replace): no entry matched 'Clearspending API: ключ в .env как CLEARSPENDING_API_KEY. openapi.clearspending.ru/restapi/v3/ — 500 (Sphinx DB down). zakupki.gov
2026-09-03 18:34:05,256 WARNING [20260901_182816_6be868b5] agent.tool_executor: Tool memory returned error (0.00s): {"success": false, "error": "After applying all 2 operations, memory would be at 2,856/2,640 chars -- over the limit. Remove or shorten more entries in the same batch (see current_entries below), then
2026-09-03 18:34:09,776 WARNING [20260901_182816_6be868b5] agent.tool_executor: Tool memory returned error (0.00s): {"success": false, "error": "After applying all 2 operations, memory would be at 2,701/2,640 chars -- over the limit. Remove or shorten more entries in the same batch (see current_entries below), then
2026-09-04 00:28:16,543 WARNING [20260901_182816_6be868b5] agent.tool_executor: Tool execute_code returned error (0.00s): {"status": "error", "error": "BLOCKED: execute_code runs arbitrary local Python (including subprocess calls that bypass shell-string approval checks). Cron jobs run without a user present to approve i
2026-09-04 00:29:21,212 WARNING [20260901_182816_6be868b5] agent.tool_executor: Tool terminal returned error (2.10s): {"output": "Traceback (most recent call last):\n  File \"<stdin>\", line 12, in <module>\n  File \"/home/lnr/.local/share/uv/python/cpython-3.11.15-linux-x86_64-gnu/lib/python3.11/json/__init__.py\", 
2026-09-04 00:32:16,815 WARNING [20260901_182816_6be868b5] agent.tool_executor: Tool terminal returned error (1.99s): {"output": "Traceback (most recent call last):\n  File \"<stdin>\", line 9, in <module>\n  File \"/home/lnr/.local/share/uv/python/cpython-3.11.15-linux-x86_64-gnu/lib/python3.11/urllib/request.py\", 
2026-09-04 00:35:46,044 WARNING [20260901_182816_6be868b5] agent.tool_executor: Tool memory returned error (0.02s): {"success": false, "error": "After applying all 1 operations, memory would be at 2,916/2,640 chars -- over the limit. Remove or shorten more entries in the same batch (see current_entries below), then
2026-09-04 00:35:50,050 WARNING [20260901_182816_6be868b5] agent.tool_executor: Tool memory returned error (0.00s): {"success": false, "error": "After applying all 2 operations, memory would be at 2,858/2,640 chars -- over the limit. Remove or shorten more entries in the same batch (see current_entries below), then
2026-09-04 00:35:54,007 WARNING [20260901_182816_6be868b5] agent.tool_executor: Tool memory returned error (0.00s): {"error": "operations must be a list of {action, content?, old_text?} objects.", "success": false}
2026-09-04 00:57:07,455 WARNING [20260901_182816_6be868b5] agent.tool_executor: Tool search_files returned error (0.00s): {"error": "Background review denied non-whitelisted tool: search_files. Only memory/skill tools are allowed."}
2026-09-04 00:57:33,504 WARNING [20260901_182816_6be868b5] agent.tool_executor: Tool memory returned error (0.00s): {"success": false, "error": "After applying all 2 operations, memory would be at 3,148/2,640 chars -- over the limit. Remove or shorten more entries in the same batch (see current_entries below), then
2026-09-04 00:57:38,900 WARNING [20260901_182816_6be868b5] agent.tool_executor: Tool memory returned error (0.00s): {"success": false, "error": "After applying all 3 operations, memory would be at 2,689/2,640 chars -- over the limit. Remove or shorten more entries in the same batch (see current_entries below), then
2026-09-04 01:23:43,933 WARNING [20260901_182816_6be868b5] agent.tool_executor: Tool terminal returned error (0.24s): {"output": "The following paths are ignored by one of your .gitignore files:\nraw/developers_h1_2026/etalon_ifrs_h1_2026.pdf\nhint: Use -f if you really want to add them.\nhint: Turn this message off 
2026-09-04 01:31:33,955 WARNING [20260901_182816_6be868b5] agent.tool_executor: Tool todo returned error (0.00s): {"error": "todos must be a list of objects, got unparseable string"}
2026-09-04 01:33:54,858 WARNING [20260901_182816_6be868b5] agent.tool_executor: Tool terminal returned error (25.47s): {"output": "============================================================\n  ЕДИНАЯ ПАНЕЛЬ ФИНАНСОВЫХ ОЦЕНОК ДЕВЕЛОПЕРОВ\n============================================================\n\n📡 Источник 1: S
2026-09-04 01:37:16,326 WARNING [20260901_182816_6be868b5] agent.tool_executor: Tool skill_manage returned error (0.02s): {"success": false, "error": "Skill '' not found in active profile 'default'. Use skills_list() to see available skills."}
2026-09-04 01:37:24,497 WARNING [20260901_182816_6be868b5] agent.tool_executor: Tool skill_manage returned error (0.02s): {"success": false, "error": "Skill '' not found in active profile 'default'. Use skills_list() to see available skills."}
2026-09-04 01:38:07,452 WARNING [20260901_182816_6be868b5] agent.tool_executor: Tool memory returned error (0.01s): {"success": false, "error": "No entry matched 'ФНС bo.nalog.ru API РПБУ: /nbo/organizations/{id}/bfo/ — баланс+ОФР JSON. scripts/collect_rsbu.py. Smart-Lab scripts/collect_smartlab.py — квартал РСБУ+М
2026-09-04 01:38:11,521 WARNING [20260901_182816_6be868b5] agent.tool_executor: Tool memory returned error (0.00s): {"success": false, "error": "Replacement would put memory at 2,768/2,640 chars. Shorten the new content, or 'remove' other stale or less important entries to make room (see current_entries below), the
2026-09-04 07:08:33,574 WARNING [20260901_182816_6be868b5] agent.tool_executor: Tool terminal returned error (2.55s): {"output": "/usr/bin/bash: line 19: /tmp/employment_okved.csv: No such file or directory\nsize: \nTraceback (most recent call last):\n  File \"<stdin>\", line 2, in <module>\nFileNotFoundError: [Errno
2026-09-04 07:08:58,956 WARNING [20260901_182816_6be868b5] agent.tool_executor: Tool terminal returned error (2.27s): {"output": "Traceback (most recent call last):\n  File \"<stdin>\", line 6, in <module>\n  File \"<frozen codecs>\", line 322, in decode\n  File \"/home/lnr/.local/share/uv/python/cpython-3.11.15-linu
2026-09-04 10:56:11,300 WARNING [20260901_182816_6be868b5] agent.tool_executor: Tool terminal returned error (0.28s): {"output": "The following paths are ignored by one of your .gitignore files:\nraw/papers/bde_dt2627e_fabart.pdf\nhint: Use -f if you really want to add them.\nhint: Turn this message off by running\nh
2026-09-04 11:45:58,032 WARNING [20260901_182816_6be868b5] agent.tool_executor: Tool skill_manage returned error (0.02s): {"success": false, "error": "old_string and new_string are identical", "file_preview": "---\nname: corporate-financial-data\ndescription: Collecting company financial-reporting data (IFRS/RAS) for res
2026-09-04 11:46:37,206 WARNING [20260901_182816_6be868b5] agent.tool_executor: Tool skill_manage returned error (0.02s): {"success": false, "error": "Skill '' not found in active profile 'default'. Use skills_list() to see available skills."}
2026-09-04 11:46:55,054 WARNING [20260901_182816_6be868b5] agent.tool_executor: Tool memory returned error (0.01s): {"success": false, "error": "After applying all 2 operations, memory would be at 3,089/2,640 chars -- over the limit. Remove or shorten more entries in the same batch (see current_entries below), then
2026-09-04 11:47:01,681 WARNING [20260901_182816_6be868b5] agent.tool_executor: Tool memory returned error (0.00s): {"success": false, "error": "After applying all 2 operations, memory would be at 2,679/2,640 chars -- over the limit. Remove or shorten more entries in the same batch (see current_entries below), then
2026-09-04 11:47:11,602 WARNING [20260901_182816_6be868b5] agent.tool_executor: Tool memory returned error (0.00s): {"error": "operations must be a list of {action, content?, old_text?} objects.", "success": false}
2026-09-04 12:37:35,390 WARNING plugins.web.firecrawl.provider: Firecrawl search error: Rate Limit Exceeded: Failed to search. Rate limit exceeded. Consumed (req/min): 11, Remaining (req/min): 0. Upgrade your plan at https://firecrawl.dev/pricing for increased rate limits or please retry after 43s, resets at Fri Sep 04 2026 12:37:55 GMT+0000 (Coordinated Universal Time) - No additional error details provided.
2026-09-04 12:37:35,397 WARNING plugins.web.firecrawl.provider: Firecrawl search error: Rate Limit Exceeded: Failed to search. Rate limit exceeded. Consumed (req/min): 12, Remaining (req/min): 0. Upgrade your plan at https://firecrawl.dev/pricing for increased rate limits or please retry after 43s, resets at Fri Sep 04 2026 12:37:55 GMT+0000 (Coordinated Universal Time) - No additional error details provided.
2026-09-04 12:37:36,206 WARNING [20260901_182816_6be868b5] agent.tool_executor: Tool web_search returned error (0.38s): {
2026-09-04 12:37:36,225 WARNING [20260901_182816_6be868b5] agent.tool_executor: Tool web_search returned error (0.38s): {
2026-09-04 12:38:09,721 WARNING plugins.web.firecrawl.provider: Firecrawl search error: Rate Limit Exceeded: Failed to search. Rate limit exceeded. Consumed (req/min): 13, Remaining (req/min): 0. Upgrade your plan at https://firecrawl.dev/pricing for increased rate limits or please retry after 9s, resets at Fri Sep 04 2026 12:37:55 GMT+0000 (Coordinated Universal Time) - No additional error details provided.
2026-09-04 12:38:09,747 WARNING plugins.web.firecrawl.provider: Firecrawl search error: Rate Limit Exceeded: Failed to search. Rate limit exceeded. Consumed (req/min): 14, Remaining (req/min): 0. Upgrade your plan at https://firecrawl.dev/pricing for increased rate limits or please retry after 9s, resets at Fri Sep 04 2026 12:37:55 GMT+0000 (Coordinated Universal Time) - No additional error details provided.
2026-09-04 12:38:09,750 WARNING [20260901_182816_6be868b5] agent.tool_executor: Tool web_search returned error (0.38s): {
2026-09-04 12:38:09,767 WARNING [20260901_182816_6be868b5] agent.tool_executor: Tool web_search returned error (0.35s): {
2026-09-04 14:31:16,326 WARNING [20260901_182816_6be868b5] agent.conversation_loop: API call failed (attempt 1/3) error_type=RateLimitError thread=hermes-gateway_0:137018496505536 provider=ollama-cloud base_url=https://ollama.com/v1 model=glm-5.2 summary=HTTP 429: you (gabdullinlenar) have reached your weekly usage limit, upgrade for higher limits: https://ollama.com/upgrade or add extra usage: https://ollama.com/settings (ref: 7adefc28-c231-4f48-b2a1-5b77910c62e0)
2026-09-04 14:31:16,330 WARNING [20260901_182816_6be868b5] agent.conversation_loop: Retrying API call in 2.001146784894261s (attempt 1/3) thread=hermes-gateway_0:137018496505536 provider=ollama-cloud base_url=https://ollama.com/v1 model=glm-5.2 policy=default error=Error code: 429 - {'error': {'message': 'you (gabdullinlenar) have reached your weekly usage limit, upgrade for higher limits: https://ollama.com/upgrade or add extra usage: https://ollama.com/settings (ref: 7adefc28-c231-4f48-b2a1-5b77910c62e0)', 'type': 'api_error', 'param': None, 'code': None}}
2026-09-04 14:31:18,980 WARNING [20260901_182816_6be868b5] agent.conversation_loop: API call failed (attempt 2/3) error_type=RateLimitError thread=hermes-gateway_0:137018496505536 provider=ollama-cloud base_url=https://ollama.com/v1 model=glm-5.2 summary=HTTP 429: you (gabdullinlenar) have reached your weekly usage limit, upgrade for higher limits: https://ollama.com/upgrade or add extra usage: https://ollama.com/settings (ref: 567b6494-702a-4b7a-96c5-9b3c107badcd)
2026-09-04 14:31:18,983 WARNING [20260901_182816_6be868b5] agent.conversation_loop: Retrying API call in 4.421516755577851s (attempt 2/3) thread=hermes-gateway_0:137018496505536 provider=ollama-cloud base_url=https://ollama.com/v1 model=glm-5.2 policy=default error=Error code: 429 - {'error': {'message': 'you (gabdullinlenar) have reached your weekly usage limit, upgrade for higher limits: https://ollama.com/upgrade or add extra usage: https://ollama.com/settings (ref: 567b6494-702a-4b7a-96c5-9b3c107badcd)', 'type': 'api_error', 'param': None, 'code': None}}
2026-09-04 14:31:24,148 WARNING [20260901_182816_6be868b5] agent.conversation_loop: API call failed (attempt 3/3) error_type=RateLimitError thread=hermes-gateway_0:137018496505536 provider=ollama-cloud base_url=https://ollama.com/v1 model=glm-5.2 summary=HTTP 429: you (gabdullinlenar) have reached your weekly usage limit, upgrade for higher limits: https://ollama.com/upgrade or add extra usage: https://ollama.com/settings (ref: eb643a59-b900-4622-a5d2-e8e3920dce2a)
2026-09-04 14:31:24,170 ERROR [20260901_182816_6be868b5] agent.conversation_loop: API call failed after 3 retries. HTTP 429: you (gabdullinlenar) have reached your weekly usage limit, upgrade for higher limits: https://ollama.com/upgrade or add extra usage: https://ollama.com/settings (ref: eb643a59-b900-4622-a5d2-e8e3920dce2a) | provider=ollama-cloud model=glm-5.2 msgs=163 tokens=~89,979
2026-09-04 14:31:39,541 WARNING [20260901_182816_6be868b5] agent.conversation_loop: API call failed (attempt 1/3) error_type=RateLimitError thread=hermes-gateway_0:137018496505536 provider=ollama-cloud base_url=https://ollama.com/v1 model=glm-5.2 summary=HTTP 429: you (gabdullinlenar) have reached your weekly usage limit, upgrade for higher limits: https://ollama.com/upgrade or add extra usage: https://ollama.com/settings (ref: bf08db2c-a6de-4890-8b57-bbf3cdbaa93f)
2026-09-04 14:31:39,544 WARNING [20260901_182816_6be868b5] agent.conversation_loop: Retrying API call in 2.5389959672037055s (attempt 1/3) thread=hermes-gateway_0:137018496505536 provider=ollama-cloud base_url=https://ollama.com/v1 model=glm-5.2 policy=default error=Error code: 429 - {'error': {'message': 'you (gabdullinlenar) have reached your weekly usage limit, upgrade for higher limits: https://ollama.com/upgrade or add extra usage: https://ollama.com/settings (ref: bf08db2c-a6de-4890-8b57-bbf3cdbaa93f)', 'type': 'api_error', 'param': None, 'code': None}}
2026-09-04 14:31:42,523 WARNING [20260901_182816_6be868b5] agent.conversation_loop: API call failed (attempt 2/3) error_type=RateLimitError thread=hermes-gateway_0:137018496505536 provider=ollama-cloud base_url=https://ollama.com/v1 model=glm-5.2 summary=HTTP 429: you (gabdullinlenar) have reached your weekly usage limit, upgrade for higher limits: https://ollama.com/upgrade or add extra usage: https://ollama.com/settings (ref: b35d6063-a5c2-4395-95b5-ff5905cdf690)
2026-09-04 14:31:42,526 WARNING [20260901_182816_6be868b5] agent.conversation_loop: Retrying API call in 5.893264897660039s (attempt 2/3) thread=hermes-gateway_0:137018496505536 provider=ollama-cloud base_url=https://ollama.com/v1 model=glm-5.2 policy=default error=Error code: 429 - {'error': {'message': 'you (gabdullinlenar) have reached your weekly usage limit, upgrade for higher limits: https://ollama.com/upgrade or add extra usage: https://ollama.com/settings (ref: b35d6063-a5c2-4395-95b5-ff5905cdf690)', 'type': 'api_error', 'param': None, 'code': None}}
2026-09-04 14:31:49,361 WARNING [20260901_182816_6be868b5] agent.conversation_loop: API call failed (attempt 3/3) error_type=RateLimitError thread=hermes-gateway_0:137018496505536 provider=ollama-cloud base_url=https://ollama.com/v1 model=glm-5.2 summary=HTTP 429: you (gabdullinlenar) have reached your weekly usage limit, upgrade for higher limits: https://ollama.com/upgrade or add extra usage: https://ollama.com/settings (ref: 73963836-2c2d-4395-9176-6a38e852f650)
2026-09-04 14:31:49,376 ERROR [20260901_182816_6be868b5] agent.conversation_loop: API call failed after 3 retries. HTTP 429: you (gabdullinlenar) have reached your weekly usage limit, upgrade for higher limits: https://ollama.com/upgrade or add extra usage: https://ollama.com/settings (ref: 73963836-2c2d-4395-9176-6a38e852f650) | provider=ollama-cloud model=glm-5.2 msgs=163 tokens=~90,442
2026-09-04 14:35:03,375 WARNING [20260901_182816_6be868b5] tools.registry: check_fn check_browser_requirements returned False; dependent tools will be unavailable this turn
2026-09-04 14:35:03,385 WARNING [20260901_182816_6be868b5] tools.registry: check_fn _browser_cdp_check returned False; dependent tools will be unavailable this turn
2026-09-04 14:35:03,393 WARNING [20260901_182816_6be868b5] tools.registry: check_fn _browser_dialog_check returned False; dependent tools will be unavailable this turn
2026-09-04 14:35:03,399 WARNING [20260901_182816_6be868b5] tools.registry: check_fn check_browser_vision_requirements returned False; dependent tools will be unavailable this turn
2026-09-04 14:35:03,400 WARNING [20260901_182816_6be868b5] tools.registry: check_fn check_close_terminal_requirements returned False; dependent tools will be unavailable this turn
2026-09-04 14:35:03,400 WARNING [20260901_182816_6be868b5] tools.registry: check_fn check_computer_use_requirements returned False; dependent tools will be unavailable this turn
2026-09-04 14:35:03,414 WARNING [20260901_182816_6be868b5] tools.registry: check_fn check_image_generation_requirements returned False; dependent tools will be unavailable this turn
2026-09-04 14:35:03,417 WARNING [20260901_182816_6be868b5] tools.registry: check_fn _check_kanban_mode returned False; dependent tools will be unavailable this turn
2026-09-04 14:35:03,421 WARNING [20260901_182816_6be868b5] tools.registry: check_fn _check_kanban_orchestrator_mode returned False; dependent tools will be unavailable this turn
2026-09-04 14:35:03,422 WARNING [20260901_182816_6be868b5] tools.registry: check_fn check_read_terminal_requirements returned False; dependent tools will be unavailable this turn
2026-09-04 14:35:03,430 WARNING [20260901_182816_6be868b5] tools.registry: check_fn check_tts_requirements returned False; dependent tools will be unavailable this turn
2026-09-04 14:35:04,105 WARNING [20260904_143418_6c869e4b] agent.conversation_loop: API call failed (attempt 1/3) error_type=RateLimitError thread=hermes-gateway_0:137018496505536 provider=ollama-cloud base_url=https://ollama.com/v1 model=nemotron-3-nano:30b summary=HTTP 429: you (gabdullinlenar) have reached your weekly usage limit, upgrade for higher limits: https://ollama.com/upgrade or add extra usage: https://ollama.com/settings (ref: be077e9b-fdd5-4ddf-996e-b76d817f8698)
2026-09-04 14:35:04,105 WARNING [20260904_143418_6c869e4b] agent.conversation_loop: Retrying API call in 2.5506776933935873s (attempt 1/3) thread=hermes-gateway_0:137018496505536 provider=ollama-cloud base_url=https://ollama.com/v1 model=nemotron-3-nano:30b policy=default error=Error code: 429 - {'error': {'message': 'you (gabdullinlenar) have reached your weekly usage limit, upgrade for higher limits: https://ollama.com/upgrade or add extra usage: https://ollama.com/settings (ref: be077e9b-fdd5-4ddf-996e-b76d817f8698)', 'type': 'api_error', 'param': None, 'code': None}}
2026-09-04 14:35:07,059 WARNING [20260904_143418_6c869e4b] agent.conversation_loop: API call failed (attempt 2/3) error_type=RateLimitError thread=hermes-gateway_0:137018496505536 provider=ollama-cloud base_url=https://ollama.com/v1 model=nemotron-3-nano:30b summary=HTTP 429: you (gabdullinlenar) have reached your weekly usage limit, upgrade for higher limits: https://ollama.com/upgrade or add extra usage: https://ollama.com/settings (ref: 80dfa5b6-28fe-4d6f-a11d-d21cba9ed8f2)
2026-09-04 14:35:07,059 WARNING [20260904_143418_6c869e4b] agent.conversation_loop: Retrying API call in 5.535949876747336s (attempt 2/3) thread=hermes-gateway_0:137018496505536 provider=ollama-cloud base_url=https://ollama.com/v1 model=nemotron-3-nano:30b policy=default error=Error code: 429 - {'error': {'message': 'you (gabdullinlenar) have reached your weekly usage limit, upgrade for higher limits: https://ollama.com/upgrade or add extra usage: https://ollama.com/settings (ref: 80dfa5b6-28fe-4d6f-a11d-d21cba9ed8f2)', 'type': 'api_error', 'param': None, 'code': None}}
2026-09-04 14:35:13,031 WARNING [20260904_143418_6c869e4b] agent.conversation_loop: API call failed (attempt 3/3) error_type=RateLimitError thread=hermes-gateway_0:137018496505536 provider=ollama-cloud base_url=https://ollama.com/v1 model=nemotron-3-nano:30b summary=HTTP 429: you (gabdullinlenar) have reached your weekly usage limit, upgrade for higher limits: https://ollama.com/upgrade or add extra usage: https://ollama.com/settings (ref: 1a825550-347b-4ae3-b23a-aa1ba3c46ded)
2026-09-04 14:35:13,055 ERROR [20260904_143418_6c869e4b] agent.conversation_loop: API call failed after 3 retries. HTTP 429: you (gabdullinlenar) have reached your weekly usage limit, upgrade for higher limits: https://ollama.com/upgrade or add extra usage: https://ollama.com/settings (ref: 1a825550-347b-4ae3-b23a-aa1ba3c46ded) | provider=ollama-cloud model=nemotron-3-nano:30b msgs=2 tokens=~6,104
2026-09-04 14:35:13,501 WARNING agent.auxiliary_client: Auxiliary: marking ollama-cloud unhealthy for 600s (payment / credit error). Subsequent auxiliary calls will skip it until 14:45:13.
2026-09-04 14:35:13,788 WARNING agent.title_generator: Title generation failed: Error code: 402 - {'error': {'message': 'This request requires more credits, or fewer max_tokens. You requested up to 65536 tokens, but can only afford 2603. To increase, visit https://openrouter.ai/settings/credits and add more credits', 'code': 402, 'metadata': {'limit_source': 'openrouter_credits', 'remedy_hint': 'Add credits at https://openrouter.ai/settings/credits, or lower max_tokens / prompt size to fit your remaining balance.', 'provider_name': None, 'previous_errors': [{'code': 402, 'message': 'This request requires more credits, or fewer max_tokens. You requested up to 65536 tokens, but can only afford 2603. To increase, visit https://openrouter.ai/settings/credits and add more credits'}]}}, 'user_id': 'user_3FVMbE5pq37VIYMXYUHc1mDlfdT'}
2026-09-04 15:38:13,501 WARNING [20260904_143418_6c869e4b] agent.conversation_loop: API call failed (attempt 1/3) error_type=RateLimitError thread=hermes-gateway_0:137018496505536 provider=ollama-cloud base_url=https://ollama.com/v1 model=nemotron-3-nano:30b summary=HTTP 429: you (gabdullinlenar) have reached your weekly usage limit, upgrade for higher limits: https://ollama.com/upgrade or add extra usage: https://ollama.com/settings (ref: 1e31ffeb-ebe4-4cc6-91d0-786297d8e7d2)
2026-09-04 15:38:13,502 WARNING [20260904_143418_6c869e4b] agent.conversation_loop: Retrying API call in 2.4388074621243776s (attempt 1/3) thread=hermes-gateway_0:137018496505536 provider=ollama-cloud base_url=https://ollama.com/v1 model=nemotron-3-nano:30b policy=default error=Error code: 429 - {'error': {'message': 'you (gabdullinlenar) have reached your weekly usage limit, upgrade for higher limits: https://ollama.com/upgrade or add extra usage: https://ollama.com/settings (ref: 1e31ffeb-ebe4-4cc6-91d0-786297d8e7d2)', 'type': 'api_error', 'param': None, 'code': None}}
2026-09-04 15:38:16,458 WARNING [20260904_143418_6c869e4b] agent.conversation_loop: API call failed (attempt 2/3) error_type=RateLimitError thread=hermes-gateway_0:137018496505536 provider=ollama-cloud base_url=https://ollama.com/v1 model=nemotron-3-nano:30b summary=HTTP 429: you (gabdullinlenar) have reached your weekly usage limit, upgrade for higher limits: https://ollama.com/upgrade or add extra usage: https://ollama.com/settings (ref: 0eaeb2bb-2dba-4a91-9cf4-a61a4154149d)
2026-09-04 15:38:16,462 WARNING [20260904_143418_6c869e4b] agent.conversation_loop: Retrying API call in 4.0616806081944254s (attempt 2/3) thread=hermes-gateway_0:137018496505536 provider=ollama-cloud base_url=https://ollama.com/v1 model=nemotron-3-nano:30b policy=default error=Error code: 429 - {'error': {'message': 'you (gabdullinlenar) have reached your weekly usage limit, upgrade for higher limits: https://ollama.com/upgrade or add extra usage: https://ollama.com/settings (ref: 0eaeb2bb-2dba-4a91-9cf4-a61a4154149d)', 'type': 'api_error', 'param': None, 'code': None}}
2026-09-04 15:38:20,988 WARNING [20260904_143418_6c869e4b] agent.conversation_loop: API call failed (attempt 3/3) error_type=RateLimitError thread=hermes-gateway_0:137018496505536 provider=ollama-cloud base_url=https://ollama.com/v1 model=nemotron-3-nano:30b summary=HTTP 429: you (gabdullinlenar) have reached your weekly usage limit, upgrade for higher limits: https://ollama.com/upgrade or add extra usage: https://ollama.com/settings (ref: f55d8e38-4927-41a7-aa83-1b82fdefa7c5)
2026-09-04 15:38:21,009 ERROR [20260904_143418_6c869e4b] agent.conversation_loop: API call failed after 3 retries. HTTP 429: you (gabdullinlenar) have reached your weekly usage limit, upgrade for higher limits: https://ollama.com/upgrade or add extra usage: https://ollama.com/settings (ref: f55d8e38-4927-41a7-aa83-1b82fdefa7c5) | provider=ollama-cloud model=nemotron-3-nano:30b msgs=2 tokens=~6,096
2026-09-04 15:38:21,394 WARNING agent.auxiliary_client: Auxiliary: marking ollama-cloud unhealthy for 600s (payment / credit error). Subsequent auxiliary calls will skip it until 15:48:21.
2026-09-04 15:38:21,650 WARNING agent.title_generator: Title generation failed: Error code: 402 - {'error': {'message': 'This request requires more credits, or fewer max_tokens. You requested up to 65536 tokens, but can only afford 2603. To increase, visit https://openrouter.ai/settings/credits and add more credits', 'code': 402, 'metadata': {'limit_source': 'openrouter_credits', 'remedy_hint': 'Add credits at https://openrouter.ai/settings/credits, or lower max_tokens / prompt size to fit your remaining balance.', 'provider_name': None, 'previous_errors': [{'code': 402, 'message': 'This request requires more credits, or fewer max_tokens. You requested up to 65536 tokens, but can only afford 2603. To increase, visit https://openrouter.ai/settings/credits and add more credits'}]}}, 'user_id': 'user_3FVMbE5pq37VIYMXYUHc1mDlfdT'}
2026-09-04 15:57:12,853 WARNING [20260904_143418_6c869e4b] agent.conversation_loop: API call failed (attempt 1/3) error_type=RateLimitError thread=hermes-gateway_0:137018496505536 provider=ollama-cloud base_url=https://ollama.com/v1 model=nemotron-3-nano:30b summary=HTTP 429: you (gabdullinlenar) have reached your weekly usage limit, upgrade for higher limits: https://ollama.com/upgrade or add extra usage: https://ollama.com/settings (ref: 0a2cf96f-9666-4b5b-82eb-bdc6e1d66f76)
2026-09-04 15:57:12,854 WARNING [20260904_143418_6c869e4b] agent.conversation_loop: Retrying API call in 2.874223275695509s (attempt 1/3) thread=hermes-gateway_0:137018496505536 provider=ollama-cloud base_url=https://ollama.com/v1 model=nemotron-3-nano:30b policy=default error=Error code: 429 - {'error': {'message': 'you (gabdullinlenar) have reached your weekly usage limit, upgrade for higher limits: https://ollama.com/upgrade or add extra usage: https://ollama.com/settings (ref: 0a2cf96f-9666-4b5b-82eb-bdc6e1d66f76)', 'type': 'api_error', 'param': None, 'code': None}}
2026-09-04 15:57:16,170 WARNING [20260904_143418_6c869e4b] agent.conversation_loop: API call failed (attempt 2/3) error_type=RateLimitError thread=hermes-gateway_0:137018496505536 provider=ollama-cloud base_url=https://ollama.com/v1 model=nemotron-3-nano:30b summary=HTTP 429: you (gabdullinlenar) have reached your weekly usage limit, upgrade for higher limits: https://ollama.com/upgrade or add extra usage: https://ollama.com/settings (ref: 9f2016d2-4922-4936-b155-f0bc37a6a974)
2026-09-04 15:57:16,170 WARNING [20260904_143418_6c869e4b] agent.conversation_loop: Retrying API call in 4.815921006820509s (attempt 2/3) thread=hermes-gateway_0:137018496505536 provider=ollama-cloud base_url=https://ollama.com/v1 model=nemotron-3-nano:30b policy=default error=Error code: 429 - {'error': {'message': 'you (gabdullinlenar) have reached your weekly usage limit, upgrade for higher limits: https://ollama.com/upgrade or add extra usage: https://ollama.com/settings (ref: 9f2016d2-4922-4936-b155-f0bc37a6a974)', 'type': 'api_error', 'param': None, 'code': None}}
2026-09-04 15:57:21,505 WARNING [20260904_143418_6c869e4b] agent.conversation_loop: API call failed (attempt 3/3) error_type=RateLimitError thread=hermes-gateway_0:137018496505536 provider=ollama-cloud base_url=https://ollama.com/v1 model=nemotron-3-nano:30b summary=HTTP 429: you (gabdullinlenar) have reached your weekly usage limit, upgrade for higher limits: https://ollama.com/upgrade or add extra usage: https://ollama.com/settings (ref: 296dc1aa-2d60-4125-9706-20939fb15190)
2026-09-04 15:57:21,519 ERROR [20260904_143418_6c869e4b] agent.conversation_loop: API call failed after 3 retries. HTTP 429: you (gabdullinlenar) have reached your weekly usage limit, upgrade for higher limits: https://ollama.com/upgrade or add extra usage: https://ollama.com/settings (ref: 296dc1aa-2d60-4125-9706-20939fb15190) | provider=ollama-cloud model=nemotron-3-nano:30b msgs=2 tokens=~6,213
2026-09-04 15:57:21,903 WARNING agent.auxiliary_client: Auxiliary: marking ollama-cloud unhealthy for 600s (payment / credit error). Subsequent auxiliary calls will skip it until 16:07:21.
2026-09-04 15:57:22,395 WARNING agent.title_generator: Title generation failed: Error code: 402 - {'error': {'message': 'This request requires more credits, or fewer max_tokens. You requested up to 65536 tokens, but can only afford 2603. To increase, visit https://openrouter.ai/settings/credits and add more credits', 'code': 402, 'metadata': {'limit_source': 'openrouter_credits', 'remedy_hint': 'Add credits at https://openrouter.ai/settings/credits, or lower max_tokens / prompt size to fit your remaining balance.', 'provider_name': None, 'previous_errors': [{'code': 402, 'message': 'This request requires more credits, or fewer max_tokens. You requested up to 65536 tokens, but can only afford 2603. To increase, visit https://openrouter.ai/settings/credits and add more credits'}]}}, 'user_id': 'user_3FVMbE5pq37VIYMXYUHc1mDlfdT'}
2026-09-04 16:01:14,202 WARNING agent.auxiliary_client: Auxiliary: marking ollama-cloud unhealthy for 600s (payment / credit error). Subsequent auxiliary calls will skip it until 16:11:14.
2026-09-04 16:01:14,207 WARNING agent.auxiliary_client: Auxiliary vision (async): payment error on ollama-cloud and all fallbacks exhausted (fallback_chain + main agent model). Raising original error.
2026-09-04 16:01:14,208 ERROR tools.vision_tools: Error analyzing image: Error code: 429 - {'error': {'message': 'you (gabdullinlenar) have reached your weekly usage limit, upgrade for higher limits: https://ollama.com/upgrade or add extra usage: https://ollama.com/settings (ref: d998019c-df21-4e97-a13b-46b52dc41406)', 'type': 'api_error', 'param': None, 'code': None}}
2026-09-04 16:01:14,621 WARNING agent.auxiliary_client: Auxiliary: marking ollama-cloud unhealthy for 600s (payment / credit error). Subsequent auxiliary calls will skip it until 16:11:14.
2026-09-04 16:01:14,625 WARNING agent.auxiliary_client: Auxiliary vision (async): payment error on ollama-cloud and all fallbacks exhausted (fallback_chain + main agent model). Raising original error.
2026-09-04 16:01:14,626 ERROR tools.vision_tools: Error analyzing image: Error code: 429 - {'error': {'message': 'you (gabdullinlenar) have reached your weekly usage limit, upgrade for higher limits: https://ollama.com/upgrade or add extra usage: https://ollama.com/settings (ref: 63410b51-6581-4234-bf1a-c5d62ab7771b)', 'type': 'api_error', 'param': None, 'code': None}}
2026-09-04 16:01:15,040 WARNING [20260904_143418_6c869e4b] agent.conversation_loop: API call failed (attempt 1/3) error_type=RateLimitError thread=hermes-gateway_0:137018496505536 provider=ollama-cloud base_url=https://ollama.com/v1 model=nemotron-3-nano:30b summary=HTTP 429: you (gabdullinlenar) have reached your weekly usage limit, upgrade for higher limits: https://ollama.com/upgrade or add extra usage: https://ollama.com/settings (ref: 3ff21067-b835-47aa-9ebd-bf2ec55d8945)
2026-09-04 16:01:15,043 WARNING [20260904_143418_6c869e4b] agent.conversation_loop: Retrying API call in 2.793079463242405s (attempt 1/3) thread=hermes-gateway_0:137018496505536 provider=ollama-cloud base_url=https://ollama.com/v1 model=nemotron-3-nano:30b policy=default error=Error code: 429 - {'error': {'message': 'you (gabdullinlenar) have reached your weekly usage limit, upgrade for higher limits: https://ollama.com/upgrade or add extra usage: https://ollama.com/settings (ref: 3ff21067-b835-47aa-9ebd-bf2ec55d8945)', 'type': 'api_error', 'param': None, 'code': None}}
2026-09-04 16:01:18,145 WARNING [20260904_143418_6c869e4b] agent.conversation_loop: API call failed (attempt 2/3) error_type=RateLimitError thread=hermes-gateway_0:137018496505536 provider=ollama-cloud base_url=https://ollama.com/v1 model=nemotron-3-nano:30b summary=HTTP 429: you (gabdullinlenar) have reached your weekly usage limit, upgrade for higher limits: https://ollama.com/upgrade or add extra usage: https://ollama.com/settings (ref: 881a0a90-f2bd-402b-a40a-32e8291f2337)
2026-09-04 16:01:18,146 WARNING [20260904_143418_6c869e4b] agent.conversation_loop: Retrying API call in 4.430903848777908s (attempt 2/3) thread=hermes-gateway_0:137018496505536 provider=ollama-cloud base_url=https://ollama.com/v1 model=nemotron-3-nano:30b policy=default error=Error code: 429 - {'error': {'message': 'you (gabdullinlenar) have reached your weekly usage limit, upgrade for higher limits: https://ollama.com/upgrade or add extra usage: https://ollama.com/settings (ref: 881a0a90-f2bd-402b-a40a-32e8291f2337)', 'type': 'api_error', 'param': None, 'code': None}}
2026-09-04 16:01:23,058 WARNING [20260904_143418_6c869e4b] agent.conversation_loop: API call failed (attempt 3/3) error_type=RateLimitError thread=hermes-gateway_0:137018496505536 provider=ollama-cloud base_url=https://ollama.com/v1 model=nemotron-3-nano:30b summary=HTTP 429: you (gabdullinlenar) have reached your weekly usage limit, upgrade for higher limits: https://ollama.com/upgrade or add extra usage: https://ollama.com/settings (ref: 8ed429f0-b025-407d-b940-b0a6506022ab)
2026-09-04 16:01:23,082 ERROR [20260904_143418_6c869e4b] agent.conversation_loop: API call failed after 3 retries. HTTP 429: you (gabdullinlenar) have reached your weekly usage limit, upgrade for higher limits: https://ollama.com/upgrade or add extra usage: https://ollama.com/settings (ref: 8ed429f0-b025-407d-b940-b0a6506022ab) | provider=ollama-cloud model=nemotron-3-nano:30b msgs=2 tokens=~6,545
2026-09-04 16:01:23,534 WARNING agent.auxiliary_client: Auxiliary: marking ollama-cloud unhealthy for 600s (payment / credit error). Subsequent auxiliary calls will skip it until 16:11:23.
2026-09-04 16:01:23,996 WARNING agent.title_generator: Title generation failed: Error code: 402 - {'error': {'message': 'This request requires more credits, or fewer max_tokens. You requested up to 65536 tokens, but can only afford 2603. To increase, visit https://openrouter.ai/settings/credits and add more credits', 'code': 402, 'metadata': {'limit_source': 'openrouter_credits', 'remedy_hint': 'Add credits at https://openrouter.ai/settings/credits, or lower max_tokens / prompt size to fit your remaining balance.', 'provider_name': None, 'previous_errors': [{'code': 402, 'message': 'This request requires more credits, or fewer max_tokens. You requested up to 65536 tokens, but can only afford 2603. To increase, visit https://openrouter.ai/settings/credits and add more credits'}]}}, 'user_id': 'user_3FVMbE5pq37VIYMXYUHc1mDlfdT'}
2026-09-04 16:20:10,788 WARNING [20260904_143418_6c869e4b] tools.registry: check_fn check_browser_requirements returned False; dependent tools will be unavailable this turn
2026-09-04 16:20:10,796 WARNING [20260904_143418_6c869e4b] tools.registry: check_fn _browser_cdp_check returned False; dependent tools will be unavailable this turn
2026-09-04 16:20:10,801 WARNING [20260904_143418_6c869e4b] tools.registry: check_fn _browser_dialog_check returned False; dependent tools will be unavailable this turn
2026-09-04 16:20:10,807 WARNING [20260904_143418_6c869e4b] tools.registry: check_fn check_browser_vision_requirements returned False; dependent tools will be unavailable this turn
2026-09-04 16:20:10,808 WARNING [20260904_143418_6c869e4b] tools.registry: check_fn check_close_terminal_requirements returned False; dependent tools will be unavailable this turn
2026-09-04 16:20:10,808 WARNING [20260904_143418_6c869e4b] tools.registry: check_fn check_computer_use_requirements returned False; dependent tools will be unavailable this turn
2026-09-04 16:20:10,818 WARNING [20260904_143418_6c869e4b] tools.registry: check_fn check_image_generation_requirements returned False; dependent tools will be unavailable this turn
2026-09-04 16:20:10,820 WARNING [20260904_143418_6c869e4b] tools.registry: check_fn _check_kanban_mode returned False; dependent tools will be unavailable this turn
2026-09-04 16:20:10,822 WARNING [20260904_143418_6c869e4b] tools.registry: check_fn _check_kanban_orchestrator_mode returned False; dependent tools will be unavailable this turn
2026-09-04 16:20:10,823 WARNING [20260904_143418_6c869e4b] tools.registry: check_fn check_read_terminal_requirements returned False; dependent tools will be unavailable this turn
2026-09-04 16:20:10,829 WARNING [20260904_143418_6c869e4b] tools.registry: check_fn check_tts_requirements returned False; dependent tools will be unavailable this turn
2026-09-04 16:20:10,848 WARNING [20260904_143418_6c869e4b] agent.conversation_loop: Stored system prompt for session 20260904_143418_6c869e4b is null; rebuilding from scratch this turn. Prefix cache will miss until the rebuild persists. Investigate the previous turn's update_system_prompt write path.
2026-09-04 16:20:11,421 WARNING [20260904_143418_6c869e4b] agent.conversation_loop: API call failed (attempt 1/3) error_type=RateLimitError thread=hermes-gateway_0:137018496505536 provider=openrouter base_url=https://openrouter.ai/api/v1 model=z-ai/glm-5.2:free summary=HTTP 429: Provider returned error
2026-09-04 16:20:11,422 WARNING [20260904_143418_6c869e4b] agent.conversation_loop: Retrying API call in 5.0s (attempt 1/3) thread=hermes-gateway_0:137018496505536 provider=openrouter base_url=https://openrouter.ai/api/v1 model=z-ai/glm-5.2:free policy=default error=Error code: 429 - {'error': {'message': 'Provider returned error', 'code': 429, 'metadata': {'raw': 'z-ai/glm-5.2:free is temporarily rate-limited upstream. Please retry shortly, or add your own key to accumulate your rate limits: https://openrouter.ai/settings/integrations', 'provider_name': 'Decart', 'is_byok': False, 'provider_error_code': 'upstream_429', 'limit_source': 'upstream_provider_shared_pool', 'remedy_hint': 'Retry shortly, add your own provider key (https://openrouter.ai/settings/integrations), or route to another provider with provider routing: https://openrouter.ai/docs/features/provider-routing', 'retry_after_seconds': 5, 'retry_after_seconds_raw': 5, 'headers': {'Retry-After': '5'}}}, 'user_id': 'user_3FVMbE5pq37VIYMXYUHc1mDlfdT'}
2026-09-04 16:20:16,937 WARNING [20260904_143418_6c869e4b] agent.conversation_loop: API call failed (attempt 2/3) error_type=RateLimitError thread=hermes-gateway_0:137018496505536 provider=openrouter base_url=https://openrouter.ai/api/v1 model=z-ai/glm-5.2:free summary=HTTP 429: Provider returned error
2026-09-04 16:20:16,939 WARNING [20260904_143418_6c869e4b] agent.conversation_loop: Retrying API call in 5.0s (attempt 2/3) thread=hermes-gateway_0:137018496505536 provider=openrouter base_url=https://openrouter.ai/api/v1 model=z-ai/glm-5.2:free policy=default error=Error code: 429 - {'error': {'message': 'Provider returned error', 'code': 429, 'metadata': {'raw': 'z-ai/glm-5.2:free is temporarily rate-limited upstream. Please retry shortly, or add your own key to accumulate your rate limits: https://openrouter.ai/settings/integrations', 'provider_name': 'Decart', 'is_byok': False, 'provider_error_code': 'upstream_429', 'limit_source': 'upstream_provider_shared_pool', 'remedy_hint': 'Retry shortly, add your own provider key (https://openrouter.ai/settings/integrations), or route to another provider with provider routing: https://openrouter.ai/docs/features/provider-routing', 'retry_after_seconds': 5, 'retry_after_seconds_raw': 5, 'headers': {'Retry-After': '5'}}}, 'user_id': 'user_3FVMbE5pq37VIYMXYUHc1mDlfdT'}
2026-09-04 16:20:22,373 WARNING [20260904_143418_6c869e4b] agent.conversation_loop: API call failed (attempt 3/3) error_type=RateLimitError thread=hermes-gateway_0:137018496505536 provider=openrouter base_url=https://openrouter.ai/api/v1 model=z-ai/glm-5.2:free summary=HTTP 429: Provider returned error
2026-09-04 16:20:22,402 ERROR [20260904_143418_6c869e4b] agent.conversation_loop: API call failed after 3 retries. HTTP 429: Provider returned error | provider=openrouter model=z-ai/glm-5.2:free msgs=2 tokens=~6,792
2026-09-04 16:20:23,355 WARNING agent.title_generator: Title generation failed: Error code: 402 - {'error': {'message': 'This request requires more credits, or fewer max_tokens. You requested up to 65536 tokens, but can only afford 2603. To increase, visit https://openrouter.ai/settings/credits and add more credits', 'code': 402, 'metadata': {'limit_source': 'openrouter_credits', 'remedy_hint': 'Add credits at https://openrouter.ai/settings/credits, or lower max_tokens / prompt size to fit your remaining balance.', 'provider_name': None, 'previous_errors': [{'code': 402, 'message': 'This request requires more credits, or fewer max_tokens. You requested up to 65536 tokens, but can only afford 2603. To increase, visit https://openrouter.ai/settings/credits and add more credits'}]}}, 'user_id': 'user_3FVMbE5pq37VIYMXYUHc1mDlfdT'}
2026-09-04 16:22:00,987 WARNING [20260904_143418_6c869e4b] tools.registry: check_fn check_browser_requirements returned False; dependent tools will be unavailable this turn
2026-09-04 16:22:00,993 WARNING [20260904_143418_6c869e4b] tools.registry: check_fn _browser_cdp_check returned False; dependent tools will be unavailable this turn
2026-09-04 16:22:00,998 WARNING [20260904_143418_6c869e4b] tools.registry: check_fn _browser_dialog_check returned False; dependent tools will be unavailable this turn
2026-09-04 16:22:01,003 WARNING [20260904_143418_6c869e4b] tools.registry: check_fn check_browser_vision_requirements returned False; dependent tools will be unavailable this turn
2026-09-04 16:22:01,004 WARNING [20260904_143418_6c869e4b] tools.registry: check_fn check_close_terminal_requirements returned False; dependent tools will be unavailable this turn
2026-09-04 16:22:01,004 WARNING [20260904_143418_6c869e4b] tools.registry: check_fn check_computer_use_requirements returned False; dependent tools will be unavailable this turn
2026-09-04 16:22:01,015 WARNING [20260904_143418_6c869e4b] tools.registry: check_fn check_image_generation_requirements returned False; dependent tools will be unavailable this turn
2026-09-04 16:22:01,017 WARNING [20260904_143418_6c869e4b] tools.registry: check_fn _check_kanban_mode returned False; dependent tools will be unavailable this turn
2026-09-04 16:22:01,020 WARNING [20260904_143418_6c869e4b] tools.registry: check_fn _check_kanban_orchestrator_mode returned False; dependent tools will be unavailable this turn
2026-09-04 16:22:01,021 WARNING [20260904_143418_6c869e4b] tools.registry: check_fn check_read_terminal_requirements returned False; dependent tools will be unavailable this turn
2026-09-04 16:22:01,030 WARNING [20260904_143418_6c869e4b] tools.registry: check_fn check_tts_requirements returned False; dependent tools will be unavailable this turn
2026-09-04 16:22:01,065 WARNING [20260904_143418_6c869e4b] agent.conversation_loop: Stored system prompt for session 20260904_143418_6c869e4b is null; rebuilding from scratch this turn. Prefix cache will miss until the rebuild persists. Investigate the previous turn's update_system_prompt write path.
2026-09-04 16:22:01,815 WARNING [20260904_143418_6c869e4b] agent.conversation_loop: API call failed (attempt 1/3) error_type=RateLimitError thread=hermes-gateway_0:137018496505536 provider=custom:openrouter-qwen base_url=https://openrouter.ai/api/v1 model=z-ai/glm-5.2:free summary=HTTP 429: Provider returned error
2026-09-04 16:22:01,815 WARNING [20260904_143418_6c869e4b] agent.conversation_loop: Retrying API call in 5.0s (attempt 1/3) thread=hermes-gateway_0:137018496505536 provider=custom:openrouter-qwen base_url=https://openrouter.ai/api/v1 model=z-ai/glm-5.2:free policy=default error=Error code: 429 - {'error': {'message': 'Provider returned error', 'code': 429, 'metadata': {'raw': 'z-ai/glm-5.2:free is temporarily rate-limited upstream. Please retry shortly, or add your own key to accumulate your rate limits: https://openrouter.ai/settings/integrations', 'provider_name': 'Decart', 'is_byok': False, 'provider_error_code': 'upstream_429', 'limit_source': 'upstream_provider_shared_pool', 'remedy_hint': 'Retry shortly, add your own provider key (https://openrouter.ai/settings/integrations), or route to another provider with provider routing: https://openrouter.ai/docs/features/provider-routing', 'retry_after_seconds': 5, 'retry_after_seconds_raw': 5, 'headers': {'Retry-After': '5'}}}, 'user_id': 'user_3FVMbE5pq37VIYMXYUHc1mDlfdT'}
2026-09-04 16:22:07,368 WARNING [20260904_143418_6c869e4b] agent.conversation_loop: API call failed (attempt 2/3) error_type=RateLimitError thread=hermes-gateway_0:137018496505536 provider=custom:openrouter-qwen base_url=https://openrouter.ai/api/v1 model=z-ai/glm-5.2:free summary=HTTP 429: Provider returned error
2026-09-04 16:22:07,372 WARNING [20260904_143418_6c869e4b] agent.conversation_loop: Retrying API call in 5.0s (attempt 2/3) thread=hermes-gateway_0:137018496505536 provider=custom:openrouter-qwen base_url=https://openrouter.ai/api/v1 model=z-ai/glm-5.2:free policy=default error=Error code: 429 - {'error': {'message': 'Provider returned error', 'code': 429, 'metadata': {'raw': 'z-ai/glm-5.2:free is temporarily rate-limited upstream. Please retry shortly, or add your own key to accumulate your rate limits: https://openrouter.ai/settings/integrations', 'provider_name': 'Decart', 'is_byok': False, 'provider_error_code': 'upstream_429', 'limit_source': 'upstream_provider_shared_pool', 'remedy_hint': 'Retry shortly, add your own provider key (https://openrouter.ai/settings/integrations), or route to another provider with provider routing: https://openrouter.ai/docs/features/provider-routing', 'retry_after_seconds': 5, 'retry_after_seconds_raw': 5, 'headers': {'Retry-After': '5'}}}, 'user_id': 'user_3FVMbE5pq37VIYMXYUHc1mDlfdT'}
2026-09-04 16:22:12,884 WARNING [20260904_143418_6c869e4b] agent.conversation_loop: API call failed (attempt 3/3) error_type=RateLimitError thread=hermes-gateway_0:137018496505536 provider=custom:openrouter-qwen base_url=https://openrouter.ai/api/v1 model=z-ai/glm-5.2:free summary=HTTP 429: Provider returned error
2026-09-04 16:22:12,900 ERROR [20260904_143418_6c869e4b] agent.conversation_loop: API call failed after 3 retries. HTTP 429: Provider returned error | provider=custom:openrouter-qwen model=z-ai/glm-5.2:free msgs=2 tokens=~6,798
2026-09-04 16:22:13,774 WARNING agent.title_generator: Title generation failed: Error code: 402 - {'error': {'message': 'This request requires more credits, or fewer max_tokens. You requested up to 65536 tokens, but can only afford 2603. To increase, visit https://openrouter.ai/settings/credits and add more credits', 'code': 402, 'metadata': {'limit_source': 'openrouter_credits', 'remedy_hint': 'Add credits at https://openrouter.ai/settings/credits, or lower max_tokens / prompt size to fit your remaining balance.', 'provider_name': None, 'previous_errors': [{'code': 402, 'message': 'This request requires more credits, or fewer max_tokens. You requested up to 65536 tokens, but can only afford 2603. To increase, visit https://openrouter.ai/settings/credits and add more credits'}]}}, 'user_id': 'user_3FVMbE5pq37VIYMXYUHc1mDlfdT'}
2026-09-04 16:22:53,961 WARNING [20260904_143418_6c869e4b] tools.registry: check_fn check_browser_requirements returned False; dependent tools will be unavailable this turn
2026-09-04 16:22:53,969 WARNING [20260904_143418_6c869e4b] tools.registry: check_fn _browser_cdp_check returned False; dependent tools will be unavailable this turn
2026-09-04 16:22:53,974 WARNING [20260904_143418_6c869e4b] tools.registry: check_fn _browser_dialog_check returned False; dependent tools will be unavailable this turn
2026-09-04 16:22:53,981 WARNING [20260904_143418_6c869e4b] tools.registry: check_fn check_browser_vision_requirements returned False; dependent tools will be unavailable this turn
2026-09-04 16:22:53,981 WARNING [20260904_143418_6c869e4b] tools.registry: check_fn check_close_terminal_requirements returned False; dependent tools will be unavailable this turn
2026-09-04 16:22:53,982 WARNING [20260904_143418_6c869e4b] tools.registry: check_fn check_computer_use_requirements returned False; dependent tools will be unavailable this turn
2026-09-04 16:22:53,991 WARNING [20260904_143418_6c869e4b] tools.registry: check_fn check_image_generation_requirements returned False; dependent tools will be unavailable this turn
2026-09-04 16:22:53,993 WARNING [20260904_143418_6c869e4b] tools.registry: check_fn _check_kanban_mode returned False; dependent tools will be unavailable this turn
2026-09-04 16:22:53,995 WARNING [20260904_143418_6c869e4b] tools.registry: check_fn _check_kanban_orchestrator_mode returned False; dependent tools will be unavailable this turn
2026-09-04 16:22:53,996 WARNING [20260904_143418_6c869e4b] tools.registry: check_fn check_read_terminal_requirements returned False; dependent tools will be unavailable this turn
2026-09-04 16:22:54,003 WARNING [20260904_143418_6c869e4b] tools.registry: check_fn check_tts_requirements returned False; dependent tools will be unavailable this turn
2026-09-04 16:22:54,025 WARNING [20260904_143418_6c869e4b] agent.conversation_loop: Stored system prompt for session 20260904_143418_6c869e4b is null; rebuilding from scratch this turn. Prefix cache will miss until the rebuild persists. Investigate the previous turn's update_system_prompt write path.
2026-09-04 16:22:54,321 WARNING [20260904_143418_6c869e4b] agent.conversation_loop: API call failed (attempt 1/3) error_type=RateLimitError thread=hermes-gateway_0:137018496505536 provider=custom:openrouter-qwen base_url=https://openrouter.ai/api/v1 model=poolside/laguna-s-2.1:free summary=HTTP 429: Provider returned error
2026-09-04 16:22:54,322 WARNING [20260904_143418_6c869e4b] agent.conversation_loop: Retrying API call in 2.9265335826536556s (attempt 1/3) thread=hermes-gateway_0:137018496505536 provider=custom:openrouter-qwen base_url=https://openrouter.ai/api/v1 model=poolside/laguna-s-2.1:free policy=default error=Error code: 429 - {'error': {'message': 'Provider returned error', 'code': 429, 'metadata': {'raw': 'poolside/laguna-s-2.1:free is temporarily rate-limited upstream. Please retry shortly, or add your own key to accumulate your rate limits: https://openrouter.ai/settings/integrations', 'provider_name': 'Poolside', 'is_byok': False, 'limit_source': 'upstream_provider_shared_pool', 'remedy_hint': 'Retry shortly, add your own provider key (https://openrouter.ai/settings/integrations), or route to another provider with provider routing: https://openrouter.ai/docs/features/provider-routing'}}, 'user_id': 'user_3FVMbE5pq37VIYMXYUHc1mDlfdT'}
2026-09-04 16:22:57,590 WARNING [20260904_143418_6c869e4b] agent.conversation_loop: API call failed (attempt 2/3) error_type=RateLimitError thread=hermes-gateway_0:137018496505536 provider=custom:openrouter-qwen base_url=https://openrouter.ai/api/v1 model=poolside/laguna-s-2.1:free summary=HTTP 429: Provider returned error
2026-09-04 16:22:57,590 WARNING [20260904_143418_6c869e4b] agent.conversation_loop: Retrying API call in 5.138605348348349s (attempt 2/3) thread=hermes-gateway_0:137018496505536 provider=custom:openrouter-qwen base_url=https://openrouter.ai/api/v1 model=poolside/laguna-s-2.1:free policy=default error=Error code: 429 - {'error': {'message': 'Provider returned error', 'code': 429, 'metadata': {'raw': 'poolside/laguna-s-2.1:free is temporarily rate-limited upstream. Please retry shortly, or add your own key to accumulate your rate limits: https://openrouter.ai/settings/integrations', 'provider_name': 'Poolside', 'is_byok': False, 'limit_source': 'upstream_provider_shared_pool', 'remedy_hint': 'Retry shortly, add your own provider key (https://openrouter.ai/settings/integrations), or route to another provider with provider routing: https://openrouter.ai/docs/features/provider-routing'}}, 'user_id': 'user_3FVMbE5pq37VIYMXYUHc1mDlfdT'}
2026-09-04 16:23:03,087 WARNING [20260904_143418_6c869e4b] agent.conversation_loop: API call failed (attempt 3/3) error_type=RateLimitError thread=hermes-gateway_0:137018496505536 provider=custom:openrouter-qwen base_url=https://openrouter.ai/api/v1 model=poolside/laguna-s-2.1:free summary=HTTP 429: Provider returned error
2026-09-04 16:23:03,117 ERROR [20260904_143418_6c869e4b] agent.conversation_loop: API call failed after 3 retries. HTTP 429: Provider returned error | provider=custom:openrouter-qwen model=poolside/laguna-s-2.1:free msgs=2 tokens=~6,597
2026-09-04 16:23:03,800 WARNING agent.title_generator: Title generation failed: Error code: 402 - {'error': {'message': 'This request requires more credits, or fewer max_tokens. You requested up to 65536 tokens, but can only afford 2603. To increase, visit https://openrouter.ai/settings/credits and add more credits', 'code': 402, 'metadata': {'limit_source': 'openrouter_credits', 'remedy_hint': 'Add credits at https://openrouter.ai/settings/credits, or lower max_tokens / prompt size to fit your remaining balance.', 'provider_name': None, 'previous_errors': [{'code': 402, 'message': 'This request requires more credits, or fewer max_tokens. You requested up to 65536 tokens, but can only afford 2603. To increase, visit https://openrouter.ai/settings/credits and add more credits'}]}}, 'user_id': 'user_3FVMbE5pq37VIYMXYUHc1mDlfdT'}
2026-09-05 00:35:13,633 WARNING [20260904_143418_6c869e4b] tools.registry: check_fn check_browser_requirements returned False; dependent tools will be unavailable this turn
2026-09-05 00:35:13,639 WARNING [20260904_143418_6c869e4b] tools.registry: check_fn _browser_cdp_check returned False; dependent tools will be unavailable this turn
2026-09-05 00:35:13,643 WARNING [20260904_143418_6c869e4b] tools.registry: check_fn _browser_dialog_check returned False; dependent tools will be unavailable this turn
2026-09-05 00:35:13,647 WARNING [20260904_143418_6c869e4b] tools.registry: check_fn check_browser_vision_requirements returned False; dependent tools will be unavailable this turn
2026-09-05 00:35:13,648 WARNING [20260904_143418_6c869e4b] tools.registry: check_fn check_close_terminal_requirements returned False; dependent tools will be unavailable this turn
2026-09-05 00:35:13,648 WARNING [20260904_143418_6c869e4b] tools.registry: check_fn check_computer_use_requirements returned False; dependent tools will be unavailable this turn
2026-09-05 00:35:13,655 WARNING [20260904_143418_6c869e4b] tools.registry: check_fn check_image_generation_requirements returned False; dependent tools will be unavailable this turn
2026-09-05 00:35:13,657 WARNING [20260904_143418_6c869e4b] tools.registry: check_fn _check_kanban_mode returned False; dependent tools will be unavailable this turn
2026-09-05 00:35:13,658 WARNING [20260904_143418_6c869e4b] tools.registry: check_fn _check_kanban_orchestrator_mode returned False; dependent tools will be unavailable this turn
2026-09-05 00:35:13,658 WARNING [20260904_143418_6c869e4b] tools.registry: check_fn check_read_terminal_requirements returned False; dependent tools will be unavailable this turn
2026-09-05 00:35:13,663 WARNING [20260904_143418_6c869e4b] tools.registry: check_fn check_tts_requirements returned False; dependent tools will be unavailable this turn
2026-09-05 00:35:14,282 WARNING [20260904_143418_6c869e4b] agent.conversation_loop: API call failed (attempt 1/3) error_type=RateLimitError thread=hermes-gateway_0:137018496505536 provider=custom:openrouter-qwen base_url=https://openrouter.ai/api/v1 model=z-ai/glm-5.2:free summary=HTTP 429: Provider returned error
2026-09-05 00:35:14,283 WARNING [20260904_143418_6c869e4b] agent.conversation_loop: Retrying API call in 5.0s (attempt 1/3) thread=hermes-gateway_0:137018496505536 provider=custom:openrouter-qwen base_url=https://openrouter.ai/api/v1 model=z-ai/glm-5.2:free policy=default error=Error code: 429 - {'error': {'message': 'Provider returned error', 'code': 429, 'metadata': {'raw': 'z-ai/glm-5.2:free is temporarily rate-limited upstream. Please retry shortly, or add your own key to accumulate your rate limits: https://openrouter.ai/settings/integrations', 'provider_name': 'Decart', 'is_byok': False, 'provider_error_code': 'upstream_429', 'limit_source': 'upstream_provider_shared_pool', 'remedy_hint': 'Retry shortly, add your own provider key (https://openrouter.ai/settings/integrations), or route to another provider with provider routing: https://openrouter.ai/docs/features/provider-routing', 'retry_after_seconds': 5, 'retry_after_seconds_raw': 5, 'headers': {'Retry-After': '5'}}}, 'user_id': 'user_3FVMbE5pq37VIYMXYUHc1mDlfdT'}
2026-09-05 00:35:19,710 WARNING [20260904_143418_6c869e4b] agent.conversation_loop: API call failed (attempt 2/3) error_type=RateLimitError thread=hermes-gateway_0:137018496505536 provider=custom:openrouter-qwen base_url=https://openrouter.ai/api/v1 model=z-ai/glm-5.2:free summary=HTTP 429: Provider returned error
2026-09-05 00:35:19,711 WARNING [20260904_143418_6c869e4b] agent.conversation_loop: Retrying API call in 5.0s (attempt 2/3) thread=hermes-gateway_0:137018496505536 provider=custom:openrouter-qwen base_url=https://openrouter.ai/api/v1 model=z-ai/glm-5.2:free policy=default error=Error code: 429 - {'error': {'message': 'Provider returned error', 'code': 429, 'metadata': {'raw': 'z-ai/glm-5.2:free is temporarily rate-limited upstream. Please retry shortly, or add your own key to accumulate your rate limits: https://openrouter.ai/settings/integrations', 'provider_name': 'Decart', 'is_byok': False, 'provider_error_code': 'upstream_429', 'limit_source': 'upstream_provider_shared_pool', 'remedy_hint': 'Retry shortly, add your own provider key (https://openrouter.ai/settings/integrations), or route to another provider with provider routing: https://openrouter.ai/docs/features/provider-routing', 'retry_after_seconds': 5, 'retry_after_seconds_raw': 5, 'headers': {'Retry-After': '5'}}}, 'user_id': 'user_3FVMbE5pq37VIYMXYUHc1mDlfdT'}
2026-09-05 00:35:25,156 WARNING [20260904_143418_6c869e4b] agent.conversation_loop: API call failed (attempt 3/3) error_type=RateLimitError thread=hermes-gateway_0:137018496505536 provider=custom:openrouter-qwen base_url=https://openrouter.ai/api/v1 model=z-ai/glm-5.2:free summary=HTTP 429: Provider returned error
2026-09-05 00:35:25,168 ERROR [20260904_143418_6c869e4b] agent.conversation_loop: API call failed after 3 retries. HTTP 429: Provider returned error | provider=custom:openrouter-qwen model=z-ai/glm-5.2:free msgs=2 tokens=~6,808
2026-09-05 00:35:25,894 WARNING agent.title_generator: Title generation failed: Error code: 402 - {'error': {'message': 'This request requires more credits, or fewer max_tokens. You requested up to 65536 tokens, but can only afford 2603. To increase, visit https://openrouter.ai/settings/credits and add more credits', 'code': 402, 'metadata': {'limit_source': 'openrouter_credits', 'remedy_hint': 'Add credits at https://openrouter.ai/settings/credits, or lower max_tokens / prompt size to fit your remaining balance.', 'provider_name': None, 'previous_errors': [{'code': 402, 'message': 'This request requires more credits, or fewer max_tokens. You requested up to 65536 tokens, but can only afford 2603. To increase, visit https://openrouter.ai/settings/credits and add more credits'}]}}, 'user_id': 'user_3FVMbE5pq37VIYMXYUHc1mDlfdT'}
2026-09-05 00:36:54,959 WARNING [20260904_143418_6c869e4b] tools.registry: check_fn check_browser_requirements returned False; dependent tools will be unavailable this turn
2026-09-05 00:36:54,964 WARNING [20260904_143418_6c869e4b] tools.registry: check_fn _browser_cdp_check returned False; dependent tools will be unavailable this turn
2026-09-05 00:36:54,969 WARNING [20260904_143418_6c869e4b] tools.registry: check_fn _browser_dialog_check returned False; dependent tools will be unavailable this turn
2026-09-05 00:36:54,975 WARNING [20260904_143418_6c869e4b] tools.registry: check_fn check_browser_vision_requirements returned False; dependent tools will be unavailable this turn
2026-09-05 00:36:54,976 WARNING [20260904_143418_6c869e4b] tools.registry: check_fn check_close_terminal_requirements returned False; dependent tools will be unavailable this turn
2026-09-05 00:36:54,976 WARNING [20260904_143418_6c869e4b] tools.registry: check_fn check_computer_use_requirements returned False; dependent tools will be unavailable this turn
2026-09-05 00:36:54,986 WARNING [20260904_143418_6c869e4b] tools.registry: check_fn check_image_generation_requirements returned False; dependent tools will be unavailable this turn
2026-09-05 00:36:54,989 WARNING [20260904_143418_6c869e4b] tools.registry: check_fn _check_kanban_mode returned False; dependent tools will be unavailable this turn
2026-09-05 00:36:54,991 WARNING [20260904_143418_6c869e4b] tools.registry: check_fn _check_kanban_orchestrator_mode returned False; dependent tools will be unavailable this turn
2026-09-05 00:36:54,992 WARNING [20260904_143418_6c869e4b] tools.registry: check_fn check_read_terminal_requirements returned False; dependent tools will be unavailable this turn
2026-09-05 00:36:54,997 WARNING [20260904_143418_6c869e4b] tools.registry: check_fn check_tts_requirements returned False; dependent tools will be unavailable this turn
2026-09-05 00:36:55,011 WARNING [20260904_143418_6c869e4b] agent.conversation_loop: Stored system prompt for session 20260904_143418_6c869e4b is null; rebuilding from scratch this turn. Prefix cache will miss until the rebuild persists. Investigate the previous turn's update_system_prompt write path.
2026-09-05 00:36:55,322 WARNING [20260904_143418_6c869e4b] agent.conversation_loop: API call failed (attempt 1/3) error_type=RateLimitError thread=hermes-gateway_0:137018496505536 provider=ollama-cloud base_url=https://ollama.com/v1 model=glm-5.1 summary=HTTP 429: you (gabdullinlenar) have reached your weekly usage limit, upgrade for higher limits: https://ollama.com/upgrade or add extra usage: https://ollama.com/settings (ref: f088172c-f2fd-44e7-8b4c-d46edb01c617)
2026-09-05 00:36:55,323 WARNING [20260904_143418_6c869e4b] agent.conversation_loop: Retrying API call in 2.3605911618035633s (attempt 1/3) thread=hermes-gateway_0:137018496505536 provider=ollama-cloud base_url=https://ollama.com/v1 model=glm-5.1 policy=default error=Error code: 429 - {'error': {'message': 'you (gabdullinlenar) have reached your weekly usage limit, upgrade for higher limits: https://ollama.com/upgrade or add extra usage: https://ollama.com/settings (ref: f088172c-f2fd-44e7-8b4c-d46edb01c617)', 'type': 'api_error', 'param': None, 'code': None}}
2026-09-05 00:36:58,078 WARNING [20260904_143418_6c869e4b] agent.conversation_loop: API call failed (attempt 2/3) error_type=RateLimitError thread=hermes-gateway_0:137018496505536 provider=ollama-cloud base_url=https://ollama.com/v1 model=glm-5.1 summary=HTTP 429: you (gabdullinlenar) have reached your weekly usage limit, upgrade for higher limits: https://ollama.com/upgrade or add extra usage: https://ollama.com/settings (ref: 590ce9ac-bd26-4d22-b5a5-b60a1f837ceb)
2026-09-05 00:36:58,080 WARNING [20260904_143418_6c869e4b] agent.conversation_loop: Retrying API call in 4.109330039011154s (attempt 2/3) thread=hermes-gateway_0:137018496505536 provider=ollama-cloud base_url=https://ollama.com/v1 model=glm-5.1 policy=default error=Error code: 429 - {'error': {'message': 'you (gabdullinlenar) have reached your weekly usage limit, upgrade for higher limits: https://ollama.com/upgrade or add extra usage: https://ollama.com/settings (ref: 590ce9ac-bd26-4d22-b5a5-b60a1f837ceb)', 'type': 'api_error', 'param': None, 'code': None}}
2026-09-05 00:37:02,580 WARNING [20260904_143418_6c869e4b] agent.conversation_loop: API call failed (attempt 3/3) error_type=RateLimitError thread=hermes-gateway_0:137018496505536 provider=ollama-cloud base_url=https://ollama.com/v1 model=glm-5.1 summary=HTTP 429: you (gabdullinlenar) have reached your weekly usage limit, upgrade for higher limits: https://ollama.com/upgrade or add extra usage: https://ollama.com/settings (ref: cea6f789-a7a3-41a1-b340-211e6a22f737)
2026-09-05 00:37:02,597 ERROR [20260904_143418_6c869e4b] agent.conversation_loop: API call failed after 3 retries. HTTP 429: you (gabdullinlenar) have reached your weekly usage limit, upgrade for higher limits: https://ollama.com/upgrade or add extra usage: https://ollama.com/settings (ref: cea6f789-a7a3-41a1-b340-211e6a22f737) | provider=ollama-cloud model=glm-5.1 msgs=2 tokens=~6,799
2026-09-05 00:37:02,971 WARNING agent.auxiliary_client: Auxiliary: marking ollama-cloud unhealthy for 600s (payment / credit error). Subsequent auxiliary calls will skip it until 00:47:02.
2026-09-05 00:37:03,224 WARNING agent.title_generator: Title generation failed: Error code: 402 - {'error': {'message': 'This request requires more credits, or fewer max_tokens. You requested up to 65536 tokens, but can only afford 2603. To increase, visit https://openrouter.ai/settings/credits and add more credits', 'code': 402, 'metadata': {'limit_source': 'openrouter_credits', 'remedy_hint': 'Add credits at https://openrouter.ai/settings/credits, or lower max_tokens / prompt size to fit your remaining balance.', 'provider_name': None, 'previous_errors': [{'code': 402, 'message': 'This request requires more credits, or fewer max_tokens. You requested up to 65536 tokens, but can only afford 2603. To increase, visit https://openrouter.ai/settings/credits and add more credits'}]}}, 'user_id': 'user_3FVMbE5pq37VIYMXYUHc1mDlfdT'}
2026-09-05 02:01:26,897 ERROR gateway.run: kanban dispatcher: tick failed on board default
2026-09-05 02:02:10,892 WARNING gateway.session: gateway.session: state.db routing save failed: database or disk is full
2026-09-05 02:02:10,896 ERROR gateway.platforms.base: [Telegram] Error handling message: [Errno 28] No space left on device
2026-09-05 06:14:44,432 WARNING hermes.security_audit:   [security 1/1] SSH password authentication is ENABLED (default — no explicit directive). Password auth is brute-forceable and dangerous on an internet-facing box. Set 'PasswordAuthentication no' in sshd_config and use key-based auth.
2026-09-05 06:14:47,164 WARNING hermes_plugins.telegram_platform.adapter: [Telegram] Discovering Telegram API fallback IPs via DNS-over-HTTPS…
2026-09-05 06:14:47,232 WARNING hermes_plugins.telegram_platform.adapter: [Telegram] Connecting to Telegram (attempt 1/8)…
2026-09-05 06:56:12,652 WARNING tools.registry: check_fn check_browser_requirements returned False; dependent tools will be unavailable this turn
2026-09-05 06:56:12,658 WARNING tools.registry: check_fn _browser_cdp_check returned False; dependent tools will be unavailable this turn
2026-09-05 06:56:12,663 WARNING tools.registry: check_fn _browser_dialog_check returned False; dependent tools will be unavailable this turn
2026-09-05 06:56:12,668 WARNING tools.registry: check_fn check_browser_vision_requirements returned False; dependent tools will be unavailable this turn
2026-09-05 06:56:12,668 WARNING tools.registry: check_fn check_close_terminal_requirements returned False; dependent tools will be unavailable this turn
2026-09-05 06:56:12,676 WARNING tools.registry: check_fn check_computer_use_requirements returned False; dependent tools will be unavailable this turn
2026-09-05 06:56:12,685 WARNING tools.registry: check_fn check_image_generation_requirements returned False; dependent tools will be unavailable this turn
2026-09-05 06:56:12,687 WARNING tools.registry: check_fn _check_kanban_mode returned False; dependent tools will be unavailable this turn
2026-09-05 06:56:12,689 WARNING tools.registry: check_fn _check_kanban_orchestrator_mode returned False; dependent tools will be unavailable this turn
2026-09-05 06:56:12,690 WARNING tools.registry: check_fn check_read_terminal_requirements returned False; dependent tools will be unavailable this turn
2026-09-05 06:56:12,696 WARNING tools.registry: check_fn check_tts_requirements returned False; dependent tools will be unavailable this turn
2026-09-05 06:56:13,951 WARNING [20260904_143418_6c869e4b] agent.conversation_loop: API call failed (attempt 1/3) error_type=RateLimitError thread=hermes-gateway_0:139196566062784 provider=ollama-cloud base_url=https://ollama.com/v1 model=glm-5.1 summary=HTTP 429: you (gabdullinlenar) have reached your weekly usage limit, upgrade for higher limits: https://ollama.com/upgrade or add extra usage: https://ollama.com/settings (ref: 2d278007-61f7-4c92-9b94-1b04933963f2)
2026-09-05 06:56:13,953 WARNING [20260904_143418_6c869e4b] agent.conversation_loop: Retrying API call in 2.7229857186419926s (attempt 1/3) thread=hermes-gateway_0:139196566062784 provider=ollama-cloud base_url=https://ollama.com/v1 model=glm-5.1 policy=default error=Error code: 429 - {'error': {'message': 'you (gabdullinlenar) have reached your weekly usage limit, upgrade for higher limits: https://ollama.com/upgrade or add extra usage: https://ollama.com/settings (ref: 2d278007-61f7-4c92-9b94-1b04933963f2)', 'type': 'api_error', 'param': None, 'code': None}}
2026-09-05 06:56:17,055 WARNING [20260904_143418_6c869e4b] agent.conversation_loop: API call failed (attempt 2/3) error_type=RateLimitError thread=hermes-gateway_0:139196566062784 provider=ollama-cloud base_url=https://ollama.com/v1 model=glm-5.1 summary=HTTP 429: you (gabdullinlenar) have reached your weekly usage limit, upgrade for higher limits: https://ollama.com/upgrade or add extra usage: https://ollama.com/settings (ref: 31bd1976-74de-4aca-9c7a-422bb547ab00)
2026-09-05 06:56:17,058 WARNING [20260904_143418_6c869e4b] agent.conversation_loop: Retrying API call in 5.747824863270993s (attempt 2/3) thread=hermes-gateway_0:139196566062784 provider=ollama-cloud base_url=https://ollama.com/v1 model=glm-5.1 policy=default error=Error code: 429 - {'error': {'message': 'you (gabdullinlenar) have reached your weekly usage limit, upgrade for higher limits: https://ollama.com/upgrade or add extra usage: https://ollama.com/settings (ref: 31bd1976-74de-4aca-9c7a-422bb547ab00)', 'type': 'api_error', 'param': None, 'code': None}}
2026-09-05 06:56:23,480 WARNING [20260904_143418_6c869e4b] agent.conversation_loop: API call failed (attempt 3/3) error_type=RateLimitError thread=hermes-gateway_0:139196566062784 provider=ollama-cloud base_url=https://ollama.com/v1 model=glm-5.1 summary=HTTP 429: you (gabdullinlenar) have reached your weekly usage limit, upgrade for higher limits: https://ollama.com/upgrade or add extra usage: https://ollama.com/settings (ref: 32fed7e3-a7cc-4e80-8a03-43ec43638e50)
2026-09-05 06:56:23,489 ERROR [20260904_143418_6c869e4b] agent.conversation_loop: API call failed after 3 retries. HTTP 429: you (gabdullinlenar) have reached your weekly usage limit, upgrade for higher limits: https://ollama.com/upgrade or add extra usage: https://ollama.com/settings (ref: 32fed7e3-a7cc-4e80-8a03-43ec43638e50) | provider=ollama-cloud model=glm-5.1 msgs=2 tokens=~6,769
2026-09-05 06:56:23,890 WARNING agent.title_generator: Title generation failed: [Errno 28] No space left on device
2026-09-05 06:56:58,184 ERROR gateway.run: kanban dispatcher: tick failed on board default
2026-09-05 06:57:58,281 ERROR gateway.run: kanban dispatcher: tick failed on board default
2026-09-05 06:58:48,854 WARNING gateway.channel_directory: Channel directory: failed to write: [Errno 28] No space left on device
2026-09-05 06:58:58,387 ERROR gateway.run: kanban dispatcher: tick failed on board default
2026-09-05 06:59:58,486 ERROR gateway.run: kanban dispatcher: tick failed on board default
2026-09-05 07:00:58,578 ERROR gateway.run: kanban dispatcher: tick failed on board default
2026-09-05 19:21:15,120 WARNING [20260904_143418_6c869e4b] agent.conversation_loop: API call failed (attempt 1/3) error_type=RateLimitError thread=hermes-gateway_0:139196566062784 provider=ollama-cloud base_url=https://ollama.com/v1 model=glm-5.1 summary=HTTP 429: you (gabdullinlenar) have reached your weekly usage limit, upgrade for higher limits: https://ollama.com/upgrade or add extra usage: https://ollama.com/settings (ref: f2875da2-6173-43bc-bb36-4f899341cec8)
2026-09-05 19:21:15,121 WARNING [20260904_143418_6c869e4b] agent.conversation_loop: Retrying API call in 2.873001796804694s (attempt 1/3) thread=hermes-gateway_0:139196566062784 provider=ollama-cloud base_url=https://ollama.com/v1 model=glm-5.1 policy=default error=Error code: 429 - {'error': {'message': 'you (gabdullinlenar) have reached your weekly usage limit, upgrade for higher limits: https://ollama.com/upgrade or add extra usage: https://ollama.com/settings (ref: f2875da2-6173-43bc-bb36-4f899341cec8)', 'type': 'api_error', 'param': None, 'code': None}}
2026-09-05 19:21:18,465 WARNING [20260904_143418_6c869e4b] agent.conversation_loop: API call failed (attempt 2/3) error_type=RateLimitError thread=hermes-gateway_0:139196566062784 provider=ollama-cloud base_url=https://ollama.com/v1 model=glm-5.1 summary=HTTP 429: you (gabdullinlenar) have reached your weekly usage limit, upgrade for higher limits: https://ollama.com/upgrade or add extra usage: https://ollama.com/settings (ref: 564152fe-e6e0-4f55-b753-b93ef8f25107)
2026-09-05 19:21:18,468 WARNING [20260904_143418_6c869e4b] agent.conversation_loop: Retrying API call in 4.79843420814672s (attempt 2/3) thread=hermes-gateway_0:139196566062784 provider=ollama-cloud base_url=https://ollama.com/v1 model=glm-5.1 policy=default error=Error code: 429 - {'error': {'message': 'you (gabdullinlenar) have reached your weekly usage limit, upgrade for higher limits: https://ollama.com/upgrade or add extra usage: https://ollama.com/settings (ref: 564152fe-e6e0-4f55-b753-b93ef8f25107)', 'type': 'api_error', 'param': None, 'code': None}}
2026-09-05 19:21:23,899 WARNING [20260904_143418_6c869e4b] agent.conversation_loop: API call failed (attempt 3/3) error_type=RateLimitError thread=hermes-gateway_0:139196566062784 provider=ollama-cloud base_url=https://ollama.com/v1 model=glm-5.1 summary=HTTP 429: you (gabdullinlenar) have reached your weekly usage limit, upgrade for higher limits: https://ollama.com/upgrade or add extra usage: https://ollama.com/settings (ref: 2a078627-b216-4d26-bf67-e3a5dfa614be)
2026-09-05 19:21:23,904 ERROR [20260904_143418_6c869e4b] agent.conversation_loop: API call failed after 3 retries. HTTP 429: you (gabdullinlenar) have reached your weekly usage limit, upgrade for higher limits: https://ollama.com/upgrade or add extra usage: https://ollama.com/settings (ref: 2a078627-b216-4d26-bf67-e3a5dfa614be) | provider=ollama-cloud model=glm-5.1 msgs=2 tokens=~6,775
2026-09-05 19:21:24,301 WARNING agent.auxiliary_client: Auxiliary: marking ollama-cloud unhealthy for 600s (payment / credit error). Subsequent auxiliary calls will skip it until 19:31:24.
2026-09-05 19:21:24,585 WARNING agent.title_generator: Title generation failed: Error code: 402 - {'error': {'message': 'This request requires more credits, or fewer max_tokens. You requested up to 65536 tokens, but can only afford 2603. To increase, visit https://openrouter.ai/settings/credits and add more credits', 'code': 402, 'metadata': {'limit_source': 'openrouter_credits', 'remedy_hint': 'Add credits at https://openrouter.ai/settings/credits, or lower max_tokens / prompt size to fit your remaining balance.', 'provider_name': None, 'previous_errors': [{'code': 402, 'message': 'This request requires more credits, or fewer max_tokens. You requested up to 65536 tokens, but can only afford 2603. To increase, visit https://openrouter.ai/settings/credits and add more credits'}]}}, 'user_id': 'user_3FVMbE5pq37VIYMXYUHc1mDlfdT'}
2026-09-05 19:47:41,835 WARNING tools.registry: check_fn check_browser_requirements returned False; dependent tools will be unavailable this turn
2026-09-05 19:47:41,845 WARNING tools.registry: check_fn _browser_cdp_check returned False; dependent tools will be unavailable this turn
2026-09-05 19:47:41,852 WARNING tools.registry: check_fn _browser_dialog_check returned False; dependent tools will be unavailable this turn
2026-09-05 19:47:41,860 WARNING tools.registry: check_fn check_browser_vision_requirements returned False; dependent tools will be unavailable this turn
2026-09-05 19:47:41,860 WARNING tools.registry: check_fn check_close_terminal_requirements returned False; dependent tools will be unavailable this turn
2026-09-05 19:47:41,865 WARNING tools.registry: check_fn check_computer_use_requirements returned False; dependent tools will be unavailable this turn
2026-09-05 19:47:41,886 WARNING tools.registry: check_fn check_image_generation_requirements returned False; dependent tools will be unavailable this turn
2026-09-05 19:47:41,889 WARNING tools.registry: check_fn _check_kanban_mode returned False; dependent tools will be unavailable this turn
2026-09-05 19:47:41,891 WARNING tools.registry: check_fn _check_kanban_orchestrator_mode returned False; dependent tools will be unavailable this turn
2026-09-05 19:47:41,891 WARNING tools.registry: check_fn check_read_terminal_requirements returned False; dependent tools will be unavailable this turn
2026-09-05 19:47:42,977 WARNING tools.registry: check_fn check_tts_requirements returned False; dependent tools will be unavailable this turn
2026-09-05 19:47:43,535 WARNING tools.registry: check_fn check_discord_tool_requirements returned False; dependent tools will be unavailable this turn
2026-09-05 19:47:43,535 WARNING tools.registry: check_fn _check_feishu returned False; dependent tools will be unavailable this turn
2026-09-05 19:47:43,535 WARNING tools.registry: check_fn _check_feishu returned False; dependent tools will be unavailable this turn
2026-09-05 19:47:43,562 WARNING tools.registry: check_fn _check_yuanbao returned False; dependent tools will be unavailable this turn
2026-09-05 19:47:43,563 WARNING tools.registry: check_fn _check_ha_available returned False; dependent tools will be unavailable this turn
2026-09-05 19:47:43,564 WARNING tools.registry: check_fn _check_spotify_available returned False; dependent tools will be unavailable this turn
2026-09-05 19:47:43,592 WARNING tools.registry: check_fn check_video_generation_requirements returned False; dependent tools will be unavailable this turn
2026-09-05 19:47:43,595 WARNING tools.registry: check_fn _check_xai_video_requirements returned False; dependent tools will be unavailable this turn
2026-09-05 19:47:43,606 WARNING tools.registry: check_fn check_x_search_requirements returned False; dependent tools will be unavailable this turn
2026-09-05 19:48:08,636 WARNING [20260905_194740_1daefc] agent.conversation_loop: API call failed (attempt 1/3) error_type=RateLimitError thread=Thread-7 (run_agent):132275656189632 provider=ollama-cloud base_url=https://ollama.com/v1 model=glm-5.1 summary=HTTP 429: you (gabdullinlenar) have reached your weekly usage limit, upgrade for higher limits: https://ollama.com/upgrade or add extra usage: https://ollama.com/settings (ref: d4d08cdd-dc50-4dda-aa6f-e83bc13e724f)
2026-09-05 19:48:08,636 WARNING [20260905_194740_1daefc] agent.conversation_loop: Retrying API call in 2.259090342743169s (attempt 1/3) thread=Thread-7 (run_agent):132275656189632 provider=ollama-cloud base_url=https://ollama.com/v1 model=glm-5.1 policy=default error=Error code: 429 - {'error': {'message': 'you (gabdullinlenar) have reached your weekly usage limit, upgrade for higher limits: https://ollama.com/upgrade or add extra usage: https://ollama.com/settings (ref: d4d08cdd-dc50-4dda-aa6f-e83bc13e724f)', 'type': 'api_error', 'param': None, 'code': None}}
2026-09-05 19:48:11,384 WARNING [20260905_194740_1daefc] agent.conversation_loop: API call failed (attempt 2/3) error_type=RateLimitError thread=Thread-7 (run_agent):132275656189632 provider=ollama-cloud base_url=https://ollama.com/v1 model=glm-5.1 summary=HTTP 429: you (gabdullinlenar) have reached your weekly usage limit, upgrade for higher limits: https://ollama.com/upgrade or add extra usage: https://ollama.com/settings (ref: 403ed34a-aae7-449c-81a0-0d9f486ae06d)
2026-09-05 19:48:11,385 WARNING [20260905_194740_1daefc] agent.conversation_loop: Retrying API call in 5.188052634233389s (attempt 2/3) thread=Thread-7 (run_agent):132275656189632 provider=ollama-cloud base_url=https://ollama.com/v1 model=glm-5.1 policy=default error=Error code: 429 - {'error': {'message': 'you (gabdullinlenar) have reached your weekly usage limit, upgrade for higher limits: https://ollama.com/upgrade or add extra usage: https://ollama.com/settings (ref: 403ed34a-aae7-449c-81a0-0d9f486ae06d)', 'type': 'api_error', 'param': None, 'code': None}}
2026-09-05 19:48:16,936 WARNING [20260905_194740_1daefc] agent.conversation_loop: API call failed (attempt 3/3) error_type=RateLimitError thread=Thread-7 (run_agent):132275656189632 provider=ollama-cloud base_url=https://ollama.com/v1 model=glm-5.1 summary=HTTP 429: you (gabdullinlenar) have reached your weekly usage limit, upgrade for higher limits: https://ollama.com/upgrade or add extra usage: https://ollama.com/settings (ref: ef7f2e17-949d-4c5e-a4a0-e1b0fb6372cf)
2026-09-05 19:48:16,954 ERROR [20260905_194740_1daefc] agent.conversation_loop: API call failed after 3 retries. HTTP 429: you (gabdullinlenar) have reached your weekly usage limit, upgrade for higher limits: https://ollama.com/upgrade or add extra usage: https://ollama.com/settings (ref: ef7f2e17-949d-4c5e-a4a0-e1b0fb6372cf) | provider=ollama-cloud model=glm-5.1 msgs=2 tokens=~6,167
2026-09-05 19:49:09,885 WARNING [20260905_194740_1daefc] agent.conversation_loop: API call failed (attempt 1/3) error_type=RateLimitError thread=Thread-11 (run_agent):132275656189632 provider=ollama-cloud base_url=https://ollama.com/v1 model=glm-5.1 summary=HTTP 429: you (gabdullinlenar) have reached your weekly usage limit, upgrade for higher limits: https://ollama.com/upgrade or add extra usage: https://ollama.com/settings (ref: fb5a2e88-b2f0-4aa9-8acd-a34e017509cf)
2026-09-05 19:49:09,886 WARNING [20260905_194740_1daefc] agent.conversation_loop: Retrying API call in 2.1679906353565084s (attempt 1/3) thread=Thread-11 (run_agent):132275656189632 provider=ollama-cloud base_url=https://ollama.com/v1 model=glm-5.1 policy=default error=Error code: 429 - {'error': {'message': 'you (gabdullinlenar) have reached your weekly usage limit, upgrade for higher limits: https://ollama.com/upgrade or add extra usage: https://ollama.com/settings (ref: fb5a2e88-b2f0-4aa9-8acd-a34e017509cf)', 'type': 'api_error', 'param': None, 'code': None}}
2026-09-05 19:49:12,432 WARNING [20260905_194740_1daefc] agent.conversation_loop: API call failed (attempt 2/3) error_type=RateLimitError thread=Thread-11 (run_agent):132275656189632 provider=ollama-cloud base_url=https://ollama.com/v1 model=glm-5.1 summary=HTTP 429: you (gabdullinlenar) have reached your weekly usage limit, upgrade for higher limits: https://ollama.com/upgrade or add extra usage: https://ollama.com/settings (ref: c12d27ae-b1c7-4d9a-8e70-73392fb042d2)
2026-09-05 19:49:12,433 WARNING [20260905_194740_1daefc] agent.conversation_loop: Retrying API call in 5.106365894592746s (attempt 2/3) thread=Thread-11 (run_agent):132275656189632 provider=ollama-cloud base_url=https://ollama.com/v1 model=glm-5.1 policy=default error=Error code: 429 - {'error': {'message': 'you (gabdullinlenar) have reached your weekly usage limit, upgrade for higher limits: https://ollama.com/upgrade or add extra usage: https://ollama.com/settings (ref: c12d27ae-b1c7-4d9a-8e70-73392fb042d2)', 'type': 'api_error', 'param': None, 'code': None}}
2026-09-05 19:49:17,980 WARNING [20260905_194740_1daefc] agent.conversation_loop: API call failed (attempt 3/3) error_type=RateLimitError thread=Thread-11 (run_agent):132275656189632 provider=ollama-cloud base_url=https://ollama.com/v1 model=glm-5.1 summary=HTTP 429: you (gabdullinlenar) have reached your weekly usage limit, upgrade for higher limits: https://ollama.com/upgrade or add extra usage: https://ollama.com/settings (ref: 0b7ae6f1-ab5c-4024-957a-a078b9d8fe8d)
2026-09-05 19:49:17,981 ERROR [20260905_194740_1daefc] agent.conversation_loop: API call failed after 3 retries. HTTP 429: you (gabdullinlenar) have reached your weekly usage limit, upgrade for higher limits: https://ollama.com/upgrade or add extra usage: https://ollama.com/settings (ref: 0b7ae6f1-ab5c-4024-957a-a078b9d8fe8d) | provider=ollama-cloud model=glm-5.1 msgs=2 tokens=~6,171
2026-09-05 19:51:06,442 WARNING [20260905_194740_1daefc] agent.conversation_loop: API call failed (attempt 1/3) error_type=RateLimitError thread=Thread-15 (run_agent):132275656189632 provider=ollama-cloud base_url=https://ollama.com/v1 model=glm-5.1 summary=HTTP 429: you (gabdullinlenar) have reached your weekly usage limit, upgrade for higher limits: https://ollama.com/upgrade or add extra usage: https://ollama.com/settings (ref: a596dc2d-2e89-4a1f-8c08-fc4135aa1a11)
2026-09-05 19:51:06,443 WARNING [20260905_194740_1daefc] agent.conversation_loop: Retrying API call in 2.269261377811665s (attempt 1/3) thread=Thread-15 (run_agent):132275656189632 provider=ollama-cloud base_url=https://ollama.com/v1 model=glm-5.1 policy=default error=Error code: 429 - {'error': {'message': 'you (gabdullinlenar) have reached your weekly usage limit, upgrade for higher limits: https://ollama.com/upgrade or add extra usage: https://ollama.com/settings (ref: a596dc2d-2e89-4a1f-8c08-fc4135aa1a11)', 'type': 'api_error', 'param': None, 'code': None}}
2026-09-05 19:51:09,191 WARNING [20260905_194740_1daefc] agent.conversation_loop: API call failed (attempt 2/3) error_type=RateLimitError thread=Thread-15 (run_agent):132275656189632 provider=ollama-cloud base_url=https://ollama.com/v1 model=glm-5.1 summary=HTTP 429: you (gabdullinlenar) have reached your weekly usage limit, upgrade for higher limits: https://ollama.com/upgrade or add extra usage: https://ollama.com/settings (ref: d24e9b07-3b8e-40dc-8801-498b6b0c0ee7)
2026-09-05 19:51:09,192 WARNING [20260905_194740_1daefc] agent.conversation_loop: Retrying API call in 5.698447201022468s (attempt 2/3) thread=Thread-15 (run_agent):132275656189632 provider=ollama-cloud base_url=https://ollama.com/v1 model=glm-5.1 policy=default error=Error code: 429 - {'error': {'message': 'you (gabdullinlenar) have reached your weekly usage limit, upgrade for higher limits: https://ollama.com/upgrade or add extra usage: https://ollama.com/settings (ref: d24e9b07-3b8e-40dc-8801-498b6b0c0ee7)', 'type': 'api_error', 'param': None, 'code': None}}
2026-09-05 19:51:15,318 WARNING [20260905_194740_1daefc] agent.conversation_loop: API call failed (attempt 3/3) error_type=RateLimitError thread=Thread-15 (run_agent):132275656189632 provider=ollama-cloud base_url=https://ollama.com/v1 model=glm-5.1 summary=HTTP 429: you (gabdullinlenar) have reached your weekly usage limit, upgrade for higher limits: https://ollama.com/upgrade or add extra usage: https://ollama.com/settings (ref: 994a1be5-5d5d-4566-af78-aaed3aa8f015)
2026-09-05 19:51:15,318 ERROR [20260905_194740_1daefc] agent.conversation_loop: API call failed after 3 retries. HTTP 429: you (gabdullinlenar) have reached your weekly usage limit, upgrade for higher limits: https://ollama.com/upgrade or add extra usage: https://ollama.com/settings (ref: 994a1be5-5d5d-4566-af78-aaed3aa8f015) | provider=ollama-cloud model=glm-5.1 msgs=2 tokens=~6,175
2026-09-05 20:10:54,583 WARNING hermes_plugins.telegram_platform.adapter: [Telegram] Telegram network error, scheduling reconnect: Bad Gateway
2026-09-05 20:10:54,585 WARNING hermes_plugins.telegram_platform.adapter: [Telegram] Telegram network error (attempt 1/10), reconnecting in 5s. Error: Bad Gateway
2026-09-05 20:11:02,844 ERROR telegram.ext.Updater: Error while calling `get_updates` one more time to mark all fetched updates. Suppressing error to ensure graceful shutdown. When polling for updates is restarted, updates may be fetched again. Please adjust timeouts via `ApplicationBuilder` or the parameter `get_updates_request` of `Bot`.
2026-09-05 20:11:02,929 ERROR telegram.ext: Network Retry Loop (Bootstrap delete Webhook): Failed run number 0 of 0. Aborting.
2026-09-05 20:11:02,940 WARNING hermes_plugins.telegram_platform.adapter: [Telegram] Telegram polling reconnect failed: Bad Gateway
2026-09-05 20:11:02,940 WARNING hermes_plugins.telegram_platform.adapter: [Telegram] Telegram network error (attempt 2/10), reconnecting in 10s. Error: Bad Gateway
2026-09-05 20:11:32,976 ERROR telegram.ext: Network Retry Loop (Bootstrap delete Webhook): Timed out: Timed out. Failed run number 0 of 0. Aborting.
2026-09-05 20:11:33,018 WARNING hermes_plugins.telegram_platform.adapter: [Telegram] Telegram polling reconnect failed: Timed out
2026-09-05 20:11:33,018 WARNING hermes_plugins.telegram_platform.adapter: [Telegram] Telegram network error (attempt 3/10), reconnecting in 20s. Error: Timed out
2026-09-05 20:12:13,050 ERROR telegram.ext: Network Retry Loop (Bootstrap delete Webhook): Timed out: Timed out. Failed run number 0 of 0. Aborting.
2026-09-05 20:12:13,076 WARNING hermes_plugins.telegram_platform.adapter: [Telegram] Telegram polling reconnect failed: Timed out
2026-09-05 20:12:13,076 WARNING hermes_plugins.telegram_platform.adapter: [Telegram] Telegram network error (attempt 4/10), reconnecting in 40s. Error: Timed out
2026-09-05 20:13:13,118 ERROR telegram.ext: Network Retry Loop (Bootstrap delete Webhook): Timed out: Timed out. Failed run number 0 of 0. Aborting.
2026-09-05 20:13:13,156 WARNING hermes_plugins.telegram_platform.adapter: [Telegram] Telegram polling reconnect failed: Timed out
2026-09-05 20:13:13,156 WARNING hermes_plugins.telegram_platform.adapter: [Telegram] Telegram network error (attempt 5/10), reconnecting in 60s. Error: Timed out
2026-09-05 20:14:33,201 ERROR telegram.ext: Network Retry Loop (Bootstrap delete Webhook): Timed out: Timed out. Failed run number 0 of 0. Aborting.
2026-09-05 20:14:33,225 WARNING hermes_plugins.telegram_platform.adapter: [Telegram] Telegram polling reconnect failed: Timed out
2026-09-05 20:14:33,225 WARNING hermes_plugins.telegram_platform.adapter: [Telegram] Telegram network error (attempt 6/10), reconnecting in 60s. Error: Timed out
2026-09-05 22:02:59,350 ERROR asyncio: Task exception was never retrieved
2026-09-06 02:49:05,802 WARNING [20260904_143418_6c869e4b] agent.conversation_loop: API call failed (attempt 1/3) error_type=RateLimitError thread=hermes-gateway_0:139196566062784 provider=ollama-cloud base_url=https://ollama.com/v1 model=glm-5.1 summary=HTTP 429: you (gabdullinlenar) have reached your weekly usage limit, upgrade for higher limits: https://ollama.com/upgrade or add extra usage: https://ollama.com/settings (ref: 5277330c-dc59-4220-ba1e-86c3936f2fe5)
2026-09-06 02:49:05,802 WARNING [20260904_143418_6c869e4b] agent.conversation_loop: Retrying API call in 2.8206899079603467s (attempt 1/3) thread=hermes-gateway_0:139196566062784 provider=ollama-cloud base_url=https://ollama.com/v1 model=glm-5.1 policy=default error=Error code: 429 - {'error': {'message': 'you (gabdullinlenar) have reached your weekly usage limit, upgrade for higher limits: https://ollama.com/upgrade or add extra usage: https://ollama.com/settings (ref: 5277330c-dc59-4220-ba1e-86c3936f2fe5)', 'type': 'api_error', 'param': None, 'code': None}}
2026-09-06 02:49:09,102 WARNING [20260904_143418_6c869e4b] agent.conversation_loop: API call failed (attempt 2/3) error_type=RateLimitError thread=hermes-gateway_0:139196566062784 provider=ollama-cloud base_url=https://ollama.com/v1 model=glm-5.1 summary=HTTP 429: you (gabdullinlenar) have reached your weekly usage limit, upgrade for higher limits: https://ollama.com/upgrade or add extra usage: https://ollama.com/settings (ref: ac95718c-3160-4cc2-ba86-c7cc46125fac)
2026-09-06 02:49:09,103 WARNING [20260904_143418_6c869e4b] agent.conversation_loop: Retrying API call in 5.489426707288938s (attempt 2/3) thread=hermes-gateway_0:139196566062784 provider=ollama-cloud base_url=https://ollama.com/v1 model=glm-5.1 policy=default error=Error code: 429 - {'error': {'message': 'you (gabdullinlenar) have reached your weekly usage limit, upgrade for higher limits: https://ollama.com/upgrade or add extra usage: https://ollama.com/settings (ref: ac95718c-3160-4cc2-ba86-c7cc46125fac)', 'type': 'api_error', 'param': None, 'code': None}}
2026-09-06 02:49:15,042 WARNING [20260904_143418_6c869e4b] agent.conversation_loop: API call failed (attempt 3/3) error_type=RateLimitError thread=hermes-gateway_0:139196566062784 provider=ollama-cloud base_url=https://ollama.com/v1 model=glm-5.1 summary=HTTP 429: you (gabdullinlenar) have reached your weekly usage limit, upgrade for higher limits: https://ollama.com/upgrade or add extra usage: https://ollama.com/settings (ref: ca2d709f-6c8f-4fb3-906f-f88752f9560d)
2026-09-06 02:49:15,043 ERROR [20260904_143418_6c869e4b] agent.conversation_loop: API call failed after 3 retries. HTTP 429: you (gabdullinlenar) have reached your weekly usage limit, upgrade for higher limits: https://ollama.com/upgrade or add extra usage: https://ollama.com/settings (ref: ca2d709f-6c8f-4fb3-906f-f88752f9560d) | provider=ollama-cloud model=glm-5.1 msgs=2 tokens=~6,789
2026-09-06 02:49:15,384 WARNING agent.auxiliary_client: Auxiliary: marking ollama-cloud unhealthy for 600s (payment / credit error). Subsequent auxiliary calls will skip it until 02:59:15.
2026-09-06 02:49:15,591 WARNING agent.title_generator: Title generation failed: Error code: 402 - {'error': {'message': 'This request requires more credits, or fewer max_tokens. You requested up to 65536 tokens, but can only afford 2603. To increase, visit https://openrouter.ai/settings/credits and add more credits', 'code': 402, 'metadata': {'limit_source': 'openrouter_credits', 'remedy_hint': 'Add credits at https://openrouter.ai/settings/credits, or lower max_tokens / prompt size to fit your remaining balance.', 'provider_name': None, 'previous_errors': [{'code': 402, 'message': 'This request requires more credits, or fewer max_tokens. You requested up to 65536 tokens, but can only afford 2603. To increase, visit https://openrouter.ai/settings/credits and add more credits'}]}}, 'user_id': 'user_3FVMbE5pq37VIYMXYUHc1mDlfdT'}
2026-09-06 18:24:31,532 WARNING [20260904_143418_6c869e4b] agent.conversation_loop: API call failed (attempt 1/3) error_type=RateLimitError thread=hermes-gateway_0:139196566062784 provider=ollama-cloud base_url=https://ollama.com/v1 model=glm-5.1 summary=HTTP 429: you (gabdullinlenar) have reached your weekly usage limit, upgrade for higher limits: https://ollama.com/upgrade or add extra usage: https://ollama.com/settings (ref: ed6f0567-aed6-4041-9a4e-aa1f4003e327)
2026-09-06 18:24:31,533 WARNING [20260904_143418_6c869e4b] agent.conversation_loop: Retrying API call in 2.005591079722987s (attempt 1/3) thread=hermes-gateway_0:139196566062784 provider=ollama-cloud base_url=https://ollama.com/v1 model=glm-5.1 policy=default error=Error code: 429 - {'error': {'message': 'you (gabdullinlenar) have reached your weekly usage limit, upgrade for higher limits: https://ollama.com/upgrade or add extra usage: https://ollama.com/settings (ref: ed6f0567-aed6-4041-9a4e-aa1f4003e327)', 'type': 'api_error', 'param': None, 'code': None}}
2026-09-06 18:24:34,075 WARNING [20260904_143418_6c869e4b] agent.conversation_loop: API call failed (attempt 2/3) error_type=RateLimitError thread=hermes-gateway_0:139196566062784 provider=ollama-cloud base_url=https://ollama.com/v1 model=glm-5.1 summary=HTTP 429: you (gabdullinlenar) have reached your weekly usage limit, upgrade for higher limits: https://ollama.com/upgrade or add extra usage: https://ollama.com/settings (ref: 3e3e74a1-1d65-4125-a212-47b3172c9310)
2026-09-06 18:24:34,078 WARNING [20260904_143418_6c869e4b] agent.conversation_loop: Retrying API call in 5.984326946499294s (attempt 2/3) thread=hermes-gateway_0:139196566062784 provider=ollama-cloud base_url=https://ollama.com/v1 model=glm-5.1 policy=default error=Error code: 429 - {'error': {'message': 'you (gabdullinlenar) have reached your weekly usage limit, upgrade for higher limits: https://ollama.com/upgrade or add extra usage: https://ollama.com/settings (ref: 3e3e74a1-1d65-4125-a212-47b3172c9310)', 'type': 'api_error', 'param': None, 'code': None}}
2026-09-06 18:24:40,400 WARNING [20260904_143418_6c869e4b] agent.conversation_loop: API call failed (attempt 3/3) error_type=RateLimitError thread=hermes-gateway_0:139196566062784 provider=ollama-cloud base_url=https://ollama.com/v1 model=glm-5.1 summary=HTTP 429: you (gabdullinlenar) have reached your weekly usage limit, upgrade for higher limits: https://ollama.com/upgrade or add extra usage: https://ollama.com/settings (ref: 9a841df7-b45c-4b14-b8e7-64317d7e73c2)
2026-09-06 18:24:40,404 ERROR [20260904_143418_6c869e4b] agent.conversation_loop: API call failed after 3 retries. HTTP 429: you (gabdullinlenar) have reached your weekly usage limit, upgrade for higher limits: https://ollama.com/upgrade or add extra usage: https://ollama.com/settings (ref: 9a841df7-b45c-4b14-b8e7-64317d7e73c2) | provider=ollama-cloud model=glm-5.1 msgs=2 tokens=~6,792
2026-09-06 18:24:40,764 WARNING agent.auxiliary_client: Auxiliary: marking ollama-cloud unhealthy for 600s (payment / credit error). Subsequent auxiliary calls will skip it until 18:34:40.
2026-09-06 18:24:40,983 WARNING agent.title_generator: Title generation failed: Error code: 402 - {'error': {'message': 'This request requires more credits, or fewer max_tokens. You requested up to 65536 tokens, but can only afford 2603. To increase, visit https://openrouter.ai/settings/credits and add more credits', 'code': 402, 'metadata': {'limit_source': 'openrouter_credits', 'remedy_hint': 'Add credits at https://openrouter.ai/settings/credits, or lower max_tokens / prompt size to fit your remaining balance.', 'provider_name': None, 'previous_errors': [{'code': 402, 'message': 'This request requires more credits, or fewer max_tokens. You requested up to 65536 tokens, but can only afford 2603. To increase, visit https://openrouter.ai/settings/credits and add more credits'}]}}, 'user_id': 'user_3FVMbE5pq37VIYMXYUHc1mDlfdT'}
2026-09-07 05:00:49,083 WARNING tools.registry: check_fn check_browser_requirements returned False; dependent tools will be unavailable this turn
2026-09-07 05:00:49,090 WARNING tools.registry: check_fn _browser_cdp_check returned False; dependent tools will be unavailable this turn
2026-09-07 05:00:49,096 WARNING tools.registry: check_fn _browser_dialog_check returned False; dependent tools will be unavailable this turn
2026-09-07 05:00:49,101 WARNING tools.registry: check_fn check_browser_vision_requirements returned False; dependent tools will be unavailable this turn
2026-09-07 05:00:49,102 WARNING tools.registry: check_fn check_close_terminal_requirements returned False; dependent tools will be unavailable this turn
2026-09-07 05:00:49,102 WARNING tools.registry: check_fn check_computer_use_requirements returned False; dependent tools will be unavailable this turn
2026-09-07 05:00:49,111 WARNING tools.registry: check_fn check_image_generation_requirements returned False; dependent tools will be unavailable this turn
2026-09-07 05:00:49,113 WARNING tools.registry: check_fn _check_kanban_mode returned False; dependent tools will be unavailable this turn
2026-09-07 05:00:49,114 WARNING tools.registry: check_fn _check_kanban_orchestrator_mode returned False; dependent tools will be unavailable this turn
2026-09-07 05:00:49,115 WARNING tools.registry: check_fn check_read_terminal_requirements returned False; dependent tools will be unavailable this turn
2026-09-07 05:00:49,121 WARNING tools.registry: check_fn check_tts_requirements returned False; dependent tools will be unavailable this turn
2026-09-07 05:01:47,384 WARNING [cron_68d7b13e4d45_20260907_050048] agent.tool_executor: Tool execute_code returned error (0.00s): {"status": "error", "error": "BLOCKED: execute_code runs arbitrary local Python (including subprocess calls that bypass shell-string approval checks). Cron jobs run without a user present to approve i
2026-09-07 05:32:17,910 WARNING [20260904_143418_6c869e4b] tools.registry: check_fn check_browser_requirements returned False; dependent tools will be unavailable this turn
2026-09-07 05:32:17,916 WARNING [20260904_143418_6c869e4b] tools.registry: check_fn _browser_cdp_check returned False; dependent tools will be unavailable this turn
2026-09-07 05:32:17,920 WARNING [20260904_143418_6c869e4b] tools.registry: check_fn _browser_dialog_check returned False; dependent tools will be unavailable this turn
2026-09-07 05:32:17,926 WARNING [20260904_143418_6c869e4b] tools.registry: check_fn check_browser_vision_requirements returned False; dependent tools will be unavailable this turn
2026-09-07 05:32:17,926 WARNING [20260904_143418_6c869e4b] tools.registry: check_fn check_close_terminal_requirements returned False; dependent tools will be unavailable this turn
2026-09-07 05:32:17,927 WARNING [20260904_143418_6c869e4b] tools.registry: check_fn check_computer_use_requirements returned False; dependent tools will be unavailable this turn
2026-09-07 05:32:17,939 WARNING [20260904_143418_6c869e4b] tools.registry: check_fn check_image_generation_requirements returned False; dependent tools will be unavailable this turn
2026-09-07 05:32:17,944 WARNING [20260904_143418_6c869e4b] tools.registry: check_fn _check_kanban_mode returned False; dependent tools will be unavailable this turn
2026-09-07 05:32:17,947 WARNING [20260904_143418_6c869e4b] tools.registry: check_fn _check_kanban_orchestrator_mode returned False; dependent tools will be unavailable this turn
2026-09-07 05:32:17,948 WARNING [20260904_143418_6c869e4b] tools.registry: check_fn check_read_terminal_requirements returned False; dependent tools will be unavailable this turn
2026-09-07 05:32:17,957 WARNING [20260904_143418_6c869e4b] tools.registry: check_fn check_tts_requirements returned False; dependent tools will be unavailable this turn
2026-09-07 05:32:21,952 ERROR tools.vision_tools: Error analyzing image: image file not found: '/home/lnr/.hermes/cache/images/img_c233b245f79d.jpg'
2026-09-07 05:32:21,952 ERROR tools.vision_tools: Error analyzing image: image file not found: '/home/lnr/.hermes/cache/images/img_6cb9acb08341.jpg'
2026-09-07 05:32:21,970 WARNING [20260904_143418_6c869e4b] agent.tool_executor: Tool vision_analyze returned error (0.03s): {
2026-09-07 05:32:21,982 WARNING [20260904_143418_6c869e4b] agent.tool_executor: Tool vision_analyze returned error (0.02s): {
2026-09-07 05:32:21,996 WARNING [20260904_143418_6c869e4b] agent.tool_executor: Tool execute_code returned error (0.00s): {"status": "error", "error": "BLOCKED: execute_code runs arbitrary local Python (including subprocess calls that bypass shell-string approval checks). Cron jobs run without a user present to approve i
2026-09-07 05:37:49,622 WARNING [20260904_143418_6c869e4b] tools.skills_tool: Skill name collision for 'youtube-content': 2 candidates — /home/lnr/.hermes/skills/youtube-content/SKILL.md; /home/lnr/.hermes/skills/media/youtube-content/SKILL.md
2026-09-07 05:37:49,623 WARNING [20260904_143418_6c869e4b] agent.tool_executor: Tool skill_view returned error (0.03s): {"success": false, "error": "Ambiguous skill name 'youtube-content': 2 skills match across your local skills dir and external_dirs. Refusing to guess — load one explicitly by its categorized path.", "
2026-09-07 05:37:51,198 WARNING [20260904_143418_6c869e4b] tools.skills_tool: Skill name collision for 'youtube-content': 2 candidates — /home/lnr/.hermes/skills/youtube-content/SKILL.md; /home/lnr/.hermes/skills/media/youtube-content/SKILL.md
2026-09-07 05:37:51,200 WARNING [20260904_143418_6c869e4b] agent.tool_executor: Tool skill_view returned error (0.05s): {"success": false, "error": "Ambiguous skill name 'youtube-content': 2 skills match across your local skills dir and external_dirs. Refusing to guess — load one explicitly by its categorized path.", "
2026-09-07 06:08:54,951 WARNING [20260904_143418_6c869e4b] run_agent: Session DB append_message failed: database or disk is full
2026-09-07 06:08:56,621 WARNING [20260904_143418_6c869e4b] run_agent: Session DB append_message failed: database or disk is full
2026-09-07 06:08:56,779 WARNING [20260904_143418_6c869e4b] run_agent: Session DB append_message failed: database or disk is full
2026-09-07 06:08:58,383 WARNING [20260904_143418_6c869e4b] run_agent: Session DB append_message failed: database or disk is full
2026-09-07 06:08:58,771 WARNING [20260904_143418_6c869e4b] run_agent: Session DB append_message failed: database or disk is full
2026-09-07 06:08:58,926 WARNING gateway.channel_directory: Channel directory: failed to write: [Errno 28] No space left on device
2026-09-07 06:09:00,211 WARNING [20260904_143418_6c869e4b] run_agent: Session DB append_message failed: database or disk is full
2026-09-07 06:09:00,420 WARNING [20260904_143418_6c869e4b] run_agent: Session DB append_message failed: database or disk is full
2026-09-07 06:09:01,946 WARNING [20260904_143418_6c869e4b] run_agent: Session DB append_message failed: database or disk is full
2026-09-07 07:20:21,730 WARNING [20260904_143418_6c869e4b] agent.tool_executor: Tool terminal returned error (26.87s): {"output": "year = (cat.get(\"date\", \"\") if cat else \"\")[:4] or str(fm.get(\"year\", \"\"))\n           ~~~~~~~~~~~~~~~~~~~~~~~~~~~~~~~~~~~~^^^^\nTypeError: 'datetime.date' object is not subscrip
2026-09-07 07:21:22,181 WARNING [20260904_143418_6c869e4b] agent.tool_executor: Tool memory returned error (0.02s): {"success": false, "error": "After applying all 2 operations, memory would be at 3,295/2,640 chars -- over the limit. Remove or shorten more entries in the same batch (see current_entries below), then
2026-09-07 07:21:25,541 WARNING [20260904_143418_6c869e4b] agent.tool_executor: Tool memory returned error (0.00s): {"success": false, "error": "After applying all 2 operations, memory would be at 3,274/2,640 chars -- over the limit. Remove or shorten more entries in the same batch (see current_entries below), then
2026-09-07 07:21:28,295 WARNING [20260904_143418_6c869e4b] agent.tool_executor: Tool memory returned error (0.01s): {"success": false, "error": "After applying all 2 operations, memory would be at 3,060/2,640 chars -- over the limit. Remove or shorten more entries in the same batch (see current_entries below), then
2026-09-07 07:21:31,702 WARNING [20260904_143418_6c869e4b] agent.tool_executor: Tool memory returned error (0.01s): {"success": false, "done": true, "error": "Memory consolidation failed 4 times this turn. Stop retrying memory calls — leave memory unchanged for now and continue with your reply to the user. The fact
2026-09-07 07:21:39,450 WARNING [20260904_143418_6c869e4b] agent.tool_executor: Tool skill_manage returned error (0.12s): {"success": false, "error": "Refusing background curator patch for skill 'research-wiki-paper-ingestion': the current SKILL.md content has not been loaded in this review turn. Call skill_view(name) fo
2026-09-07 07:21:56,038 WARNING [20260904_143418_6c869e4b] agent.tool_executor: Tool skill_manage returned error (0.03s): {"success": false, "error": "Refusing background curator patch for skill 'research-wiki-paper-ingestion': the current SKILL.md content has not been loaded in this review turn. Call skill_view(name) fo
2026-09-07 08:00:59,937 WARNING [cron_099649da6095_20260907_080052] agent.tool_executor: Tool terminal returned error (0.12s): {"output": "-rw-rw-r-- 1 lnr lnr   24074 Sep  2 03:59 rosstat.gov.ru-3536bf0372.md\n-rw-rw-r-- 1 lnr lnr 2873286 Aug 31 18:27 rosstat.gov.ru-8fbd06702e.md\n-rw-rw-r-- 1 lnr lnr   68599 Aug 31 18:26 ro
2026-09-07 08:01:02,642 WARNING [cron_099649da6095_20260907_080052] agent.tool_executor: Tool execute_code returned error (0.01s): {"status": "error", "error": "BLOCKED: execute_code runs arbitrary local Python (including subprocess calls that bypass shell-string approval checks). Cron jobs run without a user present to approve i
2026-09-07 10:53:55,994 ERROR [20260904_143418_6c869e4b] tools.mcp_tool: MCP tool keenable/search_web_pages call failed: 'CallToolResult' object has no attribute 'isError'
2026-09-07 10:53:55,995 WARNING [20260904_143418_6c869e4b] agent.tool_executor: Tool mcp__keenable__search_web_pages returned error (0.57s): {"error": "MCP call failed: AttributeError: 'CallToolResult' object has no attribute 'isError'"}
2026-09-07 13:32:54,541 ERROR gateway.run: kanban dispatcher: tick failed on board default
2026-09-07 13:33:36,874 WARNING gateway.channel_directory: Channel directory: failed to write: [Errno 28] No space left on device
2026-09-07 18:02:16,401 WARNING [20260907_173104_d9d83761] agent.tool_executor: Tool memory returned error (0.01s): {"success": false, "error": "Operation 2 (replace): content is required (use action='remove' to delete). No operations were applied (batch is all-or-nothing).", "current_entries": ["User is a research
2026-09-07 18:05:42,170 WARNING [20260907_173104_d9d83761] agent.tool_executor: Tool skill_manage returned error (0.16s): {"success": false, "error": "Refusing background curator patch for skill 'vps-server-maintenance': the current SKILL.md content has not been loaded in this review turn. Call skill_view(name) for SKILL
2026-09-07 18:07:49,970 WARNING [20260907_173104_d9d83761] agent.tool_executor: Tool terminal returned error (0.26s): {"output": "/dev/vda1        20G   15G  4.0G  79% /", "exit_code": 1, "error": null}
2026-09-07 23:07:44,352 WARNING [20260907_173104_d9d83761] agent.tool_executor: Tool terminal returned error (0.12s): {"output": "total 14M\n-rw-rw-r-- 1 lnr lnr 4.9M Sep  7 23:07 agent.log\n-rw-rw-r-- 1 lnr lnr 5.0M Aug 26 15:30 agent.log.1\ndrwx------ 9 lnr lnr 4.0K Sep  2 20:29 curator\n-rw-rw-r-- 1 lnr lnr 109K S
