GA;GB;G1;G2;G3;G4;G5;G6;G7;G8;G9;G10;G11;G12;G13;G14;G15;G16;G17;G18;G19;G20;G21;G22;G23;G24;G25;G26;G27;G28;G29;G30;G31;G32;G33;G34;G35;G36;G37;G38;G39;G40;G41;G42;G43;G44;G45;G46;G47;G48;G49;G50;G51;G52;G53;G54;G55;G56;G57;G58;G59;G60;G61;G62;G63;G64;G65;G66;G67;G68;G69;G70;G71;G72;G73;G74;G75;G76;G77;G78;G79;G80;G81;G82;G83;G84;G85;G86;G87;G88;G89;G90;G91;G92;G93;G94;G95;G96;G97;G98;G99;G100;G101;G102;G103;G104;G105;G106;G107;G108;G109;G110;G111;G112;G113;G114;G115;G116;G117;G118;G119;G120;G121;G122;G123;G124;G125;G126;G127;G128;G129;G130;G131;G132;G133;G134;G135;G136;G137;G138;G139;G140;G141;G142;G143;G144;G145;G146;G147;G148;G149;G150;G151;G152;G153;G154;G155;G156;G157;G158
   Республика Адыгея;19038684;19009172;1559;1733583;1732995;17329956;219;18131;17400;191404;7;485;13391665;13376232;66881110;1463;0;331616;338740;2032445;68;0;0;0;0;0;0;0;0;30054;30054;150272;28;2944311;2930493;18954950;795;469602;467359;359;0;0;0;586817;580749;536;7729;7729;98;0;0;0;437;437;7;472;0;0;2019;2019;2;15875550;15883092;1462;12029223;12050098;1442;412240;411444;74;6250;7138;14;450140;453131;319;29617;29617;23;2943794;2927379;747;4287;4287;15;0;0;0;0;0;0;50180;50180;14;3481002;3451811;1587;0;0;0;354693;363029;44;1309;1309;2;1061781;933;3599364;719872;113501;22700;45841;651331;1810;362;1810;362;302;-302;2;0;255732;51147;3814;763;2369;48015;0;0;0;0;3855096;771019;117315;23463;48210;699346;312505;62501;4;1;0;62500;234;4;1;0;233;1;0;0;312505;5430;0;1;0;1061781;50169
   Республика Башкортостан;586033751;582484837;29720;21596847;21571964;215691183;2678;2801;2801;30808;19;886106;405554855;402493504;2012451418;28807;0;3928821;3908559;23451348;497;6631;7004;48211;19;0;0;0;0;580451;564275;2821373;196;127052519;127296995;785072486;13054;25059916;24905037;6435;195879;182917;60;26431658;26287679;9375;764817;762978;3432;68;68;2;1092;1091;27;235154;203391;20;392;392;8;553773993;550449474;28551;397932784;394823054;28347;5043539;5043842;555;1372658;1358554;233;30768497;30733744;6074;653921;657562;196;117368322;117195113;12159;637156;632943;390;-1161;177;3;3848;279;4;11443195;11443957;143;59135287;58770246;31791;0;0;0;37248954;37168106;383;20747780;20816315;66;417905488;18245;49414216;9882841;22905497;4581099;783722;4518020;233350;46670;94898;18980;9501;18189;19;0;80019200;16003842;64236987;12847398;8836;3147608;0;0;0;0;129433416;25886683;87142484;17428497;792558;7665628;76689848;15337970;288790;57757;16324;15263889;88842;31165;6233;7245;75364;15;0;2371559;79061407;78330;0;14;0;417905488;11406656
   Республика Бурятия;37924679;37912356;2432;3617899;3616690;36166433;477;54;52;575;2;50;24278730;24261561;121307110;2249;0;74853;75317;451903;46;0;0;0;0;598;598;2988;3;74617;74617;373082;24;8232352;8261716;50233733;810;1290151;1280098;437;164556;217718;4;1646124;1622353;782;22884;22590;327;0;0;0;367;114;7;5651;1616;1;0;0;0;36728774;36643882;2303;26680631;26623551;2269;485437;485129;73;53138;53138;13;2039458;2018448;376;71237;71237;22;7345611;7353036;761;53187;39345;45;0;0;0;1504;1504;1;2351904;2369993;113;4565560;4549616;2510;0;0;0;5684726;5620141;233;152956;152956;5;75471101;1502;9477916;1895583;2214042;442809;247466;1205308;211;42;0;0;0;42;2;0;1587272;317455;2439;488;129;316838;0;0;0;0;11065188;2213038;2216481;443297;247595;1522146;1559633;311928;12019;2404;223;309301;56;109;22;109;-75;1;0;435803;1995436;0;0;0;0;75471101;2287449
   Республика Алтай;18447641;18403924;748;2007616;2004973;20049728;109;54;54;591;1;83;11898397;11886905;59434444;711;0;143203;143203;859219;29;0;0;6377;0;0;0;0;0;116;116;578;2;3321338;3320333;23370531;307;983737;980151;157;0;0;0;1072467;1043890;254;14834;14822;44;0;0;0;79;79;4;2377;2377;2;0;0;0;17518978;17510808;688;13212564;13209240;684;51809;51809;9;53708;53708;7;1267468;1265926;137;116;116;2;2926798;2923495;278;6515;6515;12;0;0;0;526;526;1;128969;128969;18;2119636;2086616;734;0;0;0;1311417;1305475;37;0;0;0;7769623;445;1002880;200574;80179;16035;10701;173838;0;0;0;0;0;0;0;0;659907;131981;162469;32494;1130;98357;0;0;0;0;1662787;332555;242648;48529;11831;272195;254268;50854;3569;714;26;50114;0;0;0;0;0;0;0;363;254631;0;0;0;0;7769623;128969
   Республика Дагестан;32079117;31765098;3833;2413150;2311101;23111005;427;19152;19213;211339;11;-3687;25076834;24909672;124548405;3594;-1151;168744;166445;998673;64;6725;4951;24791;9;6;6;30;1;24535;24532;122660;21;3254682;3246137;19856460;1058;1016880;985023;657;0;0;0;1126858;1084717;889;20303;19869;63;0;0;0;0;0;0;289;273;1;0;0;0;27263930;27087246;3602;22376426;22249104;3549;478321;482215;141;94678;94286;32;1116016;1064600;694;20007;20005;20;3173324;3171850;897;7251;7281;17;0;0;0;0;0;0;20707;23377;14;5407224;5263284;3746;0;0;0;593530;573770;60;2347;2347;1;5538953;2353;11580552;2316109;2440037;488005;92706;1735398;10939;2188;604905;120981;24;-118817;8;0;1760449;352090;4609;922;229;350939;0;0;0;0;13341001;2668199;2444646;488927;92935;2086337;1298620;259723;280276;56055;49569;154099;21436;8735;1747;392;19297;21;0;31220;1329840;7858;0;3;0;5538953;23378
   Республика Ингушетия;6615455;6178462;729;241636;242698;2426983;39;11;11;119;2;17380;5537891;5193306;25967019;685;0;123556;122400;734400;14;337;337;1695;1;262;262;1308;2;1180;1180;5899;2;448142;379707;2234756;106;234143;228531;98;0;0;0;245659;239160;122;1957;1957;9;0;0;0;1707;1707;2;0;0;0;0;0;0;6121312;5654759;698;5515359;5086436;695;51321;50966;10;547;547;1;239328;220773;96;1180;1180;2;313535;294816;86;40;40;1;0;0;0;0;0;0;7567;7555;2;574757;583164;704;0;0;0;93891;65059;6;32927;32927;4;38764;470;313071;62615;194910;38982;10;23623;28794;5759;6525;1305;0;4454;5;0;1605;321;0;0;0;321;0;0;0;0;314676;62936;194910;38982;10;23944;79013;15803;0;0;0;15803;15803;0;0;0;15803;2;0;0;79013;0;0;0;0;38764;7555
   Кабардино-Балкарская Республика;17572621;17403177;1906;1636458;1649145;16491512;493;23742;23742;261157;11;26;13227950;13078237;65391339;1594;0;52347;42312;253871;53;1126;1126;2031;2;0;0;0;0;25199;25189;125943;13;2013373;2002388;12775266;564;519815;510744;305;300;300;1;593533;582147;418;4915;4915;58;0;0;0;657;657;3;0;0;0;0;0;0;15805732;15771874;1788;12443522;12408603;1768;807631;810318;74;37273;37273;11;621412;611958;311;25199;25189;13;1868429;1876312;492;2276;2230;6;-1;0;0;0;0;0;2535;2498;7;2640748;2507802;1870;0;0;0;859288;857439;37;747;747;1;823598;1165;4539651;907932;630822;126164;7134;774634;28;6;0;0;0;6;1;0;289453;57891;9043;1809;7528;48554;0;0;0;0;4829104;965823;639865;127973;14662;823188;1793580;358715;1175120;235024;26463;97228;1211;13393;2679;0;-1468;2;0;102281;1895861;20393;1123;6;0;823598;2552
   Республика Калмыкия;3107224;3100927;471;286275;285041;2850410;96;32155;29455;320297;13;2;2409637;2409161;12045847;408;0;8844;8594;51544;30;0;0;0;0;0;0;0;0;2695;2695;13476;4;282998;281833;1870553;144;80747;80285;89;0;0;0;84619;84146;125;25617;25598;78;0;0;0;351;351;2;30;30;1;0;0;0;1799137;1800355;404;1492511;1493360;399;0;0;0;6150;6150;3;82071;82438;79;2695;2695;4;215643;215645;133;67;67;4;0;0;0;0;0;0;5373;5373;4;1404231;1391051;533;0;0;0;45006;45134;5;9548;9548;3;97286;302;581007;116202;104419;20884;438;94880;0;0;0;0;0;0;0;0;57225;11445;2066;413;0;11032;0;0;0;0;638232;127647;106485;21297;438;105912;23137;4628;0;0;0;4628;0;0;0;0;0;0;0;1320;24457;0;0;0;0;97286;5372
   Карачаево-Черкесская Республика;13819583;13867471;1187;881925;880715;8807146;159;1127;1127;12392;4;37900;10377113;10457179;52286734;1098;-38;108348;106847;640333;34;-217;0;19225;0;0;0;0;0;32219;32174;160870;5;1930671;1925254;11894532;358;416556;389389;184;0;0;0;450318;426840;286;2893;2845;32;0;0;0;92;92;5;0;0;0;0;0;0;12373843;12627528;1088;10041180;10302677;1076;190495;189684;28;37471;37352;11;388083;392939;177;32221;32174;5;1687022;1675347;316;1377;1360;5;0;0;0;0;0;0;661;661;3;1792485;1492587;1196;0;0;0;342127;248079;8;28832;28832;5;888092;705;660881;132177;182056;36411;7493;88273;12579;2516;2026;405;0;2111;7;0;308580;61716;202300;40460;201;21055;0;0;0;0;969461;193893;384356;76871;7694;109328;210778;42155;117652;23531;14422;4202;0;0;0;0;0;0;0;27027;237805;0;0;0;0;888092;660
   Республика Карелия;39935410;39716376;3164;1939168;1936953;19369530;348;17;17;191;1;37;31550838;31356857;156784285;3054;0;88046;85948;515688;50;1736;1736;10361;6;0;0;0;0;82983;82048;410242;57;5100392;5103863;31293194;1499;822325;813574;654;174732;174732;6;1173602;1150533;1030;83374;82266;718;0;0;0;107;107;4;336;57;2;220;0;0;34262245;34095353;3011;27199942;27043248;2981;1097861;1099066;123;330060;330060;30;1097112;1098521;588;82840;81905;56;4397283;4385509;1415;58074;57971;104;0;0;0;12;0;0;1946364;1944537;135;9180698;9125067;3531;0;0;0;5430377;5349812;302;250337;294588;10;70930209;2064;5256748;1051352;1799178;359836;247763;443753;0;0;0;0;0;0;0;0;3513664;702733;684249;136850;1487;564396;0;0;0;0;8770412;1754085;2483427;496686;249250;1008149;1108806;221760;19248;3849;1563;216348;2558;13856;2771;189;-402;3;0;4371044;5479850;0;0;0;0;70930209;1944537
   Республика Коми;110137433;110036862;2286;974079;944688;9446880;281;1005;1005;11052;3;-333;93798704;93724516;468621667;2215;7;146877;145328;871968;48;80;58;291;2;0;0;0;0;251909;251736;1258678;54;12753046;12756833;76794306;1006;1894441;1891293;368;3051;3109;2;2212143;2211954;697;154370;153519;1370;0;0;0;1493;1493;13;231;0;0;-3;0;0;72942012;72937519;2124;56719357;56707030;2101;787009;787147;45;46678;46625;13;2740923;2748014;315;250752;250578;53;12266270;12267425;980;130966;130645;105;0;0;0;33;0;0;8790626;8796820;40;31254524;31158653;3450;0;0;0;2684814;2692313;130;1611154;1611962;24;296797413;1831;6076271;1215255;673870;134775;28827;1051653;8122;1624;4094;819;240;565;4;0;24125351;4825070;9854;1971;121;4822978;0;0;0;0;30201622;6040325;683724;136746;28948;5874631;1284051;256809;533551;106711;55481;94617;417;0;0;0;417;1;0;132359;1416410;0;0;0;0;296797413;8796229
   Республика Крым;88980645;87466702;8791;7190775;7183517;71835059;1329;4240;4240;46636;7;904;59166160;57756341;288790604;8377;0;54079;54105;324629;97;923;923;4617;2;-294;0;0;0;182153;167671;838356;93;17522443;17490822;201780076;5162;4571346;4532086;2275;54;54;4;4859925;4809300;3110;105634;104148;1303;1;1;1;1125;1121;27;0;0;0;0;0;0;76658561;75681589;8343;56574307;55709683;8212;155169;153868;21;86925;86934;63;4763232;4750769;2147;179231;160446;87;14831913;14752389;4855;69341;69341;108;0;0;0;0;0;0;86651;84889;7;12699681;12417145;9779;0;0;0;317457;571248;42;109248;97207;14;2091926;5348;19564123;3912827;3098694;619739;6302616;-3009528;11263;2253;178;36;123;2094;14;0;108065187;21613037;88639426;17727885;181861;3703291;0;0;0;0;127629310;25525864;91738120;18347624;6484477;693763;4834307;966860;11489607;2297921;95256;-1426317;11740;26679;5336;2;6402;5;0;31987;4866294;445;0;1;0;2091926;84889
   Республика Марий-Эл;42576685;43669856;3218;4689247;4615852;46158519;467;1904;1907;46530;6;13000;24895906;26066995;130334307;3075;-3;896839;897475;5386674;89;602;602;6623;1;0;0;0;0;139212;145990;729950;58;10163780;10143985;63653685;1712;1678797;1662565;626;-7;0;0;1792770;1783946;996;18845;18483;323;1070;1070;1;764;765;18;1648;0;0;1;1;1;36762623;37840202;3037;25352136;26482486;3017;781941;781928;89;48806;48806;43;1770902;1757747;573;139212;145990;58;8544722;8516900;1644;107842;106420;37;0;0;0;0;0;0;763;763;5;6560306;6541839;3448;0;0;0;686696;685347;56;154979;148889;6;7415667;1913;9083359;1816672;1067736;213547;83466;1519659;0;0;0;0;0;0;0;0;2531117;506223;1682318;336463;7544;162216;0;0;0;0;11614476;2322895;2750054;550010;91010;1681875;1128686;225736;34437;6888;761;218087;731;0;0;0;731;1;0;296168;1424854;0;0;0;0;7415667;445
   Республика Мордовия;60912296;60847108;3860;11782943;11752853;117528531;693;16051;6534;71872;7;142;30899914;30863770;154419777;3670;0;4023032;4023108;24138650;118;220;220;1198;3;-27;0;0;0;62883;62884;314420;66;11172848;11188703;72458872;1918;2825431;2818729;762;39;39;2;2954483;2949250;1277;56094;54412;284;1110;1110;2;93;93;2;568;17;1;0;0;0;54723217;54684215;3625;40032544;40037513;3605;866695;859304;96;182642;185064;62;2816399;2814729;704;62148;62110;65;10728010;10691042;1855;35270;35270;69;44;19;1;0;0;0;73052;73052;6;8198919;8169848;3923;0;0;0;2016381;2015720;126;32861;33621;15;13852579;2320;8439487;1687897;488127;97625;77287;1512985;2700;540;0;0;2;538;2;0;814697;162940;85;17;6;162917;0;0;0;0;9254184;1850837;488212;97642;77293;1675902;1654341;330868;15675;3135;911;326822;228;370;74;16;138;4;0;99469;1753810;0;0;0;0;13852579;72965
   Республика Саха (Якутия);96190702;95898025;2696;1617330;1593338;15933389;379;26067;19313;212443;8;624;77313977;77009988;385049497;2587;0;119566;120898;725391;61;0;0;0;0;0;0;0;0;1146108;1137646;5688232;62;11702440;11767299;77512146;1062;3341727;3349144;525;0;0;0;4264591;4249300;920;262581;261630;433;117;117;1;0;0;0;0;0;0;0;0;0;63355077;63078939;2515;46168027;46055677;2478;346709;283490;41;10761;10761;13;5044185;4914171;506;1146100;1137638;61;10484071;10520461;1001;157158;156738;107;0;0;0;0;0;0;18006554;18009195;101;35271025;35006016;2835;0;0;0;20059707;19896082;287;1965853;1965812;27;354553082;1711;12015675;2403133;2897050;579411;267733;1555989;4281;856;101;20;147;689;5;0;41710765;8342154;6935275;1387055;68431;6886668;0;0;0;0;53726440;10745287;9832325;1966466;336164;8442657;1753350;350668;61643;12328;1373;336967;44804;0;0;16;44788;5;0;2953932;4707282;0;0;0;0;354553082;18009196
   Республика Северная Осетия-Алания;13588875;13361668;1575;1177662;1182479;11824786;251;10413;10273;113007;10;-11618;9396746;9222342;46117551;1388;0;247195;277254;1663523;88;-1002;45;3506;1;0;0;0;0;24790;16765;83823;14;2224499;2149645;12937793;492;492013;463786;273;-8022;468;1;519136;502889;367;6302;6197;75;0;0;0;460;408;3;704;0;0;51;0;0;12296758;12143304;1436;9652098;9582658;1420;202594;198248;44;9699;8801;18;469952;451651;259;16230;14711;13;1944729;1883981;438;3339;3339;11;0;0;1;0;0;0;15556;27409;18;1850266;1765239;1607;0;0;0;556393;551635;56;95723;95723;4;2052834;969;3470425;694085;1226636;245327;139364;309394;17171;3434;718;144;0;3290;7;0;858331;171666;29159;5832;6277;159557;0;0;0;0;4328756;865751;1255795;251159;145641;468951;1921630;384327;7925;1585;1125;381617;2635;6700;1340;611;684;6;0;9428;1931058;48448;4582;11;0;2052834;27409
   Республика Татарстан;1145165993;1143197059;52948;32852646;32838605;328386034;4116;24904;24878;272996;40;30071;799770921;798415042;3992076326;51247;-40;4425023;4436150;26616879;769;0;0;0;0;0;0;0;0;533668;496228;2481140;242;259383108;259023889;1580489478;29105;43998490;43945363;16387;1914832;1916765;36;48142429;48098415;20761;1638394;1669324;919;13554;13593;4;2997;2684;38;31132;11889;15;290;400;8;1021848592;1019915967;51578;694495897;693509041;51201;36557430;36540336;1327;1602366;1594815;402;52924618;52715703;14982;513024;478200;229;234300165;233610056;27684;1443910;1458904;363;0;0;0;13266;7185;4;4935202;4939177;178;163033019;162997648;51828;0;0;0;42918972;42917564;723;15623655;15580977;116;474212051;29886;84247110;16849422;34147327;6829461;5865052;4154909;530813;106163;21896;4379;445;101339;41;0;279697657;55939531;75090971;15018195;96129;40825207;0;0;0;0;363944767;72788953;109238298;21847656;5961181;44980116;20903059;4180610;1802214;360443;171008;3649159;602056;3049;610;275;601171;28;0;5461719;26364778;983057;0;17;0;474212051;4831908
   Республика Тыва;3038364;3011339;199;69490;69483;694826;23;195;195;2149;1;60;2429205;2420929;12104649;195;0;119;119;714;3;0;0;0;0;0;0;0;0;44449;34170;170854;9;321187;315902;1895532;57;116652;113448;28;0;0;0;172911;169734;63;37822;37822;21;0;0;0;0;0;0;0;0;0;610;610;2;2405037;2397770;174;1717469;1722084;172;123510;123510;2;8840;8840;2;62415;62261;35;44449;34170;9;409306;409008;50;37898;37896;10;0;0;0;0;0;0;567815;568331;12;950374;931963;205;0;0;0;845640;847492;20;948;948;1;9768641;125;1587983;317596;33191;6637;11213;299746;9911;1982;0;0;0;1982;1;0;2437695;487539;4188;838;10087;476614;0;0;0;0;4025678;805135;37379;7475;21300;776360;0;0;0;0;0;0;0;0;0;0;0;0;0;0;0;0;0;0;0;9768641;568331
   Удмуртская Республика;164982121;163130188;14688;8032761;8032950;80329777;1560;1033;1033;11358;3;102;117011707;115228206;576141503;14263;15;489282;493096;3117090;206;-649;4;3459;1;0;0;195;0;227052;226899;1134495;139;34138802;34099169;207453407;7327;4407402;4383647;3482;35772;34085;15;5084643;5048970;4886;153083;146388;563;0;0;0;3189;3136;36;4650;610;11;0;0;0;127540766;125841388;14378;87316842;85702675;14295;1921496;1914616;289;180733;182281;140;6057669;6058209;3195;226575;226191;133;31768534;31685685;7030;72197;71597;103;0;0;0;0;0;0;2476675;2478522;83;36729420;36559023;14701;0;0;0;1614161;1570897;249;1157279;1156031;45;99276374;8487;18604723;3720946;3036877;607375;505769;2607802;24614;4923;16953;3391;10;1522;8;0;43973448;8794690;24979084;4995818;2205;3796667;0;0;0;0;62578171;12515636;28015961;5603193;507974;6404469;3249819;649962;165381;33076;5226;611660;24;0;0;0;24;1;0;301181;3551000;4325;29;4;0;99276374;2478005
   Республика Хакасия;36554337;36534518;1843;972265;972009;9720088;310;1979;1979;21764;5;832;28760959;28746525;143732996;1747;0;88753;89112;534674;40;0;0;0;0;0;0;0;0;197539;197590;987948;29;5767112;5767337;34686364;790;671386;668225;391;2724;2047;4;764945;760210;604;41275;41209;265;0;0;0;13235;13174;9;3537;2538;1;0;0;0;30097882;30089165;1706;22231958;22240494;1693;1165563;1154344;40;160207;160207;18;733920;731992;367;197493;197544;28;5586926;5582768;741;21815;21815;26;0;0;0;419;362;1;4450304;4449853;41;6106090;6093402;2011;0;0;0;4051894;4050794;56;251272;252509;12;59211156;1142;3992523;798505;705968;141192;56498;600815;0;0;0;0;0;0;0;0;1167234;233446;78;16;78;233352;0;0;0;0;5159757;1031951;706046;141208;56576;834167;1510890;302180;61653;12330;573;289277;17;0;0;0;17;1;0;504;1511394;1500;0;1;0;59211156;4448193
   Чеченская Республика;32490616;31314857;2102;1703703;1701210;17004795;233;25718;25718;282899;2;29365;26955853;26067992;130344966;1960;0;383134;379277;2275660;52;0;0;9507;0;0;0;0;0;2162;2162;10809;6;2622306;2432003;14529585;357;649577;610050;244;0;0;0;766468;705786;338;15368;15368;30;0;0;0;0;0;0;6667;0;0;0;0;0;31191132;30449644;2002;28252621;27669069;1991;116625;117447;28;77347;77498;10;726942;726742;233;1941;1941;5;2036091;1857835;280;6100;6100;12;0;0;0;0;0;0;11258;13993;2;1506502;1471934;2047;0;0;0;193053;600156;11;0;0;0;1280185;1305;6580959;1316193;3574340;714868;115215;486110;555824;111165;1490092;298018;78873;-265726;13;0;11106;2221;0;0;0;2221;0;0;0;0;6592065;1318414;3574340;714868;115215;488331;324781;64956;31077;6215;6084;52657;32063;31077;6215;6084;19764;18;0;0;324781;347489;13993;4;0;1280185;13993
   Чувашская Республика;74579369;74578468;6924;3073738;3072260;30722602;762;5014;4223;46451;5;30473;50893802;50925900;254629490;6655;0;508715;508810;3052864;130;7;7;35;1;0;0;0;0;72438;70324;351618;84;17307207;17297724;105321962;4109;2256639;2241495;1719;139624;139691;9;2687982;2668877;2526;54771;53560;617;0;0;0;3795;3796;21;999;199;4;0;0;0;63958941;64013956;6694;44859265;44802580;6644;1679150;1679015;227;98878;98075;112;2603219;2728539;1557;71697;69608;82;14612255;14601410;3954;28666;28735;90;0;0;0;0;0;0;8002;7106;18;12541207;12479698;7198;0;0;0;1857077;1852847;118;32161;32161;11;9935667;4032;11647457;2329490;1905419;381082;69953;1878455;2452;490;172;34;15;441;3;0;2646988;529397;268368;53674;2553;473170;0;0;0;0;14294445;2858887;2173787;434756;72506;2351625;8407194;1681439;190358;38072;13495;1629872;3;0;0;0;3;1;0;72406;8479600;908;0;1;0;9935667;6930
   Алтайский край;191894390;185701366;17274;28768261;28679510;286791720;3797;7209;15649;172139;27;54595;124167727;118312501;591614568;15952;18;947379;948027;5688164;244;311;311;2687;3;50;50;250;1;263875;259518;1297590;149;31127556;31075224;207521397;7743;5456033;5363502;3650;671383;671925;29;6545324;6396425;5611;107458;107870;781;0;0;0;288;286;15;3856;564;4;-20;0;0;172387061;166315519;16765;131491402;125588152;16687;2542789;2541404;467;3153738;3146130;263;7589121;7556521;3468;209514;204839;139;27337290;27228267;7339;61352;61186;129;1944;1944;7;1255;666;1;1055325;1051299;172;24321096;24204035;17151;0;0;0;5680375;5677214;667;491876;491876;32;56760486;9842;19942207;3988441;5463451;1092690;386865;2508886;50465;10093;18266;3653;190;6250;10;0;4495103;899021;1703846;340769;1339;556913;0;0;0;0;24437310;4887462;7167297;1433459;388204;3065799;4606429;921286;172837;34568;1831;884887;820;0;0;0;820;11;0;433482;5039911;37632;0;2;0;56760486;1045058
   Краснодарский край;791686614;790963253;38837;122227049;122120987;1221211248;6010;45102;50225;552474;57;-239;480009761;479575784;2397938745;36527;1159;12916933;12952186;77723004;770;761;825;39409;5;-3100;0;0;0;710564;679923;3399618;419;138205999;138150115;918633146;21861;34148938;33963850;10596;113186;113648;32;37563210;37410505;14470;814001;811753;1166;13493;13500;11;7481;7137;80;130146;10257;20;7060;4342;9;732235726;732888663;37193;529718682;530622101;36747;33923899;33943469;1925;3128085;3156519;484;39314081;39176837;9715;694841;661445;400;124673894;124710256;20603;709664;613625;354;2349;2349;5;26;18;2;10351739;10335172;378;98057834;96664454;38313;0;0;0;47905053;47992415;1001;6055949;6020369;94;468113115;21930;104153496;20830700;19167489;3833498;2315674;14681528;145206;29041;23335;4667;3115;21259;50;0;161023708;32204744;96867542;19373510;102319;12728915;0;0;0;0;265177204;53035444;116035031;23207008;2417993;27410443;15492948;3098590;456576;91315;224748;2782527;77996;17391;3478;2972;71546;60;0;11124182;26617130;157982;1921;29;0;468113115;10141606
   Красноярский край;554433907;553449178;22784;18579380;18545847;185458439;2685;4556;4421;48635;30;-3972;432222515;431868142;2162936481;21972;14;1177493;1203776;7803405;381;83;69;11809;1;13044;12897;64486;2;1372171;1366562;6832812;177;76368495;76150222;468514640;10628;23238217;22960748;5431;33270;33436;13;24728944;24331525;7908;877415;875266;1495;3927;3927;3;328;349;10;28999;820;8;704;743;2;470608948;470335431;22038;347975724;347788643;21903;10979801;10964766;557;304233;304279;168;40597798;40497706;5021;1370881;1364825;169;68775998;68830344;10147;599358;582872;325;136;136;1;137;110;1;10590149;10548944;247;140773321;140117771;22783;0;0;0;67106655;66632383;825;25701482;25713700;96;611958871;13107;65748011;13149601;15559804;3111959;1064316;8973326;172471;34494;247;49;97;34348;12;0;26895608;5379120;2503686;500738;6343;4872039;0;0;0;0;92643619;18528721;18063490;3612697;1070659;13845365;36838162;7367633;951525;190306;75163;7102164;159031;11842;2368;1125;155538;24;0;1994174;38832336;16441;135;5;0;611958871;10502912
   Приморский край;344141128;342431483;17540;18393747;18398015;183969589;2818;30339;29499;324490;13;-782;255299201;254079190;1270359188;16777;719;1724964;1459493;8756954;227;12720;8761;44669;11;1514;458;2292;2;304790;283527;1417636;103;56145293;56108454;347471560;7795;11008427;10920004;3554;291767;291767;19;12241914;12070119;5052;771214;733110;989;14901;14901;4;-115;65;3;10281;5915;11;4;4;1;324327459;323516779;16823;209032924;208382002;16523;49012919;48850237;2723;157639;156584;81;13240754;13349870;3279;271117;249851;99;52038833;51958921;7420;571436;570717;213;6;6;1;32;32;3;7193069;6839314;557;35062050;34517387;17224;0;0;0;21635106;21666484;955;1380458;1386182;56;257035434;10248;42290335;8458065;7656986;1531400;1237825;5688840;599618;119923;296;59;0;119864;14;0;66377902;13275578;13361995;2672400;155563;10447615;0;0;0;0;108668237;21733643;21018981;4203800;1393388;16136455;27274207;5454842;4355150;871030;15269;4568543;791850;4088296;817660;314;-26124;15;0;13766873;41041080;146494;22232;6;0;257035434;6809874
   Ставропольский край;196110943;195176397;12500;23114328;22877355;228773548;2456;14924;14957;164526;19;14017;123982140;123446174;617200806;11712;0;662126;670115;4020689;213;1;1;6752;1;0;0;0;0;167718;167391;836952;149;39760525;39625442;262865512;6233;7819824;7784047;2804;39370;36893;8;8395170;8368359;4131;147018;143652;507;8;8;2;15515;15399;48;3686;625;4;-6;0;0;172938224;172238972;11850;123371889;122921378;11738;4879087;4872558;429;691546;691022;153;10035460;9975445;2600;164780;164259;144;33680992;33500573;5776;114402;113669;133;70;70;1;1570;0;0;205163;205167;32;28153654;27904932;12569;0;0;0;4994344;4996482;262;1899790;1899790;36;64211902;7062;27613958;5522793;4029670;805934;376150;4340709;345804;69161;251947;50390;231;18540;34;0;5814732;1162948;468449;93690;4792;1064466;0;0;0;0;33428690;6685741;4498119;899624;380942;5405175;4730513;946103;154004;30801;6776;908526;176413;39280;7856;6545;162012;19;0;1051219;5781732;200116;16392;7;0;64211902;205169
   Хабаровский край;177710247;176980765;10283;10820851;10849715;108497138;1441;1045;837;9204;5;2567;118867321;118258868;591177928;9957;67;6354426;6354468;38125864;216;62;62;3089;1;0;0;0;0;396557;383913;1919567;106;29213364;29137769;176182697;4782;9187339;9138082;2387;27323;27323;8;12054074;11986706;3584;363013;345469;1214;50;50;1;348;337;7;48952;9852;3;-27;8;1;160688232;160280156;9787;117434392;117417028;9683;4974750;4973946;458;2608975;2608589;41;9555874;9535590;2166;395574;383351;106;25300738;25005771;4591;392235;333749;151;20133;20133;2;37391;9289;3;5088013;5087276;183;36161311;35694756;10875;0;0;0;24502194;23704398;546;1681318;1709962;25;187179970;6219;18166364;3633272;5058706;1011743;295980;2325549;125504;25101;0;0;0;25101;3;0;2818629;563726;117089;23418;1984;538324;0;0;0;0;20984993;4196998;5175795;1035161;297964;2863873;8251458;1650291;782284;156457;9030;1484804;1669;1050;210;0;1459;16;0;1057591;9309049;16057;0;3;0;187179970;5074479
   Забайкальский край;35640609;35582229;2459;2027871;2027407;20273106;393;1117;853;9388;10;23570;26244493;26167732;130843613;2315;0;158447;158121;948596;69;2894;2896;21012;1;1;1;49;1;324421;310498;1552491;43;4865183;4864358;29465292;867;1608314;1598458;381;20839;20839;8;1993190;2045916;664;100287;94212;787;0;0;0;44;44;2;0;0;0;0;0;1;35354959;35198834;2216;27831112;27801025;2172;1198114;1194597;144;19630;17900;9;2260387;2212582;324;280181;272072;39;3639884;3613682;787;124586;86974;67;0;0;0;0;0;0;3752293;3744985;106;6124635;6136525;2932;0;0;0;9370742;9368049;328;72319;72319;11;74399135;1812;8119472;1623894;1124772;224953;95027;1303914;9270;1854;2886;577;2037;-760;7;0;11935507;2387101;5271;1055;8166;2377880;0;0;0;0;20054979;4010995;1130043;226008;103193;3681794;19104921;3820984;22024;4404;15345;3801235;5432;20402;4080;15342;-13990;7;0;0;19104921;122190;8021;3;0;74399135;3744987
   Амурская область;92825929;91376088;4338;6602367;6568640;65669542;941;96209;96230;1058525;9;5985;57408754;56959039;284900075;3992;0;72447;72361;434165;70;43;39;1338;2;0;0;0;0;318737;318304;1591522;32;15887928;14979970;92379454;1630;11810393;11755591;812;32;5;1;12433363;12376808;1246;888860;888042;587;0;0;0;1328;1328;5;0;0;0;1091;19;2;101570204;100597567;4096;71264350;71340321;4024;2215989;2214817;363;30495;30434;26;14237472;13336743;789;318364;318061;31;12629265;12484030;1489;874187;873160;65;0;0;0;0;0;0;2209862;2182690;105;21626722;21187165;4498;0;0;0;31662079;31675133;427;12494251;12559927;18;87654614;2727;12469332;2493865;4451991;890397;49907;1553561;696469;139294;1107;221;6716;132357;5;0;49028764;9805753;30059126;6011825;31611;3762317;0;0;0;0;61498096;12299618;34511117;6902222;81518;5315878;37082025;7416405;113156;22631;12761;7381013;118414;1167;233;116;118065;7;0;135272;37217297;30563;4862;1;0;87654614;2182691
   Архангельская область;95392967;94983940;3865;2968637;2968691;29686917;575;0;0;0;0;555;72085886;71751285;358756411;3747;0;297502;296924;1781541;120;-463;1;4;1;0;0;0;0;470733;470658;2353290;82;15112082;15057806;92077605;1764;3736256;3712898;703;21691;21721;13;4316453;4285950;1294;157593;156297;1022;0;0;0;959;959;14;2442;0;0;-10968;0;0;86122105;85671377;3613;51012670;50855168;3585;553150;506689;65;29274;29274;17;5615537;5682301;641;468395;466826;80;28345573;28036790;1725;97336;94164;145;0;0;0;0;0;0;4494825;4526611;66;18803134;18696996;4564;0;0;0;13869044;13732960;189;784813;841705;30;132391785;2576;34172918;6834586;2145682;429136;1281544;5123906;190;38;8705;1741;0;-1703;2;0;6487778;1297557;428105;85621;2817;1209119;0;0;0;0;40660696;8132143;2573787;514757;1284361;6333025;3736056;747212;18151;3631;3316;740265;540;0;0;0;540;3;0;6376742;10112798;0;0;0;0;132391785;4515508
   Астраханская область;35822332;35679252;2677;1366732;1361772;13617714;406;3416;3416;37577;10;9093;28211064;28122004;140618486;2487;0;536452;535641;3213844;90;0;0;0;0;0;0;0;0;3530;3530;17651;15;4204532;4162872;26352015;1209;1327775;1326880;502;31540;31594;5;1487546;1480965;937;109643;109322;173;0;0;0;-24;82;3;22512;558;2;-32;0;0;26446218;26318461;2541;20549494;20448533;2497;468545;468029;126;34110;34017;39;1565468;1558527;466;3530;3530;15;3744244;3725511;1110;80299;80314;57;-411;0;0;3047;28;2;2505926;2507895;144;12093228;12052663;2564;0;0;0;5088504;5086602;289;1413659;1413659;8;171474007;1601;3518970;703794;357179;71438;67999;564357;2216;443;1650;330;0;113;7;0;2573112;514623;250713;50142;6692;457789;0;0;0;0;6092082;1218417;607892;121580;74691;1022146;1160181;232036;32921;6585;17384;208067;10336;30070;6014;0;4322;4;0;5648498;6808679;216933;904;27;0;171474007;2507726
   Белгородская область;243714151;243906458;15417;54767159;54751250;547512169;2277;3030;3334;36675;15;1411;133119207;133415339;667079453;14677;29;1623345;1622409;9734455;204;3367;616;3090;5;0;0;0;0;359890;358217;1790886;144;39644225;39598965;307502874;7396;13793446;13752509;3593;37941;37939;12;14188277;14148434;4999;396446;394027;902;-1845;615;3;6525;6524;15;4599;2412;6;129;150;1;220122884;220489956;15055;161429457;161914507;14929;6548973;6540784;960;788083;783728;320;14298402;14269610;3331;360631;358958;140;36373536;36304187;6961;315416;312673;232;0;0;0;16;0;0;710913;709522;82;40123359;39942277;15513;0;0;0;16910236;16811035;491;1474165;1473621;67;194649021;9117;13113780;2622754;1861579;372315;98298;2152141;269110;53822;50610;10122;524;43176;11;0;7322772;1464555;892721;178545;4109;1281901;0;0;0;0;20436552;4087309;2754300;550860;102407;3434042;1835294;367059;94569;18913;47094;301052;993;2621;524;0;469;8;0;689176;2524470;253688;0;14;0;194649021;708288
   Брянская область;90572055;90435466;6216;12602454;12594863;125948638;1051;1554;1568;17244;6;1179;54329304;54323095;271615477;5901;0;1692529;1675711;10054266;134;1808;1816;9081;7;0;0;0;0;185320;185102;925513;75;16376972;16311396;110890564;3066;4929983;4915018;1248;194384;193772;9;5380731;5340641;1946;99964;90046;522;635;635;1;757;757;7;7728;3761;3;3;3;1;80230393;80346405;5881;53708099;53851278;5799;2158803;2158604;280;2592597;2588199;546;5504986;5496190;1139;185190;184972;73;16019314;16006902;2989;60175;60415;116;152;152;1;781;0;0;649168;633176;190;12138413;11913264;6249;0;0;0;2318041;2342970;421;1499605;1227762;16;32587129;3593;20757194;4151441;2220535;444108;185778;3521555;6164;1233;0;0;0;1233;2;0;2778824;555764;29232;5846;1362;548556;0;0;0;0;23536018;4707205;2249767;449954;187140;4070111;1417929;283586;57317;11463;18141;253982;20962;70;14;20;20928;10;0;318784;1736713;96672;183;22;0;32587129;632998
   Владимирская область;152020838;151618554;8787;15974615;15974106;159709282;1027;-31;38;422;3;15116;106182035;105824635;529142729;8490;0;1069372;1069407;6416441;184;435;435;2206;3;0;0;1;1;110127;109918;549590;100;25545675;25522158;156456939;4764;2627476;2626489;1979;23412;24045;36;3121953;3116158;2989;733533;729024;723;10005;10005;1;1664;1664;16;4488;1145;7;0;0;0;129793636;129821715;8463;89020051;89059575;8397;14426191;14426768;488;368689;368208;238;3744124;3737019;1813;110301;109622;96;21407321;21407031;4581;738473;735976;157;0;0;0;151;151;1;174205;174569;87;26681880;26264242;9115;0;0;0;3861617;3882116;170;169705;169705;21;33854460;5024;12109905;2421984;2977737;595546;217337;1609101;98;20;61;12;0;8;3;0;14081034;2816206;67713;13543;3292;2799371;0;0;0;0;26190939;5238190;3045450;609089;220629;4408472;4663064;932614;64757;12951;11950;907713;165;18;4;3;158;5;0;1551344;6214408;0;0;0;0;33854460;174279
   Волгоградская область;171344054;171064502;10974;12817840;12812177;128119178;1904;50742;50430;554734;19;1231;108768781;108593013;542965430;10169;1329;8704726;8717199;52303190;284;0;0;0;0;0;0;0;0;298995;281699;1408492;98;34447805;34390473;217520304;5971;5279218;5261446;2780;76216;75903;24;6249452;6215162;3949;196054;196286;1341;0;0;1;1008;995;34;33447;23529;6;0;0;0;143579697;143478561;10353;100955575;100933679;10274;3845737;3849532;300;790161;797222;128;4767685;4753374;2541;298968;281671;98;32755531;32712834;5740;166042;150249;149;0;0;0;7980;0;0;401552;401579;69;34475202;34299549;11775;0;0;0;6868759;6873027;159;1337718;1339990;42;52963969;6589;24002636;4800525;4902769;980554;914175;2905796;23402;4680;84;17;1379;3284;4;0;6557643;1311530;3950762;790153;4071;517306;0;0;0;0;30560279;6112055;8853531;1770707;918246;3423102;4002311;800463;61295;12259;326;787878;1869;0;0;0;1869;5;0;2384382;6386693;0;0;0;0;52963969;391847
   Вологодская область;218569340;219897978;10975;7687410;7671417;74736124;1091;547;547;6017;4;-5222;163424433;164825145;824128014;10725;0;1976324;1987815;11928450;181;29;28;138;2;0;0;0;0;110750;109372;546859;113;39344530;39330135;237997722;4253;5084121;5048296;2271;-260;0;0;6028694;5971672;3342;213114;204729;681;0;0;0;265;202;13;67824;736;2;55;55;2;217113437;218535550;10669;165790516;167379849;10613;4877063;4860055;188;1551962;1551962;99;6422802;6419944;2077;105899;104480;109;38132231;38008116;4055;232765;210924;138;132;132;2;0;0;0;1461396;1459295;101;20274899;20092825;11123;0;0;0;19988392;19973317;241;3651569;3669781;36;339495648;6487;14722253;2944448;1542831;308565;91786;2544097;63847;12769;0;0;0;12769;2;0;171716733;34343347;2907127;581426;41640;33720281;0;0;0;0;186438986;37287795;4449958;889991;133426;36264378;4875462;975093;6497;1299;850;972944;222;0;0;0;222;2;0;2642367;7517829;0;0;0;0;339495648;1423143
   Воронежская область;291872110;290551727;24511;43092901;43040552;430384257;3583;-9074;17661;194266;13;137106;170467600;169850264;849253889;23455;0;2834320;2813696;16881359;339;0;0;0;0;0;0;0;0;272455;267095;1335793;125;60545363;60095095;406592274;11420;13289649;13203316;5409;37668;37668;14;14529703;14460747;7610;297641;294808;852;271;271;4;2892;2892;17;5597;1843;8;0;0;0;265455694;265650972;23814;190890828;191594491;23674;7362530;7277739;675;1279728;1298136;379;15620296;15613113;5111;180222;175610;117;49863852;49382183;10807;292970;289625;205;0;0;0;8;0;0;524350;524895;96;32182583;30716983;24395;0;0;0;5976116;6032727;301;568367;565278;35;48976023;13899;48996053;9799209;10130015;2026003;582598;7190608;66107;13221;37221;7444;20;5757;12;0;34723689;6944739;13522500;2704499;4586;4235654;0;0;0;0;83719742;16743948;23652515;4730502;587184;11426262;7611995;1522399;354534;70906;3542;1447951;82617;111244;22249;0;60368;159;0;1791091;9403086;12370;882;7;0;48976023;514792
   Ивановская область;72066549;72675400;10005;3362914;3363198;33631973;1053;63;63;695;2;663;53514632;54136716;270683574;9750;0;1482562;1484437;8906622;169;16650;16650;92593;3;0;0;0;0;58979;59176;295334;36;11205671;11229193;67791983;3987;2178183;2129040;1622;101282;102669;10;2441071;2394322;2273;47062;46336;323;0;0;0;163;163;5;989;361;7;-4;0;0;66030433;66757939;9593;47790333;48500565;9544;6091657;6087333;490;407046;408023;157;2018232;2027722;1504;58542;58739;34;9643080;9654014;3741;21544;21543;54;0;0;0;0;0;0;354207;354438;29;6690263;6573804;9974;0;0;0;838462;953612;96;13501;13496;5;9653916;5705;7755525;1551109;1503747;300750;99854;1150505;28;6;1221;244;0;-238;1;0;4067163;813433;540123;108025;11914;693494;0;0;0;0;11822688;2364542;2043870;408775;111768;1843999;960490;192098;228839;45767;2078;144253;0;0;0;0;0;0;0;354039;1314529;39;0;1;0;9653916;353913
   Иркутская область;349157126;347811102;14549;10826828;10787758;107877553;1566;1948;3323;36557;13;-4363;258260436;257249400;1286248620;14100;3;1107838;1112388;6673807;279;173;173;1047;3;110;110;549;2;1121403;1117484;5587412;129;64496426;64296449;387097135;6739;12467694;12381569;3744;647;28;3;13346923;13237460;5352;929431;926153;1534;143;143;1;3196;3196;16;15914;384;4;523;5;2;261571887;259345025;13908;178677032;176564901;13814;6769381;6775619;446;72291;70193;82;12560320;12488852;3391;865833;861913;128;61773579;61740045;6495;856552;855386;216;91;91;2;2780;50;1;11368764;11381598;283;102450430;101931699;15138;0;0;0;25244169;23879231;690;5918440;4523473;49;266615082;8793;31098351;6219671;8901536;1780307;969604;3469760;10125;2025;6332;1266;332;427;8;0;26738489;5347698;13408318;2681665;770735;1895298;0;0;0;0;57836840;11567369;22309854;4461972;1740339;5365058;7398210;1479644;180120;36023;16515;1427106;3145;212;42;45;3058;5;0;777697;8175907;0;0;0;0;266615082;11358720
   Калининградская область;153928040;153930822;5828;20622854;20595886;205958799;982;5709;9913;109048;13;21923;94778590;94913323;474567573;5483;0;756375;756171;4537028;177;862;862;4309;2;0;0;0;0;67370;67336;336675;56;33971468;33912614;213494317;2718;3280993;3264327;1088;904;1057;3;3551677;3522575;1657;462797;472652;448;960;960;2;424;379;14;7648;1159;5;54;0;0;118469229;117573780;5530;76260339;75432542;5423;5478017;5498071;716;2373145;2372120;271;5011128;4941794;985;60146;57866;53;28831737;28816677;2552;298784;298780;195;0;0;0;5064;17;2;2271411;2245019;265;51179141;51097890;5676;0;0;0;17651874;16487818;433;560612;560612;23;129046548;3501;25749886;5149977;3482663;696532;126191;4327254;11017;2203;9156;1831;103;269;10;0;136510731;27302146;28323131;5664626;5862;21631658;0;0;0;0;162260617;32452123;31805794;6361158;132053;25958912;90884450;18176890;58855492;11771099;902;6404889;2730;9148;1830;0;900;4;0;23866552;114751002;0;0;0;0;129046548;2245062
   Калужская область;226952420;226672688;9208;13447217;13448863;134488622;948;6;6;64;2;777;161697738;161567431;807839519;8842;16;1228239;1231475;7388848;176;0;0;100;0;3;3;30;1;82943;82045;410225;77;40733667;40647503;257730171;5007;8664897;8582459;2131;392750;392750;23;9761731;9694422;3067;870897;869260;630;279;248;2;1411;1399;20;6091;1941;2;46;46;3;199859969;199832673;8686;113788817;113804185;8574;40172922;40162534;566;688220;685412;251;9985181;9963950;1902;73177;72214;72;34378089;34372338;4833;820340;819133;223;0;0;0;2;0;0;3963383;3963383;68;32684446;32456075;9302;0;0;0;8607782;8634838;292;378188;378188;27;83121089;5243;18342537;3668509;4969191;993838;254335;2420336;16495;3299;15;3;0;3296;7;0;142594904;28518982;52275113;10455023;49475;18014484;0;0;0;0;160937441;32187491;57244304;11448861;303810;20434820;6072905;1214582;890294;178057;1510;1035015;31095;9;2;1;31092;9;0;827994;6900899;268137;0;5;0;83121089;3946500
   Камчатский край;37654875;37501384;1637;4973379;4942878;49428784;497;4364;4256;46811;10;-86;22471263;22389585;111947906;1514;0;147799;147548;885291;56;1346;1346;6728;1;0;0;0;0;171592;170705;853528;32;6275000;6267405;41500462;734;3424313;3399961;289;61180;61180;2;3607552;3575036;511;65270;65158;145;0;0;0;0;0;0;10335;1784;1;0;0;0;36558132;36452373;1487;25721462;25670114;1469;1486284;1464838;115;7555;7555;9;4208558;4203365;277;166653;165766;31;4912040;4887278;697;54389;52264;66;0;0;0;0;0;0;2039372;2041296;32;6390644;6372348;1570;0;0;0;7252444;7287574;180;186077;186069;7;84616197;926;3046636;609327;312797;62560;30563;516204;2966;593;0;0;0;593;1;0;1085494;217099;70305;14061;4376;198662;0;0;0;0;4132130;826426;383102;76621;34939;714866;157331;31466;35;7;0;31459;0;0;0;0;0;0;0;4160225;4317556;0;0;0;0;84616197;2039557
   Кемеровская область - Кузбасс;513369716;513105759;12382;6914571;6906882;69068669;1144;5028;428;4709;5;-5771;386733731;386464257;1932323575;11995;1;21692289;21675922;130055525;278;0;0;0;0;0;0;0;0;1959075;1957955;9789772;193;72215630;72223437;439006542;5413;22086355;22086496;2521;499301;500818;29;23854662;23875111;3999;225667;224421;890;147;147;2;1325;1325;18;146009;17140;13;0;0;0;428339092;428431979;11386;328454624;328722695;11325;5248059;5289884;349;1664361;1664927;106;25143681;25128649;2349;1941346;1940221;192;65714008;65569535;5175;154886;154611;188;0;0;0;19682;5719;3;38393666;38371732;157;107439743;107196776;12563;0;0;0;60348542;60599522;316;3324727;3293236;98;714934645;7219;27606631;5521326;6741106;1348219;674715;3498392;12012;2402;4256;851;109;1442;12;0;79950637;15990130;53576390;10715279;29391;5245460;0;0;0;0;107557268;21511456;60317496;12063498;704106;8743852;9261952;1852391;618810;123763;143342;1585286;33930;0;0;0;33930;4;0;52936725;62198677;0;0;0;0;714934645;38256834
   Кировская область;76356403;76255094;7134;6988257;6986742;69868882;1223;399;407;4478;1;662;50482046;50427705;252138943;6891;0;1237323;1236717;7417990;161;0;0;0;0;0;0;0;0;109908;97073;485362;111;15388666;15371735;95488189;3886;2005005;1990621;1587;2699;2860;8;2149143;2134053;2447;45490;43619;1316;0;0;0;3604;3503;16;1529;1166;7;0;0;0;67747171;67553845;6864;48609197;48447539;6825;1986935;1986585;198;165173;165512;78;2352272;2348437;1472;106960;94476;109;14500492;14485708;3718;25655;25332;121;1;1;1;0;0;0;65986;63304;54;10300450;10280056;8166;0;0;0;1692919;1581468;133;93186;94381;29;24185765;8;11851630;2370325;2115587;423116;251169;1696040;2930;586;0;0;0;586;1;0;33684658;6736931;33275254;6655052;40688;41191;0;0;0;0;45536288;9107256;35390841;7078168;291857;1737231;5981043;1196209;689292;137859;14756;1043594;136;0;0;0;136;1;0;158792;6139835;321148;511;4;0;24185765;63205
   Костромская область;43871425;43894945;3333;3137599;3137568;31375683;494;44;44;486;1;279;32731154;32753591;163767953;3210;0;167452;167406;1004436;65;0;0;0;0;0;0;0;0;83481;82878;414391;42;6739740;6748258;41170374;1703;804003;797334;750;1222;1222;3;1011676;1004920;1188;162776;162430;385;0;0;0;1250;863;13;338;44;3;0;0;0;38263696;38305116;3169;29394682;29492230;3145;1324719;1296249;171;224973;210936;86;901031;898670;671;80468;82521;40;6217642;6202665;1602;121825;121842;64;0;0;0;0;0;1;38391;38391;31;7118520;7101768;3545;0;0;0;1355795;1358210;61;42088;47480;11;55972760;1967;137248933;27449786;134445907;26889181;46645;513960;0;0;0;0;0;0;0;0;685636644;137127329;582658639;116531728;1328473;19267128;0;0;0;0;822885577;164577115;717104546;143420909;1375118;19781088;22406533;4481307;29920;5984;2756;4472567;667;0;0;0;667;3;0;112;22406645;0;0;0;0;55972760;37991
   Курганская область;48227871;48115017;3220;4172150;4141147;41411473;642;744;744;8189;8;144;30021439;29990734;149954005;2999;1;412118;423892;2543356;118;7;7;37;1;0;0;0;0;57737;53934;269670;66;11151940;11139234;68470997;1408;2305719;2302182;677;9177;9177;4;2411596;2365282;1017;40401;40408;276;336;336;1;2865;2865;14;283;283;2;0;0;0;41449045;41400956;3074;29192281;29153268;3059;536149;534634;67;84095;83483;55;3737912;3729922;643;57522;53719;65;7825306;7823952;1307;19492;21958;55;0;0;0;0;0;0;11592;11602;11;7471496;7406763;3273;0;0;0;657836;658135;98;107744;107744;10;4176462;1954;5620032;1124002;553265;110653;28447;984902;12312;2462;58;12;0;2450;2;0;1872145;374427;1198274;239655;6595;128177;0;0;0;0;7492177;1498429;1751539;350308;35042;1113079;143008;28603;1900;380;12;28211;1336;0;0;0;1336;4;0;59417;202425;67556;346;9;0;4176462;11602
   Курская область;110424563;110026050;7487;24330990;24317514;243175132;1786;3166;3166;34823;7;3026;61004150;60642070;303221442;6760;0;828254;826693;4960159;142;0;0;157;0;0;0;0;0;193337;189197;945984;72;17769962;17777563;125731417;3228;3951735;3959585;1425;206;206;1;6291709;6269348;2176;116723;116734;508;0;0;0;659;682;12;20636;18;2;-36;0;0;97245828;96947651;7134;72103814;71818879;7089;3733083;3729281;244;450711;450685;162;4917927;4907291;1349;192810;188670;71;15770046;15779971;3023;119098;119159;102;0;0;0;771;1;1;2422949;2422476;23;18135134;18015796;7428;0;0;0;7269043;7271884;362;3259989;3259991;23;69831764;4447;11857059;2371414;2003829;400766;350865;1619783;34975;6995;0;0;0;6995;5;0;41886749;8377349;32114547;6422910;1905;1952534;0;0;0;0;53743808;10748763;34118376;6823676;352770;3572317;6873437;1374685;44154;8831;1908;1363946;108;0;0;0;108;2;0;771659;7645096;1050;0;1;0;69831764;2422476
   Ленинградская область;302222167;302193967;13507;13179299;13177305;131773060;1182;392;392;4316;8;557;215483212;215576047;1078447914;13141;0;2309005;2283628;13701765;237;150;150;3908;1;0;0;0;0;2002828;1995601;9978010;153;60791683;60796782;374346833;6786;7467198;7382369;3107;9426;9527;16;8454779;8362475;4438;6973965;6962862;1782;1314;1314;5;582;621;16;28502;2552;15;-1;1;2;311794167;312074074;13073;200867179;201274071;12956;28814081;28815534;895;1706604;1707457;259;27839233;27824885;2765;2002150;1994371;145;45428191;45311508;6486;5150836;5150061;370;215;215;1;701;57;2;4770694;4772045;311;71747550;71344912;14355;0;0;0;79122134;79011608;469;2816686;2727513;59;460252778;8209;32880920;6576183;4216299;843258;501895;5231030;46107;9221;1183;237;0;8984;11;0;23286017;4657204;3905740;781149;4448;3871607;0;0;0;0;56166937;11233387;8122039;1624407;506343;9102637;13286383;2657277;540086;108017;215920;2333340;2443;3105;621;429;1393;16;0;50461862;63748245;64995;2846;13;0;460252778;4756976
   Липецкая область;182358761;181711073;9862;25474845;25466209;254662068;1235;257;103;1135;3;1780;110300530;109810879;549081591;9423;0;1322539;1322744;7936460;140;0;0;4803;0;0;0;0;0;108531;108390;541949;84;34979839;34856528;229783649;3899;9780787;9793049;1809;4332;4332;9;10170364;10145756;2769;406134;405029;563;0;0;0;307;307;5;43243;40614;8;101;101;2;195716667;195363911;9503;141000817;140827156;9455;10227948;10201476;298;987970;987970;124;10110960;10102726;1661;105912;105771;80;32812226;32674693;3613;462883;464062;152;0;0;0;8;0;0;28617;26865;27;14820409;14600887;10008;0;0;0;27761179;27838801;167;3013210;2964715;57;278314368;5820;8451132;1690225;3211692;642340;59120;988765;26907;5381;116815;23363;437;-18419;10;0;9315864;1863172;76532;15307;1439;1846426;0;0;0;0;17766996;3553397;3288224;657647;60559;2835191;738735;147747;23199;4640;13372;129735;1980;205;41;0;1939;9;0;110178;848913;38973;1848;5;0;278314368;14985
   Магаданская область;29425598;28193474;1002;760307;668091;6680912;175;11815;11815;129964;2;1532;21256789;20982874;104914262;961;0;4572;4572;27400;19;0;0;0;0;0;0;0;0;737873;658935;3294675;25;4178635;4113716;24737836;336;2458005;1602763;174;12588;12588;1;2474073;1753465;341;168834;168789;212;0;0;0;2;2;1;0;0;0;0;0;0;30411692;29125983;965;23220278;22805296;940;404860;404860;25;1466;1466;3;2603519;1902841;163;737495;658557;25;3253289;3168890;312;162952;162952;38;9803;3616;3;0;0;0;7459201;7599210;111;5828321;5804955;1023;0;0;0;14099764;14163697;250;513588;538521;9;149176226;660;612416;122482;72920;14584;79679;28219;865;173;0;0;792;-619;3;0;2747889;549578;20221;4044;0;545534;0;0;0;0;3360305;672060;93141;18628;79679;573753;8765067;1753013;2589;518;3619;1748876;591;0;0;0;591;2;0;2305617;11070684;0;0;0;0;149176226;7599208
   Московская область;2517182751;2513920874;87635;164606699;164497088;1644978780;7631;156;407;4472;27;204678;1746962704;1745324734;8726622612;84968;3594;11740927;11822512;70935063;1093;166455;165846;975377;13;383554;383554;1918072;7;790528;779292;3896460;402;510992607;510085349;3097794773;51196;66761710;65811701;21668;7190046;7256009;133;81899170;81298361;30108;9896998;9858311;4682;49211;49211;23;7159;12020;67;3885470;2526618;95;5143;5164;14;2287351108;2284907568;84595;1496227023;1495070016;83679;234601187;234327168;7484;19481150;19272957;2398;75180360;75390346;19473;778389;766982;380;451466970;450553695;49521;9232574;9171646;1749;347700;347700;7;906743;234098;11;22542401;23093556;726;324310845;323195152;88404;0;0;0;105402049;104904622;1115;6934980;6690102;193;770693463;49794;368583224;73716641;112029225;22405845;14628183;36682613;87063;17413;28394;5679;332;11402;7;0;251717636;50343529;194738722;38947746;721519;10674264;0;0;0;0;620300860;124060170;306767947;61353591;15349702;47356877;284296390;56859280;219089342;43817867;330906;12710507;43414654;216551382;43310276;7735;96643;67;0;45806609;330102999;2322250;278928;51;0;770693463;22284988
   Мурманская область;74117233;74055977;3049;4134196;4130378;41303781;750;0;0;0;0;8;49601316;49598604;247992181;2826;0;306631;306422;1838534;70;0;0;0;0;0;0;0;0;205140;199177;995883;33;15319172;15309738;96166957;1264;3995929;3973733;557;151369;151369;5;4550771;4511649;887;1366216;1362097;1075;0;0;0;1395;1395;13;439;76;2;0;0;0;100403257;101611323;2843;81750965;82942114;2830;2745736;2747238;110;45841;45841;28;2784474;2782646;489;200295;196474;32;11202257;11240119;1203;1671828;1663564;111;0;0;0;0;0;0;4367788;3973071;45;15168184;15179421;3875;0;0;0;44447767;45337525;170;5892219;5912319;20;474485436;2202;11642073;2328415;1124688;224940;220014;1883461;54214;10843;2310;462;315;10066;2;0;1815898;363180;2035;407;6051;356722;0;0;0;0;13457971;2691595;1126723;225347;226065;2240183;13799176;2759835;188678;37735;10657;2711443;485002;5766;1153;671;483178;4;0;16178947;29978123;0;0;0;0;474485436;3972544
   Нижегородская область;628905781;627959176;38491;38127789;38089412;380894105;3143;9660;6039;66425;14;39272;452594835;451967851;2259839424;37443;0;7262461;7256152;43536845;660;0;0;8041;0;0;0;0;0;563947;563973;2819865;202;109948685;109999144;672116012;19304;17923016;17612221;9269;607123;607445;71;20358518;20071280;13097;1330949;1329091;1643;2;2;1;1430;1428;27;790793;77333;21;141;141;10;554478546;553207630;37354;407746572;407430815;37108;23216547;23229599;1599;2130209;2127977;522;22281524;22151217;8656;562303;561846;196;96630740;95807338;18458;1915113;1898164;507;0;0;0;213197;934;7;8681197;8521284;368;92943793;92916580;38809;0;0;0;24937773;24910525;603;5646100;5597257;69;210224366;21647;119653085;23930617;17381737;3476349;3457811;16996457;187063;37413;64062;12812;193;24408;28;0;23734748;4746951;4090878;818174;23337;3905440;0;0;0;0;143387833;28677568;21472615;4294523;3481148;20901897;9055251;1811049;334623;66925;13846;1730278;41681;7417;1483;16;40182;45;0;94381855;103437106;171654;19453;37;0;210224366;7304250
   Новгородская область;56678861;56723512;3865;4206706;4205409;42054083;425;43;43;478;4;7263;37731136;37799242;188992958;3714;0;547395;566120;3396720;115;26;26;146;1;0;0;1983;0;109957;110216;551081;46;12418080;12427610;77342821;1787;1082871;1037455;804;286470;286470;9;1658334;1608060;1294;172724;171820;315;0;0;0;635;635;11;26370;4230;4;-51;0;0;54616541;54655324;3707;39623289;39698802;3681;3513031;3506587;198;180434;178050;88;1299343;1297090;722;108837;109096;46;9726222;9700315;1713;165315;165315;84;1;0;0;0;0;0;712335;713685;54;6914257;6879856;3906;0;0;0;5351401;5335549;122;442026;442026;10;101966960;2270;5080139;1016026;998106;199621;162765;653640;1972;394;82;16;140;238;2;0;1956331;391265;830013;166003;31192;194070;0;0;0;0;7036470;1407291;1828119;365624;193957;847710;1998184;399638;39338;7868;330;391440;437;0;0;0;437;5;0;163569;2161753;0;0;0;0;101966960;693828
   Новосибирская область;397167298;397208562;39750;42919918;42743103;427868778;4535;26096;25994;285932;23;902;267385041;267679628;1338420187;38401;0;2525698;2559096;15751091;619;2029;1579;21217;5;0;0;0;0;216538;215757;1078788;103;70018492;70094129;445393305;19451;12928790;12732588;9291;98584;97516;37;14083314;13882736;13268;352754;353807;1155;1150;1135;8;6989;6989;32;206395;97640;28;-1641;198;4;354510679;354339585;38857;257655134;258110385;38614;15524042;15519100;1729;4501724;4485364;580;15399450;15324931;8541;213931;214567;94;60501486;60378804;18666;307221;306481;269;1043;1043;6;142210;68861;6;10957364;11014941;220;52617102;52539186;39264;0;0;0;20232735;20255195;688;1660187;1584771;44;178184628;22259;78483753;15696750;26657558;5331515;1525309;8839926;293604;58721;113240;22648;6115;29958;36;0;116271409;23254282;52402951;10480590;719235;12054457;0;0;0;0;194755162;38951032;79060509;15812105;2244544;20894383;331296228;66259245;1929440;385888;23816;65849541;326607;1533171;306634;215;19758;44;0;8282790;339579018;85195;2025;26;0;178184628;10840046
   Омская область;165514743;165756183;13781;13039183;13030567;130293079;2171;15487;26510;291613;17;458;117555824;118074592;590413478;13133;135;336329;339547;2037954;149;0;0;0;0;0;0;0;0;85335;82323;411610;69;26237976;25988167;163197217;5748;7784600;7758247;2662;9102;9133;19;8244006;8213562;4224;152736;152656;573;167;167;2;291;358;11;27056;736;5;0;0;0;140400294;140686940;13392;105251262;105872299;13306;1721286;1709349;271;558604;558934;264;8473376;8462333;2547;84765;81418;68;24178875;23865067;5470;128764;136225;106;-68;0;0;8153;182;2;233907;230239;145;31521394;31463052;13592;0;0;0;6475227;6454157;394;4633366;4633587;24;36857688;8030;22887697;4577539;6398833;1279767;389006;2908766;7387;1477;4180;836;210;431;5;0;41612802;8322559;7838506;1567702;3266;6751591;0;0;0;0;64500499;12900098;14237339;2847469;392272;9660357;12128695;2425738;153331;30667;95366;2299705;828;0;0;0;828;2;0;1619445;13748140;1047;0;2;0;36857688;226598
   Оренбургская область;251611584;250959886;9186;8629297;8596268;85925483;1567;3476;3327;36597;9;151;186066491;185597112;927980072;8648;0;2852260;2851183;17107411;204;0;0;0;0;0;0;0;0;433430;429363;2146818;92;45638307;45557012;280372297;4247;7457681;7399365;2139;277207;277298;11;7988147;7924832;3104;135992;135739;593;0;0;0;698;698;22;26511;2790;4;-4;0;0;171902853;171472140;8668;118039120;117781595;8610;1813134;1813281;162;465972;463119;103;8498310;8482901;1952;433760;429355;90;42543481;42391027;4021;111577;110861;128;0;0;0;18415;0;0;2722528;2726708;110;81625475;81397498;9368;0;0;0;4468543;4473888;249;3777477;3772050;37;98745476;5362;14686676;2937336;3117885;623579;309045;2004712;3324;665;0;0;0;665;7;0;53419868;10683973;44249845;8849967;29593;1804413;0;0;0;0;68106544;13621309;47367730;9473546;338638;3809125;7698142;1539628;26314;5263;5664;1528701;1085111;31;6;0;1085105;14;0;548628;8246770;43256;6628;8;0;98745476;2720331
   Орловская область;62202117;62162292;5181;10112058;10088627;100886251;1013;5747;5735;63086;4;968;32806687;32830047;164149360;4776;0;1022285;1010448;6062689;129;339;339;1693;2;0;0;0;0;59489;59511;297557;42;14999375;14981364;99025401;2382;2479802;2447046;943;2576;2576;10;3195462;3186465;1391;88659;95856;309;0;0;0;2940;2986;10;9270;7876;1;0;0;0;56693090;56703172;4922;36700065;36768287;4883;2606868;2607932;176;256748;256897;125;3663462;3663860;852;57715;57737;41;13320900;13269818;2275;71188;78724;74;0;0;0;10;0;0;28374;28374;24;8201988;8150658;5254;0;0;0;2606508;2597075;181;286996;286996;17;16591318;3065;5322522;1064504;1414080;282815;89744;691945;16998;3400;16977;3395;0;5;3;0;1061300;212260;32514;6503;1566;204191;0;0;0;0;6383822;1276764;1446594;289318;91310;896136;1140583;228116;3639;728;1246;226142;0;0;0;0;0;0;0;11737;1152320;27844;0;9;0;16591318;27202
   Пензенская область;104942810;104739173;7905;14656939;14643262;146432834;1266;-3866;6;61;2;4778;67158584;67024063;335104926;7485;0;947250;927253;5563522;230;0;0;0;0;0;0;0;0;65917;60098;300488;92;17257272;17257704;109276618;3927;4600275;4570116;1811;977;977;4;4856241;4825638;2672;50693;51466;503;5;5;2;396;396;18;424628;418948;7;0;0;0;91959533;91799912;7609;69166300;69059149;7568;2313647;2313833;241;250270;251646;106;5178712;5141816;1591;65868;60049;91;14937275;14925636;3806;55647;55972;82;0;0;0;0;0;0;7772;7778;19;16259084;16209552;8022;0;0;0;2783475;2782863;154;702869;702816;40;12991239;4522;8870636;1774130;854839;170969;154381;1448780;16486;3297;12951;2590;9;698;1;0;9685548;1937111;4558112;911623;12697;1012791;0;0;0;0;18556184;3711241;5412951;1082592;167078;2461571;2854511;570903;3218;643;453;569807;29556;0;0;0;29556;1;0;383995;3238506;0;0;0;0;12991239;1930
   Пермский край;358386654;357832422;22462;12575196;12549867;125498837;2049;1127;23;253;3;14058;270809277;270333776;1351668344;21905;-1109;3169912;3182002;19091994;522;-2680;1;3;1;0;0;0;0;1429061;1428292;7141461;186;57865672;57879738;348905582;10812;11340964;11248692;5544;215944;215944;18;12525174;12457790;8000;1040035;1034277;1405;126695;126695;3;1620;1579;22;3319;345;7;-142;1;1;259897061;259629453;21626;189386524;189231429;21483;5075140;5079091;626;775451;759802;219;11325250;11264767;5002;1427380;1426615;178;51019993;51016772;10495;861165;850248;205;0;0;0;1;1;1;946888;947019;117;109897013;109657220;23153;0;0;0;11254927;11302728;268;7666060;7665997;78;247058502;12884;43890265;8778056;7611116;1522224;677507;6578325;8119;1624;5317;1063;2208;-1647;17;0;33028223;6605646;7877331;1575466;30868;4999312;0;0;0;0;76918488;15383702;15488447;3097690;708375;11577637;16595481;3319094;448955;89792;40673;3188629;17048;30219;6044;68;10936;9;0;4454342;21049823;46629;4157;6;0;247058502;946082
   Псковская область;37850685;37244052;3917;7108298;7108574;71085705;480;1134;1044;11489;3;10;22380863;22246149;111221598;3812;0;1471710;1052882;6317294;85;0;0;1600;0;0;0;0;0;36928;36759;183793;36;5704770;5679292;35008549;1675;967225;983119;710;2687;11507;9;1146971;1119340;1087;82891;98064;312;0;0;0;5805;5805;8;3477;1491;3;0;0;0;34463959;34170679;3749;25919027;25679716;3710;1989117;1988917;241;273326;265538;171;976201;956077;644;36370;33646;35;5224257;5204848;1594;45904;45867;60;0;0;0;9;0;0;1011413;746184;227;4421872;4321905;3827;0;0;0;1945278;1884271;381;269053;269053;6;11674307;2289;4152232;830446;527865;105573;189659;535214;5398;1080;3307;661;0;419;4;0;400398;80079;212449;42490;1689;35900;0;0;0;0;4552630;910525;740314;148063;191348;571114;150324;30065;3614;723;679;28663;0;0;0;0;0;0;0;134819;285143;1639;0;1;0;11674307;742610
   Ростовская область;429307058;428444616;29703;39478768;39449404;394555585;4443;60581;31073;341798;46;56973;260776616;260259794;1301208009;27764;-240;8186233;8165664;48993987;598;6607;6607;78604;8;0;0;0;0;511138;510819;2554093;230;98085665;97941269;629877262;17158;18053177;17898706;7493;429378;428367;47;22146151;22049881;10444;353254;352758;961;1272;1272;6;1775;2567;48;142265;4488;16;222;287;4;409363736;409391432;28594;274811968;275057654;28276;20154997;20077714;1769;2145547;2187199;552;20180153;20221217;6788;496202;493414;221;91354611;91141085;16325;215167;214617;257;1309;1288;1;-1158;102;2;19865379;19841069;400;51480749;50789281;28957;0;0;0;49800070;51159044;1590;1029432;1002002;55;452284590;16710;55299152;11059831;15177088;3035418;1189386;6835027;15745;3149;3488;698;0;2451;26;0;35209109;7041822;1723417;344684;115621;6581517;0;0;0;0;90508261;18101653;16900505;3380102;1305007;13416544;8580056;1716011;923118;184623;575550;955838;71517;21788;4358;2937;64222;41;0;36333226;44913282;95702;4960;17;0;452284590;19788595
   Рязанская область;147855898;148411903;10297;12701790;12704297;127042968;1368;88;90;985;7;71393;98612875;98933602;494669017;9796;0;1933987;2143782;12862691;239;-12;6;28;1;0;0;0;0;42943;43005;215023;65;27138997;27140255;167448723;4793;6778380;6797481;2085;16605;16605;16;7353883;7375507;3048;88438;88105;481;0;0;0;1296;1296;16;41123;465;7;0;0;0;129099971;129875570;9919;91567181;92299736;9847;5486539;5484754;369;535947;531629;147;7711823;7712259;1906;42022;42083;64;23802205;23746538;4583;60330;60330;108;-10;0;0;10;10;1;166142;165354;61;22349614;22184913;10392;0;0;0;3606098;3711456;120;183222;183531;16;33024727;5857;9478403;1895681;1977330;395465;211303;1288913;7908;1582;7908;1582;0;0;1;0;17044349;3408868;599573;119914;31155;3257799;0;0;0;0;26522752;5304549;2576903;515379;242458;4546712;1471693;294339;27556;5511;0;288828;721;0;0;0;721;6;0;381080;1852773;62266;0;1;0;33024727;165116
   Самарская область;567622607;566054570;40392;23011665;23019823;230197957;3453;3108;5747;63213;12;89967;406999590;405720871;2028596575;39182;1;8304669;8295161;49771036;522;1514;1499;10929;7;0;0;0;0;303218;300479;1502396;164;106855182;106798314;654028320;18478;20572927;20449366;8623;155777;151643;46;22054179;21907129;12072;2405104;2609671;1238;1716734;1716734;5;928;928;20;131592;126795;21;600;604;2;446403853;445254319;39109;304995512;304326156;38830;21361196;21298717;1101;1232985;1233414;359;22470226;22318841;8081;303134;299368;157;95222135;94977312;17718;810848;797840;392;0;0;0;4046;3766;4;4042783;4030417;275;124521135;124306608;40158;0;0;0;4773294;4767719;428;6551475;6532035;88;208154203;23039;64222008;12844401;15943494;3188698;1600835;8054868;149778;29956;24356;4871;8564;16521;14;0;45559922;9111986;10356435;2071286;62694;6978006;0;0;0;0;109781930;21956387;26299929;5259984;1663529;15032874;36165638;7233128;559890;111979;970898;6150251;21609;1284;257;0;21352;25;0;4735283;40900921;44517;4066;15;0;208154203;4014517
   Саратовская область;195419717;195208847;15456;22733786;22693022;226930028;2279;16899;24405;261222;10;59890;114765028;114691557;573449714;14606;1;6747855;6720442;40322649;292;30;0;480;0;-33;38;381;1;405720;405724;2028623;101;37698765;37705652;236960527;8136;11745207;11709258;3836;641225;643274;37;12992294;12960663;5272;180001;179644;533;0;0;0;180;180;11;4999;1491;8;0;0;0;173532181;173727195;14922;120681080;120865828;14800;3498023;3502784;323;350878;343941;193;10392710;10388832;3516;397674;397374;95;38068090;38085048;7697;141579;141912;117;0;0;0;948;239;3;864230;865896;106;30707611;30366661;15397;0;0;0;9485038;9558023;312;1104595;1185316;20;45104515;8778;21242173;4248433;4009341;801866;719231;2727336;336564;67313;44092;8818;388;58107;10;0;10077509;2015501;759225;151845;2388;1861268;0;0;0;0;31319682;6263934;4768566;953711;721619;4588604;5121445;1024289;256082;51216;27265;945808;1984;1277;255;93;1636;13;0;490396;5611841;7124;0;2;0;45104515;762735
   Сахалинская область;42814330;42070719;2613;3273808;3187290;31872426;500;267;267;2934;3;827;32929086;32504245;162522532;2539;0;255033;292359;1754152;30;0;0;97672;0;0;0;0;0;42276;42110;210548;28;4939962;4706776;30925367;1112;1048297;1028789;397;88592;88592;8;1373072;1336899;779;466395;452062;323;0;0;0;33;33;2;17094;16966;1;0;0;0;40691526;36973445;2458;33517360;29293809;2430;1717291;1730298;200;2307;2307;14;1324436;1324193;362;42573;41791;26;3560582;4138691;1052;526975;442352;120;0;0;0;0;0;0;3216307;3213562;63;12688727;12512133;2616;0;0;0;10874763;10147123;256;161507;161836;8;80020502;1549;13881254;2776250;3608866;721775;145133;1909342;37083;7417;9471;1894;181;5342;8;0;2450068;490014;298570;59714;21005;409295;0;0;0;0;16331322;3266264;3907436;781489;166138;2318637;2127528;425505;850431;170087;140252;115166;181242;100000;20000;0;161242;7;0;3159048;5286576;174147;803;4;0;80020502;3217934
   Свердловская область;1087627837;1077646612;57386;28391363;28382262;283822013;3982;40221;40159;441753;30;-55686;695659633;685381939;3427002526;55926;91;83470074;83430328;500769378;1249;2066;1991;64540;7;26367;26367;131833;3;953212;952139;4760696;328;226366134;226643496;1370215984;31616;49239028;49198950;15769;791460;790716;100;52815175;52745737;20740;960971;939484;2839;5468;5468;12;24715;25026;68;129569;8223;32;74;34;4;991605534;977371183;55769;706152050;692465209;55399;31187065;30415444;2420;7587268;7587764;671;58282188;57895411;14232;933484;931309;314;187056144;187324889;30559;880467;769121;659;-380523;4222;7;21907;856;7;2270051;6013568;480;138392700;138498602;58330;0;0;0;43188161;42367504;694;4194190;4106667;133;442544567;32663;122141001;24428199;28795236;5759048;3493927;15175224;1003229;200646;55676;11135;20963;168548;26;0;396198057;79239612;131004853;26200971;337809;52700832;0;0;0;0;518339058;103667811;159800089;31960019;3831736;67876056;61697536;12339505;2475174;495035;211262;11633208;137387;912825;182565;151988;-197166;44;0;4133967;65831503;530092;240402;26;0;442544567;5942342
   Смоленская область;115473891;115588965;10652;8668470;8665575;86655755;1336;139;91;1005;2;61445;74969714;75683040;378402389;10030;11;3329814;3017608;18105651;250;0;0;0;0;0;0;0;0;42995;41241;206204;55;24411626;24207655;148832117;4457;2885598;2871937;1775;854578;854178;26;3988855;3973546;2647;274630;274335;929;605;600;2;136;136;6;1619;730;10;0;0;0;108757475;109094359;10637;66478308;66871706;10353;4351963;4354805;578;11945935;11940676;2507;3646665;3637975;1631;42178;40424;54;22209950;21999419;4155;249395;249312;295;0;0;0;389;389;4;3627617;3472354;769;11454822;11374549;9478;0;0;0;8069313;8055092;2409;41449;41449;11;95306194;6397;9056509;1811303;1717019;343403;129642;1338258;5966;1193;2293;459;1;733;11;0;3995145;799029;253477;50695;4316;744018;0;0;0;0;13051654;2610332;1970496;394098;133958;2082276;2321544;464310;259604;51921;2572;409817;76918;162724;32545;445;43928;19;0;4881771;7203315;1658742;90950;128;0;95306194;3471554
   Тамбовская область;77917337;77552386;5168;22204183;22204990;222037030;1464;17120;16499;122563;10;215;34372824;34219816;171098973;4655;0;247096;245247;1471485;104;-13;0;11;0;0;0;0;0;126889;119578;597890;54;15766729;15599158;117999316;2342;4651006;4613435;1068;361268;361268;3;5184513;5147910;1592;93843;93831;486;0;0;0;769;769;11;4173;547;3;132;143;3;73133919;72976324;4929;52340979;52265882;4893;964504;964504;64;263376;259939;51;5213537;5177381;987;125765;119534;54;14170351;14133678;2198;53430;53430;89;0;0;0;2637;91;1;369879;369886;3;8685255;8484777;5374;0;0;0;4171917;4176261;87;113690;113657;12;13043404;3056;7693753;1538749;1247622;249525;64356;1224868;11014;2203;0;0;0;2203;2;0;2461224;492244;161955;32391;884;458969;0;0;0;0;10154977;2030993;1409577;281916;65240;1683837;1397036;279406;204764;40952;17517;220937;10;0;0;0;10;2;0;91198;1488234;35305;0;2;0;13043404;369621
   Тверская область;117080229;117054857;9985;6976013;6968648;69686781;1104;1426;910;10009;8;20338;84025074;84055258;420270670;9691;0;6599452;6599430;39596576;224;-237;0;0;0;0;0;0;0;106251;106186;530936;64;16470197;16463506;101696899;4597;2432158;2431871;1949;93473;93305;19;2881726;2839912;2937;188653;186631;1115;0;0;0;328;328;10;1966;711;3;0;0;0;107746240;107729489;9361;82889507;82879656;9288;6302896;6303587;331;429200;428619;144;2896500;2893815;1760;106082;105649;61;14967048;14958355;4427;163043;162984;160;0;0;0;0;0;0;970440;974801;85;14048619;14037955;10653;0;0;0;5484383;5490367;184;243254;243254;24;28753031;5965;16362818;3272566;2325541;465107;138602;2668857;431344;86269;0;0;5;86264;4;0;2757183;551438;109488;21898;3935;525605;0;0;0;0;19120001;3824004;2435029;487005;142537;3194462;2258672;451736;120329;24066;2139;425531;1205;216;43;61;1101;2;0;914066;3172738;706;0;2;0;28753031;974639
   Томская область;181780353;181686671;7598;9967780;9965822;99658247;863;5308;5308;58391;2;-879;143132726;143104853;715529762;7383;14;473938;496809;2980849;122;0;0;2;0;0;0;0;0;163367;163367;816835;50;23370102;23321174;149923625;3630;4292331;4255460;1749;213402;213955;6;4668027;4629312;2483;75722;73317;661;7;7;1;1153;1045;11;6735;65;3;-23;0;0;136381487;136428104;7335;106166059;106314066;7288;1913002;1913930;172;118141;117644;68;5799591;5790545;1585;161596;161596;47;22182649;22096424;3486;33908;33898;97;0;0;0;0;0;0;260624;273518;34;49526667;49379910;7919;0;0;0;4294519;4311198;210;2447103;2451365;41;18935213;4463;17622558;3524514;3331716;666344;316245;2541925;4408;882;3961;792;787;-697;7;0;6783388;1356678;255662;51133;17902;1287643;0;0;0;0;24405946;4881192;3587378;717477;334147;3829568;5159312;1031862;11490;2297;19820;1009745;907;0;0;0;907;9;0;1090877;6250189;90478;0;2;0;18935213;267429
   Тульская область;215084210;213803672;12115;14716628;14701299;147012994;1375;6382;6382;70201;3;9583;147890839;147275296;736375296;11655;0;2623691;2636613;15818600;236;1509;1595;11467;4;0;0;0;0;309485;308661;1543303;122;40865388;40442448;251056547;5866;7430185;7222959;2638;21769;21767;22;8662139;8422573;3691;701370;700817;823;0;0;0;2061;2061;28;16881;418;7;-1;0;0;210362252;208973531;11578;147494010;146527688;11484;15706134;15762212;443;454116;465887;206;11912686;11904340;2385;303877;303054;117;33867227;33387813;5635;622701;622708;191;92;92;1;0;0;0;137501;137122;46;27021631;26883203;12397;0;0;0;20915337;21456643;254;1877178;1899401;63;193479162;7021;22929163;4585834;5535346;1107071;812785;2665978;935;187;844;169;0;18;2;0;5560241;1112048;272909;54582;4105;1053361;0;0;0;0;28489404;5697882;5808255;1161653;816890;3719339;4387763;877551;231543;46309;428675;402567;2359;248;50;987;1322;5;0;1087703;5475466;2480;0;2;0;193479162;131900
   Тюменская область;379743606;379202835;12973;7274429;7260029;72600276;1288;423;411;4523;11;-6730;284813951;284728417;1423641948;12506;365;1236984;1202131;7210315;252;180;180;932;3;0;0;0;0;442512;442844;2214220;83;72803537;72432726;438140576;6313;12264628;12228698;3439;15454;15808;18;13169566;13126247;4954;1580993;1621097;891;0;0;0;1613;1646;23;2030;21;1;13;13;3;301575708;301597300;12446;212884625;212982039;12323;5033877;5045327;203;404742;404282;76;15690029;15611853;3138;439975;440272;79;65729045;65635990;6120;1481898;1563115;188;0;0;0;0;0;0;46886;37130;28;86251334;85733486;13256;0;0;0;6330986;6488318;248;11780142;11762960;32;162700862;7556;50855714;10171144;10345610;2069124;1083224;7018796;143629;28726;12426;2485;352;25889;9;0;13226916;2645384;1544466;308894;254321;2082169;0;0;0;0;64082630;12816528;11890076;2378018;1337545;9100965;29861243;5972250;3088150;617631;469404;4885215;230896;0;0;0;230896;19;0;6625462;36486705;0;0;0;0;162700862;36751
   Ульяновская область;98276244;96524559;9750;8007054;7997119;79971192;1067;3701;3701;40705;11;15716;68972413;67313757;339617888;9407;50;1722456;1722460;10349100;208;94;94;469;2;0;0;1;1;56348;56063;280316;68;15679118;15653251;98992428;4360;3417828;3417030;2026;39039;39039;11;3819388;3777906;2975;173191;172714;593;1599;1599;2;609;609;7;97;6;1;0;0;0;91175402;89436801;9431;67660692;65913688;9373;5382279;5400023;248;216011;213780;103;4308252;4311697;1822;56420;55767;65;13402011;13392513;4163;149734;149332;124;0;0;0;0;0;0;329900;330076;41;10709819;10718940;9866;0;0;0;3939607;3782101;180;37103;37103;9;24219593;5785;15281269;3056255;4097700;819541;426123;1810591;1341;268;0;0;0;268;2;0;3234003;646802;433171;86634;13964;546204;0;0;0;0;18515272;3703057;4530871;906175;440087;2356795;3088806;617761;130479;26096;27205;564460;0;0;0;0;0;0;0;9603778;12692584;2020;0;1;0;24219593;328872
   Челябинская область;584011786;584475687;38879;17776226;17773062;177730762;2319;14567;13704;150742;21;-8479;418549783;418396764;2091948523;37827;539;13676675;13534151;81204903;794;4093;3980;25521;9;43;43;257;2;784249;782921;3914604;217;111948353;112276797;682399298;20074;19162246;19600985;9595;618397;627219;39;21265498;21694003;12781;378233;377086;1646;470;466;6;7838;7766;41;104320;18458;35;-284;78;8;522663893;523416316;37892;370221244;370645951;37614;15735630;15724046;1247;10900486;10918711;518;22344127;22079645;8847;514840;513697;205;102785623;103094539;19234;334226;339066;322;-271196;0;0;9533;457;4;4814347;4821675;463;70785393;70435628;38877;0;0;0;13606536;13622278;1036;3402190;3416175;84;279031215;22230;68808396;13761680;11397319;2279462;799802;10682416;38059;7612;32126;6425;2103;-916;22;0;179103560;35820713;109780791;21956158;112575;13751980;0;0;0;0;247911956;49582393;121178110;24235620;912377;24434396;12672784;2534557;278443;55688;31480;2447389;26416;24201;4840;1422;20154;19;0;2149027;14821811;153474;14197;33;0;279031215;4791119
   Ярославская область;196507955;196249381;16673;6150300;6150507;61505056;1240;12;9;97;5;11627;128023454;128290393;641451206;16342;6;1170043;1154477;6926860;238;0;0;10;0;0;0;97;0;115373;115340;576698;104;50739472;50277833;303588443;7569;8609878;8575405;3153;373771;373790;33;10291993;10258417;4573;251584;251654;603;433;433;5;3374;3374;18;3900;883;6;37;1;1;159708139;160037080;16095;113367304;113825306;16015;6349563;6241035;448;387548;386200;203;8814670;8825173;2860;115278;115241;103;30556554;30517836;7282;128042;128009;168;0;0;0;17;0;0;666447;666350;94;40483735;39918425;16785;0;0;0;4072256;4094213;262;978020;978334;35;52821514;9438;35234736;7046946;6130527;1226101;709625;5111220;65731;13146;32;6;0;13140;10;0;5695183;1139036;880528;176106;1660;961270;0;0;0;0;40929919;8185982;7011055;1402207;711285;6072490;25301458;5060292;196656;39331;6145;5014816;75882;0;0;0;75882;10;0;348838;25650296;113264;5292;8;0;52821514;666293
   г. Москва;11472268279;11356726635;306970;428503720;427912286;4279125813;24907;929023;940786;10348655;97;4373752;7839506018;7733769380;38676399135;298406;18049;58658368;57689652;346140504;3639;1103891;1105102;5524046;34;641793;641667;3235253;83;10143296;10101907;50509538;514;2516092036;2513466398;15300372851;163838;469582244;465993966;66643;91078432;90914171;413;613943819;609652066;92092;59960833;58505111;15546;755425;761379;216;-22555;8954;56;3256526;2664307;422;-2031;8771;33;10407541546;10293496576;297980;6654447935;6551280218;294473;859445550;859183987;30535;58137886;57900010;5836;555226912;553505299;59656;10092932;10056842;494;2222005789;2213789067;158876;47640411;47249029;8338;472925;472963;113;253487;187624;59;478551511;478868694;2909;1593025231;1581752433;304350;87375447;87374140;3134;943518018;935962024;3431;119277148;118996237;405;6760564121;175790;2393658876;478731777;694720101;138944026;51713677;288074074;13633532;2726706;3424594;684919;123140;1918647;371;0;154790472727;30958094545;93928287785;18785657553;81341061;12091095931;3221372;644274;43;0;157187352975;31437470596;94623007886;18924601579;133054738;12379814279;13385245892;2677049180;3329043805;665808762;7434824;2003805594;22794817;8792004;1758401;2002087;19034329;395;0;35404022259;48789268151;5051465;248094;186;0;6760564121;476902592
   г.Санкт-Петербург;3741646082;3726363280;136044;148344702;147883151;1478700991;9726;7741;8566;94231;44;103709;2696789074;2689658745;13446762594;132739;123;13522446;12003564;72132214;1679;5513;4880;26342;14;37647;37661;189343;4;1731806;1642843;8214218;275;711091056;709100588;4320754747;76667;159983827;156367570;35330;1714049;1714618;135;170351266;166310582;46767;11546335;11336228;5222;177586;55746;43;8387;8317;60;248623;86784;105;-2577;54;10;3430319324;3417104146;133005;2435444788;2424813316;131809;157867745;157851194;11306;7158620;7232616;2287;193018489;191596237;31955;1720681;1631856;259;626196624;625221398;74086;8893015;8770514;2141;3237;3237;8;55340;5885;6;231971489;225702035;1592;481793625;479357141;135996;0;0;0;391612636;384171205;1811;129951325;129837506;160;4930119414;76407;467497899;93499579;151792208;30358444;11488537;51652598;962274;192455;610207;122041;22583;47831;86;0;4361849602;872369920;3725162037;745032408;10200939;117136573;0;0;0;0;4829347501;965869499;3876954245;775390852;21689476;168789171;1289390666;257878134;11410318;2282065;1023116;254572953;67487;72990;14598;6710;46179;98;0;399359636;1688750302;244744;15889;70;0;4930119414;225516181
   г.Севастополь;19514504;19436331;2984;1199625;1200788;12007883;400;0;0;0;0;135;13457987;13406382;67031869;2875;0;14550;14659;87953;33;0;0;0;0;0;0;0;0;55245;55245;276227;24;3856816;3823533;23123049;1818;776087;772282;787;0;0;0;930146;935588;1107;14294;14091;225;0;0;0;627;626;7;0;0;0;0;0;0;16343485;16330255;2863;11944911;11931244;2812;12538;12538;11;4348;4362;12;1185118;1177983;722;56113;55147;24;3132878;3141401;1726;7579;7579;14;0;0;0;0;0;0;3399;3399;6;3319451;3253821;3160;0;0;0;127228;126636;21;66575;66575;5;143681;1757;4258418;851685;159946;31992;210870;608823;1139;228;328;66;53;109;2;0;285604;57121;24954;4991;280;51850;0;0;0;0;4544022;908806;184900;36983;211150;660673;10289026;2057805;67331;13467;12263;2032075;5430;17000;3400;102;1928;3;0;18062;10307088;9650;0;2;0;143681;3303
   Еврейская автономная область;3215239;3197830;309;289532;296397;2963972;79;143;254;2798;2;0;1952247;1943433;9717209;280;0;565;305;1832;5;68;68;379;1;0;0;0;0;50578;50578;252888;7;624058;616975;3732782;109;291462;285847;51;0;0;0;298117;289888;91;10280;10408;194;0;0;0;87;87;2;0;0;0;0;0;0;2819843;2815742;289;2044892;2050188;284;71546;71696;23;9084;9084;4;208684;202503;45;50578;50578;7;426356;423651;102;8715;8054;17;0;0;0;0;0;0;957946;957946;8;393751;386927;457;0;0;0;957359;951827;36;0;0;0;16714732;254;533993;106799;153123;30624;11384;64791;124720;24944;42292;8458;1759;14727;3;0;8832;1766;390;78;0;1688;0;0;0;0;542825;108565;153513;30702;11384;66479;277186;55437;18899;3780;0;51657;3;0;0;0;3;1;0;0;277186;0;0;0;0;16714732;957945
   Ненецкий автономный округ;0;0;0;0;0;0;0;0;0;0;0;0;0;0;0;0;0;0;0;0;0;0;0;0;0;0;0;0;0;0;0;0;0;0;0;0;0;0;0;0;0;0;0;0;0;0;0;0;0;0;0;0;0;0;0;0;0;0;0;0;0;0;0;0;0;0;0;0;0;0;0;0;0;0;0;0;0;0;0;0;0;0;0;0;0;0;0;0;0;0;0;0;0;0;0;0;0;0;0;0;0;0;0;0;0;0;0;0;0;0;0;0;0;0;0;0;0;0;0;0;0;0;0;0;0;0;0;0;0;0;0;0;0;0;0;0;0;0;0;0;0;0;0;0;0;0;0;0;0;0;0;0;0;0;0;0;0;0;0
   Ханты-Мансийский автономный округ - Югра;765229318;765693416;9461;2788288;2698128;26981289;553;470;470;5174;8;753;641450344;641785521;3208928010;9295;57754;860245;840500;5043004;206;286;286;1429;3;1214;1214;7298;2;18364769;18352709;91763545;102;84820636;84654771;512897510;3362;15501285;15922580;1733;12001;11276;6;16652834;17302541;2757;464084;459373;978;0;0;0;657;75;5;2856;381;2;-1158;0;0;414408167;415267359;8808;286862275;287669082;8744;1288198;1247372;96;254833;302207;31;31073507;31341340;1546;9961300;9948515;98;84543360;84341462;3235;427712;420595;248;1;1;1;0;0;1;26954399;26954938;48;344115749;343776069;10007;0;0;0;19732718;19805115;169;26355715;26284095;74;1343980628;5523;37212046;7442408;8661854;1732372;704690;5005346;86964;17393;264;53;64;17276;19;0;49820337;9964068;8168720;1633744;15426;8314898;0;0;0;0;87032383;17406476;16830574;3366116;720116;13320244;7084369;1416872;735675;147136;70985;1198751;134285;9166;1833;9001;123451;19;0;3670443;10754812;0;0;0;0;1343980628;26953841
   Чукотский автономный округ;8470625;8469747;228;178331;181054;1810539;52;12539;9260;101857;3;0;5420691;5436176;27180878;218;12;20724;9762;58575;6;0;0;0;0;0;0;0;0;208469;208469;1042345;14;1568502;1565175;9434810;92;914173;913046;39;0;0;0;1040347;1038829;79;764927;764522;424;0;0;0;0;0;0;0;0;0;0;0;0;13639159;13636831;220;10010341;10010714;220;75371;75031;11;8637;8637;2;1303443;1302583;30;208469;208469;14;1457311;1455808;86;575586;575589;62;0;0;0;0;0;0;2808404;2816000;14;1893128;1898087;538;0;0;0;9088515;9100019;88;89963;89963;4;51871364;290;380276;76054;45064;9011;12568;54475;1694;339;0;0;0;339;4;0;397890;79578;22678;4536;22678;52364;0;0;0;0;778166;155632;67742;13547;35246;106839;193679;38735;74535;14907;70200;-46372;38;0;0;0;38;2;0;37688;231367;0;0;0;0;51871364;2816000
   Ямало-Ненецкий автономный округ;613135481;612982631;2018;327873;327211;3272740;148;2526;2526;27791;4;77231;540441852;540380036;2701887535;1966;-16380;70627;71965;431792;61;0;0;0;0;0;0;0;0;164663;158166;790832;63;59609609;59628363;358160888;864;11922091;11833658;464;0;0;0;12452308;12353739;695;5097345;5096457;422;83;83;2;471;471;6;0;0;0;0;0;0;367002807;366982868;1841;277663486;277867325;1825;1902448;1902448;25;3658;6571;9;24266212;24181100;426;164404;157714;62;57619008;57476939;805;5392408;5392552;146;0;0;0;0;0;0;4313633;4317653;13;297770020;297638876;2268;0;0;0;50842092;50845946;62;43290532;43340621;57;449237018;1265;13966916;2793382;6490694;1298138;138395;1356849;35447;7089;58742;11748;5824;-10483;7;0;21503147;4300628;3223624;644724;9450;3646454;0;0;0;0;35470063;7094010;9714318;1942862;147845;5003303;5550216;1110043;666734;133348;12070;964625;35797;448;90;0;35707;16;0;177741;5727957;11353;0;2;0;449237018;4317555
   БАЙКОНУР;0;0;0;0;0;0;0;0;0;0;0;0;0;0;0;0;0;0;0;0;0;0;0;0;0;0;0;0;0;0;0;0;0;0;0;0;0;0;0;0;0;0;0;0;0;0;0;0;0;0;0;0;0;0;0;0;0;0;0;0;0;0;0;0;0;0;0;0;0;0;0;0;0;0;0;0;0;0;0;0;0;0;0;0;0;0;0;0;0;0;0;0;0;0;0;0;0;0;0;0;0;0;0;0;0;0;0;0;0;0;0;0;0;0;0;0;0;0;0;0;0;0;0;0;0;0;0;0;0;0;0;0;0;0;0;0;0;0;0;0;0;0;0;0;0;0;0;0;0;0;0;0;0;0;0;0;0;0;0
;;;;;;;;;;;;;;;;;;;;;;;;;;;;;;;;;;;;;;;;;;;;;;;;;;;;;;;;;;;;;;;;;;;;;;;;;;;;;;;;;;;;;;;;;;;;;;;;;;;;;;;;;;;;;;;;;;;;;;;;;;;;;;;;;;;;;;;;;;;;;;;;;;;;;;;;;;;;;;;
;;;;;;;;;;;;;;;;;;;;;;;;;;;;;;;;;;;;;;;;;;;;;;;;;;;;;;;;;;;;;;;;;;;;;;;;;;;;;;;;;;;;;;;;;;;;;;;;;;;;;;;;;;;;;;;;;;;;;;;;;;;;;;;;;;;;;;;;;;;;;;;;;;;;;;;;;;;;;;;
;;;;;;;;;;;;;;;;;;;;;;;;;;;;;;;;;;;;;;;;;;;;;;;;;;;;;;;;;;;;;;;;;;;;;;;;;;;;;;;;;;;;;;;;;;;;;;;;;;;;;;;;;;;;;;;;;;;;;;;;;;;;;;;;;;;;;;;;;;;;;;;;;;;;;;;;;;;;;;;
;;;;;;;;;;;;;;;;;;;;;;;;;;;;;;;;;;;;;;;;;;;;;;;;;;;;;;;;;;;;;;;;;;;;;;;;;;;;;;;;;;;;;;;;;;;;;;;;;;;;;;;;;;;;;;;;;;;;;;;;;;;;;;;;;;;;;;;;;;;;;;;;;;;;;;;;;;;;;;;
;;;;;;;;;;;;;;;;;;;;;;;;;;;;;;;;;;;;;;;;;;;;;;;;;;;;;;;;;;;;;;;;;;;;;;;;;;;;;;;;;;;;;;;;;;;;;;;;;;;;;;;;;;;;;;;;;;;;;;;;;;;;;;;;;;;;;;;;;;;;;;;;;;;;;;;;;;;;;;;
;;;;;;;;;;;;;;;;;;;;;;;;;;;;;;;;;;;;;;;;;;;;;;;;;;;;;;;;;;;;;;;;;;;;;;;;;;;;;;;;;;;;;;;;;;;;;;;;;;;;;;;;;;;;;;;;;;;;;;;;;;;;;;;;;;;;;;;;;;;;;;;;;;;;;;;;;;;;;;;
;;;;;;;;;;;;;;;;;;;;;;;;;;;;;;;;;;;;;;;;;;;;;;;;;;;;;;;;;;;;;;;;;;;;;;;;;;;;;;;;;;;;;;;;;;;;;;;;;;;;;;;;;;;;;;;;;;;;;;;;;;;;;;;;;;;;;;;;;;;;;;;;;;;;;;;;;;;;;;;
;;;;;;;;;;;;;;;;;;;;;;;;;;;;;;;;;;;;;;;;;;;;;;;;;;;;;;;;;;;;;;;;;;;;;;;;;;;;;;;;;;;;;;;;;;;;;;;;;;;;;;;;;;;;;;;;;;;;;;;;;;;;;;;;;;;;;;;;;;;;;;;;;;;;;;;;;;;;;;;
;;;;;;;;;;;;;;;;;;;;;;;;;;;;;;;;;;;;;;;;;;;;;;;;;;;;;;;;;;;;;;;;;;;;;;;;;;;;;;;;;;;;;;;;;;;;;;;;;;;;;;;;;;;;;;;;;;;;;;;;;;;;;;;;;;;;;;;;;;;;;;;;;;;;;;;;;;;;;;;
;;;;;;;;;;;;;;;;;;;;;;;;;;;;;;;;;;;;;;;;;;;;;;;;;;;;;;;;;;;;;;;;;;;;;;;;;;;;;;;;;;;;;;;;;;;;;;;;;;;;;;;;;;;;;;;;;;;;;;;;;;;;;;;;;;;;;;;;;;;;;;;;;;;;;;;;;;;;;;;
;;;;;;;;;;;;;;;;;;;;;;;;;;;;;;;;;;;;;;;;;;;;;;;;;;;;;;;;;;;;;;;;;;;;;;;;;;;;;;;;;;;;;;;;;;;;;;;;;;;;;;;;;;;;;;;;;;;;;;;;;;;;;;;;;;;;;;;;;;;;;;;;;;;;;;;;;;;;;;;
;;;;;;;;;;;;;;;;;;;;;;;;;;;;;;;;;;;;;;;;;;;;;;;;;;;;;;;;;;;;;;;;;;;;;;;;;;;;;;;;;;;;;;;;;;;;;;;;;;;;;;;;;;;;;;;;;;;;;;;;;;;;;;;;;;;;;;;;;;;;;;;;;;;;;;;;;;;;;;;
;;;;;;;;;;;;;;;;;;;;;;;;;;;;;;;;;;;;;;;;;;;;;;;;;;;;;;;;;;;;;;;;;;;;;;;;;;;;;;;;;;;;;;;;;;;;;;;;;;;;;;;;;;;;;;;;;;;;;;;;;;;;;;;;;;;;;;;;;;;;;;;;;;;;;;;;;;;;;;;
;;;;;;;;;;;;;;;;;;;;;;;;;;;;;;;;;;;;;;;;;;;;;;;;;;;;;;;;;;;;;;;;;;;;;;;;;;;;;;;;;;;;;;;;;;;;;;;;;;;;;;;;;;;;;;;;;;;;;;;;;;;;;;;;;;;;;;;;;;;;;;;;;;;;;;;;;;;;;;;
;;;;;;;;;;;;;;;;;;;;;;;;;;;;;;;;;;;;;;;;;;;;;;;;;;;;;;;;;;;;;;;;;;;;;;;;;;;;;;;;;;;;;;;;;;;;;;;;;;;;;;;;;;;;;;;;;;;;;;;;;;;;;;;;;;;;;;;;;;;;;;;;;;;;;;;;;;;;;;;
;;;;;;;;;;;;;;;;;;;;;;;;;;;;;;;;;;;;;;;;;;;;;;;;;;;;;;;;;;;;;;;;;;;;;;;;;;;;;;;;;;;;;;;;;;;;;;;;;;;;;;;;;;;;;;;;;;;;;;;;;;;;;;;;;;;;;;;;;;;;;;;;;;;;;;;;;;;;;;;
;;;;;;;;;;;;;;;;;;;;;;;;;;;;;;;;;;;;;;;;;;;;;;;;;;;;;;;;;;;;;;;;;;;;;;;;;;;;;;;;;;;;;;;;;;;;;;;;;;;;;;;;;;;;;;;;;;;;;;;;;;;;;;;;;;;;;;;;;;;;;;;;;;;;;;;;;;;;;;;
;;;;;;;;;;;;;;;;;;;;;;;;;;;;;;;;;;;;;;;;;;;;;;;;;;;;;;;;;;;;;;;;;;;;;;;;;;;;;;;;;;;;;;;;;;;;;;;;;;;;;;;;;;;;;;;;;;;;;;;;;;;;;;;;;;;;;;;;;;;;;;;;;;;;;;;;;;;;;;;
;;;;;;;;;;;;;;;;;;;;;;;;;;;;;;;;;;;;;;;;;;;;;;;;;;;;;;;;;;;;;;;;;;;;;;;;;;;;;;;;;;;;;;;;;;;;;;;;;;;;;;;;;;;;;;;;;;;;;;;;;;;;;;;;;;;;;;;;;;;;;;;;;;;;;;;;;;;;;;;
;;;;;;;;;;;;;;;;;;;;;;;;;;;;;;;;;;;;;;;;;;;;;;;;;;;;;;;;;;;;;;;;;;;;;;;;;;;;;;;;;;;;;;;;;;;;;;;;;;;;;;;;;;;;;;;;;;;;;;;;;;;;;;;;;;;;;;;;;;;;;;;;;;;;;;;;;;;;;;;
;;;;;;;;;;;;;;;;;;;;;;;;;;;;;;;;;;;;;;;;;;;;;;;;;;;;;;;;;;;;;;;;;;;;;;;;;;;;;;;;;;;;;;;;;;;;;;;;;;;;;;;;;;;;;;;;;;;;;;;;;;;;;;;;;;;;;;;;;;;;;;;;;;;;;;;;;;;;;;;
;;;;;;;;;;;;;;;;;;;;;;;;;;;;;;;;;;;;;;;;;;;;;;;;;;;;;;;;;;;;;;;;;;;;;;;;;;;;;;;;;;;;;;;;;;;;;;;;;;;;;;;;;;;;;;;;;;;;;;;;;;;;;;;;;;;;;;;;;;;;;;;;;;;;;;;;;;;;;;;
;;;;;;;;;;;;;;;;;;;;;;;;;;;;;;;;;;;;;;;;;;;;;;;;;;;;;;;;;;;;;;;;;;;;;;;;;;;;;;;;;;;;;;;;;;;;;;;;;;;;;;;;;;;;;;;;;;;;;;;;;;;;;;;;;;;;;;;;;;;;;;;;;;;;;;;;;;;;;;;
;;;;;;;;;;;;;;;;;;;;;;;;;;;;;;;;;;;;;;;;;;;;;;;;;;;;;;;;;;;;;;;;;;;;;;;;;;;;;;;;;;;;;;;;;;;;;;;;;;;;;;;;;;;;;;;;;;;;;;;;;;;;;;;;;;;;;;;;;;;;;;;;;;;;;;;;;;;;;;;
;;;;;;;;;;;;;;;;;;;;;;;;;;;;;;;;;;;;;;;;;;;;;;;;;;;;;;;;;;;;;;;;;;;;;;;;;;;;;;;;;;;;;;;;;;;;;;;;;;;;;;;;;;;;;;;;;;;;;;;;;;;;;;;;;;;;;;;;;;;;;;;;;;;;;;;;;;;;;;;
;;;;;;;;;;;;;;;;;;;;;;;;;;;;;;;;;;;;;;;;;;;;;;;;;;;;;;;;;;;;;;;;;;;;;;;;;;;;;;;;;;;;;;;;;;;;;;;;;;;;;;;;;;;;;;;;;;;;;;;;;;;;;;;;;;;;;;;;;;;;;;;;;;;;;;;;;;;;;;;
;;;;;;;;;;;;;;;;;;;;;;;;;;;;;;;;;;;;;;;;;;;;;;;;;;;;;;;;;;;;;;;;;;;;;;;;;;;;;;;;;;;;;;;;;;;;;;;;;;;;;;;;;;;;;;;;;;;;;;;;;;;;;;;;;;;;;;;;;;;;;;;;;;;;;;;;;;;;;;;
;;;;;;;;;;;;;;;;;;;;;;;;;;;;;;;;;;;;;;;;;;;;;;;;;;;;;;;;;;;;;;;;;;;;;;;;;;;;;;;;;;;;;;;;;;;;;;;;;;;;;;;;;;;;;;;;;;;;;;;;;;;;;;;;;;;;;;;;;;;;;;;;;;;;;;;;;;;;;;;
;;;;;;;;;;;;;;;;;;;;;;;;;;;;;;;;;;;;;;;;;;;;;;;;;;;;;;;;;;;;;;;;;;;;;;;;;;;;;;;;;;;;;;;;;;;;;;;;;;;;;;;;;;;;;;;;;;;;;;;;;;;;;;;;;;;;;;;;;;;;;;;;;;;;;;;;;;;;;;;
;;;;;;;;;;;;;;;;;;;;;;;;;;;;;;;;;;;;;;;;;;;;;;;;;;;;;;;;;;;;;;;;;;;;;;;;;;;;;;;;;;;;;;;;;;;;;;;;;;;;;;;;;;;;;;;;;;;;;;;;;;;;;;;;;;;;;;;;;;;;;;;;;;;;;;;;;;;;;;;
;;;;;;;;;;;;;;;;;;;;;;;;;;;;;;;;;;;;;;;;;;;;;;;;;;;;;;;;;;;;;;;;;;;;;;;;;;;;;;;;;;;;;;;;;;;;;;;;;;;;;;;;;;;;;;;;;;;;;;;;;;;;;;;;;;;;;;;;;;;;;;;;;;;;;;;;;;;;;;;
;;;;;;;;;;;;;;;;;;;;;;;;;;;;;;;;;;;;;;;;;;;;;;;;;;;;;;;;;;;;;;;;;;;;;;;;;;;;;;;;;;;;;;;;;;;;;;;;;;;;;;;;;;;;;;;;;;;;;;;;;;;;;;;;;;;;;;;;;;;;;;;;;;;;;;;;;;;;;;;
;;;;;;;;;;;;;;;;;;;;;;;;;;;;;;;;;;;;;;;;;;;;;;;;;;;;;;;;;;;;;;;;;;;;;;;;;;;;;;;;;;;;;;;;;;;;;;;;;;;;;;;;;;;;;;;;;;;;;;;;;;;;;;;;;;;;;;;;;;;;;;;;;;;;;;;;;;;;;;;
;;;;;;;;;;;;;;;;;;;;;;;;;;;;;;;;;;;;;;;;;;;;;;;;;;;;;;;;;;;;;;;;;;;;;;;;;;;;;;;;;;;;;;;;;;;;;;;;;;;;;;;;;;;;;;;;;;;;;;;;;;;;;;;;;;;;;;;;;;;;;;;;;;;;;;;;;;;;;;;
;;;;;;;;;;;;;;;;;;;;;;;;;;;;;;;;;;;;;;;;;;;;;;;;;;;;;;;;;;;;;;;;;;;;;;;;;;;;;;;;;;;;;;;;;;;;;;;;;;;;;;;;;;;;;;;;;;;;;;;;;;;;;;;;;;;;;;;;;;;;;;;;;;;;;;;;;;;;;;;
;;;;;;;;;;;;;;;;;;;;;;;;;;;;;;;;;;;;;;;;;;;;;;;;;;;;;;;;;;;;;;;;;;;;;;;;;;;;;;;;;;;;;;;;;;;;;;;;;;;;;;;;;;;;;;;;;;;;;;;;;;;;;;;;;;;;;;;;;;;;;;;;;;;;;;;;;;;;;;;
;;;;;;;;;;;;;;;;;;;;;;;;;;;;;;;;;;;;;;;;;;;;;;;;;;;;;;;;;;;;;;;;;;;;;;;;;;;;;;;;;;;;;;;;;;;;;;;;;;;;;;;;;;;;;;;;;;;;;;;;;;;;;;;;;;;;;;;;;;;;;;;;;;;;;;;;;;;;;;;
;;;;;;;;;;;;;;;;;;;;;;;;;;;;;;;;;;;;;;;;;;;;;;;;;;;;;;;;;;;;;;;;;;;;;;;;;;;;;;;;;;;;;;;;;;;;;;;;;;;;;;;;;;;;;;;;;;;;;;;;;;;;;;;;;;;;;;;;;;;;;;;;;;;;;;;;;;;;;;;
;;;;;;;;;;;;;;;;;;;;;;;;;;;;;;;;;;;;;;;;;;;;;;;;;;;;;;;;;;;;;;;;;;;;;;;;;;;;;;;;;;;;;;;;;;;;;;;;;;;;;;;;;;;;;;;;;;;;;;;;;;;;;;;;;;;;;;;;;;;;;;;;;;;;;;;;;;;;;;;
;;;;;;;;;;;;;;;;;;;;;;;;;;;;;;;;;;;;;;;;;;;;;;;;;;;;;;;;;;;;;;;;;;;;;;;;;;;;;;;;;;;;;;;;;;;;;;;;;;;;;;;;;;;;;;;;;;;;;;;;;;;;;;;;;;;;;;;;;;;;;;;;;;;;;;;;;;;;;;;
;;;;;;;;;;;;;;;;;;;;;;;;;;;;;;;;;;;;;;;;;;;;;;;;;;;;;;;;;;;;;;;;;;;;;;;;;;;;;;;;;;;;;;;;;;;;;;;;;;;;;;;;;;;;;;;;;;;;;;;;;;;;;;;;;;;;;;;;;;;;;;;;;;;;;;;;;;;;;;;
;;;;;;;;;;;;;;;;;;;;;;;;;;;;;;;;;;;;;;;;;;;;;;;;;;;;;;;;;;;;;;;;;;;;;;;;;;;;;;;;;;;;;;;;;;;;;;;;;;;;;;;;;;;;;;;;;;;;;;;;;;;;;;;;;;;;;;;;;;;;;;;;;;;;;;;;;;;;;;;
;;;;;;;;;;;;;;;;;;;;;;;;;;;;;;;;;;;;;;;;;;;;;;;;;;;;;;;;;;;;;;;;;;;;;;;;;;;;;;;;;;;;;;;;;;;;;;;;;;;;;;;;;;;;;;;;;;;;;;;;;;;;;;;;;;;;;;;;;;;;;;;;;;;;;;;;;;;;;;;
;;;;;;;;;;;;;;;;;;;;;;;;;;;;;;;;;;;;;;;;;;;;;;;;;;;;;;;;;;;;;;;;;;;;;;;;;;;;;;;;;;;;;;;;;;;;;;;;;;;;;;;;;;;;;;;;;;;;;;;;;;;;;;;;;;;;;;;;;;;;;;;;;;;;;;;;;;;;;;;
;;;;;;;;;;;;;;;;;;;;;;;;;;;;;;;;;;;;;;;;;;;;;;;;;;;;;;;;;;;;;;;;;;;;;;;;;;;;;;;;;;;;;;;;;;;;;;;;;;;;;;;;;;;;;;;;;;;;;;;;;;;;;;;;;;;;;;;;;;;;;;;;;;;;;;;;;;;;;;;
;;;;;;;;;;;;;;;;;;;;;;;;;;;;;;;;;;;;;;;;;;;;;;;;;;;;;;;;;;;;;;;;;;;;;;;;;;;;;;;;;;;;;;;;;;;;;;;;;;;;;;;;;;;;;;;;;;;;;;;;;;;;;;;;;;;;;;;;;;;;;;;;;;;;;;;;;;;;;;;
;;;;;;;;;;;;;;;;;;;;;;;;;;;;;;;;;;;;;;;;;;;;;;;;;;;;;;;;;;;;;;;;;;;;;;;;;;;;;;;;;;;;;;;;;;;;;;;;;;;;;;;;;;;;;;;;;;;;;;;;;;;;;;;;;;;;;;;;;;;;;;;;;;;;;;;;;;;;;;;
;;;;;;;;;;;;;;;;;;;;;;;;;;;;;;;;;;;;;;;;;;;;;;;;;;;;;;;;;;;;;;;;;;;;;;;;;;;;;;;;;;;;;;;;;;;;;;;;;;;;;;;;;;;;;;;;;;;;;;;;;;;;;;;;;;;;;;;;;;;;;;;;;;;;;;;;;;;;;;;
;;;;;;;;;;;;;;;;;;;;;;;;;;;;;;;;;;;;;;;;;;;;;;;;;;;;;;;;;;;;;;;;;;;;;;;;;;;;;;;;;;;;;;;;;;;;;;;;;;;;;;;;;;;;;;;;;;;;;;;;;;;;;;;;;;;;;;;;;;;;;;;;;;;;;;;;;;;;;;;
;;;;;;;;;;;;;;;;;;;;;;;;;;;;;;;;;;;;;;;;;;;;;;;;;;;;;;;;;;;;;;;;;;;;;;;;;;;;;;;;;;;;;;;;;;;;;;;;;;;;;;;;;;;;;;;;;;;;;;;;;;;;;;;;;;;;;;;;;;;;;;;;;;;;;;;;;;;;;;;
;;;;;;;;;;;;;;;;;;;;;;;;;;;;;;;;;;;;;;;;;;;;;;;;;;;;;;;;;;;;;;;;;;;;;;;;;;;;;;;;;;;;;;;;;;;;;;;;;;;;;;;;;;;;;;;;;;;;;;;;;;;;;;;;;;;;;;;;;;;;;;;;;;;;;;;;;;;;;;;
;;;;;;;;;;;;;;;;;;;;;;;;;;;;;;;;;;;;;;;;;;;;;;;;;;;;;;;;;;;;;;;;;;;;;;;;;;;;;;;;;;;;;;;;;;;;;;;;;;;;;;;;;;;;;;;;;;;;;;;;;;;;;;;;;;;;;;;;;;;;;;;;;;;;;;;;;;;;;;;
;;;;;;;;;;;;;;;;;;;;;;;;;;;;;;;;;;;;;;;;;;;;;;;;;;;;;;;;;;;;;;;;;;;;;;;;;;;;;;;;;;;;;;;;;;;;;;;;;;;;;;;;;;;;;;;;;;;;;;;;;;;;;;;;;;;;;;;;;;;;;;;;;;;;;;;;;;;;;;;
;;;;;;;;;;;;;;;;;;;;;;;;;;;;;;;;;;;;;;;;;;;;;;;;;;;;;;;;;;;;;;;;;;;;;;;;;;;;;;;;;;;;;;;;;;;;;;;;;;;;;;;;;;;;;;;;;;;;;;;;;;;;;;;;;;;;;;;;;;;;;;;;;;;;;;;;;;;;;;;
;;;;;;;;;;;;;;;;;;;;;;;;;;;;;;;;;;;;;;;;;;;;;;;;;;;;;;;;;;;;;;;;;;;;;;;;;;;;;;;;;;;;;;;;;;;;;;;;;;;;;;;;;;;;;;;;;;;;;;;;;;;;;;;;;;;;;;;;;;;;;;;;;;;;;;;;;;;;;;;
;;;;;;;;;;;;;;;;;;;;;;;;;;;;;;;;;;;;;;;;;;;;;;;;;;;;;;;;;;;;;;;;;;;;;;;;;;;;;;;;;;;;;;;;;;;;;;;;;;;;;;;;;;;;;;;;;;;;;;;;;;;;;;;;;;;;;;;;;;;;;;;;;;;;;;;;;;;;;;;
;;;;;;;;;;;;;;;;;;;;;;;;;;;;;;;;;;;;;;;;;;;;;;;;;;;;;;;;;;;;;;;;;;;;;;;;;;;;;;;;;;;;;;;;;;;;;;;;;;;;;;;;;;;;;;;;;;;;;;;;;;;;;;;;;;;;;;;;;;;;;;;;;;;;;;;;;;;;;;;
;;;;;;;;;;;;;;;;;;;;;;;;;;;;;;;;;;;;;;;;;;;;;;;;;;;;;;;;;;;;;;;;;;;;;;;;;;;;;;;;;;;;;;;;;;;;;;;;;;;;;;;;;;;;;;;;;;;;;;;;;;;;;;;;;;;;;;;;;;;;;;;;;;;;;;;;;;;;;;;
;;;;;;;;;;;;;;;;;;;;;;;;;;;;;;;;;;;;;;;;;;;;;;;;;;;;;;;;;;;;;;;;;;;;;;;;;;;;;;;;;;;;;;;;;;;;;;;;;;;;;;;;;;;;;;;;;;;;;;;;;;;;;;;;;;;;;;;;;;;;;;;;;;;;;;;;;;;;;;;
;;;;;;;;;;;;;;;;;;;;;;;;;;;;;;;;;;;;;;;;;;;;;;;;;;;;;;;;;;;;;;;;;;;;;;;;;;;;;;;;;;;;;;;;;;;;;;;;;;;;;;;;;;;;;;;;;;;;;;;;;;;;;;;;;;;;;;;;;;;;;;;;;;;;;;;;;;;;;;;
;;;;;;;;;;;;;;;;;;;;;;;;;;;;;;;;;;;;;;;;;;;;;;;;;;;;;;;;;;;;;;;;;;;;;;;;;;;;;;;;;;;;;;;;;;;;;;;;;;;;;;;;;;;;;;;;;;;;;;;;;;;;;;;;;;;;;;;;;;;;;;;;;;;;;;;;;;;;;;;
;;;;;;;;;;;;;;;;;;;;;;;;;;;;;;;;;;;;;;;;;;;;;;;;;;;;;;;;;;;;;;;;;;;;;;;;;;;;;;;;;;;;;;;;;;;;;;;;;;;;;;;;;;;;;;;;;;;;;;;;;;;;;;;;;;;;;;;;;;;;;;;;;;;;;;;;;;;;;;;
;;;;;;;;;;;;;;;;;;;;;;;;;;;;;;;;;;;;;;;;;;;;;;;;;;;;;;;;;;;;;;;;;;;;;;;;;;;;;;;;;;;;;;;;;;;;;;;;;;;;;;;;;;;;;;;;;;;;;;;;;;;;;;;;;;;;;;;;;;;;;;;;;;;;;;;;;;;;;;;
;;;;;;;;;;;;;;;;;;;;;;;;;;;;;;;;;;;;;;;;;;;;;;;;;;;;;;;;;;;;;;;;;;;;;;;;;;;;;;;;;;;;;;;;;;;;;;;;;;;;;;;;;;;;;;;;;;;;;;;;;;;;;;;;;;;;;;;;;;;;;;;;;;;;;;;;;;;;;;;
;;;;;;;;;;;;;;;;;;;;;;;;;;;;;;;;;;;;;;;;;;;;;;;;;;;;;;;;;;;;;;;;;;;;;;;;;;;;;;;;;;;;;;;;;;;;;;;;;;;;;;;;;;;;;;;;;;;;;;;;;;;;;;;;;;;;;;;;;;;;;;;;;;;;;;;;;;;;;;;
;;;;;;;;;;;;;;;;;;;;;;;;;;;;;;;;;;;;;;;;;;;;;;;;;;;;;;;;;;;;;;;;;;;;;;;;;;;;;;;;;;;;;;;;;;;;;;;;;;;;;;;;;;;;;;;;;;;;;;;;;;;;;;;;;;;;;;;;;;;;;;;;;;;;;;;;;;;;;;;
;;;;;;;;;;;;;;;;;;;;;;;;;;;;;;;;;;;;;;;;;;;;;;;;;;;;;;;;;;;;;;;;;;;;;;;;;;;;;;;;;;;;;;;;;;;;;;;;;;;;;;;;;;;;;;;;;;;;;;;;;;;;;;;;;;;;;;;;;;;;;;;;;;;;;;;;;;;;;;;
;;;;;;;;;;;;;;;;;;;;;;;;;;;;;;;;;;;;;;;;;;;;;;;;;;;;;;;;;;;;;;;;;;;;;;;;;;;;;;;;;;;;;;;;;;;;;;;;;;;;;;;;;;;;;;;;;;;;;;;;;;;;;;;;;;;;;;;;;;;;;;;;;;;;;;;;;;;;;;;
;;;;;;;;;;;;;;;;;;;;;;;;;;;;;;;;;;;;;;;;;;;;;;;;;;;;;;;;;;;;;;;;;;;;;;;;;;;;;;;;;;;;;;;;;;;;;;;;;;;;;;;;;;;;;;;;;;;;;;;;;;;;;;;;;;;;;;;;;;;;;;;;;;;;;;;;;;;;;;;
;;;;;;;;;;;;;;;;;;;;;;;;;;;;;;;;;;;;;;;;;;;;;;;;;;;;;;;;;;;;;;;;;;;;;;;;;;;;;;;;;;;;;;;;;;;;;;;;;;;;;;;;;;;;;;;;;;;;;;;;;;;;;;;;;;;;;;;;;;;;;;;;;;;;;;;;;;;;;;;
;;;;;;;;;;;;;;;;;;;;;;;;;;;;;;;;;;;;;;;;;;;;;;;;;;;;;;;;;;;;;;;;;;;;;;;;;;;;;;;;;;;;;;;;;;;;;;;;;;;;;;;;;;;;;;;;;;;;;;;;;;;;;;;;;;;;;;;;;;;;;;;;;;;;;;;;;;;;;;;
;;;;;;;;;;;;;;;;;;;;;;;;;;;;;;;;;;;;;;;;;;;;;;;;;;;;;;;;;;;;;;;;;;;;;;;;;;;;;;;;;;;;;;;;;;;;;;;;;;;;;;;;;;;;;;;;;;;;;;;;;;;;;;;;;;;;;;;;;;;;;;;;;;;;;;;;;;;;;;;
;;;;;;;;;;;;;;;;;;;;;;;;;;;;;;;;;;;;;;;;;;;;;;;;;;;;;;;;;;;;;;;;;;;;;;;;;;;;;;;;;;;;;;;;;;;;;;;;;;;;;;;;;;;;;;;;;;;;;;;;;;;;;;;;;;;;;;;;;;;;;;;;;;;;;;;;;;;;;;;
;;;;;;;;;;;;;;;;;;;;;;;;;;;;;;;;;;;;;;;;;;;;;;;;;;;;;;;;;;;;;;;;;;;;;;;;;;;;;;;;;;;;;;;;;;;;;;;;;;;;;;;;;;;;;;;;;;;;;;;;;;;;;;;;;;;;;;;;;;;;;;;;;;;;;;;;;;;;;;;
;;;;;;;;;;;;;;;;;;;;;;;;;;;;;;;;;;;;;;;;;;;;;;;;;;;;;;;;;;;;;;;;;;;;;;;;;;;;;;;;;;;;;;;;;;;;;;;;;;;;;;;;;;;;;;;;;;;;;;;;;;;;;;;;;;;;;;;;;;;;;;;;;;;;;;;;;;;;;;;
;;;;;;;;;;;;;;;;;;;;;;;;;;;;;;;;;;;;;;;;;;;;;;;;;;;;;;;;;;;;;;;;;;;;;;;;;;;;;;;;;;;;;;;;;;;;;;;;;;;;;;;;;;;;;;;;;;;;;;;;;;;;;;;;;;;;;;;;;;;;;;;;;;;;;;;;;;;;;;;
;;;;;;;;;;;;;;;;;;;;;;;;;;;;;;;;;;;;;;;;;;;;;;;;;;;;;;;;;;;;;;;;;;;;;;;;;;;;;;;;;;;;;;;;;;;;;;;;;;;;;;;;;;;;;;;;;;;;;;;;;;;;;;;;;;;;;;;;;;;;;;;;;;;;;;;;;;;;;;;
;;;;;;;;;;;;;;;;;;;;;;;;;;;;;;;;;;;;;;;;;;;;;;;;;;;;;;;;;;;;;;;;;;;;;;;;;;;;;;;;;;;;;;;;;;;;;;;;;;;;;;;;;;;;;;;;;;;;;;;;;;;;;;;;;;;;;;;;;;;;;;;;;;;;;;;;;;;;;;;
;;;;;;;;;;;;;;;;;;;;;;;;;;;;;;;;;;;;;;;;;;;;;;;;;;;;;;;;;;;;;;;;;;;;;;;;;;;;;;;;;;;;;;;;;;;;;;;;;;;;;;;;;;;;;;;;;;;;;;;;;;;;;;;;;;;;;;;;;;;;;;;;;;;;;;;;;;;;;;;
;;;;;;;;;;;;;;;;;;;;;;;;;;;;;;;;;;;;;;;;;;;;;;;;;;;;;;;;;;;;;;;;;;;;;;;;;;;;;;;;;;;;;;;;;;;;;;;;;;;;;;;;;;;;;;;;;;;;;;;;;;;;;;;;;;;;;;;;;;;;;;;;;;;;;;;;;;;;;;;
;;;;;;;;;;;;;;;;;;;;;;;;;;;;;;;;;;;;;;;;;;;;;;;;;;;;;;;;;;;;;;;;;;;;;;;;;;;;;;;;;;;;;;;;;;;;;;;;;;;;;;;;;;;;;;;;;;;;;;;;;;;;;;;;;;;;;;;;;;;;;;;;;;;;;;;;;;;;;;;
;;;;;;;;;;;;;;;;;;;;;;;;;;;;;;;;;;;;;;;;;;;;;;;;;;;;;;;;;;;;;;;;;;;;;;;;;;;;;;;;;;;;;;;;;;;;;;;;;;;;;;;;;;;;;;;;;;;;;;;;;;;;;;;;;;;;;;;;;;;;;;;;;;;;;;;;;;;;;;;
;;;;;;;;;;;;;;;;;;;;;;;;;;;;;;;;;;;;;;;;;;;;;;;;;;;;;;;;;;;;;;;;;;;;;;;;;;;;;;;;;;;;;;;;;;;;;;;;;;;;;;;;;;;;;;;;;;;;;;;;;;;;;;;;;;;;;;;;;;;;;;;;;;;;;;;;;;;;;;;
;;;;;;;;;;;;;;;;;;;;;;;;;;;;;;;;;;;;;;;;;;;;;;;;;;;;;;;;;;;;;;;;;;;;;;;;;;;;;;;;;;;;;;;;;;;;;;;;;;;;;;;;;;;;;;;;;;;;;;;;;;;;;;;;;;;;;;;;;;;;;;;;;;;;;;;;;;;;;;;
;;;;;;;;;;;;;;;;;;;;;;;;;;;;;;;;;;;;;;;;;;;;;;;;;;;;;;;;;;;;;;;;;;;;;;;;;;;;;;;;;;;;;;;;;;;;;;;;;;;;;;;;;;;;;;;;;;;;;;;;;;;;;;;;;;;;;;;;;;;;;;;;;;;;;;;;;;;;;;;
;;;;;;;;;;;;;;;;;;;;;;;;;;;;;;;;;;;;;;;;;;;;;;;;;;;;;;;;;;;;;;;;;;;;;;;;;;;;;;;;;;;;;;;;;;;;;;;;;;;;;;;;;;;;;;;;;;;;;;;;;;;;;;;;;;;;;;;;;;;;;;;;;;;;;;;;;;;;;;;
;;;;;;;;;;;;;;;;;;;;;;;;;;;;;;;;;;;;;;;;;;;;;;;;;;;;;;;;;;;;;;;;;;;;;;;;;;;;;;;;;;;;;;;;;;;;;;;;;;;;;;;;;;;;;;;;;;;;;;;;;;;;;;;;;;;;;;;;;;;;;;;;;;;;;;;;;;;;;;;
;;;;;;;;;;;;;;;;;;;;;;;;;;;;;;;;;;;;;;;;;;;;;;;;;;;;;;;;;;;;;;;;;;;;;;;;;;;;;;;;;;;;;;;;;;;;;;;;;;;;;;;;;;;;;;;;;;;;;;;;;;;;;;;;;;;;;;;;;;;;;;;;;;;;;;;;;;;;;;;
;;;;;;;;;;;;;;;;;;;;;;;;;;;;;;;;;;;;;;;;;;;;;;;;;;;;;;;;;;;;;;;;;;;;;;;;;;;;;;;;;;;;;;;;;;;;;;;;;;;;;;;;;;;;;;;;;;;;;;;;;;;;;;;;;;;;;;;;;;;;;;;;;;;;;;;;;;;;;;;
;;;;;;;;;;;;;;;;;;;;;;;;;;;;;;;;;;;;;;;;;;;;;;;;;;;;;;;;;;;;;;;;;;;;;;;;;;;;;;;;;;;;;;;;;;;;;;;;;;;;;;;;;;;;;;;;;;;;;;;;;;;;;;;;;;;;;;;;;;;;;;;;;;;;;;;;;;;;;;;
;;;;;;;;;;;;;;;;;;;;;;;;;;;;;;;;;;;;;;;;;;;;;;;;;;;;;;;;;;;;;;;;;;;;;;;;;;;;;;;;;;;;;;;;;;;;;;;;;;;;;;;;;;;;;;;;;;;;;;;;;;;;;;;;;;;;;;;;;;;;;;;;;;;;;;;;;;;;;;;
;;;;;;;;;;;;;;;;;;;;;;;;;;;;;;;;;;;;;;;;;;;;;;;;;;;;;;;;;;;;;;;;;;;;;;;;;;;;;;;;;;;;;;;;;;;;;;;;;;;;;;;;;;;;;;;;;;;;;;;;;;;;;;;;;;;;;;;;;;;;;;;;;;;;;;;;;;;;;;;
;;;;;;;;;;;;;;;;;;;;;;;;;;;;;;;;;;;;;;;;;;;;;;;;;;;;;;;;;;;;;;;;;;;;;;;;;;;;;;;;;;;;;;;;;;;;;;;;;;;;;;;;;;;;;;;;;;;;;;;;;;;;;;;;;;;;;;;;;;;;;;;;;;;;;;;;;;;;;;;
;;;;;;;;;;;;;;;;;;;;;;;;;;;;;;;;;;;;;;;;;;;;;;;;;;;;;;;;;;;;;;;;;;;;;;;;;;;;;;;;;;;;;;;;;;;;;;;;;;;;;;;;;;;;;;;;;;;;;;;;;;;;;;;;;;;;;;;;;;;;;;;;;;;;;;;;;;;;;;;
;;;;;;;;;;;;;;;;;;;;;;;;;;;;;;;;;;;;;;;;;;;;;;;;;;;;;;;;;;;;;;;;;;;;;;;;;;;;;;;;;;;;;;;;;;;;;;;;;;;;;;;;;;;;;;;;;;;;;;;;;;;;;;;;;;;;;;;;;;;;;;;;;;;;;;;;;;;;;;;
;;;;;;;;;;;;;;;;;;;;;;;;;;;;;;;;;;;;;;;;;;;;;;;;;;;;;;;;;;;;;;;;;;;;;;;;;;;;;;;;;;;;;;;;;;;;;;;;;;;;;;;;;;;;;;;;;;;;;;;;;;;;;;;;;;;;;;;;;;;;;;;;;;;;;;;;;;;;;;;
;;;;;;;;;;;;;;;;;;;;;;;;;;;;;;;;;;;;;;;;;;;;;;;;;;;;;;;;;;;;;;;;;;;;;;;;;;;;;;;;;;;;;;;;;;;;;;;;;;;;;;;;;;;;;;;;;;;;;;;;;;;;;;;;;;;;;;;;;;;;;;;;;;;;;;;;;;;;;;;
;;;;;;;;;;;;;;;;;;;;;;;;;;;;;;;;;;;;;;;;;;;;;;;;;;;;;;;;;;;;;;;;;;;;;;;;;;;;;;;;;;;;;;;;;;;;;;;;;;;;;;;;;;;;;;;;;;;;;;;;;;;;;;;;;;;;;;;;;;;;;;;;;;;;;;;;;;;;;;;
;;;;;;;;;;;;;;;;;;;;;;;;;;;;;;;;;;;;;;;;;;;;;;;;;;;;;;;;;;;;;;;;;;;;;;;;;;;;;;;;;;;;;;;;;;;;;;;;;;;;;;;;;;;;;;;;;;;;;;;;;;;;;;;;;;;;;;;;;;;;;;;;;;;;;;;;;;;;;;;
;;;;;;;;;;;;;;;;;;;;;;;;;;;;;;;;;;;;;;;;;;;;;;;;;;;;;;;;;;;;;;;;;;;;;;;;;;;;;;;;;;;;;;;;;;;;;;;;;;;;;;;;;;;;;;;;;;;;;;;;;;;;;;;;;;;;;;;;;;;;;;;;;;;;;;;;;;;;;;;
;;;;;;;;;;;;;;;;;;;;;;;;;;;;;;;;;;;;;;;;;;;;;;;;;;;;;;;;;;;;;;;;;;;;;;;;;;;;;;;;;;;;;;;;;;;;;;;;;;;;;;;;;;;;;;;;;;;;;;;;;;;;;;;;;;;;;;;;;;;;;;;;;;;;;;;;;;;;;;;
;;;;;;;;;;;;;;;;;;;;;;;;;;;;;;;;;;;;;;;;;;;;;;;;;;;;;;;;;;;;;;;;;;;;;;;;;;;;;;;;;;;;;;;;;;;;;;;;;;;;;;;;;;;;;;;;;;;;;;;;;;;;;;;;;;;;;;;;;;;;;;;;;;;;;;;;;;;;;;;
;;;;;;;;;;;;;;;;;;;;;;;;;;;;;;;;;;;;;;;;;;;;;;;;;;;;;;;;;;;;;;;;;;;;;;;;;;;;;;;;;;;;;;;;;;;;;;;;;;;;;;;;;;;;;;;;;;;;;;;;;;;;;;;;;;;;;;;;;;;;;;;;;;;;;;;;;;;;;;;
;;;;;;;;;;;;;;;;;;;;;;;;;;;;;;;;;;;;;;;;;;;;;;;;;;;;;;;;;;;;;;;;;;;;;;;;;;;;;;;;;;;;;;;;;;;;;;;;;;;;;;;;;;;;;;;;;;;;;;;;;;;;;;;;;;;;;;;;;;;;;;;;;;;;;;;;;;;;;;;
;;;;;;;;;;;;;;;;;;;;;;;;;;;;;;;;;;;;;;;;;;;;;;;;;;;;;;;;;;;;;;;;;;;;;;;;;;;;;;;;;;;;;;;;;;;;;;;;;;;;;;;;;;;;;;;;;;;;;;;;;;;;;;;;;;;;;;;;;;;;;;;;;;;;;;;;;;;;;;;
;;;;;;;;;;;;;;;;;;;;;;;;;;;;;;;;;;;;;;;;;;;;;;;;;;;;;;;;;;;;;;;;;;;;;;;;;;;;;;;;;;;;;;;;;;;;;;;;;;;;;;;;;;;;;;;;;;;;;;;;;;;;;;;;;;;;;;;;;;;;;;;;;;;;;;;;;;;;;;;
;;;;;;;;;;;;;;;;;;;;;;;;;;;;;;;;;;;;;;;;;;;;;;;;;;;;;;;;;;;;;;;;;;;;;;;;;;;;;;;;;;;;;;;;;;;;;;;;;;;;;;;;;;;;;;;;;;;;;;;;;;;;;;;;;;;;;;;;;;;;;;;;;;;;;;;;;;;;;;;
;;;;;;;;;;;;;;;;;;;;;;;;;;;;;;;;;;;;;;;;;;;;;;;;;;;;;;;;;;;;;;;;;;;;;;;;;;;;;;;;;;;;;;;;;;;;;;;;;;;;;;;;;;;;;;;;;;;;;;;;;;;;;;;;;;;;;;;;;;;;;;;;;;;;;;;;;;;;;;;
;;;;;;;;;;;;;;;;;;;;;;;;;;;;;;;;;;;;;;;;;;;;;;;;;;;;;;;;;;;;;;;;;;;;;;;;;;;;;;;;;;;;;;;;;;;;;;;;;;;;;;;;;;;;;;;;;;;;;;;;;;;;;;;;;;;;;;;;;;;;;;;;;;;;;;;;;;;;;;;
;;;;;;;;;;;;;;;;;;;;;;;;;;;;;;;;;;;;;;;;;;;;;;;;;;;;;;;;;;;;;;;;;;;;;;;;;;;;;;;;;;;;;;;;;;;;;;;;;;;;;;;;;;;;;;;;;;;;;;;;;;;;;;;;;;;;;;;;;;;;;;;;;;;;;;;;;;;;;;;
;;;;;;;;;;;;;;;;;;;;;;;;;;;;;;;;;;;;;;;;;;;;;;;;;;;;;;;;;;;;;;;;;;;;;;;;;;;;;;;;;;;;;;;;;;;;;;;;;;;;;;;;;;;;;;;;;;;;;;;;;;;;;;;;;;;;;;;;;;;;;;;;;;;;;;;;;;;;;;;
;;;;;;;;;;;;;;;;;;;;;;;;;;;;;;;;;;;;;;;;;;;;;;;;;;;;;;;;;;;;;;;;;;;;;;;;;;;;;;;;;;;;;;;;;;;;;;;;;;;;;;;;;;;;;;;;;;;;;;;;;;;;;;;;;;;;;;;;;;;;;;;;;;;;;;;;;;;;;;;
;;;;;;;;;;;;;;;;;;;;;;;;;;;;;;;;;;;;;;;;;;;;;;;;;;;;;;;;;;;;;;;;;;;;;;;;;;;;;;;;;;;;;;;;;;;;;;;;;;;;;;;;;;;;;;;;;;;;;;;;;;;;;;;;;;;;;;;;;;;;;;;;;;;;;;;;;;;;;;;
;;;;;;;;;;;;;;;;;;;;;;;;;;;;;;;;;;;;;;;;;;;;;;;;;;;;;;;;;;;;;;;;;;;;;;;;;;;;;;;;;;;;;;;;;;;;;;;;;;;;;;;;;;;;;;;;;;;;;;;;;;;;;;;;;;;;;;;;;;;;;;;;;;;;;;;;;;;;;;;
;;;;;;;;;;;;;;;;;;;;;;;;;;;;;;;;;;;;;;;;;;;;;;;;;;;;;;;;;;;;;;;;;;;;;;;;;;;;;;;;;;;;;;;;;;;;;;;;;;;;;;;;;;;;;;;;;;;;;;;;;;;;;;;;;;;;;;;;;;;;;;;;;;;;;;;;;;;;;;;
;;;;;;;;;;;;;;;;;;;;;;;;;;;;;;;;;;;;;;;;;;;;;;;;;;;;;;;;;;;;;;;;;;;;;;;;;;;;;;;;;;;;;;;;;;;;;;;;;;;;;;;;;;;;;;;;;;;;;;;;;;;;;;;;;;;;;;;;;;;;;;;;;;;;;;;;;;;;;;;
;;;;;;;;;;;;;;;;;;;;;;;;;;;;;;;;;;;;;;;;;;;;;;;;;;;;;;;;;;;;;;;;;;;;;;;;;;;;;;;;;;;;;;;;;;;;;;;;;;;;;;;;;;;;;;;;;;;;;;;;;;;;;;;;;;;;;;;;;;;;;;;;;;;;;;;;;;;;;;;
;;;;;;;;;;;;;;;;;;;;;;;;;;;;;;;;;;;;;;;;;;;;;;;;;;;;;;;;;;;;;;;;;;;;;;;;;;;;;;;;;;;;;;;;;;;;;;;;;;;;;;;;;;;;;;;;;;;;;;;;;;;;;;;;;;;;;;;;;;;;;;;;;;;;;;;;;;;;;;;
;;;;;;;;;;;;;;;;;;;;;;;;;;;;;;;;;;;;;;;;;;;;;;;;;;;;;;;;;;;;;;;;;;;;;;;;;;;;;;;;;;;;;;;;;;;;;;;;;;;;;;;;;;;;;;;;;;;;;;;;;;;;;;;;;;;;;;;;;;;;;;;;;;;;;;;;;;;;;;;
;;;;;;;;;;;;;;;;;;;;;;;;;;;;;;;;;;;;;;;;;;;;;;;;;;;;;;;;;;;;;;;;;;;;;;;;;;;;;;;;;;;;;;;;;;;;;;;;;;;;;;;;;;;;;;;;;;;;;;;;;;;;;;;;;;;;;;;;;;;;;;;;;;;;;;;;;;;;;;;
;;;;;;;;;;;;;;;;;;;;;;;;;;;;;;;;;;;;;;;;;;;;;;;;;;;;;;;;;;;;;;;;;;;;;;;;;;;;;;;;;;;;;;;;;;;;;;;;;;;;;;;;;;;;;;;;;;;;;;;;;;;;;;;;;;;;;;;;;;;;;;;;;;;;;;;;;;;;;;;
;;;;;;;;;;;;;;;;;;;;;;;;;;;;;;;;;;;;;;;;;;;;;;;;;;;;;;;;;;;;;;;;;;;;;;;;;;;;;;;;;;;;;;;;;;;;;;;;;;;;;;;;;;;;;;;;;;;;;;;;;;;;;;;;;;;;;;;;;;;;;;;;;;;;;;;;;;;;;;;
;;;;;;;;;;;;;;;;;;;;;;;;;;;;;;;;;;;;;;;;;;;;;;;;;;;;;;;;;;;;;;;;;;;;;;;;;;;;;;;;;;;;;;;;;;;;;;;;;;;;;;;;;;;;;;;;;;;;;;;;;;;;;;;;;;;;;;;;;;;;;;;;;;;;;;;;;;;;;;;
;;;;;;;;;;;;;;;;;;;;;;;;;;;;;;;;;;;;;;;;;;;;;;;;;;;;;;;;;;;;;;;;;;;;;;;;;;;;;;;;;;;;;;;;;;;;;;;;;;;;;;;;;;;;;;;;;;;;;;;;;;;;;;;;;;;;;;;;;;;;;;;;;;;;;;;;;;;;;;;
;;;;;;;;;;;;;;;;;;;;;;;;;;;;;;;;;;;;;;;;;;;;;;;;;;;;;;;;;;;;;;;;;;;;;;;;;;;;;;;;;;;;;;;;;;;;;;;;;;;;;;;;;;;;;;;;;;;;;;;;;;;;;;;;;;;;;;;;;;;;;;;;;;;;;;;;;;;;;;;
;;;;;;;;;;;;;;;;;;;;;;;;;;;;;;;;;;;;;;;;;;;;;;;;;;;;;;;;;;;;;;;;;;;;;;;;;;;;;;;;;;;;;;;;;;;;;;;;;;;;;;;;;;;;;;;;;;;;;;;;;;;;;;;;;;;;;;;;;;;;;;;;;;;;;;;;;;;;;;;
;;;;;;;;;;;;;;;;;;;;;;;;;;;;;;;;;;;;;;;;;;;;;;;;;;;;;;;;;;;;;;;;;;;;;;;;;;;;;;;;;;;;;;;;;;;;;;;;;;;;;;;;;;;;;;;;;;;;;;;;;;;;;;;;;;;;;;;;;;;;;;;;;;;;;;;;;;;;;;;
;;;;;;;;;;;;;;;;;;;;;;;;;;;;;;;;;;;;;;;;;;;;;;;;;;;;;;;;;;;;;;;;;;;;;;;;;;;;;;;;;;;;;;;;;;;;;;;;;;;;;;;;;;;;;;;;;;;;;;;;;;;;;;;;;;;;;;;;;;;;;;;;;;;;;;;;;;;;;;;
;;;;;;;;;;;;;;;;;;;;;;;;;;;;;;;;;;;;;;;;;;;;;;;;;;;;;;;;;;;;;;;;;;;;;;;;;;;;;;;;;;;;;;;;;;;;;;;;;;;;;;;;;;;;;;;;;;;;;;;;;;;;;;;;;;;;;;;;;;;;;;;;;;;;;;;;;;;;;;;
;;;;;;;;;;;;;;;;;;;;;;;;;;;;;;;;;;;;;;;;;;;;;;;;;;;;;;;;;;;;;;;;;;;;;;;;;;;;;;;;;;;;;;;;;;;;;;;;;;;;;;;;;;;;;;;;;;;;;;;;;;;;;;;;;;;;;;;;;;;;;;;;;;;;;;;;;;;;;;;
;;;;;;;;;;;;;;;;;;;;;;;;;;;;;;;;;;;;;;;;;;;;;;;;;;;;;;;;;;;;;;;;;;;;;;;;;;;;;;;;;;;;;;;;;;;;;;;;;;;;;;;;;;;;;;;;;;;;;;;;;;;;;;;;;;;;;;;;;;;;;;;;;;;;;;;;;;;;;;;
;;;;;;;;;;;;;;;;;;;;;;;;;;;;;;;;;;;;;;;;;;;;;;;;;;;;;;;;;;;;;;;;;;;;;;;;;;;;;;;;;;;;;;;;;;;;;;;;;;;;;;;;;;;;;;;;;;;;;;;;;;;;;;;;;;;;;;;;;;;;;;;;;;;;;;;;;;;;;;;
;;;;;;;;;;;;;;;;;;;;;;;;;;;;;;;;;;;;;;;;;;;;;;;;;;;;;;;;;;;;;;;;;;;;;;;;;;;;;;;;;;;;;;;;;;;;;;;;;;;;;;;;;;;;;;;;;;;;;;;;;;;;;;;;;;;;;;;;;;;;;;;;;;;;;;;;;;;;;;;
;;;;;;;;;;;;;;;;;;;;;;;;;;;;;;;;;;;;;;;;;;;;;;;;;;;;;;;;;;;;;;;;;;;;;;;;;;;;;;;;;;;;;;;;;;;;;;;;;;;;;;;;;;;;;;;;;;;;;;;;;;;;;;;;;;;;;;;;;;;;;;;;;;;;;;;;;;;;;;;
;;;;;;;;;;;;;;;;;;;;;;;;;;;;;;;;;;;;;;;;;;;;;;;;;;;;;;;;;;;;;;;;;;;;;;;;;;;;;;;;;;;;;;;;;;;;;;;;;;;;;;;;;;;;;;;;;;;;;;;;;;;;;;;;;;;;;;;;;;;;;;;;;;;;;;;;;;;;;;;
;;;;;;;;;;;;;;;;;;;;;;;;;;;;;;;;;;;;;;;;;;;;;;;;;;;;;;;;;;;;;;;;;;;;;;;;;;;;;;;;;;;;;;;;;;;;;;;;;;;;;;;;;;;;;;;;;;;;;;;;;;;;;;;;;;;;;;;;;;;;;;;;;;;;;;;;;;;;;;;
;;;;;;;;;;;;;;;;;;;;;;;;;;;;;;;;;;;;;;;;;;;;;;;;;;;;;;;;;;;;;;;;;;;;;;;;;;;;;;;;;;;;;;;;;;;;;;;;;;;;;;;;;;;;;;;;;;;;;;;;;;;;;;;;;;;;;;;;;;;;;;;;;;;;;;;;;;;;;;;
;;;;;;;;;;;;;;;;;;;;;;;;;;;;;;;;;;;;;;;;;;;;;;;;;;;;;;;;;;;;;;;;;;;;;;;;;;;;;;;;;;;;;;;;;;;;;;;;;;;;;;;;;;;;;;;;;;;;;;;;;;;;;;;;;;;;;;;;;;;;;;;;;;;;;;;;;;;;;;;
;;;;;;;;;;;;;;;;;;;;;;;;;;;;;;;;;;;;;;;;;;;;;;;;;;;;;;;;;;;;;;;;;;;;;;;;;;;;;;;;;;;;;;;;;;;;;;;;;;;;;;;;;;;;;;;;;;;;;;;;;;;;;;;;;;;;;;;;;;;;;;;;;;;;;;;;;;;;;;;
;;;;;;;;;;;;;;;;;;;;;;;;;;;;;;;;;;;;;;;;;;;;;;;;;;;;;;;;;;;;;;;;;;;;;;;;;;;;;;;;;;;;;;;;;;;;;;;;;;;;;;;;;;;;;;;;;;;;;;;;;;;;;;;;;;;;;;;;;;;;;;;;;;;;;;;;;;;;;;;
;;;;;;;;;;;;;;;;;;;;;;;;;;;;;;;;;;;;;;;;;;;;;;;;;;;;;;;;;;;;;;;;;;;;;;;;;;;;;;;;;;;;;;;;;;;;;;;;;;;;;;;;;;;;;;;;;;;;;;;;;;;;;;;;;;;;;;;;;;;;;;;;;;;;;;;;;;;;;;;
;;;;;;;;;;;;;;;;;;;;;;;;;;;;;;;;;;;;;;;;;;;;;;;;;;;;;;;;;;;;;;;;;;;;;;;;;;;;;;;;;;;;;;;;;;;;;;;;;;;;;;;;;;;;;;;;;;;;;;;;;;;;;;;;;;;;;;;;;;;;;;;;;;;;;;;;;;;;;;;
;;;;;;;;;;;;;;;;;;;;;;;;;;;;;;;;;;;;;;;;;;;;;;;;;;;;;;;;;;;;;;;;;;;;;;;;;;;;;;;;;;;;;;;;;;;;;;;;;;;;;;;;;;;;;;;;;;;;;;;;;;;;;;;;;;;;;;;;;;;;;;;;;;;;;;;;;;;;;;;
;;;;;;;;;;;;;;;;;;;;;;;;;;;;;;;;;;;;;;;;;;;;;;;;;;;;;;;;;;;;;;;;;;;;;;;;;;;;;;;;;;;;;;;;;;;;;;;;;;;;;;;;;;;;;;;;;;;;;;;;;;;;;;;;;;;;;;;;;;;;;;;;;;;;;;;;;;;;;;;
;;;;;;;;;;;;;;;;;;;;;;;;;;;;;;;;;;;;;;;;;;;;;;;;;;;;;;;;;;;;;;;;;;;;;;;;;;;;;;;;;;;;;;;;;;;;;;;;;;;;;;;;;;;;;;;;;;;;;;;;;;;;;;;;;;;;;;;;;;;;;;;;;;;;;;;;;;;;;;;
;;;;;;;;;;;;;;;;;;;;;;;;;;;;;;;;;;;;;;;;;;;;;;;;;;;;;;;;;;;;;;;;;;;;;;;;;;;;;;;;;;;;;;;;;;;;;;;;;;;;;;;;;;;;;;;;;;;;;;;;;;;;;;;;;;;;;;;;;;;;;;;;;;;;;;;;;;;;;;;
;;;;;;;;;;;;;;;;;;;;;;;;;;;;;;;;;;;;;;;;;;;;;;;;;;;;;;;;;;;;;;;;;;;;;;;;;;;;;;;;;;;;;;;;;;;;;;;;;;;;;;;;;;;;;;;;;;;;;;;;;;;;;;;;;;;;;;;;;;;;;;;;;;;;;;;;;;;;;;;
;;;;;;;;;;;;;;;;;;;;;;;;;;;;;;;;;;;;;;;;;;;;;;;;;;;;;;;;;;;;;;;;;;;;;;;;;;;;;;;;;;;;;;;;;;;;;;;;;;;;;;;;;;;;;;;;;;;;;;;;;;;;;;;;;;;;;;;;;;;;;;;;;;;;;;;;;;;;;;;
;;;;;;;;;;;;;;;;;;;;;;;;;;;;;;;;;;;;;;;;;;;;;;;;;;;;;;;;;;;;;;;;;;;;;;;;;;;;;;;;;;;;;;;;;;;;;;;;;;;;;;;;;;;;;;;;;;;;;;;;;;;;;;;;;;;;;;;;;;;;;;;;;;;;;;;;;;;;;;;
;;;;;;;;;;;;;;;;;;;;;;;;;;;;;;;;;;;;;;;;;;;;;;;;;;;;;;;;;;;;;;;;;;;;;;;;;;;;;;;;;;;;;;;;;;;;;;;;;;;;;;;;;;;;;;;;;;;;;;;;;;;;;;;;;;;;;;;;;;;;;;;;;;;;;;;;;;;;;;;
;;;;;;;;;;;;;;;;;;;;;;;;;;;;;;;;;;;;;;;;;;;;;;;;;;;;;;;;;;;;;;;;;;;;;;;;;;;;;;;;;;;;;;;;;;;;;;;;;;;;;;;;;;;;;;;;;;;;;;;;;;;;;;;;;;;;;;;;;;;;;;;;;;;;;;;;;;;;;;;
;;;;;;;;;;;;;;;;;;;;;;;;;;;;;;;;;;;;;;;;;;;;;;;;;;;;;;;;;;;;;;;;;;;;;;;;;;;;;;;;;;;;;;;;;;;;;;;;;;;;;;;;;;;;;;;;;;;;;;;;;;;;;;;;;;;;;;;;;;;;;;;;;;;;;;;;;;;;;;;
;;;;;;;;;;;;;;;;;;;;;;;;;;;;;;;;;;;;;;;;;;;;;;;;;;;;;;;;;;;;;;;;;;;;;;;;;;;;;;;;;;;;;;;;;;;;;;;;;;;;;;;;;;;;;;;;;;;;;;;;;;;;;;;;;;;;;;;;;;;;;;;;;;;;;;;;;;;;;;;
;;;;;;;;;;;;;;;;;;;;;;;;;;;;;;;;;;;;;;;;;;;;;;;;;;;;;;;;;;;;;;;;;;;;;;;;;;;;;;;;;;;;;;;;;;;;;;;;;;;;;;;;;;;;;;;;;;;;;;;;;;;;;;;;;;;;;;;;;;;;;;;;;;;;;;;;;;;;;;;
;;;;;;;;;;;;;;;;;;;;;;;;;;;;;;;;;;;;;;;;;;;;;;;;;;;;;;;;;;;;;;;;;;;;;;;;;;;;;;;;;;;;;;;;;;;;;;;;;;;;;;;;;;;;;;;;;;;;;;;;;;;;;;;;;;;;;;;;;;;;;;;;;;;;;;;;;;;;;;;
;;;;;;;;;;;;;;;;;;;;;;;;;;;;;;;;;;;;;;;;;;;;;;;;;;;;;;;;;;;;;;;;;;;;;;;;;;;;;;;;;;;;;;;;;;;;;;;;;;;;;;;;;;;;;;;;;;;;;;;;;;;;;;;;;;;;;;;;;;;;;;;;;;;;;;;;;;;;;;;
;;;;;;;;;;;;;;;;;;;;;;;;;;;;;;;;;;;;;;;;;;;;;;;;;;;;;;;;;;;;;;;;;;;;;;;;;;;;;;;;;;;;;;;;;;;;;;;;;;;;;;;;;;;;;;;;;;;;;;;;;;;;;;;;;;;;;;;;;;;;;;;;;;;;;;;;;;;;;;;
;;;;;;;;;;;;;;;;;;;;;;;;;;;;;;;;;;;;;;;;;;;;;;;;;;;;;;;;;;;;;;;;;;;;;;;;;;;;;;;;;;;;;;;;;;;;;;;;;;;;;;;;;;;;;;;;;;;;;;;;;;;;;;;;;;;;;;;;;;;;;;;;;;;;;;;;;;;;;;;
;;;;;;;;;;;;;;;;;;;;;;;;;;;;;;;;;;;;;;;;;;;;;;;;;;;;;;;;;;;;;;;;;;;;;;;;;;;;;;;;;;;;;;;;;;;;;;;;;;;;;;;;;;;;;;;;;;;;;;;;;;;;;;;;;;;;;;;;;;;;;;;;;;;;;;;;;;;;;;;
;;;;;;;;;;;;;;;;;;;;;;;;;;;;;;;;;;;;;;;;;;;;;;;;;;;;;;;;;;;;;;;;;;;;;;;;;;;;;;;;;;;;;;;;;;;;;;;;;;;;;;;;;;;;;;;;;;;;;;;;;;;;;;;;;;;;;;;;;;;;;;;;;;;;;;;;;;;;;;;
;;;;;;;;;;;;;;;;;;;;;;;;;;;;;;;;;;;;;;;;;;;;;;;;;;;;;;;;;;;;;;;;;;;;;;;;;;;;;;;;;;;;;;;;;;;;;;;;;;;;;;;;;;;;;;;;;;;;;;;;;;;;;;;;;;;;;;;;;;;;;;;;;;;;;;;;;;;;;;;
;;;;;;;;;;;;;;;;;;;;;;;;;;;;;;;;;;;;;;;;;;;;;;;;;;;;;;;;;;;;;;;;;;;;;;;;;;;;;;;;;;;;;;;;;;;;;;;;;;;;;;;;;;;;;;;;;;;;;;;;;;;;;;;;;;;;;;;;;;;;;;;;;;;;;;;;;;;;;;;
;;;;;;;;;;;;;;;;;;;;;;;;;;;;;;;;;;;;;;;;;;;;;;;;;;;;;;;;;;;;;;;;;;;;;;;;;;;;;;;;;;;;;;;;;;;;;;;;;;;;;;;;;;;;;;;;;;;;;;;;;;;;;;;;;;;;;;;;;;;;;;;;;;;;;;;;;;;;;;;
;;;;;;;;;;;;;;;;;;;;;;;;;;;;;;;;;;;;;;;;;;;;;;;;;;;;;;;;;;;;;;;;;;;;;;;;;;;;;;;;;;;;;;;;;;;;;;;;;;;;;;;;;;;;;;;;;;;;;;;;;;;;;;;;;;;;;;;;;;;;;;;;;;;;;;;;;;;;;;;
