GA;GB;G1;G2;G3;G4;G5;G6;G7;G8;G9;G10;G11;G12;G13;G14;G15;G16;G17;G18;G19;G20;G21;G22;G23;G24;G25;G26;G27;G28;G29;G30;G31;G32;G33;G34;G35;G36;G37;G38;G39;G40;G41;G42;G43;G44;G45;G46;G47;G48;G49;G50;G51;G52;G53;G54;G55;G56;G57;G58;G59;G60;G61;G62;G63;G64;G65;G66;G67;G68;G69;G70;G71;G72;G73;G74;G75;G76;G77;G78;G79;G80;G81;G82;G83;G84;G85;G86;G87;G88;G89;G90;G91;G92;G93;G94;G95;G96;G97;G98;G99;G100;G101;G102;G103;G104;G105;G106;G107;G108;G109;G110;G111;G112;G113;G114;G115;G116;G117;G118;G119;G120;G121;G122;G123;G124;G125;G126;G127;G128;G129;G130;G131;G132;G133;G134;G135;G136;G137;G138;G139;G140;G141;G142;G143;G144;G145;G146;G147;G148;G149;G150;G151;G152;G153;G154;G155;G156;G157;G158
   Республика Адыгея;27572242;27541960;2342;2770938;2770350;27703504;320;26752;26022;286237;10;1008;19102290;19086059;95430101;2206;0;498190;505315;3031890;99;0;0;0;0;0;0;0;0;48626;48626;243129;43;4331443;4317667;27912020;1197;669089;666831;531;0;0;0;793008;786925;780;12106;10205;148;0;0;0;570;570;11;472;0;0;0;0;0;22859883;22885183;2212;17293673;17334411;2183;624336;623540;117;13397;14285;24;649292;652887;471;47931;47931;35;4224843;4207619;1141;6411;4509;21;0;0;0;0;0;0;81433;81433;21;5389257;5339646;2374;0;0;0;737366;745709;76;26702;26702;3;1828222;0;5011367;1002274;317436;63488;48238;890548;3110;622;0;0;0;622;0;0;444377;88875;8624;1725;6823;80327;0;0;0;0;5455744;1091149;326060;65213;55061;970875;402988;80597;4;1;0;80596;234;4;1;0;233;1;0;147;403135;5430;0;1;0;1828222;81423
   Республика Башкортостан;863122468;859251333;44086;32489066;32464007;324611432;3984;3962;3961;43579;25;619029;593588742;589941859;2949724380;42705;1;5263039;5244820;31468923;752;7615;7988;57099;24;544;544;2720;1;875556;858561;4292809;283;190758895;190994720;1167079516;19724;36129266;35964441;9561;386295;373418;84;39523408;39369065;13906;1031043;1019390;5033;214;214;3;1387;1386;39;371660;339575;31;1256;1256;11;807845915;804216072;42374;578346171;574961016;42083;6845342;6819492;807;2044168;2044074;366;41847906;41800449;9134;979414;975763;278;176844032;176671770;18167;923110;918965;558;20543;21881;6;3917;348;7;17064079;17064613;205;88660370;88193783;47169;0;0;0;48923872;48787059;584;22951131;23018432;100;637983377;5;71375702;14275142;24962031;4992401;1441223;7841518;164978;32996;39528;7906;250;24840;23;0;118477804;23695559;94703252;18940650;14619;4740290;0;0;0;0;189853506;37970701;119665283;23933051;1455842;12581808;93299598;18659917;649920;129983;19455;18510479;137339;47039;9408;14144;113787;25;0;3325624;96625222;117219;89;25;0;637983377;17023918
   Республика Бурятия;56047872;55984816;3612;5578280;5576524;55764768;709;-139;0;4;2;63;35543293;35496270;177484086;3349;0;95050;95536;572952;64;0;0;7;0;11;11;53;1;111478;111478;557392;36;12233797;12242633;74405946;1246;1910629;1900613;633;334248;387410;5;2486046;2462310;1154;138153;137858;476;0;0;0;440;186;10;7385;2423;3;0;0;0;54077967;53937415;3436;39168833;39120428;3391;817547;817239;107;103384;103384;25;3621613;3556695;570;109691;109691;35;10065002;10052285;1137;191839;177695;69;0;0;0;1504;1504;1;3948670;3966759;157;7894417;7838604;3741;0;0;0;9713696;9604545;336;240637;240637;7;131170983;0;14018289;2803657;3218936;643787;358017;1801853;72058;14412;1110;222;1110;13080;6;0;2088819;417764;3958;792;204;416768;0;0;0;0;16107108;3221421;3222894;644579;358221;2218621;1785634;357127;13485;2698;195;354234;0;0;0;0;0;0;0;435803;2221437;0;0;0;0;131170983;3961206
   Республика Алтай;26808304;26764769;1099;2880256;2877613;28776153;170;54;54;594;2;91;17569642;17558331;87804402;1046;0;198817;198817;1192900;41;0;0;6377;0;0;0;0;0;186;186;930;4;4774087;4773082;32926238;462;1263337;1259750;226;0;0;0;1380803;1352226;375;19014;19002;64;0;0;0;88;88;5;2587;2587;3;0;0;0;25238995;25243424;1020;19079391;19088664;1015;79544;79544;13;73545;73545;12;1778235;1776692;207;186;186;4;4221143;4217840;421;6952;6952;16;0;0;0;526;526;1;199645;199645;27;3369498;3324062;1073;0;0;0;1986797;1980855;63;0;0;0;10354471;0;1464722;292942;133204;26641;8052;258249;0;0;0;0;0;0;0;0;1277848;255569;170925;34185;2242;219142;0;0;0;0;2742570;548511;304129;60826;10294;477391;299482;59897;3569;714;26;59157;0;0;0;0;0;0;0;363;299845;0;0;0;0;10354471;199645
   Республика Дагестан;45340495;44971812;5675;3405974;3286477;32864774;604;28152;28213;310344;15;-4382;34909885;34745607;173728029;5328;-1151;238650;236345;1418069;97;8108;6334;43813;12;46;46;230;2;32129;32126;160632;32;5151276;5107882;31227457;1632;1421966;1387144;959;0;0;0;1579944;1532645;1312;26156;25722;88;0;0;0;0;0;0;289;273;1;0;0;0;38585618;38401210;5325;31587853;31470404;5248;631190;645179;203;159533;159074;48;1657155;1603972;1048;27602;27599;31;4512526;4485206;1316;17420;17439;27;0;0;0;0;0;0;31749;34419;22;7649071;7458869;5540;0;0;0;905244;901128;90;2354;2354;2;7856035;0;11018796;2203758;3392842;678569;123025;1402164;168873;33775;671474;134295;54;-100574;14;0;2378480;475697;4792;958;265;474474;0;0;0;0;13397276;2679455;3397634;679527;123290;1876638;1658227;331646;372658;74532;61905;195209;27957;12844;2569;500;24888;29;0;31220;1689447;16737;0;5;0;7856035;34419
   Республика Ингушетия;9188053;8707663;1040;521936;522997;5229975;57;22;22;240;4;12;7533744;7129291;35647731;981;0;158434;157278;943670;21;337;337;1695;1;832;832;1308;3;1180;1180;5899;2;671772;596317;3577898;158;288940;282278;126;0;0;0;300955;293406;162;2938;2938;14;0;0;0;2556;2556;3;0;0;0;0;0;0;8264967;7773284;995;7397762;6944625;990;73431;73075;14;547;547;1;312097;292626;138;1180;1180;2;479911;461191;130;40;40;1;0;0;0;0;0;0;8060;8047;3;1011596;1001737;1006;0;0;0;101299;72467;11;24910;24910;5;51810;0;207583;41516;28452;5691;412;35413;33779;6756;6525;1305;0;5451;7;0;2398;480;0;0;0;480;0;0;0;0;209981;41996;28452;5691;412;35893;109788;21958;0;0;0;21958;21958;0;0;0;21958;3;0;0;109788;0;0;0;0;51810;8047
   Кабардино-Балкарская Республика;26147212;25969625;2836;2486434;2496510;24964552;719;39697;39697;436670;17;26;19228745;19076683;95383570;2392;0;57400;47365;284189;69;1126;1126;2031;2;0;0;0;0;37184;37173;185867;21;3401228;3390148;21423188;884;804814;792656;452;300;300;1;896497;882022;621;5284;5284;90;0;0;0;-348;-348;5;94;0;0;0;0;0;23379328;23387087;2663;18756675;18764194;2635;666481;669840;110;52986;52986;16;1010972;1000183;481;37134;37123;20;2851822;2859544;740;3260;3215;10;-1;0;0;0;0;0;4088;4051;9;3611304;3429589;2780;0;0;0;828693;827750;60;747;747;1;1236438;0;5712921;1142582;687636;137527;11462;993593;136;27;0;0;0;27;2;0;556424;111284;9153;1831;7722;101731;0;0;0;0;6269345;1253866;696789;139358;19184;1095324;3141511;628302;1284255;256851;29013;342438;31135;22486;4497;0;26638;4;0;102281;3243792;20393;1123;6;0;1236438;4105
   Республика Калмыкия;4873449;4866286;688;401983;400749;4007490;144;33174;29407;319773;18;2;3716235;3715629;18578170;596;0;14028;13893;83337;38;0;0;0;0;0;0;0;0;4491;4491;22453;6;546364;545415;3491718;215;150409;149947;133;0;0;0;157172;156699;183;28620;28598;119;0;0;0;553;553;4;30;30;1;0;0;0;3030160;3033100;596;2449780;2452267;589;167;167;1;9311;9311;5;150928;151378;112;4491;4491;6;415348;415350;200;136;136;8;0;0;0;0;0;0;9852;9852;6;2072015;2056245;789;0;0;0;169301;169429;9;22423;22423;4;140318;0;897528;179505;212236;42445;1055;136005;3627;725;3627;725;0;0;2;0;105729;21146;2591;518;0;20628;0;0;0;0;1003257;200651;214827;42963;1055;156633;25049;5011;1981;396;396;4219;0;0;0;0;0;0;0;20814;45863;0;0;0;0;140318;7956
   Карачаево-Черкесская Республика;20855320;20885406;1749;1350098;1348887;13488871;225;2920;2920;32119;8;38365;15476953;15538633;77704674;1616;0;132974;131473;788091;50;-217;0;19225;0;0;0;458;0;55690;55645;278223;11;3076732;3070851;18860288;554;677680;651703;259;0;0;0;721589;699026;413;4505;4456;51;0;0;0;137;137;7;0;0;0;0;0;0;18463606;18928768;1605;14850095;15322075;1589;224175;223461;38;58939;58821;19;586401;592530;268;58465;58418;12;2683304;2671254;478;2226;2209;8;0;0;0;0;0;0;703;703;4;2806597;2351834;1758;0;0;0;407808;388171;13;29026;29026;6;1136317;0;903430;180687;211577;42316;11028;127343;18479;3696;2730;546;0;3150;11;0;1140462;228093;1011307;202261;273;25559;0;0;0;0;2043892;408780;1222884;244577;11301;152902;303960;60792;165704;33140;20479;7173;0;0;0;0;0;0;0;27027;330987;0;0;0;0;1136317;702
   Республика Карелия;60394334;60303622;4716;2754861;2752645;27526441;522;17;17;191;1;40;47795173;47734159;238670564;4561;0;149088;146990;881940;72;2334;2334;11729;4;0;0;0;0;174465;168776;843881;90;7777806;7781348;48413611;2273;1348917;1340209;963;174734;174734;7;1743873;1720849;1506;107673;106560;1064;0;0;0;206;206;5;873;30;2;220;0;0;50815667;50781830;4514;40233788;40215096;4472;1255937;1257143;180;483583;483583;47;1751411;1752819;873;173803;168115;88;6852557;6840589;2112;65514;65410;153;0;0;0;102;0;0;2232136;2230399;173;14852018;14790978;5275;0;0;0;7447484;7366928;439;385347;429598;15;93262582;1;8607869;1721576;2502750;500550;315702;905324;0;0;0;0;0;0;0;0;5142329;1028467;685601;137120;21383;869964;0;0;0;0;13750198;2750043;3188351;637670;337085;1775288;1480582;296117;62682;12537;2551;281029;5885;27459;5492;409;-16;4;0;4978878;6459460;0;0;0;0;93262582;2229748
   Республика Коми;160341534;160220175;3361;1444650;1406128;14061282;417;1169;1169;12856;5;209;135901453;135816614;679083086;3259;1;347843;346294;2077765;71;85;63;317;3;0;0;0;0;372930;372757;1863780;76;18547336;18550226;111688539;1490;2881666;2878396;540;4154;4212;3;3725965;3725642;1027;197081;195866;2023;0;0;0;2101;2101;21;231;0;0;-3;0;0;106301177;106267982;3127;83140448;83099869;3102;1093624;1093762;57;70049;69996;21;3356079;3363053;454;371131;370957;74;18112243;18113061;1442;157655;157333;151;0;0;0;8723;8690;1;12951220;12957414;59;45168623;45079931;5058;0;0;0;3872777;3880242;196;2366762;2367571;34;449596735;0;9627483;1925498;1671466;334294;132563;1458641;16792;3358;5328;1066;461;1831;6;0;35412337;7082465;10315;2063;84;7080318;0;0;0;0;45039820;9007963;1681781;336357;132647;8538959;1911409;382281;724380;144876;82885;154520;417;0;0;0;417;1;0;172535;2083944;240;0;1;0;449596735;12956822
   Республика Крым;134209500;132680845;13090;11137864;11130606;111305899;1961;5436;5436;59798;9;-1062;89406395;87986760;439941108;12475;0;83176;83203;499216;140;1313;1313;6649;4;-294;0;0;0;279354;265495;1327477;139;26200924;26165066;160601180;7721;6667067;6622071;3379;300;300;5;7097407;7040940;4650;203352;201865;1937;6;6;2;1836;1832;39;0;0;0;0;0;0;115647729;114714413;12428;85263081;84443345;12231;213961;212660;29;159588;159597;100;7051176;7036400;3244;273461;255298;132;22569949;22490887;7245;107788;107788;157;0;0;0;0;0;0;140997;139235;10;20178655;19824555;14560;0;0;0;1482881;1736603;65;149858;137818;20;3575118;1;31483472;6296695;4747606;949524;6649469;-1302298;36685;7337;314;63;202;7072;23;0;125010385;25002073;93453419;18690684;323824;5987565;0;0;0;0;156493857;31298768;98201025;19640208;6973293;4685267;6100274;1220055;19993694;3998739;105557;-2884241;15704;43416;8683;14;7007;8;0;41808;6142082;1849;0;2;0;3575118;139235
   Республика Марий-Эл;65328281;66321279;4797;7079251;7005692;70056935;686;4394;4396;48546;10;13022;38017521;39086973;195434527;4578;-3;1144275;1144909;6871277;129;602;602;6623;1;0;0;0;0;197030;203808;1019043;85;16216145;16197263;101580273;2585;2515903;2502210;941;1058;1072;1;2672615;2664508;1501;31440;31078;477;1888;1888;2;1008;1009;25;2349;30;2;0;0;0;56338583;57338310;4533;37964012;39013835;4495;1134148;1134134;136;85631;85631;69;2919411;2908919;884;197030;203808;85;13913179;13885370;2454;109702;108280;52;0;0;0;0;0;0;1854;1854;7;10022712;9981955;5128;0;0;0;948026;947380;85;271365;265275;8;11099382;0;13202948;2640586;1700084;340017;167512;2133057;0;0;0;0;0;0;0;0;3983505;796701;2703285;540656;10532;245513;0;0;0;0;17186453;3437287;4403369;880673;178044;2378570;1787673;357532;44763;8953;1001;347578;731;0;0;0;731;1;0;359417;2147090;0;0;0;0;11099382;832
   Республика Мордовия;91775593;91690031;5767;16646400;16616116;166161158;1030;16056;6539;71928;11;112;47421794;47366556;236956621;5480;0;5590085;5590146;33540879;173;220;220;1198;3;-27;0;0;0;111083;111084;555419;96;17692305;17707427;113286484;2901;4047033;4039822;1128;39;39;2;4297757;4292158;1907;68807;67125;417;1537;1537;4;177;177;5;2379;1828;2;0;0;0;82116627;82067208;5425;59789046;59785837;5390;1186908;1179517;141;237671;240093;98;3845403;3843282;1051;110181;110142;95;16894459;16855802;2799;52517;52517;96;44;19;1;0;0;0;73087;73087;7;12474166;12434739;5873;0;0;0;2805538;2804478;170;174169;174928;23;18528519;0;11652999;2330601;659671;131933;110499;2088169;2850;570;0;0;2;568;3;0;1397691;279538;419497;83899;7;195632;0;0;0;0;13050690;2610139;1079168;215832;110506;2283801;1922218;384445;23014;4603;1554;378288;400;0;0;0;400;7;0;157166;2079384;0;0;0;0;18528519;73000
   Республика Саха (Якутия);144444758;144113359;4005;2395212;2370391;23703897;560;28005;21251;233763;9;937;113927327;113552802;567764011;3846;0;184146;185478;1112869;88;0;0;0;0;0;0;0;0;1666546;1658084;8290416;94;18919246;19016313;121330348;1641;5997097;6004532;796;0;0;0;7326326;7311144;1360;420263;419312;616;117;117;1;19;19;1;0;0;0;0;0;0;100113807;99860895;3751;72993743;72896494;3699;481618;418399;58;14995;14995;16;7738156;7607590;745;1655772;1647311;89;17061412;17106492;1522;170046;169615;145;0;0;0;0;0;0;30351727;30354223;139;51621258;51294777;4185;0;0;0;37172251;36929091;431;3179328;3179286;41;515645176;0;15609679;3121939;3803842;760767;378516;1982656;10234;2047;1546;309;1618;120;8;0;65448827;13089769;9209167;1841833;126210;11121726;0;0;0;0;81058506;16211708;13013009;2602600;504726;13104382;2269783;453956;208065;41612;1546;410798;95994;0;0;16;95978;9;0;3746773;6016556;0;0;0;0;515645176;30354219
   Республика Северная Осетия-Алания;19425035;19179559;2323;1776455;1778901;17756647;372;10462;10322;113544;11;880;13196017;13043764;65217162;2044;0;327351;357410;2144461;121;-1002;45;3506;1;0;0;0;0;30950;22924;114620;24;3390256;3291418;20605880;752;647785;617302;392;-8022;468;1;693037;674365;533;8919;8713;111;0;0;0;1100;1049;5;1216;0;0;51;0;0;17183302;17041814;2124;13560316;13502611;2100;249186;244841;69;15409;14511;26;671584;655216;394;21155;19635;22;2664928;2602654;660;3638;3638;15;0;0;1;0;0;0;45608;57461;31;2918074;2800554;2384;0;0;0;694208;689077;81;148510;148510;7;3301628;0;4207034;841405;1343992;268799;180804;391802;68097;13619;718;144;0;13475;9;0;1048198;209640;59161;11832;6361;191447;0;0;0;0;5255232;1051045;1403153;280631;187165;583249;2383218;476645;9323;1865;2605;472175;2929;8000;1600;1911;-582;11;0;10987;2394205;80940;6752;19;0;3301628;57461
   Республика Татарстан;1660095315;1657445756;79100;49475185;49460158;494601578;6135;36344;36319;399504;65;23276;1152215597;1150015364;5750076828;76446;-40;6283367;6294966;37769779;1125;124;124;621;3;0;0;0;0;697787;660541;3302702;345;379565755;379253445;2313282245;44227;65209911;65124309;24508;2804748;2806681;51;71783368;71698832;31079;2136853;2164383;1354;173245;173285;8;3973;3660;56;111348;92541;32;314;425;5;1474271923;1471456166;77118;1006184320;1004313744;76551;44512902;44495746;1929;2737338;2730764;633;83059468;82875665;22804;669053;634422;325;335400104;334688549;41458;1710369;1716855;536;6;6;2;17102;11021;6;8700297;8706025;263;238699430;238526782;77457;0;0;0;59281129;58905466;1079;20912469;20871767;166;818510848;0;120130132;24026027;45045812;9009160;6394366;8622501;622443;124489;22346;4469;585;119435;59;0;526092772;105218553;187412702;37482539;145716;67590298;0;0;0;0;646222904;129244580;232458514;46491699;6540082;76212799;28367044;5673410;2424483;484895;172147;5016368;629855;17281;3456;436;625963;42;0;7233906;35600950;1021237;25;25;0;818510848;8584037
   Республика Тыва;4511104;4484080;286;110434;110427;1104266;34;195;195;2149;1;58;3506616;3498255;17491283;280;0;50;136;816;5;0;0;0;0;0;0;0;0;68650;58371;291858;14;582884;577599;3465594;83;174896;171692;45;0;0;0;241605;238429;89;65570;65570;31;0;0;0;1;1;1;0;0;0;610;610;2;3498136;3490869;249;2543075;2547692;247;209775;209775;3;26887;26887;3;90840;90686;43;68650;58371;14;492621;492323;73;65137;65135;15;0;0;0;0;0;0;946955;947471;17;1529461;1511052;299;0;0;0;1394567;1396419;29;1381;1381;2;14580413;0;1751385;350278;43037;8608;11213;330457;15850;3170;0;0;0;3170;2;0;3950496;790100;4353;871;10305;778924;0;0;0;0;5701881;1140378;47390;9479;21518;1109381;9822;1964;0;0;0;1964;734;0;0;0;734;1;0;0;9822;0;0;0;0;14580413;947471
   Удмуртская Республика;245887861;244145423;21887;12527646;12528184;125510955;2330;1033;1033;11358;3;899;168678283;167005736;835014127;21238;15;632383;636197;3977683;305;-649;4;9453;1;0;0;195;0;344326;344173;1720862;205;56137864;56099468;340916126;11053;6576219;6551896;5145;51619;49932;20;7565748;7530764;7263;200619;193924;806;0;0;0;4964;4911;54;9252;5212;17;0;0;0;187510081;185981106;21434;128963450;127516737;21321;2567031;2560151;415;283735;285283;207;11518338;11522519;4792;342687;342303;195;43732817;43650566;10490;105282;103394;150;0;0;0;0;0;0;4248928;4250775;118;57248518;57016041;21881;0;0;0;2909152;2864753;382;1797076;1795829;64;171185122;1;27845273;5569058;4184409;836883;729493;4002682;32328;6466;21333;4267;13;2186;11;0;58818323;11763663;30273458;6054690;12651;5696322;0;0;0;0;86663596;17332721;34457867;6891573;742144;9699004;5113518;1022704;262399;52479;6341;963884;48;113;23;0;25;2;0;485431;5598949;6105;29;6;0;171185122;4249793
   Республика Хакасия;54841703;54810245;2751;1490724;1485735;14857348;463;2376;2376;26140;8;-242;43736370;43717271;218586632;2600;0;130263;128057;768346;64;0;0;0;0;0;0;0;0;264211;264262;1321308;45;7827353;7827350;47115041;1185;994358;990676;579;7272;6595;7;1390695;1385436;890;47806;47740;408;0;0;0;14737;14737;15;3589;2589;2;0;0;0;45447937;45426883;2541;34592079;34588411;2524;1575837;1564618;58;240946;240946;26;1187187;1185203;535;263482;263533;43;7563194;7558961;1087;25212;25212;38;0;0;0;429;371;2;6954192;6953741;62;9188754;9176763;3011;0;0;0;6690906;6689806;97;349099;350335;18;99792825;2;4834111;966825;969746;193952;77026;695847;0;0;0;0;0;0;0;0;1786632;357327;78;16;78;357233;0;0;0;0;6620743;1324152;969824;193968;77104;1053080;2211152;442230;63746;12749;721;428760;291;0;0;0;291;2;0;504;2211656;1500;0;1;0;99792825;6952104
   Чеченская Республика;46894770;45282408;3101;2594974;2593093;25964106;342;45419;45419;499608;4;29379;38615786;37316153;186579184;2892;0;612975;607748;3645755;75;0;0;11914;0;0;0;0;0;2640;2640;13202;7;3875839;3685538;21979943;560;959051;895443;357;1433;1433;1;1115562;1030805;491;23396;23396;43;0;0;0;0;0;0;6667;0;0;287;287;1;45009595;43825610;2966;40457485;39441427;2947;175416;176238;46;109787;109938;16;1131192;1130160;356;2640;2640;7;3141637;2962317;448;9603;9603;16;0;0;0;0;0;0;12628;15363;3;2135148;2105109;3009;0;0;0;228134;633875;16;0;0;0;1290906;0;9010000;1802000;5983775;1196756;219359;385885;657861;131572;2929347;585869;172750;-627047;22;0;13512;2703;0;0;0;2703;0;0;0;0;9023512;1804703;5983775;1196756;219359;388588;348708;69742;35077;7015;10084;52643;33401;35077;7015;10084;16302;20;0;0;348708;365853;15363;5;0;1290906;15363
   Чувашская Республика;110422760;110418435;10282;4751998;4750521;47504516;1117;5957;5165;56818;7;32055;73958916;73988157;369940759;9906;0;664402;664497;3986985;193;7;7;35;1;0;0;0;0;119021;116865;584327;125;26839729;26830192;163180193;6194;3529009;3513265;2551;143026;143093;12;4050681;4031118;3754;81684;80417;885;0;0;0;4731;4732;27;2473;954;7;0;0;0;94007615;94063322;9953;65191297;65136207;9888;2234641;2234506;332;164582;163779;165;4062488;4187259;2309;117028;114939;120;22202230;22191216;5956;35349;35418;126;0;0;0;0;0;0;11362;10468;23;18987483;18920929;10684;0;0;0;2472179;2467745;168;44622;44622;15;13593940;0;15182546;3036509;2467455;493489;107162;2435858;202;40;172;34;15;-9;2;0;4328731;865747;330258;66053;3862;795832;0;0;0;0;19511277;3902256;2797713;559542;111024;3231690;9025782;1805155;215551;43111;18021;1744023;5;0;0;0;5;2;0;82330;9108112;2457;0;2;0;13593940;10291
   Алтайский край;286586362;278428397;25643;42262756;42166963;422130294;5698;19023;27462;302084;40;8120;185967330;178067554;890412991;23684;216;1282390;1283039;7698241;362;641;641;4746;5;50;50;250;1;361311;356953;1784764;224;46077301;46056743;305473898;11650;9147153;9059908;5579;854276;854819;40;10595401;10451782;8532;145009;145421;1138;0;0;0;490;488;27;9928;6635;12;-9;11;2;259359933;251384570;24928;197357593;189512006;24814;3762534;3761230;672;4972807;4965096;401;10213863;10183359;5089;306811;302136;212;42691965;42611356;11072;83017;82852;183;1745;1745;9;1308;719;2;1636812;1632785;240;34713442;34536550;25392;0;0;0;8877336;8875459;1059;686694;686694;46;85792506;1;29693714;5938741;7271553;1454310;528086;3956345;132353;26471;41814;8363;470;17638;16;0;5720157;1144032;2292103;458420;2284;683328;0;0;0;0;35413871;7082773;9563656;1912730;530370;4639673;6231460;1246292;274390;54878;4665;1186749;1132;630;126;0;1006;16;0;537137;6768597;37632;0;2;0;85792506;1626465
   Краснодарский край;1181013750;1180262325;58075;184276563;184168207;1841684104;8940;52548;56824;625062;76;38440;712714607;712383130;3562107101;54647;116;17903880;17857320;107146374;1144;895;958;9932;8;-3101;0;0;1;1053546;1018484;5092419;634;208533747;208475171;1376711069;32913;51746850;51563712;15759;161176;165375;51;56436470;56260741;21682;1056560;1053706;1704;27745;27752;14;9170;8730;119;146311;18310;36;1421;880;11;1082751177;1083705343;55640;783512588;784666183;54974;47661150;47680539;2793;4986211;5011242;744;58830920;58715961;14415;1033010;995195;607;185868005;185871963;31026;856750;761579;505;2299;2355;6;26;18;3;15979326;15953293;583;157583771;155873881;57357;0;0;0;73961172;74021199;1505;7971634;7935843;136;695633031;2;172745440;34549089;30493431;6098688;4100903;24349498;290224;58045;79861;15972;2969;39104;69;0;211799069;42359816;105733954;21146791;176036;21036989;0;0;0;0;384544509;76908905;136227385;27245479;4276939;45386487;22955199;4591039;851428;170286;237407;4183346;119702;41827;8365;10610;100727;85;0;16588795;39543994;186459;1921;40;0;695633031;15749540
   Красноярский край;823592204;822508659;34034;27804335;27769576;277695679;3946;6919;6785;74617;46;17940;638510785;638070296;3193684045;32803;14;1718781;1744035;11181129;580;135;121;13885;2;13044;12897;64486;2;1955401;1949792;9748954;265;116176025;115958475;713385581;16066;35165890;34883728;8104;40043;40208;21;37414819;36994014;11837;991771;989596;2198;5016;5016;4;555;576;16;34901;6498;16;1687;1726;5;707066709;706829466;32976;523840343;523703674;32769;17769183;17752369;822;501983;501833;244;56559721;56451144;7521;1952199;1946143;254;105684736;105735399;15215;753284;736797;474;136;136;1;455;429;2;15565013;15525011;356;206022505;205229912;33992;0;0;0;104474557;104005428;1259;37736140;37747599;145;817232074;2;76815474;15363092;21617900;4323583;1426189;9613320;406069;81214;247;49;130;81035;19;0;39590057;7918011;3496503;699299;12757;7205955;0;0;0;0;116405531;23281103;25114403;5022882;1438946;16819275;44410417;8882084;1634028;326806;129368;8425910;182305;16350;3270;1213;177822;34;0;2728740;47139157;59486;135;6;0;817232074;15477053
   Приморский край;499122453;497089079;26140;26956565;26956582;269555225;4179;42819;41979;461770;19;2316;365249826;363713774;1818533144;24992;719;2142783;1874263;11245573;340;22127;18168;91704;14;1671;615;3077;3;443493;422251;2111258;149;85640920;85607234;529547859;11836;16885930;16797057;5287;369513;369513;28;18641912;18469589;7563;1015839;977737;1447;14934;14934;6;-110;70;5;11882;7516;15;178;178;2;463045117;461954913;25132;296236004;295308271;24677;65243936;65078513;4035;1566591;1565536;117;23568732;23676322;4910;408111;386866;145;75284927;75205383;11107;736076;735357;310;39;39;2;443;443;5;10972065;10618246;831;58703570;58106503;25630;0;0;0;32532131;32555247;1429;2239158;2244861;81;381439997;0;61774497;12354898;12179449;2435886;1614379;8304633;605241;121048;460;92;0;120956;19;0;377432438;75486487;470202895;94040579;231786;-18785878;0;0;0;0;439206935;87841385;482382344;96476465;1846165;-10481245;40707687;8141537;9780041;1956009;162798;6022730;1779202;9282230;1856446;424;-77668;21;0;19636695;60344382;35616;99;10;0;381439997;10585181
   Ставропольский край;284665131;283725097;18595;33076346;32829556;328295991;3603;17652;17685;194533;22;8015;180862990;180328128;901631978;17464;0;907615;905777;5434658;319;105;105;7369;4;0;0;0;0;387936;387608;1938042;230;57250270;57117560;378458992;9308;11396290;11356979;4172;48648;46171;12;12154618;12131229;6176;179396;176031;733;8;8;2;16783;16667;70;4056;995;6;-2;0;0;250812582;250166369;17663;179425978;178981334;17496;6389105;6371257;622;1170857;1171084;240;14171220;14129913;3789;384119;383598;220;49176678;48994756;8659;135089;134356;186;70;70;1;1570;0;0;437637;437641;50;40772785;40457114;18688;0;0;0;7103322;7096369;397;2467067;2467067;52;100618181;820;43606395;8721277;6467813;1293561;821443;6606273;486374;97274;359238;71848;182;25244;52;0;9351867;1870373;617796;123560;5188;1741625;0;0;0;0;52958262;10591650;7085609;1417121;826631;8347898;6980953;1396192;200642;40128;11729;1344335;228602;63445;12689;10541;205372;28;0;1395721;8376674;458512;39118;9;0;100618181;435294
   Хабаровский край;264068096;263232768;15320;15752451;15781265;157812643;2146;1177;969;10664;8;-2188;171541168;170869539;854274220;14829;68;9179024;9179058;55073401;310;62;62;3089;1;1043;1043;5217;1;671182;658538;3292687;154;44272105;44176197;267174756;7208;19088905;19035111;3506;68247;68247;12;22639980;22545552;5324;470274;452714;1803;50;50;1;521;510;11;54796;11317;5;437;471;1;245170130;244714536;14608;180871236;180837534;14458;6942840;6944837;674;3780382;3780106;64;13743855;13719834;3287;669978;657754;154;38635689;38310416;6841;500243;441709;229;20346;20346;4;42376;9872;5;8096618;8095881;278;49873542;49344766;16197;0;0;0;39239741;38442033;832;2219886;2248528;37;262837544;1;28751220;5750245;7917507;1583504;573305;3593436;125783;25156;0;0;0;25156;4;0;4327873;865576;318507;63702;2803;799071;0;0;0;0;33079093;6615821;8236014;1647206;576108;4392507;11798489;2359696;890833;178166;12551;2168979;1801;6761;1352;377;72;21;0;1806482;13604971;39013;0;5;0;262837544;8041562
   Забайкальский край;53210591;53144526;3698;3122162;3121652;31215554;578;1141;877;9647;12;25623;38204222;38116636;190589362;3493;0;205121;205165;1230857;100;2894;2896;23375;1;1;1;49;1;680170;666246;3331230;66;8182521;8185871;49508053;1337;2298144;2293794;560;21052;21052;11;2789631;2841173;1009;113255;115182;1158;0;0;0;106;106;3;1098;1098;2;0;0;0;53080039;52934942;3352;41515764;41473964;3282;1888422;1884905;222;26194;24463;15;3400331;3352312;501;656126;648016;63;5461699;5440478;1192;130441;110804;99;0;0;0;0;0;0;5915654;5908346;162;9258587;9259873;4353;0;0;0;14803111;14800525;515;102335;102335;16;112448834;0;11581513;2316302;1850577;370115;127188;1818999;15789;3158;3416;683;2082;393;12;0;17451763;3490353;8399;1681;8782;3479890;0;0;0;0;29033276;5806655;1858976;371796;135970;5298889;21962598;4392519;29952;5990;22990;4363539;7625;27932;5586;22987;-20948;10;0;3640;21966238;164391;12010;5;0;112448834;5908347
   Амурская область;131150479;129134532;6460;9475330;9442487;94408007;1389;145990;146010;1606112;12;9794;81038655;80666627;403445157;5935;0;98449;98364;590182;96;155;150;1897;3;0;0;0;0;428887;428453;2142266;52;21540655;19986712;123551378;2470;17693240;17640938;1202;76;48;2;18413220;18357333;1858;1523142;1517935;877;0;0;0;1481;1481;8;86;0;0;450;20;3;150752009;149227964;6115;105323299;105486978;6010;3503645;3501322;545;43140;43079;44;20107306;18555777;1143;427564;427260;50;19788708;19657111;2244;1558268;1556437;95;0;0;0;0;0;0;3276267;3249130;149;27754080;27301191;6667;0;0;0;49056531;49075468;681;22276738;20975070;28;109087112;0;17891793;3578361;6570649;1314129;63356;2200876;1002235;200447;1108;222;7520;192705;7;0;79660766;15932152;66340185;13268037;37697;2626418;0;0;0;0;97552559;19510513;72910834;14582166;101053;4827294;38883649;7776729;167909;33582;63101;7680046;264548;1657;331;214;264003;9;0;186435;39070084;124055;23560;3;0;109087112;3249076
   Архангельская область;137152988;136700824;5768;4494914;4494964;44949597;849;34;34;378;1;558;95048924;94711951;473562626;5583;0;398325;396324;2377942;191;-463;1;4;1;0;0;0;0;680956;680881;3404406;123;30098732;30002392;182739978;2666;5507591;5483900;1050;32391;32420;19;6441514;6413731;1914;209116;206532;1508;0;0;0;1297;1296;23;2442;0;0;0;0;0;116597555;116140332;5390;74831792;74669875;5352;645775;599313;92;45395;45395;30;7179959;7247312;960;677907;676338;120;33092023;32780566;2592;124536;121365;201;0;0;0;0;0;0;6630511;6665185;99;32385655;32231350;6813;0;0;0;18220653;18095336;273;1147119;1204009;42;201823159;0;38930961;7786194;3041423;608285;1360629;5817280;4218;844;8918;1784;0;-940;4;0;9387383;1877476;481217;96243;3977;1777256;0;0;0;0;48318344;9663670;3522640;704528;1364606;7594536;4668390;933678;28605;5722;4803;923153;576;79;16;0;560;5;0;8699792;13368182;0;0;0;0;201823159;6654070
   Астраханская область;54520156;54377469;3979;2113290;2104866;21048644;601;4323;4323;47550;13;12498;42854566;42760855;213807301;3703;0;762569;761757;4570543;133;3;3;16;1;0;0;0;0;10177;10177;50884;27;6430051;6397050;40874205;1813;2135176;2134259;744;31597;31651;6;2332674;2325945;1341;162329;162008;254;0;0;0;-22;84;4;26057;558;2;-32;0;0;38342886;38205274;3792;29778611;29664814;3728;698553;698037;184;51512;51306;61;2089788;2082848;692;10158;10158;26;5598732;5580316;1652;117780;117794;78;-411;0;0;5154;28;2;3351967;3355235;208;19895705;19854425;3825;0;0;0;6878935;6868804;422;2383211;2383211;12;262929462;0;6511785;1302355;527851;105569;76698;1120088;3064;613;1902;380;0;233;10;0;2933081;586618;278171;55635;8810;522173;0;0;0;0;9444866;1888973;806022;161204;85508;1642261;1431601;286320;47589;9518;18681;258121;13836;44580;8916;0;4920;6;0;10382068;11813669;241019;1797;35;0;262929462;3339776
   Белгородская область;364343381;364536104;23021;81256779;81242718;812426853;3378;6519;5377;59146;18;486;201234348;201522014;1007611001;21900;29;2315425;2314494;13886963;300;3390;640;3656;7;0;0;0;0;576753;575080;2875202;223;58254268;58218738;447160940;11120;20124436;20082380;5402;45206;45204;20;20694112;20652075;7509;477227;474808;1284;1260;1260;4;8681;8679;22;7270;5084;13;129;150;3;326698369;327091047;22498;241426320;241933488;22331;8456878;8448005;1249;1141320;1136965;472;21150715;21120942;5006;574543;572870;217;53531622;53468683;10519;408161;405702;308;0;0;0;16;0;0;920157;918767;111;62835964;62628693;23177;0;0;0;25677005;25577224;713;2281534;2280990;90;308563947;0;18914717;3782943;2705665;541132;165255;3076556;412533;82507;62790;12558;754;69195;16;0;13111100;2622220;1299019;259804;5331;2357085;0;0;0;0;32025817;6405163;4004684;800936;170586;5433641;2444406;488881;119709;23941;48166;416774;4430;2632;526;0;3904;9;0;848096;3292502;286730;0;17;0;308563947;917533
   Брянская область;136402371;136257653;9259;18656073;18648512;186485137;1556;1158;1171;12880;7;1352;80086982;80071555;400357772;8805;0;2377774;2360521;14163126;209;4217;4225;21225;12;0;0;0;0;253552;253334;1266669;99;26784274;26719612;179512999;4612;7456551;7441437;1841;257727;257115;12;8239142;8199777;2901;163765;153840;775;635;635;1;924;924;12;7734;3761;3;3;3;1;119562291;119681740;8783;79119323;79260654;8663;3133282;3133170;388;4028189;4023791;815;8376497;8367770;1678;253422;253204;97;24555477;24548195;4447;94644;94884;171;152;152;1;781;0;0;868062;858302;279;20100930;19863102;9291;0;0;0;3931032;3961093;626;2054584;1782740;26;25951484;0;29997495;5999499;2987112;597423;266675;5135401;6164;1233;0;0;0;1233;2;0;4597433;919486;36796;7359;1529;910598;0;0;0;0;34594928;6918985;3023908;604782;268204;6045999;2510017;502003;63312;12662;19046;470295;27189;266;53;20;27116;15;0;385707;2895724;123036;224;27;0;25951484;857831
   Владимирская область;222301569;221918253;13051;24731795;24731299;247281229;1540;59;128;1408;8;-4897;151106915;150749443;753770364;12598;1;1564781;1564701;9388203;270;0;0;0;0;0;0;1;1;171738;171529;857640;151;39779669;39756752;244978868;7138;4276854;4279881;2952;35635;39137;52;4949530;4947741;4435;1030548;1026036;1057;10005;10005;1;2593;2593;24;45658;42316;16;0;0;0;189922080;189960050;12579;129480415;129530631;12488;19580631;19581767;698;559150;558669;354;6372448;6365466;2722;170562;169883;144;32751898;32750117;6833;1028499;1026001;226;0;0;0;275;275;2;221276;221640;126;38739841;38331388;13526;0;0;0;5463924;5483481;243;210773;210773;33;48953800;2;21589230;4317842;6877242;1375450;341202;2601190;196;39;61;12;0;27;5;0;15261852;3052370;87693;17539;5238;3029593;0;0;0;0;36851082;7370212;6964935;1392989;346440;5630783;7288127;1457625;104926;20985;16639;1420001;222;98;20;5;197;7;0;1813425;9101552;1009;0;1;0;48953800;220352
   Волгоградская область;254571816;254276482;16264;18484232;18464566;184643085;2780;69000;68688;755573;27;1041;164804378;164622306;823111283;15085;1329;12820840;12833313;76999875;423;0;0;0;0;0;0;0;0;461575;444279;2221400;145;49291697;49236749;310608492;8936;7279240;7262198;4103;105585;105272;35;8636328;8602549;5904;222126;222332;1975;0;0;1;1627;1615;50;170590;160535;9;0;0;0;212630293;212536891;15399;148484380;148472304;15290;5402478;5401114;435;1368695;1375757;202;6766438;6753103;3726;461058;443761;143;49955068;49914468;8548;191000;175207;213;0;0;0;7980;0;0;630294;630321;107;51097033;50897662;17471;0;0;0;9364900;9369525;238;2113776;2113910;61;81559849;3;33962122;6792423;6948381;1389677;1363395;4039351;23398;4680;84;17;1352;3311;4;0;9673353;1934671;5776638;1155329;8509;770833;0;0;0;0;43635475;8727094;12725019;2545006;1371904;4810184;5381638;1076328;229950;45991;326;1030011;9189;0;0;0;9189;9;0;3263759;8645397;0;0;0;0;81559849;602129
   Вологодская область;331576243;332633466;16282;11938237;11921611;117221968;1635;916;916;10073;6;199;245940948;247079179;1235420407;15896;0;2632156;2643644;15863509;261;29;28;138;2;0;0;0;0;233391;232012;1160059;175;61141332;61123963;371727296;6393;8181385;8145912;3387;-260;0;0;9689056;9632113;4970;306792;298395;1000;0;0;0;336;273;18;68202;1129;6;8;8;2;326913465;328147882;15834;251745586;253155010;15754;6556561;6539554;263;2483642;2483642;148;8463445;8454143;3043;228540;227120;171;57117903;56992505;6035;317517;295615;204;206;206;3;6;6;1;1643832;1641732;134;36241819;35972882;16525;0;0;0;32832474;32814285;364;5681382;5700002;50;605327344;0;21655689;4331136;2148900;429781;148436;3752919;63847;12769;0;0;0;12769;2;0;315072397;63014478;3910803;782160;59056;62173262;0;0;0;0;336728086;67345614;6059703;1211941;207492;65926181;6507102;1301420;9072;1815;2524;1297081;1438;0;0;0;1438;2;0;3856044;10363146;0;0;0;0;605327344;1580309
   Воронежская область;434616205;432327165;36222;63965490;63913309;639118936;5332;-46;26688;293568;23;513;255286134;253511991;1267557580;34670;0;3822842;3797882;22786472;503;0;0;0;0;0;0;0;0;368262;362901;1814824;188;89530658;89077547;867696155;17256;20188827;20102813;8076;58346;58346;20;21646807;21635895;11424;377629;372677;1224;271;271;4;3022;3022;23;6752;2532;15;0;0;0;394844271;394105114;35181;282834697;282591329;34964;9893294;9807760;980;1890573;1908712;575;23650491;23641401;7670;250625;246013;174;75976552;75510537;16271;375497;371784;285;0;0;0;-51;61;1;765743;766260;133;48681811;47179933;36086;0;0;0;9273535;9329868;445;758538;758538;49;79025498;1;65935461;13187093;13321355;2664273;877842;9644978;67541;13508;37131;7426;20;6062;16;0;55909107;11181822;27736484;5547297;6393;5628132;0;0;0;0;121844568;24368915;41057839;8211570;884235;15273110;12694168;2538832;497446;99488;17595;2421749;209305;172769;34554;491;174260;268;0;2819152;15513320;13690;893;10;0;79025498;756219
   Ивановская область;106614989;107278761;14724;5221216;5224075;52240742;1544;63;63;695;2;1880;79006153;79676645;398383231;14349;1;2106422;2108673;12652036;250;20538;20538;114471;4;828;828;4965;1;105714;105892;529460;54;16600088;16631074;100417193;5971;3178069;3127762;2380;156336;157723;14;3573345;3525428;3370;65028;64086;482;0;0;0;218;218;7;1125;496;9;-4;0;0;96951344;97739607;14130;69559001;70313414;14062;8920593;8914317;720;624168;625027;230;2938181;2947487;2283;105079;105257;52;14771850;14801632;5578;32473;32473;77;0;0;0;0;0;0;545934;546165;40;10479374;10356813;14707;0;0;0;1286632;1285404;141;63405;63399;11;14055668;0;11273687;2254738;2447359;489470;140034;1625234;0;0;1200;240;0;-240;0;0;6014788;1202957;2527700;505540;12668;684749;0;0;0;0;17288475;3457695;4975059;995010;152702;2309983;1538046;307608;240638;48127;2178;257303;0;0;0;0;0;0;0;391615;1929661;58546;0;2;0;14055668;545417
   Иркутская область;509448531;507901443;21560;15798919;15767532;157675310;2333;3795;5170;56876;17;8704;377076803;375896346;1879481714;20882;3;1511634;1515643;9093850;423;0;0;0;0;0;0;0;0;1783705;1779786;8898929;202;93079165;92865350;558995405;10217;19016949;18926016;5533;1580;961;5;20185787;20070037;7987;1213913;1210818;2226;145;145;2;3695;3565;25;16575;1045;9;15;0;1;384279630;382040524;20665;262907563;260795550;20525;10038876;10045115;668;124162;122065;125;19598626;19525533;5046;1266176;1262262;199;89232744;89179557;9661;1111480;1110443;301;0;0;0;2780;50;1;20020959;20051016;410;147618858;146924918;22401;0;0;0;41176496;39852926;1016;7991038;6596070;69;435560726;0;45624456;9124889;11537100;2307420;644687;6172782;20214;4043;58586;11717;698;-8372;12;0;45093560;9018713;14075641;2815127;13390;6190196;0;0;0;0;90718016;18143602;25612741;5122547;658077;12362978;9111483;1822299;258220;51644;21096;1749559;3179;204;41;45;3093;4;0;1131717;10243200;0;0;0;0;435560726;20018037
   Калининградская область;219316411;219456776;8664;30823082;30795724;307957185;1446;14724;18929;208214;22;1087;133441657;133693569;668468813;8168;0;1051690;1051317;6307899;251;894;894;4504;3;0;0;0;0;104635;104601;523011;83;48059762;48001328;311507934;4092;5211551;5194230;1616;1458;1612;4;5574547;5545149;2443;628607;638301;639;978;978;3;561;516;19;8351;1862;7;54;0;0;170649168;170042279;8195;109143133;108567605;8038;6600647;6620871;1011;3462475;3461549;428;8060764;7991212;1450;95174;92894;80;42661503;42682679;3828;438209;438205;259;0;0;0;5466;418;4;3490991;3467097;393;66978264;66747134;8436;0;0;0;21130804;20119206;611;704153;704153;33;189347584;0;34575663;6915132;5031669;1006335;210329;5698468;6728;1346;7038;1408;131;-193;13;0;175388804;35077761;36741372;7348275;7966;27721520;0;0;0;0;209964467;41992893;41773041;8354610;218295;33419988;216388068;43277613;177584205;35516842;1053;7759718;2976;9148;1830;0;1146;5;0;26991841;243379909;0;0;0;0;189347584;3467058
   Калужская область;313941107;313683014;13716;19893005;19894540;198945414;1404;7;7;79;3;1191;215768499;215654249;1078269914;13166;0;1681702;1684949;10109695;258;0;0;0;0;3;3;30;1;116498;115601;578005;113;62280586;62171313;377740461;7534;12318507;12233492;3143;1031281;1031281;34;14199610;14161111;4553;1078379;1076816;916;327;296;4;1985;1974;29;6871;2721;6;0;0;0;274317868;274278493;12962;158856292;158885781;12813;45300970;45293841;803;1127947;1126538;360;15482310;15456006;2844;102267;101305;109;52439838;52407911;7174;1008241;1007108;321;0;0;0;212;210;1;6563074;6563074;97;47226568;47032114;13868;0;0;0;13000089;13027877;431;622550;622550;38;101639472;0;24576222;4915244;6860885;1372176;324287;3218781;22013;4403;15;3;0;4400;10;0;225149769;45029955;83747326;16749465;80816;28199674;0;0;0;0;249725991;49945199;90608211;18121641;405103;31418455;7748846;1549768;929774;185955;1621;1362192;33879;163;33;1;33845;14;0;1188098;8936944;405668;0;8;0;101639472;6545354
   Камчатский край;54996920;54802025;2445;6985383;6954880;69548799;738;6646;6537;71903;13;-86;33034101;32899436;164497175;2270;0;180085;179493;1076960;85;0;0;0;0;0;0;0;0;260804;259918;1299590;48;8804243;8796636;58493548;1100;5452554;5433848;446;120485;120485;3;5721633;5701056;753;87550;87438;208;0;0;0;0;0;0;10335;1784;1;0;0;0;54599437;54487048;2228;39353159;39299957;2206;1962315;1940870;183;17138;17138;19;5768741;5765594;402;255865;254979;47;7164889;7133307;1031;76135;74009;93;0;0;0;0;0;0;2565108;2567032;45;8719193;8663831;2323;0;0;0;10772858;10805713;291;329551;329543;9;116441707;0;5079037;1015805;462475;92496;45600;877709;22602;4520;0;0;59;4461;4;0;1597911;319582;93224;18645;6098;294839;0;0;0;0;6676948;1335387;555699;111141;51698;1172548;239342;47869;35;7;58;47804;0;0;0;0;0;0;0;7147491;7386833;0;0;0;0;116441707;2565293
   Кемеровская область - Кузбасс;756875141;756541158;18427;10195230;10187469;101875304;1712;5296;696;7654;6;1396;563161065;562840002;2814148296;17832;0;31100140;31068671;186411601;433;0;0;0;0;0;0;0;0;2904247;2903013;14515070;292;110468191;110481558;669607828;8143;36350076;36348980;3782;723760;725276;39;39039084;39058175;5986;388776;387519;1317;147;147;2;2210;2210;29;172481;42166;22;0;0;0;641290728;641375849;17025;485507806;485768780;16934;7500570;7542395;503;2571475;2571978;163;41040100;41023176;3499;2880470;2879232;287;101551411;101405678;7759;249027;248752;280;0;0;0;28468;14504;7;63734454;63709591;237;150179207;149874934;18678;0;0;0;97664117;97915575;485;4944217;4912727;141;1163136888;2;41451805;8290364;10400270;2080053;977660;5232651;15233;3047;723;145;109;2793;15;0;153391778;30678356;76881107;15376221;52996;15249139;0;0;0;0;194843583;38968720;87281377;17456274;1030656;20481790;13126600;2625321;714478;142896;157447;2324978;1;0;0;0;1;1;0;63376735;76503335;0;0;0;0;1163136888;63587053
   Кировская область;112349194;112244889;10615;10632365;10630850;106319746;1815;-8;0;2;1;2119;74722482;74667680;373357590;10252;0;1765939;1765334;10589690;236;0;0;0;0;0;0;0;0;172121;159285;796427;161;22001811;21984792;137252991;5849;2837542;2820933;2378;4267;4428;12;3052365;3034826;3637;80642;78802;1933;0;0;0;3912;3811;22;3853;3325;13;0;0;0;99035681;98840157;10248;71208318;71044950;10196;2653087;2653076;280;257578;257578;128;3572532;3572215;2220;167003;154519;156;21135410;21116623;5581;41265;40942;173;0;0;0;0;0;0;87050;84367;74;16079113;16056377;12143;0;0;0;2738979;2627612;218;135248;136442;46;35400723;2;16957801;3391559;3213360;642675;387173;2361711;3996;799;175;35;0;764;3;0;23978550;4795710;22714810;4542963;35280;217467;0;0;0;0;40936351;8187269;25928170;5185638;422453;2579178;8562654;1712533;779344;155869;19217;1537447;136;0;0;0;136;1;0;165082;8727736;327530;570;8;0;35400723;84153
   Костромская область;64545601;64578197;4990;4831375;4831335;48313347;742;44;44;486;1;295;47904230;47926492;239632456;4810;0;232096;240570;1443419;96;0;0;0;0;0;0;0;0;115414;114810;574053;65;9988119;9997469;61046786;2569;1185058;1178275;1101;1222;1222;3;1474051;1467182;1767;216556;216210;553;0;0;0;1774;1388;21;696;121;4;0;0;0;55818500;55874457;4749;42848914;42962423;4714;1755820;1727411;235;332737;318701;133;1323602;1321629;991;112410;114464;64;9278015;9263033;2425;170225;170242;90;0;0;0;0;0;1;51900;51900;44;10583652;10554976;5291;0;0;0;1650666;1647009;92;109479;114870;15;61596238;0;155448060;31089613;151421573;30284314;55609;749690;0;0;0;0;0;0;0;0;985632440;197126488;945734869;189146973;2935100;5044415;0;0;0;0;1141080500;228216101;1097156442;219431287;2990709;5794105;22818777;4563755;30879;6176;2756;4554823;1761;0;0;0;1761;3;0;149;22818926;0;0;0;0;61596238;51279
   Курганская область;71595819;71486008;4826;6178540;6147409;61473791;949;1330;1330;14548;10;100;44401779;44375705;221879004;4496;0;566870;576680;3460012;169;91;91;878;2;0;0;0;0;83134;79331;396652;99;15988904;15976934;98257252;2140;4156346;4152530;1001;101014;101014;6;4375159;4328502;1517;53264;53146;402;336;336;1;4290;4290;22;283;283;2;0;0;0;61475466;61432176;4625;42597776;42558777;4600;764919;763405;95;144945;144332;85;6067986;6059759;935;82884;79081;97;11794816;11798110;1993;26197;28645;80;49;49;2;0;0;0;61500;61510;17;11124254;11057448;4880;0;0;0;1004459;1004565;156;154133;154133;14;6333510;0;7689172;1537833;733107;146624;43502;1347707;12343;2469;58;12;0;2457;4;0;3666461;733292;2371793;474359;9616;249317;0;0;0;0;11355633;2271125;3104900;620983;53118;1597024;252929;50587;2148;430;14;50143;2047;0;0;0;2047;6;0;59679;312608;106844;346;13;0;6333510;61290
   Курская область;162089134;161775477;10983;34535563;34526946;345269447;2615;3829;3829;42115;11;-5257;89457349;89169911;445849537;9918;0;1064442;1063002;6378014;207;4256;4256;21611;1;0;0;0;0;311218;305499;1527494;114;27398750;27405923;191460069;4889;6871032;6878286;2127;691;691;2;9323265;9300253;3255;126002;126147;729;0;0;0;897;920;18;36416;15798;8;-36;0;0;144907592;144711031;10471;106641267;106455901;10403;4990272;4986707;345;790963;790937;247;8024392;8014479;1967;307144;301425;112;24115132;24122965;4552;97295;97490;134;0;0;0;776;6;2;3170415;3169943;36;25535845;25394793;10832;0;0;0;11354366;11352119;590;4072391;4072393;36;88766681;2;16224891;3244976;2949872;589972;515636;2139368;38484;7697;0;0;0;7697;7;0;45724293;9144858;32122460;6424492;2459;2717907;0;0;0;0;61949184;12389834;35072332;7014464;518095;4857275;7532500;1506499;53361;10672;3520;1492307;0;0;0;0;0;0;0;258597;7791097;1050;0;1;0;88766681;3163593
   Ленинградская область;461933716;461848493;20145;19782079;19780120;197805278;1729;504;504;5543;12;1195;329189340;329279239;1647520817;19589;0;3091144;3066843;18401062;355;198;237;6441;3;0;0;0;0;2153768;2146541;10732705;234;94412732;94369389;581152318;10251;12059279;11968368;4604;20880;20982;23;13302520;13203945;6620;8569791;8558562;2634;2364;2364;7;1251;1289;31;31286;5336;25;0;0;1;469591554;469809920;19499;301369864;301759706;19323;41301030;41302483;1262;2794470;2795323;388;39999176;39949502;4124;2150981;2143201;224;75274346;75148619;9748;6713211;6712274;537;215;215;1;818;174;2;6764236;6765587;443;113372980;112975437;21407;0;0;0;119215012;119105191;712;4648188;4575998;87;672041541;3;52152041;10430410;9320705;1864140;677132;7889138;52023;10405;1614;323;0;10082;17;0;34306060;6861213;4030767;806155;7625;6047433;0;0;0;0;86458101;17291623;13351472;2670295;684757;13936571;16608223;3321646;825733;165147;339588;2816911;8241;4661;932;569;6740;24;0;69142948;85751171;105649;4683;17;0;672041541;6748700
   Липецкая область;264597942;264106591;14608;36516567;36507821;365070703;1811;257;103;1135;3;431;159863331;159538874;797685361;13974;0;1843573;1844023;11064142;207;0;0;4803;0;0;0;0;0;177887;177747;888734;128;50314071;50191258;328663635;5937;15256252;15267188;2736;5182;5182;11;15881843;15846321;4152;623282;622177;833;0;0;0;522;522;9;43311;40682;9;4;4;2;290885912;290720090;14075;210705389;210724801;13997;14445053;14418156;418;1573308;1573308;194;15100494;15060539;2510;173518;173378;121;48013360;47901837;5446;867443;868621;225;0;0;0;8;0;0;46856;45104;38;23468342;23261237;14817;0;0;0;49075824;49196463;270;4470846;4459718;87;383129567;0;12071684;2414337;4244068;848814;87772;1477751;34086;6817;140413;28083;1629;-22895;16;0;13319091;2663817;105108;21022;2370;2640425;0;0;0;0;25390775;5078154;4349176;869836;90142;4118176;1197114;239422;24539;4908;13635;220879;3755;414;83;209;3463;16;0;177453;1374567;39611;1867;7;0;383129567;19347
   Магаданская область;46364223;45089772;1519;1107120;1014904;10149043;262;16713;16713;183840;3;1684;32916188;32642370;163211754;1455;0;8835;8192;49120;24;0;0;0;0;0;0;0;0;1173917;1094979;5474896;37;7731862;7629929;45862466;516;3378590;2518527;251;14471;14471;2;3407902;2682523;492;291826;291780;310;0;0;0;47;47;2;0;0;0;0;0;0;48472674;47108871;1465;37201923;36720826;1429;559363;562435;37;1466;1466;3;3522256;2824019;244;1171867;1092929;36;5706330;5604440;475;281636;281636;55;9803;3616;3;0;0;0;11176417;11391409;178;9249039;9218551;1535;0;0;0;22234410;22330435;397;1154069;1179001;14;185856802;0;964955;192992;123155;24632;87985;80375;1362;272;0;0;792;-520;6;0;3969693;793938;20221;4044;0;789894;0;0;0;0;4934648;986930;143376;28676;87985;870269;8831412;1766282;2835;567;4263;1761452;840;0;0;0;840;3;0;2949308;11780720;0;0;0;0;185856802;11391248
   Московская область;3683762398;3680674360;130729;241883593;241776097;2417768746;11274;5652;5902;64919;34;278320;2527234980;2525643754;12628219760;126696;-5;16638479;16746071;100476426;1642;27869;27263;141610;17;389477;389477;1947803;10;1296004;1287212;6436051;597;779391981;778434646;4781991575;77080;95018237;94136652;32160;10082412;10148334;185;117077335;116480086;44693;12527493;12490060;6780;51956;51956;32;10903;15764;99;4090747;2731306;156;5264;5336;17;3297906703;3295869205;126228;2156998379;2156089197;124885;292261635;292060640;10687;29026125;28817743;3670;122382802;122600723;29420;1277654;1265940;571;684219738;683334193;74098;11330940;11312882;2465;384776;384776;10;937984;265322;18;35321599;35791030;1060;501983853;500597210;131822;0;0;0;136958462;136352539;1689;10467435;10222653;290;1050228125;29;504808594;100961723;138988259;27797649;19257822;53906252;37641;7528;25122;5024;254;2250;8;0;501300840;100260169;268208309;53641663;922045;45696461;0;0;0;0;1006109434;201221892;407196568;81439312;20179867;99602713;312212813;62442561;220885824;44177165;671844;17593552;43450425;216560521;43312104;11039;127282;94;0;56644528;368857341;3851213;471285;75;0;1050228125;32846257
   Мурманская область;106639107;106578129;4506;5995774;5991974;59919737;1109;3523;3523;38756;1;8;73685825;73684173;368420865;4166;0;399288;399079;2394472;108;101;101;504;1;0;0;0;0;298314;292351;1461755;51;20409570;20400275;128578113;1896;5063928;5041136;828;218416;218416;8;5846798;5806742;1312;1751967;1748426;1601;0;0;0;1632;1632;20;439;76;2;0;0;0;150693350;151896127;4203;122546781;123735580;4186;3827849;3829350;145;66153;66153;42;4418640;4416698;722;291702;287881;50;17599132;17625639;1789;1943095;1934826;161;0;0;0;0;0;0;5667667;5272950;65;22167270;22184250;5730;0;0;0;70127194;71016553;261;10204580;10224680;28;677181817;0;17051197;3410240;1737227;347445;397013;2665782;54214;10843;2310;462;315;10066;2;0;5030926;1006185;7737;1547;8053;996585;0;0;0;0;22082123;4416425;1744964;348992;405066;3662367;17919043;3583810;262798;52559;12071;3519180;485032;5766;1153;672;483207;4;0;27655568;45574611;0;0;0;0;677181817;5272424
   Нижегородская область;914643014;912356010;57376;56020118;55982047;559820433;4658;15284;11663;128295;23;12910;653802433;651795121;3258975595;55802;0;10968156;10963788;65782721;982;0;0;0;0;0;0;0;0;812176;812201;4061004;303;162635702;162640731;989322874;29061;27018793;26699717;13709;842059;842380;105;30376089;30078444;19471;1179216;1175217;2406;1801;1801;5;2074;2072;44;1126455;85541;29;87;87;9;794459904;792625238;55734;585195519;584318506;55376;27677014;27690288;2272;3421489;3420399;827;32270275;32136507;12952;809696;809239;292;143318407;142499645;27611;1766910;1750062;736;0;0;0;1221862;235231;11;10634171;10476033;525;143784684;143694041;57856;0;0;0;33107005;33354585;895;6859385;6810542;102;309010677;3;150776744;30155348;26224813;5244963;4612824;20297561;316398;63280;111305;22261;400;40619;46;0;42734989;8546998;5999931;1199985;35839;7311174;0;0;0;0;193511733;38702346;32224744;6444948;4648663;27608735;11974995;2395000;468982;93796;20823;2280381;48054;7685;1537;16;46501;61;0;120007324;131982319;306714;22713;50;0;309010677;9789687
   Новгородская область;83015646;83066384;5759;6415678;6414381;64143804;637;141;141;1556;6;7292;55324509;55399358;277000657;5542;0;756623;775348;4652141;167;116;116;295;4;0;0;1983;0;153211;153470;767350;67;17940785;17950123;111178395;2698;1728788;1682908;1176;319847;319847;13;2417399;2366660;1901;256807;256288;449;0;0;0;747;747;15;39039;16899;6;-51;0;0;79471241;79523975;5521;57613030;57702561;5481;4766093;4759648;280;255986;253602;127;1869956;1869553;1091;151545;151804;67;14563643;14535818;2582;250870;250870;116;0;0;0;411;411;1;941824;943174;74;11092314;11049417;5805;0;0;0;8173781;8156866;181;679887;679887;16;170740023;1;7159789;1431957;1212134;242427;286920;902610;2006;401;87;17;142;242;3;0;3002113;600422;978963;195793;51580;353049;0;0;0;0;10161902;2032379;2191097;438220;338500;1255659;2202384;440477;42533;8506;421;431550;451;0;0;0;451;7;0;206751;2409135;543;0;2;0;170740023;907406
   Новосибирская область;595985203;595894257;59187;62018142;61854715;618477182;6731;29372;29269;321962;35;6631;401409320;401567257;2009357633;57195;0;3477323;3511186;21574075;912;823;891;9296;5;0;0;0;0;312072;311291;1556456;152;106957509;107033516;676830432;29322;19908478;19709095;13809;128465;127398;53;21783865;21578073;19750;497893;499803;1673;1293;1279;10;9360;9360;50;238962;127747;48;-1528;311;2;530003756;529738958;57865;383797716;384115399;57505;21783433;21779086;2538;6072029;6076672;896;22789999;22716221;12797;305455;306091;139;94444959;94328684;27881;427844;427105;388;1380;1380;7;169767;96418;10;17252653;17310230;319;80394152;80277170;58484;0;0;0;30772916;30795449;1034;2229870;2154327;70;290937864;0;112125031;22425005;35785493;7157099;2310079;12957827;439864;87973;208287;41657;6591;39725;50;0;210840090;42168016;104921557;20984311;1049852;20133853;0;0;0;0;322965121;64593021;140707050;28141410;3359931;33091680;515494625;103098925;4033632;806728;28293;102263904;519911;1533873;306775;237;212899;69;0;10758956;526253581;377164;2412;40;0;290937864;17059057
   Омская область;248333162;248463324;20411;19260105;19251967;192508552;3233;15905;26925;296176;19;-299;175022832;175442167;877274766;19458;0;458295;459688;2758087;215;0;0;0;0;0;0;0;0;133090;130084;650418;105;41645801;41391336;258296149;8623;11147765;11115947;3956;11444;11475;28;11797414;11760221;6265;231545;231421;857;275;275;3;419;486;18;27736;1417;9;0;0;1;205601788;205806344;19831;154210153;154751109;19715;2522078;2511128;390;779760;779593;403;12077777;12063916;3727;133324;129983;105;35699585;35386545;8149;175789;182785;153;-68;0;0;8153;182;2;360351;361126;219;51223333;51137445;20163;0;0;0;8599056;8584118;592;6629302;6629616;35;58661521;2;32702445;6540491;8754633;1750928;560632;4228931;42004;8401;21432;4286;856;3259;11;0;43233694;8646740;8400344;1680069;5348;6961323;0;0;0;0;75936139;15187231;17154977;3430997;565980;11190254;17812266;3562453;181910;36382;98458;3427613;3801;195;39;0;3762;6;0;2764863;20577129;2647;0;3;0;58661521;350633
   Оренбургская область;360845263;360237795;13651;13212943;13179429;131794300;2315;1203;1111;12221;10;989;264800839;264378093;1321890469;12853;0;4731470;4730579;28383478;301;0;0;0;0;0;0;0;0;652175;648108;3240542;133;65893130;65810204;404409791;6337;10867300;10808854;3149;329174;329265;17;11553479;11489240;4607;186581;185745;874;0;0;0;1324;1324;31;46601;22880;11;284;0;1;248363174;247991549;12881;172056591;171859107;12784;2600079;2599064;234;942640;939787;162;11893110;11877244;2874;651936;647532;128;60078061;59926277;5913;143016;142299;180;0;0;0;18424;9;1;4128521;4132723;162;114956551;114714168;13907;0;0;0;6343582;6349948;379;5139359;5133571;54;145534767;3;22428177;4485638;3898988;779796;350762;3355080;7128;1426;0;0;0;1426;13;0;65367101;13073422;51818281;10363655;39923;2669844;0;0;0;0;87795278;17559060;55717269;11143451;390685;6024924;20247665;4049533;47737;9547;7450;4032536;3455184;31;6;0;3455178;18;0;752802;21000467;57814;9172;11;0;145534767;4118591
   Орловская область;92961310;93024076;7663;13969422;13946706;139467052;1495;5747;5735;63086;4;1002;49994663;50125269;250625185;7075;0;1419049;1407214;8442316;193;339;339;1693;2;0;0;0;0;90900;90924;454618;62;22052057;22025305;146970250;3591;4676576;4646423;1399;3808;3808;12;5428446;5422051;2075;105477;112674;456;54;54;1;4467;4512;16;10889;8462;3;0;0;0;84808011;84871204;7286;54662702;54766948;7226;3702008;3703070;257;490338;490486;188;5422530;5425728;1264;89126;89150;61;20361015;20305540;3421;82749;90285;105;0;0;0;10;0;0;50247;50247;36;11999321;12008911;7786;0;0;0;3739762;3742801;269;372324;372324;25;25228779;0;7476784;1495359;2026539;405307;142713;947339;26168;5234;26120;5224;0;10;5;0;1567446;313490;57715;11544;2002;299944;0;0;0;0;9044230;1808849;2084254;416851;144715;1247283;1532211;306443;8896;1779;2116;302548;0;0;0;0;0;0;0;13275;1545486;29087;0;11;0;25228779;47980
   Пензенская область;155302582;155104033;11793;21781364;21768374;217665425;1875;-2828;1043;11477;5;1011;99025415;98892958;494428429;11157;0;1234149;1210597;7263582;333;0;0;0;0;0;0;0;1;102379;96560;482798;131;25694263;25693780;162834240;5982;7125251;7090106;2683;1107;1107;5;7467127;7439557;3963;67985;68758;748;5;5;2;653;653;29;427570;418973;9;0;0;0;136757144;136604542;11367;102624966;102527165;11305;3021804;3021991;350;396582;397958;180;8082404;8043222;2438;102288;96469;130;22469600;22457930;5735;67670;67996;119;0;0;0;0;0;0;905868;905874;23;23371663;23319720;11964;0;0;0;5202916;5205280;238;977520;977467;55;26353520;0;13659811;2731963;2348972;469797;206078;2056088;26120;5224;20808;4162;9;1053;4;0;10438666;2087733;4579580;915916;15159;1156658;0;0;0;0;24098477;4819696;6928552;1385713;221237;3212746;3526653;705331;3630;726;478;704127;29556;0;0;0;29556;1;0;609948;4136601;0;0;0;0;26353520;2060
   Пермский край;525817410;525354338;33258;18471038;18439403;184394162;2987;1128;24;260;4;948;396258564;395860462;1979298498;32448;20;4630906;4642857;27857101;753;-2675;5;26;2;0;0;0;0;2036760;2035990;10179952;278;86724931;86744885;523088076;16298;16028585;15937417;8233;273587;273587;26;17694498;17629403;11836;1099806;1094045;2062;126695;126695;3;3120;3079;36;1622729;1619063;17;139;348;3;382924025;382747568;32084;277162654;277103612;31864;7811299;7815326;920;1306701;1291079;352;16716979;16653101;7572;2033106;2032342;267;76858572;76853967;15688;1001188;990270;303;0;0;0;210;210;2;1637582;1637713;170;159438719;159183131;34295;0;0;0;15369590;15410967;414;10444916;10445008;109;401896249;3;58483466;11696695;11009309;2201860;980826;8514009;10334;2067;6823;1365;2208;-1506;23;0;44285454;8857091;12645035;2529007;47024;6281060;0;0;0;0;102768920;20553786;23654344;4730867;1027850;14795069;24725012;4945004;901062;180214;67315;4697475;21094;37874;7575;63;13456;14;0;5999150;30724162;66014;7689;10;0;401896249;1633745
   Псковская область;54656677;54038050;5783;10679980;10680284;106802798;718;1227;1137;12508;5;16;32489148;32344593;161713937;5617;0;1565451;1146624;6879747;121;0;0;1600;0;0;0;0;0;55437;55268;276339;55;8282678;8255519;51018575;2485;1350101;1365520;1043;24826;33649;13;1582740;1554608;1615;109343;124518;469;0;0;0;8810;8810;10;6246;3234;5;0;0;0;49668456;49415901;5536;37663307;37458850;5480;2320142;2319724;339;497825;493604;253;1381435;1363678;941;53857;51133;53;7682985;7663732;2348;69148;69111;92;0;0;0;68;59;1;1224411;959181;332;6763785;6612276;5683;0;0;0;2774580;2715424;551;273877;273877;8;16508999;2346;6105770;1221154;879258;175852;222159;823143;7646;1529;4160;832;0;697;6;0;532529;106505;306373;61275;5567;39663;0;0;0;0;6638299;1327659;1185631;237127;227726;862806;256225;51244;13755;2750;922;47572;0;0;0;0;0;0;0;150000;406225;1639;0;1;0;16508999;955607
   Ростовская область;640166302;639435681;44259;60025528;59999243;600051370;6579;77724;48221;530430;66;28177;388546287;388107831;1940472510;41407;8;11771302;11751087;70506524;891;6633;6633;93168;10;55;55;601;1;813742;813423;4067121;351;146487313;146369594;935848842;25749;26332714;26178797;11093;601458;600447;67;32399461;32301703;15531;423852;423356;1387;2015;2015;11;2742;3534;76;150687;10347;28;3728;1987;7;601326813;601520783;42695;403159878;403557751;42233;27710307;27622022;2534;3304860;3346587;854;29353050;29388087;10054;794736;791948;336;136727942;136550953;24450;273047;272497;359;1331;1310;2;2963;1381;6;28869232;28847716;584;82168218;81463463;43110;0;0;0;71551673;71880029;2394;1305587;1282831;78;714052304;2255;80770850;16154170;22328139;4465627;8568129;3120414;41581;8316;9411;1882;207;6227;45;0;51685572;10337116;1945938;389186;150252;9797678;0;0;0;0;132456422;26491286;24274077;4854813;8718381;12918092;14257500;2851500;1399571;279915;943155;1628430;107641;29358;5872;3644;98125;64;0;52687498;66944998;138267;7472;24;0;714052304;28652783
   Рязанская область;223573987;224061009;15290;18294345;18297489;182974869;2022;658;658;7242;11;71393;148724467;149172168;745861289;14534;0;2792985;2802590;16815528;347;12;12;62;2;0;0;0;0;67936;67997;339985;94;42925396;42929335;264657885;7236;9806781;9825230;3083;31688;31688;23;10696774;10719197;4547;140266;139932;702;29;29;1;2266;2266;23;42915;2261;14;0;0;0;191193038;191750029;14720;135039809;135737767;14613;7413543;7411758;522;859900;855346;233;11671367;11673379;2827;66018;66079;92;35965922;35914335;6849;104084;104084;149;0;0;0;171;171;3;480814;480026;90;37016484;37001174;15435;0;0;0;4901054;5006751;178;232898;233207;25;48397048;0;13884088;2776820;3152803;630562;341111;1805147;31205;6241;26796;5359;0;882;3;0;31843983;6368796;1067318;213464;44320;6111012;0;0;0;0;45728071;9145616;4220121;844026;385431;7916159;2243044;448609;4428;886;0;447723;2500;0;0;0;2500;8;0;452229;2695273;66208;272;2;0;48397048;218626
   Самарская область;801773242;799849779;59749;33518704;33524168;335230963;5125;4392;7031;77341;16;2988;573129890;571503881;2857528108;57932;1;12011418;12001520;72009549;791;1514;1499;29824;7;0;0;0;0;434154;431394;2156970;239;149258484;149139752;912917707;27762;30981768;30854341;12860;180684;176469;69;33413087;33235481;17976;2813249;3014986;1816;1722640;1722640;11;1439;1439;31;131983;127162;30;-4;0;1;638532079;637365984;57868;435037423;434380173;57475;27295753;27232657;1560;1915884;1916313;570;35649566;35497532;12051;433325;429559;226;137218111;136940755;26405;979420;966412;554;0;0;0;4176;3896;6;6111610;6098585;403;173762583;173201731;59455;0;0;0;13639031;13625768;641;9412501;9393281;136;323968012;3;91114500;18222902;23227887;4645577;2179596;11397729;169683;33937;4095;819;9175;23943;17;0;75003686;15000738;16634034;3326807;100654;11573277;0;0;0;0;166118186;33223640;39861921;7972384;2280250;22971006;42725708;8545143;968316;193663;1360709;6990771;29935;1723;345;0;29590;33;0;6628159;49353867;58820;4712;21;0;323968012;6050217
   Саратовская область;286336353;286163154;23030;33046415;33001980;330019924;3406;22801;30306;326141;15;7217;168183033;168120412;840596644;21760;37;10008560;9981147;59886880;454;0;0;0;0;-33;38;381;1;577562;577566;2887831;152;56105268;56097224;352255445;12235;16580395;16536912;5688;825855;827791;52;18391123;18352206;7885;230627;230275;793;0;0;0;5236;5236;20;5535;2027;17;0;0;0;252567200;252820840;22250;175948161;176239670;22080;4791002;4798339;466;538029;531096;303;14857411;14849923;5250;573092;572792;145;55685829;55655602;11518;170559;170892;172;0;0;0;1054;346;6;1251364;1253029;158;45749115;45389672;22946;0;0;0;12967992;13041888;454;1220523;1247581;30;76495780;1;28280964;5656194;5891646;1178327;866535;3611332;355954;71191;50040;10008;597;60586;12;0;18082806;3616561;1646375;329276;3502;3283783;0;0;0;0;46363770;9272755;7538021;1507603;870037;6895115;8841968;1768395;384595;76918;32482;1658995;8878;33526;6705;135;2038;18;0;657259;9499227;7608;0;3;0;76495780;1148081
   Сахалинская область;66359039;66402976;3911;4880831;4794264;47942187;741;279;279;3070;4;947;49457464;49466642;247335879;3793;0;380785;418111;2508666;44;389;389;99617;1;0;0;0;0;56869;56703;283516;46;9588730;9693232;62045051;1718;1540115;1519949;593;129948;129948;13;1993137;1972785;1157;692433;691933;495;24;24;1;58;58;3;17094;16966;1;0;0;0;69526847;69398189;3703;56461525;55410935;3648;2438961;2453155;280;5628;5628;23;2110766;2111489;552;56003;55221;43;7705956;8684542;1614;744401;673614;187;3609;3609;1;0;0;0;5223733;5223903;100;20106302;20156532;3926;0;0;0;25359445;25238070;408;176542;176871;10;166753357;0;13984631;2796927;1008489;201699;187122;2408106;41682;8336;9471;1894;181;6261;11;0;4888954;977791;404835;80967;31499;865325;0;0;0;0;18873585;3774718;1413324;282666;218621;3273431;2939402;587880;959318;191863;233735;162282;258839;100000;20000;0;238839;10;0;4528221;7467623;209190;803;5;0;166753357;5223641
   Свердловская область;1614950455;1601740370;85948;43221156;43216077;432160130;5885;58039;57977;637751;43;-13409;1035047979;1021609513;5108013774;83723;132;120960349;120962309;726079232;1872;2852;2777;92670;12;26675;26675;133708;6;1399415;1398339;6991696;501;332312217;332562968;2010573465;47636;76408930;76366326;23518;999624;1016707;147;81947329;81905514;30875;1189114;1164541;4111;7705;7705;16;46626;46937;106;151723;20109;55;0;0;0;1468014882;1450469179;83599;1044245084;1027284981;83034;40829965;40068590;3463;10875724;10876354;1060;90002687;89637947;21613;1378039;1375861;479;280085418;280301931;45847;1047787;932774;946;-380268;4509;10;26790;5739;12;5201272;8967320;708;204980917;205204099;87249;0;0;0;65600184;60452309;1041;5832407;5744884;206;688640540;28;172547602;34509523;41023514;8204702;4818905;21485916;1010366;202073;9325;1865;25194;175014;34;0;633702087;126740420;241359387;48271876;492470;77976074;0;0;0;0;806249689;161249943;282382901;56476578;5311375;99461990;66670990;13334196;2980920;596183;263374;12474639;183634;1138596;227719;189616;-233701;60;0;5795243;72466233;604067;243354;35;0;688640540;8830489
   Смоленская область;173881856;174109942;15889;13290817;13289899;132898988;1988;139;91;1005;2;32011;111662213;112449372;562799840;14957;11;4495965;4186490;25115546;370;0;0;0;0;0;0;0;0;64698;62944;314720;83;38263437;38065245;235479949;6782;4553050;4537962;2615;1132858;1132458;37;6071709;6055659;3918;370678;370298;1380;605;600;2;424;389;13;2950;1935;17;0;0;0;161140498;161579594;15824;98012646;98556756;15419;5925063;5914902;823;18467522;18465975;3778;5380380;5370849;2384;63188;61434;81;33074919;32857978;6259;349923;349839;445;0;0;0;266;266;4;5029710;4874384;1137;19277195;19204683;14136;0;0;0;11157755;11144098;3561;138044;138044;15;130664561;1;13680078;2736017;2100175;420035;193868;2122114;13980;2796;9397;1879;1;916;16;0;5354344;1070868;460281;92056;6424;972388;0;0;0;0;19034422;3806885;2560456;512091;200292;3094502;3346267;669254;361307;72262;3236;593756;84109;183953;36791;819;46499;30;0;6499930;9846197;2224638;132129;190;0;130664561;4873430
   Тамбовская область;115114205;114748903;7689;31418912;31419724;314116951;2163;18890;18268;200953;12;411;51290011;51138826;255745879;6928;0;333795;331946;1991677;151;-13;0;11;0;0;0;0;0;178294;170984;854918;80;24433117;24264672;185507168;3536;6675993;6637116;1592;515802;515802;4;7442826;7404915;2405;111426;111354;709;0;0;0;1296;1296;18;4607;981;4;109;120;2;106579944;106440273;7342;75392031;75337835;7290;1323541;1323541;91;341215;337778;79;7510977;7475527;1423;177171;170940;80;21748762;21708404;3289;84184;84184;131;0;0;0;2637;91;1;507547;507553;5;14019154;13800548;7978;0;0;0;5873483;5878033;139;349517;349485;18;18207275;0;10389461;2077892;1661509;332302;89990;1655600;26220;5244;0;0;0;5244;3;0;9566801;1913360;4050821;810164;2264;1100932;0;0;0;0;19956262;3991252;5712330;1142466;92254;2756532;1704637;340928;241784;48357;22441;270130;9594;11487;2297;2297;5000;4;0;136744;1841381;35305;0;2;0;18207275;506586
   Тверская область;177408152;177376065;14843;10668471;10661104;106587618;1632;9432;8916;98074;13;20530;122524062;122551609;610135285;14407;0;10783101;10783080;64698396;330;117;354;2015;3;0;0;0;0;169644;169580;847899;92;28784326;28773576;177174340;6936;3792423;3791274;2881;100618;100450;27;4448645;4406998;4361;287910;285852;1658;2;2;1;546;546;15;12366;11107;5;0;0;0;159760419;159752067;13930;121324650;121321437;13814;8205150;8205839;461;667477;666894;220;6288216;6285677;2675;169474;169042;89;22868540;22856642;6636;251527;251468;228;0;0;0;0;0;0;1526089;1530449;118;23116232;23088089;15848;0;0;0;6675710;6680369;264;561535;561535;37;37650111;0;21339367;4267874;3244830;648966;192915;3425993;3444;689;0;0;0;689;4;0;3580672;716133;164881;32976;5728;677429;0;0;0;0;24920039;4984007;3409711;681942;198643;4103422;3744150;748831;164660;32931;2319;713581;289;0;0;0;289;2;0;1184126;4928276;958;0;3;0;37650111;1530272
   Томская область;269017506;268919452;11286;15340492;15342108;153421133;1269;5308;5308;58391;2;363;210447921;210419470;1052107423;10971;-4;701575;724445;4346669;193;0;0;2;0;0;0;0;0;208797;208797;1043985;71;35524849;35469287;215567038;5466;6327779;6290821;2608;240135;240688;9;6787887;6749078;3718;104928;102469;978;494;494;3;1315;1152;16;7183;514;7;-23;0;0;203829836;203899039;10925;159456907;159612510;10848;2522269;2523198;248;199493;198996;97;8102038;8092914;2382;208797;208797;71;33284273;33212467;5221;50143;50133;136;0;0;0;0;0;0;449148;462042;47;70013076;69840309;11771;0;0;0;5147667;5163997;319;3665138;3669401;65;30218226;1;25635978;5127199;4693200;938644;483379;3705176;366193;73239;4699;940;912;71387;10;0;10821045;2164209;450135;90026;23599;2050584;0;0;0;0;36457023;7291408;5143335;1028670;506978;5755760;5401946;1080389;19721;3944;26104;1050341;1040;0;0;0;1040;14;0;1639676;7041622;22017;0;2;0;30218226;455950
   Тульская область;316196339;314393841;18096;21395652;21384353;213823619;2036;10284;10284;113127;7;11768;215946200;214832945;1074171130;17424;0;3216912;3229834;19391017;348;2623;2709;16837;6;0;0;0;0;419190;418365;2091827;185;61633000;61211828;379362368;8854;11310856;11077480;3913;128142;124305;30;13563124;13293531;5489;858831;858278;1196;0;0;0;2941;2941;42;1121882;1105305;16;-1;0;0;304639486;302590153;17311;210276261;208646499;17162;23447330;23510299;628;835528;847299;316;17056943;17048807;3598;411276;412369;179;51782097;51298408;8441;826633;826640;270;2009;92;1;0;0;0;173069;172690;67;42332447;42239940;18498;0;0;0;28149102;28597779;387;2394972;2417170;92;296420492;4;33055633;6611126;8235224;1647045;1240699;3723382;935;187;844;169;0;18;2;0;7459639;1491927;277873;55575;8082;1428270;0;0;0;0;40515272;8103053;8513097;1702620;1248781;5151652;6533069;1306615;580419;116083;634223;556309;2885;248;50;987;1848;6;0;1721480;8254549;6609;0;4;0;296420492;167426
   Тюменская область;586880411;586192028;19320;10799998;10781864;107819235;1900;540;528;5807;14;841;431267282;431074501;2158275812;18609;16;1680325;1644898;9868750;369;287;287;1467;4;0;0;0;0;605733;606095;3030475;125;119423197;119047260;720938255;9555;20714043;20666482;5098;20638;20992;27;23101194;23027167;7418;1927145;1967673;1306;24;24;1;2058;2058;32;2705;697;3;28;28;4;480651939;480584045;18556;335219966;335259915;18374;6821103;6799283;279;538311;537851;128;26151798;26084207;4724;604405;604732;117;109546264;109433279;9127;1871183;1952399;276;0;0;0;0;0;0;105128;95354;45;119646911;119066431;19727;0;0;0;11480658;11492185;412;17722081;17704899;49;251661535;2;72204667;14440937;15902225;3180441;1682055;9578441;222520;44504;12847;2569;352;41583;14;0;18327583;3665517;2119770;423954;392126;2849437;0;0;0;0;90532250;18106454;18021995;3604395;2074181;12427878;43492431;8698486;4058986;811797;708491;7178198;255978;4236;847;4236;250895;27;0;7715920;51208351;148;60;1;0;251661535;94141
   Ульяновская область;141446871;139570244;14453;11999811;11992613;119935312;1598;3236;3236;35597;14;243;98183865;96377164;481873663;13928;25;2258637;2258641;13566183;300;598;598;2989;3;0;0;1;1;88487;88202;441012;104;23266964;23245969;146307874;6579;5027742;5026676;2985;48860;48860;16;5645577;5604094;4411;217152;216674;861;1599;1599;2;851;851;9;913;821;5;23;23;1;129221873;127452961;14000;95895737;94117226;13914;6447478;6465220;342;349917;347687;158;6314933;6319106;2689;84486;83833;98;19899619;19890587;6215;229676;229274;179;0;0;0;0;0;1;640854;641030;62;16743769;16657902;14645;0;0;0;4933851;4955215;259;48789;48789;15;26815797;0;21137666;4227537;5637686;1127538;558137;2541862;96;19;0;0;0;19;2;0;5827784;1165556;497772;99554;20461;1045541;0;0;0;0;26965450;5393093;6135458;1227092;578598;3587403;3602443;720489;223119;44624;41694;634171;0;0;0;0;0;0;0;9976406;13578849;2020;0;1;0;26815797;639081
   Челябинская область;867328256;867679492;57940;27455619;27448160;274481784;3431;17816;16953;186482;26;4287;620180000;619995943;3099945495;56373;471;19443579;19300857;115805142;1181;0;0;0;0;0;0;0;0;1071607;1070280;5351401;308;166158888;166462775;1011369938;30301;30112240;30510386;14404;780120;790640;63;32990277;33378249;19151;498541;497361;2440;779;776;10;11235;11163;62;175665;81493;62;-396;24;8;777702272;778367572;56531;552282304;552621144;56141;22890110;22878630;1806;14739341;14757566;800;33645720;33385118;13387;750838;749695;295;153246380;153548341;28873;403552;408393;460;-271196;0;0;39438;30359;7;6926858;6933886;670;104729455;104357539;57928;0;0;0;21282191;21310585;1550;5659603;5759324;125;389363751;6;89480990;17896191;18323025;3664604;1051955;13179632;69078;13816;86389;17277;3657;-7118;32;0;368081458;73616290;256958836;51391766;149842;22074682;0;0;0;0;457562448;91512481;275281861;55056370;1201797;35254314;16144208;3228841;447848;89570;42229;3097042;34196;41613;8323;1755;24118;31;0;4306539;20450747;250315;24807;47;0;389363751;6836371
   Ярославская область;285573159;285245915;24756;9211817;9211975;92119773;1834;12;9;96;4;-2403;187289225;187476420;937376629;24223;6;1686758;1671191;10026939;350;0;0;10;0;0;0;97;0;202179;202147;1010730;150;72746211;72283404;436351601;11423;12307211;12270064;4678;546730;546749;43;14433867;14398509;6847;307531;307497;878;605;605;6;5271;5271;28;16801;1886;9;0;0;0;236751740;237036258;23901;167405430;167851158;23775;8575904;8435639;639;653529;652181;314;13122550;13131750;4284;201908;201871;150;46643209;46605381;10910;162452;162419;240;0;0;0;17;0;0;971681;971584;135;54447982;53838850;24926;0;0;0;6239256;6253852;390;1610696;1611010;48;71353944;1;48799967;9759992;9394176;1878832;967340;6913820;91938;18388;32;6;0;18382;15;0;10337574;2067514;1610668;322133;19245;1726136;0;0;0;0;59137541;11827506;11004844;2200965;986585;8639956;40175094;8035017;231998;46400;8220;7980397;80812;0;0;0;80812;20;0;468450;40643544;121180;5292;10;0;71353944;968823
   г. Москва;16578237685;16453746841;459370;620548077;620027857;6200279784;36833;1437083;1442470;15867167;136;7778476;11200345738;11084447429;55850405691;446208;18133;82438488;82480349;494886567;5296;1335860;1337072;6686440;63;763112;762987;3843585;102;17600459;17551567;87757831;754;3754519766;3745834860;22795676499;245078;685472472;681856791;98252;138541595;138389747;606;898299756;893927731;136076;80147478;78727436;21789;1195518;1201504;317;-19334;12175;84;4500827;3217479;668;-8998;1547;35;14938276899;14815668589;446134;9536717159;9428617876;440878;1099632372;1099436053;43442;89584251;89354789;9023;843678924;841517502;89329;17541408;17497813;722;3285564627;3274171197;235832;64912709;64493201;11553;500239;500277;150;331387;256703;99;764333966;764691227;4255;2364669555;2352957463;454560;92988291;92992250;3873;1403951519;1397214908;5214;183129440;182853776;600;10345886575;20;3436281418;687256285;950343676;190068734;73536050;423651501;23074671;4614933;8318043;1663609;183342;2767982;534;0;195234423114;39046884624;132992304228;26598460845;108264973;12340158806;3240929;648186;52;0;198673945461;39734789095;133942647904;26788529579;181801023;12764458493;22266435403;4453287079;5329901124;1065980226;11731366;3375575487;26281128;13142545;2628509;3214675;20437944;594;0;39970847851;62237283254;6366427;293749;242;0;10345886575;760522530
   г.Санкт-Петербург;5411130503;5391206716;201869;221169969;220697631;2206840084;14401;11373;11969;131663;62;45490;3865491590;3852698612;19261574413;196802;1081;16860973;16555885;99634471;2475;6568;5935;31772;21;37676;37690;189487;5;2262986;2174023;10870117;410;1050909555;1048597939;6372927208;114967;239187679;235642594;52305;2651841;2652411;183;254673172;250711855;69358;13762270;13674753;7478;63721;63496;64;10637;10567;86;300427;136697;169;-2492;140;15;4971459607;4955478982;197324;3521951962;3508505852;195529;208015217;207984010;16074;11677910;11745279;3606;307873545;306494538;47764;2239399;2150574;387;908645406;907698625;110352;11039049;10913917;2972;3976;3976;13;60088;10531;14;340767515;339499071;2340;720221718;716512577;201823;0;0;0;607756122;606133765;2630;190152151;190242471;237;7939049640;5;711184110;142236824;244996469;48999290;16728210;76509324;1132443;226489;677230;135446;24085;66958;108;0;5957798750;1191559748;5537724722;1107544944;14092392;69922412;0;0;0;0;6668982860;1333796572;5782721191;1156544234;30820602;146431736;384960114;76992021;22632077;4526416;1586648;70878957;289439;843192;168638;32769;88032;146;0;570213190;955173304;335181;17662;96;0;7939049640;339234943
   г.Севастополь;29047725;28949504;4462;1894809;1895909;18959086;597;0;0;0;1;161;19907919;19839607;99198036;4298;2;21435;21540;129238;45;0;0;0;0;0;0;0;0;89691;89691;448455;35;5755695;5718807;34565467;2747;1209047;1205830;1157;0;0;0;1378013;1383788;1642;21243;21040;335;7;7;1;861;860;11;0;0;0;0;0;0;24377819;24344284;4291;17993884;17977494;4224;15378;15378;16;8440;8455;21;1753029;1746136;1089;90512;89546;34;4504648;4495347;2583;11928;11928;21;0;0;0;0;0;0;5322;5322;9;4890880;4825505;4743;0;0;0;187547;186955;35;87060;87060;8;241064;0;7351622;1470325;251928;50386;291659;1128280;1139;228;328;66;53;109;2;0;399029;79807;39399;7880;372;71555;0;0;0;0;7750651;1550132;291327;58266;292031;1199835;13180009;2636001;91862;18373;17767;2599861;10020;17000;3400;133;6487;5;0;22203;13202212;11844;0;3;0;241064;5226
   Еврейская автономная область;5059275;5041191;458;437667;444533;4445329;118;196;308;3383;6;0;3007629;2998844;14994264;412;0;900;640;3841;10;68;68;379;1;0;0;0;0;83490;83490;417452;11;1049368;1042285;6289697;160;472250;465932;75;0;0;0;480024;471092;134;12435;12563;290;0;0;0;94;94;3;10944;0;0;0;0;0;4392791;4387788;431;3095226;3100217;424;92942;93091;33;9195;9195;6;306289;299484;69;83490;83490;11;796510;793804;153;9151;8518;23;0;0;0;0;0;0;1368174;1368174;14;689454;678038;669;0;0;0;1374312;1379418;68;0;0;0;21746087;0;893368;178675;236145;47230;19488;111957;236246;47249;74703;14941;3609;28699;5;0;14806;2961;1142;228;0;2733;0;0;0;0;908174;181636;237287;47458;19488;114690;305284;61057;23632;4726;0;56331;3;0;0;0;3;1;0;0;305284;0;0;0;0;21746087;1357321
   Ненецкий автономный округ;0;0;0;0;0;0;0;0;0;0;0;0;0;0;0;0;0;0;0;0;0;0;0;0;0;0;0;0;0;0;0;0;0;0;0;0;0;0;0;0;0;0;0;0;0;0;0;0;0;0;0;0;0;0;0;0;0;0;0;0;0;0;0;0;0;0;0;0;0;0;0;0;0;0;0;0;0;0;0;0;0;0;0;0;0;0;0;0;0;0;0;0;0;0;0;0;0;0;0;0;0;0;0;0;0;0;0;0;0;0;0;0;0;0;0;0;0;0;0;0;0;0;0;0;0;0;0;0;0;0;0;0;0;0;0;0;0;0;0;0;0;0;0;0;0;0;0;0;0;0;0;0;0;0;0;0;0;0;0
   Ханты-Мансийский автономный округ - Югра;1073958685;1074766420;13990;4028026;3940720;39407210;804;541;541;5956;10;953;907126045;907810996;4539055324;13745;57748;1305927;1294354;7766124;320;255;255;1275;2;1214;1214;7298;2;27702478;27690419;138452095;157;107841482;107675352;652786498;5031;24058616;24477373;2544;28058;27334;7;25693013;26327025;4132;542649;536974;1450;0;0;0;703;116;9;2856;381;2;-1156;2;1;577444131;578779709;13031;417687152;418974113;12931;1762956;1727258;137;355557;402931;47;39594682;39863115;2283;13798764;13785978;151;103759741;103549286;4836;488185;480129;358;1;1;1;0;0;1;45627295;45631232;71;475846311;475368521;14814;0;0;0;24311604;24383002;251;40064713;39993068;112;2183927128;0;48523823;9704763;11743730;2348749;950144;6405870;125679;25136;362;72;105;24959;28;0;69453915;13890782;13163060;2632611;23333;11234838;0;0;0;0;117977738;23595545;24906790;4981360;973477;17640708;10012831;2002565;938606;187721;126873;1687971;182375;14276;2855;14051;165469;30;0;5612004;15624835;0;0;0;0;2183927128;45627941
   Чукотский автономный округ;15579747;15579849;337;255979;257719;2577185;75;14768;11489;126376;4;0;9233819;9249846;46249227;325;12;23981;13020;78117;9;0;0;0;0;0;0;0;0;286954;286954;1434771;21;4482870;4480500;26962556;137;1088939;1087804;56;0;0;0;1281365;1280312;118;1091687;1091063;627;0;0;0;0;0;0;0;0;0;0;0;0;23462536;23460554;332;16687033;16688780;332;92459;92119;15;20329;20329;3;2413354;2411832;52;286954;286954;21;3239517;3237648;130;722890;722893;93;0;0;0;0;0;0;2832951;2840620;18;3297949;3303249;801;0;0;0;12888453;12899958;132;371627;371627;6;56202786;0;638986;127798;67480;13495;17100;97203;1799;360;0;0;0;360;5;0;569954;113991;38978;7796;38978;67217;0;0;0;0;1208940;241789;106458;21291;56078;164420;324286;64857;119569;23914;115333;-74390;74;0;0;0;74;3;0;37688;361974;0;0;0;0;56202786;2840620
   Ямало-Ненецкий автономный округ;926005749;925812554;2993;499467;498804;4988679;220;2721;2721;29926;6;77487;815007072;814933188;4074653349;2914;-16380;82821;84159;504958;87;0;0;0;0;0;0;0;0;213834;207338;1036690;94;79876831;79890880;480490225;1282;23036557;22946841;689;0;0;0;30256437;30132409;1027;6113792;6112906;629;120;120;3;819;819;8;0;0;0;0;0;0;535013795;535024996;2731;418379199;418613468;2707;2031884;2031884;35;13913;16827;14;29735910;29650222;645;213575;206886;93;78208537;78068225;1202;6439578;6439721;219;0;0;0;0;0;0;6485866;6489887;19;455340817;455138192;3360;0;0;0;64702810;64706600;91;62649933;62713859;85;818162813;0;19128570;3825712;9772824;1954564;204044;1667104;49325;9865;80425;16085;19553;-25773;12;0;40342454;8068492;3897729;779545;19681;7269266;0;0;0;0;59471024;11894204;13670553;2734109;223725;8936370;8709082;1741815;1066742;213348;21810;1506657;44353;690;138;0;44215;26;0;20907309;29616391;17030;0;3;0;818162813;6489788
   БАЙКОНУР;0;0;0;0;0;0;0;0;0;0;0;0;0;0;0;0;0;0;0;0;0;0;0;0;0;0;0;0;0;0;0;0;0;0;0;0;0;0;0;0;0;0;0;0;0;0;0;0;0;0;0;0;0;0;0;0;0;0;0;0;0;0;0;0;0;0;0;0;0;0;0;0;0;0;0;0;0;0;0;0;0;0;0;0;0;0;0;0;0;0;0;0;0;0;0;0;0;0;0;0;0;0;0;0;0;0;0;0;0;0;0;0;0;0;0;0;0;0;0;0;0;0;0;0;0;0;0;0;0;0;0;0;0;0;0;0;0;0;0;0;0;0;0;0;0;0;0;0;0;0;0;0;0;0;0;0;0;0;0
;;;;;;;;;;;;;;;;;;;;;;;;;;;;;;;;;;;;;;;;;;;;;;;;;;;;;;;;;;;;;;;;;;;;;;;;;;;;;;;;;;;;;;;;;;;;;;;;;;;;;;;;;;;;;;;;;;;;;;;;;;;;;;;;;;;;;;;;;;;;;;;;;;;;;;;;;;;;;;;
;;;;;;;;;;;;;;;;;;;;;;;;;;;;;;;;;;;;;;;;;;;;;;;;;;;;;;;;;;;;;;;;;;;;;;;;;;;;;;;;;;;;;;;;;;;;;;;;;;;;;;;;;;;;;;;;;;;;;;;;;;;;;;;;;;;;;;;;;;;;;;;;;;;;;;;;;;;;;;;
;;;;;;;;;;;;;;;;;;;;;;;;;;;;;;;;;;;;;;;;;;;;;;;;;;;;;;;;;;;;;;;;;;;;;;;;;;;;;;;;;;;;;;;;;;;;;;;;;;;;;;;;;;;;;;;;;;;;;;;;;;;;;;;;;;;;;;;;;;;;;;;;;;;;;;;;;;;;;;;
;;;;;;;;;;;;;;;;;;;;;;;;;;;;;;;;;;;;;;;;;;;;;;;;;;;;;;;;;;;;;;;;;;;;;;;;;;;;;;;;;;;;;;;;;;;;;;;;;;;;;;;;;;;;;;;;;;;;;;;;;;;;;;;;;;;;;;;;;;;;;;;;;;;;;;;;;;;;;;;
;;;;;;;;;;;;;;;;;;;;;;;;;;;;;;;;;;;;;;;;;;;;;;;;;;;;;;;;;;;;;;;;;;;;;;;;;;;;;;;;;;;;;;;;;;;;;;;;;;;;;;;;;;;;;;;;;;;;;;;;;;;;;;;;;;;;;;;;;;;;;;;;;;;;;;;;;;;;;;;
;;;;;;;;;;;;;;;;;;;;;;;;;;;;;;;;;;;;;;;;;;;;;;;;;;;;;;;;;;;;;;;;;;;;;;;;;;;;;;;;;;;;;;;;;;;;;;;;;;;;;;;;;;;;;;;;;;;;;;;;;;;;;;;;;;;;;;;;;;;;;;;;;;;;;;;;;;;;;;;
;;;;;;;;;;;;;;;;;;;;;;;;;;;;;;;;;;;;;;;;;;;;;;;;;;;;;;;;;;;;;;;;;;;;;;;;;;;;;;;;;;;;;;;;;;;;;;;;;;;;;;;;;;;;;;;;;;;;;;;;;;;;;;;;;;;;;;;;;;;;;;;;;;;;;;;;;;;;;;;
;;;;;;;;;;;;;;;;;;;;;;;;;;;;;;;;;;;;;;;;;;;;;;;;;;;;;;;;;;;;;;;;;;;;;;;;;;;;;;;;;;;;;;;;;;;;;;;;;;;;;;;;;;;;;;;;;;;;;;;;;;;;;;;;;;;;;;;;;;;;;;;;;;;;;;;;;;;;;;;
;;;;;;;;;;;;;;;;;;;;;;;;;;;;;;;;;;;;;;;;;;;;;;;;;;;;;;;;;;;;;;;;;;;;;;;;;;;;;;;;;;;;;;;;;;;;;;;;;;;;;;;;;;;;;;;;;;;;;;;;;;;;;;;;;;;;;;;;;;;;;;;;;;;;;;;;;;;;;;;
;;;;;;;;;;;;;;;;;;;;;;;;;;;;;;;;;;;;;;;;;;;;;;;;;;;;;;;;;;;;;;;;;;;;;;;;;;;;;;;;;;;;;;;;;;;;;;;;;;;;;;;;;;;;;;;;;;;;;;;;;;;;;;;;;;;;;;;;;;;;;;;;;;;;;;;;;;;;;;;
;;;;;;;;;;;;;;;;;;;;;;;;;;;;;;;;;;;;;;;;;;;;;;;;;;;;;;;;;;;;;;;;;;;;;;;;;;;;;;;;;;;;;;;;;;;;;;;;;;;;;;;;;;;;;;;;;;;;;;;;;;;;;;;;;;;;;;;;;;;;;;;;;;;;;;;;;;;;;;;
;;;;;;;;;;;;;;;;;;;;;;;;;;;;;;;;;;;;;;;;;;;;;;;;;;;;;;;;;;;;;;;;;;;;;;;;;;;;;;;;;;;;;;;;;;;;;;;;;;;;;;;;;;;;;;;;;;;;;;;;;;;;;;;;;;;;;;;;;;;;;;;;;;;;;;;;;;;;;;;
;;;;;;;;;;;;;;;;;;;;;;;;;;;;;;;;;;;;;;;;;;;;;;;;;;;;;;;;;;;;;;;;;;;;;;;;;;;;;;;;;;;;;;;;;;;;;;;;;;;;;;;;;;;;;;;;;;;;;;;;;;;;;;;;;;;;;;;;;;;;;;;;;;;;;;;;;;;;;;;
;;;;;;;;;;;;;;;;;;;;;;;;;;;;;;;;;;;;;;;;;;;;;;;;;;;;;;;;;;;;;;;;;;;;;;;;;;;;;;;;;;;;;;;;;;;;;;;;;;;;;;;;;;;;;;;;;;;;;;;;;;;;;;;;;;;;;;;;;;;;;;;;;;;;;;;;;;;;;;;
;;;;;;;;;;;;;;;;;;;;;;;;;;;;;;;;;;;;;;;;;;;;;;;;;;;;;;;;;;;;;;;;;;;;;;;;;;;;;;;;;;;;;;;;;;;;;;;;;;;;;;;;;;;;;;;;;;;;;;;;;;;;;;;;;;;;;;;;;;;;;;;;;;;;;;;;;;;;;;;
;;;;;;;;;;;;;;;;;;;;;;;;;;;;;;;;;;;;;;;;;;;;;;;;;;;;;;;;;;;;;;;;;;;;;;;;;;;;;;;;;;;;;;;;;;;;;;;;;;;;;;;;;;;;;;;;;;;;;;;;;;;;;;;;;;;;;;;;;;;;;;;;;;;;;;;;;;;;;;;
;;;;;;;;;;;;;;;;;;;;;;;;;;;;;;;;;;;;;;;;;;;;;;;;;;;;;;;;;;;;;;;;;;;;;;;;;;;;;;;;;;;;;;;;;;;;;;;;;;;;;;;;;;;;;;;;;;;;;;;;;;;;;;;;;;;;;;;;;;;;;;;;;;;;;;;;;;;;;;;
;;;;;;;;;;;;;;;;;;;;;;;;;;;;;;;;;;;;;;;;;;;;;;;;;;;;;;;;;;;;;;;;;;;;;;;;;;;;;;;;;;;;;;;;;;;;;;;;;;;;;;;;;;;;;;;;;;;;;;;;;;;;;;;;;;;;;;;;;;;;;;;;;;;;;;;;;;;;;;;
;;;;;;;;;;;;;;;;;;;;;;;;;;;;;;;;;;;;;;;;;;;;;;;;;;;;;;;;;;;;;;;;;;;;;;;;;;;;;;;;;;;;;;;;;;;;;;;;;;;;;;;;;;;;;;;;;;;;;;;;;;;;;;;;;;;;;;;;;;;;;;;;;;;;;;;;;;;;;;;
;;;;;;;;;;;;;;;;;;;;;;;;;;;;;;;;;;;;;;;;;;;;;;;;;;;;;;;;;;;;;;;;;;;;;;;;;;;;;;;;;;;;;;;;;;;;;;;;;;;;;;;;;;;;;;;;;;;;;;;;;;;;;;;;;;;;;;;;;;;;;;;;;;;;;;;;;;;;;;;
;;;;;;;;;;;;;;;;;;;;;;;;;;;;;;;;;;;;;;;;;;;;;;;;;;;;;;;;;;;;;;;;;;;;;;;;;;;;;;;;;;;;;;;;;;;;;;;;;;;;;;;;;;;;;;;;;;;;;;;;;;;;;;;;;;;;;;;;;;;;;;;;;;;;;;;;;;;;;;;
;;;;;;;;;;;;;;;;;;;;;;;;;;;;;;;;;;;;;;;;;;;;;;;;;;;;;;;;;;;;;;;;;;;;;;;;;;;;;;;;;;;;;;;;;;;;;;;;;;;;;;;;;;;;;;;;;;;;;;;;;;;;;;;;;;;;;;;;;;;;;;;;;;;;;;;;;;;;;;;
;;;;;;;;;;;;;;;;;;;;;;;;;;;;;;;;;;;;;;;;;;;;;;;;;;;;;;;;;;;;;;;;;;;;;;;;;;;;;;;;;;;;;;;;;;;;;;;;;;;;;;;;;;;;;;;;;;;;;;;;;;;;;;;;;;;;;;;;;;;;;;;;;;;;;;;;;;;;;;;
;;;;;;;;;;;;;;;;;;;;;;;;;;;;;;;;;;;;;;;;;;;;;;;;;;;;;;;;;;;;;;;;;;;;;;;;;;;;;;;;;;;;;;;;;;;;;;;;;;;;;;;;;;;;;;;;;;;;;;;;;;;;;;;;;;;;;;;;;;;;;;;;;;;;;;;;;;;;;;;
;;;;;;;;;;;;;;;;;;;;;;;;;;;;;;;;;;;;;;;;;;;;;;;;;;;;;;;;;;;;;;;;;;;;;;;;;;;;;;;;;;;;;;;;;;;;;;;;;;;;;;;;;;;;;;;;;;;;;;;;;;;;;;;;;;;;;;;;;;;;;;;;;;;;;;;;;;;;;;;
;;;;;;;;;;;;;;;;;;;;;;;;;;;;;;;;;;;;;;;;;;;;;;;;;;;;;;;;;;;;;;;;;;;;;;;;;;;;;;;;;;;;;;;;;;;;;;;;;;;;;;;;;;;;;;;;;;;;;;;;;;;;;;;;;;;;;;;;;;;;;;;;;;;;;;;;;;;;;;;
;;;;;;;;;;;;;;;;;;;;;;;;;;;;;;;;;;;;;;;;;;;;;;;;;;;;;;;;;;;;;;;;;;;;;;;;;;;;;;;;;;;;;;;;;;;;;;;;;;;;;;;;;;;;;;;;;;;;;;;;;;;;;;;;;;;;;;;;;;;;;;;;;;;;;;;;;;;;;;;
;;;;;;;;;;;;;;;;;;;;;;;;;;;;;;;;;;;;;;;;;;;;;;;;;;;;;;;;;;;;;;;;;;;;;;;;;;;;;;;;;;;;;;;;;;;;;;;;;;;;;;;;;;;;;;;;;;;;;;;;;;;;;;;;;;;;;;;;;;;;;;;;;;;;;;;;;;;;;;;
;;;;;;;;;;;;;;;;;;;;;;;;;;;;;;;;;;;;;;;;;;;;;;;;;;;;;;;;;;;;;;;;;;;;;;;;;;;;;;;;;;;;;;;;;;;;;;;;;;;;;;;;;;;;;;;;;;;;;;;;;;;;;;;;;;;;;;;;;;;;;;;;;;;;;;;;;;;;;;;
;;;;;;;;;;;;;;;;;;;;;;;;;;;;;;;;;;;;;;;;;;;;;;;;;;;;;;;;;;;;;;;;;;;;;;;;;;;;;;;;;;;;;;;;;;;;;;;;;;;;;;;;;;;;;;;;;;;;;;;;;;;;;;;;;;;;;;;;;;;;;;;;;;;;;;;;;;;;;;;
;;;;;;;;;;;;;;;;;;;;;;;;;;;;;;;;;;;;;;;;;;;;;;;;;;;;;;;;;;;;;;;;;;;;;;;;;;;;;;;;;;;;;;;;;;;;;;;;;;;;;;;;;;;;;;;;;;;;;;;;;;;;;;;;;;;;;;;;;;;;;;;;;;;;;;;;;;;;;;;
;;;;;;;;;;;;;;;;;;;;;;;;;;;;;;;;;;;;;;;;;;;;;;;;;;;;;;;;;;;;;;;;;;;;;;;;;;;;;;;;;;;;;;;;;;;;;;;;;;;;;;;;;;;;;;;;;;;;;;;;;;;;;;;;;;;;;;;;;;;;;;;;;;;;;;;;;;;;;;;
;;;;;;;;;;;;;;;;;;;;;;;;;;;;;;;;;;;;;;;;;;;;;;;;;;;;;;;;;;;;;;;;;;;;;;;;;;;;;;;;;;;;;;;;;;;;;;;;;;;;;;;;;;;;;;;;;;;;;;;;;;;;;;;;;;;;;;;;;;;;;;;;;;;;;;;;;;;;;;;
;;;;;;;;;;;;;;;;;;;;;;;;;;;;;;;;;;;;;;;;;;;;;;;;;;;;;;;;;;;;;;;;;;;;;;;;;;;;;;;;;;;;;;;;;;;;;;;;;;;;;;;;;;;;;;;;;;;;;;;;;;;;;;;;;;;;;;;;;;;;;;;;;;;;;;;;;;;;;;;
;;;;;;;;;;;;;;;;;;;;;;;;;;;;;;;;;;;;;;;;;;;;;;;;;;;;;;;;;;;;;;;;;;;;;;;;;;;;;;;;;;;;;;;;;;;;;;;;;;;;;;;;;;;;;;;;;;;;;;;;;;;;;;;;;;;;;;;;;;;;;;;;;;;;;;;;;;;;;;;
;;;;;;;;;;;;;;;;;;;;;;;;;;;;;;;;;;;;;;;;;;;;;;;;;;;;;;;;;;;;;;;;;;;;;;;;;;;;;;;;;;;;;;;;;;;;;;;;;;;;;;;;;;;;;;;;;;;;;;;;;;;;;;;;;;;;;;;;;;;;;;;;;;;;;;;;;;;;;;;
;;;;;;;;;;;;;;;;;;;;;;;;;;;;;;;;;;;;;;;;;;;;;;;;;;;;;;;;;;;;;;;;;;;;;;;;;;;;;;;;;;;;;;;;;;;;;;;;;;;;;;;;;;;;;;;;;;;;;;;;;;;;;;;;;;;;;;;;;;;;;;;;;;;;;;;;;;;;;;;
;;;;;;;;;;;;;;;;;;;;;;;;;;;;;;;;;;;;;;;;;;;;;;;;;;;;;;;;;;;;;;;;;;;;;;;;;;;;;;;;;;;;;;;;;;;;;;;;;;;;;;;;;;;;;;;;;;;;;;;;;;;;;;;;;;;;;;;;;;;;;;;;;;;;;;;;;;;;;;;
;;;;;;;;;;;;;;;;;;;;;;;;;;;;;;;;;;;;;;;;;;;;;;;;;;;;;;;;;;;;;;;;;;;;;;;;;;;;;;;;;;;;;;;;;;;;;;;;;;;;;;;;;;;;;;;;;;;;;;;;;;;;;;;;;;;;;;;;;;;;;;;;;;;;;;;;;;;;;;;
;;;;;;;;;;;;;;;;;;;;;;;;;;;;;;;;;;;;;;;;;;;;;;;;;;;;;;;;;;;;;;;;;;;;;;;;;;;;;;;;;;;;;;;;;;;;;;;;;;;;;;;;;;;;;;;;;;;;;;;;;;;;;;;;;;;;;;;;;;;;;;;;;;;;;;;;;;;;;;;
;;;;;;;;;;;;;;;;;;;;;;;;;;;;;;;;;;;;;;;;;;;;;;;;;;;;;;;;;;;;;;;;;;;;;;;;;;;;;;;;;;;;;;;;;;;;;;;;;;;;;;;;;;;;;;;;;;;;;;;;;;;;;;;;;;;;;;;;;;;;;;;;;;;;;;;;;;;;;;;
;;;;;;;;;;;;;;;;;;;;;;;;;;;;;;;;;;;;;;;;;;;;;;;;;;;;;;;;;;;;;;;;;;;;;;;;;;;;;;;;;;;;;;;;;;;;;;;;;;;;;;;;;;;;;;;;;;;;;;;;;;;;;;;;;;;;;;;;;;;;;;;;;;;;;;;;;;;;;;;
;;;;;;;;;;;;;;;;;;;;;;;;;;;;;;;;;;;;;;;;;;;;;;;;;;;;;;;;;;;;;;;;;;;;;;;;;;;;;;;;;;;;;;;;;;;;;;;;;;;;;;;;;;;;;;;;;;;;;;;;;;;;;;;;;;;;;;;;;;;;;;;;;;;;;;;;;;;;;;;
;;;;;;;;;;;;;;;;;;;;;;;;;;;;;;;;;;;;;;;;;;;;;;;;;;;;;;;;;;;;;;;;;;;;;;;;;;;;;;;;;;;;;;;;;;;;;;;;;;;;;;;;;;;;;;;;;;;;;;;;;;;;;;;;;;;;;;;;;;;;;;;;;;;;;;;;;;;;;;;
;;;;;;;;;;;;;;;;;;;;;;;;;;;;;;;;;;;;;;;;;;;;;;;;;;;;;;;;;;;;;;;;;;;;;;;;;;;;;;;;;;;;;;;;;;;;;;;;;;;;;;;;;;;;;;;;;;;;;;;;;;;;;;;;;;;;;;;;;;;;;;;;;;;;;;;;;;;;;;;
;;;;;;;;;;;;;;;;;;;;;;;;;;;;;;;;;;;;;;;;;;;;;;;;;;;;;;;;;;;;;;;;;;;;;;;;;;;;;;;;;;;;;;;;;;;;;;;;;;;;;;;;;;;;;;;;;;;;;;;;;;;;;;;;;;;;;;;;;;;;;;;;;;;;;;;;;;;;;;;
;;;;;;;;;;;;;;;;;;;;;;;;;;;;;;;;;;;;;;;;;;;;;;;;;;;;;;;;;;;;;;;;;;;;;;;;;;;;;;;;;;;;;;;;;;;;;;;;;;;;;;;;;;;;;;;;;;;;;;;;;;;;;;;;;;;;;;;;;;;;;;;;;;;;;;;;;;;;;;;
;;;;;;;;;;;;;;;;;;;;;;;;;;;;;;;;;;;;;;;;;;;;;;;;;;;;;;;;;;;;;;;;;;;;;;;;;;;;;;;;;;;;;;;;;;;;;;;;;;;;;;;;;;;;;;;;;;;;;;;;;;;;;;;;;;;;;;;;;;;;;;;;;;;;;;;;;;;;;;;
;;;;;;;;;;;;;;;;;;;;;;;;;;;;;;;;;;;;;;;;;;;;;;;;;;;;;;;;;;;;;;;;;;;;;;;;;;;;;;;;;;;;;;;;;;;;;;;;;;;;;;;;;;;;;;;;;;;;;;;;;;;;;;;;;;;;;;;;;;;;;;;;;;;;;;;;;;;;;;;
;;;;;;;;;;;;;;;;;;;;;;;;;;;;;;;;;;;;;;;;;;;;;;;;;;;;;;;;;;;;;;;;;;;;;;;;;;;;;;;;;;;;;;;;;;;;;;;;;;;;;;;;;;;;;;;;;;;;;;;;;;;;;;;;;;;;;;;;;;;;;;;;;;;;;;;;;;;;;;;
;;;;;;;;;;;;;;;;;;;;;;;;;;;;;;;;;;;;;;;;;;;;;;;;;;;;;;;;;;;;;;;;;;;;;;;;;;;;;;;;;;;;;;;;;;;;;;;;;;;;;;;;;;;;;;;;;;;;;;;;;;;;;;;;;;;;;;;;;;;;;;;;;;;;;;;;;;;;;;;
;;;;;;;;;;;;;;;;;;;;;;;;;;;;;;;;;;;;;;;;;;;;;;;;;;;;;;;;;;;;;;;;;;;;;;;;;;;;;;;;;;;;;;;;;;;;;;;;;;;;;;;;;;;;;;;;;;;;;;;;;;;;;;;;;;;;;;;;;;;;;;;;;;;;;;;;;;;;;;;
;;;;;;;;;;;;;;;;;;;;;;;;;;;;;;;;;;;;;;;;;;;;;;;;;;;;;;;;;;;;;;;;;;;;;;;;;;;;;;;;;;;;;;;;;;;;;;;;;;;;;;;;;;;;;;;;;;;;;;;;;;;;;;;;;;;;;;;;;;;;;;;;;;;;;;;;;;;;;;;
;;;;;;;;;;;;;;;;;;;;;;;;;;;;;;;;;;;;;;;;;;;;;;;;;;;;;;;;;;;;;;;;;;;;;;;;;;;;;;;;;;;;;;;;;;;;;;;;;;;;;;;;;;;;;;;;;;;;;;;;;;;;;;;;;;;;;;;;;;;;;;;;;;;;;;;;;;;;;;;
;;;;;;;;;;;;;;;;;;;;;;;;;;;;;;;;;;;;;;;;;;;;;;;;;;;;;;;;;;;;;;;;;;;;;;;;;;;;;;;;;;;;;;;;;;;;;;;;;;;;;;;;;;;;;;;;;;;;;;;;;;;;;;;;;;;;;;;;;;;;;;;;;;;;;;;;;;;;;;;
;;;;;;;;;;;;;;;;;;;;;;;;;;;;;;;;;;;;;;;;;;;;;;;;;;;;;;;;;;;;;;;;;;;;;;;;;;;;;;;;;;;;;;;;;;;;;;;;;;;;;;;;;;;;;;;;;;;;;;;;;;;;;;;;;;;;;;;;;;;;;;;;;;;;;;;;;;;;;;;
;;;;;;;;;;;;;;;;;;;;;;;;;;;;;;;;;;;;;;;;;;;;;;;;;;;;;;;;;;;;;;;;;;;;;;;;;;;;;;;;;;;;;;;;;;;;;;;;;;;;;;;;;;;;;;;;;;;;;;;;;;;;;;;;;;;;;;;;;;;;;;;;;;;;;;;;;;;;;;;
;;;;;;;;;;;;;;;;;;;;;;;;;;;;;;;;;;;;;;;;;;;;;;;;;;;;;;;;;;;;;;;;;;;;;;;;;;;;;;;;;;;;;;;;;;;;;;;;;;;;;;;;;;;;;;;;;;;;;;;;;;;;;;;;;;;;;;;;;;;;;;;;;;;;;;;;;;;;;;;
;;;;;;;;;;;;;;;;;;;;;;;;;;;;;;;;;;;;;;;;;;;;;;;;;;;;;;;;;;;;;;;;;;;;;;;;;;;;;;;;;;;;;;;;;;;;;;;;;;;;;;;;;;;;;;;;;;;;;;;;;;;;;;;;;;;;;;;;;;;;;;;;;;;;;;;;;;;;;;;
;;;;;;;;;;;;;;;;;;;;;;;;;;;;;;;;;;;;;;;;;;;;;;;;;;;;;;;;;;;;;;;;;;;;;;;;;;;;;;;;;;;;;;;;;;;;;;;;;;;;;;;;;;;;;;;;;;;;;;;;;;;;;;;;;;;;;;;;;;;;;;;;;;;;;;;;;;;;;;;
;;;;;;;;;;;;;;;;;;;;;;;;;;;;;;;;;;;;;;;;;;;;;;;;;;;;;;;;;;;;;;;;;;;;;;;;;;;;;;;;;;;;;;;;;;;;;;;;;;;;;;;;;;;;;;;;;;;;;;;;;;;;;;;;;;;;;;;;;;;;;;;;;;;;;;;;;;;;;;;
;;;;;;;;;;;;;;;;;;;;;;;;;;;;;;;;;;;;;;;;;;;;;;;;;;;;;;;;;;;;;;;;;;;;;;;;;;;;;;;;;;;;;;;;;;;;;;;;;;;;;;;;;;;;;;;;;;;;;;;;;;;;;;;;;;;;;;;;;;;;;;;;;;;;;;;;;;;;;;;
;;;;;;;;;;;;;;;;;;;;;;;;;;;;;;;;;;;;;;;;;;;;;;;;;;;;;;;;;;;;;;;;;;;;;;;;;;;;;;;;;;;;;;;;;;;;;;;;;;;;;;;;;;;;;;;;;;;;;;;;;;;;;;;;;;;;;;;;;;;;;;;;;;;;;;;;;;;;;;;
;;;;;;;;;;;;;;;;;;;;;;;;;;;;;;;;;;;;;;;;;;;;;;;;;;;;;;;;;;;;;;;;;;;;;;;;;;;;;;;;;;;;;;;;;;;;;;;;;;;;;;;;;;;;;;;;;;;;;;;;;;;;;;;;;;;;;;;;;;;;;;;;;;;;;;;;;;;;;;;
;;;;;;;;;;;;;;;;;;;;;;;;;;;;;;;;;;;;;;;;;;;;;;;;;;;;;;;;;;;;;;;;;;;;;;;;;;;;;;;;;;;;;;;;;;;;;;;;;;;;;;;;;;;;;;;;;;;;;;;;;;;;;;;;;;;;;;;;;;;;;;;;;;;;;;;;;;;;;;;
;;;;;;;;;;;;;;;;;;;;;;;;;;;;;;;;;;;;;;;;;;;;;;;;;;;;;;;;;;;;;;;;;;;;;;;;;;;;;;;;;;;;;;;;;;;;;;;;;;;;;;;;;;;;;;;;;;;;;;;;;;;;;;;;;;;;;;;;;;;;;;;;;;;;;;;;;;;;;;;
;;;;;;;;;;;;;;;;;;;;;;;;;;;;;;;;;;;;;;;;;;;;;;;;;;;;;;;;;;;;;;;;;;;;;;;;;;;;;;;;;;;;;;;;;;;;;;;;;;;;;;;;;;;;;;;;;;;;;;;;;;;;;;;;;;;;;;;;;;;;;;;;;;;;;;;;;;;;;;;
;;;;;;;;;;;;;;;;;;;;;;;;;;;;;;;;;;;;;;;;;;;;;;;;;;;;;;;;;;;;;;;;;;;;;;;;;;;;;;;;;;;;;;;;;;;;;;;;;;;;;;;;;;;;;;;;;;;;;;;;;;;;;;;;;;;;;;;;;;;;;;;;;;;;;;;;;;;;;;;
;;;;;;;;;;;;;;;;;;;;;;;;;;;;;;;;;;;;;;;;;;;;;;;;;;;;;;;;;;;;;;;;;;;;;;;;;;;;;;;;;;;;;;;;;;;;;;;;;;;;;;;;;;;;;;;;;;;;;;;;;;;;;;;;;;;;;;;;;;;;;;;;;;;;;;;;;;;;;;;
;;;;;;;;;;;;;;;;;;;;;;;;;;;;;;;;;;;;;;;;;;;;;;;;;;;;;;;;;;;;;;;;;;;;;;;;;;;;;;;;;;;;;;;;;;;;;;;;;;;;;;;;;;;;;;;;;;;;;;;;;;;;;;;;;;;;;;;;;;;;;;;;;;;;;;;;;;;;;;;
;;;;;;;;;;;;;;;;;;;;;;;;;;;;;;;;;;;;;;;;;;;;;;;;;;;;;;;;;;;;;;;;;;;;;;;;;;;;;;;;;;;;;;;;;;;;;;;;;;;;;;;;;;;;;;;;;;;;;;;;;;;;;;;;;;;;;;;;;;;;;;;;;;;;;;;;;;;;;;;
;;;;;;;;;;;;;;;;;;;;;;;;;;;;;;;;;;;;;;;;;;;;;;;;;;;;;;;;;;;;;;;;;;;;;;;;;;;;;;;;;;;;;;;;;;;;;;;;;;;;;;;;;;;;;;;;;;;;;;;;;;;;;;;;;;;;;;;;;;;;;;;;;;;;;;;;;;;;;;;
;;;;;;;;;;;;;;;;;;;;;;;;;;;;;;;;;;;;;;;;;;;;;;;;;;;;;;;;;;;;;;;;;;;;;;;;;;;;;;;;;;;;;;;;;;;;;;;;;;;;;;;;;;;;;;;;;;;;;;;;;;;;;;;;;;;;;;;;;;;;;;;;;;;;;;;;;;;;;;;
;;;;;;;;;;;;;;;;;;;;;;;;;;;;;;;;;;;;;;;;;;;;;;;;;;;;;;;;;;;;;;;;;;;;;;;;;;;;;;;;;;;;;;;;;;;;;;;;;;;;;;;;;;;;;;;;;;;;;;;;;;;;;;;;;;;;;;;;;;;;;;;;;;;;;;;;;;;;;;;
;;;;;;;;;;;;;;;;;;;;;;;;;;;;;;;;;;;;;;;;;;;;;;;;;;;;;;;;;;;;;;;;;;;;;;;;;;;;;;;;;;;;;;;;;;;;;;;;;;;;;;;;;;;;;;;;;;;;;;;;;;;;;;;;;;;;;;;;;;;;;;;;;;;;;;;;;;;;;;;
;;;;;;;;;;;;;;;;;;;;;;;;;;;;;;;;;;;;;;;;;;;;;;;;;;;;;;;;;;;;;;;;;;;;;;;;;;;;;;;;;;;;;;;;;;;;;;;;;;;;;;;;;;;;;;;;;;;;;;;;;;;;;;;;;;;;;;;;;;;;;;;;;;;;;;;;;;;;;;;
;;;;;;;;;;;;;;;;;;;;;;;;;;;;;;;;;;;;;;;;;;;;;;;;;;;;;;;;;;;;;;;;;;;;;;;;;;;;;;;;;;;;;;;;;;;;;;;;;;;;;;;;;;;;;;;;;;;;;;;;;;;;;;;;;;;;;;;;;;;;;;;;;;;;;;;;;;;;;;;
;;;;;;;;;;;;;;;;;;;;;;;;;;;;;;;;;;;;;;;;;;;;;;;;;;;;;;;;;;;;;;;;;;;;;;;;;;;;;;;;;;;;;;;;;;;;;;;;;;;;;;;;;;;;;;;;;;;;;;;;;;;;;;;;;;;;;;;;;;;;;;;;;;;;;;;;;;;;;;;
;;;;;;;;;;;;;;;;;;;;;;;;;;;;;;;;;;;;;;;;;;;;;;;;;;;;;;;;;;;;;;;;;;;;;;;;;;;;;;;;;;;;;;;;;;;;;;;;;;;;;;;;;;;;;;;;;;;;;;;;;;;;;;;;;;;;;;;;;;;;;;;;;;;;;;;;;;;;;;;
;;;;;;;;;;;;;;;;;;;;;;;;;;;;;;;;;;;;;;;;;;;;;;;;;;;;;;;;;;;;;;;;;;;;;;;;;;;;;;;;;;;;;;;;;;;;;;;;;;;;;;;;;;;;;;;;;;;;;;;;;;;;;;;;;;;;;;;;;;;;;;;;;;;;;;;;;;;;;;;
;;;;;;;;;;;;;;;;;;;;;;;;;;;;;;;;;;;;;;;;;;;;;;;;;;;;;;;;;;;;;;;;;;;;;;;;;;;;;;;;;;;;;;;;;;;;;;;;;;;;;;;;;;;;;;;;;;;;;;;;;;;;;;;;;;;;;;;;;;;;;;;;;;;;;;;;;;;;;;;
;;;;;;;;;;;;;;;;;;;;;;;;;;;;;;;;;;;;;;;;;;;;;;;;;;;;;;;;;;;;;;;;;;;;;;;;;;;;;;;;;;;;;;;;;;;;;;;;;;;;;;;;;;;;;;;;;;;;;;;;;;;;;;;;;;;;;;;;;;;;;;;;;;;;;;;;;;;;;;;
;;;;;;;;;;;;;;;;;;;;;;;;;;;;;;;;;;;;;;;;;;;;;;;;;;;;;;;;;;;;;;;;;;;;;;;;;;;;;;;;;;;;;;;;;;;;;;;;;;;;;;;;;;;;;;;;;;;;;;;;;;;;;;;;;;;;;;;;;;;;;;;;;;;;;;;;;;;;;;;
;;;;;;;;;;;;;;;;;;;;;;;;;;;;;;;;;;;;;;;;;;;;;;;;;;;;;;;;;;;;;;;;;;;;;;;;;;;;;;;;;;;;;;;;;;;;;;;;;;;;;;;;;;;;;;;;;;;;;;;;;;;;;;;;;;;;;;;;;;;;;;;;;;;;;;;;;;;;;;;
;;;;;;;;;;;;;;;;;;;;;;;;;;;;;;;;;;;;;;;;;;;;;;;;;;;;;;;;;;;;;;;;;;;;;;;;;;;;;;;;;;;;;;;;;;;;;;;;;;;;;;;;;;;;;;;;;;;;;;;;;;;;;;;;;;;;;;;;;;;;;;;;;;;;;;;;;;;;;;;
;;;;;;;;;;;;;;;;;;;;;;;;;;;;;;;;;;;;;;;;;;;;;;;;;;;;;;;;;;;;;;;;;;;;;;;;;;;;;;;;;;;;;;;;;;;;;;;;;;;;;;;;;;;;;;;;;;;;;;;;;;;;;;;;;;;;;;;;;;;;;;;;;;;;;;;;;;;;;;;
;;;;;;;;;;;;;;;;;;;;;;;;;;;;;;;;;;;;;;;;;;;;;;;;;;;;;;;;;;;;;;;;;;;;;;;;;;;;;;;;;;;;;;;;;;;;;;;;;;;;;;;;;;;;;;;;;;;;;;;;;;;;;;;;;;;;;;;;;;;;;;;;;;;;;;;;;;;;;;;
;;;;;;;;;;;;;;;;;;;;;;;;;;;;;;;;;;;;;;;;;;;;;;;;;;;;;;;;;;;;;;;;;;;;;;;;;;;;;;;;;;;;;;;;;;;;;;;;;;;;;;;;;;;;;;;;;;;;;;;;;;;;;;;;;;;;;;;;;;;;;;;;;;;;;;;;;;;;;;;
;;;;;;;;;;;;;;;;;;;;;;;;;;;;;;;;;;;;;;;;;;;;;;;;;;;;;;;;;;;;;;;;;;;;;;;;;;;;;;;;;;;;;;;;;;;;;;;;;;;;;;;;;;;;;;;;;;;;;;;;;;;;;;;;;;;;;;;;;;;;;;;;;;;;;;;;;;;;;;;
;;;;;;;;;;;;;;;;;;;;;;;;;;;;;;;;;;;;;;;;;;;;;;;;;;;;;;;;;;;;;;;;;;;;;;;;;;;;;;;;;;;;;;;;;;;;;;;;;;;;;;;;;;;;;;;;;;;;;;;;;;;;;;;;;;;;;;;;;;;;;;;;;;;;;;;;;;;;;;;
;;;;;;;;;;;;;;;;;;;;;;;;;;;;;;;;;;;;;;;;;;;;;;;;;;;;;;;;;;;;;;;;;;;;;;;;;;;;;;;;;;;;;;;;;;;;;;;;;;;;;;;;;;;;;;;;;;;;;;;;;;;;;;;;;;;;;;;;;;;;;;;;;;;;;;;;;;;;;;;
;;;;;;;;;;;;;;;;;;;;;;;;;;;;;;;;;;;;;;;;;;;;;;;;;;;;;;;;;;;;;;;;;;;;;;;;;;;;;;;;;;;;;;;;;;;;;;;;;;;;;;;;;;;;;;;;;;;;;;;;;;;;;;;;;;;;;;;;;;;;;;;;;;;;;;;;;;;;;;;
;;;;;;;;;;;;;;;;;;;;;;;;;;;;;;;;;;;;;;;;;;;;;;;;;;;;;;;;;;;;;;;;;;;;;;;;;;;;;;;;;;;;;;;;;;;;;;;;;;;;;;;;;;;;;;;;;;;;;;;;;;;;;;;;;;;;;;;;;;;;;;;;;;;;;;;;;;;;;;;
;;;;;;;;;;;;;;;;;;;;;;;;;;;;;;;;;;;;;;;;;;;;;;;;;;;;;;;;;;;;;;;;;;;;;;;;;;;;;;;;;;;;;;;;;;;;;;;;;;;;;;;;;;;;;;;;;;;;;;;;;;;;;;;;;;;;;;;;;;;;;;;;;;;;;;;;;;;;;;;
;;;;;;;;;;;;;;;;;;;;;;;;;;;;;;;;;;;;;;;;;;;;;;;;;;;;;;;;;;;;;;;;;;;;;;;;;;;;;;;;;;;;;;;;;;;;;;;;;;;;;;;;;;;;;;;;;;;;;;;;;;;;;;;;;;;;;;;;;;;;;;;;;;;;;;;;;;;;;;;
;;;;;;;;;;;;;;;;;;;;;;;;;;;;;;;;;;;;;;;;;;;;;;;;;;;;;;;;;;;;;;;;;;;;;;;;;;;;;;;;;;;;;;;;;;;;;;;;;;;;;;;;;;;;;;;;;;;;;;;;;;;;;;;;;;;;;;;;;;;;;;;;;;;;;;;;;;;;;;;
;;;;;;;;;;;;;;;;;;;;;;;;;;;;;;;;;;;;;;;;;;;;;;;;;;;;;;;;;;;;;;;;;;;;;;;;;;;;;;;;;;;;;;;;;;;;;;;;;;;;;;;;;;;;;;;;;;;;;;;;;;;;;;;;;;;;;;;;;;;;;;;;;;;;;;;;;;;;;;;
;;;;;;;;;;;;;;;;;;;;;;;;;;;;;;;;;;;;;;;;;;;;;;;;;;;;;;;;;;;;;;;;;;;;;;;;;;;;;;;;;;;;;;;;;;;;;;;;;;;;;;;;;;;;;;;;;;;;;;;;;;;;;;;;;;;;;;;;;;;;;;;;;;;;;;;;;;;;;;;
;;;;;;;;;;;;;;;;;;;;;;;;;;;;;;;;;;;;;;;;;;;;;;;;;;;;;;;;;;;;;;;;;;;;;;;;;;;;;;;;;;;;;;;;;;;;;;;;;;;;;;;;;;;;;;;;;;;;;;;;;;;;;;;;;;;;;;;;;;;;;;;;;;;;;;;;;;;;;;;
;;;;;;;;;;;;;;;;;;;;;;;;;;;;;;;;;;;;;;;;;;;;;;;;;;;;;;;;;;;;;;;;;;;;;;;;;;;;;;;;;;;;;;;;;;;;;;;;;;;;;;;;;;;;;;;;;;;;;;;;;;;;;;;;;;;;;;;;;;;;;;;;;;;;;;;;;;;;;;;
;;;;;;;;;;;;;;;;;;;;;;;;;;;;;;;;;;;;;;;;;;;;;;;;;;;;;;;;;;;;;;;;;;;;;;;;;;;;;;;;;;;;;;;;;;;;;;;;;;;;;;;;;;;;;;;;;;;;;;;;;;;;;;;;;;;;;;;;;;;;;;;;;;;;;;;;;;;;;;;
;;;;;;;;;;;;;;;;;;;;;;;;;;;;;;;;;;;;;;;;;;;;;;;;;;;;;;;;;;;;;;;;;;;;;;;;;;;;;;;;;;;;;;;;;;;;;;;;;;;;;;;;;;;;;;;;;;;;;;;;;;;;;;;;;;;;;;;;;;;;;;;;;;;;;;;;;;;;;;;
;;;;;;;;;;;;;;;;;;;;;;;;;;;;;;;;;;;;;;;;;;;;;;;;;;;;;;;;;;;;;;;;;;;;;;;;;;;;;;;;;;;;;;;;;;;;;;;;;;;;;;;;;;;;;;;;;;;;;;;;;;;;;;;;;;;;;;;;;;;;;;;;;;;;;;;;;;;;;;;
;;;;;;;;;;;;;;;;;;;;;;;;;;;;;;;;;;;;;;;;;;;;;;;;;;;;;;;;;;;;;;;;;;;;;;;;;;;;;;;;;;;;;;;;;;;;;;;;;;;;;;;;;;;;;;;;;;;;;;;;;;;;;;;;;;;;;;;;;;;;;;;;;;;;;;;;;;;;;;;
;;;;;;;;;;;;;;;;;;;;;;;;;;;;;;;;;;;;;;;;;;;;;;;;;;;;;;;;;;;;;;;;;;;;;;;;;;;;;;;;;;;;;;;;;;;;;;;;;;;;;;;;;;;;;;;;;;;;;;;;;;;;;;;;;;;;;;;;;;;;;;;;;;;;;;;;;;;;;;;
;;;;;;;;;;;;;;;;;;;;;;;;;;;;;;;;;;;;;;;;;;;;;;;;;;;;;;;;;;;;;;;;;;;;;;;;;;;;;;;;;;;;;;;;;;;;;;;;;;;;;;;;;;;;;;;;;;;;;;;;;;;;;;;;;;;;;;;;;;;;;;;;;;;;;;;;;;;;;;;
;;;;;;;;;;;;;;;;;;;;;;;;;;;;;;;;;;;;;;;;;;;;;;;;;;;;;;;;;;;;;;;;;;;;;;;;;;;;;;;;;;;;;;;;;;;;;;;;;;;;;;;;;;;;;;;;;;;;;;;;;;;;;;;;;;;;;;;;;;;;;;;;;;;;;;;;;;;;;;;
;;;;;;;;;;;;;;;;;;;;;;;;;;;;;;;;;;;;;;;;;;;;;;;;;;;;;;;;;;;;;;;;;;;;;;;;;;;;;;;;;;;;;;;;;;;;;;;;;;;;;;;;;;;;;;;;;;;;;;;;;;;;;;;;;;;;;;;;;;;;;;;;;;;;;;;;;;;;;;;
;;;;;;;;;;;;;;;;;;;;;;;;;;;;;;;;;;;;;;;;;;;;;;;;;;;;;;;;;;;;;;;;;;;;;;;;;;;;;;;;;;;;;;;;;;;;;;;;;;;;;;;;;;;;;;;;;;;;;;;;;;;;;;;;;;;;;;;;;;;;;;;;;;;;;;;;;;;;;;;
;;;;;;;;;;;;;;;;;;;;;;;;;;;;;;;;;;;;;;;;;;;;;;;;;;;;;;;;;;;;;;;;;;;;;;;;;;;;;;;;;;;;;;;;;;;;;;;;;;;;;;;;;;;;;;;;;;;;;;;;;;;;;;;;;;;;;;;;;;;;;;;;;;;;;;;;;;;;;;;
;;;;;;;;;;;;;;;;;;;;;;;;;;;;;;;;;;;;;;;;;;;;;;;;;;;;;;;;;;;;;;;;;;;;;;;;;;;;;;;;;;;;;;;;;;;;;;;;;;;;;;;;;;;;;;;;;;;;;;;;;;;;;;;;;;;;;;;;;;;;;;;;;;;;;;;;;;;;;;;
;;;;;;;;;;;;;;;;;;;;;;;;;;;;;;;;;;;;;;;;;;;;;;;;;;;;;;;;;;;;;;;;;;;;;;;;;;;;;;;;;;;;;;;;;;;;;;;;;;;;;;;;;;;;;;;;;;;;;;;;;;;;;;;;;;;;;;;;;;;;;;;;;;;;;;;;;;;;;;;
;;;;;;;;;;;;;;;;;;;;;;;;;;;;;;;;;;;;;;;;;;;;;;;;;;;;;;;;;;;;;;;;;;;;;;;;;;;;;;;;;;;;;;;;;;;;;;;;;;;;;;;;;;;;;;;;;;;;;;;;;;;;;;;;;;;;;;;;;;;;;;;;;;;;;;;;;;;;;;;
;;;;;;;;;;;;;;;;;;;;;;;;;;;;;;;;;;;;;;;;;;;;;;;;;;;;;;;;;;;;;;;;;;;;;;;;;;;;;;;;;;;;;;;;;;;;;;;;;;;;;;;;;;;;;;;;;;;;;;;;;;;;;;;;;;;;;;;;;;;;;;;;;;;;;;;;;;;;;;;
;;;;;;;;;;;;;;;;;;;;;;;;;;;;;;;;;;;;;;;;;;;;;;;;;;;;;;;;;;;;;;;;;;;;;;;;;;;;;;;;;;;;;;;;;;;;;;;;;;;;;;;;;;;;;;;;;;;;;;;;;;;;;;;;;;;;;;;;;;;;;;;;;;;;;;;;;;;;;;;
;;;;;;;;;;;;;;;;;;;;;;;;;;;;;;;;;;;;;;;;;;;;;;;;;;;;;;;;;;;;;;;;;;;;;;;;;;;;;;;;;;;;;;;;;;;;;;;;;;;;;;;;;;;;;;;;;;;;;;;;;;;;;;;;;;;;;;;;;;;;;;;;;;;;;;;;;;;;;;;
;;;;;;;;;;;;;;;;;;;;;;;;;;;;;;;;;;;;;;;;;;;;;;;;;;;;;;;;;;;;;;;;;;;;;;;;;;;;;;;;;;;;;;;;;;;;;;;;;;;;;;;;;;;;;;;;;;;;;;;;;;;;;;;;;;;;;;;;;;;;;;;;;;;;;;;;;;;;;;;
;;;;;;;;;;;;;;;;;;;;;;;;;;;;;;;;;;;;;;;;;;;;;;;;;;;;;;;;;;;;;;;;;;;;;;;;;;;;;;;;;;;;;;;;;;;;;;;;;;;;;;;;;;;;;;;;;;;;;;;;;;;;;;;;;;;;;;;;;;;;;;;;;;;;;;;;;;;;;;;
;;;;;;;;;;;;;;;;;;;;;;;;;;;;;;;;;;;;;;;;;;;;;;;;;;;;;;;;;;;;;;;;;;;;;;;;;;;;;;;;;;;;;;;;;;;;;;;;;;;;;;;;;;;;;;;;;;;;;;;;;;;;;;;;;;;;;;;;;;;;;;;;;;;;;;;;;;;;;;;
;;;;;;;;;;;;;;;;;;;;;;;;;;;;;;;;;;;;;;;;;;;;;;;;;;;;;;;;;;;;;;;;;;;;;;;;;;;;;;;;;;;;;;;;;;;;;;;;;;;;;;;;;;;;;;;;;;;;;;;;;;;;;;;;;;;;;;;;;;;;;;;;;;;;;;;;;;;;;;;
;;;;;;;;;;;;;;;;;;;;;;;;;;;;;;;;;;;;;;;;;;;;;;;;;;;;;;;;;;;;;;;;;;;;;;;;;;;;;;;;;;;;;;;;;;;;;;;;;;;;;;;;;;;;;;;;;;;;;;;;;;;;;;;;;;;;;;;;;;;;;;;;;;;;;;;;;;;;;;;
;;;;;;;;;;;;;;;;;;;;;;;;;;;;;;;;;;;;;;;;;;;;;;;;;;;;;;;;;;;;;;;;;;;;;;;;;;;;;;;;;;;;;;;;;;;;;;;;;;;;;;;;;;;;;;;;;;;;;;;;;;;;;;;;;;;;;;;;;;;;;;;;;;;;;;;;;;;;;;;
;;;;;;;;;;;;;;;;;;;;;;;;;;;;;;;;;;;;;;;;;;;;;;;;;;;;;;;;;;;;;;;;;;;;;;;;;;;;;;;;;;;;;;;;;;;;;;;;;;;;;;;;;;;;;;;;;;;;;;;;;;;;;;;;;;;;;;;;;;;;;;;;;;;;;;;;;;;;;;;
;;;;;;;;;;;;;;;;;;;;;;;;;;;;;;;;;;;;;;;;;;;;;;;;;;;;;;;;;;;;;;;;;;;;;;;;;;;;;;;;;;;;;;;;;;;;;;;;;;;;;;;;;;;;;;;;;;;;;;;;;;;;;;;;;;;;;;;;;;;;;;;;;;;;;;;;;;;;;;;
;;;;;;;;;;;;;;;;;;;;;;;;;;;;;;;;;;;;;;;;;;;;;;;;;;;;;;;;;;;;;;;;;;;;;;;;;;;;;;;;;;;;;;;;;;;;;;;;;;;;;;;;;;;;;;;;;;;;;;;;;;;;;;;;;;;;;;;;;;;;;;;;;;;;;;;;;;;;;;;
;;;;;;;;;;;;;;;;;;;;;;;;;;;;;;;;;;;;;;;;;;;;;;;;;;;;;;;;;;;;;;;;;;;;;;;;;;;;;;;;;;;;;;;;;;;;;;;;;;;;;;;;;;;;;;;;;;;;;;;;;;;;;;;;;;;;;;;;;;;;;;;;;;;;;;;;;;;;;;;
;;;;;;;;;;;;;;;;;;;;;;;;;;;;;;;;;;;;;;;;;;;;;;;;;;;;;;;;;;;;;;;;;;;;;;;;;;;;;;;;;;;;;;;;;;;;;;;;;;;;;;;;;;;;;;;;;;;;;;;;;;;;;;;;;;;;;;;;;;;;;;;;;;;;;;;;;;;;;;;
;;;;;;;;;;;;;;;;;;;;;;;;;;;;;;;;;;;;;;;;;;;;;;;;;;;;;;;;;;;;;;;;;;;;;;;;;;;;;;;;;;;;;;;;;;;;;;;;;;;;;;;;;;;;;;;;;;;;;;;;;;;;;;;;;;;;;;;;;;;;;;;;;;;;;;;;;;;;;;;
;;;;;;;;;;;;;;;;;;;;;;;;;;;;;;;;;;;;;;;;;;;;;;;;;;;;;;;;;;;;;;;;;;;;;;;;;;;;;;;;;;;;;;;;;;;;;;;;;;;;;;;;;;;;;;;;;;;;;;;;;;;;;;;;;;;;;;;;;;;;;;;;;;;;;;;;;;;;;;;
;;;;;;;;;;;;;;;;;;;;;;;;;;;;;;;;;;;;;;;;;;;;;;;;;;;;;;;;;;;;;;;;;;;;;;;;;;;;;;;;;;;;;;;;;;;;;;;;;;;;;;;;;;;;;;;;;;;;;;;;;;;;;;;;;;;;;;;;;;;;;;;;;;;;;;;;;;;;;;;
;;;;;;;;;;;;;;;;;;;;;;;;;;;;;;;;;;;;;;;;;;;;;;;;;;;;;;;;;;;;;;;;;;;;;;;;;;;;;;;;;;;;;;;;;;;;;;;;;;;;;;;;;;;;;;;;;;;;;;;;;;;;;;;;;;;;;;;;;;;;;;;;;;;;;;;;;;;;;;;
;;;;;;;;;;;;;;;;;;;;;;;;;;;;;;;;;;;;;;;;;;;;;;;;;;;;;;;;;;;;;;;;;;;;;;;;;;;;;;;;;;;;;;;;;;;;;;;;;;;;;;;;;;;;;;;;;;;;;;;;;;;;;;;;;;;;;;;;;;;;;;;;;;;;;;;;;;;;;;;
;;;;;;;;;;;;;;;;;;;;;;;;;;;;;;;;;;;;;;;;;;;;;;;;;;;;;;;;;;;;;;;;;;;;;;;;;;;;;;;;;;;;;;;;;;;;;;;;;;;;;;;;;;;;;;;;;;;;;;;;;;;;;;;;;;;;;;;;;;;;;;;;;;;;;;;;;;;;;;;
;;;;;;;;;;;;;;;;;;;;;;;;;;;;;;;;;;;;;;;;;;;;;;;;;;;;;;;;;;;;;;;;;;;;;;;;;;;;;;;;;;;;;;;;;;;;;;;;;;;;;;;;;;;;;;;;;;;;;;;;;;;;;;;;;;;;;;;;;;;;;;;;;;;;;;;;;;;;;;;
;;;;;;;;;;;;;;;;;;;;;;;;;;;;;;;;;;;;;;;;;;;;;;;;;;;;;;;;;;;;;;;;;;;;;;;;;;;;;;;;;;;;;;;;;;;;;;;;;;;;;;;;;;;;;;;;;;;;;;;;;;;;;;;;;;;;;;;;;;;;;;;;;;;;;;;;;;;;;;;
;;;;;;;;;;;;;;;;;;;;;;;;;;;;;;;;;;;;;;;;;;;;;;;;;;;;;;;;;;;;;;;;;;;;;;;;;;;;;;;;;;;;;;;;;;;;;;;;;;;;;;;;;;;;;;;;;;;;;;;;;;;;;;;;;;;;;;;;;;;;;;;;;;;;;;;;;;;;;;;
;;;;;;;;;;;;;;;;;;;;;;;;;;;;;;;;;;;;;;;;;;;;;;;;;;;;;;;;;;;;;;;;;;;;;;;;;;;;;;;;;;;;;;;;;;;;;;;;;;;;;;;;;;;;;;;;;;;;;;;;;;;;;;;;;;;;;;;;;;;;;;;;;;;;;;;;;;;;;;;
;;;;;;;;;;;;;;;;;;;;;;;;;;;;;;;;;;;;;;;;;;;;;;;;;;;;;;;;;;;;;;;;;;;;;;;;;;;;;;;;;;;;;;;;;;;;;;;;;;;;;;;;;;;;;;;;;;;;;;;;;;;;;;;;;;;;;;;;;;;;;;;;;;;;;;;;;;;;;;;
;;;;;;;;;;;;;;;;;;;;;;;;;;;;;;;;;;;;;;;;;;;;;;;;;;;;;;;;;;;;;;;;;;;;;;;;;;;;;;;;;;;;;;;;;;;;;;;;;;;;;;;;;;;;;;;;;;;;;;;;;;;;;;;;;;;;;;;;;;;;;;;;;;;;;;;;;;;;;;;
;;;;;;;;;;;;;;;;;;;;;;;;;;;;;;;;;;;;;;;;;;;;;;;;;;;;;;;;;;;;;;;;;;;;;;;;;;;;;;;;;;;;;;;;;;;;;;;;;;;;;;;;;;;;;;;;;;;;;;;;;;;;;;;;;;;;;;;;;;;;;;;;;;;;;;;;;;;;;;;
;;;;;;;;;;;;;;;;;;;;;;;;;;;;;;;;;;;;;;;;;;;;;;;;;;;;;;;;;;;;;;;;;;;;;;;;;;;;;;;;;;;;;;;;;;;;;;;;;;;;;;;;;;;;;;;;;;;;;;;;;;;;;;;;;;;;;;;;;;;;;;;;;;;;;;;;;;;;;;;
;;;;;;;;;;;;;;;;;;;;;;;;;;;;;;;;;;;;;;;;;;;;;;;;;;;;;;;;;;;;;;;;;;;;;;;;;;;;;;;;;;;;;;;;;;;;;;;;;;;;;;;;;;;;;;;;;;;;;;;;;;;;;;;;;;;;;;;;;;;;;;;;;;;;;;;;;;;;;;;
;;;;;;;;;;;;;;;;;;;;;;;;;;;;;;;;;;;;;;;;;;;;;;;;;;;;;;;;;;;;;;;;;;;;;;;;;;;;;;;;;;;;;;;;;;;;;;;;;;;;;;;;;;;;;;;;;;;;;;;;;;;;;;;;;;;;;;;;;;;;;;;;;;;;;;;;;;;;;;;
;;;;;;;;;;;;;;;;;;;;;;;;;;;;;;;;;;;;;;;;;;;;;;;;;;;;;;;;;;;;;;;;;;;;;;;;;;;;;;;;;;;;;;;;;;;;;;;;;;;;;;;;;;;;;;;;;;;;;;;;;;;;;;;;;;;;;;;;;;;;;;;;;;;;;;;;;;;;;;;
;;;;;;;;;;;;;;;;;;;;;;;;;;;;;;;;;;;;;;;;;;;;;;;;;;;;;;;;;;;;;;;;;;;;;;;;;;;;;;;;;;;;;;;;;;;;;;;;;;;;;;;;;;;;;;;;;;;;;;;;;;;;;;;;;;;;;;;;;;;;;;;;;;;;;;;;;;;;;;;
;;;;;;;;;;;;;;;;;;;;;;;;;;;;;;;;;;;;;;;;;;;;;;;;;;;;;;;;;;;;;;;;;;;;;;;;;;;;;;;;;;;;;;;;;;;;;;;;;;;;;;;;;;;;;;;;;;;;;;;;;;;;;;;;;;;;;;;;;;;;;;;;;;;;;;;;;;;;;;;
;;;;;;;;;;;;;;;;;;;;;;;;;;;;;;;;;;;;;;;;;;;;;;;;;;;;;;;;;;;;;;;;;;;;;;;;;;;;;;;;;;;;;;;;;;;;;;;;;;;;;;;;;;;;;;;;;;;;;;;;;;;;;;;;;;;;;;;;;;;;;;;;;;;;;;;;;;;;;;;
;;;;;;;;;;;;;;;;;;;;;;;;;;;;;;;;;;;;;;;;;;;;;;;;;;;;;;;;;;;;;;;;;;;;;;;;;;;;;;;;;;;;;;;;;;;;;;;;;;;;;;;;;;;;;;;;;;;;;;;;;;;;;;;;;;;;;;;;;;;;;;;;;;;;;;;;;;;;;;;
;;;;;;;;;;;;;;;;;;;;;;;;;;;;;;;;;;;;;;;;;;;;;;;;;;;;;;;;;;;;;;;;;;;;;;;;;;;;;;;;;;;;;;;;;;;;;;;;;;;;;;;;;;;;;;;;;;;;;;;;;;;;;;;;;;;;;;;;;;;;;;;;;;;;;;;;;;;;;;;
;;;;;;;;;;;;;;;;;;;;;;;;;;;;;;;;;;;;;;;;;;;;;;;;;;;;;;;;;;;;;;;;;;;;;;;;;;;;;;;;;;;;;;;;;;;;;;;;;;;;;;;;;;;;;;;;;;;;;;;;;;;;;;;;;;;;;;;;;;;;;;;;;;;;;;;;;;;;;;;
;;;;;;;;;;;;;;;;;;;;;;;;;;;;;;;;;;;;;;;;;;;;;;;;;;;;;;;;;;;;;;;;;;;;;;;;;;;;;;;;;;;;;;;;;;;;;;;;;;;;;;;;;;;;;;;;;;;;;;;;;;;;;;;;;;;;;;;;;;;;;;;;;;;;;;;;;;;;;;;
;;;;;;;;;;;;;;;;;;;;;;;;;;;;;;;;;;;;;;;;;;;;;;;;;;;;;;;;;;;;;;;;;;;;;;;;;;;;;;;;;;;;;;;;;;;;;;;;;;;;;;;;;;;;;;;;;;;;;;;;;;;;;;;;;;;;;;;;;;;;;;;;;;;;;;;;;;;;;;;
;;;;;;;;;;;;;;;;;;;;;;;;;;;;;;;;;;;;;;;;;;;;;;;;;;;;;;;;;;;;;;;;;;;;;;;;;;;;;;;;;;;;;;;;;;;;;;;;;;;;;;;;;;;;;;;;;;;;;;;;;;;;;;;;;;;;;;;;;;;;;;;;;;;;;;;;;;;;;;;
;;;;;;;;;;;;;;;;;;;;;;;;;;;;;;;;;;;;;;;;;;;;;;;;;;;;;;;;;;;;;;;;;;;;;;;;;;;;;;;;;;;;;;;;;;;;;;;;;;;;;;;;;;;;;;;;;;;;;;;;;;;;;;;;;;;;;;;;;;;;;;;;;;;;;;;;;;;;;;;
;;;;;;;;;;;;;;;;;;;;;;;;;;;;;;;;;;;;;;;;;;;;;;;;;;;;;;;;;;;;;;;;;;;;;;;;;;;;;;;;;;;;;;;;;;;;;;;;;;;;;;;;;;;;;;;;;;;;;;;;;;;;;;;;;;;;;;;;;;;;;;;;;;;;;;;;;;;;;;;
;;;;;;;;;;;;;;;;;;;;;;;;;;;;;;;;;;;;;;;;;;;;;;;;;;;;;;;;;;;;;;;;;;;;;;;;;;;;;;;;;;;;;;;;;;;;;;;;;;;;;;;;;;;;;;;;;;;;;;;;;;;;;;;;;;;;;;;;;;;;;;;;;;;;;;;;;;;;;;;
;;;;;;;;;;;;;;;;;;;;;;;;;;;;;;;;;;;;;;;;;;;;;;;;;;;;;;;;;;;;;;;;;;;;;;;;;;;;;;;;;;;;;;;;;;;;;;;;;;;;;;;;;;;;;;;;;;;;;;;;;;;;;;;;;;;;;;;;;;;;;;;;;;;;;;;;;;;;;;;
;;;;;;;;;;;;;;;;;;;;;;;;;;;;;;;;;;;;;;;;;;;;;;;;;;;;;;;;;;;;;;;;;;;;;;;;;;;;;;;;;;;;;;;;;;;;;;;;;;;;;;;;;;;;;;;;;;;;;;;;;;;;;;;;;;;;;;;;;;;;;;;;;;;;;;;;;;;;;;;
;;;;;;;;;;;;;;;;;;;;;;;;;;;;;;;;;;;;;;;;;;;;;;;;;;;;;;;;;;;;;;;;;;;;;;;;;;;;;;;;;;;;;;;;;;;;;;;;;;;;;;;;;;;;;;;;;;;;;;;;;;;;;;;;;;;;;;;;;;;;;;;;;;;;;;;;;;;;;;;
;;;;;;;;;;;;;;;;;;;;;;;;;;;;;;;;;;;;;;;;;;;;;;;;;;;;;;;;;;;;;;;;;;;;;;;;;;;;;;;;;;;;;;;;;;;;;;;;;;;;;;;;;;;;;;;;;;;;;;;;;;;;;;;;;;;;;;;;;;;;;;;;;;;;;;;;;;;;;;;
;;;;;;;;;;;;;;;;;;;;;;;;;;;;;;;;;;;;;;;;;;;;;;;;;;;;;;;;;;;;;;;;;;;;;;;;;;;;;;;;;;;;;;;;;;;;;;;;;;;;;;;;;;;;;;;;;;;;;;;;;;;;;;;;;;;;;;;;;;;;;;;;;;;;;;;;;;;;;;;
;;;;;;;;;;;;;;;;;;;;;;;;;;;;;;;;;;;;;;;;;;;;;;;;;;;;;;;;;;;;;;;;;;;;;;;;;;;;;;;;;;;;;;;;;;;;;;;;;;;;;;;;;;;;;;;;;;;;;;;;;;;;;;;;;;;;;;;;;;;;;;;;;;;;;;;;;;;;;;;
;;;;;;;;;;;;;;;;;;;;;;;;;;;;;;;;;;;;;;;;;;;;;;;;;;;;;;;;;;;;;;;;;;;;;;;;;;;;;;;;;;;;;;;;;;;;;;;;;;;;;;;;;;;;;;;;;;;;;;;;;;;;;;;;;;;;;;;;;;;;;;;;;;;;;;;;;;;;;;;
;;;;;;;;;;;;;;;;;;;;;;;;;;;;;;;;;;;;;;;;;;;;;;;;;;;;;;;;;;;;;;;;;;;;;;;;;;;;;;;;;;;;;;;;;;;;;;;;;;;;;;;;;;;;;;;;;;;;;;;;;;;;;;;;;;;;;;;;;;;;;;;;;;;;;;;;;;;;;;;
