GA;GB;G1;G2;G3;G4;G5;G6;G7;G8;G9;G10;G11;G12;G13;G14;G15;G16;G17;G18;G19;G20;G21;G22;G23;G24;G25;G26;G27;G28;G29;G30;G31;G32;G33;G34;G35;G36;G37;G38;G39;G40;G41;G42;G43;G44;G45;G46;G47;G48;G49;G50;G51;G52;G53;G54;G55;G56;G57;G58;G59;G60;G61;G62;G63;G64;G65;G66;G67;G68;G69;G70;G71;G72;G73;G74;G75;G76;G77;G78;G79;G80;G81;G82;G83;G84;G85;G86;G87;G88;G89;G90;G91;G92;G93;G94;G95;G96;G97;G98;G99;G100;G101;G102;G103;G104;G105;G106;G107;G108;G109;G110;G111;G112;G113;G114;G115;G116;G117;G118;G119;G120;G121;G122;G123;G124;G125;G126;G127;G128;G129;G130;G131;G132;G133;G134;G135;G136;G137;G138;G139;G140;G141;G142;G143;G144;G145;G146;G147;G148;G149;G150;G151;G152;G153;G154;G155
   Республика Адыгея;14201220;14187831;1506;1617608;1617493;16175061;210;14863;14863;163493;11;7096;10154669;10144817;50724114;1420;0;98001;98001;588007;64;19255;14795;73975;2;0;0;0;0;18266;17779;88895;30;1937547;1936368;12561672;701;261259;259428;302;5274;9223;4;353169;351344;459;19228;17813;106;0;0;0;227;231;5;16;16;1;0;0;0;12114328;12132661;1396;9464405;9498948;1382;422012;407734;72;5927;5039;15;340664;340855;284;18119;17632;27;1852171;1851440;668;10975;10958;12;0;0;0;0;0;0;30404;30381;12;2447950;2414855;1546;0;0;0;370219;370273;39;8148;8282;1;837954;3356811;671363;104875;20975;4735;645653;5;1;0;0;0;1;1;0;395180;79036;10393;2079;2844;74113;0;0;0;0;3751991;750399;115268;23054;7579;719766;418973;83794;27;5;0;83789;2;0;0;0;2;23999;442972;0;0;0;0;837954;30381
   Республика Башкортостан;484623793;480159097;31513;16124940;16067022;160670312;2620;631;682;7511;23;1627021;347734288;345031472;1725071331;30581;-48801;3695161;3707022;22242133;504;575;575;9682;5;0;0;0;0;502233;499150;2495749;203;97394100;97231698;595818330;12545;16624866;16461757;5591;170056;170368;55;17591013;17441681;8159;516429;509728;3291;0;0;0;1716;1533;28;-215029;-235014;17;967;881;9;452045989;447821235;30283;335729856;331840692;30043;4284491;4271490;571;957219;956438;222;17955670;17871461;5227;480996;485033;198;92131838;92004699;11628;501273;387295;330;119;119;3;14719;9474;5;4216510;4230789;194;51285058;50744216;33346;0;0;0;22572609;22345354;404;4816936;4825004;67;205126909;45172987;9034597;10800865;2160169;1029236;5845192;554741;110948;66702;13340;9705;87903;19;0;33547355;6709470;20861654;4172332;9004;2528134;0;0;0;0;78720342;15744067;31662519;6332501;1038240;8373326;77944486;15588897;248529;49706;30728;15508463;9922;26908;5382;4616;-76;1863153;79807639;105980;8695;18;0;205126908;4186406
   Республика Бурятия;27932748;28026038;2342;2882860;2877324;28773246;465;3934;3934;43275;4;-7103;17941683;17919842;89378048;2160;51;79617;73749;442494;51;0;0;0;0;0;0;0;0;246295;246295;1231473;19;5329129;5448734;33809997;793;1266184;1269375;377;95363;95363;4;1456381;1455742;679;9633;8211;314;0;0;0;375;375;6;3669;1322;2;0;0;0;25970233;25965005;2183;19552309;19534200;2150;335350;336735;78;45731;45731;16;976446;973701;329;246295;246295;19;4811322;4825943;719;2778;2399;31;0;0;0;346;346;1;2511182;2504487;124;4481728;4437004;2469;0;0;0;5001443;4862919;193;83393;83393;5;57559777;7783872;1556777;1553929;310785;142721;1103271;0;0;0;0;0;0;0;0;665581;133116;5624;1125;91;131900;0;0;0;0;8449453;1689893;1559553;311910;142812;1235171;1031795;206359;6611;1322;0;205037;36713;0;0;0;36713;1530892;2562687;0;0;0;0;57559779;2501796
   Республика Алтай;13252119;13053209;771;1467089;1466739;14667400;119;2812;2812;30929;2;-18;9086729;8889251;44164676;740;4;76317;76317;457904;12;0;0;0;0;0;0;0;0;486;486;2430;5;2006469;2008787;14212646;308;593419;591989;138;0;0;0;615458;608793;247;17955;15464;51;0;0;0;40;40;4;2599;151;1;0;0;0;11764082;11598173;715;9122337;8958091;709;132917;132376;16;36601;36753;4;755893;755564;139;486;486;5;1712709;1712025;294;2792;2792;13;347;88;1;0;0;0;127810;127810;16;1797257;1758585;763;0;0;0;414435;413704;25;773;0;0;4146331;716253;143249;77386;15476;5351;122422;0;0;0;0;0;0;0;0;5918102;1183621;4076791;815358;1083;367180;0;0;0;0;6634355;1326870;4154177;830834;6434;489602;487188;97437;0;0;0;97437;270;0;0;0;270;0;487188;161805;23436;1;0;4146330;127810
   Республика Дагестан;27642731;27519218;3584;1440009;1435081;14350688;346;506;545;6009;11;11431;22074016;22003968;110021432;3381;210;19422;33604;201619;56;613;613;3067;2;0;0;0;0;8084;6751;33750;9;3010368;2957118;18092552;906;839661;833865;549;0;0;0;1078622;1069545;741;26003;25858;66;0;0;0;170;170;1;391;391;2;-12;0;0;23229280;23219132;3362;19032993;19068701;3303;383859;383008;121;81349;81066;31;1133881;1124785;598;4601;3268;7;2585525;2551190;798;7385;7269;22;0;0;0;0;0;0;27374;27171;14;4904747;4776357;3540;0;0;0;476583;461493;78;213;229;1;4698963;7464276;1492857;2107122;421422;66664;1004771;20927;4186;613836;122767;2278;-120859;10;0;1823190;364638;53353;10671;334;353633;0;0;0;0;9287466;1857495;2160475;432093;66998;1358404;824125;164825;5471;1094;3736;159995;4512;2763;553;55;3904;1057915;1882040;98441;0;6;0;4698966;27171
   Республика Ингушетия;4152345;4023458;703;99133;98825;988253;36;6;6;65;1;10427;3497615;3383870;16919764;676;0;94836;94836;569014;12;0;0;0;0;297;297;1485;1;857;592;2961;1;377809;370974;2241445;88;64669;63106;57;0;0;0;75961;74306;73;116;116;8;0;0;0;0;0;0;0;0;0;0;0;0;3883351;3765974;668;3453614;3334239;658;41147;40914;12;0;0;0;92587;92691;59;857;592;1;299443;297537;83;0;0;0;0;0;0;0;0;0;6765;6765;2;385780;376237;692;0;0;0;123154;125274;8;3315;3315;4;47304;146107;29221;71879;14376;1779;13066;64237;12847;0;0;0;12847;7;0;1651;330;54241;10848;0;-10518;0;0;0;0;147758;29551;126120;25224;1779;2548;64518;12904;0;0;0;12904;12904;0;0;0;12904;0;64518;0;0;0;0;47304;6765
   Кабардино-Балкарская Республика;14953478;14812187;1793;1163871;1153901;11539007;380;20448;20422;224648;7;56919;11379956;11301840;56509291;1571;-478;35608;42806;256834;47;0;0;0;0;0;0;0;0;11195;9674;48370;10;1710798;1709315;10608128;506;314943;310436;242;0;0;0;575162;570576;347;7864;8504;55;0;0;0;100;100;2;180;180;2;0;0;0;13591705;13556060;1696;11433575;11408670;1670;250755;246863;68;36363;36363;11;294735;294547;262;11083;9562;9;1566221;1561077;422;5581;5585;8;0;0;0;0;0;0;15906;15906;5;1520695;1427759;1768;0;0;0;176640;177228;30;47;47;1;704146;3133143;626627;539983;107997;5752;512878;825;165;825;165;825;-825;2;0;394613;78923;5874;1175;3308;74440;0;0;0;0;3527756;705550;545857;109172;9060;587318;511712;102343;51207;10241;2640;89462;12529;34112;6822;2640;3067;6991;518703;38621;4499;9;0;704147;15906
   Республика Калмыкия;2716247;2732643;462;106512;104246;1042461;88;3466;3466;38128;4;-35367;2357634;2347042;11735365;413;0;16346;12287;73725;22;0;0;0;0;0;0;0;0;1249;1249;6246;4;182432;180296;1148844;120;69813;69811;76;0;0;0;83975;83995;97;5233;5082;57;0;0;0;109;0;0;0;0;0;0;0;0;2352789;2377479;405;2082738;2110102;399;0;0;0;7142;7142;5;76787;76427;73;1249;1249;4;180159;177845;108;4715;4715;6;0;0;0;0;0;0;3135;3135;3;1119469;1111963;500;0;0;0;748250;749189;6;8478;8478;2;83750;362115;72420;101861;20371;768;51281;0;0;0;0;0;0;0;0;14388;2878;3444;689;15;2174;0;0;0;0;376503;75298;105305;21060;783;53455;17351;3471;0;0;0;3471;0;0;0;0;0;112;17463;0;0;0;0;83750;3135
   Карачаево-Черкесская Республика;12494848;12463760;1191;841152;834959;8349587;160;2282;2282;25105;5;-21588;9749987;9710014;48550071;1096;59;31383;34694;208162;40;0;0;6934;0;0;0;0;0;29743;28626;143128;6;1588503;1576387;9709254;355;226619;220120;152;276;276;2;273161;266535;249;2267;2254;29;0;0;0;38;25;4;418;418;1;170;170;1;10742634;11046020;1126;8820156;9121902;1112;254595;251816;22;56997;55904;21;278582;286407;154;29743;28626;6;1305889;1304694;322;1957;1957;5;0;0;0;0;0;0;478;926;7;1857204;1514766;1200;0;0;0;94768;94582;11;1962;1962;2;838011;655587;131117;146542;29309;4629;97179;13448;2690;2066;413;0;2277;8;0;355037;71008;64;13;730;70265;0;0;0;0;1010624;202125;146606;29322;5359;167444;89946;17989;4332;866;671;16452;0;0;0;0;0;0;89946;0;0;0;0;838010;927
   Республика Карелия;36472156;36234882;3180;1468253;1455796;14557957;355;11;11;116;1;68599;29861335;29710897;148554676;3079;0;137559;136191;817149;61;-1447;0;0;0;0;0;0;0;60398;37695;188475;52;3905378;3893005;23846795;1429;799334;830979;582;85009;85009;7;970624;1000268;926;145047;52765;738;134;0;0;1065;204;3;1766;795;3;-2;0;0;25513036;25423827;3036;20256580;20192413;3002;785667;779272;113;157214;157214;28;625705;633363;525;59991;37288;50;3606162;3587205;1361;37001;37072;93;0;0;0;3566;3566;2;939425;937490;146;13092624;12855509;3570;0;0;0;2805042;2836637;294;190428;190428;12;26890799;5053220;1010645;1202585;240516;169183;600946;0;0;0;0;0;0;0;0;3313975;662794;46967;9394;8716;644684;0;0;0;0;8367195;1673439;1249552;249910;177899;1245630;1159400;231879;29803;5961;1386;224532;879;0;0;0;879;686623;1846023;65454;8266;1;0;26890798;936287
   Республика Коми;80445347;80382037;2385;910292;841555;8415556;258;566;566;6224;2;8154;70993468;71017040;355090846;2340;-6;89755;89231;535385;50;2;2;8;1;0;0;0;0;169930;169376;846874;54;6645436;6639144;40163104;1013;1439439;1434429;390;3770;3770;2;1626633;1619740;739;121434;119625;1427;0;0;0;1251;1002;19;1911;994;2;1116;1116;1;61848642;61854001;2232;52567110;52591759;2212;1115714;1115714;38;27753;27753;11;1561559;1556681;338;169921;169367;53;6299643;6285769;989;102677;102693;101;4256;4256;1;508;171;2;9706417;9712560;42;14876645;14816706;3608;0;0;0;5871585;5873553;137;1548352;1553601;21;173468263;5267602;1053518;1409696;281941;31303;740274;381;76;33;7;0;69;2;0;318337245;63667451;290062433;58012486;83;5654882;0;0;0;0;323604847;64720969;291472129;58294427;31386;6395156;1168663;233735;249831;49967;32006;151762;2815;0;0;0;2815;137975;1306638;0;0;0;0;173468263;9712115
   Республика Крым;77165821;77364760;8670;5726679;5670283;56703116;1312;657;678;7450;6;-245702;53259636;53360706;266948225;8295;627;59877;59897;359374;95;2374;2374;12058;6;10;10;51;2;203261;202577;1012892;90;14347348;14303261;87847263;5038;3360493;3357435;2053;8891;8891;13;3812441;3760441;2922;101403;99453;1283;0;0;0;2507;2507;28;17;17;1;0;0;0;66573739;66850099;8215;49696220;49862076;8090;117286;116475;41;91998;91738;69;4034189;4031739;1954;202302;201742;82;12358359;12472962;4660;68601;68573;102;-10;0;0;0;0;0;95853;92243;10;12299653;12208319;9668;0;0;0;1665508;1650145;45;128258;128258;12;1836763;21592244;4318450;2666640;533328;606367;3178755;22553;4510;884;176;32;4302;15;0;84374317;16874861;69765255;13953049;263422;2658390;0;0;0;0;105966561;21193311;72431895;14486377;869789;5837145;2241522;448306;110083;22016;5552;420738;11003;4512;902;0;10101;19562;2261084;0;0;0;0;1836762;92243
   Республика Марий-Эл;40603994;39812450;3296;3930739;3910119;39101169;453;1679;1679;18473;7;13186;27744980;27111667;135558440;3162;0;715054;714893;4289346;90;0;0;0;0;0;0;0;0;111410;108451;542254;63;6784264;6711354;41519228;1642;1230767;1182830;538;2227;2227;4;1302674;1253998;922;119011;119037;330;0;0;0;465;465;14;983;0;0;6;6;1;36728692;35985045;3121;27793767;27174763;3093;915748;915759;100;64696;64761;43;1430076;1386909;496;111405;108446;62;6393236;6315140;1550;19758;19259;31;0;0;0;0;0;0;31065;30982;10;4380449;4332154;3535;0;0;0;410538;411013;46;83562;83562;5;5608974;5770126;1154023;1016198;203239;81270;869514;1846;369;225;45;0;324;1;0;2494315;498863;1854092;370819;4020;124024;0;0;0;0;8264441;1652886;2870290;574058;85290;993538;1001016;200203;27019;5403;604;194196;0;0;0;0;0;200347;1201363;0;0;0;0;5608975;30530
   Республика Мордовия;47239875;46553916;4004;8845678;8527704;85277776;734;237;237;2612;4;-33452;26284676;25949876;129750656;3802;9;2394536;2394010;14364064;123;0;0;0;0;0;0;0;0;51700;51700;258502;67;7601343;7547971;52673595;1912;1933681;1931758;680;42;42;1;2095074;2081681;1150;299769;299513;328;601;601;3;480;480;3;476;383;1;0;0;1;42635610;42069400;3750;32018622;31529283;3723;925821;901488;104;111462;111461;63;2043236;2042334;640;51373;51322;66;7461146;7406551;1849;27670;27500;71;0;0;0;0;0;0;74877;74927;7;6240789;6126218;4088;0;0;0;1407786;1413999;142;208000;208000;17;7519885;7908189;1581636;1638195;327641;187984;1066011;0;0;0;0;0;0;0;0;9327684;1865536;16901712;3380342;7729;-1522535;0;0;0;0;17235873;3447172;18539907;3707983;195713;-456524;1815935;363185;123482;24696;4149;334340;224;0;0;0;224;73777;1889712;0;0;0;0;7519885;74369
   Республика Саха (Якутия);54659463;54632785;2522;1183725;1173426;11734247;313;-44;17;190;4;19987;41730619;41786214;208923306;2412;69;51291;50943;305661;60;757;757;3784;2;0;0;0;0;1110235;1096337;5481685;60;8648269;8650665;52882336;985;1481988;1481151;420;0;0;0;1914590;1873318;723;271768;271624;467;17;17;1;20;20;1;5565;0;0;0;0;0;47653688;47632235;2327;36277537;36302777;2286;386634;380944;46;2660;2660;10;2172666;2199629;424;1091900;1078003;58;7581924;7528104;905;141529;141407;97;0;0;0;0;0;0;11887407;11888928;110;12447382;12443171;2721;0;0;0;17057086;17024403;263;1855169;1856542;22;334494298;9326061;1865213;2325297;465057;342591;1057565;4830;966;30;6;30;930;2;0;40886401;8177282;13700450;2740089;67043;5370150;0;0;0;0;50212462;10042495;16025747;3205146;409634;6427715;154341701;30868341;96006;19201;468;30848672;13343;0;0;5;13338;1776111;156117812;0;0;0;0;334494300;11883272
   Республика Северная Осетия-Алания;10362589;10120331;1451;844334;847203;8472039;181;7118;7055;77600;8;-67470;7448310;7210272;36057666;1285;-2493;177969;146737;880425;81;65;65;25337;1;0;0;0;0;2432;2432;12160;6;1467640;1455414;9169333;453;455812;419479;195;12960;15832;4;484861;451191;277;4222;3743;84;0;0;0;0;0;0;-986;0;0;4;0;0;8913527;8893295;1333;7002068;7018457;1315;85637;85478;51;12487;12487;13;441528;407090;204;2432;2432;6;1373890;1365784;369;1468;1468;10;0;0;0;0;0;0;42307;42593;23;1659830;1448550;1485;0;0;0;241230;247835;63;5665;5676;2;1470932;1887225;377444;180660;36133;37859;303452;23390;4678;0;0;0;4678;3;0;309505;61901;19466;3893;-9;58017;0;0;0;0;2196730;439345;200126;40026;37850;361469;1283690;256738;694654;138931;7451;110356;201;844;169;0;32;23275;1306965;114744;1964;10;0;1470931;42593
   Республика Татарстан;790306637;786741662;52070;28280991;28252988;282529875;4067;22911;22948;252425;44;117827;550960663;548478186;2742390107;50282;-732;3449684;3445027;20670160;818;0;0;0;0;0;0;0;0;544393;526103;2630509;254;168363750;167630794;1031693540;27726;35721557;35508461;13816;889200;889305;41;38567109;38335490;18040;1509479;1506924;913;1249;849;6;1888;1938;39;50923;2990;28;360;361;3;721290938;718681285;50586;488762106;487414433;50198;30844559;30838095;1224;1792371;1534320;382;34444363;34629486;12611;528493;509844;239;163454121;162290181;26398;1469262;1469147;367;0;0;0;566;214;1;5594257;5587405;212;96324565;95241273;51124;0;0;0;31245206;31212941;781;10688372;10668078;118;353123660;78891519;15778305;24822848;4964567;1205120;9608618;276149;55228;5491;1098;342;53788;37;0;137782785;27556559;79437038;15887412;87974;11581173;0;0;0;0;216674304;43334864;104259886;20851979;1293094;21189791;16661653;3332331;2575215;515044;106503;2710784;71837;10699;2140;108;69589;2593396;19255049;758110;42624;23;0;353123660;5531446
   Республика Тыва;3255615;3214459;211;59710;59914;599145;21;0;0;0;0;133;2502154;2487324;12432124;206;0;3563;3563;21380;4;0;0;0;0;0;0;0;0;14492;14492;72462;8;563167;542998;3258474;62;93927;87698;33;0;0;0;112396;106139;62;55957;55957;22;0;0;0;0;0;0;0;0;0;0;0;0;2824205;2856169;184;1588915;1632747;182;26060;26060;3;15612;15612;2;549944;544699;36;14492;14492;8;573115;566492;55;56068;56068;11;0;0;0;0;0;0;551206;551206;11;1081017;1064070;210;0;0;0;1143796;1199971;26;6577;6577;2;7492638;377575;75512;29353;5870;6163;63479;207;41;207;41;207;-207;1;0;2125206;425041;587;117;379;424545;0;0;0;0;2502781;500553;29940;5987;6542;488024;20081121;4016224;1000;200;0;4016024;2221;0;0;0;2221;0;20081121;0;0;0;0;7492638;551207
   Удмуртская Республика;115926088;116325744;14714;6581395;6575375;65752588;1491;3610;3610;39713;4;-401206;83304572;83343697;416650613;14253;35678;381588;380990;2317499;238;-216;0;832;0;0;0;0;0;178882;174908;874546;138;22620297;22570761;136873752;7136;2736787;2725702;3002;12044;12044;19;3292672;3273526;4327;142227;138065;567;477;477;1;1906;1909;27;1345;527;10;244;247;2;91718948;92405334;14342;67021479;67714200;14251;1681286;1682191;294;162820;158753;140;4476578;4438587;2854;176199;172164;133;18181956;18186760;6804;51985;51923;101;0;0;0;0;0;2;2671488;2676523;91;23948369;23656195;14735;0;0;0;2238832;2241874;224;1183410;1183375;45;76411960;18159853;3631974;3281862;656372;657545;2318057;12296;2459;9682;1936;0;523;5;0;39601187;7920234;24949745;4989949;1882;2928403;0;0;0;0;57761040;11552208;28231607;5646321;659427;5246460;2726423;545285;41161;8232;3553;533500;10242;0;0;0;10242;49591;2776014;13497;0;6;0;76411959;2675915
   Республика Хакасия;24845315;24781068;1801;685986;683557;6835524;276;932;1405;15452;8;2795;21584607;21523614;107618028;1723;0;95912;95912;575473;47;0;0;0;0;0;0;0;0;61717;61717;308582;34;1715619;1718690;10392819;708;610397;610130;327;2429;2058;4;697745;695400;504;13002;12987;258;0;0;0;151;151;9;68;0;0;0;0;1;20996357;20943070;1677;17319029;17257414;1667;919972;919972;31;285817;291024;16;627439;627349;299;61681;61681;34;1775521;1778702;693;6930;6930;22;0;0;0;39;0;0;1191628;1191613;31;4111188;4099206;1981;0;0;0;1462445;1428336;52;199504;199527;15;24221514;2842762;568551;794776;158955;45647;363949;1382;276;0;0;0;276;2;0;940593;188119;724;145;89;187885;0;0;0;0;3783355;756670;795500;159100;45736;551834;970227;194045;7519;1504;312;192229;0;0;0;0;0;1258;971485;0;0;0;0;24221515;1191613
   Чеченская Республика;28452738;25159514;1896;1160636;1147758;11477576;195;13346;13346;146809;2;603212;24563571;22099710;110507927;1793;2016;148596;160751;964504;42;0;0;1359;0;0;0;0;0;9184;8873;44365;2;1458393;1269751;7550457;272;385340;377487;170;0;0;0;493784;452313;238;5730;5504;26;157;0;0;42;42;1;0;0;0;0;0;0;26391035;23938416;1819;24751598;22302646;1803;147861;135956;27;57184;57184;8;369169;380057;184;9184;8873;2;1053620;1054706;213;993;993;9;0;0;0;0;0;0;5975;5975;2;2383919;1555418;1843;0;0;0;324307;333368;11;52;52;1;628112;2951586;590318;1507467;301493;299553;-10728;217395;43479;219744;43949;28955;-29425;13;0;7822;1564;0;0;0;1564;0;0;0;0;2959408;591882;1507467;301493;299553;-9164;280156;56031;13747;2749;153904;-100622;39118;1347;269;153904;-115055;0;280156;97274;5975;2;0;628111;5975
   Чувашская Республика;58791676;58637317;6968;2637636;2635166;26351661;738;1654;1654;18197;4;26812;41042590;40933910;204669551;6681;0;348955;317764;1906576;117;0;0;0;0;0;0;0;0;79620;79597;397985;81;12887963;12881809;78303140;3961;1256992;1255105;1487;15126;15139;18;1766449;1761927;2236;47529;45737;654;0;0;0;2000;2075;17;4066;93;2;0;0;0;49688768;49618578;6690;35229088;35186289;6649;1345291;1345627;223;126212;126114;107;1577309;1562833;1355;79597;79574;80;11302417;11289275;3800;28854;28864;90;3;3;1;0;0;0;28845;28936;27;10780283;10693730;7290;0;0;0;1637440;1641481;127;44797;41970;12;7657045;10539447;2107891;1220661;244134;64250;1799507;3276;655;0;0;0;655;2;0;4346000;869200;585838;117168;1687;750345;0;0;0;0;14885447;2977091;1806499;361302;65937;2549852;1056793;211360;91760;18353;1863;191144;2723;9419;1884;0;839;79207;1136000;550;0;1;0;7657043;27514
   Алтайский край;142526507;139028363;18168;22613377;22572897;225723330;3693;19177;19213;208539;37;1186191;92755685;90580819;452931062;16891;12;734875;729221;4377221;280;0;0;560;0;0;0;4;0;162402;154518;772589;159;20557301;20475658;135891767;7400;3760383;3742784;3099;465658;478048;32;4497999;4482007;4945;105913;105716;931;0;0;0;270;270;16;22854;6932;12;3;3;1;125796598;122536064;17632;99824042;96599554;17517;1907474;1900877;459;1194493;1190885;280;4716227;4779544;3000;159981;152084;154;17910077;17828895;6914;82344;82270;127;291;291;2;-24;0;0;1282173;1286512;227;18870384;18653016;18194;0;0;0;3275050;3316834;652;405882;405920;39;39557679;18432079;3686415;5065421;1013085;391291;2282039;38;8;0;0;0;8;7;0;1707903;341582;452720;90544;1441;249597;0;0;0;0;20139982;4027997;5518141;1103629;392732;2531636;5100261;1020051;1193553;238711;1037075;-255735;978;0;0;0;978;235435;5335696;0;0;0;0;39557682;1268577
   Краснодарский край;632851562;631597697;37970;100077875;100038347;998280184;5638;53482;53708;590446;50;-408063;390951273;389609067;1948393531;35820;2698;10028942;10027272;60178778;836;5554;5554;29089;9;14366;14366;89162;4;602767;592667;2963342;447;101714151;101484063;661159995;20722;27710626;27656762;9039;74282;77698;39;30007949;29968189;12654;861659;839419;1171;10209;10308;7;3987;3987;85;29207;5156;18;136;140;9;579745486;579747961;36322;425715088;426566808;35894;31131793;31120270;1887;2558777;2554098;433;30574787;30684121;8468;591324;581225;429;88506674;87584474;19621;626487;616486;355;5330;5330;5;-57;207;1;8574632;8572128;384;85146465;83854098;37506;0;0;0;39684277;39683768;1004;3786648;3794900;81;356875659;94401462;18880298;17428641;3485732;1970207;13424359;25690;5138;6334;1267;2740;1131;37;0;123996035;24799207;75073939;15014787;22278;9762142;0;0;0;0;218397497;43679505;92502580;18500519;1992485;23186501;20266538;4053308;633418;126685;17917;3908706;358599;7553;1511;293;356795;8717157;28983695;57772;1693;25;0;356875602;8541593
   Красноярский край;420436782;418925761;22618;14950574;14859093;148590942;2565;3311;3413;37539;26;-57233;335457186;334123017;1670672546;21862;-85;914468;909141;5454842;400;177;2;246;1;24;24;137;3;1052097;1019031;5095150;166;53683132;53650861;328844527;10021;13036106;13000929;4833;18642;18642;12;14410481;14333210;7098;671991;668722;1629;2350;2350;2;138;138;8;5871;1024;6;11;29;4;343276286;341684265;21821;259005046;257395555;21655;10807752;10892884;536;277813;275163;157;22857871;22796815;4540;1015225;1009450;164;48893803;48893199;9608;427949;426181;334;215;215;4;305;0;0;5987864;6062855;269;107325424;107094917;22791;0;0;0;34609190;35221132;842;16234177;16170791;99;479328175;55996717;11199346;28340033;5668010;1308359;4222977;61406;12281;62171;12434;189;-342;26;0;75410571;15082113;791753;158350;3465;14920298;0;0;0;0;131407288;26281459;29131786;5826360;1311824;19143275;33789856;6757971;767637;153528;102894;6501549;5122;1185;237;58795;-53910;2200812;35990668;26125;2306;5;0;479328175;6008291
   Приморский край;259637674;258973214;17084;14557254;14469685;144457771;2792;12969;14688;161574;11;69178;201640719;201273410;1006451991;16332;-62;933772;966223;5797343;212;348;348;10704;2;0;0;0;0;128684;160823;804119;86;32312776;32169857;199372355;7323;8362543;8284089;2934;268314;268390;24;9545466;9525257;4327;484542;483538;1055;3512;3512;4;51;51;6;3650;3112;5;56;54;2;249908623;249286946;16383;172813070;172468314;16051;37168798;37198636;2587;186595;186015;71;10979847;10855686;2863;123538;155677;85;28250233;28031371;6927;394747;396426;207;8;8;1;596;40;1;5052719;5053855;566;24322888;23975858;16935;0;0;0;18688780;18822940;885;1643451;1674008;62;172292325;31712359;6342473;7396699;1479339;993247;3869887;613624;122725;4466;893;187;121645;12;0;60904260;12180852;24410436;4882087;110840;7187925;0;0;0;0;92616619;18523325;31807135;6361426;1104087;11057812;50654913;10130981;1185537;237108;26880;9866993;134985;699789;139958;307;-5280;13427710;64082623;19835;582;6;0;172292326;5033752
   Ставропольский край;150921499;150514528;12214;16570486;16371037;163710341;2297;6891;10879;119671;18;-87723;99367795;99226706;496124837;11444;373;1414548;1417532;8505190;203;0;41;541;1;0;0;0;0;158033;157837;789185;161;27738259;27614009;190638647;5831;5144046;5167605;2437;70329;70329;15;5752840;5709924;3739;110150;110887;531;28;28;1;2635;3162;39;843;524;5;0;0;0;138152860;138075627;11586;102407847;102514354;11464;2982503;2947969;397;756207;769548;153;5431034;5423731;2212;158581;158385;153;26323162;26168239;5414;92679;92551;131;848;848;1;231;0;0;432029;432037;39;18146008;17801888;12304;0;0;0;5674629;5658753;283;1444917;1445450;33;41209240;22826956;4565391;4038295;807659;497834;3259898;52508;10502;3762;752;3;9747;30;0;5145071;1029015;437150;87429;10584;931002;0;0;0;0;27972027;5594406;4475445;895088;508418;4190900;9895529;1979105;141645;28329;7836;1942940;24806;36828;7366;6138;11302;1318596;11214125;131089;6697;5;0;41209240;207410
   Хабаровский край;141435004;141267640;10353;9287144;9307468;93074685;1438;538;538;5910;9;96093;99963944;99882391;499365741;10028;19;4825783;4838768;29032613;213;60707;60707;303536;3;0;0;0;0;306377;303705;1518522;105;20540558;20410073;124177571;4731;5443904;5439766;2108;14571;14571;10;6414195;6430667;3213;429064;205069;1328;0;0;0;94;94;6;4646;4129;6;0;0;1;126174340;125868043;9840;92717753;92433201;9721;2982752;2988697;410;2688776;2688776;49;7350920;7350005;1986;305948;303276;103;20025479;19998056;4515;102194;105547;144;417;417;1;3138;2664;5;3635951;3665490;186;28710796;28393032;11061;0;0;0;16885770;16423382;558;999061;1034698;33;129854301;15664996;3132999;4466308;893262;200910;2038827;2012;402;43934;8787;0;-8385;4;0;2620672;524134;254515;50902;3342;469890;0;0;0;0;18285668;3657133;4720823;944164;204252;2508717;4300050;860010;158844;31769;7212;821029;5013;762;152;0;4861;2017113;6317163;398170;23296;3;0;129842879;3653327
   Забайкальский край;26740431;26624413;2318;1630288;1630162;16301615;396;8013;1096;12063;7;17983;20417824;20348359;101741281;2190;0;89735;75752;454501;69;308;308;2091;2;0;0;0;0;134707;134721;673603;36;3347448;3321857;20186556;777;963937;965056;310;57;57;1;1094417;1094854;581;144829;144108;852;0;0;0;40;40;4;33274;0;0;12;12;2;26480608;26431432;2081;20293624;20272845;2039;1822902;1821005;152;4349;4349;7;1547204;1546631;302;107539;107509;33;2602100;2576947;718;102850;102107;74;0;0;0;38076;0;0;3893785;3859207;99;4891367;4817930;2855;0;0;0;8375283;8328015;323;239622;167014;14;68415096;6478371;1295675;813249;162652;77314;1055709;42791;8558;39838;7968;39836;-39246;2;0;11015380;2203076;392770;78553;15726;2108797;0;0;0;0;17493751;3498751;1206019;241205;93040;3164506;3851500;770300;42119;8423;15042;746835;6520;21655;4331;15042;-12853;0;3851500;82308;0;3;0;68415095;3869479
   Амурская область;73736591;73749439;4170;4967312;4949408;49494080;903;77544;77544;852990;9;19925;41047345;41100237;205501730;3846;0;119003;119618;717711;67;654;654;5413;2;0;0;0;0;424039;423858;2119295;33;13664332;13660692;83709751;1577;13215599;13215883;716;0;0;0;13417140;13416319;1089;2445998;2464737;653;0;0;0;470;470;4;83;83;1;88;88;1;101061474;101117967;3925;70499555;70802933;3861;1294399;1283249;351;323967;323779;23;16458253;16223535;735;424025;423844;33;9799009;9798337;1441;2262213;2262232;61;58;58;2;0;0;0;3047404;3039476;103;12856374;12761723;4378;0;0;0;40670910;40680124;417;24600393;24639054;13;58502018;11424570;2284917;5394863;1078971;32208;1173738;1086;217;789;158;0;59;2;0;84294245;16858848;37270816;7454163;221850;9182835;0;0;0;0;95718815;19143765;42665679;8533134;254058;10356573;98252882;19650577;19224;3845;3844;19642888;83555;0;0;11;83544;712944;98965826;35472;4416;3;0;58502017;3031411
   Архангельская область;56541460;56383158;3906;2299606;2298744;22987468;566;472;476;5233;3;-2753;31726865;31727627;158645536;3799;0;327072;323783;1942694;123;0;0;0;0;0;0;0;0;350866;354723;1773619;82;15921477;15827077;95720239;1698;4630532;4570295;601;19492;19492;7;5918525;5848440;1149;130479;130277;1120;0;0;0;6148;6148;15;234;0;0;0;0;0;51430932;51441444;3690;40086152;40125572;3655;663692;665911;51;55776;55614;19;4359686;4358755;505;347274;351718;80;5842965;5808504;1638;75263;75246;115;0;0;0;0;0;0;1265371;1269770;51;11311037;11149430;4741;0;0;0;7331426;7336991;176;638610;639802;23;55022522;45721690;9144336;2227177;445439;3253220;5445677;175;35;0;0;0;35;1;0;4178412;835682;1015139;203027;2487;630168;0;0;0;0;49900102;9980018;3242316;648466;3255707;6075845;2011963;402392;23622;4724;3678;393990;41887;0;0;0;41887;1777707;3789670;0;0;0;0;55022519;1259318
   Астраханская область;31477251;31480497;2728;1040457;1037964;10379629;399;937;937;10310;9;24451;25477188;25489279;127447047;2543;-1233;430898;430833;2584920;79;0;0;983;0;0;0;0;0;12161;8700;43501;16;3518999;3518378;21951637;1153;853249;850506;433;20422;20422;7;973361;969773;911;25148;23716;205;0;0;0;157;156;4;-364;0;0;2;2;1;24114639;24127576;2576;19550383;19564988;2535;615792;615486;125;36511;36511;30;882382;881787;405;12161;8700;16;3002585;3005273;1083;14832;14832;50;0;0;0;775;0;0;4516739;4508829;162;10150444;10138910;2606;0;0;0;7274760;7262096;333;1163807;1163807;11;102386968;3959697;791946;351484;70294;66375;655277;3034;607;126;25;0;582;5;0;1510284;302056;771474;154293;3371;144392;0;0;0;0;5469981;1094002;1122958;224587;69746;799669;865427;173086;40491;8098;3076;161912;16064;39331;7866;0;8198;5420133;6285560;593829;21354;26;0;102386969;3465148
   Белгородская область;201393318;201800781;15822;45595318;45495750;454958498;2273;5038;5038;55425;17;-67569;110471852;111145961;556359686;15046;25;1501316;1501626;9009764;242;155;155;1127;2;0;0;450;0;338260;337183;1685910;151;32064107;31883801;253465667;7154;10878685;10751661;3189;104835;104770;20;11485786;11374398;4419;271552;281149;1035;1681;1681;2;4006;4001;16;2610;1123;9;-3;0;0;178157719;178867867;15439;131231209;132384413;15310;6598913;6516021;1006;907695;887248;328;12309693;12221519;2947;336941;336325;147;26516147;26273585;6790;267121;249964;256;0;0;0;-531;0;0;1261163;1275392;100;38337372;37962065;16057;0;0;0;16010931;15940838;536;1117476;1081438;52;135541492;11227039;2245407;1337441;267484;74091;1903832;38319;7664;18858;3772;211;3681;8;0;7481557;1496313;800256;160051;6014;1330248;0;0;0;0;18708596;3741720;2137697;427535;80105;3234080;1465295;293064;161485;32295;272;260497;138;0;0;0;138;558230;2023525;301373;427;19;0;135541398;1269579
   Брянская область;76857061;74521813;6301;10933034;10230572;102305722;1015;1119;1119;12310;3;326230;45092511;44802597;224012983;6004;0;1559683;1522189;9133133;140;441;441;2207;3;0;0;0;0;96128;95717;478589;71;14632620;13559408;89828727;3028;3822650;3579736;1096;126513;125410;9;4215654;3960693;1768;204843;188986;565;0;0;0;2580;2580;7;2471;121;5;0;0;0;69913976;67132004;5945;46626220;45031800;5871;3591315;3231544;307;2068968;2067115;520;3714513;3595252;992;95096;94556;67;13665888;12961568;2859;152287;150506;108;0;0;0;542;2;1;490564;477734;187;10022768;9941395;6374;0;0;0;2997173;2829889;422;1476080;1214176;14;13662659;13377999;2675598;1371418;274282;164186;2237130;563;113;149;30;0;83;3;0;2304578;460916;22307;4462;170;456284;0;0;0;0;15682577;3136514;1393725;278744;164356;2693414;590149;118031;90049;18010;42828;57193;986;0;0;0;986;298987;889136;102946;7;18;0;13662659;477318
   Владимирская область;120799486;119911639;8894;14046124;13562264;135622628;1028;251;1650;18159;6;-26887;84104462;83667266;418319051;8601;-20;938503;941745;5650460;193;0;0;0;0;0;0;0;0;151711;151627;758141;94;18834868;18804660;115815917;4580;2016924;2004737;1703;-4498;27940;46;2750501;2776008;2659;545192;543541;739;0;0;0;292;292;14;5737;1286;6;0;0;0;100785736;100219374;8530;69562701;69096038;8464;10917716;10866033;481;201279;198700;213;2310480;2286749;1542;151331;150342;89;17143322;17124122;4410;498170;496652;147;0;0;0;0;0;0;138894;165639;122;22432656;22059939;9248;0;0;0;1988660;1968841;133;311646;311646;27;27201275;11070153;2214030;2697277;539460;192184;1482386;240695;48139;123;25;0;48114;3;0;2222517;444503;215611;43122;2826;398555;0;0;0;0;13292670;2658533;2912888;582582;195010;1880941;5216376;1043277;108116;21623;15242;1006412;601;0;0;608;-7;464835;5681211;0;0;0;0;27201274;153454
   Волгоградская область;150229323;149739542;11245;11808716;11796176;117961276;1742;59691;59588;655479;26;-26092;97086731;96695664;483486199;10439;1042;7904708;7903465;47420794;346;0;0;0;0;0;0;0;0;410733;409244;2046214;104;28123929;28082774;176240890;5878;3839577;3792886;2455;81649;81649;27;4859825;4789117;3630;192565;180962;1409;82;0;0;2609;1991;26;2442;960;9;0;0;0;131664217;131387229;12257;95946197;95799935;10440;4002709;4002377;313;651700;651727;137;5222625;5194211;2312;410256;408767;100;25253862;25155790;5618;176980;174522;160;0;0;0;302;0;0;341096;341176;88;27109918;26983408;12145;0;0;0;8673560;8777274;174;1295637;1295639;53;100420661;23666153;4733230;5044879;1008974;938080;2786176;18154;3631;0;0;0;3631;4;0;23098084;4619619;20209287;4041857;49093;528669;0;0;0;0;46764237;9352849;25254166;5050831;987173;3314845;3996948;799390;111028;22206;466;776718;2969;0;0;0;2969;2640542;6637490;0;0;0;0;100420663;251178
   Вологодская область;168885028;167861868;13589;6485337;6485397;64853958;1064;4;4;41;1;480843;128145855;127663103;638318309;13355;1924;1716480;1710137;10260820;152;0;0;144;0;0;0;0;0;118785;118785;593924;112;26074069;26070728;157492526;4148;5393534;5349804;1920;590;590;2;5874875;5810518;2871;373658;371377;707;0;0;0;2382;2378;16;4733;0;0;0;1;2;172379639;171488403;13241;137303524;136451388;13173;4473608;4473692;188;1145447;1128677;93;4203705;4199186;1782;117568;117568;107;24831267;24813621;3927;299954;299726;135;60;60;1;42;0;0;3845506;3840730;113;15270440;15127381;13698;0;0;0;22210635;22215075;237;6283097;6282262;34;178605155;12625384;2525073;1135424;227086;131662;2166325;23527;4705;84;17;0;4688;2;0;545764531;109152908;531920266;106384053;35525;2733330;0;0;0;0;558389915;111677981;533055690;106611139;167187;4899655;3468377;693677;24576;4914;2646;686117;2101;352;70;39;1992;1466774;4935151;0;0;0;0;178605154;3837088
   Воронежская область;253060095;256107285;25676;35331742;35353126;353531242;3539;27965;27834;306174;17;108001;152065445;155294760;777087216;24656;2268;1943063;1936834;11633619;357;0;0;0;0;0;0;0;0;211448;209608;1048038;152;52109644;52039879;352715766;11045;10436297;10394774;4673;20481;20481;20;11260476;11212455;6570;260538;258719;935;902;902;4;425;486;13;10711;6914;7;0;0;0;231644243;234960914;24877;168626190;171978215;24733;6416414;6419556;682;978784;975725;372;12044058;12046109;4543;136300;135436;138;42880021;42854469;10288;278231;272023;179;0;0;0;3;3;1;431147;430928;118;26819433;26538615;25733;0;0;0;5531339;5538799;298;452178;452178;40;36437558;39983732;7996746;7782995;1556599;627574;5812573;15132;3026;1100;220;557;2249;13;0;15610662;3122133;1530459;306092;2610;2813431;0;0;0;0;55594394;11118879;9313454;1862691;630184;8626004;7093206;1418643;190599;38119;3061;1377463;75201;6;1;0;75200;1636622;8729828;15307;651;8;0;36437559;429696
   Ивановская область;59314289;60047374;10767;2849565;2850739;28506607;1095;2;2;14;2;-83093;46732679;47215719;236096815;10523;-13;769461;775284;4651668;167;3859;3859;24415;1;0;0;0;0;71255;71187;355942;42;7816283;7854604;47393604;3924;971163;1091651;1440;70741;70741;13;1157891;1279345;2076;43548;43154;313;0;0;0;206;189;7;2843;308;5;0;0;0;53816171;55017337;10347;40993082;42059571;10269;4051608;4054639;450;317349;317899;142;1446965;1577830;1411;71311;71187;42;6903056;6903357;3685;31415;31470;54;0;0;0;0;0;0;188408;187288;49;6056684;5554229;10731;0;0;0;693718;661159;115;12398;12398;12;9952525;7445713;1489144;1759019;351802;148061;989281;17;3;10;2;0;1;1;0;32213512;6442703;92675;18535;5753;6418415;0;0;0;0;39659225;7931847;1851694;370337;153814;7407696;1281221;256245;161416;32283;6932;217030;62;0;0;0;62;260694;1541915;3705;0;1;0;9952524;185170
   Иркутская область;250052780;248565223;14624;8432544;8420414;84203924;1584;3462;3462;38092;13;-35642;188329747;186877681;934377238;14156;1743;838300;832232;4993393;267;-254;17;83;1;0;0;0;0;556975;556007;2780042;111;40717752;40754795;248616175;6601;10624212;10584817;3349;628;207;3;11206519;11119185;4815;614669;611179;1639;222;27;2;564;564;21;18924;401;2;13;13;5;198413793;198065604;13907;144064579;143644867;13765;3600754;3693184;414;134778;140104;80;11203506;11118739;3139;463020;462052;107;38385178;38442430;6269;561982;564228;204;0;0;0;575;40;1;5483172;5376319;311;65038841;63988576;15334;0;0;0;18222423;18222586;684;6496308;6451813;42;158388585;29345891;5869182;7769683;1553933;392532;3922717;384;77;384;77;0;0;1;0;11975133;2395025;278452;55689;9545;2329791;0;0;0;0;41321024;8264207;8048135;1609622;402077;6252508;5709657;1141929;145875;29175;58693;1054061;5141;74;15;15;5111;1215655;6925312;0;0;0;0;158388586;5351819
   Калининградская область;137140695;136930621;5815;17648974;17613657;176136565;910;19411;19377;213154;24;-90346;89003855;88896549;444472639;5485;0;587395;587172;3523027;183;0;0;76;0;0;0;0;0;71040;71130;355650;51;27320743;27167404;170473781;2660;2123998;2119507;938;1090;1090;4;2385078;2376047;1457;606344;601279;449;25;25;1;332;331;15;6967;440;2;-4;5;1;88222266;87984845;5492;56941489;56790176;5375;3362081;3363826;675;1739321;1742120;235;2637981;2632318;876;63478;63478;50;23029246;22944282;2520;351983;351962;179;0;0;0;-276;0;0;1384938;1366557;264;55337096;55204827;5721;0;0;0;7174106;7007830;367;679750;679750;26;91148277;13867489;2773498;3190979;638195;126698;2008605;12804;2561;7667;1533;131;897;6;0;167687984;33537598;52498323;10499664;2217;23035717;0;0;0;0;181555473;36311096;55689302;11137859;128915;25044322;33004170;6600834;15888122;3177624;12078;3411132;9284;577;115;0;9169;6820329;39824499;31171;0;3;0;91148276;1353962
   Калужская область;201584691;201269496;9058;11937131;11934807;119345543;960;4;4;43;1;28133;152645031;152322069;761600508;8691;1;874462;876415;5258487;176;0;0;0;0;0;0;0;0;74356;74322;371601;82;28369683;28398571;173627167;4784;7085680;7068821;1825;101820;101886;32;7653706;7658407;2682;1018752;983216;609;1722;1722;1;666;673;15;3539;1332;9;-3;0;0;179896409;179799090;8582;97411413;97459247;8485;47693514;47691099;529;681652;681967;218;7588538;7569726;1633;80849;72692;81;25485932;25369949;4565;954515;954413;228;0;0;0;62;7;2;1741975;1742030;79;25949691;25700168;9127;0;0;0;5003857;4970087;275;320818;320818;19;47516532;16523781;3304759;4391554;878307;400181;2026271;12514;2503;0;0;0;2503;5;0;19665292;3933058;6538108;1307623;25538;2599897;0;0;0;0;36189073;7237817;10929662;2185930;425719;4626168;4882729;976547;506172;101234;2211;873102;21541;6176;1235;0;20306;1902893;6785622;211720;15935;11;0;47516531;1740000
   Камчатский край;26934625;26930216;1552;3683491;3679328;36793273;471;3106;3106;34162;7;-389;17403711;17397862;86988091;1443;-217;113657;113588;681526;55;0;0;0;0;0;0;0;0;294155;294155;1470777;27;3296896;3302728;22274818;626;2003504;2005820;241;32621;32621;2;2140167;2139389;428;125372;125372;148;0;0;0;0;0;0;0;0;0;0;0;0;25831158;25812991;1420;18250865;18266968;1404;1823964;1815931;104;6609;6609;9;2196255;2195477;235;284240;284240;27;3160434;3137467;617;104395;104924;59;0;0;0;8;8;1;517653;517637;33;4955193;4958210;1483;0;0;0;4230502;4227896;194;70680;70680;4;43192178;2582019;516406;516619;103323;18211;394872;805;161;23272;4654;0;-4493;1;0;1478414;295681;40243;8047;5954;281680;0;0;0;0;4060433;812087;556862;111370;24165;676552;166877;33376;895;179;1;33196;0;0;0;0;0;3212483;3379360;195;0;2;0;43192179;517637
   Кемеровская область - Кузбасс;298634702;297445221;12253;4669566;4668606;46686044;1095;1228;1228;13505;4;-23294;198031168;197027046;985135635;11876;0;21918394;21827157;130962940;279;0;0;0;0;0;0;0;0;1958396;1916129;9580648;183;49057147;49031028;296601951;5219;21576836;21795795;2139;498588;257464;28;22904106;22969824;3459;124549;123138;922;0;0;0;1555;1555;17;141229;3028;11;0;0;0;276532321;275497876;11381;201098788;200291313;11301;4294430;4148170;345;336900;335104;82;24294959;24193073;1918;1921014;1881041;180;44477295;44553494;4973;98204;99144;191;0;0;0;4888;10;2;18467238;18451999;168;42098627;41905734;12435;0;0;0;38168210;38251133;332;1486125;1645849;111;345368988;25512604;5102522;6220958;1244193;622713;3235616;1163;233;0;0;0;233;6;0;56974788;11394956;39784402;7956880;32989;3405087;0;0;0;0;82487392;16497478;46005360;9201073;655702;6640703;8072277;1614456;120896;24180;7499;1582777;19108;37340;7468;5357;6283;383829;8456106;0;0;0;0;345368988;18236979
   Кировская область;56870843;56962569;7266;5428377;5424827;54249759;1264;1;1;10;2;-27406;37291355;37371004;186857142;7046;-2;1173367;1173530;7040043;169;0;0;0;0;0;0;0;0;55643;55318;276593;118;11142725;11135225;69510226;3786;1500065;1494117;1394;165536;165495;13;1806782;1800339;2175;73038;73235;1419;0;0;0;867;862;12;934;271;4;0;0;0;48557857;48672641;6971;35584574;35705274;6922;1506217;1506593;181;145564;145504;73;2186127;2186699;1283;51552;51146;103;9033176;9026761;3592;50646;50665;112;0;0;0;0;0;0;65716;66653;57;9308601;9279978;8437;0;0;0;968959;965015;119;111971;117200;26;15754401;11729607;2345921;2774268;554855;437135;1353931;1510;302;0;0;0;302;1;0;65199721;13039944;24595456;4919091;42872;8077981;0;0;0;0;76929328;15385865;27369724;5473946;480007;9431912;3395865;679174;149093;29817;6721;642636;14;0;0;0;14;35963;3431828;11826;86;11;0;15754403;56493
   Костромская область;35795425;35809670;3361;2541369;2541207;25412068;481;50;50;555;1;-28133;27328567;27316698;136583488;3227;0;137847;137755;826529;74;0;0;0;0;0;0;0;0;67045;66573;332863;38;5004209;5001988;30790042;1662;585652;586650;642;5256;5256;4;743390;744316;1098;157340;157232;393;0;0;0;319;319;11;1787;324;5;0;0;0;31394048;31420599;3187;23986448;24020283;3166;1356211;1357044;162;134745;134745;78;573664;570754;586;66708;66236;38;5117783;5113047;1607;159116;159116;71;0;0;0;6;6;2;38767;38549;52;5644097;5623482;3582;0;0;0;1085316;1084833;58;14799;14822;8;13308510;97310153;19462029;94266896;18853380;14762;593887;0;0;0;0;0;0;0;0;480281590;96056317;354379169;70875834;957462;24223021;0;0;0;0;577591743;115518346;448646065;89729214;972224;24816908;2600860;520172;2821;565;0;519607;0;0;0;0;0;1052;2601912;0;0;0;0;13308510;37484
   Курганская область;40525840;40420890;3269;4311170;4307091;43070906;653;2204;2041;22448;7;19529;26338482;26289137;131445463;3059;20811;297617;273822;1642933;106;1779;1779;17788;1;0;0;0;0;23135;22268;111336;49;7038099;7032051;43377294;1412;2351110;2349123;624;47703;47627;5;2474793;2472781;928;27947;27746;321;0;0;0;632;632;16;0;0;0;1;1;1;34263270;34417871;3089;23923368;24084516;3059;520407;520447;68;223069;223796;55;1893879;1881758;582;23135;22268;49;7650732;7656407;1356;24441;24441;56;0;0;0;0;0;0;69148;69178;26;6433348;6159987;3374;0;0;0;210270;196694;104;101597;101597;10;4151318;4815074;963013;586115;117222;40624;805167;2541;508;0;0;0;508;2;0;424012;84803;26959;5392;3172;76239;0;0;0;0;5239086;1047816;613074;122614;43796;881406;250624;50125;617;124;9;49992;278;0;0;0;278;64531;315155;29455;1373;7;0;4151320;69177
   Курская область;99719254;96923377;8377;22567670;22330810;223308269;1823;5561;2020;22206;12;-9075;52521714;52209764;261048842;7659;-117;994125;988182;5929098;133;1170;1170;10275;2;60;60;408;1;143455;140886;704430;84;13814923;13795111;97791838;3336;9384156;7161694;1324;14;14;1;9681181;7456574;1980;106913;103929;557;0;0;0;803;626;13;151;136;2;0;0;0;93457680;88867816;8006;68228424;64888131;7935;3823113;3822623;252;359649;359649;176;8382005;7160267;1268;140438;137706;83;12464245;12443898;3119;55123;50858;97;0;0;0;41;36;1;1282715;1282715;30;15757491;15697638;8363;0;0;0;8810220;8819812;352;5189055;3530374;25;32763249;9382319;1876461;2049249;409854;299468;1167139;5989;1198;33;7;0;1191;2;0;2751592;550320;121529;24306;2193;523821;0;0;0;0;12133911;2426781;2170778;434160;301661;1690960;1963061;392613;3592;718;2729;389166;1708;16;3;13;1692;123047;2086108;0;0;0;0;32763250;1282634
   Ленинградская область;246054010;244419326;13454;10152321;10161715;101617087;1149;193;243;2503;6;-265423;187812005;185434448;927140125;13055;1;1444466;1444197;8664160;267;9459;9459;47291;2;0;0;0;0;1089347;1088386;5441927;148;40482270;40321820;249267603;6462;5509075;5357788;2700;12034;13338;19;6104860;5964836;3966;3271507;3266236;1920;18661;18661;5;337;337;19;5775;4515;14;134;3;4;225928822;224255672;12930;151619930;150631948;12784;26197004;25904514;889;761379;764587;215;7713998;7481757;2416;1087803;1086882;142;35412101;35283575;6232;3117092;3101704;386;221;221;1;1;0;0;4626077;4422064;323;60234800;59570189;14434;0;0;0;41454076;40541058;459;1882558;1940428;62;281368618;28387796;5677560;4902728;980545;414908;4282107;94548;18910;4336;867;729;17314;12;0;4757563;951514;58735;11748;1349;938417;0;0;0;0;33145359;6629074;4961463;992293;416257;5220524;6769920;1353981;264688;52937;172724;1128320;1707;4579;916;1206;-415;52265761;59035681;140729;17747;19;0;281368625;4414307
   Липецкая область;136534389;137626032;9286;21154623;21111421;211114195;1175;2436;2886;31737;8;-212035;81744960;82696835;413481921;8831;3;916165;916010;5496054;153;-52;0;384;0;0;0;0;0;100695;88940;444699;83;25028609;25022432;164972952;3739;7516060;7511396;1561;-13501;7800;17;7797310;7779281;2384;409777;399629;589;0;0;0;210;210;5;2882;1881;5;864;665;1;142193227;143397397;8917;103080434;104341409;8844;6870651;6838717;301;690139;691165;127;7568580;7577506;1493;99432;88710;80;23528284;23507245;3522;357769;356608;162;0;0;0;0;0;0;35915;35915;40;12618472;12475109;9492;0;0;0;17932570;17877659;148;3308018;3305644;57;125361516;8308672;1661734;2966369;593271;142490;925973;11710;2342;1925;385;379;1578;6;0;10811119;2162223;159764;31951;902;2129370;0;0;0;0;19119791;3823957;3126133;625222;143392;3055343;561250;112250;126397;25279;3;86968;1491;48;10;0;1481;203562;764812;48384;1885;7;0;125361514;35495
   Магаданская область;21796270;21710981;934;551030;539458;5394578;152;0;0;0;0;-35476;15894426;15777626;78888112;894;0;13657;13657;81939;22;0;0;0;0;0;0;0;0;946943;946943;4734718;27;2824464;2803884;16939354;318;1559402;1558732;126;187;187;2;1610094;1629182;268;121837;86478;227;0;0;0;6;6;1;0;0;0;152;152;1;21840304;22457857;903;16931093;17560346;885;299883;299883;31;1401;1401;3;1199766;1200919;137;946573;946573;26;2382914;2369289;274;79445;79445;42;0;0;0;0;0;0;6597828;5885632;108;4891260;4783130;995;0;0;0;11351166;11322443;224;549308;569342;9;118198587;1114650;222933;142965;28594;15611;178728;1241;248;219;44;219;-15;3;0;1470949;294190;1056;211;27;293952;0;0;0;0;2585599;517123;144021;28805;15638;472680;250353;50070;775;155;1381;48534;61;0;0;0;61;2321288;2571641;0;0;0;0;118198587;5885632
   Московская область;2014625711;1998502588;87385;137194607;133146393;1331462832;7639;5449;5449;59941;43;484462;1459780040;1449523911;7248321225;84660;-21441;10777665;10713336;64280231;1216;13276;13154;67142;10;192528;192528;962829;6;656092;651676;3258384;410;354331271;353123079;2149487100;49902;40011861;39157479;19099;4706845;4721822;164;51904355;50876958;26902;9173651;9151946;4870;8372;8372;24;10016;11145;81;1092418;416054;98;133436;134395;24;1789943760;1776702249;84257;1195442024;1183526049;83341;198449284;197361991;7130;15317956;15043416;2303;47843630;47402329;17133;516798;512399;396;325315130;324320064;48108;8434252;8412193;1717;116982;116982;10;393147;37432;10;11790095;11819134;856;262301505;258021887;88349;0;0;0;39986932;38355586;1091;7503872;7716875;249;410465987;354773214;70954643;81295571;16259112;7663431;47032100;75189;15038;17227;3445;1272;10321;33;0;250167381;50033477;179674100;35934823;846639;13252015;0;0;0;0;604940595;120988120;260969671;52193935;8510070;60284115;89039430;17807887;6813714;1362740;485355;15959792;98455;76987;15397;24037;59021;26141850;115181280;944305;102793;63;0;410465981;10756195
   Мурманская область;55773050;54694097;3141;3937211;3927044;39270436;792;322;322;3544;1;1177;39317756;39023188;195115941;2937;0;329279;329230;1975381;79;0;0;0;0;0;0;0;0;209840;203846;1019231;34;8574020;8548389;55979305;1279;3007498;2260808;535;117150;117150;7;3403445;2661837;864;1101011;1092877;1070;0;0;0;2762;2762;12;0;0;0;0;0;0;92643110;88531404;2923;75282890;72816203;2890;2143378;1856776;108;39824;37090;26;5334168;4034465;469;208550;202556;32;8264345;8221263;1269;1369794;1363051;118;0;0;0;0;0;0;3345179;3345230;45;10925083;10830123;3941;0;0;0;50027809;46893623;187;8848296;6496856;19;437675242;11044758;2208952;1126088;225217;174244;1809491;71927;14385;2752;550;542;13293;3;0;1266555;253311;2134;427;12786;240098;0;0;0;0;12311313;2462263;1128222;225644;187030;2049589;4730906;946182;203745;40749;3954;901479;2711;0;0;0;2711;11976147;16707053;0;0;0;0;437675242;3345229
   Нижегородская область;505876588;507471591;39327;31011722;30960517;309605160;3099;196;196;2646;14;-532758;372689972;373857700;1869286184;38303;-404;6666628;6694508;40167050;671;0;0;56296;0;0;0;5771;0;542218;537804;2689011;202;80690836;80388215;488011478;18576;13600421;12021196;7944;1160094;1008790;91;15654109;15014863;11590;1632948;1641732;1697;10;10;1;1070;1070;28;471687;235974;15;64;64;6;456418338;457911649;38212;346777110;348509865;37975;23422643;23368287;1551;1749861;1755563;514;13545558;13582772;7530;539020;534556;192;69275178;69055231;17710;1108427;1104808;534;159;159;1;246500;1135;4;10462239;10152905;408;70470771;69964519;39668;0;0;0;28517045;28648295;546;4566407;4566516;62;205068301;109044714;21808940;12187271;2437451;3181138;16190351;111260;22251;50792;10159;521;11571;35;0;30127286;6025454;13080356;2616070;52226;3357158;0;0;0;0;139172000;27834394;25267627;5053521;3233364;19547509;7682449;1536490;3035349;607070;7537;921883;26371;10208;2042;0;24329;79144142;86826591;128963;10644;32;0;205068301;9980583
   Новгородская область;45921828;45913377;3872;3782030;3776198;37761975;420;-606;107;1176;5;-2367;32108773;32105285;160527130;3741;-253;486541;488993;2933953;110;0;0;0;0;0;0;0;0;83907;85572;427862;40;8235980;8234158;50389215;1743;699276;697275;670;207125;207125;13;1227821;1220189;1144;193111;193214;325;0;0;0;540;538;12;21875;0;0;0;0;0;44900156;44903185;3684;32474435;32485505;3658;3987535;3980577;200;177332;178648;86;833155;832967;632;82414;84079;38;7094047;7090188;1662;196852;196884;85;3;0;0;0;0;0;527376;527376;58;6165277;6153651;3907;0;0;0;5459851;5479927;128;292915;292915;14;50356759;5591691;1118336;556890;111379;134747;872210;29637;5927;3238;648;0;5279;2;0;1644395;328879;552766;110554;2991;215334;0;0;0;0;7236086;1447215;1109656;221933;137738;1087544;327275;65456;38608;7722;151;57583;231;0;0;0;231;203948;531223;0;0;0;0;50356759;520736
   Новосибирская область;302789341;301133039;40530;34250125;34120360;341202189;4467;17805;11514;125901;25;308678;210097586;208815814;1045083612;39209;3100;1752735;1746563;10535058;614;2863;2863;24307;3;0;0;0;0;167490;166063;830309;106;46485314;46546607;295786051;19000;8791494;8750521;8339;90948;89860;47;9686135;9644895;11860;364101;364818;1214;540;540;9;15229;15229;28;28596;10088;18;0;0;0;270217467;268396770;39600;204256749;202938482;39311;10939859;10677086;1657;2539432;2546704;537;9928934;9899393;7725;164300;163416;99;42090839;41863578;18241;333647;334047;241;0;0;0;23914;9304;7;6481726;6508203;253;40216053;39689849;40144;0;0;0;13444600;13064267;721;649476;649838;36;113993050;69203431;13840686;20696941;4139390;1074106;8627190;213677;42735;110398;22080;964;19691;28;0;103585070;20717014;35549219;7109843;509844;13097327;0;0;0;0;172788501;34557700;56246160;11249233;1583950;21724517;71658791;14331757;205790;41158;8780;14281819;136825;41672;8334;903;127588;4262698;75921489;57785;297;26;0;113993051;6413185
   Омская область;139413826;139515940;14037;10513673;10449180;104491525;2067;14962;14963;164595;6;12064;99015670;99484237;497425238;13385;7636;245283;245854;1475739;146;0;0;0;0;0;0;0;0;116816;116802;584004;77;22026988;21838437;138161470;5705;7064252;6971496;2402;5385;6383;25;7460385;7362486;3734;159835;158693;616;0;0;0;205;173;11;3022;1290;7;349;349;2;117684382;117400544;13579;86832928;86875799;13461;2150643;2140166;305;703592;699657;244;8446971;8330143;2303;116687;116673;75;19281558;19094895;5339;152419;143625;89;0;0;0;170;167;1;280409;281031;191;26504912;26619402;13980;0;0;0;4815872;4613238;397;5532745;5545741;27;25277937;19986019;3997205;4535555;907110;508336;2581759;0;0;0;0;0;0;0;0;7925791;1585157;8385543;1677109;1529;-93481;0;0;0;0;27911810;5582362;12921098;2584219;509865;2488278;11586073;2317215;364988;72998;104246;2139971;2391;11945;2389;0;2;351462;11937535;24025;636;3;0;25277936;278330
   Оренбургская область;156729164;156539113;9397;9250755;9231257;92312723;1517;980;734;8069;7;125225;118368602;118358261;591789082;8884;-17;1968152;1968930;11813578;168;0;0;0;0;0;0;0;0;413713;413809;2069042;87;22757297;22707383;142410975;3981;3260543;3263667;1848;60558;60561;6;3845768;3848079;2800;89322;87678;620;0;0;0;1322;1324;22;6255;0;0;18;18;2;112939310;112857641;8736;85510752;85470088;8655;1445883;1445787;155;300277;300875;124;4401415;4394613;1764;403578;403365;81;20795528;20759405;3802;82198;82100;122;0;0;0;4463;0;0;2456864;2451334;123;45488518;45396272;9653;0;0;0;4035778;4055859;265;4536048;4536048;40;63907090;15724667;3144930;3629261;725850;341854;2077226;8008;1602;5465;1093;0;509;7;0;80767851;16153567;72858062;14571613;28979;1552975;0;0;0;0;96492518;19298497;76487323;15297463;370833;3630201;3206857;641371;114032;22806;74001;544564;56579;237;47;13;56519;502974;3709831;16202;746;12;0;63907088;2451273
   Орловская область;51335642;50756536;5368;8596486;8466984;84669798;988;750;750;8254;4;-43914;27579165;27251210;136239497;4967;-382;716882;694770;4142233;117;0;0;0;0;0;0;0;0;60726;60380;301899;36;11815189;11683724;79537902;2323;1685257;1675805;800;4499;4499;13;2610721;2597629;1177;66288;66970;329;0;0;0;2075;2418;8;2985;841;4;19;19;1;45844759;45373536;5091;30112500;29757446;5048;1497752;1491025;153;417101;417341;110;2882986;2891560;779;60673;60327;33;10806367;10689055;2216;66834;66784;67;0;0;0;27;0;1;67913;67773;34;6668035;6544906;5427;0;0;0;1172728;1156936;170;223416;225007;12;12381988;5172471;1034494;1295616;259123;44489;730882;201744;40349;14005;2801;10825;26723;7;0;570452;114090;47852;9570;842;103678;0;0;0;0;5742923;1148584;1343468;268693;45331;834560;1336816;267364;4490;898;1717;264749;7673;30;6;0;7667;3239;1340055;27955;10;11;0;12381987;67335
   Пензенская область;87428507;87701489;8114;11987102;11963740;119637388;1255;3752;3752;41268;4;-159524;57076187;57287018;286519071;7720;355;778507;748779;4492590;206;0;0;0;0;0;0;0;0;34588;34683;173415;83;13165397;13132383;86261185;3978;4326311;4314712;1558;154;154;5;4541980;4530759;2385;59427;56259;585;3;3;1;1565;1565;23;4295;254;5;0;0;0;75819304;76190951;7822;56934316;57255639;7756;1882496;1881058;247;227849;227731;100;4414961;4443600;1462;34747;34501;83;12292422;12316303;3820;32513;32120;94;0;0;0;0;0;0;10519;10424;16;13517889;13412028;8355;0;0;0;1832680;1846243;153;300165;262522;27;17578134;8478392;1695679;1368995;273798;81424;1340457;0;0;0;0;0;0;0;0;1763329;352666;577076;115416;7242;230008;0;0;0;0;10241721;2048345;1946071;389214;88666;1570465;1892614;378522;47049;9409;23;369090;0;0;0;0;0;395322;2287936;0;0;0;0;17578137;4128
   Пермский край;269364072;269069605;23285;10356962;10341070;103408450;2276;7275;3373;37099;8;-106538;205137618;204866147;1024330729;22756;-2700;2535506;2527299;15163781;517;166;166;581;3;0;0;0;0;794862;793990;3969865;177;40907702;40839153;253057998;10725;8914371;8877371;4861;22049;42488;30;9735257;9693000;7293;753425;743960;1509;1824;1824;1;1886;1886;24;3611;1638;8;392;223;7;219822566;219269015;22352;166912787;166577762;22169;4261398;4166492;584;583860;583041;199;7672535;7648486;4442;792583;791621;171;39135900;39042572;10317;458296;454608;223;0;0;0;-1268;97;1;2552749;2545213;146;60871550;60612961;24102;0;0;0;12598216;12594545;298;6682067;6629090;74;238696018;42971147;8594234;8689333;1737866;786497;6069871;27798;5560;2901;580;404;4576;20;0;46301196;9260240;43900250;8780050;27155;453035;0;0;0;0;89272343;17854474;52589583;10517916;813652;6522906;13566150;2713229;2341057;468209;21601;2223419;6461;15405;3081;2580;800;2960248;16526398;11893;722;12;0;238696017;2547844
   Псковская область;29883323;29760347;4102;5814910;5785999;57835605;479;52;52;570;2;-10207;18558929;18448470;92242261;3977;0;749050;749036;4493453;103;0;0;0;0;0;0;0;0;32898;31418;157087;38;4080058;4088105;25791295;1612;547200;549755;619;16907;16904;8;657633;657226;989;73177;73122;361;0;0;0;8026;8026;5;1379;454;5;0;0;0;27282766;27223843;3942;20979112;20985024;3905;1278435;1271296;235;344920;345370;160;592495;594615;556;32863;31382;37;4005190;3946886;1531;49322;48839;55;0;0;0;11;0;0;734122;733118;201;3215640;3162153;4118;0;0;0;1259457;1274305;352;17164;10983;5;12716119;3088386;617676;519249;103847;60769;453060;16;3;15;3;0;0;1;0;319923;63985;103517;20704;1830;41451;0;0;0;0;3408309;681661;622766;124551;62599;494511;756294;151258;2184;437;257;150564;0;0;0;0;0;139699;895993;54;0;1;0;12716120;732631
   Ростовская область;366912075;365753744;29553;34120808;34080188;340802632;4122;25459;25437;279824;39;48550;227347862;226422518;1132090188;27762;1492;6719459;6718410;40310454;628;0;0;41242;0;0;0;0;0;662593;657707;3288537;219;75799420;75637988;491071666;16619;16144818;16070896;6570;504334;503912;61;22201084;22180464;9340;302583;299437;1065;297;266;5;3364;3364;54;11667;2677;19;164;164;3;349008040;348162172;28339;242818335;242167917;27966;16751970;16743072;1809;1806954;1791458;498;20724181;20691801;6004;652794;647860;208;65968658;65837432;15796;286274;286177;273;76;76;1;6343;2704;3;13558150;13491780;442;48755899;47802644;28896;0;0;0;43552987;43376424;1593;641250;625585;45;413517071;54930443;10986091;16141613;3228324;1349025;6408742;253162;50632;164099;32820;0;17812;26;0;26837144;5367430;487470;97496;40370;5229564;0;0;0;0;81767587;16353521;16629083;3325820;1389395;11638306;9061450;1812290;863813;172763;29001;1610526;129109;80281;16056;545;112508;20741023;29802473;44428;5407;13;0;413516945;13439194
   Рязанская область;115523577;116274633;10637;10181796;10193088;101928588;1367;113;114;1209;8;-256176;79499892;80014536;400076248;10107;-4319;1836162;1840004;11040535;237;865;110;661;1;0;0;0;0;28513;26824;134120;56;18618990;18600412;114608156;4676;5166279;5146998;1845;12499;12080;13;5618548;5598841;2723;111675;111348;514;0;0;0;1095;1075;13;3291;1908;7;13;13;2;101994444;102819698;10192;73759991;74603839;10112;3967798;3978007;331;485113;484928;140;5819010;5794101;1702;26902;25936;53;17871522;17862559;4447;71729;71464;106;6;6;1;527;527;2;162153;159818;69;17316293;17213918;10779;0;0;0;3241951;3798070;122;102363;102363;19;19096727;8627591;1725518;1595376;319073;241909;1164536;4396;879;139;28;0;851;5;0;5168513;1033700;492712;98542;12926;922232;0;0;0;0;13796104;2759218;2088088;417615;254835;2086768;2518141;503629;14000;2800;523;500306;8498;325;65;325;8108;20754;2538895;1194;191;1;0;19096730;159128
   Самарская область;474302915;468787924;43644;21427585;21366365;213663668;3612;5182;5137;56400;19;1558964;355447694;351819445;1759113565;42389;26075;5239039;5246267;31477595;576;55;55;7967;2;209;209;1046;1;228677;225409;1127040;141;73848358;73659095;456787637;18311;15098401;15022697;7523;213105;213097;56;16521249;16431130;10896;892782;869266;1304;1048;1048;6;1530;1821;27;12469;6853;22;21;21;4;393444239;388837381;42220;284228497;279754131;41919;20278146;20258649;1086;1104000;1104108;361;17083129;17089136;7107;228064;224897;138;69625093;69535205;17320;896732;871110;397;21;21;1;3017;2086;1;3248566;3291851;322;87112309;86264351;43376;0;0;0;8621204;8704633;420;6000033;5994069;96;132752820;58334863;11666976;15909403;3181880;1237274;7247822;70469;14094;28279;5656;12003;-3565;19;0;57098944;11419791;8110652;1622131;186448;9611212;0;0;0;0;115433807;23086767;24020055;4804011;1423722;16859034;12897175;2579434;542256;108450;134446;2336538;26791;62751;12550;1796;12445;3186220;16083395;67943;5358;15;0;132752821;3264470
   Саратовская область;153199382;152797348;16070;16450705;16423215;164228428;2264;15465;13839;152292;13;-103737;95829383;95533391;477662860;15216;-301;3471668;3471041;20826244;319;0;0;25;0;0;0;0;0;257378;254018;1270088;95;29860640;29697773;187767083;8017;6519657;6505378;3477;480342;474869;33;7418075;7402582;4841;165881;164907;590;131;0;0;1838;1836;15;6422;4101;9;0;0;0;132699690;132614405;15491;94382457;94489362;15377;2840798;2825140;313;306166;306037;170;8055777;8051854;3267;254309;250920;90;26749791;26579081;7552;105392;105272;120;0;0;0;612;171;3;764045;764315;118;25817730;25513847;16042;0;0;0;5822577;5838632;338;818368;818369;22;38779692;17473640;3494729;4194617;838920;378909;2276900;6412;1282;1365;273;78;931;7;0;5274680;1054935;742278;148455;3333;903147;0;0;0;0;22748320;4549664;4936895;987375;382242;3180047;10040657;2008132;192667;38535;11181;1958416;7023;5463;1093;0;5930;330814;10371471;4524;135;5;0;38774660;763890
   Сахалинская область;42049539;41777962;2580;2695541;2693573;26935727;447;8;8;90;2;8133;32610543;32519664;162598319;2514;1;339588;339588;2037527;22;0;0;0;0;0;0;0;0;62487;62168;310842;35;5183468;4090158;32329471;1089;757603;750314;362;273542;273542;7;1149771;1141440;717;702455;692709;395;0;0;0;18;18;2;16;2;2;0;0;0;38899696;38750006;2440;30399973;30378387;2406;1614968;1613905;199;803;862;6;606440;604550;333;61067;60748;31;5521730;5396961;1090;694713;694595;135;0;0;0;678;678;1;2198679;2198890;72;12304404;12240463;2648;0;0;0;10665302;11481188;245;121351;121351;12;60213779;7832962;1566591;894680;178936;125677;1261978;9855;1971;3841;768;85;1118;6;0;1780029;356007;571292;114258;15792;225957;0;0;0;0;9612991;1922598;1465972;293194;141469;1487935;1683377;336676;160488;32097;123815;180764;139383;412;82;76;139225;6075453;7758830;139589;204;7;0;60213781;2196652
   Свердловская область;757404120;752230798;57500;24595604;24502753;245027244;3989;24933;24933;274268;23;1674991;504622571;502035820;2510135352;55969;-3206782;60538734;60408208;362561159;1220;-181953;3903;22128;15;507110;321254;1606268;3;701296;684428;3422136;307;135572997;131419386;797420741;30487;29651612;29378728;13620;419981;477210;110;33220744;33054844;18297;1007371;973671;2893;614;614;7;20481;20516;79;34117;6582;42;0;0;0;693705293;688853292;55716;510267985;502195382;55255;23059223;22933107;2297;6094380;6150403;627;35328026;31889442;12416;678178;678733;298;128656982;124290734;29443;-10348058;731996;655;1624;1624;4;2753;433;7;6862726;6892484;522;95163459;94660687;58386;0;0;0;37023417;36918163;732;3762294;3783406;144;368319439;122970540;24594112;31379411;6275881;3313618;15004613;715259;143052;8619;1724;12156;129172;31;0;213532975;42706594;128171265;25634252;329579;16742763;0;0;0;0;336503515;67300706;159550676;31910133;3643197;31747376;52603747;10520749;1729578;345915;422279;9752555;50233;457;91;34;50108;3709087;56312834;157073;6095;36;0;368321099;6677235
   Смоленская область;90967244;91169842;10649;7028173;7006272;70062728;1298;1223;1224;13466;8;-17889;60384940;60673315;303359392;10053;34;2782214;2764950;16589697;279;0;0;0;0;0;0;0;0;71098;71098;355485;57;18398553;18348979;112503264;4191;1632804;1616691;1543;514093;513972;27;2319679;2303655;2344;276895;276752;965;140;140;1;488;487;11;5230;2066;9;0;0;0;84227841;84490496;10567;49857066;50247386;10290;3758092;3726368;537;10332427;10298313;2458;1840826;1835454;1479;71718;69907;56;17710905;17691846;3957;236107;236059;288;0;0;0;3697;2128;3;2705705;2705271;792;10083059;9961990;9587;0;0;0;5773525;5727342;2275;17465;17465;5;62401637;8003167;1600637;1469426;293886;161566;1145185;0;0;0;0;0;0;0;0;3011393;602280;720617;144123;14975;443182;0;0;0;0;11014560;2202917;2190043;438009;176541;1588367;2504544;500909;35221;7044;2685;491180;27129;16962;3392;157;23580;3829385;6333929;1285746;96095;147;0;62401637;2703037
   Тамбовская область;70919881;70341967;5606;19316309;19326698;193267016;1394;4043;4316;47483;9;314646;32900828;32675746;163395960;5128;0;294562;294294;1765764;105;13;13;2002;1;0;0;0;0;65277;65431;327159;67;14131293;14104418;104995771;2370;3458807;3447413;904;223042;222441;4;3892802;3868822;1424;100818;100793;539;2;2;1;1929;1972;13;2106;58;1;0;0;0;66260134;65831241;5335;48769655;48352857;5304;853567;851682;62;168508;168912;46;4547683;4543844;887;64052;64206;65;11778133;11770793;2147;76197;76611;92;2301;2301;3;633;9;1;218530;218530;7;8377206;8248123;5843;0;0;0;3822284;3843100;97;500301;500301;14;13697907;5929123;1185826;762094;152419;63864;969543;1152;230;0;0;0;230;1;0;858926;171785;50846;10169;166;161450;0;0;0;0;6788049;1357611;812940;162588;64030;1130993;1565256;313051;35336;7067;4777;301207;1028;0;0;0;1028;55026;1620282;0;0;0;0;13697906;218162
   Тверская область;97841826;97904160;10098;5540071;5519766;55197792;1102;1479;1479;16273;7;17631;72189774;72316287;361367060;9802;0;4063723;4065291;24391745;232;1;1;5;1;0;0;0;0;126235;126318;631587;86;13659578;13636554;84543941;4468;1583594;1587552;1710;8408;8408;20;2243078;2237063;2701;183184;182388;1156;0;0;0;198;182;9;57392;694;7;0;0;0;85722218;85932575;9473;67006328;67246298;9404;4319658;4319873;332;262770;262694;125;1731455;1720509;1593;125609;125711;81;12134662;12115320;4272;149927;149908;160;0;0;0;48;48;2;1172591;1111345;90;12898907;12757532;10826;0;0;0;1704518;1709108;190;348131;347108;23;28110829;11604006;2320802;1753275;350655;119916;1850231;2599;520;0;0;0;520;3;0;3072150;614430;242946;48589;3163;562678;0;0;0;0;14676156;2935232;1996221;399244;123079;2412909;2156258;431252;1213056;242612;7597;181043;2940;87;17;1568;1355;809583;2965841;0;0;0;0;28109341;1110231
   Томская область;131622508;131180071;7974;7882229;7870044;78700008;908;-488;14;158;2;9655;107468397;107080978;535404786;7750;1716;277340;315178;1891070;112;0;0;1065;0;119;119;593;1;74177;70947;354730;48;13645148;13604031;83291485;3537;1855329;1839112;1618;241047;214606;4;2262578;2235680;2337;49417;48423;724;0;0;0;237;237;7;10566;289;4;0;0;0;97994900;97719305;7660;80344212;80117445;7621;1550830;1551513;163;87151;87151;62;2712034;2702287;1462;68918;70252;46;13189313;13161020;3392;34519;29083;88;0;0;0;0;0;0;369644;421963;38;35773584;35586875;8387;0;0;0;2462818;2494646;179;1988400;1991278;38;13204841;18407081;3681416;2920766;584156;232638;2864622;17627;3525;2508;502;481;2542;8;0;6300097;1260019;2734971;546996;7025;705998;0;0;0;0;24707178;4941435;5655737;1131152;239663;3570620;4446353;889271;11257;2251;0;887020;711;0;0;0;711;787624;5233977;128554;0;3;0;13204840;410194
   Тульская область;165672344;164468492;12319;13277315;13273000;132721239;1339;227;227;2501;2;34439;114133372;113040423;565212193;11895;0;1614464;1614656;9795722;241;228;228;2593;1;0;0;0;0;181043;177524;887621;134;27010254;26994437;168796872;5630;7376827;7418400;2273;283754;283754;21;9416446;9342811;3297;566495;566726;833;440;440;2;950;931;18;17005;2861;11;0;0;0;159529407;158308190;11720;115500035;114394305;11628;8635888;8630946;440;575417;575442;191;8381752;8387241;2134;180499;176981;131;25728491;25615762;5433;527814;527802;184;0;0;0;6337;6337;1;407183;408489;65;20818480;20827656;12680;0;0;0;14569015;14488719;216;1434674;1435197;51;148694523;18310530;3662106;7461371;1492276;1191196;978634;3803;761;2803;561;0;200;6;0;2970361;594073;290288;58056;5937;530080;0;0;0;0;21280891;4256179;7751659;1550332;1197133;1508714;4433883;886778;142730;28546;193561;664671;3133;0;0;0;3133;2216094;6649977;10195;0;1;0;148694524;404922
   Тюменская область;279619399;279529251;13283;6381191;6369569;63699886;1321;-11;224;2452;9;761;204315022;204201037;1021070381;12781;99;1105013;1098944;6584420;246;850;850;4175;4;0;0;0;0;356122;356870;1784353;91;56624875;56705070;343838293;6137;8292070;8221177;2939;37895;37693;25;10834039;10794678;4367;2709263;2679152;908;0;0;0;571;767;15;3302;859;3;5;5;4;229705787;229801781;12711;159381597;159502551;12594;4094250;4116499;197;184161;184161;72;9888200;9835411;2716;357644;358357;90;52960632;53012520;5870;2855230;2805182;180;0;0;0;24;24;1;101141;101756;45;62800662;62619854;13657;0;0;0;10247331;10284859;234;9255641;9248691;35;94573905;43624651;8724928;7592082;1518417;880539;6325972;51904;10381;31973;6395;17;3969;10;0;26395630;5279125;19818441;3963688;325571;989866;0;0;0;0;70020281;14004053;27410523;5482105;1206110;7315838;30088209;6017643;2807224;561445;621123;4835075;37492;174;35;0;37457;3187063;33275272;476;0;1;0;94573908;92003
   Ульяновская область;89193498;88433454;9933;6668568;6689738;66897357;1091;381;360;3957;6;316593;65173840;64532249;322659848;9592;5176;1096501;1094906;6569429;189;212;212;1140;1;0;0;0;0;39321;39197;190020;80;12242381;12083165;75371732;4266;3294383;3295964;1770;48856;48469;11;3650709;3981457;2681;94104;99090;638;0;0;0;661;661;6;4377;254;3;25;25;2;80135232;79626509;9617;57214614;56737068;9561;4483830;4483780;234;280837;214933;101;3721608;3706866;1663;38162;38038;80;14308637;14355689;4059;87419;90008;135;0;0;0;0;0;0;221771;220921;54;10954646;10700913;10166;0;0;0;2066144;2011026;151;33508;33508;11;15350697;14257705;2851541;3520332;704067;466343;1681131;1620;324;0;0;13;311;2;0;1648431;329688;136774;27355;9074;293259;0;0;0;0;15906136;3181229;3657106;731422;475417;1974390;935437;187087;103976;20795;3716;162576;2541;0;0;0;2541;5903157;6838594;3822;0;2;0;15350700;213914
   Челябинская область;428694815;431301497;39258;15152372;15134174;151341821;2249;6355;6355;69893;23;-883733;310871288;312806903;1563975435;38240;49077;7716059;7682229;46047867;778;-414;471;8187;5;0;0;2163;0;488659;488169;2440845;217;78846997;78804828;477978610;19462;14576808;14513340;8460;366680;320570;75;16440223;16321013;11439;344914;342860;1752;301;301;3;7350;7038;42;50565;12696;41;25;25;5;384525599;387392543;38094;274142202;277107860;37801;11237249;11226871;1188;9406227;9415523;501;13615345;13613578;7887;385692;385201;205;75217247;75128608;18591;515681;507344;336;-11;52;3;3499;2935;8;4744337;4712300;536;52633305;52439351;39328;0;0;0;12786636;12864033;1026;2452575;2315943;76;164228561;81569553;16313909;12016324;2403266;671320;13239323;111623;22325;122772;24554;2724;-4953;21;0;103545944;20709189;51750707;10350141;116530;10242518;0;0;0;0;185115497;37023098;63767031;12753407;787850;23481841;10479263;2095856;210015;42004;45896;2007956;29009;17296;3459;71;25479;1770077;12249340;291427;12490;46;0;164228565;4685836
   Ярославская область;145708490;144994558;16994;4778290;4777308;47772601;1262;150;150;1653;4;564952;104815645;104624286;523095499;16609;6648;667941;668363;4010181;236;95;93;813;2;0;0;0;0;92813;92729;463642;98;27181332;27223144;164457169;7511;5670777;5662558;2837;321032;321823;41;7599784;7591525;4200;186163;180554;615;293;286;3;23599;19545;20;9597;2134;8;-11;0;1;129913517;129414213;16309;90653712;90182238;16213;4773729;4739906;431;217555;202849;204;10220148;10213543;2674;92668;92584;98;23789320;23821019;7173;161443;157837;171;846;846;1;161;0;0;685673;607399;113;22395404;22229303;17114;0;0;0;7079827;7063748;289;679474;679474;34;42298136;30993561;6198710;3859671;771937;457668;4969105;150124;30025;26;5;539;29481;6;0;3883011;776601;912190;182437;2646;591518;0;0;0;0;34876572;6975311;4771861;954374;460314;5560623;28526928;5705386;211104;42221;32862;5630303;268;0;0;0;268;284059;28810987;33221;5368;12;0;42298139;606421
   г. Москва;9517059744;9370495904;314417;354657944;354769601;3547695824;25850;878773;891500;9806458;127;31735390;6697943578;6597949094;32990004282;305794;809448;49534266;48163165;289023694;3717;1132065;1196880;5986025;32;582233;595724;3008894;59;5814651;5047900;25239505;506;1931401897;1918211858;11649505870;162141;332663585;327397259;58883;72784925;72703065;499;446301088;440468633;82990;61018921;60727194;15504;186182;209754;196;16829;16597;65;1318139;902920;443;15336;15389;36;8505694232;8375184676;304731;5504222842;5389895461;301172;739497707;736812966;29844;43109996;43020704;5575;377890067;377468331;54040;5802387;5035212;482;1783385931;1771367266;156453;51413080;51243621;8152;176168;196092;70;233412;205578;73;373567575;374086762;3151;1341754379;1328342145;310747;64822378;64501561;0;639826580;645315854;3271;192432732;193047400;391;5612870661;1975003165;395000632;647260500;129452092;43928065;221620475;13829763;2765952;7712048;1542408;189972;1033572;403;0;61595073872;12319014776;54518531456;10903706290;59790632;1355517854;55975330;11195066;338;0;63626052367;12725210474;55165791956;11033158382;103718697;1588333395;4679322189;935864441;1324372890;264874579;2026644;668963218;72579301;15810920;3162184;389024;69028093;60438450120;65117772309;6759954;214695;192;0;5612870657;372656436
   г.Санкт-Петербург;2708247899;2655070170;143035;124327911;123293479;1233211477;10102;12800;12802;140832;47;6438311;1962743460;1931663548;9658491902;139602;31913;13497134;13447075;80684210;1867;5322;4684;56724;10;188211;188211;941527;7;1281449;1202546;6013428;259;508892177;498556112;3031655028;76291;84063592;78757927;31622;1004212;1021084;194;90988950;86636629;42892;8459390;8359822;5198;24804;23525;41;7929;3561;52;202017;42261;94;13391;13659;17;2398709126;2347648482;139803;1688491892;1648305883;138534;143224970;142543085;11198;5633478;5525914;2240;87743791;87764696;29382;1277392;1198489;242;465024126;455111390;73160;7251003;7145701;2128;7110;6523;8;298015;261679;15;85810721;85548197;1762;382127743;378914223;142312;0;0;0;148923357;148830669;1885;22243379;21771970;156;1006167122;397554880;79510973;111361680;22272331;9687506;47551136;1185707;237141;782813;156562;5439;75140;121;0;3299147224;659829449;1687569570;337513917;7206219;315109313;0;0;0;0;3696702104;739340422;1798931250;359786248;16893725;362660449;123951724;24790346;9344799;1868961;703436;22217949;151390;53319;10665;9562;131163;203130627;327082351;389025;31835;89;0;1006167124;85421844
   г.Севастополь;14523454;14554598;3005;1040073;1039083;10390830;388;242;242;2662;1;272;10490282;10528708;52643541;2893;1;17323;16362;98173;32;0;0;0;0;0;0;0;0;20855;20855;104276;23;2329742;2327749;14284695;1820;520429;519061;729;0;0;0;624664;621073;1035;13049;13642;251;0;0;0;306;317;6;0;0;0;0;0;0;11867784;11924489;2857;9124928;9169819;2810;14858;14800;16;7341;7341;15;666214;664066;654;20185;20185;21;2028705;2040501;1701;7384;7384;16;0;0;0;0;0;0;4694;4694;9;2732506;2722957;3202;0;0;0;58595;74010;19;26978;26978;3;206669;4206334;841268;260414;52081;161645;627542;1417;283;267;53;44;186;2;0;350285;70057;65430;13086;4238;52733;0;0;0;0;4556619;911325;325844;65167;165883;680275;10274644;2054928;82382;16476;14816;2023636;7176;172;34;82;7060;22427;10297071;11400;0;2;0;206669;4694
   Еврейская автономная область;2242818;2236398;301;283276;282971;2829711;66;1;1;14;2;2379;1516172;1515084;7575421;281;0;754;754;4526;3;0;0;0;0;0;0;0;0;16690;16690;83451;7;315453;312861;1905534;107;100462;100506;36;0;0;0;108092;108036;71;25667;25337;248;0;0;0;128;128;2;0;0;0;0;0;0;1838271;1862579;288;1316725;1330058;287;57261;56902;27;311;311;1;104692;103185;36;16690;16690;7;332120;332126;100;10472;23308;9;0;0;0;0;0;0;654835;645890;10;433649;420899;513;0;0;0;656139;665504;47;0;0;0;10374655;440142;88028;130542;26110;24097;37821;12379;2476;11824;2365;0;111;2;0;10202;2040;0;0;0;2040;0;0;0;0;450344;90068;130542;26110;24097;39861;57922;11584;7222;1444;0;10140;0;0;0;0;0;0;57922;0;0;0;0;10374655;645891
   Ненецкий автономный округ;4716551;4721655;146;76709;76609;766086;23;0;0;0;0;18179;3476272;3443933;17219662;143;-18205;27172;37223;223337;5;0;0;0;0;0;0;0;0;5521;5521;27604;11;980650;1009921;6064007;67;24466;24466;23;0;0;0;148884;148450;45;6;6;3;0;0;0;0;0;0;0;0;0;0;0;0;5110401;5098658;133;4063193;4061560;130;0;0;0;0;0;0;29129;29121;20;5521;5521;11;1012524;1002375;69;32;81;5;0;0;0;0;0;0;2785877;2595086;8;814623;813780;134;0;0;0;3991833;3783068;20;1190920;1190925;5;22348981;434408;86879;45409;9083;13193;64603;5;1;308;62;0;-61;1;0;1640840;328168;5914;1183;0;326985;0;0;0;0;2075248;415047;51323;10266;13193;391588;1083118;216624;0;0;110256;106368;141;0;0;0;141;66400;1149518;0;0;0;0;22348981;2595086
   Ханты-Мансийский автономный округ - Югра;522193516;521259756;9918;2045425;2062340;20623937;537;2035;2035;22385;11;32299;429072876;428884160;2144421725;9773;-27;711252;711307;4269043;203;0;0;0;0;29827;29827;178962;1;16335294;16334774;81673871;114;57522996;56683923;343116494;3447;14511375;14607346;1532;9793;9007;5;16462701;16571823;2593;392999;392415;1008;0;0;0;56;56;5;2997;2122;4;1006;1025;3;315809897;314931540;9196;240860356;241088658;9122;1201628;1205582;88;305344;302369;32;14332712;14190503;1414;9349633;9349022;109;49357338;48465999;3320;400312;324945;252;0;0;0;962;853;4;19776790;19726504;52;194854513;194623784;10462;0;0;0;7806603;7595374;170;23588716;23453164;70;645894184;29433725;5886741;9376999;1875402;705839;3305500;49497;9899;2623;525;391;8983;12;0;24303536;4860710;5008268;1001653;25952;3833105;0;0;0;0;53737261;10747451;14385267;2877055;731791;7138605;6789113;1357822;257846;51570;47597;1258655;54439;14678;2936;238;51265;3746607;10535720;58;12;1;0;645894184;19723424
   Чукотский автономный округ;5724201;5714415;206;138271;138374;1375368;43;0;0;0;0;1342;3920090;3919833;19607061;198;0;13442;13437;80624;4;0;0;0;0;0;0;0;0;176017;176013;880062;15;801451;791292;4872719;81;446992;446992;27;0;0;0;673587;674137;68;730920;728636;430;0;0;0;0;0;0;15791;0;0;0;0;0;8543153;8536786;202;6384801;6380170;201;10743;11097;6;23211;23158;2;357992;357125;24;176017;176013;15;910798;909570;75;670112;670183;58;9469;9469;1;8187;0;0;2343245;2342420;13;1921827;1920792;522;0;0;0;6344632;6356078;90;132169;132169;4;58499968;290476;58096;68810;13762;21696;22638;2471;494;0;0;0;494;4;0;268016;53603;8259;1652;8277;43674;0;0;0;0;558492;111699;77069;15414;29973;66312;183608;36721;29032;5806;28151;2764;10606;881;176;0;10430;19608;203216;0;0;0;0;58499968;2334762
   Ямало-Ненецкий автономный округ;425155088;423839817;2044;284932;282099;2820991;151;1984;1984;21824;4;109335;354482679;353632147;1768161616;2007;860;44841;46273;277639;59;0;0;0;0;123;123;615;1;125161;119894;599473;64;54244275;54225716;325490675;836;15606185;15212068;426;0;0;0;15861245;15393308;648;5683889;5685371;428;6;6;1;332;228;3;0;0;0;546;546;1;297385394;295263351;1864;220699839;220536630;1843;1935126;1754398;28;8022;8022;6;17013418;15266924;410;126795;121438;62;51477765;51451613;792;6100594;6101154;154;26479;26479;1;0;0;0;4432927;4433684;14;170873133;170632144;2298;0;0;0;44483752;40785217;54;41527314;41573354;59;162460092;12778671;2555736;7108896;1421781;329839;804116;34877;6975;53209;10642;5336;-9003;13;0;17250184;3450035;2863928;572787;4050;2873198;0;0;0;0;30028855;6005771;9972824;1994568;333889;3677314;11217814;2243562;489155;97832;13482;2132248;13025;0;0;0;13025;166867;11384681;11353;0;2;0;162460090;4433544
   БАЙКОНУР;309661;308215;36;7040;7040;70398;13;0;0;0;0;4;296547;296294;1481471;34;0;693;693;4159;1;0;0;0;0;0;0;0;0;0;0;0;0;4185;4185;25107;6;594;0;0;0;0;0;597;3;1;8627;5229;11;256;256;1;0;0;0;0;0;0;0;0;0;227407;223601;30;198563;198164;30;0;0;0;15943;15943;5;312;312;1;0;0;0;3795;3795;5;8793;5387;4;0;0;0;0;0;0;0;0;0;94128;94279;41;0;0;0;4436;4436;1;0;0;0;491;144088;28816;27339;5467;18148;5201;0;0;0;0;0;0;0;0;27234;5447;225;45;193;5209;0;0;0;0;171322;34263;27564;5512;18341;10410;0;0;0;0;0;0;0;0;0;0;0;0;0;0;0;0;0;492;0
;;;;;;;;;;;;;;;;;;;;;;;;;;;;;;;;;;;;;;;;;;;;;;;;;;;;;;;;;;;;;;;;;;;;;;;;;;;;;;;;;;;;;;;;;;;;;;;;;;;;;;;;;;;;;;;;;;;;;;;;;;;;;;;;;;;;;;;;;;;;;;;;;;;;;;;;;;;;
;;;;;;;;;;;;;;;;;;;;;;;;;;;;;;;;;;;;;;;;;;;;;;;;;;;;;;;;;;;;;;;;;;;;;;;;;;;;;;;;;;;;;;;;;;;;;;;;;;;;;;;;;;;;;;;;;;;;;;;;;;;;;;;;;;;;;;;;;;;;;;;;;;;;;;;;;;;;
;;;;;;;;;;;;;;;;;;;;;;;;;;;;;;;;;;;;;;;;;;;;;;;;;;;;;;;;;;;;;;;;;;;;;;;;;;;;;;;;;;;;;;;;;;;;;;;;;;;;;;;;;;;;;;;;;;;;;;;;;;;;;;;;;;;;;;;;;;;;;;;;;;;;;;;;;;;;
;;;;;;;;;;;;;;;;;;;;;;;;;;;;;;;;;;;;;;;;;;;;;;;;;;;;;;;;;;;;;;;;;;;;;;;;;;;;;;;;;;;;;;;;;;;;;;;;;;;;;;;;;;;;;;;;;;;;;;;;;;;;;;;;;;;;;;;;;;;;;;;;;;;;;;;;;;;;
;;;;;;;;;;;;;;;;;;;;;;;;;;;;;;;;;;;;;;;;;;;;;;;;;;;;;;;;;;;;;;;;;;;;;;;;;;;;;;;;;;;;;;;;;;;;;;;;;;;;;;;;;;;;;;;;;;;;;;;;;;;;;;;;;;;;;;;;;;;;;;;;;;;;;;;;;;;;
;;;;;;;;;;;;;;;;;;;;;;;;;;;;;;;;;;;;;;;;;;;;;;;;;;;;;;;;;;;;;;;;;;;;;;;;;;;;;;;;;;;;;;;;;;;;;;;;;;;;;;;;;;;;;;;;;;;;;;;;;;;;;;;;;;;;;;;;;;;;;;;;;;;;;;;;;;;;
;;;;;;;;;;;;;;;;;;;;;;;;;;;;;;;;;;;;;;;;;;;;;;;;;;;;;;;;;;;;;;;;;;;;;;;;;;;;;;;;;;;;;;;;;;;;;;;;;;;;;;;;;;;;;;;;;;;;;;;;;;;;;;;;;;;;;;;;;;;;;;;;;;;;;;;;;;;;
;;;;;;;;;;;;;;;;;;;;;;;;;;;;;;;;;;;;;;;;;;;;;;;;;;;;;;;;;;;;;;;;;;;;;;;;;;;;;;;;;;;;;;;;;;;;;;;;;;;;;;;;;;;;;;;;;;;;;;;;;;;;;;;;;;;;;;;;;;;;;;;;;;;;;;;;;;;;
;;;;;;;;;;;;;;;;;;;;;;;;;;;;;;;;;;;;;;;;;;;;;;;;;;;;;;;;;;;;;;;;;;;;;;;;;;;;;;;;;;;;;;;;;;;;;;;;;;;;;;;;;;;;;;;;;;;;;;;;;;;;;;;;;;;;;;;;;;;;;;;;;;;;;;;;;;;;
;;;;;;;;;;;;;;;;;;;;;;;;;;;;;;;;;;;;;;;;;;;;;;;;;;;;;;;;;;;;;;;;;;;;;;;;;;;;;;;;;;;;;;;;;;;;;;;;;;;;;;;;;;;;;;;;;;;;;;;;;;;;;;;;;;;;;;;;;;;;;;;;;;;;;;;;;;;;
;;;;;;;;;;;;;;;;;;;;;;;;;;;;;;;;;;;;;;;;;;;;;;;;;;;;;;;;;;;;;;;;;;;;;;;;;;;;;;;;;;;;;;;;;;;;;;;;;;;;;;;;;;;;;;;;;;;;;;;;;;;;;;;;;;;;;;;;;;;;;;;;;;;;;;;;;;;;
;;;;;;;;;;;;;;;;;;;;;;;;;;;;;;;;;;;;;;;;;;;;;;;;;;;;;;;;;;;;;;;;;;;;;;;;;;;;;;;;;;;;;;;;;;;;;;;;;;;;;;;;;;;;;;;;;;;;;;;;;;;;;;;;;;;;;;;;;;;;;;;;;;;;;;;;;;;;
;;;;;;;;;;;;;;;;;;;;;;;;;;;;;;;;;;;;;;;;;;;;;;;;;;;;;;;;;;;;;;;;;;;;;;;;;;;;;;;;;;;;;;;;;;;;;;;;;;;;;;;;;;;;;;;;;;;;;;;;;;;;;;;;;;;;;;;;;;;;;;;;;;;;;;;;;;;;
;;;;;;;;;;;;;;;;;;;;;;;;;;;;;;;;;;;;;;;;;;;;;;;;;;;;;;;;;;;;;;;;;;;;;;;;;;;;;;;;;;;;;;;;;;;;;;;;;;;;;;;;;;;;;;;;;;;;;;;;;;;;;;;;;;;;;;;;;;;;;;;;;;;;;;;;;;;;
;;;;;;;;;;;;;;;;;;;;;;;;;;;;;;;;;;;;;;;;;;;;;;;;;;;;;;;;;;;;;;;;;;;;;;;;;;;;;;;;;;;;;;;;;;;;;;;;;;;;;;;;;;;;;;;;;;;;;;;;;;;;;;;;;;;;;;;;;;;;;;;;;;;;;;;;;;;;
;;;;;;;;;;;;;;;;;;;;;;;;;;;;;;;;;;;;;;;;;;;;;;;;;;;;;;;;;;;;;;;;;;;;;;;;;;;;;;;;;;;;;;;;;;;;;;;;;;;;;;;;;;;;;;;;;;;;;;;;;;;;;;;;;;;;;;;;;;;;;;;;;;;;;;;;;;;;
;;;;;;;;;;;;;;;;;;;;;;;;;;;;;;;;;;;;;;;;;;;;;;;;;;;;;;;;;;;;;;;;;;;;;;;;;;;;;;;;;;;;;;;;;;;;;;;;;;;;;;;;;;;;;;;;;;;;;;;;;;;;;;;;;;;;;;;;;;;;;;;;;;;;;;;;;;;;
;;;;;;;;;;;;;;;;;;;;;;;;;;;;;;;;;;;;;;;;;;;;;;;;;;;;;;;;;;;;;;;;;;;;;;;;;;;;;;;;;;;;;;;;;;;;;;;;;;;;;;;;;;;;;;;;;;;;;;;;;;;;;;;;;;;;;;;;;;;;;;;;;;;;;;;;;;;;
;;;;;;;;;;;;;;;;;;;;;;;;;;;;;;;;;;;;;;;;;;;;;;;;;;;;;;;;;;;;;;;;;;;;;;;;;;;;;;;;;;;;;;;;;;;;;;;;;;;;;;;;;;;;;;;;;;;;;;;;;;;;;;;;;;;;;;;;;;;;;;;;;;;;;;;;;;;;
;;;;;;;;;;;;;;;;;;;;;;;;;;;;;;;;;;;;;;;;;;;;;;;;;;;;;;;;;;;;;;;;;;;;;;;;;;;;;;;;;;;;;;;;;;;;;;;;;;;;;;;;;;;;;;;;;;;;;;;;;;;;;;;;;;;;;;;;;;;;;;;;;;;;;;;;;;;;
;;;;;;;;;;;;;;;;;;;;;;;;;;;;;;;;;;;;;;;;;;;;;;;;;;;;;;;;;;;;;;;;;;;;;;;;;;;;;;;;;;;;;;;;;;;;;;;;;;;;;;;;;;;;;;;;;;;;;;;;;;;;;;;;;;;;;;;;;;;;;;;;;;;;;;;;;;;;
;;;;;;;;;;;;;;;;;;;;;;;;;;;;;;;;;;;;;;;;;;;;;;;;;;;;;;;;;;;;;;;;;;;;;;;;;;;;;;;;;;;;;;;;;;;;;;;;;;;;;;;;;;;;;;;;;;;;;;;;;;;;;;;;;;;;;;;;;;;;;;;;;;;;;;;;;;;;
;;;;;;;;;;;;;;;;;;;;;;;;;;;;;;;;;;;;;;;;;;;;;;;;;;;;;;;;;;;;;;;;;;;;;;;;;;;;;;;;;;;;;;;;;;;;;;;;;;;;;;;;;;;;;;;;;;;;;;;;;;;;;;;;;;;;;;;;;;;;;;;;;;;;;;;;;;;;
;;;;;;;;;;;;;;;;;;;;;;;;;;;;;;;;;;;;;;;;;;;;;;;;;;;;;;;;;;;;;;;;;;;;;;;;;;;;;;;;;;;;;;;;;;;;;;;;;;;;;;;;;;;;;;;;;;;;;;;;;;;;;;;;;;;;;;;;;;;;;;;;;;;;;;;;;;;;
;;;;;;;;;;;;;;;;;;;;;;;;;;;;;;;;;;;;;;;;;;;;;;;;;;;;;;;;;;;;;;;;;;;;;;;;;;;;;;;;;;;;;;;;;;;;;;;;;;;;;;;;;;;;;;;;;;;;;;;;;;;;;;;;;;;;;;;;;;;;;;;;;;;;;;;;;;;;
;;;;;;;;;;;;;;;;;;;;;;;;;;;;;;;;;;;;;;;;;;;;;;;;;;;;;;;;;;;;;;;;;;;;;;;;;;;;;;;;;;;;;;;;;;;;;;;;;;;;;;;;;;;;;;;;;;;;;;;;;;;;;;;;;;;;;;;;;;;;;;;;;;;;;;;;;;;;
;;;;;;;;;;;;;;;;;;;;;;;;;;;;;;;;;;;;;;;;;;;;;;;;;;;;;;;;;;;;;;;;;;;;;;;;;;;;;;;;;;;;;;;;;;;;;;;;;;;;;;;;;;;;;;;;;;;;;;;;;;;;;;;;;;;;;;;;;;;;;;;;;;;;;;;;;;;;
;;;;;;;;;;;;;;;;;;;;;;;;;;;;;;;;;;;;;;;;;;;;;;;;;;;;;;;;;;;;;;;;;;;;;;;;;;;;;;;;;;;;;;;;;;;;;;;;;;;;;;;;;;;;;;;;;;;;;;;;;;;;;;;;;;;;;;;;;;;;;;;;;;;;;;;;;;;;
;;;;;;;;;;;;;;;;;;;;;;;;;;;;;;;;;;;;;;;;;;;;;;;;;;;;;;;;;;;;;;;;;;;;;;;;;;;;;;;;;;;;;;;;;;;;;;;;;;;;;;;;;;;;;;;;;;;;;;;;;;;;;;;;;;;;;;;;;;;;;;;;;;;;;;;;;;;;
;;;;;;;;;;;;;;;;;;;;;;;;;;;;;;;;;;;;;;;;;;;;;;;;;;;;;;;;;;;;;;;;;;;;;;;;;;;;;;;;;;;;;;;;;;;;;;;;;;;;;;;;;;;;;;;;;;;;;;;;;;;;;;;;;;;;;;;;;;;;;;;;;;;;;;;;;;;;
;;;;;;;;;;;;;;;;;;;;;;;;;;;;;;;;;;;;;;;;;;;;;;;;;;;;;;;;;;;;;;;;;;;;;;;;;;;;;;;;;;;;;;;;;;;;;;;;;;;;;;;;;;;;;;;;;;;;;;;;;;;;;;;;;;;;;;;;;;;;;;;;;;;;;;;;;;;;
;;;;;;;;;;;;;;;;;;;;;;;;;;;;;;;;;;;;;;;;;;;;;;;;;;;;;;;;;;;;;;;;;;;;;;;;;;;;;;;;;;;;;;;;;;;;;;;;;;;;;;;;;;;;;;;;;;;;;;;;;;;;;;;;;;;;;;;;;;;;;;;;;;;;;;;;;;;;
;;;;;;;;;;;;;;;;;;;;;;;;;;;;;;;;;;;;;;;;;;;;;;;;;;;;;;;;;;;;;;;;;;;;;;;;;;;;;;;;;;;;;;;;;;;;;;;;;;;;;;;;;;;;;;;;;;;;;;;;;;;;;;;;;;;;;;;;;;;;;;;;;;;;;;;;;;;;
;;;;;;;;;;;;;;;;;;;;;;;;;;;;;;;;;;;;;;;;;;;;;;;;;;;;;;;;;;;;;;;;;;;;;;;;;;;;;;;;;;;;;;;;;;;;;;;;;;;;;;;;;;;;;;;;;;;;;;;;;;;;;;;;;;;;;;;;;;;;;;;;;;;;;;;;;;;;
;;;;;;;;;;;;;;;;;;;;;;;;;;;;;;;;;;;;;;;;;;;;;;;;;;;;;;;;;;;;;;;;;;;;;;;;;;;;;;;;;;;;;;;;;;;;;;;;;;;;;;;;;;;;;;;;;;;;;;;;;;;;;;;;;;;;;;;;;;;;;;;;;;;;;;;;;;;;
;;;;;;;;;;;;;;;;;;;;;;;;;;;;;;;;;;;;;;;;;;;;;;;;;;;;;;;;;;;;;;;;;;;;;;;;;;;;;;;;;;;;;;;;;;;;;;;;;;;;;;;;;;;;;;;;;;;;;;;;;;;;;;;;;;;;;;;;;;;;;;;;;;;;;;;;;;;;
;;;;;;;;;;;;;;;;;;;;;;;;;;;;;;;;;;;;;;;;;;;;;;;;;;;;;;;;;;;;;;;;;;;;;;;;;;;;;;;;;;;;;;;;;;;;;;;;;;;;;;;;;;;;;;;;;;;;;;;;;;;;;;;;;;;;;;;;;;;;;;;;;;;;;;;;;;;;
;;;;;;;;;;;;;;;;;;;;;;;;;;;;;;;;;;;;;;;;;;;;;;;;;;;;;;;;;;;;;;;;;;;;;;;;;;;;;;;;;;;;;;;;;;;;;;;;;;;;;;;;;;;;;;;;;;;;;;;;;;;;;;;;;;;;;;;;;;;;;;;;;;;;;;;;;;;;
;;;;;;;;;;;;;;;;;;;;;;;;;;;;;;;;;;;;;;;;;;;;;;;;;;;;;;;;;;;;;;;;;;;;;;;;;;;;;;;;;;;;;;;;;;;;;;;;;;;;;;;;;;;;;;;;;;;;;;;;;;;;;;;;;;;;;;;;;;;;;;;;;;;;;;;;;;;;
;;;;;;;;;;;;;;;;;;;;;;;;;;;;;;;;;;;;;;;;;;;;;;;;;;;;;;;;;;;;;;;;;;;;;;;;;;;;;;;;;;;;;;;;;;;;;;;;;;;;;;;;;;;;;;;;;;;;;;;;;;;;;;;;;;;;;;;;;;;;;;;;;;;;;;;;;;;;
;;;;;;;;;;;;;;;;;;;;;;;;;;;;;;;;;;;;;;;;;;;;;;;;;;;;;;;;;;;;;;;;;;;;;;;;;;;;;;;;;;;;;;;;;;;;;;;;;;;;;;;;;;;;;;;;;;;;;;;;;;;;;;;;;;;;;;;;;;;;;;;;;;;;;;;;;;;;
;;;;;;;;;;;;;;;;;;;;;;;;;;;;;;;;;;;;;;;;;;;;;;;;;;;;;;;;;;;;;;;;;;;;;;;;;;;;;;;;;;;;;;;;;;;;;;;;;;;;;;;;;;;;;;;;;;;;;;;;;;;;;;;;;;;;;;;;;;;;;;;;;;;;;;;;;;;;
;;;;;;;;;;;;;;;;;;;;;;;;;;;;;;;;;;;;;;;;;;;;;;;;;;;;;;;;;;;;;;;;;;;;;;;;;;;;;;;;;;;;;;;;;;;;;;;;;;;;;;;;;;;;;;;;;;;;;;;;;;;;;;;;;;;;;;;;;;;;;;;;;;;;;;;;;;;;
;;;;;;;;;;;;;;;;;;;;;;;;;;;;;;;;;;;;;;;;;;;;;;;;;;;;;;;;;;;;;;;;;;;;;;;;;;;;;;;;;;;;;;;;;;;;;;;;;;;;;;;;;;;;;;;;;;;;;;;;;;;;;;;;;;;;;;;;;;;;;;;;;;;;;;;;;;;;
;;;;;;;;;;;;;;;;;;;;;;;;;;;;;;;;;;;;;;;;;;;;;;;;;;;;;;;;;;;;;;;;;;;;;;;;;;;;;;;;;;;;;;;;;;;;;;;;;;;;;;;;;;;;;;;;;;;;;;;;;;;;;;;;;;;;;;;;;;;;;;;;;;;;;;;;;;;;
;;;;;;;;;;;;;;;;;;;;;;;;;;;;;;;;;;;;;;;;;;;;;;;;;;;;;;;;;;;;;;;;;;;;;;;;;;;;;;;;;;;;;;;;;;;;;;;;;;;;;;;;;;;;;;;;;;;;;;;;;;;;;;;;;;;;;;;;;;;;;;;;;;;;;;;;;;;;
;;;;;;;;;;;;;;;;;;;;;;;;;;;;;;;;;;;;;;;;;;;;;;;;;;;;;;;;;;;;;;;;;;;;;;;;;;;;;;;;;;;;;;;;;;;;;;;;;;;;;;;;;;;;;;;;;;;;;;;;;;;;;;;;;;;;;;;;;;;;;;;;;;;;;;;;;;;;
;;;;;;;;;;;;;;;;;;;;;;;;;;;;;;;;;;;;;;;;;;;;;;;;;;;;;;;;;;;;;;;;;;;;;;;;;;;;;;;;;;;;;;;;;;;;;;;;;;;;;;;;;;;;;;;;;;;;;;;;;;;;;;;;;;;;;;;;;;;;;;;;;;;;;;;;;;;;
;;;;;;;;;;;;;;;;;;;;;;;;;;;;;;;;;;;;;;;;;;;;;;;;;;;;;;;;;;;;;;;;;;;;;;;;;;;;;;;;;;;;;;;;;;;;;;;;;;;;;;;;;;;;;;;;;;;;;;;;;;;;;;;;;;;;;;;;;;;;;;;;;;;;;;;;;;;;
;;;;;;;;;;;;;;;;;;;;;;;;;;;;;;;;;;;;;;;;;;;;;;;;;;;;;;;;;;;;;;;;;;;;;;;;;;;;;;;;;;;;;;;;;;;;;;;;;;;;;;;;;;;;;;;;;;;;;;;;;;;;;;;;;;;;;;;;;;;;;;;;;;;;;;;;;;;;
;;;;;;;;;;;;;;;;;;;;;;;;;;;;;;;;;;;;;;;;;;;;;;;;;;;;;;;;;;;;;;;;;;;;;;;;;;;;;;;;;;;;;;;;;;;;;;;;;;;;;;;;;;;;;;;;;;;;;;;;;;;;;;;;;;;;;;;;;;;;;;;;;;;;;;;;;;;;
;;;;;;;;;;;;;;;;;;;;;;;;;;;;;;;;;;;;;;;;;;;;;;;;;;;;;;;;;;;;;;;;;;;;;;;;;;;;;;;;;;;;;;;;;;;;;;;;;;;;;;;;;;;;;;;;;;;;;;;;;;;;;;;;;;;;;;;;;;;;;;;;;;;;;;;;;;;;
;;;;;;;;;;;;;;;;;;;;;;;;;;;;;;;;;;;;;;;;;;;;;;;;;;;;;;;;;;;;;;;;;;;;;;;;;;;;;;;;;;;;;;;;;;;;;;;;;;;;;;;;;;;;;;;;;;;;;;;;;;;;;;;;;;;;;;;;;;;;;;;;;;;;;;;;;;;;
;;;;;;;;;;;;;;;;;;;;;;;;;;;;;;;;;;;;;;;;;;;;;;;;;;;;;;;;;;;;;;;;;;;;;;;;;;;;;;;;;;;;;;;;;;;;;;;;;;;;;;;;;;;;;;;;;;;;;;;;;;;;;;;;;;;;;;;;;;;;;;;;;;;;;;;;;;;;
;;;;;;;;;;;;;;;;;;;;;;;;;;;;;;;;;;;;;;;;;;;;;;;;;;;;;;;;;;;;;;;;;;;;;;;;;;;;;;;;;;;;;;;;;;;;;;;;;;;;;;;;;;;;;;;;;;;;;;;;;;;;;;;;;;;;;;;;;;;;;;;;;;;;;;;;;;;;
;;;;;;;;;;;;;;;;;;;;;;;;;;;;;;;;;;;;;;;;;;;;;;;;;;;;;;;;;;;;;;;;;;;;;;;;;;;;;;;;;;;;;;;;;;;;;;;;;;;;;;;;;;;;;;;;;;;;;;;;;;;;;;;;;;;;;;;;;;;;;;;;;;;;;;;;;;;;
;;;;;;;;;;;;;;;;;;;;;;;;;;;;;;;;;;;;;;;;;;;;;;;;;;;;;;;;;;;;;;;;;;;;;;;;;;;;;;;;;;;;;;;;;;;;;;;;;;;;;;;;;;;;;;;;;;;;;;;;;;;;;;;;;;;;;;;;;;;;;;;;;;;;;;;;;;;;
;;;;;;;;;;;;;;;;;;;;;;;;;;;;;;;;;;;;;;;;;;;;;;;;;;;;;;;;;;;;;;;;;;;;;;;;;;;;;;;;;;;;;;;;;;;;;;;;;;;;;;;;;;;;;;;;;;;;;;;;;;;;;;;;;;;;;;;;;;;;;;;;;;;;;;;;;;;;
;;;;;;;;;;;;;;;;;;;;;;;;;;;;;;;;;;;;;;;;;;;;;;;;;;;;;;;;;;;;;;;;;;;;;;;;;;;;;;;;;;;;;;;;;;;;;;;;;;;;;;;;;;;;;;;;;;;;;;;;;;;;;;;;;;;;;;;;;;;;;;;;;;;;;;;;;;;;
;;;;;;;;;;;;;;;;;;;;;;;;;;;;;;;;;;;;;;;;;;;;;;;;;;;;;;;;;;;;;;;;;;;;;;;;;;;;;;;;;;;;;;;;;;;;;;;;;;;;;;;;;;;;;;;;;;;;;;;;;;;;;;;;;;;;;;;;;;;;;;;;;;;;;;;;;;;;
;;;;;;;;;;;;;;;;;;;;;;;;;;;;;;;;;;;;;;;;;;;;;;;;;;;;;;;;;;;;;;;;;;;;;;;;;;;;;;;;;;;;;;;;;;;;;;;;;;;;;;;;;;;;;;;;;;;;;;;;;;;;;;;;;;;;;;;;;;;;;;;;;;;;;;;;;;;;
;;;;;;;;;;;;;;;;;;;;;;;;;;;;;;;;;;;;;;;;;;;;;;;;;;;;;;;;;;;;;;;;;;;;;;;;;;;;;;;;;;;;;;;;;;;;;;;;;;;;;;;;;;;;;;;;;;;;;;;;;;;;;;;;;;;;;;;;;;;;;;;;;;;;;;;;;;;;
;;;;;;;;;;;;;;;;;;;;;;;;;;;;;;;;;;;;;;;;;;;;;;;;;;;;;;;;;;;;;;;;;;;;;;;;;;;;;;;;;;;;;;;;;;;;;;;;;;;;;;;;;;;;;;;;;;;;;;;;;;;;;;;;;;;;;;;;;;;;;;;;;;;;;;;;;;;;
;;;;;;;;;;;;;;;;;;;;;;;;;;;;;;;;;;;;;;;;;;;;;;;;;;;;;;;;;;;;;;;;;;;;;;;;;;;;;;;;;;;;;;;;;;;;;;;;;;;;;;;;;;;;;;;;;;;;;;;;;;;;;;;;;;;;;;;;;;;;;;;;;;;;;;;;;;;;
;;;;;;;;;;;;;;;;;;;;;;;;;;;;;;;;;;;;;;;;;;;;;;;;;;;;;;;;;;;;;;;;;;;;;;;;;;;;;;;;;;;;;;;;;;;;;;;;;;;;;;;;;;;;;;;;;;;;;;;;;;;;;;;;;;;;;;;;;;;;;;;;;;;;;;;;;;;;
;;;;;;;;;;;;;;;;;;;;;;;;;;;;;;;;;;;;;;;;;;;;;;;;;;;;;;;;;;;;;;;;;;;;;;;;;;;;;;;;;;;;;;;;;;;;;;;;;;;;;;;;;;;;;;;;;;;;;;;;;;;;;;;;;;;;;;;;;;;;;;;;;;;;;;;;;;;;
;;;;;;;;;;;;;;;;;;;;;;;;;;;;;;;;;;;;;;;;;;;;;;;;;;;;;;;;;;;;;;;;;;;;;;;;;;;;;;;;;;;;;;;;;;;;;;;;;;;;;;;;;;;;;;;;;;;;;;;;;;;;;;;;;;;;;;;;;;;;;;;;;;;;;;;;;;;;
;;;;;;;;;;;;;;;;;;;;;;;;;;;;;;;;;;;;;;;;;;;;;;;;;;;;;;;;;;;;;;;;;;;;;;;;;;;;;;;;;;;;;;;;;;;;;;;;;;;;;;;;;;;;;;;;;;;;;;;;;;;;;;;;;;;;;;;;;;;;;;;;;;;;;;;;;;;;
;;;;;;;;;;;;;;;;;;;;;;;;;;;;;;;;;;;;;;;;;;;;;;;;;;;;;;;;;;;;;;;;;;;;;;;;;;;;;;;;;;;;;;;;;;;;;;;;;;;;;;;;;;;;;;;;;;;;;;;;;;;;;;;;;;;;;;;;;;;;;;;;;;;;;;;;;;;;
;;;;;;;;;;;;;;;;;;;;;;;;;;;;;;;;;;;;;;;;;;;;;;;;;;;;;;;;;;;;;;;;;;;;;;;;;;;;;;;;;;;;;;;;;;;;;;;;;;;;;;;;;;;;;;;;;;;;;;;;;;;;;;;;;;;;;;;;;;;;;;;;;;;;;;;;;;;;
;;;;;;;;;;;;;;;;;;;;;;;;;;;;;;;;;;;;;;;;;;;;;;;;;;;;;;;;;;;;;;;;;;;;;;;;;;;;;;;;;;;;;;;;;;;;;;;;;;;;;;;;;;;;;;;;;;;;;;;;;;;;;;;;;;;;;;;;;;;;;;;;;;;;;;;;;;;;
;;;;;;;;;;;;;;;;;;;;;;;;;;;;;;;;;;;;;;;;;;;;;;;;;;;;;;;;;;;;;;;;;;;;;;;;;;;;;;;;;;;;;;;;;;;;;;;;;;;;;;;;;;;;;;;;;;;;;;;;;;;;;;;;;;;;;;;;;;;;;;;;;;;;;;;;;;;;
;;;;;;;;;;;;;;;;;;;;;;;;;;;;;;;;;;;;;;;;;;;;;;;;;;;;;;;;;;;;;;;;;;;;;;;;;;;;;;;;;;;;;;;;;;;;;;;;;;;;;;;;;;;;;;;;;;;;;;;;;;;;;;;;;;;;;;;;;;;;;;;;;;;;;;;;;;;;
;;;;;;;;;;;;;;;;;;;;;;;;;;;;;;;;;;;;;;;;;;;;;;;;;;;;;;;;;;;;;;;;;;;;;;;;;;;;;;;;;;;;;;;;;;;;;;;;;;;;;;;;;;;;;;;;;;;;;;;;;;;;;;;;;;;;;;;;;;;;;;;;;;;;;;;;;;;;
;;;;;;;;;;;;;;;;;;;;;;;;;;;;;;;;;;;;;;;;;;;;;;;;;;;;;;;;;;;;;;;;;;;;;;;;;;;;;;;;;;;;;;;;;;;;;;;;;;;;;;;;;;;;;;;;;;;;;;;;;;;;;;;;;;;;;;;;;;;;;;;;;;;;;;;;;;;;
;;;;;;;;;;;;;;;;;;;;;;;;;;;;;;;;;;;;;;;;;;;;;;;;;;;;;;;;;;;;;;;;;;;;;;;;;;;;;;;;;;;;;;;;;;;;;;;;;;;;;;;;;;;;;;;;;;;;;;;;;;;;;;;;;;;;;;;;;;;;;;;;;;;;;;;;;;;;
;;;;;;;;;;;;;;;;;;;;;;;;;;;;;;;;;;;;;;;;;;;;;;;;;;;;;;;;;;;;;;;;;;;;;;;;;;;;;;;;;;;;;;;;;;;;;;;;;;;;;;;;;;;;;;;;;;;;;;;;;;;;;;;;;;;;;;;;;;;;;;;;;;;;;;;;;;;;
;;;;;;;;;;;;;;;;;;;;;;;;;;;;;;;;;;;;;;;;;;;;;;;;;;;;;;;;;;;;;;;;;;;;;;;;;;;;;;;;;;;;;;;;;;;;;;;;;;;;;;;;;;;;;;;;;;;;;;;;;;;;;;;;;;;;;;;;;;;;;;;;;;;;;;;;;;;;
;;;;;;;;;;;;;;;;;;;;;;;;;;;;;;;;;;;;;;;;;;;;;;;;;;;;;;;;;;;;;;;;;;;;;;;;;;;;;;;;;;;;;;;;;;;;;;;;;;;;;;;;;;;;;;;;;;;;;;;;;;;;;;;;;;;;;;;;;;;;;;;;;;;;;;;;;;;;
;;;;;;;;;;;;;;;;;;;;;;;;;;;;;;;;;;;;;;;;;;;;;;;;;;;;;;;;;;;;;;;;;;;;;;;;;;;;;;;;;;;;;;;;;;;;;;;;;;;;;;;;;;;;;;;;;;;;;;;;;;;;;;;;;;;;;;;;;;;;;;;;;;;;;;;;;;;;
;;;;;;;;;;;;;;;;;;;;;;;;;;;;;;;;;;;;;;;;;;;;;;;;;;;;;;;;;;;;;;;;;;;;;;;;;;;;;;;;;;;;;;;;;;;;;;;;;;;;;;;;;;;;;;;;;;;;;;;;;;;;;;;;;;;;;;;;;;;;;;;;;;;;;;;;;;;;
;;;;;;;;;;;;;;;;;;;;;;;;;;;;;;;;;;;;;;;;;;;;;;;;;;;;;;;;;;;;;;;;;;;;;;;;;;;;;;;;;;;;;;;;;;;;;;;;;;;;;;;;;;;;;;;;;;;;;;;;;;;;;;;;;;;;;;;;;;;;;;;;;;;;;;;;;;;;
;;;;;;;;;;;;;;;;;;;;;;;;;;;;;;;;;;;;;;;;;;;;;;;;;;;;;;;;;;;;;;;;;;;;;;;;;;;;;;;;;;;;;;;;;;;;;;;;;;;;;;;;;;;;;;;;;;;;;;;;;;;;;;;;;;;;;;;;;;;;;;;;;;;;;;;;;;;;
;;;;;;;;;;;;;;;;;;;;;;;;;;;;;;;;;;;;;;;;;;;;;;;;;;;;;;;;;;;;;;;;;;;;;;;;;;;;;;;;;;;;;;;;;;;;;;;;;;;;;;;;;;;;;;;;;;;;;;;;;;;;;;;;;;;;;;;;;;;;;;;;;;;;;;;;;;;;
;;;;;;;;;;;;;;;;;;;;;;;;;;;;;;;;;;;;;;;;;;;;;;;;;;;;;;;;;;;;;;;;;;;;;;;;;;;;;;;;;;;;;;;;;;;;;;;;;;;;;;;;;;;;;;;;;;;;;;;;;;;;;;;;;;;;;;;;;;;;;;;;;;;;;;;;;;;;
;;;;;;;;;;;;;;;;;;;;;;;;;;;;;;;;;;;;;;;;;;;;;;;;;;;;;;;;;;;;;;;;;;;;;;;;;;;;;;;;;;;;;;;;;;;;;;;;;;;;;;;;;;;;;;;;;;;;;;;;;;;;;;;;;;;;;;;;;;;;;;;;;;;;;;;;;;;;
;;;;;;;;;;;;;;;;;;;;;;;;;;;;;;;;;;;;;;;;;;;;;;;;;;;;;;;;;;;;;;;;;;;;;;;;;;;;;;;;;;;;;;;;;;;;;;;;;;;;;;;;;;;;;;;;;;;;;;;;;;;;;;;;;;;;;;;;;;;;;;;;;;;;;;;;;;;;
;;;;;;;;;;;;;;;;;;;;;;;;;;;;;;;;;;;;;;;;;;;;;;;;;;;;;;;;;;;;;;;;;;;;;;;;;;;;;;;;;;;;;;;;;;;;;;;;;;;;;;;;;;;;;;;;;;;;;;;;;;;;;;;;;;;;;;;;;;;;;;;;;;;;;;;;;;;;
;;;;;;;;;;;;;;;;;;;;;;;;;;;;;;;;;;;;;;;;;;;;;;;;;;;;;;;;;;;;;;;;;;;;;;;;;;;;;;;;;;;;;;;;;;;;;;;;;;;;;;;;;;;;;;;;;;;;;;;;;;;;;;;;;;;;;;;;;;;;;;;;;;;;;;;;;;;;
;;;;;;;;;;;;;;;;;;;;;;;;;;;;;;;;;;;;;;;;;;;;;;;;;;;;;;;;;;;;;;;;;;;;;;;;;;;;;;;;;;;;;;;;;;;;;;;;;;;;;;;;;;;;;;;;;;;;;;;;;;;;;;;;;;;;;;;;;;;;;;;;;;;;;;;;;;;;
;;;;;;;;;;;;;;;;;;;;;;;;;;;;;;;;;;;;;;;;;;;;;;;;;;;;;;;;;;;;;;;;;;;;;;;;;;;;;;;;;;;;;;;;;;;;;;;;;;;;;;;;;;;;;;;;;;;;;;;;;;;;;;;;;;;;;;;;;;;;;;;;;;;;;;;;;;;;
;;;;;;;;;;;;;;;;;;;;;;;;;;;;;;;;;;;;;;;;;;;;;;;;;;;;;;;;;;;;;;;;;;;;;;;;;;;;;;;;;;;;;;;;;;;;;;;;;;;;;;;;;;;;;;;;;;;;;;;;;;;;;;;;;;;;;;;;;;;;;;;;;;;;;;;;;;;;
;;;;;;;;;;;;;;;;;;;;;;;;;;;;;;;;;;;;;;;;;;;;;;;;;;;;;;;;;;;;;;;;;;;;;;;;;;;;;;;;;;;;;;;;;;;;;;;;;;;;;;;;;;;;;;;;;;;;;;;;;;;;;;;;;;;;;;;;;;;;;;;;;;;;;;;;;;;;
;;;;;;;;;;;;;;;;;;;;;;;;;;;;;;;;;;;;;;;;;;;;;;;;;;;;;;;;;;;;;;;;;;;;;;;;;;;;;;;;;;;;;;;;;;;;;;;;;;;;;;;;;;;;;;;;;;;;;;;;;;;;;;;;;;;;;;;;;;;;;;;;;;;;;;;;;;;;
;;;;;;;;;;;;;;;;;;;;;;;;;;;;;;;;;;;;;;;;;;;;;;;;;;;;;;;;;;;;;;;;;;;;;;;;;;;;;;;;;;;;;;;;;;;;;;;;;;;;;;;;;;;;;;;;;;;;;;;;;;;;;;;;;;;;;;;;;;;;;;;;;;;;;;;;;;;;
;;;;;;;;;;;;;;;;;;;;;;;;;;;;;;;;;;;;;;;;;;;;;;;;;;;;;;;;;;;;;;;;;;;;;;;;;;;;;;;;;;;;;;;;;;;;;;;;;;;;;;;;;;;;;;;;;;;;;;;;;;;;;;;;;;;;;;;;;;;;;;;;;;;;;;;;;;;;
;;;;;;;;;;;;;;;;;;;;;;;;;;;;;;;;;;;;;;;;;;;;;;;;;;;;;;;;;;;;;;;;;;;;;;;;;;;;;;;;;;;;;;;;;;;;;;;;;;;;;;;;;;;;;;;;;;;;;;;;;;;;;;;;;;;;;;;;;;;;;;;;;;;;;;;;;;;;
;;;;;;;;;;;;;;;;;;;;;;;;;;;;;;;;;;;;;;;;;;;;;;;;;;;;;;;;;;;;;;;;;;;;;;;;;;;;;;;;;;;;;;;;;;;;;;;;;;;;;;;;;;;;;;;;;;;;;;;;;;;;;;;;;;;;;;;;;;;;;;;;;;;;;;;;;;;;
;;;;;;;;;;;;;;;;;;;;;;;;;;;;;;;;;;;;;;;;;;;;;;;;;;;;;;;;;;;;;;;;;;;;;;;;;;;;;;;;;;;;;;;;;;;;;;;;;;;;;;;;;;;;;;;;;;;;;;;;;;;;;;;;;;;;;;;;;;;;;;;;;;;;;;;;;;;;
;;;;;;;;;;;;;;;;;;;;;;;;;;;;;;;;;;;;;;;;;;;;;;;;;;;;;;;;;;;;;;;;;;;;;;;;;;;;;;;;;;;;;;;;;;;;;;;;;;;;;;;;;;;;;;;;;;;;;;;;;;;;;;;;;;;;;;;;;;;;;;;;;;;;;;;;;;;;
;;;;;;;;;;;;;;;;;;;;;;;;;;;;;;;;;;;;;;;;;;;;;;;;;;;;;;;;;;;;;;;;;;;;;;;;;;;;;;;;;;;;;;;;;;;;;;;;;;;;;;;;;;;;;;;;;;;;;;;;;;;;;;;;;;;;;;;;;;;;;;;;;;;;;;;;;;;;
;;;;;;;;;;;;;;;;;;;;;;;;;;;;;;;;;;;;;;;;;;;;;;;;;;;;;;;;;;;;;;;;;;;;;;;;;;;;;;;;;;;;;;;;;;;;;;;;;;;;;;;;;;;;;;;;;;;;;;;;;;;;;;;;;;;;;;;;;;;;;;;;;;;;;;;;;;;;
;;;;;;;;;;;;;;;;;;;;;;;;;;;;;;;;;;;;;;;;;;;;;;;;;;;;;;;;;;;;;;;;;;;;;;;;;;;;;;;;;;;;;;;;;;;;;;;;;;;;;;;;;;;;;;;;;;;;;;;;;;;;;;;;;;;;;;;;;;;;;;;;;;;;;;;;;;;;
;;;;;;;;;;;;;;;;;;;;;;;;;;;;;;;;;;;;;;;;;;;;;;;;;;;;;;;;;;;;;;;;;;;;;;;;;;;;;;;;;;;;;;;;;;;;;;;;;;;;;;;;;;;;;;;;;;;;;;;;;;;;;;;;;;;;;;;;;;;;;;;;;;;;;;;;;;;;
;;;;;;;;;;;;;;;;;;;;;;;;;;;;;;;;;;;;;;;;;;;;;;;;;;;;;;;;;;;;;;;;;;;;;;;;;;;;;;;;;;;;;;;;;;;;;;;;;;;;;;;;;;;;;;;;;;;;;;;;;;;;;;;;;;;;;;;;;;;;;;;;;;;;;;;;;;;;
;;;;;;;;;;;;;;;;;;;;;;;;;;;;;;;;;;;;;;;;;;;;;;;;;;;;;;;;;;;;;;;;;;;;;;;;;;;;;;;;;;;;;;;;;;;;;;;;;;;;;;;;;;;;;;;;;;;;;;;;;;;;;;;;;;;;;;;;;;;;;;;;;;;;;;;;;;;;
;;;;;;;;;;;;;;;;;;;;;;;;;;;;;;;;;;;;;;;;;;;;;;;;;;;;;;;;;;;;;;;;;;;;;;;;;;;;;;;;;;;;;;;;;;;;;;;;;;;;;;;;;;;;;;;;;;;;;;;;;;;;;;;;;;;;;;;;;;;;;;;;;;;;;;;;;;;;
;;;;;;;;;;;;;;;;;;;;;;;;;;;;;;;;;;;;;;;;;;;;;;;;;;;;;;;;;;;;;;;;;;;;;;;;;;;;;;;;;;;;;;;;;;;;;;;;;;;;;;;;;;;;;;;;;;;;;;;;;;;;;;;;;;;;;;;;;;;;;;;;;;;;;;;;;;;;
;;;;;;;;;;;;;;;;;;;;;;;;;;;;;;;;;;;;;;;;;;;;;;;;;;;;;;;;;;;;;;;;;;;;;;;;;;;;;;;;;;;;;;;;;;;;;;;;;;;;;;;;;;;;;;;;;;;;;;;;;;;;;;;;;;;;;;;;;;;;;;;;;;;;;;;;;;;;
;;;;;;;;;;;;;;;;;;;;;;;;;;;;;;;;;;;;;;;;;;;;;;;;;;;;;;;;;;;;;;;;;;;;;;;;;;;;;;;;;;;;;;;;;;;;;;;;;;;;;;;;;;;;;;;;;;;;;;;;;;;;;;;;;;;;;;;;;;;;;;;;;;;;;;;;;;;;
;;;;;;;;;;;;;;;;;;;;;;;;;;;;;;;;;;;;;;;;;;;;;;;;;;;;;;;;;;;;;;;;;;;;;;;;;;;;;;;;;;;;;;;;;;;;;;;;;;;;;;;;;;;;;;;;;;;;;;;;;;;;;;;;;;;;;;;;;;;;;;;;;;;;;;;;;;;;
;;;;;;;;;;;;;;;;;;;;;;;;;;;;;;;;;;;;;;;;;;;;;;;;;;;;;;;;;;;;;;;;;;;;;;;;;;;;;;;;;;;;;;;;;;;;;;;;;;;;;;;;;;;;;;;;;;;;;;;;;;;;;;;;;;;;;;;;;;;;;;;;;;;;;;;;;;;;
;;;;;;;;;;;;;;;;;;;;;;;;;;;;;;;;;;;;;;;;;;;;;;;;;;;;;;;;;;;;;;;;;;;;;;;;;;;;;;;;;;;;;;;;;;;;;;;;;;;;;;;;;;;;;;;;;;;;;;;;;;;;;;;;;;;;;;;;;;;;;;;;;;;;;;;;;;;;
;;;;;;;;;;;;;;;;;;;;;;;;;;;;;;;;;;;;;;;;;;;;;;;;;;;;;;;;;;;;;;;;;;;;;;;;;;;;;;;;;;;;;;;;;;;;;;;;;;;;;;;;;;;;;;;;;;;;;;;;;;;;;;;;;;;;;;;;;;;;;;;;;;;;;;;;;;;;
;;;;;;;;;;;;;;;;;;;;;;;;;;;;;;;;;;;;;;;;;;;;;;;;;;;;;;;;;;;;;;;;;;;;;;;;;;;;;;;;;;;;;;;;;;;;;;;;;;;;;;;;;;;;;;;;;;;;;;;;;;;;;;;;;;;;;;;;;;;;;;;;;;;;;;;;;;;;
;;;;;;;;;;;;;;;;;;;;;;;;;;;;;;;;;;;;;;;;;;;;;;;;;;;;;;;;;;;;;;;;;;;;;;;;;;;;;;;;;;;;;;;;;;;;;;;;;;;;;;;;;;;;;;;;;;;;;;;;;;;;;;;;;;;;;;;;;;;;;;;;;;;;;;;;;;;;
;;;;;;;;;;;;;;;;;;;;;;;;;;;;;;;;;;;;;;;;;;;;;;;;;;;;;;;;;;;;;;;;;;;;;;;;;;;;;;;;;;;;;;;;;;;;;;;;;;;;;;;;;;;;;;;;;;;;;;;;;;;;;;;;;;;;;;;;;;;;;;;;;;;;;;;;;;;;
;;;;;;;;;;;;;;;;;;;;;;;;;;;;;;;;;;;;;;;;;;;;;;;;;;;;;;;;;;;;;;;;;;;;;;;;;;;;;;;;;;;;;;;;;;;;;;;;;;;;;;;;;;;;;;;;;;;;;;;;;;;;;;;;;;;;;;;;;;;;;;;;;;;;;;;;;;;;
;;;;;;;;;;;;;;;;;;;;;;;;;;;;;;;;;;;;;;;;;;;;;;;;;;;;;;;;;;;;;;;;;;;;;;;;;;;;;;;;;;;;;;;;;;;;;;;;;;;;;;;;;;;;;;;;;;;;;;;;;;;;;;;;;;;;;;;;;;;;;;;;;;;;;;;;;;;;
;;;;;;;;;;;;;;;;;;;;;;;;;;;;;;;;;;;;;;;;;;;;;;;;;;;;;;;;;;;;;;;;;;;;;;;;;;;;;;;;;;;;;;;;;;;;;;;;;;;;;;;;;;;;;;;;;;;;;;;;;;;;;;;;;;;;;;;;;;;;;;;;;;;;;;;;;;;;
;;;;;;;;;;;;;;;;;;;;;;;;;;;;;;;;;;;;;;;;;;;;;;;;;;;;;;;;;;;;;;;;;;;;;;;;;;;;;;;;;;;;;;;;;;;;;;;;;;;;;;;;;;;;;;;;;;;;;;;;;;;;;;;;;;;;;;;;;;;;;;;;;;;;;;;;;;;;
;;;;;;;;;;;;;;;;;;;;;;;;;;;;;;;;;;;;;;;;;;;;;;;;;;;;;;;;;;;;;;;;;;;;;;;;;;;;;;;;;;;;;;;;;;;;;;;;;;;;;;;;;;;;;;;;;;;;;;;;;;;;;;;;;;;;;;;;;;;;;;;;;;;;;;;;;;;;
;;;;;;;;;;;;;;;;;;;;;;;;;;;;;;;;;;;;;;;;;;;;;;;;;;;;;;;;;;;;;;;;;;;;;;;;;;;;;;;;;;;;;;;;;;;;;;;;;;;;;;;;;;;;;;;;;;;;;;;;;;;;;;;;;;;;;;;;;;;;;;;;;;;;;;;;;;;;
;;;;;;;;;;;;;;;;;;;;;;;;;;;;;;;;;;;;;;;;;;;;;;;;;;;;;;;;;;;;;;;;;;;;;;;;;;;;;;;;;;;;;;;;;;;;;;;;;;;;;;;;;;;;;;;;;;;;;;;;;;;;;;;;;;;;;;;;;;;;;;;;;;;;;;;;;;;;
;;;;;;;;;;;;;;;;;;;;;;;;;;;;;;;;;;;;;;;;;;;;;;;;;;;;;;;;;;;;;;;;;;;;;;;;;;;;;;;;;;;;;;;;;;;;;;;;;;;;;;;;;;;;;;;;;;;;;;;;;;;;;;;;;;;;;;;;;;;;;;;;;;;;;;;;;;;;
;;;;;;;;;;;;;;;;;;;;;;;;;;;;;;;;;;;;;;;;;;;;;;;;;;;;;;;;;;;;;;;;;;;;;;;;;;;;;;;;;;;;;;;;;;;;;;;;;;;;;;;;;;;;;;;;;;;;;;;;;;;;;;;;;;;;;;;;;;;;;;;;;;;;;;;;;;;;
;;;;;;;;;;;;;;;;;;;;;;;;;;;;;;;;;;;;;;;;;;;;;;;;;;;;;;;;;;;;;;;;;;;;;;;;;;;;;;;;;;;;;;;;;;;;;;;;;;;;;;;;;;;;;;;;;;;;;;;;;;;;;;;;;;;;;;;;;;;;;;;;;;;;;;;;;;;;
;;;;;;;;;;;;;;;;;;;;;;;;;;;;;;;;;;;;;;;;;;;;;;;;;;;;;;;;;;;;;;;;;;;;;;;;;;;;;;;;;;;;;;;;;;;;;;;;;;;;;;;;;;;;;;;;;;;;;;;;;;;;;;;;;;;;;;;;;;;;;;;;;;;;;;;;;;;;
;;;;;;;;;;;;;;;;;;;;;;;;;;;;;;;;;;;;;;;;;;;;;;;;;;;;;;;;;;;;;;;;;;;;;;;;;;;;;;;;;;;;;;;;;;;;;;;;;;;;;;;;;;;;;;;;;;;;;;;;;;;;;;;;;;;;;;;;;;;;;;;;;;;;;;;;;;;;
;;;;;;;;;;;;;;;;;;;;;;;;;;;;;;;;;;;;;;;;;;;;;;;;;;;;;;;;;;;;;;;;;;;;;;;;;;;;;;;;;;;;;;;;;;;;;;;;;;;;;;;;;;;;;;;;;;;;;;;;;;;;;;;;;;;;;;;;;;;;;;;;;;;;;;;;;;;;
;;;;;;;;;;;;;;;;;;;;;;;;;;;;;;;;;;;;;;;;;;;;;;;;;;;;;;;;;;;;;;;;;;;;;;;;;;;;;;;;;;;;;;;;;;;;;;;;;;;;;;;;;;;;;;;;;;;;;;;;;;;;;;;;;;;;;;;;;;;;;;;;;;;;;;;;;;;;
;;;;;;;;;;;;;;;;;;;;;;;;;;;;;;;;;;;;;;;;;;;;;;;;;;;;;;;;;;;;;;;;;;;;;;;;;;;;;;;;;;;;;;;;;;;;;;;;;;;;;;;;;;;;;;;;;;;;;;;;;;;;;;;;;;;;;;;;;;;;;;;;;;;;;;;;;;;;
;;;;;;;;;;;;;;;;;;;;;;;;;;;;;;;;;;;;;;;;;;;;;;;;;;;;;;;;;;;;;;;;;;;;;;;;;;;;;;;;;;;;;;;;;;;;;;;;;;;;;;;;;;;;;;;;;;;;;;;;;;;;;;;;;;;;;;;;;;;;;;;;;;;;;;;;;;;;
;;;;;;;;;;;;;;;;;;;;;;;;;;;;;;;;;;;;;;;;;;;;;;;;;;;;;;;;;;;;;;;;;;;;;;;;;;;;;;;;;;;;;;;;;;;;;;;;;;;;;;;;;;;;;;;;;;;;;;;;;;;;;;;;;;;;;;;;;;;;;;;;;;;;;;;;;;;;
;;;;;;;;;;;;;;;;;;;;;;;;;;;;;;;;;;;;;;;;;;;;;;;;;;;;;;;;;;;;;;;;;;;;;;;;;;;;;;;;;;;;;;;;;;;;;;;;;;;;;;;;;;;;;;;;;;;;;;;;;;;;;;;;;;;;;;;;;;;;;;;;;;;;;;;;;;;;
;;;;;;;;;;;;;;;;;;;;;;;;;;;;;;;;;;;;;;;;;;;;;;;;;;;;;;;;;;;;;;;;;;;;;;;;;;;;;;;;;;;;;;;;;;;;;;;;;;;;;;;;;;;;;;;;;;;;;;;;;;;;;;;;;;;;;;;;;;;;;;;;;;;;;;;;;;;;
;;;;;;;;;;;;;;;;;;;;;;;;;;;;;;;;;;;;;;;;;;;;;;;;;;;;;;;;;;;;;;;;;;;;;;;;;;;;;;;;;;;;;;;;;;;;;;;;;;;;;;;;;;;;;;;;;;;;;;;;;;;;;;;;;;;;;;;;;;;;;;;;;;;;;;;;;;;;
;;;;;;;;;;;;;;;;;;;;;;;;;;;;;;;;;;;;;;;;;;;;;;;;;;;;;;;;;;;;;;;;;;;;;;;;;;;;;;;;;;;;;;;;;;;;;;;;;;;;;;;;;;;;;;;;;;;;;;;;;;;;;;;;;;;;;;;;;;;;;;;;;;;;;;;;;;;;
;;;;;;;;;;;;;;;;;;;;;;;;;;;;;;;;;;;;;;;;;;;;;;;;;;;;;;;;;;;;;;;;;;;;;;;;;;;;;;;;;;;;;;;;;;;;;;;;;;;;;;;;;;;;;;;;;;;;;;;;;;;;;;;;;;;;;;;;;;;;;;;;;;;;;;;;;;;;
;;;;;;;;;;;;;;;;;;;;;;;;;;;;;;;;;;;;;;;;;;;;;;;;;;;;;;;;;;;;;;;;;;;;;;;;;;;;;;;;;;;;;;;;;;;;;;;;;;;;;;;;;;;;;;;;;;;;;;;;;;;;;;;;;;;;;;;;;;;;;;;;;;;;;;;;;;;;
;;;;;;;;;;;;;;;;;;;;;;;;;;;;;;;;;;;;;;;;;;;;;;;;;;;;;;;;;;;;;;;;;;;;;;;;;;;;;;;;;;;;;;;;;;;;;;;;;;;;;;;;;;;;;;;;;;;;;;;;;;;;;;;;;;;;;;;;;;;;;;;;;;;;;;;;;;;;
;;;;;;;;;;;;;;;;;;;;;;;;;;;;;;;;;;;;;;;;;;;;;;;;;;;;;;;;;;;;;;;;;;;;;;;;;;;;;;;;;;;;;;;;;;;;;;;;;;;;;;;;;;;;;;;;;;;;;;;;;;;;;;;;;;;;;;;;;;;;;;;;;;;;;;;;;;;;
;;;;;;;;;;;;;;;;;;;;;;;;;;;;;;;;;;;;;;;;;;;;;;;;;;;;;;;;;;;;;;;;;;;;;;;;;;;;;;;;;;;;;;;;;;;;;;;;;;;;;;;;;;;;;;;;;;;;;;;;;;;;;;;;;;;;;;;;;;;;;;;;;;;;;;;;;;;;
;;;;;;;;;;;;;;;;;;;;;;;;;;;;;;;;;;;;;;;;;;;;;;;;;;;;;;;;;;;;;;;;;;;;;;;;;;;;;;;;;;;;;;;;;;;;;;;;;;;;;;;;;;;;;;;;;;;;;;;;;;;;;;;;;;;;;;;;;;;;;;;;;;;;;;;;;;;;
;;;;;;;;;;;;;;;;;;;;;;;;;;;;;;;;;;;;;;;;;;;;;;;;;;;;;;;;;;;;;;;;;;;;;;;;;;;;;;;;;;;;;;;;;;;;;;;;;;;;;;;;;;;;;;;;;;;;;;;;;;;;;;;;;;;;;;;;;;;;;;;;;;;;;;;;;;;;
;;;;;;;;;;;;;;;;;;;;;;;;;;;;;;;;;;;;;;;;;;;;;;;;;;;;;;;;;;;;;;;;;;;;;;;;;;;;;;;;;;;;;;;;;;;;;;;;;;;;;;;;;;;;;;;;;;;;;;;;;;;;;;;;;;;;;;;;;;;;;;;;;;;;;;;;;;;;
;;;;;;;;;;;;;;;;;;;;;;;;;;;;;;;;;;;;;;;;;;;;;;;;;;;;;;;;;;;;;;;;;;;;;;;;;;;;;;;;;;;;;;;;;;;;;;;;;;;;;;;;;;;;;;;;;;;;;;;;;;;;;;;;;;;;;;;;;;;;;;;;;;;;;;;;;;;;
;;;;;;;;;;;;;;;;;;;;;;;;;;;;;;;;;;;;;;;;;;;;;;;;;;;;;;;;;;;;;;;;;;;;;;;;;;;;;;;;;;;;;;;;;;;;;;;;;;;;;;;;;;;;;;;;;;;;;;;;;;;;;;;;;;;;;;;;;;;;;;;;;;;;;;;;;;;;
;;;;;;;;;;;;;;;;;;;;;;;;;;;;;;;;;;;;;;;;;;;;;;;;;;;;;;;;;;;;;;;;;;;;;;;;;;;;;;;;;;;;;;;;;;;;;;;;;;;;;;;;;;;;;;;;;;;;;;;;;;;;;;;;;;;;;;;;;;;;;;;;;;;;;;;;;;;;
;;;;;;;;;;;;;;;;;;;;;;;;;;;;;;;;;;;;;;;;;;;;;;;;;;;;;;;;;;;;;;;;;;;;;;;;;;;;;;;;;;;;;;;;;;;;;;;;;;;;;;;;;;;;;;;;;;;;;;;;;;;;;;;;;;;;;;;;;;;;;;;;;;;;;;;;;;;;
;;;;;;;;;;;;;;;;;;;;;;;;;;;;;;;;;;;;;;;;;;;;;;;;;;;;;;;;;;;;;;;;;;;;;;;;;;;;;;;;;;;;;;;;;;;;;;;;;;;;;;;;;;;;;;;;;;;;;;;;;;;;;;;;;;;;;;;;;;;;;;;;;;;;;;;;;;;;
;;;;;;;;;;;;;;;;;;;;;;;;;;;;;;;;;;;;;;;;;;;;;;;;;;;;;;;;;;;;;;;;;;;;;;;;;;;;;;;;;;;;;;;;;;;;;;;;;;;;;;;;;;;;;;;;;;;;;;;;;;;;;;;;;;;;;;;;;;;;;;;;;;;;;;;;;;;;
;;;;;;;;;;;;;;;;;;;;;;;;;;;;;;;;;;;;;;;;;;;;;;;;;;;;;;;;;;;;;;;;;;;;;;;;;;;;;;;;;;;;;;;;;;;;;;;;;;;;;;;;;;;;;;;;;;;;;;;;;;;;;;;;;;;;;;;;;;;;;;;;;;;;;;;;;;;;
;;;;;;;;;;;;;;;;;;;;;;;;;;;;;;;;;;;;;;;;;;;;;;;;;;;;;;;;;;;;;;;;;;;;;;;;;;;;;;;;;;;;;;;;;;;;;;;;;;;;;;;;;;;;;;;;;;;;;;;;;;;;;;;;;;;;;;;;;;;;;;;;;;;;;;;;;;;;
;;;;;;;;;;;;;;;;;;;;;;;;;;;;;;;;;;;;;;;;;;;;;;;;;;;;;;;;;;;;;;;;;;;;;;;;;;;;;;;;;;;;;;;;;;;;;;;;;;;;;;;;;;;;;;;;;;;;;;;;;;;;;;;;;;;;;;;;;;;;;;;;;;;;;;;;;;;;
;;;;;;;;;;;;;;;;;;;;;;;;;;;;;;;;;;;;;;;;;;;;;;;;;;;;;;;;;;;;;;;;;;;;;;;;;;;;;;;;;;;;;;;;;;;;;;;;;;;;;;;;;;;;;;;;;;;;;;;;;;;;;;;;;;;;;;;;;;;;;;;;;;;;;;;;;;;;
;;;;;;;;;;;;;;;;;;;;;;;;;;;;;;;;;;;;;;;;;;;;;;;;;;;;;;;;;;;;;;;;;;;;;;;;;;;;;;;;;;;;;;;;;;;;;;;;;;;;;;;;;;;;;;;;;;;;;;;;;;;;;;;;;;;;;;;;;;;;;;;;;;;;;;;;;;;;
;;;;;;;;;;;;;;;;;;;;;;;;;;;;;;;;;;;;;;;;;;;;;;;;;;;;;;;;;;;;;;;;;;;;;;;;;;;;;;;;;;;;;;;;;;;;;;;;;;;;;;;;;;;;;;;;;;;;;;;;;;;;;;;;;;;;;;;;;;;;;;;;;;;;;;;;;;;;
;;;;;;;;;;;;;;;;;;;;;;;;;;;;;;;;;;;;;;;;;;;;;;;;;;;;;;;;;;;;;;;;;;;;;;;;;;;;;;;;;;;;;;;;;;;;;;;;;;;;;;;;;;;;;;;;;;;;;;;;;;;;;;;;;;;;;;;;;;;;;;;;;;;;;;;;;;;;
;;;;;;;;;;;;;;;;;;;;;;;;;;;;;;;;;;;;;;;;;;;;;;;;;;;;;;;;;;;;;;;;;;;;;;;;;;;;;;;;;;;;;;;;;;;;;;;;;;;;;;;;;;;;;;;;;;;;;;;;;;;;;;;;;;;;;;;;;;;;;;;;;;;;;;;;;;;;
;;;;;;;;;;;;;;;;;;;;;;;;;;;;;;;;;;;;;;;;;;;;;;;;;;;;;;;;;;;;;;;;;;;;;;;;;;;;;;;;;;;;;;;;;;;;;;;;;;;;;;;;;;;;;;;;;;;;;;;;;;;;;;;;;;;;;;;;;;;;;;;;;;;;;;;;;;;;
;;;;;;;;;;;;;;;;;;;;;;;;;;;;;;;;;;;;;;;;;;;;;;;;;;;;;;;;;;;;;;;;;;;;;;;;;;;;;;;;;;;;;;;;;;;;;;;;;;;;;;;;;;;;;;;;;;;;;;;;;;;;;;;;;;;;;;;;;;;;;;;;;;;;;;;;;;;;
;;;;;;;;;;;;;;;;;;;;;;;;;;;;;;;;;;;;;;;;;;;;;;;;;;;;;;;;;;;;;;;;;;;;;;;;;;;;;;;;;;;;;;;;;;;;;;;;;;;;;;;;;;;;;;;;;;;;;;;;;;;;;;;;;;;;;;;;;;;;;;;;;;;;;;;;;;;;
;;;;;;;;;;;;;;;;;;;;;;;;;;;;;;;;;;;;;;;;;;;;;;;;;;;;;;;;;;;;;;;;;;;;;;;;;;;;;;;;;;;;;;;;;;;;;;;;;;;;;;;;;;;;;;;;;;;;;;;;;;;;;;;;;;;;;;;;;;;;;;;;;;;;;;;;;;;;
