"GA","GB","G1","G2","G3","G4","G5","G6","G7","G8","G9","G10","G11","G12","G13","G14","G15","G16","G17","G18","G19","G20","G21","G22","G23","G24","G25","G26","G27","G28","G29","G30","G31","G32","G33","G34","G35","G36","G37","G38","G39","G40","G41","G42","G43","G44","G45","G46","G47","G48","G49","G50","G51","G52","G53","G54","G55","G56","G57","G58","G59","G60","G61","G62","G63","G64","G65","G66","G67","G68","G69","G70","G71","G72","G73","G74","G75","G76","G77","G78","G79","G80","G81","G82","G83","G84","G85","G86","G87","G88","G89","G90","G91","G92","G93","G94","G95","G96","G97","G98","G99","G100","G101","G102","G103","G104","G105","G106","G107","G108","G109","G110","G111","G112","G113","G114","G115","G116","G117","G118","G119","G120","G121","G122","G123","G124","G125","G126","G127","G128","G129","G130","G131","G132","G133","G134","G135","G136","G137","G138","G139","G140","G141","G142","G143","G144","G145","G146","G147","G148","G149","G150","G151","G152","G153","G154","G155","G156","G157","G158","G159","G160","G161","G162","G163","G164","G165","G166","G167","G168","G169","G170","G171","G172","G173","G174","G175","G176","G177","G178","G179","G180","G181","G182","G183","G184","G185","G186","G187","G188","G189","G190","G191","G192","G193","G194","G195","G196","G197","G198","G199","G200","G201","G202","G203","G204","G205","G206","G207","G208","G209","G210","G211","G212","G213","G214","G215","G216","G217","G218","G219","G220","G221","G222","G223","G224","G225","G226","G227","G228","G229","G230","G231","G232","G233","G234","G235","G236","G237","G238","G239","G240","G241","G242","G243","G244","G245","G246","G247","G248","G249","G250","G251"
"Республика Адыгея","1446931","0","0","221662","4834686","0","-6086","0","1","0","0","0","8","0","0","1585","25787","36000","0","0","0","0","0","9407480","85574","0","0","0","0","0","0","0","73925","44539","13895","0","0","0","620248","0","0","0","0","386861","362323","433","292520","0","-71","0","19109","83056","11748600","0","0","0","0","0","0","0","38666","0","0","-5","4376","0","0","0","0","0","0","0","0","344480","-6464","1044953","8390781","0","21885","0","0","-14","0","0","0","0","0","0","0","0","0","0","27658","971527","0","0","0","0","0","0","0","0","0","0","0","0","911122","0","0","0","0","0","0","0","3054","0","247608","0","0","0","0","161008","81342","1930239","174689","82138","568836","1512","0","49771","0","0","0","0","145724","43667","0","36989","0","0","0","188910","50520","0","0","239740","23710","38140","0","0","0","0","0","0","0","0","9983","0","0","0","0","0","0","14022","228","0","0","0","0","0","0","0","0","0","0","0","0","0","0","0","0","0","0","0","0","0","0","0","0","0","0","0","0","0","0","0","0","0","0","0","0","0","0","0","0","0","0","0","0","0","0","0","0","0","0","0","0","0","0","0","0","0","0","0","0","0","0","0","0","0","0","0","0","0","0","0","0","535","0","1332","32508","0","0","-14","0","29353","0","0","0","1214131","421","-1"
"Республика Башкортостан","23061930","14","0","1890776","51090282","-87","-87506","0","0","0","0","4859988","8","0","0","139577","667118","14468","0","48911","0","3488","653","93341505","619662","0","0","0","0","0","0","0","808654","262392","155947","55302","0","0","2242324","0","0","0","0","4837314","2829486","1825","3794468","650","-28","4507","247176","1122190","143305466","157348","0","0","1161","0","0","0","20202","879417","0","0","0","162797","0","0","77243185","-9833367","35","66773143","121853","6433","0","12102642","17016069","0","127400","0","-1870474","-2690","0","9239","0","0","0","0","-225304065","0","0","0","69956","2493804","0","0","0","0","0","0","0","0","0","1896","0","1003","372383","0","0","0","0","0","0","0","0","0","1986451","0","0","0","0","399336","352912","11371367","900999","1212909","3572503","6538","0","834949","0","0","0","0","389524","103308","0","325786","0","0","0","793294","105286","0","203322884","27845","0","267178","0","0","0","0","0","0","0","0","900332","0","4077","5763956","0","0","0","325830","3962","-7","59","0","0","105114","0","0","71184596","0","0","0","0","0","0","0","0","0","0","0","0","0","0","0","0","0","0","0","0","0","0","0","0","0","0","0","0","0","0","0","0","0","0","0","0","0","0","0","0","0","0","0","0","0","0","0","0","0","0","0","0","0","0","0","0","0","0","0","0","0","0","0","0","12726","116","4012105","84968","30","0","-16165","0","97572","0","0","0","11854706","94645","-27126"
"Республика Бурятия","2180785","0","0","524738","9460308","0","-2653","4","625","0","0","173684","1847","0","0","5","2835","1169","0","0","0","0","0","22440833","102240","0","0","0","0","0","0","0","89488","16964","15679","0","0","0","567714","0","0","0","0","574192","461118","432","1169781","1300","0","8700","30361","132454","3367644","0","0","0","0","0","0","0","3961","0","0","0","0","0","0","0","0","0","0","0","0","0","0","7901","0","0","0","0","0","-2872","0","0","0","0","0","0","0","0","0","0","21699","331150","0","0","0","0","0","0","0","0","0","0","0","0","0","0","0","0","0","0","0","0","3007","0","396730","0","0","0","0","72781","33203","4908951","404","125706","746512","350","0","292205","0","0","0","80","69957","28371","0","164768","0","0","0","167851","26214","0","0","0","0","96818","0","0","0","0","0","0","0","0","5506936","0","179100","411692","0","0","0","76412","9764","1","97","0","0","0","0","0","0","0","0","0","0","0","0","0","0","0","0","0","0","0","0","0","0","0","0","0","0","0","0","0","0","0","0","0","0","0","0","0","0","0","0","0","0","0","0","0","0","0","0","0","0","0","0","0","0","0","0","0","0","0","0","0","0","0","0","0","0","0","0","0","0","15992","-18","0","37029","0","0","837","0","81632","0","0","0","855540","17161","-85"
"Республика Алтай","1377868","0","0","6030","2670316","0","-11","0","0","0","0","0","0","0","0","0","1288","0","0","313972","0","6258","0","5040732","22222","0","0","0","0","0","0","0","35062","30349","23901","9477","0","0","225459","0","0","0","0","662441","120839","151","1128199","650","0","4350","5028","43606","-913040","0","0","0","0","0","0","0","0","0","0","0","0","0","0","0","0","0","0","0","0","0","0","9004","0","0","324","0","0","-682","0","0","0","0","0","0","0","0","0","0","83392","71076","0","0","0","0","0","0","0","0","0","0","0","0","0","0","0","0","0","0","0","0","0","0","42699","0","0","0","0","79729","0","810936","4055","34476","195194","0","0","31567","0","0","0","0","81077","0","0","14039","0","0","0","85728","0","0","0","0","0","44581","0","0","0","0","0","0","0","0","548529","0","0","0","0","0","0","7081","1529","0","0","0","0","0","0","0","0","0","0","0","0","0","0","0","0","0","0","0","0","0","0","0","0","0","0","0","0","0","0","0","0","0","0","0","0","0","0","0","0","0","0","0","0","0","0","0","0","0","0","0","0","0","0","0","0","0","0","0","0","0","0","0","0","0","0","0","0","0","0","0","0","1422","0","0","12747","48","0","0","0","32197","0","0","0","357687","2046","0"
"Республика Дагестан","2257561","0","0","252981","7500649","0","-10653","3","2718","0","0","73917","0","0","0","-1322","78","0","0","0","0","0","0","26652436","291298","-2","0","0","0","0","0","0","100421","15150","1207","0","0","107","613236","0","0","0","171","481965","394435","1103","563777","650","0","4350","17569","83420","19739846","39980","0","46","0","0","0","0","13941","0","0","0","54576","789","0","0","0","72981","0","0","0","-1","257464","122669","3233904","1338522","0","0","0","-97","0","13431","0","0","0","0","-303827","0","0","0","49148","692388","0","0","0","0","0","0","0","0","0","0","0","-275","0","0","0","0","0","0","0","0","135","0","695400","1281076","-46","0","0","201247","9130","3160903","501499","115032","1927114","8554","0","196858","0","474709","0","8175","117886","5418","0","212425","385069","-193","-1","207749","6978","0","984743","33210","12445","164204","0","0","0","0","0","0","0","0","5224","0","0","0","0","0","0","9510","-238","1105","1805","0","0","18475","0","0","0","0","0","0","0","0","0","0","0","0","0","0","0","0","0","0","0","0","0","0","0","0","0","0","0","0","0","0","0","0","0","0","0","0","0","0","0","0","0","0","0","0","0","0","0","0","0","0","0","0","0","0","0","0","0","0","0","0","0","0","0","0","0","0","0","4240","0","0","102477","0","0","-104","0","29482","0","0","0","4974650","44645","-2160"
"Республика Ингушетия","167030","0","0","30941","530645","0","-58","0","0","0","84","0","0","0","474","0","0","0","0","0","-1","0","0","3747309","11518","0","0","0","0","0","0","0","4745","5291","319","0","0","0","133202","0","0","0","0","70196","28016","26","23129","0","0","0","3028","3722","2313747","0","0","0","0","0","0","0","2543","0","0","0","0","0","0","0","0","0","0","0","0","0","0","0","0","0","0","0","0","0","0","0","0","0","0","0","0","0","0","0","1828","14201","0","0","0","0","0","0","0","0","0","0","0","0","0","0","0","0","0","0","0","0","272","0","133132","0","0","0","381","16499","0","1133652","15643","16786","181424","0","0","43386","0","0","0","768","16049","0","0","40520","0","0","27","33155","0","0","528213","0","0","2426","0","0","0","0","0","0","0","0","303","0","0","0","0","0","0","17690","0","0","0","0","0","3351","0","0","0","0","0","0","0","0","0","0","0","0","0","0","0","0","0","0","0","0","0","0","0","0","0","0","0","0","0","0","0","0","0","0","0","0","0","0","0","0","0","0","0","0","0","0","0","0","0","0","0","0","0","0","0","0","0","0","0","0","0","0","0","0","0","0","0","0","0","0","18294","0","0","0","0","98055","0","0","0","807926","3703","0"
"Кабардино-Балкарская Республика","975592","0","4","65523","4484230","0","-444","0","0","0","0","0","0","0","0","55","1328","0","0","0","0","0","0","9629145","96735","0","0","0","0","0","0","0","24365","4236","0","0","0","0","283452","0","0","0","0","171465","227820","-93","330068","650","0","4350","14227","53040","8960055","646918","0","0","0","0","0","0","51019","0","0","0","3283","524218","0","0","0","0","0","0","0","220507","19547","168027","5746094","0","5441","0","0","0","0","0","0","0","0","0","0","0","0","0","29460","152758","0","0","0","5333","0","0","0","0","0","0","0","0","0","0","0","0","0","0","0","0","1921","0","191885","0","0","0","0","34327","931","1654836","63380","34820","348577","4858","0","161141","0","0","0","0","102043","28995","0","54304","0","0","0","42572","15950","0","3344","0","0","23004","0","0","0","0","0","0","0","0","1597","0","0","0","0","0","0","59571","113","0","0","0","0","0","0","0","0","0","0","0","0","0","0","0","0","0","0","0","0","0","0","0","0","0","0","0","0","0","0","0","0","0","0","0","0","0","0","0","0","0","0","0","0","0","0","0","0","0","0","0","0","0","0","0","0","0","0","0","0","0","0","0","0","0","0","0","0","0","0","0","0","29","0","0","45773","0","0","-1649929","0","1468781","0","0","0","3763515","120","-21"
"Республика Калмыкия","288161","0","0","159110","4194510","0","-1956","0","0","0","0","73193","0","0","10","-51","0","0","0","0","0","0","0","5159332","42378","0","0","0","0","0","0","0","12606","0","0","0","0","0","252518","0","0","0","0","242054","447278","1217","443900","0","0","0","21805","74399","23238409","0","0","0","0","0","0","0","0","0","0","0","0","0","0","0","0","0","46","0","0","0","0","1253","0","0","0","0","0","0","0","1010","0","0","0","0","0","0","0","0","4518","473067","0","0","0","3263","0","0","0","0","0","0","0","0","0","0","0","0","0","0","0","0","1609","0","121211","0","0","0","0","29667","6855","1241792","73133","38494","348940","1043","0","35048","0","0","0","0","17431","2725","0","33468","0","0","0","52083","4710","0","10338","52540","0","914","0","0","0","0","0","0","0","0","693","0","0","0","0","0","0","3825","8","556","0","0","0","256091","0","0","0","0","0","0","0","0","0","0","0","0","0","0","0","0","0","0","0","0","0","0","0","0","0","0","0","0","0","0","0","0","0","0","0","0","0","0","0","0","0","0","0","0","0","0","0","0","0","0","0","0","0","0","0","0","0","0","0","0","0","0","0","0","0","0","0","17816","0","0","29114","10","0","0","0","26656","0","0","0","1040980","2309","-3"
"Карачаево-Черкесская Республика","458018","0","0","41830","2388238","0","-387","0","519","0","0","0","0","0","0","0","1175","0","0","0","0","0","0","6114539","41272","0","0","0","0","0","0","0","23120","0","0","168","0","0","148676","0","0","0","0","92197","145068","73","160107","0","0","0","4036","19413","4694860","0","0","0","23174","0","0","0","15721","0","0","0","0","0","0","0","0","0","0","0","0","1826","0","251039","0","0","0","0","0","0","0","0","0","0","0","0","0","0","0","0","35365","104679","0","0","0","0","0","0","0","0","0","0","0","0","0","0","0","0","0","0","0","0","991","0","120217","0","0","0","0","73928","17883","1362327","2342","49920","253451","336","0","125284","0","0","0","0","62024","10400","0","77022","0","0","0","74819","8858","0","0","0","0","39253","0","0","0","0","0","0","0","0","28090","0","0","439337","0","0","0","24460","832","0","0","0","0","0","0","0","0","0","0","0","0","0","0","0","0","0","0","0","0","0","0","0","0","0","0","0","0","0","0","0","0","0","0","0","0","0","0","0","0","0","0","0","0","0","0","0","0","0","0","0","0","0","0","0","0","0","0","0","0","0","0","0","0","0","0","0","0","0","0","0","0","9","0","242","26933","0","0","0","0","190","0","0","0","1496315","5757","0"
"Республика Карелия","1565541","0","0","45353","6851603","0","-606803","0","0","0","0","34600","0","0","0","22841","17782","26925","0","0","0","3046","0","19296651","62942","0","0","0","0","0","0","0","58656","20658","6948","1982","0","0","392204","0","0","0","0","670726","580144","301","424036","0","0","0","39931","238604","17646137","-4506","0","0","0","0","0","0","5821","0","0","0","0","0","0","0","0","0","0","0","0","0","0","75503","830596","0","0","0","0","-2221","0","0","0","0","0","0","0","0","0","0","66284","769571","0","0","0","0","0","0","0","0","0","0","0","5","0","0","0","0","0","0","0","0","6710","0","295299","0","0","47000","0","32717","42323","3385932","21324","197884","873255","700","0","122203","28856","0","0","0","28897","29555","0","29587","0","0","0","40486","13857","25619","0","0","0","757724","10129990","0","0","0","0","0","0","0","-246","0","0","3723","0","0","0","9965","8263","65283","746","0","0","0","0","0","0","0","0","0","0","0","0","0","0","0","0","0","0","0","0","0","0","0","0","0","0","0","0","0","0","0","0","0","0","0","0","0","0","0","0","0","0","0","0","0","0","0","0","0","0","0","0","0","0","0","0","0","0","0","0","0","0","0","0","0","0","0","0","0","0","4473","0","159994","32085","23","0","-5806","0","9484","0","0","0","982081","2783","0"
"Республика Коми","4641143","0","0","3412389","15022207","0","-159783","0","0","0","0","5428304","0","0","0","34831","1071676","63023","0","8792","0","20313","0","27752204","79745","0","0","0","0","0","0","0","125205","7057","0","321","0","0","321085","0","0","0","51","562527","842762","815","702202","0","0","0","52311","141749","61833110","0","0","0","0","0","0","0","22634","0","0","0","0","0","0","0","8968383","14517","0","9269575","0","0","0","403687","1875414","0","549","0","0","-38127","0","0","0","0","0","0","0","0","0","0","8572","250625","0","0","0","0","0","0","0","0","0","0","0","0","0","0","0","0","0","0","0","0","10522","0","502427","0","0","220932","1303","48532","53490","8350182","15915519","320268","960853","1351","0","110627","36789","0","0","0","16019","8096","0","25108","0","0","1","17075","6224","15628","64548457","7032","3042","55610","0","0","0","370934","0","0","0","0","41606","0","0","287618","0","0","0","30411","6457","59","85","4595924","409360","1061856","3293281","0","4808269","0","0","0","0","0","0","0","0","0","0","0","0","0","0","0","0","0","0","0","0","0","0","0","0","0","0","0","0","0","0","0","0","0","0","0","0","0","0","0","0","0","0","0","0","0","0","0","0","0","0","0","0","0","0","0","0","0","0","0","0","0","0","0","0","42631","6","0","43897","5","0","2","0","4939","0","0","0","2706886","240562","-105"
"Республика Крым","7780607","0","0","0","25614763","0","-697","0","0","0","0","0","0","-148","0","1000","-1639","0","0","656766","0","53924","0","47384126","313347","0","0","0","0","0","0","0","461207","90615","90605","73","0","0","1565808","0","0","0","631","2671649","923868","740","1745790","0","13664","0","45225","422981","57391389","0","0","215","0","0","0","0","482097","0","0","1257","29765","4127255","0","0","0","0","0","0","0","453379","114880","1958823","4782328","244684","18461","62763","0","0","0","0","0","0","0","0","0","0","0","0","18","531908","0","215","0","0","0","0","0","0","0","0","0","0","0","0","13698","0","0","0","0","0","13074","0","876123","0","0","0","0","358417","55554","6110898","41","197721","1192955","5768","0","613782","0","0","0","0","147118","6874","0","195038","0","0","0","491558","9243","0","171382","19611","21836","248706","0","0","0","0","0","0","0","0","50165","0","0","44349","0","0","0","256256","453","4721","143","0","0","0","0","0","0","0","0","0","0","0","0","0","0","0","0","0","0","0","0","0","0","0","0","0","0","0","0","0","0","0","0","0","0","0","0","0","0","0","0","0","0","0","0","0","0","0","0","0","0","0","0","0","0","0","0","0","0","0","0","0","0","0","0","0","0","0","0","0","0","1883","5831","7073","56199","0","0","-71","0","131963","0","0","0","2394187","442","-33906"
"Республика Марий-Эл","3034302","0","-3407","354388","6280021","0","-5324","0","0","0","0","0","0","0","0","16122","92045","0","0","3108","0","7110","0","17910708","68750","0","0","0","0","0","0","0","169463","41017","52942","868","0","0","227171","0","0","0","0","1149684","458444","200","812887","0","0","0","43032","246735","22179216","0","0","0","0","0","0","0","21045","0","0","0","0","0","0","0","0","0","0","0","0","0","0","260269","0","0","26","0","0","0","0","0","0","0","0","0","0","0","0","0","0","273047","0","0","0","0","0","0","0","0","0","0","0","1","0","0","0","0","0","0","0","0","4478","0","272071","0","0","1823","0","39108","57804","1720389","313017","136986","728691","1785","0","143965","549","0","0","0","26994","22011","0","37819","0","0","0","20624","8966","461","0","0","0","36255","0","0","0","0","0","0","0","0","0","0","0","0","0","0","0","32670","1513","0","106","0","0","0","0","0","0","0","0","0","0","0","0","0","0","0","0","0","0","0","0","0","0","0","0","0","0","0","0","0","0","0","0","0","0","0","0","0","0","0","0","0","0","0","0","0","0","0","0","0","0","0","0","0","0","0","0","0","0","0","0","0","0","0","0","0","0","0","0","0","0","71","0","1332","23843","10","0","0","0","165345","0","0","0","503332","3391","-13591"
"Республика Мордовия","4004734","0","0","147022","10687870","0","-4029","1","-3","0","0","0","0","0","0","4848","33817","0","0","79","0","135","0","19730928","112888","0","0","0","0","0","0","0","157301","62880","48720","2866","0","4735","243939","0","0","0","0","1513283","715415","442","570460","0","0","0","41210","191351","23993774","3424","0","0","0","0","0","0","4516","0","0","0","0","0","0","0","0","0","0","0","0","0","0","3980511","13763964","0","786","0","0","0","0","0","0","0","0","0","0","0","0","0","0","1110613","0","0","0","39","0","0","0","0","0","0","0","1","0","0","0","0","0","0","0","0","3526","0","176586","0","0","0","0","59252","58276","2894853","713311","221183","805759","959","0","322315","0","0","0","0","144184","69839","0","51488","0","0","0","76250","20810","0","0","0","0","24488","0","0","0","0","0","0","0","0","67098","0","0","0","0","0","0","41624","918","0","0","0","0","0","0","0","0","0","0","0","0","0","0","0","0","0","0","0","0","0","0","0","0","0","0","0","0","0","0","0","0","0","0","0","0","0","0","0","0","0","0","0","0","0","0","0","0","0","0","0","0","0","0","0","0","0","0","0","0","0","0","0","0","0","0","0","0","0","0","0","0","319","0","35030","59304","0","0","0","0","24176","0","0","0","1231710","9614","-3178"
"Республика Саха (Якутия)","18366196","0","0","17368363","51457260","0","-21097","0","432","0","0","0","0","0","0","239943","76212","2307518","2472465","11530","16643","16709","-4752","52856450","131435","0","0","0","0","0","0","0","316310","69877","61998","8432","0","443","601925","0","0","0","0","4028993","787409","1350","1922357","76","-38","0","62413","322637","-38059823","0","0","0","0","0","0","0","2089","0","0","0","0","0","0","0","1049","4238","0","11898","0","0","0","102444","511652","0","0","0","0","-805202","0","-164490","0","0","0","0","0","0","0","0","16730","4767699","0","0","0","0","0","0","0","0","0","0","0","0","0","0","0","0","0","0","0","0","5766","0","224609","0","0","0","95","15415","121062","21666554","264376","479562","879805","861","0","83341","0","0","0","12861","38505","242955","0","59444","0","0","336","56395","57801","0","80660614","1139114","1083830","555982","58795","0","0","3685748","0","0","0","0","49713334","18884979","261100","391369","0","0","0","37445","10847","271","6721","2579127","29588417","0","0","0","0","0","0","0","0","0","0","0","0","0","0","0","0","0","0","0","0","0","0","0","0","0","0","0","0","0","0","0","0","0","0","0","0","0","0","0","-26200","0","0","0","0","0","0","0","0","0","0","0","0","0","0","0","0","0","0","0","0","0","0","0","0","0","0","0","0","252994","139","0","46248","4630","0","-658","0","1491","0","0","0","3802184","102635","-743"
"Республика Северная Осетия - Алания","1230986","0","0","27169","5423352","0","-238","0","0","0","0","-2","0","0","0","163","475","0","0","393","0","0","0","11955363","48599","0","0","0","0","0","0","0","17565","4368","0","388","0","0","444023","0","0","0","652","134696","219286","319","164844","0","0","0","14034","66872","11111362","840810","0","0","0","0","0","0","274092","0","0","0","1030","16987160","0","0","0","0","0","0","0","219711","93456","1279536","1548452","0","27258","-357","0","0","0","0","0","0","0","0","0","0","0","0","15680","267253","0","0","0","0","0","0","0","0","0","0","0","0","0","0","0","0","0","0","0","0","2004","0","222745","0","0","0","0","80065","67051","1857103","334800","40154","439817","112247","0","182388","0","0","0","1602","33007","52043","0","75276","0","0","0","70533","29844","0","1858","0","0","53264","0","0","0","0","0","0","0","0","1667","0","0","0","0","0","0","82379","93","0","0","0","0","0","0","0","0","0","0","0","0","0","0","0","0","0","0","0","0","0","0","0","0","0","0","0","0","0","0","0","0","0","0","0","0","0","0","0","0","0","0","0","0","0","0","0","0","0","0","0","0","0","0","0","0","0","0","0","0","0","0","0","0","0","0","0","0","0","0","0","0","406","0","0","57822","3","0","0","0","2823946","0","0","0","6250780","583","0"
"Республика Татарстан","52124666","8","0","3201012","109823637","-12117","-122319","0","-2144","1","5","6071280","4","17138922","38192641","1502428","12262936","162912","102261","1339882","525","5605610","-49","174482036","531356","0","0","0","0","0","0","0","3269738","1173732","1288577","302705","0","0","2586250","0","0","0","2556","17953249","7446709","13430","15373821","1531","17810","8763","532180","3411683","462399604","559802","8950","0","0","0","211458","0","3489","964440","0","0","0","129387","0","0","52976891","-28528330","125654","80085110","43784","2","0","15670665","32673169","0","0","5","-2745770","-246942","0","402352","0","0","0","0","-246782041","0","-4885565","-7526272","144078","6538180","0","0","0","6750","0","0","0","0","0","341","0","585","0","0","0","0","0","0","0","0","420607","0","2246557","0","0","0","0","381607","892582","41639652","720700","2191547","5509717","11018","0","4747627","0","0","0","-1","2742836","1344139","0","690739","0","0","0","798438","279221","0","562872682","0","0","151247","0","0","0","0","0","0","0","0","14707","0","0","0","0","0","0","77743","2546","0","892","0","0","12423998","0","0","138348182","0","0","0","0","0","0","0","0","0","0","0","0","0","0","0","0","0","0","0","0","0","0","0","0","0","0","0","0","1","0","0","0","0","0","0","0","2","0","0","0","0","0","0","0","0","0","0","0","0","0","0","0","0","0","0","0","0","0","0","0","0","0","0","0","18296","11","79727863","187255","-701","0","-189353","0","207345","0","0","0","9157436","59850","-8329"
"Республика Тыва","689228","0","0","12389","2247808","0","-2","0","0","0","0","0","0","0","0","120746","0","157500","0","0","0","0","0","6329654","27510","0","0","0","0","0","0","0","41902","15818","0","440","0","0","209409","0","0","0","0","30955","38700","0","181090","0","0","0","2312","19662","963474","0","0","0","0","0","0","0","88","0","0","0","0","0","0","0","0","0","0","0","0","0","0","2","0","0","0","0","0","-2001","0","0","0","0","0","0","0","0","0","0","2202","2555","0","0","0","0","0","0","0","0","0","0","0","0","0","0","0","0","0","0","0","0","0","0","128857","0","0","0","0","11971","16131","535303","293","42404","228923","0","0","61865","0","0","0","0","10659","5916","0","56955","0","0","3","16648","13920","0","0","0","0","19543","0","-46","0","47704","0","0","0","0","2272078","0","14584","69","0","0","0","13940","3560","0","-3","0","0","0","0","0","0","0","0","0","0","0","0","0","0","0","0","0","0","0","0","0","0","0","0","0","0","0","0","0","0","0","0","0","0","0","0","0","0","0","0","0","0","0","0","0","0","0","0","0","0","0","0","0","0","0","0","0","0","0","0","0","0","0","0","0","0","0","0","0","0","4380","0","0","26547","0","0","0","0","23361","0","0","0","536409","183","-1"
"Удмуртская Республика","14485615","0","20","1572256","34660697","-1","-17120","0","154","0","0","397283","34","0","7471","63795","79365","750","108","12548","1","69169","0","47732282","222771","0","0","0","0","0","0","0","390478","125220","161601","13734","0","0","756364","0","0","0","0","2901777","1623336","2589","2561361","0","0","0","133627","639136","131253587","36626","0","0","0","0","0","0","4455","0","0","0","0","19034","0","0","0","0","140698","0","0","0","0","700041","7349279","0","112","0","0","-222126","0","-974","0","0","0","0","0","0","0","0","50","1388075","0","0","0","0","0","0","0","0","0","-7","0","140","0","0","0","0","0","0","0","0","4530","0","1052066","0","0","150949","0","0","0","6085313","1066683","416040","1494207","1729","0","766534","248921","0","0","0","0","0","0","232835","0","0","0","0","0","239193","175094876","0","0","105746","0","0","0","0","0","0","0","0","255","0","0","0","0","0","0","38716","4615","0","78","0","0","0","0","0","30107167","0","0","0","0","0","0","0","0","0","0","0","0","0","0","0","0","0","0","0","0","0","0","0","0","0","0","0","0","0","0","0","0","0","0","0","0","0","0","0","0","0","0","0","0","0","0","0","0","0","0","0","0","0","0","0","0","0","0","0","0","0","0","0","0","8904","0","9683","94522","9624","0","8796","0","265373","0","0","0","3433463","17146","-8445"
"Республика Хакасия","1613656","0","0","87033","7860555","0","-15","0","-1","0","0","17651","0","0","-15","850","7780","0","0","7840","0","0","575","12084146","87864","0","0","0","0","0","0","0","45115","22099","32134","308","0","0","237360","0","0","0","0","566121","363298","10","664263","0","0","0","21063","95065","-2603027","0","0","0","0","0","0","0","236815","0","0","0","0","0","0","0","0","0","0","0","0","0","0","4304036","0","0","0","0","0","0","0","0","0","0","0","0","0","0","0","0","15708","158112","0","0","0","0","0","0","0","0","0","0","0","0","0","0","0","0","0","0","0","0","7089","0","400687","0","0","0","44","38203","8134","2966662","0","91896","430728","792","0","310721","0","0","0","20810","130000","4679","0","149526","0","0","134","65068","4977","0","0","0","0","38031","538700","0","0","0","0","0","0","0","3348072","0","437834","50683","0","0","0","30906","4302","0","46","0","0","0","0","0","0","0","0","0","0","0","0","0","0","0","0","0","0","0","0","0","0","0","0","0","0","0","0","0","0","0","0","0","0","0","0","0","0","0","0","0","0","0","0","0","0","0","0","0","0","0","0","0","0","0","0","0","0","0","0","0","0","0","0","0","0","0","0","0","0","2641","1","0","20227","10","0","-558","0","11473","0","0","0","1036896","19757","-31"
"Чеченская Республика","1225689","0","0","9291","2921799","0","2334","0","0","0","0","0","0","0","0","0","0","0","0","31","0","0","0","19364965","65758","0","0","0","0","0","0","0","81793","35765","1798","0","0","0","361859","0","0","0","0","701689","464190","124","756694","23","0","0","12317","27575","19830112","0","0","0","0","0","0","0","63101","0","0","0","0","0","0","0","0","0","0","0","0","0","0","0","0","0","0","0","0","0","0","0","0","0","0","0","0","0","0","0","8761","398078","0","0","0","0","0","0","0","0","0","0","0","0","0","0","0","0","0","0","0","0","460","0","258225","0","0","0","-465","124112","124553","3950999","226907","83951","882873","0","0","251717","0","0","0","-246","49762","23970","0","87182","0","0","-145","119819","48400","0","0","0","0","19123","0","0","0","0","0","0","0","0","13","0","0","0","0","0","0","8503","1","31","0","0","0","0","0","0","0","0","0","0","0","0","0","0","0","0","0","0","0","0","0","0","0","0","0","0","0","0","0","0","0","0","0","0","0","0","0","0","0","0","0","0","0","0","0","0","0","0","0","0","0","0","0","0","0","0","0","0","0","0","0","0","0","0","0","0","0","0","0","0","0","3659","0","0","68301","0","0","0","0","212279","0","0","0","2364806","15","-51"
"Чувашская Республика","11945286","0","0","375904","28313978","0","-5489","0","0","0","0","0","0","0","0","20820","98951","30267","0","818","0","729","0","27851495","127612","0","0","0","0","0","0","0","291614","128363","56567","1188","0","0","499762","0","0","0","0","2988092","1299743","1964","1077224","0","0","0","110752","380226","61557337","17240","33897","0","0","0","0","0","223042","0","0","0","0","0","0","0","0","0","0","0","0","0","0","1451100","3493047","0","188","0","0","0","0","0","0","0","0","0","0","0","0","0","27771","515319","0","0","0","0","0","0","0","0","0","0","0","10","799","0","0","0","0","0","0","0","12221","0","414224","0","0","245490","0","0","0","3085839","391108","210958","1163404","0","0","457781","108340","0","0","0","0","0","0","105790","0","0","0","0","0","180481","0","0","0","39342","0","0","0","0","0","0","0","0","85","0","0","114","0","0","0","12494","606","0","47","0","0","0","0","0","0","0","0","0","0","0","0","0","0","0","0","0","0","0","0","0","0","0","0","0","0","0","0","0","0","0","0","0","0","0","0","0","0","0","0","0","0","0","0","0","0","0","0","0","0","0","0","0","0","0","0","0","0","0","0","0","0","0","0","0","0","0","0","0","0","35","0","3106880","58206","128","0","298","0","6707","0","0","0","2075927","16673","-12419"
"Алтайский край","10017460","0","0","3502515","26174762","0","-17272","6","4950","0","0","1490542","-92","0","0","6864","46906","232","0","22569","5167","45173","167","48762381","268527","0","0","0","0","0","0","0","280141","122746","211591","11917","0","-2","886885","0","0","0","487","3725191","1376524","980","1705580","0","0","0","132157","718552","61917589","-6754","0","0","26099","0","0","0","388556","0","0","0","0","0","0","0","0","0","0","0","0","0","0","6104422","3061527","0","24370","0","0","-8677","0","0","0","0","0","0","0","0","0","0","183066","1780797","0","0","0","0","0","0","0","0","0","203","0","1466","0","0","772","0","0","0","0","0","0","0","1594762","0","0","35976","0","250385","49195","5936200","222753","556429","2359197","58727","0","727537","29523","0","0","0","268466","38812","0","212844","0","0","0","395718","15736","26777","0","0","0","145264","0","0","0","0","0","0","0","0","570273","0","2620","2511530","0","0","0","81486","3370","323","5529","0","0","0","0","0","0","0","0","0","0","0","0","0","0","0","0","0","0","0","0","0","0","0","0","0","0","0","0","0","0","0","0","0","0","0","0","0","0","0","0","0","0","0","0","0","0","0","0","0","0","0","0","0","0","0","0","0","0","0","0","0","0","0","0","0","0","0","0","0","0","726","1","127064","43031","97","0","971","0","997262","0","0","0","2405656","33315","-2098"
"Краснодарский край","51257648","0","-657","8403318","115929768","0","-50706","0","3236007","0","0","5183279","0","28","6139","1451772","2585299","11053702","20588","358275","3","5346330","-12307","174115234","1274740","-28","-71","0","0","0","0","0","2482893","935933","1858440","509712","0","0","6429394","0","0","0","3246","15414135","9327814","4678","15083669","1964","10554","13050","525248","2276003","167435216","663","0","0","9","0","572367","0","243030","0","0","2383","81075","2885","0","0","350586","264430","0","6782","0","1450225","986849","6922586","3531893","241273","666914","0","0","-2442","0","-323485","0","0","0","0","-47554695","0","0","0","1658820","9146785","0","0","0","0","0","0","0","0","0","197","-5782","355","23729","0","15416","0","0","0","0","0","96466","0","5990785","0","0","990350","0","1361861","1088878","42222035","7184129","1650330","8853372","465257","0","3780785","826955","0","0","0","1399098","669173","0","1700023","0","0","0","1471325","577270","416222","11422336","2042290","1036750","318612","0","0","0","0","0","0","0","0","152341","0","0","0","0","0","0","698691","2318","8635","431","0","0","0","0","0","643511","0","0","0","0","0","0","0","0","0","0","0","0","0","0","0","0","0","0","0","0","0","0","0","0","0","0","0","0","0","0","0","0","0","0","0","0","0","0","0","0","0","0","0","0","0","0","0","0","0","0","0","0","0","0","0","0","0","0","0","0","0","0","0","0","6861","927","34873","294492","516","0","87845","0","1521900","0","0","0","12899472","36791","-3150"
"Красноярский край","57705541","0","0","8262056","142921460","-15181","-57861","0","408","0","0","2894707","69","0","13525","1138224","354400","1540553","0","7118","0","3950","-4587","111611921","360334","0","0","0","0","0","0","0","735242","176085","107070","85987","0","12","1784665","0","0","0","0","5489541","3106586","1140","6048361","0","-14893","0","280425","1100955","127068201","-3757","0","0","0","0","5927","0","28633","0","0","0","0","0","0","0","15509347","239381","0","22791856","0","0","0","1177850","838876","0","3102","0","0","-1882333","0","1501132","0","0","14485","0","-381599","0","0","0","6610","929704","0","0","0","0","0","0","0","0","0","0","0","524","10791","0","0","0","0","0","0","0","0","0","991552","0","0","4361","1464","120688","68006","28694973","-18","969698","2616005","3668","0","823831","19550","0","0","5419","242528","74154","0","259681","0","0","558","276334","69699","10882","36794382","2339464","877108","569700","0","0","64038251","0","0","0","0","0","53317598","0","715909","4573743","0","0","0","230413","41764","116","1981","18155588","48024887","0","0","0","0","0","0","0","0","0","0","0","0","0","0","0","0","0","0","0","0","0","0","0","0","0","0","0","0","0","0","0","0","0","0","0","0","0","0","0","0","0","0","0","0","0","0","0","0","0","0","0","0","0","0","0","0","0","0","0","0","0","0","0","0","0","0","0","0","294492","0","29820","180655","892","0","38702","0","215907","0","0","0","6823807","153815","-4773"
"Приморский край","20163640","0","0","2075459","43865148","0","-2135","991204","388632","0","0","587577","567","0","-6","225175","3300973","318467","20585","1050731","1025","334455","17195","73400609","373760","0","0","0","0","0","0","0","787532","277524","476612","136362","0","0","1780923","0","0","0","1718","16918009","3487574","3259","4398994","0","9750","0","243664","1235734","64877736","57","0","0","0","0","0","0","73379","0","0","0","0","0","0","0","634","0","0","0","0","0","0","3736443","3250592","0","339","0","0","-9400","0","-2630916","0","0","0","0","0","0","0","0","96474","7933845","0","0","0","0","0","0","0","0","0","102286","0","3","0","0","554","0","0","0","0","0","1197","0","1677714","0","0","136445","0","30220","6429","12208026","2428017","522250","1903443","183430","0","1485968","135139","0","0","0","72131","4904","0","463353","0","0","0","55940","3437","109384","0","0","0","402592","0","0","0","0","0","0","0","0","355196","0","103556","503653","0","0","0","42153","12816","4703095","1863","0","0","0","0","0","0","0","0","0","0","0","0","0","0","0","0","0","0","0","0","0","0","0","0","0","0","0","0","0","0","0","0","0","0","0","0","0","0","0","0","0","0","0","0","0","0","0","0","0","0","0","0","0","0","0","0","0","0","0","0","0","0","0","0","0","0","0","0","0","0","3056","-18","1382681","119861","341","0","-35315","0","433707","0","0","0","5917315","21375","-80192"
"Ставропольский край","8594853","0","0","682928","25443508","0","-42215","15","98","0","0","413318","0","7","0","225880","1010693","8049","4","5404","0","80","24703","56411614","474555","0","16","0","0","0","0","0","400353","107864","37947","5560","0","0","1839919","0","0","0","-626","2653945","1835182","1087","3323778","-322","0","0","120202","518052","61814014","265483","0","0","0","0","0","0","565705","1705782","1","0","20725","654","0","0","0","-6441247","668","0","307","120028","14120","2352651","10257714","75916","522","0","0","0","0","0","0","0","0","0","0","0","0","0","560602","1756776","0","0","0","0","0","0","0","0","0","0","0","0","0","0","4395","0","0","0","0","0","26445","0","2208374","0","0","1084046","0","0","0","8659799","1095297","545258","2282887","15421","0","1208031","879455","0","0","0","0","0","0","463160","0","0","0","0","0","1022340","10032832","0","0","133443","0","0","0","0","0","0","0","0","102975","0","0","4102","0","0","0","61157","152","0","58","0","0","296886","0","0","0","0","0","0","0","0","0","0","0","0","0","0","0","0","0","0","0","0","0","0","0","0","0","0","0","0","0","0","0","0","0","0","0","0","0","0","0","0","0","0","0","0","0","0","0","0","0","0","0","0","0","0","0","0","0","0","0","0","0","0","0","0","0","0","0","23081","1","695466","88567","2318","0","10991","0","203906","0","0","0","4791005","74455","-75298"
"Хабаровский край","15952125","0","0","995310","44196720","0","-4309","0","0","559","23","244641","0","0","3","64711","227523","17762","0","2409","0","4277","0","57225866","195944","-18","0","0","0","0","0","0","466207","121181","82882","130850","0","0","871624","0","0","0","0","3052939","2112154","4148","3168626","0","0","0","121940","604255","34541846","4356","0","0","0","0","364931","0","10118","0","0","0","0","0","0","0","20502055","437","0","23758108","0","0","0","4406581","0","0","6059","0","0","-142498","0","3534336","0","0","0","0","0","0","0","0","54825","316027","0","0","0","0","0","0","0","0","0","0","0","0","0","0","0","0","0","0","0","0","18671","0","795873","0","0","3977","145","55100","73436","11335669","4054604","496374","1313501","1008","0","460254","8255","0","0","8680","66901","39744","0","135225","0","0","468","78341","23090","3360","0","0","0","298124","0","0","0","-622667","0","0","0","0","24318043","0","190610","213677","0","0","0","55109","19383","1619567","129539","0","0","0","0","0","0","0","0","0","0","0","0","0","0","0","0","0","0","0","0","0","0","0","0","0","0","0","0","0","0","0","0","0","0","0","0","0","0","0","0","0","0","0","0","0","0","0","0","0","0","0","0","0","0","0","0","0","0","0","0","0","0","0","0","0","0","0","0","0","0","32628","-23","26932","77214","11","0","0","0","250801","0","0","0","2661405","32906","-7"
"Забайкальский край","5814782","0","0","134341","32540464","0","-12837","0","-8","0","0","2","0","0","0","1605","61925","0","0","0","0","0","0","35706198","151929","0","0","0","0","0","0","0","272191","52269","42953","1500","0","0","439665","0","0","0","3","1001843","454262","-38","1690728","0","0","0","35174","178298","-20196985","0","0","0","0","0","0","0","56538","0","0","0","0","0","0","0","0","0","0","5","0","0","0","226233","0","0","0","0","0","-8663","0","0","0","0","0","0","0","0","0","0","7376","21218","0","0","0","0","0","0","0","0","0","0","0","0","0","0","0","0","0","0","0","0","0","0","334913","0","0","66192","0","22086","53325","6423027","0","156067","672882","1050","0","101495","31325","0","0","6","16902","22049","0","48239","0","0","60","43884","27363","30977","0","0","0","932207","186041","0","0","0","0","0","0","0","18767907","0","293140","6868229","0","0","0","63515","12033","0","25","0","0","0","0","0","0","0","0","0","0","0","0","0","0","0","0","0","0","0","0","0","0","0","0","0","0","0","0","0","0","0","0","0","0","0","0","0","0","0","0","0","0","0","0","0","0","0","0","0","0","0","0","0","0","0","0","0","0","0","0","0","0","0","0","0","0","0","0","0","0","21177","-2","1380","59476","42","0","-74289","0","24937","0","0","0","1578307","6735","-68"
"Амурская область","9050529","0","0","3158709","25679052","0","-23763","0","0","0","0","1599131","33","0","0","258530","109379","1144533","0","550828","0","1879","4030","40177692","184917","8","0","0","0","0","0","0","287141","39893","3983","762","0","0","586656","0","0","0","0","1707975","891761","369","2160824","0","0","-118","52137","228277","4373013","0","0","0","0","0","0","0","4517","0","0","0","0","0","0","0","0","0","0","0","0","0","0","79400","0","0","5885","0","0","-6173","0","0","0","0","0","0","0","0","0","0","22228","189125","0","0","0","0","0","0","0","0","0","33","0","18","0","0","0","0","0","0","0","0","4087","0","759779","0","0","114578","0","19110","2269","10553538","19725","311513","869944","168","0","317174","183722","0","0","0","48091","3042","0","136764","0","0","0","15759","384","77222","0","0","0","388228","24122","0","0","0","0","0","0","0","20241902","0","102100","0","0","0","0","32366","14006","0","5130","0","0","0","0","0","0","0","0","0","0","0","0","0","0","0","0","0","0","0","0","0","0","0","0","0","0","0","0","0","0","0","0","0","0","0","0","0","0","0","0","0","0","0","0","0","0","0","0","0","0","0","0","0","0","0","0","0","0","0","0","0","0","0","0","0","0","0","0","0","0","21956","0","13019","36643","0","0","0","0","37382","0","0","0","1213495","1587","-66"
"Архангельская область","3518873","0","39554","730712","11903192","0","-8480","0","0","0","0","13920","0","0","0","24513","158208","0","0","359","0","81","0","32572574","110771","0","0","0","0","0","0","0","157877","42765","182596","0","0","0","606832","0","0","0","0","2995919","1222574","562","982550","0","0","0","61303","368602","25167649","0","0","0","0","0","0","0","708","0","0","0","0","0","0","0","0","0","0","0","0","0","0","130661","12353243","0","185","0","0","-764868","0","-5722","0","0","0","0","0","0","0","0","31415","176318","0","0","0","0","0","0","0","0","0","0","0","-3","0","0","0","0","0","0","0","0","0","0","426401","0","0","237633","0","7655","23812","6210071","3849156","291860","1137471","525","0","117512","78977","0","0","0","8257","6841","0","40838","0","0","0","11224","10367","79862","0","0","0","98958","0","0","0","0","0","0","0","0","47295","3333227","0","51129","0","0","0","19142","9362","371827","336","0","0","0","0","0","0","0","0","0","0","0","0","0","0","0","0","0","0","0","0","0","0","0","0","0","0","0","0","0","0","0","0","0","0","0","0","0","0","0","0","0","0","0","0","0","0","0","0","0","0","0","0","0","0","0","0","0","0","0","0","0","0","0","0","0","0","0","0","0","0","3796","0","173","47388","1","0","-100","0","11073","0","0","0","2051078","3167","-23"
"Астраханская область","56559297","0","0","-193202","13312373","0","-80681","0","0","0","0","-37750","0","0","207","7218","859","24589","0","0","0","998","0","22800953","92984","0","0","0","0","0","0","0","179336","28898","14097","14312","0","0","398961","0","0","0","0","587836","460299","396","965272","0","0","0","36537","183478","14380578","0","0","0","0","0","0","0","260","0","0","0","0","0","0","0","3420597","-151752","0","1853455","0","0","0","44941","0","0","309","0","0","0","0","164759","0","0","0","0","0","0","0","0","43078","310240","0","0","0","0","0","0","0","0","0","0","0","0","0","0","0","0","0","0","0","0","7252","0","284228","0","0","22680","0","87397","53590","7004917","2568019","171021","906910","2471","0","130359","127263","0","0","0","146355","32159","0","73326","0","0","0","73474","26781","10133","43985816","14481232","42270086","21490","0","0","0","0","0","0","0","0","75","0","0","64147","0","0","0","527","368","3679","5391","0","0","0","0","0","0","0","0","0","0","0","0","0","0","0","0","0","0","0","0","0","0","0","0","0","0","0","0","0","0","0","0","0","0","0","0","0","0","0","0","0","0","0","0","0","0","0","0","0","0","0","0","0","0","0","0","0","0","0","0","0","0","0","0","0","0","0","0","0","0","46381","20554","0","68946","90","0","0","0","256185","2124","0","0","1403323","1936","0"
"Белгородская область","10583369","0","0","15237053","30403766","0","-117450","53","-118","1","0","6666066","0","0","0","245286","130960","55897","0","12069","13648","48393","14641","51805768","212409","0","0","0","0","0","0","0","450846","165676","421015","208","0","10","709564","0","0","0","0","7846838","2860504","2969","3873835","650","0","4350","-11857","606476","76321881","0","0","0","0","3357542","0","0","23051","0","0","0","0","0","0","0","0","0","604","0","1280","0","0","394784","1374358","0","593","0","0","0","0","0","0","0","109","0","0","0","0","0","0","2646208","0","0","0","0","0","0","0","0","0","843","0","412","0","0","922","0","0","0","0","0","8880","0","931089","0","0","276493","0","237562","209503","8332494","175133","602521","1697921","1820","0","3440443","339737","0","0","0","399949","169209","0","380680","0","0","0","273647","91588","147281","0","0","0","555663","29396927","0","0","0","0","0","0","0","124105","0","0","0","0","0","0","152016","0","0","0","0","0","0","0","0","0","0","0","0","0","0","0","0","0","0","0","0","0","0","0","0","0","0","0","0","0","0","0","0","0","0","0","0","0","0","0","0","0","0","0","0","0","0","0","0","0","0","0","0","0","0","0","0","0","0","0","0","0","0","0","0","0","0","0","0","0","0","0","0","0","29","0","380789","61284","0","0","10","0","35704","-364","0","0","3627164","90929","-3"
"Брянская область","5318418","0","0","868631","12979336","0","-3144","0","0","0","0","2882839","-9528","0","0","5013","269234","35940","0","811","0","11092","0","30032692","159038","0","0","0","0","0","0","0","237155","66822","151324","0","0","0","435874","0","0","0","0","1919804","923888","1593","1144054","0","0","0","63911","395496","47164658","0","0","0","0","0","0","0","40156","0","0","0","0","3912555","0","0","0","0","0","0","0","0","0","351033","3456428","0","482176","0","0","0","0","0","0","0","0","0","0","0","0","0","0","6336044","0","0","0","0","0","0","0","0","0","17","0","743","0","0","5246","0","0","0","0","0","12688","0","838505","0","0","34515","0","115660","184157","3700619","80566","254542","957358","665","0","220842","23883","0","0","0","168114","82595","0","113285","0","0","0","146117","75067","21153","0","0","0","32708","0","0","0","0","0","0","0","0","38311","0","0","0","0","0","0","54105","826","42","0","0","0","0","0","0","0","0","0","0","0","0","0","0","0","0","0","0","0","0","0","0","0","0","0","0","0","0","0","0","0","0","0","0","0","0","0","0","0","0","0","0","0","0","0","0","0","0","0","0","0","0","0","0","0","0","0","0","0","0","0","0","0","0","0","0","0","0","0","0","0","28","2","2501443","33352","0","0","-1099","0","273236","0","0","0","1361478","21475","-433"
"Владимирская область","11681929","0","-3","801548","29131216","0","-5210","0","0","0","0","83929","-8","0","565","3230449","12158","806801","0","27789","0","54372","200","44606035","191769","0","0","0","0","0","0","0","396552","138509","71108","322","0","0","695785","0","0","0","24","4055946","1392619","1196","2488671","0","0","0","103714","585076","71236767","3719","0","0","8340","0","0","0","464882","0","0","0","0","0","0","0","0","0","0","0","0","0","0","685635","0","0","35690","0","0","0","0","0","0","0","0","23261","0","0","0","0","58648","1383145","0","0","0","0","0","0","0","0","0","0","0","0","0","0","0","0","0","0","0","0","20020","0","460936","0","0","53143","0","117781","257840","5006568","408123","301553","1543466","1246","0","557184","51629","0","0","0","225969","414616","0","206381","0","0","0","380340","132949","45804","0","0","0","705831","0","0","0","0","0","0","0","0","17602","0","0","8089","0","0","0","88052","1363","0","0","0","0","0","0","0","0","0","0","0","0","0","0","0","0","0","0","0","0","0","0","0","0","0","0","0","0","0","0","0","0","0","0","0","0","0","0","0","0","0","0","0","0","0","0","0","0","0","0","0","0","0","0","0","0","0","0","0","0","0","0","0","0","0","0","0","0","0","0","0","0","43","0","475455","38943","0","0","-258198","0","123241","0","0","0","3930738","12581","-28"
"Волгоградская область","7676331","1","0","4637572","25430707","0","-49960","0","0","0","0","2778662","0","0","4960","12170","53745","3198","0","1246","0","1872","0","57212192","330329","0","0","0","0","0","0","0","518454","166453","84917","6515","0","0","1197851","0","0","0","1028","4046965","1800987","1318","2199960","0","17510","0","136253","819214","80678353","0","0","0","0","8199","141881","0","544","0","0","0","0","89092912","0","0","26936722","-218441","1051","27052795","50284","0","230","4623943","0","0","615","0","0","0","0","1295925","0","0","0","0","-536572","0","0","0","73753","1773361","0","0","0","29","0","0","0","0","0","0","0","0","0","0","0","0","0","0","0","0","0","0","500723","0","0","18151","0","51609","56124","7290770","1372370","406537","2038175","2863","0","759169","20922","0","0","0","166378","70170","0","263628","0","0","0","323583","107816","30460","96236","209931","25025","68517","0","147127","0","0","0","0","0","0","116573","0","0","88849","0","0","0","36560","1700","-20","1172","0","0","0","0","0","24211","0","0","0","0","0","0","0","0","0","0","0","0","-7","0","0","0","0","0","0","0","0","0","0","0","0","0","0","0","0","0","0","0","0","0","0","0","0","0","0","0","0","0","0","0","0","0","0","0","0","0","0","0","0","0","0","0","0","0","0","0","0","0","0","0","25329","0","2235134","98903","214","0","-8501","0","1109801","0","0","0","2863778","10120","-25644"
"Вологодская область","12745619","0","0","1114476","20855350","-221012","-521815","0","0","0","0","454395","0","0","0","32369","193974","20175","223","157869","0","119495","0","38346301","149262","0","0","0","0","0","0","0","387009","113170","57492","95819","0","0","466409","0","0","0","0","1712641","1471324","1363","3268889","650","0","9450","93831","519957","2518952","-121","0","0","0","10195280","0","0","11461","3322179","0","0","0","0","0","0","0","0","0","0","0","0","0","108523","4388907","0","44","0","0","-204197","0","0","0","0","0","0","0","0","0","0","47199","4560691","0","0","0","11","0","0","0","0","0","0","0","0","0","0","5148","0","0","0","0","0","9558","0","1325186","0","0","198063","0","30497","18643","5703255","9135526","370926","1368762","0","0","414324","53084","0","0","0","31310","3844","0","89258","0","0","0","30155","2414","91590","0","0","0","83921","0","0","0","0","0","0","0","0","361","0","0","95557","0","0","0","20352","8833","0","493","0","0","0","0","0","0","0","0","0","0","0","0","0","0","0","0","0","0","0","0","0","0","0","0","0","0","0","0","0","0","0","0","0","0","0","0","0","0","0","0","0","0","0","0","0","0","0","0","0","0","0","0","0","0","0","0","0","0","0","0","0","0","0","0","0","0","0","0","0","0","42","0","1346545","46513","67","0","-75812","0","118087","0","0","0","2051868","2742","-605"
"Воронежская область","12957741","0","0","9328298","37903600","0","-50491","0","0","0","26","220352","0","4785","9970","188884","64968","190828","13170","33096","0","26321","0","74668536","399609","0","0","0","0","0","0","0","724862","191112","79571","28035","0","8","1447981","0","0","0","-650","4545389","3316034","3183","3635990","0","5104","0","212210","915788","104313583","918632","0","0","0","0","0","0","420024","943768","0","0","0","0","0","0","0","0","0","38464","0","0","0","5119524","251677","0","18636","0","0","0","0","0","0","0","0","0","0","0","0","0","29843","3416733","0","0","0","0","0","0","0","0","0","0","0","821","0","0","518","0","0","0","0","0","21421","0","1263268","0","0","0","0","320186","332006","11778504","829340","720764","3245423","1988","0","1291080","0","0","0","0","854190","502668","0","348669","0","0","0","811228","231973","0","0","0","0","299892","0","0","0","0","0","0","0","0","82860","0","0","0","0","0","0","124913","702","0","0","0","0","0","0","0","0","0","0","0","0","0","0","0","0","0","0","0","0","0","0","0","0","0","0","0","0","0","0","0","0","0","0","0","0","0","0","0","0","0","0","0","0","0","0","0","0","0","0","0","0","0","0","0","0","0","0","0","0","0","0","0","0","0","0","0","0","0","0","0","0","702","0","127163","84000","5","0","6432","0","113604","0","0","0","5000234","3515","-6999"
"Ивановская область","4497105","0","0","230751","11728969","0","-3080","0","0","0","0","0","0","0","0","145267","12736","16588","0","7987","0","0","0","21563725","158077","0","0","0","0","0","0","0","125617","48020","40035","264","0","0","464957","0","0","0","0","1278985","1058277","470","816952","650","60","4350","53631","348563","31964928","-1040","0","0","0","0","0","0","641","0","0","0","0","0","0","0","0","2333","0","0","2","0","0","1756821","1056852","0","0","0","0","0","0","386","0","0","0","0","0","0","0","0","2374","1351931","0","0","0","0","0","0","0","0","0","0","0","10","0","0","0","0","0","0","0","0","0","0","374421","0","0","0","0","35002","63507","1994890","426096","122301","763498","854","0","454294","0","0","0","0","73470","57765","0","138787","0","0","0","102010","26134","0","0","0","0","44398","0","0","0","0","0","0","0","0","26","0","0","0","0","0","0","28194","2684","0","40","0","0","0","0","0","0","0","0","0","0","0","0","0","0","0","0","0","0","0","0","0","0","0","0","0","0","0","0","0","0","0","0","0","0","0","0","0","0","0","0","0","0","0","0","0","0","0","0","0","0","0","0","0","0","0","0","0","0","0","0","0","0","0","0","0","0","0","0","0","0","162","0","150403","43715","0","0","0","0","58290","0","0","0","1596382","1701","0"
"Иркутская область","22416221","0","0","4550912","64817241","0","-18497","-2","0","0","0","6143626","1053","0","0","32411","328625","1234622","1284","3109","0","10116","2780","82115634","316751","0","0","0","0","0","0","0","641606","224603","407630","12040","0","0","1260691","0","0","0","0","3908948","2533522","2854","5754772","650","0","4350","186817","882335","91000048","15930","-53","0","0","0","0","0","121373","0","0","0","0","98064","0","0","12909149","57211","0","16907866","126761","0","0","3803513","0","0","3254","0","0","-618353","0","2578038","0","0","0","0","0","0","0","0","34506","576642","0","0","0","0","0","0","0","0","0","0","0","356","0","0","6","0","0","0","0","0","46395","0","847729","0","0","15966","209","189264","188305","18876709","374767","812702","2039263","0","0","1154285","25617","0","0","6224","269483","200489","0","366062","0","0","497","240639","103556","11399","290263145","626239","4060883","497947","1316597","0","0","0","0","0","0","0","20270518","0","225313","200782","0","0","0","160285","32835","16","335","6757524","352393","0","0","0","11115315","0","0","0","0","0","0","0","0","0","0","0","0","0","0","0","0","0","0","0","0","0","0","0","0","0","0","0","0","0","0","0","0","0","0","0","0","0","0","0","0","0","0","0","0","0","0","0","0","0","0","0","0","0","0","0","0","0","0","0","0","0","0","0","0","353931","-3","33","197331","3439","0","-49527","0","439145","0","0","0","4979717","37287","-1211"
"Калининградская область","8369037","0","0","373375","22747919","0","-9929","5784650","731308","0","-559","1117","548","0","0","372787","2777080","1219994","320793","2996074","3352","74305","0","39058361","158889","0","0","0","0","0","0","0","579776","163858","260303","253040","0","0","1122719","0","0","0","0","8483761","1990966","2389","2322922","332","2","0","130904","760797","83225741","-20686","83673","0","0","0","0","0","3044","0","0","0","0","10756580","0","0","0","0","1267946","0","0","0","0","242085","-16176","0","3320","0","0","0","0","-42705","0","0","0","0","0","0","0","0","162283","3073560","0","0","0","0","0","0","0","0","0","0","0","2284","28024","0","2504","0","0","8360","0","0","0","0","1209551","0","0","413879","0","0","0","6254728","1299316","421229","1385068","308196","0","607722","311760","0","0","0","0","0","0","165205","0","0","0","0","0","271071","4156892","0","0","206446","0","0","0","0","0","0","0","0","659","0","0","1900384","0","0","0","45932","1073","46817","337","0","0","0","0","0","1290022","0","0","0","0","0","0","0","0","0","0","0","0","0","0","0","0","0","0","0","0","0","0","0","0","0","0","0","0","0","0","0","0","0","0","0","0","0","0","0","0","0","0","0","0","0","0","0","0","0","0","0","0","0","0","0","0","0","0","0","0","0","0","0","0","3800","218","14187503","122368","0","0","-78265","0","137968","0","0","0","4289960","5244","-318"
"Калужская область","9473818","0","0","421573","28133882","0","-4830","0","1504","0","0","113105","0","0","253","1232826","90913","123336","0","102277","0","243177","0","41055907","156168","0","0","0","0","0","0","0","487312","141461","272803","28588","0","7","615190","0","0","0","650","1968534","1171454","2554","2772124","650","2173","4350","104717","479550","84612390","0","0","0","0","0","545622","0","870","0","0","0","0","15947129","0","0","0","0","3033863","0","267508","0","0","11239395","5220159","0","918","0","0","-96157","0","64775","0","0","0","0","-1406351","0","0","0","0","3259161","14","0","0","0","0","47","0","0","0","0","0","0","0","0","0","0","0","0","0","0","90375","0","484429","0","0","0","0","142270","194647","4818611","207575","262775","1205991","0","0","250198","0","0","0","0","251646","106997","0","109151","0","0","0","314771","93490","0","0","0","0","227639","0","0","0","0","0","0","0","0","118963","0","0","-305","0","0","0","54986","1905","0","0","0","0","0","0","0","0","0","0","0","0","0","0","0","0","0","0","0","0","0","0","0","0","0","0","0","0","0","0","0","0","0","0","0","0","0","0","0","0","0","0","0","0","0","0","0","0","0","0","0","0","0","0","0","0","0","0","0","0","0","0","0","0","0","0","0","0","0","0","0","0","278","0","62008429","67457","15","0","-983","0","44893","0","0","0","2180309","3087","-279"
"Камчатский край","6560438","0","0","336302","14363161","0","-6031","0","0","0","12","0","0","0","0","2896","14763","0","0","1740","0","0","0","19790941","82343","0","0","0","0","0","0","0","163932","21571","83190","453","0","0","335734","0","0","0","0","1947726","898313","157","1254136","0","0","0","47454","159114","3030349","0","0","0","0","0","0","0","10646","0","0","0","0","0","0","0","0","0","0","0","0","0","0","262442","0","0","0","0","0","-75991","0","-657123","0","0","0","0","0","0","0","0","27865","21421","0","0","0","0","0","0","0","0","0","622","0","0","0","0","0","0","0","0","0","0","6504","0","455328","0","0","12324","3420","33152","81150","3577058","222702","152025","620157","0","0","103007","7389","0","0","13021","32381","18926","0","35866","0","0","8113","14330","19097","1765","0","0","0","49076","0","0","0","0","0","0","0","0","5348732","0","473","0","0","0","0","41912","4495","5246018","718142","0","0","0","0","0","0","0","0","0","0","0","0","0","0","0","0","0","0","0","0","0","0","0","0","0","0","0","0","0","0","0","0","0","0","0","0","0","0","0","0","0","0","0","0","0","0","0","0","0","0","0","0","0","0","0","0","0","0","0","0","0","0","0","0","0","0","0","0","0","0","9722","0","0","23128","-19","0","61","0","1107","0","0","0","796862","50","0"
"Кемеровская область - Кузбасс","8901609","-12","0","638557","28444022","0","-2962","0","973","0","815","4","0","0","338","13939","1356670","22550","0","24552","3772","25377","0","81126663","184606","0","0","0","0","0","0","0","758363","223741","478674","101055","0","0","1161764","0","0","0","229","7595267","2437193","1053","3116473","650","0","4350","217927","855907","23450856","6540","0","0","0","4282039","110229","0","1484","1881361","2","0","0","3","0","0","7162843","0","0","0","0","0","0","1429279","4308194","0","3509","0","-548054","-832","0","-79427","0","0","0","0","-24130809","0","0","0","46576","2670873","0","0","0","0","0","0","0","0","0","1718","0","2842","0","0","0","0","0","0","0","0","44443","0","968626","0","0","221592","0","175","9241","14251216","135477","757095","2045629","1260","0","2299625","2017571","0","0","0","407","116781","0","188650","0","0","0","115","8307","185093","0","0","0","255160","370054","0","0","5496934","0","0","0","0","836452","0","1717240","1011494","0","0","0","76666","3920","0","69","0","0","0","0","0","0","0","0","0","0","0","0","0","0","0","0","0","0","0","0","0","0","0","0","0","0","0","0","0","0","0","0","0","0","0","0","0","0","0","0","0","0","0","0","0","0","0","0","0","0","0","0","0","0","0","0","0","0","0","0","0","0","0","0","0","0","0","0","0","0","6440","0","811","96135","133","0","-461912","0","782043","0","0","0","7695891","41252","-301"
"Кировская область","4911829","0","0","477212","15139307","0","-3319","0","5","0","0","0","0","-3","0","30922","13999","0","0","41709","0","225025","0","32222994","185781","0","0","0","0","0","0","0","166682","34339","17131","258","0","14","462032","0","0","0","0","1587708","839643","167","1114536","0","0","0","63405","447335","43041320","9875","1829260","12003","7046","0","52121","0","146160","1886821","-523","0","0","0","0","0","0","0","0","0","2325","0","0","809219","1019976","0","1317","0","0","-68","0","0","0","0","0","0","0","0","0","0","14484","395865","0","0","0","0","0","0","0","0","0","0","0","0","0","0","0","0","0","0","0","0","9669","0","897308","0","0","32024","0","34460","100458","3327237","475595","284383","1282923","1260","0","246578","18479","0","0","0","41080","23616","0","82072","0","0","0","56232","17009","14588","0","0","0","81614","0","0","0","0","0","0","0","0","436","0","0","0","0","0","0","23601","10922","2","10","0","0","0","0","0","0","0","0","0","0","0","0","0","0","0","0","0","0","0","0","0","0","0","0","0","0","0","0","0","0","0","0","0","0","0","0","0","0","0","0","0","0","0","0","0","0","0","0","0","0","0","0","0","0","0","0","0","0","0","0","0","0","0","0","0","0","0","0","0","0","1387","0","50238","47795","488","0","-30397","0","621531","0","0","0","1440148","8074","-191"
"Костромская область","2092994","0","0","736552","9006908","0","-1060","0","0","0","0","251121","0","0","268","960223","187083","532814","375769","1137022","14618","9565230","5460","17653325","171156","0","0","0","0","0","0","0","141877","80902","265495","1323451","0","0","237715","0","0","0","0","2154654","484332","-250","1851386","0","0","0","33792","260747","27936832","0","0","0","0","0","0","0","2315","0","0","0","0","3536","0","0","0","0","0","0","0","0","0","77358","253522","0","0","0","0","-2925","0","0","0","0","0","0","0","0","0","0","24806","847931","0","0","0","138","0","0","0","0","0","0","0","2","50750","0","1307","0","0","0","0","0","7645","0","475626","0","0","21324","0","37700","28817","1750278","145250","173204","727197","336","0","192382","11638","0","0","0","51631","7135","0","99601","0","0","0","54566","6664","13262","0","0","0","41136","0","0","0","0","0","0","0","0","136","0","0","0","0","0","0","30218","4320","1","30","0","0","0","0","0","0","0","0","0","0","0","0","0","0","0","0","0","0","0","0","0","0","0","0","0","0","0","0","0","0","0","0","0","0","0","0","0","0","0","0","0","0","0","0","0","0","0","0","0","0","0","0","0","0","0","0","0","0","0","0","0","0","0","0","0","0","0","0","0","0","87","0","9312","35882","0","0","0","0","10048","0","0","0","633236","845","-49"
"Курганская область","6267236","0","0","1074700","14836403","0","-6006","0","105","0","0","249799","2","232","493","5277","338935","172348","0","0","0","0","0","20603072","80119","0","0","0","0","0","0","0","153543","106206","133094","2095","0","0","312536","0","0","0","0","851321","415671","131","996159","0","0","0","48504","173741","41038949","0","0","0","0","0","0","0","553","0","0","0","0","0","0","0","0","0","0","0","0","0","0","479518","0","0","0","0","0","0","0","1624","0","0","0","0","0","0","0","0","0","396409","0","0","0","0","0","0","0","0","0","0","0","0","0","0","703","0","0","0","0","0","7042","0","337682","0","0","115490","0","0","0","2897383","235480","137787","644233","504","0","180370","76045","0","0","0","0","0","0","33460","0","0","0","0","0","131187","0","0","0","31018","0","0","0","0","0","0","0","0","178316","0","0","23","0","0","0","13554","14642","1","2006","0","0","0","0","0","0","0","0","0","0","0","0","0","0","0","0","0","0","0","0","0","0","0","0","0","0","0","0","0","0","0","0","0","0","0","0","0","0","0","0","0","0","0","0","0","0","0","0","0","0","0","0","0","0","0","0","0","0","0","0","0","0","0","0","0","0","0","0","0","0","897","0","1358342","31825","16","0","-143","0","118358","0","0","0","1273207","3151","-6"
"Курская область","4361607","0","0","6784114","13169459","0","-28380","0","101","0","0","134160","0","0","0","203628","304165","3727","0","105","0","946","0","34999559","191377","0","0","0","0","0","0","0","206609","81413","161129","0","0","0","463187","0","0","0","0","2569527","897600","-123","1101383","650","0","4350","49920","312483","25698540","146754","0","0","1144","0","0","0","28487","0","7864","0","0","151483","0","0","0","0","0","0","0","0","0","505590","0","0","64596","0","0","0","0","0","0","0","0","0","0","0","0","0","0","1291765","0","0","0","0","0","0","0","0","0","0","0","412","0","0","0","0","0","0","0","0","0","0","993766","0","0","0","0","99077","70766","4894691","300755","304693","1185236","1512","0","626200","0","0","0","0","486590","45184","0","103924","0","0","0","220968","17484","0","0","0","0","33832","13025824","0","0","0","0","0","0","0","48631","0","0","1508701","0","0","0","69549","-1","0","0","0","0","0","0","0","0","0","0","0","0","0","0","0","0","0","0","0","0","0","0","0","0","0","0","0","0","0","0","0","0","0","0","0","0","0","0","0","0","0","0","0","0","0","0","0","0","0","0","0","0","0","0","0","0","0","0","0","0","0","0","0","0","0","0","0","0","0","0","0","0","1","0","147951","48930","-10","0","0","0","239650","0","0","0","1269689","6262","-184"
"Ленинградская область","35683735","0","0","19422834","85480731","0","-72734","90","303","0","0","3937432","89","0","712","7050557","2834594","1839284","3","1928","24","13526","70899","86554282","355692","0","0","0","0","0","0","0","1159646","262883","314394","19434","0","0","2091353","0","0","0","985","11014830","2176140","2712","4860829","93","2802","0","222677","941369","13363731","24184","-16050","0","0","0","0","0","41414","1171538","16438","-10990","0","243366087","0","0","24216211","0","0","20173788","459","535933","59162","305290","189250","0","43524","1085","0","-461","0","1843154","0","0","0","53176281","-40467352","0","0","0","94565","3964680","0","0","0","2285","2594","0","0","0","0","656","0","521","57409","0","39443","0","0","0","68","0","27701","0","35241","0","0","127169","0","315373","1105345","21598012","10310692","484513","3111986","108815","0","68297","253747","0","0","0","1109395","3134159","0","13562","0","0","0","924988","968366","171265","0","0","0","974588","0","0","0","0","0","0","0","0","32063","0","0","137995","0","0","0","54904","54","2342","549","0","0","0","0","0","0","0","0","0","0","0","0","0","0","0","0","0","0","0","0","0","0","0","0","0","0","0","0","0","0","0","0","0","0","0","0","0","0","0","0","0","0","0","0","0","0","0","0","0","0","0","0","0","0","0","0","0","0","0","0","0","0","0","0","0","0","0","0","0","0","488","3","667356","116840","0","0","-4368","0","2619074","0","0","0","3671093","53292","-16"
"Липецкая область","8043069","0","0","-1440195","21446831","-64423","-241513","0","3","0","0","-339238","0","0","1092","457395","158898","145860","0","5386","0","1657","0","37314254","125880","0","0","0","0","0","0","0","377080","120738","141881","3642","0","0","481424","0","0","0","0","2872541","1271546","781","3518471","0","0","0","67484","376581","1231739","0","0","0","45","12589263","1758","0","65967","0","0","0","0","2619645","0","0","0","0","717142","0","934","0","0","3074770","230686","0","4153","0","0","0","0","0","0","0","0","25816","0","0","0","0","26141","1975359","0","0","0","9605","0","0","0","0","0","0","0","10","0","0","803","0","0","0","0","0","10520","0","796162","0","0","61661","0","113919","120642","5745373","418384","404665","1178291","80205","0","979073","116981","0","0","0","235049","83230","0","139878","0","0","0","175887","31989","118184","0","0","0","24096","0","0","0","0","0","0","0","0","66208","0","0","1055426","0","0","0","166144","241","0","0","0","0","0","0","0","0","0","0","0","0","0","0","0","0","0","0","0","0","0","0","0","0","0","0","0","0","0","0","0","0","0","0","0","0","0","0","0","0","0","0","0","0","0","0","0","0","0","0","0","0","0","0","0","0","0","0","0","0","0","0","0","0","0","0","0","0","0","0","0","0","90","11","3534563","64194","0","0","536","0","25971","0","0","0","3062080","2854","-9"
"Магаданская область","6773987","0","0","-1428","32265860","0","-2","0","0","0","0","0","0","0","0","11838","114256","17647","0","0","0","0","0","12188933","24712","0","0","0","0","0","0","0","121930","46573","12112","1877","0","0","118389","0","0","0","0","1364374","491903","140","986536","0","0","0","34912","87633","-22508495","0","0","0","0","0","0","0","155","0","0","0","0","0","0","0","0","0","0","0","0","0","0","4889","0","0","0","0","0","-18244","0","-16196","0","0","0","0","0","0","0","0","62","189407","0","0","0","0","0","0","0","0","0","0","0","4","0","0","0","0","0","0","0","0","10949","0","49209","0","0","9522","0","0","0","4327693","0","169582","169786","0","0","28412","7135","0","0","0","0","0","0","12326","0","0","0","0","0","1602","0","0","0","65034","0","0","0","0","0","0","0","0","41519099","0","7814","0","0","0","0","6980","2281","493269","50775","0","0","0","0","0","0","0","0","0","0","0","0","0","0","0","0","0","0","0","0","0","0","0","0","0","0","0","0","0","0","0","0","0","0","0","0","0","0","0","0","0","1","0","0","0","0","0","0","0","0","0","0","0","0","0","0","0","0","0","0","0","0","0","0","0","0","0","0","0","0","51960","16","0","27232","2","0","90","0","1973","0","0","0","719012","5535","0"
"Московская область","176622237","0","148","4999021","382832891","0","-41218","101","2442","0","25","243462","426","-1","18549","7075554","22204988","6227327","342","202503","33078","378452","58955","452503198","1538915","0","0","0","0","0","0","0","10913891","3101863","3926265","1562348","0","0","17444935","0","0","0","6020","52037887","26622910","26215","43317914","26010","48564","174000","2142406","6576310","961422642","14286","-8033","0","8022","0","0","0","6097681","0","97849","0","0","1323275","0","37817","0","43143","1590554","131788","575328","26486","33208","19043291","53410508","3765","1491452","1692121","-157870","-225277","0","10175638","0","0","19230","0","-19474713","0","0","0","0","102409257","58","0","0","10041","0","0","0","0","0","742","0","18665","632403","0","147479","1238","3552","0","0","0","1054142","0","11505910","0","0","2661657","0","0","0","63524088","1024680","2880548","15583889","356528","0","23749479","5515202","0","0","0","0","0","0","10197813","0","0","0","0","0","3474681","415442","0","0","1601450","0","0","0","0","0","0","0","0","132376","0","0","0","0","0","0","676147","2319","81","63","0","0","0","0","0","0","0","0","0","0","0","0","0","0","0","0","0","0","0","0","-5","0","0","0","0","0","0","0","0","0","0","0","0","0","0","0","0","0","0","0","0","0","0","0","1","0","0","0","0","0","0","0","0","0","0","0","0","0","0","0","0","0","0","0","0","0","0","0","0","0","938","-4","13770333","577395","20","0","-2137738","0","3873154","0","0","0","46490892","518081","-5601"
"Мурманская область","3347466","0","0","3632666","21243945","0","-88748","0","0","0","0","228420","0","0","0","68049","179298","26","0","0","0","0","0","38847582","92015","0","0","0","0","0","0","0","203340","88006","255073","255","0","0","471634","0","0","0","55","2326591","1216094","1119","1396685","0","2281","0","66282","327718","-61253161","0","0","0","0","0","0","0","589","0","0","0","0","0","0","0","0","0","0","0","0","0","0","50114","0","0","0","0","0","0","0","-203255","0","0","1229","0","0","0","0","0","48861","389674","0","0","0","0","0","0","0","0","0","0","0","0","0","0","0","0","0","0","0","0","14052","0","457989","0","0","163625","0","3046","57788","5652373","0","230018","819565","1092","0","147487","344867","0","0","0","7894","43664","0","15147","0","0","0","2250","15084","13658","0","0","0","67085","1604225","0","0","0","10197383","1851832","600975","311494","456","0","0","2724439","0","0","0","14525","3893","2232727","842","0","0","0","0","0","0","0","0","0","0","0","0","0","0","0","0","0","0","0","0","0","0","0","0","0","0","0","0","0","0","0","0","0","0","0","0","0","0","0","0","0","0","0","0","0","0","0","0","0","0","0","0","0","0","0","0","0","0","0","0","0","0","0","0","0","0","0","0","0","0","551","2665","242","59460","0","0","-170","0","4729","0","0","0","823833","41397","-74"
"Нижегородская область","32609875","0","83","8643331","75209990","0","-62765","0","18","0","-229","7657385","256","8","5421","883487","273654","2532201","11","35899","4664","200521","-44548","137193607","524339","0","0","0","0","0","0","0","2115879","616233","480996","41283","0","0","2478218","0","0","0","1597","7739647","5059012","2748","8544742","2600","11215","13050","460314","1874052","256442243","516115","-4389","2486","10","0","501735","0","98672","0","0","0","0","1029355","0","0","78805924","-276636","17085","47854509","26088","0","0","8617227","2907465","0","175340","0","-85","0","0","468829","0","0","0","0","0","0","0","0","19837","8017487","0","0","0","1744","0","0","0","0","0","1559","0","2538","22732","0","0","0","0","0","0","0","0","0","2605536","0","0","763090","0","0","0","13376976","1672156","984749","4295883","111406","0","2205614","596821","0","0","0","0","0","0","600240","0","0","0","0","0","732321","0","0","0","235031","0","0","0","0","0","0","0","0","-217","0","0","29916","0","0","0","115354","5599","0","90","0","0","0","0","0","0","0","0","0","0","0","0","0","0","0","0","0","0","0","0","0","0","0","0","0","0","0","0","0","0","0","0","0","0","0","0","0","0","0","0","0","0","0","0","0","0","0","0","0","0","0","0","0","0","0","0","0","0","0","0","0","0","0","0","0","0","0","0","0","0","398","0","73012332","92378","233","0","-27562","0","31793","0","0","0","7120646","10715","-98"
"Новгородская область","6684013","0","0","906004","17404325","0","-6072","0","0","0","0","40301","0","0","0","469880","244751","225","0","37370","0","0","0","19419177","68330","0","0","0","0","0","0","0","219776","89184","72369","296","0","0","313594","0","0","0","0","1164031","507957","59","661736","0","0","0","38660","217129","13610307","1482053","0","0","0","0","0","0","56336","3763692","12617","0","0","0","0","0","0","0","0","0","0","0","0","54928","40783","0","1658","0","0","0","0","0","0","0","0","0","0","0","0","0","50931","847329","0","0","0","0","0","0","0","0","0","23","0","75","0","0","0","0","0","0","0","0","88","0","189096","0","0","45449","0","58065","102586","3252296","492651","182800","629978","336","0","172404","38388","0","0","0","81494","74735","0","39662","0","0","0","110644","59315","56313","0","0","0","50211","0","0","0","0","0","0","0","0","41630","0","0","0","0","0","0","14620","5743","-94","425","0","0","0","0","0","0","0","0","0","0","0","0","0","0","0","0","0","0","0","0","0","0","0","0","0","0","0","0","0","0","0","0","0","0","0","0","0","0","0","0","0","0","0","0","0","0","0","0","0","0","0","0","0","0","0","0","0","0","0","0","0","0","0","0","0","0","0","0","0","0","583","0","791045","57012","5301","0","408","0","52745","0","0","0","6138543","2244","-18"
"Новосибирская область","31203811","26","1168","1078189","77075682","0","-6821","2326","492","0","29","0","-884","0","6395","331091","567375","3351193","6198","323010","0","501303","0","104506457","426204","-99","0","0","0","0","0","0","1168553","244862","273941","905281","0","2","2282381","0","0","0","680","11132409","4311446","15361","6703523","2600","738","17400","420661","2374572","154775511","549401","-3056","0","1066","0","0","0","168314","0","0","0","0","5248","0","0","0","72031","125","2063379","0","0","0","17568739","2891049","0","121386","1228","0","-5429252","0","0","0","0","0","0","-3462488","0","0","0","103623","10620188","0","0","0","127","0","0","0","0","0","313","4","2514","0","0","31218","0","0","0","0","0","51529","0","2099744","0","0","24176","0","144553","91782","15344792","226749","842547","3184548","2730","0","1951652","43119","0","0","0","504161","126628","0","279359","0","0","0","272078","48821","21295","0","0","0","458722","0","0","0","0","0","0","0","0","176215","0","1166648","0","0","0","0","43726","3531","462","4045","0","0","0","0","0","0","0","0","0","0","0","0","0","0","0","0","0","0","0","0","0","0","0","0","0","0","0","0","0","0","0","0","0","0","0","0","0","0","0","0","0","0","0","0","0","0","0","0","0","0","0","0","0","0","0","0","0","0","0","0","0","0","0","0","0","0","0","0","0","0","3005","19","309330","125463","102","0","-21345","0","370911","0","0","0","9827496","191578","-79"
"Омская область","7435422","0","0","1091304","24130696","-4","-2310","0","0","0","0","2269745","1122","0","10411","41109","115691","18417","2","16759","-11","8466","0","49841924","140498","0","0","0","0","0","0","0","442725","158943","46580","36400","0","0","932331","0","0","0","-624","2780994","1501889","2407","2536535","1300","0","4576","135986","663969","104989953","0","0","0","0","0","0","0","1071","0","0","0","0","214525","0","0","83818315","42878","7","79176980","543820","0","1230","11015246","12021441","0","16708","0","-662249","-22080","0","2539880","0","0","0","0","0","0","0","0","54496","1639474","0","0","0","4165","0","0","0","0","0","0","0","1435","2221","0","490","0","0","0","0","0","21791","0","834186","0","0","0","0","62342","42783","8064032","93253","310203","1616083","1687","0","1034070","0","0","0","0","153039","24804","0","239614","0","0","0","314122","19832","0","46536","3114","402","30998","0","0","0","0","0","0","0","0","443","0","0","0","0","0","0","9513","4641","0","1079","0","0","0","0","0","0","0","0","0","0","0","0","0","0","0","0","0","0","0","0","0","0","0","0","0","4110","0","0","0","0","0","0","0","0","0","0","0","0","0","0","0","0","0","0","0","0","0","0","0","0","0","0","0","0","0","0","0","0","0","0","0","0","0","0","0","0","0","0","0","0","653","0","121","86094","15","0","21166","0","310815","0","0","0","2662342","9795","-462"
"Оренбургская область","9287524","0","0","967869","23225516","0","-80361","0","0","0","-118","580151","0","0","4485","23369","22441","18823","11","57602","0","3867948","0","48924980","221790","0","0","0","0","0","0","0","426913","168547","194394","61150","0","0","880477","0","0","0","23","2122414","1472127","975","1790665","650","0","4350","92006","441035","134836514","180574","0","0","0","1226863","0","0","23390","0","0","0","0","0","0","0","2756854","101967","0","10379096","13","0","0","711529","334030","0","23885","0","0","-555831","0","0","0","0","0","0","0","0","0","0","0","5607433","0","0","0","2","0","0","0","0","0","0","0","687","12","0","35","0","171309","0","0","0","14910","0","616022","0","0","33913","0","108175","0","12279404","2120679","450736","1138551","2177","0","765212","111634","0","0","0","346550","0","0","205129","0","0","0","406154","0","71614","320090772","16361548","1509934","218716","0","0","0","0","0","0","0","0","80313","0","0","7679979","0","0","0","144424","1299","0","174","0","0","0","18816124","0","64099515","0","0","0","0","0","0","0","0","0","0","0","0","0","0","0","0","0","0","0","0","0","0","0","0","0","0","0","0","0","0","0","0","0","0","0","0","0","0","0","0","0","0","0","0","0","0","0","0","0","0","0","0","0","0","0","0","0","0","0","0","0","0","0","0","41465","1","0","75180","689","0","54206","0","613441","0","0","0","2018002","430834","-285"
"Орловская область","2292108","0","0","472100","7669015","0","-18480","0","-1","0","0","91754","0","0","0","23872","13576","0","0","1576","0","117","0","19066710","116179","0","0","0","0","0","0","0","167564","35948","5548","2254","0","0","280248","0","0","0","650","790706","486459","747","560084","0","1909","0","34971","226266","17578442","-51844","0","0","166860","0","0","0","1715","0","0","0","0","0","0","0","0","2028","0","0","0","0","0","40947","282311","0","13411","0","0","0","0","0","0","0","0","0","0","0","0","0","11375","1881099","0","0","0","0","0","0","0","0","0","0","0","0","0","0","18845","0","0","0","0","0","4914","0","365248","0","0","55021","0","40012","43503","2236818","135788","165991","946349","896","0","252453","73719","0","0","0","168971","15216","0","93160","0","0","0","108932","16056","69146","0","0","0","44213","0","0","0","0","0","0","0","0","1346","0","0","0","0","0","0","36594","747","0","0","0","0","0","0","0","0","0","0","0","0","0","0","0","0","0","0","0","0","0","0","0","0","0","0","0","0","0","0","0","0","0","0","0","0","0","0","0","0","0","0","0","0","0","0","0","0","0","0","0","0","0","0","0","0","0","0","0","0","0","0","0","0","0","0","0","0","0","0","0","0","165","0","1043","36972","0","0","-4061","0","139410","0","0","0","978326","6160","-2014"
"Пензенская область","5092019","0","0","739398","13358722","0","-4620","0","2349","0","0","82357","333","0","0","22668","669425","5578","0","9254","0","7499","0","31421225","212167","0","0","0","0","0","0","0","215887","47619","33784","814","0","0","606608","0","0","0","0","1481646","1027747","1262","1397335","0","0","0","70287","410949","54804742","108214","0","0","0","0","0","0","739111","0","0","0","0","113806","0","0","0","0","0","0","0","216334","0","3327708","5278049","0","66443","192593","0","0","0","0","0","0","0","0","0","0","0","0","27860","741186","0","0","0","0","0","0","0","0","0","0","0","0","0","0","0","0","0","0","0","0","0","0","996400","0","0","0","0","153659","110864","4908151","940502","298452","1522744","1680","0","537301","0","0","0","0","412636","78375","0","224433","0","0","0","211807","56972","0","0","0","0","53276","0","0","0","0","0","0","0","0","40921","0","0","10071","0","0","0","34792","3025","0","0","0","0","0","0","0","0","0","0","0","0","0","0","0","0","0","0","0","0","0","0","0","0","0","0","0","0","0","0","0","0","0","0","0","0","0","0","0","0","0","0","0","0","0","0","0","0","0","0","0","0","0","0","0","0","0","0","0","0","0","0","0","0","0","0","0","0","0","0","0","0","858","0","513788","76167","602","0","-10","0","659753","0","0","0","1698389","3896","-1192"
"Пермский край","26212423","0","0","6826314","66348507","0","-49205","0","24820","0","0","2226852","2044","0","14462","2627174","504691","74816","64","61902","21","205717","-429","83536193","385466","0","0","0","0","0","0","0","841954","201203","104627","198676","0","0","1671812","0","0","0","673","6545336","2974027","2615","4220545","1966","2318","13050","284556","1304884","233317517","17804","-27143","0","91","0","0","0","9840","2866728","0","0","0","49923","0","0","30066913","287877","0","37899537","725360","0","0","92709","4887886","0","739","0","-476423","0","0","0","0","0","0","0","0","0","0","0","46608","4661170","0","0","0","0","0","0","0","0","0","969","0","2","23805","0","562","0","571","0","0","0","0","0","1944307","0","0","809640","0","0","0","14273256","3439901","792615","2797852","3199","0","2254772","660243","0","0","0","0","0","0","386672","0","0","0","0","0","486229","556625246","623850","0","335606","0","7443583","0","0","0","0","0","0","269823","0","0","252679","0","0","0","142184","12759","0","315","724764","0","21111800","378687","0","108303926","0","0","0","0","0","0","0","0","0","0","0","0","0","0","0","0","0","0","0","0","0","0","0","0","0","0","-40","0","0","0","0","0","0","0","0","0","0","0","0","0","0","0","0","0","0","0","0","0","0","0","0","0","0","0","0","0","0","0","0","0","0","0","0","0","21628","0","89004","66834","2132","0","7801","0","487644","0","0","0","4549054","33512","-3475"
"Псковская область","2114009","0","0","366212","6482802","0","-1727","0","0","0","0","37850","0","0","0","29180","2127","1869","0","66","0","0","0","17967139","69946","0","0","0","0","0","0","0","71706","25301","1519","0","0","1518","245886","0","0","0","64","653070","355474","105","285820","0","0","0","26382","169872","12525247","1931","0","0","0","0","0","0","3140","0","0","0","0","0","0","0","0","0","0","0","0","0","0","30455","0","0","6130","0","0","0","0","0","0","0","0","0","0","0","0","0","0","1063275","0","0","0","0","0","0","0","0","0","0","0","10","3844","0","10685","0","0","0","0","0","6297","0","165813","0","0","28010","77","23404","16952","1692311","156296","177230","742988","364","0","106610","43994","0","0","21","51615","17226","0","52285","0","0","248","110441","18788","83829","0","0","0","52066","0","0","0","0","0","0","0","0","1022","0","0","0","0","0","0","31912","3438","28","2516","0","0","0","0","0","0","0","0","0","0","0","0","0","0","0","0","0","0","0","0","0","0","0","0","0","0","0","0","0","0","0","0","0","0","0","0","0","0","0","0","0","0","0","0","0","0","0","0","0","0","0","0","0","0","0","0","0","0","0","0","0","0","0","0","0","0","0","0","0","0","9","0","177650","15761","0","0","-6888","0","31168","0","0","0","577612","1423","0"
"Ростовская область","20796727","0","0","6489835","62051387","0","-45997","6","1957","0","0","3","183","0","111","1007136","312356","94027","27","7140","3","5962","11999","121877530","911228","0","0","0","0","0","0","0","1573786","621833","346390","165394","0","0","2907668","0","0","0","4964","10255204","5568250","15692","8248804","1300","197","8698","361996","1919801","112302022","-8358","0","0","0","146","177104","0","176902","0","0","5","2146","63747502","0","0","270","23","21","108","0","1563","24909","9036839","0","332","1350","0","0","-709485","0","-244201","0","0","0","0","-28970364","0","0","0","126384","6325404","0","0","0","0","0","0","0","0","0","0","17","4661","56233","0","23155","0","0","0","0","0","0","0","1348688","0","0","0","0","269724","118170","15913669","3335962","808397","3879571","245331","0","4214852","0","0","0","0","1754204","431042","0","1300816","0","0","0","1426704","261854","0","0","99850","0","509048","0","0","0","0","0","0","0","0","59472","0","229694","0","0","0","0","81961","2145","664","974","0","0","0","0","0","0","0","0","0","0","0","0","0","0","0","0","0","0","0","0","0","0","0","0","0","0","0","0","0","0","0","0","0","0","0","0","0","0","0","0","0","0","0","0","0","0","0","0","0","0","0","0","0","0","0","0","0","0","0","0","0","0","0","0","0","0","0","0","0","0","4859","1","18618573","175326","707","0","-6446","0","3504443","0","0","0","7306831","36455","-21"
"Рязанская область","8916150","0","0","1966900","21684965","0","-10765","0","106","0","0","744748","0","0","0","2812","24478","54817","1667","9245","0","1906","36983","36014068","188330","0","0","0","0","0","0","0","373985","126268","158335","220","0","0","524684","0","0","0","1","1688014","1223338","613","1925024","0","0","0","89159","452563","73256689","-15831","0","0","377","0","0","0","2640","0","0","0","0","0","0","0","41773808","598253","0","30733115","121301","0","0","1267186","0","0","357","0","0","0","0","15580","0","0","0","0","0","0","0","0","50381","1807513","0","0","0","0","0","0","0","0","0","0","0","118","4225","0","204","1156","0","0","0","0","0","0","1096379","0","0","169615","0","173016","123216","4167474","1309923","287468","1089328","623","0","882074","209731","0","0","0","258259","70624","0","148733","0","0","0","267222","48319","88310","0","0","0","173156","0","0","0","0","0","0","0","0","8135","0","0","21921","0","0","0","48179","1238","0","0","0","0","0","0","0","0","0","0","0","0","0","0","0","0","0","0","0","0","0","0","0","0","0","0","0","0","0","0","0","0","0","0","0","0","0","0","0","0","0","0","0","0","0","0","0","0","0","0","0","0","0","0","0","0","0","0","0","0","0","0","0","0","0","0","0","0","0","0","0","0","3300","0","1921550","84284","146","0","-10064","0","14102","0","0","0","1924854","11427","-61"
"Самарская область","26989034","0","0","3918791","71210411","0","-27010","0","-409","0","0","2944000","0","0","210934","515437","830644","170816","5167","344990","0","229977","-15","112438678","348490","0","0","0","0","0","0","0","1513934","481461","306342","72985","0","7","2170920","0","0","0","4026","9441234","4766008","4079","5835644","1603","5066","8700","406860","1680653","278636656","6644","508712","0","0","0","0","0","29717","5332280","1485383","0","0","10028","0","0","35649204","-568846","768380","30175175","156833","308","3033","13651417","9816820","0","23048","0","-1086462","0","0","1121127","0","0","6589428","0","-2432074","0","0","0","67","3481511","0","0","0","274","0","0","0","0","0","4504","0","670","0","0","0","0","0","0","0","0","0","0","1823503","2740983","0","0","0","475437","149822","23146944","540832","1076813","4031917","5306","0","966826","0","1408674","0","0","504541","116503","0","237859","297279","0","0","481579","80822","0","292482698","2189","0","167075","0","141","0","0","0","0","0","0","436592","0","0","0","0","0","0","133251","1401","0","231","0","0","75451","0","0","76767042","0","0","0","0","0","0","0","0","0","0","0","0","0","0","0","0","0","0","0","0","0","0","0","0","0","0","0","0","0","0","0","0","0","0","0","0","0","0","0","0","0","0","0","0","0","0","0","0","0","0","0","0","0","0","0","0","0","0","0","0","0","0","0","0","16712","134","233617761","69334","1120","0","-14237","0","375837","0","0","0","13324972","54219","-17524"
"Саратовская область","9481763","0","0","5280457","27195281","0","-57563","0","-80","0","0","493707","0","4799","10198","129553","204492","0","109","171978","0","179109","0","61578701","319001","0","0","0","0","0","0","0","521400","127745","106417","5035","0","0","1490297","0","0","0","7","3011468","1949518","2938","2656197","0","0","0","158709","799861","77204165","0","0","0","0","0","499356","0","24518","0","0","0","0","0","0","0","14432478","13476","0","12636888","0","0","0","380937","0","0","209","0","0","0","0","0","0","0","0","0","0","0","0","0","21480","1673628","34","0","0","0","0","0","0","0","0","0","0","23","0","0","0","0","0","0","0","0","26324","0","1361432","0","0","416","0","209779","938855","9024580","1951132","599326","2544099","3486","0","301031","375","0","0","0","205505","302704","0","127152","0","0","0","359543","200163","60","15728773","1264833","500761","278604","0","0","0","0","0","0","0","0","78","0","0","0","0","0","0","23846","2657","7","994","0","0","0","0","0","82666","0","0","0","0","0","0","0","0","0","0","0","0","0","0","0","0","0","0","0","0","0","0","0","0","0","0","0","0","0","0","0","0","0","0","0","0","0","0","0","0","0","0","0","0","0","0","0","0","0","0","0","0","0","0","0","0","0","0","0","0","0","0","0","0","38176","-153","86286","92246","53","0","-42854","0","75449","0","0","0","2896607","12732","-46743"
"Сахалинская область","9360789","0","0","155736","27015773","0","-9331","0","0","170762066","0","39738","80","0","0","608275","91499","190504","0","0","0","0","0","30009786","93260","0","0","0","0","0","0","0","490993","121549","118025","11633","0","0","605484","0","0","0","0","1848538","1025280","1406","3018600","0","0","0","76686","291122","-17747055","0","0","0","0","0","0","0","17874","0","0","0","0","0","0","0","93954","0","0","0","0","0","0","378463","0","0","0","0","0","-566269","0","-1189353","0","0","0","0","0","0","0","0","1416","225459","0","0","0","0","0","0","0","0","0","0","0","0","0","0","0","0","0","0","0","0","456","0","405638","0","0","206069","0","0","0","6387759","2708088","270011","623540","552","0","441969","321226","0","0","0","0","0","0","96372","0","0","0","0","0","65686","14229746","39519","22664","337137","0","0","0","0","0","0","0","0","2812","0","131395","0","8999182","28956726","0","31759","1960","1942028","11234","0","0","2090274","0","0","3863325","0","0","0","0","0","0","0","0","0","0","0","0","0","0","0","0","0","0","0","0","0","0","0","0","0","0","0","0","0","0","0","0","0","0","0","0","0","0","0","0","0","0","0","0","0","0","0","0","0","0","0","0","0","0","0","0","0","0","0","0","0","0","0","0","18748","4520","0","64279","0","0","0","0","7260","0","0","0","5772029","25915","-1"
"Свердловская область","50159139","0","176","10960534","124461909","0","-107048","-144","336","0","0","1974950","1375","206","5016","774966","666726","149033","200","566400","234","916630","20911","182409663","558742","0","0","0","0","0","0","0","2879662","1134851","1125171","492388","0","1","6399517","0","0","0","470","21383545","6963784","32284","11878206","5850","11","39150","669828","3479115","364916027","2481","0","0","0","4130209","1447127","0","53015","0","0","0","0","51658","0","0","0","0","0","0","413","0","0","9076879","0","0","972","0","0","-3249264","0","0","0","0","0","0","0","0","0","0","130174","15677726","0","0","0","9","0","0","0","0","0","327","0","2721","5640","0","8196","0","0","0","0","0","37407","0","1855650","0","0","956805","0","12076","9266","25047719","4472928","678004","2760118","6230","0","3181635","1088821","0","0","0","15284","8355","0","377616","0","0","0","11528","7706","566468","0","0","0","2014868","2874431","0","0","0","0","0","0","0","6061588","0","0","4631952","0","0","0","180754","15638","0","55","0","0","0","0","0","0","0","0","0","0","0","0","0","0","0","0","0","0","0","0","0","0","0","0","0","0","0","0","0","0","0","0","0","0","0","0","0","0","0","0","0","0","0","0","0","0","0","0","0","0","0","0","0","0","0","0","0","0","0","0","0","0","0","0","0","0","0","0","0","0","7716","1","130964","272569","1086","0","-67046","0","289336","0","0","0","20526308","431435","-48006"
"Смоленская область","7199552","0","0","4341387","18138540","0","-19848","0","0","0","44","0","0","0","0","498042","40385","266239","-16","1420","0","0","-3466","29719235","123036","0","0","0","0","0","0","0","262978","89535","130139","0","0","0","453476","0","0","0","211","2909848","750869","-100","2156462","911","0","4350","57386","511132","27274278","-5281","0","0","0","0","150653","0","147327","1282848","0","0","0","0","0","0","0","0","1397","0","0","0","0","776041","0","0","1871","0","0","0","0","0","0","0","0","0","0","0","0","0","0","37156120","331","0","0","466","0","0","0","0","0","1151","0","27682","93000","0","81535","0","0","0","0","0","624","0","412788","0","0","332239","0","0","0","3717755","970140","358298","916738","721","0","176551","240476","0","0","0","0","0","0","67017","0","0","0","0","0","175588","0","0","0","158164","0","0","0","0","0","0","0","0","0","0","0","0","0","0","0","53361","4450","6","28","0","0","0","0","0","0","0","0","0","0","0","0","0","0","0","0","0","0","0","0","0","0","0","0","0","0","0","0","0","0","0","0","0","0","0","0","0","0","0","0","0","0","0","0","0","0","0","0","0","0","0","0","0","0","0","0","0","0","0","0","0","0","0","0","0","0","0","0","0","0","52","0","28137","55349","0","0","-58680","0","98133","0","0","0","1729417","11239","-21636"
"Тамбовская область","3997256","0","0","772505","11480016","0","-13053","0","0","0","0","234140","0","0","0","13730","113517","6515","0","22","0","0","39260","24356413","106620","0","0","0","0","0","0","0","181532","37996","13497","23177","0","0","303945","0","0","0","0","1366064","741417","599","613690","650","0","4350","11938","274821","26011398","612180","0","0","0","0","0","0","4334","0","0","0","0","0","0","0","0","0","178","538","0","0","0","806692","0","0","3048","0","0","0","0","0","0","0","0","0","0","0","0","0","12356","740569","0","0","0","0","0","0","0","0","0","0","0","0","0","0","497","0","0","0","0","0","4847","0","825518","0","0","237487","0","0","0","3881364","340973","285596","1063146","0","0","439471","383635","0","0","0","0","0","0","178758","0","0","0","0","0","295127","0","0","0","25203","0","0","0","0","0","0","0","0","0","0","0","2462","0","0","0","80368","1037","0","0","0","0","0","0","0","0","0","0","0","0","0","0","0","0","0","0","0","0","0","0","0","0","0","0","0","0","0","0","0","0","0","0","0","0","0","0","0","0","0","0","0","0","0","0","0","0","0","0","0","0","0","0","0","0","0","0","0","0","0","0","0","0","0","0","0","0","0","0","0","0","69","0","0","41526","13","0","0","0","55323","0","0","0","2930194","16694","-47"
"Тверская область","7117475","0","0","7111617","21746158","0","-31597","0","0","0","0","87599","0","0","0","101283","70240","45895","0","192","0","0","0","40341215","170629","0","0","0","0","0","0","0","308026","85982","34356","3242","0","5","655624","0","0","0","139","1749311","1201553","1022","1227489","0","0","0","87258","515430","55588715","0","0","0","0","0","0","0","2161965","0","0","0","0","0","0","0","0","4556","0","343","612436","31851","0","1658386","237991","0","165802","0","0","-10706","0","0","0","0","0","0","0","0","0","0","36172","1971178","0","0","0","0","0","0","0","0","0","700","0","9","0","0","7402","0","0","0","0","0","10139","0","310654","0","0","409046","0","10227","0","6001184","1234002","315332","1477238","917","0","484748","751565","0","0","0","9786","0","0","170479","0","0","0","11181","0","645356","0","0","0","129422","0","0","0","0","0","0","0","0","10910","0","0","952","0","0","0","110500","6993","28","5","0","0","0","0","0","0","0","0","0","0","0","0","0","0","0","0","0","0","0","0","0","0","0","0","0","0","0","0","0","0","0","0","0","0","0","0","0","0","0","0","0","0","0","0","0","0","0","0","0","0","0","0","0","0","0","0","0","0","0","0","0","0","0","0","0","0","0","0","0","0","53","0","875131","113616","10","0","-1108","0","178513","0","0","0","2910107","141360","-2150"
"Томская область","4760637","0","0","2490954","12100465","0","-49040","23","0","0","15","787058","-414","0","307","1079","16881","-9","2179","0","5","0","0","32287660","118701","0","0","0","0","0","0","0","257875","46997","44356","21587","0","0","582081","0","0","0","0","2127948","1251560","671","1421415","0","-204","-27","116320","482283","80638062","22","0","0","0","0","0","0","202328","0","0","0","0","0","0","0","586873","9866","0","669","0","214617","351","5552384","246959","0","37097","0","0","-7067","0","1076131","0","0","0","0","-3681290","0","0","0","0","384819","0","0","0","0","0","0","0","0","0","0","0","0","0","0","0","0","0","0","0","0","0","0","678051","0","0","0","0","107808","30455","6337892","574324","290319","995035","1113","0","1138770","0","0","0","3664","117460","19857","0","138673","0","0","0","88423","13130","0","158639214","3683474","5621772","55729","0","0","0","0","0","0","0","0","195","0","0","102180","0","0","0","73867","10041","43","745","0","0","908067","763775","0","13058393","0","0","0","0","0","0","0","0","0","0","0","0","0","0","0","0","0","0","0","1930","0","0","0","0","0","0","0","0","0","0","0","0","0","0","0","0","0","0","0","0","0","0","0","0","0","0","0","0","0","0","0","0","0","0","0","0","0","0","0","0","0","0","0","0","42561","0","3374","54388","0","0","-41874","0","46335","0","0","0","2279898","25545","-116"
"Тульская область","15967380","0","0","1077360","42103600","0","-4466","0","0","0","0","309111","6","9","1853","1237947","102909","33684","0","353","0","22","58344","57890342","204904","0","0","0","0","0","0","0","749891","162469","98864","61631","0","0","857985","0","0","0","0","3139739","1684519","688","3531349","0","0","0","127610","646530","94803025","1670941","886","41","7456","1572506","0","0","9976","2925040","12199","0","0","45330","0","0","-343","0","5163379","0","1358","0","0","11416338","10660549","0","6024","0","-496887","0","0","0","0","0","0","0","0","0","0","0","33985","5920609","0","0","0","16724","0","0","0","0","0","0","0","0","0","0","0","0","0","0","0","0","25573","0","813658","0","0","29867","0","77126","169365","6599421","487899","357813","1576586","1876","0","922728","55735","0","0","0","310544","262753","0","396412","0","0","0","385173","113106","31256","0","0","0","490481","0","0","0","0","0","0","0","0","74032","0","0","118092","0","0","0","170667","1419","0","0","0","0","0","0","0","0","0","0","0","0","0","0","0","0","0","0","0","0","0","0","0","0","0","0","0","0","0","0","0","0","0","0","0","0","0","0","0","0","0","0","0","0","0","0","0","0","0","0","0","0","0","0","0","0","0","0","0","0","0","0","0","0","0","0","0","0","0","0","0","0","1565","0","72786175","162918","0","0","0","0","53254","0","0","0","3743159","48598","-34661"
"Тюменская область","13935761","0","0","5863749","39562527","0","-24911","0","0","0","0","13254227","0","0","0","78756","40221","0","10","8894","224","6647772","0","57384000","167541","0","0","0","0","0","0","0","874102","185700","396303","8788","0","1","1166696","0","0","0","1088","4420994","2538936","2665","4300329","0","532","-41","233032","933524","144456052","9128","0","0","654","0","0","0","49638","0","0","0","0","0","0","0","4126522","-14128157","0","7717560","31979","0","0","342236","899578","0","155","0","-3176341","-95644","0","-1206195","0","0","0","0","0","0","0","-27990836","0","2316461","0","0","0","0","0","0","0","0","0","0","0","809","2416","0","46","0","0","0","0","0","12570","0","1208562","0","0","12702","0","129194","0","11408364","858816","584869","2009638","1496","0","645562","8534","0","0","0","180093","0","0","224599","0","0","0","337773","0","8928","143873526","11427","0","163023","0","0","0","0","0","0","0","0","1042","0","0","12440","0","0","0","66414","9015","388","452","0","0","910648","1798274","0","33756160","0","0","0","0","0","0","0","0","0","0","0","0","0","0","0","0","0","0","0","0","0","0","0","0","0","0","0","0","0","0","0","0","0","0","0","0","0","0","0","0","0","0","0","0","0","0","0","0","0","0","0","0","0","0","0","0","0","0","0","0","0","0","0","0","34238","0","56638","107545","121","0","-1857","0","215777","0","0","0","2997249","162414","-20116"
"Ульяновская область","4491644","0","0","186720","16983214","0","-3577","0","0","0","0","33414","0","0","0","4195","65183","3174","0","49","0","0","0","33130809","136228","0","0","0","0","0","0","0","227056","47078","26721","2656","0","434","496903","0","0","0","0","1762673","917364","-57","1823225","0","0","0","66417","416883","38567701","-9560","0","0","0","0","0","0","4113","0","0","0","0","0","0","0","0","0","46775","1385437","0","0","0","16282284","3299908","0","4132","0","0","-296100","0","313099","0","0","0","0","-3172353","0","0","340","25496","935759","0","0","0","0","0","0","0","0","0","14723","0","0","0","0","0","0","0","0","0","0","14333","0","673163","0","0","0","0","48678","83273","3362522","348022","276327","1216785","114295","0","569496","0","0","0","0","138433","59478","0","210566","0","0","0","153398","63760","0","1714210","0","0","54415","0","0","0","0","0","0","0","0","88884","0","0","0","0","0","0","46535","1030","0","232","0","0","0","0","0","26268","0","0","0","0","0","0","0","0","0","0","0","0","0","0","0","0","0","0","0","0","0","0","0","0","0","0","0","0","0","0","0","0","0","0","0","0","0","0","0","0","0","0","0","0","0","0","0","0","0","0","0","0","0","0","0","0","0","0","0","0","0","0","0","0","1895","4","32632015","79516","981","0","-42600","0","229213","0","0","0","4096861","17410","-3715"
"Челябинская область","27171000","0","0","4884492","74381726","0","-10858","88","22","0","27","1599490","175","0","13261","234913","145921","64057","0","1183413","0","698061","17378","114184453","556776","0","0","0","0","0","0","0","1263565","489547","391033","161992","0","2","2211244","0","0","0","-878","8493020","4446683","11508","10441856","637","-19732","4350","363537","1781955","209313312","12","0","0","143","12053891","312305","0","81256","0","0","0","0","9011","0","0","1505","0","541","271","0","-46320","14","509129","1593103","0","164797","2883","0","0","0","0","0","0","4563","0","0","0","0","0","138","7823131","0","0","0","0","0","0","0","0","0","656","0","2867","30422","0","0","0","0","0","0","0","59406","0","1312415","0","0","51916","0","232908","65980","13564314","344097","962691","2961173","3458","0","2097805","50074","0","0","0","274671","52751","0","358143","0","0","0","313168","26027","20428","0","0","0","568146","325981","0","0","0","0","0","0","0","3368062","0","0","12840849","0","0","0","134981","3184","9","73","0","0","0","0","0","0","0","0","0","0","0","0","0","0","0","0","0","0","0","0","0","0","0","0","0","0","0","0","0","0","0","0","0","0","0","0","0","0","0","0","0","0","0","0","0","0","0","0","0","0","0","0","0","0","0","0","0","0","0","0","0","0","0","0","0","0","0","0","0","0","7109","-10","18198117","229730","3851","0","-24541","0","206993","0","0","0","12681158","58808","-245884"
"Ярославская область","10027953","47","309","1238925","23574354","0","-16659","0","-96","0","0","167706","-4638","0","2346","517959","857784","19674","759","21730214","23104","1197102","0","44976616","161690","0","0","0","0","0","0","0","503501","243842","174119","57897","0","0","693379","0","0","0","0","2946013","2022039","13533","3465441","1300","0","8700","116023","756147","77715864","0","0","0","0","0","0","0","103514","0","0","0","0","19194236","0","0","43018587","35","0","44372030","74583","0","0","8288820","4933794","0","1850","0","0","0","0","86585","0","0","0","0","0","0","0","0","0","1941031","0","0","0","0","0","0","0","0","0","0","0","0","7239","0","0","0","0","0","0","0","0","0","708033","0","0","58672","0","177307","118100","5285017","1318646","320093","1411018","1953","0","744046","80503","0","0","0","357648","99862","0","183245","0","0","0","321100","38800","75984","0","0","0","117557","0","0","0","0","0","0","0","0","269","0","0","0","0","0","0","15907","4864","0","170","0","0","0","0","0","0","0","0","0","0","0","0","0","0","0","0","0","0","0","0","0","0","0","0","0","0","0","0","0","0","0","0","0","0","0","0","0","0","0","0","0","0","0","0","0","0","0","0","0","0","0","0","0","0","0","0","0","0","0","0","0","0","0","0","0","0","0","0","0","0","9","1","1807303","34486","-480","0","269","0","89215","0","0","0","5603520","13051","-3"
"г. Москва","869359378","900","5390320","109712289","1576113093","-105235","-93219","-364","23563","98","38064","97564765","131","-459","221494","78750863","128834430","166138935","2721983","335175706","2071619","172570438","-59021","1425119065","2693544","0","0","0","0","0","0","0","110004576","36048111","59874709","54552947","0","2910","44182176","0","0","0","59042","302631367","126955097","609453","437600676","170231","1310351","1185476","12172272","42090931","3134146399","818255","10356","0","74","0","0","0","7592829","0","75282","0","6025","461166","0","0","48934922","-4922637","296319","35010755","77085","81009","19392","1298660","545133","1","6688","1393","-618810","-23048361","0","-2105193","0","0","118859","0","-1088777035","0","0","0","825","248704438","0","0","7400","5232","0","0","0","0","0","1402922","2846788","143495","2452395","106265","210065","1","-1","5544","11540","18706022","2029573","38740972","0","0","0","0","0","0","0","215743219","47524","8364644","26619196","786863","32112818","0","0","0","0","0","0","0","935445","0","0","0","0","0","0","0","1227926329","1805451","385241","-3435","0","0","0","0","0","0","0","0","45606","0","0","0","0","0","0","508730","-61","10496","-328","12473633","35473840","34558753","0","0","140837736","0","0","0","0","0","0","0","0","0","0","0","0","0","0","0","0","0","0","0","0","0","0","0","0","0","0","0","0","0","0","0","0","0","0","0","0","0","0","0","0","0","0","0","0","0","0","0","0","0","0","0","0","0","0","0","0","0","0","0","0","0","0","0","0","9458","296116","13150857","4298011","133762","0","64397","0","7412864","0","0","0","261402024","1627780","-606646"
"г. Санкт-Петербург","165278323","0","0","13960688","339336937","-522985","-1204746","0","864","246","972","16223766","6868","0","5308","10201391","8460926","2706076","27293","114063358","114653","29494185","-6421","424533029","921929","0","0","0","0","0","0","0","15957584","4614039","5784350","3905728","0","0","10708504","0","0","0","24152","75164663","30922471","3419513","62253239","15756","92180","113132","2719906","14576993","545070894","73697","4975","0","7874","0","0","0","2817501","0","36030","0","-527","478159038","0","0","369","0","983071","32","65262","313128","75","15134764","22732367","0","742568","185498","0","-5952195","145735586","-2101007","0","0","0","17543453","-492634373","0","0","0","903160","34829149","0","-13153","0","2995","0","0","0","0","0","995","0","12583","182479","2618","17949","394","0","0","0","0","145098","7978831","0","0","0","0","0","0","0","57504385","14194","3104253","10766529","32259","11281440","0","0","0","0","0","0","0","592024","0","0","0","0","0","0","0","122754688","113652232","13562870","1813","0","0","0","0","0","0","0","0","3","0","0","0","0","0","0","62873","6988","4029","118","0","0","0","0","0","0","0","0","0","0","0","0","0","0","0","0","0","0","0","0","0","0","0","0","0","0","0","0","0","0","0","0","0","0","0","0","0","0","0","0","0","0","0","0","0","0","0","0","0","0","0","0","0","0","0","0","0","0","0","0","0","0","0","0","0","0","0","0","0","0","48","364334","56617805","807017","6603","0","-1528069","0","4674637","0","0","0","36600922","399096","-38502"
"г. Севастополь","1555663","0","0","0","5061032","0","0","0","557","0","0","0","13","0","0","415","327","0","0","0","0","0","0","16272315","95097","0","0","0","0","0","0","0","73685","4294","0","0","0","0","720087","0","0","0","0","1161678","373451","42","605788","0","0","0","16845","158215","14006789","0","0","0","0","0","0","0","0","0","0","0","6057","0","0","0","0","0","0","0","0","49226","160569","18008","7292","0","0","0","0","0","0","0","0","0","0","0","0","0","0","0","0","73257","0","0","0","0","0","0","0","0","0","0","0","38","0","0","0","0","0","0","0","0","5793","413426","0","0","0","0","0","0","0","1579152","7","41005","330141","1680","244422","0","0","0","0","0","0","0","39336","0","0","0","0","0","0","0","0","0","0","911627","0","0","0","0","0","0","0","0","0","0","0","0","0","0","0","30063","0","5950","1058","0","0","0","0","0","0","0","0","0","0","0","0","0","0","0","0","0","0","0","0","0","0","0","0","0","0","0","0","0","0","0","0","0","0","0","0","0","0","0","0","0","0","0","0","0","0","0","0","0","0","0","0","0","0","0","0","0","0","0","0","0","0","0","0","0","0","0","0","0","0","0","0","0","35629","0","0","0","0","21929","0","0","0","605006","842","0"
"Еврейская автономная область","458799","0","0","12767","2675372","0","-6","0","0","0","0","0","0","0","0","110029","22","39343","0","0","0","0","0","5220434","25739","0","0","0","0","0","0","0","15240","7343","0","0","0","0","56186","0","0","0","0","51054","100659","0","104206","0","0","0","2585","15076","4647381","0","0","0","0","0","0","0","0","0","0","0","0","0","0","0","0","0","0","0","0","0","0","0","0","0","0","0","0","0","0","0","0","0","0","0","0","0","0","0","2709","768","0","0","0","0","0","0","0","0","0","0","0","0","0","0","0","0","0","0","0","0","505","0","127600","0","0","0","0","15411","25324","2321232","0","26990","137771","0","0","7684","0","0","0","0","7095","2274","0","7519","0","0","0","11744","9020","0","0","0","0","105239","1933926","0","0","0","0","0","0","0","455936","0","0","13447","0","0","0","16980","2041","19","49","0","0","0","0","0","0","0","0","0","0","0","0","0","0","0","0","0","0","0","0","0","0","0","0","0","0","0","0","0","0","0","0","0","0","0","0","0","0","0","0","0","0","0","0","0","0","0","0","0","0","0","0","0","0","0","0","0","0","0","0","0","0","0","0","0","0","0","0","0","0","680","0","174","23075","0","0","0","0","16099","0","0","0","908822","1815","-6"
"Ненецкий АО","90002","0","0","68607","8882281","0","-12928","0","0","3596100","0","22116","0","0","0","0","18135","0","0","0","0","0","0","4187021","3338","0","0","0","0","0","0","0","21348","0","0","0","0","0","29405","0","0","0","0","48014","80855","23","104612","0","0","0","4410","16190","8509868","0","0","0","0","0","0","0","0","0","0","0","0","0","0","0","0","0","0","0","0","0","0","0","0","0","0","0","0","-77719","0","21018","0","0","0","0","-348191","0","0","0","0","6146","0","0","0","0","0","0","0","0","0","0","0","0","0","0","0","0","0","0","0","0","0","0","16140","0","0","0","100","1715","4282","5898078","0","10208","39737","0","0","16019","0","0","0","1390","3011","2150","0","3579","0","0","20","735","1562","0","64003000","49223","23943","28466","0","0","0","0","0","0","0","0","0","0","0","0","0","5531274","0","3742","170","7133","159","0","11401709","0","0","0","742551","0","0","0","0","0","0","0","0","0","0","0","0","0","0","0","0","0","0","0","0","0","0","0","0","0","0","0","0","0","0","0","0","0","0","0","0","0","0","0","0","0","0","0","0","0","0","0","0","0","0","0","0","0","0","0","0","0","0","0","0","0","0","0","0","38388","0","0","3185","0","0","0","0","0","0","0","0","79756","2","0"
"Ханты-Мансийский АО - Югра","34532853","0","0","100615963","76443277","0","-131929","0","0","0","0","60459290","103","0","162","24825","5515911","211575","0","185174","0","7576038","-292","101072243","196098","0","0","0","0","0","0","0","736528","282786","589860","7796","0","0","837619","0","0","0","51","3921042","5494433","1162","5802074","0","261","0","219362","1898844","574170116","0","0","0","0","0","0","0","4526","0","0","0","0","0","0","0","25064018","902299","0","12838091","0","0","0","116798","0","0","0","0","0","-2846569","0","1013460","0","0","0","0","-104516256","0","0","0","2943","1341761","0","0","0","0","0","0","0","0","0","0","0","0","0","0","555","0","0","0","0","0","19076","0","1497544","0","0","0","10115","58862","171709","96635544","9581914","1679275","2128551","2303","0","1305702","0","0","0","216373","40763","153801","0","264190","0","0","9458","9717","49113","0","2325798852","6416113","2134622","679063","0","0","0","0","0","0","0","0","0","0","0","359","0","0","0","393830","16250","10","1885","7758094","72698692","69287727","43441462","0","329976506","0","0","0","0","0","0","0","0","0","0","0","0","0","0","0","0","0","0","0","0","0","0","0","0","0","0","0","0","0","0","0","0","0","0","0","0","0","0","0","0","0","0","0","0","0","0","0","0","0","0","0","0","0","0","0","0","0","0","0","0","0","0","0","0","289351","0","33300","91973","114","0","4826","0","213846","0","0","0","6154182","126337","-3569"
"Чукотский АО","6609693","0","0","1680173","15237785","0","-9582","0","0","0","0","1","0","0","0","22594","15109","0","0","0","0","0","0","7170015","12442","0","0","0","0","0","0","0","52182","6989","53469","0","0","0","36282","0","0","0","0","325126","124007","0","393857","0","0","0","10049","15334","-31752992","0","0","0","0","0","0","0","110","0","0","0","0","0","0","0","51","0","0","0","0","0","0","5631","0","0","0","0","0","-25295","0","0","0","0","0","0","0","0","0","0","54","25540","0","0","0","0","0","0","0","0","0","0","0","0","0","0","0","0","0","0","0","0","0","0","8162","0","0","2146","6","274","3585","1621748","0","57440","55254","0","0","26807","13657","0","0","1459","1772","4159","0","5906","0","0","0","39","1082","1217","0","28872","0","383474","0","0","0","207090","0","0","0","0","19468277","0","2000","0","0","0","0","1286","618","25564","5850","0","0","0","0","0","0","0","0","0","0","0","0","0","0","0","0","0","0","0","0","0","0","0","0","0","0","0","0","0","0","0","0","0","0","0","0","0","0","0","0","0","0","0","0","0","0","0","0","0","0","0","0","0","0","0","0","0","0","0","0","0","0","0","0","0","0","0","0","0","0","12132","1332","0","10068","0","0","0","0","0","0","0","0","338571","65190","-52"
"Ямало-Ненецкий АО","13185468","16682639","48825678","20274326","43150180","0","-313621","0","0","0","0","20259916","0","0","0","751129","3157700","4300893","0","0","0","13422370","0","62927889","113946","0","0","0","0","0","0","0","704464","156047","75160","0","0","0","597348","0","0","0","0","7023841","1005830","41","3646510","0","0","0","88609","202807","492475539","0","0","0","0","0","0","0","0","0","0","0","0","0","0","0","462114","375423","0","328771","0","0","0","4300","0","0","0","0","0","-489751","0","259877","0","0","0","0","0","0","0","0","0","149825","0","0","0","0","0","0","0","0","0","0","0","0","0","0","0","0","0","0","0","0","0","0","193279","0","0","60255","0","0","0","57801559","56981963","809552","668830","273","0","157983","39999","0","0","0","0","0","0","39034","0","0","0","0","0","7167","565547892","724329183","506773220","831038","0","0","0","0","0","0","0","0","0","0","0","460799","0","0","0","61550","4959","743","4327","61173974","28928783","22890282","188690","0","11786802","0","0","0","0","0","0","0","0","0","0","0","0","0","0","0","0","0","0","0","0","0","0","0","0","0","0","0","0","0","0","0","0","0","0","0","0","0","0","0","0","0","0","0","0","0","0","0","0","0","0","0","0","0","0","0","0","0","0","0","0","0","0","0","0","504729","0","0","39157","0","0","219190","0","71705","0","0","0","3020024","116709","-8"
