"GA","GB","G1","G2","G3","G4","G5","G6","G7","G8","G9","G10","G11","G12","G13","G14","G15","G16","G17","G18","G19","G20","G21","G22","G23","G24","G25","G26","G27","G28","G29","G30","G31","G32","G33","G34","G35","G36","G37","G38","G39","G40","G41","G42","G43","G44","G45","G46","G47","G48","G49","G50","G51","G52","G53","G54","G55","G56","G57","G58","G59","G60","G61","G62","G63","G64","G65","G66","G67","G68","G69","G70","G71","G72","G73","G74","G75","G76","G77","G78","G79","G80","G81","G82","G83","G84","G85","G86","G87","G88","G89","G90","G91","G92","G93","G94","G95","G96","G97","G98","G99","G100","G101","G102","G103","G104","G105","G106","G107","G108","G109","G110","G111","G112","G113","G114","G115","G116","G117","G118","G119","G120","G121","G122","G123","G124","G125","G126","G127","G128","G129","G130","G131","G132","G133","G134","G135","G136","G137","G138","G139","G140","G141","G142","G143","G144","G145","G146","G147","G148","G149","G150","G151","G152","G153","G154","G155","G156","G157","G158","G159","G160","G161","G162","G163","G164","G165","G166","G167","G168","G169","G170","G171","G172","G173","G174","G175","G176","G177","G178","G179","G180","G181","G182","G183","G184","G185","G186","G187","G188","G189","G190","G191","G192","G193","G194","G195","G196","G197","G198","G199","G200","G201","G202","G203","G204","G205","G206","G207","G208","G209","G210","G211","G212","G213","G214","G215","G216","G217","G218","G219","G220","G221","G222","G223","G224","G225","G226","G227","G228","G229","G230","G231","G232","G233","G234","G235","G236","G237","G238","G239","G240","G241","G242","G243","G244","G245","G246","G247","G248","G249","G250","G251","G252","G253","G254","G255","G256","G257","G258","G259","G260","G261","G262","G263","G264","G265","G266","G267","G268","G269","G270","G271","G272","G273","G274","G275","G276","G277","G278","G279","G280","G281","G282","G283","G284","G285","G286","G287","G288","G289","G290","G291","G292","G293","G294","G295","G296","G297","G298","G299","G300","G301","G302","G303","G304","G305","G306","G307","G308","G309","G310","G311","G312","G313","G314","G315","G316","G317","G318","G319","G320","G321","G322","G323","G324","G325","G326","G327","G328","G329","G330","G331","G332","G333","G334","G335","G336","G337","G338","G339","G340","G341","G342","G343","G344","G345","G346","G347","G348","G349","G350","G351","G352","G353","G354","G355","G356","G357","G358","G359","G360","G361","G362","G363","G364","G365","G366","G367","G368","G369","G370","G371","G372","G373","G374","G375","G376","G377","G378","G379","G380","G381","G382","G383","G384","G385","G386","G387","G388","G389","G390","G391","G392","G393","G394","G395","G396","G397","G398","G399","G400","G401","G402","G403","G404","G405","G406","G407","G408","G409","G410","G411","G412","G413","G414","G415","G416","G417","G418","G419","G420","G421","G422","G423","G424","G425","G426","G427","G428","G429","G430","G431","G432","G433","G434","G435","G436","G437","G438","G439","G440","G441","G442","G443","G444","G445","G446","G447","G448","G449","G450","G451","G452","G453","G454","G455","G456","G457","G458","G459","G460","G461","G462","G463","G464","G465","G466","G467","G468","G469","G470","G471","G472","G473","G474","G475","G476","G477","G478","G479","G480","G481","G482","G483","G484","G485","G486","G487","G488","G489","G490","G491","G492","G493","G494","G495","G496","G497","G498","G499","G500","G501","G502","G503","G504","G505","G506","G507","G508","G509","G510","G511","G512","G513","G514","G515","G516","G517","G518","G519","G520","G521","G522","G523","G524","G525","G526","G527","G528","G529","G530","G531","G532","G533","G534","G535","G536","G537","G538","G539","G540","G541","G542","G543","G544","G545","G546","G547","G548","G549","G550","G551","G552","G553","G554","G555","G556","G557","G558","G559","G560","G561","G562","G563","G564","G565","G566","G567","G568","G569","G570","G571","G572","G573","G574","G575","G576","G577","G578","G579","G580","G581","G582","G583","G584","G585","G586","G587","G588","G589","G590","G591","G592","G593","G594","G595","G596","G597","G598","G599","G600"
"Республика Адыгея","52761418","4407643","3746043","497791","49004978","5117907","3519039","831493","4806","-9","0","0","0","0","3988251","341251","46","3646999","1043974","291538","3612","0","0","0","0","0","0","0","0","181524","19653","3998","85313","0","0","0","0","0","0","0","85313","0","730","154","435","174","0","182110","160701","163633","137730","144827","138350","51289","16599","26115","12822","4150","6529","4103","1328","2089","6909","724","833","23","20","2","1","2","1","0","0","0","0","0","0","0","0","0","0","0","0","0","0","0","0","0","0","0","0","0","0","0","0","0","0","0","0","0","0","0","0","0","0","0","0","0","0","0","0","0","0","0","0","0","0","0","0","0","0","0","0","0","15887","0","6443","0","9444","0","756","0","0","0","0","0","1551315","0","1043765","0","606801","0","48544","0","99251","0","6","0","0","0","0","0","0","0","0","0","0","0","0","0","0","0","0","0","0","0","0","0","0","0","0","0","0","0","0","0","17","0","0","1141","0","0","0","0","0","0","0","0","0","0","0","0","0","0","0","0","1124","0","0","1","0","0","0","0","0","0","0","0","0","0","0","0","0","0","0","0","0","0","0","2177","2841","0","0","664","0","1","0","0","0","0","0","0","0","0","0","0","0","0","0","0","0","0","0","0","0","0","30000","0","0","0","0","0","0","0","0","0","0","0","0","0","0","0","0","0","0","0","0","0","0","0","0","0","60000","0","0","0","0","0","0","14","886","122585","0","0","0","0","0","0","0","0","0","0","0","0","0","0","0","0","0","0","0","0","0","0","0","0","0","0","0","0","0","0","0","0","0","0","0","0","0","0","0","0","0","0","0","0","0","0","0","0","0","0","0","0","0","0","0","0","0","0","0","0","0","0","0","0","0","2677","1","0","0","153","1","0","0","0","0","0","20","1","810","3","2","1","0","0","0","0","0","0","0","265","2","0","0","0","0","0","0","0","0","0","0","0","0","1018445","417","139567","3","0","0","0","0","0","0","0","0","0","0","0","0","0","0","0","0","0","0","0","0","0","0","0","0","0","0","0","0","0","0","0","0","0","0","0","0","0","0","0","0","0","0","0","0","0","0","0","0","0","0","0","0","0","0","0","0","0","0","0","0","0","0","0","0","0","0","0","0","0","0","0","0","0","0","0","0","0","0","0","0","0","0","0","0","0","0","0","0","0","0","0","0","0","0","0","0","0","0","0","0","0","0","0","0","0","0","0","0","0","0","0","0","0","0","0","0","0","0","0","0","0","0","0","0","0","0","0","0","0","0","0","0","0","0","0","0","0","0","0","0","0","0","0","0","0","0","0","0","0","0","0","0","0","0","0","0","0","0","0","0","0","0","0","0","0","0","0","0","0","0","0","0","0","0","0","0","0","0","0","0","0","0","0","0","0","0","0","0","0","0","0","0","0","0","0","0","0","0","0","0","0","0","0","0","0","0","0","0","0","0","0","0"
"Республика Башкортостан","1179243215","338183688","105109366","43999124","1141067902","387660799","62609281","25412466","519200","114092","1997543","350441","74364","468","79128631","2614437","711","76514288","31126917","6770209","14787","55513","6","71248","0","380471","0","22","0","3233263","1366470","183146","653609","0","0","10698","30312","2","0","0","1201851","0","12231","2575","6819","1547","151","1559073","4698211","0","1376678","3985106","0","185876","727141","0","46469","181786","0","14870","58171","0","6224","14453","0","527","130","0","2","11","0","0","0","11406140","0","0","11403125","0","0","295348","0","0","6385","0","0","18965","0","0","48488","0","0","17243","0","0","319516","0","0","14","0","0","0","0","0","0","0","0","0","0","0","0","0","0","0","0","0","0","0","0","0","0","0","0","0","0","30653","0","18486","0","12167","0","973","0","0","0","0","0","8157909","0","7364892","0","1190439","0","95235","0","397422","0","15","0","0","0","0","0","0","0","0","0","0","0","0","0","0","0","0","0","0","0","0","0","0","0","0","0","0","0","0","0","1008877","1213114","0","1090903","1308510","0","793","0","0","48551","12447","2428","996","0","0","1457","0","8254","2116","0","131370","107842","0","9","3","0","0","0","0","0","0","0","0","0","0","0","0","0","0","0","0","0","0","14667","19690","0","0","5022","0","5","0","0","0","0","0","0","0","0","83950611","83917730","385038","382837","0","0","5939","0","4608504","135537","0","272467","0","0","0","0","0","0","0","0","0","0","0","0","0","0","0","0","0","0","0","0","0","0","0","0","17168","0","4130","9088","2","0","0","0","0","191","696327","8514970","0","0","0","0","0","0","0","0","0","0","0","0","0","0","410176","10","154474","5","0","0","0","0","0","0","2252","1","281","92200","5","23050","0","0","0","303358","5","50560","0","0","0","0","0","0","0","0","3439","2","10338","1","1292","0","0","0","0","0","0","0","0","0","0","0","57834","8","14459","96444","20","38731","12","71077","29","161854","59","11","1","19","1","5","514470","15","392568","60","49581","25","35458","16","21905","6","5476","10807","3","165486","65","0","0","0","0","0","0","17","2","445","1","0","0","28154811","5869","236644","20","0","0","0","0","0","0","36102","4","9025","1600","2","400","0","0","0","0","0","0","0","0","0","23688","7","2961","3019","1","503","0","0","0","0","0","0","0","0","0","0","0","0","0","0","0","0","0","0","0","0","0","0","0","0","0","0","0","0","0","0","0","0","0","0","0","0","0","0","0","0","0","0","0","0","0","0","0","0","0","0","0","0","0","0","0","0","0","0","0","0","0","0","0","0","0","0","0","0","0","0","0","0","0","0","0","0","0","0","0","0","0","0","0","0","0","0","0","0","0","0","0","0","0","0","0","0","0","0","0","0","0","0","0","0","0","0","0","0","0","0","0","0","0","0","0","0","0","0","0","0","0","0","0","0","0","0","0","0","0","0","0","0","0","0","0","0","0","0","0","0","0","0","0","0","0","0","0","0","0","0","0","0","0","0","0","0","0","0","0","0","0","0","0","0","0","0","0","0","0","0","0","0","0","0","0","0","0","0","0","0","0","0","0","0","0"
"Республика Бурятия","69165915","28343130","3351130","5697456","61654556","31713754","3781757","8860379","630","327","369280","17707","2677","258","6709406","181661","55","6527745","6551184","520705","0","0","0","0","0","0","0","0","0","296197","18472","19954","45415","0","0","1515","884","1","0","0","47814","16","1478","216","694","146","0","231524","704500","0","228802","643335","0","2722","81893","0","681","20473","0","218","6551","0","0","20729","0","108","22","0","0","2","0","2415642","2495720","341171","2958370","2130319","607793","36455","182700","0","0","0","0","0","31059","0","9114","14616","0","2916","14616","0","615639","0","278224","2","0","6","0","0","0","0","0","0","0","0","0","0","0","0","0","0","0","0","0","0","0","0","0","0","0","0","0","0","112958","0","95238","0","17720","0","1418","0","0","0","0","0","1311593","404648","1295722","403243","19023","1405","1522","112","3152","0","2","0","0","0","0","0","0","0","0","0","0","0","0","0","0","0","0","0","0","0","0","0","0","0","0","0","0","0","0","0","118402","0","0","94097","0","0","0","0","0","24306","0","1215","0","0","0","729","0","4132","0","0","0","0","0","0","0","0","0","0","0","0","0","0","0","0","0","0","0","0","0","0","0","0","0","8297","10485","0","0","2188","0","2","1","0","0","0","0","0","0","0","0","0","0","0","0","0","0","0","54000","0","0","0","6000","0","0","0","0","6000","0","0","0","0","0","0","0","0","0","0","0","0","0","0","0","0","0","0","0","0","0","0","0","0","0","0","0","22","115451","704644","0","0","0","0","0","0","0","0","0","0","0","0","0","0","0","0","0","0","0","0","0","0","0","0","0","0","0","0","0","0","0","0","0","0","0","0","0","0","0","0","0","0","0","0","16","1","56297","1","7037","32325","1","0","0","0","0","0","0","0","0","0","497","1","124","5163","2","0","0","1054","5","40112","8","0","0","0","0","0","0","0","2508","4","928","5","12074","1","677","1","169","0","0","10006","6","0","0","0","0","0","0","0","0","0","0","0","0","3267920","529","594752","6","0","0","0","0","0","0","0","0","0","0","0","0","0","0","0","0","0","0","0","0","0","16","1","2","0","0","0","0","0","0","0","0","0","0","0","0","0","0","0","0","0","0","0","0","0","0","0","0","0","0","0","0","0","0","0","0","0","0","0","0","0","0","0","0","0","0","0","0","0","0","0","0","0","0","0","0","0","0","0","0","0","0","0","0","0","0","0","0","0","0","0","0","0","0","0","0","0","0","0","0","0","0","0","0","0","0","0","0","0","0","0","0","0","0","0","0","0","0","0","0","0","0","0","0","0","0","0","0","0","0","0","0","0","0","0","0","0","0","0","0","0","0","0","0","0","0","0","0","0","0","0","0","0","0","0","0","0","0","0","0","0","0","0","0","0","0","0","0","0","0","0","0","0","0","0","0","0","0","0","0","0","0","0","0","0","0","0","0","0","0","0","0","0","0","0","0","0","0","0","0","0","0","0","0","0","0","0","0","0","0","0","0"
"Республика Алтай","32719630","6421716","4149826","611359","30460572","7671564","1402933","358656","1457","7028","1681123","0","51","0","3326491","135543","16","3190949","990117","255124","5","0","0","0","0","0","0","0","0","160159","9680","1849","33886","0","0","0","0","0","0","0","33886","0","392","124","564","56","0","0","100490","0","0","80383","0","0","20107","0","0","5027","0","0","1609","0","0","0","0","0","4","0","0","0","0","0","0","0","0","0","0","0","0","0","0","0","0","0","0","0","0","0","0","0","0","0","0","0","0","0","0","0","0","0","0","0","0","0","0","0","0","0","0","0","0","0","0","0","0","0","0","0","0","0","0","0","0","0","0","0","0","0","0","0","0","0","0","0","0","0","9626","0","10720","0","1294","0","104","0","2388","0","1","0","0","0","0","0","0","0","0","0","0","0","0","0","0","0","0","0","0","0","0","0","0","0","0","0","0","0","0","0","0","0","0","0","0","0","0","0","0","0","0","0","0","0","0","0","0","0","0","0","0","0","0","0","0","0","0","0","0","0","0","0","0","0","0","0","0","0","0","0","0","0","0","0","0","0","0","0","0","0","0","0","0","0","0","0","0","0","0","0","91691","91531","0","0","160","0","100000","0","0","0","0","0","0","0","0","0","0","0","0","0","0","0","0","0","0","0","0","0","0","0","0","0","0","0","0","0","0","0","0","0","0","0","0","2","32","3537","0","0","0","0","0","0","0","0","0","0","0","0","0","0","0","0","0","0","0","0","0","0","0","0","0","0","0","0","0","0","0","0","0","0","0","0","0","0","0","0","0","0","0","0","0","0","0","0","0","0","0","0","0","0","0","0","0","0","0","0","0","0","0","0","0","0","0","0","0","0","0","0","0","0","0","0","0","0","0","0","0","0","0","0","0","0","0","0","0","0","0","0","0","0","0","0","0","0","0","0","0","0","0","1177244","205","246","4","0","0","0","0","0","0","0","0","0","0","0","0","0","0","0","0","0","0","0","0","0","2","3","0","0","0","0","0","0","0","0","0","0","0","0","0","0","0","0","0","0","0","0","0","0","0","0","0","0","0","0","0","0","0","0","0","0","0","0","0","0","0","0","0","0","0","0","0","0","0","0","0","0","0","0","0","0","0","0","0","0","0","0","0","0","0","0","0","0","0","0","0","0","0","0","0","0","0","0","0","0","0","0","0","0","0","0","0","0","0","0","0","0","0","0","0","0","0","0","0","0","0","0","0","0","0","0","0","0","0","0","0","0","0","0","0","0","0","0","0","0","0","0","0","0","0","0","0","0","0","0","0","0","0","0","0","0","0","0","0","0","0","0","0","0","0","0","0","0","0","0","0","0","0","0","0","0","0","0","0","0","0","0","0","0","0","0","0","0","0","0","0","0","0","0","0","0","0","0","0","0","0","0","0","0","0","0","0","0","0","0","0"
"Республика Дагестан","78906369","4302368","3141568","177070","73861904","5454521","2426329","452196","14776","8450","0","247","735","0","5773746","487206","86","5385387","1419076","430831","0","0","0","744","0","128291","0","3","0","278875","25271","5032","121801","0","0","0","0","0","0","0","250836","0","1468","280","1023","937","0","445651","1025777","41932","453604","728245","34886","4741","327169","7046","1185","81792","1761","379","26173","564","12694","29636","0","40","58","4","1","3","0","51287","0","359293","50072","0","403975","782","0","20115","10","0","301","121","0","1046","64","0","3681","52","0","1308","0","0","64946","0","0","3","0","0","26236","0","0","27885","0","0","0","0","0","0","0","0","0","0","0","0","0","0","0","0","1649","0","0","1","0","0","0","0","0","0","0","0","0","0","0","0","682093","174777","486796","89351","226235","85427","18099","6834","30938","0","4","0","0","0","0","0","0","0","0","0","0","0","0","0","0","0","0","0","0","0","0","0","0","0","0","0","0","0","0","0","40115","0","0","18748","0","0","0","0","0","21367","0","1068","0","0","0","641","0","3632","0","0","0","0","0","0","0","0","0","0","0","0","0","0","0","0","0","0","0","0","0","0","0","0","0","0","0","0","0","0","0","0","0","0","0","0","0","0","0","0","0","0","0","0","0","0","0","0","1400","0","0","0","0","0","0","0","0","0","0","0","0","0","0","0","0","0","0","0","0","0","0","0","0","0","0","0","0","0","0","0","0","0","0","0","0","8","3836","44572","0","0","0","0","0","0","0","0","0","0","0","0","0","0","0","0","0","0","0","0","0","0","0","0","0","0","0","0","0","0","0","0","0","0","0","0","0","0","0","0","0","0","0","0","0","0","0","0","0","0","0","0","0","0","0","0","0","0","0","0","0","0","0","0","0","0","0","0","0","0","0","0","0","0","0","0","0","0","0","0","0","0","0","0","0","0","0","0","0","0","0","0","0","0","0","0","0","0","0","0","0","0","0","1677025","694","0","0","0","0","0","0","0","0","0","0","0","0","0","0","0","0","0","0","0","0","0","0","0","0","0","0","0","0","0","0","0","0","0","0","0","0","0","0","2381113","1","100000","1","0","0","0","0","0","0","0","0","0","0","0","0","0","0","0","0","0","0","0","0","0","0","0","0","0","0","0","0","0","0","0","0","0","0","0","0","0","0","0","0","0","0","0","0","0","0","0","0","0","0","0","0","0","0","0","0","0","0","0","0","0","0","0","0","0","0","0","0","0","0","0","0","0","0","0","0","0","0","0","0","0","0","0","0","0","0","0","0","0","0","0","0","0","0","0","0","0","0","0","0","0","0","0","0","0","0","0","0","0","0","0","0","0","0","0","0","0","0","0","0","0","0","0","0","0","0","0","0","0","0","0","0","0","0","0","0","0","0","0","0","0","0","0","0","0","0","0","0","0","0","0","0","0","0","0","0","0","0","0","0","0","0","0","0","0","0","0","0","0","0","0","0"
"Республика Ингушетия","9490274","1998097","233564","110363","8626288","2340823","239277","25108","357","0","0","0","0","0","858630","28694","8","829936","257472","66169","0","0","0","0","0","0","0","0","0","33497","2586","3","7174","47","2","0","0","0","0","0","7221","0","319","24","575","42","0","0","23637","0","0","17346","0","0","6291","0","0","1573","0","0","503","0","0","0","0","0","3","0","0","0","0","0","0","0","0","0","0","0","0","0","0","0","0","0","0","0","0","0","0","0","0","0","0","0","0","0","0","0","0","0","0","0","0","0","0","0","0","0","0","0","0","0","0","0","0","0","0","0","0","0","0","0","0","0","0","0","0","0","0","0","0","0","0","0","0","0","1284590","0","701989","0","602678","0","48214","0","20077","0","1","0","0","0","0","0","0","0","0","0","0","0","0","0","0","0","0","0","0","0","0","0","0","0","0","0","0","0","0","0","0","0","0","0","0","0","0","0","0","0","0","0","0","0","0","0","0","0","0","0","0","0","0","0","0","0","0","0","0","0","0","0","0","0","0","0","0","0","0","0","0","0","0","0","0","0","0","0","0","0","0","0","0","0","0","0","0","0","0","0","0","0","0","0","0","0","0","0","0","0","0","0","0","0","0","0","0","0","0","0","0","0","0","0","0","0","0","0","0","0","0","0","0","0","0","0","0","0","0","0","0","0","0","1","135","796","0","0","0","0","0","0","0","0","0","0","0","0","0","0","0","0","0","0","0","0","0","0","0","0","0","0","0","0","0","0","0","0","0","0","0","0","0","0","0","0","0","0","0","0","0","0","0","0","0","0","0","0","0","0","0","0","0","0","0","0","0","0","0","0","0","0","0","0","0","0","0","0","0","0","0","0","0","0","0","0","0","0","0","0","0","0","0","0","0","0","0","0","0","0","0","0","0","0","0","0","0","0","0","343718","65","0","0","0","0","0","0","0","0","0","0","0","0","0","0","0","0","0","0","0","0","0","0","0","0","0","0","0","0","0","0","0","0","0","0","0","0","0","0","0","0","0","0","0","0","0","0","0","0","0","0","0","0","0","0","0","0","0","0","0","0","0","0","0","0","0","0","0","0","0","0","0","0","0","0","0","0","0","0","0","0","0","0","0","0","0","0","0","0","0","0","0","0","0","0","0","0","0","0","0","0","0","0","0","0","0","0","0","0","0","0","0","0","0","0","0","0","0","0","0","0","0","0","0","0","0","0","0","0","0","0","0","0","0","0","0","0","0","0","0","0","0","0","0","0","0","0","0","0","0","0","0","0","0","0","0","0","0","0","0","0","0","0","0","0","0","0","0","0","0","0","0","0","0","0","0","0","0","0","0","0","0","0","0","0","0","0","0","0","0","0","0","0","0","0","0","0","0","0","0","0","0","0","0","0","0","0","0","0","0","0","0","0","0","0"
"Кабардино-Балкарская Республика","32624439","5972198","1169699","310104","30190918","7155283","1747054","534834","13187","2540","0","0","0","0","1869353","148820","40","1720533","1405275","137643","0","0","0","0","0","0","0","0","0","85388","7793","3145","37205","259","1","0","0","0","0","0","37464","0","780","132","566","497","0","521615","93929","29783","348550","70614","27939","173065","27080","1844","43266","6770","461","13845","2166","148","0","3765","0","34","17","1","0","1","0","0","0","0","0","0","0","0","0","0","0","0","0","0","0","0","0","0","0","0","0","0","0","0","0","0","0","0","0","0","0","0","0","0","0","0","0","0","0","0","0","0","0","0","0","0","0","0","0","0","0","0","0","0","0","0","0","0","0","0","0","0","0","0","0","0","3257973","0","1570148","0","1707943","0","136635","0","20118","0","5","0","0","0","0","0","0","0","0","0","0","0","0","0","0","0","0","0","0","0","0","0","0","0","0","0","0","0","0","0","134","462488","0","134","410781","0","0","0","0","0","51707","0","4137","0","0","0","0","0","8790","0","0","0","0","0","0","0","0","0","0","0","0","0","0","0","0","0","0","0","0","0","0","0","0","2889","3735","0","0","846","0","1","0","0","0","0","0","0","0","0","32230","0","0","0","0","0","0","0","0","0","0","0","0","0","0","0","0","0","0","0","0","0","0","0","0","0","0","0","0","0","0","0","0","0","0","0","0","0","0","0","0","0","0","0","0","6","4015","13707","0","0","0","0","0","0","0","0","0","0","0","0","0","0","0","0","0","0","0","0","0","0","0","0","0","0","0","0","0","0","0","0","0","0","0","0","0","0","0","0","0","0","0","0","0","0","0","0","0","0","0","0","0","0","0","0","0","0","0","0","0","0","0","0","0","0","0","0","0","0","0","0","0","0","0","0","0","0","0","0","0","0","0","0","0","0","0","0","0","0","0","0","0","0","0","0","0","0","0","0","0","0","0","728803","376","0","0","0","0","0","0","0","0","0","0","0","0","0","0","0","0","0","0","0","0","0","0","0","10","2","1","0","0","0","0","0","0","0","0","0","0","0","0","0","0","0","0","0","0","0","0","0","0","0","0","0","0","0","0","0","0","0","0","0","0","0","0","0","0","0","0","0","0","0","0","0","0","0","0","0","0","0","0","0","0","0","0","0","0","0","0","0","0","0","0","0","0","0","0","0","0","0","0","0","0","0","0","0","0","0","0","0","0","0","0","0","0","0","0","0","0","0","0","0","0","0","0","0","0","0","0","0","0","0","0","0","0","0","0","0","0","0","0","0","0","0","0","0","0","0","0","0","0","0","0","0","0","0","0","0","0","0","0","0","0","0","0","0","0","0","0","0","0","0","0","0","0","0","0","0","0","0","0","0","0","0","0","0","0","0","0","0","0","0","0","0","0","0","0","0","0","0","0","0","0","0","0","0","0","0","0","0","0","0","0","0","0","0","0"
"Республика Калмыкия","7029366","920833","307539","44045","5795929","1097016","340760","236953","0","8963","4","0","0","0","1200211","36433","13","1163778","360129","92973","0","0","0","0","0","0","0","0","0","61119","3126","29","9108","160","1","0","0","0","0","0","9268","0","290","71","573","197","0","560","60783","0","534","55842","0","26","5371","0","6","1343","0","2","430","0","0","431","0","8","11","0","0","1","0","0","0","0","0","0","0","0","0","0","0","0","0","0","0","0","0","0","0","0","0","0","0","0","0","0","0","0","0","0","0","0","0","0","0","0","0","0","0","0","0","0","0","0","0","0","0","0","0","0","0","0","0","0","652","0","391","0","261","0","21","0","0","0","0","0","42763","0","24510","0","22113","0","1769","0","3860","0","2","0","0","0","0","0","0","0","0","0","0","0","0","0","0","0","0","0","0","0","0","0","0","0","0","0","0","0","0","0","0","0","0","0","0","0","0","0","0","0","0","0","0","0","0","0","0","0","0","0","0","0","0","0","0","0","0","0","0","0","0","0","0","0","0","0","0","0","0","0","0","0","0","0","0","0","0","0","0","0","0","0","0","0","0","0","0","0","0","0","0","0","0","0","0","0","0","0","0","0","0","0","0","0","0","0","0","0","0","0","0","0","0","0","0","0","0","0","0","0","0","0","0","0","0","0","0","0","0","0","0","0","0","3","0","19076","0","0","0","0","0","0","0","0","0","0","0","0","0","0","0","0","0","0","0","0","0","0","0","0","0","0","0","0","0","0","0","0","0","0","0","0","0","0","0","0","0","0","0","0","0","0","0","0","0","0","0","0","0","0","0","0","0","0","0","0","0","0","0","0","0","0","0","10","1","167","1","0","0","0","0","0","24","1","295","1","100","2","0","0","0","0","0","0","0","855","1","0","0","0","0","0","0","0","0","0","0","0","0","417957","116","388","1","0","0","0","0","0","0","0","0","0","0","0","0","0","0","0","0","0","0","0","0","0","0","0","0","0","0","0","0","0","0","0","0","0","0","0","0","5048","1","0","0","0","0","0","0","0","0","0","0","0","0","0","0","0","0","0","0","0","0","0","0","0","0","0","0","0","0","0","0","0","0","0","0","0","0","0","0","0","0","0","0","0","0","0","0","0","0","0","0","0","0","0","0","0","0","0","0","0","0","0","0","0","0","0","0","0","0","0","0","0","0","0","0","0","0","0","0","0","0","0","0","0","0","0","0","0","0","0","0","0","0","0","0","0","0","0","0","0","0","0","0","0","0","0","0","0","0","0","0","0","0","0","0","0","0","0","0","0","0","0","0","0","0","0","0","0","0","0","0","0","0","0","0","0","0","0","0","0","0","0","0","0","0","0","0","0","0","0","0","0","0","0","0","0","0","0","0","0","0","0","0","0","0","0","0","0","0","0","0","0","0","0","0"
"Карачаево-Черкесская Республика","25301624","3626899","613471","303661","23562660","4052005","970775","300619","4843","652","0","442","0","0","1437135","117581","29","1319654","421854","101774","34","529","1","0","0","0","0","0","0","55952","9149","923","29395","0","0","311","2306","7","0","0","32541","0","458","78","737","146","0","112084","36315","138355","63114","30752","98225","48970","6288","40131","12243","1572","10033","3918","503","3210","0","726","0","18","15","4","0","2","0","0","0","0","0","0","0","0","0","0","0","0","0","0","0","0","0","0","0","0","0","0","0","0","0","0","0","0","0","0","0","0","0","0","0","0","0","0","0","0","0","0","0","0","0","0","0","0","0","0","0","0","0","0","2931","0","2931","0","0","0","0","0","0","0","0","0","976228","0","676656","0","301569","0","24126","0","1997","0","2","0","0","0","0","0","0","0","0","0","0","0","0","0","0","0","0","0","0","0","0","0","0","0","0","0","0","0","0","0","0","55780","0","0","39543","0","0","0","0","0","16236","0","1299","0","0","0","0","0","2760","0","0","0","0","0","0","0","0","0","0","0","0","0","0","0","0","0","0","0","0","0","0","0","0","0","0","0","0","0","0","0","0","0","0","0","0","0","0","0","0","0","0","0","0","0","0","0","0","0","0","0","0","0","0","0","0","0","0","0","0","0","0","0","0","0","0","0","0","0","0","0","0","0","0","0","0","0","0","0","0","0","0","0","0","3","2169","9492","0","0","0","0","0","0","0","0","0","0","0","0","0","0","0","0","0","0","0","0","0","0","0","0","0","0","0","0","0","0","0","0","0","0","0","0","0","0","0","0","0","0","0","0","0","0","0","0","0","0","0","0","0","0","0","0","0","0","0","0","0","0","0","2181","1","13721","1","0","0","653","1","0","0","0","0","0","0","0","114","1","0","0","0","0","0","0","0","0","0","841","1","0","0","0","0","0","0","0","0","0","0","0","0","768289","219","0","0","0","0","0","0","0","0","0","0","0","0","0","0","0","0","0","0","0","0","0","0","0","0","0","0","0","0","0","0","0","0","0","0","0","0","0","0","0","0","0","0","0","0","0","0","0","0","0","0","0","0","0","0","0","0","0","0","0","0","0","0","0","0","0","0","0","0","0","0","0","0","0","0","0","0","0","0","0","0","0","0","0","0","0","0","0","0","0","0","0","0","0","0","0","0","0","0","0","0","0","0","0","0","0","0","0","0","0","0","0","0","0","0","0","0","0","0","0","0","0","0","0","0","0","0","0","0","0","0","0","0","0","0","0","0","0","0","0","0","0","0","0","0","0","0","0","0","0","0","0","0","0","0","0","0","0","0","0","0","0","0","0","0","0","0","0","0","0","0","0","0","0","0","0","0","0","0","0","0","0","0","0","0","0","0","0","0","0","0","0","0","0","0","0","0","0","0","0","0","0","0","0","0","0","0","0","0","0","0","0","0","0","0"
"Республика Карелия","68065845","32735867","4428441","1848400","60747000","35961669","5062449","5650105","10957","5799","3611","0","4257","6176","6687925","324196","141","6363728","7027884","508939","0","114219","2","4869","0","61321","0","1","0","251549","16967","36288","81049","0","0","0","0","0","0","0","261458","0","1261","578","482","234","0","13884","878523","0","13819","732492","0","64","152541","0","16","38135","0","5","12203","0","0","6510","0","13","43","0","0","2","0","0","0","873106","0","0","1003505","0","0","108850","0","0","46","0","0","339","0","0","26828","0","0","8662","0","0","243404","0","0","5","0","0","0","0","0","0","0","0","0","0","0","0","0","0","0","0","0","0","0","0","0","0","0","0","0","0","30593","0","29468","0","1124","0","90","0","0","0","0","0","1954888","0","1845311","0","345559","0","27645","0","235982","0","18","0","0","0","0","0","0","0","0","0","0","0","0","0","0","0","0","0","0","0","0","0","0","0","0","0","0","0","0","892381","81062","35856","909001","84354","20180","5168","0","0","71624","5453","15677","273","1254","0","5730","164","12176","927","2665","93411","8745","0","4","1","0","0","0","0","0","0","0","0","0","0","0","0","0","0","0","0","0","0","0","12638","15227","0","0","2589","0","2","0","0","0","0","0","0","0","0","1253818","1246826","0","0","0","0","0","0","25008083","0","0","5390","0","0","0","0","0","0","0","0","0","0","0","0","0","0","0","0","0","0","0","0","0","0","0","0","0","0","0","608","1","0","0","0","0","38","41462","1716713","0","0","0","0","0","0","0","0","0","0","0","0","0","0","55072","2","26","1","0","0","0","0","0","0","0","0","0","46066","1","11516","0","0","0","0","0","0","0","0","0","0","0","0","0","0","754","1","275212","1","34402","0","0","0","0","0","0","0","0","0","0","0","0","0","0","1523","2","54","1","9944","4","13793","11","0","0","0","0","0","0","0","15594","8","52","3","590","2","3831","1","958","0","0","8173","12","0","0","0","0","0","0","145","2","0","0","0","0","3598282","908","1732946","9","0","0","0","0","0","0","0","0","0","0","0","0","81622","1","10203","0","0","0","0","0","0","818","2","102","0","0","0","0","0","0","0","0","0","0","0","0","128652","1","0","0","0","0","0","0","0","0","0","0","0","0","0","0","0","0","0","0","675","1","0","0","0","0","0","0","0","0","0","0","0","0","0","0","0","0","0","0","0","0","0","0","0","0","0","0","0","0","0","0","0","0","0","0","0","0","0","0","0","0","0","0","0","0","0","0","0","0","0","0","0","0","0","0","0","0","0","0","0","0","0","0","0","0","0","0","0","0","0","0","0","0","0","0","0","0","0","0","0","0","0","0","0","0","0","0","0","0","0","0","0","0","0","0","0","0","0","0","0","0","0","0","0","0","0","0","0","0","0","0","0","0","0","0","0","0","0","0","0","0","0","0","0","0","0","0","0","0","0","0","0","0","0","0","0","0","0","0","0","0","0","0","0","0","0","0","0","0","0","0","0","0","0","0"
"Республика Коми","247460721","27182754","10885728","2265446","215364332","27822829","11830421","4200491","77899","0","28675","664","73","0","31200845","1776549","98","29427585","2575784","2928048","3407","49302","4","0","0","0","0","0","0","768365","147129","17835","444137","0","1","0","0","0","0","0","493439","0","1274","325","904","89","0","196538","708945","37527","180164","567979","17225","16374","145576","20302","4094","36394","5076","1310","11646","1624","0","4609","0","126","34","4","0","4","0","0","0","0","0","0","0","0","0","0","0","0","0","0","0","0","0","0","0","0","0","0","0","0","0","0","0","0","0","0","0","0","0","0","0","0","0","0","0","0","0","0","0","0","0","0","0","0","0","0","0","0","0","0","129494","0","107556","0","21939","0","1755","0","0","0","0","0","0","470106","0","458525","0","11581","0","926","0","0","0","0","0","0","0","0","0","0","0","0","0","0","0","0","0","0","0","0","0","0","0","0","0","0","0","0","0","0","0","23510","467870","0","33167","452729","0","0","0","0","0","15141","0","757","0","0","0","454","0","2574","0","9658","0","0","1","0","0","0","0","0","0","0","0","0","0","0","0","0","0","0","0","0","0","0","0","169991","115558","27217","27217","0","2177","0","2","0","0","0","0","0","0","0","4100","3664","14000","14000","0","0","0","0","0","1137","0","133943","0","0","0","0","0","0","0","0","0","0","0","0","0","0","0","0","0","0","0","0","0","0","0","0","0","0","0","0","0","0","0","0","0","39","350548","2523516","0","0","0","0","0","0","0","0","0","0","0","0","0","0","55281","4","18","1","0","0","0","0","0","0","1493","1","187","175808","4","43952","0","0","0","57","1","9","0","0","0","0","0","0","375","1","0","0","631282","4","78910","0","0","0","0","0","0","0","0","0","0","0","8007","4","2002","8442","9","13257","4","10629","7","44327","15","0","0","0","0","0","292609","4","117587","13","13847","9","428","4","76069","2","19017","324","1","31364","22","0","0","0","0","0","0","0","0","153754","2","0","0","6837973","630","837793","4","0","0","0","0","0","0","27912","4","6978","0","0","0","0","0","0","0","0","0","0","0","0","35357","6","4420","337","1","56","0","0","0","0","0","0","0","0","0","0","0","0","0","0","0","0","0","0","0","0","0","0","0","0","0","0","0","0","0","0","0","0","0","0","0","0","0","0","0","0","0","0","0","0","0","0","0","0","0","0","0","0","0","0","0","0","0","0","0","0","0","0","0","0","0","0","0","0","0","0","0","0","0","0","0","0","0","0","0","0","0","0","0","0","0","0","0","0","0","0","0","0","0","0","0","0","0","0","0","0","0","0","0","0","0","0","0","0","0","0","0","0","0","0","0","0","0","0","0","0","0","0","0","0","0","0","0","0","0","0","0","0","0","0","0","0","0","0","0","0","0","0","0","0","0","0","0","0","0","0","0","0","0","0","0","0","0","0","0","0","0","0","0","0","0","0","0","0","0","0","0","0","0","0","0","0","0","0","0","0","0","0","0","0","0"
"Республика Крым","153989200","13462484","58373830","4180720","142481953","20094181","43101027","2609284","39624","1964","1626458","10685","0","2001","25193218","612383","179","24580835","5070982","1944329","48","730","1","0","0","0","0","0","0","1402081","100880","10842","153096","0","0","0","0","0","0","0","153826","0","3623","505","2729","202","0","579949","1196797","0","420500","963613","0","159762","233185","0","39941","58296","0","12781","18655","0","313","0","0","384","44","0","2","0","0","0","0","0","0","0","0","0","0","0","0","0","0","0","0","0","0","0","0","0","0","0","0","0","0","0","0","0","0","103105624","0","0","99229963","0","0","326740","0","0","7427817","0","0","16730","0","881859","0","0","575470","0","0","3876886","0","0","92","0","4240","596","2197","595","2043","1","163","0","0","0","0","0","4689700","0","3776271","0","936262","0","74901","0","22832","0","6","0","0","0","0","0","0","0","0","0","0","0","0","0","0","0","0","0","0","0","0","0","0","0","0","0","0","0","0","0","5313","0","0","4943","0","0","0","0","0","370","0","18","0","0","0","11","0","63","0","0","0","0","0","0","0","0","0","0","0","0","0","0","0","0","0","0","0","0","0","0","0","0","0","1409","898","0","511","0","40","0","5","0","0","0","0","0","0","0","581","566","0","0","0","0","0","0","17846","0","0","0","0","0","0","0","0","0","0","0","0","0","0","0","0","0","0","0","0","0","0","0","0","0","0","0","0","0","0","0","0","0","0","0","0","35","7169","905374","0","0","0","0","0","0","0","0","0","0","0","0","0","0","0","0","0","0","0","0","0","0","0","0","0","0","0","0","0","0","0","0","0","0","0","0","0","0","0","0","0","0","0","0","0","0","0","0","0","0","0","0","0","0","0","0","0","0","0","0","0","0","0","0","0","0","0","0","0","0","0","0","0","0","0","0","0","0","876","1","0","0","0","0","0","0","0","0","0","0","0","0","0","0","0","0","0","0","0","0","0","0","0","11114094","2194","471319","3","0","0","0","0","0","0","0","0","0","0","0","0","0","0","0","0","0","0","0","0","0","22","1","3","0","0","0","0","0","0","0","0","0","0","0","0","0","0","0","0","0","0","0","0","0","0","0","0","0","0","0","0","0","0","0","0","0","0","0","0","0","0","0","0","0","0","0","0","0","0","0","0","0","0","0","0","0","0","0","0","0","0","0","0","0","0","0","0","0","0","0","0","0","0","0","0","0","0","0","0","0","0","0","0","0","0","0","0","0","0","0","0","0","0","0","0","0","0","0","0","0","0","0","0","0","0","0","0","0","0","0","0","0","0","0","0","0","0","0","0","0","0","0","0","0","0","0","0","0","0","0","0","0","0","0","0","0","0","0","0","0","0","0","0","0","0","0","0","0","0","0","0","0","0","0","0","0","0","0","0","0","0","0","0","0","0","0","0","0","0","0","0","0","0","0","0","0","0","0","0","0","0","0","0","0","0","0","0","0","0","0","0"
"Республика Марий-Эл","96029101","6078018","3834598","518102","88220864","7052610","2784512","750870","53022","1192","8797","623","87","1","8902461","84668","63","8817792","1206051","705423","0","1680","3","861","0","4306","0","2","0","425701","18718","8240","21167","0","0","0","0","0","0","0","28014","0","1746","209","1012","72","0","344395","582282","877","322877","476213","800","21518","106069","77","5379","26517","19","1721","8486","6","0","0","0","131","34","1","0","0","0","0","0","0","0","0","0","0","0","0","0","0","0","0","0","0","0","0","0","0","0","0","0","0","0","0","0","0","0","0","0","0","0","0","0","0","0","0","0","0","0","0","0","0","0","0","0","0","0","0","0","0","0","0","102260","0","91901","0","10359","0","829","0","0","0","0","0","3484199","0","2797161","0","692433","0","55395","0","5395","0","4","0","0","0","0","0","0","0","0","0","0","0","0","0","0","0","0","0","0","0","0","0","0","0","0","0","0","0","0","0","2362554","8874187","0","1958645","10289260","0","0","0","0","500757","499922","25038","39994","0","0","15023","0","85129","84987","0","96848","1914994","0","2","2","0","0","0","0","0","0","0","0","0","0","0","0","0","0","0","0","0","0","5289","7004","0","0","1715","0","3","0","0","0","0","0","0","0","0","219331","189607","25000","25000","0","0","0","0","0","3298","0","6810","0","0","0","0","0","0","0","0","0","0","0","0","0","0","0","0","0","0","0","0","0","0","0","0","0","0","0","0","0","0","0","0","0","23","17352","119734","0","0","0","0","0","0","0","0","0","0","0","0","0","0","0","0","0","0","0","0","0","0","0","0","0","0","0","0","0","0","0","0","0","0","0","0","0","0","0","0","0","0","0","0","0","0","0","0","0","0","0","0","0","0","0","0","0","0","0","0","0","0","0","33","1","0","0","6131","2","17126","4","0","0","0","0","0","0","0","8958","3","0","0","1422","1","12849","1","3212","0","0","3436","5","0","0","0","0","0","0","0","0","0","0","0","0","2171724","811","46098","4","0","0","0","0","0","0","0","0","0","0","0","0","0","0","0","0","0","0","0","0","0","1337","1","167","0","0","0","0","0","0","0","0","0","0","0","0","0","0","0","0","0","0","0","0","0","0","0","0","0","0","0","0","0","0","0","0","0","0","0","0","0","0","0","0","0","0","0","0","0","0","0","0","0","0","0","0","0","0","0","0","0","0","0","0","0","0","0","0","0","0","0","0","0","0","0","0","0","0","0","0","0","0","0","0","0","0","0","0","0","0","0","0","0","0","0","0","0","0","0","0","0","0","0","0","0","0","0","0","0","0","0","0","0","0","0","0","0","0","0","0","0","0","0","0","0","0","0","0","0","0","0","0","0","0","0","0","0","0","0","0","0","0","0","0","0","0","0","0","0","0","0","0","0","0","0","0","0","0","0","0","0","0","0","0","0","0","0","0","0","0","0","0","0","0","0","0","0","0","0","0","0","0","0","0","0","0","0","0","0","0","0","0"
"Республика Мордовия","120903926","26377984","4653163","1685806","110384403","24682662","4261592","6844329","15076","66624","84043","0","4458","508","10837671","306015","122","10531656","3397088","842314","75","1536","3","0","0","1001","0","1","0","420336","24657","6115","76504","119","7","0","0","0","0","0","79160","142","1666","386","1542","368","0","56780","703573","0","54570","620054","0","2211","86119","0","553","21530","0","177","6890","0","1","2600","0","83","29","0","1","1","0","0","0","1395792","0","0","1325071","0","0","227990","0","0","0","0","0","21609","0","0","35388","0","0","18239","0","0","157314","0","0","6","0","0","0","0","0","0","0","0","0","0","0","0","0","0","0","0","0","0","0","0","0","0","0","0","0","0","0","0","0","0","0","0","0","0","0","0","0","0","20506874","0","13871070","0","6654781","0","532383","0","18977","0","3","0","0","0","0","0","0","0","0","0","0","0","0","0","0","0","0","0","0","0","0","0","0","0","0","0","0","0","0","0","902577","15570638","0","800419","14977345","0","2261","0","0","100554","698407","5028","55873","0","0","3017","0","17094","118729","0","0","105113","0","1","5","0","0","0","0","0","0","0","0","0","0","0","0","0","0","0","0","0","0","10301","13481","13177","0","3181","0","5","1","0","0","0","0","0","0","0","0","0","212495","212495","0","0","0","0","25287","665","0","1994","0","0","0","0","0","0","0","0","0","0","0","0","0","0","0","0","0","0","0","0","0","0","0","0","0","0","0","0","0","0","0","0","0","32","51643","430027","0","0","0","0","0","0","0","0","0","0","0","0","0","0","28","1","0","0","0","0","0","0","0","0","0","0","0","0","0","0","0","0","0","355","1","59","0","0","0","0","0","0","0","0","0","0","0","0","0","0","0","0","0","0","0","0","0","0","0","0","0","0","0","1574","1","1264","1","112","2","1784","5","0","0","0","0","0","0","0","1181","1","0","0","0","0","0","0","0","0","0","431","4","0","0","0","0","0","0","0","0","15","1","0","0","3807893","947","289","1","0","0","0","0","0","0","0","0","0","0","0","0","0","0","0","0","0","0","0","0","0","0","0","0","0","0","0","0","0","0","0","0","0","0","0","0","0","0","0","0","0","0","0","0","0","0","0","0","0","0","0","0","0","0","0","0","0","0","0","0","0","0","0","0","0","0","0","0","0","0","0","0","0","0","0","0","0","0","0","0","0","0","0","0","0","0","0","0","0","0","0","0","0","0","0","0","0","0","0","0","0","0","0","0","0","0","0","0","0","0","0","0","0","0","0","0","0","0","0","0","0","0","0","0","0","0","0","0","0","0","0","0","0","0","0","0","0","0","0","0","0","0","0","0","0","0","0","0","0","0","0","0","0","0","0","0","0","0","0","0","0","0","0","0","0","0","0","0","0","0","0","0","0","0","0","0","0","0","0","0","0","0","0","0","0","0","0","0","0","0","0","0","0","0","0","0","0","0","0","0","0","0","0","0","0","0","0","0","0","0","0","0"
"Республика Саха (Якутия)","259085252","82547796","27150519","21062116","205990075","106652808","30351786","27065563","27907","56791","593006","3702635","29481","0","49299331","2631542","99","46667790","33754303","3733423","0","5780","2","0","0","0","0","0","0","1414533","293238","70355","657885","0","0","0","0","0","0","0","663665","0","1395","706","1883","177","0","265347","660068","0","220453","471270","0","44664","192000","0","11165","48000","0","3573","15360","0","53","3202","0","151","36","0","1","3","0","57678046","5963891","20057579","85108460","5673445","24924081","3659266","649335","1263376","0","0","55705","376528","64933","66925","538288","97400","193214","292741","51947","45365","31089680","443964","6233594","2","3","9","0","0","23632568","0","0","20119189","0","0","0","0","0","3513379","0","0","0","0","421605","0","0","0","0","0","0","0","0","0","71276","0","10901","0","60375","0","4830","0","0","0","0","0","1151","239216","1858","234260","0","5934","0","475","707","977","3","1","0","0","0","0","0","0","0","0","0","0","0","0","0","0","0","0","0","0","0","0","0","0","0","0","0","0","0","163230","111836","0","244693","98455","0","0","5298","0","27691","8083","0","404","0","0","2215","242","4707","1374","0","109153","0","0","1","0","0","0","0","0","0","0","0","0","0","0","0","0","0","0","0","0","0","0","0","159017","146297","0","12720","0","1018","0","0","0","0","0","0","0","0","0","0","0","54526","54737","0","0","0","23","6007516","1003","0","3345","0","0","519","0","0","0","0","0","0","0","0","0","0","0","0","0","0","0","0","0","0","0","0","0","0","525306","0","0","0","0","0","0","0","60","2379428","8056501","0","0","0","0","0","0","0","0","0","0","0","0","0","0","170174","3","0","0","0","0","0","0","0","0","0","0","0","13893","1","3473","0","0","0","0","0","0","2732","1","455","0","0","0","0","0","0","0","0","0","0","0","0","0","0","0","0","0","0","0","0","0","22986","2","5746","6229","6","3203","2","9042","9","157364","18","0","0","0","0","0","198236","4","5135","7","544","3","684","3","4682","2","1171","812","2","33090","11","0","0","0","0","0","0","0","0","0","0","0","0","21656148","987","2418348","8","0","0","0","0","0","0","0","0","0","0","0","0","0","0","0","0","0","0","0","0","0","18206","7","2276","0","0","0","0","0","0","0","0","0","0","0","0","0","0","0","0","0","0","0","0","0","0","0","0","0","0","0","0","0","0","0","0","0","0","0","0","0","0","0","0","0","0","0","0","0","0","0","0","0","0","0","0","0","0","0","0","0","0","0","0","0","0","0","0","0","0","0","0","0","0","0","0","0","0","0","0","0","0","0","0","0","0","0","0","0","0","0","0","0","0","0","0","0","0","0","0","0","0","0","0","0","0","0","0","0","0","0","0","0","0","0","0","0","0","0","0","0","0","0","0","0","0","0","0","0","0","0","0","0","0","0","0","0","0","0","0","0","0","0","0","0","0","0","0","0","0","0","0","0","0","0","0","0","0","0","0","0","0","0","0","0","0","0","0","0","0","0","0","0","0","0","0","0","0","0","0","0","0","0","0","0","0","0","0","0","0","0","0"
"Республика Северная Осетия - Алания","29149274","5302994","758027","943268","26337075","6987108","1039479","499296","198797","985","213","0","3939","0","2725392","218629","36","2506764","1239157","200340","0","0","0","0","0","0","0","0","0","113932","10492","951","54657","0","0","0","0","0","0","0","54657","0","665","174","790","284","0","210118","438220","142468","264044","349844","71980","219","98383","70488","55","24596","17622","18","7871","5639","54145","3396","0","44","21","1","2","2","0","0","0","0","0","0","0","0","0","0","0","0","0","0","0","0","0","0","0","0","0","0","0","0","0","0","0","0","0","0","0","0","0","0","0","0","0","0","0","0","0","0","0","0","0","0","0","0","0","0","0","0","0","0","5541","0","5541","0","0","0","0","0","0","0","0","0","1912864","167686","1466239","122521","579687","45165","46375","3613","133062","0","3","0","0","0","0","0","0","0","0","0","0","0","0","0","0","0","0","0","0","0","0","0","0","0","0","0","0","0","0","0","0","663670","0","0","475786","0","0","0","0","0","187884","0","15031","0","0","0","0","0","31940","0","0","0","0","0","0","0","0","0","0","0","0","0","0","0","0","0","0","0","0","0","0","0","0","0","0","0","0","0","0","0","0","0","0","0","0","0","0","0","0","0","1250","2643","0","0","0","0","0","0","0","0","0","0","0","0","0","0","0","0","0","0","0","0","0","0","0","0","0","0","0","0","0","0","0","0","0","0","0","0","0","0","0","0","0","2","0","3821","0","0","0","0","0","0","0","0","0","0","0","0","0","0","0","0","0","0","0","0","0","0","0","0","0","0","0","0","0","0","0","0","0","0","0","0","0","0","0","0","0","0","0","0","0","0","0","0","0","0","0","0","0","0","0","0","0","0","0","0","0","0","0","0","0","0","0","0","0","0","0","0","0","0","0","0","0","0","0","0","0","0","0","0","0","0","0","0","0","0","0","0","0","0","0","0","0","0","0","0","0","0","0","964355","341","0","0","0","0","0","0","0","0","0","0","0","0","0","0","0","0","0","0","0","0","0","0","0","0","0","0","0","0","0","0","0","0","0","0","0","0","0","0","0","0","0","0","0","0","0","0","0","0","0","0","0","0","0","0","0","0","0","0","0","0","0","0","0","0","0","0","0","0","0","0","0","0","0","0","0","0","0","0","0","0","0","0","0","0","0","0","0","0","0","0","0","0","0","0","0","0","0","0","0","0","0","0","0","0","0","0","0","0","0","0","0","0","0","0","0","0","0","0","0","0","0","0","0","0","0","0","0","0","0","0","0","0","0","0","0","0","0","0","0","0","0","0","0","0","0","0","0","0","0","0","0","0","0","0","0","0","0","0","0","0","0","0","0","0","0","0","0","0","0","0","0","0","0","0","0","0","0","0","0","0","0","0","0","0","0","0","0","0","0","0","0","0","0","0","0","0","0","0","0","0","0","0","0","0","0","0","0","0","0","0","0","0","0","0"
"Республика Татарстан","2463091327","339351735","258738773","110501107","2290005794","361918305","127308553","119827108","2492967","438974","36235299","8956982","49261","18419","270727602","8453162","997","262274440","40433088","17359272","520","162610","17","0","0","0","0","0","0","7035615","3201062","385669","2113291","0","0","4207034","11633153","38","0","0","18116088","7","24385","2937","11048","1534","1","3874285","7622427","0","3429887","6041729","0","457274","1642032","0","114319","410508","0","36582","131363","0","12876","61335","0","494","187","0","6","13","0","0","0","39999311","0","0","38800534","0","0","2070269","0","0","102624","0","0","167653","0","0","247289","0","0","63541","0","0","961246","0","0","30","0","0","47238470","0","0","59050223","0","0","0","0","0","1910441","0","0","0","0","56573","0","0","152835","0","0","13722194","0","0","1","18074","6932","14677","0","3416","6932","273","555","19","0","1","0","39312829","0","35507845","0","4898265","0","391862","0","1093280","0","37","0","0","0","0","0","0","0","0","0","0","0","0","0","0","0","0","0","0","0","0","0","0","0","0","0","0","0","0","0","22948607","16283711","0","19071058","14339155","0","75976","0","0","5360900","2243388","268045","179471","0","0","160827","0","911353","381376","0","1559326","298832","0","35","5","0","0","0","0","0","0","0","0","0","0","0","0","0","0","0","0","0","0","3132687","3023260","15028","97461","3061","7797","5","5","0","0","0","0","0","0","0","12207486","12322854","2148185","2149150","0","0","4145","83971","36476542","2787130","0","967841","0","0","27000","0","0","0","0","0","25694","0","0","0","0","0","0","0","0","90932","0","0","0","0","0","0","0","68236","101710","13","1","0","0","0","0","349","2422473","14961359","0","0","0","0","0","0","0","0","0","0","0","0","0","0","122815","13","597","2","0","0","0","132779","2","16597","2397","1","300","315999","2","79000","0","0","0","9673630","4","1612272","0","0","0","0","0","0","0","0","194","3","0","0","0","0","0","0","0","0","0","0","0","0","0","0","5675","1","1419","265384","14","243364","13","85364","27","153851","65","47703","3","18962","24","4740","628238","53","489869","110","34204","34","7606","16","62585","12","15646","14493","6","203597","104","0","0","0","0","0","0","492","1","48460","4","0","0","94781235","11050","2961050","33","0","0","0","0","0","0","105715","2","26429","0","0","0","546","1","68","0","0","0","1924","1","240","196792","26","24599","0","0","0","857","1","143","0","0","0","0","0","0","18139","1","0","0","269105","1","0","0","0","0","0","0","0","0","0","0","0","0","0","0","0","0","0","0","0","0","0","0","0","0","0","0","0","0","0","0","0","0","0","0","0","0","0","0","0","0","0","0","0","0","0","0","0","0","0","0","0","0","0","0","0","0","0","0","0","0","0","0","0","0","0","0","0","0","0","0","0","0","0","0","0","0","0","0","0","0","0","0","0","0","0","0","0","0","0","0","0","0","0","0","0","0","0","0","0","0","0","0","0","0","0","0","0","0","0","0","0","0","0","0","0","0","0","0","0","0","0","0","0","0","0","0","0","0","0","0","0","0","0","0","0","0","0","0","0","0","0","0","0","0","0","0","0","0","0","0","0","0","0","0","0","0","0","0","0","0","0","0","0","0","0","0","0","0","0","0"
"Республика Тыва","10143688","2437041","1259338","503926","8038915","3580284","1922736","338669","30","0","0","0","0","0","1441405","2499","6","1438906","977985","115112","0","0","0","0","0","0","0","0","0","110327","3452","6911","625","0","0","0","0","0","0","0","625","0","185","41","40","7","0","0","47445","0","0","47384","0","0","65","0","0","16","0","0","5","0","0","5","0","1","13","0","0","1","0","0","616466","0","0","738558","0","0","0","0","0","0","0","0","0","0","0","0","0","0","0","0","0","122092","0","0","1","0","0","0","0","0","0","0","0","0","0","0","0","0","0","0","0","0","0","0","0","0","0","0","0","0","0","0","0","0","0","0","0","0","0","0","0","0","0","0","0","0","0","0","0","0","0","0","0","0","0","0","0","0","0","0","0","0","0","0","0","0","0","0","0","0","0","0","0","0","0","0","0","0","0","0","0","0","0","0","0","0","0","0","0","0","0","0","0","0","0","0","0","0","0","0","0","0","0","0","0","0","0","0","0","0","0","0","0","0","0","0","0","0","0","0","0","0","0","0","0","0","0","0","0","0","0","0","0","0","0","0","0","0","0","0","0","0","0","0","0","0","0","0","0","0","0","0","0","0","0","0","0","0","0","0","0","0","0","0","0","0","0","0","0","0","0","0","0","0","0","0","0","0","755496","0","0","0","0","0","0","0","0","3","11847","41399","0","0","0","0","0","0","0","0","0","0","0","0","0","0","0","0","0","0","0","0","0","0","0","0","0","0","0","0","0","0","0","0","0","0","0","0","0","0","0","0","0","0","0","0","0","0","0","0","0","0","0","0","0","0","0","0","0","0","0","0","0","0","0","6471","2","0","0","19","1","1964","2","0","0","0","0","0","0","0","0","0","0","0","0","0","0","0","0","0","0","361","1","0","0","0","0","0","0","0","0","0","0","0","0","687982","52","22763","1","0","0","0","0","0","0","0","0","0","0","0","0","0","0","0","0","0","0","0","0","0","0","0","0","0","0","0","0","0","0","0","0","0","0","0","0","0","0","0","0","0","0","0","0","0","0","0","0","0","0","0","0","0","0","0","0","0","0","0","0","0","0","0","0","0","0","0","0","0","0","0","0","0","0","0","0","0","0","0","0","0","0","0","0","0","0","0","0","0","0","0","0","0","0","0","0","0","0","0","0","0","0","0","0","0","0","0","0","0","0","0","0","0","0","0","0","0","0","0","0","0","0","0","0","0","0","0","0","0","0","0","0","0","0","0","0","0","0","0","0","0","0","0","0","0","0","0","0","0","0","0","0","0","0","0","0","0","0","0","0","0","0","0","0","0","0","0","0","0","0","0","0","0","0","0","0","0","0","0","0","0","0","0","0","0","0","0","0","0","0","0","0","0","0","0","0","0","0","0","0","0","0","0","0","0","0","0","0","0","0","0","0"
"Удмуртская Республика","363829572","92704760","26113148","4805873","330730824","99629088","19165779","9633191","42734","1317634","1351590","5263","330340","2715","38412496","1242750","268","37169937","10441990","2972487","5798","1149","3","25016","0","171849","0","11","0","1669199","196858","69379","310688","0","0","0","0","0","0","0","508702","0","6503","889","2689","373","0","460391","2910816","25316","393933","2400009","23918","66458","522112","1398","16615","130528","350","5317","41769","112","0","11304","0","183","83","5","0","4","0","0","0","2585002","0","0","2361926","0","0","286030","0","0","14327","0","0","23373","0","0","33807","0","0","8555","0","0","123493","0","0","8","0","0","0","0","0","0","0","0","0","0","0","0","0","0","0","0","0","0","0","0","0","0","0","0","0","0","196835","0","154767","0","43125","0","3450","0","1056","0","1","0","10137381","0","8765108","0","1539699","0","123176","0","167426","0","3","0","0","0","0","0","0","0","0","0","0","0","0","0","0","0","0","0","0","0","0","0","0","0","0","0","0","0","0","0","3268547","1656224","0","2232036","1645840","0","0","0","0","1174491","10385","58725","831","0","0","35235","0","199663","1765","0","137980","0","0","10","0","0","3800879","0","3362192","0","0","0","450488","0","36039","0","986","0","75597","0","11800","0","1","31179","34167","0","150","3138","12","4","1","0","0","0","0","0","0","0","1525233","1436456","475248","469739","0","0","5574","1566","750197","5958","0","13229","0","0","0","0","0","0","0","0","0","0","0","0","0","0","0","0","0","0","0","0","0","0","0","0","0","0","0","569","1","0","0","0","0","119","141497","3494592","0","0","0","0","0","0","0","0","0","0","0","0","0","0","2704","5","0","0","0","0","0","0","0","0","0","0","0","4789","1","1197","0","0","0","277","1","46","0","0","0","0","0","0","0","0","560","4","0","0","0","54320","1","0","0","0","0","0","0","0","0","0","3384","2","846","4446","5","0","0","7052","9","67273","30","0","0","0","0","0","90788","11","68233","29","4689","19","10167","14","14585","8","3646","0","0","44028","36","0","0","0","0","0","0","0","0","9846","1","0","0","9492651","2802","98202","13","0","0","0","1000","1","250","39196","2","9799","0","0","0","0","0","0","0","0","0","0","0","0","15159","5","1895","0","0","0","0","0","0","0","0","0","0","0","0","0","0","0","0","0","0","0","0","0","0","0","0","0","0","0","0","0","0","0","0","0","0","0","0","0","0","0","0","0","0","0","0","0","0","0","0","0","0","0","0","0","0","0","0","0","0","0","0","0","0","0","0","0","0","0","0","0","0","0","0","0","0","0","0","0","0","0","0","0","0","0","0","0","0","0","0","0","0","0","0","0","0","0","0","0","0","0","0","0","0","0","0","0","0","0","0","0","0","0","0","0","0","0","0","0","0","0","0","0","0","0","0","0","0","0","0","0","0","0","0","0","0","0","0","0","0","0","0","0","0","0","0","0","0","0","0","0","0","0","0","0","0","0","0","0","0","0","0","0","0","0","0","0","0","0","0","0","0","0","0","0","0","0","0","0","0","0","0","0","0","0","0","0","0","0","0"
"Республика Хакасия","91096320","33760113","13870417","1841086","84519761","36782288","15696626","4106453","11390","6308","9136","36","0","0","4754942","622979","53","4131964","5281270","330539","0","14003","3","123","0","0","0","0","0","175296","21567","46442","155745","0","3","0","0","0","0","0","169871","0","967","165","871","31","0","207935","435963","0","212150","390696","0","1893","58950","0","473","14738","0","151","4716","0","6108","13683","0","123","24","0","1","2","0","1411240","0","0","1474979","0","0","0","0","0","0","0","0","0","0","0","0","0","0","0","0","0","63739","0","0","1","0","0","0","0","0","0","0","0","0","0","0","0","0","0","0","0","0","0","0","0","0","0","0","0","0","0","0","0","405","0","405","0","0","0","0","0","0","0","0","0","280755","0","238965","0","42186","0","3375","0","396","0","1","0","0","0","0","0","0","0","0","0","0","0","0","0","0","0","0","0","0","0","0","0","0","0","0","0","0","0","0","0","0","0","0","0","0","0","0","0","0","0","0","0","0","0","0","0","0","0","0","0","0","0","0","0","0","0","0","0","0","0","0","0","0","0","0","0","0","0","0","0","0","0","0","6130045","5106685","0","1023360","0","81869","0","0","0","0","0","0","0","0","0","0","0","4701","2873","0","0","2277","0","13302","5535","0","0","0","0","0","0","0","0","0","0","0","0","0","0","0","0","0","0","0","0","0","0","0","0","0","0","0","0","0","0","0","0","0","0","0","26","139490","568606","0","0","0","0","0","0","0","0","0","0","0","0","0","0","105344","1","0","0","0","0","0","0","0","0","0","0","0","0","0","0","0","0","0","0","0","0","0","0","0","0","0","0","0","0","0","0","12109","2","1514","0","0","0","0","0","0","0","0","0","0","0","4652","3","1163","27425","5","35836","1","2837","6","7235","6","135","1","0","0","0","1192","1","11408","7","238","4","15356","1","1108","1","277","0","0","2636","6","0","0","0","0","0","0","0","0","0","0","0","0","2501170","424","0","0","0","0","0","0","0","0","13940","1","3485","0","0","0","0","0","0","0","0","0","0","0","0","20","1","3","0","0","0","0","0","0","0","0","0","0","0","0","0","0","0","0","0","0","0","0","0","0","0","0","0","0","0","0","0","0","0","0","0","0","0","0","0","0","0","0","0","0","0","0","0","0","0","0","0","0","0","0","0","0","0","0","0","0","0","0","0","0","0","0","0","0","0","0","0","0","0","0","0","0","0","0","0","0","0","0","0","0","0","0","0","0","0","0","0","0","0","0","0","0","0","0","0","0","0","0","0","0","0","0","0","0","0","0","0","0","0","0","0","0","0","0","0","0","0","0","0","0","0","0","0","0","0","0","0","0","0","0","0","0","0","0","0","0","0","0","0","0","0","0","0","0","0","0","0","0","0","0","0","0","0","0","0","0","0","0","0","0","0","0","0","0","0","0","0","0","0","0","0","0","0","0","0","0","0","0","0","0","0","0","0","0","0","0"
"Чеченская Республика","102249831","13189822","3005968","559002","99462242","13958259","2266658","2814346","140262","899","10952","0","0","0","3656212","325297","51","3330915","3022881","262811","0","0","0","0","0","0","0","0","0","188893","13986","625","81324","0","0","326","925","2","0","0","82575","0","1178","116","1347","458","0","430904","196003","0","302532","157585","0","127982","38417","0","31995","9604","0","10239","3073","0","0","0","0","87","16","0","0","0","0","2770781","0","0","2420973","0","0","349807","0","0","10462","0","0","47224","0","0","29766","0","0","17523","0","0","0","0","0","0","0","0","0","0","0","0","0","0","0","0","0","0","0","0","0","0","0","0","0","0","0","0","0","0","0","0","0","0","0","0","0","0","0","0","0","0","0","0","0","0","1132336","0","1066831","0","65505","0","5240","0","0","0","0","0","0","0","0","0","0","0","0","0","0","0","0","0","0","0","0","0","0","0","0","0","0","0","0","0","0","0","0","0","0","0","0","0","0","0","0","0","0","0","0","0","0","0","0","0","0","0","0","0","0","0","0","0","0","0","0","0","0","0","0","0","0","0","0","0","0","0","0","0","0","0","0","0","0","0","0","0","0","0","0","0","0","0","0","0","0","0","0","0","0","0","0","0","0","0","0","0","0","0","0","0","0","0","0","0","0","0","0","0","0","0","0","0","0","0","0","0","0","0","0","0","0","0","0","0","0","0","0","0","0","0","0","2","3677","14206","0","0","0","0","0","0","0","0","0","0","0","0","0","0","0","0","0","0","0","0","0","0","0","0","0","0","0","0","0","0","0","0","0","0","0","0","0","0","0","0","0","0","0","0","0","0","0","0","0","0","0","0","0","0","0","0","0","0","0","0","0","0","0","0","0","0","0","0","0","251","1","0","0","0","0","0","27566","1","704","1","198","1","0","0","0","0","0","0","0","0","0","0","0","0","0","0","0","0","0","0","0","0","0","1654432","408","6063","1","0","0","0","0","0","0","0","0","0","0","0","0","0","0","0","0","0","0","0","0","0","17","1","2","0","0","0","0","0","0","0","0","0","0","0","0","0","0","0","0","0","0","0","0","0","0","0","0","0","0","0","0","0","0","0","0","0","0","0","0","0","0","0","0","0","0","0","0","0","0","0","0","0","0","0","0","0","0","0","0","0","0","0","0","0","0","0","0","0","0","0","0","0","0","0","0","0","0","0","0","0","0","0","0","0","0","0","0","0","0","0","0","0","0","0","0","0","0","0","0","0","0","0","0","0","0","0","0","0","0","0","0","0","0","0","0","0","0","0","0","0","0","0","0","0","0","0","0","0","0","0","0","0","0","0","0","0","0","0","0","0","0","0","0","0","0","0","0","0","0","0","0","0","0","0","0","0","0","0","0","0","0","0","0","0","0","0","0","0","0","0","0","0","0","0","0","0","0","0","0","0","0","0","0","0","0","0","0","0","0","0","0"
"Чувашская Республика","184043926","24428741","7431425","2182903","166534332","26146933","6153209","3095636","52069","18239","511169","0","22633","0","18306077","299810","147","18006267","2612686","1423081","0","170","2","0","0","0","0","0","0","756767","54181","13835","74952","0","0","17210","48761","1","0","0","141093","0","3553","354","1323","224","0","945887","1625247","0","819640","1373214","0","126247","252034","0","31562","63009","0","10100","20163","0","0","2","0","234","54","0","0","1","0","0","0","602428","0","0","479004","0","0","123424","0","0","0","0","0","6171","0","0","24685","0","0","9874","0","0","0","0","0","0","0","0","1284035","0","0","1135462","0","0","6658","0","0","141915","0","0","0","0","0","0","0","11353","0","0","0","0","0","0","33972","0","32839","0","1133","0","91","0","0","0","0","0","726320","0","506398","0","220478","0","17638","0","556","0","1","0","0","0","0","0","0","0","0","0","0","0","0","0","0","0","0","0","0","0","0","0","0","0","0","0","0","0","0","0","45262409","4489","0","25925925","3444","0","170712","0","0","19170610","1045","958531","84","0","0","575118","0","3259004","178","0","3838","0","0","1","0","0","0","0","0","0","0","0","0","0","0","0","0","0","0","0","0","0","0","9492","11453","0","0","1962","0","3","1","0","0","0","0","0","0","0","6060","8523","407528","692575","0","0","0","0","377792","40168","0","967279","0","0","0","0","0","0","0","0","0","0","0","0","0","0","0","0","0","56288","0","0","0","0","0","0","0","0","0","0","0","0","0","0","0","71","38103","540035","0","0","0","0","0","0","0","0","0","0","0","0","0","0","0","0","0","0","0","0","0","0","0","0","0","0","0","0","0","0","0","0","0","0","0","0","0","0","0","0","0","0","0","0","0","0","0","0","0","0","0","0","0","0","0","0","0","0","0","0","389","1","97","4060","6","1478","3","51870","6","7895","12","0","0","0","0","0","0","0","2750","8","909","3","63","2","0","1","0","0","0","2424","11","0","0","0","0","0","0","0","0","0","0","0","0","4762571","1742","1223","5","0","0","0","0","0","0","0","0","0","0","0","0","0","0","0","0","0","0","0","0","0","79","2","10","0","0","0","0","0","0","0","0","0","0","0","0","0","0","0","0","0","0","0","0","0","0","0","0","0","0","0","0","0","0","0","0","0","0","0","0","0","0","0","0","0","0","0","0","0","0","0","0","0","0","0","0","0","0","0","0","0","0","0","0","0","0","0","0","0","0","0","0","0","0","0","0","0","0","0","0","0","0","0","0","0","0","0","0","0","0","0","0","0","0","0","0","0","0","0","0","0","0","0","0","0","0","0","0","0","0","0","0","0","0","0","0","0","0","0","0","0","0","0","0","0","0","0","0","0","0","0","0","0","0","0","0","0","0","0","0","0","0","0","0","0","0","0","0","0","0","0","0","0","0","0","0","0","0","0","0","0","0","0","0","0","0","0","0","0","0","0","0","0","0","0","0","0","0","0","0","0","0","0","0","0","0","0","0","0","0","0","0"
"Алтайский край","420635960","32823946","21824684","2262177","381527197","36384653","18551329","3306120","51266","2040","870703","1531220","69470","81","41493211","2285326","300","39207885","6133910","3136631","0","892","4","0","0","0","0","0","0","1436945","113466","35902","571332","0","0","100","75","2","0","0","572399","0","7320","979","3848","248","0","362651","2061482","0","306460","1643586","0","56191","433129","0","14048","108282","0","4495","34651","0","0","15233","0","165","89","0","0","6","0","0","0","964448","0","0","922082","0","0","60015","0","0","6","0","0","3010","0","0","11988","0","0","4795","0","0","17725","0","0","3","0","0","0","0","0","0","0","0","0","0","0","0","0","0","0","0","0","0","0","0","0","0","0","0","0","0","23412","0","21482","0","1930","0","154","0","0","0","0","0","22225162","0","17147848","0","5569274","0","445542","0","491960","0","42","0","0","0","0","0","0","0","0","0","0","0","0","0","0","0","0","0","0","0","0","0","0","0","0","0","0","0","0","0","663652","8895","0","549951","38867","0","417","0","0","116209","0","5810","0","0","0","3486","0","19756","0","0","2925","29973","0","4","1","0","0","0","0","0","0","0","0","0","0","0","0","0","0","0","0","0","0","10183","13083","0","0","2900","0","3","2","0","0","0","0","0","0","0","2727011","3968950","24681","25921","0","0","0","0","1239647","9942","0","75806","0","0","0","0","0","0","0","0","0","0","0","0","0","0","0","0","0","0","0","0","0","0","0","0","0","0","0","0","0","0","0","0","0","96","111920","929635","0","0","0","0","0","0","0","0","0","0","0","0","0","0","55081","2","0","0","0","0","0","0","0","0","0","0","0","883","1","221","0","0","0","0","0","0","0","0","0","0","0","0","0","0","164","2","0","0","0","0","0","0","0","0","0","0","0","0","0","0","0","0","0","29966","5","18736","5","17925","9","8498","15","0","0","0","0","0","973","1","26732","12","146","2","123","2","712","3","178","0","0","9768","13","0","0","0","0","0","0","0","0","0","0","0","0","8708339","3427","272459","18","0","0","0","0","0","0","1040","1","260","0","0","0","0","0","0","0","0","0","0","0","0","37","2","5","0","0","0","0","0","0","0","0","0","0","0","0","0","0","0","0","0","0","0","0","0","0","0","0","0","0","0","0","0","0","0","0","0","0","0","0","0","0","0","0","0","0","0","0","0","0","0","0","0","0","0","0","0","0","0","0","0","0","0","0","0","0","0","0","0","0","0","0","0","0","0","0","0","0","0","0","0","0","0","0","0","0","0","0","0","0","0","0","0","0","0","0","0","0","0","0","0","0","0","0","0","0","0","0","0","0","0","0","0","0","0","0","0","0","0","0","0","0","0","0","0","0","0","0","0","0","0","0","0","0","0","0","0","0","0","0","0","0","0","0","0","0","0","0","0","0","0","0","0","0","0","0","0","0","0","0","0","0","0","0","0","0","0","0","0","0","0","0","0","0","0","0","0","0","0","0","0","0","0","0","0","0","0","0","0","0","0","0"
"Краснодарский край","2351578954","362474288","213006852","185140924","2204245284","389597703","173290504","148705813","416005","30437","1232292","104040817","79325","4872","186154407","6245684","1117","179908813","94703556","14756837","150","6130","5","214077","0","877056","0","25","0","8865996","361573","309715","1561422","0","0","853","1172","1","474","2","2661184","40898","15828","4804","8688","1137","0","2318007","12054531","193188","2026598","9419628","130696","299145","2764719","62493","74787","691179","15623","23931","221177","4999","4568","136801","0","991","287","1","10","19","0","0","0","0","0","0","0","0","0","0","0","0","0","0","0","0","0","0","0","0","0","0","0","0","0","0","0","0","0","0","0","0","0","0","0","0","0","0","0","0","0","0","0","0","0","0","0","0","0","0","0","0","0","0","536966","0","374314","0","165973","0","13278","0","3321","0","5","0","40638292","0","29395472","0","13158879","0","1052710","0","1916059","0","71","0","0","0","0","0","0","0","0","0","0","0","0","0","0","0","0","0","0","0","0","0","0","0","0","0","0","0","0","0","8494331","216092","0","6974554","206583","0","108","0","0","1650383","10440","82519","835","0","0","49512","0","280565","1775","0","128476","931","0","17","1","0","0","0","0","0","0","0","0","0","0","0","0","0","0","0","0","0","0","3505490","1493614","0","2024857","12980","194460","15","11","0","0","0","0","0","0","0","175155293","176109104","0","0","979031","1861783","191","95388658","97107960","121433","0","197763","136887","0","30","0","0","120647","0","0","10000","0","0","0","820310","0","0","0","0","30000","0","19499","0","0","0","0","0","61633","6191023","0","0","704","1","0","0","238","792944","17700589","0","0","0","0","0","0","0","0","0","0","0","0","0","0","89546","5","332","1","0","0","0","0","0","0","0","0","0","29298","5","7324","0","0","0","355520","1","59253","0","0","0","0","0","0","11066","2","59910","11","63375","2","7922","0","0","0","0","0","0","0","0","0","0","0","12719","5","3180","20028","19","13150","9","117724","24","41026","34","0","0","335","2","84","529317","15","190710","45","38679","29","2100","6","58799","6","14700","3492","1","83837","46","0","0","0","0","0","0","454","2","130664","5","0","0","42822532","9462","1349198","22","0","0","0","0","0","0","39048","4","9762","1612","1","403","0","0","0","0","0","0","2871","1","359","86809","17","10851","0","0","0","0","0","0","0","0","0","0","0","0","309320","3","0","0","104184","2","0","0","0","0","0","0","0","0","0","0","0","0","0","0","0","0","0","0","0","0","0","0","0","0","0","0","0","0","0","0","0","0","0","0","0","0","0","0","0","0","0","0","0","0","0","0","0","0","0","0","0","0","0","0","0","0","0","0","0","0","0","0","0","0","0","0","0","0","0","0","0","0","0","0","0","0","0","0","0","0","0","0","0","0","0","0","0","0","0","0","0","0","0","0","0","0","0","0","0","0","0","0","0","0","0","0","0","0","0","0","0","0","0","0","0","0","0","0","0","0","0","0","0","0","0","0","0","0","0","0","0","0","0","0","0","0","0","0","0","0","0","0","0","0","0","0","0","0","0","0","0","0","0","0","0","0","0","0","0","0","0","0","0","0","0","0","0","0","0","0"
"Красноярский край","1403325625","200741033","77271854","50270871","1056712392","233416102","194014735","26420274","265807","84388","5743725","38427437","139592","2902","224253196","5018189","483","219235007","47170349","17538799","576","282237","16","0","0","0","0","0","0","7319584","751556","311439","1254547","0","0","0","0","0","0","0","1536784","0","10003","1843","5382","573","0","877137","4306883","184834","814990","3421237","184891","83579","917349","0","20896","229338","0","6686","73388","0","21432","31703","57","673","118","1","4","9","1","11884461","0","405209","11408835","0","371996","495309","0","33213","0","0","0","24765","0","1661","99062","0","6643","39625","0","2657","19683","0","0","1","0","0","0","0","0","0","0","0","0","0","0","0","0","0","0","0","0","0","0","0","0","0","0","0","0","0","0","0","335158","0","304385","0","31008","0","2481","0","235","0","1","0","14013949","0","12849122","0","1800770","0","144062","0","635943","0","13","0","50236","0","0","9054367","0","0","0","0","0","0","0","0","0","0","0","0","0","0","0","0","0","9004131","0","0","3","0","0","0","1815116","26641","0","1553305","26439","0","0","0","0","316913","202","15846","16","0","0","9507","0","53875","34","0","55103","0","0","6","0","0","0","0","0","0","0","0","0","0","0","0","0","0","0","0","0","0","0","15731816","12454751","54000","3259431","36365","260754","8","4","0","0","0","0","0","0","0","18110","19792","981229","973458","28044","3280071","426","1169160","2254075","489344","0","633359","0","0","0","0","0","0","0","0","94394","0","0","0","0","0","0","0","0","0","0","0","0","0","0","0","0","0","0","0","0","20239","1","0","0","176","2611925","31187355","0","0","0","0","0","0","0","0","0","0","0","0","0","0","575825","9","1190","1","0","0","0","0","0","0","0","0","0","29410","3","7352","0","0","0","1299183","2","216531","0","0","0","0","0","0","0","0","0","0","121605","3","15201","86982","2","258015","3","64504","0","0","0","0","0","0","291041","26","72760","568773","37","123465","7","32670","30","364608","62","202","1","0","0","0","179985","14","544534","56","25865","34","93334","24","29124","18","7281","38","1","414274","57","0","0","0","0","0","0","12242","3","93769","3","0","0","64564817","4966","135580","13","0","0","0","12725","1","3181","3009884","5","752471","0","0","0","0","0","0","0","0","0","0","0","0","16292","18","2037","37349","2","6225","0","0","0","0","0","0","0","0","0","0","0","0","0","0","0","0","0","0","0","0","0","0","0","0","0","0","0","0","0","0","0","0","0","0","0","0","0","0","0","0","0","0","0","0","0","0","0","0","0","0","0","0","0","0","0","0","0","0","0","0","0","0","0","0","0","0","0","0","0","0","0","0","0","0","0","0","0","0","0","0","0","0","0","0","0","0","0","0","0","0","0","0","0","0","0","0","0","0","0","0","0","0","0","0","0","0","0","0","0","0","0","0","0","0","0","0","0","0","0","0","0","0","0","0","0","0","0","0","0","0","0","0","0","0","0","0","0","0","0","0","0","0","0","0","0","0","0","0","0","0","0","0","0","0","0","0","0","0","0","0","0","0","0","0","0","0","0","0","0","0","0","0","0","0","0","0","0","0","0","0","0","0","0","0","0"
"Приморский край","846369775","157612143","148330805","54515814","785489460","178839220","112957135","40839932","489521","1272035","27858508","23921510","10672","0","68887236","4083632","496","64803604","30200355","5220025","0","104","1","18071","0","143173","0","4","0","2992119","142239","266567","1020907","0","0","0","0","0","0","0","1182255","17436","7274","2140","4503","953","0","873750","3766696","0","787079","3197723","0","152029","596265","0","38007","149067","0","12163","47701","0","65358","27291","0","239","87","0","5","9","0","90437","0","20980775","90770","0","27547462","0","0","819185","0","0","13351","0","0","16689","0","0","174757","0","0","52183","333","0","7440722","1","0","39","0","70482690","0","0","60243292","0","0","1781990","0","0","14202231","0","0","228883","0","286104","0","0","907295","0","0","5744824","0","0","224","0","39064","11524","32937","5625","6127","5898","490","472","0","0","0","0","12440789","0","11206584","0","2983833","0","238707","0","1749628","0","13","0","0","0","0","0","0","0","0","0","0","0","0","0","0","0","0","0","0","0","0","0","0","0","0","0","0","0","0","0","2388409","0","0","1854713","0","0","25495","0","0","522645","0","26132","0","0","0","15679","0","88850","0","0","14444","0","0","6","0","0","0","0","0","0","0","0","0","0","0","0","0","0","0","0","0","0","0","2532734","2442753","29629","65179","4829","5214","4","59","0","0","0","0","0","0","0","51652772","53199524","4629354","4997680","17584970","27345148","13224","0","2910848","3508920","0","8204851","4677","93933","129132","0","0","0","4677","0","0","0","0","0","0","0","0","0","0","0","0","0","0","0","0","0","450000","0","994694","0","0","0","0","0","0","97","596298","4628849","0","0","0","0","0","0","0","0","0","0","0","0","0","0","5892","1","0","0","0","0","0","0","0","0","0","0","0","169","1","42","0","0","0","582","1","97","0","0","0","0","0","0","3559","1","2536","4","17857","3","2232","0","0","0","0","0","0","0","0","0","0","0","3191","3","798","15536","8","12880","3","3054","9","19122","11","0","0","0","0","0","43142","4","20267","17","4293","11","10478","3","0","0","0","499","2","22758","15","0","0","0","0","0","0","0","0","0","0","0","0","27023655","3925","26171","4","0","0","0","0","0","0","0","0","0","664","1","166","0","0","0","0","0","0","0","0","0","8039","15","1005","39","1","7","0","0","0","0","0","0","0","0","0","3757207","18","0","0","1033498","1","0","0","0","0","0","0","0","0","0","0","0","0","0","0","0","0","0","0","0","0","0","0","0","0","0","0","0","0","0","0","0","0","0","0","0","0","0","0","0","0","0","0","0","0","0","0","0","0","0","0","0","0","0","0","0","0","0","0","0","0","0","0","0","0","0","0","0","0","0","0","0","0","0","0","0","0","0","0","0","0","0","0","0","0","0","0","0","0","0","0","0","0","0","0","0","0","0","0","0","0","0","0","0","0","0","0","0","0","0","0","0","0","0","0","0","0","0","0","0","0","0","0","0","0","0","0","0","0","0","0","0","0","0","0","0","0","0","0","0","0","0","0","0","0","0","0","0","0","0","0","0","0","0","0","0","0","0","0","0","0","0","0","0","0","0","0","0","0","0","0"
"Ставропольский край","380880470","88519622","17527889","5319156","350667928","98050263","14978548","7058246","29139","22817","19854","138354","3491","117","32767677","869637","212","31898265","10020111","2549067","0","831","3","0","0","100","0","1","0","1246821","110944","55733","217409","0","0","0","0","0","0","0","218340","0","5303","813","3453","649","0","599743","2575708","358623","526874","1878699","323829","75601","706515","34794","18900","176629","8699","6048","56520","2784","2733","9505","0","258","80","3","4","4","0","0","0","10419619","0","0","9720953","0","0","765604","0","0","29559","0","0","56755","0","0","105087","0","0","31689","0","0","67749","0","0","7","0","0","265661","0","0","773498","0","0","0","0","0","0","0","0","0","0","0","0","0","0","0","0","507837","0","0","1","50439","0","46853","0","3587","0","287","0","0","0","0","0","29885665","0","26250703","0","4986202","0","397886","0","1351241","0","57","0","0","0","0","0","0","0","0","0","0","0","0","0","0","0","0","0","0","0","0","0","0","0","0","0","0","0","0","0","1070417","4110414","0","899456","3076636","0","0","0","0","335408","1033779","16770","82702","0","0","10062","0","57019","175742","0","164447","0","0","6","0","0","0","0","0","0","0","0","0","0","0","0","0","0","0","0","0","0","0","256947","281188","0","8714","32956","697","10","2","0","0","0","0","0","0","0","48926737","48898392","8031308","6666036","0","0","1365272","0","379198","2775","0","78754","0","0","0","0","0","0","0","0","42830","0","0","0","0","0","0","0","0","0","0","0","0","0","0","0","0","0","29412","0","0","0","0","0","0","79","183035","4086867","0","0","0","0","0","0","0","0","0","0","0","0","0","0","55151","2","9176","1","0","0","0","0","0","0","0","0","0","2961","2","740","0","0","0","0","0","0","0","0","0","0","0","0","0","0","1340","2","839","1","105","0","0","0","0","0","0","0","0","0","0","0","117","1","29","2626","9","0","0","20748","12","15486","16","15","1","0","0","0","97283","3","87136","20","2903","12","4006","3","16054","3","4013","897","1","27593","21","0","0","0","0","0","0","0","0","198003","1","0","0","8743257","2742","209955","13","0","0","0","0","0","0","399","1","100","0","0","0","0","0","0","0","0","0","0","0","0","1168","10","146","0","0","0","0","0","0","0","0","0","0","0","0","0","0","0","0","0","0","0","0","0","0","0","0","0","0","0","0","0","0","0","0","0","0","0","0","0","0","0","0","0","0","0","0","0","0","0","0","0","0","0","0","0","0","0","0","0","0","0","0","0","0","0","0","0","0","0","0","0","0","0","0","0","0","0","0","0","0","0","0","0","0","0","0","0","0","0","0","0","0","0","0","0","0","0","0","0","0","0","0","0","0","0","0","0","0","0","0","0","0","0","0","0","0","0","0","0","0","0","0","0","0","0","0","0","0","0","0","0","0","0","0","0","0","0","0","0","0","0","0","0","0","0","0","0","0","0","0","0","0","0","0","0","0","0","0","0","0","0","0","0","0","0","0","0","0","0","0","0","0","0","0","0","0","0","0","0","0","0","0","0","0","0","0","0","0","0","0"
"Хабаровский край","365769927","177250719","25225602","209439957","330316825","166328881","25144459","254742090","43834","31782","70059","408719","32913","332","35475227","1316587","308","34159026","34757564","2732722","0","0","0","0","0","0","0","0","0","1684041","88723","192426","329147","0","0","0","0","0","0","0","329147","0","4284","1526","2504","318","0","31314","2819176","44185","30093","2345102","38291","1221","499168","5894","305","124792","1474","98","39933","472","0","25094","0","5","82","3","0","10","0","0","6281827","31297972","0","2875756","35285719","0","3406071","1829226","0","0","92965","0","579032","124156","0","272486","240871","0","272486","53592","0","0","5827136","0","0","26","0","5273939","0","0","2849998","0","0","14131","0","0","2482918","0","0","330","0","413","0","0","198303","0","0","73109","0","0","8","0","452","0","369","0","83","0","7","0","0","0","0","0","174614","0","267961","0","21466","0","1717","0","114813","0","2","0","0","0","0","0","0","0","0","0","0","0","0","0","0","0","0","0","0","0","0","0","0","0","0","0","0","0","0","0","299392","0","0","260483","0","0","0","0","0","42808","0","2140","0","0","0","1284","0","7277","0","0","3899","0","0","2","0","0","0","0","0","0","0","0","0","0","0","0","0","0","0","0","0","0","0","842","820","0","22","0","2","0","9","0","0","0","0","0","0","0","645","461","47491","47370","0","0","121","0","0","89","0","103448","0","0","0","0","0","0","0","0","0","0","0","0","0","0","0","0","0","0","0","0","0","0","0","0","0","0","0","0","0","0","0","0","0","75","873276","5347880","0","0","0","0","0","0","0","0","0","0","0","0","0","0","5554","3","0","0","0","0","0","0","0","0","100","1","12","11105","1","2776","0","0","0","20000","1","3333","0","0","0","0","0","0","1297","1","1228","3","135913","2","16989","0","0","0","0","0","0","0","0","0","0","0","1357","2","339","70392","9","455","3","7232","10","70312","20","0","0","0","0","0","123010","4","79950","19","17565","10","5979","3","0","0","0","12900","2","60899","24","0","0","0","0","0","0","0","0","0","0","0","0","16220712","2363","223128","6","0","0","0","0","0","0","0","0","0","0","0","0","0","0","0","0","0","0","0","0","0","12298","7","1537","839","1","140","0","0","0","0","0","0","0","0","0","281938","1","0","0","0","0","0","0","0","0","0","0","0","0","0","0","0","0","0","0","0","0","0","0","0","0","0","0","0","0","0","0","0","0","0","0","0","0","0","0","0","0","0","0","0","0","0","0","0","0","0","0","0","0","0","0","0","0","0","0","0","0","0","0","0","0","0","0","0","0","0","0","0","0","0","0","0","0","0","0","0","0","0","0","0","0","0","0","0","0","0","0","0","0","0","0","0","0","0","0","0","0","0","0","0","0","0","0","0","0","0","0","0","0","0","0","0","0","0","0","0","0","0","0","0","0","0","0","0","0","0","0","0","0","0","0","0","0","0","0","0","0","0","0","0","0","0","0","0","0","0","0","0","0","0","0","0","0","0","0","0","0","0","0","0","0","0","0","0","0","0","0","0","0","0","0"
"Забайкальский край","103924961","19563654","88749781","2483438","91321815","24010820","7276227","4681439","21751","23071","70000000","0","0","0","24098452","674731","108","23423721","6622097","1868438","0","15795","2","0","0","0","0","0","0","1372742","72948","55830","168683","0","0","0","0","0","209","1","184687","0","1284","549","1514","146","0","252865","1861913","225093","215167","1594734","203350","37764","267452","21743","9441","66863","5436","3021","21396","1739","66","274","0","153","52","3","1","1","0","36729450","0","47989958","14721102","0","45798461","22008348","0","5329408","0","0","1512","2751043","0","156950","2751043","0","1173889","1760668","0","424840","0","0","4668599","0","0","25","0","0","0","0","0","0","0","0","0","0","0","0","0","0","0","0","0","0","0","0","0","0","0","0","0","0","0","13835","0","13685","0","150","0","12","0","0","0","0","1226138","0","1102976","0","160471","0","12792","0","37309","0","4","0","0","0","0","0","0","0","0","0","0","0","0","0","0","0","0","0","0","0","0","0","0","0","0","0","0","0","0","0","0","0","0","0","0","0","0","0","0","0","0","0","0","0","0","0","0","0","0","0","0","0","0","0","0","0","0","0","0","0","0","0","0","0","0","0","0","0","0","0","0","0","0","245430","244808","0","622","0","50","0","0","0","0","0","0","0","0","0","52402","52371","769418","769418","0","0","0","0","70036","446","0","71819","0","0","0","0","0","0","0","0","0","0","0","0","0","0","0","0","0","0","0","0","0","0","0","0","0","0","0","0","0","0","0","0","0","34","79804","2712426","0","0","0","0","0","0","0","0","0","0","0","0","0","0","4536","2","0","0","0","0","0","0","0","0","0","0","0","0","0","0","0","0","0","0","0","0","0","0","0","0","0","0","0","0","0","0","29812","1","3726","82535","1","0","0","0","0","0","0","0","0","0","350","1","88","32566","4","191","1","19","2","19654","5","0","0","0","0","0","203","1","23338","3","2377","2","6185","2","1361","1","340","0","0","2578","3","0","0","0","0","0","0","0","0","430","1","0","0","8638966","787","2062","1","0","0","0","0","0","0","7048","1","1762","0","0","0","0","0","0","0","0","0","0","0","0","0","0","0","0","0","0","0","0","0","0","0","0","0","0","0","0","0","0","0","0","0","0","0","0","0","0","0","0","0","0","0","0","0","0","0","0","0","0","0","0","0","0","0","0","0","0","0","0","0","0","0","0","0","0","0","0","0","0","0","0","0","0","0","0","0","0","0","0","0","0","0","0","0","0","0","0","0","0","0","0","0","0","0","0","0","0","0","0","0","0","0","0","0","0","0","0","0","0","0","0","0","0","0","0","0","0","0","0","0","0","0","0","0","0","0","0","0","0","0","0","0","0","0","0","0","0","0","0","0","0","0","0","0","0","0","0","0","0","0","0","0","0","0","0","0","0","0","0","0","0","0","0","0","0","0","0","0","0","0","0","0","0","0","0","0","0","0","0","0","0","0","0","0","0","0","0","0","0","0","0","0","0","0","0","0","0","0","0","0","0","0"
"Амурская область","240082364","21431862","162345346","3664743","163740008","26775676","190333408","9854756","102916","11144","592586","0","57","27","47864568","16051307","130","31814151","11522710","2542857","0","6825","3","3605","0","19607","0","3","0","1893242","66464","33387","4012827","0","1","0","0","0","0","0","4042864","0","1876","662","1724","296","0","302743","1124100","118680","243387","1027419","105092","59613","98055","13588","14903","24514","3397","4769","7844","1087","355","1374","0","93","32","6","2","3","0","0","0","27633385","0","0","44075568","0","0","200275","0","0","274","0","0","404","0","0","49391","0","0","15749","0","0","17956243","0","0","20","0","0","0","0","0","0","0","0","0","0","0","0","0","0","0","0","0","0","0","0","0","0","0","0","0","0","20078","0","18871","0","1790","0","143","0","583","0","1","0","11189278","0","9456477","0","2011225","0","160896","0","278423","0","25","0","0","0","0","0","0","0","0","0","0","0","0","0","0","0","0","0","0","0","0","0","0","0","0","0","0","0","0","0","86844","0","0","53897","0","0","0","0","0","32947","0","1647","0","0","0","988","0","5601","0","0","0","0","0","0","0","0","0","0","0","0","0","0","0","0","0","0","0","0","0","0","0","0","0","13976644","14346911","684862","485359","858407","38828","5","14","0","0","0","0","0","0","0","15557","14262","0","0","0","0","0","0","174289","4314","0","6","0","0","0","0","0","0","0","0","0","0","0","0","0","0","0","0","0","0","0","0","0","0","0","0","0","0","0","0","0","0","0","0","0","30","150366","1067782","0","0","0","0","0","0","0","0","0","0","0","0","0","0","30060","5","93405","4","0","0","0","0","0","0","0","0","0","3039","1","760","0","0","0","0","0","0","0","0","0","0","0","0","0","0","0","0","30040","4","3755","0","0","0","0","0","0","0","0","0","0","0","0","0","0","503","1","139500","8","2796","2","64124","10","0","0","0","0","0","4085","1","9838","3","114","2","0","0","6838","7","1709","17692","9","29648","11","0","0","0","0","0","0","0","0","1570","1","0","0","13240287","1196","184142","11","0","0","0","0","0","0","374596","5","93649","0","0","0","0","0","0","0","0","0","0","0","0","1239","5","155","0","0","0","0","0","0","0","0","0","0","0","0","0","0","0","0","0","0","0","0","0","0","0","0","0","0","0","0","0","0","0","0","0","0","0","0","0","0","0","0","0","0","0","0","0","0","0","0","0","0","0","0","0","0","0","0","0","0","0","0","0","0","0","0","0","0","0","0","0","0","0","0","0","0","0","0","0","0","0","0","0","0","0","0","0","0","0","0","0","0","0","0","0","0","0","0","0","0","0","0","0","0","0","0","0","0","0","0","0","0","0","0","0","0","0","0","0","0","0","0","0","0","0","0","0","0","0","0","0","0","0","0","0","0","0","0","0","0","0","0","0","0","0","0","0","0","0","0","0","0","0","0","0","0","0","0","0","0","0","0","0","0","0","0","0","0","0","0","0","0","0","0","0","0","0","0","0","0","0","0","0","0","0","0","0","0","0","0"
"Архангельская область","109354679","96334333","9491576","7122795","96691727","107950267","8651118","10996933","24960","110190","29022","139","221","233","13499128","644608","130","12854520","15380255","1028361","0","1218","2","0","0","0","0","0","0","607416","26676","29773","161152","0","0","0","0","0","0","0","162370","3319","1818","502","923","128","0","271403","966135","12302","247285","713965","10790","26356","261452","1512","6589","65363","378","2108","20916","121","2238","9282","0","136","39","3","6","6","0","0","0","0","0","0","0","0","0","0","0","0","0","0","0","0","0","0","0","0","0","0","0","0","0","0","0","0","0","0","0","0","0","0","0","0","0","0","0","0","0","0","0","0","0","0","0","0","0","0","0","0","0","0","195890","0","184561","0","14217","0","1137","0","2889","0","3","0","1868022","0","1296424","0","602570","0","48206","0","30972","0","2","0","0","0","0","0","0","0","0","0","0","0","0","0","0","0","0","0","0","0","0","0","0","0","0","0","0","0","0","6567496","261088","0","5830491","165702","0","5267","0","0","796933","95386","0","4769","0","39847","63755","2862","95632","16216","0","65195","0","0","13","0","0","0","0","0","0","0","0","0","0","0","0","0","0","0","0","0","0","0","0","3156","4293","0","0","1137","0","1","2","0","0","0","0","0","0","0","149695","147574","24341","24341","0","0","0","0","142500","80830","0","1870","0","0","0","0","0","0","0","0","0","0","0","0","0","0","0","0","0","0","0","0","0","0","0","0","0","0","0","0","0","0","0","0","0","52","200283","1406185","0","0","0","0","0","0","0","0","0","0","0","0","0","0","133846","2","0","0","0","0","0","0","0","0","0","0","0","0","0","0","0","0","0","0","0","0","0","0","0","0","0","0","1467","1","288","2","0","0","0","0","0","0","0","0","0","0","0","0","0","0","990","1","247","43264","4","71","1","26445","7","98323","14","0","0","0","0","0","21214","4","35711","15","759","8","245","1","1104","1","276","0","0","26782","20","0","0","0","0","0","0","0","0","0","0","0","0","12333211","1048","88459","3","0","0","0","0","0","0","1549","1","387","30","1","7","0","0","0","0","0","0","0","0","0","999","2","125","470","1","78","0","0","0","0","0","0","0","0","0","371299","2","19269","1","0","0","0","0","0","0","0","0","0","0","0","0","0","0","0","0","0","0","0","0","0","0","0","0","0","0","0","0","0","0","0","0","0","0","0","0","0","0","0","0","0","0","0","0","0","0","0","0","0","0","0","0","0","0","0","0","0","0","0","0","0","0","0","0","0","0","0","0","0","0","0","0","0","0","0","0","0","0","0","0","0","0","0","0","0","0","0","0","0","0","0","0","0","0","0","0","0","0","0","0","0","0","0","0","0","0","0","0","0","0","0","0","0","0","0","0","0","0","0","0","0","0","0","0","0","0","0","0","0","0","0","0","0","0","0","0","0","0","0","0","0","0","0","0","0","0","0","0","0","0","0","0","0","0","0","0","0","0","0","0","0","0","0","0","0","0","0","0","0","0","0","0"
"Астраханская область","70430850","15779306","1799452","1576949","66198567","18138421","2332660","3610757","82628","3298","0","0","0","0","3781702","410815","86","3370887","4383718","269332","162","0","0","0","0","0","0","0","0","155671","22717","16556","102703","0","0","184","522","1","0","0","103409","93","1244","435","1243","165","0","624666","708374","172803","540937","605746","167977","87915","103186","4826","21979","25796","1206","7033","8255","386","4187","316","0","93","43","4","3","3","0","0","0","0","0","0","0","0","0","0","0","0","0","0","0","0","0","0","0","0","0","0","0","0","0","0","0","0","0","0","0","0","0","0","0","0","0","0","0","0","0","0","0","0","0","0","0","0","0","0","0","0","0","0","42066","91258","27183","54131","14883","37127","1191","2970","0","0","0","0","3070562","0","2297665","0","1033537","0","82683","0","260640","0","7","0","0","0","0","0","0","0","0","0","0","0","0","0","0","0","0","0","0","0","0","0","0","0","0","0","0","0","0","0","137978","0","0","122336","0","0","3299","0","0","12343","0","617","0","0","0","370","0","2098","0","0","0","0","0","0","0","0","0","0","0","0","0","0","0","0","0","0","0","0","0","0","0","0","0","3236209","1692450","0","1546582","2823","123727","3","0","85946656","34085640","0","51861305","20345192","289","1","2134","2360","15291","9384","0","0","5907","0","11345","0","0","0","0","0","0","0","0","0","0","0","0","0","0","0","0","0","0","0","0","6662","0","0","0","0","0","0","0","0","6979","0","0","0","0","0","0","13","70300","1339969","0","0","0","0","0","0","0","0","0","0","0","0","0","0","16459","2","0","0","0","0","0","0","0","0","0","0","0","0","0","0","0","0","0","0","0","0","0","0","0","5068486","1","844748","0","0","12557","1","0","0","0","0","0","0","0","0","50914","1","4243","0","0","0","38","1","10","0","0","0","0","350","4","2874","6","0","0","0","0","0","21074","4","46647","7","1019","6","0","0","17636","1","4409","0","0","19797","5","0","0","0","0","0","0","0","0","0","0","0","0","6475607","684","9770","3","0","0","0","0","0","0","329624","1","82406","450","2","113","0","0","0","0","0","0","0","0","0","541","2","68","0","0","0","0","0","0","0","0","0","0","0","0","3177694","10","0","0","617814","5","0","0","0","0","0","0","0","0","0","0","0","0","0","0","0","0","0","0","0","0","0","0","0","0","0","0","0","0","0","0","0","0","0","0","0","0","0","0","0","0","0","0","0","0","0","0","0","0","0","0","0","0","0","0","0","0","0","0","0","0","0","0","0","0","0","0","0","0","0","0","0","0","0","0","0","0","0","0","0","0","0","0","0","0","0","0","0","0","0","0","0","0","0","0","0","0","0","0","0","0","0","0","0","0","0","0","0","0","0","0","0","0","0","0","0","0","0","0","0","0","0","0","0","0","0","0","0","0","0","0","0","0","0","0","0","0","0","0","0","0","0","0","0","0","0","0","0","0","0","0","0","0","0","0","0","0","0","0","0","0","0","0","0","0","0","0","0","0","0","0"
"Белгородская область","653566670","43373852","79672382","3767403","591520371","47726334","66118300","11444616","180971","33096","20220327","359353","9118","9020","55557733","1636552","277","53921181","12364950","4304629","0","3107","1","2","0","3","0","1","0","1896999","366029","43614","409138","0","0","7425","15778","2","0","0","435453","80","6071","853","3562","220","0","551954","1157479","13831","527990","982942","11048","25371","183293","2783","6343","45823","696","2029","14663","223","1407","8756","0","226","41","1","2","4","0","0","0","3285073","0","0","2636877","0","0","644547","0","0","91","0","0","32403","0","0","128643","0","0","51473","0","0","30989","0","0","5","0","0","0","0","0","0","0","0","0","0","0","0","0","0","0","0","0","0","0","0","0","0","0","0","0","0","5630","0","2810","0","2821","0","226","0","0","0","0","0","57979322","0","49700270","0","8592075","0","687366","0","313024","0","30","0","0","0","0","0","0","0","0","0","0","0","0","0","0","0","0","0","0","0","0","0","0","0","0","0","0","0","0","0","1726902","0","0","1808651","0","0","139","0","0","336850","0","16843","0","0","0","10106","0","57265","0","0","418738","0","0","4","0","0","0","0","0","0","0","0","0","0","0","0","0","0","0","0","0","0","0","67216","76452","0","0","9235","0","10","4","0","0","0","0","0","0","0","514855","259769","457404","449594","3959","0","10397","0","9026822","247650","0","1835226","10000","0","0","0","0","0","10000","0","0","0","0","0","0","0","0","59087","0","0","0","0","0","0","0","0","0","0","42700","0","0","0","0","0","0","93","461353","4534380","0","0","0","0","0","0","0","0","0","0","0","0","0","0","133121","1","0","0","0","0","0","0","0","0","0","0","0","4158","1","1039","0","0","0","197162","2","32860","0","0","0","0","0","0","0","0","12","1","32733","2","4092","0","0","0","0","0","0","0","0","0","0","0","0","0","0","18785","5","1207","3","44319","9","40742","11","3","1","0","0","0","0","0","89315","15","6621","3","41176","1","1586","2","396","0","0","11494","13","0","0","0","0","0","0","0","0","51462","2","0","0","13548482","3132","1804055","7","0","0","0","0","0","0","7162","2","1790","0","0","0","0","0","0","0","0","0","0","0","0","377","7","47","0","0","0","0","0","0","0","0","0","0","0","0","0","0","0","0","0","0","0","0","0","0","0","0","0","0","0","0","0","0","0","0","0","0","0","0","0","0","0","0","0","0","0","0","0","0","0","0","0","0","0","0","0","0","0","0","0","0","0","0","0","0","0","0","0","0","0","0","0","0","0","0","0","0","0","0","0","0","0","0","0","0","0","0","0","0","0","0","0","0","0","0","0","0","0","0","0","0","0","0","0","0","0","0","0","0","0","0","0","0","0","0","0","0","0","0","0","0","0","0","0","0","0","0","0","0","0","0","0","0","0","0","0","0","0","0","0","0","0","0","0","0","0","0","0","0","0","0","0","0","0","0","0","0","0","0","0","0","0","0","0","0","0","0","0","0","0","0","0","0","0","0","0","0","0","0","0","0","0","0","0","0","0","0","0","0","0","0"
"Брянская область","176187017","47787916","11905074","2333121","159358435","49657073","11624556","4885763","55651","37578","68244","0","1900","29445","17094606","853486","127","16241120","4413667","1721471","0","129","1","35813","0","171511","0","7","0","730963","24559","23550","213372","0","0","0","0","0","0","0","420825","186","2807","413","1896","273","0","348116","1273329","0","276145","905320","0","78437","371948","0","19609","92987","0","6275","29756","0","6466","3939","0","136","62","0","27","4","0","0","0","0","0","0","0","0","0","0","0","0","0","0","0","0","0","0","0","0","0","0","0","0","0","0","0","0","0","0","0","0","0","0","0","0","0","0","0","0","0","0","0","0","0","0","0","0","0","0","0","0","0","0","59635","0","55957","0","3679","0","294","0","0","0","0","0","30578762","0","25083540","0","5586769","0","446941","0","91546","0","8","0","0","0","0","0","0","0","0","0","0","0","0","0","0","0","0","0","0","0","0","0","0","0","0","0","0","0","0","0","191444","3909149","0","167141","3365568","0","430","0","0","24623","570453","1231","45636","0","0","739","0","4186","96977","0","750","26873","0","1","2","0","0","0","0","0","0","0","0","0","0","0","0","0","0","0","0","0","0","30309","37105","0","111","6907","9","6","3","0","0","0","0","0","0","0","7025","8256","0","0","0","0","0","0","73458","8305","0","142817","3900","0","0","0","0","3900","0","0","0","0","0","0","0","0","0","0","0","0","0","0","0","0","0","0","0","0","59685","0","0","0","0","0","0","44","205565","1134050","0","0","0","0","0","0","0","0","0","0","0","0","0","0","51782","1","4370","1","0","0","0","0","0","0","961","1","120","39644","1","9911","0","0","0","0","0","0","0","0","0","0","0","0","0","0","0","0","0","0","0","0","0","0","0","0","0","0","0","0","0","0","3937","1","984","970","2","0","0","2746","7","11694","12","0","0","0","0","0","291184","3","42192","5","30893","3","434","1","0","0","0","0","0","27023","12","0","0","0","0","0","0","0","0","1227","2","0","0","8693796","1336","12283","7","0","0","0","0","0","0","6647","1","1662","1000","1","250","0","0","0","0","0","0","0","0","0","18674","2","2334","0","0","0","0","0","0","0","0","0","0","1507","2","0","0","0","0","0","0","0","0","0","0","0","0","0","0","0","0","0","0","0","0","0","0","0","0","0","0","0","0","0","0","0","0","0","0","0","0","0","0","0","0","0","0","0","0","0","0","0","0","0","0","0","0","0","0","0","0","0","0","0","0","0","0","0","0","0","0","0","0","0","0","0","0","0","0","0","0","0","0","0","0","0","0","0","0","0","0","0","0","0","0","0","0","0","0","0","0","0","0","0","0","0","0","0","0","0","0","0","0","0","0","0","0","0","0","0","0","0","0","0","0","0","0","0","0","0","0","0","0","0","0","0","0","0","0","0","0","0","0","0","0","0","0","0","0","0","0","0","0","0","0","0","0","0","0","0","0","0","0","0","0","0","0","0","0","0","0","0","0","0","0","0","0","0","0","0","0"
"Владимирская область","351725455","43846343","15611250","2375517","311591180","46291206","20533579","6393220","36941","29820","625035","78574","13356","17692","34610497","511970","179","34098527","6529012","2727454","0","1130","3","63852","0","351388","0","11","0","1539961","107585","55699","127993","0","0","428","1212","2","0","0","546003","216","3775","644","1049","195","0","410749","2151268","0","375614","1712984","0","39932","440465","0","9983","110116","0","3195","35237","0","4797","2180","0","434","69","0","3","4","0","0","0","0","0","0","218","0","0","0","0","0","0","0","0","0","0","0","0","0","0","0","0","0","218","0","0","1","0","0","0","0","0","0","0","0","0","0","0","0","0","0","0","0","0","0","0","0","0","0","0","0","0","0","35379","520","27380","272","8000","248","640","20","0","0","0","0","2218200","0","1900192","0","345537","0","27643","0","27529","0","5","0","0","0","0","0","0","0","0","0","0","0","0","0","0","0","0","0","0","0","0","0","0","0","0","0","0","0","0","0","955540","1293925","0","872545","1472863","0","0","0","0","102455","93826","5122","7506","0","0","3074","0","17417","15951","0","19459","272764","0","1","1","0","0","0","0","0","0","0","0","0","0","0","0","0","0","0","0","0","0","89320","80403","0","8917","0","713","0","1","0","0","0","0","0","0","0","131214","128480","0","0","0","0","0","0","1440492","2801","0","78234","0","0","0","0","0","0","0","0","0","0","0","0","0","0","0","29999","0","35294","0","0","0","0","0","0","374078","0","110059","418238","1","0","0","0","0","97","74261","1605196","0","0","0","0","0","0","0","0","0","0","0","0","0","0","2069","1","19","1","0","0","0","0","0","0","0","0","0","0","0","0","0","0","0","0","0","0","0","0","0","0","0","0","20334","1","21941","3","0","0","0","0","0","0","0","0","0","0","0","0","0","0","0","0","0","22339","6","193","2","29753","13","10744","18","0","0","0","0","0","99","2","73595","11","9297","5","3649","1","108","1","27","0","0","11846","16","0","0","0","0","0","0","0","0","0","0","0","0","7020089","2143","368042","9","0","0","0","0","0","0","0","0","0","0","0","0","0","0","0","0","0","0","0","0","0","289","3","36","0","0","0","0","0","0","0","0","0","0","0","0","0","0","0","0","0","0","0","0","0","0","0","0","0","0","0","0","0","0","0","0","0","0","0","0","0","0","0","0","0","0","0","0","0","0","0","0","0","0","0","0","0","0","0","0","0","0","0","0","0","0","0","0","0","0","0","0","0","0","0","0","0","0","0","0","0","0","0","0","0","0","0","0","0","0","0","0","0","0","0","0","0","0","0","0","0","0","0","0","0","0","0","0","0","0","0","0","0","0","0","0","0","0","0","0","0","0","0","0","0","0","0","0","0","0","0","0","0","0","0","0","0","0","0","0","0","0","0","0","0","0","0","0","0","0","0","0","0","0","0","0","0","0","0","0","0","0","0","0","0","0","0","0","0","0","0","0","0","0","0","0","0","0","0","0","0","0","0","0","0","0","0","0","0","0","0","0"
"Волгоградская область","325959741","32357838","15227708","2175774","292774390","36067259","15075432","5314865","295502","13040","79228","10062","0","0","33553902","1168213","234","32385739","6844925","2590797","0","16182","2","51288","0","658580","0","14","0","1245901","96120","29419","292054","0","0","53","112","1","0","0","1018269","0","4232","794","1697","523","0","440356","2952921","0","385775","2665232","0","54580","308581","0","13645","77146","0","4366","24687","0","0","20893","0","342","96","0","0","7","0","0","0","6596","0","0","6480","0","0","116","0","0","0","0","0","6","0","0","23","0","0","9","0","0","0","0","0","0","0","0","8076367","0","0","11237900","0","0","0","0","0","0","0","0","0","0","0","0","0","0","0","0","3161533","0","0","1","117284","0","92307","0","25955","0","2076","0","977","0","0","0","17938451","0","12489996","0","5711959","0","456957","0","263504","0","59","0","0","0","0","0","0","0","0","0","0","0","0","0","0","0","0","0","0","0","0","0","0","0","0","0","0","0","0","0","466789","636595","0","434774","437983","0","0","0","0","45205","198612","2260","15889","0","0","1356","0","7685","33764","0","13190","0","0","1","0","0","48905","0","48661","0","0","0","244","0","20","0","29","0","12","0","0","0","0","35518","48502","0","0","12985","0","13","1","0","0","0","0","0","0","0","218319","214153","335689","335079","0","0","610","0","124924","986","0","63112","0","0","0","0","0","0","0","0","0","0","0","0","0","0","0","0","0","0","0","0","0","0","0","0","0","0","0","0","0","0","0","0","0","61","235542","2078491","0","0","0","0","0","0","0","0","0","0","0","0","0","0","114088","2","25869","2","0","0","0","0","0","0","0","0","0","103","1","26","0","0","0","0","0","0","0","0","0","0","0","0","0","0","410","3","0","0","0","0","0","0","0","0","0","0","0","0","0","0","176","2","44","7147","10","3348","4","16005","15","45418","28","0","0","5011","2","1253","87234","4","172453","26","3348","15","1443","5","23161","5","5790","1284","2","34377","35","0","0","0","0","0","0","123","1","134177","2","0","0","10665509","2453","3204","5","0","0","0","0","0","0","22330","4","5583","0","0","0","0","0","0","0","0","0","0","0","0","414","4","52","0","0","0","0","0","0","0","0","0","0","0","0","0","0","0","0","0","0","0","0","0","0","0","0","0","0","0","0","0","0","0","0","0","0","0","0","0","0","0","0","0","0","0","0","0","0","0","0","0","0","0","0","0","0","0","0","0","0","0","0","0","0","0","0","0","0","0","0","0","0","0","0","0","0","0","0","0","0","0","0","0","0","0","0","0","0","0","0","0","0","0","0","0","0","0","0","0","0","0","0","0","0","0","0","0","0","0","0","0","0","0","0","0","0","0","0","0","0","0","0","0","0","0","0","0","0","0","0","0","0","0","0","0","0","0","0","0","0","0","0","0","0","0","0","0","0","0","0","0","0","0","0","0","0","0","0","0","0","0","0","0","0","0","0","0","0","0","0","0","0","0","0","0","0","0","0","0","0","0","0","0","0","0","0","0","0","0","0"
"Вологодская область","550330686","53565777","129086486","4074367","469151507","57725690","137925843","6845209","205813","17229","25732416","221868","8503","40","46855828","945643","215","45910185","7135435","3672690","0","97825","3","5096","0","26472","0","3","0","2171197","131943","30786","236411","0","0","0","0","0","0","0","365804","0","4571","684","1664","351","0","398409","1548026","0","333104","1315384","0","68774","274945","0","17194","68736","0","5502","21996","0","3469","42302","0","270","60","0","7","6","0","0","0","4707855","0","0","3095116","0","0","1773138","0","0","2479","0","0","2605","0","0","438201","0","0","139372","0","0","161731","0","0","4","0","0","14355286","0","0","10275223","0","0","0","0","0","4676544","0","0","0","0","233827","0","0","374124","0","0","596481","0","0","1","214528","20544","205575","5797","12078","14747","966","1180","3125","0","6","0","10154659","0","7722360","0","2514692","0","201175","0","82393","0","5","0","0","0","0","0","0","0","0","0","0","0","0","0","0","0","0","0","0","0","0","0","0","0","0","0","0","0","0","0","5595107","0","0","5930346","0","0","0","0","0","84328","0","4216","0","0","0","2530","0","14336","0","0","419567","0","0","3","0","0","0","0","0","0","0","0","0","0","0","0","0","0","0","0","0","0","0","15708","17278","0","21","1591","2","2","3","0","0","0","0","0","0","0","5438581","2729086","251224","200115","0","0","51109","0","148200","120550","0","9687","0","0","0","0","0","0","0","0","0","0","0","0","0","0","0","0","0","0","0","0","0","0","0","0","0","0","0","2000","1","8710","1","0","0","87","546838","6340282","0","0","0","0","0","0","0","0","0","0","0","0","0","0","707660","4","416","1","0","0","0","0","0","0","0","0","0","43940","4","10985","0","0","0","201884","3","33647","0","0","0","0","0","0","0","0","0","0","470704","1","58838","0","0","0","0","0","0","0","0","0","0","0","0","0","0","92920","8","9602","2","53691","15","91986","23","0","0","0","0","0","0","0","358580","35","3224","13","0","0","31277","11","7819","39198","1","57044","34","0","0","0","0","0","0","0","0","0","0","0","0","15083452","2154","5458739","21","0","0","0","0","0","0","0","0","0","0","0","0","8198","1","1025","0","0","0","0","0","0","1803","1","225","0","0","0","0","0","0","0","0","0","0","0","0","0","0","0","0","0","0","0","0","0","0","0","0","0","0","0","0","0","0","0","0","17","1","0","0","0","0","0","0","0","0","0","0","0","0","0","0","0","0","0","0","0","0","0","0","0","0","0","0","0","0","0","0","0","0","0","0","0","0","0","0","0","0","0","0","0","0","0","0","0","0","0","0","0","0","0","0","0","0","0","0","0","0","0","0","0","0","0","0","0","0","0","0","0","0","0","0","0","0","0","0","0","0","0","0","0","0","0","0","0","0","0","0","0","0","0","0","0","0","0","0","0","0","0","0","0","0","0","0","0","0","0","0","0","0","0","0","0","0","0","0","0","0","0","0","0","0","0","0","0","0","0","0","0","0","0","0","0","0","0","0","0","0","0","0","0","0","0","0","0","0","0","0","0","0","0","0"
"Воронежская область","668735741","78565561","41965734","4422570","631390938","84035910","35721218","9488367","54595","15870","3940309","32371","43788","0","39659817","1016621","413","38643197","10552647","3091455","106","3609","3","0","0","1615","0","1","0","1966392","161367","50427","254155","0","0","69301","196353","3","0","0","525033","305","9827","1457","3293","338","0","468795","4984558","367881","424759","4115088","343342","50933","923036","24539","12733","230759","6135","4075","73843","1963","6898","53566","0","95","103","2","4","8","0","0","0","14209531","0","0","12882556","0","0","1326975","0","0","0","0","0","66349","0","0","265395","0","0","106158","0","0","0","0","0","0","0","0","0","0","0","0","0","0","0","0","0","0","0","0","0","0","0","0","0","0","0","0","0","0","0","0","112722","0","107899","0","4838","0","387","0","15","0","1","0","44713994","0","36503318","0","9491475","0","759318","0","1280800","0","36","0","0","0","0","0","0","0","0","0","0","0","0","0","0","0","0","0","0","0","0","0","0","0","0","0","0","0","0","0","2149996","18464522","0","1898963","18191076","0","4620","0","0","297729","850421","14887","68034","0","0","8932","0","50613","144571","0","51316","576974","0","10","2","0","0","0","0","0","0","0","0","0","0","0","0","0","0","0","0","0","0","360006","368215","0","5264","13473","421","10","0","0","0","0","0","0","0","0","73169470","73138314","0","0","0","0","0","484032","4355878","195829","0","701355","39743","0","0","0","0","0","39743","0","0","0","0","0","0","0","0","0","0","19743","0","0","0","20000","0","0","0","0","32168","0","0","0","0","0","0","96","133370","829651","0","0","0","0","0","0","0","0","0","0","0","0","0","0","44956","1","0","0","0","0","0","0","0","0","0","0","0","0","0","0","0","0","0","0","0","0","0","0","0","0","0","0","0","0","39","1","0","0","0","0","0","0","0","0","0","0","0","0","0","0","0","0","0","10215","3","10630","2","369","6","9584","13","0","0","0","0","0","10303","2","21632","12","5701","5","1906","2","368","1","92","0","0","11291","8","0","0","0","0","0","0","0","0","0","0","0","0","14925674","4793","1786202","11","0","0","0","0","0","0","0","0","0","0","0","0","0","0","0","0","0","0","0","0","0","554","4","69","0","0","0","0","0","0","0","0","0","0","0","0","0","0","0","0","0","0","0","0","0","0","0","0","0","0","0","0","0","0","0","0","0","0","0","0","0","0","0","0","0","0","0","0","0","0","0","0","0","0","0","0","0","0","0","0","0","0","0","0","0","0","0","0","0","0","0","0","0","0","0","0","0","0","0","0","0","0","0","0","0","0","0","0","0","0","0","0","0","0","0","0","0","0","0","0","0","0","0","0","0","0","0","0","0","0","0","0","0","0","0","0","0","0","0","0","0","0","0","0","0","0","0","0","0","0","0","0","0","0","0","0","0","0","0","0","0","0","0","0","0","0","0","0","0","0","0","0","0","0","0","0","0","0","0","0","0","0","0","0","0","0","0","0","0","0","0","0","0","0","0","0","0","0","0","0","0","0","0","0","0","0","0","0","0","0","0","0"
"Ивановская область","158127784","16393601","7744664","689421","147411624","18136257","7958004","1341676","94100","712","1220","0","3574","3436","10592126","116987","122","10475139","2397635","820938","0","0","0","0","0","0","0","0","0","549123","37241","13849","29247","0","0","15575","44130","4","0","0","88952","0","3986","496","2219","455","0","235619","995701","52278","198585","797543","40932","45910","222390","11346","11478","55597","2836","3673","17791","908","8875","24232","0","159","44","1","3","1","0","0","0","2351750","0","0","2405275","0","0","161630","0","0","9513","0","0","14362","0","0","16533","0","0","3417","0","0","215155","0","0","3","0","0","0","0","0","0","0","0","0","0","0","0","0","0","0","0","0","0","0","0","0","0","0","0","0","0","121899","11211","88596","8996","33304","2215","2664","177","0","0","0","0","1562685","0","1379306","0","218413","0","17473","0","35035","0","6","0","0","0","0","0","0","0","0","0","0","0","0","0","0","0","0","0","0","0","0","0","0","0","0","0","0","0","0","0","261705","833354","0","213669","653255","0","0","0","0","48580","180099","2429","14408","0","0","1457","0","8259","30617","0","544","0","0","1","0","0","0","0","0","0","0","0","0","0","0","0","0","0","0","0","0","0","0","11596","14913","0","0","3317","0","5","0","0","0","0","0","0","0","0","4875239","5230104","0","0","0","2465","0","0","0","3980","0","0","53250","0","0","0","0","0","0","0","0","0","0","0","0","0","0","0","0","0","0","0","0","0","0","0","0","21000","1234","0","0","0","0","0","0","35","18685","163825","0","0","0","0","0","0","0","0","0","0","0","0","0","0","0","0","0","0","0","0","0","0","0","0","0","0","0","0","0","0","0","0","0","0","0","0","0","0","0","0","0","0","0","0","0","0","0","0","0","0","0","0","0","0","0","0","0","0","0","0","0","0","0","1354","2","1379","2","597","5","1241","6","0","0","0","0","0","584","1","4983","3","105","1","363","1","0","0","0","0","0","5205","10","0","0","0","0","0","0","0","0","0","0","0","0","2531404","1493","218","1","0","0","0","0","0","0","2130","1","533","0","0","0","0","0","0","0","0","0","0","0","0","0","0","0","0","0","0","0","0","0","0","0","0","0","0","0","0","0","0","0","0","0","0","0","0","0","0","0","0","0","0","0","0","0","0","0","0","0","0","0","0","0","0","0","0","0","0","0","0","0","0","0","0","0","0","0","0","0","0","0","0","0","0","0","0","0","0","0","0","0","0","0","0","0","0","0","0","0","0","0","0","0","0","0","0","0","0","0","0","0","0","0","0","0","0","0","0","0","0","0","0","0","0","0","0","0","0","0","0","0","0","0","0","0","0","0","0","0","0","0","0","0","0","0","0","0","0","0","0","0","0","0","0","0","0","0","0","0","0","0","0","0","0","0","0","0","0","0","0","0","0","0","0","0","0","0","0","0","0","0","0","0","0","0","0","0","0","0","0","0","0","0","0","0","0","0","0","0","0","0","0","0","0","0","0","0","0","0","0","0","0","0"
"Иркутская область","686539640","219735982","39685296","24126357","594749299","228378521","40198461","42179586","374541","35691","193513","490430","10462","1177","91448348","6892943","296","84556245","27151081","7659860","0","4692","6","0","0","0","0","0","0","3110490","229817","69022","1723236","0","0","0","0","0","0","0","1727928","0","6143","1228","2659","644","0","825232","3786158","201059","632600","3249581","166330","192862","542880","34728","48215","135720","8682","15429","43430","2778","230","6303","0","437","101","4","4","2","0","56974460","0","335418","55248918","0","361389","5277440","0","27884","0","0","2144","87745","0","2679","1231615","0","2148","422195","0","87","3551898","0","53893","9","0","7","0","0","8884278","0","0","9121020","0","0","0","0","0","0","0","0","0","0","0","0","0","0","0","0","236742","0","0","1","87211","0","81462","0","5749","0","460","0","0","0","0","0","756","0","8813","0","0","0","0","0","8057","0","3","0","0","0","0","0","0","0","0","0","0","0","0","0","0","0","0","0","0","0","0","0","0","0","0","0","0","0","0","0","2371065","45890","0","1874797","35055","0","0","0","0","496772","10834","24839","867","0","0","14903","0","84451","1842","0","504","0","0","1","0","0","0","0","0","0","0","0","0","0","0","0","0","0","0","0","0","0","0","10190","13312","0","0","3122","0","4","5","0","0","0","0","0","0","0","105614","84051","232996","514894","2380937","0","2382145","5100","217913","1565","0","453557","0","0","0","0","0","0","0","0","0","0","0","0","0","0","0","0","0","0","0","0","0","0","0","0","0","0","0","15","1","0","0","0","0","146","939474","13110438","0","0","0","0","0","0","0","0","0","0","0","18","1","5","284153","7","10505","3","0","0","0","0","0","0","3548","1","444","94728","2","23682","0","0","0","448798","2","74800","0","0","0","0","0","0","0","0","0","0","42362","1","5295","19818","1","2462","1","616","0","0","0","0","0","0","10296","4","2574","15927","9","150918","6","13372","14","66622","27","0","0","0","0","0","781180","10","132774","27","32281","16","81071","7","4807","7","1202","4650","1","62871","24","0","0","0","0","0","0","0","0","57","1","0","0","31852187","3437","733611","18","271","1","68","0","0","0","61001","5","15250","0","0","0","0","0","0","0","0","0","0","0","0","8536","8","1067","0","0","0","0","0","0","0","0","0","0","0","0","105952","1","0","0","0","0","0","0","0","0","0","0","0","0","0","0","0","0","0","0","0","0","0","0","0","0","0","0","0","0","0","0","0","0","0","0","0","0","0","0","0","0","0","0","0","0","0","0","0","0","0","0","0","0","0","0","0","0","0","0","0","0","0","0","0","0","0","0","0","0","0","0","0","0","0","0","0","0","0","0","0","0","0","0","0","0","0","0","0","0","0","0","0","0","0","0","0","0","0","0","0","0","0","0","0","0","0","0","0","0","0","0","0","0","0","0","0","0","0","0","0","0","0","0","0","0","0","0","0","0","0","0","0","0","0","0","0","0","0","0","0","0","0","0","0","0","0","0","0","0","0","0","0","0","0","0","0","0","0","0","0","0","0","0","0","0","0","0","0","0","0","0","0","0","0","0"
"Калининградская область","333465034","102075417","55687295","437605920","312429808","108955375","44329564","281028612","9880591","101123","19106559","181959439","2493","0","23182412","2366338","351","20816074","32071402","1661914","29","0","0","0","0","0","0","0","0","1147536","180348","83843","591585","0","0","0","0","0","0","0","591585","0","2682","1309","1579","198","0","346090","1715105","24908","306102","1389383","18112","40214","343996","6796","10053","85999","1699","3217","27520","544","225","18274","0","66","48","1","1","6","0","0","0","0","0","0","0","0","0","0","0","0","0","0","0","0","0","0","0","0","0","0","0","0","0","0","0","0","72717579","0","0","71629425","0","0","150418","0","0","8722039","0","0","81044","0","172456","0","0","616719","0","0","7784302","0","0","114","0","0","75005","0","74645","0","359","0","29","0","61","0","0","0","4352405","0","4787908","0","152987","0","12239","0","588489","0","7","0","0","0","0","0","0","0","0","0","0","0","0","0","0","0","0","0","0","0","0","0","0","0","0","0","0","0","0","0","3315317","529336","0","2169239","633198","0","1994","0","0","1582531","0","79127","0","0","0","47483","0","269030","0","0","438447","103862","0","8","2","0","0","0","0","0","0","0","0","0","0","0","0","0","0","0","0","0","0","256860","106056","918","154269","4383","12295","3","1","459820","511834","0","264418","66105","316432","1","14222350","13908568","3757683","3759000","236026","109018","125689","2968346","42746150","40650","0","589135","0","0","463992","0","0","0","463992","0","0","0","0","0","0","0","0","0","0","0","0","0","0","0","0","0","0","1499","33907","0","0","0","0","0","0","37","135706","517193","0","0","0","0","0","0","0","0","0","0","0","0","0","0","26788","2","0","0","0","0","0","0","0","0","0","0","0","36","1","9","0","0","0","3160423","2","526737","0","0","0","28081","1","4680","0","0","775","1","526","1","66","0","0","0","0","0","0","0","0","0","0","0","674","2","169","259","4","4702","3","2118","8","2604","7","0","0","0","0","0","3356","3","22005","14","632","7","505","1","258","1","64","103","1","5843","10","0","0","0","0","0","0","0","0","0","0","0","0","10669628","1853","53631610","3","0","0","0","0","0","0","730","1","183","0","0","0","0","0","0","0","0","0","0","0","0","37738","7","4717","859","1","143","0","0","0","0","0","0","0","0","0","131052","1","0","0","0","0","0","0","0","0","0","0","0","0","0","0","0","0","0","0","0","0","0","0","0","0","0","0","0","0","0","0","0","0","0","0","0","0","0","0","0","0","0","0","0","0","0","0","0","0","0","0","0","0","0","0","0","0","0","0","0","0","0","0","0","0","0","0","0","0","0","0","0","0","0","0","0","0","0","0","0","0","0","0","0","0","0","0","0","0","0","0","0","0","0","0","0","0","0","0","0","0","0","0","0","0","0","0","0","0","0","0","0","0","0","0","0","0","0","0","0","0","0","0","0","0","0","0","0","0","0","0","0","0","0","0","0","0","0","0","0","0","0","0","0","0","0","0","0","0","0","0","0","0","0","0","0","0","0","0","0","0","0","0","0","0","0","0","0","0","0","0","0","0","0","0"
"Калужская область","1078186865","69983121","57585871","14301484","1049841041","77122693","56750012","30263348","125165","11602","2171697","1546227","17130","1826","27118021","2502387","267","24615714","24591589","1902585","731","2767","1","0","0","10010","0","1","0","1182474","96240","139436","625597","0","0","62971","140703","6","0","0","842048","546","3854","826","2149","431","0","322967","2177699","0","274894","1811875","0","48073","363907","0","12018","90977","0","3846","29113","0","0","3589","0","95","46","0","0","2","0","13861","0","155513","13800","0","155488","61","0","31901","0","0","0","6","0","0","9","0","7975","5","0","2552","0","0","31876","0","0","2","0","0","69963863","0","0","56490166","0","0","0","0","0","13511228","0","0","0","0","1351123","0","0","1080898","0","0","37531","0","0","1","91855","0","81679","0","10176","0","814","0","0","0","0","0","17071403","663062","14746466","823845","2417294","0","193383","0","92357","160784","22","1","0","0","0","0","0","0","0","0","0","0","0","0","0","0","0","0","0","0","0","0","0","0","0","0","0","0","0","0","675983","8392623","0","718818","7915595","0","940","86032","0","8580","470382","429","37631","0","0","257","0","1459","79965","0","52354","79386","0","3","1","0","1367668","0","1033864","0","0","0","333804","0","26704","0","33380","0","23366","0","0","0","0","797389","758493","0","41632","2737","3211","3","12","0","0","0","0","0","0","0","3203043","3220804","2563298","2562956","46298","0","46640","0","96304","49347","0","100973","0","0","0","0","0","0","0","0","0","0","0","0","66669","0","0","9950","0","47486","0","600","0","0","0","0","117358","0","90872","0","0","0","0","0","0","72","205149","725081","0","0","0","0","0","0","0","0","0","0","0","0","0","0","0","0","0","0","0","0","0","0","0","0","0","0","0","0","0","0","0","0","0","0","0","0","0","0","0","0","0","0","0","0","0","0","0","0","0","7313","2","0","0","0","0","0","0","0","0","0","0","0","0","8058","5","1662","1","4629","10","5770","15","0","0","0","0","0","4705","2","28072","14","3840","8","1804","2","3012","5","753","2126","1","7225","14","0","0","0","0","0","0","2980","1","0","0","0","0","11814831","2383","127617","11","0","0","0","0","0","0","0","0","0","0","0","0","0","0","0","1605","1","201","0","0","0","3366","5","421","0","0","0","0","0","0","0","0","0","0","0","0","0","0","0","0","0","0","0","0","0","0","0","0","0","0","0","0","0","0","0","0","0","0","0","0","0","0","0","0","0","0","0","0","0","0","0","0","0","0","0","0","0","0","0","0","0","0","0","0","0","0","0","0","0","0","0","0","0","0","0","0","0","0","0","0","0","0","0","0","0","0","0","0","0","0","0","0","0","0","0","0","0","0","0","0","0","0","0","0","0","0","0","0","0","0","0","0","0","0","0","0","0","0","0","0","0","0","0","0","0","0","0","0","0","0","0","0","0","0","0","0","0","0","0","0","0","0","0","0","0","0","0","0","0","0","0","0","0","0","0","0","0","0","0","0","0","0","0","0","0","0","0","0","0","0","0","0","0","0","0","0","0","0","0","0","0","0","0","0","0","0","0","0","0","0","0","0"
"Камчатский край","82967507","13775543","19733384","19446761","68798188","14825504","19315732","37707455","16391","22795","1000","0","28964","0","14573488","2115725","67","12457763","19287861","996072","0","0","0","0","0","0","0","0","0","845922","4119","21529","528931","0","0","0","0","0","0","0","528931","0","593","227","497","169","0","81582","491570","0","65436","360875","0","18449","123084","0","4612","30771","0","1476","9847","0","2303","10315","0","16","29","0","4","4","0","3170993","65800","24478744","1500897","59971","19314745","1670096","5829","5975808","0","0","470828","283916","991","588535","133608","466","434589","133608","466","7237","0","0","1003542","0","0","23","0","2417792","0","0","1937302","0","0","0","0","0","583791","0","0","481","0","601","0","0","46223","0","0","103301","0","0","7","0","20579","0","17340","0","3239","0","259","0","0","0","0","0","8100479","185554","6418600","235913","1681879","0","134550","0","0","50359","0","1","0","0","0","0","0","0","0","0","0","0","0","0","0","0","0","0","0","0","0","0","0","0","0","0","0","0","0","0","0","0","0","0","0","0","0","0","0","0","0","0","0","0","0","0","0","0","0","0","0","0","0","0","0","0","0","0","0","0","0","0","0","0","0","0","0","0","0","0","0","0","0","0","0","0","0","0","0","0","1","0","0","0","0","0","0","0","0","0","0","0","0","0","0","0","267780","2500","0","22500","0","0","0","0","0","0","0","0","0","0","0","0","0","0","0","0","0","0","0","0","0","0","0","0","0","0","0","0","0","0","0","0","0","22","26656","494665","0","0","0","0","0","0","0","0","0","0","0","0","0","0","0","0","0","0","0","0","0","0","0","0","0","0","0","0","0","0","0","0","0","0","0","0","0","0","0","0","0","0","0","0","0","0","0","0","0","0","0","0","0","0","0","0","0","0","0","0","0","0","0","0","0","0","0","0","0","0","0","0","0","0","0","0","0","0","1226","1","134","1","0","0","0","0","0","0","0","0","0","0","0","0","0","0","0","0","0","0","0","0","0","3919537","433","1074","2","0","0","0","0","0","0","0","0","0","0","0","0","0","0","0","0","0","0","0","0","0","0","0","0","0","0","0","0","0","0","0","0","0","0","0","0","0","0","0","0","0","0","0","0","0","0","0","0","0","0","0","0","0","0","0","0","0","0","0","0","0","0","0","0","0","0","0","0","0","0","0","0","0","0","0","0","0","0","0","0","0","0","0","0","0","0","0","0","0","0","0","0","0","0","0","0","0","0","0","0","0","0","0","0","0","0","0","0","0","0","0","0","0","0","0","0","0","0","0","0","0","0","0","0","0","0","0","0","0","0","0","0","0","0","0","0","0","0","0","0","0","0","0","0","0","0","0","0","0","0","0","0","0","0","0","0","0","0","0","0","0","0","0","0","0","0","0","0","0","0","0","0","0","0","0","0","0","0","0","0","0","0","0","0","0","0","0","0","0","0","0","0","0","0","0","0","0","0","0","0","0","0","0","0","0","0","0","0","0","0","0","0"
"Кемеровская область - Кузбасс","666584090","435942514","51800098","63667762","622774884","482275096","43805579","65863307","1248192","88685","4341171","18977403","120174","8","48636102","3499296","266","45136807","67415115","3608643","0","167038","3","22638","0","82716","0","9","0","1703963","196749","82343","874823","0","0","0","0","0","0","0","1147215","0","6113","795","2591","294","0","627316","3680436","478095","588745","3259646","353573","38571","516610","124522","9643","129152","31131","3086","41329","9962","0","95820","0","726","117","82","0","6","0","14076","0","4362934","133084","0","4104481","0","0","411607","0","0","13160","0","0","28806","0","0","60936","0","0","19768","119007","0","153732","1","0","7","0","0","0","0","0","0","0","0","0","0","0","0","0","0","0","0","0","0","0","0","0","0","0","0","0","0","105526","47381","89305","46645","16221","737","1298","59","0","0","0","0","3808774","0","3072247","0","796837","0","63747","0","60309","0","2","0","0","0","0","0","0","0","0","0","0","0","0","0","0","0","0","0","0","0","0","0","0","0","0","0","0","0","0","0","1000391","257673","0","824746","213268","0","0","0","0","227375","44405","11369","3552","0","0","6821","0","38654","7549","0","51730","0","0","4","0","0","0","0","0","0","0","0","0","0","0","0","0","0","0","0","0","0","0","16114","18263","0","357","2506","29","3","1","0","0","0","0","0","0","0","36386","31278","12935780","13002356","2431171","2387013","47269","1398221","12111235","122283","0","187674","0","0","0","0","0","0","0","0","0","0","0","0","0","0","0","0","0","44587","0","0","0","0","0","0","0","0","0","21","1","0","0","0","0","167","976684","10519691","0","0","0","0","0","0","0","0","0","0","0","0","0","0","757049","11","2027","3","0","0","0","11885","1","1486","0","0","0","9336","1","2334","0","0","0","486951","3","81158","0","0","0","0","0","0","164557","2","6362","3","134963","3","16870","0","0","0","0","0","0","0","0","0","0","0","18288","4","4572","233886","31","222884","3","49251","22","111914","35","0","0","0","0","0","384","1","145002","31","8107","21","81751","15","5288","7","1322","22760","2","73370","46","0","0","0","0","0","0","0","0","436194","2","0","0","25142987","2774","6355151","37","0","0","0","0","0","0","4347","2","1087","0","0","0","0","0","0","0","0","0","0","0","0","207","4","26","0","0","0","0","0","0","0","0","0","0","0","0","0","0","0","0","0","0","0","0","0","0","0","0","0","0","0","0","0","0","0","0","0","0","0","0","0","0","0","0","0","0","0","0","0","0","0","0","0","0","0","0","0","0","0","0","0","0","0","0","0","0","0","0","0","0","0","0","0","0","0","0","0","0","0","0","0","0","0","0","0","0","0","0","0","0","0","0","0","0","0","0","0","0","0","0","0","0","0","0","0","0","0","0","0","0","0","0","0","0","0","0","0","0","0","0","0","0","0","0","0","0","0","0","0","0","0","0","0","0","0","0","0","0","0","0","0","0","0","0","0","0","0","0","0","0","0","0","0","0","0","0","0","0","0","0","0","0","0","0","0","0","0","0","0","0","0","0","0","0","0","0","0","0","0","0","0","0","0","0","0","0","0","0","0","0","0","0"
"Кировская область","181415600","28528132","9053535","1266319","166043058","30944291","7070341","2142778","108301","930","462357","7787","2539552","0","14462483","1032316","146","13430168","3299475","1073189","0","14869","3","0","0","2000","0","1","0","594862","48434","15398","258079","0","0","0","0","0","0","0","274948","0","3409","547","955","219","0","121351","1966440","0","98474","1768125","0","22963","201101","0","5741","50275","0","1837","16088","0","86","2785","0","102","46","0","2","5","0","0","0","1198911","0","0","909640","0","0","289075","0","0","22876","0","0","28751","0","0","20642","0","0","250","0","0","0","0","0","0","0","0","0","0","0","0","0","0","0","0","0","0","0","0","0","0","0","0","0","0","0","0","0","0","0","0","126767","0","113960","0","14388","0","1151","0","1581","0","2","0","15291507","0","11682467","0","3648651","0","291892","0","39610","0","5","0","0","0","0","0","0","0","0","0","0","0","0","0","0","0","0","0","0","0","0","0","0","0","0","0","0","0","0","0","459337","93372","0","347996","87149","0","113","0","0","111228","6223","5561","498","0","0","3337","0","18909","1058","0","0","0","0","0","0","0","0","0","0","0","0","0","0","0","0","0","0","0","0","0","0","0","0","7494","8983","0","0","1488","0","2","0","0","0","0","0","0","0","0","15333","14821","2956","2600","0","0","356","0","45015","3954","0","16608","0","0","0","0","0","0","0","0","0","0","0","0","0","0","0","0","0","0","0","0","0","0","0","0","0","0","0","0","0","32","1","0","0","74","75670","1693138","0","0","0","0","0","0","0","0","0","0","0","0","0","0","0","0","0","0","0","0","0","0","0","0","0","0","0","7377","2","1844","0","0","0","0","0","0","0","0","0","0","0","0","161","1","12","1","0","0","0","0","0","0","0","0","0","0","0","0","0","0","0","0","0","716","3","15","1","28949","12","27436","24","0","0","0","0","0","0","0","41129","21","142","4","1470","2","1797","3","449","6915","3","19297","28","0","0","0","0","0","0","33","1","0","0","0","0","6619047","1634","11151","6","0","0","0","0","0","0","2935","2","734","0","0","0","0","0","0","0","0","0","0","0","0","2392","4","299","460","1","77","0","0","0","0","0","0","0","0","0","0","0","0","0","0","0","0","0","0","0","0","0","0","0","0","0","0","0","0","0","0","0","0","0","0","0","0","0","0","0","0","0","0","0","0","0","0","0","0","0","0","0","0","0","0","0","0","0","0","0","0","0","0","0","0","0","0","0","0","0","0","0","0","0","0","0","0","0","0","0","0","0","0","0","0","0","0","0","0","0","0","0","0","0","0","0","0","0","0","0","0","0","0","0","0","0","0","0","0","0","0","0","0","0","0","0","0","0","0","0","0","0","0","0","0","0","0","0","0","0","0","0","0","0","0","0","0","0","0","0","0","0","0","0","0","0","0","0","0","0","0","0","0","0","0","0","0","0","0","0","0","0","0","0","0","0","0","0","0","0","0","0","0","0","0","0","0","0","0","0","0","0","0","0","0","0"
"Костромская область","140758640","261594515","43261302","386233060","131277288","251659986","32108680","393008016","10942","6346","666555","14769214","9916","4199","19968458","633453","116","19335005","11580840","1545271","0","0","0","18760","0","22221","0","4","0","1169315","38020","555022","158363","0","0","0","0","0","0","0","199344","68","1760","360","1017","55","0","124544","873330","2337","122429","724714","1492","2115","151323","846","529","37831","211","169","12106","68","0","2707","0","168","30","2","0","1","0","0","0","843714","0","0","1699705","0","0","15887","0","0","1271","0","0","2542","0","0","159","0","0","0","0","0","871877","0","0","1","0","0","0","0","0","0","0","0","0","0","0","0","0","0","0","0","0","0","0","0","0","0","0","0","0","0","55170","0","55861","0","800","0","64","0","1492","0","2","0","377742","0","290985","0","91508","0","7321","0","4751","0","1","0","0","0","0","0","0","0","0","0","0","0","0","0","0","0","0","0","0","0","0","0","0","0","0","0","0","0","0","0","592476","0","0","626784","0","0","47608","0","0","64737","0","3237","0","0","0","1942","0","11005","0","0","146652","0","0","3","0","0","0","0","0","0","0","0","0","0","0","0","0","0","0","0","0","0","0","2633","3562","0","0","929","0","1","0","0","0","0","0","0","0","0","7365545","7233980","8679087","8678674","882083","855830","26665","0","2429","4210","0","95590","12149","0","1","0","0","0","0","0","28","0","0","0","0","0","0","0","0","0","0","0","0","0","0","0","0","0","12121","0","0","0","0","0","0","32","482640","223756","0","0","0","0","0","0","0","0","0","0","0","0","0","0","0","0","0","0","0","0","0","0","0","0","0","0","0","0","0","0","0","0","0","0","0","0","0","0","0","0","0","0","0","0","879","1","0","0","0","0","0","0","0","0","0","0","0","0","0","0","225","1","56","572","1","206","1","511","3","681","4","3","1","0","0","0","0","0","8984","7","14","2","782","3","0","0","0","0","0","1177","6","0","0","0","0","0","0","0","0","0","0","0","0","2683552","838","28797","7","0","0","0","0","0","0","0","0","0","0","0","0","0","0","0","0","0","0","0","0","0","103153","5","12894","85","1","14","0","0","0","0","0","0","0","0","0","0","0","0","0","0","0","0","0","0","0","0","0","0","0","0","0","0","0","0","0","0","0","0","0","0","0","0","0","0","0","0","0","0","0","0","0","0","0","0","0","0","0","0","0","0","0","0","0","0","0","0","0","0","0","0","0","0","0","0","0","0","0","0","0","0","0","0","0","0","0","0","0","0","0","0","0","0","0","0","0","0","0","0","0","0","0","0","0","0","0","0","0","0","0","0","0","0","0","0","0","0","0","0","0","0","0","0","0","0","0","0","0","0","0","0","0","0","0","0","0","0","0","0","0","0","0","0","0","0","0","0","0","0","0","0","0","0","0","0","0","0","0","0","0","0","0","0","0","0","0","0","0","0","0","0","0","0","0","0","0","0","0","0","0","0","0","0","0","0","0","0","0","0","0","0","0"
"Курганская область","153332064","17395205","6784668","592651","135063037","18191017","6679568","1036419","31826","5778","0","0","230931","2011","18175023","815073","100","17359950","1230180","1388618","0","1085","2","0","0","0","0","0","0","938642","115696","12135","203768","0","0","0","0","0","0","0","204853","0","1220","291","831","56","0","130944","347329","0","112640","306379","0","18304","50441","0","4576","12610","0","1464","4035","0","0","9491","0","67","20","0","0","2","0","0","0","792849","0","0","791715","0","0","10485","0","0","139","0","0","972","0","0","1510","0","0","700","0","0","9351","0","0","2","0","0","1600778","0","0","1439390","0","0","16","0","0","161371","0","0","0","0","21785","0","0","0","0","0","0","0","0","0","59129","0","53352","0","5777","0","462","0","0","0","0","0","4754198","0","3828850","0","1019034","0","81523","0","93686","0","12","0","0","0","0","0","0","0","0","0","0","0","0","0","0","0","0","0","0","0","0","0","0","0","0","0","0","0","0","0","0","254431","0","0","147371","0","0","0","0","0","107059","0","8565","0","0","0","0","0","18200","0","0","0","0","0","0","0","0","0","0","0","0","0","0","0","0","0","0","0","0","0","0","0","0","585","181","0","403","0","32","0","0","0","0","0","0","0","0","0","19401","15565","221041","221350","5633","0","5633","0","0","52360","0","125667","374995","0","0","0","0","0","0","0","0","0","0","0","0","0","0","0","0","0","0","0","0","0","0","0","0","0","374995","0","0","0","0","0","0","28","87154","1551489","0","0","0","0","0","0","0","0","0","0","0","0","0","0","0","0","0","0","0","0","0","0","0","0","0","0","0","0","0","0","0","0","0","0","0","0","0","0","0","0","0","0","0","0","1001","1","0","0","0","36505","1","0","0","0","0","0","0","0","0","0","0","0","0","3048","3","4821","1","2419","8","12230","10","0","0","0","0","0","8284","2","34167","4","812","5","4241","1","490","1","122","0","0","10132","9","0","0","0","0","0","0","0","0","0","0","0","0","2751837","733","31829","5","0","0","0","0","0","0","0","0","0","0","0","0","0","0","0","0","0","0","0","0","0","50","1","6","0","0","0","0","0","0","0","0","0","0","0","0","0","0","0","0","0","0","0","0","0","0","0","0","0","0","0","0","0","0","0","0","0","0","0","0","0","0","0","0","0","0","0","0","0","0","0","0","0","0","0","0","0","0","0","0","0","0","0","0","0","0","0","0","0","0","0","0","0","0","0","0","0","0","0","0","0","0","0","0","0","0","0","0","0","0","0","0","0","0","0","0","0","0","0","0","0","0","0","0","0","0","0","0","0","0","0","0","0","0","0","0","0","0","0","0","0","0","0","0","0","0","0","0","0","0","0","0","0","0","0","0","0","0","0","0","0","0","0","0","0","0","0","0","0","0","0","0","0","0","0","0","0","0","0","0","0","0","0","0","0","0","0","0","0","0","0","0","0","0","0","0","0","0","0","0","0","0","0","0","0","0","0","0","0","0","0","0"
"Курская область","161895435","59490378","7326431","5063265","150428113","57734870","6065733","13251347","26649","1052354","1585","0","3190","439","12750750","350546","144","12400204","5380659","992016","0","1963","1","0","0","0","0","0","0","623760","54012","22433","87637","0","0","0","0","0","0","0","89600","0","2548","419","861","204","0","156671","1130158","0","141026","867271","0","16273","272997","0","4068","68249","0","1302","21840","0","628","10110","0","42","32","0","1","3","0","28659136","0","0","31074732","0","0","0","0","0","0","0","0","0","0","0","0","0","0","0","0","0","2415596","0","0","2","0","0","0","0","0","0","0","0","0","0","0","0","0","0","0","0","0","0","0","0","0","0","0","0","0","0","0","0","20096","350","13084","156","7012","194","561","16","0","0","0","0","50404905","0","42380316","0","9318683","0","745495","0","1294094","0","42","0","0","0","0","0","0","0","0","0","0","0","0","0","0","0","0","0","0","0","0","0","0","0","0","0","0","0","0","0","312645","1439356","0","154616","1483442","0","0","0","0","158029","0","7901","0","0","0","4741","0","26865","0","0","0","44086","0","0","1","0","0","0","0","0","0","0","0","0","0","0","0","0","0","0","0","0","0","832491","834717","0","10054","12280","804","6","1","0","0","0","0","0","0","0","8843","8237","24436","23580","0","0","856","0","144900","500","0","12452","0","0","0","0","0","0","0","0","0","0","0","0","0","0","0","0","0","0","0","0","0","0","0","0","0","0","4979","0","0","0","0","0","0","45","757926","1743002","0","0","0","0","0","0","0","0","0","0","0","0","0","0","0","0","0","0","0","0","0","0","0","0","0","0","0","0","0","0","0","0","0","0","0","0","0","0","0","0","0","0","0","0","0","0","0","0","0","0","0","0","0","0","0","0","0","0","0","0","72","1","18","6352","1","0","0","10107","4","20808","7","0","0","0","0","0","26189","1","32289","10","250","1","0","0","0","0","0","0","0","4524","7","0","0","0","0","0","0","0","0","0","0","0","0","12400267","1416","13485","2","0","0","0","0","0","0","166717","1","41679","5000","1","1250","0","0","0","0","0","0","0","0","0","2428","6","304","0","0","0","0","0","0","82","1","0","0","0","0","0","0","0","0","0","0","0","0","0","0","0","0","0","0","0","0","0","0","0","0","0","0","0","0","0","0","0","0","0","0","0","0","0","0","0","0","0","0","0","0","0","0","0","0","0","0","0","0","0","0","0","0","0","0","0","0","0","0","0","0","0","0","0","0","0","0","0","0","0","0","0","0","0","0","0","0","0","0","0","0","0","0","0","0","0","0","0","0","0","0","0","0","0","0","0","0","0","0","0","0","0","0","0","0","0","0","0","0","0","0","0","0","0","0","0","0","0","0","0","0","0","0","0","0","0","0","0","0","0","0","0","0","0","0","0","0","0","0","0","0","0","0","0","0","0","0","0","0","0","0","0","0","0","0","0","0","0","0","0","0","0","0","0","0","0","0","0","0","0","0","0","0","0","0","0","0"
"Ленинградская область","830595116","71115049","93705591","52636804","714651840","80900777","76456811","159909264","61588","20313","1404581","0","193664","781","131672032","8398830","382","123273536","117035910","9960709","0","12588","3","14911","0","53210","0","10","0","4685599","711536","54728","2099707","0","0","0","0","0","0","0","2180416","96","6037","1160","2855","209","0","148444","1679760","661","118958","2354824","7","29815","281175","654","7454","70294","163","2385","22494","52","329","957289","0","162","41","3","2","5","0","12433526","0","14330","11453125","0","29356","1144701","0","0","0","0","0","114470","0","0","171705","0","0","91576","0","0","164366","0","15026","4","0","1","0","0","9570420","0","0","4971202","0","0","0","0","0","4599218","0","0","0","0","229961","0","0","367937","0","0","0","0","0","0","23061","0","19602","0","3568","0","285","0","109","0","1","0","31567179","1704960","26818337","1354083","4940719","350878","395258","28070","191878","0","9","0","0","0","0","0","0","0","0","0","0","0","0","0","0","0","0","0","0","0","0","0","0","0","0","0","0","0","0","0","1226134","258545","0","835958","271604","0","0","0","0","390176","0","19509","0","0","0","11705","0","66330","0","0","0","13059","0","0","1","0","0","0","0","0","0","0","0","0","0","0","0","0","0","0","0","0","0","7438537","6873857","0","566144","1465","45291","2","7","0","0","0","0","0","0","0","31644887","31083047","150168","125018","0","0","25149","0","1293139","786674","0","71759","70544","0","0","0","0","0","35294","0","0","0","0","0","0","0","0","0","0","19018","0","0","0","0","0","0","0","0","371756","3529","1","8617","1","0","0","119","429432","2616016","0","0","0","0","0","0","0","0","0","0","0","0","0","0","353908","2","0","0","0","0","0","0","0","0","0","0","0","19","1","5","0","0","0","0","0","0","0","0","0","0","0","0","0","0","1093","2","38895","1","4862","70","1","0","0","0","0","0","0","0","0","0","9222","2","2306","65739","17","4614","3","6401","19","22002","25","0","0","0","0","0","249017","4","96461","35","15715","17","5","1","5683","5","1421","0","0","45221","35","0","0","0","0","0","0","0","0","750","4","0","0","23923821","3581","55027","8","0","0","0","0","0","0","50500","1","12625","0","0","0","50634","1","6329","0","0","0","0","0","0","3940","7","492","378","1","63","0","0","0","0","0","0","0","0","0","0","0","0","0","0","0","0","0","0","0","0","0","0","0","0","0","0","0","0","0","0","0","0","0","0","0","0","0","0","0","0","0","0","0","0","0","0","0","0","0","0","0","0","0","0","0","0","0","0","0","0","0","0","0","0","0","0","0","0","0","0","0","0","0","0","0","0","0","0","0","0","0","0","0","0","0","0","0","0","0","0","0","0","0","0","0","0","0","0","0","0","0","0","0","0","0","0","0","0","0","0","0","0","0","0","0","0","0","0","0","0","0","0","0","0","0","0","0","0","0","0","0","0","0","0","0","0","0","0","0","0","0","0","0","0","0","0","0","0","0","0","0","0","0","0","0","0","0","0","0","0","0","0","0","0","0","0","0","0","0","0","0","0","0","0","0","0","0","0","0","0","0","0","0","0","0"
"Липецкая область","259274146","235414364","111989779","96922944","226511290","232123600","112844071","90723917","148455","17727","65022","19713658","94013","5858","31936948","1200194","139","30736918","10211998","2165255","0","0","0","872","0","2570","0","2","0","1225712","73883","539649","300048","85","1","291395","589810","19","0","0","1184780","0","4209","310","2162","130","0","178406","1217158","0","147621","920097","0","30785","297061","0","7696","74265","0","2463","23765","0","0","0","0","156","47","0","0","0","0","9726160","0","0","9801896","0","0","294763","0","0","0","0","0","29476","0","0","44214","0","0","23581","0","0","370499","0","0","2","0","0","0","0","1746925","0","0","1817380","0","0","0","0","0","0","0","0","0","0","0","0","0","0","0","0","70455","0","0","1","37711","0","32821","0","4890","0","391","0","0","0","0","0","66898713","0","56256548","0","11804999","0","944400","0","1162834","0","15","0","0","0","0","0","0","0","0","0","0","0","0","0","0","0","0","0","0","0","0","0","0","0","0","0","0","0","0","0","1324941","0","0","1436173","0","0","0","0","0","18254","0","913","0","0","0","548","0","3103","0","0","129486","0","0","1","0","0","0","0","0","0","0","0","0","0","0","0","0","0","0","0","0","0","0","192658","184178","0","9825","1344","786","2","7","0","0","0","0","0","0","0","9405","24975","0","0","0","0","0","0","1834964","0","0","1450","0","0","6207","0","6207","0","0","0","0","0","0","0","0","0","0","0","0","98655","0","0","0","0","0","0","3893","0","85455","0","0","0","0","0","0","70","165540","3822251","0","0","0","0","0","0","0","0","0","0","0","0","0","0","1041965","3","0","0","0","0","0","0","0","0","0","0","0","142705","1","35676","0","0","0","64952","1","10825","0","0","0","0","0","0","0","0","345","1","409973","1","51247","0","0","0","0","0","0","0","0","0","0","0","0","0","0","92","1","0","0","52767","11","100930","17","0","0","0","0","0","0","0","103678","16","2192","4","2412","2","0","0","0","0","0","14424","19","0","0","0","0","0","0","0","0","0","0","0","0","10934466","1900","3915562","10","0","0","0","0","0","0","75","1","19","0","0","0","0","0","0","0","0","0","0","0","0","1388","8","174","0","0","0","0","0","0","0","0","0","0","0","0","0","0","0","0","0","0","0","0","0","0","0","0","0","0","0","0","0","0","0","0","0","0","0","0","0","0","0","0","0","0","0","0","0","0","0","0","0","0","0","0","0","0","0","0","0","0","0","0","0","0","0","0","0","0","0","0","0","0","0","0","0","0","0","0","0","0","0","0","0","0","0","0","0","0","0","0","0","0","0","0","0","0","0","0","0","0","0","0","0","0","0","0","0","0","0","0","0","0","0","0","0","0","0","0","0","0","0","0","0","0","0","0","0","0","0","0","0","0","0","0","0","0","0","0","0","0","0","0","0","0","0","0","0","0","0","0","0","0","0","0","0","0","0","0","0","0","0","0","0","0","0","0","0","0","0","0","0","0","0","0","0","0","0","0","0","0","0","0","0","0","0","0","0","0","0","0"
"Магаданская область","115792408","12907628","12257551","3779650","80143916","21078465","15985665","4201136","19910","13514","126623","0","4","139","31813661","7383944","32","24429717","8578947","1555761","0","0","0","0","0","0","0","0","0","1165548","84693","77966","1845986","0","0","398132","0","8","0","0","2244118","0","423","352","615","62","0","24286","220696","0","22644","114375","0","1642","106321","0","410","26580","0","131","8506","0","0","0","0","7","8","0","0","0","0","30119910","0","0","15301327","0","0","11041818","0","0","0","0","0","1104182","0","0","1656273","0","0","883345","0","0","0","0","0","0","0","0","0","0","0","0","0","0","0","0","0","0","0","0","0","0","0","0","0","0","0","0","0","0","0","0","0","0","0","0","0","0","0","0","0","0","0","0","0","0","0","0","0","0","0","0","0","0","0","0","0","0","0","0","0","0","0","0","0","0","0","0","0","0","0","0","0","0","0","0","0","0","0","0","0","0","0","0","0","0","0","0","0","0","0","0","0","0","0","0","0","0","0","0","0","0","0","0","0","0","0","0","0","0","0","0","0","0","0","0","0","0","0","0","0","0","0","0","0","0","0","0","0","0","0","0","0","0","0","0","0","0","0","0","0","0","0","0","0","0","0","0","0","0","0","0","0","1866","0","6053","0","0","0","0","0","0","0","0","0","0","0","0","0","0","0","0","0","0","0","0","0","0","0","0","0","0","0","0","0","0","0","0","0","17","626358","1287084","0","0","0","0","0","0","0","0","0","0","0","0","0","0","0","0","0","0","0","0","0","0","0","0","0","0","0","0","0","0","0","0","0","0","0","0","0","0","0","0","0","0","0","0","0","0","0","0","0","0","0","0","0","0","0","0","0","0","0","0","0","0","0","1002","1","0","0","409","1","41091","5","40","1","0","0","0","4360","1","3324","3","484","2","1555","1","7","1","2","0","0","3763","4","0","0","0","0","0","0","0","0","0","0","0","0","5546719","398","323190","2","0","0","0","0","0","0","41660","1","10415","0","0","0","0","0","0","0","0","0","0","0","0","29","2","4","0","0","0","0","0","0","0","0","0","0","0","0","59975","1","0","0","0","0","0","0","0","0","0","0","0","0","0","0","0","0","0","0","0","0","0","0","0","0","0","0","0","0","0","0","0","0","0","0","0","0","0","0","0","0","0","0","0","0","0","0","0","0","0","0","0","0","0","0","0","0","0","0","0","0","0","0","0","0","0","0","0","0","0","0","0","0","0","0","0","0","0","0","0","0","0","0","0","0","0","0","0","0","0","0","0","0","0","0","0","0","0","0","0","0","0","0","0","0","0","0","0","0","0","0","0","0","0","0","0","0","0","0","0","0","0","0","0","0","0","0","0","0","0","0","0","0","0","0","0","0","0","0","0","0","0","0","0","0","0","0","0","0","0","0","0","0","0","0","0","0","0","0","0","0","0","0","0","0","0","0","0","0","0","0","0","0","0","0"
"Московская область","6257058141","733028574","500982413","94202096","5723654146","775740549","464544275","187578245","2660898","2497310","34152423","1425466","1322914","89560","537489974","21090298","2372","516401557","135105798","40924120","7320","8300","13","147823","0","1128772","0","21","0","22979233","2061295","624919","5272574","0","0","333253","759336","51","0","0","7650058","236543","37384","6610","14423","2137","0","9160698","16861339","4168235","7660760","13255402","3557375","1517622","3614882","610860","379405","903720","152715","121410","289191","48869","19647","8945","0","979","321","7","5","3","0","19932535","0","0","18661010","0","0","1951431","0","0","6354","0","0","195143","0","0","286361","0","0","149761","0","0","916273","0","0","10","0","0","0","0","85200","0","0","185025","0","0","0","0","0","0","0","0","0","0","0","0","0","0","0","0","99825","0","0","1","316128","11134","242207","10546","74466","588","5957","47","0","0","0","0","13291256","0","11324857","0","2265034","0","181203","0","298636","0","26","0","0","0","0","0","0","0","0","0","0","0","0","0","0","0","0","0","0","0","0","0","0","0","0","0","0","0","0","0","31153186","28378052","0","30300437","27914885","0","145105","0","0","2627746","2836562","131385","226925","0","0","78834","0","446717","482216","0","1920100","2373395","0","41","7","0","0","0","0","0","0","0","0","0","0","0","0","0","0","0","0","0","0","1835424","1517407","11042","479448","172474","38356","18","26","0","0","0","0","0","0","0","9230091","9064885","69400442","69466376","3029110","3395360","446182","67292","5078881","5273705","0","5894702","366698","0","17780","0","0","0","267459","0","316945","0","0","0","39560","0","0","73560","0","590248","0","74215","0","26000","35294","0","10947","0","954579","42838","2","2492","1","0","0","555","4537744","22597427","0","0","0","0","0","0","0","0","0","0","0","0","0","0","727153","6","183474","3","0","0","0","0","0","0","0","0","0","259960","1","64990","0","0","0","6972582","4","1162097","0","0","0","0","0","0","669626","1","146845","17","157425","1","19678","8513","3","0","0","0","0","0","0","0","0","0","9460","5","2365","58452","25","31032","13","168680","37","82801","60","0","0","5630","2","1407","90729","19","614319","118","35799","43","23342","14","17394","14","4349","29425","6","207336","94","0","0","0","0","0","0","639","2","0","0","0","0","135587469","22076","1317133","44","0","0","0","0","0","0","41359","2","10340","3211","2","803","1680951","2","210119","0","0","0","0","0","0","27989","43","3499","0","0","0","0","0","0","0","0","0","0","0","0","0","0","0","0","0","0","0","0","0","0","0","0","0","0","0","0","0","0","0","0","0","0","0","0","0","0","0","0","0","0","0","0","0","0","0","0","0","0","0","0","0","0","0","0","0","0","0","0","0","0","0","0","0","0","0","0","0","0","0","0","0","0","0","0","0","0","0","0","0","0","0","0","0","0","0","0","0","0","0","0","0","0","0","0","0","0","0","0","0","0","0","0","0","0","0","0","0","0","0","0","0","0","0","0","0","0","0","0","0","0","0","0","0","0","0","0","0","0","0","0","0","0","0","0","0","0","0","0","0","0","0","0","0","0","0","0","0","0","0","0","0","0","0","0","0","0","0","0","0","0","0","0","0","0","0","0","0","0","0","0","0","0","0","0","0","0","0","0","0","0","0","0","0","0","0","0"
"Мурманская область","89598751","170246614","5990077","14061516","74934008","189244063","7359325","25326775","15856","10003","17","2012800","255871","4305","13055464","808583","113","12246881","32269809","911675","0","56848","1","61349","0","156755","0","4","0","459725","24301","35176","202146","0","0","0","0","0","0","0","477098","85","1143","433","407","64","0","342758","383662","0","283377","296452","0","60966","87210","0","15241","21802","0","4877","6977","0","1584","0","0","238","12","0","23","0","0","0","0","3970950","0","0","10585281","0","0","48237","0","0","2886","0","0","4215","0","0","4958","0","0","973","0","0","6662568","0","0","4","0","0","0","0","0","0","0","0","0","0","0","0","0","0","0","0","0","0","0","0","0","0","0","0","0","0","150625","0","129069","0","30420","0","2434","0","8865","0","2","0","5858940","0","4860921","0","1027240","0","82179","0","29221","0","2","0","0","0","0","0","0","0","0","0","0","0","0","0","0","0","0","0","0","0","0","0","0","0","0","0","0","0","0","804438","11231","0","1304860","12777","0","0","0","0","44340","0","0","0","0","2492","3547","0","5046","0","0","544761","1546","0","24","1","0","0","0","0","0","0","0","0","0","0","0","0","0","0","0","0","0","0","0","1079802","353964","0","726789","952","58108","2","4","0","0","0","0","0","0","0","691569","680938","0","0","0","0","0","0","114390","23594","0","23542","0","0","0","0","0","0","0","0","0","0","0","0","0","0","0","0","0","0","0","0","0","0","0","0","0","0","0","0","0","0","0","0","0","31","149646","2619411","0","0","0","0","0","0","0","0","0","0","0","0","0","0","2178","2","17974","1","0","0","0","0","0","0","0","0","0","19829","1","4957","0","0","0","0","0","0","0","0","0","0","0","0","4204","1","31","2","471923","1","58990","6184","1","0","0","0","0","0","0","0","0","0","63219","4","15805","5484","7","0","0","18488","13","41043","21","0","0","0","0","0","27476","5","100328","29","654","15","2676","3","11098","7","2774","0","0","34231","29","0","0","0","0","0","0","0","0","0","0","0","0","9638846","718","863408","2","0","0","0","0","0","0","105245","2","26311","0","0","0","103205","1","12901","0","0","0","0","0","0","57","1","7","0","0","0","0","0","0","0","0","0","0","0","0","531894","6","0","0","2651228","1","0","0","0","0","0","0","0","0","0","0","0","0","0","0","0","0","0","0","0","0","0","0","0","0","0","0","0","0","0","0","0","0","0","0","0","0","0","0","0","0","0","0","0","0","0","0","0","0","0","0","0","0","0","0","0","0","0","0","0","0","0","0","0","0","0","0","0","0","0","0","0","0","0","0","0","0","0","0","0","0","0","0","0","0","0","0","0","0","0","0","0","0","0","0","0","0","0","0","0","0","0","0","0","0","0","0","0","0","0","0","0","0","0","0","0","0","0","0","0","0","0","0","0","0","0","0","0","0","0","0","0","0","0","0","0","0","0","0","0","0","0","0","0","0","0","0","0","0","0","0","0","0","0","0","0","0","0","0","0","0","0","0","0","0","0","0","0","0","0","0"
"Нижегородская область","1418810550","177004723","134055633","21973798","1283535251","209500117","143733295","24276708","251708","57997","912481","104083","1159623","119","123779019","2455183","849","121771946","34844507","10666965","0","9558","7","40029","0","161593","0","11","0","6043203","545123","186327","613796","28","6","11508","32606","5","0","0","869118","3566","16595","3246","6611","844","0","1236806","7232145","529352","1123562","5912278","367647","126128","1346482","161705","31532","336621","40426","10090","107719","12936","12885","26616","0","431","163","1","8","8","0","0","0","254983","0","0","463613","0","0","6543","0","0","11","0","0","334","0","0","1290","0","0","512","0","0","215172","0","0","4","0","0","52933783","0","0","40645473","0","0","0","0","0","13620661","0","0","0","0","0","0","0","1089653","0","0","1203368","0","0","1","206448","36498","211152","17552","6413","18946","513","1516","11118","0","4","0","8038020","0","6847625","0","1506538","0","120523","0","316144","0","18","0","0","0","0","0","0","0","0","0","0","0","0","0","0","0","0","0","0","0","0","0","0","0","0","0","0","0","0","0","7831633","17988099","0","6376906","14919362","0","0","398424","0","1715066","2865701","85754","229256","0","0","51452","0","291561","487169","0","260340","195388","0","20","2","0","0","0","0","0","0","0","0","0","0","0","0","0","0","0","0","0","0","787980","771557","69564","23755","7325","1898","12","2","0","0","0","0","0","0","0","267622","235823","419940","549718","0","0","1778","2820","2644946","20737","0","179439","93787","0","185890","0","64387","0","185890","0","68721","0","0","0","0","0","26415","0","0","105021","0","59877","0","0","0","0","64387","0","777223","0","0","11619","1","0","0","258","1022145","8238654","209","2","52","0","0","0","0","0","0","0","0","0","0","0","262250","7","159809","1","0","0","0","0","0","0","0","0","0","76339","2","19085","0","0","0","117940","1","19657","56074","1","9346","0","0","0","73176","1","53252","5","0","0","0","1098","2","0","0","0","0","0","0","0","0","0","4829","3","1207","77443","21","134540","11","52976","41","200635","70","0","0","5379","1","1345","429133","13","488084","69","52485","24","7034","22","81276","10","20319","5863","8","194353","82","0","0","0","0","0","0","1746","2","42500","3","0","0","31878948","8051","1615691","27","0","0","0","0","0","0","121860","5","30465","139344","2","34836","0","0","0","0","0","0","0","0","0","14648","21","1831","0","0","0","0","0","0","0","0","0","0","0","0","1746882","1","100441","2","662167","1","11325","1","0","0","0","0","0","0","0","0","0","0","0","0","0","0","0","0","0","0","0","0","0","0","0","0","0","0","0","0","0","0","0","0","0","0","0","0","0","0","0","0","0","0","0","0","0","0","0","0","0","0","0","0","0","0","0","0","0","0","0","0","0","0","0","0","0","0","0","0","0","0","0","0","0","0","0","0","0","0","0","0","0","0","0","0","0","0","0","0","0","0","0","0","0","0","0","0","0","0","0","0","0","0","0","0","0","0","0","0","0","0","0","0","0","0","0","0","0","0","0","0","0","0","0","0","0","0","0","0","0","0","0","0","0","0","0","0","0","0","0","0","0","0","0","0","0","0","0","0","0","0","0","0","0","0","0","0","0","0","0","0","0","0","0","0","0","0","0","0"
"Новгородская область","173279206","20830697","16235007","1729340","143712755","23911552","29415345","2185868","162758","5706","3143471","88134","58978","178","13346422","378283","113","12968139","3619987","1036453","0","1465","2","0","0","140300","0","2","0","632581","21963","11833","94571","0","0","452","1279","1","0","0","238067","236","1642","435","968","134","0","42066","498434","5135","37599","412359","4724","4468","86385","206","1117","21596","51","357","6911","16","0","310","0","39","29","1","1","2","0","0","0","1042663","0","0","964792","0","0","83605","0","0","158","0","0","4447","0","0","16297","0","0","6531","0","0","5734","0","0","1","0","0","0","0","0","0","0","0","0","0","0","0","0","0","0","0","0","0","0","0","0","0","0","0","0","0","0","0","0","0","0","0","0","0","0","0","0","0","4337397","0","4115766","0","225598","0","18048","0","3967","0","3","0","0","0","0","0","0","0","0","0","0","0","0","0","0","0","0","0","0","0","0","0","0","0","0","0","0","0","0","0","137770","1787050","0","137446","1479321","0","0","15560","0","1263","315343","63","25227","0","0","38","0","215","53608","0","939","23174","0","1","2","0","0","0","0","0","0","0","0","0","0","0","0","0","0","0","0","0","0","423680","298814","0","126774","1907","10142","4","0","0","0","0","0","0","0","0","115","0","0","0","0","0","0","0","15281","0","0","10115","0","0","0","0","0","0","0","0","0","0","0","0","0","0","0","0","0","0","0","0","0","0","0","0","0","0","0","0","0","0","0","0","0","40","58812","924311","0","0","0","0","0","0","0","0","0","0","0","0","0","0","0","0","0","0","0","0","0","0","0","0","0","0","0","0","0","0","0","0","0","0","0","0","0","0","0","0","0","0","0","0","0","0","0","0","0","0","0","0","0","0","0","0","0","0","0","0","0","0","0","471","3","2765","3","2149","3","15965","8","0","0","0","0","0","893","1","4803","7","103","1","0","0","0","0","0","0","0","6036","8","0","0","0","0","0","0","0","0","0","0","0","0","3779377","976","13897","3","0","0","0","0","0","0","0","0","0","0","0","0","0","0","0","0","0","0","0","0","0","12","1","1","0","0","0","0","0","0","0","0","0","0","0","0","0","0","0","0","0","0","0","0","0","0","0","0","0","0","0","0","0","0","0","0","0","0","0","0","0","0","0","0","0","0","0","0","0","0","0","0","0","0","0","0","0","0","0","0","0","0","0","0","0","0","0","0","0","0","0","0","0","0","0","0","0","0","0","0","0","0","0","0","0","0","0","0","0","0","0","0","0","0","0","0","0","0","0","0","0","0","0","0","0","0","0","0","0","0","0","0","0","0","0","0","0","0","0","0","0","0","0","0","0","0","0","0","0","0","0","0","0","0","0","0","0","0","0","0","0","0","0","0","0","0","0","0","0","0","0","0","0","0","0","0","0","0","0","0","0","0","0","0","0","0","0","0","0","0","0","0","0","0","0","0","0","0","0","0","0","0","0","0","0","0","0","0","0","0","0","0"
"Новосибирская область","976407042","230775380","139139293","25146677","915657586","252251614","115543636","32968814","132859","898548","6040546","17892","5434","1751","78431991","2467351","671","75965095","28400055","6005771","1794","301","2","51168","0","334065","0","30","0","3508828","299877","167414","616838","0","0","0","0","0","2912","1","1005284","645","16665","2944","7284","904","0","641232","8905639","817256","532132","7639887","605426","124422","1315760","213641","31106","328940","53410","9954","105261","17091","8083","52917","0","66","167","5","7","16","0","0","0","11712","0","0","8159","0","0","4017","0","0","321","0","0","402","0","0","281","0","0","0","0","0","464","0","0","2","0","0","0","0","0","0","0","0","0","0","0","0","0","0","0","0","0","0","0","0","0","0","0","0","0","0","164196","0","119172","0","48903","0","3912","0","3879","0","1","0","17533049","0","14079048","0","3850574","0","308046","0","396573","0","21","0","0","0","0","0","0","0","0","0","0","0","0","0","0","0","0","0","0","0","0","0","0","0","0","0","0","0","0","0","22388580","2824009","0","15812753","2686213","0","33897","1691","0","6904657","482242","345233","38579","0","0","207140","0","1173792","81981","0","362726","346137","0","25","3","0","0","0","0","0","0","0","0","0","0","0","0","0","0","0","0","0","0","148557","139439","996","24521","14932","1962","10","5","0","0","0","0","0","0","0","46413931","43595940","2139177","2091203","2260975","4052159","38823","1072120","6326049","91746","0","195662","3048146","0","2555","0","0","0","3048201","0","2668629","7028","0","0","0","0","3042","0","0","7481","0","0","0","0","0","0","0","1306","37203","4642","1","36","1","0","0","181","328504","2374467","0","0","0","0","0","0","0","0","0","0","0","0","0","0","40103","2","42443","1","0","0","0","0","0","0","0","0","0","0","0","0","0","0","0","0","0","0","0","0","0","0","0","0","0","0","4","1","0","0","0","23983","1","0","0","0","0","0","0","0","0","0","2883","1","721","17958","4","12796","3","14363","15","34405","24","1384","1","588","1","147","2274","1","34586","29","174","5","2436","5","5188","7","1297","499","2","19413","26","0","0","0","0","0","0","0","0","0","0","0","0","17668209","7542","847386","28","0","0","0","0","0","0","0","0","0","0","0","0","0","0","0","0","0","0","0","0","0","19609","22","2451","0","0","0","0","0","0","0","0","0","0","0","0","0","0","0","0","0","0","0","0","0","0","0","0","0","0","0","0","0","0","0","0","0","0","0","0","0","0","0","0","0","0","0","0","0","0","0","0","0","0","0","0","0","0","0","0","0","0","0","0","0","0","0","0","0","0","0","0","0","0","0","0","0","0","0","0","0","0","0","0","0","0","0","0","0","0","0","0","0","0","0","0","0","0","0","0","0","0","0","0","0","0","0","0","0","0","0","0","0","0","0","0","0","0","0","0","0","0","0","0","0","0","0","0","0","0","0","0","0","0","0","0","0","0","0","0","0","0","0","0","0","0","0","0","0","0","0","0","0","0","0","0","0","0","0","0","0","0","0","0","0","0","0","0","0","0","0","0","0","0","0","0","0","0","0","0","0","0","0","0","0","0","0","0","0","0","0","0"
"Омская область","371552543","39526686","20065351","2245385","342427547","43796260","22473583","4557988","64397","14859","35806","21914","8702","0","26736912","731754","206","26005159","6589232","2340474","14","5604","2","0","0","30","0","1","0","1074223","250384","38310","182938","0","0","0","0","0","0","0","188572","454","5690","836","3191","261","0","422231","4227656","182954","391786","3488594","192644","36676","748470","50","9169","187118","13","2934","59878","4","6231","9408","9740","206","96","2","7","6","1","2614027","0","0","2641786","0","0","0","0","0","0","0","0","0","0","0","0","0","0","0","0","0","27759","0","0","1","0","0","0","0","0","0","0","0","0","0","0","0","0","0","0","0","0","0","0","0","0","0","0","0","0","0","0","0","364363","0","300550","0","67512","0","5401","0","3699","0","2","0","10314855","0","8994899","0","1651241","0","132099","0","331285","0","16","0","0","0","0","0","0","0","0","0","0","0","0","0","0","0","0","0","0","0","0","0","0","0","0","0","0","0","0","0","954418","3840228","0","891253","3602119","0","0","0","0","68637","238109","3432","19049","0","0","2059","0","11668","40479","0","5472","0","0","5","0","0","0","0","0","0","0","0","0","0","0","0","0","0","0","0","0","0","0","1050623","1031536","0","21867","2781","1749","4","2","0","0","0","0","0","0","0","5567206","5551766","18298","14904","0","0","257","0","89207","0","0","2697","0","0","7165","0","0","0","7165","0","0","0","0","0","0","0","0","0","0","0","0","0","0","0","0","0","0","0","0","0","0","0","0","0","0","64","222826","2097074","0","0","0","0","0","0","0","0","0","0","0","0","0","0","101530","1","3475","1","0","0","0","0","0","0","2841","1","355","62255","1","15564","0","0","0","0","0","0","0","0","0","0","0","0","23911","1","38","1","70899","2","8862","0","0","0","0","0","0","0","0","0","0","0","4040","2","1010","69438","5","1083","2","4677","9","36630","16","0","0","0","0","0","205360","3","192604","17","37690","13","49301","1","1791","2","448","0","0","103500","17","0","0","0","0","0","0","0","0","0","0","0","0","16688614","2551","109262","13","0","0","0","0","0","0","21970","1","5493","0","0","0","0","0","0","0","0","0","0","0","0","17541","4","2193","1106","1","184","0","0","0","0","0","0","0","0","0","0","0","0","0","0","0","0","0","0","0","0","0","0","0","0","0","0","0","0","0","0","0","0","0","0","0","0","0","0","0","0","0","0","0","0","0","0","0","0","0","0","0","0","0","0","0","0","0","0","0","0","0","0","0","0","0","0","0","0","0","0","0","0","0","0","0","0","0","0","0","0","0","0","0","0","0","0","0","0","0","0","0","0","0","0","0","0","0","0","0","0","0","0","0","0","0","0","0","0","0","0","0","0","0","0","0","0","0","0","0","0","0","0","0","0","0","0","0","0","0","0","0","0","0","0","0","0","0","0","0","0","0","0","0","0","0","0","0","0","0","0","0","0","0","0","0","0","0","0","0","0","0","0","0","0","0","0","0","0","0","0","0","0","0","0","0","0","0","0","0","0","0","0","0","0","0"
"Оренбургская область","499783914","77377009","27917937","7752973","452850202","88049943","26294460","15851136","72616","22813","3810277","220575","59940","7392","44770254","2497523","257","42272986","18976250","3376553","0","48413","2","0","0","0","0","0","0","1435396","1491171","30577","624381","0","0","1706","4834","2","0","0","679334","0","3737","973","1814","323","0","400150","1727059","323764","340990","1513833","216343","60949","216794","107421","15237","54198","26855","4876","17343","8594","1790","3564","0","271","60","1","5","2","0","0","0","2486644","0","0","3066187","0","0","25231","0","0","0","0","0","0","0","0","6308","0","0","2018","0","0","605297","0","0","14","0","0","0","0","0","0","0","0","0","0","0","0","0","0","0","0","0","0","0","0","0","0","0","0","0","0","13743","0","9490","0","4253","0","340","0","0","0","0","0","8554416","0","7051686","0","1814023","0","145122","0","311293","0","18","0","0","0","0","0","0","0","0","0","0","0","0","0","0","0","0","0","0","0","0","0","0","0","0","0","0","0","0","0","229205","3282855","0","214580","2448615","0","0","0","0","14625","834239","731","66739","0","0","439","0","2486","141821","0","0","0","0","0","0","0","634697","0","608494","0","0","0","26866","0","2149","0","3224","0","1343","0","663","0","8","227561","220216","0","15628","11093","1250","5","2","0","0","0","0","0","0","0","1527147","1526757","1380279","1351133","0","0","39306","78599","995583","44368","0","85582","0","0","0","0","0","0","0","0","0","0","0","0","0","0","0","30164","0","0","0","0","0","0","0","0","0","0","0","0","0","0","0","0","0","73","523766","7691763","0","0","0","0","0","0","0","0","0","0","0","0","0","0","410599","7","2127","1","0","0","0","0","0","0","0","0","0","5","1","1","0","0","0","0","0","0","0","0","0","0","0","0","10676","2","15","1","102","1","13","0","0","0","0","0","0","0","0","0","0","0","7540","2","1885","36817","10","38357","3","9137","12","93940","19","48","1","0","0","0","77568","2","80360","15","2004","6","39514","4","21175","5","5294","5524","2","32645","21","0","0","0","0","0","0","0","0","3049","2","0","0","20088534","2080","237828","8","0","0","0","0","0","0","94693","4","23673","2805","2","701","0","0","0","0","0","0","0","0","0","9459","4","1182","4476","1","746","0","0","0","0","0","0","0","0","0","0","0","0","0","0","0","0","0","0","0","0","0","0","0","0","0","0","0","0","0","0","0","0","0","0","0","0","0","0","0","0","0","0","0","0","0","0","0","0","0","0","0","0","0","0","0","0","0","0","0","0","0","0","0","0","0","0","0","0","0","0","0","0","0","0","0","0","0","0","0","0","0","0","0","0","0","0","0","0","0","0","0","0","0","0","0","0","0","0","0","0","0","0","0","0","0","0","0","0","0","0","0","0","0","0","0","0","0","0","0","0","0","0","0","0","0","0","0","0","0","0","0","0","0","0","0","0","0","0","0","0","0","0","0","0","0","0","0","0","0","0","0","0","0","0","0","0","0","0","0","0","0","0","0","0","0","0","0","0","0","0","0","0","0","0","0","0","0","0","0","0","0","0","0","0","0"
"Орловская область","97737357","27294554","5255788","1068717","90913890","28311153","4536943","3399424","5851","9756","497544","34120","1687","0","7048932","116871","80","6932061","3371541","549136","0","24","1","0","0","0","0","0","0","309877","26215","10102","29218","0","0","4446","12598","1","0","0","46286","0","2021","395","1608","106","0","59726","436732","0","55181","411087","0","4645","29638","0","1161","7410","0","372","2371","0","100","3994","0","89","28","0","1","3","0","1260604","0","4467894","1269645","0","4368112","0","0","267891","0","0","0","0","0","13715","0","0","53258","0","0","21431","9041","0","168160","1","0","2","0","0","0","0","0","0","0","0","0","0","0","0","0","0","0","0","0","0","0","0","0","0","0","0","0","0","3271","0","1961","0","1310","0","105","0","0","0","0","0","22802854","0","17162703","0","5752012","0","460158","0","111861","0","22","0","0","0","0","0","0","0","0","0","0","0","0","0","0","0","0","0","0","0","0","0","0","0","0","0","0","0","0","0","113823","1765702","0","160258","1468794","0","0","175","0","1964","296733","98","23739","0","0","59","0","334","50445","0","48399","0","0","4","0","0","0","0","0","0","0","0","0","0","0","0","0","0","0","0","0","0","0","14433","17529","0","0","3096","0","3","2","0","0","0","0","0","0","0","0","0","240","110","0","0","130","610","20000","382","0","4639","0","0","0","0","0","0","0","0","0","0","0","0","0","0","0","0","0","0","0","0","0","0","0","0","0","0","0","0","0","0","0","0","0","41","34649","545587","0","0","0","0","0","0","0","0","0","0","0","0","0","0","0","0","0","0","0","0","0","0","0","0","0","0","0","11","1","3","0","0","0","0","0","0","0","0","0","0","0","0","0","0","0","0","0","0","0","0","0","0","0","0","0","0","0","0","0","0","0","0","0","915","2","0","0","485","4","1473","5","0","0","0","0","0","2008","1","4704","7","330","4","145","1","238","1","59","0","0","1330","7","0","0","0","0","0","0","0","0","0","0","0","0","3278563","1071","83566","6","0","0","0","0","0","0","2317","1","579","0","0","0","0","0","0","0","0","0","0","0","0","12615","2","1577","0","0","0","0","0","0","0","0","0","0","0","0","0","0","0","0","0","0","0","0","0","0","0","0","0","0","0","0","0","0","0","0","0","0","0","0","0","0","0","0","0","0","0","0","0","0","0","0","0","0","0","0","0","0","0","0","0","0","0","0","0","0","0","0","0","0","0","0","0","0","0","0","0","0","0","0","0","0","0","0","0","0","0","0","0","0","0","0","0","0","0","0","0","0","0","0","0","0","0","0","0","0","0","0","0","0","0","0","0","0","0","0","0","0","0","0","0","0","0","0","0","0","0","0","0","0","0","0","0","0","0","0","0","0","0","0","0","0","0","0","0","0","0","0","0","0","0","0","0","0","0","0","0","0","0","0","0","0","0","0","0","0","0","0","0","0","0","0","0","0","0","0","0","0","0","0","0","0","0","0","0","0","0","0","0","0","0","0"
"Пензенская область","235912201","25966088","8164888","1309368","221449878","27568394","8430621","1911836","44582","6929","101175","0","2395","0","14138851","482651","130","13656200","2197844","1092496","0","5881","4","0","0","0","0","0","0","665188","54494","7955","120676","0","0","0","0","0","0","0","126557","92","3789","374","2234","290","0","83969","1520204","391446","82620","1173769","353986","5035","346435","37460","1259","86609","9365","403","27715","2997","3686","0","0","41","51","1","2","0","0","0","0","873809","0","0","748225","0","0","162649","0","0","0","0","0","8133","0","0","32529","0","0","13012","0","0","37414","0","0","4","0","0","0","0","0","0","0","0","0","0","0","0","0","0","0","0","0","0","0","0","0","0","0","0","0","0","51363","0","40433","0","10930","0","874","0","0","0","0","0","27181746","0","23674151","0","3861527","0","308922","0","353931","0","9","0","0","0","0","0","0","0","0","0","0","0","0","0","0","0","0","0","0","0","0","0","0","0","0","0","0","0","0","0","1209542","1266553","0","800581","1169781","0","0","0","0","452553","158277","22628","12662","0","0","13577","0","76934","26907","0","43593","61505","0","5","1","0","0","0","0","0","0","0","0","0","0","0","0","0","0","0","0","0","0","8360","10378","12720","0","2018","0","4","1","0","0","0","0","0","0","0","15632","15619","177000","175752","0","0","1248","0","228071","0","0","3067","0","0","0","0","0","0","0","0","0","0","0","0","0","0","0","0","0","0","0","0","0","0","0","0","0","0","0","0","0","700","1","0","0","76","64095","576708","0","0","0","0","0","0","0","0","0","0","0","0","0","0","0","0","0","0","0","0","0","0","0","0","0","0","0","0","0","0","0","0","0","0","0","0","0","0","0","0","0","0","0","0","0","0","0","0","0","108728","1","0","0","0","0","0","0","0","0","0","124","1","31","175","1","1082","1","2832","6","7116","7","0","0","0","0","0","0","0","1721","6","286","2","195","2","1125","2","281","0","0","2845","6","0","0","0","0","0","0","0","0","0","0","0","0","6825561","1715","44211","4","0","0","0","0","0","0","0","0","0","0","0","0","0","0","0","0","0","0","0","0","0","1301","3","163","0","0","0","0","0","0","0","0","0","0","0","0","0","0","0","0","0","0","0","0","0","0","0","0","0","0","0","0","0","0","0","0","0","0","0","0","0","0","0","0","0","0","0","0","0","0","0","0","0","0","0","0","0","0","0","0","0","0","0","0","0","0","0","0","0","0","0","0","0","0","0","0","0","0","0","0","0","0","0","0","0","0","0","0","0","0","0","0","0","0","0","0","0","0","0","0","0","0","0","0","0","0","0","0","0","0","0","0","0","0","0","0","0","0","0","0","0","0","0","0","0","0","0","0","0","0","0","0","0","0","0","0","0","0","0","0","0","0","0","0","0","0","0","0","0","0","0","0","0","0","0","0","0","0","0","0","0","0","0","0","0","0","0","0","0","0","0","0","0","0","0","0","0","0","0","0","0","0","0","0","0","0","0","0","0","0","0","0"
"Пермский край","952377567","125640320","50047086","14813752","836657467","128721873","83900493","27080513","540660","94730","3704937","2657673","81797","64751","78621331","1527753","484","77099287","17840756","6167331","874","84123","14","56042","0","293929","0","11","0","2296378","2816072","158843","381939","15433","1","2","6","1","239","1","831713","4273","8827","1735","3737","457","0","596455","3824286","21335","542742","3269837","21309","99443","621792","25","24861","155448","6","7955","49743","2","45730","67344","0","140","98","3","11","4","0","0","0","1142212","0","0","996906","0","0","163858","0","0","1042","0","0","9749","0","0","30173","0","0","12067","0","0","18854","0","0","7","0","0","29407067","0","0","23833486","0","0","1248239","0","0","4409940","0","0","0","0","0","0","0","352795","0","0","0","0","0","0","357336","0","326950","0","34290","0","2743","0","3905","0","1","0","8997549","1015455","6908513","643194","2117694","372261","169416","29781","28657","0","8","0","0","0","20052","0","0","18419","0","0","0","0","0","1633","0","0","131","0","0","0","0","0","278","0","0","0","0","0","0","0","4603385","2406871","0","3810545","1670422","0","177707","0","0","816805","736449","40840","58916","0","0","24504","0","138857","125196","0","201671","0","0","13","0","0","960419","0","901053","0","0","0","59365","0","4749","0","7628","0","2465","0","0","0","0","139864","123803","0","25008","8947","2001","6","3","0","0","0","0","0","0","0","928689","914155","4025098","3889453","461","0","135935","285269","1095025","10314","0","210877","30000","0","0","0","0","0","0","0","0","0","0","0","0","0","0","0","0","35294","0","0","0","0","0","0","0","0","59601","0","0","1023","2","0","0","175","1603196","10130840","0","0","0","0","0","0","0","0","0","0","0","0","0","0","717141","8","0","0","0","0","0","0","0","0","0","0","0","43970","2","10992","0","0","0","174304","1","29051","0","0","0","0","0","0","164798","2","2937","5","1402","1","175","0","0","0","0","0","0","0","0","0","0","0","9274","7","2319","22398","21","20807","9","36053","34","165849","60","0","0","350","1","88","167353","10","221885","59","7301","30","15395","13","64566","16","16142","30866","7","152559","72","0","0","0","0","0","0","182746","1","1327263","4","0","0","42420050","4740","5081580","23","0","0","0","0","0","0","940572","6","235143","1266","1","316","0","0","0","0","0","0","0","0","0","7274","12","909","0","0","0","0","0","0","0","0","0","0","0","0","0","0","0","0","0","0","0","0","0","0","84120","1","0","0","0","0","0","0","0","0","0","0","0","0","0","0","0","0","0","0","0","0","0","0","0","0","0","0","0","0","0","0","0","0","0","0","0","0","0","0","0","0","0","0","0","0","0","0","0","0","0","0","0","0","0","0","0","0","0","0","0","0","0","0","0","0","0","0","0","0","0","0","0","0","0","0","0","0","0","0","0","0","0","0","0","0","0","0","0","0","0","0","0","0","0","0","0","0","0","0","0","0","0","0","0","0","0","0","0","0","0","0","0","0","0","0","0","0","0","0","0","0","0","0","0","0","0","0","0","0","0","0","0","0","0","0","0","0","0","0","0","0","0","0","0","0","0","0","0","0","0","0","0","0","0","0","0","0","0","0","0","0","0","0","0","0"
"Псковская область","88621273","8767782","5239465","2104565","85276600","10350452","3411054","3264237","12402","392","1060","0","7","0","5184420","128569","108","5055851","2741950","389150","0","1305","1","5347","0","74085","0","5","0","218453","27848","8770","32142","0","0","15028","40735","3","0","0","168642","315","1627","424","803","143","0","1319","813874","0","968","610210","0","351","203664","0","88","50916","0","28","16293","0","0","0","0","2","31","0","0","0","0","0","0","0","0","0","0","0","0","0","0","0","0","0","0","0","0","0","0","0","0","0","0","0","0","0","0","0","0","0","0","0","0","0","0","0","0","0","0","0","0","0","0","0","0","0","0","0","0","0","0","0","0","0","50305","0","44149","0","6156","0","492","0","0","0","0","0","17131877","0","13229768","0","4316546","0","345324","0","414437","0","9","0","0","0","0","0","0","0","0","0","0","0","0","0","0","0","0","0","0","0","0","0","0","0","0","0","0","0","0","0","17810","199714","0","14998","204650","0","0","0","0","2812","11090","141","887","0","0","84","0","478","1885","0","0","16025","0","0","1","0","0","0","0","0","0","0","0","0","0","0","0","0","0","0","0","0","0","8526","11070","0","0","2544","0","3","0","0","0","0","0","0","0","0","1","2","0","0","0","0","0","0","377697","1123","0","1800","10588","0","900","0","0","0","11488","0","0","0","0","0","0","0","0","0","0","0","0","0","0","0","0","0","0","0","10588","0","0","0","0","0","0","37","12525","88791","0","0","0","0","0","0","0","0","0","0","0","0","0","0","0","0","0","0","0","0","0","0","0","0","0","0","0","0","0","0","0","0","0","0","0","0","0","0","0","0","0","0","0","0","33","1","0","0","0","0","0","0","0","0","0","0","0","0","0","0","0","0","0","44","1","259","1","0","0","1356","6","0","0","0","0","0","0","0","320","2","0","0","0","0","0","0","0","0","0","198","2","0","0","0","0","0","0","0","0","0","0","0","0","2387478","889","6121","1","0","0","0","0","0","0","0","0","0","0","0","0","0","0","0","0","0","0","0","0","0","202","1","25","0","0","0","0","0","0","0","0","0","0","0","0","0","0","0","0","0","0","0","0","0","0","0","0","0","0","0","0","0","0","0","0","0","0","0","0","0","0","0","0","0","0","0","0","0","0","0","0","0","0","0","0","0","0","0","0","0","0","0","0","0","0","0","0","0","0","0","0","0","0","0","0","0","0","0","0","0","0","0","0","0","0","0","0","0","0","0","0","0","0","0","0","0","0","0","0","0","0","0","0","0","0","0","0","0","0","0","0","0","0","0","0","0","0","0","0","0","0","0","0","0","0","0","0","0","0","0","0","0","0","0","0","0","0","0","0","0","0","0","0","0","0","0","0","0","0","0","0","0","0","0","0","0","0","0","0","0","0","0","0","0","0","0","0","0","0","0","0","0","0","0","0","0","0","0","0","0","0","0","0","0","0","0","0","0","0","0","0"
"Ростовская область","844133451","278355495","65655345","32338837","782922790","307150151","61718260","47688365","206380","138798","672973","829390","141121","150","64540336","3232881","680","61307456","44834925","4901021","7","5256","4","65485","0","312599","0","48","0","2580298","361691","250789","808220","0","0","19","41","1","4314","1","1195934","6461","12332","2876","6233","797","0","1899252","7316282","0","1634048","6040176","0","284125","1307278","0","71032","326819","0","22729","104582","0","17566","33202","0","685","155","0","58","12","0","4851321","0","798990","5898019","0","772420","0","0","76812","0","0","1478","0","0","2395","0","0","15331","0","0","4667","1046699","0","64960","1","0","2","0","0","0","0","0","0","0","0","0","0","0","0","0","0","0","0","0","0","0","0","0","0","0","0","0","0","122507","63370","100866","43033","22169","20335","1774","1627","528","0","1","0","25338853","0","21499610","0","4858959","0","388717","0","1019716","0","77","0","0","0","0","0","0","0","0","0","0","0","0","0","0","0","0","0","0","0","0","0","0","0","0","0","0","0","0","0","3342002","1925073","0","3296000","2100095","0","8927","0","0","213053","88913","10653","7113","0","0","6392","0","36219","15115","0","175978","263935","0","19","5","0","0","0","0","0","0","0","0","0","0","0","0","0","0","0","0","0","0","217238","228963","0","3132","14856","251","14","3","0","0","0","0","0","0","0","40103","45091","4452","6453","0","17418","0","129000","1664440","45915","0","381256","0","0","3533","0","0","0","0","0","26147","0","0","0","0","0","0","0","0","11648","0","0","0","0","0","0","0","0","60171","0","0","0","0","0","0","142","705212","1726186","0","0","0","0","0","0","0","0","0","0","0","0","0","0","47327","2","0","0","0","0","0","0","0","0","0","0","0","58379","1","14595","0","0","0","228511","3","38085","0","0","0","0","0","0","0","0","45419","2","0","0","0","0","0","0","0","0","0","0","0","0","0","0","0","0","0","23593","9","12820","4","16282","16","28560","21","98","1","0","0","0","4024","3","55913","15","2219","9","2848","4","41","2","10","548","2","38653","23","0","0","0","0","0","0","0","0","31779","1","0","0","19877822","6533","468544","19","0","0","0","0","0","0","82700","1","20675","0","0","0","0","0","0","0","0","0","0","0","0","866","11","108","0","0","0","0","0","0","0","0","0","0","0","0","2992642","17","2333081","2","0","0","0","0","0","0","0","0","0","0","0","0","0","0","0","0","0","0","0","0","0","0","0","0","0","0","0","0","0","0","0","0","0","0","0","0","0","0","0","0","0","0","0","0","0","0","0","0","0","0","0","0","0","0","0","0","0","0","0","0","0","0","0","0","0","0","0","0","0","0","0","0","0","0","0","0","0","0","0","0","0","0","0","0","0","0","0","0","0","0","0","0","0","0","0","0","0","0","0","0","0","0","0","0","0","0","0","0","0","0","0","0","0","0","0","0","0","0","0","0","0","0","0","0","0","0","0","0","0","0","0","0","0","0","0","0","0","0","0","0","0","0","0","0","0","0","0","0","0","0","0","0","0","0","0","0","0","0","0","0","0","0","0","0","0","0","0","0","0","0","0","0"
"Рязанская область","321294561","12266580","27820448","753277","297352688","14049126","26277343","2173426","15049","60770","74624","0","204","0","25425199","538799","137","24886400","3141925","1990912","0","8943","5","18023","0","132441","0","12","0","1125543","60292","97912","134700","0","0","0","0","0","0","0","294107","197","4189","338","2627","318","0","283113","2135392","375068","273813","1772206","295842","9301","378538","79226","2325","94635","19806","744","30283","6338","0","15353","0","184","66","1","0","1","0","72452","0","880375","95309","0","775401","56","0","104973","0","0","403","6","0","4561","8","0","21279","5","0","7995","22914","0","0","1","0","0","0","0","0","0","0","0","0","0","0","0","0","0","0","0","0","0","0","0","0","0","0","0","0","0","0","0","74578","0","72878","0","1701","0","136","0","0","0","0","0","23482389","0","17937657","0","5647646","0","451812","0","102914","0","10","0","0","0","0","0","0","0","0","0","0","0","0","0","0","0","0","0","0","0","0","0","0","0","0","0","0","0","0","0","491822","22241983","0","384262","19323622","0","0","197605","0","113147","2720756","5657","217660","0","0","3394","0","19235","462528","0","5586","0","0","1","0","0","0","0","0","0","0","0","0","0","0","0","0","0","0","0","0","0","0","173784","141300","0","49363","16880","3949","8","1","0","0","0","0","0","0","0","0","0","0","0","0","0","0","0","522840","0","0","8068","0","0","0","0","0","0","0","0","59400","0","0","0","0","0","0","35294","0","10000","0","0","0","0","0","0","0","0","0","0","0","0","0","0","0","58","174876","830050","0","0","0","0","0","0","0","0","0","0","0","0","0","0","18167","1","0","0","0","0","0","0","0","0","0","0","0","1337","1","334","0","0","0","0","0","0","0","0","0","0","0","0","0","0","2561","2","0","0","0","0","0","0","0","0","0","0","0","0","0","0","0","0","0","1044","2","9314","3","3885","8","6751","8","26041","1","0","0","0","39368","5","14937","8","783","6","2643","1","58","1","15","12322","2","8354","9","0","0","0","0","0","0","0","0","25908","1","0","0","8349242","1920","6950","3","0","0","0","0","0","0","0","0","0","0","0","0","0","0","0","0","0","0","0","0","0","788","2","99","0","0","0","0","0","0","0","0","0","0","0","0","0","0","0","0","16500","1","0","0","0","0","0","0","0","0","0","0","0","0","0","0","0","0","0","0","0","0","0","0","0","0","0","0","0","0","0","0","0","0","0","0","0","0","0","0","0","0","0","0","0","0","0","0","0","0","0","0","0","0","0","0","0","0","0","0","0","0","0","0","0","0","0","0","0","0","0","0","0","0","0","0","0","0","0","0","0","0","0","0","0","0","0","0","0","0","0","0","0","0","0","0","0","0","0","0","0","0","0","0","0","0","0","0","0","0","0","0","0","0","0","0","0","0","0","0","0","0","0","0","0","0","0","0","0","0","0","0","0","0","0","0","0","0","0","0","0","0","0","0","0","0","0","0","0","0","0","0","0","0","0","0","0","0","0","0","0","0","0","0","0","0","0","0","0","0","0","0"
"Самарская область","1162207985","117038485","105679389","102042494","1052167333","130029880","95798865","108257624","424046","63810","7010542","280122","61799","70","113274850","2545595","610","110729254","19416940","9468242","711","45934","7","35269","0","186017","0","8","0","3562787","1810642","151617","636399","33","1","54623","110507","13","2294","1","1071076","68","16368","1680","6825","1052","0","1481653","5902157","810607","1352214","4920081","728863","145318","1012864","81744","36330","253217","20436","11626","81028","6540","15880","30789","0","534","124","7","7","10","0","512769","0","18664814","422441","0","17905244","90328","0","1460205","0","0","59481","9033","0","91674","13549","0","213897","7226","0","57336","0","0","700635","0","0","12","0","0","348415609","0","0","249850671","0","0","69186977","0","0","29377961","0","0","0","0","2953590","0","0","2350237","0","0","0","0","0","0","263482","14360","229132","8875","34350","5485","2749","439","0","0","0","0","12971230","0","10170895","0","3171093","0","253687","0","370758","0","17","0","0","0","0","0","0","0","0","0","0","0","0","0","0","0","0","0","0","0","0","0","0","0","0","0","0","0","0","0","4274920","5321909","0","3413250","4063524","0","2865","3399","0","1057180","1264963","52859","101197","0","0","31716","0","179720","215044","0","198374","9977","0","12","1","0","0","0","0","0","0","0","0","0","0","0","0","0","0","0","0","0","0","110170","115697","0","10808","16335","865","13","3","0","0","0","0","0","0","0","2875003","3027420","2013794","2009297","0","0","7875","1058","5721434","58483","0","242570","0","0","0","0","0","0","0","0","10000","0","0","0","0","0","0","0","0","4900","0","0","0","0","0","0","0","0","175000","0","0","0","0","0","0","188","969063","9507735","0","0","0","0","0","0","0","0","0","0","0","0","0","0","174404","5","199","1","0","0","0","0","0","0","0","0","0","158402","3","39601","0","0","0","119018","4","19836","0","0","0","0","0","0","560","1","835","4","6292","1","787","0","0","0","0","0","0","0","0","0","0","0","11635","5","2909","56926","25","2327","3","563815","36","63171","42","0","0","514","1","128","716576","22","179530","45","54967","30","5033","4","38363","4","9591","0","0","117725","55","0","0","0","0","0","0","0","0","265","1","0","0","33520381","7391","1796872","20","0","0","0","0","0","0","55701","3","13925","80","1","20","0","0","0","0","0","0","0","0","0","16110","15","2014","1668","1","278","0","0","0","0","0","0","0","0","0","364036","2","0","0","1138477","2","0","0","0","0","0","0","0","0","0","0","0","0","0","0","0","0","0","0","0","0","0","0","0","0","0","0","0","0","0","0","0","0","0","0","0","0","0","0","0","0","0","0","0","0","0","0","0","0","0","0","0","0","0","0","0","0","0","0","0","0","0","0","0","0","0","0","0","0","0","0","0","0","0","0","0","0","0","0","0","0","0","0","0","0","0","0","0","0","0","0","0","0","0","0","0","0","0","0","0","0","0","0","0","0","0","0","0","0","0","0","0","0","0","0","0","0","0","0","0","0","0","0","0","0","0","0","0","0","0","0","0","0","0","0","0","0","0","0","0","0","0","0","0","0","0","0","0","0","0","0","0","0","0","0","0","0","0","0","0","0","0","0","0","0","0","0","0","0","0","0"
"Саратовская область","333364476","77228484","13737599","5986808","305710363","81897530","11348438","9494610","109393","34817","508792","447338","6124","866","29637765","1151574","221","28486191","8590232","2249564","0","36","1","0","0","0","0","0","0","1353641","157129","39280","287893","0","0","29040","82279","1","0","0","399248","7","6887","948","2416","461","0","1208493","3054827","0","1181377","2395472","0","57137","672424","0","14284","168105","0","4570","53795","0","30021","13071","0","353","110","0","4","8","0","1928042","0","31295","1847808","0","22830","80234","0","8470","0","0","0","8023","0","424","12035","0","1694","6419","0","678","0","0","5","0","0","1","0","0","1792","0","0","500197","0","0","0","0","0","0","0","0","0","0","0","0","0","0","0","0","498405","0","0","1","76982","0","66706","0","10276","0","822","0","0","0","0","0","10010983","0","7088778","0","3094214","0","247537","0","172009","0","26","0","0","0","0","0","0","0","0","0","0","0","0","0","0","0","0","0","0","0","0","0","0","0","0","0","0","0","0","0","186702","7949431","0","148092","5836435","0","3673","20849","0","34948","2092148","1748","167371","0","0","1048","0","5941","355665","0","10","0","0","1","0","0","442923","0","401094","0","0","0","41829","0","3346","0","4183","0","2928","0","0","0","0","13904","19291","0","0","5388","0","7","0","0","0","0","0","0","0","0","1665779","1604068","19900000","19900000","0","0","0","0","600000","1948","0","58876","0","0","0","0","0","0","0","0","0","0","0","0","0","0","0","0","0","0","0","0","0","0","0","0","0","0","0","4470","1","5","1","0","0","93","110843","2259515","0","0","0","0","0","0","0","0","0","0","0","0","0","0","181305","3","504","1","0","0","0","0","0","0","0","0","0","3798","1","949","0","0","0","0","0","0","0","0","0","0","0","0","0","0","746","1","626","1","78","0","0","0","0","0","0","0","0","0","0","0","5049","3","1262","15456","8","804","2","3752","13","26725","22","0","0","284","1","71","105417","5","97593","15","4218","8","1863","2","19742","4","4935","5979","1","36525","25","0","0","0","0","0","0","0","0","3550","2","0","0","9829738","3150","30507","7","0","0","0","0","0","0","0","0","0","100","1","25","0","0","0","0","0","0","0","0","0","0","0","0","1060","1","177","0","0","0","0","0","0","0","0","0","0","0","0","0","0","0","0","0","0","0","0","0","0","0","0","0","0","0","0","0","0","0","0","0","0","0","0","0","0","0","0","0","0","0","0","0","0","0","0","0","0","0","0","0","0","0","0","0","0","0","0","0","0","0","0","0","0","0","0","0","0","0","0","0","0","0","0","0","0","0","0","0","0","0","0","0","0","0","0","0","0","0","0","0","0","0","0","0","0","0","0","0","0","0","0","0","0","0","0","0","0","0","0","0","0","0","0","0","0","0","0","0","0","0","0","0","0","0","0","0","0","0","0","0","0","0","0","0","0","0","0","0","0","0","0","0","0","0","0","0","0","0","0","0","0","0","0","0","0","0","0","0","0","0","0","0","0","0","0","0","0","0","0","0","0","0","0","0","0","0","0","0","0","0","0","0"
"Сахалинская область","96504387","65181183","48370100","24873077","84418766","76743661","4909610","10718516","919","15989","23646013","15483416","273131","0","31627886","476207","111","31151679","12875343","2491559","0","0","0","0","0","9172","0","2","0","2196554","37123","67659","119052","0","0","0","0","0","0","0","128224","0","1112","579","789","50","0","5061","440991","0","4706","345041","0","354","98980","0","89","24745","0","28","7918","0","0","3031","0","5","22","0","0","5","0","0","0","5333689","0","0","5655782","0","0","129690","0","0","0","0","0","0","0","0","32423","0","0","10375","0","0","494390","0","0","5","0","3992181","0","0","4695293","0","0","133099","0","0","339676","0","0","2271","0","2948","0","0","24903","0","0","1175886","0","0","12","0","84116","0","85165","0","2719","0","218","0","3768","0","1","0","7662051","0","6060315","0","1857107","0","148569","0","255371","0","4","0","0","0","0","0","0","0","0","0","0","0","0","0","0","0","0","0","0","0","0","0","0","0","0","0","0","0","0","0","51893","112039","0","46968","63603","0","0","0","0","6765","48437","338","3875","0","0","203","0","1150","8234","0","1840","0","0","1","0","0","0","0","0","0","0","0","0","0","0","0","0","0","0","0","0","0","0","4586502","2001344","10638","2588812","14293","207101","4","20","0","556","0","0","0","556","1","0","0","0","0","0","0","0","0","9500","93","0","44517","0","0","0","0","0","0","0","0","0","0","0","0","23529","0","0","0","0","0","0","0","0","0","0","0","0","0","33203","0","0","0","0","0","0","51","179279","2649835","0","0","0","0","0","0","0","0","0","0","0","0","0","0","1218","1","0","0","0","0","0","0","0","0","0","0","0","0","0","0","0","0","0","114765","2","19128","0","0","0","0","0","0","0","0","0","0","0","0","0","0","0","0","0","0","0","0","0","0","0","0","0","0","0","6454","4","11071","4","937","5","9809","5","0","0","0","0","0","4086","2","11550","6","1006","4","193","1","695","1","174","0","0","896","6","0","0","0","0","0","0","0","0","0","0","0","0","5540130","829","0","0","0","0","0","0","0","0","0","0","0","0","0","0","0","0","0","0","0","0","0","0","0","2","1","0","0","0","0","0","0","0","0","0","0","0","0","0","1969357","2","0","0","0","0","0","0","0","0","4273","1","0","0","0","0","0","0","0","0","0","0","0","0","0","0","0","0","0","0","0","0","0","0","0","0","0","0","0","0","0","0","0","0","0","0","0","0","0","0","0","0","0","0","0","0","0","0","0","0","0","0","0","0","0","0","0","0","0","0","0","0","0","0","0","0","0","0","0","0","0","0","0","0","0","0","0","0","0","0","0","0","0","0","0","0","0","0","0","0","0","0","0","0","0","0","0","0","0","0","0","0","0","0","0","0","0","0","0","0","0","0","0","0","0","0","0","0","0","0","0","0","0","0","0","0","0","0","0","0","0","0","0","0","0","0","0","0","0","0","0","0","0","0","0","0","0","0","0","0","0","0","0","0","0","0","0","0","0","0","0","0","0","0","0","0"
"Свердловская область","2243949245","724996482","242462491","101744786","2059601308","735243260","237835959","164686889","1441649","533706","23827839","6325603","177580","69955","166918096","6106136","1173","160821916","76709316","12863384","144083","92882","10","77594","0","311639","0","19","0","6581291","679659","265037","1526534","0","0","1664","3723","2","47","1","2014083","6290","24409","4078","8941","1286","0","2776539","10460905","30307","2454120","8847789","23465","354057","1687706","6843","88515","421926","1711","28325","135017","547","31637","74592","0","662","189","1","14","23","0","0","0","9625003","0","0","4615533","0","0","4931027","0","0","5954","0","0","250273","0","0","976530","0","0","388528","0","0","24127","0","0","4","0","0","182086","0","0","159221","0","0","9087","0","0","13777","0","0","0","0","1860","0","0","1102","0","0","0","0","0","0","200552","1745","190603","972","11904","773","952","62","1955","0","2","0","10735589","0","9033967","0","1880715","0","150457","0","179093","0","6","0","0","0","0","0","0","0","0","0","0","0","0","0","0","0","0","0","0","0","0","0","0","0","0","0","0","0","0","0","17439775","694093","0","15947244","555765","0","65908","0","0","1872346","138328","93617","11066","0","0","56171","0","318299","23516","0","445723","0","0","22","0","0","0","0","0","0","0","0","0","0","0","0","0","0","0","0","0","0","0","968750","971458","0","2683","5391","215","6","6","0","0","0","0","0","0","0","46697409","45955420","4485859","3665306","4520779","2491945","2859605","8344725","16398755","15540","0","359385","0","0","369600","0","0","0","0","0","42334","11188","0","0","0","0","0","27350","0","0","0","0","0","0","0","0","0","262347","96865","11369","1","21","1","0","0","329","1592731","12105270","0","0","0","0","0","0","0","0","0","0","0","0","0","0","274509","6","20075","5","0","0","0","0","0","0","0","0","0","17","1","4","0","0","0","971705","1","161951","0","0","0","0","0","0","24100","2","10249","6","150","1","19","237958","2","0","0","0","0","0","0","0","0","0","14517","9","3629","93529","27","112945","11","33676","40","147480","80","85","2","108","1","27","151877","9","434833","78","7092","24","47120","18","72228","19","18057","3563","2","148991","88","0","0","0","0","0","0","0","0","281","1","0","0","41656407","11761","5460188","49","0","0","0","0","0","0","261431","9","65358","13","1","3","1233","2","154","0","0","0","0","0","0","20002","31","2500","0","0","0","0","0","0","0","0","0","0","0","0","0","0","0","0","0","0","0","0","0","0","0","0","0","0","0","0","0","0","0","0","0","0","0","0","0","0","0","0","0","0","0","0","0","0","0","0","0","0","0","0","0","0","0","0","0","0","0","0","0","0","0","0","0","0","0","0","0","0","0","0","0","0","0","0","0","0","0","0","0","0","0","0","0","0","0","0","0","0","0","0","0","0","0","0","0","0","0","0","0","0","0","0","0","0","0","0","0","0","0","0","0","0","0","0","0","0","0","0","0","0","0","0","0","0","0","0","0","0","0","0","0","0","0","0","0","0","0","0","0","0","0","0","0","0","0","0","0","0","0","0","0","0","0","0","0","0","0","0","0","0","0","0","0","0","0","0","0","0","0","0","0","0","0","0","0","0","0","0","0","0","0","0","0","0","0","0"
"Смоленская область","323978753","32547155","30416881","2477674","302601618","35052463","32216563","4737180","87200","193382","579842","10158","1039","0","19083772","355814","337","18727958","4581589","1497216","462","0","0","8316","0","73596","0","7","0","882965","91314","61739","88953","0","0","244","692","1","0","0","171801","448","4779","1092","2550","447","0","259459","1056634","0","203538","850856","0","55921","205778","0","13980","51445","0","4474","16462","0","0","0","0","23","54","0","0","0","0","0","0","33423","0","0","38028","0","0","866","0","0","69","0","0","87","0","0","61","0","0","0","0","0","5471","0","0","1","0","0","0","0","0","0","0","0","0","0","0","0","0","0","0","0","0","0","0","0","0","0","0","0","0","0","7243","13315","5172","13273","2071","38","166","3","0","0","0","0","4170455","442214","3136516","481164","1146047","0","91684","0","112108","38951","11","1","0","0","0","0","0","0","0","0","0","0","0","0","0","0","0","0","0","0","0","0","0","0","0","0","0","0","0","0","173381","396684","0","200965","407744","0","0","0","0","3012","0","151","0","0","0","90","0","512","0","0","30596","11060","0","2","1","0","0","0","0","0","0","0","0","0","0","0","0","0","0","0","0","0","0","165953","151881","0","20470","6312","1638","13","9","0","0","0","0","0","0","0","31145","22442","0","0","0","0","0","0","19800","125000","0","709701","266366","0","402708","0","0","0","500","0","264700","0","0","0","0","0","0","0","0","0","0","0","0","0","0","0","0","0","47998","0","0","0","0","0","0","39","59343","513404","0","0","0","0","0","0","0","0","0","0","0","0","0","0","1","1","7","1","0","0","0","0","0","0","0","0","0","0","0","0","0","0","0","0","0","0","0","0","0","0","0","0","0","0","0","0","0","0","0","0","0","0","0","0","0","0","0","0","0","0","0","0","0","4306","6","0","0","667","4","8253","8","0","0","0","0","0","11489","1","6878","9","346","4","1179","1","12","1","3","0","0","2837","10","0","0","0","0","0","0","0","0","640","2","0","0","6462759","2103","67508","9","0","0","0","0","0","0","0","0","0","0","0","0","0","0","0","0","0","0","0","0","0","3","2","0","0","0","0","0","0","0","0","0","0","0","0","0","0","0","0","0","0","0","0","0","0","0","0","0","0","0","0","0","10142","1","0","0","0","0","0","0","0","0","0","0","0","0","0","0","0","0","0","0","0","0","0","0","0","0","0","0","0","0","0","0","0","0","0","0","0","0","0","0","0","0","0","0","0","0","0","0","0","0","0","0","0","0","0","0","0","0","0","0","0","0","0","0","0","0","0","0","0","0","0","0","0","0","0","0","0","0","0","0","0","0","0","0","0","0","0","0","0","0","0","0","0","0","0","0","0","0","0","0","0","0","0","0","0","0","0","0","0","0","0","0","0","0","0","0","0","0","0","0","0","0","0","0","0","0","0","0","0","0","0","0","0","0","0","0","0","0","0","0","0","0","0","0","0","0","0","0","0","0","0","0","0","0","0","0","0","0","0","0"
"Тамбовская область","148456848","15627643","6828724","1143406","136411961","16012135","5469853","1829544","30584","18741","96","0","3799","0","13430448","684976","62","12745472","1051888","1019638","0","358","1","3059","0","35759","0","1","0","557751","28929","3415","171244","0","0","0","0","0","0","0","210420","0","2215","224","1137","77","0","470533","731060","0","394406","623442","0","76127","119327","0","19032","29832","0","6090","9546","0","0","11709","0","150","30","0","0","2","0","0","0","1020922","0","0","1307222","0","0","11132","0","0","277","0","0","347","0","0","2159","0","0","613","0","0","297432","0","0","1","0","0","0","0","0","0","0","0","0","0","0","0","0","0","0","0","0","0","0","0","0","0","0","0","0","0","62237","0","62073","0","164","0","13","0","0","0","0","0","41498448","0","36299076","0","5912176","0","472974","0","712804","0","16","0","0","0","0","0","0","0","0","0","0","0","0","0","0","0","0","0","0","0","0","0","0","0","0","0","0","0","0","0","1255777","133934","0","1101389","96659","0","0","0","0","154388","37275","7719","2982","0","0","4632","0","26246","6337","0","0","0","0","0","0","0","0","0","0","0","0","0","0","0","0","0","0","0","0","0","0","0","0","8746","11450","0","0","2704","0","4","0","0","0","0","0","0","0","0","0","0","0","0","0","0","0","0","146172","350","0","55498","0","0","0","0","0","0","0","0","0","0","0","0","0","0","0","0","0","28369","0","0","0","0","0","0","0","0","0","0","0","0","0","0","0","26","21114","639983","0","0","0","0","0","0","0","0","0","0","0","0","0","0","0","0","0","0","0","0","0","0","0","0","0","0","0","0","0","0","0","0","0","1336","1","223","0","0","0","0","0","0","0","0","0","0","0","0","0","0","0","0","0","0","0","0","0","0","0","0","0","0","0","818","1","24715","2","1174","4","5709","5","0","0","0","0","0","7469","1","3750","5","368","3","2375","2","1129","2","282","0","0","5288","10","0","0","0","0","0","0","0","0","0","0","0","0","6121342","1073","101062","5","0","0","0","0","0","0","103","1","26","0","0","0","0","0","0","0","0","0","0","0","0","0","0","0","0","0","0","0","0","0","0","0","0","0","0","0","0","0","0","0","0","0","0","0","0","0","0","0","0","0","0","0","0","0","0","0","0","0","0","0","0","0","0","0","0","0","0","0","0","0","0","0","0","0","0","0","0","0","0","0","0","0","0","0","0","0","0","0","0","0","0","0","0","0","0","0","0","0","0","0","0","0","0","0","0","0","0","0","0","0","0","0","0","0","0","0","0","0","0","0","0","0","0","0","0","0","0","0","0","0","0","0","0","0","0","0","0","0","0","0","0","0","0","0","0","0","0","0","0","0","0","0","0","0","0","0","0","0","0","0","0","0","0","0","0","0","0","0","0","0","0","0","0","0","0","0","0","0","0","0","0","0","0","0","0","0","0","0","0","0","0","0","0","0","0","0","0","0","0","0","0","0","0","0","0","0","0","0","0","0","0","0"
"Тверская область","225968365","68693605","12345331","5399666","206071101","74076850","12094932","9367429","91111","8816","308444","270743","6078","0","19924252","1934505","239","17989747","9612935","1438397","0","0","0","1975","0","34999","0","5","0","755729","66777","34045","483626","0","0","0","0","0","0","0","520600","1315","4307","950","2666","288","0","255381","1899150","0","213160","1535358","0","42386","321404","0","10596","80351","0","3391","25712","0","164","352","0","133","71","0","4","3","0","0","0","0","0","0","0","0","0","0","0","0","0","0","0","0","0","0","0","0","0","0","0","0","0","0","0","0","0","0","0","0","0","0","0","0","0","0","0","0","0","0","0","0","0","0","0","0","0","0","0","0","0","0","131693","0","118158","0","13535","0","1083","0","0","0","0","0","14276837","0","12098310","0","2460935","0","196875","0","282408","0","14","0","0","0","0","0","0","0","0","0","0","0","0","0","0","0","0","0","0","0","0","0","0","0","0","0","0","0","0","0","2129300","1114076","0","2213023","1100679","0","11701","0","0","115722","227421","5786","18194","0","0","3472","0","19673","38662","0","211146","107012","0","9","1","0","0","0","0","0","0","0","0","0","0","0","0","0","0","0","0","0","0","1689755","1387178","0","303356","779","24269","1","0","0","0","0","0","0","0","0","116","68","0","0","0","0","0","0","74221","60","0","16052","0","0","0","0","0","0","0","0","0","0","0","0","0","0","0","0","0","0","0","0","0","0","0","0","0","0","45517","0","0","0","0","0","0","56","165609","619295","0","0","0","0","0","0","0","0","0","0","0","0","0","0","0","0","0","0","0","0","0","0","0","0","0","0","0","0","0","0","0","0","0","0","0","0","0","0","0","0","0","0","0","0","710","1","0","0","0","0","0","0","0","0","0","0","0","0","0","0","0","0","0","1378","3","2566","3","3371","3","3314","8","0","0","0","0","0","11","1","12173","7","96","1","192","1","6653","1","1663","0","0","2561","10","0","0","0","0","0","0","0","0","0","0","0","0","6187155","2135","49764","3","0","0","0","0","0","0","21424","1","5356","0","0","0","0","0","0","0","0","0","0","0","0","1127","7","141","0","0","0","0","0","0","0","0","0","0","32137","2","0","0","0","0","0","0","0","0","0","0","0","0","0","0","0","0","0","0","0","0","0","0","0","0","0","0","0","0","0","0","0","0","0","0","0","0","0","0","0","0","0","0","0","0","0","0","0","0","0","0","0","0","0","0","0","0","0","0","0","0","0","0","0","0","0","0","0","0","0","0","0","0","0","0","0","0","0","0","0","0","0","0","0","0","0","0","0","0","0","0","0","0","0","0","0","0","0","0","0","0","0","0","0","0","0","0","0","0","0","0","0","0","0","0","0","0","0","0","0","0","0","0","0","0","0","0","0","0","0","0","0","0","0","0","0","0","0","0","0","0","0","0","0","0","0","0","0","0","0","0","0","0","0","0","0","0","0","0","0","0","0","0","0","0","0","0","0","0","0","0","0","0","0","0","0","0"
"Томская область","301281578","222428054","30643826","14155335","284055352","224820749","12905569","17162806","15282","41179","17755274","4885277","51774","39926","17219763","788134","177","16431646","10284191","1303564","0","2250","2","0","0","0","0","0","0","754139","295294","45293","197033","0","0","10959","14043","7","0","0","224285","135","3039","788","1803","222","0","438774","1947544","0","398389","1666809","0","39616","302382","0","9904","75596","0","3169","24191","0","500","21647","0","295","58","0","4","5","0","0","0","511671","0","0","505245","0","0","19303","0","0","202","0","0","1320","0","0","3304","0","0","1342","0","0","12876","0","0","4","0","0","0","0","0","0","0","0","0","0","0","0","0","0","0","0","0","0","0","0","0","0","0","0","0","0","146","0","88","0","57","0","5","0","0","0","0","0","7461280","0","8202328","0","562695","0","45016","0","1303743","0","11","0","0","0","0","0","0","0","0","0","0","0","0","0","0","0","0","0","0","0","0","0","0","0","0","0","0","0","0","0","1675038","2612262","0","1594227","2230798","0","84","0","0","202247","399804","10112","31984","0","0","6067","0","34382","67967","0","121520","18340","0","11","1","0","0","0","0","0","0","0","0","0","0","0","0","0","0","0","0","0","0","7134","9309","0","0","2174","0","2","0","0","0","0","0","0","0","0","0","0","137318","838","0","0","47045","0","10325488","16676","0","583359","0","0","0","0","0","0","0","0","0","0","0","0","0","0","0","0","0","0","0","0","0","0","0","0","0","0","0","10497","2","0","0","0","0","85","143047","2498532","0","0","0","0","0","0","0","0","0","0","0","0","0","0","34066","2","0","0","0","0","0","0","0","0","0","0","0","0","0","0","0","0","0","53886","1","8981","0","0","0","0","0","0","0","0","13","1","0","0","0","106425","1","63437","1","15859","0","0","0","0","0","0","4502","3","1125","63795","9","23259","1","9227","12","40283","30","0","0","0","0","0","78601","7","194781","40","10803","27","22197","12","56892","5","14223","12744","10","74303","39","0","0","0","0","0","0","0","0","0","0","0","0","10931506","1665","411230","21","0","0","0","0","0","0","330","2","83","0","0","0","0","0","0","8353","1","1044","0","0","0","589","3","74","492","1","82","0","0","0","0","0","0","0","0","0","0","0","0","0","0","0","0","0","0","0","0","0","0","0","0","0","0","0","0","0","0","0","0","0","0","0","0","0","0","0","0","0","0","0","0","0","0","0","0","0","0","0","0","0","0","0","0","0","0","0","0","0","0","0","0","0","0","0","0","0","0","0","0","0","0","0","0","0","0","0","0","0","0","0","0","0","0","0","0","0","0","0","0","0","0","0","0","0","0","0","0","0","0","0","0","0","0","0","0","0","0","0","0","0","0","0","0","0","0","0","0","0","0","0","0","0","0","0","0","0","0","0","0","0","0","0","0","0","0","0","0","0","0","0","0","0","0","0","0","0","0","0","0","0","0","0","0","0","0","0","0","0","0","0","0","0","0","0","0","0","0","0","0","0","0","0","0","0","0","0","0","0","0","0","0","0"
"Тульская область","459061828","85787325","30747881","5052092","403052161","91609640","41035922","11381872","206235","67213","61520","151001","212316","844","45654023","2482609","285","43171418","12236728","3423407","53","12676","4","30941","0","1130717","0","15","0","1783101","204351","54871","620652","0","0","29177","77648","6","0","0","1901811","2342","4658","899","2438","365","0","200124","1927113","0","181773","1504610","0","18377","427453","0","4594","106863","0","1470","34196","0","26","4950","0","96","36","0","1","1","0","0","0","9499869","0","0","10022646","0","0","133102","0","0","6451","0","0","8064","0","0","18760","0","0","4197","0","0","655879","0","0","10","0","0","88792915","0","0","105380547","0","0","0","0","0","0","0","0","0","0","0","0","0","0","0","0","16423452","0","0","3","111096","0","69528","0","41568","0","3325","0","0","0","0","0","18109514","0","12216000","0","6313155","0","505052","0","419641","0","21","0","0","0","0","0","0","0","0","0","0","0","0","0","0","0","0","0","0","0","0","0","0","0","0","0","0","0","0","0","1355066","2746448","0","1112184","3084374","0","414","3322","0","242502","113528","12125","9082","0","0","7275","0","41225","19300","0","35","454776","0","1","3","0","0","0","0","0","0","0","0","0","0","0","0","0","0","0","0","0","0","478875","396034","177","97132","14468","7771","7","7","0","0","0","0","0","0","0","3458","3225","444","444","0","164180","0","0","458792","21942","0","43855","0","0","0","0","0","0","0","0","0","0","0","0","0","0","0","0","0","28378","0","0","0","0","0","0","0","0","34702","0","0","0","0","0","0","110","193973","2210400","0","0","0","0","0","0","0","0","0","0","0","0","0","0","25654","2","8","1","0","0","0","0","0","0","0","0","0","63","1","16","0","0","0","10692","1","1782","0","0","0","0","0","0","0","0","0","0","4145","1","518","0","0","0","0","0","0","0","0","0","0","0","0","0","0","2206","4","4152","3","3823","10","39688","20","0","0","2","1","1","1125","2","29586","18","1046","6","1691","3","1142","5","286","0","0","17496","16","0","0","0","0","0","0","0","0","0","0","0","0","14425035","2511","182725","11","0","0","0","0","0","0","0","0","0","330","1","83","0","0","0","0","0","0","0","0","0","1","1","0","0","0","0","0","0","0","0","0","0","0","0","0","0","0","0","0","0","0","0","0","0","0","0","0","0","0","0","0","0","0","0","0","0","0","0","0","0","0","0","0","0","0","0","0","0","0","0","0","0","0","0","0","0","0","0","0","0","0","0","0","0","0","0","0","0","0","0","0","0","0","0","0","0","0","0","0","0","0","0","0","0","0","0","0","0","0","0","0","0","0","0","0","0","0","0","0","0","0","0","0","0","0","0","0","0","0","0","0","0","0","0","0","0","0","0","0","0","0","0","0","0","0","0","0","0","0","0","0","0","0","0","0","0","0","0","0","0","0","0","0","0","0","0","0","0","0","0","0","0","0","0","0","0","0","0","0","0","0","0","0","0","0","0","0","0","0","0","0","0","0","0","0","0","0","0","0","0","0","0","0","0","0","0","0","0","0","0","0"
"Тюменская область","607226428","400699368","35735989","18127580","490081321","407376570","23187420","48493314","234660","43411","4003919","27086","29483","739","126835489","32779496","376","94055994","37027349","8820643","0","6381","3","155299","0","1499549","0","2","0","3556149","1053846","139916","8194874","0","0","0","0","0","0","0","9856103","0","4872","1770","2759","317","0","1759562","3835636","0","1534425","3032978","0","231298","808570","0","57825","202142","0","18504","64686","0","6161","5912","0","112","73","0","13","7","0","126654","0","0","231788","0","0","3063","0","0","0","0","0","306","0","0","459","0","0","245","0","0","108197","0","0","2","0","0","0","0","0","0","0","0","0","0","0","0","0","0","0","0","0","0","0","0","0","0","0","0","0","0","0","0","110204","252619","98444","256897","13227","910","1058","73","1467","5188","1","1","19934925","0","16693761","0","3509863","0","280789","0","268699","0","36","0","0","0","0","0","0","0","0","0","0","0","0","0","0","0","0","0","0","0","0","0","0","0","0","0","0","0","0","0","3142920","18428","0","2949773","16482","0","0","0","0","217276","1946","10864","156","0","0","6518","0","36937","331","0","24130","0","0","4","0","0","0","0","0","0","0","0","0","0","0","0","0","0","0","0","0","0","0","253188","218412","17631","19900","2755","1592","3","6","0","0","0","0","0","0","0","15615","14616","7559","4450","988276","52652","940556","0","47760","11140","0","62897","0","0","0","0","0","0","0","0","0","0","0","0","0","0","0","0","0","0","0","0","0","0","0","0","0","0","0","0","0","0","0","0","0","108","837355","11835510","0","0","0","0","0","0","0","0","0","0","0","0","0","0","2536","2","5","1","0","0","0","0","0","0","20126","1","2516","352886","3","88222","0","0","0","924179","3","154030","0","0","0","0","0","0","0","0","0","0","0","0","0","0","0","0","0","0","0","0","0","0","0","0","16812","2","4203","30804","10","74671","6","5855","10","34188","19","90516","2","0","0","0","884457","9","195264","28","53441","18","17972","9","8323","8","2081","1061","2","144106","27","0","0","0","0","0","0","0","0","0","0","0","0","36472788","3254","341363","9","0","0","0","0","0","0","54878","1","13720","150","1","38","163","1","20","0","0","0","0","0","0","12907","20","1613","1332","1","222","0","0","0","0","0","0","0","0","0","0","0","0","0","0","0","0","0","0","0","0","0","0","0","0","0","0","0","0","0","0","0","0","0","0","0","0","0","0","0","0","0","0","0","0","0","0","0","0","0","0","0","0","0","0","0","0","0","0","0","0","0","0","0","0","0","0","0","0","0","0","0","0","0","0","0","0","0","0","0","0","0","0","0","0","0","0","0","0","0","0","0","0","0","0","0","0","0","0","0","0","0","0","0","0","0","0","0","0","0","0","0","0","0","0","0","0","0","0","0","0","0","0","0","0","0","0","0","0","0","0","0","0","0","0","0","0","0","0","0","0","0","0","0","0","0","0","0","0","0","0","0","0","0","0","0","0","0","0","0","0","0","0","0","0","0","0","0","0","0","0","0","0","0","0","0","0","0","0","0","0","0","0","0","0","0"
"Ульяновская область","206348139","23877379","41366320","2444162","203317767","27496716","11349825","3161032","58693","6033","5657","386","21910","3008","33078012","4541693","120","28536319","4329741","2243978","0","1077","3","0","0","0","0","0","0","558040","222657","12971","1135423","0","0","32748","92779","26","4420","2","1266447","36","4297","288","2428","321","0","441823","1065753","158848","397535","888621","70983","57383","178330","87865","14346","44582","21966","4591","14266","7029","13096","1198","0","74","42","1","1","1","0","1271464","0","2673382","1792281","0","2256720","86138","0","441617","0","0","14453","8614","0","20181","12921","0","75770","6891","0","20876","606954","0","30297","2","0","10","0","0","0","0","0","0","0","0","0","0","0","0","0","0","0","0","0","0","0","0","0","0","0","0","0","0","57338","0","54182","0","3356","0","269","0","200","0","1","0","3228065","0","2569825","0","704824","0","56386","0","46584","0","11","0","0","0","0","0","0","0","0","0","0","0","0","0","0","0","0","0","0","0","0","0","0","0","0","0","0","0","0","0","3819458","10843053","0","3564035","10442129","0","1636","55090","0","332319","413492","16616","33079","0","0","9970","0","56494","70294","0","81546","67659","0","3","1","0","0","0","0","0","0","0","0","0","0","0","0","0","0","0","0","0","0","349049","338268","0","13247","2466","1060","3","0","0","0","0","0","0","0","0","0","0","17744","17724","0","0","20","0","1602316","0","0","19428","0","0","0","0","0","0","0","0","0","0","0","0","0","0","0","0","0","0","0","0","0","0","0","0","0","0","0","0","0","0","0","0","0","70","78254","505628","0","0","0","0","0","0","0","0","0","0","0","0","0","0","0","0","0","0","0","0","0","0","0","0","0","0","0","228","1","57","0","0","0","0","0","0","0","0","0","0","0","0","0","0","0","0","0","0","0","22827","1","0","0","0","0","0","0","0","0","0","0","0","0","1161","5","512","2","6929","15","5494","17","0","0","26","1","7","163","1","6985","12","437","6","15034","1","21403","5","5351","1442","1","5791","18","0","0","0","0","0","0","0","0","0","0","0","0","4387586","1813","22280","5","0","0","0","0","0","0","0","0","0","0","0","0","0","0","0","0","0","0","0","0","0","3156","2","395","0","0","0","0","0","0","0","0","0","0","0","0","0","0","0","0","0","0","0","0","0","0","0","0","0","0","0","0","0","0","0","0","0","0","0","0","0","0","0","0","0","0","0","0","0","0","0","0","0","0","0","0","0","0","0","0","0","0","0","0","0","0","0","0","0","0","0","0","0","0","0","0","0","0","0","0","0","0","0","0","0","0","0","0","0","0","0","0","0","0","0","0","0","0","0","0","0","0","0","0","0","0","0","0","0","0","0","0","0","0","0","0","0","0","0","0","0","0","0","0","0","0","0","0","0","0","0","0","0","0","0","0","0","0","0","0","0","0","0","0","0","0","0","0","0","0","0","0","0","0","0","0","0","0","0","0","0","0","0","0","0","0","0","0","0","0","0","0","0","0","0","0","0","0","0","0","0","0","0","0","0","0","0","0","0","0","0","0"
"Челябинская область","1023603112","287498626","60851565","42046480","925572973","315546012","61810792","63377549","639339","133330","2933599","556287","54889","25910","94722069","3184959","816","91537111","49827318","7322969","2139","99653","8","32829","0","265623","0","44","0","3512028","240374","451955","796240","0","0","0","0","0","0","0","1194345","142","16135","2760","6855","942","0","1069018","7111814","13328","1009664","5954996","10325","62315","1179400","3003","15578","294850","751","4986","94352","240","2975","35321","0","260","138","1","3","11","0","1793462","0","1252778","1672640","0","908283","260927","0","355991","0","0","1370","26093","0","7526","39139","0","80102","20874","0","27109","140105","0","16491","1","0","6","0","0","796021","0","0","495360","0","0","0","0","0","300661","0","0","0","0","0","0","0","24053","0","0","0","0","0","0","144742","0","109980","0","34762","0","2781","0","0","0","0","0","994429","0","744203","0","260751","0","20860","0","10525","0","3","0","0","0","0","0","0","0","0","0","0","0","0","0","0","0","0","0","0","0","0","0","0","0","0","0","0","0","0","0","2684836","2071425","0","2544532","2212787","0","5239","0","0","314837","183046","15742","14644","0","0","9445","0","53522","31118","0","179772","324407","0","9","3","0","0","0","0","0","0","0","0","0","0","0","0","0","0","0","0","0","0","2616465","2733796","0","11607","128937","929","5","4","0","0","0","0","0","0","0","996588","964008","129370","128911","0","0","537","354869","1581088","367575","0","1695310","195","0","0","0","0","0","0","0","195","0","0","0","0","0","0","35294","0","0","0","0","0","0","0","0","0","0","29839","5","1","0","0","0","0","207","1537290","5605572","0","0","0","0","0","0","0","0","0","0","0","0","0","0","1699183","6","32035","4","0","0","0","0","0","0","0","0","0","8688","1","2172","0","0","0","12429","4","2071","0","0","0","0","0","0","19504","1","1444","5","0","0","0","591849","1","0","0","0","0","0","0","0","0","0","2150","2","537","171969","13","128877","10","161734","28","99771","49","2974","1","0","0","0","23899","4","270167","53","33729","12","13185","5","11860","4","2965","31719","6","89652","65","0","0","0","0","0","0","29","1","316","1","0","0","31287301","7547","2445962","30","0","0","0","0","0","0","31429","3","7857","0","0","0","0","0","0","0","0","0","0","0","0","18287","37","2286","0","0","0","0","0","0","0","0","0","0","713982","1","0","0","0","0","0","0","0","0","0","0","0","0","0","0","0","0","0","0","0","0","0","0","0","0","0","0","0","0","0","0","0","0","0","0","0","0","0","0","0","0","0","0","0","0","0","0","0","0","0","0","0","0","0","0","0","0","0","0","0","0","0","0","0","0","0","0","0","0","0","0","0","0","0","0","0","0","0","0","0","0","0","0","0","0","0","0","0","0","0","0","0","0","0","0","0","0","0","0","0","0","0","0","0","0","0","0","0","0","0","0","0","0","0","0","0","0","0","0","0","0","0","0","0","0","0","0","0","0","0","0","0","0","0","0","0","0","0","0","0","0","0","0","0","0","0","0","0","0","0","0","0","0","0","0","0","0","0","0","0","0","0","0","0","0","0","0","0","0","0","0","0","0","0","0","0","0"
"Ярославская область","529407548","87336202","527867201","8638632","504018278","92700197","454400084","13782044","196181","45209","40611903","2674706","55079","2068","58525673","18187606","310","40338066","13138971","3225913","208485","1391","3","0","0","0","0","0","0","2039251","64248","29522","4546901","0","0","0","0","0","0","0","4548292","0","5986","1140","2035","364","0","487371","1910239","5181","504806","1545500","5181","22536","363681","0","5634","90920","0","1803","29094","0","39972","0","0","336","58","8","9","0","0","67294","0","5892537","68414","0","4967393","0","0","935764","0","0","524","0","0","847","0","0","232570","0","0","74337","1120","0","17523","1","0","4","0","0","0","0","0","0","0","0","0","0","0","0","0","0","0","0","0","0","0","0","0","0","0","0","0","0","49504","0","42016","0","8067","0","646","0","580","0","2","0","5651881","0","4119112","0","1589105","0","127128","0","56335","0","10","0","0","0","0","0","0","0","0","0","0","0","0","0","0","0","0","0","0","0","0","0","0","0","0","0","0","0","0","0","6090659","443076","0","5165410","426493","0","2","0","0","978778","16583","48939","1327","0","0","29366","0","166393","2819","0","53531","0","0","5","0","0","0","0","0","0","0","0","0","0","0","0","0","0","0","0","0","0","0","24182","30565","0","0","6383","0","10","1","0","0","0","0","0","0","0","343","0","693363","692717","258714","119276","140084","179","192216","122413","0","110725","0","0","0","0","0","0","0","0","0","0","0","0","0","0","0","0","0","16170","0","0","0","0","0","0","0","0","157","0","0","0","0","0","0","96","699044","3492980","0","0","0","0","0","0","0","0","0","0","0","0","0","0","27995","1","40632","1","0","0","0","0","0","0","0","0","0","0","0","0","0","0","0","2261531","2","376922","0","0","0","0","0","0","0","0","33","1","0","0","0","0","0","0","0","0","0","0","0","0","0","0","0","0","0","2471","9","2089","2","8502","15","18607","22","138","1","0","0","0","29392","4","81454","27","967","6","7797","7","2865","3","716","0","0","17620","29","0","0","0","0","0","0","0","0","0","0","0","0","19051863","2882","90984","12","0","0","0","0","0","0","75","2","19","0","0","0","0","0","0","0","0","0","0","0","0","132327","3","16541","0","0","0","0","0","0","0","0","0","0","0","0","0","0","0","0","0","0","0","0","0","0","0","0","0","0","0","0","0","0","0","0","0","0","0","0","0","0","0","0","0","0","0","0","0","0","0","0","0","0","0","0","0","0","0","0","0","0","0","0","0","0","0","0","0","0","0","0","0","0","0","0","0","0","0","0","0","0","0","0","0","0","0","0","0","0","0","0","0","0","0","0","0","0","0","0","0","0","0","0","0","0","0","0","0","0","0","0","0","0","0","0","0","0","0","0","0","0","0","0","0","0","0","0","0","0","0","0","0","0","0","0","0","0","0","0","0","0","0","0","0","0","0","0","0","0","0","0","0","0","0","0","0","0","0","0","0","0","0","0","0","0","0","0","0","0","0","0","0","0","0","0","0","0","0","0","0","0","0","0","0","0","0","0","0","0","0","0"
"город Москва","33337899234","10393030655","111836115730","8725173745","31223313298","11209932800","114982976682","8961472446","25623813","7915258","-3997975134","818698332","13737249","80926600","3020022631","177941579","8687","2843121563","1941763791","234233355","3832805","218534","11","175434","0","1259810","0","17","0","145709374","9040806","7177391","44485395","0","0","666444","1887562","64","469164","33","49162343","609948","128591","25278","59137","5439","0","63284436","123412361","11513168","53196962","102899249","8556768","10590585","21582232","3002628","2647647","5395559","750657","847247","1726579","240211","547800","1145026","46229","902","969","41","24","74","2","0","657361","0","0","657366","0","0","0","0","0","0","0","0","0","0","0","0","0","0","0","0","0","6","0","0","1","0","0","248634","667088","0","240044","586206","0","0","0","0","8590","111098","0","687","0","334","0","0","0","8888","0","0","30216","0","0","1","1224040","106327","756964","106327","477714","0","38217","0","10637","0","6","0","3434737","10409921","3104397","11118374","445167","0","35613","0","114827","708454","5","1","0","0","0","0","0","0","0","0","0","0","0","0","0","0","0","0","0","0","0","0","0","0","0","0","0","0","0","0","680407672","112271638","0","575900055","107385120","0","13374341","345565","0","149206121","9672726","7460305","773818","0","0","4476185","0","25365041","1644364","0","58170470","5130864","0","546","27","0","0","0","0","0","0","0","0","0","0","0","0","0","0","0","0","0","0","48501707","33949489","320685","4227148","4482528","338230","76","205","0","0","0","0","0","0","0","3161520354","3220165942","773313208","733959200","62305881","63689419","51649422","29681550","267521440","13614865","0","37330210","12721910","0","821387","0","0","4080428","8963510","0","3660044","129127","0","0","50020911","0","96188506","621389","0","4573253","0","6822301","0","1293999","785370","0","221320","8776699","42242884","5247156","7","417941","5","0","0","1446","37828029","162575129","0","0","0","0","0","0","0","0","0","0","0","0","0","0","3538307","10","38819","7","0","0","0","0","0","0","0","0","0","2597200","10","649300","0","0","0","60890730","30","10148455","0","0","0","0","0","0","257929","3","686443","100","7966","1","996","13541877","8","353122","1","88281","0","0","0","0","0","0","170515","31","42629","852625","79","489851","57","2545839","205","2806466","280","276231","10","91216","19","22804","8048316","88","12384469","1036","503559","328","341965","120","725258","47","181314","68782","38","1725768","516","0","0","0","0","0","0","109786","11","659361","11","0","0","953178076","68314","23693224","177","0","1","0","0","0","0","6707854","29","1676963","107412","5","26853","29656","2","3707","0","0","0","93159413","5","11644927","950156","320","118769","1222651","12","203775","3298014","9","549669","0","0","0","0","493345951","107","2990325","19","786937","1","7496645","12","0","0","282765384","1","635479","3","0","0","0","0","0","0","1327530","3","5331","1","0","0","0","0","0","0","0","0","0","0","0","0","0","0","0","0","0","0","0","0","0","0","0","0","0","0","0","0","0","0","0","0","0","0","0","0","0","0","0","0","0","0","0","0","0","0","0","0","0","0","0","0","0","0","0","0","0","0","0","0","0","0","0","0","0","0","0","0","0","0","0","0","0","0","0","0","0","0","0","0","0","0","0","0","0","0","0","0","0","0","0","0","0","0","0","0","0","0","0","0","0","0","0","0","0","0","0","0","0","0","0","0","0","0","0","0","0","0","0","0","0","0","0","0","0","0","0","0","0","0","0","0","0","0","0","0","0","0","0","0","0","0","0","0","0","0","0","0","0","0","0","0","0","0"
"город Санкт-Петербург","6557638452","5658195093","1224823224","12215255554","6075363184","5521490316","1089471052","12458964111","1815677","2012562","38501234","319343954","777117","5448","580303348","57141052","2778","525051633","423565644","42660834","183086","18896","5","620316","0","1535611","0","27","0","26362481","3090904","1383013","14285263","0","0","138679","82280","14","3882","1","16684927","106746","54445","7797","15422","1309","0","5154179","33788793","2245103","4424995","26664996","1900895","860250","7271086","344208","215062","1817771","86053","68820","581689","27537","131065","154029","0","1207","508","22","7","14","0","278071","0","0","265646","0","0","11991","0","0","0","0","0","1199","0","0","1799","0","0","959","0","0","0","0","0","0","0","0","0","0","22521126","0","0","12402101","0","0","4660893","0","0","5458132","0","0","0","0","234617","0","0","436651","0","0","0","0","0","0","1188452","0","1163370","0","112179","0","8974","0","87097","0","5","0","699333","4649661","553139","4647171","146193","2489","11695","199","0","0","0","0","0","0","0","0","0","0","0","0","0","0","0","0","0","0","0","0","0","0","0","0","0","0","0","0","0","0","0","0","74757146","33221901","0","67465838","29396802","0","205298","111673","0","11503812","4434721","575191","354776","0","0","345116","0","1955649","753903","0","4411970","511413","0","120","10","0","436767","0","380599","0","0","0","56168","0","4493","0","4191","0","5358","0","0","0","0","2274074","1913143","74318","657786","79731","52611","20","22","45121300","36234870","0","11455997","2863999","2569567","3","34224234","30670133","22780159","23258472","912040","258224","910195","38024661","41317253","365778","0","6872022","197583","0","163793","0","0","0","359726","0","126966","0","0","0","29816","0","47109","35362","0","308852","0","59860","0","110811","0","0","6037","0","363023","370551","2","74150","3","0","0","568","52604471","178197245","0","0","0","0","0","0","0","0","0","0","0","0","0","0","2710012","10","436184","3","0","0","0","0","0","0","2222","1","278","278044","4","69511","0","0","0","563125","3","93854","0","0","0","3897846","1","649641","189748","2","183048","21","325423","2","40678","47810","1","446747","2","111687","1991908","1","165992","0","0","0","18903","8","4726","77708","31","103566","17","441558","75","314409","120","0","0","4798","4","1200","1311115","34","2179581","286","81128","89","95135","39","788775","37","197194","19051","8","648379","174","0","0","0","0","0","0","255","3","318705","8","0","0","278744296","28168","23874393","58","0","0","0","0","0","0","9938009","7","2484502","2945","2","736","1017","1","127","0","0","0","74478","1","9310","75052","84","9382","5689","2","948","5086","2","848","0","0","350619","1","0","0","6682741","27","0","0","12468405","17","0","0","0","0","0","0","0","0","0","0","0","0","0","0","0","0","0","0","0","0","0","0","0","0","0","0","0","0","0","0","0","0","0","0","0","0","0","0","0","0","0","0","0","0","0","0","0","0","0","0","0","0","0","0","0","0","0","0","0","0","0","0","0","0","0","0","0","0","0","0","0","0","0","0","0","0","0","0","0","0","0","0","0","0","0","0","0","0","0","0","0","0","0","0","0","0","0","0","0","0","0","0","0","0","0","0","0","0","0","0","0","0","0","0","0","0","0","0","0","0","0","0","0","0","0","0","0","0","0","0","0","0","0","0","0","0","0","0","0","0","0","0","0","0","0","0","0","0","0","0","0","0","0","0","0","0","0","0","0","0","0","0","0","0","0","0","0","0","0","0"
"город Севастополь","39661530","3528279","2205401","614994","36702431","5184824","1273558","730660","498","1680","38113","0","480","0","3852847","29879","54","3822968","1770531","286936","0","98","1","0","0","0","0","0","0","224455","6534","1324","7470","0","0","0","0","0","0","0","7568","0","1346","191","810","81","0","128085","429899","0","99684","332632","0","28401","97278","0","7100","24319","0","2272","7782","0","0","11","0","81","20","0","0","1","0","0","0","0","0","0","0","0","0","0","0","0","0","0","0","0","0","0","0","0","0","0","0","0","0","0","0","0","0","16509859","0","0","14612737","0","0","1190","0","0","2152282","0","0","17664","0","139675","0","0","154519","0","0","256351","0","0","28","0","11272","0","4742","0","6530","0","522","0","0","0","0","0","3649","0","2132","0","1517","0","121","0","0","0","0","0","0","0","0","0","0","0","0","0","0","0","0","0","0","0","0","0","0","0","0","0","0","0","0","0","0","0","0","0","80249","99978","0","71059","86780","0","0","0","0","11587","13198","579","1056","0","0","348","0","1970","2244","0","2397","0","0","2","0","0","0","0","0","0","0","0","0","0","0","0","0","0","0","0","0","0","0","419795","104655","0","315140","0","25211","0","0","0","0","0","0","0","0","0","39824","0","0","0","0","0","0","0","0","390","0","71834","0","0","0","0","0","0","0","0","0","0","0","0","0","0","0","0","0","0","0","0","0","0","0","0","0","0","0","0","0","0","0","0","0","9","622","134449","0","0","0","0","0","0","0","0","0","0","0","0","0","0","0","0","0","0","0","0","0","0","0","0","0","0","0","0","0","0","0","0","0","0","0","0","0","0","0","0","0","0","0","0","0","0","0","0","0","0","0","0","0","0","0","0","0","0","0","0","0","0","0","0","0","0","0","0","0","0","0","0","0","0","0","0","0","0","0","0","0","0","0","0","0","0","0","0","0","0","0","0","0","0","0","0","0","0","0","0","0","0","0","977226","767","0","0","0","0","0","0","0","0","0","0","0","0","0","0","0","0","0","0","0","0","0","0","0","0","0","0","0","0","0","0","0","0","0","0","0","0","0","0","0","0","0","0","0","0","0","0","0","0","0","0","0","0","0","0","0","0","0","0","0","0","0","0","0","0","0","0","0","0","0","0","0","0","0","0","0","0","0","0","0","0","0","0","0","0","0","0","0","0","0","0","0","0","0","0","0","0","0","0","0","0","0","0","0","0","0","0","0","0","0","0","0","0","0","0","0","0","0","0","0","0","0","0","0","0","0","0","0","0","0","0","0","0","0","0","0","0","0","0","0","0","0","0","0","0","0","0","0","0","0","0","0","0","0","0","0","0","0","0","0","0","0","0","0","0","0","0","0","0","0","0","0","0","0","0","0","0","0","0","0","0","0","0","0","0","0","0","0","0","0","0","0","0","0","0","0","0","0","0","0","0","0","0","0","0","0","0","0","0","0","0","0","0","0","0"
"Еврейская автономная область","3735585","1904622","1834991","157218","3587567","2582977","911435","628180","1116","1149","0","0","0","0","1072690","7020","12","1065671","1148168","85251","0","0","0","0","0","0","0","0","0","42526","150","435","1755","0","0","0","0","0","0","0","1755","0","242","86","319","41","0","30453","108112","0","12995","97361","0","17458","11263","0","4364","2816","0","1397","901","0","0","512","0","2","10","0","0","1","0","6732635","448324","0","7468550","227994","0","0","220330","0","0","0","0","0","0","0","0","55082","0","0","17626","0","735915","0","0","1","0","0","0","0","0","0","0","0","0","0","0","0","0","0","0","0","0","0","0","0","0","0","0","0","0","0","0","0","0","0","0","0","0","0","0","0","0","0","0","0","40533","0","15757","0","24776","0","1982","0","0","0","0","0","0","0","0","0","0","0","0","0","0","0","0","0","0","0","0","0","0","0","0","0","0","0","0","0","0","0","0","0","0","0","0","0","0","0","0","0","0","0","0","0","0","0","0","0","0","0","0","0","0","0","0","0","0","0","0","0","0","0","0","0","0","0","0","0","0","0","0","0","0","0","0","1015838","988584","0","29999","2745","2400","1","1","0","0","0","0","0","0","0","0","0","0","0","0","0","0","0","0","0","0","0","0","0","0","0","0","0","0","0","0","0","0","0","0","0","0","0","0","0","0","0","0","0","0","0","0","0","0","0","0","0","0","0","0","1","0","1173","0","0","0","0","0","0","0","0","0","0","0","0","0","0","0","0","0","0","0","0","0","0","0","0","0","0","0","0","0","0","0","0","0","0","0","0","0","0","0","0","0","0","0","0","0","0","0","0","0","0","0","0","0","0","0","0","0","0","0","0","0","0","0","0","0","0","0","0","0","0","0","0","0","0","0","0","0","0","0","0","0","0","0","0","0","0","0","0","0","0","0","0","0","0","0","0","0","0","0","0","0","0","0","517188","83","0","0","0","0","0","0","0","0","0","0","0","0","0","0","0","0","0","0","0","0","0","0","0","0","0","0","0","0","0","0","0","0","0","0","0","0","0","0","0","0","0","0","0","0","0","0","0","0","0","0","0","0","0","0","0","0","0","0","0","0","0","0","0","0","0","0","0","0","0","0","0","0","0","0","0","0","0","0","0","0","0","0","0","0","0","0","0","0","0","0","0","0","0","0","0","0","0","0","0","0","0","0","0","0","0","0","0","0","0","0","0","0","0","0","0","0","0","0","0","0","0","0","0","0","0","0","0","0","0","0","0","0","0","0","0","0","0","0","0","0","0","0","0","0","0","0","0","0","0","0","0","0","0","0","0","0","0","0","0","0","0","0","0","0","0","0","0","0","0","0","0","0","0","0","0","0","0","0","0","0","0","0","0","0","0","0","0","0","0","0","0","0","0","0","0","0","0","0","0","0","0","0","0","0","0","0","0","0","0","0","0","0","0","0"
"Ханты-Мансийский АО - Югра","1954019076","375138090","374842863","11648785","1721922085","380795884","144851227","37006661","588703","17776","11239446","30120","253071","33","451202355","6357456","271","444844898","31035826","35580990","317","326384","8","2850293","0","12248440","0","10","0","5407093","3917936","359689","1589364","0","0","0","0","0","0","0","17014481","0","3729","829","1804","393","0","835903","2052823","0","721925","1642355","0","135532","434227","0","33884","108557","0","10843","34739","0","9896","23759","0","195","77","0","3","9","0","0","0","0","0","0","0","0","0","0","0","0","0","0","0","0","0","0","0","0","0","0","0","0","0","0","0","0","0","0","0","0","0","0","0","0","0","0","0","0","0","0","0","0","0","0","0","0","0","0","0","0","0","0","75314","4437","61101","3147","8933","1290","714","103","0","0","0","0","37846","1000020","43103","1067428","0","0","0","0","5257","67408","1","1","0","0","0","0","0","0","0","0","0","0","0","0","0","0","0","0","0","0","0","0","0","0","0","0","0","0","0","0","175718","0","0","114990","0","0","0","0","0","62477","0","3124","0","0","0","1874","0","10621","0","0","1749","0","0","1","0","0","0","0","0","0","0","0","0","0","0","0","0","0","0","0","0","0","0","6307515","6561069","354028","370016","977598","29601","1","4","0","0","0","0","0","0","0","2993433","2952096","644976","626190","0","0","505","495","2644261","9692","0","1360799","0","0","0","0","0","0","0","0","0","0","0","0","0","0","0","0","0","0","0","0","0","0","0","0","0","0","0","0","0","0","0","0","0","129","4576648","40821304","0","0","0","0","0","0","0","0","0","0","0","0","0","0","3042830","14","7192","1","0","0","0","0","0","0","0","0","0","418112","8","104528","0","0","0","18514","4","3086","0","0","0","0","0","0","90637","1","1625","4","14444","1","1806","0","0","622722","2","155680","0","0","0","0","0","0","32622","6","8155","181239","21","119587","9","67277","23","362795","48","524","6","2040","3","510","1653522","17","574327","53","27664","44","60653","13","146984","3","36746","17024","6","286055","52","0","0","0","0","0","0","215","1","1160477","2","0","0","111084042","2519","802890","13","0","0","0","0","0","0","14520","3","3630","2469","2","617","0","0","0","0","0","0","0","0","0","39055","10","4882","0","0","0","0","0","0","0","0","0","0","0","0","0","0","0","0","0","0","0","0","0","0","0","0","0","0","0","0","0","0","0","0","0","0","0","0","0","0","0","0","0","0","0","0","0","0","0","0","0","0","0","0","0","0","0","0","0","0","0","0","0","0","0","0","0","0","0","0","0","0","0","0","0","0","0","0","0","0","0","0","0","0","0","0","0","0","0","0","0","0","0","0","0","0","0","0","0","0","0","0","0","0","0","0","0","0","0","0","0","0","0","0","0","0","0","0","0","0","0","0","0","0","0","0","0","0","0","0","0","0","0","0","0","0","0","0","0","0","0","0","0","0","0","0","0","0","0","0","0","0","0","0","0","0","0","0","0","0","0","0","0","0","0","0","0","0","0","0","0","0","0","0","0","0","0","0","0","0","0","0","0","0","0","0","0","0","0","0"
"Чукотский АО","137047218","20654339","109129720","10358908","106659806","29373227","120595966","13856962","0","14649","0","0","0","0","19071779","715212","13","18356567","12202293","1468525","0","0","0","0","0","0","0","0","0","1011089","4405","8475","178803","0","0","0","0","0","0","0","178803","0","107","79","28","1","0","806","0","0","806","0","0","0","0","0","0","0","0","0","0","0","0","0","0","1","0","0","0","0","0","0","0","21932383","0","0","13546187","0","0","12816280","0","0","1299","0","0","1624","0","0","3201147","0","0","1024004","0","0","4446318","0","0","10","0","456008","0","0","435545","0","0","0","0","0","20728","0","0","1658","0","2073","0","0","0","0","0","265","0","0","2","0","0","0","0","0","0","0","0","0","0","0","0","0","0","0","0","0","0","0","0","0","0","0","0","0","0","0","0","0","0","0","0","0","0","0","0","0","0","0","0","0","0","0","0","0","0","0","0","0","0","0","0","708483","0","0","1228941","0","0","26211","0","0","48527","0","0","0","0","0","3882","0","8250","0","0","595197","0","0","3","0","0","0","0","0","0","0","0","0","0","0","0","0","0","0","0","0","0","0","0","0","0","0","0","0","0","0","0","0","0","0","0","0","0","0","0","0","0","0","913689","763077","150612","0","0","0","0","0","0","0","0","0","0","0","0","0","0","0","0","0","0","0","0","0","0","0","0","0","0","0","0","0","0","0","0","0","0","0","0","0","0","11","85025","5098738","0","0","0","0","0","0","0","0","0","0","0","0","0","0","44020","1","0","0","0","0","0","0","0","0","0","0","0","0","0","0","0","0","0","0","0","0","0","0","0","0","0","0","0","0","80","1","0","0","0","0","0","0","0","0","0","0","0","0","0","0","0","0","0","3476","2","0","0","0","0","4434","2","0","0","0","0","0","30","1","2524","3","0","0","0","0","0","0","0","0","0","2480","3","0","0","0","0","0","0","279","1","0","0","0","0","3039740","117","0","0","0","0","0","0","0","0","0","0","0","0","0","0","0","0","0","0","0","0","0","0","0","1","1","0","0","0","0","0","0","0","0","0","0","0","0","0","0","0","0","0","0","0","0","0","0","0","0","0","0","0","0","0","0","0","0","0","0","0","0","0","0","0","0","0","0","0","0","0","0","0","0","0","0","0","0","0","0","0","0","0","0","0","0","0","0","0","0","0","0","0","0","0","0","0","0","0","0","0","0","0","0","0","0","0","0","0","0","0","0","0","0","0","0","0","0","0","0","0","0","0","0","0","0","0","0","0","0","0","0","0","0","0","0","0","0","0","0","0","0","0","0","0","0","0","0","0","0","0","0","0","0","0","0","0","0","0","0","0","0","0","0","0","0","0","0","0","0","0","0","0","0","0","0","0","0","0","0","0","0","0","0","0","0","0","0","0","0","0","0","0","0","0","0","0","0","0","0","0","0","0","0","0","0","0","0","0","0","0","0","0","0","0"
"Ямало-Ненецкий АО","1343922859","322930966","86006789","62674992","1169379568","349805745","80405104","118076172","749408","262975","8753100","15024510","130160","3772","172010999","4663719","72","167347279","97036514","13386158","0","88879","5","0","0","30623","0","1","0","5360898","1180282","1344924","1165930","0","0","0","0","0","0","0","1285432","0","870","261","531","117","0","102762","520536","54516","49184","415904","46618","57473","118568","7898","14368","29641","1974","4598","9485","632","3895","13935","0","75","18","7","7","4","0","0","0","0","0","0","0","0","0","0","0","0","0","0","0","0","0","0","0","0","0","0","0","0","0","0","0","0","0","0","0","0","0","0","0","0","0","0","0","0","0","0","0","0","0","0","0","0","0","0","0","0","0","0","5554","0","2148","0","3406","0","272","0","0","0","0","0","3985","0","3908","0","77","0","6","0","0","0","0","0","0","223689684","0","0","90566807","0","0","0","0","0","133122877","0","0","3993686","0","0","18343401","0","0","4287488","0","0","0","0","0","0","0","53633","16944","0","49066","16935","0","0","0","0","4567","10","0","0","0","776","365","0","0","2","0","0","0","0","0","0","0","0","0","0","0","0","0","0","0","0","0","0","0","0","0","0","0","0","0","5539029","5378844","1514","782481","623810","62598","4","6","0","53925","0","0","0","53925","2","34","13866","161000","156250","0","0","4750","0","65062","0","0","0","0","0","0","0","0","0","0","0","0","0","0","0","0","0","0","0","0","0","0","0","0","0","0","0","0","0","784000","0","0","0","0","0","0","59","3329934","39712279","0","0","0","0","0","0","0","0","0","0","0","0","0","0","144372","5","0","0","0","0","0","0","0","0","0","0","0","107115","3","26779","0","0","0","4069012","3","678169","0","0","0","0","0","0","0","0","4570","3","0","0","0","0","0","248900","1","62225","0","0","0","0","0","0","47647","6","11912","308414","17","1812","1","40773","15","89952","28","636","4","0","0","0","832972","10","770364","31","17379","16","98902","9","253860","9","63465","12175","6","111848","29","0","0","0","0","0","0","3078","1","83197","2","0","0","113768499","629","39124","3","0","0","0","0","0","0","114006","4","28502","2317","1","579","0","0","0","0","0","0","0","0","0","1689","5","211","0","0","0","0","0","0","0","0","0","0","0","0","0","0","0","0","0","0","0","0","0","0","157037","2","0","0","0","0","0","0","0","0","0","0","0","0","0","0","0","0","0","0","0","0","0","0","0","0","0","0","0","0","0","0","0","0","0","0","0","0","0","0","0","0","0","0","0","0","0","0","0","0","0","0","0","0","0","0","0","0","0","0","0","0","0","0","0","0","0","0","0","0","0","0","0","0","0","0","0","0","0","0","0","0","0","0","0","0","0","0","0","0","0","0","0","0","0","0","0","0","0","0","0","0","0","0","0","0","0","0","0","0","0","0","0","0","0","0","0","0","0","0","0","0","0","0","0","0","0","0","0","0","0","0","0","0","0","0","0","0","0","0","0","0","0","0","0","0","0","0","0","0","0","0","0","0","0","0","0","0","0","0","0","0","0","0","0","0"
