GA;GB;G1;G2;G3;G4;G5;G6;G7;G8;G9;G10;G11;G12;G13;G14;G15;G16;G17;G18;G19;G20;G21;G22;G23;G24;G25;G26;G27;G28;G29;G30;G31;G32;G33;G34;G35;G36;G37;G38;G39;G40;G41;G42;G43;G44;G45;G46;G47;G48;G49;G50;G51;G52;G53;G54;G55;G56;G57;G58;G59;G60;G61;G62;G63;G64;G65;G66;G67;G68;G69;G70;G71;G72;G73;G74;G75;G76;G77;G78;G79;G80;G81;G82;G83;G84;G85;G86;G87;G88;G89;G90;G91;G92;G93;G94;G95;G96;G97;G98;G99;G100;G101;G102;G103;G104;G105;G106;G107;G108;G109;G110;G111;G112;G113;G114;G115;G116;G117;G118;G119;G120;G121;G122;G123;G124;G125;G126;G127;G128;G129;G130;G131;G132;G133;G134;G135;G136;G137;G138;G139;G140;G141;G142;G143;G144;G145;G146;G147;G148;G149;G150;G151;G152;G153;G154;G155;G156;G157;G158;G159;G160;G161;G162;G163;G164;G165;G166;G167;G168;G169;G170;G171;G172;G173;G174;G175;G176;G177;G178;G179;G180;G181;G182;G183;G184;G185;G186;G187;G188;G189;G190;G191;G192;G193;G194;G195;G196;G197;G198;G199;G200;G201;G202;G203;G204;G205;G206;G207;G208;G209;G210;G211;G212;G213;G214;G215;G216;G217;G218;G219;G220;G221;G222;G223;G224;G225;G226;G227;G228;G229;G230;G231;G232;G233;G234;G235;G236;G237;G238;G239;G240;G241;G242;G243;G244;G245;G246;G247;G248;G249;G250;G251;G252;G253;G254;G255;G256;G257;G258;G259;G260;G261;G262;G263;G264;G265;G266;G267;G268;G269;G270;G271;G272;G273;G274;G275;G276;G277;G278;G279;G280;G281;G282;G283;G284;G285;G286;G287;G288;G289;G290;G291;G292;G293;G294;G295;G296;G297;G298;G299;G300;G301;G302;G303;G304;G305;G306;G307;G308;G309;G310;G311;G312;G313;G314;G315;G316;G317;G318;G319;G320;G321;G322;G323;G324;G325;G326;G327;G328;G329;G330;G331;G332;G333;G334;G335;G336;G337;G338;G339;G340;G341;G342;G343;G344;G345;G346;G347;G348;G349;G350;G351;G352;G353;G354;G355;G356;G357;G358;G359;G360;G361;G362;G363;G364;G365;G366;G367;G368;G369;G370;G371;G372;G373;G374;G375;G376;G377;G378;G379;G380;G381;G382;G383;G384;G385;G386;G387;G388;G389;G390;G391;G392;G393;G394;G395;G396;G397;G398;G399;G400;G401;G402;G403;G404;G405;G406;G407;G408;G409;G410;G411;G412;G413;G414;G415;G416;G417;G418;G419;G420;G421;G422;G423;G424;G425;G426;G427;G428;G429;G430;G431;G432;G433;G434;G435;G436;G437;G438;G439;G440;G441;G442;G443;G444;G445;G446;G447;G448;G449;G450;G451;G452;G453;G454;G455;G456;G457;G458;G459;G460;G461;G462;G463;G464;G465;G466;G467;G468;G469;G470;G471;G472;G473;G474;G475;G476;G477;G478;G479;G480;G481;G482;G483;G484;G485;G486;G487;G488;G489;G490;G491;G492;G493;G494;G495;G496;G497;G498;G499;G500;G501;G502;G503;G504;G505;G506;G507;G508;G509;G510;G511;G512;G513;G514;G515;G516;G517;G518;G519;G520;G521;G522;G523;G524;G525;G526;G527;G528;G529;G530;G531;G532;G533;G534;G535;G536;G537;G538;G539;G540;G541;G542;G543;G544;G545;G546;G547;G548;G549;G550;G551;G552;G553;G554;G555;G556;G557;G558;G559;G560;G561;G562;G563;G564;G565;G566;G567;G568;G569;G570;G571;G572;G573;G574;G575;G576;G577;G578;G579;G580;G581;G582;G583;G584;G585;G586;G587;G588;G589;G590;G591;G592;G593;G594;G595
  Республика Адыгея;103 215 899;2 462 294;4 734 016;289 326;95 979 677;2 936 769;4 351 561;309 717;9 113;9 567;1 496;0;0;0;7 626 294;596 259;33;7 030 036;485 299;1 406 007;210 901;17;0;0;0;203 744;30 610;68 029;1 068;10 032;160;119 252;0;0;0;0;0;0;0;119 252;0;0;0;0;0;796;110;552;158;0;374 831;70 544;318 524;345 878;68 065;305 810;28 952;2 823;17 357;5 790;565;3 471;869;85;521;0;344;4 643;6;8;3;0;1;1;0;0;0;0;0;0;0;0;0;0;0;0;0;0;0;0;0;0;0;0;0;0;0;0;0;0;0;0;0;0;0;0;0;0;0;0;0;0;0;0;0;0;0;0;0;0;0;0;0;0;0;0;0;0;0;0;0;0;22 287;0;0;20 217;0;0;2 407;0;0;72;0;0;338;0;0;1;0;0;1 094 270;0;666 668;0;465 615;0;93 123;0;13 968;0;38 013;0;10;0;2;0;0;0;0;0;0;0;0;0;0;0;0;0;0;0;0;0;0;0;0;0;0;0;0;0;0;0;0;0;0;0;0;0;0;0;0;0;0;0;0;0;0;0;0;0;0;0;0;0;0;0;9 974;10 678;0;0;704;0;0;1;1;1;0;0;0;0;0;0;0;0;0;0;0;0;0;0;0;880 382;782 977;85;97 320;0;0;0;0;0;0;0;0;0;0;0;0;0;0;0;0;0;0;0;0;0;0;0;0;0;0;100 000;0;102 475;0;0;0;0;0;0;17;12 354;71 059;0;0;0;0;0;0;0;0;0;0;0;0;0;0;0;0;0;0;0;0;0;0;0;0;0;0;0;0;0;0;0;0;0;0;0;0;0;0;0;0;0;0;0;0;0;0;0;0;0;0;0;0;0;0;0;0;0;0;0;0;0;0;0;0;0;0;0;0;0;4 001;1;0;0;128;2;32;1;0;0;204;1;2 764;2;0;0;0;0;0;0;0;0;0;636;1;0;0;0;0;0;0;0;0;0;0;0;0;2 065 127;387;72 255;1;0;0;0;0;0;0;0;0;0;0;0;0;0;0;0;0;0;0;0;0;0;0;0;0;0;0;0;0;0;0;0;0;0;0;0;0;0;0;0;0;0;0;0;0;0;0;0;0;0;0;0;0;0;0;0;0;0;0;0;0;0;0;0;0;0;0;0;0;0;0;0;0;0;0;0;0;0;0;0;0;0;0;0;0;0;0;0;0;0;0;0;0;0;0;0;0;0;0;0;0;0;0;0;0;0;0;0;0;0;0;0;0;0;0;0;0;0;0;0;0;0;0;0;0;0;0;0;0;0;0;0;0;0;0;0;0;0;0;0;0;0;0;0;0;0;0;0;0;0;0;0;0;0;0;0;0;0;0;0;0;0;0;0;0;0;0;0;0;0;0;0;0;0;0;0;0;0;0;0;0;0;0;0;0;0;0;0;0;0;0;0;0;0;0;0;0;0;0;0;0;0;0;0
  Республика Башкортостан;2 729 618 524;152 468 399;153 120 421;20 345 146;2 585 381 893;168 044 672;80 367 102;20 064 625;809 095;133 337;11 760 676;6 032 175;126 523;7 312;205 962 372;14 774 843;424;191 187 533;21 200 895;37 673 689;5 727 591;22 666;19 241;51 617;10;3 775 583;566 222;2 111 869;119 922;328 552;17 984;2 954 969;516 039;6;0;0;0;0;0;3 541 866;0;0;0;0;0;15 582;2 409;8 000;1 426;0;1 926 942;8 036 543;0;1 824 209;6 770 882;0;108 398;1 349 236;0;21 680;269 847;0;3 252;40 477;0;5 665;83 575;0;420;97;0;1;13;0;0;0;22 801 495;0;0;20 001 403;0;0;2 764 746;0;0;138 237;0;0;414 712;0;0;82 942;0;0;11 979;0;0;68;0;0;9;0;0;0;0;0;0;0;0;0;0;0;0;0;0;0;0;0;0;0;0;0;0;0;0;0;0;0;0;0;0;0;18 458;0;0;17 540;0;0;1 230;0;0;37;0;0;313;0;0;1;0;0;21 640 818;0;18 714 490;0;3 759 631;0;751 926;0;112 789;0;833 303;0;54;0;13;0;0;0;0;0;0;0;0;0;0;0;0;0;0;0;0;0;0;0;0;0;0;0;0;839 730;0;0;825 122;0;0;2 624;0;0;89 803;0;2 694;0;0;0;0;15 267;0;0;75 196;0;0;14;0;0;6;0;1 966 679;1 798 034;0;184 995;16 350;36 999;5 550;8;7;3;0;0;0;0;0;0;0;57 645 725;57 563 047;1 058 429;20 186 056;51 016;1 470;51 147;205 480;27 892 307;24 911 803;1 536 125;1 180 955;242 226;0;834;0;0;0;184 834;0;0;226 093;0;0;0;0;0;0;0;0;0;0;0;0;0;0;0;0;197 185;24;0;129 012;2;79 525;4;0;0;216;830 448;10 386 632;0;0;0;3 510;3;702;2 026;1;405;0;0;0;0;0;0;0;0;908 928;9;541 076;7;0;0;0;0;0;0;0;0;0;233 118;4;23 311;0;0;0;92 776;3;12 370;0;0;0;0;0;0;0;0;0;0;62 264;2;46;1;5;0;0;0;0;0;55 584;1;11 117;0;0;0;0;0;187 267;19;31 557;12;97 819;27;213 156;62;121;1;100;1;1 015 882;10;491 627;46;16 342;16;102 138;19;17 026;5;3 406;11 119;4;279 749;76;0;0;0;0;0;0;113;3;36 058;2;0;0;56 201 378;5 836;659 571;21;0;0;0;0;0;0;0;0;0;38 974;1;7 795;140;1;28;4 425;2;885;0;0;0;0;0;0;0;0;0;0;0;0;0;0;0;0;0;0;0;0;0;0;0;0;0;0;0;0;0;0;0;2 700;1;0;0;0;0;0;0;0;0;0;0;0;0;0;0;0;0;0;0;0;0;0;0;0;0;0;0;0;0;0;0;0;0;0;0;0;0;0;0;0;0;0;0;0;0;0;0;0;0;0;0;0;0;0;0;0;0;0;0;0;0;0;0;0;0;0;0;0;0;0;0;0;0;0;0;0;0;0;0;0;0;0;0;0;0;0;0;0;0;0;0;0;0;0;0;0;0;0;0;0;0;0;0;0;0;0;0;0;0;0;0;0;0;0;0;0;0;0;0;0;0;0;0;0;0;0;0;0;0;0;0;0;0;0;0;0;0;0;0;0;0;0;0;0;0;0;0;0;0;0;0;0;0
  Республика Бурятия;214 021 738;12 608 178;13 818 759;7 138 679;176 782 040;15 997 329;16 275 382;7 621 036;31 128;7 584;48 469;0;1 180;35;34 766 675;4 090 339;37;30 676 335;3 863 959;6 103 188;920 213;0;0;0;0;1 294 204;198 607;215 372;1 020;32 621;153;818 068;32 079;1;0;0;0;0;0;850 147;162;0;0;0;0;1 685;212;709;164;0;427 008;1 437 981;29 245;426 855;1 209 195;29 245;167;228 785;0;33;45 757;0;5;6 864;0;0;0;0;113;20;1;0;0;0;945 191;0;251 050;1 362 025;0;266 688;90 722;0;5 936;0;0;297;18 144;0;890;2 722;0;178;507 555;0;21 573;2;0;8;1;0;2;0;0;0;0;0;0;0;0;0;0;0;0;0;0;0;0;0;0;0;0;0;0;0;0;0;0;0;0;0;0;0;5 365;0;2 921;4 276;0;2 890;1 089;0;31;33;0;1;0;0;0;0;0;0;2 630 985;945 732;2 160 791;712 379;476 447;233 352;95 289;46 670;14 293;7 001;6 253;0;7;1;1;0;0;0;0;0;0;0;0;0;0;0;0;0;0;0;0;0;0;0;0;0;0;0;0;0;0;0;0;0;0;0;0;0;0;0;0;0;0;0;0;0;0;0;0;0;0;0;0;0;0;0;20 086;22 235;0;0;2 149;0;0;2;2;1;0;0;0;0;0;0;0;0;0;2 356;151;0;0;2 206;0;19 095 349;19 060 618;2 708;28 918;0;0;105;0;0;0;105;0;0;0;0;0;0;0;0;0;0;0;0;0;0;0;0;0;0;0;0;3 000;0;0;0;0;0;0;0;22;137 070;874 179;0;0;0;0;0;0;0;0;0;0;0;0;0;0;0;0;0;59 427;2;0;0;0;0;0;0;0;0;0;0;0;621;1;62;0;0;0;0;0;0;0;0;0;0;0;0;0;0;0;0;32;1;0;0;0;0;0;0;0;0;0;0;0;0;0;0;0;0;1 966;2;0;0;697;6;39 296;7;0;0;0;0;7 189;1;11 373;4;624;3;9 583;1;0;0;0;0;0;16 047;7;0;0;0;0;0;0;0;0;0;0;0;0;5 167 452;523;1 895 391;5;0;0;0;0;0;0;0;0;0;0;0;0;0;0;0;0;0;0;0;0;0;0;0;0;0;0;0;0;0;0;0;0;0;0;0;0;0;0;0;0;0;0;0;0;0;0;0;0;0;0;0;0;0;0;0;0;0;0;0;0;0;0;0;0;0;0;0;0;0;0;0;0;0;0;0;0;0;0;0;0;0;0;0;0;0;0;0;0;0;0;0;0;0;0;0;0;0;0;0;0;0;0;0;0;0;0;0;0;0;0;0;0;0;0;0;0;0;0;0;0;0;0;0;0;0;0;0;0;0;0;0;0;0;0;0;0;0;0;0;0;0;0;0;0;0;0;0;0;0;0;0;0;0;0;0;0;0;0;0;0;0;0;0;0;0;0;0;0;0;0;0;0;0;0;0;0;0;0;0;0;0;0;0;0;0;0;0;0;0;0;0;0;0;0;0;0;0;0;0;0;0;0;0
  Республика Алтай;101 459 033;7 245 608;17 411 928;1 490 821;94 392 928;8 021 742;3 938 406;646 940;6 585;389 029;13 861 156;902 558;556;833;6 690 791;728 358;10;5 962 433;445 949;1 114 850;178 871;0;0;0;0;84 380;12 694;96 158;2 483;15 402;372;145 672;77 103;43;0;0;0;0;0;222 775;0;0;0;0;0;485;71;665;75;0;0;90 732;0;0;83 509;0;0;7 223;0;0;1 445;0;0;217;0;0;0;0;0;2;0;0;0;0;0;0;0;0;0;0;0;0;0;0;0;0;0;0;0;0;0;0;0;0;0;0;0;0;0;0;0;0;0;0;0;0;0;0;0;0;0;0;0;0;0;0;0;0;0;0;0;0;0;0;0;0;0;0;0;0;0;0;0;0;0;0;0;0;0;0;0;0;0;0;0;0;0;0;0;0;146 722;0;88 549;0;85 865;0;17 173;0;2 576;0;27 692;0;4;0;1;0;0;0;0;0;0;0;0;0;0;0;0;0;0;0;0;0;0;0;0;0;0;0;0;0;0;0;0;0;0;0;0;0;0;0;0;0;0;0;0;0;0;0;0;0;0;0;0;0;0;0;0;0;0;0;0;0;0;0;0;4;0;0;0;0;0;0;0;4 094 989;3 811 822;282 056;275 764;0;0;6 292;46;2 415 058;2 298 902;25 355;72 051;0;0;18 750;0;0;0;0;0;0;0;0;0;0;0;0;0;0;0;0;0;0;0;0;0;0;0;0;0;0;0;0;0;0;0;0;4;23;14 982;0;0;0;0;0;0;0;0;0;0;0;0;0;0;0;0;0;0;0;0;0;0;0;0;0;0;0;0;0;0;0;0;0;0;0;0;0;0;0;0;0;0;0;0;0;0;0;0;0;0;0;0;0;0;0;0;0;0;0;0;0;0;0;0;0;0;0;0;0;0;0;0;0;0;0;0;0;0;0;0;0;168;1;11;1;0;0;0;0;0;0;0;0;0;0;0;0;0;0;0;0;0;0;0;0;0;2 349 284;223;1 937;4;0;0;0;0;0;0;0;0;0;0;0;0;0;0;0;0;0;0;0;0;0;0;0;0;0;0;0;0;0;0;0;0;0;0;0;0;0;0;0;0;0;0;0;0;0;0;0;0;0;0;0;0;0;0;0;0;0;0;0;0;0;0;0;0;0;0;0;0;0;0;0;0;0;0;0;0;0;0;0;0;0;0;0;0;0;0;0;0;0;0;0;0;0;0;0;0;0;0;0;0;0;0;0;0;0;0;0;0;0;0;0;0;0;0;0;0;0;0;0;0;0;0;0;0;0;0;0;0;0;0;0;0;0;0;0;0;0;0;0;0;0;0;0;0;0;0;0;0;0;0;0;0;0;0;0;0;0;0;0;0;0;0;0;0;0;0;0;0;0;0;0;0;0;0;0;0;0;0;0;0;0;0;0;0;0;0;0;0;0;0;0;0;0;0;0;0;0;0;0;0;0;0;0
  Республика Дагестан;128 031 131;12 201 131;4 742 150;1 319 073;119 162 837;14 767 251;3 252 857;2 111 180;45 344;5 672;1 148;208 410;0;0;10 401 784;79 024;26;10 322 760;3 560 963;2 062 909;309 684;0;0;0;0;362 136;54 592;197 663;38 808;29 663;5 821;15 805;1 642;2;0;0;0;0;0;17 447;0;0;0;0;0;1 593;336;1 251;667;0;680 640;835 944;0;651 276;711 087;0;32 089;127 845;0;6 418;25 569;0;963;3 835;0;2 725;2 988;0;50;32;0;2;3;0;0;0;199 474;0;0;203 228;0;0;18 108;0;0;905;0;0;2 716;0;0;543;0;0;21 862;0;0;6;0;0;3;0;0;0;0;0;0;0;0;0;0;0;0;0;0;0;0;0;0;0;0;0;0;0;0;0;0;0;0;0;0;0;0;0;5 187;0;0;5 187;0;0;0;0;0;0;0;0;0;0;0;0;1 007 592;0;848 034;0;192 218;0;38 444;0;5 767;0;32 660;0;10;0;1;0;0;0;0;0;0;0;0;0;0;0;0;0;0;0;0;0;0;0;0;0;0;0;0;0;0;0;0;0;0;0;0;0;0;0;0;0;0;0;0;0;0;0;0;0;0;0;0;0;0;0;0;0;0;0;0;0;0;0;0;0;0;0;0;0;0;0;0;0;0;0;0;0;0;0;0;334 570;321 181;6 084;7 305;0;0;0;0;0;0;0;0;0;0;0;0;0;0;0;0;0;0;0;0;0;0;0;0;0;0;0;0;0;0;0;0;0;0;0;14;29 709;204 277;0;0;0;0;0;0;0;0;0;0;0;0;0;0;0;0;0;0;0;0;0;0;0;0;0;0;0;0;0;0;0;0;0;0;0;0;0;0;0;0;0;0;0;0;0;0;0;0;0;0;0;0;0;0;0;0;0;0;0;0;0;0;0;0;0;0;0;0;0;0;0;0;0;0;0;0;0;0;0;0;0;0;0;0;0;0;0;0;0;0;0;0;0;0;0;0;0;0;0;0;0;0;0;0;0;0;3 429 164;639;0;0;0;0;0;0;0;0;0;0;0;0;0;0;0;0;0;0;0;0;0;0;0;0;0;0;0;0;0;0;2 920 934;1;0;0;0;0;0;0;0;0;0;0;0;0;0;0;0;0;0;0;0;0;0;0;0;0;0;0;0;0;0;0;0;0;0;0;0;0;0;0;0;0;0;0;0;0;0;0;0;0;0;0;0;0;0;0;0;0;0;0;0;0;0;0;0;0;0;0;0;0;0;0;0;0;0;0;0;0;0;0;0;0;0;0;0;0;0;0;0;0;0;0;0;0;0;0;0;0;0;0;0;0;0;0;0;0;0;0;0;0;0;0;0;0;0;0;0;0;0;0;0;0;0;0;0;0;0;0;0;0;0;0;0;0;0;0;0;0;0;0;0;0;0;0;0;0;0;0;0;0;0;0;0;0;0;0;0;0;0;0;0;0;0;0;0;0;0;0;0;0;0;0;0;0;0
  Республика Ингушетия;17 404 215;5 456 713;607 267;61 132;16 493 299;6 038 425;667 806;518 685;762;114 655;0;0;0;0;851 139;15 104;4;836 035;924 608;167 207;25 081;3;0;0;0;49 377;7 407;6 078;1 322;912;198;3 021;0;0;0;0;0;0;0;3 021;0;0;0;0;0;350;34;513;108;0;0;38 269;0;0;38 179;0;0;810;0;0;162;0;0;24;0;0;720;0;0;2;0;0;1;0;0;0;0;0;0;0;0;0;0;0;0;0;0;0;0;0;0;0;0;0;0;0;0;0;0;0;0;0;0;0;0;0;0;0;0;0;0;0;0;0;0;0;0;0;0;0;0;0;0;0;0;0;0;0;0;0;0;0;0;0;0;0;0;0;0;0;0;0;0;0;0;0;0;0;0;0;492 487;0;641 320;0;236;0;47;0;7;0;149 069;0;3;0;1;0;0;0;0;0;0;0;0;0;0;0;0;0;0;0;0;0;0;0;0;0;0;0;0;0;0;0;0;0;0;0;0;0;0;0;0;0;0;0;0;0;0;0;0;0;0;0;0;0;0;0;0;0;0;0;0;0;0;0;0;0;0;0;0;0;0;0;0;0;0;0;0;0;0;0;0;920;0;0;920;0;0;0;0;0;0;0;0;0;0;0;0;0;0;0;0;0;0;0;0;0;0;0;0;0;0;0;0;0;0;0;0;0;0;0;2;208;3 182;0;0;0;0;0;0;0;0;0;0;0;0;0;0;0;0;0;0;0;0;0;0;0;0;0;0;0;0;0;0;0;0;0;0;0;0;0;0;0;0;0;0;0;0;0;0;0;0;0;0;0;0;0;0;0;0;0;0;0;0;0;0;0;0;0;0;0;0;0;0;0;0;0;0;0;0;0;0;0;0;0;0;0;0;0;0;0;0;0;0;0;0;0;0;0;0;0;0;0;0;0;0;0;0;0;0;387 308;52;0;0;0;0;0;0;0;0;0;0;0;0;0;0;0;0;0;0;0;0;0;0;0;0;0;0;0;0;0;0;0;0;0;0;0;0;0;0;0;0;0;0;0;0;0;0;0;0;0;0;0;0;0;0;0;0;0;0;0;0;0;0;0;0;0;0;0;0;0;0;0;0;0;0;0;0;0;0;0;0;0;0;0;0;0;0;0;0;0;0;0;0;0;0;0;0;0;0;0;0;0;0;0;0;0;0;0;0;0;0;0;0;0;0;0;0;0;0;0;0;0;0;0;0;0;0;0;0;0;0;0;0;0;0;0;0;0;0;0;0;0;0;0;0;0;0;0;0;0;0;0;0;0;0;0;0;0;0;0;0;0;0;0;0;0;0;0;0;0;0;0;0;0;0;0;0;0;0;0;0;0;0;0;0;0;0;0;0;0;0;0;0;0;0;0;0;0;0;0;0;0;0;0;0;0
  Кабардино-Балкарская Республика;71 192 580;13 836 475;1 095 795;653 841;68 849 748;15 698 124;965 837;911 435;1 476;132 563;8 445;0;0;0;2 466 169;99 741;18;2 366 428;1 986 680;435 996;65 400;274;0;0;0;71 701;10 808;64 093;14 803;9 702;2 222;19 948;31 696;8;0;0;0;0;0;51 644;0;0;0;0;0;796;161;920;305;0;18 396;153 326;5 297;20 819;144 362;4 583;121;8 964;715;24;1 793;143;4;269;21;2 544;0;0;13;11;3;8;0;0;0;0;0;0;0;0;0;0;0;0;0;0;0;0;0;0;0;0;0;0;0;0;0;0;0;0;0;0;0;0;0;0;0;0;0;0;0;0;0;0;0;0;0;0;0;0;0;0;0;0;0;0;0;0;0;0;0;0;0;0;0;0;0;0;0;0;0;0;0;0;0;0;0;0;0;0;3 344 988;0;2 505 003;0;857 852;0;171 570;0;25 736;0;17 867;0;29;0;4;0;0;0;0;0;0;0;0;0;0;0;0;0;0;0;0;0;0;0;0;0;0;0;0;0;0;0;0;0;0;0;0;0;0;0;0;0;0;0;0;0;0;0;0;0;0;0;0;0;0;0;8 021;9 068;0;0;1 047;0;0;1;1;0;0;0;0;0;0;0;0;0;95;12 595;0;0;0;346;0;186 645;185 980;0;665;0;0;0;0;0;0;0;0;0;0;0;0;0;0;0;0;0;0;0;0;0;0;0;0;0;0;0;0;0;0;0;0;0;0;0;7;2 162;29 561;1 005;1;201;0;0;0;0;0;0;0;0;0;0;0;0;0;0;0;0;0;0;0;0;0;0;0;0;0;0;0;0;0;0;0;0;0;0;0;0;0;0;0;0;0;0;0;0;0;0;0;0;0;0;0;0;0;0;0;0;0;0;0;0;0;0;0;0;0;0;0;0;0;0;125;1;0;0;0;0;0;0;0;0;0;0;0;0;0;0;0;0;0;538;1;0;0;0;0;0;0;0;0;0;0;0;0;1 652 988;351;0;0;0;0;0;0;0;0;0;0;0;0;0;0;0;0;0;0;0;0;0;0;0;0;0;0;0;0;0;0;0;0;0;0;0;0;0;0;0;0;0;0;0;0;0;0;0;0;0;0;0;0;0;0;0;0;0;0;0;0;0;0;0;0;0;0;0;0;0;0;0;0;0;0;0;0;0;0;0;0;0;0;0;0;0;0;0;0;0;0;0;0;0;0;0;0;0;0;0;0;0;0;0;0;0;0;0;0;0;0;0;0;0;0;0;0;0;0;0;0;0;0;0;0;0;0;0;0;0;0;0;0;0;0;0;0;0;0;0;0;0;0;0;0;0;0;0;0;0;0;0;0;0;0;0;0;0;0;0;0;0;0;0;0;0;0;0;0;0;0;0;0;0;0;0;0;0;0;0;0;0;0;0;0;0;0;0;0;0;0;0;0;0;0;0;0;0;0;0;0;0;0;0;0;0
  Республика Калмыкия;11 029 083;2 717 131;245 590;139 319;9 173 321;2 917 234;804 623;1 313 648;1 358;22 208;887;227;0;0;1 297 200;468 932;4;828 267;1 352 452;164 629;24 694;0;0;0;0;24 261;3 639;14 341;1 561;2 165;234;93 786;0;0;0;0;0;0;0;93 786;0;0;0;0;0;291;56;588;203;0;12 328;108 907;1 412;11 852;89 987;1 275;233;21 336;137;47;4 267;27;7;640;4;0;2 415;0;8;8;2;0;2;0;0;0;0;0;0;0;0;0;0;0;0;0;0;0;0;0;0;0;0;0;0;0;0;0;0;0;0;0;0;0;0;0;0;0;0;0;0;0;0;0;0;0;0;0;0;0;0;0;0;0;0;0;0;0;0;0;0;0;1 984;0;0;1 274;0;0;709;0;0;21;0;0;0;0;0;0;0;0;0;0;0;0;0;0;0;0;0;0;0;0;1;0;0;0;0;0;0;0;0;0;0;0;0;0;0;0;0;0;0;0;0;0;0;0;0;0;0;0;0;0;0;0;0;0;0;0;0;0;0;0;0;0;0;0;0;0;0;0;0;0;0;0;0;0;6 329;16 712;0;0;10 383;0;0;2;2;0;0;0;0;0;0;0;0;0;0;0;0;0;0;0;0;551 167;548 167;120;2 880;0;0;0;0;0;0;0;0;0;0;0;0;0;0;0;0;0;0;0;0;0;0;0;0;0;0;0;0;0;0;0;0;0;0;0;2;0;9 164;0;0;0;0;0;0;0;0;0;0;0;0;0;0;0;0;0;0;0;0;0;0;0;0;0;0;0;0;0;0;0;0;0;0;0;0;0;0;0;0;0;0;0;0;0;0;0;0;0;0;0;0;0;0;0;0;0;0;0;0;0;0;0;0;0;0;0;0;0;0;0;0;0;0;0;0;0;0;0;0;0;253;1;0;0;0;0;0;0;0;0;0;52;1;0;0;0;0;0;0;0;0;0;0;0;0;1 003 050;103;0;0;0;0;0;0;0;0;0;0;0;0;0;0;0;0;0;0;0;0;0;0;0;0;0;0;0;0;0;0;0;0;0;0;0;0;0;0;0;0;0;0;0;0;0;0;0;0;0;0;0;0;0;0;0;0;0;0;0;0;0;0;0;0;0;0;0;0;0;0;0;0;0;0;0;0;0;0;0;0;0;0;0;0;0;0;0;0;0;0;0;0;0;0;0;0;0;0;0;0;0;0;0;0;0;0;0;0;0;0;0;0;0;0;0;0;0;0;0;0;0;0;0;0;0;0;0;0;0;0;0;0;0;0;0;0;0;0;0;0;0;0;0;0;0;0;0;0;0;0;0;0;0;0;0;0;0;0;0;0;0;0;0;0;0;0;0;0;0;0;0;0;0;0;0;0;0;0;0;0;0;0;0;0;0;0;0;0;0;0;0;0;0;0;0;0;0;0;0;0;0;0;0;0;0
  Карачаево-Черкесская Республика;64 073 306;9 277 271;1 426 954;810 575;59 995 351;11 459 731;2 257 867;919 984;35 371;826 607;489;0;1 744;1;3 280 181;120 827;11;3 159 354;1 465 261;630 872;94 781;2;-2;-9;0;135 457;20 371;12 985;11 048;1 947;1 657;24 165;113;3;0;886;2;0;0;25 153;0;0;0;0;0;519;81;740;141;0;161 087;31 896;2 166;117 076;30 576;2 166;44 011;1 648;0;8 802;330;0;1 320;49;0;0;328;0;12;8;3;0;1;0;0;0;0;0;0;0;0;0;0;0;0;0;0;0;0;0;0;0;0;0;0;0;0;0;0;0;0;0;0;0;0;0;0;0;0;0;0;0;0;0;0;0;0;0;0;0;0;0;0;0;0;0;0;0;0;0;0;0;9 650;0;198;9 650;0;198;0;0;0;0;0;0;0;0;0;0;0;0;1 113 064;0;793 808;0;350 063;0;70 013;0;10 502;0;30 807;0;14;0;2;0;0;0;0;0;0;0;0;0;0;0;0;0;0;0;0;0;0;0;0;0;0;0;0;0;0;0;0;0;0;0;0;0;0;0;0;0;0;0;0;0;0;0;0;0;0;0;0;0;0;0;28 431;19 727;0;8 704;0;1 741;261;1;0;0;0;0;0;0;0;0;0;0;0;0;0;0;0;0;0;0;0;0;0;0;0;0;0;0;0;0;0;0;0;0;0;0;0;0;0;0;0;0;0;0;0;0;0;0;0;0;0;0;0;0;0;0;0;0;4;1 246;18 807;450;1;90;737;1;148;0;0;0;0;0;0;0;0;0;0;0;0;0;0;0;0;0;0;0;0;0;0;0;0;0;0;0;0;0;0;0;0;0;0;0;0;0;0;0;0;0;0;0;0;0;0;0;0;0;0;0;0;0;0;0;0;0;0;0;0;0;3 249;1;34 328;2;0;0;1 925;2;0;0;0;0;0;0;2 134;1;0;0;0;0;0;0;0;0;0;1 260;1;0;0;0;0;0;0;0;0;0;0;0;0;2 147 725;233;0;0;0;0;0;0;0;0;0;0;0;0;0;0;0;0;0;0;0;0;0;0;0;0;0;0;0;0;0;0;0;0;0;0;0;0;0;0;0;0;0;0;0;0;0;0;0;0;0;0;0;0;0;0;0;0;0;0;0;0;0;0;0;0;0;0;0;0;0;0;0;0;0;0;0;0;0;0;0;0;0;0;0;0;0;0;0;0;0;0;0;0;0;0;0;0;0;0;0;0;0;0;0;0;0;0;0;0;0;0;0;0;0;0;0;0;0;0;0;0;0;0;0;0;0;0;0;0;0;0;0;0;0;0;0;0;0;0;0;0;0;0;0;0;0;0;0;0;0;0;0;0;0;0;0;0;0;0;0;0;0;0;0;0;0;0;0;0;0;0;0;0;0;0;0;0;0;0;0;0;0;0;0;0;0;0;0;0;0;0;0;0;0;0;0;0;0;0;0;0;0;0;0;0;0
  Республика Карелия;180 681 610;25 409 891;8 794 211;1 817 163;158 560 158;33 944 071;8 019 187;3 304 446;93 749;34 384;45 546;18 862;4 621;21;22 940 067;1 918 066;128;21 022 002;10 005 959;4 174 581;630 638;0;0;0;0;833 617;125 145;146 245;3 141;22 089;471;383 613;29 797;4;0;0;0;0;0;413 410;0;0;0;0;0;1 619;484;733;276;0;25 852;1 305 332;0;25 677;1 205 700;0;176;106 602;0;35;21 320;0;5;3 198;0;0;6 970;0;14;36;0;0;4;0;6 482 293;0;2 366 643;4 968 891;0;2 024 408;0;0;515 938;0;0;9 585;0;0;93 602;0;0;15 478;0;0;177 812;1;0;17;0;0;8;0;0;385 750;0;0;275 017;0;0;0;0;0;110 733;0;0;0;5 537;0;0;16 610;0;0;0;0;0;0;0;0;1;0;0;0;69 101;0;0;69 101;0;0;0;0;0;0;0;0;0;0;0;0;0;0;2 930 824;0;2 703 083;0;380 401;0;76 080;0;11 412;0;152 660;0;30;0;15;0;0;0;0;0;0;0;0;0;0;0;0;0;0;0;0;0;0;0;0;0;0;0;561 420;63 660;0;545 110;62 368;0;0;0;0;18 839;1 292;0;39;0;0;565;3 203;220;0;2 529;0;0;4;2;0;1;0;0;36 344;36 439;553;553;1 202;111;17;2;1;0;0;0;0;0;0;0;0;70 922;2 286 307;2 337 210;9 485 201;0;0;10;0;23 201 180;21 490 003;8 156;141 578;1 552 100;0;1 601;1 601;1 552 100;0;0;0;0;0;0;0;0;0;0;0;0;0;0;0;0;0;0;0;0;0;997 614;0;0;0;0;0;0;0;0;48;67 735;1 091 786;1 575;1;315;149;1;30;0;0;0;0;0;0;0;0;0;0;0;0;0;0;0;0;0;0;0;0;0;0;0;0;0;0;0;0;0;0;0;0;0;0;0;0;0;0;0;0;0;0;0;864;1;0;0;0;0;0;0;0;0;0;0;0;0;0;0;0;0;2 166;3;3 170;2;2 560;9;8 864;11;0;0;0;0;0;0;21 485;8;31;1;214;1;0;0;0;0;0;11 943;19;0;0;0;0;0;0;163;1;0;0;0;0;7 569 746;1 008;145 840;8;0;0;0;252;1;50;0;0;0;0;0;0;0;0;0;0;0;0;0;0;0;0;0;0;0;0;0;0;451 774;1;0;0;0;0;0;0;0;0;0;0;0;0;0;0;0;0;0;0;0;0;0;0;0;0;0;0;0;0;0;0;0;0;0;0;0;0;0;0;0;0;0;0;0;0;0;0;0;0;0;0;0;0;0;0;0;0;0;0;0;0;0;0;0;0;0;0;0;0;0;0;0;0;0;0;0;0;0;0;0;0;0;0;0;0;0;0;0;0;0;0;0;0;0;0;0;0;0;0;0;0;0;0;0;0;0;0;0;0;0;0;0;0;0;0;0;0;0;0;0;0;0;0;0;0;0;0;0;0;0;0;0;0;0;0;0;0;0;0;0;0;0;0;0;0;0;0;0;0;0;0;0;0;0;0;0;0;0;0;0;0;0;0;0;0;0;0;0;0;0;0;0;0;0
  Республика Коми;328 983 726;61 226 631;19 378 775;4 704 942;281 201 369;64 460 404;18 085 382;4 353 059;69 373;29 361;93 035;67 263;2 219;3 414;49 050 205;2 080 023;85;46 970 182;2 923 206;9 392 903;1 408 935;91;0;0;0;1 463 832;219 520;491 941;10 616;73 791;1 593;416 004;0;0;0;0;0;0;0;416 004;122;0;0;0;0;1 438;395;1 054;188;0;323 254;1 154 221;363 956;300 112;1 083 541;340 359;24 864;90 261;27 287;4 972;18 052;5 457;746;2 708;819;1 723;19 581;3 690;156;31;32;4;6;1;0;0;64 373;0;0;41 477;0;0;22 897;0;0;0;0;0;4 579;0;0;687;0;0;0;0;0;1;0;0;0;0;0;0;0;0;0;0;0;0;0;0;0;0;0;0;0;0;0;0;0;0;0;0;0;0;0;0;0;0;0;0;279 392;0;14 711;270 478;0;14 490;11 621;0;221;349;0;7;2 707;0;0;3;0;0;0;1 350 588;0;1 024 464;0;326 124;0;65 225;0;9 784;0;0;1;2;0;0;0;0;0;0;0;0;0;0;0;0;0;0;0;0;0;0;0;0;0;0;0;0;0;633 490;0;0;484 942;0;0;141;0;0;148 408;0;4 452;0;0;0;0;25 229;0;0;0;0;0;2;0;0;0;0;1 988 323;2 204 611;27 824;137 283;381 394;27 456;4 119;10;3;5;0;0;0;0;0;0;0;0;0;336;0;0;0;336;32 826 716;16 916 684;540 668;18 229;696 083;14 101 420;0;1 512 157;0;0;8 100;2 104 983;0;0;950 847;0;0;0;0;0;0;0;0;0;0;0;0;0;0;0;0;13 500 955;0;0;0;0;0;0;0;0;41;338 459;4 969 135;86;1;17;1 253;1;251;0;0;0;0;0;0;0;0;0;0;0;30 500;2;0;0;0;0;0;0;0;0;0;0;0;0;0;0;0;0;0;0;0;0;0;0;0;0;0;0;0;0;695;1;10 141;2;2 626;1;263;0;0;0;0;0;0;0;0;0;0;0;0;0;7 061;4;19 448;4;597;4;31 164;22;0;0;0;0;70 161;5;68 709;15;2 980;8;14 281;7;1;1;0;514;1;34 136;26;0;0;0;0;0;0;0;0;0;0;0;0;10 114 417;754;519 077;7;0;0;0;433;1;87;7 351;1;1 470;250;1;50;0;0;0;0;0;0;0;0;0;0;0;0;0;0;0;0;0;0;0;0;0;0;0;0;0;0;0;0;0;0;0;0;0;0;0;0;0;0;0;0;0;0;0;0;0;0;0;0;0;0;0;0;0;0;0;0;0;0;0;0;0;0;0;0;0;0;0;0;0;0;0;0;0;0;0;0;0;0;0;0;0;0;0;0;0;0;0;0;0;0;0;0;0;0;0;0;0;0;0;0;0;0;0;0;0;0;0;0;0;0;0;0;0;0;0;0;0;0;0;0;0;0;0;0;0;0;0;0;0;0;0;0;0;0;0;0;0;0;0;0;0;0;0;0;0;0;0;0;0;0;0;0;0;0;0;0;0;0;0;0;0;0;0;0;0;0;0;0;0;0;0;0;0;0;0;0;0;0;0;0;0;0;0;0;0;0;0;0;0;0;0
  Республика Крым;438 175 473;43 149 631;79 489 793;5 415 389;426 257 860;49 779 310;63 153 147;3 330 791;157 538;54 640;3 327 766;0;30 850;133;25 053 277;2 171 511;131;22 881 764;4 490 573;4 576 085;686 444;0;0;0;0;707 123;106 532;880 791;8 769;132 561;1 315;434 303;0;0;0;0;0;0;0;434 303;0;0;0;0;0;4 232;393;2 996;332;0;706 382;2 086 477;0;566 938;1 874 078;0;139 443;212 397;0;27 889;42 479;0;4 183;6 372;0;0;0;0;320;36;0;0;0;0;0;0;0;0;0;0;0;0;0;0;0;0;0;0;0;0;0;0;0;0;0;0;0;0;0;0;0;0;199 151 704;0;0;175 123 939;0;0;3 512 744;0;0;21 187 425;0;0;0;1 305 694;0;0;2 931 791;0;0;635 622;0;0;672 038;0;0;592;0;0;50;0;8 965;0;12 480;6 273;0;8 614;2 692;0;3 866;81;0;116;0;0;0;0;0;0;9 620 863;0;8 620 037;0;1 462 140;0;292 428;0;43 864;0;461 314;0;25;0;3;0;0;0;0;0;0;0;0;0;0;0;0;0;0;0;0;0;0;0;0;0;0;0;0;26 690;0;0;18 515;0;0;0;0;0;8 175;0;245;0;0;0;0;1 390;0;0;0;0;0;1;0;0;0;0;275 189;189 351;0;87 671;1 833;17 534;2 630;22;4;17;0;0;0;0;0;0;0;43 423;43 415;1 503 103;1 505 921;2 500;2 500;42;569;5 116 934;4 498 865;71 544;160 889;336 260;0;827;0;0;0;336 260;0;0;336 117;0;0;0;0;0;0;0;0;0;0;0;0;0;0;0;0;0;0;1 816;0;0;0;0;0;0;39;19 494;393 124;5 256;1;1 051;344;1;69;3 691;2;738;0;0;0;0;0;0;0;0;0;0;0;0;0;0;0;0;0;0;0;0;0;0;0;0;0;0;0;0;0;0;0;0;0;0;0;0;0;0;0;0;0;0;0;0;0;0;0;0;0;0;0;0;0;0;0;0;0;0;0;0;0;0;2 569;1;61;1;0;0;0;0;0;0;17;1;0;0;0;0;0;0;0;0;0;560;1;0;0;0;0;0;0;0;0;0;0;0;0;17 016 069;2 297;215 558;8;0;0;0;0;0;0;0;0;0;0;0;0;0;0;0;0;0;0;0;0;0;0;0;0;0;0;0;0;0;0;0;0;209 202;1;0;0;0;0;0;0;0;0;0;0;0;0;0;0;0;0;0;0;0;0;0;0;0;0;0;0;0;0;0;0;0;0;0;0;0;0;0;0;0;0;0;0;0;0;0;0;0;0;0;0;0;0;0;0;0;0;0;0;0;0;0;0;0;0;0;0;0;0;0;0;0;0;0;0;0;0;0;0;0;0;0;0;0;0;0;0;0;0;0;0;0;0;0;0;0;0;0;0;0;0;0;0;0;0;0;0;0;0;0;0;0;0;0;0;0;0;0;0;0;0;0;0;0;0;0;0;0;0;0;0;0;0;0;0;0;0;0;0;0;0;0;0;0;0;0;0;0;0;0;0;0;0;0;0;0;0;0;0;0;0;0;0;0;0;0;0;0;0;0
  Республика Марий-Эл;215 582 579;10 817 346;5 224 592;279 816;203 037 370;11 553 857;5 830 353;714 528;79 992;2 723;5 110;5 235;109 025;0;11 905 306;170 989;54;11 734 316;1 173 734;2 306 380;352 004;0;0;0;0;305 990;47 146;469 586;5 022;70 427;753;34 198;40 313;3;0;0;0;0;0;74 511;214;0;0;0;0;1 993;188;557;116;0;896 562;1 314 320;0;605 713;1 144 782;0;291 266;169 538;0;58 253;33 908;0;87 380;5 086;0;418;0;0;128;32;0;1;0;0;0;0;0;0;0;0;0;0;0;0;0;0;0;0;0;0;0;0;0;0;0;0;0;0;0;0;0;0;0;0;0;0;0;0;0;0;0;0;0;0;0;0;0;0;0;0;0;0;0;0;0;0;0;0;0;0;0;0;209 448;0;42 015;187 441;0;39 536;22 008;0;2 479;660;0;74;0;0;0;0;0;0;8 410 081;0;7 003 442;0;1 528 884;0;305 777;0;45 867;0;122 246;0;18;0;2;0;0;0;0;0;0;0;0;0;0;0;0;0;0;0;0;0;0;0;0;0;0;0;0;2 419 207;0;0;1 328 544;0;0;0;0;0;1 090 663;0;32 720;0;0;0;0;185 413;0;0;0;0;0;6;0;0;0;0;24 338;27 353;0;0;3 014;0;0;2;2;0;0;0;0;0;0;0;0;347 675;338 083;2 286;3 150;0;0;0;9 619;872 583;634 269;12 427;173 495;0;0;2 060;0;0;0;20;0;0;0;0;0;0;0;0;0;0;0;0;0;0;0;0;0;0;0;0;0;0;0;0;0;0;0;0;25;35 578;840 674;713;2;143;1 572;2;314;0;0;0;0;0;0;0;0;0;0;0;0;0;0;0;0;0;0;0;0;0;0;0;0;0;0;0;0;0;0;0;0;0;0;0;0;0;0;0;0;0;0;0;0;0;0;0;0;1 616;1;215;0;0;0;0;0;0;0;0;0;0;72;1;0;0;6 720;2;7 627;5;0;0;0;0;0;0;5 857;3;0;0;797;1;63 029;2;12 606;0;0;4 658;7;0;0;0;0;0;0;0;0;0;0;0;0;4 262 075;805;80 920;4;0;0;0;0;0;0;0;0;0;0;0;0;0;0;0;0;0;0;0;0;0;0;0;0;0;0;0;0;0;0;0;0;0;0;0;0;0;0;0;0;0;0;0;0;0;0;0;0;0;0;0;0;0;0;0;0;0;0;0;0;0;0;0;0;0;0;0;0;0;0;0;0;0;0;0;0;0;0;0;0;0;0;0;0;0;0;0;0;0;0;0;0;0;0;0;0;0;0;0;0;0;0;0;0;0;0;0;0;0;0;0;0;0;0;0;0;0;0;0;0;0;0;0;0;0;0;0;0;0;0;0;0;0;0;0;0;0;0;0;0;0;0;0;0;0;0;0;0;0;0;0;0;0;0;0;0;0;0;0;0;0;0;0;0;0;0;0;0;0;0;0;0;0;0;0;0;0;0;0;0;0;0;0;0;0;0;0;0;0;0;0;0;0;0;0;0;0;0;0;0;0;0;0
  Республика Мордовия;291 494 597;29 229 346;10 134 855;1 895 992;268 376 092;31 421 669;16 707 191;2 602 636;59 811;107 028;329 018;51 082;39 660;89;16 415 655;1 002 888;82;15 412 767;2 843 107;3 011 633;462 393;0;0;0;0;791 606;123 929;178 086;4 012;26 908;602;200 579;70 922;7;0;0;0;0;0;271 501;0;0;0;0;0;2 036;255;719;215;0;119 623;377 017;0;108 527;355 000;0;11 096;22 017;0;2 219;4 404;0;333;661;0;0;0;0;24;23;0;0;0;0;0;0;2 288 813;0;0;1 741 743;0;0;570 502;0;0;28 525;0;0;85 575;0;0;17 115;0;0;23 454;0;0;12;0;0;5;0;0;0;0;0;0;0;0;0;0;0;0;0;0;0;0;0;0;0;0;0;0;0;0;0;0;0;0;0;0;0;25 891;0;0;22 114;0;0;3 825;0;0;115;0;0;48;0;0;1;0;0;32 253 481;0;23 651 155;0;8 622 654;0;1 724 531;0;258 680;0;20 329;0;42;0;3;0;0;0;0;0;0;0;0;0;0;0;0;0;0;0;0;0;0;0;0;0;0;0;0;338 430;0;0;297 034;0;0;0;0;0;55 639;0;1 669;0;0;0;0;9 459;0;0;14 244;0;0;5;0;0;1;0;42 238;48 035;0;0;5 797;0;0;2;2;0;0;0;0;0;0;0;0;22 746;21 267;201 044;22 693;0;0;178 351;27 184;1 057 284;808 929;131 710;109 712;30;0;6 901;0;0;0;5;0;0;0;0;0;0;0;0;0;0;0;0;0;0;0;0;0;0;0;0;0;0;0;0;0;0;0;0;40;70 230;925 426;0;0;0;0;0;0;0;0;0;0;0;0;0;0;0;0;0;85;1;0;0;0;0;0;0;0;0;0;0;0;0;0;0;0;0;0;684;1;91;0;0;0;0;0;0;0;0;0;0;36;1;0;0;0;0;0;0;0;0;0;0;0;0;0;0;0;0;3 561;1;3 117;1;1 378;3;1 945;5;0;0;0;0;0;0;0;0;0;0;121;1;56;1;11;0;0;1 038;5;0;0;0;0;0;0;0;0;34;1;0;0;9 157 464;940;9 513;4;0;0;0;0;0;0;0;0;0;0;0;0;0;0;0;0;0;0;0;0;0;0;0;0;0;0;0;0;0;0;0;0;0;0;0;0;0;0;0;0;0;0;0;0;0;0;0;0;0;0;0;0;0;0;0;0;0;0;0;0;0;0;0;0;0;0;0;0;0;0;0;0;0;0;0;0;0;0;0;0;0;0;0;0;0;0;0;0;0;0;0;0;0;0;0;0;0;0;0;0;0;0;0;0;0;0;0;0;0;0;0;0;0;0;0;0;0;0;0;0;0;0;0;0;0;0;0;0;0;0;0;0;0;0;0;0;0;0;0;0;0;0;0;0;0;0;0;0;0;0;0;0;0;0;0;0;0;0;0;0;0;0;0;0;0;0;0;0;0;0;0;0;0;0;0;0;0;0;0;0;0;0;0;0;0;0;0;0;0;0;0;0;0;0;0;0;0;0;0;0;0;0;0
  Республика Саха (Якутия);710 029 964;94 963 452;100 294 414;22 584 811;491 141 819;116 149 725;81 707 715;14 430 012;428 779;324 365;18 430 228;1 292 606;178 225;0;219 157 146;7 665 376;73;211 491 770;13 981 637;40 783 043;6 332 571;0;0;0;0;6 722 890;1 028 619;365 693;17 406;54 854;2 611;1 533 075;1 503 129;1;0;0;0;0;0;3 036 204;0;0;0;0;0;1 619;630;2 276;300;0;392 715;993 969;0;373 829;759 762;0;23 720;239 159;0;4 744;47 832;0;712;7 175;0;4 834;4 952;0;155;32;0;3;1;0;19 670 753;51 148 663;44 880 298;12 999 728;38 638 527;36 401 040;6 325 914;13 573 892;8 678 332;578 526;1 357 389;0;686 657;1 357 389;1 735 667;189 778;407 217;260 349;1 914 492;1 254 853;202 878;10;6;22;1;2;7;0;0;0;0;0;0;0;0;0;0;0;0;0;0;0;0;0;0;0;0;0;0;0;0;0;0;0;0;0;0;0;35 348;0;0;34 595;0;0;753;0;0;23;0;0;0;0;0;0;0;0;180 564;0;188 012;0;0;0;0;0;0;0;7 447;0;11;0;4;0;0;0;0;0;0;0;0;0;0;0;0;0;0;0;0;0;0;0;0;0;0;0;0;2 592 132;0;0;2 294 803;0;0;0;0;0;297 329;0;8 920;0;0;0;0;50 546;0;0;0;0;0;2;0;0;0;0;1 192 540;947 579;0;244 961;0;48 992;7 349;5;0;2;0;0;0;0;0;0;0;8 101 918;8 258 067;4 691 598;4 730 865;0;0;59 602;6 525 374;103 176 917;40 931 804;378 942;1 344 815;14 092 460;6 848;23 075;0;8 440 076;5 645 536;23 075;0;0;15 375;0;0;0;0;5 645 536;0;0;0;0;0;0;0;0;0;0;0;8 440 076;0;4 370;0;0;0;0;0;0;52;198 628;9 126 017;0;0;0;0;0;0;17 880;2;3 576;0;0;0;0;0;0;0;0;1 393 970;3;55 942;1;0;0;0;0;0;0;0;0;0;118 273;1;11 827;0;0;0;0;0;0;0;0;0;0;0;0;0;0;0;0;0;0;0;0;0;0;0;0;0;0;0;0;0;0;0;0;0;0;42 046;6;2 829;2;11 553;5;178 104;18;0;0;0;0;541 834;3;31 126;8;2 855;6;16 992;5;19 811;4;3 962;990;2;115 223;19;0;0;0;0;0;0;0;0;0;0;0;0;43 291 459;944;3 337 173;9;0;0;0;0;0;0;0;0;0;0;0;0;0;0;0;0;0;0;0;0;0;0;0;0;0;0;0;0;0;0;0;0;0;0;0;0;0;0;0;0;0;0;0;0;0;0;0;0;0;0;0;0;0;0;0;0;0;0;0;0;0;0;0;0;0;0;0;0;0;0;0;0;0;0;0;0;0;0;0;0;0;0;0;0;0;0;0;0;0;0;0;0;0;0;0;0;0;0;0;0;0;0;0;0;0;0;0;0;0;0;0;0;0;0;0;0;0;0;0;0;0;0;0;0;0;0;0;0;0;0;0;0;0;0;0;0;0;0;0;0;0;0;0;0;0;0;0;0;0;0;0;0;0;0;0;0;0;0;0;0;0;0;0;0;0;0;0;0;0;0;0;0;0;0;0;0;0;0;0;0;0;0;0;0;0;0;0;0;0;0;0;0;0;0;0;0;0;0;0;0;0;0;0
  Республика Северная Осетия-Алания;50 835 636;9 989 899;1 199 485;2 159 580;48 023 813;13 034 796;1 265 368;2 291 643;4 329;1 824;381;0;0;0;2 749 888;48 332;16;2 701 556;3 175 136;540 311;81 047;0;855;3 683;2;86 136;12 930;90 674;10 935;13 725;1 640;9 666;497;6;0;0;0;0;0;14 701;0;0;0;0;0;742;145;735;365;0;198 163;412 547;331 975;128 613;328 817;149 246;69 550;83 730;182 729;13 910;16 746;36 546;2 086;2 512;5 482;0;0;0;5;7;2;0;0;0;0;0;0;0;0;0;0;0;0;0;0;0;0;0;0;0;0;0;0;0;0;0;0;0;0;0;0;0;0;0;0;0;0;0;0;0;0;0;0;0;0;0;0;0;0;0;0;0;0;0;0;0;0;0;0;0;0;0;0;0;0;0;0;0;0;0;0;0;0;0;0;0;0;0;0;0;1 233 907;0;1 025 498;0;255 026;0;51 005;0;7 651;0;46 617;0;8;0;1;0;0;0;0;0;0;0;0;0;0;0;0;0;0;0;0;0;0;0;0;0;0;0;0;0;0;0;0;0;0;0;0;0;0;0;0;0;0;0;0;0;0;0;0;0;0;0;0;0;0;0;0;0;0;0;0;0;0;0;0;0;0;0;0;0;0;0;0;0;0;0;0;0;0;0;0;27 899;1 250;61;26 084;0;0;0;0;0;0;0;0;0;0;0;0;0;0;0;0;0;0;0;0;0;0;0;0;0;0;0;0;0;0;0;0;0;0;0;3;68;9 765;0;0;0;0;0;0;0;0;0;0;0;0;0;0;0;0;0;0;0;0;0;0;0;0;0;0;0;0;0;0;0;0;0;0;0;0;0;0;0;0;0;0;0;0;0;0;0;0;0;0;0;0;0;0;0;0;0;0;0;0;0;0;0;0;0;0;0;0;0;0;0;0;0;0;0;0;0;0;0;0;0;0;0;0;0;0;0;0;0;0;0;0;0;0;0;0;0;0;0;0;0;0;0;0;0;0;1 464 558;328;0;0;0;0;0;0;0;0;0;0;0;0;0;0;0;0;0;0;0;0;0;0;0;0;0;0;0;0;0;0;0;0;0;0;0;0;0;0;0;0;0;0;0;0;0;0;0;0;0;0;0;0;0;0;0;0;0;0;0;0;0;0;0;0;0;0;0;0;0;0;0;0;0;0;0;0;0;0;0;0;0;0;0;0;0;0;0;0;0;0;0;0;0;0;0;0;0;0;0;0;0;0;0;0;0;0;0;0;0;0;0;0;0;0;0;0;0;0;0;0;0;0;0;0;0;0;0;0;0;0;0;0;0;0;0;0;0;0;0;0;0;0;0;0;0;0;0;0;0;0;0;0;0;0;0;0;0;0;0;0;0;0;0;0;0;0;0;0;0;0;0;0;0;0;0;0;0;0;0;0;0;0;0;0;0;0;0;0;0;0;0;0;0;0;0;0;0;0;0;0;0;0;0;0;0
  Республика Татарстан;5 011 064 737;432 549 577;326 354 309;361 097 873;4 621 520 778;479 720 206;227 931 893;289 117 058;3 058 317;2 085 847;28 885 196;74 182 817;283 105;6 578;462 066 456;21 282 583;552;440 783 874;47 216 026;85 158 051;13 040 421;283 713;0;0;0;10 109 878;1 554 618;2 459 110;125 912;387 548;18 998;4 256 516;26 433;2;182 603;2 789 195;45;0;0;7 254 747;0;0;0;0;0;27 186;2 561;12 647;2 023;0;3 127 020;9 798 477;0;2 790 721;8 195 876;0;438 009;1 667 272;0;87 602;333 454;0;13 141;50 017;0;101 708;64 671;0;252;130;0;4;5;0;0;0;49 560 666;0;0;45 346 205;0;0;4 770 573;0;0;239 728;0;0;713 668;0;0;142 398;0;0;751 596;0;0;81;0;0;27;0;0;252 468 001;0;0;241 512 914;0;0;0;0;0;10 955 087;0;0;0;761 536;0;0;1 429 482;0;0;328 653;0;0;0;0;0;2;0;0;0;36 861;0;44 559;34 152;0;29 740;2 709;0;14 819;81;0;445;0;0;0;0;0;0;71 772 510;0;63 216 279;0;9 559 940;0;1 911 988;0;286 798;0;1 003 709;0;197;0;25;0;0;0;0;0;0;0;0;0;0;0;0;0;0;0;0;0;0;0;0;0;0;0;0;6 535 087;0;0;6 679 372;0;0;0;0;0;664 345;0;19 930;0;0;0;0;112 939;0;0;808 631;0;0;36;0;0;9;0;11 491 354;11 727 517;1 031;517 059;754 253;103 412;15 512;29;11;5;0;0;0;0;0;0;0;11 399 281;10 401 990;17 728 560;17 783 052;0;0;277 908;31 075 013;147 584 690;85 965 305;23 421 908;26 750 007;10 920 307;5 128 188;320 926;0;2 042 018;1 155 155;2 253 380;0;0;1 964 783;0;0;0;3 243;0;40 320;979 000;146;401 917;7 169;50 026;355 295;0;0;0;0;1 898 565;24 281;322 772;0;0;3 015;5;0;0;392;3 729 134;18 139 741;29 109;2;5 822;0;0;0;0;0;0;0;0;0;0;0;0;0;0;71 127;14;1 132;2;0;0;0;293 855;3;29 386;0;0;0;61 335;1;6 133;0;0;0;13 221 953;7;1 762 927;0;0;0;0;0;0;0;0;0;0;2 856;5;0;0;0;0;0;0;0;0;13 164;1;2 633;0;0;0;0;0;121 976;17;24 012;15;330 158;28;192 605;79;3 392 105;5;71 307;22;246 547;57;637 989;115;34 805;39;18 371;10;68 231;11;13 645;22 063;8;177 114;132;0;0;0;0;215;1;19 595;1;1 842;2;0;0;133 428 535;10 562;6 302 710;42;0;0;0;10 696;7;2 140;2 930;1;586;30;1;6;0;0;0;0;0;0;0;0;693;1;0;0;0;0;0;0;0;0;0;0;138 577;1;0;0;0;0;0;0;0;0;0;0;0;0;0;0;0;22 516;2;0;0;0;0;0;0;0;0;0;0;0;0;0;0;0;0;0;0;0;0;0;0;0;0;0;0;0;0;0;0;0;0;0;0;0;0;0;0;0;0;0;0;0;0;0;0;0;0;0;0;0;0;0;0;0;0;0;0;0;0;0;0;0;0;0;0;0;0;0;0;0;0;0;0;0;0;0;0;0;0;0;0;0;0;0;0;0;0;0;0;0;0;0;0;0;0;0;0;0;0;0;0;0;0;0;0;0;0;0;0;0;0;0;0;0;0;0;0;0;0;0;0;0;0;0;0;0;0;0;0;0;0;0;0;0;0;0;0;0;0;0;0;0;0;0;0;0;0;0;0;0;0
  Республика Тыва;9 537 953;8 370 133;3 034 673;822 196;8 973 996;9 426 164;2 226 273;1 013 359;3 796;472 702;0;0;0;0;1 376 153;37 357;5;1 338 796;774 491;267 759;40 164;0;0;0;0;77 604;11 641;4 623;2 100;693;315;7 471;0;0;0;0;0;0;0;7 471;0;0;0;0;0;230;50;38;38;0;146 386;4 373;0;146 386;4 373;0;0;0;0;0;0;0;0;0;0;0;0;0;34;1;0;0;0;0;12 609 222;2 936 966;0;6 077 524;2 466 406;0;6 531 698;767 223;0;653 170;130 428;0;653 170;23 017;0;195 951;23 017;0;0;547 639;0;1;2;0;0;1;0;0;0;0;0;0;0;0;0;0;0;0;0;0;0;0;0;0;0;0;0;0;0;0;0;0;0;0;0;0;0;0;0;0;0;0;0;0;0;0;0;0;0;0;0;0;0;0;0;0;0;0;0;0;0;0;0;0;0;0;0;0;0;0;0;0;0;0;0;0;0;0;0;0;0;0;0;0;0;0;0;0;0;0;0;0;0;0;0;0;0;0;0;0;0;0;0;0;0;0;0;0;0;0;0;0;0;0;0;0;0;0;0;0;0;0;0;0;0;0;0;0;0;0;0;0;0;0;0;0;0;0;0;0;0;0;0;0;0;0;0;400 000;400 000;0;0;0;0;0;0;0;0;0;0;0;0;0;0;0;0;0;0;0;0;0;0;0;0;0;0;0;0;1 178 080;3 986 041;0;0;0;0;0;0;0;4;3 524;70 470;0;0;0;0;0;0;0;0;0;0;0;0;0;0;0;0;0;0;0;0;0;0;0;0;0;0;0;0;0;0;0;0;0;0;0;0;0;0;0;0;0;0;0;0;0;0;0;0;0;0;0;0;0;0;0;0;0;0;0;0;0;0;0;0;0;0;0;660;1;0;0;194;1;572;1;0;0;0;0;0;0;71;1;0;0;0;0;0;0;0;0;0;793;1;0;0;0;0;0;0;0;0;0;0;0;0;1 669 008;67;146 726;2;0;0;0;0;0;0;30;1;6;0;0;0;0;0;0;0;0;0;0;0;0;0;0;0;0;0;0;0;0;0;0;0;0;0;0;0;0;0;0;0;0;0;0;0;0;0;0;0;0;0;0;0;0;0;0;0;0;0;0;0;0;0;0;0;0;0;0;0;0;0;0;0;0;0;0;0;0;0;0;0;0;0;0;0;0;0;0;0;0;0;0;0;0;0;0;0;0;0;0;0;0;0;0;0;0;0;0;0;0;0;0;0;0;0;0;0;0;0;0;0;0;0;0;0;0;0;0;0;0;0;0;0;0;0;0;0;0;0;0;0;0;0;0;0;0;0;0;0;0;0;0;0;0;0;0;0;0;0;0;0;0;0;0;0;0;0;0;0;0;0;0;0;0;0;0;0;0;0;0;0;0;0;0;0;0;0;0;0;0;0;0;0;0;0;0;0;0;0;0;0;0;0;0
  Удмуртская Республика;842 062 689;70 879 757;130 133 867;4 871 229;773 434 707;76 440 169;119 616 254;5 891 650;85 022;71 661;2 342 541;2 319 071;91 932;9 012;76 804 641;3 317 258;199;73 500 749;8 837 246;14 698 951;2 204 842;0;16 496;85 652;6;1 139 478;170 844;1 420 639;8 031;214 064;1 215;663 451;13;1;0;0;0;0;0;765 612;0;0;0;0;0;8 027;837;3 236;682;0;628 208;3 043 999;262 689;573 634;2 308 702;221 493;55 458;739 975;5 876;11 092;147 995;1 175;1 664;22 199;176;884;4 677;4 462;152;52;11;4;2;2;0;0;1 484 771;0;0;1 326 086;0;0;217 172;0;0;11 413;0;0;31 883;0;0;6 377;0;0;60 524;0;0;33;0;0;14;0;0;7 574 159;0;0;7 238 253;0;0;0;0;0;335 906;0;0;0;45 347;0;0;21 834;0;0;10 077;0;0;0;0;0;1;0;0;0;26 355;0;114 347;23 631;0;90 644;2 724;0;23 512;82;0;705;0;0;0;0;0;0;20 197 547;0;18 154 314;0;2 285 544;0;457 109;0;68 566;0;242 310;0;55;0;3;0;0;0;0;0;0;0;0;0;0;0;0;0;0;0;0;0;0;0;0;0;0;0;0;1 549 981;0;0;1 283 002;0;0;1 954;0;0;265 025;0;7 951;0;0;0;0;45 054;0;0;0;0;0;9;0;0;0;0;34 947;41 084;0;0;6 137;0;0;1;1;2;0;0;0;0;0;0;0;35 552 276;35 010 814;478 047;801 979;0;0;8 516;1 100;6 189 708;4 588 802;354 973;1 124 478;2 091;0;118 180;0;0;0;118 097;0;0;0;0;0;0;0;0;0;0;0;0;0;0;0;0;0;13;0;0;0;1 222;0;0;18 663;3;0;0;115;409 624;3 747 498;571;1;114;66;1;13;12;1;2;0;0;0;0;0;0;0;0;21 215;4;0;0;0;0;0;0;0;0;0;0;0;67 930;1;6 793;0;0;0;1 457;1;194;0;0;0;0;0;0;0;0;19 175;1;1 209;4;0;0;0;0;0;0;0;0;0;0;0;0;0;0;0;0;6 159;12;0;0;7 191;10;53 654;37;0;0;0;0;113 980;11;160 335;28;6 130;22;35 008;19;17 082;3;3 417;4 312;4;54 723;49;0;0;0;0;0;0;0;0;2 613;1;0;0;37 917 531;2 832;279 110;18;0;0;0;10 242;2;2 048;0;0;0;0;0;0;0;0;0;0;0;0;0;0;0;0;0;0;0;0;0;0;0;0;0;0;0;0;0;0;0;0;0;0;99 592;1;0;0;0;0;0;0;0;0;0;0;0;0;0;0;0;0;0;0;0;0;0;0;0;0;0;0;0;0;0;0;0;0;0;0;0;0;0;0;0;0;0;0;0;0;0;0;0;0;0;0;0;0;0;0;0;0;0;0;0;0;0;0;0;0;0;0;0;0;0;0;0;0;0;0;0;0;0;0;0;0;0;0;0;0;0;0;0;0;0;0;0;0;0;0;0;0;0;0;0;0;0;0;0;0;0;0;0;0;0;0;0;0;0;0;0;0;0;0;0;0;0;0;0;0;0;0;0;0;0;0;0;0;0;0;0;0;0;0;0;0;0;0;0;0;0;0;0;0;0;0;0;0;0;0;0;0;0;0;0;0;0
  Республика Хакасия;202 286 282;15 089 056;9 723 933;791 263;169 352 060;15 781 514;8 914 941;1 101 403;78 494;10 280;1 038 692;0;0;136;32 785 543;4 555 292;49;28 230 251;992 452;5 646 051;846 908;0;0;0;0;1 307 253;196 089;73 090;6 579;11 102;987;911 058;0;0;0;0;0;0;0;911 058;0;0;0;0;0;1 103;159;930;67;0;233 274;606 411;0;223 731;565 405;0;9 543;41 232;0;1 909;8 246;0;286;1 237;0;0;226;0;102;18;0;0;1;0;0;0;0;0;0;0;0;0;0;0;0;0;0;0;0;0;0;0;0;0;0;0;0;0;0;0;0;0;0;0;0;0;0;0;0;0;0;0;0;0;0;0;0;0;0;0;0;0;0;0;0;0;0;0;0;0;0;0;1 197;0;0;1 197;0;0;0;0;0;0;0;0;0;0;0;0;0;0;490 117;0;417 436;0;73 129;0;14 626;0;2 194;0;448;0;9;0;1;0;0;0;0;0;0;0;0;0;0;0;0;0;0;0;0;0;0;0;0;0;0;0;0;0;0;0;0;0;0;0;0;0;0;0;0;0;0;0;0;0;0;0;0;0;0;0;0;0;0;0;0;0;0;0;0;0;0;0;0;0;0;0;0;0;0;0;0;0;0;1 927;0;0;0;1 927;0;3 412 553;3 356 696;5 110;50 747;0;0;0;0;0;0;0;0;0;0;0;0;0;0;0;0;0;0;0;0;0;0;0;0;0;0;0;0;0;0;0;0;0;0;0;31;87 083;899 539;0;0;0;0;0;0;0;0;0;0;0;0;0;0;0;0;0;379 286;2;162;1;0;0;0;0;0;0;0;0;0;0;0;0;0;0;0;0;0;0;0;0;0;0;0;0;0;0;0;0;0;0;0;0;0;0;0;0;0;0;0;0;0;0;0;0;0;0;24 123;8;68 987;1;2 297;8;9 693;8;216;1;0;0;0;0;17 273;9;541;5;27 775;1;3 111;1;622;0;0;10 428;9;0;0;0;0;0;0;0;0;0;0;0;0;6 237 659;440;0;0;0;0;0;1 932;1;386;14 331;3;2 866;102 763;1;20 553;0;0;0;0;0;0;0;0;0;0;0;0;0;0;0;0;0;0;0;0;0;0;0;0;0;0;0;0;0;0;0;0;0;0;0;0;0;0;0;0;0;0;0;0;0;0;0;0;0;0;0;0;0;0;0;0;0;0;0;0;0;0;0;0;0;0;0;0;0;0;0;0;0;0;0;0;0;0;0;0;0;0;0;0;0;0;0;0;0;0;0;0;0;0;0;0;0;0;0;0;0;0;0;0;0;0;0;0;0;0;0;0;0;0;0;0;0;0;0;0;0;0;0;0;0;0;0;0;0;0;0;0;0;0;0;0;0;0;0;0;0;0;0;0;0;0;0;0;0;0;0;0;0;0;0;0;0;0;0;0;0;0;0;0;0;0;0;0;0;0;0;0;0;0;0;0;0;0;0;0;0;0;0;0;0;0;0;0;0;0;0
  Чеченская Республика;129 497 045;21 016 275;3 972 616;1 439 035;125 912 729;25 014 085;3 721 787;1 733 472;4 057;2 489;73 900;0;0;0;4 130 289;144 549;12;3 985 740;4 289 757;784 235;118 386;69;1;3;1;77 220;12 307;241 130;5 759;36 174;864;28 910;11 728;9;0;0;0;0;0;40 642;-1;0;0;0;0;1 039;86;1 203;498;0;515 199;104 456;0;213 155;100 800;0;303 037;3 656;0;60 411;720;0;9 062;108;0;993;0;0;53;8;0;2;0;0;0;0;0;0;0;0;0;0;0;0;0;0;0;0;0;0;0;0;0;0;0;0;0;0;0;0;0;0;0;0;0;0;0;0;0;0;0;0;0;0;0;0;0;0;0;0;0;0;0;0;0;0;0;0;0;0;0;0;0;0;8 375;0;0;8 598;0;0;0;0;0;0;0;0;223;0;0;1;1 503 801;0;1 769 059;0;93 191;0;18 638;0;2 796;0;358 449;0;16;0;4;0;0;0;0;0;0;0;0;0;0;0;0;0;0;0;0;0;0;0;0;0;0;0;0;0;0;0;0;0;0;0;0;0;0;0;0;0;0;0;0;0;0;0;0;0;0;0;0;0;0;0;0;0;0;0;0;0;0;0;0;1;0;0;0;0;0;0;0;0;0;366 086;0;0;0;366 086;0;2 920;2 920;0;0;0;0;0;0;0;0;0;0;0;1 106;0;0;0;0;0;0;0;0;0;0;0;0;0;0;0;0;0;0;0;4;1;0;0;0;0;3;0;14 018;0;0;0;0;0;0;0;0;0;0;0;0;0;0;0;0;0;0;0;0;0;0;0;0;0;0;0;0;0;0;0;0;0;0;0;0;0;0;0;0;0;0;0;0;0;0;0;0;0;0;0;0;0;0;0;0;0;0;0;0;0;0;0;0;0;0;0;0;0;0;0;0;0;0;0;0;0;0;0;0;0;0;0;0;0;0;0;0;0;0;0;0;0;0;0;0;0;0;0;0;0;0;0;0;0;0;2 951 623;223;12 773;1;0;0;0;0;0;0;0;0;0;0;0;0;0;0;0;0;0;0;0;0;0;0;0;0;0;0;0;0;0;0;0;0;0;0;0;0;0;0;0;0;0;0;0;0;0;0;0;0;0;0;0;0;0;0;0;0;0;0;0;0;0;0;0;0;0;0;0;0;0;0;0;0;0;0;0;0;0;0;0;0;0;0;0;0;0;0;0;0;0;0;0;0;0;0;0;0;0;0;0;0;0;0;0;0;0;0;0;0;0;0;0;0;0;0;0;0;0;0;0;0;0;0;0;0;0;0;0;0;0;0;0;0;0;0;0;0;0;0;0;0;0;0;0;0;0;0;0;0;0;0;0;0;0;0;0;0;0;0;0;0;0;0;0;0;0;0;0;0;0;0;0;0;0;0;0;0;0;0;0;0;0;0;0;0;0;0;0;0;0;0;0;0;0;0;0;0;0;0;0;0;0;0;0
  Чувашская Республика;350 037 587;25 623 935;10 449 963;1 890 612;324 712 921;27 643 543;8 844 924;2 276 468;199 791;54 454;2 115 681;424 493;6 791;0;25 040 459;1 391 792;122;23 648 667;2 774 099;4 716 651;709 458;0;0;0;0;695 928;104 337;318 840;10 398;48 431;1 560;278 358;13 071;1;0;0;0;0;0;291 429;0;0;0;0;0;3 899;280;1 073;549;0;1 156 030;1 668 385;0;1 060 191;1 553 303;0;95 839;115 082;0;19 168;23 016;0;2 875;3 452;0;0;0;0;120;24;0;0;0;0;0;0;291 702;0;0;285 660;0;0;6 042;0;0;302;0;0;906;0;0;181;0;0;0;0;0;2;0;0;0;0;0;0;0;0;0;0;0;0;0;0;0;0;0;0;0;0;0;0;0;0;0;0;0;0;0;0;0;0;0;0;27 615;0;0;27 574;0;0;498;0;0;15;0;0;457;0;0;1;0;0;1 398 180;0;959 143;0;439 102;0;87 820;0;13 173;0;65;0;12;0;1;0;0;0;0;0;0;0;0;0;0;0;0;0;0;0;0;0;0;0;0;0;0;0;0;1 336 003;0;0;671 999;0;0;0;0;0;673 121;0;20 194;0;0;0;0;114 431;0;0;9 117;0;0;4;0;0;1;0;34 352;38 120;0;0;3 768;0;0;1;1;1;0;0;0;0;0;0;0;823 094;792 658;2 379 951;2 346 041;0;0;34 842;0;5 047 397;2 280 067;954 301;1 771 473;40 000;0;1 181;0;39 600;0;1 562;0;0;0;0;0;0;0;0;0;0;0;39 600;400;0;0;0;0;0;0;0;0;0;0;0;7 683;2;0;0;86;71 553;483 038;530;2;106;264;1;53;0;0;0;0;0;0;0;0;0;0;0;0;0;0;0;0;0;0;0;0;0;0;0;0;0;0;0;0;0;0;30 042;1;4 006;0;0;0;0;0;0;0;0;0;0;0;0;0;0;0;0;0;0;0;0;0;0;0;0;0;0;0;0;3 131;6;2 717;3;93 493;8;7 595;13;35;1;0;0;206;1;8 573;7;330;8;1 049;3;39;1;8;0;0;6 781;16;0;0;0;0;0;0;0;0;0;0;0;0;7 172 515;1 789;25 395;4;0;0;0;0;0;0;0;0;0;0;0;0;0;0;0;0;0;0;0;0;0;0;0;0;0;0;0;0;0;0;0;0;0;0;0;0;0;0;0;0;0;0;0;0;0;0;0;0;0;0;0;0;0;0;0;0;0;0;0;0;0;0;0;0;0;0;0;0;0;0;0;0;0;0;0;0;0;0;0;0;0;0;0;0;0;0;0;0;0;0;0;0;0;0;0;0;0;0;0;0;0;0;0;0;0;0;0;0;0;0;0;0;0;0;0;0;0;0;0;0;0;0;0;0;0;0;0;0;0;0;0;0;0;0;0;0;0;0;0;0;0;0;0;0;0;0;0;0;0;0;0;0;0;0;0;0;0;0;0;0;0;0;0;0;0;0;0;0;0;0;0;0;0;0;0;0;0;0;0;0;0;0;0;0;0;0;0;0;0;0;0;0;0;0;0;0;0;0;0;0;0;0;0
  Алтайский край;889 679 900;67 836 889;24 319 017;2 057 131;838 491 188;71 364 772;22 058 606;2 497 328;596 240;71 962;1 910 094;78 637;20 128;1 551;52 118 802;2 155 924;218;49 962 878;3 976 305;9 992 575;1 498 885;0;0;0;0;1 359 115;203 868;689 719;14 310;103 457;2 146;431 185;0;0;0;0;0;16;1;431 201;0;0;0;0;0;9 324;789;4 338;384;0;1 046 708;2 875 095;0;1 019 789;2 474 327;0;27 132;413 816;0;5 426;82 763;0;814;12 414;0;213;13 277;0;136;77;0;3;2;0;0;0;2 134 830;0;0;2 030 033;0;0;202 802;0;0;10 140;0;0;30 420;0;0;6 084;0;0;98 005;0;0;11;0;0;3;0;0;0;0;0;0;0;0;0;0;0;0;0;0;0;0;0;0;0;0;0;0;0;0;0;0;0;0;0;0;0;53 672;0;0;54 319;0;0;0;0;0;0;0;0;647;0;0;1;0;0;40 197 675;0;25 096 106;0;15 375 575;0;3 075 115;0;461 267;0;274 006;0;278;0;15;0;0;0;0;0;0;0;0;0;0;0;0;0;0;0;0;0;0;0;0;0;0;0;0;260 748;0;0;166 700;0;0;0;0;0;94 048;0;2 821;0;0;0;0;15 988;0;0;0;0;0;4;0;0;0;0;38 913;39 860;0;4 109;5 056;822;123;3;1;1;0;0;0;0;0;0;0;679 934;691 689;547 220;543 559;0;0;3 661;226 956;29 309 483;27 015 120;515 202;1 338 954;60 549;0;336 904;0;0;0;60 549;0;0;60 549;0;0;0;0;0;0;0;0;1 004;0;0;0;0;0;0;0;0;0;0;0;0;0;0;0;0;108;288 783;675 956;142;1;28;194;1;39;24;1;5;0;0;0;0;0;0;0;0;251 972;2;0;0;0;0;0;0;0;0;0;0;0;2 236;1;224;0;0;0;6 141;1;819;0;0;0;0;0;0;0;0;0;0;769;3;0;0;0;0;0;0;0;0;0;0;0;0;0;0;0;0;28 455;9;26 219;4;10 983;11;8 172;21;0;0;0;0;2 429;1;38 650;19;245;2;1 230;2;253;2;51;0;0;12 801;23;0;0;0;0;0;0;0;0;0;0;0;0;18 430 537;3 161;266 409;23;0;0;0;0;0;0;2 598;3;520;0;0;0;0;0;0;0;0;0;0;0;0;0;0;0;0;0;0;0;0;0;0;0;0;0;0;0;0;0;0;0;0;0;0;0;0;0;0;0;0;0;0;0;0;0;0;0;0;0;0;0;0;0;0;0;0;0;0;0;0;0;0;0;0;0;0;0;0;0;0;0;0;0;0;0;0;0;0;0;0;0;0;0;0;0;0;0;0;0;0;0;0;0;0;0;0;0;0;0;0;0;0;0;0;0;0;0;0;0;0;0;0;0;0;0;0;0;0;0;0;0;0;0;0;0;0;0;0;0;0;0;0;0;0;0;0;0;0;0;0;0;0;0;0;0;0;0;0;0;0;0;0;0;0;0;0;0;0;0;0;0;0;0;0;0;0;0;0;0;0;0;0;0;0;0;0;0;0;0;0;0;0;0;0;0;0;0;0;0;0;0;0;0;0
  Краснодарский край;4 721 830 433;320 776 866;313 882 665;92 147 697;4 390 652 771;347 624 806;249 769 396;95 314 535;1 017 125;277 169;22 725 548;4 669 921;206 842;0;373 377 870;25 319 254;865;348 058 619;33 613 245;69 535 807;10 441 612;49 394;110 144;760 681;9;8 636 438;1 309 681;3 534 898;50 095;527 538;7 516;5 063 851;75 913;3;0;0;0;0;0;6 010 589;81 033;0;0;0;0;17 535;3 783;8 520;1 967;0;4 166 024;17 153 729;301 715;3 763 693;13 759 024;242 062;415 951;3 440 524;59 653;83 191;688 105;11 931;12 478;103 215;1 790;13 621;68 555;0;955;180;4;51;18;0;0;0;0;0;0;0;0;0;0;0;0;0;0;0;0;0;0;0;0;0;0;0;0;0;0;0;0;0;0;0;0;0;0;0;0;0;0;0;0;0;0;0;0;0;0;0;0;0;0;0;0;0;0;0;0;0;0;0;1 020 213;0;0;818 560;0;0;202 325;0;0;6 070;0;0;672;0;0;2;0;0;93 770 810;0;62 284 648;0;32 509 911;0;6 501 982;0;975 297;0;1 023 750;0;212;0;21;0;0;0;0;0;0;0;0;0;0;0;0;0;0;0;0;0;0;0;0;0;0;0;0;4 514 818;0;0;3 924 088;0;0;0;0;0;591 136;0;17 734;0;0;0;0;100 493;0;0;405;0;0;11;0;0;1;0;10 416 307;5 042 678;2 621 595;2 796 687;57 117;651 184;175 748;25;15;24;0;0;0;0;0;0;0;194 809 682;192 119 568;1 295 679;1 281 556;9 429 259;8 653 219;795 343;367 342;148 955 221;92 279 316;4 678 976;3 841 315;47 837 858;217 985;73 194;0;13 680 976;3 974 840;29 269 858;0;0;5 223 677;0;9 308 108;4 501 678;1 050 391;1 220 832;0;3 842 406;8 553 188;1 434 440;927 215;491 565;0;0;0;54 076;0;373 780;12 929 316;11 338;0;0;560;1;0;0;263;1 220 929;9 971 083;13 968;2;2 794;9 129;7;1 826;0;0;0;0;0;0;0;0;0;0;0;242 868;5;16 813;3;0;0;0;0;0;0;0;0;0;27 481;2;2 748;36;1;4;16 872;4;2 250;0;0;0;0;0;0;0;0;53 045;2;157 078;6;0;0;0;0;0;0;0;0;0;0;0;0;0;0;1 457;1;534 283;11;7 817;5;90 799;18;24 433;28;0;0;0;0;114 992;8;90 716;28;14 669;15;3 184;7;7 126;4;1 425;3 615;1;134 055;44;0;0;0;0;0;0;458;1;103 327;4;0;0;94 780 904;9 894;1 216 114;30;0;0;0;0;0;0;2 238;1;448;0;0;0;0;0;0;0;0;0;0;0;0;0;0;0;0;0;0;0;440 517;3;0;0;152 628;2;0;0;0;0;0;0;0;0;0;0;0;0;0;0;0;0;0;0;0;0;0;0;0;0;0;0;0;0;0;0;0;0;0;0;0;0;0;0;0;0;0;0;0;0;0;0;0;0;0;0;0;0;0;0;0;0;0;0;0;0;0;0;0;0;0;0;0;0;0;0;0;0;0;0;0;0;0;0;0;0;0;0;0;0;0;0;0;0;0;0;0;0;0;0;0;0;0;0;0;0;0;0;0;0;0;0;0;0;0;0;0;0;0;0;0;0;0;0;0;0;0;0;0;0;0;0;0;0;0;0;0;0;0;0;0;0;0;0;0;0;0;0;0;0;0;0;0;0;0;0;0;0;0;0;0;0;0;0;0;0;0;0;0;0;0;0;0;0;0
  Красноярский край;3 818 009 880;134 498 295;365 109 515;19 776 972;2 822 948 403;159 431 846;349 543 167;39 251 653;469 239;409 217;212 713 600;4 066 472;547 549;53 103;818 784 420;19 614 157;336;799 170 264;48 118 589;159 291 462;23 975 108;0;0;0;0;34 491 054;5 203 845;4 030 904;102 341;604 636;15 352;3 922 832;546 604;2;0;0;0;0;0;4 469 436;81;0;0;0;0;11 618;1 481;5 637;1 018;0;1 516 697;6 027 877;0;1 517 942;4 849 404;0;40 097;1 367 941;0;8 019;273 589;0;1 203;41 038;0;41 342;189 469;0;629;100;0;25;5;0;0;235 955;25 971;0;96 319;25 971;0;139 636;0;0;23 738;0;0;4 189;0;0;4 189;0;0;0;0;0;1;4;0;0;0;0;0;0;0;0;0;0;0;0;0;0;0;0;0;0;0;0;0;0;0;0;0;0;0;0;0;0;0;0;0;0;468 054;0;67 786;383 903;0;68 585;84 161;0;872;2 525;0;26;10;0;1 670;2;0;2;32 006 640;0;23 835 156;0;8 223 962;0;1 644 792;0;246 719;0;52 478;0;78;0;5;0;0;0;0;0;0;0;0;0;0;0;0;0;0;0;0;0;0;0;0;0;0;0;0;829 488;0;0;771 436;0;0;0;0;0;61 803;0;1 854;0;0;0;0;10 506;0;0;3 751;0;0;10;0;0;1;0;16 001 347;15 134 608;0;1 103 431;236 692;220 686;33 103;17;9;6;0;0;0;0;0;0;0;318 248;301 819;2 299 875;2 550 997;29 110 066;34 730 252;5 292;52 740;144 257 951;119 739 723;3 858 010;5 738 289;340 347;0;59 120;0;0;0;302 035;0;0;79 932;0;111 136;0;0;0;0;0;0;99;0;0;0;0;0;0;0;90 000;0;0;12 971;2;0;0;0;0;202;4 706 417;47 532 160;0;0;0;8 632;2;1 726;0;0;0;0;0;0;0;0;0;0;0;2 305 071;11;25 808;7;0;0;0;0;0;0;0;0;0;484 390;5;48 439;0;0;0;2 225 730;3;296 764;0;0;0;0;0;0;0;0;0;0;89;2;0;0;0;0;0;0;209 985;1;3 830;1;766;0;0;0;0;0;926 325;34;244 810;9;811 590;27;375 322;51;12 291;2;0;0;446 945;5;1 037 811;48;37 421;26;175 192;9;91 810;10;18 362;97;1;728 341;58;0;0;0;0;0;0;236 724;2;149 396 319;3;0;0;132 422 621;4 947;371 422;14;0;0;0;1 039;3;208;658 827;6;131 766;1 915 162;8;383 032;0;0;0;80 000;1;16 000;0;0;0;0;0;0;0;0;0;0;0;0;0;0;211 593;1;0;0;0;0;0;0;0;0;0;0;0;0;0;0;0;0;0;0;0;0;0;0;0;0;0;0;0;0;0;0;0;0;0;0;0;0;0;0;0;0;0;0;0;0;0;0;0;0;0;0;0;0;0;0;0;0;0;0;0;0;0;0;0;0;0;0;0;0;0;0;0;0;0;0;0;0;0;0;0;0;0;0;0;0;0;0;0;0;0;0;0;0;0;0;0;0;0;0;0;0;0;0;0;0;0;0;0;0;0;0;0;0;0;0;0;0;0;0;0;0;0;0;0;0;0;0;0;0;0;0;0;0;0;0;0;0;0;0;0;0;0;0;0;0;0;0;0;0;0;0;0;0;0;0;0;0;0;0;0;0;0;0;0;0;0;0;0;0;0
  Приморский край;1 805 459 695;110 815 329;202 009 298;24 702 446;1 681 884 432;128 234 632;175 244 334;31 394 336;1 293 258;322 164;9 192 994;749 760;15 646;1 376;142 429 767;4 983 850;328;137 445 917;24 540 094;26 959 055;4 120 120;0;165 517;622 384;4;3 503 369;534 115;3 001 173;91 151;479 999;13 752;996 770;526 871;5;0;0;0;0;0;2 311 542;17 862;0;0;0;0;8 411;1 783;4 379;1 482;0;1 350 283;8 474 285;0;1 250 373;5 913 961;0;127 682;2 628 116;0;25 537;525 624;0;3 830;78 843;0;27 770;67 792;0;277;82;0;5;6;0;3 240 435;0;71 011 851;2 384 464;0;74 625 451;855 971;0;1 362 588;0;0;6 665;171 194;0;263 853;25 679;0;38 878;0;0;5 221 393;1;0;37;0;0;27;0;60 486 119;0;0;51 834 862;0;0;54 841;0;0;12 038 778;0;0;0;8 655;0;0;2 396 504;0;0;358 566;0;0;3 442 364;0;0;304;0;0;112;0;90 407;74 393;52 956;79 010;65 397;55 974;11 397;12 438;72;342;373;2;0;3 442;3 090;0;1;1;14 016 045;0;10 402 224;0;3 785 598;0;757 120;0;113 568;0;171 777;0;30;0;8;0;0;0;0;0;0;0;0;0;0;0;0;0;0;0;0;0;0;0;0;0;0;0;0;1 130 055;0;0;732 828;0;0;33 728;0;0;373 054;0;11 192;0;0;0;0;63 419;0;0;9 556;0;0;7;0;0;2;0;7 715 680;7 297 302;25 633;455 410;82 145;73 428;13 663;20;3;64;0;0;0;0;0;0;0;1 031 521;984 725;462 746;587 424;2 753;0;4 990;2 346 603;15 963 338;10 513 040;514 251;2 637 865;2 119 005;61 069;110 205;0;1 821 653;83 713;312 208;0;0;357 489;0;80 000;0;0;0;17 500;0;0;1 800 000;0;0;0;0;0;9 846;0;160 642;58 920;170 207;0;0;0;0;0;0;119;936 541;4 181 979;0;0;0;10 074;2;2 015;1 999;1;400;0;0;0;0;0;0;0;0;83 998;1;0;0;0;0;0;0;0;0;0;0;0;0;0;0;0;0;0;0;0;0;0;0;0;0;0;0;0;0;11 491;1;2 265;3;27 978;1;2 798;0;0;0;0;0;0;0;0;0;0;0;0;0;22 998;7;4 236;6;5 456;8;39 148;13;0;0;0;0;33 892;2;42 948;16;2 029;10;14 165;4;2 352;2;470;679;2;40 809;20;0;0;0;0;0;0;4;1;0;0;0;0;38 830 604;3 609;8 400;3;0;0;0;3 495;1;699;1 080;1;216;0;0;0;0;0;0;0;0;0;0;0;0;0;0;0;0;0;0;0;6 000 728;15;78 333;1;0;0;0;0;0;0;0;0;2 518;1;0;0;0;0;0;0;0;2 119;1;0;0;0;0;0;0;0;0;0;0;0;0;0;0;0;0;0;0;0;0;0;0;0;0;0;0;0;0;0;0;0;0;0;0;0;0;0;0;0;0;0;0;0;0;0;0;0;0;0;0;0;0;0;0;0;0;0;0;0;0;0;0;0;0;0;0;0;0;0;0;0;0;0;0;0;0;0;0;0;0;0;0;0;0;0;0;0;0;0;0;0;0;0;0;0;0;0;0;0;0;0;0;0;0;0;0;0;0;0;0;0;0;0;0;0;0;0;0;0;0;0;0;0;0;0;0;0;0;0;0;0;0;0;0;0;0;0;0;0;0;0;0;0;0;0;0;0;0;0;0;0;0
  Ставропольский край;835 672 801;87 216 442;30 510 661;5 943 435;752 213 512;96 280 780;33 403 176;7 567 156;186 266;891 266;1 656 770;621 378;10 526;0;79 121 199;1 934 373;197;77 186 826;10 418 130;15 400 740;2 315 602;0;0;0;0;1 907 025;285 994;529 517;19 340;79 449;2 906;386 875;36 625;5;0;0;0;0;0;423 500;29;0;0;0;0;6 519;633;4 224;870;0;998 052;4 690 072;751 445;924 039;3 826 697;686 103;77 915;868 769;65 342;15 583;173 754;13 068;2 337;26 063;1 960;3 900;5 394;0;254;59;2;4;4;0;0;0;4 421 748;0;0;3 631 532;0;0;873 446;0;0;43 672;0;0;131 017;0;0;26 203;0;0;83 230;0;0;12;0;0;7;0;0;0;0;0;0;0;0;0;0;0;0;0;0;0;0;0;0;0;0;0;0;0;0;0;0;0;0;0;0;0;142 228;0;0;139 197;0;0;3 031;0;0;91;0;0;0;0;0;0;0;0;92 923 520;0;75 703 352;0;19 265 386;0;3 853 077;0;577 962;0;2 045 218;0;250;0;26;0;0;0;0;0;0;0;0;0;0;0;0;0;0;0;0;0;0;0;0;0;0;0;0;1 852 332;0;0;587 660;0;0;0;0;0;1 264 672;0;37 940;0;0;0;0;214 994;0;0;0;0;0;5;0;0;0;0;7 457 551;6 683 550;2 045;791 988;20 031;158 398;23 760;20;4;2;0;0;0;0;0;0;0;396 881;391 217;5 509 312;5 473 815;1 465;11 320;35 497;2 025;20 417 152;19 188 999;134 595;1 082 421;6 130;0;503;0;0;5 783;0;0;0;0;0;0;0;0;0;0;373 439;0;89;0;0;0;0;0;0;0;0;8 683;30 060;1;1;96 583;1;0;0;85;874 805;3 111 201;0;0;0;66 415;1;13 283;0;0;0;0;0;0;0;0;0;0;0;786 283;3;246 445;2;0;0;0;0;0;0;0;0;0;358 342;2;35 834;0;0;0;0;0;0;0;0;0;0;0;0;0;0;0;0;31 554;3;0;0;0;0;0;0;0;0;0;0;0;0;0;0;6 482;1;23 679;8;364;1;9 619;12;23 785;15;54;1;0;0;88 482;3;113 452;10;4 477;10;2 047;4;28 166;5;5 634;1 300;2;86 165;23;0;0;0;0;0;0;0;0;0;0;0;0;28 665 896;2 822;569 045;16;0;0;0;0;0;0;5 000;1;1 000;0;0;0;0;0;0;0;0;0;0;0;0;0;0;0;0;0;0;0;0;0;0;0;0;0;0;0;0;0;0;0;0;0;0;0;0;0;0;0;0;23 894;2;0;0;0;0;0;0;0;0;0;0;0;0;0;0;0;0;0;0;0;0;0;0;0;0;0;0;0;0;0;0;0;0;0;0;0;0;0;0;0;0;0;0;0;0;0;0;0;0;0;0;0;0;0;0;0;0;0;0;0;0;0;0;0;0;0;0;0;0;0;0;0;0;0;0;0;0;0;0;0;0;0;0;0;0;0;0;0;0;0;0;0;0;0;0;0;0;0;0;0;0;0;0;0;0;0;0;0;0;0;0;0;0;0;0;0;0;0;0;0;0;0;0;0;0;0;0;0;0;0;0;0;0;0;0;0;0;0;0;0;0;0;0;0;0;0;0;0;0;0;0;0;0
  Хабаровский край;815 343 129;141 674 557;27 765 750;9 653 230;738 824 674;162 863 394;29 605 276;15 865 510;117 808;230 369;227 599;50 490;106 711;1 513;74 466 980;7 880 615;243;66 587 354;27 222 751;13 264 336;1 990 488;0;0;0;0;2 658 869;399 015;552 473;47 395;82 650;7 128;1 576 123;12 965;1;0;0;0;0;0;1 589 088;122;0;0;0;0;4 908;1 386;2 435;583;0;1 176 172;4 544 477;77 971;1 040 778;3 586 386;64 089;135 394;966 147;13 882;27 079;193 229;2 776;4 062;28 984;416;0;8 059;0;13;65;2;0;3;0;13 272 085;1 180 224;47 970 032;6 045 868;1 179 044;41 585 152;7 226 218;1 180;6 340 880;400;201;24 470;1 444 844;0;1 236 366;216 787;0;182 886;0;0;73 937;2;1;39;0;0;11;0;10 197 537;0;0;9 510 457;0;0;0;0;0;951 637;0;0;0;64;0;0;190 254;0;0;28 538;0;0;264 557;0;0;13;0;0;5;0;6 631;0;0;6 048;0;0;582;0;0;17;0;0;0;0;0;0;0;0;238 020;0;263 794;0;4 504;0;901;0;135;0;30 278;0;8;0;5;0;0;0;0;0;0;0;0;0;0;0;0;0;0;0;0;0;0;0;0;0;0;0;0;76 551;0;0;75 681;0;0;0;0;0;870;0;26;0;0;0;0;148;0;0;0;0;0;3;0;0;0;0;5 909 571;5 622 888;0;426 257;139 574;85 251;12 788;6;1;5;0;0;0;0;0;0;0;265 766;1 296 131;190 416;185 863;0;0;4 553;215 000;16 693 369;15 216 231;275 506;750 366;450 575;0;687;670;0;0;1;0;0;606 140;0;0;0;0;0;0;0;0;0;0;0;0;0;0;0;0;0;0;0;0;0;0;0;0;0;87;443 006;4 723 901;0;0;0;0;0;0;0;0;0;0;0;0;0;0;0;0;0;42 061;2;0;0;0;0;0;0;0;0;0;0;0;0;0;0;0;0;0;136 599;4;18 213;0;0;0;0;0;0;0;0;3 945;2;5 501;2;0;0;0;0;0;0;0;0;0;0;0;0;0;0;0;0;10 803;4;1 728;2;8 104;8;48 797;15;0;0;0;0;17 748;2;71 037;13;3 085;6;22 650;5;763;1;153;20 856;1;77 010;25;0;0;0;0;0;0;0;0;2 716;1;0;0;24 889 538;2 319;784 547;9;0;0;0;0;0;0;0;0;0;0;0;0;0;0;0;0;0;0;0;0;0;0;0;0;0;0;0;0;121 170;1;0;0;0;0;0;0;0;0;0;0;403;1;0;0;0;0;0;0;0;2 678;1;0;0;0;0;0;0;0;0;0;0;0;0;0;0;0;0;0;0;0;0;0;0;0;0;0;0;0;0;0;0;0;0;0;0;0;0;0;0;0;0;0;0;0;0;0;0;0;0;0;0;0;0;0;0;0;0;0;0;0;0;0;0;0;0;0;0;0;0;0;0;0;0;0;0;0;0;0;0;0;0;0;0;0;0;0;0;0;0;0;0;0;0;0;0;0;0;0;0;0;0;0;0;0;0;0;0;0;0;0;0;0;0;0;0;0;0;0;0;0;0;0;0;0;0;0;0;0;0;0;0;0;0;0;0;0;0;0;0;0;0;0;0;0;0;0;0;0;0;0;0;0;0
  Забайкальский край;149 312 935;36 337 130;16 004 650;5 734 193;138 496 323;41 021 246;14 574 287;7 558 667;183 645;38 453;9 565;7;60;0;12 563 419;1 258 444;58;11 361 267;6 470 141;2 260 296;338 994;0;0;0;0;744 410;111 645;160 714;46 418;24 105;6 963;251 690;865;56;0;0;0;0;0;252 555;0;0;0;0;0;1 341;376;1 439;205;0;329 584;2 764 530;114 293;317 981;2 270 907;81 022;11 604;493 623;33 271;2 321;98 724;6 654;348;14 809;998;0;659;0;158;48;1;0;1;0;85 763 638;9 774 497;11 447 853;28 405 829;4 416 548;13 469 335;57 096 093;4 960 443;565 933;0;843 275;10 426;11 419 219;148 813;102 761;1 712 883;148 813;16 978;0;0;3 703 884;2;2;16;0;0;9;0;0;0;0;0;0;0;0;0;0;0;0;0;0;0;0;0;0;0;0;0;0;0;0;0;0;0;0;0;0;0;0;0;3 887;0;0;3 309;0;0;578;0;0;17;0;0;0;0;0;0;404 777;0;438 435;0;79 024;0;15 805;0;2 371;0;112 683;0;5;0;2;0;0;0;0;0;0;0;0;0;0;0;0;0;0;0;0;0;0;0;0;0;0;0;0;0;0;0;0;0;0;0;0;0;0;0;0;0;0;0;0;0;0;0;0;0;0;0;0;0;0;0;0;0;0;0;0;0;0;0;0;3;0;0;0;0;0;0;0;0;0;0;0;0;0;141 934;0;810 227;728 118;58 101;23 657;0;0;0;0;0;0;0;0;0;1 281;0;0;0;0;0;0;0;0;0;0;0;0;0;0;0;0;0;0;0;0;0;0;0;0;0;40;29 601;496 782;0;0;0;0;0;0;0;0;0;0;0;0;0;0;0;0;0;0;0;0;0;0;0;0;0;0;0;0;0;0;0;0;0;0;0;0;0;0;0;0;0;0;0;0;0;0;0;0;0;0;0;0;0;0;0;0;0;0;0;0;0;0;0;0;0;1 546;1;167 624;3;517;1;36;2;40 295;7;0;0;0;0;0;0;28 447;6;292;3;0;0;0;0;0;43;1;2 698;5;0;0;0;0;0;0;0;0;793;1;0;0;12 965 837;716;201 949;5;0;0;0;0;0;0;0;0;0;0;0;0;0;0;0;0;0;0;0;0;0;0;0;0;0;0;0;0;0;0;0;0;0;0;0;0;0;0;0;0;0;0;0;0;0;0;0;0;0;0;0;0;0;0;0;0;0;0;0;0;0;0;0;0;0;0;0;0;0;0;0;0;0;0;0;0;0;0;0;0;0;0;0;0;0;0;0;0;0;0;0;0;0;0;0;0;0;0;0;0;0;0;0;0;0;0;0;0;0;0;0;0;0;0;0;0;0;0;0;0;0;0;0;0;0;0;0;0;0;0;0;0;0;0;0;0;0;0;0;0;0;0;0;0;0;0;0;0;0;0;0;0;0;0;0;0;0;0;0;0;0;0;0;0;0;0;0;0;0;0;0;0;0;0;0;0;0;0;0;0;0;0;0;0;0;0;0;0;0;0;0;0;0;0;0;0;0;0;0;0;0;0;0
  Амурская область;332 508 749;107 318 723;92 983 976;138 879 869;310 689 110;123 248 255;84 560 253;141 302 403;192 010;512 567;647 670;1 204 938;0;0;29 787 708;3 083 898;71;26 703 827;19 044 436;5 338 826;800 624;0;1 477;5 907;1;856 905;128 851;253 147;82 729;37 972;12 409;616 780;0;0;0;0;0;0;0;624 164;0;0;0;0;0;2 020;530;1 582;344;0;455 660;1 759 946;137 856;444 346;1 672 770;127 405;11 585;100 024;10 451;2 317;20 004;2 090;347;3 001;314;622;12 847;0;54;29;4;2;2;0;0;110 382;11 623 156;0;85 925;10 676 525;0;24 457;1 001 567;0;4 158;247;0;734;200 067;0;734;30 047;0;0;54 936;0;1;11;0;0;4;0;0;0;0;0;0;0;0;0;0;0;0;0;0;0;0;0;0;0;0;0;0;0;0;0;0;0;0;0;0;0;58 611;0;0;53 877;0;0;4 734;0;0;142;0;0;0;0;0;0;0;0;17 330 970;146 442;12 145 677;151 336;5 250 101;0;1 050 020;0;157 503;0;64 808;4 894;107;1;14;1;0;0;0;0;0;0;0;0;0;0;0;0;0;0;0;0;0;0;0;0;0;0;0;0;0;0;0;0;0;0;0;0;0;0;0;0;0;0;0;0;0;0;0;0;0;0;0;0;0;0;55 989 031;48 722 264;56;7 723 900;516 487;1 544 780;231 717;13;3;3;0;0;0;0;0;0;0;18 223;17 859;1 543;1 368;0;0;176;0;317 216;157 050;5 305;154 828;0;0;0;0;0;0;0;0;0;0;0;0;0;0;3 935 667;0;0;0;0;0;0;0;0;0;0;0;0;0;0;0;0;0;0;0;0;24;181 262;2 842 324;0;0;0;0;0;0;0;0;0;0;0;0;0;0;0;0;0;178 014;3;709 219;2;0;0;0;0;0;0;0;0;0;0;0;0;0;0;0;0;0;0;0;0;0;0;0;0;0;0;0;0;0;0;0;0;0;0;0;0;0;0;0;0;0;0;0;0;0;0;978;1;76 716;7;11;1;40 901;8;0;0;0;0;0;0;8 810;3;1;1;0;0;0;0;0;0;0;89 486;11;0;0;0;0;0;0;0;0;0;0;0;0;17 179 485;1 057;104 343;15;0;0;0;0;0;0;0;0;0;0;0;0;0;0;0;0;0;0;0;0;0;0;0;0;0;0;0;0;0;0;0;0;0;0;0;0;0;0;0;0;0;0;0;0;0;0;0;0;0;0;0;0;0;0;0;0;0;0;0;0;0;0;0;0;0;0;0;0;0;0;0;0;0;0;0;0;0;0;0;0;0;0;0;0;0;0;0;0;0;0;0;0;0;0;0;0;0;0;0;0;0;0;0;0;0;0;0;0;0;0;0;0;0;0;0;0;0;0;0;0;0;0;0;0;0;0;0;0;0;0;0;0;0;0;0;0;0;0;0;0;0;0;0;0;0;0;0;0;0;0;0;0;0;0;0;0;0;0;0;0;0;0;0;0;0;0;0;0;0;0;0;0;0;0;0;0;0;0;0;0;0;0;0;0;0;0;0;0;0;0;0;0;0;0;0;0;0;0;0;0;0;0;0
  Архангельская область;471 523 180;81 695 748;35 570 533;24 660 872;407 460 235;82 279 686;34 892 173;28 199 957;256 157;166 312;1 672 153;8 171;34 595;55;63 301 623;7 109 479;159;56 192 145;3 964 935;10 791 978;1 685 765;2;0;0;0;1 774 889;274 357;514 677;215 906;76 962;35 728;1 421 896;445 015;4;0;0;0;0;0;1 866 911;0;0;0;0;0;2 183;445;904;239;0;611 771;1 527 543;24 674;577 578;1 325 133;19 973;34 319;208 678;4 701;6 864;41 736;940;1 029;6 260;141;125;6 268;0;127;30;4;1;1;0;0;0;0;0;0;0;0;0;0;0;0;0;0;0;0;0;0;0;0;0;0;0;0;0;0;0;0;0;0;0;0;0;0;0;0;0;0;0;0;0;0;0;0;0;0;0;0;0;0;0;0;0;0;0;0;0;0;0;366 472;0;6 647;339 550;0;6 614;33 973;0;33;1 020;0;1;6 628;0;0;1;0;0;3 847 454;0;3 359 644;0;505 370;0;101 074;0;15 161;0;17 559;0;13;0;1;0;0;0;0;0;0;0;0;0;0;0;0;0;0;0;0;0;0;0;0;0;0;0;1 272 994;5 140;0;1 008 031;4 621;0;0;0;0;317 106;519;0;16;0;15 855;9 513;38 053;88;0;52 143;0;0;11;1;0;5;0;0;354 552;360 308;0;31 877;37 632;6 375;956;5;3;4;0;0;0;0;0;0;0;0;0;16 459;5 994;3 708;3 268;10 905;658;4 943 673;2 852 704;44 460;110 192;1 926 400;0;3 895;0;1 905 305;0;0;0;0;0;0;0;0;0;0;0;0;0;0;0;0;0;0;0;21 095;0;1 905 038;77 088;0;0;0;0;0;0;0;65;656 947;6 124 768;0;0;0;0;0;0;0;0;0;0;0;0;0;0;0;0;0;164 317;3;0;0;0;0;0;0;0;0;0;0;0;0;0;0;0;0;0;274 693;5;36 626;0;0;0;0;0;0;0;0;2 560;1;807;2;0;0;0;0;0;0;0;0;0;0;0;0;0;0;4 250;1;70 308;6;0;0;17 097;7;173 525;20;5 044 350;2;0;0;29 539;2;118 413;14;3 348;8;2 108;4;398;1;80;1 454;1;70 966;23;0;0;0;0;0;0;0;0;64;1;0;0;25 432 571;1 136;1 178 992;6;0;0;0;0;0;0;0;0;0;0;0;0;1 425;2;285;0;0;0;0;0;0;0;0;0;0;0;0;0;2 018 794;2;1 356 411;2;0;0;0;0;0;0;0;0;0;0;0;0;0;0;0;0;0;0;0;0;0;0;0;0;0;0;0;0;0;0;0;0;0;0;0;0;0;0;0;0;0;0;0;0;0;0;0;0;0;0;0;0;0;0;0;0;0;0;0;0;0;0;0;0;0;0;0;0;0;0;0;0;0;0;0;0;0;0;0;0;0;0;0;0;0;0;0;0;0;0;0;0;0;0;0;0;0;0;0;0;0;0;0;0;0;0;0;0;0;0;0;0;0;0;0;0;0;0;0;0;0;0;0;0;0;0;0;0;0;0;0;0;0;0;0;0;0;0;0;0;0;0;0;0;0;0;0;0;0;0;0;0;0;0;0;0;0;0;0;0;0;0;0;0;0;0;0;0;0;0;0
  Астраханская область;118 656 028;34 804 868;4 547 471;36 601 473;111 610 311;39 432 862;4 625 933;38 163 819;13 975;66 638;122 208;37 262;3 638;0;6 855 386;517 137;35;6 338 251;6 160 963;1 266 409;190 004;30;0;0;0;230 933;34 714;171 779;20 724;25 753;3 109;103 427;811;7;17;286;1;0;0;104 541;0;0;0;0;0;1 494;421;1 482;222;0;1 289 586;1 075 689;12 599;1 325 949;1 008 903;12 574;75 118;86 130;26;15 024;17 226;5;2 254;2 584;1;111 481;19 345;0;21;30;2;3;5;0;0;0;0;0;0;0;0;0;0;0;0;0;0;0;0;0;0;0;0;0;0;0;0;0;0;0;0;0;0;0;0;0;0;0;0;0;0;0;0;0;0;0;0;0;0;0;0;0;0;0;0;0;0;0;0;0;0;0;22 501;0;51 157;20 402;0;50 804;2 099;0;4 171;63;0;125;0;0;3 818;0;0;1;3 486 745;0;2 570 777;0;1 088 451;0;217 690;0;32 654;0;172 483;0;18;0;5;0;0;0;0;0;0;0;0;0;0;0;0;0;0;0;0;0;0;0;0;0;0;0;0;42 778;0;0;38 489;0;0;0;0;0;5 722;0;172;0;0;0;0;973;0;0;1 432;0;0;2;0;0;1;0;6 715 212;5 611 263;0;1 139 536;35 586;227 907;34 186;7;3;5;177 246 761;62 015 728;0;115 284 696;23 056 939;53 663;1;10 515;51 922;83 250;134 502;0;0;0;0;33 839 273;33 767 522;4 945;24 125;36 668;0;0;0;18 331;0;18 337;0;0;0;0;0;0;0;0;0;0;0;0;18 337;0;0;0;0;0;0;18 331;0;0;0;0;0;0;0;0;22;80 278;2 295 869;71;1;14;0;0;0;0;0;0;0;0;0;0;0;0;0;0;35 518;1;0;0;0;0;0;0;0;0;0;0;0;0;0;0;0;0;0;0;0;0;0;0;0;14 420 849;1;1 922 780;0;0;0;0;0;0;0;0;0;0;0;0;0;0;0;0;0;2 244 353;1;149 624;0;0;0;0;0;0;694;4;8 792;6;0;0;0;0;7 516;2;9 807;4;321;3;510;2;0;0;0;0;0;35 081;6;0;0;0;0;0;0;0;0;0;0;0;0;18 875 214;725;150;1;0;0;0;0;0;0;0;0;0;0;0;0;0;0;0;0;0;0;0;0;0;0;0;0;0;0;0;0;4 094 259;8;0;0;0;0;0;0;0;0;0;0;0;0;0;0;0;0;0;0;0;0;0;0;0;0;0;0;0;0;0;0;0;0;0;0;0;0;0;0;0;0;0;0;0;0;0;0;0;0;0;0;0;0;0;0;0;0;0;0;0;0;0;0;0;0;0;0;0;0;0;0;0;0;0;0;0;0;0;0;0;0;0;0;0;0;0;0;0;0;0;0;0;0;0;0;0;0;0;0;0;0;0;0;0;0;0;0;0;0;0;0;0;0;0;0;0;0;0;0;0;0;0;0;0;0;0;0;0;0;0;0;0;0;0;0;0;0;0;0;0;0;0;0;0;0;0;0;0;0;0;0;0;0;0;0;0;0;0;0;0;0;0;0;0;0;0;0;0;0;0;0;0;0;0
  Белгородская область;1 529 640 479;45 891 437;191 411 153;8 276 009;1 279 318 006;50 190 254;94 200 231;11 271 378;568 193;81 881;97 260 790;39 282;2 520;0;284 519 242;3 080 286;228;281 439 043;7 251 585;56 287 791;8 443 157;15;0;0;0;4 894 761;734 090;1 018 104;12 712;152 880;1 907;616 057;143;2;0;0;0;0;0;616 200;178;0;0;0;0;7 528;712;3 778;403;0;1 332 797;1 908 387;0;1 290 355;1 710 094;0;42 442;205 619;0;8 488;41 124;0;1 273;6 169;0;0;7 798;0;171;25;0;0;3;0;0;0;786 509;0;0;818 006;0;0;30 897;0;0;1 545;0;0;4 635;0;0;927;0;0;63 012;0;0;28;0;0;7;0;0;0;0;0;0;0;0;0;0;0;0;0;0;0;0;0;0;0;0;0;0;0;0;0;0;0;0;0;0;0;15 373;0;0;11 474;0;0;3 900;0;0;117;0;0;0;0;0;0;0;0;177 093 397;0;138 657 338;0;39 120 154;0;7 824 031;0;1 173 605;0;684 096;0;144;0;13;0;0;0;0;0;0;0;0;0;0;0;0;0;0;0;0;0;0;0;0;0;0;0;0;2 684 571;0;0;2 394 007;0;0;0;0;0;291 755;0;8 753;0;0;0;0;49 598;0;0;1 191;0;0;8;0;0;2;0;557 532;576 315;0;0;18 784;0;0;4;4;1;0;0;0;0;0;0;0;2 741 321;2 630 505;70 582 900;37 515 164;0;0;33 689 234;325 900 393;202 070 469;197 989 105;304 509;2 006 013;1 741 347;0;16 849;0;868 976;0;209 088;397 125;0;899;0;0;0;0;0;0;30 000;36 228;0;0;0;0;0;0;0;0;441 851;0;156 010;0;0;0;0;0;0;122;373 105;2 445 953;0;0;0;0;0;0;1 159;1;232;0;0;0;0;0;0;0;0;5;1;0;0;0;0;0;0;0;0;0;0;0;0;0;0;0;0;0;281 033;2;37 471;0;0;0;0;0;0;0;0;0;0;429;2;0;0;0;0;0;0;0;0;0;0;0;0;0;0;644;1;34 556;4;5 740;4;56 004;7;37 187;11;9;1;14;1;216;1;147 755;11;40;1;69 777;4;1 359;2;272;0;0;35 173;21;0;0;0;0;0;0;0;0;0;0;0;0;30 324 138;3 273;211 586;7;0;0;0;0;0;0;114 327;1;22 865;275 711;2;55 142;4 575;1;915;392 683;2;78 537;0;0;0;0;0;0;0;0;0;0;0;0;0;0;0;0;0;0;0;0;0;0;0;0;0;0;0;0;0;0;0;8 037;3;0;0;0;0;0;0;0;0;0;0;0;0;0;0;0;0;0;0;0;0;0;0;0;0;0;0;0;0;0;0;0;0;0;0;0;0;0;0;0;0;0;0;0;0;0;0;0;0;0;0;0;0;0;0;0;0;0;0;0;0;0;0;0;0;0;0;0;0;0;0;0;0;0;0;0;0;0;0;0;0;0;0;0;0;0;0;0;0;0;0;0;0;0;0;0;0;0;0;0;0;0;0;0;0;0;0;0;0;0;0;0;0;0;0;0;0;0;0;0;0;0;0;0;0;0;0;0;0;0;0;0;0;0;0;0;0;0;0;0;0;0;0;0;0;0;0;0;0;0;0;0;0
  Брянская область;364 700 540;62 629 989;18 945 389;2 214 430;342 699 783;64 623 060;14 380 649;3 500 434;144 950;92 547;5 151 084;30 750;11 113;189;21 548 252;963 133;114;20 585 118;3 217 468;3 946 422;617 554;27;0;0;0;656 585;103 773;283 567;28 289;42 699;4 243;192 626;170 598;19;0;0;0;0;0;363 224;96;0;0;0;0;3 230;384;2 236;400;0;560 757;1 532 287;0;503 413;1 319 472;0;57 343;222 525;0;11 469;44 505;0;1 720;6 676;0;0;9 711;0;213;52;0;0;1;0;0;0;0;0;0;0;0;0;0;0;0;0;0;0;0;0;0;0;0;0;0;0;0;0;0;0;0;0;0;0;0;0;0;0;0;0;0;0;0;0;0;0;0;0;0;0;0;0;0;0;0;0;0;0;0;0;0;0;54 709;0;17 428;52 009;0;16 181;2 700;0;1 247;81;0;37;0;0;0;0;0;0;68 087 388;0;61 410 045;0;6 699 774;0;1 339 954;0;200 993;0;22 431;0;30;0;3;0;0;0;0;0;0;0;0;0;0;0;0;0;0;0;0;0;0;0;0;0;0;0;0;54 296;0;0;45 721;0;0;0;0;0;8 575;0;257;0;0;0;0;1 458;0;0;0;0;0;2;0;0;0;0;289 371;256 125;1 469;48 744;16 968;9 749;1 462;4;2;2;0;0;0;0;0;0;0;221 366;221 385;194 300;194 300;0;0;0;4 109;2 708 769;2 244 246;192 725;221 331;49 544;0;379;0;35 640;0;13 623;0;0;144;0;0;0;0;0;0;0;0;0;0;0;0;0;0;0;0;33 858;131 890;13 902;0;0;0;0;0;0;41;81 217;1 154 716;1 636;2;327;0;0;0;0;0;0;0;0;0;0;0;0;0;0;0;0;0;0;0;0;0;0;0;0;0;0;0;0;0;0;0;0;0;0;0;0;0;0;0;0;0;0;0;0;0;0;0;0;0;0;0;0;0;0;0;0;0;0;0;0;0;0;0;0;847;2;0;0;1 612;5;4 652;10;131;1;0;0;28;1;4 432;3;244;1;1 290;2;0;0;0;2 458;1;4 819;10;0;0;0;0;0;0;0;0;294;1;0;0;18 954 206;1 484;43 409;9;0;0;0;0;0;0;0;0;0;0;0;0;0;0;0;0;0;0;0;0;0;0;0;0;6 485;4;0;0;0;0;0;0;0;0;0;0;0;0;0;0;0;0;0;0;0;0;0;0;0;0;0;0;0;0;0;0;0;0;0;0;0;0;0;0;0;0;0;0;0;0;0;0;0;0;0;0;0;0;0;0;0;0;0;0;0;0;0;0;0;0;0;0;0;0;0;0;0;0;0;0;0;0;0;0;0;0;0;0;0;0;0;0;0;0;0;0;0;0;0;0;0;0;0;0;0;0;0;0;0;0;0;0;0;0;0;0;0;0;0;0;0;0;0;0;0;0;0;0;0;0;0;0;0;0;0;0;0;0;0;0;0;0;0;0;0;0;0;0;0;0;0;0;0;0;0;0;0;0;0;0;0;0;0;0;0;0;0;0;0;0;0;0;0;0;0;0;0;0;0;0;0;0;0
  Владимирская область;866 505 665;49 518 634;21 193 261;3 576 372;741 525 420;52 284 752;31 248 644;5 476 371;201 636;266 004;65 936;1 289 768;358 672;0;114 702 519;2 119 152;179;112 583 367;5 675 652;22 308 388;3 377 504;3 456;167 426;626 639;4;3 303 769;487 028;591 341;28 176;104 649;4 226;423 831;208 288;10;0;0;0;0;0;1 426 184;310;0;0;0;0;4 557;506;980;342;0;782 684;1 766 947;0;757 208;1 457 196;0;26 408;317 765;0;5 281;63 552;0;792;9 532;0;931;8 014;0;319;49;0;4;3;0;0;0;0;0;0;0;0;0;0;0;0;0;0;0;0;0;0;0;0;0;0;0;0;0;0;0;0;0;0;0;0;0;0;0;0;0;0;0;0;0;0;0;0;0;0;0;0;0;0;0;0;0;0;0;0;0;0;0;95 447;0;8 158;94 118;0;6 864;1 843;0;1 294;55;0;39;514;0;0;2;0;0;4 584 544;0;4 350 357;0;390 116;0;78 023;0;11 703;0;155 930;0;17;0;4;0;0;0;0;0;0;0;0;0;0;0;0;0;0;0;0;0;0;0;0;0;0;0;0;399 346;0;0;309 954;0;0;7 753;0;0;81 640;0;2 449;0;0;0;0;13 878;0;0;0;0;0;6;0;0;0;0;0;0;0;0;0;0;0;0;0;1;0;0;0;0;0;0;0;248 100;234 252;509 197;532 356;0;0;14 857;17 280;16 498 945;1 572 242;95 069;581 681;14 196 489;0;810;0;11 596 373;1 993;573 718;26 869;0;216 800;0;0;0;0;0;0;2 945 227;539 618;10 717 158;18 167;0;0;503 700;0;0;0;95 144;19 925;16 500;0;0;0;0;0;0;100;557 633;1 630 728;0;0;0;2 089;3;418;0;0;0;0;0;0;0;0;0;0;0;6 124;1;65;2;0;0;0;0;0;0;0;0;0;0;0;0;0;0;0;5 245;2;699;0;0;0;0;0;0;0;0;0;0;506;2;0;0;0;0;0;0;0;0;0;0;0;0;0;0;0;0;29 815;5;2 160;4;51 584;12;12 121;20;0;0;0;0;272;1;102 834;10;17 012;5;11 272;1;0;0;0;0;0;16 460;18;0;0;0;0;0;0;0;0;0;0;0;0;14 978 887;2 219;719 937;13;0;0;0;0;0;0;0;0;0;0;0;0;0;0;0;0;0;0;0;0;0;0;0;0;0;0;0;0;0;0;0;0;0;0;0;0;0;0;0;0;0;0;0;0;0;0;0;0;0;0;0;0;0;0;0;0;0;0;0;0;0;0;0;0;0;0;0;0;0;0;0;0;0;0;0;0;0;0;0;0;0;0;0;0;0;0;0;0;0;0;0;0;0;0;0;0;0;0;0;0;0;0;0;0;0;0;0;0;0;0;0;0;0;0;0;0;0;0;0;0;0;0;0;0;0;0;0;0;0;0;0;0;0;0;0;0;0;0;0;0;0;0;0;0;0;0;0;0;0;0;0;0;0;0;0;0;0;0;0;0;0;0;0;0;0;0;0;0;0;0;0;0;0;0;0;0;0;0;0;0;0;0;0;0;0;0;0;0;0;0;0;0;0;0;0;0;0;0;0;0;0;0;0
  Волгоградская область;657 613 367;118 967 096;21 088 561;63 856 124;607 864 540;129 401 977;18 176 439;70 431 555;315 410;1 044 333;3 917 968;88 549;67 151;85;49 255 370;2 512 009;213;46 743 360;16 053 682;9 346 060;1 402 300;425;18 094;102 757;4;1 182 715;177 100;610 744;58 633;97 593;8 795;502 402;2 611;5;0;0;0;0;0;625 864;0;0;0;0;0;5 124;766;2 053;811;0;1 298 058;4 148 532;0;1 252 383;3 645 654;0;46 752;506 948;0;9 350;101 390;0;1 403;15 208;0;1 077;4 070;0;337;77;0;3;1;0;0;0;96 946;0;0;99 096;0;0;0;0;0;0;0;0;0;0;0;0;0;0;2 150;0;0;1;0;0;1;0;0;0;0;0;0;0;0;0;0;0;0;0;0;0;0;0;0;0;0;0;0;0;0;0;0;0;0;0;0;0;229 632;0;0;194 639;0;0;36 032;0;0;1 081;0;0;1 038;0;0;2;0;0;39 615 735;0;25 629 077;0;14 481 485;0;2 896 297;0;434 445;0;494 827;0;219;0;20;0;0;0;0;0;0;0;0;0;0;0;0;0;0;0;0;0;0;0;0;0;0;0;0;0;0;0;0;0;0;0;0;0;0;0;0;0;0;0;0;0;0;0;0;0;0;0;0;0;0;0;532 946;500 641;240;99 717;67 653;19 943;2 992;16;4;4;0;0;0;0;0;0;0;63 761;62 523;6 690 561;6 425 508;22 943 955;22 943 955;265 054;101;15 506 668;11 902 523;1 328 310;1 512 642;748 155;0;5 297;0;39 953;0;452 499;0;0;520 635;0;18 954;0;0;0;0;0;0;20 999;9 258;0;0;0;0;0;0;872 408;897;0;0;0;0;0;0;0;85;232 832;2 257 851;0;0;0;0;0;0;0;0;0;0;0;0;0;0;0;0;0;1 106;1;1 511;1;0;0;0;0;0;0;0;0;0;0;0;0;0;0;0;0;0;0;0;0;0;0;0;0;0;0;0;0;6 454;3;0;0;0;0;0;0;0;0;0;0;0;0;0;0;4 187;1;13 408;12;21 228;5;9 233;18;37 094;33;0;0;10 045;3;4 161;6;148 122;32;4 594;15;8 366;8;1 423;5;284;1 531;1;35 670;45;0;0;0;0;0;0;0;0;0;0;0;0;18 409 742;2 624;18 087;6;0;0;0;0;0;0;1 320;1;264;0;0;0;0;0;0;0;0;0;0;0;0;0;0;0;0;0;0;0;0;0;0;0;0;0;0;0;0;0;0;0;0;0;0;0;0;0;0;0;0;252;1;0;0;0;0;0;0;0;0;0;0;0;0;0;0;0;0;0;0;0;0;0;0;0;0;0;0;0;0;0;0;0;0;0;0;0;0;0;0;0;0;0;0;0;0;0;0;0;0;0;0;0;0;0;0;0;0;0;0;0;0;0;0;0;0;0;0;0;0;0;0;0;0;0;0;0;0;0;0;0;0;0;0;0;0;0;0;0;0;0;0;0;0;0;0;0;0;0;0;0;0;0;0;0;0;0;0;0;0;0;0;0;0;0;0;0;0;0;0;0;0;0;0;0;0;0;0;0;0;0;0;0;0;0;0;0;0;0;0;0;0;0;0;0;0;0;0;0;0;0;0;0;0
  Вологодская область;1 808 885 374;30 266 507;790 747 728;47 173 360;1 348 373 955;34 001 589;470 257 829;46 778 385;337 299;460 817;329 740 680;454 427;13 423;857;451 623 861;3 448 453;188;448 175 409;3 334 574;81 137 455;13 445 108;0;76 280;610 238;1;6 514 017;1 111 423;392 348;22 382;58 851;3 357;689 690;8 497 472;2;155;0;3;0;0;9 873 835;8;0;0;0;0;7 328;666;2 585;763;0;723 976;1 625 997;0;670 793;1 402 924;0;53 976;224 096;0;10 795;44 819;0;1 619;6 723;0;793;1 023;0;155;40;1;1;3;0;0;0;2 340 708;0;0;2 035 950;0;0;390 474;0;0;0;0;0;78 095;0;0;11 714;0;0;85 716;0;0;10;0;0;2;0;0;0;0;0;0;0;0;0;0;0;0;0;0;0;0;0;0;0;0;0;0;0;0;0;0;0;0;0;0;0;422 700;0;11 498;399 207;0;10 595;25 148;0;903;754;0;27;1 655;0;0;3;0;0;16 911 679;0;14 472 459;0;2 478 022;0;495 604;0;74 341;0;38 802;0;60;0;3;0;0;0;0;0;0;0;0;0;0;0;0;0;0;0;0;0;0;0;0;0;0;0;0;2 503 466;0;0;2 125 724;0;0;0;0;0;377 742;0;11 333;0;0;0;0;64 216;0;0;0;0;0;2;0;0;0;0;672 846;611 739;0;75 311;14 204;15 062;2 259;11;3;3;0;0;0;0;0;0;0;491 594;557 753;2 094 215;2 972 660;0;0;39 344;351 201;224 753 270;107 046 469;720 477;8 852 148;108 063 580;53 463 824;4 017;107 835 451;0;25 125;4 016;0;0;0;0;0;0;0;0;0;0;0;0;0;0;0;0;0;0;0;0;25 125;50 000;4 829;1;13 558;1;0;0;87;2 787 328;21 735 596;0;0;0;0;0;0;1;1;0;0;0;0;0;0;0;0;0;2 702 827;2;148 240;2;0;0;0;0;0;0;0;0;0;1 409 788;1;140 979;14 986;1;1 499;1 239 048;7;165 207;0;0;0;0;0;0;0;0;0;0;2 487;2;242 090;1;24 209;0;0;0;0;0;0;0;0;0;0;0;0;0;171 419;4;8 355;4;106 413;10;143 394;22;0;0;0;0;715;2;739 912;31;14 423;6;1 987;1;13 030;7;2 606;40 071;2;148 539;34;0;0;0;0;0;0;0;0;0;0;0;0;34 210 345;4 539;19 992 043;27;0;0;0;0;0;0;1 183;2;237;7 529;1;1 506;0;0;0;0;0;0;0;0;0;0;0;0;0;0;0;0;0;0;0;0;0;0;0;0;0;0;0;0;0;0;0;0;107 835 451;1;0;0;0;0;0;0;0;0;0;0;0;0;0;0;0;0;0;0;0;0;0;0;0;0;0;0;0;0;0;0;0;0;0;0;0;0;0;0;0;0;0;0;0;0;0;0;0;0;0;0;0;0;0;0;0;0;0;0;0;0;0;0;0;0;0;0;0;0;0;0;0;0;0;0;0;0;0;0;0;0;0;0;0;0;0;0;0;0;0;0;0;0;0;0;0;0;0;0;0;0;0;0;0;0;0;0;0;0;0;0;0;0;0;0;0;0;0;0;0;0;0;0;0;0;0;0;0;0;0;0;0;0;0;0;0;0;0;0;0;0;0;0;0;0;0;0;0;0;0;0;0;0;0;0;0;0;0
  Воронежская область;1 472 066 339;95 756 948;99 223 038;6 800 469;1 387 631 850;102 736 086;104 460 601;9 585 400;659 495;153 849;2 818 461;609 787;13 978;360;77 032 678;3 059 985;308;73 972 693;10 220 365;14 747 494;2 219 180;3 066;0;0;0;2 076 850;312 367;1 315 606;87 403;197 543;13 120;611 997;47 043;6;0;0;0;0;0;659 040;636;0;0;0;0;12 125;1 431;5 243;572;0;1 004 041;5 024 199;0;988 251;4 164 669;0;54 626;869 182;0;10 925;173 836;0;1 639;26 075;0;38 837;9 652;0;148;74;0;6;7;0;0;0;2 587 885;0;0;1 647 572;0;0;940 313;0;0;47 016;0;0;141 047;0;0;28 209;0;0;0;0;0;1;0;0;0;0;0;0;0;0;0;0;0;0;0;0;0;0;0;0;0;0;0;0;0;0;0;0;0;0;0;0;0;0;0;0;242 280;0;0;237 787;0;0;6 251;0;0;188;0;0;1 757;0;0;3;0;0;99 954 878;0;73 553 785;0;27 584 398;0;5 516 880;0;827 532;0;1 183 306;0;204;0;29;0;0;0;0;0;0;0;0;0;0;0;0;0;0;0;0;0;0;0;0;0;0;0;0;1 975 096;0;0;1 784 469;0;0;3;0;0;198 995;0;5 969;0;0;0;0;33 830;0;0;8 371;0;0;18;0;0;3;0;152 351;165 093;0;4 009;16 752;802;120;4;2;0;0;0;0;0;0;0;0;88 182;80 562;433 261;425 178;0;0;8 696;4 707;15 894 968;11 705 335;387 665;1 028 526;1 102 354;663;1 251 603;0;1 000 000;11 823;1 342 134;0;0;0;0;0;0;0;0;0;0;0;0;84 131;0;0;0;0;0;0;1 000 000;11 823;8 600;0;0;1 082;1;0;0;138;249 152;1 579 419;0;0;0;0;0;0;0;0;0;0;0;0;0;0;0;0;0;127 090;1;0;0;0;0;0;0;0;0;0;0;0;0;0;0;0;0;0;0;0;0;0;0;0;0;0;0;0;0;0;0;155;2;0;0;0;0;0;0;0;0;0;0;0;0;0;0;0;0;21 824;2;17 655;2;777;5;10 390;12;0;0;0;0;20 554;3;53 689;14;6 267;3;4 941;3;631;3;126;0;0;18 204;12;0;0;0;0;0;0;0;0;0;0;0;0;32 444 479;4 585;550 304;11;0;0;0;0;0;0;0;0;0;0;0;0;0;0;0;0;0;0;0;0;0;0;0;0;0;0;0;0;0;0;0;0;0;0;0;0;0;0;0;0;0;0;0;0;0;0;0;0;0;0;0;0;0;0;0;0;0;0;0;0;0;0;0;0;0;0;0;0;0;0;0;0;0;0;0;0;0;0;0;0;0;0;0;0;0;0;0;0;0;0;0;0;0;0;0;0;0;0;0;0;0;0;0;0;0;0;0;0;0;0;0;0;0;0;0;0;0;0;0;0;0;0;0;0;0;0;0;0;0;0;0;0;0;0;0;0;0;0;0;0;0;0;0;0;0;0;0;0;0;0;0;0;0;0;0;0;0;0;0;0;0;0;0;0;0;0;0;0;0;0;0;0;0;0;0;0;0;0;0;0;0;0;0;0;0;0;0;0;0;0;0;0;0;0;0;0;0;0;0;0;0;0;0
  Ивановская область;362 779 608;71 146 341;12 590 348;2 363 956;342 094 317;73 267 488;13 310 777;2 790 060;155 813;441 783;970 704;450 184;7 856;11 084;19 142 118;457 570;108;18 684 596;2 566 734;3 739 645;560 549;780;0;0;0;447 100;67 074;229 309;4 294;34 418;644;91 514;2 966;3;0;0;0;0;0;94 480;0;0;0;0;0;5 424;519;2 839;596;0;461 400;1 155 041;92 286;397 549;958 349;87 764;74 575;221 751;4 522;14 915;44 350;904;2 237;6 653;136;10 725;25 059;0;121;28;1;55;2;0;0;0;4 243 196;0;0;3 733 757;0;0;514 864;0;0;15 446;0;0;87 527;0;0;15 446;0;0;6 032;0;0;17;0;0;3;0;0;0;0;0;0;0;0;0;0;0;0;0;0;0;0;0;0;0;0;0;0;0;0;0;0;0;0;0;0;0;205 553;0;8 093;179 216;0;8 902;28 063;0;0;842;0;0;1 727;0;809;2;0;1;1 516 815;0;1 346 422;0;173 514;0;34 703;0;5 205;0;3 121;0;5;0;2;0;0;0;0;0;0;0;0;0;0;0;0;0;0;0;0;0;0;0;0;0;0;0;0;622 928;0;0;559 823;0;0;0;0;0;63 106;0;1 893;0;0;0;0;10 728;0;0;0;0;0;4;0;0;0;0;1 385 176;1 204 998;0;187 245;7 067;37 449;5 617;3;2;0;0;0;0;0;0;0;0;50 656 072;50 804 804;67 081;66 997;0;0;84;216;1 650 456;1 567 628;4 225;59 591;611;0;5 000;0;0;0;0;0;0;0;0;0;0;0;0;0;0;0;0;0;0;0;0;0;0;0;0;5 500;1 373;0;0;7 157;2;0;0;48;19 945;282 924;0;0;0;75;1;15;620;1;124;0;0;0;0;0;0;0;0;0;0;0;0;0;0;0;0;0;0;0;0;0;0;0;0;0;0;0;18 143;1;2 419;0;0;0;0;0;0;0;0;0;0;0;0;0;0;0;0;0;0;0;0;0;0;0;0;0;0;0;0;244;1;3 368;2;2 173;5;2 329;9;0;0;0;0;1 869;1;9 979;4;0;0;346;1;591;1;118;0;0;8 813;12;0;0;0;0;0;0;0;0;0;0;0;0;5 279 056;1 524;5 653;4;0;0;0;0;0;0;0;0;0;0;0;0;0;0;0;0;0;0;0;0;0;0;0;0;0;0;0;0;0;0;0;0;0;0;0;0;0;0;0;0;0;0;0;0;0;0;0;0;0;7 458;3;0;0;0;0;0;0;0;0;0;0;0;0;0;0;0;0;0;0;0;0;0;0;0;0;0;0;0;0;0;0;0;0;0;0;0;0;0;0;0;0;0;0;0;0;0;0;0;0;0;0;0;0;0;0;0;0;0;0;0;0;0;0;0;0;0;0;0;0;0;0;0;0;0;0;0;0;0;0;0;0;0;0;0;0;0;0;0;0;0;0;0;0;0;0;0;0;0;0;0;0;0;0;0;0;0;0;0;0;0;0;0;0;0;0;0;0;0;0;0;0;0;0;0;0;0;0;0;0;0;0;0;0;0;0;0;0;0;0;0;0;0;0;0;0;0;0;0;0;0;0;0;0
  Иркутская область;1 638 809 182;125 845 016;101 022 393;13 643 786;1 403 078 331;137 328 675;76 873 063;22 261 884;770 996;132 782;20 070 939;647 156;77 859;389 874;240 504 802;3 275 249;207;237 229 553;21 006 004;45 420 145;7 116 886;0;0;0;0;6 492 904;1 006 806;993 503;37 947;149 024;5 692;655 050;2 025 766;5;0;0;0;0;0;2 680 816;0;0;0;0;0;7 257;1 033;3 141;866;0;1 422 629;6 974 226;359 753;1 242 672;6 384 245;238 727;180 857;761 900;121 026;36 171;152 380;24 205;5 425;22 857;3 631;900;171 918;0;394;84;3;3;6;0;20 394 922;0;800 332;16 649 632;0;815 412;2 549 962;0;52 472;0;0;0;509 993;0;10 494;76 498;0;1 574;172 825;0;67 552;11;0;12;5;0;4;0;0;0;0;0;0;0;0;0;0;0;0;0;0;0;0;0;0;0;0;0;0;0;0;0;0;0;0;0;0;0;178 427;0;73 430;154 830;0;63 714;23 596;0;9 717;708;0;292;0;0;0;0;0;0;71 264;0;52 667;0;18 710;0;3 742;0;561;0;113;0;3;0;1;0;0;0;0;0;0;0;0;0;0;0;0;0;0;0;0;0;0;0;0;0;0;0;0;1 062 196;0;0;950 129;0;0;0;0;0;112 066;0;3 362;0;0;0;0;19 051;0;0;0;0;0;7;0;0;0;0;1 309 171;1 597 066;4 168;46 696;338 760;9 339;1 401;7;6;7;0;0;0;0;0;0;0;228 364;235 195;1 038 408;1 293 703;0;0;2 427;0;30 505 728;22 777 815;220 764;1 030 112;6 371 789;323;95 635;0;6 080 983;281 093;11 016;0;0;18 872;0;0;0;0;281 093;0;0;0;0;0;0;0;0;0;0;0;6 080 983;0;0;0;0;0;0;0;0;169;1 251 062;15 459 163;0;0;0;10 881;3;2 176;0;0;0;0;0;0;0;0;19;1;4;532 842;4;79 991;2;0;0;0;0;0;0;0;0;0;26 726;1;2 673;0;0;0;0;0;0;0;0;0;0;0;0;0;0;0;0;0;0;0;0;0;334 004;1;44 534;0;0;0;0;0;0;0;0;0;0;22 367;9;303 422;4;2 039;5;45 314;18;32;1;0;0;21 236;4;48 569;13;2 706;10;100 067;6;13 047;4;2 609;0;0;44 671;24;0;0;0;0;0;0;0;0;0;0;0;0;45 414 350;3 493;238 331;17;0;0;0;1 573;2;315;56 748;2;11 350;573 664;2;114 733;0;0;0;0;0;0;0;0;0;1;0;0;0;0;0;0;0;0;0;0;0;0;0;0;0;0;0;0;0;0;0;0;0;0;0;0;0;149 271;1;0;0;0;0;0;0;0;0;0;0;0;0;0;0;0;0;0;0;0;0;0;0;0;0;0;0;0;0;0;0;0;0;0;0;0;0;0;0;0;0;0;0;0;0;0;0;0;0;0;0;0;0;0;0;0;0;0;0;0;0;0;0;0;0;0;0;0;0;0;0;0;0;0;0;0;0;0;0;0;0;0;0;0;0;0;0;0;0;0;0;0;0;0;0;0;0;0;0;0;0;0;0;0;0;0;0;0;0;0;0;0;0;0;0;0;0;0;0;0;0;0;0;0;0;0;0;0;0;0;0;0;0;0;0;0;0;0;0;0;0;0;0;0;0;0;0;0;0;0;0;0;0
  Калининградская область;818 954 990;108 523 203;172 687 122;331 647 979;789 017 661;116 664 141;75 904 441;32 397 545;741 621;127 072;95 027 564;307 393 437;1 169;10;32 433 069;2 894 262;220;29 538 904;16 156 795;5 850 422;885 995;406;0;0;0;845 396;128 325;997 644;75 270;141 297;11 293;578 853;0;0;0;0;0;0;0;578 853;0;0;0;0;0;2 874;1 036;1 761;359;0;672 006;2 119 711;60 741;656 313;1 731 877;59 037;16 986;396 749;1 704;3 397;79 350;341;510;11 903;51;1 388;9 573;0;69;29;1;5;2;0;0;0;0;0;0;0;0;0;0;0;0;0;0;0;0;0;0;0;0;0;0;0;0;0;0;0;0;456 562 514;0;0;438 009 236;0;0;1 790 234;0;0;22 813 242;0;0;178 891;1 013 716;0;0;3 370 041;0;0;505 506;0;0;6 050 198;0;0;216;0;0;82;0;0;31 730;0;19 286;30 709;0;10 706;1 021;0;8 580;31;0;257;0;0;0;0;0;0;4 216 630;0;4 487 818;0;449 921;0;89 984;0;13 498;0;721 109;0;16;0;8;0;0;0;0;0;0;0;0;0;0;0;0;0;0;0;0;0;0;0;0;0;0;0;0;1 690 723;0;0;1 441 206;0;0;2 580;0;0;250 921;0;7 528;0;0;0;0;42 657;0;0;3 984;0;0;10;0;0;1;0;75 806;77 093;0;4 784;6 071;957;144;8;4;15;2 367 496;1 796 643;285 566;285 566;57 113;279;1;205 353 646;204 874 731;23 961;32 320;0;0;90;36 621 643;191 214 397;186 837 207;237 683;778 414;3 317 715;0;43 379;5 520;3 254 740;27 927;31 681;0;0;64 922;0;0;0;0;0;0;3 254 740;28 526;0;1 625;0;0;0;0;0;0;680 863;54 478;26 853;0;0;0;0;0;0;42;82 914;500 456;0;0;0;407;1;81;8;1;2;0;0;0;0;0;0;0;0;2 227;1;0;0;0;0;0;0;0;0;0;0;0;0;0;0;0;0;0;2 105 221;2;280 696;0;0;0;907 475;1;120 997;0;0;0;0;0;0;1;1;0;0;0;0;0;0;0;0;0;0;0;0;61;1;272;3;12 058;2;3 004;6;3 662;8;0;0;0;0;14 249;3;29 307;11;1 263;7;1 354;4;0;0;0;27;1;9 922;11;0;0;0;0;0;0;0;0;0;0;0;0;15 930 490;1 823;4 505 452;5;0;0;0;0;0;0;0;0;0;0;0;0;0;0;0;0;0;0;0;0;0;0;0;0;0;0;0;0;965 486;4;0;0;0;0;0;0;0;0;0;0;0;0;0;0;0;0;0;0;0;4 824;1;0;0;0;0;0;0;0;0;0;0;0;0;0;0;0;0;0;0;0;0;0;0;0;0;0;0;0;0;0;0;0;0;0;0;0;0;0;0;0;0;0;0;0;0;0;0;0;0;0;0;0;0;0;0;0;0;0;0;0;0;0;0;0;0;0;0;0;0;0;0;0;0;0;0;0;0;0;0;0;0;0;0;0;0;0;0;0;0;0;0;0;0;0;0;0;0;0;0;0;0;0;0;0;0;0;0;0;0;0;0;0;0;0;0;0;0;0;0;0;0;0;0;0;0;0;0;0;0;0;0;0;0;0;0;0;0;0;0;0;0;0;0;0;0;0;0;0;0;0;0;0;0
  Калужская область;1 072 749 758;126 053 202;75 341 402;38 019 147;979 495 657;135 595 633;83 451 679;40 660 886;259 852;20 042;591 609;713 869;16 732;0;84 797 422;10 564 262;208;74 233 159;12 877 999;14 482 914;2 223 940;16;27 807;69 091;2;1 394 974;208 475;1 712 329;11 052;272 310;1 658;2 112 851;360 664;3;3 053;0;3;0;0;2 573 466;169;0;0;0;0;4 146;712;1 690;575;0;647 080;2 652 637;0;562 558;2 253 332;0;87 179;416 297;0;17 436;83 259;0;2 615;12 488;0;2 657;16 992;0;47;36;0;1;2;0;0;0;13 605;0;0;17 560;0;0;0;0;0;0;0;0;0;0;0;0;0;0;3 955;0;0;1;0;0;1;0;0;209 555 024;0;0;202 322 888;0;0;7 232 136;0;0;0;0;0;0;0;0;0;0;0;0;0;0;0;0;0;0;2;0;0;0;164 409;0;0;159 290;0;0;5 119;0;0;153;0;0;0;0;0;0;0;0;24 921 780;0;24 590 102;0;991 019;0;198 204;0;29 731;0;659 341;0;72;0;15;0;0;0;0;0;0;0;0;0;0;0;0;0;0;0;0;0;0;0;0;0;0;0;0;451 765;0;0;458 775;0;0;1 063;0;0;7 287;0;219;0;0;0;0;1 239;0;0;15 360;0;0;6;0;0;1;0;3 954 196;3 724 240;5 010;250 831;25 884;50 166;7 525;24;6;7;0;0;0;0;0;0;0;115;111;7 845 616;7 843 815;0;0;2 082;3 011 559;17 589 574;6 156 694;250 967;315 142;10 866 758;0;12;0;10 809 955;19 191;37 624;0;0;0;0;0;0;0;0;0;0;0;2 899 057;2 000;0;0;6 000 000;0;16 082;0;1 910 897;19 191;19 530;0;0;23 637;1;0;0;84;690 215;1 674 004;180;1;36;0;0;0;0;0;0;0;0;0;0;0;0;0;0;0;0;0;0;0;0;0;0;0;0;0;0;0;0;0;0;0;0;0;0;0;0;0;0;0;0;0;0;0;0;0;0;0;0;0;0;0;148 542;1;19 806;11 537;2;0;0;0;0;0;0;0;0;2 239;3;0;0;2 983;7;18 081;18;0;0;0;0;4 693;2;115 296;17;7 400;8;56 887;6;17 710;5;3 542;9 068;1;35 805;23;0;0;0;0;0;0;0;0;0;0;0;0;31 936 440;2 588;709 539;12;0;0;0;0;0;0;0;0;0;0;0;0;0;0;0;0;0;0;0;0;0;0;0;0;0;0;0;0;0;0;0;0;0;0;0;0;0;0;0;0;0;0;0;0;0;0;0;0;0;0;0;0;0;0;0;0;0;0;0;0;0;0;0;0;0;0;0;0;0;0;0;0;0;0;0;0;0;0;0;0;0;0;0;0;0;0;0;0;0;0;0;0;0;0;0;0;0;0;0;0;0;0;0;0;0;0;0;0;0;0;0;0;0;0;0;0;0;0;0;0;0;0;0;0;0;0;0;0;0;0;0;0;0;0;0;0;0;0;0;0;0;0;0;0;0;0;0;0;0;0;0;0;0;0;0;0;0;0;0;0;0;0;0;0;0;0;0;0;0;0;0;0;0;0;0;0;0;0;0;0;0;0;0;0;0;0;0;0;0;0;0;0;0;0;0;0;0;0;0;0;0;0;0
  Камчатский край;177 623 211;17 163 093;11 897 999;3 328 556;163 172 891;19 407 909;11 198 598;4 122 818;13 102;17 427;126 853;251 025;909;0;15 035 061;1 135 944;37;13 899 119;3 272 676;2 745 504;411 824;0;0;0;0;539 554;80 921;1 353 753;16 351;203 061;2 498;227 190;29 171;2;0;0;0;0;0;256 361;0;0;0;0;0;641;189;569;220;0;177 100;787 835;0;162 570;639 766;0;14 546;150 302;0;2 909;30 060;0;436;4 509;0;16;2 234;0;16;24;0;2;1;0;3 893 706;145 355;16 584 821;2 563 739;143 104;12 735 125;87 030;2 251;4 569 562;8 703;225;59 777;8 703;225;854 135;2 611;68;137 087;0;0;742 648;1;1;26;0;0;17;0;809 979;0;0;738 567;0;0;0;0;0;95 706;0;0;0;4 782;0;0;14 359;0;0;2 871;0;0;24 294;0;0;10;0;0;3;0;45 090;207 198;9 465;41 275;128 048;10 894;3 815;79 150;46;114;2 375;1;0;0;1 475;0;0;1;19 187 654;635 548;15 384 470;571 328;3 803 185;64 220;760 637;12 844;114 096;1 927;0;0;6;1;0;0;0;0;0;0;0;0;0;0;0;0;0;0;0;0;0;0;0;0;0;0;0;0;0;0;0;0;0;0;0;0;0;0;0;0;0;0;0;0;0;0;0;0;0;0;0;0;0;0;0;0;0;299;0;0;299;0;0;1;1;1;0;0;0;0;0;0;0;98 395;59 046;85 518;202 492;0;0;0;11 752 741;1 647 474;401 102;220 778;1 025 585;8;0;0;0;0;0;0;0;0;0;0;0;0;0;590 876;0;0;0;0;0;0;0;0;0;0;0;0;0;0;0;0;0;0;0;0;25;37 737;949 313;0;0;0;0;0;0;0;0;0;0;0;0;0;0;0;0;0;0;0;0;0;0;0;0;0;0;0;0;0;0;0;0;0;0;0;0;2 001;1;267;0;0;0;0;0;0;0;0;0;0;0;0;0;0;0;0;0;0;0;0;0;0;0;0;0;0;0;0;0;0;0;0;0;0;0;0;0;0;0;0;0;0;0;0;0;0;0;0;0;0;0;0;0;0;0;0;0;0;0;0;0;0;0;0;0;0;0;7 387 320;394;7 991;3;0;0;0;0;0;0;0;0;0;0;0;0;0;0;0;0;0;0;0;0;0;0;0;0;0;0;0;0;336 796;2;0;0;0;0;0;0;0;0;0;0;0;0;0;0;0;0;0;0;0;15 441;1;0;0;0;0;0;0;0;0;0;0;0;0;0;0;0;0;0;0;0;0;0;0;0;0;0;0;0;0;0;0;0;0;0;0;0;0;0;0;0;0;0;0;0;0;0;0;0;0;0;0;0;0;0;0;0;0;0;0;0;0;0;0;0;0;0;0;0;0;0;0;0;0;0;0;0;0;0;0;0;0;0;0;0;0;0;0;0;0;0;0;0;0;0;0;0;0;0;0;0;0;0;0;0;0;0;0;0;0;0;0;0;0;0;0;0;0;0;0;0;0;0;0;0;0;0;0;0;0;0;0;0;0;0;0;0;0;0;0;0;0;0;0;0;0;0;0;0;0;0;0;0;0
  Кемеровская область - Кузбасс;2 704 128 714;204 791 393;343 352 777;29 025 609;2 307 016 933;232 819 843;322 699 624;30 962 433;715 948;2 691 765;38 872 775;342 225;159 134;26 430;379 746 007;46 426 829;250;333 344 765;27 121 701;66 667 996;10 000 339;14 801;12 390;62 429;5;13 437 226;2 013 974;1 342 228;81 735;202 213;12 287;9 285 365;956;4;0;0;0;0;0;9 361 140;0;0;0;0;0;7 080;701;2 885;532;0;990 355;3 382 277;310 045;813 260;3 175 086;307 123;52 651;211 517;2 921;10 530;42 303;584;1 579;6 345;88;999;4 032;0;513;76;76;1;1;0;508 982;0;5 673 713;502 444;0;5 603 927;6 537;0;189 017;0;0;13 715;1 307;0;23 023;196;0;4 584;0;0;154 763;1;0;36;0;0;5;0;0;0;0;0;0;0;0;0;0;0;0;0;0;0;0;0;0;0;0;0;0;0;0;0;0;0;0;0;0;0;357 985;0;95 733;343 461;0;90 938;14 524;0;4 795;435;0;144;0;0;0;0;0;0;7 430 256;0;5 968 030;0;1 507 797;0;301 559;0;45 234;0;45 571;0;14;0;2;0;0;0;0;0;0;0;0;0;0;0;0;0;0;0;0;0;0;0;0;0;0;0;0;521 360;0;0;482 499;0;0;0;0;0;38 862;0;1 166;0;0;0;0;6 606;0;0;0;0;0;4;0;0;0;0;564 404;542 943;0;24 897;3 436;4 979;747;4;1;1;0;0;0;0;0;0;0;1 323 203;1 299 041;21 020 520;20 569 967;8 008;2 634 650;312 733;173 863;41 295 953;35 195 972;494 606;1 518 535;4 085 930;0;910;0;389 277;3 696 653;910;0;0;576 103;0;0;0;0;3 538 230;0;0;0;525 595;0;0;0;0;0;0;0;2 317;16 020;0;0;0;0;0;0;0;188;2 299 779;17 384 250;0;0;0;4 168;2;834;0;0;0;0;0;0;0;0;0;0;0;2 022 492;13;45 181;5;0;0;0;0;0;0;0;0;0;58 345;1;5 835;0;0;0;49 883;2;6 651;0;0;0;0;0;0;0;0;357 288;2;17 938;3;0;0;0;0;0;0;0;0;0;0;0;0;0;0;0;0;286 883;37;225 500;5;93 388;23;143 626;45;53;1;0;0;1 571;1;167 209;29;15 809;23;142 958;16;9 399;10;1 879;13 844;3;257 566;55;0;0;0;0;0;0;0;0;78 979;1;0;0;52 991 908;2 843;9 887 758;40;0;0;0;69;2;13;9 189;6;1 838;126 628;1;25 326;0;0;0;365 208;2;73 042;0;0;0;0;0;0;3 291;2;0;0;0;0;0;0;0;0;0;0;0;0;0;0;0;0;0;0;0;0;0;0;0;0;0;0;0;0;0;0;0;0;0;0;0;0;0;0;0;0;0;0;0;0;0;0;0;0;0;0;0;0;0;0;0;0;0;0;0;0;0;0;0;0;0;0;0;0;0;0;0;0;0;0;0;0;0;0;0;0;0;0;0;0;0;0;0;0;0;0;0;0;0;0;0;0;0;0;0;0;0;0;0;0;0;0;0;0;0;0;0;0;0;0;0;0;0;0;0;0;0;0;0;0;0;0;0;0;0;0;0;0;0;0;0;0;0;0;0;0;0;0;0;0;0;0;0;0;0;0;0;0;0;0;0;0;0;0;0;0;0;0;0;0;0;0;0;0;0;0;0;0;0;0;0;0;0
  Кировская область;368 910 913;42 549 752;13 036 284;8 060 718;339 120 433;46 989 050;13 728 016;7 509 196;180 037;104 469;528 330;220 131;14 367;17;28 736 127;3 071 938;105;25 664 189;4 003 454;5 132 462;769 550;0;0;0;0;848 412;127 313;306 871;28 975;45 955;4 346;614 387;0;0;0;0;0;0;0;614 387;611;0;0;0;0;3 716;421;1 497;225;0;165 754;2 988 787;0;152 972;2 398 829;0;13 338;594 298;0;2 667;118 860;0;400;17 829;0;556;4 341;0;75;31;0;2;6;0;0;0;2 018 443;0;0;1 862 288;0;0;256 639;0;0;12 832;0;0;38 496;0;0;7 699;0;0;100 484;0;0;4;0;0;1;0;0;0;0;0;0;0;0;0;0;0;0;0;0;0;0;0;0;0;0;0;0;0;0;0;0;0;0;0;0;0;285 135;0;0;279 376;0;0;11 772;0;0;353;0;0;3 566;0;0;4;0;0;23 128 388;0;18 954 969;0;4 308 939;0;861 788;0;129 268;0;135 519;0;109;0;9;0;0;0;0;0;0;0;0;0;0;0;0;0;0;0;0;0;0;0;0;0;0;0;0;123 987;0;0;109 032;0;0;0;0;0;14 955;0;449;0;0;0;0;2 542;0;0;0;0;0;1;0;0;0;0;27 683;33 611;0;0;5 928;0;0;4;4;0;0;0;0;0;0;0;0;15 510 789;15 500 693;5 267;8 507;0;0;0;0;958 968;486 363;102 220;256 607;403;0;1 095;0;0;1 489;1;0;0;0;0;0;0;0;0;0;0;0;0;0;0;0;0;0;0;0;0;363;0;0;0;452;1;0;0;85;81 605;922 925;1 532;2;306;11 282;3;2 256;0;0;0;0;0;0;0;0;0;0;0;0;0;9;1;0;0;0;0;0;0;0;0;0;3 891;1;389;0;0;0;0;0;0;0;0;0;0;0;0;0;0;0;0;41;2;0;0;0;0;0;0;0;0;0;0;0;0;0;0;0;0;1 833;3;54;1;33 438;13;26 023;29;0;0;0;0;1 444;1;42 834;18;378;5;4 930;5;7 822;3;1 565;7 999;4;26 124;33;0;0;0;0;0;0;0;0;0;0;0;0;12 554 463;1 628;36 467;7;0;0;0;0;0;0;0;0;0;0;0;0;0;0;0;0;0;0;0;0;0;0;0;0;0;0;0;0;0;0;0;0;0;0;0;0;0;0;0;0;0;0;0;0;0;0;0;0;0;0;0;0;0;0;0;0;0;0;0;0;0;0;0;0;0;0;0;0;0;0;0;0;0;0;0;0;0;0;0;0;0;0;0;0;0;0;0;0;0;0;0;0;0;0;0;0;0;0;0;0;0;0;0;0;0;0;0;0;0;0;0;0;0;0;0;0;0;0;0;0;0;0;0;0;0;0;0;0;0;0;0;0;0;0;0;0;0;0;0;0;0;0;0;0;0;0;0;0;0;0;0;0;0;0;0;0;0;0;0;0;0;0;0;0;0;0;0;0;0;0;0;0;0;0;0;0;0;0;0;0;0;0;0;0;0;0;0;0;0;0;0;0;0;0;0;0;0;0;0;0;0;0;0
  Костромская область;732 988 624;20 301 130;955 379 038;1 426 517;683 913 908;22 845 819;937 368 443;1 424 913;36 164;31 108;22 513 530;81 360;34 114;0;44 573 834;817 707;105;43 756 128;2 593 335;8 750 676;1 312 684;10 266;0;0;0;847 023;127 051;228 463;4 471;34 271;676;163 542;550;3;0;0;0;0;0;164 092;83;0;0;0;0;1 830;342;1 313;104;0;278 794;1 404 232;4 153;276 649;1 113 920;2 811;2 739;292 981;1 341;548;58 596;268;82;8 789;40;595;2 669;0;196;23;2;10;3;0;0;0;282 988;0;0;703 930;0;0;104 168;0;0;5 208;0;0;15 625;0;0;3 125;0;0;525 109;0;0;2;0;0;1;0;0;0;0;0;0;0;0;0;0;0;0;0;0;0;0;0;0;0;0;0;0;0;0;0;0;0;0;0;0;0;150 637;0;0;150 405;0;0;2 047;0;0;61;0;0;1 815;0;0;1;0;0;334 444;0;319 419;0;35 351;0;7 070;0;1 061;0;20 326;0;5;0;2;0;0;0;0;0;0;0;0;0;0;0;0;0;0;0;0;0;0;0;0;0;0;0;0;531 490;0;0;568 858;0;0;2 448;0;0;4 578;0;137;0;0;0;0;778;0;0;44 394;0;0;3;0;0;1;0;13 717;15 714;0;0;1 997;0;0;1;1;0;0;0;0;0;0;0;0;3 737 818;3 478 624;935 131;934 089;7;114 533;2;6 830;2 302 745;264 552;64 348;1 341 265;570 191;0;62 389;0;324 223;6 358;301 999;0;0;2 033;0;0;0;0;0;0;0;0;0;0;257 138;153 959;0;0;173 886;0;0;5 352;0;0;0;0;0;0;0;40;37 200;256 465;113;1;23;2;1;0;0;0;0;0;0;0;0;0;0;0;0;0;0;0;0;0;0;0;0;0;0;0;0;0;0;0;0;0;0;0;129 918;2;17 322;0;0;0;0;0;0;0;0;0;0;0;0;0;0;0;0;0;0;0;0;0;0;0;0;0;0;0;0;1 582;2;844;1;1 130;4;1 737;4;11;1;0;0;0;0;12 877;5;4;1;1 744;1;0;0;0;0;0;2 757;7;0;0;0;0;0;0;0;0;0;0;0;0;6 026 913;853;42 728;8;0;0;0;0;0;0;0;0;0;0;0;0;0;0;0;0;0;0;0;0;0;0;0;0;0;0;0;0;0;0;0;0;0;0;0;0;0;0;0;0;0;0;0;0;0;0;0;0;0;0;0;0;0;0;0;0;0;0;0;0;0;0;0;0;0;0;0;0;0;0;0;0;0;0;0;0;0;0;0;0;0;0;0;0;0;0;0;0;0;0;0;0;0;0;0;0;0;0;0;0;0;0;0;0;0;0;0;0;0;0;0;0;0;0;0;0;0;0;0;0;0;0;0;0;0;0;0;0;0;0;0;0;0;0;0;0;0;0;0;0;0;0;0;0;0;0;0;0;0;0;0;0;0;0;0;0;0;0;0;0;0;0;0;0;0;0;0;0;0;0;0;0;0;0;0;0;0;0;0;0;0;0;0;0;0;0;0;0;0;0;0;0;0;0;0;0;0;0;0;0;0;0;0
  Курганская область;214 249 136;10 430 659;6 681 848;825 753;199 642 238;12 125 019;11 361 825;863 351;264 763;209 791;10 752;230 443;2 169;0;10 183 137;440 416;65;9 742 722;1 734 990;1 944 702;292 281;0;0;9 000;1;295 963;44 704;280 327;5 129;41 075;769;88 083;3 842;2;0;0;0;0;0;100 925;0;0;0;0;0;1 423;291;609;119;0;480 947;681 861;0;453 965;556 591;0;26 982;126 125;0;5 396;25 225;0;809;3 784;0;0;855;0;68;22;0;0;2;0;0;0;515 384;0;0;458 762;0;0;58 264;0;0;2 913;0;0;8 740;0;0;1 748;0;0;1 642;0;0;7;0;0;2;0;0;0;0;0;0;0;0;0;0;0;0;0;0;0;0;0;0;0;0;0;0;0;0;0;0;0;0;0;0;0;126 723;0;49;119 148;0;49;7 575;0;0;227;0;0;0;0;0;0;0;0;7 608 664;0;5 984 589;0;1 722 409;0;344 481;0;51 673;0;98 334;0;65;0;9;0;0;0;0;0;0;0;0;0;0;0;0;0;0;0;0;0;0;0;0;0;0;0;0;0;0;0;0;0;0;0;0;0;0;0;0;0;0;0;0;0;0;0;0;0;0;0;0;0;0;0;9 710;10 582;0;1 061;1 932;212;32;3;2;0;0;0;0;0;0;0;0;10 512;5 684;1 263 785;1 241 793;0;0;21 992;0;455 086;234 210;60 238;142 417;18 214;0;4;0;0;0;4;0;0;0;0;0;0;0;0;0;0;0;9 975;0;0;0;0;0;0;0;18 213;0;0;0;0;0;0;0;0;36;66 117;480 990;0;0;0;0;0;0;0;0;0;0;0;0;0;0;0;0;0;0;0;0;0;0;0;0;0;0;0;0;0;0;0;0;0;0;0;0;23 228;3;3 097;0;0;0;0;0;0;0;0;0;0;8;1;0;0;0;0;0;0;0;0;0;0;0;0;0;0;0;0;154;1;6 836;1;5 173;8;11 520;9;0;0;0;0;0;0;11 594;4;1 409;3;1 400;1;0;0;0;0;0;10 787;7;0;0;0;0;0;0;0;0;0;0;0;0;4 316 774;731;117 155;5;0;0;0;0;0;0;0;0;0;0;0;0;0;0;0;0;0;0;0;0;0;0;0;0;0;0;0;0;0;0;0;0;0;0;0;0;0;0;0;0;0;0;0;0;0;0;0;0;0;0;0;0;0;0;0;0;0;0;0;0;0;0;0;0;0;0;0;0;0;0;0;0;0;0;0;0;0;0;0;0;0;0;0;0;0;0;0;0;0;0;0;0;0;0;0;0;0;0;0;0;0;0;0;0;0;0;0;0;0;0;0;0;0;0;0;0;0;0;0;0;0;0;0;0;0;0;0;0;0;0;0;0;0;0;0;0;0;0;0;0;0;0;0;0;0;0;0;0;0;0;0;0;0;0;0;0;0;0;0;0;0;0;0;0;0;0;0;0;0;0;0;0;0;0;0;0;0;0;0;0;0;0;0;0;0;0;0;0;0;0;0;0;0;0;0;0;0;0;0;0;0;0;0
  Курская область;600 621 062;90 552 193;31 368 145;3 157 523;449 136 001;91 917 316;22 917 316;5 307 997;105 599;339 371;2 798 047;242 237;15 246;0;157 229 273;1 151 217;111;156 078 056;3 418 462;31 215 611;4 682 342;0;0;0;0;3 893 088;583 967;469 087;20 194;70 363;3 029;230 243;0;0;0;0;0;0;0;230 243;64;0;0;0;0;3 871;428;1 157;372;0;852 490;1 340 460;0;731 906;1 145 818;0;128 965;195 382;0;25 793;39 076;0;3 869;5 861;0;8 381;740;0;28;16;0;3;2;0;0;0;0;0;0;0;0;0;0;0;0;0;0;0;0;0;0;0;0;0;0;0;0;0;0;0;0;0;0;0;0;0;0;0;0;0;0;0;0;0;0;0;0;0;0;0;0;0;0;0;0;0;0;0;0;0;0;0;22 713;0;0;16 045;0;0;6 668;0;0;200;0;0;0;0;0;0;0;0;102 334 151;0;66 530 799;0;36 624 348;0;7 324 870;0;1 098 731;0;820 996;0;205;0;14;0;0;0;0;0;0;0;0;0;0;0;0;0;0;0;0;0;0;0;0;0;0;0;0;95 096;0;0;84 774;0;0;0;0;0;10 322;0;310;0;0;0;0;1 755;0;0;0;0;0;3;0;0;0;0;867 050;515 802;0;364 435;13 187;72 887;10 933;14;6;2;0;0;0;0;0;0;0;100 929;93 665;153 376;152 300;0;0;1 076;1 135 817;100 386 447;99 557 555;292 905;514 195;21 783;0;9;0;21 783;0;9;0;0;0;0;0;0;0;0;0;21 783;0;0;0;0;0;0;0;0;0;0;0;0;0;0;8 212;1;0;0;58;228 602;1 954 450;0;0;0;114;1;23;0;0;0;0;0;0;0;0;0;0;0;0;0;0;0;0;0;0;0;0;0;0;0;0;0;0;0;0;0;0;0;0;0;0;0;0;0;0;0;0;0;0;0;0;0;0;0;0;0;0;0;0;0;0;0;0;0;0;0;0;0;9 538;1;560;1;16 589;4;17 565;8;0;0;0;0;0;0;104 400;7;0;0;27;1;0;0;0;0;0;10 373;9;0;0;0;0;0;0;0;0;0;0;0;0;19 635 507;1 589;4 831;4;0;0;0;9;1;2;10 894;1;2 179;30 000;1;6 000;15 646;1;3 129;98 000;1;19 600;0;0;0;0;0;0;0;0;0;0;0;0;0;0;0;0;0;0;0;0;0;0;0;0;0;0;0;0;0;0;0;8 511;2;0;0;0;0;0;0;0;0;0;0;0;0;0;0;0;0;0;0;0;0;0;0;0;0;0;0;0;0;0;0;0;0;0;0;0;0;0;0;0;0;0;0;0;0;0;0;0;0;0;0;0;0;0;0;0;0;0;0;0;0;0;0;0;0;0;0;0;0;0;0;0;0;0;0;0;0;0;0;0;0;0;0;0;0;0;0;0;0;0;0;0;0;0;0;0;0;0;0;0;0;0;0;0;0;0;0;0;0;0;0;0;0;0;0;0;0;0;0;0;0;0;0;0;0;0;0;0;0;0;0;0;0;0;0;0;0;0;0;0;0;0;0;0;0;0;0;0;0;0;0;0;0
  Ленинградская область;2 654 847 648;160 304 331;242 902 124;15 014 623;2 306 574 078;172 357 778;252 073 900;30 946 792;320 743;204 121;2 844 495;207 557;214 355;868;336 716 326;12 330 300;354;324 386 027;27 989 917;59 608 436;9 328 293;449;1 270;11 428;1;6 417 566;990 643;1 716 197;53 351;264 568;8 059;2 466 059;4 865 230;64;0;0;0;2;1;7 343 989;640;0;0;0;0;6 351;1 007;2 768;435;0;374 704;1 510 581;30 725;353 870;1 289 988;32 228;20 835;226 347;0;4 166;45 269;0;625;6 790;0;0;5 754;1 503;117;27;3;0;2;1;17 363 198;0;8 727;14 391 628;0;35 780;3 010 106;0;0;301 011;0;0;301 011;0;0;90 303;0;0;47 919;0;27 053;6;0;3;1;0;1;0;0;0;0;0;0;0;0;0;0;0;0;0;0;0;0;0;0;0;0;0;0;0;0;0;0;0;0;0;0;0;21 465;0;111;19 042;0;66;4 252;0;44;128;0;1;1 830;0;0;1;0;0;59 060 808;2 923 261;51 677 251;2 873 081;7 814 524;50 180;1 562 905;10 036;234 435;1 505;430 966;0;110;1;17;0;0;0;0;0;0;0;0;0;0;0;0;0;0;0;0;0;0;0;0;0;0;0;0;276 199;0;0;274 691;0;0;0;0;0;1 508;0;45;0;0;0;0;256;0;0;0;0;0;1;0;0;0;0;16 813 256;12 041 871;1 857 016;2 996 338;81 967;599 001;89 623;23;8;3;0;0;0;0;0;0;0;1 887 933;1 500 538;1 299 759;931 682;0;0;368 314;32 037;79 134 647;21 533 003;3 249 569;1 920 884;52 335 118;0;79 405;473 376;44 628 076;45 235;71 152;0;0;87 325;0;0;0;0;30 000;0;24 633 341;272;0;44 716;0;6 021;155 916;0;0;0;23 486 275;195 200;157 850;9 010;1;5 020;1;0;0;137;3 690 903;18 013 867;0;0;0;0;0;0;4 909;2;982;0;0;0;0;0;0;0;0;286 993;2;0;0;0;0;0;0;0;0;0;0;0;0;0;0;0;0;0;9 897;1;1 320;0;0;0;0;0;0;0;0;0;0;5 371;3;0;0;0;0;0;0;4 398;1;191 057;1;38 211;0;0;0;2 334;1;85 736;15;10 192;3;8 418;12;20 614;25;0;0;0;0;81 613;1;224 454;23;13 970;11;11 474;3;24 219;5;4 844;0;0;48 498;37;0;0;0;0;0;0;0;0;24 292;2;0;0;66 264 828;3 548;305 194;11;0;0;0;0;0;0;41 322;1;8 264;0;0;0;0;0;0;0;0;0;0;0;0;0;0;0;0;0;0;0;0;0;0;0;0;0;0;0;0;0;0;0;0;0;0;0;0;0;0;0;0;0;0;0;0;0;0;0;0;0;0;0;0;0;0;0;0;0;0;0;0;0;0;0;0;0;0;0;0;0;0;0;0;0;0;0;0;0;0;0;0;0;0;0;0;0;0;0;0;0;0;0;0;0;0;0;0;0;0;0;0;0;0;0;0;0;0;0;0;0;0;0;0;0;0;0;0;0;0;0;0;0;0;0;0;0;0;0;0;0;0;0;0;0;0;0;0;0;0;0;0;0;0;0;0;0;0;0;0;0;0;0;0;0;0;0;0;0;0;0;0;0;0;0;0;0;0;0;0;0;0;0;0;0;0;0;0;0;0;0;0;0;0;0;0;0;0;0;0;0;0;0;0;0;0
  Липецкая область;1 620 892 771;31 771 480;581 810 213;2 830 187;1 213 401 059;36 168 674;555 644 163;3 634 790;272 997;287 573;34 348 311;65 364;2 239 664;125;397 343 160;2 278 740;89;395 064 420;4 979 563;78 368 965;11 813 803;613;91;1 821;2;8 842 523;1 330 516;713 344;11 580;110 591;1 736;455 747;54;3;35 940;592 589;26;0;0;1 086 242;0;0;0;0;0;4 913;256;2 686;247;0;471 595;1 360 297;189 404;432 023;1 150 631;165 150;39 574;209 667;24 255;7 915;41 934;4 851;1 187;6 290;728;0;0;0;168;36;1;0;0;0;0;0;0;0;0;0;0;0;0;0;0;0;0;0;0;0;0;0;0;0;0;1;0;0;0;0;0;0;0;0;0;0;0;0;0;0;0;0;0;0;0;0;0;0;0;0;0;0;0;0;0;0;0;0;0;0;0;0;173 629;0;0;155 678;0;0;17 951;0;0;539;0;0;0;0;0;0;0;0;137 524 024;0;108 338 127;0;30 461 458;0;6 092 290;0;913 843;0;1 275 561;0;128;0;14;0;0;0;0;0;0;0;0;0;0;0;0;0;0;0;0;0;0;0;0;0;0;0;0;841 859;0;0;832 949;0;0;0;0;0;8 909;0;267;0;0;0;0;1 515;0;0;0;0;0;1;0;0;0;0;2 097 288;1 671 554;0;429 108;3 373;85 822;12 874;4;2;5;0;0;0;0;0;0;0;478 363;450 058;54 452;75 787;0;13 375;2;1 185;152 792 171;11 489 063;94 718;4 770 974;136 430 484;0;6 931;0;0;0;136 247 475;0;0;136 248 268;0;0;0;0;0;0;0;41 200;1 868;54 740;0;0;0;0;0;100 110;814 126;208 563;0;0;0;0;0;0;0;63;1 720 292;5 070 323;10 002;2;2 000;0;0;0;150;1;30;0;0;0;0;0;0;0;0;3 871 854;1;0;0;0;0;0;0;0;0;0;0;0;195 785;1;19 578;159;1;16;2 896;1;386;0;0;0;0;0;0;0;0;0;0;1 777;1;0;0;0;0;0;0;0;0;0;0;0;0;0;0;0;0;586;2;147;1;155 458;6;125 037;14;0;0;2 144;1;23;1;193 240;12;6 057;7;17 280;3;0;0;0;0;0;62 382;17;0;0;0;0;0;0;0;0;0;0;0;0;25 827 484;1 884;12 095 228;8;0;0;0;0;0;0;0;0;0;0;0;0;0;0;0;0;0;0;0;0;0;0;0;0;0;0;0;0;0;0;0;0;0;0;0;0;0;0;0;0;0;0;0;0;0;0;0;0;0;0;0;0;0;0;0;0;0;0;0;0;0;0;0;0;0;0;0;0;0;0;0;0;0;0;0;0;0;0;0;0;0;0;0;0;0;0;0;0;0;0;0;0;0;0;0;0;0;0;0;0;0;0;0;0;0;0;0;0;0;0;0;0;0;0;0;0;0;0;0;0;0;0;0;0;0;0;0;0;0;0;0;0;0;0;0;0;0;0;0;0;0;0;0;0;0;0;0;0;0;0;0;0;0;0;0;0;0;0;0;0;0;0;0;0;0;0;0;0;0;0;0;0;0;0;0;0;0;0;0;0;0;0;0;0;0;0;0;0;0;0;0;0;0;0;0;0;0;0;0;0;0;0;0
  Магаданская область;252 121 858;23 761 661;18 229 430;2 881 722;204 690 069;29 369 220;21 657 764;2 283 737;121 077;2 386;420 811;0;39;0;43 703 682;1 195 341;25;42 508 341;5 007 186;7 707 026;480 606;0;0;0;0;1 132 946;87 779;378 508;8 302;57 086;1 245;239 068;0;0;794 642;0;8;0;0;1 033 710;0;0;0;0;0;518;214;475;101;0;60 375;225 524;0;52 352;169 998;0;12 188;55 526;0;2 438;11 105;0;366;1 666;0;4 166;0;0;17;3;0;2;0;0;56 981 890;0;0;30 120 162;0;0;26 861 728;0;0;0;0;0;5 372 346;0;0;805 852;0;0;0;0;0;1;0;0;0;0;0;0;0;0;0;0;0;0;0;0;0;0;0;0;0;0;0;0;0;0;0;0;0;0;0;0;0;0;0;0;0;0;0;0;0;0;0;0;0;0;0;0;0;0;0;0;0;0;0;0;0;0;0;0;0;0;0;0;0;0;0;0;0;0;0;0;0;0;0;0;0;0;0;0;0;0;0;0;0;0;0;0;0;0;0;0;0;0;0;0;0;0;0;0;0;0;0;0;0;0;0;0;0;0;0;0;0;0;0;0;0;0;0;0;0;0;0;0;0;0;0;0;0;0;0;0;0;0;0;0;0;0;0;0;0;0;0;0;0;0;0;35 159 313;34 716 456;170 496;272 361;0;0;0;0;0;0;0;0;0;0;0;0;0;0;0;0;0;0;0;0;0;0;0;0;0;0;0;88 039;0;0;0;0;0;0;0;21;58 205;754 601;0;0;0;0;0;0;0;0;0;0;0;0;0;0;0;0;0;64 404;1;0;0;0;0;0;0;0;0;0;0;0;0;0;0;0;0;0;652 699;2;87 027;0;0;0;0;0;0;0;0;0;0;0;0;0;0;0;0;0;0;0;0;0;0;0;0;0;0;0;0;112 666;1;0;0;118;1;54 796;7;993;1;0;0;12 541;1;6 439;2;135;1;5 814;1;2 714;1;543;166;1;12 420;5;0;0;0;0;0;0;0;0;0;0;0;0;13 420 147;389;561 885;3;0;0;0;0;0;0;0;0;0;0;0;0;0;0;0;0;0;0;0;0;0;0;0;0;0;0;0;0;191 556;1;0;0;0;0;0;0;0;0;0;0;0;0;0;0;0;0;0;0;0;0;0;0;0;0;0;0;0;0;0;0;0;0;0;0;0;0;0;0;0;0;0;0;0;0;0;0;0;0;0;0;0;0;0;0;0;0;0;0;0;0;0;0;0;0;0;0;0;0;0;0;0;0;0;0;0;0;0;0;0;0;0;0;0;0;0;0;0;0;0;0;0;0;0;0;0;0;0;0;0;0;0;0;0;0;0;0;0;0;0;0;0;0;0;0;0;0;0;0;0;0;0;0;0;0;0;0;0;0;0;0;0;0;0;0;0;0;0;0;0;0;0;0;0;0;0;0;0;0;0;0;0;0;0;0;0;0;0;0;0;0;0;0;0;0;0;0;0;0;0;0;0;0;0
  Московская область;13 835 330 013;900 581 888;773 152 662;132 380 005;12 824 881 713;987 893 765;741 733 831;158 386 866;9 035 706;6 449 448;51 020 676;10 835 306;1 574 290;196 491;999 187 002;56 187 999;1 808;942 999 005;117 657 974;183 810 701;28 206 191;193 287;21 954;136 825;6;20 919 032;3 187 146;14 803 817;337 935;2 271 472;50 787;11 237 600;3 376 762;57;77 195;1 296 111;45;0;0;16 146 447;243 902;0;0;0;0;42 839;6 163;14 955;3 358;0;12 981 888;20 605 062;8 209 922;11 771 155;16 035 246;6 531 873;1 356 729;4 531 153;1 683 293;271 345;906 231;336 659;40 702;135 935;50 499;148 013;20 905;5 245;2 172;256;8;16;7;1;14 313 152;0;0;13 602 962;0;0;713 843;0;0;72 944;0;0;67 235;0;0;23 567;0;0;181 299;0;0;14;0;0;3;0;0;0;0;0;0;0;0;0;0;0;0;0;0;0;0;0;0;0;0;0;0;0;0;0;0;0;0;0;0;0;0;0;1 243 674;0;64 500;1 235 622;0;55 404;100 858;0;10 198;3 026;0;306;92 016;0;1 102;3;0;1;28 652 317;0;25 534 801;0;4 158 553;0;831 710;0;124 756;0;1 041 038;0;101;0;22;0;0;0;0;0;0;0;0;0;0;0;0;0;0;0;0;0;0;0;0;0;0;0;0;12 274 498;0;0;12 245 956;0;0;16 617;0;0;654 433;0;19 633;0;0;0;0;111 254;0;0;642 508;0;0;41;0;0;2;0;21 731 737;19 542 866;278 158;2 279 129;368 481;451 729;68 353;84;29;43;0;0;0;0;0;0;0;141 552 860;140 921 356;31 513 324;31 037 197;124 502;1 281 019;247 519;127 801;144 329 518;62 328 171;4 437 852;19 994 164;56 897 659;48 064;519 518;349 914;31 382 364;1 830 805;13 103 645;368 030;113 653;16 572 843;0;4 911 198;0;2 537;539 641;0;17 659 940;952 346;11 772 718;382 531;322 189;11 219;5 134 682;1 313;30 584;7 000;9 568 504;13 050 091;1 928 838;839;1;29 508;6;0;0;662;7 906 286;35 095 951;1 602;2;320;3 990;3;798;7 544;1;1 509;0;0;0;0;0;0;0;0;1 695 791;7;342 775;3;0;0;0;0;0;0;0;0;0;389 287;2;38 929;529;1;53;2 775 695;4;370 093;0;0;0;0;0;0;0;0;756 247;5;80 358;15;404 281;1;40 428;0;0;0;19 543;4;0;0;0;0;0;0;0;0;113 704;31;43 215;17;516 660;36;97 628;62;55;1;14 868;2;115 841;17;1 294 055;129;53 776;44;74 462;20;39 396;14;7 879;23 539;9;313 381;116;0;0;0;0;0;0;705 445;2;22 726;3;0;0;278 092 586;23 043;2 469 513;50;0;0;0;1 127;5;225;3 601;3;720;105 853;2;21 171;0;0;0;12 300;1;2 460;0;0;0;0;0;0;0;0;311;1;0;0;0;0;0;0;0;0;0;0;0;0;0;0;0;0;0;0;0;0;0;12 114;2;0;0;0;0;0;0;0;0;0;0;0;0;0;0;0;0;0;0;0;0;0;0;0;0;0;0;0;0;0;0;0;0;0;0;0;0;0;0;0;0;0;0;0;0;0;0;0;0;0;0;0;0;0;0;0;0;0;0;0;0;0;0;0;0;0;0;0;0;0;0;0;0;0;0;0;0;0;0;0;0;0;0;0;0;0;0;0;0;0;0;0;0;0;0;0;0;0;0;0;0;0;0;0;0;0;0;0;0;0;0;0;0;0;0;0;0;0;0;0;0;0;0;0;0;0;0;0;0;0;0;0;0;0;0;0;0;0;0;0;0;0;0;0;0;0;0;0;0;0;0;0;0
  Мурманская область;243 702 775;38 388 558;15 465 492;16 360 387;184 176 437;46 392 301;16 133 497;6 758 842;89 615;58 821;362 043;10 308 216;6 308;3;58 580 353;4 512 952;84;54 068 912;8 651 594;10 750 222;1 621 417;5 391;0;0;0;1 258 192;189 632;486 022;21 635;72 861;3 245;902 591;60 973;4;0;0;0;0;0;963 564;122;0;0;0;0;1 431;442;532;79;0;726 677;834 326;0;677 969;685 464;0;53 046;157 552;0;10 609;31 510;0;1 591;4 726;0;4 339;8 690;0;263;15;0;39;3;0;64 243;0;7 507 715;47 841;0;10 946 125;16 402;0;127 323;1 640;0;6 366;1 640;0;19 098;492;0;3 820;0;0;3 578 912;1;0;7;0;0;2;0;0;0;0;0;0;0;0;0;0;0;0;0;0;0;0;0;0;0;0;0;0;0;0;0;0;0;0;0;0;0;313 521;0;5 454;266 573;0;3 943;51 552;0;1 515;1 547;0;45;4 605;0;4;2;0;1;15 765 887;0;11 411 486;0;4 354 400;0;870 880;0;130 632;0;0;0;5;0;0;0;0;0;0;0;0;0;0;0;0;0;0;0;0;0;0;0;0;0;0;0;0;0;1 459 643;30 783;0;1 174 169;30 283;0;54;0;0;465 277;500;0;15;0;23 264;13 958;55 833;85;0;179 857;0;0;9;2;0;4;0;0;51 278 275;39 133 297;0;12 607 610;462 632;2 521 522;378 228;12;7;6;0;0;0;0;0;0;0;6 232 981;5 948 596;62 370;61 615;0;0;756;28 146;132 344 024;120 083 927;190 559;11 114 901;939 793;0;13 943;0;0;13 770;939 443;0;0;920 000;0;0;0;0;0;0;0;10;0;0;0;0;0;14 260;0;0;90 275;0;5 000;0;0;0;0;0;0;32;5 441 465;3 299 668;0;0;0;0;0;0;0;0;0;0;0;0;0;0;0;0;0;69 273;1;0;0;0;0;0;0;0;0;0;0;0;0;0;0;0;0;0;0;0;0;0;0;0;0;0;0;0;0;0;0;827;3;0;0;0;0;0;0;6 194;1;0;0;0;0;0;0;18 394;1;50 409;6;1 233;2;17 709;10;33 074;18;0;0;0;0;27 771;5;112 892;26;1 944;13;5 552;4;18 981;3;3 796;824;2;59 505;37;0;0;0;0;0;0;0;0;0;0;0;0;11 808 071;769;0;0;0;0;0;0;0;0;37 650;1;7 530;0;0;0;0;0;0;0;0;0;0;0;0;0;0;0;0;0;0;0;796 652;4;0;0;2 766 173;1;0;0;0;0;0;0;0;0;0;0;0;0;0;0;0;0;0;0;0;0;0;0;0;0;0;0;0;0;0;0;0;0;0;0;0;0;0;0;0;0;0;0;0;0;0;0;0;0;0;0;0;0;0;0;0;0;0;0;0;0;0;0;0;0;0;0;0;0;0;0;0;0;0;0;0;0;0;0;0;0;0;0;0;0;0;0;0;0;0;0;0;0;0;0;0;0;0;0;0;0;0;0;0;0;0;0;0;0;0;0;0;0;0;0;0;0;0;0;0;0;0;0;0;0;0;0;0;0;0;0;0;0;0;0;0;0;0;0;0;0;0;0;0;0;0;0;0;0;0;0;0;0;0;0;0;0;0;0;0;0;0;0;0;0;0;0;0;0;0
  Нижегородская область;3 131 014 596;145 455 862;142 888 879;35 977 835;2 920 604 554;173 267 784;110 096 485;17 311 302;798 518;255 075;11 288 259;20 993 770;731 184;25;232 042 485;19 095 360;635;212 947 135;29 876 270;40 872 876;6 383 579;5 687;0;0;0;4 200 128;630 375;2 722 684;107 948;416 351;16 193;3 819 071;1 677 054;5;24;408;1;0;0;5 496 557;17 791;0;0;0;0;20 150;2 520;7 930;1 560;0;2 537 479;8 929 582;0;2 421 596;7 581 706;0;143 810;1 325 921;0;28 761;265 185;0;4 314;39 778;0;27 877;16 474;0;323;100;0;17;9;0;0;0;116 267;0;0;117 708;0;0;6 175;0;0;354;0;0;870;0;0;174;0;0;7 616;0;0;13;0;0;4;0;0;0;0;0;0;0;0;0;0;0;0;0;0;0;0;0;0;0;0;0;0;0;0;0;0;0;0;0;0;0;205 500;0;10 473;182 583;0;8 266;23 501;0;2 207;705;0;66;584;0;0;1;0;0;14 425 890;0;12 647 169;0;1 942 775;0;388 555;0;58 283;0;164 053;0;68;0;11;0;0;0;0;0;0;0;0;0;0;0;0;0;0;0;0;0;0;0;0;0;0;0;0;9 728 848;0;0;7 943 253;0;0;1 736;0;0;1 877 511;0;56 326;0;0;0;0;319 177;0;0;101 385;0;0;37;0;0;5;0;27 351 850;24 767 477;329 623;2 351 069;50 724;470 214;70 532;13;5;3;0;0;0;0;0;0;0;2 155 493;1 797 485;3 649 188;3 803 452;62 326;18 831;92 054;407 309;57 625 398;35 740 380;1 334 138;2 940 757;15 944 389;0;83 697;131 122;619 448;3 034 298;7 666 949;0;0;7 086 975;0;0;26 950;0;0;12 872;1 675 246;98 753;1 226 487;1 327;264 780;215;0;0;0;0;3 272 203;429 536;43 826;0;0;293 789;5;0;0;261;821 542;8 493 526;29 089;4;5 818;2 507;2;501;92;2;18;0;0;0;0;0;0;0;0;422 510;7;714 037;1;0;0;0;0;0;0;0;0;0;61 719;2;6 172;23;1;2;3 607;2;481;111 059;1;14 808;0;0;0;0;0;266 896;1;241 929;9;0;0;0;0;0;0;8 080;1;0;0;0;0;0;0;0;0;105 551;19;75 399;13;29 947;41;180 872;71;9 431;10;37 796;4;107 362;4;533 363;60;118 273;20;16 256;20;60 532;11;12 106;41 143;6;311 731;83;0;0;0;0;0;0;172;1;9 709;1;0;0;59 560 263;7 651;2 588 923;25;0;0;0;23;1;5;0;0;0;0;0;0;0;0;0;0;0;0;0;0;0;0;0;0;0;0;111;1;0;0;0;0;7 239 757;2;0;0;0;0;0;0;29 693;1;0;0;0;0;0;0;0;8 515;1;0;0;0;0;0;0;0;0;0;0;0;0;0;0;0;0;0;0;0;0;0;0;0;0;0;0;0;0;0;0;0;0;0;0;0;0;0;0;0;0;0;0;0;0;0;0;0;0;0;0;0;0;0;0;0;0;0;0;0;0;0;0;0;0;0;0;0;0;0;0;0;0;0;0;0;0;0;0;0;0;0;0;0;0;0;0;0;0;0;0;0;0;0;0;0;0;0;0;0;0;0;0;0;0;0;0;0;0;0;0;0;0;0;0;0;0;0;0;0;0;0;0;0;0;0;0;0;0;0;0;0;0;0;0;0;0;0;0;0;0;0;0;0;0;0;0;0;0;0;0;0;0
  Новгородская область;360 808 135;37 433 614;44 499 720;1 167 979;295 335 029;39 228 051;24 260 428;1 137 484;356 750;39 639;22 674 198;623 171;89 518;1 639;63 312 345;1 561 837;93;61 750 509;2 349 114;11 803 729;1 852 146;0;0;0;0;1 658 665;261 486;239 500;17 922;36 486;2 686;312 367;546 285;10;0;0;0;0;0;858 652;0;0;0;0;0;1 999;356;1 082;200;0;62 328;1 313 616;0;61 480;1 261 487;0;848;52 129;0;170;10 426;0;25;1 564;0;0;0;0;19;24;0;0;0;0;0;0;2 934 024;0;0;2 830 374;0;0;103 649;0;0;5 182;0;0;15 547;0;0;3 109;0;0;0;0;0;5;0;0;0;0;0;0;0;0;0;0;0;0;0;0;0;0;0;0;0;0;0;0;0;0;0;0;0;0;0;0;0;0;0;0;0;0;0;0;0;0;0;0;0;0;0;0;0;0;0;0;0;0;10 595 260;0;9 782 615;0;817 973;0;163 595;0;24 539;0;5 328;0;12;0;2;0;0;0;0;0;0;0;0;0;0;0;0;0;0;0;0;0;0;0;0;0;0;0;0;14 038;0;0;10 957;0;0;0;0;0;3 081;0;92;0;0;0;0;524;0;0;0;0;0;1;0;0;0;0;490 521;346 794;0;144 419;691;28 884;4 333;2;1;0;0;0;0;0;0;0;0;955;980;502 440;495 558;0;0;6 905;101 620;3 617 191;673 664;1 014 662;241 225;1 686 508;0;784;0;1 309 624;0;377 580;0;0;0;0;0;0;0;0;0;0;0;0;0;0;0;0;0;0;0;955 024;0;376 689;0;0;4 036;1;0;0;49;50 946;1 029 586;0;0;0;0;0;0;0;0;0;0;0;0;0;0;0;0;0;0;0;5 933;1;0;0;0;0;0;0;0;0;0;0;0;0;0;0;0;806;1;107;0;0;0;0;0;0;0;0;0;0;0;0;0;0;0;0;0;0;0;0;0;0;0;0;0;0;0;0;1 578;3;9 814;3;3 576;4;12 913;9;0;0;329;1;2 153;1;10 844;5;560;2;0;0;0;0;0;82;1;13 088;16;0;0;0;0;0;0;0;0;0;0;0;0;8 114 017;1 038;53 089;5;0;0;0;0;0;0;0;0;0;0;0;0;0;0;0;0;0;0;0;0;0;0;0;0;0;0;0;0;0;0;0;0;0;0;0;0;0;0;0;0;0;0;0;0;0;0;0;0;0;0;0;0;0;0;0;0;0;0;0;0;0;0;0;0;0;0;0;0;0;0;0;0;0;0;0;0;0;0;0;0;0;0;0;0;0;0;0;0;0;0;0;0;0;0;0;0;0;0;0;0;0;0;0;0;0;0;0;0;0;0;0;0;0;0;0;0;0;0;0;0;0;0;0;0;0;0;0;0;0;0;0;0;0;0;0;0;0;0;0;0;0;0;0;0;0;0;0;0;0;0;0;0;0;0;0;0;0;0;0;0;0;0;0;0;0;0;0;0;0;0;0;0;0;0;0;0;0;0;0;0;0;0;0;0;0;0;0;0;0;0;0;0;0;0;0;0;0;0;0;0;0;0;0
  Новосибирская область;2 276 992 706;295 318 594;220 472 227;47 585 752;2 116 103 991;320 876 074;189 556 795;24 453 189;638 473;110 687;12 756 537;17 991 237;101 554;3 754;179 594 902;7 934 468;516;171 660 520;19 891 253;34 271 066;5 149 809;10 134;65 076;351 510;16;5 000 465;756 822;2 155 839;63 607;334 623;9 578;1 586 894;62 376;110;0;0;0;0;0;2 065 856;3 250;0;0;0;0;20 192;2 818;8 390;1 502;0;775 539;13 145 168;1 434 782;806 541;10 891 498;1 088 230;42 438;2 336 947;346 864;8 488;467 390;69 373;1 273;70 109;10 406;73 440;83 277;312;38;110;7;7;8;1;0;0;246 620;0;0;238 819;0;0;7 800;0;0;0;0;0;1 560;0;0;234;0;0;0;0;0;3;0;0;0;0;0;0;0;0;0;0;0;0;0;0;0;0;0;0;0;0;0;0;0;0;0;0;0;0;0;0;0;0;0;0;281 627;0;111 441;269 986;0;86 992;12 320;0;26 044;370;0;782;680;0;1 595;1;0;1;30 597 389;0;26 536 262;0;4 527 004;0;905 401;0;135 810;0;465 878;0;99;0;16;0;0;0;0;0;0;0;0;0;0;0;0;0;0;0;0;0;0;0;0;0;0;0;0;14 498 246;0;0;10 644 455;0;0;3 375;0;0;3 993 586;0;119 808;0;0;0;0;678 910;0;0;143 170;0;0;53;0;0;6;0;1 040 329;1 016 792;2 660;94 624;65 334;18 925;2 839;11;4;7;0;0;0;0;0;0;0;55 861 244;60 282 532;1 553 933;1 510 063;26 074 299;25 697 667;430 718;4 014 696;29 864 268;15 868 356;1 987 337;6 945 822;4 958 137;0;61 530;0;17 100;27 029;4 936 594;0;0;5 424 249;0;0;0;0;2 562 853;247 912;0;0;0;0;0;0;0;0;0;0;13 473;17 532;169 137;128;1;2 150;2;0;0;229;683 392;2 180 487;0;0;0;572;1;114;60 746;4;12 149;0;0;263;1;53;0;0;0;197 394;3;216 553;1;0;0;0;0;0;0;0;0;0;0;0;0;0;0;0;1 308;1;174;0;0;0;0;0;0;0;0;0;0;160;4;0;0;0;0;0;0;78 727;1;0;0;0;0;0;0;0;0;21 351;7;35 646;3;12 609;16;28 197;27;3 322;1;9 307;1;8 105;2;59 701;24;2 362;9;7 439;8;15 343;7;3 068;11 776;3;51 762;37;0;0;0;0;0;0;0;0;71;1;0;0;34 303 429;7 406;1 849 616;35;0;0;0;43;1;9;8 318;2;1 664;786;1;157;0;0;0;104 000;1;20 800;0;0;0;0;0;0;0;0;363;1;0;0;0;0;0;0;0;0;0;0;0;0;0;0;0;0;0;0;0;0;0;10 058;6;0;0;0;0;0;0;0;0;0;0;0;0;0;0;0;0;0;0;0;0;0;0;0;0;0;0;0;0;0;0;0;0;0;0;0;0;0;0;0;0;0;0;0;0;0;0;0;0;0;0;0;0;0;0;0;0;0;0;0;0;0;0;0;0;0;0;0;0;0;0;0;0;0;0;0;0;0;0;0;0;0;0;0;0;0;0;0;0;0;0;0;0;0;0;0;0;0;0;0;0;0;0;0;0;0;0;0;0;0;0;0;0;0;0;0;0;0;0;0;0;0;0;0;0;0;0;0;0;0;0;0;0;0;0;0;0;0;0;0;0;0;0;0;0;0;0;0;0;0;0;0;0
  Омская область;746 728 138;62 695 340;15 042 062;2 849 110;692 518 400;70 378 061;15 871 060;5 207 435;144 611;139 022;495 041;29 010;11 568;0;53 025 467;1 025 307;194;52 000 160;9 931 033;10 033 253;1 559 917;26;0;0;0;1 312 098;197 154;608 063;27 414;95 398;4 112;205 061;366 203;5;0;0;0;0;0;571 264;619;0;0;0;0;7 568;684;3 761;454;0;1 052 001;6 972 158;401 160;1 000 193;5 565 058;423 331;63 930;1 417 694;991;12 786;283 539;198;1 918;42 531;30;12 122;10 593;23 162;195;84;2;8;4;1;5 441 011;0;0;5 889 591;0;0;16 396;0;0;1 640;0;0;1 148;0;0;0;0;0;464 984;0;0;2;0;0;1;0;0;0;0;0;0;0;0;0;0;0;0;0;0;0;0;0;0;0;0;0;0;0;0;0;0;0;0;0;0;0;0;0;783 439;0;16 523;676 975;0;16 523;106 464;0;0;3 194;0;0;0;0;0;0;0;0;17 143 923;0;13 474 044;0;3 966 975;0;793 395;0;119 009;0;297 096;0;88;0;8;0;0;0;0;0;0;0;0;0;0;0;0;0;0;0;0;0;0;0;0;0;0;0;0;718 540;0;0;691 209;0;0;1 458;0;0;43 614;0;1 308;0;0;0;0;7 414;0;0;17 740;0;0;8;0;0;1;0;7 983 106;6 983 281;11 064;1 070 596;81 836;214 119;32 118;7;2;1;0;0;0;0;0;0;0;12 592 857;12 573 388;188 881;181 941;0;0;6 939;9 500;20 854 565;19 740 248;214 029;647 983;180 578;0;12 958;0;137 000;0;9 064;0;0;40 197;0;0;0;0;0;0;137 000;0;0;0;0;0;0;0;0;0;0;0;3 392;0;0;0;0;0;0;87;124 599;575 900;622;1;124;0;0;0;16;1;3;0;0;0;0;0;0;0;0;423 352;2;9 076;2;0;0;0;0;0;0;0;0;0;0;0;0;0;0;0;0;0;0;0;0;0;0;0;0;0;0;73 055;1;92;1;0;0;0;0;0;0;0;0;0;0;0;0;0;0;0;0;17 533;4;4 221;3;7 431;8;29 433;20;0;0;0;0;466;1;97 760;20;4 765;8;61 474;2;812;1;162;0;0;38 128;18;0;0;0;0;0;0;0;0;0;0;0;0;20 771 756;2 747;298 284;22;0;0;0;0;0;0;0;0;0;0;0;0;0;0;0;0;0;0;0;0;0;0;0;0;0;0;0;0;0;0;0;0;0;0;0;0;0;0;0;0;0;0;0;0;0;0;0;0;0;0;0;0;0;0;0;0;0;0;0;0;0;0;0;0;0;0;0;0;0;0;0;0;0;0;0;0;0;0;0;0;0;0;0;0;0;0;0;0;0;0;0;0;0;0;0;0;0;0;0;0;0;0;0;0;0;0;0;0;0;0;0;0;0;0;0;0;0;0;0;0;0;0;0;0;0;0;0;0;0;0;0;0;0;0;0;0;0;0;0;0;0;0;0;0;0;0;0;0;0;0;0;0;0;0;0;0;0;0;0;0;0;0;0;0;0;0;0;0;0;0;0;0;0;0;0;0;0;0;0;0;0;0;0;0;0;0;0;0;0;0;0;0;0;0;0;0;0;0;0;0;0;0;0
  Оренбургская область;1 147 420 451;75 524 874;31 192 096;10 127 025;1 002 086 005;83 873 654;38 431 233;12 789 477;288 778;1 159 528;803 169;23 875;14 709;10 781;137 573 126;17 358 738;159;120 214 389;9 885 204;24 040 954;3 606 184;1;0;0;0;2 063 592;309 553;2 502 255;44 949;375 389;6 742;3 471 748;0;0;0;0;0;0;0;3 471 748;0;0;0;0;0;4 371;884;2 596;387;0;577 537;1 623 697;564 512;545 732;1 568 469;529 985;32 050;89 929;38 634;6 410;17 986;7 727;962;2 698;1 159;60;34 701;4 107;302;48;5;5;5;1;0;0;2 094 719;0;0;2 551 614;0;0;18 740;0;0;0;0;0;3 748;0;0;562;0;0;475 635;0;0;14;0;0;6;0;0;0;0;0;0;0;0;0;0;0;0;0;0;0;0;0;0;0;0;0;0;0;0;0;0;0;0;0;0;0;16 848;0;1 718;10 334;0;1 548;6 245;0;170;187;0;5;0;0;0;0;0;0;14 868 433;0;13 093 365;0;2 556 746;0;511 349;0;76 701;0;781 677;0;97;0;21;0;0;0;0;0;0;0;0;0;0;0;0;0;0;0;0;0;0;0;0;0;0;0;0;0;0;0;0;0;0;0;0;0;0;0;0;0;0;0;0;0;0;0;0;0;0;0;0;0;0;0;2 387 431;2 333 256;0;130 416;76 236;26 083;3 912;8;4;5;0;0;0;0;0;0;0;337 266;339 180;676 883;486 691;0;0;5 447;3 148 915;6 767 863;3 430 290;165 099;3 051 465;62 700;0;1 404;0;0;1 057;1 351;0;0;61 642;0;0;0;0;2 187;0;112 033;75;0;45 518;0;0;0;0;0;0;1 057;0;0;0;0;0;0;0;0;83;625 824;9 164 103;0;0;0;0;0;0;11;1;2;0;0;0;0;0;0;0;0;1 252 459;6;628;1;0;0;0;0;0;0;0;0;0;11 152;2;1 115;0;0;0;5 555;1;741;0;0;0;0;0;0;6 553;1;3 867;1;63;1;330 596;1;33 060;0;0;0;0;0;0;0;0;0;0;0;0;0;98 541;9;32 959;4;15 202;8;74 322;23;0;0;0;0;0;0;69 912;16;788;4;42 809;1;7 964;3;1 593;2 976;1;47 487;24;0;0;0;0;0;0;0;0;661;1;0;0;58 598 431;2 205;89 345;13;0;0;0;0;0;0;250 907;1;50 181;308 122;1;61 624;0;0;0;10 500;2;2 100;0;0;0;0;0;0;0;0;0;0;0;0;0;0;0;0;0;0;0;0;0;0;8 439;1;0;0;0;0;0;0;0;0;0;0;0;0;0;0;0;0;0;0;0;0;0;0;0;0;0;0;0;0;0;0;0;0;0;0;0;0;0;0;0;0;0;0;0;0;0;0;0;0;0;0;0;0;0;0;0;0;0;0;0;0;0;0;0;0;0;0;0;0;0;0;0;0;0;0;0;0;0;0;0;0;0;0;0;0;0;0;0;0;0;0;0;0;0;0;0;0;0;0;0;0;0;0;0;0;0;0;0;0;0;0;0;0;0;0;0;0;0;0;0;0;0;0;0;0;0;0;0;0;0;0;0;0;0;0;0;0;0;0;0;0;0;0;0;0;0;0;0;0;0;0;0;0;0;0;0;0;0;0;0;0;0
  Орловская область;279 498 993;14 518 633;15 444 869;1 254 907;257 074 278;16 159 690;8 571 489;981 390;103 717;38 058;8 691 334;387 812;9 628;0;20 744 266;570 953;73;20 173 313;1 717 294;3 919 897;605 199;0;0;0;0;469 329;72 454;444 498;2 025;66 631;304;114 191;114 765;3;0;0;0;0;0;228 956;549;0;0;0;0;2 419;400;1 895;210;0;223 380;460 290;0;218 293;442 774;0;5 087;18 622;0;1 017;3 724;0;153;559;0;0;1 107;0;126;20;0;0;1;0;3 044 517;0;3 299 010;2 856 936;0;3 632 103;131 179;0;137 503;13 118;0;0;13 118;0;27 501;3 935;0;4 125;0;0;471 850;1;0;12;0;0;4;0;0;0;0;0;0;0;0;0;0;0;0;0;0;0;0;0;0;0;0;0;0;0;0;0;0;0;0;0;0;0;4 555;0;0;2 488;0;0;2 067;0;0;62;0;0;0;0;0;0;0;0;46 503 642;0;29 760 009;0;16 786 777;0;3 357 355;0;503 603;0;43 144;0;111;0;6;0;0;0;0;0;0;0;0;0;0;0;0;0;0;0;0;0;0;0;0;0;0;0;0;142 980;0;0;152 404;0;0;3 985;0;0;3 900;0;117;0;0;0;0;663;0;0;17 310;0;0;3;0;0;2;0;167 432;158 060;5 543;6 222;2 394;1 244;187;4;1;1;0;0;0;0;0;0;0;0;0;91 716;48 304;0;0;43 412;28 498;17 972 943;14 236 151;165 149;462 333;94 100;0;3 000 825;0;0;94 100;3 000 825;0;0;55;0;750;0;0;0;0;7 865 080;0;0;0;0;0;0;0;0;0;0;94 100;0;0;0;0;0;0;0;54;52 296;382 580;1 315;1;263;0;0;0;0;0;0;0;0;0;0;0;0;0;0;157 856;1;30 075;1;0;0;0;0;0;0;0;0;0;0;0;0;0;0;0;0;0;0;0;0;0;0;0;0;0;0;0;0;0;0;0;0;0;0;0;0;0;0;0;0;0;0;0;0;0;0;0;0;0;0;325;1;300;2;0;0;0;0;0;0;4 329;4;164;2;443;1;0;0;0;0;0;771;4;0;0;0;0;0;0;0;0;0;0;0;0;9 667 683;1 165;13 777;6;0;0;0;0;0;0;0;0;0;0;0;0;0;0;0;0;0;0;0;0;0;0;0;0;0;0;0;0;0;0;0;0;0;0;0;0;0;0;0;0;0;0;0;0;0;0;0;0;0;0;0;0;0;0;0;0;0;0;0;0;0;0;0;0;0;0;0;0;0;0;0;0;0;0;0;0;0;0;0;0;0;0;0;0;0;0;0;0;0;0;0;0;0;0;0;0;0;0;0;0;0;0;0;0;0;0;0;0;0;0;0;0;0;0;0;0;0;0;0;0;0;0;0;0;0;0;0;0;0;0;0;0;0;0;0;0;0;0;0;0;0;0;0;0;0;0;0;0;0;0;0;0;0;0;0;0;0;0;0;0;0;0;0;0;0;0;0;0;0;0;0;0;0;0;0;0;0;0;0;0;0;0;0;0;0;0;0;0;0;0;0;0;0;0;0;0;0;0;0;0;0;0;0
  Пензенская область;499 301 938;34 966 514;11 205 601;1 543 068;468 808 935;37 624 608;12 491 781;2 179 992;145 754;100 293;244 607;163;3 676;0;29 104 367;2 567 813;100;26 536 554;3 194 888;5 305 499;796 096;648;0;0;0;591 023;88 601;520 295;10 906;77 810;1 636;513 562;1 813;1;0;0;0;0;0;515 375;60;0;0;0;0;4 274;260;2 550;493;0;174 027;1 562 510;845 933;167 540;1 389 736;706 391;6 487;173 023;139 542;1 297;34 604;27 908;195;5 190;4 186;0;249;0;34;31;1;0;1;0;0;0;802 418;0;0;732 887;0;0;763;0;0;38;0;0;114;0;0;23;0;0;12 768;0;0;10;0;0;5;0;0;0;0;0;0;0;0;0;0;0;0;0;0;0;0;0;0;0;0;0;0;0;0;0;0;0;0;0;0;0;60 931;0;2 333;57 681;0;2 522;3 250;0;0;98;0;0;0;0;189;0;0;1;51 096 401;0;42 122 970;0;9 168 403;0;1 833 681;0;275 052;0;194 972;0;50;0;4;0;0;0;0;0;0;0;0;0;0;0;0;0;0;0;0;0;0;0;0;0;0;0;0;263 206;0;0;225 744;0;0;0;0;0;37 462;0;1 124;0;0;0;0;6 369;0;0;0;0;0;5;0;0;0;0;29 745;34 375;0;0;4 630;0;0;4;3;0;0;0;0;0;0;0;0;750 401;750 180;789 469;791 628;0;18 861;73;0;4 756 060;4 162 087;130 111;379 512;0;0;1;0;0;0;0;0;0;0;0;0;0;0;0;0;11 982;0;0;0;0;0;0;0;0;0;0;0;0;0;0;676;1;0;0;71;64 027;683 898;0;0;0;50;1;10;0;0;0;0;0;0;0;0;0;0;0;0;0;11;1;0;0;0;0;0;0;0;0;0;0;0;0;0;0;0;0;0;0;0;0;0;0;0;0;0;0;0;0;0;0;0;0;0;0;0;0;261 871;1;0;0;0;0;0;0;0;0;0;0;2 703;2;3 925;6;3 973;7;0;0;0;0;26 261;2;4 996;5;79;2;845;1;3 848;1;770;0;0;7 435;7;0;0;0;0;0;0;0;0;0;0;0;0;13 741 736;1 643;143 176;9;0;0;0;0;0;0;0;0;0;0;0;0;0;0;0;0;0;0;0;0;0;0;0;0;0;0;0;0;0;0;0;0;0;0;0;0;0;0;0;0;0;0;0;0;0;0;0;0;0;9 272;2;0;0;0;0;0;0;0;0;0;0;0;0;0;0;0;0;0;0;0;0;0;0;0;0;0;0;0;0;0;0;0;0;0;0;0;0;0;0;0;0;0;0;0;0;0;0;0;0;0;0;0;0;0;0;0;0;0;0;0;0;0;0;0;0;0;0;0;0;0;0;0;0;0;0;0;0;0;0;0;0;0;0;0;0;0;0;0;0;0;0;0;0;0;0;0;0;0;0;0;0;0;0;0;0;0;0;0;0;0;0;0;0;0;0;0;0;0;0;0;0;0;0;0;0;0;0;0;0;0;0;0;0;0;0;0;0;0;0;0;0;0;0;0;0;0;0;0;0;0;0;0;0
  Пермский край;1 773 780 815;107 323 021;91 722 148;16 226 831;1 488 156 182;121 244 288;94 287 016;24 499 052;545 557;1 027 715;6 740 943;3 796 817;197 662;1 567;279 307 281;5 389 374;421;273 917 910;24 918 531;50 897 346;8 215 059;13 946;172 915;864 574;1;7 533 271;1 261 378;1 615 928;55 401;242 422;8 926;1 077 875;3 886 256;12;0;0;0;0;0;6 001 620;3 919;0;0;0;0;10 848;1 648;4 354;681;0;718 220;5 348 547;458 955;729 827;4 574 396;450 767;29 297;863 482;8 187;5 859;172 696;1 637;879;25 905;246;40 905;89 353;0;99;68;3;11;6;0;0;0;2 217 267;0;0;2 147 757;0;0;222 144;0;0;11 224;0;0;33 205;0;0;6 665;0;0;153 129;0;0;18;0;0;4;0;0;31 281 232;0;0;18 739 032;0;0;0;0;0;12 732 256;0;0;0;0;0;0;2 546 451;0;0;381 968;0;0;172 498;0;0;2;0;0;1;796 949;0;2 024;660 147;0;1 449;136 803;0;574;4 104;0;17;0;0;0;0;0;0;15 829 402;2 192 726;13 837 525;2 132 484;2 201 845;60 243;440 369;12 049;66 055;1 807;209 969;0;75;1;10;0;0;0;0;0;0;0;0;0;0;0;0;0;0;0;0;0;0;0;0;0;0;0;0;3 974 304;0;0;4 275 977;0;0;3 442;0;0;469 466;0;14 084;0;0;0;0;79 809;0;0;774 581;0;0;26;0;0;5;0;2 565 814;3 172 042;21 351;199 853;140 431;39 971;5 996;17;6;11;0;0;0;0;0;0;0;2 472 907;2 377 227;22 746 966;20 014 740;1 489;0;2 690 787;443 980;46 794 798;40 767 623;663 570;1 228 394;4 088 327;626;24 914;0;2 864 591;820 869;104 532;0;0;1 013 919;17 603;0;0;0;0;7 656;0;4 500;2 189 791;0;1 162 799;21 750;0;0;0;0;0;834 469;35 227;58 102;1;17 898;3;0;0;229;1 514 454;12 658 127;0;0;0;436;1;87;22;1;4;0;0;0;0;0;0;0;0;1 655 424;9;16 055;1;0;0;0;0;0;0;0;0;0;297 977;1;29 798;0;0;0;50 569;4;6 743;0;0;0;0;0;0;0;0;475 988;4;32 281;12;0;0;0;0;0;0;0;0;0;0;0;0;0;0;0;0;42 138;24;15 608;9;44 357;39;166 877;76;0;0;924;1;78 066;8;367 080;74;9 987;35;52 110;13;89 406;17;17 881;51 069;9;198 917;90;0;0;0;0;0;0;377;2;1 567 209;4;0;0;53 081 769;5 142;6 963 604;29;0;0;0;7;1;1;15 799;3;3 159;0;0;0;0;0;0;1 414 381;1;282 876;0;0;50;1;3 894;1;0;0;0;0;0;0;0;0;0;0;0;0;0;0;0;0;141 140;1;0;0;0;0;0;0;0;43 432;2;0;0;0;0;0;0;0;0;0;0;0;0;0;0;0;0;0;0;0;0;0;0;0;0;0;0;0;0;0;0;0;0;0;0;0;0;0;0;0;0;0;0;0;0;0;0;0;0;0;0;0;0;0;0;0;0;0;0;0;0;0;0;0;0;0;0;0;0;0;0;0;0;0;0;0;0;0;0;0;0;0;0;0;0;0;0;0;0;0;0;0;0;0;0;0;0;0;0;0;0;0;0;0;0;0;0;0;0;0;0;0;0;0;0;0;0;0;0;0;0;0;0;0;0;0;0;0;0;0;0;0;0;0;0;0;0;0;0;0;0;0;0;0;0;0;0;0;0;0;0;0;0
  Псковская область;206 042 991;15 567 968;6 505 522;1 325 093;196 362 282;18 912 489;7 069 319;3 226 624;42 943;62 314;6 751;15 532;26 004;214;9 154 942;858 342;98;8 296 601;5 199 484;1 616 439;248 285;0;2 557;13 485;1;277 637;43 143;146 123;4 643;21 789;696;171 668;33 599;15;554;6 648;1;0;0;228 511;0;0;0;0;0;2 057;456;665;171;0;20 847;882 852;0;21 677;700 236;0;527;187 162;0;105;37 433;0;16;5 614;0;1 356;4 547;0;4;30;0;1;3;0;0;0;0;0;0;0;0;0;0;0;0;0;0;0;0;0;0;0;0;0;0;0;0;0;0;0;0;0;0;0;0;0;0;0;0;0;0;0;0;0;0;0;0;0;0;0;0;0;0;0;0;0;0;0;0;0;0;0;0;0;0;0;0;0;0;0;0;0;0;0;0;0;0;0;0;0;39 294 916;0;31 442 464;0;8 264 355;0;1 652 871;0;247 930;0;411 902;0;32;0;8;0;0;0;0;0;0;0;0;0;0;0;0;0;0;0;0;0;0;0;0;0;0;0;0;116;0;0;54;0;0;0;0;0;61;0;2;0;0;0;0;10;0;0;0;0;0;1;0;0;0;0;42 090;41 582;0;2 846;2 337;569;85;3;2;1;0;0;0;0;0;0;0;167 930;167 959;0;0;30 417;2 574;27 843;0;471 123;354 795;4 728;101 958;2 888;0;6 681;0;2 888;6 681;0;0;0;0;0;0;0;0;0;0;0;0;0;0;0;0;0;0;0;0;92 833;0;0;0;0;0;0;0;0;32;42 682;328 696;0;0;0;0;0;0;0;0;0;0;0;0;0;0;0;0;0;0;0;1 914;1;0;0;0;0;0;0;0;0;0;0;0;0;0;0;0;2 992;1;399;0;0;0;0;0;0;0;0;0;0;118;1;0;0;0;0;0;0;0;0;0;0;0;0;0;0;0;0;112;1;20;1;56;3;1 254;6;0;0;0;0;0;0;962;2;0;0;0;0;0;0;0;0;0;51;2;0;0;0;0;0;0;0;0;0;0;0;0;6 626 501;968;6 030;1;0;0;0;0;0;0;0;0;0;0;0;0;0;0;0;0;0;0;0;0;0;0;0;0;0;0;0;0;0;0;0;0;0;0;0;0;0;0;0;0;0;0;0;0;0;0;0;0;0;488;2;0;0;0;0;0;0;0;0;0;0;0;0;0;0;0;0;0;0;0;0;0;0;0;0;0;0;0;0;0;0;0;0;0;0;0;0;0;0;0;0;0;0;0;0;0;0;0;0;0;0;0;0;0;0;0;0;0;0;0;0;0;0;0;0;0;0;0;0;0;0;0;0;0;0;0;0;0;0;0;0;0;0;0;0;0;0;0;0;0;0;0;0;0;0;0;0;0;0;0;0;0;0;0;0;0;0;0;0;0;0;0;0;0;0;0;0;0;0;0;0;0;0;0;0;0;0;0;0;0;0;0;0;0;0;0;0;0;0;0;0;0;0;0;0;0;0;0;0;0;0;0;0
  Ростовская область;2 727 789 293;189 303 960;139 188 115;34 907 240;2 578 254 559;210 095 557;128 978 859;39 872 256;478 568;2 661 788;7 272 281;2 452 873;17 325;8;155 049 954;7 015 928;506;148 034 918;25 454 810;29 473 207;4 436 121;51 128;90 927;504 176;27;3 686 801;557 498;2 595 070;82 451;397 254;12 402;1 403 186;100 802;15;0;0;0;0;0;2 099 091;10 729;0;0;0;0;14 188;2 459;6 741;1 318;0;3 269 594;7 348 938;0;2 975 149;6 325 169;0;300 068;1 070 883;0;60 013;214 178;0;9 003;32 127;0;8 362;59 717;0;488;90;0;13;12;0;0;0;949 391;0;0;891 204;0;0;82 655;0;0;0;0;0;16 531;0;0;2 480;0;0;24 468;0;0;10;0;0;2;0;0;3 724 724;0;0;2 648 928;0;0;0;0;0;1 166 270;0;0;0;0;0;0;233 254;0;0;34 988;0;0;90 474;0;0;2;0;0;1;265 984;0;46 089;235 705;0;42 449;30 300;0;4 027;909;0;121;21;0;387;1;0;1;72 104 842;0;48 557 293;0;25 138 636;0;5 027 727;0;752 750;0;1 591 086;0;277;0;18;0;0;0;0;0;0;0;0;0;0;0;0;0;0;0;0;0;0;0;0;0;0;0;0;2 404 804;0;0;1 978 573;0;0;5 549;0;0;448 185;0;13 445;0;0;0;0;76 192;0;0;27 503;0;0;22;0;0;3;0;12 902 958;9 680 768;97 542;3 162 217;45 800;632 443;94 866;25;4;1;0;0;0;0;0;0;0;14 487 875;14 889 146;8 008 568;1 452 436;12 270 396;16 914 078;2 261 054;37 387;21 807 946;10 053 136;1 876 333;1 441 251;8 332 144;258 471;53 459;64 400;7 105 012;75 193;292 322;0;0;1 010 845;0;0;0;0;0;99 000;0;0;7 105 012;0;0;28 406;0;34;0;0;510 233;446 295;615 579;0;0;0;0;0;0;197;1 393 761;6 309 900;39 323;2;7 865;1 597;1;319;0;0;0;0;0;0;0;0;0;0;0;271 425;2;0;0;0;0;0;0;0;0;0;0;0;32 358;1;3 236;0;0;0;208 900;4;27 853;0;0;0;0;0;0;0;0;0;0;154 829;2;0;0;0;0;0;0;0;0;0;0;0;0;0;0;0;0;61 906;10;36 880;8;22 226;18;39 558;28;601;1;0;0;1 236;2;155 109;19;5 012;9;1 796;5;4 916;3;983;2 269;4;82 495;31;0;0;0;0;0;0;0;0;64 605;1;0;0;47 369 543;6 706;881 813;20;0;0;0;0;0;0;1 123;1;225;1 640;1;328;150;1;30;0;0;0;0;0;9;1;0;0;0;0;0;0;5 840 856;15;3 102 261;1;0;0;0;0;0;0;0;0;0;0;0;0;0;0;0;0;0;851;2;0;0;0;0;0;0;0;0;0;0;0;0;0;0;0;0;0;0;0;0;0;0;0;0;0;0;0;0;0;0;0;0;0;0;0;0;0;0;0;0;0;0;0;0;0;0;0;0;0;0;0;0;0;0;0;0;0;0;0;0;0;0;0;0;0;0;0;0;0;0;0;0;0;0;0;0;0;0;0;0;0;0;0;0;0;0;0;0;0;0;0;0;0;0;0;0;0;0;0;0;0;0;0;0;0;0;0;0;0;0;0;0;0;0;0;0;0;0;0;0;0;0;0;0;0;0;0;0;0;0;0;0;0;0;0;0;0;0;0;0;0;0;0;0;0;0;0;0;0;0;0;0
  Рязанская область;648 701 544;23 429 687;18 863 434;87 834 250;604 110 167;25 186 549;20 451 962;89 561 240;92 222;304 075;630 919;39 002;16 017;189;42 448 858;1 660 586;94;40 791 089;3 218 966;7 981 110;1 223 581;0;11 197;85 684;6;1 296 852;196 634;251 350;50 134;34 319;7 520;332 117;176 081;8;0;0;0;0;0;605 079;152;0;0;0;0;5 206;321;3 035;484;0;548 181;1 996 306;747 831;539 459;1 811 862;665 061;8 722;181 450;82 770;1 745;36 290;16 554;262;5 443;2 483;0;22;0;222;48;1;0;1;0;1 628;0;703 131;11 191;0;648 082;0;0;60 154;0;0;1 805;0;0;10 226;0;0;1 805;9 562;0;5 104;1;0;7;1;0;2;0;0;0;0;0;0;0;0;0;0;0;0;0;0;0;0;0;0;0;0;0;0;0;0;0;0;0;0;0;0;0;187 553;0;15 170;177 673;0;14 184;10 444;0;986;313;0;30;564;0;0;2;0;0;38 023 774;0;28 727 504;0;9 343 865;0;1 868 773;0;281 242;0;47 595;0;152;0;7;0;0;0;0;0;0;0;0;0;0;0;0;0;0;0;0;0;0;0;0;0;0;0;0;125 488;0;0;105 371;0;0;0;0;0;22 021;0;661;0;0;0;0;3 744;0;0;1 904;0;0;4;0;0;1;0;793 093;724 681;56 342;57 708;45 638;11 542;1 731;10;3;3;0;0;0;0;0;0;0;945 785;972 562;50 152;50 008;0;3 880;144;980;1 495 112;901 343;91 700;483 985;535;0;124;0;0;0;67;0;0;0;0;0;0;0;0;0;0;0;23 000;0;0;0;0;0;0;0;0;5 915;0;0;0;0;0;0;0;70;62 433;1 269 432;0;0;0;0;0;0;0;0;0;0;0;0;0;0;0;0;0;0;0;0;0;0;0;0;0;0;0;0;0;0;0;0;0;0;0;0;0;0;0;0;0;0;0;0;0;0;0;0;0;7 694;2;0;0;0;0;0;0;0;0;0;0;0;0;0;0;0;0;5 975;2;4 175;2;275;3;1 364;6;26 901;1;0;0;3 404;2;3 469;3;159;3;134;1;246;1;49;0;0;4 021;9;0;0;0;0;0;0;0;0;0;0;0;0;21 367 619;2 006;185 563;4;0;0;0;0;0;0;0;0;0;0;0;0;0;0;0;0;0;0;0;0;0;0;0;0;0;0;0;0;0;0;0;0;76 950;1;0;0;0;0;0;0;0;0;0;0;0;0;0;0;0;0;0;0;0;0;0;0;0;0;0;0;0;0;0;0;0;0;0;0;0;0;0;0;0;0;0;0;0;0;0;0;0;0;0;0;0;0;0;0;0;0;0;0;0;0;0;0;0;0;0;0;0;0;0;0;0;0;0;0;0;0;0;0;0;0;0;0;0;0;0;0;0;0;0;0;0;0;0;0;0;0;0;0;0;0;0;0;0;0;0;0;0;0;0;0;0;0;0;0;0;0;0;0;0;0;0;0;0;0;0;0;0;0;0;0;0;0;0;0;0;0;0;0;0;0;0;0;0;0;0;0;0;0;0;0;0;0;0;0;0;0;0;0;0;0;0;0;0;0;0;0;0;0;0
  Самарская область;2 968 006 540;152 317 480;218 693 601;18 675 202;2 764 632 863;167 473 939;154 570 529;17 406 000;12 349 336;1 148 335;5 141 068;6 405 394;104 595;2;274 756 169;5 461 871;350;269 679 372;19 143 320;51 336 642;8 085 271;24 641;36 942;264 919;13;8 818 596;1 367 731;3 155 868;14 945;505 110;2 288;1 092 374;2 511 027;9;5 096;81 845;8;0;0;3 992 203;704;0;0;0;0;22 284;1 528;8 270;2 140;0;2 730 558;6 417 649;1 088 068;2 600 651;5 533 466;1 012 329;226 436;890 628;75 739;45 287;178 126;15 147;6 793;26 718;2 273;96 532;6 444;0;383;82;10;8;2;0;359 806;0;12 429 585;279 912;0;10 668 342;79 894;0;1 909 118;7 989;0;38 183;7 989;0;343 641;2 397;0;57 274;0;0;147 875;1;0;54;0;0;15;0;0;0;0;0;0;0;0;0;0;0;0;0;0;0;0;0;0;0;0;0;0;0;0;0;0;0;0;0;0;0;666 021;0;15 024;587 913;0;11 318;78 108;0;3 706;2 344;0;111;0;0;0;0;0;0;26 307 325;0;15 216 400;0;11 191 700;0;2 238 340;0;335 751;0;100 774;0;152;0;8;0;0;0;0;0;0;0;0;0;0;0;0;0;0;0;0;0;0;0;0;0;0;0;0;2 546 689;0;0;2 289 666;0;0;2 619;0;0;260 203;0;7 806;0;0;0;0;44 234;0;0;5 798;0;0;20;0;0;2;0;16 988 370;13 803 911;0;3 319 552;135 093;663 910;99 587;22;5;9;0;0;0;0;0;0;0;3 523 786;3 245 667;1 580 035;1 437 904;711 085;935 282;157 245;293 982;11 561 761;5 177 170;985 470;2 717 666;2 642 811;1 700 000;23 278;0;354 935;210 345;28 159;0;0;3 106;0;0;0;0;0;0;127 476;1 643;795 755;9 025;118 457;0;0;305 115;0;0;199 781;0;29 308;40 720;2;0;0;0;0;215;1 114 749;11 597 554;0;0;0;10 658;1;2 132;497;1;99;0;0;0;0;0;0;0;0;532 429;4;13 551;1;0;0;0;0;0;0;0;0;0;2 060;1;206;0;0;0;79 106;4;10 548;0;0;0;0;0;0;0;0;5 876;1;18 029;5;0;0;0;1;1;0;0;0;0;0;0;0;0;0;0;0;49 591;24;4 507;5;776 151;29;74 664;43;9;1;632;1;345 933;11;417 437;45;20 784;24;3 099;3;6 245;4;1 249;0;0;191 934;57;0;0;0;0;0;0;11 967;1;0;0;0;0;66 844 253;7 709;2 200 763;24;0;0;0;83;4;17;0;0;0;2 433;1;487;1 200;1;240;0;0;0;0;0;0;0;0;0;0;0;0;0;1 983 045;2;0;0;1 262 433;3;0;0;0;0;0;0;0;0;0;0;0;0;0;0;0;0;0;0;0;0;0;0;0;0;0;0;0;0;0;0;0;0;0;0;0;0;0;0;0;0;0;0;0;0;0;0;0;0;0;0;0;0;0;0;0;0;0;0;0;0;0;0;0;0;0;0;0;0;0;0;0;0;0;0;0;0;0;0;0;0;0;0;0;0;0;0;0;0;0;0;0;0;0;0;0;0;0;0;0;0;0;0;0;0;0;0;0;0;0;0;0;0;0;0;0;0;0;0;0;0;0;0;0;0;0;0;0;0;0;0;0;0;0;0;0;0;0;0;0;0;0;0;0;0;0;0;0;0;0;0;0;0;0;0;0;0;0;0;0;0;0;0;0;0;0;0;0;0;0
  Саратовская область;897 355 418;94 915 095;26 644 772;6 837 658;812 683 324;109 147 214;39 594 509;6 732 423;713 625;65 778;500 271;604 616;10 565;93;71 925 546;6 682 939;178;65 242 606;14 663 358;13 048 495;1 957 149;0;0;0;0;3 149 062;472 462;1 569 194;276 115;235 162;41 406;1 336 589;0;0;0;0;0;0;0;1 336 589;0;0;0;0;0;8 453;762;3 016;769;0;1 666 204;4 554 800;0;1 562 292;3 815 503;0;111 883;747 433;0;22 377;149 487;0;3 357;22 422;0;7 971;8 484;0;170;104;0;1;5;0;0;0;68 060;0;0;65 112;0;0;4 524;0;0;226;0;0;679;0;0;136;0;0;1 576;0;0;7;0;0;1;0;0;0;0;0;0;0;0;0;0;0;0;0;0;0;0;0;0;0;0;0;0;0;0;0;0;0;0;0;0;0;176 954;0;28 674;164 095;0;34 815;12 859;0;268;385;0;8;0;0;6 409;0;0;2;27 423 696;0;16 763 079;0;10 820 991;0;2 164 198;0;324 630;0;160 374;0;160;0;16;0;0;0;0;0;0;0;0;0;0;0;0;0;0;0;0;0;0;0;0;0;0;0;0;484 722;0;0;433 830;0;0;0;0;0;50 891;0;1 527;0;0;0;0;8 652;0;0;0;0;0;8;0;0;0;0;1 373 082;1 397 848;0;2 456;27 222;491;74;9;7;3;0;0;0;0;0;0;0;5 638 824;5 508 109;107 933;107 897;2 434;0;2 470;119 600;8 364 124;7 182 875;343 505;594 667;18 467;0;223 413;0;17 781;0;223 408;0;0;0;0;0;0;0;0;0;0;12 534;0;0;0;0;0;0;6;0;0;0;0;0;0;711;1;0;0;105;644 456;6 693 601;0;0;0;0;0;0;0;0;0;0;0;0;0;0;0;0;0;458 279;3;13 973;2;0;0;0;0;0;0;0;0;0;8 872;2;887;61;1;6;0;0;0;0;0;0;0;0;0;0;0;0;0;2 239;1;0;0;0;0;0;0;0;0;0;0;0;0;0;0;0;0;34 644;6;1 202;3;12 879;16;36 797;34;11 829;2;548;1;53 621;4;108 203;10;4 276;4;2 024;3;502;3;100;5 643;2;76 648;36;0;0;0;0;0;0;69;1;471;2;0;0;21 753 732;3 312;136 323;11;0;0;0;0;0;0;0;0;0;0;0;0;0;0;0;0;0;0;0;0;0;0;0;0;0;0;0;0;0;0;0;0;0;0;0;0;0;0;0;0;0;0;0;0;0;0;0;0;0;0;0;0;0;0;0;0;0;0;0;0;0;0;0;0;0;0;0;0;0;0;0;0;0;0;0;0;0;0;0;0;0;0;0;0;0;0;0;0;0;0;0;0;0;0;0;0;0;0;0;0;0;0;0;0;0;0;0;0;0;0;0;0;0;0;0;0;0;0;0;0;0;0;0;0;0;0;0;0;0;0;0;0;0;0;0;0;0;0;0;0;0;0;0;0;0;0;0;0;0;0;0;0;0;0;0;0;0;0;0;0;0;0;0;0;0;0;0;0;0;0;0;0;0;0;0;0;0;0;0;0;0;0;0;0;0;0;0;0;0;0;0;0;0;0;0;0;0;0;0;0;0;0;0
  Сахалинская область;269 113 683;39 729 625;28 669 000;12 946 327;225 039 278;54 716 813;21 140 240;8 994 893;77 726;290 898;1 160 490;262 554;180;7 357;50 520 287;2 736 710;84;47 783 578;11 014 765;9 556 014;1 432 806;79;119 297;1 696 910;1;1 337 283;194 675;609 878;55 210;91 482;8 282;547 342;0;1;0;0;0;0;0;2 363 549;0;0;0;0;0;1 247;561;776;123;0;7 302;478 217;5 120;7 398;458 043;5 120;0;25 466;0;0;5 093;0;0;764;0;96;5 293;0;1;17;8;1;6;0;303 426;0;13 839 940;177 564;0;13 265 378;125 862;0;894 138;0;0;0;25 172;0;178 828;3 776;0;26 824;0;0;320 704;1;0;9;0;0;4;0;6 867 070;0;0;6 131 900;0;0;577;0;0;775 423;0;0;0;0;0;0;155 085;0;0;23 263;0;0;40 830;0;0;10;0;0;5;0;104 515;245 954;9 438;102 346;211 001;8 037;2 168;34 952;1 401;65;1 049;42;0;0;0;0;0;0;8 205 723;0;6 942 745;0;1 385 004;0;277 001;0;41 550;0;122 026;0;4;0;2;0;0;0;0;0;0;0;0;0;0;0;0;0;0;0;0;0;0;0;0;0;0;0;0;97 102;0;0;86 872;0;0;0;0;0;10 230;0;307;0;0;0;0;1 739;0;0;0;0;0;1;0;0;0;0;21 646 330;19 967 050;5 316;1 943 328;286 359;388 827;58 324;38;13;28;1 439 556;1 315 164;62 196;62 196;12 439;0;1;0;0;66;0;0;0;66;106 554;17 775 444;13 761 548;35 429;2 338 951;1 605 939;0;184;2 850;1 116 232;283 113;33 627;0;0;84 523;0;433 160;32 285;0;496 541;0;0;0;0;0;2 225 585;0;0;0;0;2 850;78 833;181 900;197 932;0;0;0;0;0;0;51;138 039;1 025 636;0;0;0;0;0;0;0;0;0;0;0;0;0;0;0;0;0;23 844;1;0;0;0;0;0;0;0;0;0;0;0;0;0;0;0;0;0;75 974;1;10 130;0;0;0;0;0;0;0;0;0;0;0;0;0;0;0;0;0;0;0;0;0;0;0;0;0;0;0;0;36 913;10;2 200;3;1 137;6;12 972;18;0;0;0;0;81 070;5;16 239;11;736;9;6 069;2;271;1;54;0;0;7 156;12;0;0;0;0;0;0;0;0;0;0;0;0;13 433 034;868;119 112;2;0;0;0;0;0;0;0;0;0;0;0;0;0;0;0;0;0;0;0;0;0;0;0;0;0;0;0;0;4 274 358;3;0;0;0;0;0;0;0;0;0;0;0;0;0;0;0;0;0;0;0;10 000;1;0;0;0;0;0;0;0;0;0;0;0;0;0;0;0;0;0;0;0;0;0;0;0;0;0;0;0;0;0;0;0;0;0;0;0;0;0;0;0;0;0;0;0;0;0;0;0;0;0;0;0;0;0;0;0;0;0;0;0;0;0;0;0;0;0;0;0;0;0;0;0;0;0;0;0;0;0;0;0;0;0;0;0;0;0;0;0;0;0;0;0;0;0;0;0;0;0;0;0;0;0;0;0;0;0;0;0;0;0;0;0;0;0;0;0;0;0;0;0;0;0;0;0;0;0;0;0;0;0;0;0;0;0;0;0;0;0;0;0;0;0;0;0;0;0;0;0;0;0;0;0;0
  Свердловская область;5 123 649 671;758 951 870;322 035 088;172 490 322;4 651 487 397;793 693 173;263 154 565;170 126 788;2 283 381;1 044 333;66 717 498;20 990 286;1 144 075;574;465 621 299;26 548 728;798;439 072 600;52 323 590;84 299 175;13 172 173;177 730;43 033;171 740;11;10 572 404;1 636 898;3 728 175;112 223;563 092;16 849;5 309 747;3 524 718;14;0;0;0;0;0;9 049 238;2 920;0;0;0;0;28 803;3 585;9 258;2 075;0;5 054 064;13 934 419;68 212;4 694 392;12 876 134;53 538;383 627;1 245 511;14 674;76 725;249 102;2 935;11 509;37 365;440;23 955;187 225;0;576;139;2;18;14;0;0;0;1 263 156;0;0;1 181 399;0;0;38 634;0;0;1 932;0;0;5 795;0;0;1 160;0;0;38 201;0;0;10;0;0;3;0;0;0;0;0;0;0;0;0;0;0;0;0;0;0;0;0;0;0;0;0;0;0;0;0;0;0;0;0;0;0;361 380;0;85 723;342 389;0;73 859;18 991;0;11 864;570;0;356;0;0;0;0;0;0;19 942 300;0;17 446 274;0;2 792 044;0;558 409;0;83 761;0;296 018;0;48;0;6;0;0;0;0;0;0;0;0;0;0;0;0;0;0;0;0;0;0;0;0;0;0;0;0;15 292 259;0;0;12 988 039;0;0;0;0;0;2 443 280;0;73 298;0;0;0;0;415 357;0;0;139 060;0;0;30;0;0;3;0;250 777;195 902;7 013;68 332;20 468;13 666;2 050;13;7;8;0;0;0;0;0;0;0;20 531 997;21 004 879;35 925 760;35 727 303;124 237;195 095;253 711;3 400 280;74 460 670;23 335 814;1 636 854;4 667 699;44 377 001;0;347 543;23 223;752 292;29 271 961;8 020 555;0;0;623 595;0;0;0;0;140 095 847;0;500 000;7 176;3 064 280;12 713;5 031;781;0;59;31;67 804;286 086;60 047;283 293;120 391;3;13 938;4;0;0;376;1 601 597;9 713 575;7 071;4;1 414;5 858;1;1 172;0;0;0;0;0;0;0;0;0;0;0;2 123 124;7;306 123;7;0;0;0;0;0;0;0;0;0;4 076;3;408;286;1;29;88 522;3;11 803;0;0;0;0;0;0;0;0;59 067;1;35 663;13;0;0;0;0;0;0;18 141;1;0;0;0;0;0;0;3 187;2;375 497;23;224 186;13;32 432;41;192 100;99;2 917;4;399;2;352 513;7;819 193;82;20 502;21;140 203;25;51 129;19;10 226;4 590;3;312 671;109;0;0;0;0;0;0;0;0;70 411;4;594 704;1;84 000 649;11 845;5 886 956;67;0;0;0;2 134;2;427;20 969;3;4 194;76 994;2;15 399;0;0;0;500;1;100;0;0;0;0;0;0;0;0;0;0;0;0;0;0;0;0;0;0;0;0;0;0;0;0;0;0;0;0;0;0;0;14 797;2;0;0;0;0;0;0;0;0;0;0;0;0;0;0;0;0;0;0;0;0;0;0;0;0;0;0;0;0;0;0;0;0;0;0;0;0;0;0;0;0;0;0;0;0;0;0;0;0;0;0;0;0;0;0;0;0;0;0;0;0;0;0;0;0;0;0;0;0;0;0;0;0;0;0;0;0;0;0;0;0;0;0;0;0;0;0;0;0;0;0;0;0;0;0;0;0;0;0;0;0;0;0;0;0;0;0;0;0;0;0;0;0;0;0;0;0;0;0;0;0;0;0;0;0;0;0;0;0;0;0;0;0;0;0;0;0;0;0;0;0;0;0;0;0;0;0;0;0;0;0;0;0
  Смоленская область;663 941 789;52 051 172;32 239 619;4 350 484;616 062 329;55 038 112;32 459 880;4 730 376;101 623;783 599;583 834;213 997;3 445;0;47 173 545;3 640 926;254;43 532 620;2 797 231;8 673 101;1 305 979;2 762;7 486;48 834;5;1 160 796;175 336;346 684;17 862;51 137;2 679;728 185;33 423;6;0;0;0;0;0;817 928;0;0;0;0;0;5 598;853;2 836;919;0;470 410;1 311 311;0;371 138;1 118 681;0;99 272;197 694;0;19 855;39 539;0;2 979;5 931;0;0;5 064;0;14;41;0;0;3;0;0;0;49 936;0;0;49 552;0;0;1 867;0;0;0;0;0;373;0;0;56;0;0;1 483;0;0;6;0;0;3;0;0;0;0;0;0;0;0;0;0;0;0;0;0;0;0;0;0;0;0;0;0;0;0;0;0;0;0;0;0;0;21 211;0;8 628;19 844;0;7 014;1 367;0;1 614;41;0;48;0;0;0;0;0;0;5 412 399;984 894;5 316 504;893 262;565 658;91 632;113 132;18 326;16 970;2 749;469 762;0;15;1;5;0;0;0;0;0;0;0;0;0;0;0;0;0;0;0;0;0;0;0;0;0;0;0;0;109 580;0;0;107 631;0;0;0;0;0;3 214;0;96;0;0;0;0;546;0;0;1 265;0;0;4;0;0;1;0;392 942;454 682;0;4 940;66 681;988;148;8;3;3;0;0;0;0;0;0;0;19 232 384;16 154 111;370 393;369 591;0;0;802;1 943 642;25 541 940;23 314 858;97 090;1 238 669;506 276;0;382 778;0;313 749;60 324;508 759;0;30 570;0;0;0;0;2;0;0;0;0;773 674;2 652;0;0;0;0;0;2 132;716 688;65 626;132 213;3 592;1;0;0;0;0;45;33 906;441 769;18 153;1;3 631;0;0;0;0;0;0;0;0;0;0;0;0;0;0;40;1;931;1;0;0;0;0;0;0;0;0;0;0;0;0;0;0;0;0;0;0;0;1;0;0;0;0;0;0;0;0;0;0;0;0;0;0;0;0;0;0;0;0;0;0;0;0;0;0;2 953;4;656;1;2 341;6;8 697;12;0;0;0;0;28 663;2;18 712;7;519;4;1 598;3;0;0;0;0;0;9 667;14;0;0;0;0;0;0;0;0;644;1;0;0;11 389 486;2 147;136 603;12;0;0;0;0;0;0;0;0;0;0;0;0;0;0;0;0;0;0;0;0;0;0;0;0;0;0;0;0;0;0;0;0;0;0;0;0;0;0;0;0;0;0;0;0;0;0;0;0;0;1 142;1;0;0;0;0;0;0;0;0;0;0;0;0;0;0;0;0;0;0;0;0;0;0;0;0;0;0;0;0;0;0;0;0;0;0;0;0;0;0;0;0;0;0;0;0;0;0;0;0;0;0;0;0;0;0;0;0;0;0;0;0;0;0;0;0;0;0;0;0;0;0;0;0;0;0;0;0;0;0;0;0;0;0;0;0;0;0;0;0;0;0;0;0;0;0;0;0;0;0;0;0;0;0;0;0;0;0;0;0;0;0;0;0;0;0;0;0;0;0;0;0;0;0;0;0;0;0;0;0;0;0;0;0;0;0;0;0;0;0;0;0;0;0;0;0;0;0;0;0;0;0;0;0
  Тамбовская область;360 930 418;11 228 392;66 640 874;1 509 800;337 636 390;12 620 200;36 942 824;3 900 860;118 591;256 062;25 220 778;107 857;59;79;27 889 844;2 410 419;50;25 479 425;3 634 742;5 095 395;764 383;0;1 685;15 167;1;558 042;83 705;681 311;11 704;102 225;1 756;482 084;491;1;0;0;0;0;0;499 427;0;0;0;0;0;2 721;217;1 374;226;0;939 402;688 718;0;930 884;579 817;0;8 669;108 901;0;1 734;21 780;0;260;3 267;0;151;0;0;132;18;0;1;0;0;0;0;165 191;0;0;154 836;0;0;10 355;0;0;0;0;0;2 071;0;0;311;0;0;0;0;0;5;0;0;0;0;0;0;0;0;0;0;0;0;0;0;0;0;0;0;0;0;0;0;0;0;0;0;0;0;0;0;0;0;0;0;72 984;0;0;72 604;0;0;380;0;0;11;0;0;0;0;0;0;0;0;101 445 941;0;75 346 197;0;26 821 131;0;5 364 226;0;804 634;0;721 387;0;155;0;6;0;0;0;0;0;0;0;0;0;0;0;0;0;0;0;0;0;0;0;0;0;0;0;0;0;0;0;0;0;0;0;0;0;0;0;0;0;0;0;0;0;0;0;0;0;0;0;0;0;0;0;45 489;45 133;0;7 969;7 613;1 594;239;3;2;1;0;0;0;0;0;0;0;0;0;1 033 165;1 033 165;6 624;6 612;12;0;15 914 596;9 979 020;152 735;1 886 983;3 895 240;0;0;0;3 883 726;0;0;3 552 145;0;0;0;0;0;0;0;0;0;11 514;28 423;0;0;0;0;0;0;0;303 158;0;0;0;0;30;1;0;0;25;34 306;273 707;0;0;0;902;1;180;0;0;0;0;0;0;0;0;0;0;0;0;1;0;0;0;0;0;0;0;0;0;0;0;0;0;0;0;0;0;4 648;1;620;0;0;0;0;0;0;0;0;29 549;1;0;0;0;0;0;0;0;0;0;0;0;0;0;0;0;0;0;0;247;1;6 314;1;2 659;3;9 159;5;25;1;0;0;900;1;8 681;3;475;3;4 285;3;3 524;2;705;0;0;10 792;11;0;0;0;0;0;0;0;0;0;0;0;0;13 232 756;1 397;30 701;6;0;0;0;0;0;0;0;0;0;0;0;0;0;0;0;0;0;0;0;0;0;0;0;0;0;0;0;0;0;0;0;0;0;0;0;0;0;0;0;0;0;0;0;0;0;0;0;0;0;0;0;0;0;0;0;0;0;0;0;0;0;0;0;0;0;0;0;0;0;0;0;0;0;0;0;0;0;0;0;0;0;0;0;0;0;0;0;0;0;0;0;0;0;0;0;0;0;0;0;0;0;0;0;0;0;0;0;0;0;0;0;0;0;0;0;0;0;0;0;0;0;0;0;0;0;0;0;0;0;0;0;0;0;0;0;0;0;0;0;0;0;0;0;0;0;0;0;0;0;0;0;0;0;0;0;0;0;0;0;0;0;0;0;0;0;0;0;0;0;0;0;0;0;0;0;0;0;0;0;0;0;0;0;0;0;0;0;0;0;0;0;0;0;0;0;0;0;0;0;0;0;0;0
  Тверская область;538 899 570;121 938 432;23 015 165;30 719 769;505 918 897;127 059 665;23 149 135;27 225 961;1 194 892;51 254;26 823;7 537 467;22 417;8;33 992 355;2 421 898;177;31 570 561;8 857 918;6 314 102;947 067;17;0;0;0;968 432;145 234;310 088;48 646;47 811;7 297;484 380;0;0;0;0;0;0;0;484 380;365;0;0;0;0;5 288;810;3 225;571;0;397 944;3 457 022;1 838;367 425;3 176 191;1 838;30 536;280 221;0;6 107;56 044;0;916;8 407;0;17;17;0;92;49;3;1;1;0;0;0;0;0;0;0;0;0;0;0;0;0;0;0;0;0;0;0;0;0;0;0;0;0;0;0;0;0;0;0;0;0;0;0;0;0;0;0;0;0;0;0;0;0;0;0;0;0;0;0;0;0;0;0;0;0;0;0;250 800;0;6 700;237 506;0;6 651;13 294;0;48;399;0;1;0;0;0;0;0;0;18 612 172;0;17 319 635;0;1 944 714;0;388 943;0;58 341;0;652 177;0;41;0;13;0;0;0;0;0;0;0;0;0;0;0;0;0;0;0;0;0;0;0;0;0;0;0;0;830 617;0;0;734 320;0;0;0;0;0;130 424;0;3 913;0;0;0;0;22 172;0;0;34 126;0;0;11;0;0;1;0;616 728;490 203;0;127 156;631;25 431;3 815;4;1;1;0;0;0;0;0;0;0;50 987;47 066;0;0;0;3 480;255 727;228 560;2 106 490;1 320 851;89 415;500 919;120 916;0;1 267;0;98 925;13 167;4 574;0;0;86 301;0;0;0;0;10 893;0;0;0;0;0;88 842;0;0;0;0;0;1 221 529;17 417;1 571;0;0;0;0;0;0;65;132 704;976 619;345;1;69;1 299;1;260;0;0;0;0;0;0;0;0;0;0;0;10 339;1;0;0;0;0;0;0;0;0;0;0;0;0;0;0;0;0;0;1 705;1;227;0;0;0;0;0;0;0;0;0;0;5 345;5;0;0;0;0;0;0;0;0;0;0;0;0;0;0;0;0;4 639;2;2 314;2;2 890;7;122 705;12;0;0;51;1;38;1;34 395;12;2 099;3;194;1;683;1;137;80;1;8 532;12;0;0;0;0;0;0;0;0;0;0;0;0;12 843 167;2 240;71 933;7;0;0;0;0;0;0;0;0;0;0;0;0;0;0;0;0;0;0;0;0;0;0;0;0;64 436;1;156;1;0;0;0;0;0;0;0;0;0;0;0;0;0;0;0;0;0;0;0;0;0;0;0;0;0;0;0;0;0;0;0;0;0;0;0;0;0;0;0;0;0;0;0;0;0;0;0;0;0;0;0;0;0;0;0;0;0;0;0;0;0;0;0;0;0;0;0;0;0;0;0;0;0;0;0;0;0;0;0;0;0;0;0;0;0;0;0;0;0;0;0;0;0;0;0;0;0;0;0;0;0;0;0;0;0;0;0;0;0;0;0;0;0;0;0;0;0;0;0;0;0;0;0;0;0;0;0;0;0;0;0;0;0;0;0;0;0;0;0;0;0;0;0;0;0;0;0;0;0;0;0;0;0;0;0;0;0;0;0;0;0;0;0;0;0;0;0;0;0;0;0;0;0;0;0
  Томская область;716 179 670;227 382 946;32 188 495;11 040 355;681 074 355;236 629 352;15 441 158;11 828 836;78 882;239 155;17 069 355;2 047 018;65 904;7 448;34 796 380;5 286 692;145;29 509 688;11 850 197;5 892 189;884 764;878;0;0;0;689 872;103 681;482 019;57 527;73 177;8 630;1 057 338;1 063;5;534;8 180;11;0;0;1 067 115;95;0;0;0;0;3 999;740;2 117;531;0;792 064;3 692 821;0;772 520;3 120 222;0;19 544;580 610;0;3 909;116 122;0;586;17 418;0;0;8 011;0;269;51;0;0;6;0;0;0;814 455;0;0;783 139;0;0;31 316;0;0;1 566;0;0;4 697;0;0;939;0;0;0;0;0;4;0;0;0;0;0;0;0;0;0;0;0;0;0;0;0;0;0;0;0;0;0;0;0;0;0;0;0;0;0;0;0;0;0;0;794;0;21 047;459;0;18 887;336;0;2 716;10;0;81;0;0;556;0;0;1;18 251 051;29 777;15 962 830;66 302;2 451 352;0;490 270;0;73 541;0;163 130;36 525;46;1;5;1;0;0;0;0;0;0;0;0;0;0;0;0;0;0;0;0;0;0;0;0;0;0;0;1 972 224;0;0;1 647 051;0;0;1 005;0;0;324 168;0;9 725;0;0;0;0;55 109;0;0;0;0;0;19;0;0;0;0;72 309;41 032;4 833;28 134;1 690;5 627;844;2;2;2;0;0;0;0;0;0;0;485 214;484 235;273 070;273 077;139 997;139 959;244;9 632;26 195 271;20 982 105;557 135;556 479;3 969 073;0;129 388;3 652 000;0;588;316 456;0;0;316 809;0;0;0;0;588;0;0;0;0;0;0;0;0;0;0;0;0;0;0;11 685;1;0;0;0;0;102;262 165;2 883 255;0;0;0;0;0;0;0;0;0;0;0;0;0;0;0;0;0;164 254;4;0;0;0;0;0;0;0;0;0;0;0;412;1;41;0;0;0;211 604;1;28 214;0;0;0;0;0;0;0;0;0;0;6 674;2;0;0;0;0;0;0;0;0;0;0;0;0;0;0;163;2;27 708;12;26 118;4;963;9;30 770;32;0;0;3 859;1;26 386;5;167 780;37;11 257;21;86 172;16;5 937;4;256;18 426;10;61 115;37;0;0;0;0;0;0;0;0;684;1;0;0;23 842 366;1 734;835 369;25;0;0;0;10;1;2;0;0;0;40;1;8;0;0;0;0;0;0;0;0;0;0;0;0;0;0;0;0;0;0;0;0;0;0;0;0;0;0;0;0;0;0;0;0;0;0;0;0;0;3 075;1;0;0;0;0;0;0;0;0;0;0;0;0;0;0;0;0;0;0;0;0;0;0;0;0;0;0;0;0;0;0;0;0;0;0;0;0;0;0;0;0;0;0;0;0;0;0;0;0;0;0;0;0;0;0;0;0;0;0;0;0;0;0;0;0;0;0;0;0;0;0;0;0;0;0;0;0;0;0;0;0;0;0;0;0;0;0;0;0;0;0;0;0;0;0;0;0;0;0;0;0;0;0;0;0;0;0;0;0;0;0;0;0;0;0;0;0;0;0;0;0;0;0;0;0;0;0;0;0;0;0;0;0;0;0;0;0;0;0;0;0;0;0;0;0;0;0;0;0;0;0;0;0
  Тульская область;1 004 436 063;114 769 955;28 716 120;13 087 208;905 146 572;124 553 093;36 515 690;21 472 009;150 048;423 246;1 296 787;320 111;157 946;7 749;90 187 314;4 341 027;243;85 846 287;17 988 807;16 897 351;2 572 962;1 518;104 218;516 609;8;1 800 476;272 708;2 110 477;963 244;326 899;144 672;868 206;228 231;5;2 426;41 249;2;0;0;1 760 939;1 979;0;0;0;0;5 815;771;2 978;638;0;314 202;2 577 596;0;301 001;2 190 760;0;19 914;388 249;0;3 983;77 650;0;597;11 647;0;6 712;1 413;0;98;36;0;7;4;0;0;0;455 995;0;0;525 970;0;0;0;0;0;0;0;0;0;0;0;0;0;0;69 975;0;0;8;0;0;2;0;0;94 357 208;0;0;92 778 942;0;0;0;0;0;2 933 954;0;0;0;0;0;0;586 791;0;0;88 019;0;0;1 355 688;0;0;2;0;0;1;167 395;0;54;149 154;0;31;18 241;0;24;547;0;1;0;0;0;0;0;0;33 863 352;0;26 077 113;0;9 578 200;0;1 915 640;0;287 346;0;1 791 961;0;86;0;11;0;0;0;0;0;0;0;0;0;0;0;0;0;0;0;0;0;0;0;0;0;0;0;0;1 493 656;0;0;1 000 414;0;0;0;0;0;498 258;0;14 948;0;0;0;0;84 704;0;0;5 016;0;0;2;0;0;1;0;3 969 980;3 822 762;0;186 252;39 034;37 250;5 588;10;5;7;0;0;0;0;0;0;0;1 841;10 145;971 060;905 223;40 027;36 052;89 812;120 000;18 116 591;14 950 017;366 008;500 013;2 215 557;0;37;0;1 230 000;0;116 428;0;0;869 166;0;0;0;0;0;1 204 718;0;0;980 000;106;0;0;0;0;0;0;0;531;0;19 548;1;0;0;0;0;113;303 784;3 063 521;922;1;184;81;1;16;0;0;0;0;0;0;0;0;0;0;0;219 534;3;198;2;0;0;0;0;0;0;0;0;0;2 963;1;296;0;0;0;187 876;2;25 050;0;0;0;0;0;0;0;0;0;0;165;1;0;0;0;0;0;0;0;0;0;0;0;0;0;0;2 145;1;12 235;6;5 359;2;3 817;9;29 774;21;12 992;1;172;1;0;0;80 915;18;13 641;6;4 172;2;22 185;4;4 437;1 211;2;61 072;20;0;0;0;0;0;0;0;0;0;0;0;0;31 181 140;2 510;130 976;9;0;0;0;0;0;0;44 364;1;8 873;0;0;0;0;0;0;0;0;0;0;0;0;0;0;0;0;0;0;0;0;0;0;0;0;0;0;0;0;0;0;0;0;0;0;0;0;0;0;0;0;0;0;0;0;0;0;0;0;0;0;0;0;0;0;0;0;0;0;0;0;0;0;0;0;0;0;0;0;0;0;0;0;0;0;0;0;0;0;0;0;0;0;0;0;0;0;0;0;0;0;0;0;0;0;0;0;0;0;0;0;0;0;0;0;0;0;0;0;0;0;0;0;0;0;0;0;0;0;0;0;0;0;0;0;0;0;0;0;0;0;0;0;0;0;0;0;0;0;0;0;0;0;0;0;0;0;0;0;0;0;0;0;0;0;0;0;0;0;0;0;0;0;0;0;0;0;0;0;0;0;0;0;0;0;0;0;0;0;0;0;0;0;0;0;0;0;0;0;0;0;0;0;0;0
  Тюменская область;1 902 132 107;95 525 794;116 884 489;4 595 646;1 542 416 501;102 658 635;87 202 155;7 789 855;2 802 488;181 766;23 649 908;506 345;40 908;0;368 586 452;42 179 368;241;326 407 085;10 190 087;65 037 021;9 792 213;743;0;0;0;13 883 198;2 083 030;2 495 147;133 614;388 115;20 018;8 435 875;244 395;9;0;0;0;0;0;8 680 270;0;0;0;0;0;5 805;1 581;3 046;496;0;2 708 200;5 036 103;0;2 970 163;4 199 472;0;13 125;854 214;0;2 625;170 843;0;394;25 626;0;275 088;17 584;0;82;54;0;14;4;0;0;0;0;0;0;0;0;0;0;0;0;0;0;0;0;0;0;0;0;0;0;0;0;0;0;0;0;0;0;0;0;0;0;0;0;0;0;0;0;0;0;0;0;0;0;0;0;0;0;0;0;0;0;0;0;0;0;0;214 910;0;0;206 566;0;0;8 345;0;0;250;0;0;0;0;0;0;0;0;37 246 462;0;33 189 422;0;5 782 624;0;1 156 524;0;173 479;0;1 725 585;0;141;0;22;0;0;0;0;0;0;0;0;0;0;0;0;0;0;0;0;0;0;0;0;0;0;0;0;5 539 316;0;0;4 537 152;0;0;0;0;0;1 009 908;0;30 297;0;0;0;0;171 684;0;0;7 744;0;0;6;0;0;1;0;3 319 693;2 699 320;62 057;744 275;185 960;148 855;22 328;12;6;5;0;0;0;0;0;0;0;2 269 576;2 269 464;3 498 226;2 960 991;0;0;538 379;13 675 110;14 185 583;4 574 232;8 044 092;1 407 553;45 969;0;100 138;0;19 185;0;126 921;0;0;0;0;0;0;0;0;0;0;26 550;19 185;194;0;0;0;0;0;0;0;0;0;15 017;2;2 399;1;2 250;1;118;698 537;12 974 353;2 746;2;549;0;0;0;0;0;0;0;0;0;0;0;0;0;0;259 779;5;116;1;0;0;0;0;0;0;0;0;0;133 610;1;13 361;2 741;1;274;269 866;6;35 983;0;0;0;0;0;0;0;0;0;0;11;1;0;0;0;0;0;0;0;0;887 612;1;177 522;0;0;0;0;0;708 767;11;103 413;8;2 528;9;23 848;16;125 584;1;0;0;103 428;7;396 202;20;13 139;15;67 497;4;22 634;7;4 527;249;1;150 478;22;0;0;0;0;0;0;161;1;0;0;0;0;76 229 490;3 607;755 665;21;0;0;0;0;0;0;0;0;0;0;0;0;0;0;0;0;0;0;0;0;0;0;0;0;0;0;163;1;0;0;0;0;0;0;0;0;0;0;0;0;0;0;0;0;0;0;0;0;0;5 001;2;0;0;0;0;0;0;0;0;0;0;0;0;0;0;0;0;0;0;0;0;0;0;0;0;0;0;0;0;0;0;0;0;0;0;0;0;0;0;0;0;0;0;0;0;0;0;0;0;0;0;0;0;0;0;0;0;0;0;0;0;0;0;0;0;0;0;0;0;0;0;0;0;0;0;0;0;0;0;0;0;0;0;0;0;0;0;0;0;0;0;0;0;0;0;0;0;0;0;0;0;0;0;0;0;0;0;0;0;0;0;0;0;0;0;0;0;0;0;0;0;0;0;0;0;0;0;0;0;0;0;0;0;0;0;0;0;0;0;0;0;0;0;0;0;0;0;0;0;0;0;0;0
  Ульяновская область;503 168 984;51 829 475;34 310 256;2 057 733;484 419 271;60 313 740;26 508 334;3 854 423;212 002;70 166;331 845;15 532;22 637;0;26 409 163;2 058 832;89;24 350 332;10 226 320;4 602 379;723 724;7 223;2;11;2;825 677;128 703;423 560;31 861;68 020;4 779;411 766;145 550;12;6 785;115 350;10;0;0;679 464;65;0;0;0;0;5 456;213;1 945;322;0;1 008 506;1 147 067;0;874 969;1 015 620;0;138 559;131 447;0;27 712;26 289;0;4 157;3 943;0;5 022;0;0;26;30;0;1;0;0;127 269;0;2 121 032;135 038;0;2 006 933;0;0;154 317;0;0;4;0;0;30 863;0;0;4 630;7 769;0;40 282;1;0;28;1;0;8;0;0;3 616 888;0;0;3 114 776;0;0;0;0;0;516 600;0;0;0;0;0;0;103 320;0;0;15 498;0;0;14 489;0;0;2;0;0;1;158 631;0;3 960;120 606;0;3 957;38 025;0;3;1 141;0;0;0;0;0;0;0;0;6 823 090;0;5 122 002;0;1 919 224;0;383 845;0;57 577;0;218 137;0;54;0;3;0;0;0;0;0;0;0;0;0;0;0;0;0;0;0;0;0;0;0;0;0;0;0;0;3 292 039;0;0;2 666 162;0;0;0;0;0;685 467;0;20 564;0;0;0;0;116 529;0;0;59 590;0;0;9;0;0;1;0;436 584;384 016;0;54 983;2 415;10 997;1 649;3;1;2;0;0;0;0;0;0;0;4;2;48 882;48 884;0;0;2;0;3 179 799;1 265 628;141 260;965 780;806 707;0;70;0;798 000;8 707;70;0;0;0;0;0;0;0;0;0;798 000;0;0;0;0;0;0;0;0;0;0;8 707;0;0;0;564;1;0;0;72;98 670;655 893;8 482;2;1 696;63;1;13;0;0;0;0;0;0;0;0;0;0;0;0;0;0;0;0;0;0;0;0;0;0;0;0;0;0;0;0;0;0;0;0;0;0;0;0;0;0;0;0;0;0;0;0;0;0;0;0;0;0;0;32 826;1;0;0;0;0;0;0;0;0;3 203;6;4 164;5;18 009;19;25 317;23;0;0;91;1;495;1;21 594;14;297;4;46 021;2;768;3;154;2 257;2;16 419;23;0;0;0;0;0;0;0;0;0;0;0;0;12 902 131;1 915;138 095;6;0;0;0;26;1;5;0;0;0;0;0;0;0;0;0;0;0;0;0;0;0;0;0;0;0;0;0;0;0;0;0;0;0;0;0;0;0;0;0;0;0;0;0;0;0;0;0;0;0;22 274;2;0;0;0;0;0;0;0;0;0;0;0;0;0;0;0;0;0;0;0;0;0;0;0;0;0;0;0;0;0;0;0;0;0;0;0;0;0;0;0;0;0;0;0;0;0;0;0;0;0;0;0;0;0;0;0;0;0;0;0;0;0;0;0;0;0;0;0;0;0;0;0;0;0;0;0;0;0;0;0;0;0;0;0;0;0;0;0;0;0;0;0;0;0;0;0;0;0;0;0;0;0;0;0;0;0;0;0;0;0;0;0;0;0;0;0;0;0;0;0;0;0;0;0;0;0;0;0;0;0;0;0;0;0;0;0;0;0;0;0;0;0;0;0;0;0;0;0;0;0;0;0;0
  Челябинская область;2 817 488 835;329 407 959;184 303 499;33 168 142;2 412 024 422;354 039 079;196 421 969;32 536 014;533 285;830 940;5 976 208;2 443 806;249 487;0;387 671 351;13 592 164;511;374 079 189;25 597 793;74 751 412;11 222 183;5 017;68 870;298 944;16;7 146 433;1 071 699;2 285 853;235 347;344 156;31 472;2 718 434;64 231;7;0;0;0;133;1;3 150 612;110;0;0;0;0;19 455;2 549;8 020;1 311;0;2 896 529;10 443 123;360 365;2 500 493;9 298 160;329 227;261 821;1 485 006;31 138;52 365;297 001;6 228;7 854;44 551;934;52 573;203 022;0;287;105;2;9;10;0;2 720 440;0;1 049 226;2 428 173;0;1 415 712;227 961;0;166 420;34 252;0;0;6 431;0;33 284;1 929;0;4 993;0;0;586 291;2;0;21;0;0;4;0;0;1 131 649;0;0;715 130;0;0;0;0;0;416 519;0;0;0;0;0;0;83 304;0;0;12 495;0;0;0;0;0;1;0;0;0;260 726;0;16 087;250 777;0;16 087;12 295;0;0;369;0;0;3 475;0;0;4;0;0;15 613 425;0;15 298 103;0;860 883;0;172 176;0;25 818;0;545 559;0;39;0;5;0;0;0;0;0;0;0;0;0;0;0;0;0;0;0;0;0;0;0;0;0;0;0;0;1 002 631;0;0;926 860;0;0;6 546;0;0;76 813;0;2 304;0;0;0;0;13 058;0;0;7 528;0;0;10;0;0;2;0;2 870 306;2 942 710;2 359;279 839;354 602;55 188;8 395;12;5;0;0;0;0;0;0;0;0;617 191;825 714;3 126 861;3 137 460;0;0;38 587;864 096;18 513 908;13 121 963;805 590;3 633 737;916 728;0;5 242;0;300 000;10 776;15 456;0;0;396 260;0;0;0;0;48 479;0;150 000;0;208 043;302;774;0;0;0;0;0;307 807;96 754;28 379;181 529;3;0;0;0;0;226;1 979 458;8 350 841;351;3;70;7 269;4;1 454;248 483;2;49 697;0;0;0;0;0;0;0;0;4 207 214;5;28 360;4;0;0;0;0;0;0;0;0;0;47 412;1;4 741;0;0;0;228 931;7;30 524;0;0;0;0;0;0;0;0;20 944;2;5 852;5;0;0;0;0;0;0;1 702 751;2;0;0;0;0;0;0;672;1;321 581;13;348 260;11;229 362;30;100 481;60;75;2;1 478;2;57 508;4;924 923;51;350 301;15;24 206;6;42 912;5;8 582;39 537;6;210 207;72;0;0;0;0;0;0;27;1;4 765;1;0;0;64 320 796;7 739;1 001 004;33;0;0;0;0;0;0;0;0;0;0;0;0;0;0;0;0;0;0;0;0;85 879;2;0;0;0;0;0;0;0;0;0;0;0;0;0;0;0;0;0;0;0;0;0;0;0;0;0;0;0;1 000;1;0;0;0;0;0;0;0;0;0;0;0;0;0;0;0;0;0;0;0;0;0;0;0;0;0;0;0;0;0;0;0;0;0;0;0;0;0;0;0;0;0;0;0;0;0;0;0;0;0;0;0;0;0;0;0;0;0;0;0;0;0;0;0;0;0;0;0;0;0;0;0;0;0;0;0;0;0;0;0;0;0;0;0;0;0;0;0;0;0;0;0;0;0;0;0;0;0;0;0;0;0;0;0;0;0;0;0;0;0;0;0;0;0;0;0;0;0;0;0;0;0;0;0;0;0;0;0;0;0;0;0;0;0;0;0;0;0;0;0;0;0;0;0;0;0;0;0;0;0;0;0;0
  Ярославская область;869 280 240;94 252 808;38 181 846;26 467 250;806 856 044;102 960 265;33 495 537;32 629 484;123 679;734 202;9 759 313;55 103;116 593;1 468;57 358 504;2 223 768;236;55 134 736;14 099 219;11 009 042;1 654 043;0;0;0;0;1 210 435;180 595;1 143 818;43 829;173 236;6 575;444 753;17 907;7;0;0;0;0;0;462 660;0;0;0;0;0;7 845;1 256;2 680;562;0;973 403;2 794 845;45 783;953 308;2 386 256;38 652;30 665;413 400;7 131;6 134;82 681;1 426;920;12 402;214;10 570;4 812;0;361;46;15;15;5;0;0;0;2 676 449;0;0;2 003 921;0;0;763 425;0;0;0;0;0;152 685;0;0;22 903;0;0;90 898;0;0;21;0;0;6;0;0;0;0;0;0;0;0;0;0;0;0;0;0;0;0;0;0;0;0;0;0;0;0;0;0;0;0;0;0;0;74 457;0;38 564;60 295;0;31 426;14 163;0;7 138;424;0;214;0;0;0;0;0;1;21 729 448;0;19 362 910;0;2 508 782;0;501 756;0;75 263;0;142 243;0;47;0;12;0;0;0;0;0;0;0;0;0;0;0;0;0;0;0;0;0;0;0;0;0;0;0;0;7 362 472;0;0;6 660 670;0;0;0;0;0;704 923;0;21 148;0;0;0;0;119 837;0;0;3 122;0;0;9;0;0;1;0;108 284;118 320;1 374;4 065;15 476;813;122;12;9;1;0;0;0;0;0;0;0;691 621;686 227;1 302 502;1 302 524;274 397;445 558;93 065;0;3 000 823;1 101 856;123 490;1 717 505;44 809;0;0;0;0;0;44 800;0;0;128 833;0;0;0;0;0;0;0;222 608;0;32 000;0;0;0;0;0;0;0;9 843;0;37 401;1;4 897;2;0;0;112;151 918;1 688 752;0;0;0;4 525;4;905;0;0;0;0;0;0;0;0;0;0;0;74 834;1;1 365;1;0;0;0;0;0;0;0;0;0;0;0;0;0;0;0;718 019;2;95 736;0;0;0;0;0;0;0;0;0;0;57;1;0;0;0;8 046;1;1 073;0;0;0;0;0;0;0;0;0;0;6 098;8;1 435;2;43 417;12;24 117;30;0;0;0;0;15 360;3;193 138;22;1 448;5;5 153;5;3 403;3;680;0;0;29 077;35;157;1;0;0;0;0;0;0;0;0;0;0;23 604 521;3 061;151 982;13;0;0;0;0;0;0;0;0;0;0;0;0;0;0;0;0;0;0;0;0;0;0;0;0;0;0;0;0;0;0;0;0;0;0;0;0;0;0;0;0;0;0;0;0;0;0;0;0;0;11 393;1;0;0;0;0;0;0;0;0;0;0;0;0;0;0;0;0;0;0;0;0;0;0;0;0;0;0;0;0;0;0;0;0;0;0;0;0;0;0;0;0;0;0;0;0;0;0;0;0;0;0;0;0;0;0;0;0;0;0;0;0;0;0;0;0;0;0;0;0;0;0;0;0;0;0;0;0;0;0;0;0;0;0;0;0;0;0;0;0;0;0;0;0;0;0;0;0;0;0;0;0;0;0;0;0;0;0;0;0;0;0;0;0;0;0;0;0;0;0;0;0;0;0;0;0;0;0;0;0;0;0;0;0;0;0;0;0;0;0;0;0;0;0;0;0;0;0;0;0;0;0;0;0
  г. Москва;101 196 179 906;10 962 608 803;131 917 687 947;21 300 529 191;95 856 409 355;11 985 753 394;128 546 527 023;20 231 758 133;77 107 303;73 489 498;2 356 100 909;1 399 198 328;47 056 668;1 789 904;6 483 663 419;425 388 679;6 914;6 058 592 465;1 280 548 730;1 205 038 812;181 642 376;2 241 379;48 114;1 093 340;10;137 523 147;20 766 506;80 534 612;2 665 596;12 089 255;400 202;85 077 735;5 165 681;160;18 209;316 109;29;191 568;7;91 910 756;1 620 302;0;0;0;0;157 507;22 942;64 212;9 362;0;61 426 010;206 643 956;16 643 984;55 597 664;162 484 245;13 697 860;6 295 744;44 535 702;2 966 911;1 259 148;8 907 140;593 383;188 872;1 336 071;89 007;494 688;622 151;20 787;872;662;52;31;43;3;0;1 117 651;0;0;1 028 973;0;0;44 339;0;0;7 538;0;0;1 330;0;0;1 330;0;0;0;0;0;1;0;0;0;0;0;0;116 077 361;0;0;112 351 843;0;0;0;0;0;3 725 518;0;0;0;402 366;0;0;342 738;0;0;111 765;0;0;0;0;0;3;0;0;0;2 366 135;0;45 867;1 786 941;0;20 792;699 744;0;25 075;20 992;0;752;120 551;0;0;3;0;1;6 854 553;0;5 961 068;0;915 516;0;183 104;0;27 465;0;22 030;0;23;0;4;0;0;0;0;0;0;0;0;0;0;0;0;0;0;0;0;0;0;0;0;0;0;0;0;366 751 774;2 236 784;0;322 579 225;1 979 109;0;368 324;20 333;0;54 563 995;252 670;1 636 920;7 580;0;0;0;9 275 879;42 954;0;11 608 167;15 327;0;903;6;0;121;1;420 997 802;379 258 038;5 440 490;44 973 008;7 181 054;8 994 601;1 349 460;1 077;175;233;0;0;0;0;0;0;0;1 921 630 391;1 930 193 775;1 340 691 991;1 281 062 314;28 028 255;24 585 901;101 003 351;302 696 503;3 390 609 601;1 218 835 258;428 326 068;288 242 443;1 152 699 597;42 265 488;10 100 237;57 618 339;235 897 675;291 393 275;378 993 198;13 674 302;28 824 572;110 530 148;437 294;24 102 603;141 679 298;204 413 551;49 091 040;15 311 024;138 324 066;22 639 960;103 324 951;8 039 779;51 451 767;51 700 980;4 726 033;4 112 848;5 923 343;10 854 033;104 616 125;74 709 182;125 306 639;6 996 255;17;307 490;20;0;0;1 625;60 099 792;276 523 478;128 862;4;25 772;999 932;4;199 986;14 243;2;2 849;0;0;55 600;10;11 120;0;0;0;9 257 137;11;3 138 559;11;0;0;0;0;0;0;41 894;1;4 189;8 820 464;10;882 046;11 491;2;1 149;65 658 058;56;8 754 408;10 754;2;1 434;0;0;0;0;0;885 839;2;2 684 655;131;554 620;3;55 462;2 322 073;3;309 609;31 513 987;5;2 326 408;1;465 282;0;0;0;2 528;2;2 843 583;83;1 004 219;84;4 805 624;166;3 948 017;303;1 451 960;19;167 008;25;21 614 192;82;26 337 469;1 133;2 599 433;331;871 443;153;1 518 864;36;303 774;126 126;34;6 677 148;614;0;0;0;0;10 598;2;136 039;10;4 421 902;17;2 296 586;2;1 687 562 213;71 593;40 789 745;199;0;0;0;68 932;23;13 786;50 458;7;10 092;2 787 122;9;557 423;323 887;5;64 777;3 385 941;5;677 189;0;0;937;2;0;0;165 684 404;79;7 200;6;5 416 829;13;961 830;2;5 509 862;9;454 022;1;1 342 090 678;1;4 166;1;325 958;2;39 439;1;1 591 865;3;0;0;0;255 950;10;0;0;0;0;0;0;0;0;0;0;0;0;0;0;0;0;0;0;0;0;0;0;0;0;0;0;0;0;0;0;0;0;0;0;0;0;0;0;0;0;0;0;0;0;0;0;0;0;0;0;0;0;0;0;0;0;0;0;0;0;0;0;0;0;0;0;0;0;0;0;0;0;0;0;0;0;0;0;0;0;0;0;0;0;0;0;0;0;0;0;0;0;0;0;0;0;0;0;0;0;0;0;0;0;0;0;0;0;0;0;0;0;0;0;0;0;0;0;0;0;0;0;0;0;0;0;0;0;0;0;0;0;0;0;0;0;0;0;0;0;0;0;0;0;0;0;0;0;0;0;0;0
  г.Санкт-Петербург;24 180 933 606;1 179 451 011;15 887 620 471;238 484 652;22 136 278 792;1 294 008 233;14 822 644 672;205 768 648;17 772 664;702 150;821 508 204;78 134 552;1 544 097;10 635;1 940 508 354;53 010 469;2 190;1 887 497 887;159 265 788;367 248 560;56 502 240;1 249 414;25 515;172 789;5;80 212 444;12 906 515;14 922 656;951 149;2 275 508;143 509;10 602 094;9 754 046;32;112 365;273 626;15;0;0;20 940 435;21 103;0;0;0;0;71 311;7 622;19 350;2 341;0;10 215 232;50 929 124;3 509 406;9 037 701;40 625 540;3 387 835;1 192 353;10 370 362;293 787;238 469;2 074 072;58 758;35 770;311 112;8 813;14 855;149 933;169 874;1 203;311;26;12;15;3;0;0;0;0;0;0;0;0;0;0;0;0;0;0;0;0;0;0;0;0;0;0;0;0;0;0;0;0;0;205 398 856;0;0;184 442 719;0;0;0;0;0;20 956 137;0;0;0;512 890;0;0;3 678 337;0;0;628 684;0;0;0;0;0;3;0;0;0;2 063 333;0;125 708;2 142 741;0;125 199;177 855;0;509;5 335;0;15;257 262;0;0;7;0;0;1 336 556;0;1 181 086;0;155 470;0;31 094;0;4 664;0;0;0;10;0;0;0;0;0;0;0;0;0;0;0;0;0;0;0;0;0;0;0;0;0;0;0;0;0;0;100 522 463;0;0;84 661 842;0;0;75 758;0;0;15 905 181;0;477 155;0;0;0;0;2 703 880;0;0;171 417;0;0;304;0;0;22;0;29 106 426;25 947 701;520 647;3 389 548;250 385;677 909;101 686;119;29;24;83 095 490;45 539 806;0;37 817 710;7 563 542;262 026;3;12 860 827;10 619 495;21 566 689;21 827 529;317 321;183 287;1 501 712;24 514 846;605 986 374;217 585 615;58 816 685;54 336 838;126 394 489;19 862 370;1 680 223;18 626 083;23 533 447;14 130 237;60 313 690;0;101 886;11 866 980;0;1 391 255;17 137 928;52 473 064;136;160 658;3 884 286;182 325;14 521 986;184 660;1 369 914;65 501;9 714 148;231 398;137 264;0;9 436 438;2 510 540;1 078 094;1 948 876;6;708 039;7;0;0;675;28 683 206;149 077 361;6 101;3;1 220;20 179;4;4 036;815;2;163;0;0;1 466;1;293;0;0;0;29 255 601;6;2 155 676;2;0;0;0;0;0;0;0;0;0;20 141;2;2 014;16;1;2;421 315;8;56 175;0;0;0;0;0;0;0;0;16 320;2;495 568;22;1 709 976;1;170 998;1 507 856;2;201 047;1 961;2;643 177;1;128 635;59 289;1;3 953;392;1;530 509;38;205 409;18;694 144;69;757 532;124;464;3;103 290;4;12 772 234;16;10 062 958;296;204 171;76;339 783;53;4 255 104;24;851 021;32 477;14;2 107 588;208;0;0;0;0;0;0;10 794;6;2 193 249;5;20 201 176;1;530 446 625;30 164;30 254 401;73;0;0;0;43 737;8;8 748;7 078;3;1 415;119 910;3;23 983;10 782;2;2 156;10 002;3;2 000;0;0;9;1;8 202 080;1;0;0;607;1;10 989 949;31;225 112;4;10 557 092;6;0;0;0;0;0;0;0;0;0;0;0;0;0;0;0;20 718;5;0;0;0;0;0;0;0;0;0;0;0;0;0;0;0;0;0;0;0;0;0;0;0;0;0;0;0;0;0;0;0;0;0;0;0;0;0;0;0;0;0;0;0;0;0;0;0;0;0;0;0;0;0;0;0;0;0;0;0;0;0;0;0;0;0;0;0;0;0;0;0;0;0;0;0;0;0;0;0;0;0;0;0;0;0;0;0;0;0;0;0;0;0;0;0;0;0;0;0;0;0;0;0;0;0;0;0;0;0;0;0;0;0;0;0;0;0;0;0;0;0;0;0;0;0;0;0;0;0;0;0;0;0;0;0;0;0;0;0;0;0;0;0;0;0;0;0;0;0;0;0;0
  г.Севастополь;50 688 824;9 008 999;2 224 733;2 612 072;48 713 837;12 264 614;1 107 556;825 260;2 763;28 137;0;0;886;0;3 094 041;83 094;31;3 010 947;1 440 665;602 180;90 328;0;0;0;0;110 821;16 613;59 280;1 022;8 892;154;16 619;0;0;0;0;0;0;0;16 619;0;0;0;0;0;1 484;120;883;149;0;299 455;289 172;0;288 776;258 789;0;10 680;30 383;0;2 136;6 077;0;320;911;0;0;0;0;85;6;0;0;0;0;0;0;0;0;0;0;0;0;0;0;0;0;0;0;0;0;0;0;0;0;0;0;0;0;0;0;0;0;39 877 514;0;0;35 274 303;0;0;20 571;0;0;4 761 943;0;0;0;273 712;0;0;678 677;0;0;142 858;0;0;179 302;0;0;198;0;0;18;0;0;0;0;0;0;0;0;0;0;0;0;0;0;0;0;0;0;0;1 473;0;234;0;1 239;0;248;0;37;0;0;0;1;0;0;0;0;0;0;0;0;0;0;0;0;0;0;0;0;0;0;0;0;0;0;0;0;0;0;156 742;0;0;143 853;0;0;0;0;0;12 889;0;387;0;0;0;0;2 191;0;0;0;0;0;1;0;0;0;0;0;0;0;0;0;0;0;0;0;0;0;0;0;0;0;0;0;26 439;21 880;0;0;0;0;0;0;166 596;136 845;6 566;18 264;5;0;4 916;0;0;0;0;0;0;0;0;0;0;0;0;0;0;0;0;0;0;0;0;0;0;0;0;0;5;0;0;0;0;0;0;12;2 839;115 130;0;0;0;3 073;1;615;52;1;10;0;0;0;0;0;0;0;0;0;0;0;0;0;0;0;0;0;0;0;0;0;0;0;0;0;0;0;0;0;0;0;0;0;0;0;0;0;0;0;0;362;1;0;0;0;0;0;0;0;0;0;0;0;0;0;0;0;0;0;0;0;0;0;0;469;1;0;0;0;0;0;0;0;0;0;0;0;0;0;0;0;0;0;330;1;0;0;0;0;0;0;0;0;0;0;0;0;1 904 651;732;444;1;0;0;0;0;0;0;0;0;0;0;0;0;0;0;0;0;0;0;0;0;0;0;0;0;0;0;0;0;0;0;0;0;0;0;0;0;0;0;0;0;0;0;0;0;0;0;0;0;0;0;0;0;0;0;0;0;0;0;0;0;0;0;0;0;0;0;0;0;0;0;0;0;0;0;0;0;0;0;0;0;0;0;0;0;0;0;0;0;0;0;0;0;0;0;0;0;0;0;0;0;0;0;0;0;0;0;0;0;0;0;0;0;0;0;0;0;0;0;0;0;0;0;0;0;0;0;0;0;0;0;0;0;0;0;0;0;0;0;0;0;0;0;0;0;0;0;0;0;0;0;0;0;0;0;0;0;0;0;0;0;0;0;0;0;0;0;0;0;0;0;0;0;0;0;0;0;0;0;0;0;0;0;0;0;0;0;0;0;0;0;0;0;0;0;0;0;0;0;0;0;0;0;0
  Еврейская автономная область;10 699 882;3 340 524;402 098;367 008;9 815 137;4 224 334;476 261;1 091 311;1 337;47 783;0;0;0;0;811 920;48 449;13;763 471;1 560 330;152 694;22 904;0;0;0;0;42 073;6 319;15 201;1 824;2 213;274;9 690;0;0;0;0;0;0;0;9 690;0;0;0;0;0;273;87;297;71;0;45 186;136 148;0;35 537;124 410;0;9 649;11 738;0;1 930;2 348;0;289;352;0;0;0;0;1;8;0;0;0;0;26 748 861;0;0;14 807 501;0;0;11 941 361;0;0;0;0;0;2 388 272;0;0;358 241;0;0;0;0;0;1;0;0;0;0;0;0;0;0;0;0;0;0;0;0;0;0;0;0;0;0;0;0;0;0;0;0;0;0;0;0;0;0;0;0;0;0;0;0;0;0;0;0;0;0;0;0;0;0;0;0;0;0;0;0;76 055;0;55 981;0;20 074;0;4 015;0;602;0;0;0;3;0;0;0;0;0;0;0;0;0;0;0;0;0;0;0;0;0;0;0;0;0;0;0;0;0;0;0;0;0;0;0;0;0;0;0;0;0;0;0;0;0;0;0;0;0;0;0;0;0;0;0;0;0;0;11 384;0;0;11 384;0;0;1;1;0;0;0;0;0;0;0;0;0;0;0;0;0;0;0;0;1 941;0;485;1 456;0;0;0;0;0;0;0;0;0;0;0;0;0;0;0;0;0;0;0;0;0;0;0;0;0;0;0;0;0;0;0;0;0;0;0;2;1 238;794;0;0;0;0;0;0;0;0;0;0;0;0;0;0;0;0;0;0;0;0;0;0;0;0;0;0;0;0;0;0;0;0;0;0;0;0;0;0;0;0;0;0;0;0;0;0;0;0;0;0;0;0;0;0;0;0;0;0;0;0;0;0;0;0;0;0;0;0;0;0;0;0;0;0;0;0;0;0;0;0;0;0;0;0;0;0;0;0;0;0;0;0;0;0;0;0;0;0;0;0;0;0;0;0;0;0;1 263 923;105;0;0;0;0;0;0;0;0;0;0;0;0;0;0;0;0;0;0;0;0;0;0;0;0;0;0;0;0;0;0;0;0;0;0;0;0;0;0;0;0;0;0;0;0;0;0;0;0;0;0;0;0;0;0;0;0;0;0;0;0;0;0;0;0;0;0;0;0;0;0;0;0;0;0;0;0;0;0;0;0;0;0;0;0;0;0;0;0;0;0;0;0;0;0;0;0;0;0;0;0;0;0;0;0;0;0;0;0;0;0;0;0;0;0;0;0;0;0;0;0;0;0;0;0;0;0;0;0;0;0;0;0;0;0;0;0;0;0;0;0;0;0;0;0;0;0;0;0;0;0;0;0;0;0;0;0;0;0;0;0;0;0;0;0;0;0;0;0;0;0;0;0;0;0;0;0;0;0;0;0;0;0;0;0;0;0;0;0;0;0;0;0;0;0;0;0;0;0;0;0;0;0;0;0;0
  Ненецкий автономный округ;8 119 920;3 181 712;1 034 696;560 424;7 598 404;4 330 392;923 000;829 997;112;503;0;0;21 182;0;612 142;63 219;8;548 923;1 417 750;109 785;16 468;0;0;0;0;14 034;2 105;38 392;3 200;5 798;480;12 644;0;0;0;0;0;0;0;12 644;0;0;0;0;0;87;37;8;8;0;0;25 814;0;0;25 152;0;0;662;0;0;132;0;0;20;0;0;0;0;0;2;0;0;0;0;0;0;0;0;0;0;0;0;0;0;0;0;0;0;0;0;0;0;0;0;0;0;0;0;0;0;0;0;0;0;0;0;0;0;0;0;0;0;0;0;0;0;0;0;0;0;0;0;0;0;0;0;0;0;0;0;0;0;0;0;0;0;0;0;0;0;0;0;0;0;0;0;0;0;0;0;62 790;0;40 097;0;22 693;0;4 539;0;681;0;0;0;1;0;0;0;0;0;0;0;0;0;0;0;0;0;0;0;0;0;0;0;0;0;0;0;0;0;0;0;0;4;0;0;0;0;0;0;0;0;0;0;0;0;0;0;0;4;0;0;1;0;0;1;0;0;341 895;346 003;0;31 877;35 985;6 375;956;3;1;4;0;0;0;0;0;0;0;0;0;0;0;0;0;0;0;10 793;10 793;0;0;0;0;0;0;0;0;0;0;0;0;0;0;0;0;0;0;0;0;0;0;0;0;0;0;0;0;0;0;0;0;0;0;0;0;0;2;5 367;13 701;0;0;0;0;0;0;0;0;0;0;0;0;0;0;0;0;0;0;0;0;0;0;0;0;0;0;0;0;0;0;0;0;0;0;0;0;0;0;0;0;0;0;0;0;0;0;0;0;0;0;0;0;0;0;0;0;0;0;0;0;0;0;0;0;0;0;0;0;0;0;0;0;0;349;2;0;0;0;0;0;0;224;2;0;0;769;1;0;0;0;0;0;1 196;4;0;0;0;0;0;0;0;0;0;0;0;0;784 863;65;0;0;0;0;0;0;0;0;0;0;0;0;0;0;0;0;0;0;0;0;0;0;0;0;0;0;0;0;0;0;0;0;0;0;0;0;0;0;0;0;0;0;0;0;0;0;0;0;0;0;0;0;0;0;0;0;0;0;0;0;0;0;0;0;0;0;0;0;0;0;0;0;0;0;0;0;0;0;0;0;0;0;0;0;0;0;0;0;0;0;0;0;0;0;0;0;0;0;0;0;0;0;0;0;0;0;0;0;0;0;0;0;0;0;0;0;0;0;0;0;0;0;0;0;0;0;0;0;0;0;0;0;0;0;0;0;0;0;0;0;0;0;0;0;0;0;0;0;0;0;0;0;0;0;0;0;0;0;0;0;0;0;0;0;0;0;0;0;0;0;0;0;0;0;0;0;0;0;0;0;0;0;0;0;0;0;0;0;0;0;0;0;0;0;0;0;0;0;0;0;0;0;0;0;0
  Ханты-Мансийский автономный округ - Югра;4 829 162 066;121 183 243;542 544 479;17 986 270;4 206 548 741;132 429 528;421 904 426;21 330 373;1 150 891;113 745;34 016 701;2 929 677;203 334;170;710 185 460;21 839 275;218;688 360 438;17 229 820;118 743 124;20 646 678;111;256;2 396;3;4 386 717;658 850;11 264 159;139 186;1 953 894;20 883;4 367 855;18 913 807;14;0;0;0;0;0;23 284 314;0;0;0;0;0;4 709;901;2 394;481;0;2 025 034;4 580 289;0;1 876 765;3 921 901;0;166 103;674 636;0;33 221;134 927;0;4 983;20 239;0;17 574;16 247;0;198;68;0;8;6;0;0;0;0;0;0;0;0;0;0;0;0;0;0;0;0;0;0;0;0;0;0;0;0;0;0;0;0;0;0;0;0;0;0;0;0;0;0;0;0;0;0;0;0;0;0;0;0;0;0;0;0;0;0;0;0;0;0;0;155 033;0;3 968;122 177;0;2 356;32 856;0;1 612;986;0;48;0;0;0;0;0;0;0;2 139 809;0;2 453 456;0;0;0;0;0;0;0;313 647;0;1;0;1;0;0;0;0;0;0;0;0;0;0;0;0;0;0;0;0;0;0;0;0;0;0;0;255 118;0;0;245 197;0;0;0;0;0;9 892;0;297;0;0;0;0;1 682;0;0;0;0;0;3;0;0;0;0;38 743 634;31 865 076;13 547;8 994 031;2 129 020;1 798 806;269 821;14;7;15;0;0;0;0;0;0;0;12 983 260;13 003 091;5 756 588;6 340 395;0;0;4 558;9 594;181 733 048;118 124 026;32 803 517;18 675 451;11 623 313;31 163;451 520;0;10 777 412;414 081;562 983;1 068 627;0;951 745;0;0;0;0;0;1 766 324;3 315 834;0;6 698 594;0;0;0;0;0;0;0;452 369;0;0;0;0;0;0;0;0;145;6 108 409;85 690 788;0;0;0;0;0;0;0;0;0;0;0;0;0;0;0;0;0;10 489 440;18;45 588;2;0;0;0;0;0;0;0;0;0;924 704;8;92 471;12 322;1;1 232;1 319;2;176;0;0;0;0;0;0;0;0;269 908;2;11 265;4;57 066;1;5 707;130 877;2;17 451;0;0;1 966 300;3;393 260;0;0;0;654;1;197 518;20;317 292;10;20 314;20;524 025;53;57 252;9;1 329;2;1 755 873;21;745 515;54;43 422;35;97 369;12;636;2;127;41 983;6;488 349;54;0;0;0;0;0;0;372;1;241 674;4;0;0;223 157 058;3 006;14 300 062;17;0;0;0;14 248;1;2 850;28 420;1;5 684;185 436;2;37 087;141;1;28;11 725;1;2 345;0;0;0;0;0;0;0;0;0;0;0;0;0;0;0;0;0;0;0;0;0;0;0;0;0;0;0;0;0;0;0;0;0;0;0;0;0;0;0;0;0;0;0;0;0;0;0;0;0;0;0;0;0;0;0;0;0;0;0;0;0;0;0;0;0;0;0;0;0;0;0;0;0;0;0;0;0;0;0;0;0;0;0;0;0;0;0;0;0;0;0;0;0;0;0;0;0;0;0;0;0;0;0;0;0;0;0;0;0;0;0;0;0;0;0;0;0;0;0;0;0;0;0;0;0;0;0;0;0;0;0;0;0;0;0;0;0;0;0;0;0;0;0;0;0;0;0;0;0;0;0;0;0;0;0;0;0;0;0;0;0;0;0;0;0;0;0;0;0;0;0;0;0;0;0;0;0;0;0;0;0;0;0;0;0
  Чукотский автономный округ;100 446 640;9 152 595;14 135 392;10 780 444;61 815 317;17 043 951;11 518 970;6 821 972;9 294;15 135;0;0;2 296;0;41 254 743;1 518 308;13;39 736 435;3 917 749;7 947 200;1 192 006;0;0;0;0;916 525;137 479;227 506;260;34 123;39;303 661;0;0;0;0;0;0;0;303 661;0;0;0;0;0;119;48;23;7;0;1 989;0;0;1 989;0;0;0;0;0;0;0;0;0;0;0;0;0;0;1;0;0;0;0;0;0;0;7 975 871;0;0;5 872 893;0;0;2 216 938;0;0;0;0;0;443 388;0;0;66 508;0;0;113 960;0;0;13;0;0;6;0;2 014 907;0;0;2 125 525;0;0;0;0;0;121 582;0;0;0;0;0;0;24 316;0;0;3 647;0;0;232 201;0;0;6;0;0;2;0;0;0;0;0;0;0;0;0;0;0;0;0;0;0;0;0;0;0;0;0;0;0;0;0;0;0;0;0;0;0;0;0;0;0;0;0;0;0;0;0;0;0;0;0;0;0;0;0;0;0;0;0;0;0;0;0;115 649;0;0;205 957;0;0;0;0;0;14 162;0;0;0;0;0;425;2 408;0;0;104 469;0;0;2;0;0;1;0;0;961 509;914 374;0;47 135;0;9 427;1 414;1;0;0;0;0;0;0;0;0;0;0;0;0;0;0;0;0;0;97 143;42 143;3 674;51 326;0;0;0;0;0;0;0;0;0;0;0;0;0;0;0;0;0;0;0;0;0;0;0;0;0;0;0;0;0;0;0;0;0;0;0;10;70 522;213 640;0;0;0;0;0;0;0;0;0;0;0;0;0;0;0;0;0;71 090;1;0;0;0;0;0;0;0;0;0;0;0;0;0;0;0;0;0;0;0;0;0;0;0;0;0;0;0;0;0;0;143;1;0;0;0;0;0;0;0;0;0;0;0;0;0;0;0;0;5 369;2;0;0;61;1;14 311;3;0;0;0;0;115;1;11 003;4;0;0;0;0;3 230;1;646;0;0;7 695;3;0;0;0;0;0;0;0;0;0;0;0;0;3 497 048;102;528 095;3;0;0;0;0;0;0;0;0;0;0;0;0;0;0;0;0;0;0;0;0;0;0;0;0;0;0;0;0;0;0;0;0;0;0;0;0;0;0;0;0;0;0;0;0;0;0;0;0;0;0;0;0;0;0;0;0;0;0;0;0;0;0;0;0;0;0;0;0;0;0;0;0;0;0;0;0;0;0;0;0;0;0;0;0;0;0;0;0;0;0;0;0;0;0;0;0;0;0;0;0;0;0;0;0;0;0;0;0;0;0;0;0;0;0;0;0;0;0;0;0;0;0;0;0;0;0;0;0;0;0;0;0;0;0;0;0;0;0;0;0;0;0;0;0;0;0;0;0;0;0;0;0;0;0;0;0;0;0;0;0;0;0;0;0;0;0;0;0;0;0;0;0;0;0;0;0;0;0;0;0;0;0;0;0;0;0;0;0;0;0;0;0;0;0;0;0;0;0;0;0;0;0;0
  Ямало-Ненецкий автономный округ;1 517 453 233;75 894 056;293 499 584;6 860 901;1 141 554 586;84 781 031;153 468 475;19 106 405;199 626;130 528;163 520 478;569;63 929;48;352 555 475;30 990 265;73;321 565 210;21 002 568;57 185 114;9 646 827;1 862;11 960;106 000;1;3 399 908;547 742;4 080 033;19 917;654 219;2 988;6 198 053;7 126 978;7;0;0;0;0;0;13 442 991;0;0;0;0;0;1 034;315;482;166;0;238 090;1 509 248;20 679;144 861;2 224 522;20 634;96 810;321 828;45;19 362;64 366;9;2 905;9 655;1;3 582;37 102;0;90;20;1;2;4;0;0;0;0;0;0;0;0;0;0;0;0;0;0;0;0;0;0;0;0;0;0;0;0;0;0;0;0;0;0;0;0;0;0;0;0;0;0;0;0;0;0;0;0;0;0;0;0;0;0;0;0;0;0;0;0;0;0;0;0;0;507;0;0;288;0;0;218;0;0;7;0;0;0;0;0;0;19 693;0;19 114;0;1 152;0;230;0;35;0;573;0;2;0;1;0;0;523 392 352;0;252 101 772;0;135 645 290;0;135 645 290;0;22 759 381;0;4 069 359;0;18 690 022;0;4 369 677;0;0;0;1;0;0;0;57 286;0;0;54 036;0;0;0;0;0;3 250;0;98;0;0;0;0;553;0;0;0;0;0;1;0;0;0;0;43 174 591;40 346 032;479 250;2 768 065;418 755;553 613;83 042;27;5;14;15;230 376;0;0;0;230 361;2;0;0;34 347;34 347;0;0;9 670;144 334;287 375 489;227 161 245;11 807 516;617 442;47 787 942;0;0;11 170 486;25 517 307;0;10 633 000;0;0;13 712 176;0;0;0;0;0;0;0;0;14 145 456;0;0;0;0;0;0;0;13 845 446;0;0;0;0;0;0;0;0;59;3 116 233;45 314 832;0;0;0;0;0;0;0;0;0;0;0;0;0;0;0;0;0;59 971;2;0;0;0;0;0;0;0;0;0;0;0;766 503;3;76 650;0;0;0;4 638 389;3;618 452;0;0;0;0;0;0;0;0;1 872;1;14 967;2;0;0;0;0;0;0;0;0;0;0;0;0;0;0;0;0;405 491;12;0;0;19 031;9;75 809;19;1 588;4;0;0;176 463;5;256 689;21;11 155;11;95 540;8;89 156;5;17 831;11 678;5;109 747;18;0;0;0;0;0;0;0;0;0;0;0;0;192 792 103;734;1 312 179;6;0;0;0;113;1;23;8 821;1;1 764;0;0;0;0;0;0;0;0;0;0;0;0;0;0;0;0;0;0;0;290 733;1;0;0;0;0;0;0;0;0;0;0;369 150;1;0;0;0;0;0;0;0;0;0;0;0;0;0;0;0;0;0;0;0;0;0;0;0;0;0;0;0;0;0;0;0;0;0;0;0;0;0;0;0;0;0;0;0;0;0;0;0;0;0;0;0;0;0;0;0;0;0;0;0;0;0;0;0;0;0;0;0;0;0;0;0;0;0;0;0;0;0;0;0;0;0;0;0;0;0;0;0;0;0;0;0;0;0;0;0;0;0;0;0;0;0;0;0;0;0;0;0;0;0;0;0;0;0;0;0;0;0;0;0;0;0;0;0;0;0;0;0;0;0;0;0;0;0;0;0;0;0;0;0;0;0;0;0;0;0;0;0;0;0;0;0;0;0;0;0;0;0;0;0;0;0
;;;;;;;;;;;;;;;;;;;;;;;;;;;;;;;;;;;;;;;;;;;;;;;;;;;;;;;;;;;;;;;;;;;;;;;;;;;;;;;;;;;;;;;;;;;;;;;;;;;;;;;;;;;;;;;;;;;;;;;;;;;;;;;;;;;;;;;;;;;;;;;;;;;;;;;;;;;;;;;;;;;;;;;;;;;;;;;;;;;;;;;;;;;;;;;;;;;;;;;;;;;;;;;;;;;;;;;;;;;;;;;;;;;;;;;;;;;;;;;;;;;;;;;;;;;;;;;;;;;;;;;;;;;;;;;;;;;;;;;;;;;;;;;;;;;;;;;;;;;;;;;;;;;;;;;;;;;;;;;;;;;;;;;;;;;;;;;;;;;;;;;;;;;;;;;;;;;;;;;;;;;;;;;;;;;;;;;;;;;;;;;;;;;;;;;;;;;;;;;;;;;;;;;;;;;;;;;;;;;;;;;;;;;;;;;;;;;;;;;;;;;;;;;;;;;;;;;;;;;;;;;;;;;;;;;;;;;;;;;;;;;;;;;;;;;;;;;;;;;;;;;;;;;;;;;;;;;;;;;;;;;;;;;;;;;;;;;;;;;;;;;;;;;;;;;;;;;;;;;;;;;;;;;;;;;;;;;;;;;;;;;;;;;;;;;;;;;;
;;;;;;;;;;;;;;;;;;;;;;;;;;;;;;;;;;;;;;;;;;;;;;;;;;;;;;;;;;;;;;;;;;;;;;;;;;;;;;;;;;;;;;;;;;;;;;;;;;;;;;;;;;;;;;;;;;;;;;;;;;;;;;;;;;;;;;;;;;;;;;;;;;;;;;;;;;;;;;;;;;;;;;;;;;;;;;;;;;;;;;;;;;;;;;;;;;;;;;;;;;;;;;;;;;;;;;;;;;;;;;;;;;;;;;;;;;;;;;;;;;;;;;;;;;;;;;;;;;;;;;;;;;;;;;;;;;;;;;;;;;;;;;;;;;;;;;;;;;;;;;;;;;;;;;;;;;;;;;;;;;;;;;;;;;;;;;;;;;;;;;;;;;;;;;;;;;;;;;;;;;;;;;;;;;;;;;;;;;;;;;;;;;;;;;;;;;;;;;;;;;;;;;;;;;;;;;;;;;;;;;;;;;;;;;;;;;;;;;;;;;;;;;;;;;;;;;;;;;;;;;;;;;;;;;;;;;;;;;;;;;;;;;;;;;;;;;;;;;;;;;;;;;;;;;;;;;;;;;;;;;;;;;;;;;;;;;;;;;;;;;;;;;;;;;;;;;;;;;;;;;;;;;;;;;;;;;;;;;;;;;;;;;;;;;;;;;;;
;;;;;;;;;;;;;;;;;;;;;;;;;;;;;;;;;;;;;;;;;;;;;;;;;;;;;;;;;;;;;;;;;;;;;;;;;;;;;;;;;;;;;;;;;;;;;;;;;;;;;;;;;;;;;;;;;;;;;;;;;;;;;;;;;;;;;;;;;;;;;;;;;;;;;;;;;;;;;;;;;;;;;;;;;;;;;;;;;;;;;;;;;;;;;;;;;;;;;;;;;;;;;;;;;;;;;;;;;;;;;;;;;;;;;;;;;;;;;;;;;;;;;;;;;;;;;;;;;;;;;;;;;;;;;;;;;;;;;;;;;;;;;;;;;;;;;;;;;;;;;;;;;;;;;;;;;;;;;;;;;;;;;;;;;;;;;;;;;;;;;;;;;;;;;;;;;;;;;;;;;;;;;;;;;;;;;;;;;;;;;;;;;;;;;;;;;;;;;;;;;;;;;;;;;;;;;;;;;;;;;;;;;;;;;;;;;;;;;;;;;;;;;;;;;;;;;;;;;;;;;;;;;;;;;;;;;;;;;;;;;;;;;;;;;;;;;;;;;;;;;;;;;;;;;;;;;;;;;;;;;;;;;;;;;;;;;;;;;;;;;;;;;;;;;;;;;;;;;;;;;;;;;;;;;;;;;;;;;;;;;;;;;;;;;;;;;;;;
;;;;;;;;;;;;;;;;;;;;;;;;;;;;;;;;;;;;;;;;;;;;;;;;;;;;;;;;;;;;;;;;;;;;;;;;;;;;;;;;;;;;;;;;;;;;;;;;;;;;;;;;;;;;;;;;;;;;;;;;;;;;;;;;;;;;;;;;;;;;;;;;;;;;;;;;;;;;;;;;;;;;;;;;;;;;;;;;;;;;;;;;;;;;;;;;;;;;;;;;;;;;;;;;;;;;;;;;;;;;;;;;;;;;;;;;;;;;;;;;;;;;;;;;;;;;;;;;;;;;;;;;;;;;;;;;;;;;;;;;;;;;;;;;;;;;;;;;;;;;;;;;;;;;;;;;;;;;;;;;;;;;;;;;;;;;;;;;;;;;;;;;;;;;;;;;;;;;;;;;;;;;;;;;;;;;;;;;;;;;;;;;;;;;;;;;;;;;;;;;;;;;;;;;;;;;;;;;;;;;;;;;;;;;;;;;;;;;;;;;;;;;;;;;;;;;;;;;;;;;;;;;;;;;;;;;;;;;;;;;;;;;;;;;;;;;;;;;;;;;;;;;;;;;;;;;;;;;;;;;;;;;;;;;;;;;;;;;;;;;;;;;;;;;;;;;;;;;;;;;;;;;;;;;;;;;;;;;;;;;;;;;;;;;;;;;;;;;
;;;;;;;;;;;;;;;;;;;;;;;;;;;;;;;;;;;;;;;;;;;;;;;;;;;;;;;;;;;;;;;;;;;;;;;;;;;;;;;;;;;;;;;;;;;;;;;;;;;;;;;;;;;;;;;;;;;;;;;;;;;;;;;;;;;;;;;;;;;;;;;;;;;;;;;;;;;;;;;;;;;;;;;;;;;;;;;;;;;;;;;;;;;;;;;;;;;;;;;;;;;;;;;;;;;;;;;;;;;;;;;;;;;;;;;;;;;;;;;;;;;;;;;;;;;;;;;;;;;;;;;;;;;;;;;;;;;;;;;;;;;;;;;;;;;;;;;;;;;;;;;;;;;;;;;;;;;;;;;;;;;;;;;;;;;;;;;;;;;;;;;;;;;;;;;;;;;;;;;;;;;;;;;;;;;;;;;;;;;;;;;;;;;;;;;;;;;;;;;;;;;;;;;;;;;;;;;;;;;;;;;;;;;;;;;;;;;;;;;;;;;;;;;;;;;;;;;;;;;;;;;;;;;;;;;;;;;;;;;;;;;;;;;;;;;;;;;;;;;;;;;;;;;;;;;;;;;;;;;;;;;;;;;;;;;;;;;;;;;;;;;;;;;;;;;;;;;;;;;;;;;;;;;;;;;;;;;;;;;;;;;;;;;;;;;;;;;;
;;;;;;;;;;;;;;;;;;;;;;;;;;;;;;;;;;;;;;;;;;;;;;;;;;;;;;;;;;;;;;;;;;;;;;;;;;;;;;;;;;;;;;;;;;;;;;;;;;;;;;;;;;;;;;;;;;;;;;;;;;;;;;;;;;;;;;;;;;;;;;;;;;;;;;;;;;;;;;;;;;;;;;;;;;;;;;;;;;;;;;;;;;;;;;;;;;;;;;;;;;;;;;;;;;;;;;;;;;;;;;;;;;;;;;;;;;;;;;;;;;;;;;;;;;;;;;;;;;;;;;;;;;;;;;;;;;;;;;;;;;;;;;;;;;;;;;;;;;;;;;;;;;;;;;;;;;;;;;;;;;;;;;;;;;;;;;;;;;;;;;;;;;;;;;;;;;;;;;;;;;;;;;;;;;;;;;;;;;;;;;;;;;;;;;;;;;;;;;;;;;;;;;;;;;;;;;;;;;;;;;;;;;;;;;;;;;;;;;;;;;;;;;;;;;;;;;;;;;;;;;;;;;;;;;;;;;;;;;;;;;;;;;;;;;;;;;;;;;;;;;;;;;;;;;;;;;;;;;;;;;;;;;;;;;;;;;;;;;;;;;;;;;;;;;;;;;;;;;;;;;;;;;;;;;;;;;;;;;;;;;;;;;;;;;;;;;;;
;;;;;;;;;;;;;;;;;;;;;;;;;;;;;;;;;;;;;;;;;;;;;;;;;;;;;;;;;;;;;;;;;;;;;;;;;;;;;;;;;;;;;;;;;;;;;;;;;;;;;;;;;;;;;;;;;;;;;;;;;;;;;;;;;;;;;;;;;;;;;;;;;;;;;;;;;;;;;;;;;;;;;;;;;;;;;;;;;;;;;;;;;;;;;;;;;;;;;;;;;;;;;;;;;;;;;;;;;;;;;;;;;;;;;;;;;;;;;;;;;;;;;;;;;;;;;;;;;;;;;;;;;;;;;;;;;;;;;;;;;;;;;;;;;;;;;;;;;;;;;;;;;;;;;;;;;;;;;;;;;;;;;;;;;;;;;;;;;;;;;;;;;;;;;;;;;;;;;;;;;;;;;;;;;;;;;;;;;;;;;;;;;;;;;;;;;;;;;;;;;;;;;;;;;;;;;;;;;;;;;;;;;;;;;;;;;;;;;;;;;;;;;;;;;;;;;;;;;;;;;;;;;;;;;;;;;;;;;;;;;;;;;;;;;;;;;;;;;;;;;;;;;;;;;;;;;;;;;;;;;;;;;;;;;;;;;;;;;;;;;;;;;;;;;;;;;;;;;;;;;;;;;;;;;;;;;;;;;;;;;;;;;;;;;;;;;;;;
;;;;;;;;;;;;;;;;;;;;;;;;;;;;;;;;;;;;;;;;;;;;;;;;;;;;;;;;;;;;;;;;;;;;;;;;;;;;;;;;;;;;;;;;;;;;;;;;;;;;;;;;;;;;;;;;;;;;;;;;;;;;;;;;;;;;;;;;;;;;;;;;;;;;;;;;;;;;;;;;;;;;;;;;;;;;;;;;;;;;;;;;;;;;;;;;;;;;;;;;;;;;;;;;;;;;;;;;;;;;;;;;;;;;;;;;;;;;;;;;;;;;;;;;;;;;;;;;;;;;;;;;;;;;;;;;;;;;;;;;;;;;;;;;;;;;;;;;;;;;;;;;;;;;;;;;;;;;;;;;;;;;;;;;;;;;;;;;;;;;;;;;;;;;;;;;;;;;;;;;;;;;;;;;;;;;;;;;;;;;;;;;;;;;;;;;;;;;;;;;;;;;;;;;;;;;;;;;;;;;;;;;;;;;;;;;;;;;;;;;;;;;;;;;;;;;;;;;;;;;;;;;;;;;;;;;;;;;;;;;;;;;;;;;;;;;;;;;;;;;;;;;;;;;;;;;;;;;;;;;;;;;;;;;;;;;;;;;;;;;;;;;;;;;;;;;;;;;;;;;;;;;;;;;;;;;;;;;;;;;;;;;;;;;;;;;;;;;
;;;;;;;;;;;;;;;;;;;;;;;;;;;;;;;;;;;;;;;;;;;;;;;;;;;;;;;;;;;;;;;;;;;;;;;;;;;;;;;;;;;;;;;;;;;;;;;;;;;;;;;;;;;;;;;;;;;;;;;;;;;;;;;;;;;;;;;;;;;;;;;;;;;;;;;;;;;;;;;;;;;;;;;;;;;;;;;;;;;;;;;;;;;;;;;;;;;;;;;;;;;;;;;;;;;;;;;;;;;;;;;;;;;;;;;;;;;;;;;;;;;;;;;;;;;;;;;;;;;;;;;;;;;;;;;;;;;;;;;;;;;;;;;;;;;;;;;;;;;;;;;;;;;;;;;;;;;;;;;;;;;;;;;;;;;;;;;;;;;;;;;;;;;;;;;;;;;;;;;;;;;;;;;;;;;;;;;;;;;;;;;;;;;;;;;;;;;;;;;;;;;;;;;;;;;;;;;;;;;;;;;;;;;;;;;;;;;;;;;;;;;;;;;;;;;;;;;;;;;;;;;;;;;;;;;;;;;;;;;;;;;;;;;;;;;;;;;;;;;;;;;;;;;;;;;;;;;;;;;;;;;;;;;;;;;;;;;;;;;;;;;;;;;;;;;;;;;;;;;;;;;;;;;;;;;;;;;;;;;;;;;;;;;;;;;;;;;;
;;;;;;;;;;;;;;;;;;;;;;;;;;;;;;;;;;;;;;;;;;;;;;;;;;;;;;;;;;;;;;;;;;;;;;;;;;;;;;;;;;;;;;;;;;;;;;;;;;;;;;;;;;;;;;;;;;;;;;;;;;;;;;;;;;;;;;;;;;;;;;;;;;;;;;;;;;;;;;;;;;;;;;;;;;;;;;;;;;;;;;;;;;;;;;;;;;;;;;;;;;;;;;;;;;;;;;;;;;;;;;;;;;;;;;;;;;;;;;;;;;;;;;;;;;;;;;;;;;;;;;;;;;;;;;;;;;;;;;;;;;;;;;;;;;;;;;;;;;;;;;;;;;;;;;;;;;;;;;;;;;;;;;;;;;;;;;;;;;;;;;;;;;;;;;;;;;;;;;;;;;;;;;;;;;;;;;;;;;;;;;;;;;;;;;;;;;;;;;;;;;;;;;;;;;;;;;;;;;;;;;;;;;;;;;;;;;;;;;;;;;;;;;;;;;;;;;;;;;;;;;;;;;;;;;;;;;;;;;;;;;;;;;;;;;;;;;;;;;;;;;;;;;;;;;;;;;;;;;;;;;;;;;;;;;;;;;;;;;;;;;;;;;;;;;;;;;;;;;;;;;;;;;;;;;;;;;;;;;;;;;;;;;;;;;;;;;;;
