G0;G1;G2;G3;G4;G5;G6;G7;G8;G9;G10;G11;G12;G13;G14;G15;G16;G17;G18;G19;G20;G21;G22;G23;G24;G25;G26;G27;G28;G29;G30;G31;G32;G33;G34;G35;G36;G37;G38;G39;G40;G41;G42;G43;G44;G45;G46;G47;G48;G49;G50;G51;G52;G53;G54;G55;G56;G57;G58;G59;G60;G61;G62;G63;G64;G65;G66;G67;G68;G69;G70;G71;G72;G73;G74;G75;G76;G77;G78;G79;G80;G81;G82;G83;G84;G85;G86;G87;G88;G89;G90;G91;G92;G93;G94;G95;G96;G97;G98;G99;G100;G101;G102;G103;G104;G105;G106;G107;G108;G109;G110;G111;G112;G113;G114;G115;G116;G117;G118;G119;G120;G121;G122;G123;G124;G125;G126;G127;G128;G129;G130;G131;G132;G133;G134;G135;G136;G137;G138;G139;G140;G141;G142;G143;G144;G145;G146;G147;G148;G149;G150;G151;G152;G153;G154;G155;G156;G157;G158;G159;G160;G161;G162;G163;G164;G165;G166;G167;G168;G169;G170;G171;G172;G173;G174;G175;G176;G177;G178;G179;G180;G181;G182;G183;G184;G185;G186;G187;G188;G189;G190;G191;G192;G193;G194;G195;G196;G197;G198;G199;G200;G201;G202;G203;G204;G205;G206;G207;G208;G209;G210;G211;G212;G213;G214;G215;G216;G217;G218;G219;G220;G221;G222;G223;G224;G225;G226;G227;G228;G229;G230;G231;G232;G233;G234;G235;G236;G237;G238;G239;G240;G241;G242;G243;G244;G245;G246;G247;G248;G249;G250;G251;G252;G253;G254;G255;G256;G257;G258;G259;G260;G261;G262;G263;G264;G265;G266;G267;G268;G269;G270;G271;G272;G273;G274;G275;G276;G277;G278;G279;G280;G281;G282;G283;G284;G285;G286;G287;G288;G289;G290;G291;G292;G293;G294;G295;G296;G297;G298;G299;G300;G301;G302;G303;G304;G305;G306;G307;G308;G309;G310;G311;G312;G313;G314;G315;G316;G317;G318;G319;G320;G321;G322;G323;G324;G325;G326;G327;G328;G329;G330;G331;G332;G333;G334;G335;G336;G337;G338;G339;G340;G341;G342;G343;G344;G345;G346;G347;G348;G349;G350;G351;G352;G353;G354;G355;G356;G357;G358;G359;G360;G361;G362;G363;G364;G365;G366;G367;G368;G369;G370;G371;G372;G373;G374;G375;G376;G377;G378;G379;G380;G381;G382;G383;G384;G385;G386;G387;G388;G389;G390;G391;G392;G393;G394;G395;G396;G397;G398;G399;G400;G401;G402;G403;G404;G405;G406;G407;G408;G409;G410;G411;G412;G413;G414
Республика Адыгея;88 229 984;10 920 819;10 175 826;869 106;83 688 414;11 538 624;9 456 243;1 556 718;114 908;4 439;1 272;28;0;852;5 374 789;1 407 002;39;3 967 787;1 300 926;793 557;79 355;0;206 290;20 613;50 130;1 294;5 013;129;281 400;0;0;0;0;0;0;0;0;11 240 192;1 943 696;1 000;114;535;272;520;11;706 556;11 226;613 148;10 503;93 445;724;18 689;145;1 869;14;37;0;41;6;1;0;0;0;0;0;0;0;0;0;0;0;0;0;0;0;0;0;0;0;0;0;0;0;0;0;0;0;0;0;0;0;0;0;0;0;0;0;0;2 090 117;1 820 952;336 858;67 372;6 737;67 693;6;1;236;252;0;16;0;0;1;1;0;0;0;0;0;0;0;0;0;0;279 550;272 936;0;0;6 615;38 902;69 535;0;0;0;0;0;0;0;0;0;0;0;0;0;0;0;0;0;0;0;0;0;0;0;0;0;0;16;4 285;48 780;0;0;0;0;0;0;0;0;0;0;0;0;0;0;0;0;0;0;0;0;0;0;0;0;0;0;0;0;0;0;0;0;0;0;0;0;113;1;0;0;0;0;0;0;3 217;1;0;0;299;1;99;1;0;0;257;1;3 297;2;0;0;0;0;0;0;0;0;2 748;2;0;0;0;0;0;0;0;0;0;0;2 638 457;424;79 340;1;0;0;0;0;0;0;0;0;0;0;0;0;0;0;0;0;0;0;0;0;0;0;0;0;0;0;0;0;0;0;0;0;875;1;0;0;0;0;895 954;4;0;0;0;0;0;0;0;0;0;0;1 660 554;12;0;0;1 644;3;0;0;0;0;54 284;38;0;0;7 487;13;0;0;0;0;0;0;1 218;3;298 089;11;11 337;5;1 922;1;0;0;0;0;0;0;0;0;11 228;1;1 795;6;5 729;1;0;0;0;0;148;1;668;1;0;0;0;0;0;0;0;0;0;0;0;0;0;0;0;0;0;0;0;0;0;0;0;0;0;0;0;0;0;0;0;0;0;0;0;0;0;0;897;1;4 444;2;0;0;0;0;0;0;0;0;0;0;0;0;0;0;0;0;0;0;0;0;0;0;0;0;0;0;0;0
Республика Башкортостан;2 747 248 287;171 206 667;183 568 802;35 207 822;2 574 002 032;184 544 322;159 259 489;38 428 165;1 109 817;444 978;15 229 321;9 132 966;268 234;265 875;188 709 035;14 058 838;562;174 676 991;25 510 427;34 920 409;3 493 540;6 550;3 858 273;385 535;1 862 213;108 073;186 271;10 806;2 811 768;14 990;3;0;0;0;0;0;0;21 957 449;79 580 115;18 724;2 683;8 769;3 059;7 618;4 020;8 571 636;62 705;7 931 714;61 028;668 710;1 727;133 741;345;13 372;35;29 164;50;154;27;5;1;0;0;0;0;0;0;0;0;0;0;0;0;0;0;0;0;0;0;0;0;0;0;0;0;0;0;0;0;0;0;0;0;0;0;0;0;0;19 809 361;19 488 318;1 817 735;363 547;36 354;1 496 692;50;8;2 408 447;2 160 382;213 122;0;42 624;4 262;9;0;15;20;0;0;0;0;0;0;13 672 721;14 335 120;39 900 887;35 124 845;614 615;606 756;5 543 306;49 706 646;4 001 256;3 090 327;8 207;2 729 225;139 269;0;0;0;0;0;0;0;76 250;0;0;0;0;0;0;0;0;0;8 545;0;3 281;609 566;22;225;3 594 061;14 293 884;108;1;8 910;4;0;0;0;0;0;0;0;0;3 864 510;8;2 047 151;9;0;0;0;0;0;0;19 635;1;22;1;4 017;1;0;0;0;0;0;0;0;0;0;0;0;0;0;0;307 236;20;34 305;23;69 482;31;289 513;84;11 020;8;2 111;2;12 479;4;500 895;49;37 232;12;73 852;26;7 399;3;19 153;7;466 464;92;0;0;0;0;0;0;3 276;4;34 719;4;55 096 217;5 860;1 322 535;22;0;0;0;0;0;0;0;0;0;0;0;0;0;0;0;0;0;0;0;0;0;0;0;0;0;0;0;0;0;0;0;0;134 969;36;1 025;2;0;0;7 295 298;58;0;0;47 202;7;0;0;0;0;0;0;11 825 587;43;377 450;2;4 297;3;0;0;0;0;915 804;215;19 124;18;5 796 966;311;0;0;0;0;0;0;1 321 568;19;2 417 411;161;768 041;107;27 510;6;437 575;76;0;0;230 221;5;0;0;45 532;1;38 335;11;246 921;80;0;0;0;0;6 131;6;95 491;1;34 900;8;0;0;0;0;0;0;206;1;0;0;0;0;0;0;0;0;0;0;0;0;0;0;0;0;3 421;3;0;0;23 135;5;0;0;26 460;98;0;0;652 875;5;91 481;10;1 415;2;7 515;7;1 229;1;0;0;614 515;0;820 924;0;571 910;0;0;0;571 910;0;0;114 382;0;85 867;0;44 087;0;9;0;4
Республика Бурятия;184 830 654;17 859 332;25 511 693;3 748 352;162 291 229;19 968 250;29 223 849;6 693 860;454 096;90 613;2 026;0;1 924;1 096;19 703 573;1 575 796;57;18 127 853;4 964 908;3 624 248;362 557;0;723 314;72 395;317 643;3 379;31 799;361;315 159;1 322;1;0;0;0;0;0;0;5 474 539;9 559 706;2 164;226;1 006;667;453;885;966 257;11 006;898 418;9 519;67 839;1 487;13 568;297;1 357;30;0;0;24;1;0;0;0;0;0;0;0;0;0;0;0;0;0;0;0;0;0;0;0;0;0;0;0;0;0;0;0;0;0;0;0;0;0;0;0;0;0;0;0;2 585 246;2 304 768;280 478;56 096;5 610;0;5;0;0;0;0;0;0;0;0;0;3;0;0;0;0;0;0;0;248 486;248 405;1 308 549;1 237 946;0;0;426 158;10 663 997;83 930;0;26;0;0;0;0;0;0;0;0;0;0;0;0;0;0;0;0;0;0;0;0;0;0;988;1;20;54 889;658 915;0;0;0;0;0;0;0;0;0;0;0;0;85 756;2;39 814;1;0;0;0;0;0;0;4 298;1;0;0;1 363;1;0;0;0;0;0;0;0;0;0;0;0;0;0;0;554;2;0;0;1 579;6;52 205;6;0;0;0;0;12 044;1;10 746;4;749;5;25 907;1;0;0;0;0;18 486;7;0;0;0;0;0;0;0;0;0;0;3 663 524;526;516 301;5;0;0;0;0;0;0;0;0;0;0;0;0;0;0;0;0;0;0;0;0;0;0;0;0;0;0;0;0;0;0;0;0;19 708;10;45 820;1;0;0;0;0;0;0;0;0;0;0;0;0;0;0;6 788 322;30;235 636;3;0;0;0;0;0;0;97 461;62;19 080;16;209 353;252;0;0;0;0;0;0;806 661;7;910 632;55;408 025;21;2 803;2;4 003;5;0;0;282 742;6;0;0;0;0;1;1;10 019;20;0;0;0;0;17 932;2;803;1;21 870;2;0;0;0;0;0;0;17 568;1;757;1;7 673;1;0;0;0;0;0;0;0;0;0;0;0;0;10 274;8;0;0;2 880 542;2;0;0;95 915;98;0;0;186;1;4 898;5;0;0;1 662;1;0;0;0;0;0;0;0;0;0;0;0;0;0;0;0;0;0;0;0;0;0;0;0;0
Республика Алтай;173 655 112;13 218 252;18 535 092;5 182 979;165 947 006;13 790 019;19 163 758;3 711 730;35 599;67 880;2 236 526;2 822 734;792;0;4 880 882;606 233;26;4 274 649;1 855 372;776 239;85 493;0;151 569;16 125;82 390;1 231;8 872;124;121 247;78 688;109;0;0;0;0;0;0;802 050;4 223 119;959;125;413;215;767;0;33 898;0;33 367;0;531;0;106;0;11;0;0;0;1;0;0;0;0;0;0;0;0;0;0;0;0;0;0;0;0;0;0;0;0;0;0;0;0;0;0;0;0;0;0;0;0;0;0;0;0;0;0;0;0;69 791;54 950;14 841;2 968;297;0;2;0;0;0;0;0;0;0;0;0;4;0;0;0;0;0;0;0;8 829 135;9 414 227;5 971 387;6 583 924;0;500;68 749;121;156 514;0;0;0;0;0;0;0;0;0;0;0;0;0;0;0;0;0;0;0;0;0;0;0;0;98;1;13;27 211;159 530;0;0;0;0;0;0;0;0;0;0;0;0;0;0;0;0;0;0;0;0;0;0;0;0;0;0;0;0;0;0;0;0;0;0;0;0;0;0;0;0;0;0;0;0;0;0;0;0;0;0;0;0;0;0;0;0;0;0;0;0;0;0;0;0;0;0;0;0;0;0;0;0;0;0;0;0;0;0;2 373 572;302;39 277;4;0;0;0;0;0;0;0;0;0;0;0;0;0;0;0;0;0;0;0;0;0;0;0;0;0;0;0;0;0;0;0;0;1 707;5;0;0;0;0;649 071;1;0;0;0;0;0;0;0;0;0;0;68 709;1;0;0;0;0;0;0;0;0;10 424;4;2 362;2;8 917;9;0;0;0;0;0;0;5 362;2;18 885;4;3 000;1;0;0;267;1;0;0;0;0;0;0;0;0;0;0;279;1;0;0;0;0;0;0;19 757;1;0;0;0;0;0;0;0;0;0;0;0;0;0;0;0;0;0;0;0;0;0;0;0;0;0;0;148;2;0;0;0;0;0;0;0;0;0;0;8 994;1;4 098;2;0;0;1 593;2;0;0;0;0;0;0;0;0;0;0;0;0;0;0;0;0;0;0;0;0;0;0;0;0
Республика Дагестан;146 953 320;24 665 325;9 095 543;3 893 965;140 599 591;27 830 211;7 487 246;6 928 046;45 075;939;639 338;154;0;0;7 367 763;1 508 464;37;5 859 299;6 198 182;1 170 090;117 186;4 804;276 954;27 741;61 531;980;6 168;98;301 693;1 770;3;0;0;0;0;0;0;12 441 114;22 449 486;1 842;296;1 193;1 709;2 543;47;879 801;0;787 725;0;134 695;0;26 939;0;2 694;0;42 619;0;29;0;2;0;0;0;0;0;0;0;0;0;0;0;0;0;0;0;0;0;0;0;0;0;0;0;0;0;0;0;0;0;0;0;0;0;0;0;0;0;0;544 892;670 915;35 325;7 065;707;161 348;18;6;0;0;0;0;0;0;0;0;1;0;0;0;0;0;0;0;2 562;2 481;10 109;9 372;0;0;1 300;8 848;0;0;0;0;0;0;0;0;0;0;0;0;0;0;0;0;0;0;0;0;0;0;0;0;0;4 915;3;10;14 687;46 030;0;0;79;1;1 500;2;0;0;0;0;0;0;0;0;0;0;0;0;0;0;0;0;0;0;0;0;0;0;0;0;0;0;0;0;0;0;0;0;0;0;0;0;0;0;0;0;0;0;0;0;0;0;0;0;0;0;75;1;0;0;0;0;0;0;0;0;0;0;0;0;0;0;0;0;0;0;0;0;3 531 264;489;12 584;4;0;0;0;0;0;0;0;0;0;0;0;0;0;0;0;0;0;0;0;0;0;0;0;0;221;1;0;0;0;0;0;0;15 921;4;0;0;0;0;65 807;2;0;0;0;0;0;0;0;0;0;0;4 706 331;33;31 228;2;1 327;1;0;0;0;0;30 287;6;834 979;29;60 603;5;0;0;10 110;1;0;0;1 295 198;11;99 645;13;177 124;9;6 551;1;40 962;4;0;0;6 281;1;0;0;0;0;0;0;2 547;6;0;0;0;0;300;2;215;1;475;1;0;0;0;0;0;0;4 405;2;0;0;0;0;0;0;0;0;0;0;0;0;0;0;0;0;2 878;2;0;0;0;0;0;0;609;1;0;0;0;0;0;0;0;0;0;0;0;0;0;0;0;0;0;0;0;0;0;0;0;0;0;0;0;0;0;0;0;0;0;0
Республика Ингушетия;22 574 243;3 871 273;127 948;185 364;21 683 975;4 255 800;113 332;538 882;0;193;0;0;0;0;904 884;0;0;904 884;737 851;176 851;18 098;9;70 740;7 305;19 066;4;1 970;0;0;4 126;4;0;0;0;0;0;0;0;1 646 504;381;23;406;246;604;0;1 841;0;276;0;1 565;0;313;0;31;0;0;0;2;0;0;0;0;0;0;0;0;0;0;0;0;0;0;0;0;0;0;0;0;0;0;0;0;0;0;0;0;0;0;0;0;0;0;0;0;0;0;0;0;32 793;32 648;145;29;3;0;1;0;0;0;0;0;0;0;0;0;1;55;0;0;0;0;0;0;0;0;0;0;0;0;0;0;0;0;0;0;0;0;0;0;0;0;0;0;0;0;0;0;0;0;0;0;0;0;0;0;0;0;0;2;2 318;7 951;0;0;0;0;0;0;0;0;0;0;0;0;0;0;0;0;0;0;0;0;0;0;0;0;0;0;0;0;0;0;0;0;0;0;0;0;0;0;0;0;0;0;0;0;0;0;0;0;0;0;0;0;0;0;0;0;0;0;0;0;0;0;0;0;0;0;0;0;0;0;0;0;0;0;0;0;0;0;339 335;40;0;0;0;0;0;0;0;0;0;0;0;0;0;0;0;0;0;0;0;0;0;0;0;0;0;0;0;0;0;0;0;0;0;0;0;0;0;0;0;0;0;0;0;0;0;0;0;0;0;0;0;0;0;0;0;0;0;0;0;0;0;0;0;0;0;0;0;0;0;0;0;0;0;0;0;0;0;0;0;0;0;0;7 364;1;0;0;0;0;0;0;0;0;0;0;0;0;0;0;0;0;21;1;1 472;2;0;0;0;0;0;0;0;0;0;0;0;0;0;0;0;0;0;0;0;0;0;0;0;0;0;0;0;0;0;0;0;0;0;0;0;0;0;0;0;0;0;0;0;0;0;0;0;0;0;0;0;0;0;0;0;0;0;0;0;0;0;0;0;0;0;0;0;0;0;0
Кабардино-Балкарская Республика;112 316 184;8 945 043;5 246 767;445 857;109 529 090;10 463 221;5 975 553;724 167;7 501;68;0;3 801;0;0;2 066 167;20 895;16;2 045 272;1 800 147;409 050;40 905;162;136 257;13 592;42 234;158;4 192;15;4 179;0;0;0;0;0;0;0;0;89 810;2 024 479;1 010;145;1 004;484;1 513;4;625 301;0;413 898;0;211 455;0;42 291;0;4 229;0;67;0;27;0;2;0;0;0;0;0;0;0;0;0;0;0;0;0;0;0;0;0;0;0;0;0;0;0;0;0;0;0;0;0;0;0;0;0;0;0;0;0;0;1 458 412;1 483 853;21 396;4 279;428;46 837;11;3;0;0;0;0;0;0;0;0;0;0;0;0;0;0;0;0;97 835;95 339;1 925;1 925;0;0;357;160 681;5 925;0;0;0;0;0;0;0;0;0;0;0;0;0;0;0;0;0;0;0;0;0;0;0;0;0;0;10;2 906;3 037;3 560;1;0;0;0;0;0;0;0;0;0;0;0;0;0;0;0;0;0;0;0;0;0;0;0;0;0;0;0;0;0;0;0;0;0;0;0;0;0;0;0;0;0;0;0;0;0;0;0;0;0;0;0;0;0;0;0;0;0;0;0;0;0;0;0;0;0;0;0;0;0;0;0;0;0;0;0;0;1 723 403;332;1 725;1;0;0;0;0;0;0;0;0;0;0;0;0;0;0;0;0;0;0;0;0;0;0;0;0;0;0;0;0;0;0;0;0;0;0;0;0;0;0;0;0;0;0;0;0;0;0;0;0;0;0;0;0;0;0;0;0;0;0;0;0;0;0;0;0;1 753;3;0;0;0;0;0;0;0;0;8 880;1;0;0;0;0;0;0;0;0;0;0;0;0;0;0;0;0;0;0;0;0;0;0;77 806;1;0;0;0;0;0;0;0;0;0;0;0;0;0;0;0;0;0;0;0;0;0;0;0;0;0;0;0;0;241;1;0;0;0;0;0;0;0;0;0;0;0;0;0;0;0;0;43;1;0;0;0;0;0;0;0;0;0;0;0;0;0;0;0;0;0;0;0;0;0;0;0;0
Республика Калмыкия;27 624 143;3 509 741;7 856 811;203 572;27 330 161;3 717 525;7 241 982;659 876;4 363;1 533;1;430;0;0;913 173;272 501;9;640 672;662 985;128 134;12 813;0;60 517;6 055;15 876;138;1 588;13;54 501;0;0;0;0;0;0;0;0;1 160 595;1 820 276;552;66;928;190;183;11;51 813;3 133;47 829;3 084;3 985;49;797;10;80;1;0;0;12;4;0;0;0;0;0;0;0;0;0;0;0;0;0;0;0;0;0;0;0;0;0;0;0;0;0;0;0;0;0;0;0;0;0;0;0;0;0;0;0;4 011;3 675;336;67;7;0;4;0;21 790;15 243;0;0;0;0;1;0;0;2;0;0;0;0;0;0;0;0;0;0;0;0;0;201;4 800;0;0;0;0;0;0;0;0;0;0;0;0;0;0;0;0;0;0;0;0;0;0;0;0;0;0;1;18;0;0;0;0;0;0;0;0;0;0;0;0;0;0;0;0;0;0;0;0;0;0;0;0;0;0;0;0;0;0;0;0;0;0;0;0;0;0;0;0;0;0;0;0;0;0;0;0;0;0;0;0;0;0;0;357;1;0;0;0;0;0;0;0;0;0;0;183;1;0;0;0;0;0;0;0;0;0;0;395 346;105;0;0;0;0;0;0;0;0;0;0;0;0;0;0;0;0;0;0;0;0;0;0;0;0;0;0;0;0;0;0;0;0;0;0;727;1;0;0;0;0;108 602;1;0;0;0;0;0;0;0;0;0;0;128 198;2;0;0;0;0;0;0;0;0;5 085;16;0;0;9 542;13;0;0;0;0;0;0;2 785 981;7;27 424;3;0;0;0;0;15 459;3;0;0;355;1;0;0;55;1;6 368;9;462;2;0;0;0;0;747;4;36 708;3;0;0;0;0;0;0;0;0;0;0;0;0;0;0;0;0;0;0;0;0;0;0;0;0;0;0;4 763;8;0;0;0;0;0;0;620;1;0;0;0;0;19 384;1;0;0;2 010;1;0;0;0;0;0;0;0;0;0;0;0;0;0;0;0;0;0;0;0;0;0;0;0;0
Карачаево-Черкесская Республика;114 712 949;19 864 983;23 855 884;45 062 980;108 423 829;19 177 525;24 691 527;50 316 917;89 431;8 955;0;0;7 631;469 052;5 535 579;1 158 124;16;4 377 456;5 026 575;875 140;87 549;0;112 472;11 374;58 014;1 259;5 802;126;231 625;31;4;0;373;2;0;0;0;1 870 067;6 735 427;637;68;727;274;533;3;73 133;0;69 274;0;4 156;0;831;0;83;0;351;0;12;0;1;0;0;0;0;0;0;0;0;0;0;0;0;0;0;0;0;0;0;0;0;0;0;0;0;0;0;0;0;0;0;0;0;0;0;0;0;0;0;1 424 269;1 161 776;340 586;68 117;6 812;78 093;7;2;12;35;0;22;0;0;1;1;0;0;0;0;0;0;0;0;1 943 227;1 901 399;0;0;0;0;6;99 107;1 507;0;2;0;0;0;0;0;0;0;0;0;0;0;0;0;0;0;0;0;0;0;0;0;0;0;0;6;784;63 568;595;1;1 666;3;0;0;0;0;0;0;0;0;0;0;0;0;0;0;0;0;0;0;0;0;0;0;0;0;0;0;0;0;0;0;0;0;0;0;0;0;0;0;7 886;2;8 316;2;61;2;583;2;0;0;0;0;0;0;0;0;0;0;0;0;0;0;0;0;13;1;0;0;0;0;0;0;0;0;0;0;2 595 374;230;0;0;0;0;0;0;0;0;0;0;0;0;0;0;0;0;0;0;0;0;0;0;0;0;0;0;0;0;0;0;0;0;0;0;0;0;0;0;0;0;0;0;0;0;864;1;0;0;0;0;0;0;0;0;0;0;0;0;0;0;0;0;23 533;6;1 656;4;1 526;3;0;0;0;0;0;0;46 059;3;26 217;3;4 414;1;0;0;11 839;4;0;0;7 409;1;0;0;4 324;1;5 321;1;0;0;0;0;0;0;0;0;0;0;0;0;0;0;0;0;0;0;0;0;0;0;0;0;0;0;0;0;0;0;0;0;0;0;0;0;14 744;1;0;0;0;0;0;0;0;0;0;0;0;0;85;1;0;0;1 150;4;0;0;0;0;0;0;0;0;0;0;0;0;0;0;0;0;0;0;0;0;0;0;0;0
Республика Карелия;197 558 152;28 660 767;25 068 719;2 906 037;184 446 880;32 443 931;24 522 577;3 996 736;197 175;301 109;119 685;1 894;11 619;9;16 215 496;5 479 272;217;10 736 224;4 574 656;2 121 045;214 723;0;395 258;40 416;186 840;4 389;18 948;437;1 095 854;26 200;7;0;0;0;0;0;0;17 480 557;22 734 511;2 446;723;741;958;1 732;786;881 894;2 142;813 090;1 795;70 825;346;14 164;69;1 416;7;2 023;0;51;1;2;0;0;0;0;0;0;0;0;0;0;0;0;0;0;0;0;0;0;0;0;0;0;0;0;0;0;0;0;0;0;0;0;0;0;0;0;0;0;3 061 976;2 663 661;593 988;118 797;11 880;195 673;21;8;183 238;170 940;0;188;0;0;2;1;3;0;0;0;0;0;0;0;8 812;6 430;2 514 178;21 967;0;0;2 492 211;10 052 370;1 480 025;105 087;1 016;0;0;0;0;0;0;0;0;0;0;0;0;0;0;0;0;0;0;0;0;105 087;0;128;1;47;109 700;736 093;3 980;1;520;1;0;0;0;0;0;0;0;0;55 674;1;0;0;0;0;0;0;0;0;0;0;0;0;869;1;0;0;0;0;0;0;0;0;1 837;1;0;0;0;0;695;2;5 838;2;6 828;10;20 772;21;72;1;0;0;806;2;12 686;8;70;2;557;1;12;1;734;1;20 147;29;0;0;0;0;0;0;0;0;0;0;6 336 254;1 154;53 173;11;0;0;0;0;0;0;0;0;0;0;551 656;5;0;0;0;0;0;0;0;0;0;0;0;0;0;0;0;0;0;0;0;0;53 525;15;0;0;0;0;2 270 596;4;0;0;23 940;2;0;0;0;0;0;0;1 435 279;11;0;0;531 997;6;0;0;0;0;25 230;36;420;3;243 709;53;345;2;0;0;0;0;99 630;5;99 441;10;0;0;0;0;15 465;60;0;0;28 252;2;551;1;2 688;11;10 980;11;706;3;0;0;0;0;887;2;398;1;0;0;0;0;0;0;0;0;0;0;0;0;0;0;6 919;1;0;0;0;0;0;0;0;0;0;0;18 678;7;0;0;53 835;1;0;0;2 901;2;0;0;0;0;131;2;0;0;3 952;1;0;0;0;0;154 745;0;471 073;0;1 282;0;0;0;1 282;0;0;256;0;0;0;256;0;10;2;2
Республика Коми;344 832 605;36 001 465;42 912 540;7 614 544;302 029 256;43 551 707;37 733 716;8 250 029;117 127;110 173;499 653;10 739;82 033;2 473;47 518 284;8 921 166;149;38 597 118;8 084 553;7 273 665;771 942;0;473 082;48 204;894 605;13 522;45 884;1 358;1 784 234;445 758;6;0;0;0;0;0;0;20 504 789;25 670 768;2 741;603;1 725;610;1 136;31;1 845 919;180 242;1 716 808;168 553;129 193;11 798;25 838;2 360;2 585;235;80;110;156;21;1;1;0;0;0;0;0;0;0;0;0;0;0;0;0;0;0;0;0;0;0;0;0;0;0;0;0;0;0;0;0;0;0;0;0;0;0;0;0;355 773;409 955;0;0;0;54 182;2;2;6 878 437;6 399 965;1 027 369;548 898;205 474;20 548;16;6;3;4;0;0;0;0;0;0;208;3 649;284 798;282 830;0;0;4 880;14 939 747;687 878;9 527 227;8 954;20 900;6 404;0;0;0;0;0;0;0;9 499 857;66;0;0;0;0;0;0;0;0;0;0;0;15 328;1;61;157 303;2 611 669;0;0;964;2;13 249;2;0;0;0;0;0;0;438 474;6;13 984;1;0;0;0;0;0;0;256;1;0;0;4 449;1;0;0;0;0;0;0;30;1;148;3;0;0;0;0;10 502;6;9 697;6;2 871;6;38 511;29;2;1;151;2;49 679;5;75 349;18;2 832;10;6 998;9;48;1;565;2;81 696;31;0;0;0;0;0;0;0;0;993;1;11 792 743;1 228;327 565;58;0;0;16;1;0;0;0;0;0;0;0;0;0;0;0;0;0;0;0;0;0;0;0;0;0;0;0;0;0;0;0;0;24 359;23;0;0;0;0;1 729 446;9;0;0;1 366;3;0;0;0;0;1 257;1;803 550;9;0;0;5 300;6;0;0;0;0;309 593;73;800;3;295 981;172;894;2;0;0;0;0;9 089;3;75 976;18;344 787;12;242 929;6;557;5;0;0;49 965;7;0;0;0;0;6 827;9;155 148;25;0;0;0;0;9 696;3;677;1;0;0;0;0;0;0;0;0;0;0;0;0;0;0;0;0;0;0;0;0;0;0;0;0;0;0;8 305;8;0;0;668 141;3;0;0;9 211;25;0;0;727 335;1;1 124;1;0;0;4 108;2;17 539;3;0;0;0;0;1 408;0;0;0;0;0;0;0;0;0;0;0;0;0;0;2;1;1
Республика Марий-Эл;286 228 075;54 503 174;10 289 118;3 731 494;267 468 263;56 584 674;11 719 645;5 531 866;125 851;301 457;7 477;203 757;145 239;261;17 305 580;564 192;97;16 741 388;3 388 663;3 322 591;334 828;8;1 675 757;167 826;182 363;6 743;17 926;674;112 838;25 686;4;0;0;0;0;0;0;2 127 086;9 953 213;3 042;434;1 088;322;595;511;654 235;179 249;577 262;165 361;77 296;16 741;15 459;3 348;1 546;335;323;2 853;47;33;1;2;0;0;0;0;0;0;0;0;0;0;0;0;0;0;0;0;0;0;0;0;0;0;0;0;0;0;0;0;0;0;0;0;0;0;0;0;0;22 063 764;24 632 910;987 934;197 586;19 759;3 557 080;13;4;0;0;0;0;0;0;0;0;2;1;0;0;0;0;0;0;138 175;129 383;838 436;439 469;0;0;398 973;1 162 881;652 293;184;33;0;0;0;0;0;0;0;0;0;0;0;0;0;0;4 340;0;0;0;0;0;0;0;8 549;3;34;83 730;640 475;0;0;2 905;3;31;1;0;0;4;1;0;0;0;0;0;0;0;0;0;0;0;0;0;0;0;0;0;0;0;0;0;0;0;0;0;0;15;1;0;0;0;0;88;1;0;0;7 922;3;21 075;7;0;0;0;0;0;0;11 113;3;0;0;1 379;1;376;1;0;0;11 304;8;0;0;0;0;0;0;0;0;0;0;5 866 781;974;82 292;7;0;0;0;0;0;0;0;0;0;0;0;0;0;0;0;0;0;0;0;0;0;0;0;0;0;0;0;0;0;0;0;0;25 578;11;0;0;0;0;635 947;4;0;0;0;0;0;0;0;0;0;0;3 248 229;11;0;0;5 221;2;0;0;0;0;62 049;42;81 529;10;57 011;75;2 420;2;0;0;0;0;27 415;5;16 342;4;0;0;10 511;7;1 546;12;0;0;0;0;0;0;0;0;66;1;4 994;3;0;0;0;0;41 570;3;2 781;2;6 607;1;0;0;0;0;0;0;1;1;0;0;0;0;0;0;0;0;0;0;0;0;0;0;0;0;1 297;6;0;0;53 714;53;0;0;25 564;84;0;0;0;0;19 465;4;0;0;10 360;3;0;0;0;0;0;0;0;0;0;0;0;0;0;0;0;0;0;0;0;0;0;0;0;1
Республика Мордовия;288 008 198;52 289 250;18 072 772;7 649 735;277 202 681;55 839 932;17 464 617;9 784 221;344 327;70 140;152 488;140 873;18 220;0;11 617 678;1 726 607;104;9 891 071;5 719 550;1 939 258;197 818;0;548 995;55 513;252 622;11 873;24 388;1 188;345 322;38 939;8;0;0;0;0;0;0;5 029 961;19 479 782;2 731;305;1 380;307;738;48;551 348;0;500 828;0;50 519;0;10 103;0;1 010;0;0;0;38;0;0;0;0;0;0;0;0;0;0;0;0;0;0;0;0;0;0;0;0;0;0;0;0;0;0;0;0;0;0;0;0;0;0;0;0;0;0;0;0;27 377 864;24 070 375;3 681 777;735 765;73 577;374 288;62;11;55 533;57 163;0;1 630;0;0;1;1;6;1;0;0;0;0;0;0;116 537;112 408;5 689 154;1 623 025;0;0;66 661;908 184;415 101;42;10;0;6 100;0;0;0;0;0;0;0;0;0;0;0;0;0;0;0;0;0;0;0;0;8 816;7;48;123 840;1 577 875;460;1;0;0;0;0;0;0;0;0;0;0;115;1;0;0;0;0;0;0;0;0;0;0;0;0;1 100 905;1;0;0;0;0;0;0;0;0;47;1;0;0;0;0;1 351;2;1 996;2;2 369;6;8 414;9;0;0;2 183;1;2 081;2;16 278;5;2 783;3;4 495;2;191;1;0;0;27 618;11;0;0;0;0;0;0;0;0;46;1;10 493 698;1 003;113 248;8;0;0;0;0;0;0;0;0;0;0;0;0;0;0;0;0;0;0;0;0;0;0;0;0;0;0;0;0;0;0;0;0;45 547;15;93 408;2;0;0;559 026;3;0;0;0;0;0;0;0;0;0;0;1 361 735;6;118 333;1;716 979;1;0;0;0;0;924 052;70;104 876;9;75 456;73;0;0;0;0;0;0;53 602;8;479 592;30;161 606;15;0;0;28 930;13;0;0;0;0;0;0;18 501;5;814;3;14 951;11;0;0;738;1;9 510;3;1 639;2;0;0;0;0;0;0;28;1;178;2;0;0;0;0;0;0;0;0;0;0;0;0;0;0;0;0;4 393;4;0;0;178;1;0;0;1 882;6;0;0;98 510;2;1 135;1;0;0;7 420;6;0;0;0;0;0;0;0;0;0;0;0;0;0;0;0;0;0;0;0;0;0;0;0;0
Республика Саха (Якутия);720 949 294;42 091 332;216 166 600;18 025 270;534 863 989;55 307 905;153 162 817;16 641 467;326 278;88 498;20 898 125;574 192;46 098;4 310;228 938 566;13 736 976;100;215 306 665;12 136 961;43 015 297;4 306 133;85;3 310 917;331 351;879 443;142 924;89 350;14 291;2 747 395;46 036;4;0;0;0;0;0;0;32 278 129;28 494 368;2 434;689;1 538;498;1 076;423;1 048 097;204 767;1 001 153;172 055;51 277;39 535;10 255;7 907;1 026;791;4 698;6 824;334;8;5;2;2 262 583;0;2 237 932;0;24 651;0;4 437;0;0;0;0;0;0;0;1;0;0;0;0;0;0;0;0;0;0;0;0;0;0;0;0;0;0;0;0;0;0;46 995;43 128;3 867;773;77;0;4;0;1 556 733;1 421 339;135 393;0;27 079;2 708;4;0;1;17;0;0;0;0;0;0;5 250 278;6 161 635;2 155 101;1 607 686;0;0;624 163;33 754 688;937 285;12 839;2 825;0;0;0;0;0;0;0;0;0;0;0;0;0;0;0;0;0;0;0;0;0;0;125 302;3;45;1 580 114;9 773 045;0;0;0;0;24 128;2;0;0;0;0;0;0;266 984;3;246 250;3;0;0;0;0;0;0;211 883;1;0;0;11 572;1;0;0;0;0;0;0;0;0;0;0;0;0;23 738;1;10 874;6;1 156;2;9 796;6;337 716;19;0;0;0;0;602 769;2;288 466;4;27 345;7;17 474;4;61 908;2;813;1;202 067;19;0;0;0;0;0;0;0;0;0;0;29 923 599;1 008;1 202 420;6;0;0;110;1;0;0;0;0;0;0;0;0;0;0;0;0;0;0;0;0;0;0;0;0;0;0;0;0;0;0;0;0;60 333;25;19 997;3;0;0;5 215 591;15;0;0;0;0;0;0;0;0;0;0;23 561 039;19;248 447;1;19 546;3;18;1;0;0;2 598 532;94;560 963;21;2 235 542;49;151;1;0;0;0;0;477 123;9;1 687 899;35;886 577;32;10 556;5;18 717;19;0;0;148 827;5;0;0;60;1;1 672;3;35 876;13;0;0;0;0;46 685;10;30 185;1;4 059;4;0;0;0;0;0;0;32;1;0;0;0;0;110;1;0;0;0;0;0;0;0;0;0;0;55 284;25;0;0;0;0;0;0;31 945;10;0;0;1 861 407;3;4 638;2;0;0;16 849;4;0;0;0;0;11 367 291;0;1 930 669;0;0;0;0;0;0;0;0;0;0;0;0;0;0;14;0;2
Республика Северная Осетия-Алания;63 075 215;2 742 047;2 887 475;699 839;59 413 623;3 704 307;3 397 107;1 362 598;79 051;5 537;6 833;0;422;0;3 224 307;649 301;17;2 577 470;1 619 481;515 489;51 549;74;125 633;12 630;30 046;1 448;2 990;145;129 860;15;4;0;0;0;0;0;0;1 392 849;1 932 511;884;161;788;479;767;8;789 691;0;700 708;0;115 524;0;23 105;0;2 311;0;26 541;0;9;0;1;0;0;0;0;0;0;0;0;0;0;0;0;0;0;0;0;0;0;0;0;0;0;0;0;0;0;0;0;0;0;0;0;0;0;0;0;0;0;22 138;48 329;147;29;3;26 338;4;1;8 000;7 987;13;0;3;0;1;0;2;0;0;0;0;0;0;0;0;0;0;0;0;0;0;115 849;197 579;0;3;0;0;0;0;0;0;0;0;0;0;0;0;0;0;0;0;0;0;0;0;0;0;7 265;1;3;2 122;68 344;0;0;3 312;1;0;0;0;0;0;0;0;0;0;0;0;0;0;0;0;0;0;0;0;0;0;0;0;0;0;0;0;0;0;0;0;0;0;0;0;0;0;0;0;0;0;0;0;0;0;0;0;0;0;0;0;0;0;0;0;0;0;0;0;0;0;0;0;0;0;0;0;0;0;0;0;0;0;0;1 323 285;324;1 217;1;0;0;0;0;0;0;0;0;0;0;0;0;0;0;0;0;0;0;0;0;0;0;0;0;0;0;0;0;0;0;0;0;9 880;7;0;0;0;0;119 862;1;0;0;0;0;0;0;0;0;0;0;686;1;0;0;0;0;0;0;0;0;4 967;9;0;0;3 347;9;0;0;0;0;0;0;378 536;10;18 589;2;65 636;2;75;1;150;1;0;0;0;0;0;0;0;0;0;0;1 087;4;0;0;0;0;803;2;0;0;0;0;0;0;0;0;0;0;0;0;0;0;0;0;0;0;0;0;0;0;0;0;0;0;0;0;0;0;0;0;0;0;0;0;27;1;0;0;83 510;1;0;0;0;0;0;0;0;0;0;0;0;0;0;0;0;0;0;0;0;0;0;0;0;0;0;0;0;0;0;0
Республика Татарстан;5 364 347 262;539 423 307;814 704 389;225 501 718;4 998 035 618;578 714 430;702 300 512;252 089 070;7 564 739;2 248 462;51 123 564;3 114 356;842 671;17 340;439 870 762;74 294 830;653;365 575 974;65 928 176;72 889 306;7 309 012;227;11 739 479;1 171 495;1 735 234;125 388;173 781;12 529;14 858 966;28 352;8;2 433;194 992;11;0;0;0;130 750 515;158 572 447;30 555;2 715;15 334;3 930;15 706;554;8 549 201;25 054;7 813 788;22 864;757 727;2 189;151 545;438;15 155;44;22 318;0;171;4;11;0;0;4 662 005;0;4 736 247;0;27 430;0;1 371;0;4 115;0;549;0;314 270;0;4;0;2;0;0;0;0;0;0;0;0;0;0;0;0;0;0;0;0;0;0;0;73 653 300;68 657 224;7 746 790;1 549 316;154 935;2 750 714;142;26;9 128 900;8 431 369;702 444;318 044;140 489;14 049;29;6;25;7;0;0;0;0;0;0;159 738 411;147 664 543;627 938 557;623 067 708;0;0;6 125 473;78 255 159;13 154 281;894 604;191 021;226 421;8 000;246;0;989 312;0;8 712;0;0;0;0;107 796;5 825;0;146 250;0;0;84 942;0;0;0;366 270;1 142 269;42;376;3 261 815;26 519 662;49 174;2;8 190;4;2 433;4;0;0;0;0;0;0;1 085 798;17;246 738;5;0;0;6 740 061;2;0;0;13 740;1;0;0;4 539 664;16;0;0;0;0;0;0;0;0;21 912;11;0;0;709;1;132 314;28;40 157;17;595 326;45;417 419;130;3 084 934;9;242 242;26;389 998;76;946 326;125;210 242;57;184 854;24;39 783;10;75 372;17;485 187;176;0;0;0;0;721;1;13 873;3;1 392;3;128 928 379;8 424;6 647 402;62;0;0;0;0;0;0;0;0;0;0;0;0;0;0;1 240 311;2;0;0;0;0;0;0;0;0;0;0;0;0;0;0;0;0;455 623;44;26 515;3;0;0;4 869 361;19;1 172 417;1;486 007;11;10 448;1;0;0;0;0;8 394 000;35;29 308 857;5;2 958 650;13;0;0;0;0;882 678;93;886 403;15;2 742 140;179;0;0;0;0;2 332;2;8 173 822;29;54 579 993;50;1 782 234;71;74 087;3;327 937;95;0;0;719 025;11;0;0;879;7;22 174;18;3 512;7;0;0;0;0;2 329;5;121 819;2;0;0;0;0;0;0;398;1;13 858;1;0;0;6 183;1;0;0;0;0;0;0;0;0;0;0;0;0;226 602;29;0;0;143 276;4;0;0;368 316;155;0;0;81 970;3;5 258;3;50;1;12 125;4;0;0;0;0;450 649;21 378;879 973;0;417 215;0;0;0;417 215;0;0;83 443;0;39 387;0;44 069;0;22;4;16
Республика Тыва;21 324 868;4 382 905;5 735 644;685 097;17 543 951;5 035 281;3 473 497;913 472;6 650;8 068;0;0;0;0;6 049 714;4 970 573;3;1 079 141;872 683;215 828;21 583;0;122 734;12 273;19 771;26;2 116;3;994 115;0;0;0;0;0;0;0;0;5 068 069;5 813 111;344;47;124;62;133;744;38 172;0;36 438;0;1 734;0;347;0;35;0;0;0;2;0;0;0;19 255 690;0;13 826 610;0;0;0;0;0;0;0;0;0;0;0;1;0;0;0;0;0;0;0;0;0;0;0;0;0;0;0;0;0;0;0;0;0;0;0;0;0;0;0;0;0;0;0;0;0;0;0;0;0;0;0;0;0;0;0;0;0;0;0;0;0;0;0;0;0;0;0;0;0;0;0;0;0;0;0;0;0;0;0;0;0;0;0;0;0;0;0;0;0;0;0;0;0;5;3 832;67 732;0;0;0;0;0;0;0;0;0;0;0;0;0;0;0;0;0;0;0;0;0;0;0;0;0;0;0;0;0;0;0;0;0;0;0;0;0;0;0;0;0;0;890;1;0;0;41;1;2 465;2;0;0;0;0;0;0;0;0;0;0;0;0;0;0;0;0;977;1;0;0;0;0;0;0;0;0;0;0;937 495;76;13;1;0;0;0;0;0;0;0;0;0;0;0;0;0;0;0;0;0;0;0;0;0;0;0;0;0;0;0;0;0;0;0;0;2 459;1;0;0;0;0;0;0;0;0;0;0;0;0;0;0;0;0;0;0;0;0;0;0;0;0;0;0;5 969;3;0;0;0;0;0;0;0;0;0;0;0;0;0;0;0;0;0;0;0;0;0;0;0;0;0;0;0;0;64;1;36 595;3;0;0;0;0;0;0;0;0;0;0;0;0;0;0;0;0;0;0;0;0;0;0;0;0;0;0;0;0;0;0;0;0;0;0;0;0;0;0;0;0;0;0;0;0;0;0;0;0;0;0;0;0;480;1;0;0;0;0;0;0;0;0;0;0;0;0;0;0;0;0;0;0;0;0;0;0;0;0
Удмуртская Республика;946 832 555;72 667 707;216 821 243;4 805 903;862 815 292;73 542 230;172 572 122;12 691 405;211 549;115 170;7 148 522;444 570;29 931;5;121 627 597;9 293 943;269;112 334 068;9 089 207;22 121 111;2 246 674;0;4 565 726;464 576;653 452;375 431;62 742;37 552;1 858 788;344 001;35;0;0;0;0;0;0;22 305 692;17 237 841;9 669;1 054;3 490;1 772;4 095;66;2 804 533;17 422;2 492 804;16 793;310 915;629;62 183;126;6 218;13;4 520;0;165;8;7;0;0;0;0;0;0;0;0;0;0;0;0;0;0;0;0;0;0;0;0;0;0;0;0;0;0;0;0;0;0;0;0;0;0;0;0;0;0;15 360 004;14 665 344;914 160;182 832;18 284;219 500;34;8;102 201;160 386;7 340;65 524;1 468;147;6;2;1;0;0;0;0;0;0;0;6 880 190;6 913 021;9 874 777;9 662 540;16 580;16 580;328 819;2 244 640;325 344;38 121;31;0;0;0;0;0;0;0;0;0;0;0;0;0;0;0;0;0;13;0;0;38 073;0;78 420;10;133;573 208;3 662 862;0;0;6 074;2;0;0;0;0;0;0;0;0;330 066;8;0;0;0;0;0;0;0;0;10 676;2;0;0;3 756;2;0;0;0;0;0;0;0;0;36 266;5;0;0;0;0;11 228;16;16 661;4;21 813;16;116 788;53;0;0;0;0;98 034;13;164 141;38;73 633;22;27 350;21;18 176;6;2 839;3;131 272;68;0;0;0;0;0;0;0;0;4;1;17 160 819;2 875;425 829;19;0;0;5;1;0;0;0;0;0;0;0;0;0;0;0;0;0;0;0;0;0;0;0;0;0;0;0;0;0;0;0;0;40 972;15;7 898;1;0;0;6 393 380;24;0;0;11 140;3;0;0;0;0;0;0;2 987 871;9;0;0;183 870;5;0;0;0;0;78 642;37;105 482;13;181 355;202;0;0;0;0;0;0;135 138;16;547 534;104;513 541;137;22 957;3;165 054;143;0;0;0;0;2 500;1;269;2;6 393;19;8 428;7;0;0;0;0;8 700;5;11 198;8;9 891;2;0;0;0;0;0;0;0;0;0;0;153;1;78 277;1;0;0;0;0;0;0;0;0;0;0;39 174;49;0;0;31 596;8;0;0;35 816;56;0;0;78 694;3;65 140;13;1 937;2;1 928;2;0;0;0;0;0;0;0;0;0;0;0;0;0;0;0;0;0;0;0;0;0;0;0;0
Республика Хакасия;180 130 928;15 574 551;15 821 766;2 174 781;165 459 033;16 949 342;10 841 611;2 762 847;129 261;5 263;1 001 447;0;12 757;0;18 771 479;5 431 337;55;13 342 821;1 957 594;2 483 236;266 856;0;546 242;58 916;113 505;1 090;11 837;109;1 086 268;181 773;3;0;0;0;0;0;0;3 419 742;5 383 189;1 525;189;1 056;137;583;21;228 937;1 449;210 084;1 449;18 852;0;3 770;0;377;0;0;0;18;1;0;0;0;0;0;0;0;0;0;0;0;0;0;0;0;0;0;0;0;0;0;0;0;0;0;0;0;0;0;0;0;0;0;0;0;0;0;0;0;303 387;325 277;9 644;1 929;193;31 534;5;2;676 240;173 623;0;0;0;0;1;0;0;0;0;0;0;0;0;0;0;0;32 234;27 916;0;0;4 371;5 181 983;270 706;1 004 851;0;715 325;0;374;0;0;0;0;0;0;0;0;0;0;0;0;0;0;7 949;0;0;0;0;5 265;1;28;43 518;619 733;0;0;62;1;0;0;0;0;0;0;0;0;700 393;1;173 524;3;0;0;0;0;0;0;115 447;4;0;0;0;0;0;0;0;0;0;0;0;0;0;0;0;0;0;0;13 237;8;62 812;1;3 038;7;14 042;9;0;0;0;0;840;1;15 214;7;1 432;5;15 246;1;13 976;1;0;0;14 043;9;0;0;0;0;0;0;0;0;0;0;4 118 421;468;3 608;4;0;0;0;0;0;0;0;0;0;0;0;0;0;0;0;0;0;0;0;0;0;0;0;0;0;0;0;0;0;0;0;0;60 788;28;0;0;0;0;575 948;2;0;0;0;0;0;0;0;0;0;0;2 170 727;12;7 954;1;0;0;0;0;0;0;17 023;31;154 283;2;66 247;69;454 005;1;0;0;0;0;472 859;47;757 018;56;2 370 774;116;34 423;2;21 440;13;0;0;23 695;2;0;0;4 493;3;2 590;7;1 243;3;0;0;0;0;0;0;1 256;1;32;1;0;0;82;1;0;0;0;0;0;0;1 318;1;2 050;1;0;0;0;0;0;0;0;0;0;0;1 809;5;0;0;31 753;8;0;0;3 520;7;0;0;62 342;2;0;0;1 153;1;3 598;1;0;0;0;0;0;0;0;0;0;0;0;0;0;0;0;0;0;0;0;0;0;0;0;0
Чеченская Республика;106 739 315;22 586 485;3 764 793;1 717 596;105 602 632;29 170 484;2 842 603;1 205 894;7 475;0;13;0;0;0;2 066 337;303 990;6;1 762 347;5 647 945;343 601;34 383;0;55 303;5 543;24 665;56;2 468;6;60 798;233;4;0;0;0;0;0;0;771 441;5 681 282;928;85;999;971;1 357;1;480 618;0;494 870;0;8 488;0;1 698;0;170;0;22 741;0;13;0;1;0;0;0;0;0;0;0;0;0;0;0;0;0;0;0;0;0;0;0;0;0;0;0;0;0;0;0;0;0;0;0;0;0;0;0;0;0;0;732 778;727 771;5 007;1 001;100;0;8;0;65 979;106 549;0;40 570;0;0;3;2;2;0;0;0;0;0;0;0;0;0;0;0;0;0;0;0;0;0;0;0;0;0;0;0;0;0;0;0;0;0;0;0;0;0;0;0;0;0;0;0;0;0;0;1;0;5 095;0;0;0;0;0;0;0;0;0;0;0;0;0;0;0;0;0;0;0;0;0;0;0;0;0;0;0;0;0;0;0;0;0;0;0;0;0;0;0;0;0;0;0;0;0;0;0;0;0;0;0;0;0;0;0;0;0;0;0;0;0;0;0;0;0;0;0;0;0;0;0;0;0;0;0;0;0;0;2 939 041;135;64 851;3;0;0;0;0;0;0;0;0;0;0;0;0;0;0;0;0;0;0;0;0;0;0;0;0;0;0;0;0;0;0;0;0;0;0;0;0;0;0;0;0;0;0;0;0;0;0;0;0;0;0;16 938;1;0;0;0;0;0;0;0;0;0;1;943;1;20 494;1;0;0;0;0;0;0;0;0;15 081;1;14 251;2;0;0;510;1;0;0;0;0;0;0;0;0;370;1;0;0;0;0;0;0;0;0;0;0;0;0;0;0;0;0;0;0;0;0;0;0;0;0;0;0;0;0;0;0;0;0;0;0;0;0;0;0;0;0;0;0;0;0;0;0;0;0;0;0;0;0;0;0;0;0;0;0;0;0;0;0;0;0;0;0;0;0;0;0;0;0;0;0;0;0;0;0;0;0
Чувашская Республика;343 214 894;49 107 632;20 622 432;4 786 568;316 888 317;54 871 319;18 613 639;12 125 200;95 889;64 047;1 166 355;314 556;117 242;1 850;27 174 788;1 835 122;193;25 339 667;13 354 501;5 064 259;506 664;0;1 119 813;111 968;254 064;2 466;25 472;263;367 025;2 378;3;0;0;0;0;0;0;3 640 606;61 272 089;5 097;421;1 500;580;1 431;238;2 210 755;10 064;1 962 561;9 631;251 167;434;50 234;87;5 023;9;2 973;0;92;1;1;0;0;0;0;0;0;0;0;0;0;0;0;0;0;0;0;0;0;0;0;0;0;0;0;0;0;0;0;0;0;0;0;0;0;0;0;0;0;1 203 290;1 036 811;166 479;33 295;3 329;0;10;0;0;0;0;0;0;0;0;0;4;2;0;0;0;0;0;0;598 022;466 898;5 070 366;5 315 188;0;0;27 300;2 907 054;2 284 892;88 018;5 645;0;396 933;0;0;0;0;0;0;0;0;0;67 320;680;0;0;0;0;0;0;0;0;0;488 835;14;118;124 810;713 788;3 554;3;737;2;0;0;0;0;0;0;0;0;186;1;0;0;0;0;0;0;0;0;0;0;0;0;31 332;3;0;0;0;0;0;0;0;0;0;0;0;0;0;0;3 894;5;2 067;5;94 835;9;12 386;17;67;1;0;0;378;1;16 699;11;847;7;110;3;33;1;676;1;7 704;18;0;0;0;0;0;0;501;1;0;0;8 459 193;1 899;25 560;7;0;0;10;1;0;0;0;0;0;0;0;0;0;0;0;0;0;0;0;0;0;0;0;0;0;0;0;0;0;0;0;0;87 097;16;0;0;0;0;3 709 796;16;0;0;830;2;0;0;0;0;0;0;2 944 401;11;10 111 683;3;827 165;9;0;0;0;0;147 626;92;593;3;119 414;64;28 711;5;0;0;0;0;28 780;7;62 271;14;6 820;4;158 432;3;21 524;16;0;0;233 380;5;0;0;214;1;19 054;13;5 679;9;0;0;0;0;1 939;5;31 580;3;1 332;2;0;0;0;0;0;0;5;1;0;0;0;0;0;0;0;0;0;0;0;0;0;0;0;0;0;0;0;0;0;0;0;0;76 599;9;0;0;9 925;3;50;0;3 816;1;169;3;0;0;0;0;0;0;0;0;0;0;0;0;0;0;0;0;0;0;0;0;0;0;0;0
Алтайский край;939 874 458;114 132 703;26 518 930;8 627 202;895 792 614;119 060 506;29 263 908;13 990 998;215 324;482 267;361 849;57 181;18 714;131;41 243 212;2 140 413;300;39 147 576;9 862 214;7 829 515;782 951;0;1 362 665;136 267;406 459;17 840;40 645;1 784;428 083;29;1;0;0;0;0;0;0;4 492 053;18 857 085;11 998;1 174;5 850;1 216;3 771;24;2 423 734;28 562;2 230 448;27 651;191 483;911;38 297;182;3 830;18;0;0;148;1;0;0;0;0;0;0;0;0;0;0;0;0;0;0;0;0;0;0;0;0;0;0;0;0;0;0;0;0;0;0;0;0;0;0;0;0;0;0;0;32 743 028;26 666 899;6 955 571;1 391 114;139 111;879 442;265;33;18 046;11 478;11 555;4 987;2 311;231;2;1;1;0;0;0;0;0;0;0;372 089;350 807;5 828 849;6 370 015;0;0;120 792;6 718 100;1 915 875;287 013;59 878;222 013;450;0;0;0;0;0;0;0;0;0;0;0;0;0;0;0;65 000;0;0;0;0;11 307;9;116;404 580;661 135;178;1;1 618;2;409;1;0;0;0;0;0;0;464 073;4;10 367;3;0;0;0;0;0;0;0;0;0;0;35 789;3;0;0;0;0;0;0;0;0;4 379;5;0;0;0;0;38 973;10;13 052;4;14 549;15;26 408;30;0;0;0;0;2 997;1;33 853;21;17 827;7;1 582;2;20;1;0;0;27 987;30;0;0;0;0;0;0;140;1;0;0;14 701 133;2 995;284 614;26;0;0;0;0;0;0;0;0;4 115;1;0;0;0;0;0;0;0;0;0;0;0;0;0;0;0;0;0;0;0;0;0;0;47 185;27;0;0;0;0;5 375 208;12;0;0;19 465;3;0;0;0;0;0;0;8 599 431;64;86 846;1;1 120 316;2;0;0;0;0;395 935;91;52 059;7;64 101;146;0;0;0;0;0;0;2 100;2;133 758;13;1 399;8;24 552;6;13 136;24;0;0;86 932;4;0;0;0;0;157;1;21 549;10;0;0;0;0;0;0;586;1;1;1;0;0;0;0;0;0;0;0;0;0;0;0;0;0;0;0;0;0;0;0;0;0;0;0;0;0;0;0;93 205;5;0;0;25 966;6;0;0;28 180;2;1 888;5;219;1;3 131;3;0;0;0;0;34 578;0;176 983;0;0;0;0;0;0;0;0;0;0;0;0;0;0;5;0;3
Краснодарский край;4 701 931 243;380 460 807;552 585 357;69 978 759;4 424 350 998;405 685 166;364 885 419;104 541 100;753 203;668 276;54 682 246;3 829 693;93 375;209 199;412 681 075;191 583 494;1 076;221 098 741;62 633 498;44 059 927;4 389 403;7 335;6 833 175;691 368;2 962 614;82 049;318 468;8 207;38 316 699;125 202;4;0;0;0;0;0;72 378;159 802 575;128 293 260;21 708;4 273;13 883;4 310;16 027;174;10 767 064;606 063;9 403 937;542 036;1 386 110;64 191;277 222;12 838;27 722;1 284;31 521;163;839;68;13;2;0;0;0;0;0;0;0;0;0;0;0;0;0;0;0;0;0;0;0;0;0;0;0;0;0;0;0;0;0;0;0;0;0;0;0;0;0;80 510 220;58 788 613;22 362 857;4 472 572;447 256;641 250;193;22;9 799 350;8 487 130;1 094 141;80 626;218 828;21 883;41;18;61;25;0;0;0;0;0;0;218 751 682;218 715 094;14 734 711;14 225 618;0;0;521 560;69 777 523;7 590 931;12 480 085;193 738;173 022;52 118;0;0;0;0;0;0;0;77 954;0;327 766;0;5 181 799;0;0;0;14 385;0;22 000;0;0;29 178;16;291;2 348 462;9 100 768;39 802;6;9 144;6;63 868;1;0;0;263;1;0;0;838 018;7;100 721;6;0;0;0;0;0;0;842 084;1;1;1;42 531;6;0;0;0;0;0;0;130 567;3;148 644;9;0;0;0;0;32 145;16;8 970;6;129 813;20;48 135;56;92;2;0;0;153 523;10;92 007;26;10 309;18;7 372;10;20 519;5;3 354;5;165 040;61;0;0;0;0;0;0;2 062;2;61 547;4;107 609 905;11 987;1 017 122;263;0;0;0;0;0;0;0;0;0;0;8 012;2;0;0;382 195;2;0;0;0;0;0;0;0;0;0;0;0;0;0;0;0;0;91 783;32;4 964;1;0;0;17 252 579;44;0;0;0;0;0;0;0;0;5 610;1;9 315 690;55;4 026 214;4;742 282;16;0;0;0;0;551 473;236;120 256;7;2 577 080;538;3 080;2;1 138;1;639;1;1 508 722;18;3 021 037;154;611 357;142;12 465;9;99 917;94;0;0;423 847;21;0;0;32;1;4 459;8;83 869;49;0;0;38 636;2;11 923;7;1 209 802;3;14 542;10;0;0;31;1;0;0;3 927;2;0;0;0;0;124 342;2;0;0;0;0;0;0;0;0;0;0;6 658;9;0;0;57 184;20;0;0;43 179;170;0;0;13 510;3;4 202;4;282;2;1 366;3;680;1;0;0;30 254;0;429 083;0;0;0;0;0;0;0;0;0;0;0;0;0;0;30;0;3
Красноярский край;2 594 732 160;209 571 786;299 379 018;42 190 166;2 236 576 834;238 312 040;248 952 372;63 242 706;844 785;1 025 430;31 515 205;486 149;367 506;7 660;377 648 056;41 858 411;405;335 789 645;49 139 589;63 334 724;6 715 792;239;8 157 582;932 779;4 237 858;82 443;165 862;8 243;8 371 682;3 823 205;2;0;0;0;0;0;0;120 123 425;153 467 156;16 754;1 746;7 962;2 614;4 173;1 292;5 859 860;36 485;5 206 965;30 382;656 918;6 103;131 384;1 221;13 138;122;4 291;0;424;10;14;0;0;0;0;0;0;0;0;0;0;0;0;0;0;0;0;0;0;0;0;0;0;0;0;0;0;0;0;0;0;0;0;0;0;0;0;0;0;23 222 842;18 767 207;4 575 786;915 157;91 516;120 151;68;5;17 032 198;14 699 377;2 334 401;58 402;466 880;46 688;14;6;16;3;0;0;0;0;0;0;5 635 735;5 212 111;18 871 943;19 232 302;19 172 798;10 605 005;8 521 371;299 190 488;5 975 022;7 896 962;89 301;1 848 755;2 112;0;0;14 737;0;0;0;0;8 940;0;0;500;0;0;0;0;1 448;0;0;0;0;285 972;8;187;6 254 838;23 717 134;2 011;1;8 323;2;0;0;0;0;0;0;0;0;7 328 164;7;11 971 384;13;0;0;0;0;0;0;1 045 239;4;966 569;1;73 854;1;0;0;0;0;0;0;10 669;1;11 929;6;243 975;1;2 652 763;5;143 870;28;245 802;12;644 516;32;247 939;60;1 832;2;0;0;437 409;5;381 288;44;46 278;29;100 101;12;104 632;5;45;1;324 223;72;0;0;0;0;0;0;2 267;3;122 275;4;97 518 383;7 579;718 576;27;0;0;147;1;0;0;0;0;0;0;0;0;0;0;0;0;0;0;0;0;0;0;0;0;0;0;0;0;0;0;0;0;199 058;70;1 198;1;0;0;10 690 917;14;0;0;180 416;8;0;0;0;0;0;0;18 824 393;50;27 389 636;5;3 489 347;8;0;0;0;0;262 135;92;33 923;37;1 070 861;344;0;0;0;0;0;0;689 319;29;2 988 598;80;1 426 545;56;174 311;5;141 734;46;0;0;179 155;5;133;1;20 583;5;14 303;13;38 057;11;0;0;0;0;204 147;3;1 088;2;13 218;14;0;0;0;0;0;0;208 460;2;93 028;2;0;0;376 509;1;0;0;0;0;0;0;0;0;0;0;5 616;14;0;0;117 351;11;0;0;35 284;60;0;0;0;0;2 691;4;0;0;10 610;1;0;0;0;0;273 412;0;22 364 216;3 400;37 427;0;0;0;37 427;0;0;7 485;0;0;0;7 485;0;37;2;7
Приморский край;1 544 785 576;109 329 670;172 618 483;16 474 529;1 466 726 985;125 316 915;156 057 887;34 608 347;1 082 211;260 427;2 270 694;520 630;63 049;683;93 381 970;18 552 141;424;74 829 829;34 381 919;14 904 992;1 496 398;84;2 119 278;211 431;865 056;29 306;88 220;2 930;3 710 427;60 775;2;0;0;0;0;0;25;12 423 211;85 376 667;11 773;1 729;4 844;2 918;3 745;87;4 935 988;41 446;4 510 522;29 980;544 464;11 466;108 893;2 293;10 889;229;118 999;0;230;1;5;0;0;1 750 528;0;1 835 066;0;88 882;0;0;0;17 776;0;1 777;0;173 419;0;16;0;10;0;1 909 799;0;1 938 409;0;95 160;0;0;0;0;19 032;0;1 904;0;123 772;0;33;0;15;14 562 850;13 681 783;2 142 939;428 588;42 859;1 261 872;45;12;759 667;533 590;235 036;13 959;47 007;4 701;14;4;60;74;0;0;0;0;0;0;1 116 259;1 109 978;2 214 988;2 990 975;14 234;18 007;14 342;7 203 614;11 815 169;1 006 964;26 896;1 103 363;94 959;107;0;0;0;0;0;11 000;0;0;700 000;0;0;0;0;0;0;0;0;9 885;27 737;1 455;3;95;568 334;3 614 523;0;0;4 958;2;0;0;0;0;0;0;0;0;110 322;1;0;0;0;0;0;0;0;0;0;0;0;0;21 504;3;0;0;0;0;0;0;0;0;2 037;3;0;0;0;0;12 912;8;1 252;2;2 829;13;54 166;19;13 261;1;0;0;82 070;2;88 955;17;3 610;11;377;1;10 759;2;10 788;2;64 078;21;0;0;0;0;0;0;600;2;1 806;2;30 958 588;3 250;1 059;7;0;0;110;1;0;0;0;0;0;0;3 747 907;12;119 621;1;0;0;0;0;0;0;0;0;0;0;0;0;0;0;360 915;1;0;0;568 406;17;6 371;1;0;0;6 734 653;15;0;0;0;0;0;0;0;0;0;0;7 998 964;29;3 846;2;14 082;5;0;0;0;0;440 122;114;135 836;19;766 988;183;2 386 545;3;0;0;0;0;594 511;20;3 894 377;209;2 424 589;246;51 488;7;121 154;47;0;0;229 892;11;0;0;188;5;26 204;28;27 258;18;280;1;0;0;4 798;36;0;0;0;0;0;0;0;0;0;0;0;1;849;1;0;0;0;0;0;0;0;0;0;0;0;0;4 998;1;48 997;17;0;0;125 674;5;0;0;360 068;129;109;1;5 335 459;7;0;0;1 504;2;3 616;5;0;0;0;0;1 140 586;0;1 623 283;0;0;0;0;0;0;0;0;0;0;0;0;0;0;10;0;6
Ставропольский край;895 993 461;268 251 099;52 663 854;13 329 594;854 738 997;279 022 916;52 531 316;26 545 186;390 695;294 656;533 574;400 541;9 057;0;41 248 957;4 403 605;240;36 845 352;24 093 294;7 268 294;736 907;0;1 348 378;135 812;430 732;19 993;42 991;2 280;880 721;100 777;3;0;0;0;0;0;0;12 897 011;41 179 287;7 806;921;4 874;1 745;2 778;92;4 936 036;126 443;4 115 772;124 147;827 707;2 296;165 541;459;16 554;46;4 931;0;151;8;3;0;0;0;0;0;0;0;0;0;0;0;0;0;0;0;0;0;0;0;0;0;0;0;0;0;0;0;0;0;0;0;0;0;0;0;0;0;0;71 721 971;57 964 576;13 969 834;2 793 966;279 397;212 439;221;11;636 477;621 704;8 062;16 116;1 612;161;7;2;8;0;0;0;0;0;0;0;1 126 643;1 123 285;2 202 458;2 198 575;325;21;13 891;19 840 075;1 560 053;267 182;1 915;289 250;0;0;0;0;0;0;0;0;0;0;0;0;0;0;0;0;60;0;0;1 724;11 642;137 447;9;102;2 835 355;19 221 041;2 131;1;78 783;5;0;0;0;0;0;0;0;0;4 791 375;3;1 497;1;0;0;0;0;0;0;548;1;0;0;4 697;3;0;0;0;0;0;0;0;0;4 966;2;0;0;0;0;37 864;11;490;2;20 010;13;46 346;23;0;0;0;0;144 496;6;140 742;14;9 548;14;11 355;7;4 938;2;177;1;85 142;28;0;0;0;0;0;0;0;0;0;0;27 955 828;3 105;455 595;17;0;0;0;0;0;0;0;0;0;0;0;0;0;0;0;0;0;0;0;0;0;0;0;0;0;0;0;0;0;0;0;0;52 697;14;0;0;0;0;902 303;8;0;0;0;0;0;0;0;0;0;0;7 411 809;36;0;0;1 000 916;9;0;0;0;0;206 680;109;72 246;13;291 935;155;575;2;0;0;0;0;412 849;18;601 717;50;147 495;32;305 813;2;23 206;26;0;0;115 673;7;0;0;318;3;29 966;14;20 427;24;0;0;0;0;4 955;7;4 859;2;230;2;0;0;0;0;0;0;0;0;0;0;0;0;0;0;0;0;0;0;0;0;0;0;0;0;9 186;9;0;0;2 496 394;3;0;0;33 476;38;0;0;97 407;4;16 448;7;200;1;14 583;5;0;0;0;0;10 426;0;210 796;10 738;0;0;0;0;0;0;0;0;0;0;0;0;0;13;5;8
Хабаровский край;846 339 221;148 543 580;96 508 373;16 394 438;783 018 240;165 404 458;74 439 430;21 398 589;910 316;215 936;272 262;113 337;53 930;5 792;86 074 636;36 293 686;375;49 780 950;21 767 170;9 694 208;946 286;0;1 385 270;140 174;813 445;25 618;81 268;2 770;7 258 737;260 733;2;0;0;0;0;0;0;80 391 083;70 552 720;6 933;1 578;3 538;1 671;1 240;38;3 557 583;0;3 223 484;0;353 553;0;70 711;0;7 071;0;19 451;0;91;0;7;0;2 011 403;11 698 276;2 254 342;8 814 894;0;3 035 599;0;10 588;0;234;0;22;242 939;152 226;1;23;1;12;0;5 675;0;14 530;0;0;0;0;0;0;0;0;0;0;8 855;0;1;0;1;941 562;1 075 755;135 301;27 060;2 706;269 494;8;1;3 091 095;1 470 550;528 846;669;105 769;10 577;10;2;16;4;0;0;0;0;0;0;1 405 664;1 309 825;798 053;776 827;0;0;101 636;28 824 088;283 403;25 389;0;0;0;0;0;0;0;0;0;0;0;0;0;0;0;0;0;0;0;0;0;0;0;10 819;3;92;1 119 613;4 210 603;3 034;1;1 033;1;0;0;0;0;0;0;0;0;3 753;1;475 704;2;0;0;0;0;0;0;44 471;2;0;0;1 021 859;6;0;0;0;0;0;0;1 630;2;10 506;2;0;0;0;0;16 024;4;2 078;3;8 217;14;61 589;18;490;1;0;0;32 794;3;53 485;11;9 035;12;11 625;5;0;0;23 644;1;47 540;24;0;0;0;0;0;0;52;2;0;0;22 283 408;2 388;2 335 840;9;0;0;0;0;0;0;0;0;0;0;120 396;1;0;0;0;0;0;0;0;0;0;0;0;0;0;0;0;0;66 421;1;0;0;87 121;27;110;1;0;0;2 630 831;9;0;0;0;0;6 200;1;0;0;0;0;3 217 151;12;268 843;3;1 216 511;7;0;0;0;0;143 993;27;2 921;5;52 760;50;0;0;0;0;0;0;249 444;5;1 592 788;22;420 446;8;7 772;3;13 495;5;0;0;162 296;4;0;0;241;4;9 871;10;44 846;8;0;0;0;0;7 005;3;4 460;2;0;0;0;0;0;0;0;0;0;0;0;0;0;0;0;0;0;0;0;0;0;0;0;0;0;0;17 417;5;0;0;1 161 085;3;0;0;11 699;6;0;0;439 309;1;4 137;1;0;0;4 025;1;0;0;0;0;0;0;0;0;0;0;0;0;0;0;0;0;0;0;0;0;0;0;0;0
Амурская область;559 774 098;35 432 834;348 648 135;4 560 416;578 867 875;40 150 642;290 634 869;5 000 686;160 679;214 929;1 660 318;321 038;204;146;37 419 648;13 071 262;99;24 348 386;5 263 983;4 869 677;485 615;0;877 330;86 369;1 144 205;47 477;114 431;4 748;2 614 252;0;0;0;0;0;0;0;0;15 673 329;16 490 125;2 496;461;1 115;531;436;93;1 563 226;27 192;1 502 451;25 644;62 550;1 549;12 510;310;1 251;31;1 809;0;97;1;4;0;1 801 911;124 972;1 743 115;266 187;58 796;8 560;10 583;0;1 176;1 712;1 176;171;0;149 775;3;6;0;4;0;0;0;0;0;0;0;0;0;0;0;0;0;0;0;0;0;0;0;18 229 791;14 475 739;3 979 613;795 923;79 592;225 561;96;7;0;0;0;0;0;0;0;0;3;0;0;0;0;0;0;0;0;0;485 463;485 426;0;0;37;874 641;139 711;0;0;0;0;0;0;0;0;0;0;0;0;0;0;0;0;0;0;0;0;0;0;0;0;1 801;1;23;96 656;686 729;0;0;0;0;15 859;2;0;0;0;0;0;0;367 592;3;1 166 835;2;0;0;0;0;0;0;0;0;0;0;0;0;0;0;0;0;0;0;0;0;0;0;0;0;0;0;1 265;1;31 848;9;15;1;66 848;9;0;0;0;0;0;0;11 916;2;0;0;0;0;0;0;35 920;1;97 176;12;0;0;0;0;0;0;0;0;0;0;13 705 211;945;111 311;8;0;0;0;0;0;0;0;0;0;0;0;0;0;0;0;0;0;0;0;0;0;0;0;0;0;0;0;0;0;0;0;0;29 281;15;120 000;1;0;0;0;0;0;0;568;1;0;0;0;0;0;0;1 897 078;11;96 919;2;834 722;3;0;0;0;0;47 001;16;4 830;4;94 728;90;0;0;0;0;0;0;21 325;3;53 552;15;195 577;22;5 523;14;3 420;5;0;0;183 673;3;0;0;0;0;0;0;5 788;1;0;0;0;0;68 675;3;8 963;2;0;0;0;0;2;1;0;0;117;1;0;0;0;0;0;0;0;0;0;0;0;0;0;0;0;0;10 712;13;0;0;13 638;2;0;0;11 959;6;0;0;0;0;0;0;0;0;3 681;1;0;0;0;0;0;0;0;414 677;0;0;0;0;0;0;0;0;0;0;0;0;0;1;1;4
Архангельская область;402 870 850;29 997 634;48 760 538;3 124 953;376 529 317;33 266 620;39 275 864;4 189 485;893 877;18 664;178 564;303 372;6 693;18 561;36 539 269;8 153 192;217;28 386 077;4 634 938;5 336 918;567 721;0;860 882;89 835;401 328;12 147;40 345;1 214;1 630 638;340 296;5;0;0;0;0;0;0;19 925 051;18 433 280;3 185;619;1 563;608;964;315;2 299 399;15 256;2 101 945;14 326;226 831;998;45 366;200;4 537;20;29 375;68;72;4;5;1;0;0;0;0;0;0;0;0;0;0;0;0;0;0;0;0;0;0;0;0;0;0;0;0;0;0;0;0;0;0;0;0;0;0;0;0;0;2 291 975;1 991 961;326 665;65 333;6 533;26 651;14;2;906;916;0;10;0;0;1;1;2;1;0;0;0;0;0;0;4 918;4 840;1 084 182;1 121 985;0;0;6 271;2 140 160;283 412;6 755 591;1 185;0;0;0;0;0;0;0;0;0;0;0;0;0;0;0;0;0;0;0;6 488 813;0;0;504;1;64;283 601;2 068 072;0;0;0;0;0;0;0;0;76;1;0;0;213 702;3;127;1;0;0;0;0;0;0;0;0;0;0;34 028;4;0;0;0;0;0;0;1 005;1;374;1;0;0;0;0;59 957;7;2 445;3;92 606;6;148 750;22;5 662 803;1;0;0;13 917;1;149 548;15;3 661;8;1 049;5;13 341;1;0;0;78 154;21;0;0;0;0;0;0;93;1;0;0;11 671 697;1 315;7 776;7;0;0;0;0;0;0;0;0;0;0;1 753 400;1;0;0;0;0;0;0;0;0;0;0;0;0;0;0;0;0;2 891;1;0;0;27 569;32;16;1;0;0;114 916;1;0;0;16 846;2;0;0;0;0;0;0;3 448 300;14;1 468;2;2 625;1;0;0;0;0;64 906;36;328;3;210 586;97;0;0;0;0;0;0;374 363;11;164 924;25;64 225;28;30 614;4;36 684;32;0;0;139 504;3;0;0;0;0;6 288;12;1 470;4;0;0;0;0;319;2;98;1;79 687;3;0;0;0;0;0;0;0;0;0;0;0;0;0;0;0;0;0;0;0;0;0;0;0;0;669 046;34;0;0;14 236;3;0;0;68 417;41;0;0;7 280;2;9 129;10;131;1;7 672;3;0;0;0;0;15 466;0;134 568;0;0;0;0;0;0;0;0;0;0;0;0;0;0;7;0;1
Астраханская область;126 591 635;49 846 244;37 109 008;10 441 794;116 187 307;54 778 184;34 139 704;17 586 821;21 132;24 070;136 596;55;545;261;13 273 519;5 836 387;117;7 437 134;12 052 409;1 477 646;148 740;222;310 251;31 065;237 117;9 953;23 729;995;1 167 277;9 791;4;0;0;0;0;0;0;9 568 191;28 436 322;2 157;549;1 729;792;909;9;2 469 781;10 535;2 226 936;10 363;258 095;171;51 619;34;5 162;3;15 249;0;43;2;7;0;0;0;0;0;0;0;0;0;0;0;0;0;0;0;0;0;0;0;0;0;0;0;0;0;0;0;0;0;0;0;0;0;0;0;0;0;0;1 328 053;1 599 793;95 795;19 159;1 915;367 535;15;4;9 327 883;7 307 019;2 058 852;68 393;411 770;41 177;19;8;13;3;17 939 879;32 727 919;0;0;14 788 040;1;2 919;6 685;997 698;988 905;0;0;14 751;1 244 901;45 084;0;0;0;0;0;0;0;0;0;0;0;0;0;0;0;0;0;0;0;0;0;0;0;0;17 306;2;30;929 908;7 395 975;1 713;3;0;0;43;1;0;0;0;0;0;0;31 162;1;0;0;0;0;0;0;0;0;0;0;55;1;518;1;0;0;1 368 005;1;0;0;0;0;6 088;2;0;0;0;0;0;0;0;0;172;3;1 278;8;0;0;0;0;1 421;1;8 719;6;260;5;0;0;34;1;2 561;1;12 233;10;0;0;0;0;0;0;0;0;0;0;5 444 877;912;11 405;2;0;0;0;0;0;0;2 632;1;1 587;1;592 656;7;0;0;0;0;0;0;0;0;0;0;0;0;0;0;0;0;0;0;0;0;77 866;14;27 473;1;0;0;1 355 302;6;0;0;0;0;0;0;0;0;0;0;1 176 812;7;0;0;0;0;0;0;0;0;141 357;43;3 369;5;104 705;64;31;1;0;0;0;0;154 228;7;243 570;27;4 907;3;95;1;41 580;26;0;0;125 972;5;0;0;16 560;9;20 281;12;4 357;6;0;0;4 425;1;214;4;28 837;2;0;0;0;0;0;0;0;0;2;1;302;1;0;0;8 981;2;0;0;0;0;0;0;0;0;0;0;4 207;11;0;0;162 085;9;0;0;244 739;60;0;0;7 725;2;0;0;1 335;2;3 791;1;0;0;0;0;0;0;0;0;0;0;0;0;0;0;0;0;0;0;0;0;0;0;0;0
Белгородская область;1 415 813 479;172 664 371;241 392 553;30 869 162;1 319 604 343;177 036 886;137 857 337;41 676 085;670 112;947 183;91 132 939;54 506;54 275;19;124 261 329;66 932 815;334;57 330 139;14 271 428;11 465 398;1 146 553;6 129;3 707 076;370 702;615 207;9 763;61 528;976;13 386 563;7;1;0;0;0;0;0;0;7 556 213;43 272 403;9 587;1 132;4 243;911;4 114;74;2 617 014;6 120;2 504 376;6 120;129 833;0;25 967;0;2 597;0;17 195;0;101;2;2;0;0;0;0;0;0;0;0;0;0;0;0;0;0;0;0;0;0;0;0;0;0;0;0;0;0;0;0;0;0;0;0;0;0;0;0;0;0;189 217 329;158 491 304;32 286 932;6 457 386;645 739;1 560 907;141;21;2 771 543;2 283 381;454 653;518;90 931;9 093;9;2;5;0;0;0;0;0;0;0;1 605 671;1 677 654;120 630 117;105 480 598;3 790;0;15 054 009;218 458 003;1 783 679;1 157 601;16 714;1 059 348;6 114;0;0;0;0;0;72 188;0;126 119;14 489;0;0;0;0;0;0;0;0;0;0;45 645;295 757;10;124;465 620;1 747 230;0;0;637;1;0;0;0;0;0;0;0;0;19 490;1;0;0;0;0;0;0;0;0;0;0;0;0;596 505;3;0;0;0;0;0;0;0;0;2 696;2;0;0;0;0;73 387;4;2 073;4;19 623;11;40 999;18;25;2;86;1;0;0;120 914;11;12;1;43 051;3;2 015;3;0;0;32 183;27;0;0;0;0;0;0;729;1;0;0;27 885 718;2 888;206 354;10;0;0;0;0;0;0;0;0;0;0;0;0;0;0;0;0;0;0;0;0;0;0;0;0;0;0;0;0;0;0;0;0;174 386;9;0;0;0;0;302 618;4;0;0;2 000;1;3 600;1;0;0;0;0;1 199 861;8;0;0;0;0;0;0;0;0;117 409;85;43;2;1 188 769;89;0;0;0;0;0;0;6 027;11;171 692;23;24 129;23;1 098;3;657 107;37;0;0;44 683;4;0;0;12;1;1 898;7;9 011;5;0;0;0;0;85;2;0;0;102 616;1;0;0;0;0;0;0;0;0;719;1;0;0;1 484;2;0;0;0;0;0;0;0;0;0;0;40 405;115;9;1;198 722;4;0;0;226 054;74;0;0;1 282;2;0;0;0;0;349;3;0;0;0;0;4 431;0;103 587 344;0;0;0;0;0;0;0;0;0;0;0;0;0;0;12;0;3
Брянская область;342 179 582;45 472 224;19 129 414;2 415 969;323 675 258;49 560 497;21 358 884;4 578 630;173 207;489 812;380 167;695;3 022;182;16 064 876;2 740 368;179;13 324 508;5 761 999;2 466 396;266 490;1 762;439 680;45 358;187 659;7 761;20 434;776;548 073;198 505;22;0;0;0;0;0;0;5 100 143;14 030 900;4 359;618;2 541;1 027;1 363;21;1 746 949;60 819;1 506 985;58 495;240 083;2 324;48 017;465;4 802;46;120;0;246;4;1;0;0;0;0;0;0;0;0;0;0;0;0;0;0;0;0;0;0;0;0;0;0;0;0;0;0;0;0;0;0;0;0;0;0;0;0;0;0;68 290 555;58 509 043;10 741 362;2 148 272;214 828;959 850;30;6;424 376;423 339;4 410;3 373;881;88;10;2;4;0;0;0;0;0;0;0;0;0;1 482 416;1 484 324;0;0;4;275 650;369 457;16 245;4 263;0;0;0;0;0;0;0;0;0;0;0;0;0;0;0;0;0;0;0;0;0;594;12 226;5;47;145 348;775 906;1 945;2;988;1;0;0;0;0;0;0;0;0;0;0;142;1;0;0;0;0;0;0;0;0;0;0;570;1;0;0;0;0;0;0;0;0;0;0;0;0;0;0;1 973;4;125;1;4 833;8;5 031;9;275;1;0;0;173;1;7 531;3;297;1;0;0;0;0;1 392;1;8 392;12;0;0;0;0;0;0;0;0;214;2;14 222 870;1 551;38 753;17;0;0;0;0;0;0;0;0;0;0;0;0;0;0;0;0;0;0;0;0;0;0;0;0;0;0;0;0;0;0;0;0;10 484;9;306;1;0;0;1 993 758;12;0;0;2 870;1;0;0;0;0;0;0;959 003;7;0;0;148 748;3;0;0;0;0;356 785;36;5 677;4;146 327;116;0;0;0;0;0;0;471 728;9;154 667;9;13 896;6;47;1;7 158;8;0;0;197 359;5;1 175;2;7 913;3;6 521;2;3 665;4;0;0;0;0;21 292;5;12 293;4;17 337;9;0;0;0;0;0;0;1 094;1;0;0;0;0;0;0;0;0;0;0;0;0;0;0;0;0;71 132;22;0;0;30;1;0;0;5 636;38;0;0;119 309;3;36 676;12;0;0;417;2;297;1;0;0;4 648;0;457 512;0;0;0;0;0;0;0;0;0;0;0;0;0;0;4;0;3
Владимирская область;755 057 763;41 593 938;41 529 571;10 679 780;684 214 330;46 048 082;55 126 225;11 723 294;405 380;231 281;637 251;1 212 628;132 746;9 314;57 150 153;7 010 362;242;50 139 791;6 486 645;9 659 880;1 002 795;3 024;1 531 380;162 417;1 362 889;25 178;136 655;2 517;1 402 072;368 078;18;0;0;0;0;0;8 405;9 906 737;16 758 764;6 110;625;1 514;1 051;1 017;1 374;1 827 591;116 541;1 698 941;114 004;132 068;2 537;26 414;507;2 641;51;3 418;0;266;12;4;0;0;0;0;0;0;0;0;0;0;0;0;0;0;0;0;0;0;0;0;0;0;0;0;0;0;0;0;0;0;0;0;0;0;0;0;0;0;4 427 608;4 821 182;182 898;36 580;3 658;576 472;13;3;1 058;1 059;0;1;0;0;2;1;0;0;0;0;0;0;0;0;194 168;192 956;3 113 146;2 803 097;7 909;5 307;270 193;5 028 032;2 548 180;5 836 278;89;2 840 217;0;0;0;0;0;0;0;0;915 702;4 554;1 999 995;1 080;0;0;0;0;23 608;0;34 345;0;0;602 907;14;100;159 918;1 076 359;395;1;1 931;3;7;1;0;0;0;0;0;0;74 651;2;6 222;2;0;0;0;0;0;0;0;0;0;0;5 641;2;0;0;0;0;0;0;18 090;2;10 843;3;0;0;0;0;48 378;8;2 454;5;71 704;22;35 513;33;0;0;0;0;1 784;1;79 976;12;54 480;6;8 313;1;0;0;2 286;1;35 477;30;0;0;0;0;0;0;236;1;0;0;14 272 286;3 724;1 055 855;28;0;0;0;0;0;0;0;0;0;0;0;0;0;0;0;0;0;0;0;0;0;0;0;0;0;0;0;0;0;0;0;0;19 142;14;0;0;0;0;1 457 960;8;0;0;7 001;1;2 229;3;0;0;0;0;4 130 700;21;0;0;19 288;15;0;0;0;0;24 388;22;56 216;22;61 287;42;2 928;6;3 000;1;0;0;43 274;4;4 285 408;30;112 187;15;13 646;6;169 879;20;0;0;45 794;3;0;0;0;0;4 519;1;4 831;6;0;0;0;0;14 040;4;0;0;3 335;5;0;0;0;0;0;0;150;1;0;0;0;0;0;0;0;0;0;0;0;0;0;0;0;0;13 960;23;0;0;176 188;3;0;0;22 790;60;0;0;48 277;2;862;2;0;0;4 789;2;0;0;0;0;0;0;0;0;0;0;0;0;0;0;0;0;0;0;0;0;0;0;0;0
Волгоградская область;860 599 526;98 662 803;65 814 364;20 235 581;800 847 413;117 446 186;72 853 668;13 547 232;455 428;327 933;786 186;958 778;540 160;19 640;52 727 146;8 739 320;365;43 987 826;12 744 358;8 672 938;879 755;0;1 401 186;139 555;461 623;55 199;46 135;5 518;1 747 864;124 625;15;0;0;0;0;0;0;19 075 706;57 329 546;8 359;1 308;3 193;2 165;2 982;2 602;4 168 988;61 884;3 804 078;60 192;365 432;1 692;73 086;338;7 309;34;523;0;445;7;3;0;0;0;0;0;0;0;0;0;0;0;0;0;0;0;0;0;0;0;0;0;0;0;0;0;0;0;0;0;0;0;0;0;0;0;0;0;0;29 567 228;24 669 389;5 474 996;1 095 000;109 500;577 157;186;17;13 510 922;12 876 557;810 418;191 734;162 084;16 208;7;3;7;2;0;0;0;0;0;0;5 208 676;5 131 508;17 222 015;16 322 913;6 895;9 448;877 840;23 930 444;1 481 136;1 672 115;628;335 781;0;0;0;0;0;0;115 000;0;1 919 829;23 631;1 511 011;1 692;20 000;0;0;0;0;0;701 741;0;0;228 744;8;114;575 628;2 644 079;814;1;345;1;0;0;0;0;0;0;0;0;34 312;2;113;1;0;0;0;0;0;0;11 352;1;0;0;75 992;2;0;0;0;0;0;0;0;0;7 930;3;0;0;0;0;7 552;13;38 971;6;7 543;19;71 774;48;0;0;8 955;3;3 342;4;203 556;29;15 603;14;36 256;14;4 371;7;1 471;1;56 274;51;0;0;0;0;0;0;466;1;0;0;18 473 160;3 199;61 545;11;0;0;0;0;0;0;0;0;0;0;39 861;2;37 119;1;0;0;0;0;0;0;0;0;0;0;0;0;0;0;0;0;0;0;49 796;22;186 102;4;0;0;3 837 107;15;0;0;5 008;2;3 584;1;0;0;0;0;5 562 484;33;0;0;14 247;3;0;0;0;0;820 209;186;154 474;17;276 091;164;6 264;2;0;0;0;0;410 498;17;606 969;59;115 914;28;71 839;6;98 440;18;0;0;158 394;9;0;0;3 499;10;60 950;22;68 728;16;0;0;0;0;7 557;9;71;2;5 956;8;0;0;0;0;0;0;27 623;6;147;1;0;0;5 660;1;0;0;0;0;0;0;0;0;0;0;44 406;24;0;0;17 707;4;0;0;57 683;16;0;0;123 341;6;10 194;6;1 016;1;6 781;11;0;0;0;0;2 631;0;32 355;0;0;0;0;0;0;0;0;0;0;0;0;0;0;2;0;6
Вологодская область;1 339 537 917;40 317 545;451 487 960;85 707 929;1 213 990 618;41 981 278;399 447 216;14 855 088;291 054;167 363;20 654 394;73 605 591;12 373;112;157 930 619;71 173 803;282;86 756 816;3 926 726;17 111 793;1 735 137;817;2 195 075;222 552;383 678;36 251;38 348;3 625;14 234 760;239 570;3;0;0;0;0;0;0;61 816 421;12 492 585;9 399;982;3 123;1 097;4 102;12;1 620 019;5 618;1 534 913;4 070;90 552;1 548;18 110;310;1 811;31;5 447;0;60;1;4;0;0;0;0;0;0;0;0;0;0;0;0;0;0;0;0;0;0;0;0;0;0;0;0;0;0;0;0;0;0;0;0;0;0;0;0;0;0;15 645 677;13 719 281;2 017 119;403 423;40 343;90 723;83;16;1 012 197;1 206 035;29 334;223 172;5 867;587;9;3;6;0;0;0;0;0;0;0;3 180 171;2 863 878;8 760 598;8 662 338;0;0;1 040 791;14 170 753;8 244 577;49 837 893;4 372;427 588;0;7 906;0;0;0;0;0;0;0;0;0;0;0;0;0;0;50 818;0;919 681;6 610;0;121 236;5;103;1 256 071;6 788 152;0;0;0;0;0;0;0;0;0;0;0;0;4 618 153;2;311 646;4;0;0;0;0;0;0;114 634;1;2 723;1;337 358;6;0;0;0;0;0;0;0;0;8 481;3;0;0;0;0;71 389;5;14 625;6;97 328;15;29 878;32;0;0;0;0;10 867;4;765 036;37;11 101;10;73 037;5;7 488;1;10 378;3;225 760;45;0;0;0;0;0;0;0;0;0;0;16 083 061;4 557;16 214 600;36;0;0;0;0;0;0;0;0;0;0;0;0;0;0;0;0;0;0;0;0;0;0;0;0;0;0;0;0;0;0;0;0;89 500;37;0;0;0;0;1 457 410;9;572;1;25 000;1;0;0;0;0;0;0;3 347 358;38;1 429 500;7;10 053;7;0;0;0;0;209 301;50;6 114;25;267 294;364;9 904;6;0;0;0;0;174 908;8;87 061;10;20 104;5;14 179;7;484 569;6;0;0;48 866;3;0;0;0;0;7 125;9;2 663;6;0;0;0;0;158;3;27 199;2;44 793;23;0;0;0;0;0;0;0;0;0;0;0;0;0;0;0;0;0;0;0;0;0;0;0;0;0;0;0;0;29 456;5;0;0;4 865;51;0;0;0;0;102 580;31;0;0;2 134;3;0;0;0;0;5 006 566;25;15 600 365;0;2 348 973;0;230 782;0;2 118 190;0;0;423 638;0;1 820 413;0;0;0;121;7;7
Воронежская область;2 025 923 449;77 039 164;98 998 484;9 208 569;1 959 814 031;84 307 093;105 027 724;22 481 775;1 179 713;199 078;865 961;16 172;26 364;28 016;60 747 868;7 043 438;421;53 704 570;20 089 070;10 603 479;1 074 091;890;1 603 130;161 484;998 452;19 238;102 012;1 928;1 408 688;137 435;15;0;0;0;0;0;373;16 368 526;49 286 937;15 800;1 537;6 590;1 918;5 119;2 056;3 885 521;510 339;3 643 400;480 201;294 884;32 530;58 977;6 506;5 898;651;52 764;2 392;118;43;8;3;0;0;0;0;0;0;0;0;0;0;0;0;0;0;0;0;0;0;0;0;0;0;0;0;0;0;0;0;0;0;0;0;0;0;0;0;0;85 831 067;70 737 712;16 431 707;3 286 341;328 634;1 338 352;169;16;9 646;3 685;5 961;0;1 192;119;2;0;5;3;0;0;0;0;0;0;1 537 976;1 755 387;3 063 312;2 393 094;0;62 134;677 614;3 778 909;1 016 727;9 281;160;0;0;0;0;0;0;0;0;0;0;0;0;795;0;0;0;0;0;0;0;28 858;0;47 088;5;123;220 708;2 364 199;226;1;277;1;0;0;0;0;0;0;0;0;8 492;2;0;0;0;0;0;0;0;0;0;0;67;1;31 284;2;0;0;0;0;0;0;0;0;3 211;3;0;0;0;0;39 704;2;28 472;2;4 666;5;61 702;12;24;1;166;1;25 358;2;26 979;12;184;2;17 014;4;313;1;0;0;44 110;17;0;0;0;0;0;0;1 104;1;0;0;24 994 703;7 507;494 671;15;0;0;0;0;0;0;0;0;0;0;0;0;0;0;0;0;0;0;0;0;0;0;0;0;0;0;0;0;0;0;0;0;121 357;10;0;0;0;0;2 530 511;17;0;0;1 260;1;0;0;0;0;0;0;6 293 444;31;10 005 775;2;3 044;1;0;0;0;0;229 678;144;234 566;25;195 465;194;0;0;0;0;0;0;322 020;15;624 369;27;142 945;18;0;0;411 686;33;0;0;303;2;0;0;40;1;71 408;4;170 075;31;0;0;0;0;735;1;587;1;6 299;8;0;0;0;0;0;0;0;0;0;0;0;0;0;0;0;0;0;0;0;0;0;0;0;0;23 568;18;0;0;32 382;5;0;0;150 653;102;0;0;114 691;1;30 286;8;0;0;3 905;5;0;0;0;0;0;0;522;0;0;0;0;0;0;0;0;0;0;0;0;0;0;1;0;1
Ивановская область;544 887 340;38 666 663;28 500 413;3 766 267;530 914 559;43 045 310;29 106 800;5 003 127;106 153;121 927;889 829;165 382;7 702;0;12 675 429;1 792 166;196;10 883 418;5 658 484;2 126 242;217 641;141;503 451;50 308;184 259;15 215;13 517;1 522;358 433;50 336;3;0;0;0;0;0;0;5 251 565;9 040 040;6 537;784;3 747;1 164;3 824;169;1 418 429;229 574;1 271 637;220 874;149 512;10 693;29 902;2 139;2 990;214;2 720;1 990;86;15;3;3;0;0;0;0;0;0;0;0;0;0;0;0;0;0;0;0;0;0;0;0;0;0;0;0;0;0;0;0;0;0;0;0;0;0;0;0;0;2 293 098;2 321 463;13 362;2 672;266;41 727;8;2;6 296;6 296;0;0;0;0;2;0;0;1;0;0;0;0;0;0;46 661 868;46 205 094;4 809 527;4 666 492;0;0;159 075;737 981;189 320;103 817;2;0;0;0;0;0;0;0;0;0;0;0;0;0;0;0;0;0;0;0;0;0;0;22 568;5;48;21 044;184 095;2 176;2;682;2;0;0;0;0;0;0;0;0;0;0;0;0;0;0;0;0;0;0;0;0;0;0;28 992;3;0;0;0;0;0;0;0;0;0;0;0;0;0;0;280;1;1 932;3;1 129;6;2 602;12;0;0;0;0;1 581;1;7 939;4;15;1;332;1;707;1;0;0;10 229;14;0;0;0;0;0;0;0;0;0;0;3 873 233;1 452;21 983;4;0;0;0;0;0;0;0;0;0;0;0;0;0;0;0;0;0;0;0;0;0;0;0;0;0;0;0;0;0;0;0;0;14 914;17;0;0;0;0;1 015 466;9;0;0;200;1;0;0;0;0;0;0;2 178 890;11;175 922;3;34 688;31;0;0;0;0;34 925;21;12 610;3;82 864;144;3 534;9;0;0;0;0;281 793;8;46 745;11;92 543;20;20 906;2;8 532;18;0;0;0;0;852;1;6 537;11;12 615;15;682;4;0;0;0;0;681;2;1 568;2;1 901;3;0;0;0;0;0;0;0;0;0;0;0;0;13 533;1;0;0;0;0;0;0;0;0;0;0;1 154;7;0;0;42 657;1;0;0;3 546;50;0;0;55 842;2;4 400;8;0;0;5 743;2;0;0;0;0;0;0;0;0;0;0;0;0;0;0;0;0;0;0;0;0;0;0;0;0
Иркутская область;1 621 547 993;93 400 341;129 931 333;18 087 269;1 407 077 790;100 582 721;118 754 926;19 874 016;568 311;576 749;7 408 048;7 284 961;220 511;1 069;218 694 151;11 370 809;320;207 323 342;15 678 331;37 129 839;4 146 468;1 935;4 111 428;455 233;1 089 076;94 321;108 908;9 440;2 274 162;4 334 830;18;0;0;0;0;0;0;53 801 436;34 038 663;10 623;1 071;4 521;2 030;2 569;917;7 434 084;117 419;6 773 174;91 097;661 386;26 322;132 277;5 264;13 228;526;476;0;299;9;4;0;4 944;0;32 581;0;0;0;0;0;0;0;0;0;27 637;0;1;0;1;0;0;0;0;0;0;0;0;0;0;0;0;0;0;0;0;0;0;0;0;1 489 081;1 473 610;18 042;3 608;361;2 571;4;1;5 936 465;5 348 660;962 452;374 647;192 490;19 249;17;6;16;1;0;0;0;0;0;0;3 872 342;3 720 435;2 392 920;2 293 150;480 293;569 705;113 182;33 580 770;4 817 402;906 993;27 547;44 976;177 400;18 643;0;0;0;0;187 500;0;0;0;0;0;20 224;0;0;0;0;0;0;66 640;228;13 606;4;182;2 235 122;13 299 639;1 655;2;10 051;1;100;1;0;0;0;0;0;0;1 987 688;3;315 382;2;0;0;0;0;0;0;46 542;1;0;0;15 029;2;0;0;0;0;0;0;0;0;9;1;0;0;0;0;24 648;4;220 730;3;6 217;6;47 734;21;19 893;3;0;0;49 443;5;62 090;21;256;9;71 245;4;6 902;5;796;1;51 931;27;0;0;0;0;0;0;0;0;2 536;2;40 531 779;4 204;589 643;18;0;0;0;0;0;0;0;0;98;1;0;0;0;0;0;0;0;0;0;0;0;0;0;0;0;0;0;0;0;0;0;0;125 149;26;14 672;3;0;0;3 191 584;10;0;0;77 672;5;0;0;0;0;1 204;3;10 706 609;27;3 244 714;4;5 586 365;9;0;0;0;0;782 852;134;127 782;17;165 148;205;359;2;0;0;0;0;1 102 549;16;2 329 716;84;887 963;77;87 326;6;143 908;44;0;0;1 748 770;14;0;0;12 319;3;35 286;22;216 178;13;0;0;0;0;10 882;7;3 631;2;2 213;1;0;0;0;0;27 792;1;754;2;160 772;2;2 699;2;0;0;0;0;0;0;0;0;0;0;0;0;22 639;61;0;0;18 000;13;0;0;45 497;45;0;0;469 939;3;35 645;5;192;1;5;1;3 472;1;0;0;0;0;2 491;0;0;0;0;0;0;0;0;0;0;0;0;0;0;2;0;2
Калининградская область;666 270 034;55 047 451;78 360 516;7 896 013;639 239 066;57 716 835;69 854 996;10 460 742;862 490;307 815;358 530;5 144;40 549;3 218;36 000 715;14 344 583;367;21 656 581;4 934 159;4 330 385;433 129;796;1 164 785;116 788;469 847;14 042;47 787;1 379;2 868 916;0;0;0;0;0;0;0;11 569;22 849 617;12 997 334;4 439;1 090;3 110;1 294;2 518;35;1 997 249;27 260;1 822 284;25 649;175 949;1 758;35 190;352;3 519;35;984;23;37;4;1;1;0;0;0;0;0;0;0;0;0;0;0;0;0;0;0;0;0;0;341 594 489;0;309 033 922;0;28 568 402;0;22 157;199 411;0;5 641 180;0;564 117;0;1 263 920;0;119;0;29;0;2 959 895;3 629 525;56 221;11 244;1 124;725 851;11;5;271 792;308 735;13 083;52 829;2 616;262;15;6;22;0;1 611;65 176;0;0;63 565;1;9 864 108;9 005 312;1 867 463;1 869 336;0;0;1 665;9 494 001;1 564 374;9 254 673;22 002;8 182;17 967;0;0;0;0;0;0;0;5 345 443;20 833;0;6 450;0;0;0;0;0;84 810;0;11 152;13 520;28 957;4;47;58 628;346 001;67 489;2;0;0;0;0;0;0;0;0;0;0;497;1;9 885;1;0;0;0;0;0;0;0;0;0;0;953 734;2;0;0;0;0;0;0;0;0;294;1;0;0;0;0;944;4;9 329;2;11 309;6;6 054;10;0;0;0;0;65;2;20 546;8;552;5;3 862;4;0;0;0;0;14 887;13;0;0;0;0;0;0;0;0;0;0;12 866 744;1 706;2 328 186;3;0;0;12 851;1;0;0;0;0;0;0;62 844;3;115 694;1;0;0;0;0;0;0;0;0;0;0;0;0;0;0;0;0;178;1;159 302;36;3 490;2;1 314;1;267 998;4;0;0;2 000;1;0;0;0;0;0;0;1 115 846;10;4 008 382;2;22 938;4;0;0;0;0;316 921;48;72 122;9;244 856;76;0;0;0;0;0;0;1 213 721;9;670 233;40;543 313;53;14;1;20 270;15;0;0;86 794;4;1 449;1;9 503;1;11 963;5;494;1;0;0;0;0;331;1;36 210;3;29 075;2;0;0;0;0;0;0;300;1;606;1;0;0;0;0;0;0;0;0;0;0;0;0;0;0;37 360;7;0;0;25 985;2;0;0;26 678;7;0;0;231 615;3;41 820;9;0;0;2 166;3;450;1;0;0;36 304;0;0;0;0;0;0;0;0;0;0;0;0;0;0;0;0;4;0;3
Калужская область;785 280 719;306 304 688;93 059 574;19 633 071;740 234 509;312 173 021;79 721 316;36 840 150;508 241;60 030;419 231;7 656;35 620;551;58 599 388;19 543 364;271;39 056 024;23 018 969;7 215 987;781 121;42;1 325 917;135 987;593 445;33 485;48 391;3 348;3 908 673;595 217;21;0;0;0;0;0;449;53 772 492;62 007 287;5 208;784;2 155;1 262;982;26;2 346 981;116 665;2 002 542;115 605;347 383;1 060;69 477;212;6 948;21;2 944;0;54;8;1;0;0;0;0;0;0;0;0;0;0;0;0;0;0;0;0;0;0;0;0;0;0;0;0;0;0;0;0;0;0;0;0;0;0;0;0;0;0;14 432 233;13 252 951;1 911 262;382 252;38 225;731 980;89;23;2 509 654;2 285 851;249 376;25 573;49 875;4 988;24;5;3;0;0;0;0;0;0;0;327 833;325 423;23 435 596;23 283 104;0;0;166 150;1 782 439;380 681;51 368;7;0;0;0;0;2 253;0;0;0;0;0;0;15 637;0;0;0;0;0;0;0;33 478;0;0;260 166;14;84;754 488;3 811 035;1 900;1;0;0;2 758;1;0;0;0;0;0;0;0;0;0;0;0;0;0;0;0;0;0;0;0;0;0;0;0;0;0;0;0;0;0;0;35;1;76 001;2;0;0;22 752;3;0;0;1 598;7;46 022;17;0;0;0;0;11 469;1;74 499;11;2 001;5;85 586;2;38 634;5;8 695;1;76 215;20;0;0;0;0;0;0;0;0;0;0;28 742 791;2 681;1 993 809;11;0;0;0;0;0;0;0;0;0;0;0;0;0;0;0;0;0;0;0;0;0;0;0;0;0;0;0;0;0;0;0;0;96 513;12;0;0;0;0;2 663 425;11;0;0;18 110;3;0;0;285 896;2;0;0;4 464 488;14;160 948;2;925 105;2;0;0;0;0;103 084;92;5 535;5;1 184 880;87;284;1;11 000;1;42;1;14 056;6;496 634;21;6 506;4;41 589;2;36 845;7;0;0;31 929;7;988;1;7 158;3;8 793;9;20 146;12;0;0;0;0;187;2;27 479;3;33 790;8;0;0;0;0;0;0;0;0;132;1;0;0;779;1;0;0;0;0;0;0;0;0;0;0;8 777;2;0;0;42 542;21;0;0;5 608;5;0;0;336 017;3;108 075;12;0;0;512;2;0;0;0;0;0;0;1 024;0;0;0;0;0;0;0;0;0;0;0;0;0;0;1;0;1
Камчатский край;156 649 228;28 573 502;25 864 235;92 264 201;138 053 113;30 306 300;23 214 027;93 819 031;50 420;47 072;193 184;350 376;21 556;0;21 117 071;6 309 392;48;14 807 679;3 590 932;2 961 535;296 153;0;384 981;38 715;643 594;11 732;64 386;1 174;1 261 878;0;0;0;0;0;0;0;0;21 213 929;9 541 219;864;204;576;394;628;9;517 512;37 855;481 976;36 038;35 537;3 208;7 107;642;711;64;0;1 391;22;4;0;1;14 066 456;973 682;7 565 783;882 156;0;82 999;0;4 150;0;12 450;0;1 660;0;0;1;2;0;0;0;0;0;0;0;0;0;0;0;0;0;0;0;0;0;0;0;0;0;16 922 563;11 847 707;5 074 856;1 014 972;101 497;0;4;0;0;976;0;976;0;0;5;1;4;24;0;0;0;0;0;0;24 900;24 944;687 743;652 674;0;0;35 069;1 516 343;4 959 110;4;0;0;0;0;0;0;0;0;0;0;0;0;0;0;0;0;0;0;0;0;0;0;0;3 051;1;20;23 311;262 908;0;0;0;0;0;0;0;0;0;0;0;0;0;0;0;0;0;0;0;0;0;0;0;0;0;0;5 659;2;0;0;0;0;0;0;0;0;0;0;0;0;0;0;20 975;1;0;0;368;2;134;1;0;0;0;0;0;0;1 673;1;86;1;0;0;0;0;0;0;940;3;0;0;0;0;0;0;0;0;0;0;4 952 560;434;21 092;2;0;0;102;1;0;0;0;0;0;0;415 121;2;0;0;54 279;1;0;0;0;0;0;0;0;0;0;0;0;0;0;0;0;0;18 761;11;0;0;0;0;0;0;0;0;0;0;0;0;12 919;1;0;0;955 182;4;0;0;921 768;3;0;0;0;0;29 181;19;173 471;3;25 081;12;0;0;0;0;0;0;184 989;4;544 501;7;354 703;3;487;1;31 937;2;0;0;0;0;0;0;0;0;0;0;368;1;0;0;0;0;0;0;11;1;0;0;0;0;0;0;0;0;1 270;1;0;0;0;0;0;0;0;0;0;0;0;0;0;0;0;0;12 135;4;0;0;0;0;0;0;1 788;1;0;0;460 600;4;0;0;0;0;616;2;0;0;0;0;0;0;0;0;0;0;0;0;0;0;0;0;0;0;0;0;0;0;0;0
Кемеровская область;1 879 962 527;210 017 856;271 234 968;31 703 480;1 692 978 854;232 201 273;246 850 825;47 986 642;855 168;278 927;15 199 806;10 669 132;8 211;1 593;197 915 757;80 453 120;319;117 462 925;48 856 190;23 446 508;2 349 258;273;4 264 966;434 747;822 145;30 386;82 475;3 038;16 090 624;46 076;24;0;0;0;0;0;0;118 384 158;162 519 008;9 763;885;3 494;1 719;1 862;96;3 656 967;250 558;3 439 927;721 322;220 681;26 685;44 136;5 337;4 414;534;3 639;0;274;12;2;0;0;0;0;0;0;0;0;0;0;0;0;0;0;0;0;0;0;0;0;0;0;0;0;0;0;0;0;0;0;0;0;0;0;0;0;0;0;6 125 024;6 033 021;342 497;68 500;6 850;250 494;15;5;342 718;322 536;20 183;0;4 037;404;7;0;4;0;0;0;0;0;0;0;1 327 907;1 232 526;27 286 336;26 011 236;505 404;3 496 799;942 379;37 976 730;1 001 496;279 399;12 027;27 271;2 693;0;0;0;0;0;0;0;0;0;135 194;51 625;0;0;0;0;0;0;0;0;0;5 529;4;203;1 195 539;13 177 247;0;0;4 931;1;5 484;1;0;0;0;0;0;0;3 975 912;16;345 187;6;0;0;0;0;0;0;85 193;1;0;0;1 991 204;2;0;0;0;0;0;0;13 175;3;8 499;2;0;0;0;0;269 852;42;208 634;6;152 375;36;179 786;61;176;1;0;0;353;1;146 235;33;19 282;25;105 881;15;18 261;12;15 104;3;205 998;64;0;0;0;0;0;0;0;0;643 417;2;50 246 290;2 852;5 368 371;31;0;0;150;1;0;0;109;1;204;1;0;0;0;0;0;0;0;0;0;0;0;0;0;0;0;0;0;0;0;0;0;0;61 005;16;227 113;2;0;0;1 636 478;5;0;0;10 190;1;362;1;0;0;0;0;7 603 921;36;143;1;5 893;3;0;0;0;0;241 971;76;111 789;28;292 036;523;1 102 758;2;1 450;1;0;0;2 282 053;38;1 741 242;121;2 621 073;256;81 386;6;125 634;53;0;0;225 592;4;0;0;18 108;8;32 614;42;37 052;24;0;0;0;0;1 362;4;747;2;1 365;1;32;1;0;0;0;0;23 424;2;0;0;0;0;656;1;0;0;0;0;0;0;0;0;0;0;24 177;6;0;0;40 830;6;0;0;113 653;383;0;0;0;0;6 525;8;1 600;2;0;0;0;0;0;0;9;0;878 534;0;0;0;0;0;0;0;0;0;0;0;0;0;0;4;0;7
Кировская область;415 500 680;30 711 277;32 114 587;1 891 740;394 290 043;32 975 671;31 617 016;3 747 091;214 049;112 560;152 632;13 188;45 553;12 802;21 734 380;1 845 353;171;19 889 032;4 033 173;3 802 551;397 780;0;911 193;99 366;221 160;3 682;22 954;395;369 071;174 127;16;0;0;0;0;0;0;6 183 694;9 151 514;6 370;572;3 124;755;1 892;2 371;1 503 414;74 922;1 369 831;69 052;139 590;5 870;27 918;1 174;2 792;117;6 006;0;54;19;3;0;0;0;0;0;0;0;0;0;0;0;0;0;0;0;0;0;0;0;0;0;0;0;0;0;0;0;0;0;0;0;0;0;0;0;0;0;0;18 606 454;15 673 742;3 199 460;639 892;63 988;266 748;119;16;0;0;0;0;0;0;0;0;0;1;0;0;0;0;0;0;15 836 108;15 743 155;616 090;716 664;4;0;10 607;846 192;385 349;780;27;0;0;0;0;0;0;0;0;0;0;0;0;0;0;0;0;0;0;778;0;7;2;22 381;7;91;153 672;855 578;5 303;1;21 502;6;0;0;0;0;0;0;0;0;8 917;1;18 278;1;0;0;0;0;0;0;4 985;1;0;0;35 404;3;0;0;0;0;0;0;0;0;20 822;4;0;0;0;0;3 585;8;1 232;2;110 187;18;48 708;42;252;2;312;1;8 709;1;56 803;22;682;8;4 626;6;1 437;3;2 169;4;35 583;46;0;0;0;0;0;0;0;0;0;0;8 733 312;1 749;25 370;8;0;0;0;0;0;0;0;0;0;0;0;0;0;0;0;0;0;0;0;0;0;0;0;0;0;0;0;0;0;0;0;0;10 677;8;0;0;0;0;3 640 897;6;0;0;0;0;0;0;0;0;0;0;10 166 678;52;0;0;2 296 055;40;0;0;0;0;98 856;121;4;1;216 603;282;3 793;8;0;0;0;0;9 297;4;109 081;17;15 937;15;186 824;8;13 167;26;0;0;38 871;1;0;0;11 600;5;3 974;6;6 402;5;0;0;0;0;0;0;5 773;2;1 424;1;0;0;0;0;0;0;0;0;0;0;0;0;0;0;0;0;0;0;0;0;0;0;0;0;0;0;0;0;109 323;10;0;0;59 865;56;0;0;9 745;2;704;2;0;0;12 206;13;0;0;0;0;0;0;0;0;0;0;0;0;0;0;0;0;0;0;0;0;0;0;0;0
Костромская область;782 684 653;16 946 063;438 742 703;2 317 240;745 118 793;19 302 519;391 039 025;3 121 629;92 202;257 366;10 195 656;0;28 432;0;75 138 342;30 071 810;186;45 066 532;2 682 457;9 010 742;901 330;2 644;989 795;99 150;1 411 408;7 479;141 201;748;6 014 362;2 565;2;0;0;0;0;0;3 140;5 146 134;5 542 755;2 386;505;1 092;255;464;340;1 402 132;124 654;1 181 791;120 037;226 567;4 624;45 313;925;4 531;92;6 226;8;169;11;19;1;0;0;0;0;0;0;0;0;0;0;0;0;0;0;0;0;0;0;0;0;0;0;0;0;0;0;0;0;0;0;0;0;0;0;0;0;0;329 645;308 948;56 220;11 244;1 124;35 523;6;1;0;0;0;0;0;0;0;0;0;0;0;0;0;0;0;0;4 837 059;5 049 475;11 486 027;11 215 406;0;0;287 445;6 079 408;115 400;7 208;3 074;0;0;0;0;0;0;0;0;0;0;0;0;0;0;0;0;0;8 223;0;0;1 092;0;8 351;6;36;42 769;282 931;508;2;46;2;0;0;0;0;0;0;0;0;0;0;0;0;0;0;0;0;0;0;0;0;0;0;14 307;1;0;0;0;0;0;0;0;0;1 047;2;0;0;0;0;0;0;368;1;88;2;1 856;6;36;1;0;0;0;0;4 365;5;144;2;2 470;1;0;0;0;0;2 982;11;0;0;0;0;0;0;0;0;0;0;5 986 502;933;16 875;7;0;0;0;0;0;0;0;0;0;0;0;0;0;0;0;0;0;0;0;0;0;0;0;0;0;0;0;0;0;0;0;0;4 020;6;1 167;1;0;0;419 795;8;0;0;0;0;0;0;0;0;0;0;304 076;6;0;0;520 174;3;0;0;0;0;48 032;20;7 026;2;143 552;208;198;1;0;0;0;0;77 970;4;60 248;10;25 603;37;2 960;1;15 581;10;0;0;0;0;0;0;0;0;3 163;3;5 160;2;0;0;0;0;300;1;1 339;3;12 470;6;0;0;0;0;0;0;0;0;0;0;0;0;0;0;0;0;0;0;0;0;0;0;0;0;878;6;0;0;4 170;3;0;0;11 759;8;0;0;0;0;727;2;0;0;2 433;1;0;0;0;0;0;0;3 568;0;0;0;0;0;0;0;0;0;0;0;0;0;0;3;0;3
Курганская область;203 812 020;30 513 860;12 303 364;4 768 336;192 418 423;33 109 112;11 356 542;5 591 333;166 934;49 825;14 018;47 616;19 246;550;12 479 129;2 882 272;112;9 609 536;3 384 102;1 846 728;191 932;0;351 039;35 557;199 225;4 164;14 775;417;576 454;75 011;7;0;0;0;0;0;0;8 576 674;8 087 994;2 108;306;2 174;410;1 102;175;1 153 594;24 913;1 075 270;23 817;83 288;1 097;16 658;219;1 666;22;3 731;0;89;3;1;0;0;0;0;0;0;0;0;0;0;0;0;0;0;0;0;0;0;0;0;0;0;0;0;0;0;0;0;0;0;0;0;0;0;0;0;0;0;5 662 076;4 752 115;979 882;195 975;19 597;69 921;67;9;86;834;0;747;0;0;1;1;0;0;0;0;0;0;0;0;6 339;8 306;1 739 579;1 947 363;507;0;37 525;530 482;226 588;2;77;0;0;0;0;0;0;0;0;0;0;0;8 206;0;0;0;0;0;0;0;0;0;0;9 985;4;34;60 121;827 641;0;0;0;0;0;0;0;0;0;0;0;0;0;0;0;0;0;0;0;0;0;0;0;0;0;0;8 152;1;0;0;0;0;0;0;0;0;13;1;0;0;0;0;1 084;2;13 105;2;3 484;6;13 099;12;0;0;0;0;0;0;10 011;5;1 948;3;700;1;0;0;0;0;13 955;9;0;0;0;0;0;0;0;0;0;0;4 895 827;811;144 952;10;0;0;0;0;0;0;0;0;0;0;0;0;0;0;0;0;0;0;0;0;0;0;0;0;0;0;0;0;0;0;0;0;15 598;13;60;1;0;0;100 099;2;0;0;0;0;0;0;0;0;0;0;4 747 620;22;0;0;594 903;15;0;0;0;0;119 052;118;5 855;5;72 576;78;6 102;4;0;0;0;0;170 859;7;117 697;13;49 475;9;0;0;10 024;47;0;0;151 327;1;0;0;6 841;1;10 226;4;5 817;2;0;0;0;0;11 662;2;1;1;0;0;0;0;0;0;0;0;244;2;0;0;0;0;0;0;0;0;0;0;0;0;0;0;0;0;6 981;2;0;0;2 018;1;0;0;3 866;29;0;0;0;0;3 441;2;0;0;1 578;2;0;0;0;0;0;0;0;0;0;0;0;0;0;0;0;0;0;0;0;0;0;0;0;0
Курская область;554 299 712;35 169 172;54 293 929;1 615 443;510 816 098;37 059 432;53 888 640;2 834 503;170 907;144 913;552 159;4 905;14 649;4 452;43 708 214;2 445 357;151;41 262 857;2 963 720;8 252 570;825 257;0;1 929 692;192 969;280 849;3 481;28 085;350;489 071;0;0;0;0;0;0;0;0;8 558 836;9 314 904;4 143;470;1 959;747;2 877;2 606;1 908 144;20 084;1 627 495;16 153;283 534;3 931;56 707;786;5 671;79;2 885;0;30;8;2;0;0;0;0;0;0;0;0;0;0;0;0;0;0;0;0;0;0;0;0;0;0;0;0;0;0;0;0;0;0;0;0;0;0;0;0;0;0;95 393 937;77 834 678;18 301 509;3 660 301;366 029;742 250;203;22;144 328;141 351;3 306;329;661;66;2;1;2;6;0;0;0;0;0;0;467 588;460 357;7 430 632;7 202 484;0;0;228 200;55 580 752;1 286 273;984 966;12 120;1 346 276;0;0;0;0;0;0;0;0;0;0;0;0;0;0;0;0;168;0;0;0;40 072;27 271;4;45;845 820;2 421 320;0;0;193;2;0;0;0;0;0;0;0;0;0;0;0;0;0;0;0;0;0;0;0;0;0;0;29 412;3;0;0;0;0;0;0;19;1;396;1;0;0;0;0;217;3;1 452;4;11 149;5;27 612;18;209;1;0;0;0;0;135 972;5;0;0;1 393;2;0;0;0;0;40 394;16;0;0;0;0;0;0;94;1;8;1;14 433 473;1 626;14 854;7;0;0;0;0;0;0;0;0;0;0;0;0;0;0;0;0;0;0;0;0;0;0;0;0;0;0;0;0;0;0;0;0;38 210;7;181 552;1;0;0;1 710 542;5;0;0;49 316;2;0;0;0;0;0;0;2 676 418;18;1 158 606;3;1 143;3;0;0;0;0;681 849;142;806;2;701 115;89;997;2;0;0;0;0;40 311;6;155 437;24;48 514;15;0;0;126 710;10;0;0;357 182;3;0;0;9 824;2;1 600;6;55 127;6;0;0;0;0;47 023;3;29 797;2;265;1;0;0;0;0;0;0;0;0;0;0;0;0;5 941;4;0;0;0;0;0;0;0;0;0;0;757;5;0;0;0;0;0;0;60 652;43;0;0;0;0;40 411;2;0;0;5 427;5;657;2;0;0;4 222;0;0;0;0;0;0;0;0;0;0;0;0;0;0;0;0;2;0;2
Ленинградская область;2 676 485 039;128 948 889;471 873 721;26 059 502;2 320 306 377;139 138 885;475 447 370;38 365 332;547 659;614 522;3 090 748;1 098 550;80 596;1 219;403 226 302;40 106 426;475;363 119 889;22 950 789;67 891 413;7 262 397;3 123;8 105 338;872 200;1 598 602;36 954;157 091;3 718;8 021 285;4 712 431;51;0;0;0;0;0;1 900;108 998 421;70 205 734;6 217;1 249;3 470;1 200;1 122;84;1 224 748;43 822;1 125 694;43 807;100 326;15;20 065;3;2 007;0;1 274;0;103;2;2;0;0;0;0;0;0;0;0;0;0;0;0;0;0;0;0;0;0;0;0;0;0;0;0;0;0;0;0;0;0;0;0;0;0;0;0;0;0;56 650 324;52 003 901;6 216 043;1 236 999;123 701;1 569 620;120;30;8 019 989;5 083 307;65 132;2 864;13 026;1 303;10;3;16;1;0;0;0;0;0;0;322 929;310 393;93 927 850;39 393 782;0;88 395;53 275 891;40 948 056;7 011 217;44 050 198;17 663;2 826 081;12 911;177;0;0;0;0;0;0;36 327 819;226 170;51 549;5 254;0;11 645;0;624 325;0;133 511;16 052 916;143 271;21 633;269 521;13;120;1 123 530;10 716 077;25 871;2;337;1;0;0;0;0;0;0;0;0;1 969 195;2;136 498;1;0;0;0;0;0;0;0;0;0;0;24 785;5;0;0;0;0;0;0;64;1;407;5;16 302;1;202 881;1;102 982;15;16 056;4;86 157;17;66 444;36;8 246;4;0;0;159 157;4;304 280;28;15 594;20;22 284;8;26 951;8;0;0;154 252;47;0;0;0;0;0;0;4;1;296 560;4;73 793 074;3 515;365 477;19;0;0;63 375;1;0;0;0;0;0;0;0;0;0;0;0;0;0;0;0;0;0;0;0;0;0;0;0;0;0;0;0;0;19 306;10;732;1;0;0;13 496 136;15;0;0;0;0;36 999;1;0;0;0;0;2 283 701;8;0;0;2 954 803;17;0;0;0;0;1 504 264;231;70 332;17;88 991;83;984;4;0;0;0;0;90 622;13;1 586 857;81;735 831;77;2 710;2;2 074 986;51;0;0;19 063;3;0;0;98;2;2 471;5;14 665;11;0;0;0;0;9 616;9;116 147;1;2 537;1;0;0;0;0;0;0;310;1;0;0;95;1;0;0;0;0;0;0;0;0;0;0;0;0;37 247;23;0;0;123 934;3;0;0;199 963;14;0;0;147 475;4;3 873;3;0;1;7 000;1;0;0;0;0;0;0;0;0;0;0;0;0;0;0;0;0;0;0;0;0;0;1;1;2
Липецкая область;1 158 890 368;38 311 753;380 429 291;3 541 078;1 040 473 097;42 600 765;376 685 935;5 367 230;394 528;319 623;18 518 255;17 900;715 192;17 910;103 347 284;2 938 381;118;100 408 905;5 795 475;19 959 443;2 008 178;0;677 826;68 761;585 856;10 700;60 526;1 069;587 676;2 423;6;0;119 927;9;0;0;0;12 623 412;13 191 264;5 856;250;1 762;557;574;58;1 193 813;164 797;1 084 533;161 269;109 279;3 529;21 856;706;2 186;71;0;0;135;13;0;0;0;0;0;0;0;0;0;0;0;0;0;0;0;0;0;0;0;0;0;0;0;0;0;0;0;0;0;0;0;0;0;0;0;0;0;0;0;75 349 193;65 024 628;11 924 474;2 384 895;238 493;1 599 909;118;18;128 389;123 225;17 087;17 953;3 417;342;5;2;10;5;0;0;0;0;0;0;1 485 072;1 521 605;377 927;270 695;1 636 039;1 646 462;98 219;1 908 775;919 048;42 836 692;1 149;34 279 526;0;39 000;0;0;0;0;0;0;0;0;0;5 520;0;0;0;0;0;0;1 077 721;0;0;10 640;3;66;545 963;5 753 547;7 440;1;0;0;864;2;0;0;0;0;0;0;5 329 846;2;57 910;2;0;0;0;0;0;0;207 568;1;29;1;0;0;0;0;0;0;0;0;0;0;23 158;1;0;0;0;0;1 188;3;1 864;5;192 019;10;207 789;23;51 422;3;2 183;1;5 171;3;187 453;17;1 857;6;11 381;3;32;1;628;2;103 746;27;0;0;0;0;0;0;126;1;0;0;19 435 191;1 725;13 841 043;16;0;0;0;0;0;0;0;0;0;0;0;0;0;0;0;0;0;0;0;0;0;0;0;0;0;0;0;0;0;0;0;0;39 467;14;207 020;2;0;0;3 536 725;8;0;0;134;1;170;1;0;0;0;0;631 354;7;10;1;0;0;0;0;0;0;134 270;47;7 190;18;170 347;61;4 069;2;559;10;0;0;36 469;8;292 095;24;15 973;16;1 539;3;853 929;34;0;0;1 031 698;10;0;0;80;1;8 906;4;452;1;0;0;0;0;395;3;637;2;0;0;0;0;0;0;0;0;0;0;0;0;800;1;171;1;0;0;0;0;0;0;0;0;0;0;3 007;16;0;0;6 353;2;217;1;19 613;17;0;0;0;0;0;0;0;0;1 622;7;0;0;0;0;57 730;0;8 493 200;0;0;0;0;0;0;0;0;0;0;0;0;0;0;16;0;3
Магаданская область;187 459 097;23 390 278;15 626 647;11 954 046;152 981 720;29 717 213;13 337 276;13 883 914;93 416;58 325;279 676;43;631;0;36 579 880;2 433 559;43;34 146 322;5 054 045;6 278 534;132 891;1 112;524 466;27 875;334 271;3 703;15 188;371;486 712;226;3;550 030;0;13;0;0;0;2 234 220;51 541 437;618;155;161;197;259;0;241 047;0;191 937;0;49 110;0;9 822;0;982;0;0;0;20;0;0;0;0;0;0;0;0;0;0;0;0;0;0;0;0;0;0;0;0;0;0;0;0;0;0;0;0;0;0;0;0;0;0;0;0;0;0;0;0;656 765;656 709;56;11;1;0;1;0;200 913;269 636;0;68 724;0;0;2;1;1;0;0;0;0;0;0;0;0;0;4 700 285;1 555 812;0;0;3 144 473;111 936;133 124;4 165;840;0;0;0;0;0;611;0;0;0;0;0;0;0;0;0;0;0;0;0;0;0;0;1 450;1;23;194 516;1 513 729;0;0;0;0;0;0;0;0;0;0;0;0;144 790;2;0;0;0;0;0;0;0;0;0;0;0;0;628 928;1;0;0;0;0;0;0;0;0;0;0;0;0;0;0;0;0;0;0;49;1;35 872;7;1 772;1;0;0;18 098;1;3 317;1;23;1;1 059;1;1 570;1;280;3;10 574;7;0;0;0;0;0;0;0;0;0;0;8 734 780;365;1 213;1;0;0;0;0;0;0;0;0;0;0;205 153;1;0;0;0;0;0;0;0;0;0;0;0;0;0;0;0;0;0;0;0;0;1 181;3;0;0;0;0;0;0;0;0;0;0;39;1;0;0;0;0;499 438;4;2 640;1;0;0;0;0;0;0;16 356;10;646;1;11 651;17;0;0;0;0;0;0;66 656;3;183 677;12;45 953;3;0;0;1 897;3;0;0;0;0;20;2;100;2;6 709;3;145;2;4 192;1;3 004;1;70;1;0;0;14 440;2;0;0;0;0;0;0;0;0;0;0;0;0;0;0;0;0;0;0;0;0;0;0;0;0;0;0;0;0;53 922;5;0;0;242;2;0;0;7 489;1;2 654;1;0;0;0;0;0;0;0;0;0;0;0;0;0;0;0;0;0;0;0;0;0;0;0;0;0;0;0;0
Московская область;12 356 281 872;1 074 427 338;1 160 115 741;171 630 133;11 570 580 005;1 148 307 520;1 139 544 736;230 129 034;6 262 412;1 593 243;26 709 378;11 560 692;2 272 515;35 854;785 741 043;185 057 394;2 292;600 750 033;140 909 618;117 519 338;11 960 301;83 755;19 242 144;1 930 075;8 676 488;191 656;860 398;19 335;37 011 478;2 081 926;23;51 421;451 840;18;0;0;232 362;395 933 662;295 844 097;48 152;6 224;16 749;8 021;16 981;566;17 578 616;791 748;15 985 670;774 356;1 916 514;18 432;383 302;3 687;38 327;369;283 365;56;1 464;42;13;1;0;0;0;0;0;0;0;0;0;0;0;0;0;0;0;0;0;0;0;0;0;0;0;0;0;0;0;0;0;0;0;0;0;0;0;0;0;37 691 582;35 809 630;3 143 050;600 247;60 023;1 261 098;93;23;86 033 040;73 129 384;9 802 073;1 726 994;1 960 413;196 042;159;36;145;44;380 655;273 217;0;0;0;1;113 239 584;110 845 722;128 121 684;151 875 048;868 322;781 065;3 483 678;87 420 991;13 660 430;65 676 821;2 312 948;9 391 082;74 843;1 567;0;11 076 988;8 472;1 085 096;1 499 294;95 050;27 389 029;9 868;9 691 217;21 840;572 679;9 500;3 700 700;227;12 102;246 917;3 411 932;852 731;36 660;1 729 472;90;610;4 309 038;20 744 615;901;3;490;3;660;3;0;0;0;0;0;0;4 279 033;5;182 623;5;0;0;0;0;0;0;0;0;0;0;46 631;8;0;0;0;0;0;0;0;0;51 352;14;44 893;4;0;0;116 020;19;23 732;21;437 426;41;193 381;81;486 529;3;3 005;5;157 704;23;1 426 364;115;76 677;36;462 856;28;17 382;7;34 193;11;372 905;145;0;0;0;0;0;0;312;2;412;4;228 860 584;22 073;2 518 279;53;0;0;59;1;0;0;0;0;405;2;0;0;0;0;79 819;1;0;0;0;0;0;0;0;0;0;0;0;0;0;0;0;0;5 075 493;77;275 804;6;0;0;60 703 087;85;0;0;147 450;6;0;0;235 294;2;0;0;13 040 785;49;96 440 629;9;395 590;41;0;0;10 175;1;2 457 659;760;424 321;25;3 034 105;409;30 977;16;1 051;2;15;1;1 987 840;32;1 095 597;55;2 272 254;151;47 269;7;63 659;61;0;0;1 252 144;26;0;0;732;2;57 409;20;60 618;39;0;0;0;0;31 552;18;14 210;5;64 480;18;0;0;0;0;0;0;6 000;6;8 001;2;301 499;2;0;0;0;0;0;0;0;0;0;0;0;0;33 032;20;0;0;239 885;3;0;0;91 007;65;0;0;712 272;13;30 200;4;1 452;1;776;3;0;0;0;0;1 405 387;20 138;6 920 668;36 868;130 834;0;0;0;130 834;0;0;26 167;0;26 052;0;115;0;55;7;40
Мурманская область;1 007 637 467;30 081 295;285 878 286;3 352 863;695 786 321;33 876 790;270 021 006;4 994 126;356 830;84 908;3 739 406;492 772;22 634;17;324 785 308;12 113 407;172;312 671 902;5 844 639;61 823 784;6 253 438;0;1 710 353;173 447;707 410;5 676;70 729;567;2 422 681;710 597;8;0;0;0;0;0;162;12 020 893;28 217 077;2 985;702;1 140;328;1 491;431;1 437 839;252 556;1 273 776;230 473;165 442;27 483;33 088;5 497;3 309;550;1 380;0;166;12;6;0;0;0;0;0;0;0;0;0;0;0;0;0;0;0;0;0;0;0;0;0;0;0;0;0;0;0;0;0;0;0;0;0;0;0;0;0;0;4 002 812;3 184 100;835 837;167 168;16 717;17 125;6;1;2 526 311;1 334 894;1 361 517;166 716;272 303;27 230;15;9;9;32;0;0;0;0;0;0;0;0;6 375 247;5 893 160;0;0;482 088;26 464 537;2 163 191;1 117 951;3 474;0;0;0;0;0;0;0;0;0;0;9;0;0;0;0;0;0;0;0;107 989;983 992;102 500;177 805;5;42;1 996 996;12 620 479;0;0;824;1;0;0;0;0;0;0;0;0;3 184 992;3;0;0;0;0;0;0;0;0;0;0;0;0;42 186;4;0;0;0;0;0;0;0;0;1 026;3;7 050;1;0;0;1 110 877;10;312 489;5;92 424;13;441 021;34;67;2;0;0;422 699;6;187 545;25;18 238;12;228 824;8;17 529;2;11 334;2;656 418;45;0;0;0;0;0;0;13 076;1;60 306;1;38 841 151;1 148;0;0;0;0;0;0;0;0;0;0;0;0;3 923 404;6;217 394;1;0;0;0;0;0;0;0;0;0;0;0;0;0;0;0;0;0;0;44 371;34;207;1;0;0;425 497;2;0;0;9 116;4;0;0;65 400;1;0;0;5 704 430;23;0;0;291 540;5;0;0;0;0;130 060;45;661;3;390 388;236;603;1;0;0;0;0;301 770;5;713 252;14;201 726;10;3 569;3;89 921;19;0;0;63 164;4;0;0;6 045;1;42 475;15;50 112;17;0;0;0;0;21;1;938;1;59 148;6;0;0;0;0;0;0;1 373;1;0;0;0;0;853;1;0;0;0;0;0;0;0;0;0;0;67 092;1;0;0;673 270;3;0;0;41 484;89;0;0;2 844 701;4;3 329;3;0;0;0;0;0;0;0;0;19 619;0;312 193;265;0;0;0;0;0;0;0;0;0;0;0;0;0;10;1;2
Нижегородская область;3 127 621 751;226 152 972;201 748 680;37 890 125;2 991 187 413;242 289 602;168 350 262;31 477 782;743 998;360 500;2 226 848;12 288 224;1 055 221;24 506;168 818 265;42 693 420;986;126 125 045;21 594 618;23 874 547;2 522 476;29 895;4 029 064;417 235;1 603 755;126 423;147 537;12 609;8 538 685;1 356 428;38;0;0;0;0;0;446;119 046 387;80 520 869;27 150;3 105;9 985;3 861;8 564;21;7 113 458;180 370;6 566 837;175 636;589 589;5 207;117 918;1 041;11 792;104;43 234;472;241;8;14;1;0;0;0;0;0;0;0;0;0;0;0;0;0;0;0;0;0;0;0;0;0;0;0;0;0;0;0;0;0;0;0;0;0;0;0;0;0;13 300 035;13 150 577;615 217;123 043;12 303;465 759;61;19;1 536 929;1 410 206;129 880;11 776;25 976;2 598;18;6;19;5;0;0;0;0;0;0;13 923 469;13 876 408;36 214 453;34 682 061;314 805;158 788;1 755 922;39 285 087;4 702 111;571 447;4 429;153 353;0;0;0;0;0;0;0;0;9 885;0;360 201;725;0;0;0;0;0;0;638 757;97 586;1 357;1 055 919;36;266;1 067 837;7 634 484;25 943;3;838;1;0;0;0;0;15 741;2;0;0;793 977;8;3 229 489;3;0;0;0;0;0;0;129;1;171;1;589 104;6;176 513;1;0;0;0;0;113 552;1;238 872;13;27 608;1;0;0;137 290;24;55 944;18;113 222;54;234 302;94;26 762;11;63 867;3;730 821;15;567 748;73;342 979;28;41 562;18;104 732;13;44 595;11;463 577;108;0;0;0;0;0;0;2 026;3;41 670;1;64 873 388;7 749;866 305;23;0;0;319;1;0;0;0;0;0;0;0;0;0;0;8 763 003;5;0;0;0;0;0;0;0;0;0;0;0;0;22 170;1;0;0;5 008 791;29;1 086 567;6;10 452;1;4 413 060;40;0;0;236 554;6;0;0;129 935;1;0;0;7 315 177;38;97 461;3;3 101 939;126;0;0;0;0;979 646;145;39 713;24;913 344;191;6 043;21;0;0;0;0;242 922;9;1 632 099;40;274 139;49;18 703;5;41 856;54;0;0;213 841;7;0;0;0;0;5 984;1;153 308;27;0;0;0;0;5 065;5;29;1;5 083;4;0;0;0;0;0;0;330;2;6 971;1;0;0;14 189;1;0;0;0;0;0;0;0;0;0;0;270 026;19;0;0;17 659;5;0;0;22 855;167;0;0;390 029;8;319;1;0;0;0;0;0;0;0;0;78 897;0;2 421 898;870 660;74 249;0;0;0;74 249;0;0;14 850;0;0;0;14 850;0;10;2;8
Новгородская область;337 914 305;22 646 284;93 517 427;5 446 149;305 125 705;25 090 143;94 640 183;5 074 744;361 682;129 637;1 539 855;2 794 844;8 867;0;30 481 865;3 042 430;157;27 439 435;4 736 985;5 385 133;547 978;1 290;429 366;43 069;145 135;3 683;14 583;374;608 486;101 316;12;0;0;0;0;0;0;6 068 988;17 284 470;2 525;529;1 342;465;1 444;2;650 203;0;620 000;0;30 202;0;6 040;0;604;0;42;0;32;0;1;0;0;0;0;0;0;0;0;0;0;0;0;0;0;0;0;0;0;0;0;0;0;0;0;0;0;0;0;0;0;0;0;0;0;0;0;0;0;12 516 869;11 963 058;930 675;186 136;18 614;376 864;26;11;273 056;260 152;15 886;2 982;3 177;318;3;1;1;0;0;0;0;0;0;0;5 619 837;127 383;835 336;1 482 408;0;0;11 082;4 548 518;447 325;16 075 994;7 772;600 000;0;0;0;0;0;0;0;0;600 000;0;2 291 610;0;0;0;0;0;0;0;8 620 666;0;0;10 865;6;64;1 049 247;4 282 568;0;0;0;0;1 862;1;0;0;0;0;0;0;254;1;58 340;1;0;0;0;0;0;0;0;0;0;0;48 881;7;0;0;0;0;0;0;0;0;0;0;0;0;0;0;16 070;4;22 840;3;2 522;6;14 955;17;0;0;900;1;4 217;3;36 730;9;111;3;240;3;0;0;91;1;29 037;22;0;0;0;0;0;0;41 549;1;666;1;7 426 705;1 190;68 895;8;0;0;0;0;0;0;0;0;0;0;0;0;0;0;0;0;0;0;0;0;0;0;0;0;0;0;0;0;0;0;0;0;29 478;16;240;1;0;0;250;1;0;0;25 013;3;0;0;0;0;2 926;1;868 686;7;1 344;1;41 637;17;0;0;0;0;123 014;43;1 155;5;105 900;111;2 309;2;0;0;0;0;93 550;7;468 479;28;260 374;30;0;0;99 280;24;0;0;746;1;0;0;0;0;2 354;7;4 072;5;0;0;0;0;459;2;1 030;2;1 469;4;0;0;0;0;0;0;5;1;0;0;0;0;0;0;0;0;0;0;0;0;0;0;0;0;20 822;38;0;0;2 894;2;0;0;54 805;37;0;0;0;0;1 008;1;2 210;1;4 188;2;0;0;0;0;167;0;2 956 972;0;0;0;0;0;0;0;0;0;0;0;0;0;0;18;0;3
Новосибирская область;2 900 033 429;135 872 468;441 285 796;18 841 104;2 797 691 534;147 494 162;414 278 334;27 399 482;582 827;280 793;2 803 070;110 090;75 338;12 825;127 995 923;10 570 611;730;117 425 312;20 021 538;23 167 190;2 348 504;41 184;5 119 280;515 191;1 540 445;60 542;141 246;6 233;2 114 122;317 873;191;0;0;0;0;0;2 504;36 448 508;49 774 431;28 554;3 473;10 094;3 817;17 249;3 014;10 376 885;410 734;9 134 549;388 835;1 251 695;21 988;250 339;4 398;25 034;440;9 367;91;108;19;3;1;0;0;0;0;0;0;0;0;0;0;0;0;0;0;0;0;0;0;0;0;0;0;0;0;0;0;0;0;0;0;0;0;0;0;0;0;0;23 432 921;20 826 136;2 724 374;544 874;54 488;117 589;96;12;818 946;967 651;64 966;227 238;12 993;1 299;18;8;26;37;0;0;0;0;0;0;14 450 381;8 700 933;21 162 278;20 054 769;8 849;10 858;1 138 711;10 096 383;3 596 283;2 147 358;98 203;2 147 607;94 917;79 300;0;0;0;0;0;1 718;0;0;0;0;0;0;0;0;35;0;6 399;0;64 715;360 631;31;224;1 010 734;2 293 983;0;0;1 608;2;568;3;0;0;63;1;0;0;253 881;4;1 083 212;3;0;0;0;0;0;0;0;0;0;0;18 149;9;0;0;0;0;0;0;0;0;33 779;8;77 930;1;0;0;30 623;9;61 007;4;54 920;22;34 703;43;52;2;222;1;8 186;3;58 989;26;2 759;7;7 793;6;19 940;7;9 786;6;130 944;50;0;0;0;0;0;0;0;0;3 416;3;29 075 435;8 062;2 182 136;28;0;0;72;1;0;0;0;0;41 361;1;0;0;0;0;0;0;0;0;0;0;0;0;0;0;0;0;0;0;0;0;0;0;1 220 586;59;5 000;1;0;0;24 169 531;60;4 627;1;683 654;15;2 000;1;46 831;1;0;0;5 413 470;29;8 468 413;4;170 580;27;0;0;0;0;296 815;152;399 910;11;1 685 408;137;12 238;8;0;0;0;0;3 822 016;24;1 196 381;62;1 670 134;93;11 422;2;324 117;35;0;0;655 166;18;0;0;2 184;3;14 807;19;61 229;24;0;0;0;0;17 832;8;1 466;3;26 731;4;0;0;0;0;0;0;15 859;6;0;0;0;0;31;1;0;0;0;0;0;0;0;0;0;0;52 501;31;0;0;12 835;4;0;0;43 935;42;0;0;304 491;6;2 953;1;800;1;145;1;0;0;0;0;136 868;0;4 244 148;0;122 701;0;0;0;122 701;0;0;24 540;0;0;0;24 540;0;17;1;19
Омская область;855 997 580;75 980 403;45 719 813;26 311 457;803 512 441;84 785 569;47 038 982;27 418 595;279 397;508 483;589 466;16 284;56 940;228;50 828 302;5 836 653;288;44 991 666;9 073 476;8 667 793;899 833;19 785;998 332;101 673;463 893;22 710;47 859;2 270;1 167 331;330 541;5;0;0;0;0;0;193;9 525 986;54 986 816;10 292;1 088;4 407;1 299;2 474;2 012;6 084 909;658 205;5 397 732;636 300;691 499;31 380;138 300;6 276;13 830;628;4 321;9 476;78;44;5;3;0;0;0;0;0;0;0;0;0;0;0;0;0;0;0;0;0;0;0;0;0;0;0;0;0;0;0;0;0;0;0;0;0;0;0;0;0;19 042 451;17 805 485;2 122 577;424 514;42 451;885 611;70;7;6 911;10 823;91;4 003;18;2;2;1;2;1;0;0;0;0;0;0;13 695 622;13 570 483;12 429 082;12 193 525;11 792 862;11 652 799;376 260;5 184 316;712 529;175 365;624;1 460 301;0;0;0;0;0;0;0;0;0;0;15 000;982;0;0;0;0;0;0;0;0;0;226 734;9;100;93 433;717 051;0;0;20;1;0;0;0;0;0;0;0;0;791 248;3;7 300;1;0;0;0;0;0;0;0;0;0;0;5 824;1;0;0;0;0;0;0;99 862;1;23;1;0;0;0;0;33 213;7;2 903;4;28 854;13;55 340;23;12;1;0;0;13 098;2;113 858;21;8 577;9;22 347;3;13 791;2;20;1;72 438;22;0;0;0;0;0;0;0;0;114;1;20 117 800;2 853;365 294;22;0;0;0;0;0;0;0;0;0;0;0;0;0;0;0;0;0;0;0;0;0;0;0;0;0;0;0;0;0;0;0;0;81 472;58;0;0;0;0;2 435 892;17;0;0;0;0;0;0;0;0;0;0;8 046 148;41;9 410 579;5;18 525;6;0;0;0;0;1 199 355;111;6 863;30;1 769 727;226;1 638;1;0;0;0;0;188 851;33;540 997;95;272 326;98;57 369;5;104 931;51;0;0;185 959;11;0;0;0;0;3 011;4;74 880;9;0;0;0;0;885;6;3 637;2;492;2;0;0;0;0;0;0;5 011;2;545;1;279;2;0;0;0;0;0;0;0;0;0;0;4 993;1;70 389;55;0;0;13 605;4;0;0;73 714;27;0;0;144;2;48 686;5;0;0;4 137;3;0;0;0;0;0;0;0;100;0;0;0;0;0;0;0;0;0;0;0;0;0;0;1;6
Оренбургская область;950 574 962;97 869 772;122 970 065;6 457 352;837 225 872;107 048 472;120 446 818;14 188 139;445 043;299 433;244 518;10 954;27 532;4 895;117 936 539;12 756 082;259;105 180 681;16 623 023;17 924 083;2 103 256;3 571;1 544 657;172 285;446 133;22 379;45 462;2 238;2 551 216;3 108 430;4;0;0;0;0;0;0;27 761 810;52 937 634;6 767;831;2 463;732;1 971;2 062;2 065 247;1 722;1 833 139;472;231 772;1 250;46 354;250;4 635;25;284;20;75;2;1;0;0;0;0;0;0;0;0;0;0;0;0;0;0;0;0;0;0;0;0;0;0;0;0;0;0;0;0;0;0;0;0;0;0;0;0;0;0;15 645 073;15 243 174;2 086 282;417 256;41 726;1 684 383;115;25;4 781 668;5 542 519;21 196;782 813;4 238;424;10;5;7;14;0;0;0;0;0;0;1 881 279;1 821 570;21 894 179;20 036 661;0;0;1 896 946;1 860 489;1 160 846;561 152;2 125;516 602;0;0;0;0;0;0;0;0;50 175;0;0;0;0;0;0;0;0;0;0;0;0;44 171;4;115;970 715;15 163 894;167;1;19;1;0;0;3 834;1;0;0;0;0;5 185 450;9;24 830;2;0;0;0;0;0;0;55 205;3;0;0;27 643;1;0;0;0;0;6 977;1;901;1;506;2;0;0;0;0;98 331;6;47 916;8;29 555;12;63 844;33;48 323;2;0;0;25 371;2;52 566;16;1 253;6;0;0;9 301;3;14 988;5;112 365;27;53;1;0;0;0;0;525;2;19 343;2;48 122 647;3 015;165 483;15;0;0;0;0;0;0;53;1;0;0;0;0;0;0;0;0;0;0;0;0;0;0;0;0;0;0;0;0;0;0;0;0;60 518;11;6 609;3;0;0;1 635 246;7;0;0;1 000;1;0;0;0;0;0;0;2 694 153;13;4 287;1;2 949;1;0;0;0;0;78 222;69;121 421;14;1 776 346;80;560;2;0;0;0;0;763 655;98;950 606;18;332 544;32;3 925;2;6 271;15;0;0;319 112;7;0;0;29;1;2 699;2;11 838;23;0;0;0;0;18 779;2;2 427;3;2 115;1;0;0;0;0;0;0;116;1;6 970;1;0;0;39 863;1;0;0;0;0;0;0;0;0;0;0;193 383;20;0;0;2 558;2;0;0;3 678;3;0;0;55 067;4;147 868;4;489;2;6 035;6;0;0;0;0;0;0;0;0;0;0;0;0;0;0;0;0;0;0;0;0;0;0;0;0
Орловская область;222 561 763;70 162 786;10 424 656;3 524 003;207 838 257;72 490 176;8 506 924;6 623 815;41 352;70 060;3 638 334;32 838;92 028;0;13 084 155;379 153;114;12 705 002;5 386 113;2 512 580;254 099;756;373 044;37 521;121 762;22 724;11 737;2 272;75 831;28 406;1;0;0;0;0;0;27;1 675 368;9 199 815;3 130;505;2 313;518;648;22;740 894;4 487;687 942;3 832;52 952;655;10 590;131;1 059;13;0;0;78;1;0;0;0;0;0;0;0;0;0;0;0;0;0;0;0;0;0;0;0;0;0;0;0;0;0;0;0;0;0;0;0;0;0;0;0;0;0;0;0;34 637 476;28 120 077;6 830 740;1 366 850;136 685;313 341;129;13;114 960;114 578;382;0;76;8;2;0;2;0;0;0;0;0;0;0;0;0;1 721 230;1 586 062;0;0;135 793;1 368 188;158 685;74 531;74 408;74 531;0;0;0;0;0;0;0;0;369 789;0;0;0;0;0;0;0;0;0;0;0;0;30 327;3;48;700 760;1 512 036;6 545;3;0;0;0;0;0;0;0;0;0;0;293 850;1;235 165;2;0;0;0;0;0;0;0;0;0;0;23 572;1;0;0;0;0;0;0;0;0;0;0;0;0;0;0;132;1;0;0;1 350;6;1 763;8;0;0;0;0;0;0;3 645;3;142;1;260;1;0;0;0;0;2 484;9;0;0;0;0;0;0;0;0;0;0;7 278 552;1 315;49 793;9;0;0;0;0;0;0;0;0;0;0;0;0;0;0;0;0;0;0;0;0;0;0;0;0;0;0;0;0;0;0;0;0;7 605;11;0;0;0;0;1 104 556;5;0;0;0;0;145;1;0;0;0;0;1 191 524;6;0;0;905 247;1;0;0;0;0;32 190;74;532;2;94 199;185;0;0;0;0;0;0;104 016;5;80 123;18;6 425;7;1 255;2;609;1;0;0;222 736;5;0;0;10 313;1;13 328;3;4 853;10;0;0;0;0;56;2;19 197;5;678;2;0;0;0;0;0;0;0;0;0;0;0;0;0;0;0;0;0;0;0;0;0;0;0;0;0;0;0;0;34 699;2;0;0;7 638;30;0;0;0;0;0;0;120;1;5 303;3;0;0;0;0;0;0;0;0;0;0;0;0;0;0;0;0;0;0;0;0;0;0;0;2
Пензенская область;457 343 413;43 933 152;23 470 040;2 498 338;434 379 206;45 123 149;22 775 389;4 407 859;149 343;128 491;544 399;3 940;115 297;0;23 153 214;5 158 372;153;17 994 843;2 906 204;3 598 887;359 897;184;910 727;91 070;252 014;5 932;25 140;593;1 031 674;3;1;0;0;0;0;0;0;18 339 697;7 552 251;5 375;365;2 549;738;1 135;9;1 948 564;13 822;1 838 475;13 822;113 433;0;22 687;0;2 269;0;3 344;0;55;4;1;0;0;0;0;0;0;0;0;0;0;0;0;0;0;0;0;0;0;0;0;0;0;0;0;0;0;0;0;0;0;0;0;0;0;0;0;0;0;38 570 816;34 699 625;3 951 338;790 268;79 028;80 147;53;9;88 905;72 504;16 401;0;3 280;328;3;0;1;0;0;0;0;0;0;0;352 858;336 708;307 091;261 106;0;0;73 469;1 081 370;477 870;0;16;0;0;0;0;0;0;0;0;0;0;0;0;0;0;0;0;0;0;0;0;0;0;120 067;9;70;176 856;676 453;1 610;2;251;1;0;0;0;0;0;0;0;0;0;0;149 326;1;0;0;0;0;0;0;0;0;0;0;0;0;0;0;0;0;0;0;0;0;0;0;343 089;1;0;0;56;1;5 584;4;6 314;7;12 277;12;0;0;0;0;25 278;2;6 869;9;49;4;365;1;7 505;3;0;0;11 024;14;0;0;0;0;0;0;0;0;13;1;10 513 850;1 573;107 043;12;0;0;0;0;0;0;0;0;0;0;0;0;0;0;0;0;0;0;0;0;0;0;0;0;0;0;0;0;0;0;0;0;32 717;6;0;0;0;0;3 924 179;11;0;0;1 020;2;0;0;0;0;0;0;773 382;7;0;0;673 035;38;0;0;0;0;98 498;102;2 259;3;42 970;71;2 203;4;233;1;0;0;130 692;9;464 922;10;144 306;9;0;0;4 142;7;0;0;46 434;3;0;0;0;0;1 552;1;10 698;12;0;0;0;0;0;0;740;1;76 398;10;0;0;77;1;0;0;0;0;0;0;0;0;747;1;0;0;0;0;0;0;0;0;0;0;29 121;11;0;0;1 994;3;0;0;62 686;8;0;0;3;1;9 792;7;0;0;3 931;1;85;1;0;0;0;0;0;0;0;0;0;0;0;0;0;0;0;0;0;0;0;0;0;0
Пермский край;1 807 009 035;201 102 308;301 306 262;20 985 745;1 591 837 817;206 847 210;274 104 105;34 466 542;813 933;236 406;7 453 886;2 232 155;391 999;13 893;236 174 444;13 282 435;656;222 892 009;21 234 713;35 654 778;4 457 839;28 067;7 186 359;910 898;1 268 273;34 284;148 954;4 051;2 656 485;8 923 624;9 275;0;0;0;0;0;69;33 452 740;58 114 409;19 180;2 250;9 831;2 299;7 435;325;4 782 975;786 057;4 420 570;683 004;365 246;103 053;73 049;20 611;7 305;2 061;3 004;0;144;3;3;0;0;0;0;0;0;0;0;0;0;0;0;0;0;0;0;0;0;0;0;0;0;0;0;0;0;0;0;0;0;0;0;0;0;0;0;0;0;15 033 901;14 297 999;1 461 612;292 320;29 233;725 710;99;17;2 182 005;1 834 884;291 584;333 386;46 944;5 832;20;8;7;0;0;0;0;0;0;0;22 141 198;21 718 169;19 873 714;19 236 703;31 580;43 839;828 429;122 402 710;2 214 411;3 014 684;40 012;2 381 835;33 976;302 493;0;0;0;0;0;2 443;376 200;3 800;100 000;0;1 425 903;20 927;0;0;13 275;0;0;347 400;0;423 032;31;240;2 010 880;13 086 980;0;0;7 427;3;2;1;0;0;0;0;0;0;6 297 904;16;13 692;3;0;0;0;0;0;0;35 704;1;0;0;131 357;7;0;0;0;0;0;0;154 760;4;36 178;20;0;0;0;0;72 396;26;44 176;16;36 824;43;277 722;109;52;1;2 004;1;66 453;7;438 708;75;41 749;43;72 511;13;67 622;19;32 440;8;239 857;126;0;0;0;0;0;0;2 352;5;1 860 557;5;53 916 882;6 968;10 387 214;43;0;0;0;0;0;0;0;0;0;0;0;0;0;0;0;0;0;0;0;0;0;0;0;0;0;0;0;0;159 738;1;0;0;230 674;62;304 821;4;0;0;11 338 414;33;0;0;118 866;5;0;0;0;0;0;0;8 710 996;39;580;1;1 255 028;22;0;0;0;0;476 969;88;12 149;23;393 357;288;5 880;12;400;1;0;0;300 539;14;1 866 989;56;217 624;70;171 783;6;71 318;30;0;0;51 313;5;0;0;342;2;1 182;3;66 216;8;0;0;0;0;444;5;0;0;22 767;5;0;0;0;0;0;0;40;1;0;0;0;0;0;0;0;0;0;0;0;0;0;0;0;0;36;3;397;1;41 642;5;0;0;70 240;38;0;0;6 220;2;38 848;17;672;1;19 175;5;0;0;0;0;34 550;0;720 885;0;0;0;0;0;0;0;0;0;0;0;0;0;0;9;0;6
Псковская область;232 186 835;20 909 793;10 483 346;1 371 973;225 291 767;22 984 541;8 765 409;2 048 487;108 522;221 316;4 956;1 078;5 895;0;8 780 842;2 604 141;144;6 176 702;2 530 986;1 177 628;123 534;1 605;249 099;25 541;84 046;3 835;8 596;384;520 827;55 932;9;0;1 705;1;0;0;0;3 525 551;6 960 342;3 006;694;893;498;632;641;547 485;0;489 405;0;60 862;0;12 171;0;1 219;0;2 780;0;26;0;1;0;0;0;0;0;0;0;0;0;0;0;0;0;0;0;0;0;0;0;0;0;0;0;0;0;0;0;0;0;0;0;0;0;0;0;0;0;0;24 433 269;18 907 748;5 664 021;1 132 534;113 254;138 500;38;14;18 031;20 561;0;2 530;0;0;1;1;1;0;0;0;0;0;0;0;5 428;5 301;288 532;218 331;0;0;70 204;416 769;95 252;62 267;9 940;0;0;0;0;0;0;0;0;0;0;0;0;2 017;0;0;0;0;0;0;50 443;9 415;2 420;0;0;30;262 177;341 429;1 981;2;0;0;0;0;0;0;0;0;0;0;0;0;5 102;1;0;0;0;0;0;0;0;0;0;0;12 438;2;0;0;0;0;0;0;20 810;1;0;0;0;0;0;0;142;1;197;1;19;1;4 746;7;0;0;0;0;0;0;0;0;0;0;0;0;0;0;0;0;899;5;0;0;0;0;0;0;0;0;0;0;5 730 157;1 582;10 053;3;0;0;0;0;0;0;0;0;0;0;0;0;0;0;0;0;0;0;0;0;0;0;0;0;0;0;0;0;0;0;0;0;39 792;13;29 423;3;0;0;1 194 355;11;0;0;2 020;1;0;0;0;0;0;0;3 652 041;20;0;0;473 322;4;0;0;0;0;77 283;74;108 826;5;93 639;60;0;0;0;0;0;0;6 141;6;150 873;16;11 502;9;17 028;1;16 193;4;0;0;78 897;3;0;0;4 508;5;6 833;6;12 822;7;0;0;0;0;106 483;5;6;1;58;1;0;0;0;0;0;0;0;0;0;0;0;0;0;0;0;0;0;0;0;0;0;0;0;0;10 734;8;0;0;95 083;3;0;0;6 975;14;0;0;51 561;5;655;2;3 801;1;6 633;2;0;0;0;0;0;0;0;0;0;0;0;0;0;0;0;0;0;0;0;0;0;1;0;1
Ростовская область;2 763 508 354;184 697 541;297 070 127;43 122 236;2 623 302 574;206 846 737;284 631 373;55 258 957;921 490;3 124 987;2 818 629;4 223 542;28 098;953;150 884 830;25 956 363;662;124 928 470;35 385 245;24 903 126;2 498 320;5 362;3 571 492;355 096;1 689 712;36 652;175 304;3 663;5 191 273;82 253;29;0;0;0;0;0;4 390;49 517 936;103 436 392;17 860;2 887;9 825;2 515;3 706;401;8 604 072;66 807;7 762 868;60 769;852 967;6 315;170 593;1 263;17 059;126;19 572;277;521;10;9;1;0;0;0;0;0;0;0;0;0;0;0;0;0;0;0;0;0;0;0;0;0;0;0;0;0;0;0;0;0;0;0;0;0;0;0;0;0;58 654 894;53 403 582;10 216 532;2 033 767;203 376;4 965 220;278;28;262 935;232 141;62 421;40 388;12 484;1 248;12;6;16;2;0;0;0;0;0;0;998 071;996 009;22 006 191;21 754 856;1 320 446;829 100;597 831;12 806 166;3 347 013;1 978 901;94 389;466 500;25 337;32;0;0;0;0;0;0;78 032;0;57 449;0;129 973;0;0;0;1;0;18 000;4 088;37 308;1 521 724;23;175;743 452;2 965 521;34 015;2;3 200;4;65 256;1;0;0;0;0;0;0;452 420;2;1 866;1;0;0;0;0;0;0;0;0;0;0;355 547;7;0;0;0;0;0;0;0;0;134 126;3;0;0;0;0;40 408;8;20 681;8;127 324;22;148 600;32;36 629;1;1 362;2;1 129;2;63 513;14;1 642;6;4 001;7;417;2;1 885;6;60 688;34;0;0;0;0;0;0;0;0;64 964;1;43 013 270;7 010;1 279 825;30;0;0;588;1;0;0;1 093;1;0;0;5 984 569;14;0;0;0;0;0;0;0;0;0;0;0;0;0;0;0;0;0;0;0;0;164 003;22;7 201;3;0;0;3 171 540;25;0;0;329 999;2;0;0;90;1;0;0;6 243 065;35;604 927;7;2 306 856;28;0;0;0;0;470 440;258;34 626;14;1 168 436;209;209 822;7;0;0;0;0;3 339 124;28;1 576 003;40;672 717;62;21 890;7;188 384;36;135;1;275 876;6;0;0;475;6;9 606;14;34 780;36;0;0;510;1;4 360;10;4 112;5;19 162;19;0;0;0;0;0;0;20 870;5;3 365;2;0;0;0;0;0;0;0;0;0;0;0;0;0;0;538 640;20;0;0;40 038;5;0;0;125 290;29;0;0;3 234;3;9 653;8;0;0;141;3;0;0;0;0;16 484;17 362;149 715;1 609;0;0;0;0;0;0;0;0;0;-45;0;0;0;19;2;11
Рязанская область;683 485 186;25 609 873;38 513 629;6 961 106;650 423 506;28 430 048;39 652 656;10 521 895;246 574;52 525;1 238 138;12 967;4 880;2 237;30 928 314;5 201 263;136;25 727 327;6 343 643;5 069 698;514 370;0;1 202 916;122 238;308 464;33 140;31 110;3 313;1 040 253;74 059;8;0;0;0;0;0;0;14 272 577;13 660 097;7 382;318;4 261;861;3 347;64;1 246 026;138 886;1 161 260;124 875;85 198;14 012;17 040;2 802;1 704;280;432;0;100;19;2;0;0;0;0;0;0;0;0;0;0;0;0;0;0;0;0;0;0;0;0;0;0;0;0;0;0;0;0;0;0;0;0;0;0;0;0;0;0;24 554 257;21 893 618;2 960 540;592 109;59 212;299 901;147;20;2 105 055;1 215 049;5 143;2;1 029;103;14;1;7;9;0;0;0;0;0;0;1 906 650;1 873 595;780 707;778 604;0;0;2 103;2 539 608;633 872;965;7;0;0;0;0;0;0;0;0;0;0;0;0;0;0;0;0;0;0;0;0;719;136;40 784;11;69;253 855;1 527 703;0;0;95;1;1 250;1;0;0;0;0;0;0;0;0;3 068;1;0;0;0;0;0;0;0;0;0;0;149;1;0;0;0;0;0;0;0;0;58;1;0;0;0;0;385;2;911;3;124;3;1 496;6;16 335;2;0;0;0;0;5 267;3;335;6;605;2;114;1;0;0;1 942;11;0;0;0;0;0;0;0;0;0;0;12 446 436;2 143;288 218;7;0;0;0;0;0;0;847;1;0;0;0;0;0;0;0;0;0;0;0;0;0;0;0;0;0;0;0;0;0;0;0;0;21 660;10;17 000;1;0;0;0;0;0;0;10 000;1;0;0;0;0;0;0;2 162 915;16;0;0;22 987;19;0;0;0;0;109 678;130;531;5;224 335;215;3 190;6;0;0;0;0;15 062;20;149 497;23;38 934;10;2 283;2;25 129;14;0;0;68 865;4;0;0;259;5;8 490;20;6 686;11;0;0;51;1;1 070;4;32 599;2;34 990;8;0;0;0;0;0;0;0;0;0;0;0;0;38;1;0;0;0;0;0;0;0;0;0;0;241;4;0;0;1 598 521;3;0;0;4 579;9;0;0;0;0;20 045;8;4 708;1;7 094;5;721;3;0;0;0;5 104;373;0;0;0;0;0;0;0;0;0;0;0;0;0;0;3;1;5
Самарская область;2 847 841 503;408 037 417;224 610 099;174 229 241;2 674 408 770;451 002 160;215 698 222;182 950 178;1 223 531;617 121;9 245 911;971 099;94 999;51 902;176 062 599;22 166 020;431;153 906 077;52 083 806;28 222 032;3 077 450;165;4 534 021;489 098;1 293 520;60 377;123 976;5 956;4 433 204;2 515 759;33;0;42 603;2;0;0;1 047;47 515 062;167 315 869;28 188;1 473;9 784;5 320;14 584;269;8 768 022;423 505;7 956 595;393 906;817 730;31 077;163 546;6 215;16 355;622;6 302;0;283;49;5;0;0;0;0;0;0;0;0;0;0;0;0;0;0;0;0;0;0;0;0;0;0;0;0;0;0;0;0;0;0;0;0;0;0;0;0;0;0;19 247 571;13 919 609;5 353 660;1 070 731;107 074;25 698;139;6;3 306 835;2 948 163;457 931;112 467;91 586;9 159;24;7;26;15;0;0;0;0;0;0;1 845 127;1 801 420;48 115 798;45 239 210;2 435 735;1 181 809;1 938 624;12 185 800;3 516 798;2 514 866;4 685;414 775;13 491;700;0;13 000;0;0;0;0;0;0;49 500;0;0;0;0;0;0;0;2 206 577;20 019;6 810 031;4 254 871;19;234;2 706 505;13 407 647;0;0;10 167;3;22;1;0;0;0;0;0;0;531 480;4;0;0;0;0;0;0;0;0;0;0;0;0;95 403;7;0;0;0;0;0;0;161 042;1;3 195;5;0;0;31 518;1;79 129;22;7 888;7;1 185 735;29;177 003;60;60;1;0;0;539 959;10;228 063;52;13 880;27;12 460;10;9 401;5;0;0;205 712;87;0;0;0;0;0;0;44 895;3;0;0;51 231 114;7 530;2 654 202;376;0;0;10;1;0;0;0;0;0;0;1 687 655;2;0;0;964 975;3;0;0;0;0;0;0;0;0;0;0;0;0;0;0;0;0;430 571;64;17 098;3;0;0;8 239 011;29;0;0;28 377;7;205 091;2;0;0;0;0;11 970 519;50;14 669 144;4;3 686 434;60;0;0;0;0;1 917 318;315;227 110;31;808 066;330;15 446;6;63 922;2;0;0;1 000 135;69;8 016 847;222;1 918 522;152;146 065;11;164 071;97;53 610;1;181 752;13;268;1;5 926;6;102 834;29;179 838;36;0;0;12 412;2;31 526;14;14;1;34 353;5;0;0;118;3;0;0;25 252;6;191;1;0;0;1 861;2;0;0;0;0;0;0;0;0;0;0;48 449;41;0;0;1 066 234;10;0;0;386 140;98;0;0;22 895;3;16 668;15;0;0;17 398;7;0;0;250;1;546 436;0;857 686;0;433 413;0;0;0;433 413;0;0;86 683;0;53 313;0;33 370;0;34;3;13
Саратовская область;1 031 317 257;65 689 917;49 781 034;5 562 051;978 734 588;70 380 567;51 192 413;8 176 100;278 372;75 770;152 085;5 616;95 307;0;51 262 705;8 442 894;319;42 821 034;7 218 284;8 362 231;856 416;0;1 718 204;173 492;417 592;69 815;41 775;6 984;1 688 579;201 941;5;0;0;0;0;0;98;23 677 345;27 194 285;10 616;822;3 071;1 424;1 783;1 617;5 496 098;87 662;4 894 061;78 592;607 800;9 069;121 560;1 814;12 156;181;5 763;0;231;13;5;0;0;0;0;0;0;0;0;0;0;0;0;0;0;0;0;0;0;0;0;0;0;0;0;0;0;0;0;0;0;0;0;0;0;0;0;0;0;17 527 921;13 502 205;4 136 281;827 258;82 726;110 565;130;11;1 357 874;1 363 309;98 195;103 629;19 639;1 964;8;4;3;7;0;0;0;0;0;0;342 851;335 974;3 762 179;3 606 292;0;0;157 396;1 553 678;1 025 368;23 602;551;21 119;0;0;0;0;0;0;0;3 411;0;2;0;950;0;0;0;0;23;0;0;0;2 208;262 902;15;105;422 852;1 616 361;0;0;40;1;0;0;0;0;0;0;0;0;1 186 142;3;224 606;3;0;0;0;0;0;0;1 260;1;72;1;24 162;5;0;0;0;0;0;0;0;0;2 993;1;0;0;0;0;2 706;5;1 476;5;15 230;22;48 694;39;12 790;2;2 335;1;154 101;5;158 495;9;3 499;8;2 085;1;319;2;4 654;2;92 064;38;0;0;0;0;0;0;0;0;891;2;22 594 381;3 595;61 701;13;0;0;0;0;0;0;0;0;0;0;0;0;0;0;0;0;0;0;0;0;0;0;0;0;0;0;0;0;0;0;0;0;30 998;19;0;0;0;0;5 092 677;26;0;0;30 835;4;0;0;0;0;0;0;6 198 669;33;9 143;2;1 300 502;28;0;0;0;0;1 081 718;186;15 704;11;577 811;172;1 656;7;250;2;0;0;1 461 994;14;577 497;27;92 021;15;65 601;6;355 022;74;0;0;114 057;7;0;0;1 457;1;7 931;6;55 916;27;0;0;0;0;10 928;6;741;2;3 112;9;0;0;0;0;0;0;1 990;2;0;0;219;1;0;0;0;0;0;0;0;0;0;0;0;0;54 757;19;0;0;215 776;2;0;0;27 960;34;0;0;36 276;3;67;2;72;1;1 836;2;485;1;0;0;0;0;0;0;0;0;0;0;0;0;0;0;0;0;0;0;0;0;0;0
Сахалинская область;330 865 454;32 444 870;77 828 839;10 323 674;310 559 460;41 984 632;52 112 554;7 691 441;76 786;96 878;147 918;229 033;1 095;8 087;45 970 195;19 651 206;170;26 318 989;7 047 771;5 237 707;526 380;6 895;760 556;76 618;632 745;11 571;63 274;1 156;3 930 241;26 091;1;0;0;0;0;0;0;81 065 688;28 261 373;1 584;579;1 044;298;1 580;90;505 284;0;445 065;0;60 465;0;12 093;0;1 209;0;244;0;33;1;2;0;0;0;0;0;0;0;0;0;0;0;0;0;0;0;0;0;0;0;0;0;0;0;0;0;0;0;0;0;0;0;0;0;0;0;0;0;0;3 317 517;2 761 147;599 566;119 914;11 992;43 196;3;1;72 573 435;62 086 113;10 629 277;145 913;2 125 855;212 586;62;14;27;0;1 288 123;842 640;0;0;0;1;0;0;94 916;54 109;0;0;20 142;15 447 389;385 065;2 159 180;6 687;2 038;0;132 672;0;0;0;26 234;598 365;25 398;0;0;0;0;903 244;0;0;0;0;2 038;0;239 738;59 628;0;0;47;105 142;1 397 991;0;0;203;1;0;0;0;0;0;0;0;0;38 076;1;0;0;0;0;0;0;0;0;0;0;0;0;182 846;4;0;0;0;0;0;0;0;0;0;0;0;0;0;0;14 154;12;7 378;4;45 947;7;11 390;18;0;0;0;0;40 621;5;7 278;9;2 355;10;4 739;7;0;0;0;0;14 728;16;0;0;0;0;0;0;0;0;0;0;9 339 361;920;197 620;6;0;0;0;0;0;0;0;0;0;0;1 129 516;3;210 657;1;0;0;0;0;0;0;0;0;0;0;0;0;0;0;0;0;0;0;20 996;32;360 526;2;0;0;0;0;0;0;0;0;0;0;0;0;0;0;2 231 382;6;0;0;0;0;0;0;0;0;136 340;28;116 333;6;61 059;56;0;0;0;0;0;0;21 622;3;5 926 553;11;93 851;11;4 062;1;8 023;10;0;0;45 418;1;508;1;8 701;7;1 175;5;1 813;3;0;0;0;0;318;2;0;0;0;0;0;0;0;0;0;0;69 328;1;0;0;0;0;0;0;0;0;0;0;0;0;0;0;0;0;13 821;19;0;0;5 508;1;11;1;165 402;4;0;0;248 843;2;0;0;0;0;3 208;1;0;0;0;0;17 124;0;2 130;0;0;0;0;0;0;0;0;0;0;0;0;0;0;6;0;2
Свердловская область;5 146 212 336;339 917 556;1 091 578 772;72 021 990;4 819 446 512;362 496 441;1 042 115 092;89 318 196;3 502 306;1 179 190;11 507 632;4 316 760;958 215;915;368 253 689;111 285 987;1 143;257 099 882;42 826 547;50 414 391;5 139 133;219 300;9 984 565;1 071 254;2 209 202;74 281;223 055;7 643;22 257 198;976 964;34;0;0;0;0;0;405;102 399 105;147 112 645;38 621;4 670;15 338;4 984;17 689;504;14 747 390;290 541;13 836 183;287 349;951 472;8 534;190 294;1 707;19 029;171;42 472;5 342;500;14;13;3;0;0;0;0;0;0;0;0;0;0;0;0;0;0;0;0;0;0;0;0;0;0;0;0;0;0;0;0;0;0;0;0;0;0;0;0;0;14 475 895;13 301 410;1 224 216;244 841;24 484;49 731;37;7;444 071;422 675;78 470;58 290;15 694;1 570;28;10;32;2;0;0;0;0;0;0;29 976 986;29 605 418;51 452 914;51 040 145;92 125;69 252;1 218 273;29 809 130;6 903 753;2 209 525;34 506;1 109 419;60 089;0;0;0;0;0;0;0;352 151;0;210 145;0;0;0;0;0;281;30 000;66 717;41 564;251 056;975 072;57;438;4 336 241;17 921 077;37 058;4;8 970;1;0;0;0;0;0;0;0;0;5 221 744;8;1 436 643;15;0;0;0;0;0;0;3 315;2;213 642;3;559 995;8;1 191;1;0;0;0;0;0;0;40 799;12;3 013 509;4;0;0;197 314;29;188 307;20;50 427;47;469 560;117;41 908;4;1 250;2;542 531;12;1 012 857;90;54 046;26;163 969;22;127 665;21;3 289;3;444 880;126;0;0;0;0;0;0;59;2;19 688;5;84 857 691;11 242;6 021 465;70;0;0;0;0;0;0;0;0;17 132;1;0;0;0;0;0;0;0;0;0;0;0;0;0;0;301;1;0;0;0;0;0;0;197 020;59;611 812;4;0;0;17 218 527;34;0;0;104 328;10;0;0;2 733 360;5;0;0;12 010 332;53;44 323 298;7;7 763 037;26;0;0;0;0;2 604 093;315;672 946;44;1 539 485;939;940;5;0;0;63;1;4 320 017;83;3 074 609;102;1 490 929;160;72 711;12;477 490;130;0;0;274 236;26;0;0;152;2;22 464;23;136 605;38;1 275;1;161;2;4 612;9;7 810;5;80 333;13;0;0;20;2;0;0;17 902;9;0;0;0;0;3 265;2;0;0;0;0;0;0;0;0;0;0;18 951;19;0;0;1 092 231;24;550;1;86 805;152;0;0;562 308;8;25 895;9;0;0;0;0;3 638;2;0;0;239 695;0;1 097 613;0;79 858;0;0;0;79 858;0;0;15 972;0;28 410;0;0;0;39;1;25
Смоленская область;566 440 360;60 046 685;49 407 673;9 073 583;538 793 302;63 830 457;45 404 684;13 309 659;384 549;248 478;259 615;10 947;1 633;763;31 792 708;2 626 925;306;29 167 730;7 783 080;5 832 074;583 353;10 403;1 003 859;100 489;277 540;17 252;28 482;1 725;525 385;1 290;6;0;0;0;0;0;0;3 778 559;15 129 373;5 526;1 049;3 146;1 783;1 800;52;927 257;27 339;797 815;26 279;134 613;1 060;26 923;212;2 692;21;5 171;0;52;13;3;0;0;0;0;0;0;0;0;0;0;0;0;0;0;0;0;0;0;0;0;0;0;0;0;0;0;0;0;0;0;0;0;0;0;0;0;0;0;4 636 909;4 253 804;495 568;99 114;9 911;112 463;19;7;164 492;161 509;3 544;585;709;71;16;3;8;1;0;0;0;0;0;0;251 810;242 714;999 843;1 098 301;560 074;570 603;19 360;1 580 265;386 700;184 690;53 023;0;0;0;0;0;0;0;0;0;0;0;0;0;0;0;0;0;0;0;0;0;0;125 631;3;45;125 337;560 935;23 174;2;1 562;4;0;0;0;0;0;0;0;0;1 376;1;102;1;0;0;0;0;0;0;0;0;0;0;0;0;4;1;0;0;0;0;0;0;32;1;0;0;0;0;1 695;3;1 198;1;4 251;6;7 924;16;28 181;1;0;0;28 526;3;17 187;9;504;7;2 288;3;0;0;0;0;10 127;20;0;0;0;0;0;0;1 550;2;1 325;1;7 663 243;1 873;86 809;14;0;0;0;0;0;0;0;0;0;0;0;0;0;0;0;0;0;0;0;0;0;0;0;0;0;0;0;0;0;0;0;0;23 932;10;0;0;0;0;336 470;2;0;0;0;0;0;0;0;0;0;0;693 825;4;525;1;2 374;4;0;0;0;0;123 100;54;3 124;4;21 276;38;0;0;30;1;0;0;22 440;12;892 329;13;17 871;16;3 228;3;22 405;28;0;0;58 652;4;0;0;6 971;1;6 002;13;129 720;8;0;0;0;0;0;0;3 030;2;9 994;4;44;1;0;0;0;0;143;1;0;0;110;1;0;0;0;0;0;0;0;0;0;0;0;0;150;3;0;0;15 931;1;0;0;5 906;12;0;0;141 409;5;8 546;3;0;0;10 881;12;0;0;0;0;0;0;115 604;0;0;0;0;0;0;0;0;0;0;0;0;0;0;7;0;9
Тамбовская область;461 811 189;14 479 094;14 898 563;3 999 704;444 546 805;16 107 859;16 885 467;5 936 826;290 181;22 920;699 801;0;7 326;0;14 865 659;3 257 835;68;11 607 824;3 542 967;2 319 883;232 156;3;444 783;44 518;144 006;6 973;14 864;691;651 567;1 682;6;0;0;0;0;0;0;3 535 665;13 419 075;3 927;218;2 016;474;1 137;216;1 219 642;3 865;1 107 629;3 864;115 595;1;23 119;0;2 312;0;3 582;0;44;1;2;0;0;0;0;0;0;0;0;0;0;0;0;0;0;0;0;0;0;0;0;0;0;0;0;0;0;0;0;0;0;0;0;0;0;0;0;0;0;69 501 788;56 206 988;14 318 112;2 863 622;286 363;1 023 312;149;12;0;0;0;0;0;0;0;0;3;1;0;0;0;0;0;0;0;0;1 399 649;1 394 928;0;0;5 125;9 245 434;195 592;0;8;0;115;0;0;0;0;0;0;0;0;0;0;0;0;0;0;0;0;0;0;0;0;246 682;3;28;67 140;594 622;1 667;1;1 989;1;0;0;0;0;0;0;0;0;24;1;0;0;0;0;0;0;0;0;0;0;0;0;41 694;3;0;0;0;0;0;0;0;0;0;0;0;0;0;0;692;1;9 221;1;1 168;4;9 323;5;73;1;0;0;0;0;7 179;3;151;3;5 637;3;3 168;3;0;0;16 351;10;0;0;0;0;0;0;0;0;0;0;12 131 563;2 897;15 073;9;0;0;0;0;0;0;0;0;0;0;0;0;0;0;0;0;0;0;0;0;0;0;0;0;0;0;0;0;0;0;0;0;7 346;7;4 050;2;0;0;12 020 539;12;0;0;32 335;1;0;0;0;0;0;0;5 109 279;18;0;0;3 635;10;0;0;0;0;90 113;39;15;1;58 451;54;505;2;0;0;0;0;19 786;8;35 673;8;826;5;7 982;2;6 102;9;0;0;44 602;3;0;0;0;0;9 495;13;15 078;13;0;0;0;0;30;1;0;0;210;2;0;0;0;0;0;0;0;0;0;0;0;0;0;0;0;0;0;0;0;0;0;0;0;0;0;0;0;0;1 179;1;0;0;42 876;28;0;0;186 071;4;1 271;1;0;0;2 604;2;0;0;0;0;0;0;1 309;0;0;0;0;0;0;0;0;0;0;0;0;0;0;1;0;2
Тверская область;521 665 621;92 230 805;27 891 655;11 651 438;499 728 339;99 321 527;24 356 001;14 985 758;209 069;282 017;723 839;83 106;76 473;825;24 945 846;4 576 596;240;20 369 250;10 226 936;4 073 850;407 385;1 593;712 128;71 250;385 865;15 870;38 578;1 587;915 319;0;0;0;0;0;0;0;13;21 981 769;33 588 863;6 723;971;3 701;1 295;1 252;692;1 586 559;152 862;1 467 599;148 732;134 907;4 432;26 981;886;2 698;89;15 947;302;100;15;3;1;0;0;0;0;0;0;0;0;0;0;0;0;0;0;0;0;0;0;0;0;0;0;0;0;0;0;0;0;0;0;0;0;0;0;0;0;0;19 467 967;17 656 578;2 247 720;449 490;44 949;436 331;46;18;1 590 170;1 299 562;32 138;1 843;6 428;643;7;2;4;1;0;0;0;0;0;0;99 801;92 156;4 775 742;5 633 625;0;0;57 748;542 788;272 098;810 490;32 512;0;954;0;0;0;0;0;0;0;0;0;0;0;32 000;0;0;0;0;0;350 000;0;0;452 036;11;81;129 095;1 217 168;375;1;1 991;2;20;1;0;0;0;0;0;0;0;0;5 721;1;0;0;0;0;0;0;0;0;0;0;6 256;2;0;0;0;0;0;0;0;0;1 547;4;0;0;0;0;8 288;2;31 274;3;12 099;7;15 355;18;0;0;0;0;43;1;28 773;13;411;4;0;0;344;2;18 543;1;16 666;22;0;0;0;0;0;0;0;0;0;0;11 933 392;2 332;141 431;7;0;0;0;0;0;0;0;0;635;3;0;0;0;0;0;0;0;0;0;0;0;0;0;0;0;0;0;0;0;0;0;0;64 096;20;5 000;1;0;0;1 883 515;13;0;0;0;0;18 125;1;0;0;30 935;1;1 000 852;15;103 582;2;76 830;30;0;0;1 450;5;136 805;74;1 542;3;69 967;52;3 172;7;0;0;0;0;384 515;12;316 235;23;17 181;17;6 534;2;58 975;13;0;0;84 910;3;0;0;111;1;3 394;6;8 247;9;0;0;0;0;15 193;7;116;2;894;3;0;0;0;0;0;0;5 113;2;0;0;0;0;0;0;0;0;0;0;0;0;0;0;0;0;14 167;18;0;0;564;1;0;0;9 834;5;0;0;0;0;21 243;13;0;0;6 149;4;350;1;0;0;4 648;0;0;0;0;0;0;0;0;0;0;0;0;0;0;0;0;1;0;1
Томская область;876 339 410;57 456 406;62 274 082;10 133 187;830 725 196;64 040 505;34 952 941;12 022 653;142 558;305 968;16 886 832;319 621;140 890;0;56 053 861;9 044 375;237;47 009 486;8 486 156;9 358 670;935 717;421;1 135 192;113 502;371 282;16 956;36 975;1 695;1 808 875;28 709;6;4 473;10 045;19;0;0;0;38 979 150;63 457 252;6 600;909;2 968;1 035;2 456;292;1 979 102;0;1 732 913;0;246 189;0;49 238;0;4 924;0;0;0;259;0;0;0;0;0;0;0;0;0;0;0;0;0;0;0;0;0;0;0;0;0;0;0;0;0;0;0;0;0;0;0;0;0;0;0;0;0;0;0;0;13 326 593;12 409 840;1 399 993;279 997;28 000;483 240;57;7;266 529;158 558;43 306;0;8 661;866;3;0;6;0;0;0;0;0;0;0;724;267;4 047 282;4 067 403;0;0;4 732;29 999 975;2 064 218;2 349;129 158;0;0;0;0;0;0;0;857;0;0;0;0;0;0;0;0;0;0;0;0;0;0;364 500;10;106;410 521;7 008 600;0;0;0;0;1 395;1;0;0;0;0;0;0;472 058;4;0;0;0;0;0;0;0;0;67 368;1;0;0;95 736;1;23;1;0;0;0;0;0;0;1 107;2;0;0;0;0;23 975;13;32 461;7;1 417;7;71 645;39;0;0;0;0;30 093;5;236 567;37;10 557;26;53 638;20;9 349;3;16 368;16;120 989;50;0;0;78;1;0;0;256;1;2 018;1;33 995 658;2 112;1 427 024;30;0;0;0;0;0;0;0;0;0;0;0;0;0;0;0;0;0;0;0;0;0;0;0;0;78;1;0;0;0;0;0;0;182 501;20;0;0;0;0;1 218 351;6;0;0;258 929;5;0;0;0;0;0;0;5 174 482;14;22 094;2;805 714;12;0;0;0;0;148 886;83;2 394;3;252 365;160;412;2;0;0;0;0;51 197;5;456 496;15;57 481;8;5 830;4;11 173;8;0;0;1 190;4;0;0;79;1;961;3;28 436;9;0;0;0;0;184;1;206;2;3 780;3;0;0;0;0;0;0;0;0;0;0;0;0;0;0;0;0;0;0;0;0;0;0;0;0;5 999;17;0;0;17 498;3;0;0;80 437;30;0;0;0;0;39 777;4;809;2;730;1;0;0;0;0;0;0;94 086;0;0;0;0;0;0;0;0;0;0;0;0;0;0;6;0;3
Тульская область;988 017 736;106 299 710;70 564 606;6 988 530;929 037 260;107 513 161;64 680 883;14 811 268;553 555;432 678;1 020 188;26 615;241 738;129;64 183 934;9 370 058;320;54 813 876;8 559 181;10 781 907;1 096 277;63 956;1 959 901;199 226;572 496;36 461;57 236;3 644;1 874 012;180 868;19;0;0;0;0;0;207;11 329 425;33 009 393;7 666;1 025;4 167;1 671;1 539;19;2 771 055;88 967;2 422 968;84 970;349 153;3 997;69 831;799;6 983;80;1 071;0;98;6;5;0;0;0;0;0;0;0;0;0;0;0;0;0;0;0;0;0;0;0;0;0;0;0;0;0;0;0;0;0;0;0;0;0;0;0;0;0;0;14 868 000;13 203 275;2 444 081;481 713;48 171;779 356;93;24;302 926;289 634;14 512;1 220;2 902;290;6;1;5;1;0;0;0;0;0;0;222 536;182 016;2 465 546;2 439 129;0;0;99 627;13 528 221;1 298 530;687 791;2 457;51 509;0;0;0;0;0;0;0;0;0;0;901 724;0;0;0;0;0;0;0;0;5 808;0;104 931;9;115;543 401;4 038 463;3 985;4;388;2;18;1;0;0;16 992;1;0;0;686 301;4;130 609;3;0;0;0;0;0;0;13 853;2;0;0;210 570;2;0;0;0;0;0;0;0;0;21;1;0;0;0;0;16 128;5;6 589;3;2 261;9;27 410;20;9 536;1;0;0;0;0;46 422;10;6 382;5;1 525;2;8 196;3;890;2;47 448;23;0;0;0;0;0;0;795;2;0;0;19 567 520;2 513;212 316;12;0;0;0;0;0;0;0;0;0;0;0;0;0;0;0;0;0;0;0;0;0;0;0;0;0;0;0;0;0;0;0;0;14 479;16;0;0;0;0;601 096;2;0;0;20 418;5;0;0;0;0;0;0;3 272 400;12;198 852;1;901;2;0;0;0;0;33 738;46;2 459;2;519 074;112;0;0;0;0;0;0;1 080 664;5;407 166;17;10 571;6;0;0;15 266;20;0;0;164 703;6;0;0;1 722;19;13 773;29;5 772;7;0;0;0;0;10 674;5;781;1;26 560;13;0;0;0;0;0;0;66;1;0;0;46;1;0;0;0;0;0;0;0;0;0;0;0;0;84 738;16;0;0;140 758;4;0;0;12 315;20;0;0;0;0;16 626;8;4 698;1;247;2;0;0;0;0;0;0;11 309;0;0;0;0;0;0;0;0;0;0;0;0;0;0;4;0;3
Тюменская область;1 708 449 208;119 961 188;253 381 716;12 512 816;1 554 980 871;143 354 424;128 737 035;20 080 920;4 723 984;256 604;22 127 363;385 468;125 354;7 957;262 047 885;42 154 129;380;219 893 757;31 089 825;43 733 459;4 397 874;83 343;8 587 212;873 367;1 200 402;14 305;119 707;1 442;8 430 826;245 292;17;0;0;0;0;0;69;139 663 354;69 276 523;8 559;1 914;4 055;1 459;3 305;953;3 426 261;188 437;3 299 487;172 634;161 788;15 802;32 358;3 160;3 236;316;35 015;0;104;4;7;0;0;0;0;0;0;0;0;0;0;0;0;0;0;0;0;0;0;0;0;0;0;0;0;0;0;0;0;0;0;0;0;0;0;0;0;0;0;30 187 634;26 450 637;4 087 604;817 521;81 753;350 607;157;27;17 219 007;15 636 158;1 153 093;127 032;230 619;23 062;16;7;19;18;0;0;0;0;0;0;277 287;293 736;10 894 947;9 428 399;1 707;3 365;1 576 701;6 175 841;1 516 583;526 433;90 180;489 216;9 000;0;0;0;0;0;0;0;24 778;0;2 559;0;0;0;0;0;0;0;0;0;864;655 442;11;128;1 097 141;15 842 923;3 369;2;3 196;1;10 816;3;0;0;0;0;0;0;1 262 767;7;7 962;1;0;0;0;0;0;0;192 409;2;0;0;413 058;8;0;0;0;0;0;0;2 661;1;236;1;0;0;307 576;1;25 926;7;16 546;7;702;6;33 008;25;227 833;3;154;2;183 446;8;140 436;26;6 742;16;44 320;6;10 053;5;0;0;158 851;31;0;0;0;0;0;0;17 701;3;4 292;1;52 590 444;4 163;3 512 767;18;0;0;0;0;0;0;0;0;0;0;518 099;1;0;0;0;0;0;0;0;0;0;0;0;0;0;0;0;0;0;0;0;0;40 108;15;7 193;3;0;0;4 414 924;11;0;0;1 280;1;0;0;0;0;0;0;7 275 300;23;0;0;74 178;4;0;0;0;0;342 804;73;26 702;12;409 496;74;0;0;0;0;10;1;7 062 079;12;2 600 906;47;582 825;21;114 322;2;69 364;22;0;0;264 479;5;0;0;1 203;1;2 732;2;59 213;20;0;0;0;0;102 187;8;1 450;1;255 875;12;79;1;0;0;0;0;5 489;5;2 283;2;5 305;2;135;1;0;0;0;0;0;0;0;0;0;0;2 224;6;0;0;114 907;6;0;0;20 640;14;0;0;5 511;1;3 125;2;682;1;13 249;6;10;1;0;0;0;0;372;0;0;0;0;0;0;0;0;0;0;0;0;0;0;7;0;4
Ульяновская область;636 503 611;40 942 894;52 083 635;3 832 322;604 946 255;48 087 088;48 572 778;9 651 450;218 416;97 673;168 396;49 860;171 051;0;34 947 607;4 617 886;118;30 329 723;12 915 400;6 025 968;606 594;160;1 270 131;127 785;253 370;14 635;25 102;1 463;923 578;38 975;12;0;1 003;1;0;0;0;6 198 818;47 563 576;7 161;266;2 102;522;1 233;1 667;988 705;65 093;907 495;64 425;81 210;668;16 241;134;1 624;13;0;0;38;1;0;0;0;0;0;0;0;0;0;0;0;0;0;0;0;0;0;0;0;0;0;0;0;0;0;0;0;0;0;0;0;0;0;0;0;0;0;0;0;6 251 021;4 861 843;1 389 178;277 836;27 783;0;35;0;1 468 878;1 201 439;272 910;5 471;54 581;5 459;6;2;1;1;0;0;0;0;0;0;188 495;187 957;1 358 059;1 321 687;0;0;528;3 519 551;697 696;65 000;51;0;0;0;0;0;0;0;0;0;0;0;0;0;0;0;0;0;0;0;0;50 000;0;184 304;5;82;256 247;644 386;12 177;2;0;0;0;1;0;0;0;0;0;0;19 106;1;1 255;1;0;0;0;0;0;0;0;0;0;0;1 136;2;0;0;0;0;0;0;0;0;1 214;1;33 057;1;0;0;4 890;7;4 715;4;57 589;21;53 234;28;13;1;41;1;361;1;30 561;18;729;5;50;1;1 875;8;1 430;1;27 471;28;0;0;0;0;0;0;0;0;0;0;12 479 479;1 978;9 165;5;0;0;0;0;0;0;0;0;0;0;0;0;0;0;0;0;0;0;0;0;0;0;0;0;0;0;0;0;0;0;0;0;74 311;24;0;0;0;0;1 635 635;9;18 189;1;0;0;0;0;44 554;1;0;0;1 289 599;5;6 158;1;1 228 485;13;0;0;0;0;535 600;119;1 360;11;163 115;78;576;3;417;1;0;0;5 927;9;125 183;25;92 348;16;23 307;1;39 400;9;0;0;38 480;4;0;0;12 302;1;58 376;4;7 180;11;0;0;0;0;329;3;556;1;10;1;0;0;0;0;0;0;0;0;0;0;365;1;0;0;0;0;0;0;0;0;0;0;0;0;55 181;8;0;0;5 866;2;0;0;12 681;5;0;0;146 647;2;1 825;4;0;0;7 080;3;0;0;0;0;0;0;0;0;0;0;0;0;0;0;0;0;0;0;0;0;0;1;0;1
Челябинская область;2 908 732 878;167 576 401;220 008 554;12 123 780;2 683 386 875;181 018 333;224 867 837;18 607 910;1 223 849;390 148;10 597 358;956 050;135 214;7 050;211 542 778;32 872 065;811;178 672 981;20 423 917;35 668 907;3 573 460;7 769;5 210 369;525 316;1 328 509;59 086;116 259;6 057;6 574 414;65 687;6;0;0;0;0;0;390;49 131 018;66 328 494;25 989;3 109;11 719;3 936;12 324;300;8 054 767;122 545;7 248 957;118 964;814 219;4 576;162 844;915;16 284;92;8 406;995;208;6;12;1;0;0;0;0;0;0;0;0;0;0;0;0;0;0;0;0;0;0;0;0;0;0;0;0;0;0;0;0;0;0;0;0;0;0;0;0;0;20 036 304;18 529 427;2 609 061;521 812;52 181;1 102 184;32;10;2 189 278;2 033 836;22 388;79 024;4 477;448;18;9;7;6;0;0;0;0;0;0;2 929 651;2 805 721;19 514 007;18 749 803;657;2 355;646 033;4 815 273;12 782 532;1 089 301;6 746;40 754;2 700;0;0;0;0;0;3 439;0;638 014;0;184 983;0;0;0;0;0;0;0;0;21 320;1 122;594 522;25;248;1 913 137;10 138 567;272;2;12 841;9;0;0;0;0;0;0;0;0;6 093 206;6;78 893;6;0;0;0;0;0;0;9 661;1;19;1;718 962;9;0;0;0;0;0;0;0;0;17 555;8;1 820 898;2;0;0;371 574;20;216 709;17;321 834;46;238 769;87;1 458;8;5 663;4;58 994;11;854 537;48;19 625;17;17 137;8;61 098;6;43 866;11;267 870;102;0;0;0;0;0;0;149 834;6;1 240;2;61 568 465;7 068;2 285 344;38;0;0;396;2;0;0;0;0;0;0;0;0;0;0;0;0;0;0;0;0;0;0;0;0;0;0;0;0;0;0;0;0;82 345;29;139;2;0;0;4 877 782;11;0;0;52 260;4;0;0;199 837;2;0;0;5 103 822;21;15 747 660;2;4 108 918;25;0;0;0;0;692 406;169;154 179;17;888 448;352;4;2;15 000;1;0;0;1 803 170;47;2 995 454;48;854 244;62;1 003 550;5;84 560;59;0;0;154 957;15;0;0;273;5;19 713;16;62 385;16;0;0;0;0;4 840;14;4 022;3;11;1;0;0;0;0;0;0;0;0;0;0;0;0;0;0;0;0;0;0;0;0;0;0;0;0;25 819;30;0;0;56 295;6;0;0;148 554;75;0;0;1 342 977;3;7 809;3;160;3;8 978;7;0;0;0;0;557 140;0;4 021 045;0;472 594;0;0;0;472 594;0;0;94 519;0;31 518;0;63 001;0;21;0;14
Забайкальский край;168 364 899;23 826 295;17 238 875;4 354 340;150 014 469;29 649 009;14 179 737;4 992 477;119 255;74 492;2 780;112;1 478 269;0;20 062 756;5 796 846;101;14 265 911;6 386 471;2 839 613;285 318;0;652 598;64 864;100 097;8 879;10 321;923;1 159 369;13 567;2;0;0;0;0;0;0;10 562 148;25 177 190;1 878;263;1 312;353;547;1 296;1 898 989;0;1 617 060;0;281 929;0;56 386;0;5 639;0;0;0;115;0;0;0;4 930 470;0;4 189 212;0;0;0;0;0;0;0;0;0;0;0;1;0;0;0;0;0;0;0;0;0;0;0;0;0;0;0;0;0;0;0;0;0;0;92 079;92 079;0;0;0;0;1;0;530 060;309 166;0;0;0;0;1;0;1;1;0;0;0;0;0;0;0;0;108 900;93 918;0;0;14 982;225 831;62 501;0;0;0;0;0;0;0;0;0;0;0;0;0;0;0;0;0;0;0;0;0;0;0;0;0;0;43;150 010;436 187;0;0;0;0;0;0;0;0;0;0;0;0;1 135;1;13 459;3;0;0;0;0;0;0;0;0;0;0;51;1;0;0;0;0;0;0;0;0;0;0;0;0;0;0;0;0;243;1;33;2;5 536;5;0;0;0;0;0;0;7 274;4;403;4;0;0;0;0;0;0;2 522;5;0;0;0;0;0;0;0;0;0;0;5 100 740;697;61 084;8;0;0;0;0;0;0;0;0;0;0;0;0;0;0;0;0;0;0;0;0;0;0;0;0;0;0;0;0;0;0;0;0;15 480;6;58 468;3;107;1;8 846;2;0;0;5 413;1;0;0;0;0;0;0;4 023 185;11;2 718;1;0;0;0;0;0;0;13 324;7;86 371;40;235 054;53;0;0;0;0;0;0;1 185 821;33;458 552;54;339 675;59;32 707;5;67 529;81;0;0;661 036;11;0;0;0;0;275;1;9 676;2;80 676;1;0;0;95 214;5;0;0;0;0;0;0;0;0;0;0;0;0;19 022;1;0;0;0;0;0;0;0;0;0;0;0;0;0;0;190 630;12;0;0;10 573;2;0;0;135 498;11;0;0;3 904;1;0;0;0;0;3 220;1;0;0;3;1;0;0;0;0;0;0;0;0;0;0;0;0;0;0;0;0;0;0;0;0
Ярославская область;944 062 421;100 414 630;91 345 152;6 262 966;896 505 799;102 528 989;84 788 240;12 595 400;212 045;146 891;5 497 411;86 251;13 092;41 443;49 107 401;14 566 307;412;34 541 096;8 419 814;6 908 069;690 824;7 420;942 349;94 235;429 842;10 719;42 988;1 072;2 913 262;150;5;0;0;0;0;0;0;44 331 301;23 489 450;10 804;1 777;4 660;1 387;3 902;23;3 812 322;65 343;3 480 473;61 879;349 951;5 088;69 990;1 017;6 999;102;18 101;1 625;226;10;6;2;0;0;0;0;0;0;0;0;0;0;0;0;0;0;0;0;0;0;0;0;0;0;0;0;0;0;0;0;0;0;0;0;0;0;0;0;0;19 119 242;17 605 919;2 421 243;484 248;48 424;907 920;54;21;263 980;268 922;1 260;6 203;252;25;8;4;2;2;0;0;0;0;0;0;3 458 323;3 512 136;3 165 216;2 905 066;1 317;0;300 112;1 230 549;2 476 164;1 787 352;1 228;521 999;104 772;2 525;0;0;0;0;0;0;0;0;246 596;22 002;40 800;0;0;0;0;0;700 000;10 000;548;1 092 187;18;128;280 073;1 075 618;2;1;6 635;5;6 354;2;0;0;0;0;0;0;944 870;4;1 997;2;0;0;0;0;0;0;52;1;0;0;301 319;6;0;0;0;0;0;0;0;0;336;2;0;0;0;0;17 291;9;313;2;51 574;15;31 504;34;5 707;1;0;0;4 785;3;154 492;18;636;8;1 527;4;1 492;2;0;0;37 297;36;0;0;0;0;0;0;147;2;0;0;24 683 853;3 167;226 331;23;2 534;1;0;0;0;0;0;0;0;0;0;0;0;0;0;0;0;0;0;0;0;0;0;0;0;0;0;0;0;0;0;0;111 144;28;0;0;0;0;668 412;9;0;0;63 492;8;0;0;0;0;0;0;3 305 487;17;15 510;3;777 261;9;0;0;0;0;905 126;65;22 701;12;278 653;154;263;1;0;0;0;0;520 099;19;698 501;44;541 223;29;242;2;21 005;87;0;0;633 146;10;0;0;8 488;1;10 846;5;211 985;6;0;0;0;0;48 404;5;23 006;3;19 025;8;0;0;0;0;0;0;85;1;280;1;0;0;0;0;0;0;0;0;0;0;0;0;0;0;7 086;24;0;0;7 235;2;0;0;38 368;72;0;0;37 902;4;9 482;6;2 253;2;2 094;5;0;0;0;0;0;0;0;0;0;0;0;0;0;0;0;0;0;0;0;0;0;1;0;3
город Москва;123 793 467 965;7 470 553 505;160 536 295 754;8 712 940 245;117 186 655 759;8 033 101 992;155 248 915 705;8 556 174 019;71 194 768;14 030 642;4 227 711 226;901 753 449;35 345 137;3 289 679;8 046 964 424;2 083 493 203;10 512;5 964 516 310;1 292 195 527;1 185 853 352;119 246 285;5 207 080;199 488 017;19 613 000;80 638 153;3 278 552;7 646 550;345 151;416 698 640;6 691 154;154;1 333;2 998;6;11 138;1;1 805 539;3 070 054 117;2 911 623 825;243 878;28 899;88 181;37 172;223 920;346;187 120 802;905 154;165 496 804;724 789;23 006 170;180 365;4 601 233;36 074;460 126;3 609;1 382 171;0;974;30;60;0;0;0;0;0;0;0;0;0;0;0;0;0;0;0;0;0;0;0;0;0;0;0;0;0;0;0;0;0;0;0;0;0;0;0;0;0;0;4 670 878;3 540 622;1 130 308;226 061;22 606;52;14;2;695 980 395;588 158 678;65 223 221;8 546 987;13 044 647;1 305 736;1 376;280;3 293;3 277;0;247 075;0;0;247 075;1;2 835 782 676;2 779 221 934;3 053 520 444;2 736 835 942;41 507 090;33 664 493;402 293 021;1 192 188 258;971 898 400;626 054 242;5 525 947;151 288 409;31 224 207;29 151 910;773 758;3 807 675;63 985 555;102 982 957;40 652 558;6 241 075;128 917 409;11 412 381;33 375 119;12 123 310;9 744 273;8 355 143;12 148 026;223 156;1 377 977;1 308 542;65 533 205;43 761 198;37 199 473;22 984 623;296;1 825;113 605 719;454 992 394;26 236;9;1 617 531;13;5 122;9;0;0;158 287;15;0;0;232 988 859;15;40 380 023;15;0;0;0;0;0;0;4 868 200;7;2 481;4;49 771 260;78;8 171;2;0;0;0;0;1 071 576;2;3 398 605;163;74 151 928;6;28 189 246;3;1 797 996;69;1 040 740;96;10 871 835;209;7 227 703;395;11 592 042;34;618 578;35;33 368 772;89;35 376 159;1 057;3 601 851;361;1 273 650;218;6 305 884;39;209 183;48;10 450 836;760;214;1;0;0;61 039;2;469 830;31;3 666 785;22;2 012 060 856;85 613;48 878 783;256;0;0;7 322;4;0;0;143 100 314;88;8 023;9;2 665 811;5;740 382;3;2 464 999;6;0;0;5 699 803 267;1;61 249;1;0;0;2 060 670;2;317;1;6 043 661;1;38 331;1;16 367 884;429;1 966 748;29;282 227;2;122 105 350;103;12 415;2;1 595 556;57;48 310;4;2 716 440;6;5 000;1;33 139 267;77;673 839 232;10;360 496;51;1 579 324;3;46 140;1;52 454 653;1 216;6 354 429;55;85 815 069;1 060;13 073;13;87 283;8;1 265;1;125 979 309;161;19 272 781;159;2 776 850;44;457 921;16;11 812 687;187;17 435;3;11 276 386;83;0;0;73 423;83;2 691 459;327;412 716;50;1 153 591;1;468 082;1;22 291 031;49;23 878;12;4 251 029;34;19 494 173;1;216 490;2;210 590;2;1 551 815;33;1 799 093;11;95 427;3;5 866;2;0;0;0;0;0;0;0;0;0;0;860 377;65;36 892;2;11 952;4;0;0;4 262 545;65;0;0;128 782 115;29;632 634;15;271 926;2;36 869;7;15 390;3;25 219;1;126 746 754;98 410;1 005 511 095;4 286 862;46 216 722;0;17 527 368;0;28 701 755;571 046;571 046;5 686 845;114 209;7 697 938;0;2 405 628;0;2 338;211;524
город Санкт-Петербург;19 193 226 781;1 847 332 278;16 357 547 328;193 000 533;18 392 210 733;1 931 938 733;15 801 497 823;268 224 930;7 132 539;2 401 399;270 097 124;13 475 625;2 524 689;186 838;1 096 489 764;382 153 068;3 214;714 336 707;170 817 471;138 030 826;14 151 958;453 715;27 686 382;2 829 268;9 823 252;345 997;990 867;35 153;76 430 611;4 399 321;45;134 591;302 828;8;0;0;49 850;593 657 827;432 116 030;100 699;11 111;28 789;14 684;47 992;151;45 233 772;369 202;39 265 674;316 317;6 051 253;52 885;1 210 251;10 577;121 025;1 058;88 092;0;1 225;13;24;0;0;0;0;0;0;0;0;0;0;0;0;0;0;0;0;0;0;0;0;0;0;0;0;0;0;0;0;0;0;0;0;0;0;0;0;0;0;1 814 172;1 699 086;292 403;58 478;5 848;177 317;11;3;70 637 303;65 374 926;4 192 467;598 671;838 493;83 849;218;29;234;27;37 473 547;38 722 487;0;0;1 248 940;2;515 463 586;515 389 708;181 955 761;161 539 199;20 182 853;19 144 604;25 795 777;265 179 288;14 820 777;41 883 117;474 293;8 511 686;159 329;311 854;0;1 759 138;78 320 131;53 947 717;1 600;0;9 396 836;13 544;12 471 859;14 510;3 821 658;95 376;203 967;930 546;262 211;0;5 476 920;2 083 411;1 816 057;4 304 090;141;792;7 964 318;40 646 555;6 045;3;27 714;4;7 893;1;0;0;73 047;6;0;0;1 694 357;9;14 789 850;4;0;0;0;0;0;0;18 285;1;0;0;4 653 142;25;0;0;0;0;0;0;22 822;1;86 319;34;2 641;2;0;0;399 526;29;104 350;33;3 164 106;90;468 308;170;33 543;12;9 048;7;800 904;15;2 874 479;309;89 979;71;678 991;70;79 836;21;97 475;23;1 057 866;270;0;0;0;0;274;1;34 802;8;79 732;4;245 211 521;29 958;40 150 634;101;0;0;3;3;10 386 299;1;257 932;1;0;0;10 764 477;25;272 137;3;7 388 851;5;0;0;0;0;0;0;0;0;0;0;9 729;1;0;0;0;0;2 413 362;94;44 856;11;55 752;3;22 214 929;50;0;0;1 684 253;22;10 520;3;1 047 036;2;0;0;13 959 893;52;13 243 593;6;67 170;16;0;0;0;0;4 541 822;286;151 764;16;4 929 840;315;1 048;3;3 350;1;0;0;4 461 187;27;10 788 053;237;137 794;19;201 347;7;953 599;82;48 000;1;199 347;16;2;1;67 108;12;789 443;55;110 807;24;0;0;0;0;172 156;11;0;0;675 759;8;0;0;0;0;337;1;346 557;6;33 373;6;58 981;3;5 616;2;0;0;0;0;0;0;0;0;0;0;715 368;27;0;0;130 295;19;0;0;727 790;94;0;0;467 866;6;25 227;9;18 010;6;36 097;6;183;1;0;0;24 776 817;40 150;70 843 742;419 228;12 516 824;0;579 107;0;11 937 717;0;0;2 387 544;0;3 581 630;0;67 628;0;348;35;62
Еврейская автономная область;11 434 776;3 026 337;7 418 439;174 418;11 694 247;3 516 840;4 805 844;224 113;107 008;251;861;0;0;0;2 459 271;2 066 631;15;392 640;539 945;78 528;7 853;0;18 446;1 858;8 959;348;895;35;413 326;0;0;0;0;0;0;0;0;15 684 256;1 059 994;336;107;256;81;217;86;98 001;0;86 272;0;11 729;0;2 346;0;235;0;0;0;6;0;0;0;0;0;0;0;0;0;0;0;0;0;0;0;0;0;0;0;0;0;0;0;0;0;0;0;0;0;0;0;0;0;0;0;0;0;0;0;0;196 731;103 566;93 168;18 633;1 863;3;7;1;98 540;98 540;0;0;0;0;1;0;0;0;0;0;0;0;0;0;0;0;0;0;0;0;0;1 357;4 260;0;0;0;0;0;0;0;0;0;0;0;0;0;0;0;0;0;0;0;0;0;0;0;0;4 270;2;3;1 026;0;0;0;0;0;0;0;0;0;0;0;0;0;0;0;0;0;0;0;0;0;0;0;0;0;0;0;0;0;0;0;0;0;0;0;0;0;0;0;0;0;0;0;0;0;0;0;0;0;0;0;0;0;0;0;0;0;0;0;0;0;0;0;0;0;0;0;0;0;0;0;0;0;0;0;0;0;0;0;1 143 708;108;0;0;0;0;0;0;0;0;0;0;0;0;0;0;0;0;0;0;0;0;0;0;0;0;0;0;0;0;0;0;0;0;0;0;1 948;4;833 942;1;0;0;0;0;0;0;0;0;0;0;0;0;0;0;0;0;0;0;130 534;5;0;0;0;0;16 356;15;90;1;8 562;14;17 833;1;0;0;0;0;5 662;4;27 834;4;5 026;5;0;0;1 901;4;0;0;18 481;1;0;0;1 002;4;1 284;3;1 177;1;0;0;0;0;0;0;0;0;1 296;1;0;0;0;0;0;0;0;0;0;0;0;0;0;0;0;0;0;0;0;0;0;0;0;0;757;4;0;0;0;0;0;0;141;1;0;0;0;0;0;0;0;0;0;0;0;0;0;0;0;0;0;0;0;0;0;0;0;0;0;0;0;0;0;0;0;0;0;0
Ненецкий АО;87 467 375;6 186 774;54 603 908;1 060 083;79 888 873;9 033 042;50 051 800;1 195 172;9 827;124;100 000;369 017;1 623;0;12 038 814;11 221 828;16;816 986;3 350 250;163 397;16 340;0;39 107;3 911;19 958;327;1 996;33;2 244 366;0;0;0;0;0;0;0;0;52 691 091;9 734 772;131;45;27;32;12;138;17 772;0;18 139;0;1;0;0;0;0;0;367;0;2;0;1;0;0;0;0;0;0;0;0;0;0;0;0;0;0;0;0;0;0;0;0;0;0;0;0;0;0;0;0;0;0;0;0;0;0;0;0;0;0;80 778;77 376;3 402;680;68;0;1;0;3 432 714;3 088 949;436 949;93 184;87 390;8 739;6;2;8;1;0;0;0;0;0;0;0;0;0;0;0;0;0;182 487;10;3;0;0;0;3;0;0;0;0;0;0;0;0;0;0;0;0;0;0;0;0;0;0;0;3 025;1;9;457 532;5 651 627;0;0;0;0;0;0;0;0;0;0;0;0;498 948;2;0;0;0;0;0;0;0;0;0;0;0;0;15;1;0;0;0;0;0;0;0;0;0;0;0;0;0;0;29;2;0;0;77;2;6 358;8;0;0;0;0;0;0;13 377;2;0;0;123;1;0;0;858;1;8 141;8;0;0;0;0;0;0;0;0;0;0;5 358 637;72;2 357 181;2;0;0;0;0;0;0;0;0;0;0;0;0;0;0;0;0;0;0;0;0;0;0;0;0;0;0;0;0;0;0;0;0;0;0;0;0;0;0;107 900;1;0;0;0;0;0;0;0;0;0;0;0;0;0;0;0;0;0;0;0;0;293;1;0;0;231 973;8;0;0;0;0;0;0;0;0;123 294;2;0;0;0;0;17 580;1;0;0;28 104;1;0;0;0;0;0;0;0;0;0;0;0;0;0;0;0;0;0;0;0;0;0;0;0;0;0;0;0;0;0;0;0;0;0;0;0;0;0;0;0;0;0;0;0;0;0;0;0;0;0;0;0;0;0;0;95 888;2;0;0;0;0;0;0;0;0;0;0;0;0;0;0;0;0;0;0;0;0;0;0;0;0;0;0;0;0;0;0
Ханты-Мансийский АО - Югра;3 033 325 951;1 494 699 983;304 221 910;484 446 044;2 692 989 832;1 324 609 696;238 107 687;815 898 616;599 139;274 351;34 868 601;11 341 716;151 390;0;372 480 261;24 960 377;365;347 519 885;172 411 275;60 677 570;6 946 106;198 443;6 800 903;729 083;2 037 623;19 162;218 419;1 824;4 992 076;8 830 282;38;0;0;0;0;0;0;86 757 704;258 307 792;7 185;1 071;3 635;1 008;4 534;51;4 107 488;20 331;3 610 103;19 375;409 728;988;81 947;197;8 196;20;12 220;32;162;7;5;1;0;0;0;0;0;0;0;0;0;0;0;0;0;0;0;0;0;0;0;0;0;0;0;0;0;0;0;0;0;0;0;0;0;0;0;0;0;281 228;233 382;49 648;9 930;993;1 802;3;1;114 171 548;101 441 067;15 104 840;3 680 568;2 527 057;302 097;30;14;28;13;0;0;0;0;0;0;14 495 973;13 996 893;21 953 987;21 894 431;0;0;870 892;156 889 177;21 703 290;13 792 707;223 989;3 428 700;110 441;2;0;0;0;0;0;0;0;0;16 526 801;0;0;0;0;0;2 186;0;192 006;0;0;237 291;7;216;9 869 200;84 641 064;14 361;3;0;0;0;0;164;1;0;0;0;0;316 646 912;15;428 149;2;0;0;0;0;0;0;590 223;3;22 588;1;3 792 972;4;0;0;0;0;0;0;61 587;1;4 191;2;0;0;1 824 648;2;58 796;21;188 917;11;27 914;20;765 821;64;196 776;9;455 408;2;1 845 922;26;589 738;57;45 162;35;152 186;15;10 688;11;32 813;10;618 968;63;0;0;0;0;0;0;5 842;1;24 848;2;265 777 579;3 631;1 313 480;17;0;0;0;1;0;0;0;0;0;0;0;0;0;0;0;0;0;0;0;0;0;0;0;0;0;0;0;0;0;0;0;0;209 074;36;10 799;2;0;0;2 433 334;10;0;0;2 745;2;0;0;0;0;0;0;12 085 299;24;0;0;11 642;2;0;0;0;0;2 210 492;122;1 701;6;8 493 452;145;0;0;0;0;17 181;1;4 710 771;11;3 234 006;44;597 935;28;69 000;7;42 901;53;0;0;166 139;4;0;0;1 145;1;6 976;2;417 473;19;0;0;0;0;124 137;9;253 450;1;4 945;2;0;0;45;1;0;0;0;0;0;0;0;0;219;1;0;0;0;0;0;0;0;0;0;0;9 199;14;0;0;5 783 934;5;0;0;73 578;12;0;0;234 965;5;8 701;1;3 338;1;3 995;2;152;1;0;0;372 218;7 664;0;0;0;0;0;0;0;0;0;0;0;0;0;0;0;2;1;2
Чукотский АО;116 983 195;9 641 048;28 525 745;6 385 459;72 712 869;18 497 714;26 346 932;865 454;18 698;37 952;1 736;0;658;232;46 465 443;7 955 026;19;38 510 417;3 298 941;7 702 083;770 208;0;224 950;22 495;408 424;1 135;40 843;113;1 591 005;0;0;0;0;0;0;0;0;5 887 429;30 679 759;150;44;25;13;23;199;1 128;20 020;1 128;14 555;0;5 465;0;1 093;0;109;0;0;1;1;0;0;0;883 337;0;858 963;0;6 824;0;0;0;1 365;0;136;0;347 058;0;6;0;3;0;0;0;0;0;0;0;0;0;0;0;0;0;0;0;0;0;0;0;0;0;0;0;0;0;0;0;790 894;624 699;166 195;0;33 239;3 324;2;0;2;1;0;0;0;0;0;0;0;0;0;0;0;0;0;7 812;10 964;16 636 914;8;0;0;0;0;0;0;0;0;0;20 181 794;0;0;0;0;0;0;0;0;0;0;0;0;0;0;7;156 468;358 890;0;0;0;0;0;0;0;0;0;0;0;0;682 236;2;0;0;0;0;0;0;0;0;0;0;0;0;0;0;0;0;0;0;0;0;0;0;601;1;0;0;0;0;7 209;2;0;0;0;0;13 373;3;0;0;0;0;208;1;0;0;0;0;0;0;1 815;1;0;0;10 535;3;0;0;0;0;0;0;1 088;1;6 476;1;3 206 484;125;1 194 438;4;0;0;0;0;0;0;0;0;0;0;0;0;0;0;0;0;0;0;0;0;0;0;0;0;0;0;0;0;0;0;0;0;8 522;24;0;0;0;0;0;0;0;0;0;0;0;0;0;0;0;0;2 187 352;7;1 206;1;0;0;0;0;0;0;9 906;10;0;0;39 886;18;0;0;0;0;0;0;266 639;3;572 215;16;13 732;12;566;1;409;1;0;0;9 435;4;0;0;1 107;1;0;0;21 125;2;0;0;0;0;15 434;3;11 732;1;352;1;0;0;0;0;0;0;0;0;0;0;0;0;0;0;0;0;0;0;0;0;0;0;0;0;0;0;0;0;0;0;0;0;2 825;1;0;0;46 510;1;5;1;0;0;0;0;0;0;0;0;0;0;0;0;0;0;0;0;0;0;0;0;0;0;0;0;0;0;0;0
Ямало-Hенецкий АО;908 238 933;169 793 179;582 779 906;16 586 541;712 070 643;170 732 839;374 338 877;53 099 903;367 940;524 192;115 453 025;0;6 870;23 375;289 525 354;157 567 630;108;131 958 029;36 952 203;22 907 927;2 639 159;139;3 441 408;387 096;788 476;21 641;79 807;2 163;31 513 526;3 483 679;6;0;0;0;0;0;0;423 066 292;93 654 126;1 562;391;918;314;725;18;1 318 215;747;1 026 665;747;293 859;0;58 772;0;5 877;0;1 752;0;46;1;1;0;0;0;0;0;0;0;0;0;0;0;0;0;0;0;0;0;0;0;0;0;0;0;0;0;0;0;0;0;0;0;0;0;0;0;0;0;0;2 154;2 313;0;0;0;159;2;1;100 679 991;99 452 377;2 033 306;1 246 721;406 661;40 667;35;10;47;4;0;16 197;0;0;16 197;1;89 101;88 557;11 362 009;11 387 318;0;0;1 013;35 890 831;734 593;45 828 733;5 101 642;2 216 344;0;0;0;0;0;0;0;0;0;512 028;46 390 170;0;0;0;0;0;0;0;6 824 159;0;0;0;0;55;6 601 657;29 593 219;0;0;0;0;0;0;0;0;0;0;0;0;6 183 254;4;159 740;1;0;0;0;0;0;0;3 133;3;0;0;0;0;0;0;0;0;0;0;13 707;1;4 862;1;0;0;0;0;588 382;10;11 546;1;109 901;5;72 552;23;23 222;6;0;0;239 359;8;295 875;21;4 939;8;64 759;12;82 592;5;28 435;11;123 186;22;0;0;0;0;0;0;0;0;0;0;116 998 918;904;91 158;4;0;0;0;0;0;0;0;0;0;0;0;0;0;0;0;0;0;0;0;0;0;0;0;0;0;0;0;0;266 751;1;0;0;20 549;14;5 366;1;0;0;1 616 251;5;0;0;0;0;0;0;0;0;0;0;2 008 421;6;9 364 225;3;612 602;1;0;0;0;0;657 578;19;68 454;42;71 706;105;0;0;0;0;0;0;668 488;6;8 622 807;18;149 348;8;1 436;1;58 771;29;0;0;5 162;1;0;0;0;0;0;0;1 101 483;9;0;0;0;0;183;1;2 552;1;0;0;0;0;0;0;0;0;82 867;1;0;0;44 250;2;0;0;0;0;0;0;0;0;0;0;0;0;2 927;5;0;0;6 838 343;19;0;0;105;1;0;0;15 308;1;1 137;1;0;0;0;0;0;0;0;0;214 352;0;3 127 008;0;0;0;0;0;0;0;0;0;0;0;0;0;0;15;1;5
Республика Крым;362 552 831;35 567 477;110 940 272;4 978 462;357 846 847;40 919 834;66 659 374;4 736 487;127 065;60 780;299 539;0;11 295;589;48 816 834;9 904 090;172;38 912 745;5 031 491;7 781 858;778 255;146;4 670 386;467 116;458 710;4 257;45 455;425;1 980 818;0;0;0;0;0;0;0;0;6 841 103;9 006 697;5 862;481;5 521;1 030;1 203;412;1 333 520;4 590;1 178 916;2 412;119 939;2 179;23 988;436;2 399;43;379;0;34;6;2;0;0;0;0;0;0;0;0;0;0;0;0;0;0;0;0;0;0;0;0;74 634 281;0;66 015 029;0;9 581 590;0;0;190 836;0;1 725 479;0;191 639;0;972 154;0;354;0;33;9 916 819;9 057 248;1 321 290;264 258;26 426;461 719;23;1;1 061 295;991 606;42 897;4 993;8 579;858;35;5;27;4;0;0;0;0;0;0;109 698;109 800;14 673 125;14 022 496;0;0;33 269;271 561;24 987;3 128;1 683;0;0;0;0;0;0;0;0;0;0;0;0;0;0;0;0;0;0;0;0;0;0;0;0;53;146 842;641 838;8 000;1;2 412;2;0;0;0;0;0;0;8 173;1;0;0;0;0;0;0;0;0;0;0;0;0;0;0;0;0;0;0;0;0;0;0;0;0;1 211;2;0;0;0;0;0;0;0;0;8 178;2;9 453;2;0;0;0;0;0;0;0;0;0;0;0;0;0;0;0;0;8 402;3;0;0;0;0;0;0;402;1;0;0;16 479 173;2 365;450 645;8;0;0;0;0;0;0;0;0;0;0;0;0;0;0;0;0;0;0;0;0;0;0;0;0;0;0;0;0;0;0;0;0;184 184;15;3 572;3;435 000;1;1 409 711;6;0;0;830;1;0;0;0;0;0;0;2 481 283;10;1 547 050;4;80 062;21;0;0;0;0;426 450;167;3 977 354;40;83 638;58;1 012;3;3 839;1;0;0;464 391;29;3 033 946;118;1 837 163;168;2 276;2;241 376;41;0;0;313 264;12;0;0;7 238;1;3 705;9;52 537;15;0;0;0;0;53 581;5;14 420;2;2 733;6;0;0;0;0;0;0;84 130;1;739;1;0;0;141 881;1;0;0;0;0;0;0;0;0;0;0;79 510;20;0;0;165 467;19;0;0;605 513;61;0;0;740 237;10;494;2;0;0;2 985;1;0;0;0;0;0;0;0;0;0;0;0;0;0;0;0;0;0;0;0;0;0;0;0;0
город Севастополь;98 329 051;1 383 429;11 777 343;3 509 153;94 016 881;1 949 085;10 228 865;3 368 681;122 257;25 345;51 738;0;28 977;1;5 945 621;1 796 597;63;4 149 024;399 840;829 805;82 981;3 975;153 117;15 553;92 591;2 379;9 432;238;359 319;0;0;0;0;0;0;0;0;465 174;605 385;2 019;137;1 207;278;257;49;492 614;0;506 981;0;2 658;0;532;0;53;0;17 025;0;7;0;2;0;0;0;0;0;0;0;0;0;0;0;0;0;0;0;0;0;0;0;0;17 420 568;0;15 280 072;0;2 275 094;0;0;45 501;0;409 518;0;45 501;0;134 598;0;114;0;6;0;0;0;0;0;0;0;0;3 497 636;3 143 203;354 433;0;70 887;7 089;5;0;2;0;0;0;0;0;0;0;30 567;25 902;110 357;66 932;0;0;43 431;42 060;55 522;80;1 035;0;0;0;0;0;0;0;0;0;0;0;0;0;0;0;0;0;0;0;0;0;0;0;0;15;4 966;9 387;0;0;549;1;0;0;0;0;0;0;0;0;0;0;0;0;0;0;0;0;0;0;0;0;0;0;0;0;0;0;0;0;0;0;0;0;0;0;0;0;0;0;0;0;0;0;0;0;0;0;0;0;0;0;0;0;0;0;0;0;0;0;0;0;0;0;0;0;0;0;0;0;0;0;0;0;0;0;1 294 172;759;439;1;0;0;0;0;0;0;0;0;0;0;0;0;0;0;0;0;0;0;0;0;0;0;0;0;0;0;0;0;0;0;0;0;11 176;6;0;0;0;0;0;0;0;0;0;0;0;0;0;0;0;0;747 914;3;0;0;74 934;1;0;0;0;0;461 606;14;23 996;4;132 428;19;300;1;1 830;1;0;0;187 082;4;317 374;5;2 289 058;2;32 457;1;7 556;2;0;0;1 988;2;0;0;42;1;1 547;3;0;0;500;1;0;0;0;0;9 628;1;0;0;0;0;0;0;0;0;0;0;0;0;0;0;0;0;0;0;0;0;0;0;0;0;0;0;7 712;1;0;0;16 596;1;0;0;1 400;1;0;0;20 149;1;0;0;0;0;844;1;0;0;0;0;0;0;0;0;0;0;0;0;0;0;0;0;0;0;0;0;0;0;0;0
