GA;GB;G1;G2;G3;G4;G5;G6;G7;G8;G9;G10;G11;G12;G13;G14;G15;G16;G17;G18;G19;G20;G21;G22;G23;G24;G25;G26;G27;G28;G29;G30;G31;G32;G33;G34;G35;G36;G37;G38;G39;G40;G41;G42;G43;G44;G45;G46;G47;G48;G49;G50;G51;G52;G53;G54;G55;G56;G57;G58;G59;G60;G61;G62;G63;G64;G65;G66;G67;G68;G69;G70;G71;G72;G73;G74;G75;G76;G77;G78;G79;G80;G81;G82;G83;G84;G85;G86;G87;G88;G89;G90;G91;G92;G93;G94;G95;G96;G97;G98;G99;G100;G101;G102;G103;G104;G105;G106;G107;G108;G109;G110;G111;G112;G113;G114;G115;G116;G117;G118;G119;G120;G121;G122;G123;G124;G125;G126;G127;G128;G129;G130;G131;G132;G133;G134;G135;G136;G137;G138;G139;G140;G141;G142;G143;G144;G145;G146;G147;G148;G149;G150;G151;G152;G153;G154;G155;G156;G157;G158;G159;G160;G161;G162;G163;G164;G165;G166;G167;G168;G169;G170;G171;G172;G173;G174;G175;G176;G177;G178;G179;G180;G181;G182;G183;G184;G185;G186;G187;G188;G189;G190;G191;G192;G193;G194;G195;G196;G197;G198;G199;G200;G201;G202;G203;G204;G205;G206;G207;G208;G209;G210;G211;G212;G213;G214;G215;G216;G217;G218;G219;G220;G221;G222;G223;G224;G225;G226;G227;G228;G229;G230;G231;G232;G233;G234;G235;G236;G237;G238;G239;G240;G241;G242;G243;G244;G245;G246;G247;G248;G249;G250;G251;G252;G253;G254;G255;G256;G257;G258;G259;G260;G261;G262;G263;G264;G265;G266;G267;G268;G269;G270;G271;G272;G273;G274;G275;G276;G277;G278;G279;G280;G281;G282;G283;G284;G285;G286;G287;G288;G289;G290;G291;G292;G293;G294;G295;G296;G297;G298;G299;G300;G301;G302;G303;G304;G305;G306;G307;G308;G309;G310;G311;G312;G313;G314;G315;G316;G317;G318;G319;G320;G321;G322;G323;G324;G325;G326;G327;G328;G329;G330;G331;G332;G333;G334;G335;G336;G337;G338;G339;G340;G341;G342;G343;G344;G345;G346;G347;G348;G349;G350;G351;G352;G353;G354;G355;G356;G357;G358;G359;G360;G361;G362;G363;G364;G365;G366;G367;G368;G369;G370;G371;G372;G373;G374;G375;G376;G377;G378;G379;G380;G381;G382;G383;G384;G385;G386;G387;G388;G389;G390;G391;G392;G393;G394;G395;G396;G397;G398;G399;G400;G401;G402;G403;G404;G405;G406;G407;G408;G409;G410;G411;G412;G413;G414;G415;G416;G417;G418;G419;G420;G421;G422;G423;G424;G425;G426;G427;G428;G429;G430;G431;G432;G433;G434;G435;G436;G437;G438;G439;G440;G441;G442;G443;G444;G445;G446;G447;G448;G449;G450;G451;G452;G453;G454;G455;G456;G457;G458;G459;G460;G461;G462;G463;G464;G465;G466;G467;G468;G469;G470;G471;G472;G473;G474;G475;G476;G477;G478;G479;G480;G481;G482;G483;G484;G485;G486;G487;G488;G489;G490;G491;G492;G493;G494;G495;G496;G497;G498;G499;G500;G501;G502;G503;G504;G505;G506;G507;G508;G509;G510;G511;G512;G513;G514;G515;G516;G517;G518
Республика Адыгея;79 535 948;3 373 148;5 472 937;402 083;74 859 496;3 575 083;6 038 851;1 020 314;38 394;1 173;566;22;0;0;4 148 366;246 703;27;3 901 664;819 015;780 332;117 000;0;0;0;0;135 618;20 209;43 930;3 673;6 590;553;49 341;0;0;0;0;0;0;0;0;49 341;0;0;0;0;0;762;97;586;161;0;39 329;80 872;673 267;25 233;78 907;594 853;14 096;5 669;81 121;2 819;1 134;16 224;423;170;2 434;0;3 704;2 708;19;4;8;0;1;1;0;0;0;0;0;0;0;0;0;0;0;0;0;0;0;0;0;0;0;0;0;0;0;0;0;0;0;0;0;0;0;0;0;0;0;0;0;0;0;0;0;0;0;0;0;0;0;0;0;0;0;0;0;0;0;0;0;0;18 118;0;0;13 450;0;0;4 668;0;0;140;0;0;0;0;0;0;0;0;1 653 881;0;1 213 246;0;443 044;0;88 609;0;13 291;0;2 409;0;9;0;2;0;4 391 726;4 122 340;58 381;211 006;0;42 201;6 330;2;0;2;0;0;0;0;0;0;0;0;0;0;0;0;0;0;0;379 001;232 643;0;106 358;40 000;0;0;0;40 000;0;0;0;0;0;0;0;0;0;0;0;0;0;0;0;0;0;0;0;0;0;40 000;0;88 363;0;0;0;0;0;0;13;27 154;87 203;0;0;0;0;0;0;0;0;0;0;0;0;0;0;0;0;0;0;0;0;0;0;0;0;0;0;0;0;0;0;0;0;0;0;0;0;0;0;0;0;0;0;0;0;0;0;0;0;0;0;0;0;0;0;0;0;0;0;0;0;0;0;0;0;0;982;1;0;0;252;2;31;1;0;0;201;1;2 847;2;0;0;0;0;0;0;0;0;799;1;0;0;0;0;0;0;0;0;0;0;0;0;2 111 264;370;70 528;1;0;0;0;0;0;0;0;0;0;0;0;0;0;0;0;0;0;0;0;0;0;0;0;0;0;0;0;0;0;0;0;0;0;0;0;0;0;0;0;0;0;0;0;0;0;0;0;0;0;0;0;0;0;0;0;0;0;0;0;0;0;0;0;0;0;0;0;0;0;0;0;0;0;0;0;0;0;0;0;0;0;0;0;0;0;0;0;0;0;0;0;0;0;0;0;0;0;0;0;0;0;0;0;0;0;0;0;0;0;0;0;0;0;0;0;0;0;0;0;0;0;0;0;0;0;0;0;0;0;0;0;0;0;0;0;0;0;0;0;0;0;0;0;0;0;0;0;0;0;0;0;0;0;0;0;0;0;0;0;0;0;0;0;0;0;0;0;0;0;0;0;0;0;0;0;0;0;0;0;0
Республика Башкортостан;2 205 282 640;178 847 330;136 152 549;20 654 079;2 102 389 932;197 019 551;100 025 157;34 261 566;806 671;393 285;21 167 685;4 232 899;119 789;7 897;118 547 468;5 092 183;363;113 455 287;35 627 205;22 321 654;3 403 217;15 739;5 851;9 100;3;3 884 387;583 515;1 612 487;242 374;253 323;36 356;1 018 437;368 355;4;0;0;0;354;0;0;1 402 097;0;0;0;0;0;15 829;2 685;8 128;1 803;0;1 387 469;4 859 049;678 983;1 379 921;4 467 680;645 327;33 645;486 846;47 379;6 730;97 368;9 476;1 008;14 605;1 422;26 229;94 066;13 724;402;81;40;3;16;7;0;0;11 974 749;0;0;10 741 548;0;0;709 210;0;0;35 460;0;0;106 380;0;0;21 275;0;0;68 287;0;0;47;0;0;7;0;0;0;0;0;0;0;0;0;0;0;0;0;0;0;0;0;0;0;0;0;0;0;0;0;0;0;0;0;0;0;15 706;0;0;20 481;0;0;1 299;0;0;39;0;0;6 076;0;0;3;0;0;18 310 111;0;17 744 907;0;1 688 242;0;337 650;0;50 649;0;1 123 038;0;57;0;11;0;23 647;25 980;0;161;2 493;32;5;8;7;5;0;0;0;0;0;0;0;25 512 667;25 574 730;2 209 890;2 433 783;24 964;16 995;8 024;43 106;47 090 237;35 417 500;1 210 765;1 483 149;4 085 319;0;87 671;0;4 082 194;0;87 230;4 123 227;98 429;0;0;0;0;0;0;0;0;0;0;0;45 336;0;0;0;0;0;6 999;0;0;129 874;3;0;0;0;0;203;1 126 270;13 841 537;0;0;3 246;4;4 740;1;0;0;0;0;0;0;0;953 156;9;659 977;7;0;0;0;0;0;0;0;0;0;248 346;3;24 834;0;0;0;16 649;2;2 220;0;0;0;0;0;0;0;0;0;0;51 714;2;21;1;2;0;0;0;0;0;0;0;0;0;0;0;0;0;188 632;19;31 697;13;60 469;27;196 079;66;338;2;474;3;865 767;10;403 984;47;17 263;16;101 185;19;5 464;4;13 392;4;228 596;78;0;0;0;0;0;0;0;0;291 122;3;0;0;53 204 816;5 566;667 826;17;0;0;0;0;0;0;0;0;0;0;0;0;0;0;0;0;0;0;0;0;0;0;0;0;0;0;0;0;0;0;0;0;0;0;0;0;0;0;0;0;0;0;0;0;0;0;0;0;0;0;0;0;0;0;0;0;0;0;0;0;0;0;0;0;0;0;0;0;0;0;0;0;0;0;0;0;0;0;0;0;0;0;0;0;0;0;0;0;0;0;0;0;0;0;0;0;0;0;0;0;0;0;0;0;0;0;0;0;0;0;0;0;0;0;0;0;0;0;0;0;0;0;0;0;0;0;0;0;0;0;0;0;0;0;0;0;0;0;0;0;0;0;0;0;0;0;0;0;0;0;0;0;0;0;0;0;0;0;0;0;0;0;0;0;0;0;0;0;0;0;0;0;0;0;0;0;0;0;0;0
Республика Бурятия;139 443 199;42 469 727;21 089 051;6 979 026;121 408 410;44 345 305;16 861 112;13 214 106;15 834;4 890;597 358;0;9 249;39;21 671 955;840 746;35;20 831 210;8 105 806;4 143 630;624 936;0;0;0;0;1 251 857;188 528;125 258;588;20 702;88;168 149;22 612;2;0;0;0;0;0;0;190 761;0;0;0;0;0;1 609;217;778;460;0;192 516;754 241;366 915;192 476;699 750;366 610;41;57 840;305;8;11 568;61;1;1 735;9;0;3 349;0;113;19;3;0;1;0;0;0;7 228;0;0;6 683;0;0;545;0;0;27;0;0;82;0;0;16;0;0;0;0;0;3;0;0;0;0;0;0;0;0;0;0;0;0;0;0;0;0;0;0;0;0;0;0;0;0;0;0;0;0;0;0;0;0;0;0;5 620;0;0;5 977;0;0;0;0;0;0;0;0;357;0;0;1;0;0;2 091 924;714 231;1 670 284;0;422 242;714 231;84 449;142 846;12 668;21 427;602;0;7;1;3;0;6 240;7 008;0;0;770;0;0;3;3;3;0;0;0;0;0;0;0;0;0;0;0;0;0;0;0;539 735;515 781;143;23 673;0;0;0;0;0;0;0;112 402;0;0;0;0;0;0;0;0;0;0;0;0;0;0;0;0;0;0;0;0;0;0;1;0;0;0;0;25;1 326 785;1 039 757;0;0;0;0;0;0;0;0;0;0;0;0;0;339;1;0;0;0;0;0;0;0;0;0;0;0;1 519;1;152;0;0;0;5;1;1;0;0;0;0;0;0;0;0;0;0;0;0;163;1;16;0;0;0;0;0;0;0;0;0;0;0;0;0;2 955;3;0;0;1 170;6;32 603;6;0;0;0;0;4 098;1;11 668;4;688;4;29 737;2;0;0;0;0;15 076;9;0;0;0;0;0;0;0;0;0;0;0;0;4 207 214;500;2 244 782;7;0;0;0;0;0;0;0;0;0;0;0;0;0;0;0;0;0;0;0;0;0;0;0;0;0;0;0;0;0;0;0;0;0;0;0;0;0;0;0;0;0;0;0;0;0;0;0;0;0;0;0;0;0;0;0;0;0;0;0;0;0;0;0;0;0;0;0;0;0;0;0;0;0;0;0;0;0;0;0;0;0;0;0;0;0;0;0;0;0;0;0;0;0;0;0;0;0;0;0;0;0;0;0;0;0;0;0;0;0;0;0;0;0;0;0;0;0;0;0;0;0;0;0;0;0;0;0;0;0;0;0;0;0;0;0;0;0;0;0;0;0;0;0;0;0;0;0;0;0;0;0;0;0;0;0;0;0;0;0;0;0;0;0;0;0;0;0;0;0;0;0;0;0;0;0;0;0;0;0;0
Республика Алтай;91 817 835;2 626 608;8 981 412;3 328 237;84 370 218;3 173 865;4 446 688;1 257 638;41 449;739;4 972 710;2 882 992;5 660;0;7 051 977;758 191;17;6 293 786;1 358 911;1 187 085;188 814;0;0;0;0;130 623;21 568;83 261;2 189;14 738;331;151 638;71 677;48;0;0;0;0;0;0;223 315;0;0;0;0;0;523;75;709;90;0;0;71 674;0;0;63 924;0;0;7 750;0;0;1 550;0;0;233;0;0;0;0;0;2;0;0;0;0;0;0;0;0;0;0;0;0;0;0;0;0;0;0;0;0;0;0;0;0;0;0;0;0;0;0;0;0;0;0;0;0;0;0;0;0;0;0;0;0;0;0;0;0;0;0;0;0;0;0;0;0;0;0;0;0;0;0;0;0;0;0;0;0;0;0;0;0;0;0;0;0;0;0;0;0;63 006;0;26 483;0;36 523;0;7 305;0;1 096;0;0;0;3;0;0;0;0;0;0;0;0;0;0;0;0;4;0;0;0;0;0;0;0;2 682 081;2 230 140;178 253;178 287;3 080;0;3 475;0;6 749 794;6 504 581;0;245 213;0;0;0;0;0;0;0;0;0;0;0;0;0;0;0;0;0;0;0;0;0;0;0;0;0;0;0;0;0;0;0;0;0;0;0;5;33;67 072;0;0;0;0;0;0;0;0;0;0;0;0;0;0;0;0;0;0;0;0;0;0;0;0;0;0;0;0;0;0;0;0;0;0;0;0;0;0;0;0;0;0;0;0;0;0;0;0;0;0;0;0;0;0;0;0;0;0;0;0;0;0;0;0;0;0;0;0;0;0;0;0;0;0;0;0;0;167;1;11;1;0;0;0;0;0;0;0;0;0;0;0;0;0;0;0;0;0;0;0;0;2 078 864;216;3 260;4;0;0;0;0;0;0;0;0;0;0;0;0;0;0;0;0;0;0;0;0;0;0;0;0;0;0;0;0;0;0;0;0;0;0;0;0;0;0;0;0;0;0;0;0;0;0;0;0;0;0;0;0;0;0;0;0;0;0;0;0;0;0;0;0;0;0;0;0;0;0;0;0;0;0;0;0;0;0;0;0;0;0;0;0;0;0;0;0;0;0;0;0;0;0;0;0;0;0;0;0;0;0;0;0;0;0;0;0;0;0;0;0;0;0;0;0;0;0;0;0;0;0;0;0;0;0;0;0;0;0;0;0;0;0;0;0;0;0;0;0;0;0;0;0;0;0;0;0;0;0;0;0;0;0;0;0;0;0;0;0;0;0;0;0;0;0;0;0;0;0;0;0;0;0;0;0;0;0;0;0
Республика Дагестан;104 862 112;19 216 021;2 499 565;2 038 067;97 593 961;27 808 733;1 741 868;2 247 227;16 396;1 437 233;1 216;0;0;0;8 041 030;69 752;20;7 971 278;7 364 633;1 593 987;239 135;0;0;0;0;351 932;52 939;60 909;4 540;9 199;681;13 950;269;1;0;0;0;0;0;0;14 219;0;0;0;0;0;1 493;313;1 060;754;0;606 398;588 137;0;454 356;518 418;0;152 042;69 717;0;30 408;13 943;0;4 561;2 092;0;0;0;0;34;29;0;0;0;0;0;0;185 414;0;0;172 434;0;0;12 980;0;0;649;0;0;1 947;0;0;389;0;0;0;0;0;3;0;0;0;0;0;0;0;0;0;0;0;0;0;0;0;0;0;0;0;0;0;0;0;0;0;0;0;0;0;0;0;0;0;0;0;0;0;0;0;0;0;0;0;0;0;0;0;0;0;0;0;0;614 716;0;575 101;0;41 793;0;8 359;0;1 253;0;2 178;0;7;0;2;0;0;0;0;0;0;0;0;0;0;0;0;0;0;0;0;0;0;0;0;0;0;0;0;0;0;13 672;41;0;13 631;0;0;0;0;0;0;0;0;0;0;0;0;0;0;0;0;0;0;0;0;0;0;0;0;0;0;0;0;0;0;0;0;0;0;0;8;7 156;161 161;0;0;59;1;0;0;0;0;0;0;0;0;0;0;0;0;0;0;0;0;0;0;0;0;0;0;0;0;0;0;0;0;0;0;0;0;0;0;0;0;0;0;0;0;0;0;0;0;0;0;0;0;0;0;0;0;0;0;0;0;0;0;0;0;0;0;0;0;0;0;0;0;0;0;0;0;0;0;0;0;0;0;0;0;0;0;0;0;0;0;0;0;0;0;0;0;0;0;0;0;0;3 142 606;512;0;0;0;0;0;0;0;0;0;0;0;0;0;0;0;0;0;0;0;0;0;0;0;0;0;0;0;0;0;0;0;0;0;0;0;0;0;0;0;0;0;0;0;0;0;0;0;0;0;0;0;0;0;0;0;0;0;0;0;0;0;0;0;0;0;0;0;0;0;0;0;0;0;0;0;0;0;0;0;0;0;0;0;0;0;0;0;0;0;0;0;0;0;0;0;0;0;0;0;0;0;0;0;0;0;0;0;0;0;0;0;0;0;0;0;0;0;0;0;0;0;0;0;0;0;0;0;0;0;0;0;0;0;0;0;0;0;0;0;0;0;0;0;0;0;0;0;0;0;0;0;0;0;0;0;0;0;0;0;0;0;0;0;0;0;0;0;0;0;0;0;0;0;0;0;0;0;0;0;0;0;0
Республика Ингушетия;12 071 538;3 576 344;139 503;98 685;11 322 768;4 416 640;219 167;315 976;5 152;0;0;0;0;0;677 502;7 905;1;669 597;1 057 587;133 213;20 088;0;0;0;0;48 976;7 359;10 621;5 121;1 632;768;1 581;652;1;0;0;0;0;0;0;2 233;0;0;0;0;0;380;18;395;104;0;0;564;0;0;470;0;0;94;0;0;19;0;0;3;0;0;0;0;0;1;0;0;0;0;0;0;0;0;0;0;0;0;0;0;0;0;0;0;0;0;0;0;0;0;0;0;0;0;0;0;0;0;0;0;0;0;0;0;0;0;0;0;0;0;0;0;0;0;0;0;0;0;0;0;0;0;0;0;0;0;0;0;0;0;0;0;0;0;0;0;0;0;0;0;0;0;0;0;0;0;1 372 102;0;817 318;0;554 784;0;110 957;0;16 644;0;0;0;2;0;0;0;0;0;0;0;0;0;0;0;0;0;0;0;0;0;0;0;0;0;0;0;0;0;0;0;0;0;0;0;0;0;0;0;0;0;0;0;0;0;0;0;0;0;0;0;0;0;0;0;0;0;0;0;0;0;0;0;0;0;0;0;0;0;0;0;0;0;0;0;0;0;0;0;0;0;0;0;0;0;0;0;0;0;0;0;0;0;0;0;0;0;0;0;0;0;0;0;0;0;0;0;0;0;0;0;0;0;0;0;0;0;0;0;0;0;0;0;0;0;0;0;0;0;0;0;0;0;0;0;0;0;0;0;0;0;0;0;0;0;0;0;0;0;0;0;0;0;0;0;0;0;0;0;0;0;0;0;0;0;0;0;0;0;0;0;0;0;0;0;403 740;40;0;0;0;0;0;0;0;0;0;0;0;0;0;0;0;0;0;0;0;0;0;0;0;0;0;0;0;0;0;0;0;0;0;0;0;0;0;0;0;0;0;0;0;0;0;0;0;0;0;0;0;0;0;0;0;0;0;0;0;0;0;0;0;0;0;0;0;0;0;0;0;0;0;0;0;0;0;0;0;0;0;0;0;0;0;0;0;0;0;0;0;0;0;0;0;0;0;0;0;0;0;0;0;0;0;0;0;0;0;0;0;0;0;0;0;0;0;0;0;0;0;0;0;0;0;0;0;0;0;0;0;0;0;0;0;0;0;0;0;0;0;0;0;0;0;0;0;0;0;0;0;0;0;0;0;0;0;0;0;0;0;0;0;0;0;0;0;0;0;0;0;0;0;0;0;0;0;0;0;0;0;0
Кабардино-Балкарская Республика;70 567 169;10 188 900;2 731 770;1 433 695;68 249 545;11 128 154;2 972 377;1 767 836;18 790;1 025;1;0;0;0;2 096 164;48 976;6;2 047 198;1 272 368;408 856;61 329;19;0;0;0;88 137;13 221;40 759;19 415;6 137;2 912;9 795;0;0;0;0;0;0;0;0;9 795;0;0;0;0;0;770;145;896;326;0;17 229;103 337;750 619;16 166;96 143;479 964;1 167;9 367;274 143;233;1 873;54 829;35;281;8 224;103;2 173;3 486;13;10;26;2;1;3;0;0;0;0;0;0;0;0;0;0;0;0;0;0;0;0;0;0;0;0;0;0;0;0;0;0;0;0;0;0;0;0;0;0;0;0;0;0;0;0;0;0;0;0;0;0;0;0;0;0;0;0;0;0;0;0;0;0;0;0;0;0;0;0;0;0;0;0;0;0;0;0;0;0;0;0;1 538 024;0;1 206 981;0;331 068;0;66 214;0;9 933;0;25;0;17;0;1;0;0;0;0;0;0;0;0;0;0;0;0;0;0;0;0;0;0;1 000;1 000;364 841;364 841;0;0;359;206 704;3 773;1 704;0;2 069;0;0;0;0;0;0;0;0;0;0;0;0;0;0;0;0;0;0;0;0;0;0;0;0;0;0;0;0;0;0;0;0;0;0;0;7;5 407;11 932;1 200;1;0;0;0;0;0;0;0;0;0;0;0;0;0;0;0;0;0;0;0;0;0;0;0;0;0;0;0;0;0;0;0;0;0;0;0;0;0;0;0;0;0;0;0;0;0;0;0;0;0;0;0;0;0;0;0;0;0;0;0;0;0;0;0;0;0;0;0;16;1;0;0;0;0;0;0;0;0;0;0;0;0;0;0;0;0;36;1;0;0;0;0;0;0;0;0;0;0;0;0;1 473 659;331;1 429;1;0;0;0;0;0;0;0;0;0;0;0;0;0;0;0;0;0;0;0;0;0;0;0;0;0;0;0;0;0;0;0;0;0;0;0;0;0;0;0;0;0;0;0;0;0;0;0;0;0;0;0;0;0;0;0;0;0;0;0;0;0;0;0;0;0;0;0;0;0;0;0;0;0;0;0;0;0;0;0;0;0;0;0;0;0;0;0;0;0;0;0;0;0;0;0;0;0;0;0;0;0;0;0;0;0;0;0;0;0;0;0;0;0;0;0;0;0;0;0;0;0;0;0;0;0;0;0;0;0;0;0;0;0;0;0;0;0;0;0;0;0;0;0;0;0;0;0;0;0;0;0;0;0;0;0;0;0;0;0;0;0;0;0;0;0;0;0;0;0;0;0;0;0;0;0;0;0;0;0;0
Республика Калмыкия;11 419 632;2 014 862;640 043;340 313;10 590 491;2 406 971;778 399;212 323;4 883;0;37;7;0;0;695 668;162 217;6;533 451;264 118;106 689;16 003;0;0;0;0;14 970;2 245;4 873;2 918;731;438;32 443;0;0;0;0;0;0;0;0;32 443;0;0;0;0;0;293;45;568;214;0;3 419;65 478;0;3 545;41 723;0;0;23 755;0;0;4 751;0;0;713;0;127;0;0;2;5;0;1;0;0;0;0;0;0;0;0;0;0;0;0;0;0;0;0;0;0;0;0;0;0;0;0;0;0;0;0;0;0;0;0;0;0;0;0;0;0;0;0;0;0;0;0;0;0;0;0;0;0;0;0;0;0;0;0;0;0;0;0;2 894;0;0;2 255;0;0;639;0;0;19;0;0;0;0;0;0;0;0;3 577;0;12 447;0;11;0;2;0;0;0;8 881;0;2;0;1;0;5 475;3 515;0;1 960;0;392;59;2;0;0;0;0;0;0;0;0;0;0;0;0;0;0;0;0;0;90 289;30 289;0;60 000;0;0;0;0;0;0;0;0;0;0;0;0;0;0;0;0;0;0;0;0;0;0;0;0;0;0;0;0;0;0;0;0;0;0;0;2;0;30 523;0;0;0;0;0;0;0;0;0;0;0;0;0;0;0;0;0;0;0;0;0;0;0;0;0;0;0;0;0;0;0;0;0;0;0;0;0;0;0;0;0;0;0;0;0;0;0;0;0;0;0;0;0;0;0;0;0;0;0;0;0;0;0;0;0;0;0;0;0;0;0;0;0;0;0;0;0;0;0;0;0;0;0;0;0;0;0;0;0;0;0;0;0;0;0;0;0;0;0;0;0;880 356;93;0;0;0;0;0;0;0;0;0;0;0;0;0;0;0;0;0;0;0;0;0;0;0;0;0;0;0;0;0;0;0;0;0;0;0;0;0;0;0;0;0;0;0;0;0;0;0;0;0;0;0;0;0;0;0;0;0;0;0;0;0;0;0;0;0;0;0;0;0;0;0;0;0;0;0;0;0;0;0;0;0;0;0;0;0;0;0;0;0;0;0;0;0;0;0;0;0;0;0;0;0;0;0;0;0;0;0;0;0;0;0;0;0;0;0;0;0;0;0;0;0;0;0;0;0;0;0;0;0;0;0;0;0;0;0;0;0;0;0;0;0;0;0;0;0;0;0;0;0;0;0;0;0;0;0;0;0;0;0;0;0;0;0;0;0;0;0;0;0;0;0;0;0;0;0;0;0;0;0;0;0;0
Карачаево-Черкесская Республика;62 097 956;10 706 405;2 126 997;1 037 158;59 585 962;11 242 535;2 635 703;1 456 120;612 809;63;0;0;1 032;228 332;2 615 065;82 046;13;2 533 019;1 183 360;506 043;75 978;0;0;0;0;110 739;16 630;24 682;9 516;3 924;1 427;16 409;337;2;0;207;1;0;0;0;16 953;0;0;0;0;0;508;96;715;141;0;169 144;15 978;41 672;97 461;15 357;39 674;71 683;621;1 998;14 337;124;400;2 150;19;60;0;0;0;5;5;14;0;0;0;0;0;0;0;0;0;0;0;0;0;0;0;0;0;0;0;0;0;0;0;0;0;0;0;0;0;0;0;0;0;0;0;0;0;0;0;0;0;0;0;0;0;0;0;0;0;0;0;0;0;0;0;0;0;0;0;0;0;3 177;0;0;3 177;0;0;0;0;0;0;0;0;0;0;0;0;0;0;1 191 879;0;939 210;0;289 795;0;57 959;0;8 694;0;37 126;0;11;0;1;0;16 481;23 516;0;0;7 034;0;0;1;1;0;0;0;0;0;0;0;0;0;0;0;0;0;0;0;0;2 500;0;0;2 500;0;0;0;0;0;0;0;0;0;0;0;0;0;0;0;0;0;0;0;0;0;0;0;0;0;0;0;0;0;0;0;0;0;0;0;5;1 176;110 364;555;1;645;1;0;0;0;0;0;0;0;0;0;0;0;0;0;0;0;0;0;0;0;0;0;0;0;0;0;0;0;0;0;0;0;0;0;0;0;0;0;0;0;0;0;0;0;0;0;0;0;0;0;0;0;0;0;0;0;0;0;0;0;3 010;1;25 247;2;1;1;1 501;2;0;0;0;0;0;0;961;1;0;0;0;0;0;0;0;0;707;1;0;0;0;0;0;0;0;0;0;0;0;0;2 260 598;227;0;0;0;0;0;0;0;0;0;0;0;0;0;0;0;0;0;0;0;0;0;0;0;0;0;0;0;0;0;0;0;0;0;0;0;0;0;0;0;0;0;0;0;0;0;0;0;0;0;0;0;0;0;0;0;0;0;0;0;0;0;0;0;0;0;0;0;0;0;0;0;0;0;0;0;0;0;0;0;0;0;0;0;0;0;0;0;0;0;0;0;0;0;0;0;0;0;0;0;0;0;0;0;0;0;0;0;0;0;0;0;0;0;0;0;0;0;0;0;0;0;0;0;0;0;0;0;0;0;0;0;0;0;0;0;0;0;0;0;0;0;0;0;0;0;0;0;0;0;0;0;0;0;0;0;0;0;0;0;0;0;0;0;0;0;0;0;0;0;0;0;0;0;0;0;0;0;0;0;0;0;0
Республика Карелия;114 084 151;55 267 463;10 083 326;5 455 030;104 274 893;54 853 187;9 103 638;13 905 160;16 639;60 059;9 546;26 159;709;6 689;10 795 332;511 879;110;10 283 454;8 008 641;1 995 827;308 272;0;0;0;0;467 823;70 906;85 785;7 541;13 179;1 132;102 376;60 484;8;0;0;1;232;0;0;163 092;0;0;0;0;0;1 574;575;652;320;0;13 902;978 088;0;13 853;937 301;0;49;53 204;0;10;10 642;0;1;1 595;0;0;12 418;0;10;32;0;0;6;0;3 936 253;0;1 085 744;5 686 618;0;1 267 859;0;0;160 433;0;0;8 022;0;0;24 065;0;0;4 813;1 750 365;0;342 778;1;0;11;1;0;9;0;0;0;0;0;0;0;0;0;0;0;0;0;0;0;0;0;0;0;0;0;0;0;0;0;0;0;0;0;0;0;0;0;4 444;0;0;3 273;0;0;1 171;0;0;35;0;0;0;0;0;0;2 698 651;0;2 272 807;0;648 160;0;129 632;0;19 446;0;222 316;0;28;0;8;0;38 580;52 709;0;337;14 465;67;10;2;2;0;0;0;0;0;0;0;0;7 231;8 088;0;0;0;0;0;22;20 762 204;19 109 536;9 312;1 149 652;486 873;0;0;0;485 241;0;1 632;0;0;0;0;0;0;0;0;0;0;0;0;0;0;0;0;0;0;0;485 241;0;1 632;14 098;1;0;0;0;0;46;141 344;591 112;1 590;1;160;1;0;0;0;0;0;0;0;0;0;0;0;0;0;0;0;0;0;0;0;0;0;0;0;0;0;0;0;0;0;0;0;0;0;0;0;0;0;0;0;0;0;1 064;1;0;0;0;0;0;0;0;0;0;0;0;0;0;0;0;0;793;2;928;2;6 007;8;8 099;14;0;0;0;0;0;0;8 284;5;35;1;371;1;0;0;823;1;11 626;18;0;0;0;0;0;0;0;0;0;0;0;0;6 661 704;969;106 207;8;0;0;0;0;0;0;0;0;0;0;336 350;1;0;0;0;0;0;0;0;0;0;0;0;0;0;0;0;0;0;0;0;0;0;0;0;0;0;0;0;0;0;0;0;0;0;0;0;0;0;0;0;0;0;0;0;0;0;0;0;0;0;0;0;0;0;0;0;0;0;0;0;0;0;0;0;0;0;0;0;0;0;0;0;0;0;0;0;0;0;0;0;0;0;0;0;0;0;0;0;0;0;0;0;0;0;0;0;0;0;0;0;0;0;0;0;0;0;0;0;0;0;0;0;0;0;0;0;0;0;0;0;0;0;0;0;0;0;0;0;0;0;0;0;0;0;0;0;0;0;0;0;0;0;0;0;0;0;0;0;0;0;0;0;0;0;0;0;0;0;0;0;0;0;0;0;0;0;0;0;0
Республика Коми;224 145 270;63 961 007;29 385 531;10 358 020;195 997 242;67 174 282;145 612 538;18 188 632;75 440;7 884;97 103;357 238;9 227;132;28 890 148;534 783;77;28 355 365;11 393 371;5 670 639;850 595;4 007;0;0;0;971 261;145 692;241 949;10 202;36 295;1 530;106 956;0;0;0;0;0;0;0;0;106 956;0;0;0;0;0;1 476;470;1 078;290;0;212 149;881 980;441 844;194 646;796 259;443 276;19 481;100 596;27 231;3 897;20 121;5 446;584;3 019;817;1 979;17 578;28 663;134;30;49;5;2;2;0;0;22 240;0;0;19 294;0;0;2 947;0;0;0;0;0;589;0;0;88;0;0;0;0;0;2;0;0;0;0;0;0;0;0;0;0;0;0;0;0;0;0;0;0;0;0;0;0;0;0;0;0;0;0;0;0;0;0;0;0;252 924;0;13 168;233 088;0;12 336;19 835;0;832;595;0;25;0;0;0;0;0;0;0;0;0;0;0;0;0;0;0;0;0;0;0;0;0;0;3 081 215;3 414 352;0;42 175;375 312;8 435;1 265;10;7;5;0;0;0;0;0;0;0;0;0;18;0;0;0;18;0;17 144 584;5 173 425;22 723;226 635;10 491 140;0;1 230 377;0;0;1 115 461;805 840;0;1 115 461;1 217 589;0;0;0;0;0;0;495 000;0;0;0;0;0;0;0;192;0;9 800 216;0;0;0;0;0;0;0;0;25;128 166;2 121 216;0;0;1 277;1;0;0;0;0;0;0;0;0;0;47 414;4;1 759;1;0;0;0;0;0;0;0;0;0;0;0;0;0;0;0;0;0;0;0;0;0;0;0;0;0;0;695;1;103;1;0;0;0;0;0;0;0;0;0;0;0;0;0;0;0;0;6 812;4;18 845;2;391;3;18 392;13;0;0;0;0;9 218;3;55 654;10;2 777;6;7 987;3;9;1;277;1;17 853;18;0;0;0;0;0;0;0;0;0;0;0;0;9 625 596;440;480 858;2;0;0;0;0;0;0;0;0;0;0;0;0;0;0;0;0;0;0;0;0;0;0;0;0;0;0;0;0;0;0;0;0;0;0;0;0;0;0;0;0;0;0;0;0;0;0;0;0;0;0;0;0;0;0;0;0;0;0;0;0;0;0;0;0;0;0;0;0;0;0;0;0;0;0;0;0;0;0;0;0;0;0;0;0;0;0;0;0;0;0;0;0;0;0;0;0;0;0;0;0;0;0;0;0;0;0;0;0;0;0;0;0;0;0;0;0;0;0;0;0;0;0;0;0;0;0;0;0;0;0;0;0;0;0;0;0;0;0;0;0;0;0;0;0;0;0;0;0;0;0;0;0;0;0;0;0;0;0;0;0;0;0;0;0;0;0;0;0;0;0;0;0;0;0;0;0;0;0;0;0
Республика Марий-Эл;199 463 759;14 401 782;4 363 934;1 641 520;190 510 710;15 768 316;4 464 539;3 858 690;60 343;43 006;1 581;4 143;30 666;118 675;9 015 132;140 633;66;8 874 499;3 663 516;1 734 538;266 235;760;0;0;0;332 791;50 264;114 042;5 263;17 517;789;28 126;40 363;4;0;0;0;0;0;0;68 489;0;0;0;0;0;2 044;206;975;149;0;287 321;927 893;0;269 726;869 113;0;17 595;58 781;0;3 519;11 756;0;528;1 763;0;0;0;0;180;26;0;0;0;0;0;0;0;0;0;0;0;0;0;0;0;0;0;0;0;0;0;0;0;0;0;0;0;0;0;0;0;0;0;0;0;0;0;0;0;0;0;0;0;0;0;0;0;0;0;0;0;0;0;0;0;0;0;0;0;0;0;0;211 616;0;18 275;183 995;0;16 892;27 621;0;1 383;829;0;41;0;0;0;0;0;0;6 600 077;0;5 866 099;0;810 491;0;162 099;0;24 315;0;76 513;0;10;0;1;0;5 264;4 949;0;315;0;63;9;1;0;0;0;0;0;0;0;0;0;51 464;51 541;29 091;29 091;0;0;0;0;1 012 729;434 382;297 328;272 529;217;14 237;2 660;0;0;0;35;0;0;0;0;0;0;0;0;0;0;0;0;0;0;0;0;0;0;0;0;0;0;0;0;0;0;0;0;25;52 881;413 849;1 000;2;698;1;138;1;0;0;0;0;0;0;0;0;0;0;0;0;0;0;0;0;0;0;0;0;0;0;0;0;0;0;0;0;0;0;0;0;0;0;0;0;0;0;0;4;1;0;0;0;0;0;0;0;0;0;0;0;0;0;0;0;0;76;1;0;0;5 069;2;9 398;5;0;0;0;0;0;0;4 654;2;0;0;893;1;70 141;2;0;0;4 678;8;0;0;0;0;0;0;0;0;0;0;0;0;4 098 389;817;62 545;3;0;0;0;0;0;0;0;0;0;0;0;0;0;0;0;0;0;0;0;0;0;0;0;0;0;0;0;0;0;0;0;0;0;0;0;0;0;0;0;0;0;0;0;0;0;0;0;0;0;0;0;0;0;0;0;0;0;0;0;0;0;0;0;0;0;0;0;0;0;0;0;0;0;0;0;0;0;0;0;0;0;0;0;0;0;0;0;0;0;0;0;0;0;0;0;0;0;0;0;0;0;0;0;0;0;0;0;0;0;0;0;0;0;0;0;0;0;0;0;0;0;0;0;0;0;0;0;0;0;0;0;0;0;0;0;0;0;0;0;0;0;0;0;0;0;0;0;0;0;0;0;0;0;0;0;0;0;0;0;0;0;0;0;0;0;0;0;0;0;0;0;0;0;0;0;0;0;0;0;0
Республика Мордовия;262 311 845;25 907 833;12 242 469;2 432 306;243 137 661;26 739 775;13 514 934;6 637 873;56 355;11 154;79 289;14 637;22 308;1 076;17 862 378;2 500 819;88;15 361 560;5 042 068;3 036 241;460 809;0;0;0;0;489 025;74 084;178 775;5 535;26 833;831;500 165;36 046;6;0;0;0;25;0;0;536 236;0;0;0;0;0;2 021;296;926;222;0;89 842;295 356;0;82 218;283 061;0;7 624;12 295;0;1 525;2 459;0;229;369;0;0;0;0;18;24;0;0;0;0;0;0;1 478 697;0;0;1 131 471;0;0;379 026;0;0;18 952;0;0;56 854;0;0;11 371;0;0;31 854;0;0;13;0;0;6;0;0;0;0;0;0;0;0;0;0;0;0;0;0;0;0;0;0;0;0;0;0;0;0;0;0;0;0;0;0;0;23 488;0;0;21 219;0;0;2 242;0;0;67;0;0;0;0;0;0;0;0;24 439 783;0;19 758 545;0;4 755 140;0;951 028;0;142 655;0;73 902;0;48;0;1;0;14 448;15 395;0;130;1 077;26;4;5;4;0;0;0;0;0;0;0;0;22 100;17 302;318 611;116 314;122 604;122 604;202 297;0;1 846 172;1 567 232;15 113;258 936;4 891;0;0;0;0;0;0;0;0;6 100;0;0;0;0;0;0;0;0;0;0;0;0;0;0;0;0;0;0;0;0;0;0;0;0;0;41;42 982;530 306;0;0;0;0;0;0;0;0;0;0;0;0;0;85;1;0;0;0;0;0;0;0;0;0;0;0;0;0;0;0;0;0;43;1;6;0;0;0;0;0;0;0;0;0;0;36;1;0;0;0;0;0;0;0;0;0;0;0;0;0;0;0;0;3 725;2;2 104;1;1 323;3;1 834;7;0;0;1 690;1;123;2;4 253;2;44;2;153;1;57;1;0;0;1 097;7;0;0;0;0;0;0;0;0;0;0;0;0;8 512 457;904;60 968;6;0;0;0;0;0;0;0;0;0;0;0;0;0;0;0;0;0;0;0;0;0;0;0;0;0;0;0;0;0;0;0;0;0;0;0;0;0;0;0;0;0;0;0;0;0;0;0;0;0;0;0;0;0;0;0;0;0;0;0;0;0;0;0;0;0;0;0;0;0;0;0;0;0;0;0;0;0;0;0;0;0;0;0;0;0;0;0;0;0;0;0;0;0;0;0;0;0;0;0;0;0;0;0;0;0;0;0;0;0;0;0;0;0;0;0;0;0;0;0;0;0;0;0;0;0;0;0;0;0;0;0;0;0;0;0;0;0;0;0;0;0;0;0;0;0;0;0;0;0;0;0;0;0;0;0;0;0;0;0;0;0;0;0;0;0;0;0;0;0;0;0;0;0;0;0;0;0;0;0;0
Республика Саха (Якутия);349 392 720;182 961 930;58 275 504;77 699 205;248 862 068;198 408 492;38 874 130;116 338 992;190 316;403 787;262 382;5 485 516;1 876;147 638;119 995 501;1 069 398;60;118 926 103;57 334 261;22 233 559;3 560 536;2 791;0;0;0;5 633 826;878 043;209 678;77 400;31 482;11 610;213 879;1 544 415;7;0;0;0;322;0;0;1 758 616;0;0;0;0;0;1 710;620;2 045;328;0;199 761;403 899;86 363;190 360;364 539;87 394;11 220;42 529;266;2 243;8 505;53;336;1 275;8;1 817;3 170;1 298;109;18;8;2;4;1;29 016 201;58 472 510;28 501 339;25 272 979;38 336 890;31 749 700;6 825 440;20 135 620;368 809;0;0;0;1 365 088;4 027 124;73 754;204 762;604 068;11 064;3 095 749;0;4 617 169;9;4;24;3;0;10;0;0;0;0;0;0;0;0;0;0;0;0;0;0;0;0;0;0;0;0;0;0;0;0;0;0;0;0;0;0;0;89 799;0;0;84 031;0;0;5 768;0;0;173;0;0;0;0;0;0;0;0;197 874;0;196 753;0;2 401;0;480;0;72;0;1 280;0;5;0;2;0;1 933 328;1 463 844;0;469 485;0;93 897;14 085;5;0;0;0;0;0;0;0;0;0;5 213 193;5 224 481;10 584 919;8 716 378;0;0;2 005 729;51 493 612;71 967 192;34 941 737;13 867;430 195;17 505 054;0;6 681;0;10 486 749;7 014 548;6 681;0;18 716;3 000;0;0;0;0;7 014 548;0;0;0;0;0;0;0;0;0;0;0;10 486 749;0;3 757;0;0;1 485;1;0;0;41;745 139;7 377 352;0;0;0;0;11 341;1;0;0;0;0;0;0;0;144 602;2;54 197;1;0;0;0;0;0;0;0;0;0;158 740;1;15 874;0;0;0;0;0;0;0;0;0;0;0;0;0;0;0;0;0;0;0;0;0;0;0;0;0;0;0;0;0;0;0;0;0;0;33 223;6;2 030;2;17 271;7;192 554;20;0;0;0;0;1 625 930;4;37 040;9;3 302;7;18 202;4;29 234;6;716;2;95 887;21;0;0;0;0;0;0;0;0;516 197;4;0;0;35 587 210;890;3 054 589;10;162;1;0;0;0;0;0;0;0;0;0;0;0;0;0;0;0;0;0;0;0;0;0;0;0;0;0;0;0;0;0;0;0;0;0;0;0;0;0;0;0;0;0;0;0;0;0;0;0;0;0;0;0;0;0;0;0;0;0;0;0;0;0;0;0;0;0;0;0;0;0;0;0;0;0;0;0;0;0;0;0;0;0;0;0;0;0;0;0;0;0;0;0;0;0;0;0;0;0;0;0;0;0;0;0;0;0;0;0;0;0;0;0;0;0;0;0;0;0;0;0;0;0;0;0;0;0;0;0;0;0;0;0;0;0;0;0;0;0;0;0;0;0;0;0;0;0;0;0;0;0;0;0;0;0;0;0;0;0;0;0;0;0;0;0;0;0;0;0;0;0;0;0;0;0;0;0;0;0;0
Республика Северная Осетия-Алания;46 467 365;10 008 512;1 178 782;331 040;43 616 978;11 385 212;1 592 773;559 047;12 962;1 980;8 118;0;0;0;2 441 240;82 859;9;2 358 381;1 602 727;471 585;70 752;0;0;0;0;106 941;16 087;26 535;1 961;3 982;318;16 572;90;1;0;0;0;0;0;0;16 662;0;0;0;0;0;754;160;665;324;0;443 444;28 952;325 403;284 341;24 746;323 547;159 791;4 206;34 538;31 958;841;6 908;4 794;126;1 036;0;0;30 365;6;2;7;1;0;3;0;0;0;0;0;0;0;0;0;0;0;0;0;0;0;0;0;0;0;0;0;0;0;0;0;0;0;0;0;0;0;0;0;0;0;0;0;0;0;0;0;0;0;0;0;0;0;0;0;0;0;0;0;0;0;0;0;0;0;0;0;0;0;0;0;0;0;0;0;0;0;0;0;0;0;0;661 729;0;703 041;0;29 885;0;5 977;0;897;0;71 197;0;6;0;3;0;0;0;0;0;0;0;0;0;0;0;0;0;0;0;0;0;0;0;0;1 200;1 026 000;0;0;0;0;123 987;6 884;1 177;113 240;0;0;0;0;0;0;0;0;0;0;0;0;0;0;0;0;0;0;0;0;0;0;0;0;0;0;0;0;0;0;0;0;0;0;0;4;276;7 193;0;0;0;0;0;0;0;0;0;0;0;0;0;0;0;0;0;0;0;0;0;0;0;0;0;0;0;0;0;0;0;0;0;0;0;0;0;0;0;0;0;0;0;0;0;0;0;0;0;0;0;0;0;0;0;0;0;0;0;0;0;0;0;0;0;0;0;0;0;0;0;0;0;0;0;0;0;0;0;0;0;0;0;0;0;0;0;0;0;0;0;0;0;0;0;0;0;0;0;0;0;1 402 349;306;0;0;0;0;0;0;0;0;0;0;0;0;0;0;0;0;0;0;0;0;0;0;0;0;0;0;0;0;0;0;0;0;0;0;0;0;0;0;0;0;0;0;0;0;0;0;0;0;0;0;0;0;0;0;0;0;0;0;0;0;0;0;0;0;0;0;0;0;0;0;0;0;0;0;0;0;0;0;0;0;0;0;0;0;0;0;0;0;0;0;0;0;0;0;0;0;0;0;0;0;0;0;0;0;0;0;0;0;0;0;0;0;0;0;0;0;0;0;0;0;0;0;0;0;0;0;0;0;0;0;0;0;0;0;0;0;0;0;0;0;0;0;0;0;0;0;0;0;0;0;0;0;0;0;0;0;0;0;0;0;0;0;0;0;0;0;0;0;0;0;0;0;0;0;0;0;0;0;0;0;0;0
Республика Татарстан;3 454 128 352;730 236 930;213 392 489;426 536 482;3 184 546 057;779 610 246;154 770 768;471 654 049;3 092 876;1 166 880;52 540 066;11 837 459;268 476;2 737;280 333 692;9 237 720;501;271 095 974;104 975 247;53 587 325;8 092 820;126;0;0;0;8 699 328;1 320 056;2 162 937;93 928;345 575;14 354;1 847 544;10 706;2;39 508;581 105;41;501;0;0;2 479 364;0;0;0;0;0;26 523;2 737;12 032;2 581;0;2 740 235;6 029 429;0;2 315 455;5 306 038;0;457 423;776 312;0;91 485;155 262;0;13 723;23 289;0;32 641;52 920;0;173;110;0;9;10;0;0;0;27 833 510;0;0;26 827 899;0;0;1 742 423;0;0;87 122;0;0;261 363;0;0;52 272;0;0;870 544;0;0;63;0;0;27;0;0;74 898 405;0;0;64 519 785;0;0;0;0;0;10 378 621;0;0;0;0;0;0;2 075 724;0;0;311 359;0;0;0;0;0;1;0;0;0;36 108;0;15 992;31 227;0;15 992;4 881;0;0;146;0;0;0;0;0;0;0;0;69 012 837;0;61 542 397;0;8 412 969;0;1 682 595;0;252 388;0;942 529;0;198;0;17;0;9 982 587;8 958 616;86 314;412 057;348 258;82 411;12 362;22;11;12;0;0;0;0;0;0;0;3 549 781;7 633 971;18 914 299;23 027 734;0;0;2 041 984;14 698 608;43 149 670;22 826 734;5 998 127;6 031 350;3 382 178;1;131 911;0;636 193;476 087;1 812 351;601 034;474 602;10 495;0;0;0;0;0;0;1 605 506;0;152 887;0;37 730;212 581;0;0;2;0;441 368;25 004;280 941;2 358;1;13 438;2;0;0;356;2 887 410;20 207 484;28 369;2;6 617;1;0;0;0;0;0;0;0;0;0;70 966;14;6 500;2;0;0;0;455 170;2;45 517;0;0;0;60 707;1;6 071;0;0;0;8 510 248;10;1 134 691;0;0;0;0;0;0;0;0;0;0;13 124;7;0;0;0;0;0;0;0;0;0;0;0;19;1;1;0;0;121 223;15;20 140;14;260 781;28;207 936;83;3 307 449;6;91 978;19;219 002;59;739 540;112;12 679;38;28 405;13;67 635;10;22 202;11;149 854;132;0;0;0;0;182;1;6 856;1;1 083;2;0;0;122 866 722;9 774;6 274 987;48;0;0;0;0;0;0;0;0;0;0;0;0;0;0;640 989;2;0;0;0;0;0;0;0;0;0;0;0;0;0;0;0;0;0;0;0;0;0;0;0;0;0;0;0;0;0;0;0;0;0;0;0;0;0;0;0;0;0;0;0;0;0;0;0;0;0;0;0;0;0;0;0;0;0;0;0;0;0;0;0;0;0;0;0;0;0;0;0;0;0;0;0;0;0;0;0;0;0;0;0;0;0;0;0;0;0;0;0;0;0;0;0;0;0;0;0;0;0;0;0;0;0;0;0;0;0;0;0;0;0;0;0;0;0;0;0;0;0;0;0;0;0;0;0;0;0;0;0;0;0;0;0;0;0;0;0;0;0;0;0;0;0;0;0;0;0;0;0;0;0;0;0;0;0;0;0;0;0;0;0;0
Республика Тыва;6 151 543;7 952 962;3 112 247;908 291;5 818 042;8 392 293;2 928 321;1 268 301;3 340;419;0;0;0;0;520 767;49 233;1;471 534;798 920;94 307;14 146;0;0;0;0;18 642;2 805;18 278;6 424;2 742;964;9 847;0;0;0;0;0;0;0;0;9 847;0;0;0;0;0;144;48;41;11;0;107 379;30 463;0;106 677;30 463;0;702;0;0;140;0;0;21;0;0;0;0;0;50;5;0;0;0;0;7 744 687;6 665 566;0;9 660 804;7 195 039;0;0;0;0;0;0;0;0;0;0;0;0;0;1 916 117;1 290 107;0;1;2;0;1;1;0;0;0;0;0;0;0;0;0;0;0;0;0;0;0;0;0;0;0;0;0;0;0;0;0;0;0;0;0;0;0;0;0;0;0;0;0;0;0;0;0;0;0;0;0;0;0;0;0;0;0;0;0;0;0;0;0;0;0;0;0;0;0;0;0;0;0;0;0;0;0;0;0;0;0;0;0;0;0;0;0;0;0;0;0;0;0;0;0;0;0;0;0;0;0;0;0;0;0;0;0;0;0;0;0;0;0;0;0;0;0;0;0;0;0;0;0;0;0;0;0;1 392 137;341 899;0;0;0;0;0;0;0;6;3 031;37 914;0;0;0;0;0;0;0;0;0;0;0;0;0;0;0;0;0;0;0;0;0;0;0;0;0;0;0;0;0;0;0;0;0;0;0;0;0;0;0;0;0;0;0;0;0;0;0;0;0;0;0;0;0;0;0;0;0;0;0;0;0;0;0;660;1;0;0;107;1;753;1;0;0;0;0;0;0;72;1;0;0;0;0;0;0;0;0;923;1;0;0;0;0;0;0;0;0;0;0;0;0;1 326 594;55;203 333;3;0;0;0;0;0;0;0;0;0;0;0;0;0;0;0;0;0;0;0;0;0;0;0;0;0;0;0;0;0;0;0;0;0;0;0;0;0;0;0;0;0;0;0;0;0;0;0;0;0;0;0;0;0;0;0;0;0;0;0;0;0;0;0;0;0;0;0;0;0;0;0;0;0;0;0;0;0;0;0;0;0;0;0;0;0;0;0;0;0;0;0;0;0;0;0;0;0;0;0;0;0;0;0;0;0;0;0;0;0;0;0;0;0;0;0;0;0;0;0;0;0;0;0;0;0;0;0;0;0;0;0;0;0;0;0;0;0;0;0;0;0;0;0;0;0;0;0;0;0;0;0;0;0;0;0;0;0;0;0;0;0;0;0;0;0;0;0;0;0;0;0;0;0;0;0;0;0;0;0;0
Удмуртская Республика;632 108 709;108 271 197;68 906 897;121 538 970;594 593 390;110 628 893;60 714 390;136 375 937;90 953;58 311;1 879 130;1 258 936;122 925;3 259;43 841 093;2 744 746;193;41 166 110;18 398 424;8 217 759;1 232 759;77;1 545;14 432;2;1 517 129;227 548;484 267;10 631;72 522;1 594;548 950;0;0;0;0;0;8;0;0;564 935;0;0;0;0;0;7 958;926;3 223;930;0;396 920;1 679 356;292 437;344 681;1 355 090;276 241;56 348;327 278;19 180;11 270;65 456;3 836;1 690;9 818;575;4 116;3 011;2 985;180;48;19;7;2;1;62 685;0;737 711;62 465;0;639 252;220;0;112 172;27;0;5 609;10;0;16 826;0;0;3 365;0;0;13 713;1;0;24;0;0;10;0;0;0;0;0;0;0;0;0;0;0;0;0;0;0;0;0;0;0;0;0;0;0;0;0;0;0;0;0;0;0;23 370;0;1 923;20 494;0;1 863;2 877;0;60;86;0;2;0;0;0;0;0;0;16 616 752;0;15 050 675;0;1 711 075;0;342 215;0;51 332;0;144 998;0;52;0;5;0;23 495;24 431;0;138;1 074;28;4;3;1;1;0;0;0;0;0;0;0;42 461 218;41 781 477;1 342 015;1 313 179;0;0;43 643;-94 157;4 845 186;3 843 236;311 235;525 212;140 874;0;7 683;0;0;34 300;113 269;0;0;0;0;0;0;0;0;0;0;0;0;0;0;0;0;0;13;0;0;34 300;407;0;0;38 617;5;0;0;112;323 269;3 626 395;615;1;38;1;0;0;0;0;0;0;0;0;0;24 036;4;0;0;0;0;0;0;0;0;0;0;0;52 069;1;5 207;0;0;0;1 098;1;146;0;0;0;0;0;0;0;0;470 180;2;2 124;5;0;0;0;0;0;0;0;0;0;0;0;0;0;0;0;0;7 203;12;28;1;19 332;14;66 729;38;0;0;0;0;87 653;10;134 601;28;5 671;22;27 255;16;14 414;5;3 231;3;55 489;51;0;0;0;0;0;0;223;1;0;0;0;0;17 404 921;2 644;221 210;16;0;0;0;0;0;0;0;0;0;0;0;0;0;0;0;0;0;0;0;0;0;0;222 701;1;0;0;0;0;0;0;0;0;0;0;0;0;0;0;0;0;0;0;0;0;0;0;0;0;0;0;0;0;0;0;0;0;0;0;0;0;0;0;0;0;0;0;0;0;0;0;0;0;0;0;0;0;0;0;0;0;0;0;0;0;0;0;0;0;0;0;0;0;0;0;0;0;0;0;0;0;0;0;0;0;0;0;0;0;0;0;0;0;0;0;0;0;0;0;0;0;0;0;0;0;0;0;0;0;0;0;0;0;0;0;0;0;0;0;0;0;0;0;0;0;0;0;0;0;0;0;0;0;0;0;0;0;0;0;0;0;0;0;0;0;0;0;0;0;0;0;0;0;0;0;0;0;0;0;0;0
Республика Хакасия;74 074 485;84 185 722;4 567 658;8 231 851;66 958 968;94 754 479;3 219 014;16 242 097;45 062;131 346;206 467;217 982;2 376;0;8 314 333;133 740;39;8 180 593;18 664 358;1 636 118;245 418;159;0;0;0;254 318;38 144;82 180;1 921;12 418;288;26 748;0;0;0;0;0;0;0;0;26 748;0;0;0;0;0;1 076;172;900;81;0;125 292;522 246;0;120 615;499 952;0;7 148;22 642;0;1 430;4 528;0;214;679;0;2 470;349;0;92;24;0;7;1;0;0;13 261 696;0;0;12 263 009;0;0;998 686;0;0;169 777;0;0;29 961;0;0;29 961;0;0;0;0;0;1;0;0;0;0;0;0;0;0;0;0;0;0;0;0;0;0;0;0;0;0;0;0;0;0;0;0;0;0;0;0;0;0;0;0;0;1 309;0;0;1 309;0;0;0;0;0;0;0;0;0;0;0;0;0;0;378 770;0;340 229;0;38 541;0;7 708;0;1 156;0;0;0;7;0;0;0;0;0;0;0;0;0;0;0;0;0;0;0;0;0;0;0;0;0;0;732 637;717 404;0;0;15 235;0;2 976 196;2 951 249;7 549;397;17 000;0;0;0;0;0;0;200 361;0;0;0;0;0;0;0;0;0;0;0;0;0;0;0;0;0;0;0;0;0;0;0;0;0;0;0;29;44 497;739 651;0;0;0;0;0;0;0;0;0;0;0;0;0;527 574;1;292;1;0;0;0;0;0;0;0;0;0;32 837;2;3 284;0;0;0;0;0;0;0;0;0;0;0;0;0;0;0;0;0;0;0;0;0;0;0;0;0;0;0;0;0;0;0;0;0;0;24 310;8;49 792;1;1 323;7;8 548;8;162;1;0;0;0;0;15 209;9;709;6;23 859;1;3 494;1;0;0;8 898;9;0;0;0;0;0;0;0;0;0;0;0;0;5 169 092;430;0;0;0;0;0;0;0;0;0;0;0;0;0;0;0;0;0;0;0;0;0;0;0;0;0;0;0;0;0;0;0;0;0;0;0;0;0;0;0;0;0;0;0;0;0;0;0;0;0;0;0;0;0;0;0;0;0;0;0;0;0;0;0;0;0;0;0;0;0;0;0;0;0;0;0;0;0;0;0;0;0;0;0;0;0;0;0;0;0;0;0;0;0;0;0;0;0;0;0;0;0;0;0;0;0;0;0;0;0;0;0;0;0;0;0;0;0;0;0;0;0;0;0;0;0;0;0;0;0;0;0;0;0;0;0;0;0;0;0;0;0;0;0;0;0;0;0;0;0;0;0;0;0;0;0;0;0;0;0;0;0;0;0;0;0;0;0;0;0;0;0;0;0;0;0;0;0;0;0;0;0;0
Чеченская Республика;111 818 439;26 167 684;1 956 315;1 112 470;109 797 183;31 351 930;1 771 029;3 109 513;41 706;3 470;100 642;0;0;0;2 706 585;46 944;6;2 659 641;7 177 819;454 884;69 720;281;0;0;0;184 490;27 830;19 367;10 647;2 928;1 597;9 389;65 722;15;225;1 274;1;0;0;0;76 610;0;0;0;0;0;910;123;948;589;0;45 006;44 554;414 532;45 006;43 740;225 612;0;813;188 920;0;163;37 784;0;24;5 668;0;0;0;50;7;9;0;0;0;0;0;0;0;0;0;0;0;0;0;0;0;0;0;0;0;0;0;0;0;0;0;0;0;0;0;0;0;0;0;0;0;0;0;0;0;0;0;0;0;0;0;0;0;0;0;0;0;0;0;0;0;0;0;0;0;0;0;0;0;0;0;0;0;0;0;0;0;0;0;0;0;0;0;0;0;1 002 419;0;1 828 808;0;40 388;0;8 078;0;1 212;0;866 777;0;11;0;1;0;0;105;0;0;105;0;0;1;1;0;0;0;0;0;0;0;0;0;0;558 980;0;0;0;558 980;0;0;0;0;0;0;0;0;0;0;0;0;0;0;0;0;0;0;0;0;0;0;0;0;0;0;0;0;0;0;0;0;0;0;18;1;0;0;0;0;2;4 276;1 496;0;0;0;0;0;0;0;0;0;0;0;0;0;0;0;0;0;0;0;0;0;0;0;0;0;0;0;0;0;0;0;0;0;0;0;0;0;0;0;0;0;0;0;0;0;0;0;0;0;0;0;0;0;0;0;0;0;0;0;0;0;0;0;1 100;2;0;0;0;0;1 680;2;0;0;0;0;0;0;1 238;2;1 642;2;0;0;0;0;0;0;1 188;2;0;0;0;0;0;0;0;0;0;0;0;0;3 819 444;184;13 042;1;0;0;0;0;0;0;0;0;0;0;0;0;0;0;0;0;0;0;0;0;0;0;0;0;0;0;0;0;0;0;0;0;0;0;0;0;0;0;0;0;0;0;0;0;0;0;0;0;0;0;0;0;0;0;0;0;0;0;0;0;0;0;0;0;0;0;0;0;0;0;0;0;0;0;0;0;0;0;0;0;0;0;0;0;0;0;0;0;0;0;0;0;0;0;0;0;0;0;0;0;0;0;0;0;0;0;0;0;0;0;0;0;0;0;0;0;0;0;0;0;0;0;0;0;0;0;0;0;0;0;0;0;0;0;0;0;0;0;0;0;0;0;0;0;0;0;0;0;0;0;0;0;0;0;0;0;0;0;0;0;0;0;0;0;0;0;0;0;0;0;0;0;0;0;0;0;0;0;0;0
Чувашская Республика;267 479 295;40 370 910;12 115 881;2 394 614;244 022 228;48 865 640;10 284 525;5 031 736;58 262;5 470 127;1 962 418;325 346;6 287;0;23 378 362;1 408 334;117;21 970 029;5 985 622;4 377 332;659 100;1 660;0;0;0;844 493;126 674;284 064;20 463;44 810;3 069;281 666;16 670;1;0;0;0;0;0;0;298 336;0;0;0;0;0;3 992;333;1 204;551;0;1 066 074;1 034 679;0;939 226;1 038 290;0;126 847;13 541;0;25 369;2 708;0;3 805;406;0;0;17 152;0;123;23;0;0;4;0;0;0;108 018;0;0;108 000;0;0;3 030;0;0;152;0;0;455;0;0;91;0;0;3 012;0;0;2;0;0;1;0;0;0;0;0;0;0;0;0;0;0;0;0;0;0;0;0;0;0;0;0;0;0;0;0;0;0;0;0;0;0;25 822;0;0;25 305;0;0;517;0;0;16;0;0;0;0;0;0;0;0;1 474 102;0;1 099 235;0;380 900;0;76 181;0;11 427;0;6 033;0;13;0;1;0;91 848;69 011;0;22 836;0;4 567;685;2;0;0;0;0;0;0;0;0;0;552 078;435 210;469 574;468 311;0;0;1 826;90 744;5 029 015;1 238 935;471 297;3 147 399;130 000;0;2;0;128 700;0;1 302;0;0;0;0;0;0;0;0;0;0;0;128 700;1 300;0;0;0;0;0;0;0;0;0;19 345;1;4 461;3;0;0;87;137 489;623 668;746;2;262;1;0;0;0;0;0;0;0;0;0;0;0;0;0;0;0;0;0;0;0;0;0;0;0;0;0;0;0;0;41;1;5;0;0;0;0;0;0;0;0;0;0;0;0;0;0;0;0;0;0;0;0;0;0;0;0;0;0;0;0;2 363;6;2 288;3;102 444;8;6 944;14;36;1;15;1;145;1;8 847;8;382;8;117;2;51;1;0;0;2 702;16;0;0;0;0;0;0;0;0;0;0;0;0;6 885 177;1 770;30 223;4;0;0;0;0;0;0;0;0;0;0;0;0;0;0;0;0;0;0;0;0;0;0;0;0;0;0;0;0;0;0;0;0;0;0;0;0;0;0;0;0;0;0;0;0;0;0;0;0;0;0;0;0;0;0;0;0;0;0;0;0;0;0;0;0;0;0;0;0;0;0;0;0;0;0;0;0;0;0;0;0;0;0;0;0;0;0;0;0;0;0;0;0;0;0;0;0;0;0;0;0;0;0;0;0;0;0;0;0;0;0;0;0;0;0;0;0;0;0;0;0;0;0;0;0;0;0;0;0;0;0;0;0;0;0;0;0;0;0;0;0;0;0;0;0;0;0;0;0;0;0;0;0;0;0;0;0;0;0;0;0;0;0;0;0;0;0;0;0;0;0;0;0;0;0;0;0;0;0;0;0
Алтайский край;763 347 929;36 692 626;23 576 756;2 338 259;720 227 550;39 619 766;19 643 296;4 454 366;85 000;46 911;1 496 558;26 213;7 880;2;45 647 837;916 787;191;44 731 050;5 022 551;8 946 210;1 341 932;0;0;0;0;1 160 879;174 132;619 844;17 785;92 977;2 668;183 357;0;0;0;0;0;0;0;0;183 357;0;0;0;0;0;9 489;904;4 769;659;0;286 520;2 291 240;0;266 665;2 118 257;0;19 962;202 644;0;3 992;40 529;0;599;6 079;0;107;30 084;0;118;73;1;1;7;0;0;0;606 465;0;0;601 548;0;0;54 453;0;0;2 723;0;0;8 168;0;0;1 634;0;0;49 536;0;0;6;0;0;4;0;0;0;0;0;0;0;0;0;0;0;0;0;0;0;0;0;0;0;0;0;0;0;0;0;0;0;0;0;0;0;57 298;0;0;61 310;0;0;0;0;0;0;0;0;4 012;0;0;1;0;0;35 560 436;0;26 550 659;0;9 095 998;0;1 819 200;0;272 880;0;86 221;0;276;0;13;0;14 106;12 450;0;2 317;661;463;70;3;2;0;0;0;0;0;0;0;0;53 345;56 517;869 258;855 973;0;0;13 436;58 571;8 979 499;7 056 551;359 959;1 369 358;68 218;0;95 406;0;0;0;68 226;0;0;112 621;0;0;0;0;0;0;0;0;0;0;0;0;0;0;0;0;0;0;0;0;0;0;0;0;0;111;157 918;628 831;240;1;68;1;0;0;0;0;0;0;0;0;0;206 889;4;24;1;0;0;0;0;0;0;0;0;0;3 172;1;317;0;0;0;4 743;1;632;0;0;0;0;0;0;0;0;0;0;764;3;0;0;0;0;0;0;0;0;0;0;0;0;0;0;0;0;31 217;11;9 417;4;8 307;12;25 949;23;0;0;0;0;2 200;1;34 495;20;223;2;2 883;2;15;1;0;0;15 506;23;0;0;0;0;0;0;0;0;0;0;0;0;14 342 716;2 958;241 372;24;0;0;0;0;0;0;0;0;0;0;0;0;0;0;0;0;0;0;0;0;0;0;0;0;0;0;0;0;0;0;0;0;0;0;0;0;0;0;0;0;0;0;0;0;0;0;0;0;0;0;0;0;0;0;0;0;0;0;0;0;0;0;0;0;0;0;0;0;0;0;0;0;0;0;0;0;0;0;0;0;0;0;0;0;0;0;0;0;0;0;0;0;0;0;0;0;0;0;0;0;0;0;0;0;0;0;0;0;0;0;0;0;0;0;0;0;0;0;0;0;0;0;0;0;0;0;0;0;0;0;0;0;0;0;0;0;0;0;0;0;0;0;0;0;0;0;0;0;0;0;0;0;0;0;0;0;0;0;0;0;0;0;0;0;0;0;0;0;0;0;0;0;0;0;0;0;0;0;0;0
Краснодарский край;3 644 607 544;435 308 926;322 204 637;145 945 645;3 409 725 724;454 082 041;289 835 578;253 669 950;2 453 509;1 195 664;11 424 074;13 610 717;96 205;4 119;273 735 937;7 697 552;680;266 038 389;138 907 555;53 135 524;7 981 091;6 086;580;5 220;1;6 059 600;938 025;2 436 642;210 270;365 776;31 542;1 539 510;71 468;6;0;0;0;0;0;0;1 616 778;28 331;0;0;0;0;16 843;4 317;9 030;2 657;0;2 815 492;11 426 027;268 407;2 563 758;10 196 204;228 212;284 208;1 329 256;40 195;56 842;265 851;8 039;8 526;39 878;1 206;33 052;99 822;0;953;168;3;69;23;0;0;0;0;0;0;0;0;0;0;0;0;0;0;0;0;0;0;0;0;0;0;0;0;0;0;0;0;0;0;0;0;0;0;0;0;0;0;0;0;0;0;0;0;0;0;0;0;0;0;0;0;0;0;0;0;0;0;0;890 475;0;0;770 139;0;0;121 866;0;0;3 656;0;0;1 527;0;0;3;0;0;88 411 994;0;64 341 599;0;25 273 037;0;5 054 607;0;758 191;0;1 202 642;0;216;0;25;0;8 635 561;13 509 775;158;447 674;5 322 050;121 594;45 491;32;15;18;0;0;0;0;0;0;0;134 916 223;116 695 530;31 621 453;17 631 515;1 979 524;1 221 027;15 577 042;1 126 385;38 092 303;31 761 090;238 081;2 626 785;2 910 787;128 100;374;0;2 595 280;294 529;19 460;473 914;2 220;269 442;0;0;0;0;0;0;0;0;1 416 662;0;845 810;0;0;0;17 848;0;143 499;279 341;833 961;4 591;1;599;1;0;0;240;646 233;5 373 736;4 320;1;10 008;6;11 982;2;0;0;0;0;0;0;0;162 731;4;16 399;1;0;0;0;0;0;0;0;0;0;29 012;1;2 901;88;1;9;23 825;3;3 177;0;0;0;0;0;0;0;0;42 763;2;23 585;5;0;0;0;0;0;0;0;0;0;0;0;0;0;0;0;0;152 743;13;8 406;7;7 778;13;14 455;28;0;0;2 980;1;96 685;4;50 175;23;9 699;12;3 036;11;2 278;4;2 422;2;65 031;39;0;0;0;0;0;0;5 151;1;565;2;0;0;76 821 562;9 481;1 231 821;30;0;0;0;0;0;0;0;0;0;0;362 472;5;0;0;232 946;3;0;0;0;0;0;0;0;0;0;0;0;0;0;0;0;0;0;0;0;0;0;0;0;0;0;0;0;0;0;0;0;0;0;0;0;0;0;0;0;0;0;0;0;0;0;0;0;0;0;0;0;0;0;0;0;0;0;0;0;0;0;0;0;0;0;0;0;0;0;0;0;0;0;0;0;0;0;0;0;0;0;0;0;0;0;0;0;0;0;0;0;0;0;0;0;0;0;0;0;0;0;0;0;0;0;0;0;0;0;0;0;0;0;0;0;0;0;0;0;0;0;0;0;0;0;0;0;0;0;0;0;0;0;0;0;0;0;0;0;0;0;0;0;0;0;0;0;0;0;0;0;0;0;0;0;0;0;0;0;0;0;0;0;0
Красноярский край;3 117 820 811;300 048 549;331 796 193;35 476 619;2 319 971 362;328 433 348;471 106 728;94 827 448;509 025;1 367 182;32 207 710;111 652;130 886;2 300;626 716 093;23 922 813;277;602 793 285;86 481 359;119 960 729;18 081 274;70;0;0;0;4 770 390;702 187;11 610 681;125 201;1 739 351;18 779;4 784 563;592 927;2;0;0;0;0;16 826;1;5 394 316;87;0;0;0;0;11 635;1 630;5 944;1 281;0;971 257;3 981 337;0;963 771;3 611 593;0;47 436;587 401;0;9 487;117 480;0;1 423;17 622;0;39 979;217 660;0;472;87;0;1;16;0;0;3 079 330;39;0;2 231 705;39;0;847 625;0;0;144 096;0;0;25 429;0;0;25 429;0;0;0;0;0;2;2;0;0;0;0;0;0;0;0;0;0;0;0;0;0;0;0;0;0;0;0;0;0;0;0;0;0;0;0;0;0;0;0;0;0;130 470;0;38 493;119 830;0;31 898;10 640;0;7 955;319;0;239;0;0;1 360;0;0;1;24 745 658;0;19 576 324;0;5 316 047;0;1 063 209;0;159 481;0;146 713;0;74;0;12;0;16 389 867;15 609 759;343 719;587 008;150 619;117 401;17 610;14;6;6;0;0;0;0;0;0;0;3 844 615;3 271 938;1 877 613;1 687 673;23 207 533;49 482 504;8 513;13 900;103 363 932;63 903 299;198 410;5 461 142;33 604 336;0;133 684;0;21 938 956;0;11 625 364;135 276;0;0;0;5 263;0;0;0;0;0;0;0;0;0;0;0;0;0;0;21 906 956;0;0;0;0;0;0;0;0;200;4 651 899;35 919 083;0;0;7 186;2;0;1;0;0;0;0;0;0;0;2 355 241;9;417 023;7;0;0;0;0;0;0;0;0;0;398 366;4;39 836;0;0;0;1 710 182;2;228 024;0;0;0;0;0;0;0;0;15 857;1;32;1;0;0;0;0;0;0;305 169;1;6 745;1;1 349;0;0;0;0;0;843 931;33;214 932;10;792 243;27;256 174;48;18 537;3;0;0;271 433;6;626 129;39;127 194;24;134 255;7;69 820;7;53;1;386 255;54;0;0;0;0;0;0;768;2;2 610 508;2;0;0;121 879 687;4 635;349 684;20;0;0;0;0;0;0;0;0;0;0;367 873;1;0;0;0;0;0;0;0;0;0;0;0;0;0;0;0;0;0;0;0;0;0;0;0;0;0;0;0;0;0;0;0;0;0;0;0;0;0;0;0;0;0;0;0;0;0;0;0;0;0;0;0;0;0;0;0;0;0;0;0;0;0;0;0;0;0;0;0;0;0;0;0;0;0;0;0;0;0;0;0;0;0;0;0;0;0;0;0;0;0;0;0;0;0;0;0;0;0;0;0;0;0;0;0;0;0;0;0;0;0;0;0;0;0;0;0;0;0;0;0;0;0;0;0;0;0;0;0;0;0;0;0;0;0;0;0;0;0;0;0;0;0;0;0;0;0;0;0;0;0;0;0;0;0;0;0;0;0;0;0;0;0;0;0;0;0;0;0;0
Приморский край;1 351 981 331;185 876 349;135 787 025;104 023 827;1 259 504 688;201 004 601;124 023 088;150 401 551;1 445 081;190 414;4 160 853;669 509;4 696;2 800;101 522 274;2 401 900;218;99 120 375;61 978 360;19 561 507;2 968 841;0;0;0;0;3 206 089;486 719;991 868;228 103;147 777;34 214;480 380;257 802;3;0;0;0;5 239;0;0;743 421;10 887;0;0;0;0;8 271;1 987;4 124;1 974;0;675 561;4 309 236;1 101 103;605 662;3 691 003;944 263;73 845;711 310;157 300;14 769;142 262;31 460;2 215;21 339;4 719;3 946;93 079;460;275;80;59;9;8;1;444 117;0;52 001 493;329 718;0;49 083 930;114 399;0;3 566 183;0;0;0;22 880;0;713 237;3 432;0;106 985;0;0;648 621;1;0;35;0;0;25;0;34 470 849;0;0;30 786 306;0;0;32 485;0;0;6 190 183;0;0;0;0;0;0;1 238 037;0;0;185 706;0;0;2 538 124;0;0;249;0;0;114;0;82 605;52 089;32 715;74 085;59 528;25 191;10 184;0;7 731;306;0;232;1 664;7 439;207;1;1;1;13 815 219;0;11 217 083;0;2 794 206;0;558 841;0;83 827;0;196 070;0;31;0;11;0;22 376 902;22 111 791;0;908 882;643 548;181 776;27 266;17;5;56;0;0;0;0;0;0;0;1 173 106;1 133 085;1 120 499;1 118 342;0;0;2 157;2 177 122;14 217 823;8 930 736;375 505;2 235 749;734 220;0;60 541;0;568 506;0;226 255;6 787 036;0;23 104;0;240 000;0;0;0;16 769;0;0;1 635 000;0;0;0;0;0;44 118;0;326 801;0;104 827;0;0;0;0;0;0;115;486 271;5 513 622;0;0;7 954;2;3 012;1;0;0;0;0;0;0;0;58 533;1;0;0;0;0;0;0;0;0;0;0;0;7 939;1;794;0;0;0;44 677;1;5 957;0;0;0;0;0;0;0;0;0;0;2 394;3;0;0;0;0;0;0;0;0;0;0;0;0;0;0;0;0;24 638;7;2 174;3;1 526;7;39 594;12;3;1;0;0;30 357;2;64 384;16;2 165;10;13 623;2;3 910;1;2 500;3;38 609;18;0;0;0;0;0;0;0;0;0;0;0;0;34 746 181;3 411;60 174;4;0;0;0;0;0;0;0;0;0;0;6 229 940;14;0;0;0;0;0;0;0;0;0;0;0;0;0;0;0;0;0;0;0;0;0;0;0;0;0;0;0;0;0;0;0;0;0;0;0;0;0;0;0;0;0;0;0;0;0;0;0;0;0;0;0;0;0;0;0;0;0;0;0;0;0;0;0;0;0;0;0;0;0;0;0;0;0;0;0;0;0;0;0;0;0;0;0;0;0;0;0;0;0;0;0;0;0;0;0;0;0;0;0;0;0;0;0;0;0;0;0;0;0;0;0;0;0;0;0;0;0;0;0;0;0;0;0;0;0;0;0;0;0;0;0;0;0;0;0;0;0;0;0;0;0;0;0;0;0;0;0;0;0;0;0;0;0;0;0;0;0;0;0;0;0;0;0;0;0;0;0;0
Ставропольский край;692 532 934;47 388 982;33 279 363;7 553 053;634 812 702;52 270 145;36 102 126;11 062 716;637 637;25 345;2 074 508;51 371;1 761;0;53 464 468;1 882 147;137;51 582 322;8 400 187;10 261 251;1 547 451;0;0;0;0;1 741 885;262 374;655 185;31 960;98 952;4 793;376 429;55 193;8;0;0;0;19;0;0;431 641;0;0;0;0;0;5 704;779;3 866;1 241;0;876 529;2 701 772;1 391 648;770 828;2 397 595;1 209 471;109 669;305 199;182 177;21 934;61 040;36 435;3 290;9 156;5 465;3 968;1 022;0;195;48;45;1;3;0;0;0;2 869 286;0;0;2 324 539;0;0;587 220;0;0;29 361;0;0;88 083;0;0;17 617;0;0;44 797;0;0;8;0;0;2;0;0;0;0;0;0;0;0;0;0;0;0;0;0;0;0;0;0;0;0;0;0;0;0;0;0;0;0;0;0;0;134 097;0;0;132 398;0;0;1 699;0;0;51;0;0;0;0;0;0;0;0;68 135 336;0;60 841 523;0;9 468 340;0;1 893 668;0;284 050;0;2 174 527;0;250;0;39;0;1 982 747;1 780 692;2 354;273 432;73 731;54 686;8 203;18;9;4;0;0;0;0;0;0;0;8 546;5 840;544 260;521 966;2 492;14 472;22 294;4 824 813;14 133 070;12 732 232;335 335;1 059 964;4 514;0;457;0;0;4 158;0;1 127 062;251 170;241 320;0;0;0;0;0;0;0;0;0;0;0;0;0;0;0;0;0;11 501;96;0;0;0;0;0;0;84;529 397;4 051 461;0;0;47 796;2;554;1;0;0;0;0;0;0;0;968 087;3;320 843;2;0;0;0;0;0;0;0;0;0;442 387;2;44 239;0;0;0;101;1;13;0;0;0;0;0;0;0;0;0;0;31 554;3;0;0;0;0;0;0;0;0;0;0;0;0;0;0;0;0;19 530;6;558;1;6 843;11;25 841;16;54;1;0;0;47 414;2;93 466;11;4 280;8;1 555;4;28 988;4;958;1;45 696;22;0;0;0;0;0;0;0;0;0;0;0;0;25 540 296;2 847;506 881;17;0;0;0;0;0;0;0;0;0;0;0;0;0;0;0;0;0;0;0;0;0;0;0;0;0;0;0;0;0;0;0;0;0;0;0;0;0;0;0;0;0;0;0;0;0;0;0;0;0;0;0;0;0;0;0;0;0;0;0;0;0;0;0;0;0;0;0;0;0;0;0;0;0;0;0;0;0;0;0;0;0;0;0;0;0;0;0;0;0;0;0;0;0;0;0;0;0;0;0;0;0;0;0;0;0;0;0;0;0;0;0;0;0;0;0;0;0;0;0;0;0;0;0;0;0;0;0;0;0;0;0;0;0;0;0;0;0;0;0;0;0;0;0;0;0;0;0;0;0;0;0;0;0;0;0;0;0;0;0;0;0;0;0;0;0;0;0;0;0;0;0;0;0;0;0;0;0;0;0;0
Хабаровский край;606 932 720;157 276 483;31 517 556;14 333 663;552 166 908;168 889 172;39 047 480;28 992 069;77 526;1 255 306;568 511;144 140;69 286;20;46 675 928;1 445 079;183;45 233 388;25 149 703;8 896 143;1 333 640;0;0;0;0;1 870 393;281 013;322 717;367 049;48 848;55 079;289 016;7 203;1;0;0;0;1 927;0;0;298 146;122;0;0;0;0;4 868;1 455;2 495;737;0;471 484;2 360 661;1 063 109;391 990;1 890 289;893 495;79 495;487 159;206 667;15 899;97 432;41 333;2 385;14 615;6 200;0;16 788;37 065;20;56;40;0;5;7;12 439 216;1 178 840;42 755 559;5 514 246;1 176 777;44 674 073;6 854 481;2 063;2 511 937;464;351;0;1 370 431;0;502 386;205 634;0;75 359;0;0;4 425 642;2;1;54;0;0;18;0;6 006 216;0;0;8 267 486;0;0;380;0;0;328 880;0;0;0;1 144;0;0;64 430;0;0;9 664;0;0;2 590 377;0;0;14;0;0;8;0;2 889;108;0;2 069;97;0;820;11;0;25;0;0;0;0;0;0;0;0;251 700;0;234 417;0;49 962;0;9 993;0;1 499;0;32 679;0;10;0;5;0;3 735 785;1 515 230;0;2 255 074;34 519;451 014;67 653;5;1;5;0;0;0;0;0;0;0;279 900;626 660;1 997 524;4 549 434;0;0;10 118;431 118;15 566 000;12 949 511;955 483;1 660 838;75;0;88;0;0;0;1;1 092 632;0;4 418 254;0;0;0;0;0;0;0;0;0;0;0;0;0;0;0;0;0;0;0;0;0;0;0;0;0;73;887 367;2 876 172;0;0;0;0;11;1;0;0;0;0;0;0;0;36 230;2;0;0;0;0;0;0;0;0;0;0;0;0;0;0;0;0;0;267 255;6;35 633;0;0;0;0;0;0;0;0;2 540;2;5 325;2;0;0;0;0;0;0;0;0;0;0;0;0;0;0;0;0;16 236;5;2 375;3;6 207;6;54 753;17;0;0;0;0;17 675;2;72 515;13;2 763;8;8 308;5;0;0;20 781;1;47 242;21;0;0;0;0;0;0;0;0;0;0;0;0;20 574 876;2 183;762 722;8;0;0;0;0;0;0;0;0;0;0;120 145;1;0;0;0;0;0;0;0;0;0;0;0;0;0;0;0;0;0;0;0;0;0;0;0;0;0;0;0;0;0;0;0;0;0;0;0;0;0;0;0;0;0;0;0;0;0;0;0;0;0;0;0;0;0;0;0;0;0;0;0;0;0;0;0;0;0;0;0;0;0;0;0;0;0;0;0;0;0;0;0;0;0;0;0;0;0;0;0;0;0;0;0;0;0;0;0;0;0;0;0;0;0;0;0;0;0;0;0;0;0;0;0;0;0;0;0;0;0;0;0;0;0;0;0;0;0;0;0;0;0;0;0;0;0;0;0;0;0;0;0;0;0;0;0;0;0;0;0;0;0;0;0;0;0;0;0;0;0;0;0;0;0;0;0;0;0;0;0;0
Амурская область;466 056 348;38 188 554;316 329 504;3 749 327;453 472 032;44 937 533;289 843 660;7 909 434;185 645;346 143;766 819;10 066;76;0;38 518 394;7 970 973;73;30 548 211;10 571 946;6 107 340;914 388;0;0;0;0;548 801;81 608;779 414;8 284;117 203;941;1 594 195;0;0;0;0;0;1 929;0;0;1 596 124;0;0;0;0;0;1 983;530;1 619;417;0;258 360;872 850;543 594;248 151;850 806;485 396;10 398;27 159;58 735;2 079;5 432;11 748;312;815;1 762;189;5 115;539;60;15;24;1;2;2;0;2 762 997;6 904 347;0;2 247 088;6 559 787;0;515 909;353 958;0;87 704;0;0;487;70 791;0;487;10 619;0;0;9 399;0;2;12;0;0;2;0;0;0;0;0;0;0;0;0;0;0;0;0;0;0;0;0;0;0;0;0;0;0;0;0;0;0;0;0;0;0;38 517;0;0;38 507;0;0;10;0;0;0;0;0;0;0;0;0;0;0;14 683 199;0;11 579 185;0;3 213 759;0;642 753;0;96 412;0;109 745;0;103;0;18;0;53 091 146;47 152 090;7 884;6 256 982;325 809;1 235 678;187 709;9;1;1;0;0;0;0;0;0;0;0;0;0;0;0;0;0;0;413 571;406 326;370;6 875;0;0;0;0;0;0;0;0;0;0;0;0;0;0;3 376 000;0;0;0;0;0;0;0;0;0;0;0;0;0;0;0;0;0;0;0;0;27;42 564;1 311 843;0;0;0;0;0;0;0;0;0;0;0;0;0;120 922;3;708 181;2;0;0;0;0;0;0;0;0;0;0;0;0;0;0;0;0;0;0;0;0;0;0;0;0;0;0;0;0;0;0;0;0;0;0;0;0;0;0;0;0;0;0;0;0;0;0;1 023;2;47 249;8;9;1;44 216;9;0;0;0;0;0;0;8 585;1;0;0;0;0;0;0;30 221;1;71 964;10;0;0;0;0;0;0;0;0;0;0;0;0;14 442 271;975;89 654;6;0;0;0;0;0;0;0;0;0;0;0;0;0;0;0;0;0;0;0;0;0;0;0;0;0;0;0;0;0;0;0;0;0;0;0;0;0;0;0;0;0;0;0;0;0;0;0;0;0;0;0;0;0;0;0;0;0;0;0;0;0;0;0;0;0;0;0;0;0;0;0;0;0;0;0;0;0;0;0;0;0;0;0;0;0;0;0;0;0;0;0;0;0;0;0;0;0;0;0;0;0;0;0;0;0;0;0;0;0;0;0;0;0;0;0;0;0;0;0;0;0;0;0;0;0;0;0;0;0;0;0;0;0;0;0;0;0;0;0;0;0;0;0;0;0;0;0;0;0;0;0;0;0;0;0;0;0;0;0;0;0;0;0;0;0;0;0;0;0;0;0;0;0;0;0;0;0;0;0;0
Архангельская область;314 502 898;59 182 518;26 603 507;15 187 323;288 966 495;57 466 970;23 772 143;34 184 760;202 993;201 204;31 814;2 535;10 484;521;28 528 464;3 312 337;142;25 216 128;16 841 370;4 959 946;756 484;7;0;0;0;1 478 796;227 550;434 644;12 939;65 285;1 942;662 467;83 064;2;0;0;0;0;0;0;745 531;162;0;0;0;0;2 114;499;886;292;0;424 676;1 352 230;29 862;407 281;1 233 509;25 779;21 863;136 581;4 083;4 373;27 316;817;656;4 097;122;4 469;17 859;0;134;28;8;12;6;0;0;0;0;0;0;0;0;0;0;0;0;0;0;0;0;0;0;0;0;0;0;0;0;0;0;0;0;0;0;0;0;0;0;0;0;0;0;0;0;0;0;0;0;0;0;0;0;0;0;0;0;0;0;0;0;0;0;0;244 447;0;3 975;218 483;0;3 089;27 828;0;886;835;0;27;1 862;0;0;1;0;0;4 931 653;0;3 906 379;0;1 124 296;0;224 859;0;33 730;0;99 022;0;15;0;4;0;20 664;26 133;0;298;5 766;60;9;3;1;0;0;0;0;0;0;0;0;1 851;29 445;0;0;377 024;134 656;242 368;0;6 160 469;5 794 897;27 064;113 027;162 941;0;12;0;10 000;0;0;7 416;0;152 941;0;0;0;0;0;0;0;0;0;0;0;0;0;0;0;0;0;0;0;0;0;0;0;0;0;53;285 073;2 711 097;0;0;0;0;0;0;0;0;0;0;0;0;0;115 892;1;0;0;0;0;0;0;0;0;0;0;0;0;0;0;0;0;0;83 279;2;11 104;0;0;0;0;0;0;0;0;1 715;1;821;2;0;0;0;0;0;0;0;0;0;0;0;0;0;0;0;0;72 065;4;615;2;13 348;5;173 456;16;6 790 369;2;0;0;14 866;1;109 672;12;2 567;9;253;2;1 683;1;0;0;62 086;18;0;0;0;0;0;0;5;1;0;0;0;0;16 530 896;1 103;4 998;5;0;0;0;0;0;0;0;0;0;0;1 549 289;1;0;0;0;0;0;0;0;0;0;0;0;0;0;0;0;0;0;0;0;0;0;0;0;0;0;0;0;0;0;0;0;0;0;0;0;0;0;0;0;0;0;0;0;0;0;0;0;0;0;0;0;0;0;0;0;0;0;0;0;0;0;0;0;0;0;0;0;0;0;0;0;0;0;0;0;0;0;0;0;0;0;0;0;0;0;0;0;0;0;0;0;0;0;0;0;0;0;0;0;0;0;0;0;0;0;0;0;0;0;0;0;0;0;0;0;0;0;0;0;0;0;0;0;0;0;0;0;0;0;0;0;0;0;0;0;0;0;0;0;0;0;0;0;0;0;0;0;0;0;0;0;0;0;0;0;0;0;0;0;0;0;0;0;0;0;0;0;0
Астраханская область;110 432 106;30 533 023;13 549 829;41 763 568;104 664 576;32 728 881;12 236 452;48 324 074;14 260;24 525;17 401;37 383;2 756;737;7 075 010;714 916;53;6 360 094;8 769 956;1 250 476;188 758;57;0;0;0;368 540;55 356;129 753;11 294;21 325;1 694;142 983;69;1;693;11 781;2;0;0;0;155 526;0;0;0;0;0;1 482;434;1 498;364;0;1 180 867;626 768;38 401;1 013 425;567 308;38 084;226 680;62 166;317;45 336;12 433;63;6 800;1 865;10;59 317;2 705;0;21;29;3;3;3;0;0;0;0;0;0;0;0;0;0;0;0;0;0;0;0;0;0;0;0;0;0;0;0;0;0;0;0;0;0;0;0;0;0;0;0;0;0;0;0;0;0;0;0;0;0;0;0;0;0;0;0;0;0;0;0;0;0;0;19 413;0;43 512;15 230;0;45 417;4 972;0;3 408;149;0;102;789;0;5 313;1;0;1;2 947 271;0;2 617 834;0;425 360;0;85 072;0;12 761;0;95 923;0;14;0;4;0;9 283 470;8 071 209;0;1 244 520;32 258;248 904;37 336;8;4;5;96 486 052;57 344 904;0;39 504 186;7 900 837;363 037;1;0;0;0;0;0;0;0;829 600;2 065 169;1 047 246;95 259;82 647;767 102;0;0;0;767 000;0;102;18 501;0;0;0;0;0;0;0;0;0;0;0;19 871;0;0;0;0;0;0;45 344;0;0;0;0;0;0;0;0;17;63 052;1 852 953;0;0;0;0;0;0;0;0;0;0;0;0;0;42 446;1;0;0;0;0;0;0;0;0;0;0;0;0;0;0;0;0;0;0;0;0;0;0;0;17 179 980;1;2 290 664;0;0;0;0;0;0;0;0;0;0;0;0;0;0;0;0;0;0;0;0;0;0;0;0;0;0;252;3;4 456;5;0;0;0;0;16 583;2;9 522;4;331;3;601;2;0;0;0;0;15 379;6;0;0;0;0;0;0;0;0;0;0;0;0;22 559 827;728;124;2;0;0;0;0;0;0;0;0;0;0;3 972 185;8;0;0;0;0;0;0;0;0;0;0;0;0;0;0;0;0;0;0;0;0;0;0;0;0;0;0;0;0;0;0;0;0;0;0;0;0;0;0;0;0;0;0;0;0;0;0;0;0;0;0;0;0;0;0;0;0;0;0;0;0;0;0;0;0;0;0;0;0;0;0;0;0;0;0;0;0;0;0;0;0;0;0;0;0;0;0;0;0;0;0;0;0;0;0;0;0;0;0;0;0;0;0;0;0;0;0;0;0;0;0;0;0;0;0;0;0;0;0;0;0;0;0;0;0;0;0;0;0;0;0;0;0;0;0;0;0;0;0;0;0;0;0;0;0;0;0;0;0;0;0;0;0;0;0;0;0;0;0;0;0;0;0;0;0;0;0;0;0
Белгородская область;1 005 595 126;162 534 819;231 360 865;24 468 627;906 201 782;159 381 340;107 626 817;43 783 209;233 379;148 812;143 325 869;74 025;52 049;0;80 005 122;3 258 442;237;76 746 792;16 085 143;15 348 854;2 302 405;118;0;0;0;2 399 603;359 172;518 447;25 117;77 819;3 768;651 687;452;1;0;0;0;0;0;0;652 139;195;0;0;0;0;8 016;831;4 056;539;0;1 202 673;1 067 855;0;1 151 989;972 402;0;72 289;107 003;0;14 458;21 400;0;2 168;3 210;0;21 635;13 436;0;174;23;0;1;6;0;0;0;420 567;0;0;537 856;0;0;4 142;0;0;207;0;0;621;0;0;124;0;0;121 431;0;0;16;0;0;6;0;0;0;0;0;0;0;0;0;0;0;0;0;0;0;0;0;0;0;0;0;0;0;0;0;0;0;0;0;0;0;15 971;0;0;11 389;0;0;4 582;0;0;138;0;0;0;0;0;0;0;0;150 951 887;0;129 874 449;0;23 463 640;0;4 692 728;0;703 910;0;2 386 202;0;144;0;21;0;111 607;89 654;0;26 070;4 117;5 214;782;11;4;0;0;0;0;0;0;0;0;2 087 826;2 068 330;1 491 737;1 468 186;0;0;23 553;31 934;177 172 475;175 121 627;319 371;588 682;1 126 141;0;6 873;0;296 660;139 641;16 713;881 866;370;470;0;0;0;0;139 641;0;0;0;0;0;0;0;0;0;0;0;294 259;0;9 840;0;0;0;0;0;0;116;604 146;3 386 397;0;0;0;0;0;0;0;0;0;0;0;0;0;338;1;0;0;0;0;0;0;0;0;0;0;0;0;0;0;0;0;0;285 944;2;38 126;0;0;0;0;0;0;0;0;0;0;429;2;0;0;0;0;0;0;0;0;0;0;0;0;0;0;309;1;29 505;4;4 091;4;43 536;7;34 695;13;9;1;133;1;0;0;125 439;10;0;0;52 874;5;1 831;2;0;0;23 725;20;0;0;0;0;0;0;0;0;0;0;0;0;26 927 742;3 109;142 181;11;0;0;0;0;0;0;0;0;0;0;0;0;0;0;0;0;0;0;0;0;0;0;0;0;0;0;0;0;0;0;0;0;0;0;0;0;0;0;0;0;0;0;0;0;0;0;0;0;0;0;0;0;0;0;0;0;0;0;0;0;0;0;0;0;0;0;0;0;0;0;0;0;0;0;0;0;0;0;0;0;0;0;0;0;0;0;0;0;0;0;0;0;0;0;0;0;0;0;0;0;0;0;0;0;0;0;0;0;0;0;0;0;0;0;0;0;0;0;0;0;0;0;0;0;0;0;0;0;0;0;0;0;0;0;0;0;0;0;0;0;0;0;0;0;0;0;0;0;0;0;0;0;0;0;0;0;0;0;0;0;0;0;0;0;0;0;0;0;0;0;0;0;0;0;0;0;0;0;0;0
Брянская область;293 403 799;82 631 167;13 245 573;4 220 052;277 014 787;84 188 245;13 454 785;6 478 226;100 804;26 265;290 960;0;421;8 483;15 989 224;409 250;110;15 579 974;3 797 469;2 998 600;467 396;376;0;0;0;519 536;80 735;164 501;10 078;25 254;1 512;81 850;117 394;21;0;0;0;0;0;0;199 244;104;0;0;0;0;3 297;437;2 342;488;0;573 845;1 116 647;0;523 975;952 000;0;51 480;166 238;0;10 296;33 248;0;1 544;4 987;0;1 610;1 590;0;173;53;0;1;3;0;0;0;0;0;0;0;0;0;0;0;0;0;0;0;0;0;0;0;0;0;0;0;0;0;0;0;0;0;0;0;0;0;0;0;0;0;0;0;0;0;0;0;0;0;0;0;0;0;0;0;0;0;0;0;0;0;0;0;46 763;0;16 500;41 103;0;15 871;5 659;0;629;170;0;19;0;0;0;0;0;0;43 524 538;0;42 991 755;0;2 988 726;0;597 744;0;89 661;0;2 455 943;0;31;0;7;0;16 201;17 865;0;424;2 088;85;13;2;2;2;0;0;0;0;0;0;0;311;23;0;0;0;0;0;0;1 486 777;606 651;489 812;316 965;54 747;0;15 168;0;0;68 164;730;0;0;0;0;0;0;0;0;0;0;0;0;0;0;0;0;0;0;0;4 443;54 747;0;0;0;0;0;0;0;39;299 621;982 095;1 513;2;0;0;0;0;0;0;0;0;0;0;0;0;0;0;0;0;0;0;0;0;0;0;0;0;0;0;0;0;0;0;0;0;0;0;0;0;0;0;0;0;0;0;0;0;0;0;0;0;0;0;0;0;0;0;0;0;0;0;0;0;0;821;2;0;0;1 129;6;5 278;9;144;1;0;0;31;1;4 788;3;253;1;960;2;0;0;1 688;1;3 464;9;0;0;0;0;0;0;0;0;184;1;0;0;17 012 045;1 389;49 278;11;0;0;0;0;0;0;11 864;4;0;0;0;0;0;0;0;0;0;0;0;0;0;0;0;0;0;0;0;0;0;0;0;0;0;0;0;0;0;0;0;0;0;0;0;0;0;0;0;0;0;0;0;0;0;0;0;0;0;0;0;0;0;0;0;0;0;0;0;0;0;0;0;0;0;0;0;0;0;0;0;0;0;0;0;0;0;0;0;0;0;0;0;0;0;0;0;0;0;0;0;0;0;0;0;0;0;0;0;0;0;0;0;0;0;0;0;0;0;0;0;0;0;0;0;0;0;0;0;0;0;0;0;0;0;0;0;0;0;0;0;0;0;0;0;0;0;0;0;0;0;0;0;0;0;0;0;0;0;0;0;0;0;0;0;0;0;0;0;0;0;0;0;0;0;0;0;0;0;0;0;0
Владимирская область;605 121 313;78 242 983;22 006 638;6 622 956;534 362 126;80 955 052;32 458 941;12 658 136;212 122;162 118;1 907 609;430 229;2 005;5 023;58 610 606;697 055;122;57 913 551;9 020 360;11 530 677;1 737 397;314;0;0;0;2 280 865;344 387;445 191;7 706;66 759;1 156;139 411;52 034;5;0;0;0;0;0;0;191 445;162;0;0;0;0;4 478;620;1 141;604;0;524 223;1 166 322;0;491 065;1 011 337;0;33 940;156 965;0;6 788;31 393;0;1 018;4 709;0;782;1 979;0;325;43;0;3;5;0;0;0;0;0;0;0;0;0;0;0;0;0;0;0;0;0;0;0;0;0;0;0;0;0;0;0;0;0;0;0;0;0;0;0;0;0;0;0;0;0;0;0;0;0;0;0;0;0;0;0;0;0;0;0;0;0;0;0;63 363;0;18 469;57 765;0;18 265;5 598;0;204;168;0;6;0;0;0;0;0;0;3 167 221;0;2 961 441;0;301 840;0;60 368;0;9 056;0;96 060;0;19;0;4;0;0;95;0;0;95;0;0;1;1;1;0;0;0;0;0;0;0;231 769;231 450;75 158;75 138;0;0;1 231;5 443;10 884 459;3 019 317;862 456;1 288 870;5 654 934;0;835;0;5 631 054;0;23 905;0;0;1 807 816;0;0;0;0;0;0;283 061;10;7 940 401;23 870;0;0;0;0;0;0;130 916;0;71;0;0;16 648;1;0;0;102;151 517;1 833 984;0;0;827;3;0;0;0;0;0;0;0;0;0;6 251;1;69;2;0;0;0;0;0;0;0;0;0;0;0;0;0;0;0;1 262;1;168;0;0;0;0;0;0;0;0;31 668;1;5 298;3;0;0;0;0;0;0;0;0;0;0;0;0;0;0;0;0;22 628;5;2 071;4;36 378;15;13 297;23;0;0;0;0;0;0;82 858;11;17 690;5;4 248;1;0;0;3 161;1;11 543;19;0;0;0;0;0;0;0;0;0;0;0;0;13 936 710;2 149;562 549;14;0;0;0;0;0;0;0;0;0;0;0;0;0;0;0;0;0;0;0;0;0;0;0;0;0;0;0;0;0;0;0;0;0;0;0;0;0;0;0;0;0;0;0;0;0;0;0;0;0;0;0;0;0;0;0;0;0;0;0;0;0;0;0;0;0;0;0;0;0;0;0;0;0;0;0;0;0;0;0;0;0;0;0;0;0;0;0;0;0;0;0;0;0;0;0;0;0;0;0;0;0;0;0;0;0;0;0;0;0;0;0;0;0;0;0;0;0;0;0;0;0;0;0;0;0;0;0;0;0;0;0;0;0;0;0;0;0;0;0;0;0;0;0;0;0;0;0;0;0;0;0;0;0;0;0;0;0;0;0;0;0;0;0;0;0;0;0;0;0;0;0;0;0;0;0;0;0;0;0;0
Волгоградская область;593 196 390;71 300 837;90 556 416;5 288 325;553 324 818;79 040 479;75 896 799;9 437 160;225 462;175 721;2 600 879;241 993;6 917;470;53 735 831;2 486 547;225;51 249 288;11 949 528;10 238 903;1 537 478;203;16 356;67 776;2;2 213 963;332 275;559 418;50 755;86 784;7 611;497 309;10 955;12;0;0;0;0;0;0;592 396;0;0;0;0;0;5 283;871;2 149;942;0;936 871;3 143 870;0;810 239;2 840 366;0;127 579;328 827;0;25 516;65 765;0;3 827;9 865;0;946;25 324;0;344;73;0;3;6;0;0;0;8 645;0;0;10 807;0;0;0;0;0;0;0;0;0;0;0;0;0;0;2 163;0;0;1;0;0;1;0;0;0;0;0;0;0;0;0;0;0;0;0;0;0;0;0;0;0;0;0;0;0;0;0;0;0;0;0;0;0;182 280;0;0;143 503;0;0;39 733;0;0;1 192;0;0;954;0;0;2;0;0;34 682 358;0;24 438 383;0;10 363 915;0;2 072 783;0;310 916;0;119 940;0;204;0;11;0;682 429;474 388;3 023;215 169;10 149;43 034;6 455;31;20;6;0;0;0;0;0;0;0;200 061;194 291;9 592 602;8 034 361;0;0;1 592 663;45 103;24 715 122;23 053 280;151 762;787 266;710 561;0;10 119;0;706 960;0;13 720;321 340;0;0;0;0;0;0;3 138;4 117;0;0;385 620;3 601;0;0;0;0;0;0;31 958;0;0;0;0;693;1;0;0;90;483 781;2 408 358;0;0;0;0;0;0;0;0;0;0;0;0;0;1 106;1;2 300;1;0;0;0;0;0;0;0;0;0;0;0;0;0;0;0;603;1;80;0;0;0;0;0;0;0;0;0;0;5 930;3;0;0;0;0;0;0;0;0;0;0;0;0;0;0;0;0;4 813;10;14 542;6;4 666;16;25 726;35;0;0;8 646;2;5 540;6;166 184;29;4 842;12;3 804;8;1 827;5;1 324;1;30 022;46;6;1;0;0;0;0;0;0;0;0;0;0;17 342 895;2 635;15 204;7;0;0;0;0;0;0;0;0;0;0;0;0;0;0;0;0;0;0;0;0;0;0;0;0;0;0;0;0;0;0;0;0;0;0;0;0;0;0;0;0;0;0;0;0;0;0;0;0;0;0;0;0;0;0;0;0;0;0;0;0;0;0;0;0;0;0;0;0;0;0;0;0;0;0;0;0;0;0;0;0;0;0;0;0;0;0;0;0;0;0;0;0;0;0;0;0;0;0;0;0;0;0;0;0;0;0;0;0;0;0;0;0;0;0;0;0;0;0;0;0;0;0;0;0;0;0;0;0;0;0;0;0;0;0;0;0;0;0;0;0;0;0;0;0;0;0;0;0;0;0;0;0;0;0;0;0;0;0;0;0;0;0;0;0;0;0;0;0;0;0;0;0;0;0;0;0;0;0;0;0
Вологодская область;1 227 472 392;39 930 733;424 719 241;162 049 649;1 065 964 488;43 045 477;350 363 365;110 664 812;266 552;165 043;143 086 855;61 969 825;5 766;605;93 054 363;1 049 984;172;92 004 379;13 531 513;17 757 027;2 760 039;0;0;0;0;1 583 275;240 073;701 738;17 929;111 422;2 678;209 997;643 756;4;0;0;0;92;0;0;853 845;0;0;0;0;0;7 259;768;2 725;811;0;547 584;1 228 212;0;491 179;1 084 191;0;58 152;147 896;0;11 630;29 579;0;1 745;4 437;0;1 747;3 875;0;157;37;0;2;4;0;0;0;993 954;0;0;699 566;0;0;314 586;0;0;0;0;0;62 917;0;0;9 438;0;0;20 198;0;0;12;0;0;2;0;0;0;0;0;0;0;0;0;0;0;0;0;0;0;0;0;0;0;0;0;0;0;0;0;0;0;0;0;0;0;443 609;0;8 342;395 656;0;8 588;49 010;0;0;1 470;0;0;1 057;0;246;2;0;1;14 862 625;0;12 820 524;0;2 193 449;0;438 690;0;65 803;0;151 348;0;65;0;7;0;666 307;448 827;3 343;217 158;3 021;43 432;6 515;12;4;1;0;0;0;0;0;0;0;223 699;212 554;308 721;288 291;0;0;20 430;8 178;144 012 036;91 752 263;622 387;5 641 129;45 994 429;44 456 612;1 813;44 456 612;0;15 000;1 271 813;0;0;1 270 000;0;0;0;0;0;0;0;0;0;0;0;0;0;0;0;0;0;15 000;0;52 229;1;6 071;1;0;0;78;2 197 563;12 767 172;0;0;0;0;1 006;1;0;0;0;0;0;0;0;2 810 647;2;85 146;2;0;0;0;0;0;0;0;0;0;649 890;1;64 989;3 841;1;384;2 425 537;6;323 405;0;0;0;0;0;0;0;0;0;0;243;1;123 390;1;12 339;0;0;0;0;0;0;0;0;0;0;0;0;0;121 408;4;6 279;4;94 079;8;124 978;20;0;0;0;0;21;1;656 196;33;14 320;8;0;0;8 703;6;28 454;2;122 386;32;0;0;0;0;0;0;0;0;0;0;0;0;30 308 008;4 199;16 693 546;26;0;0;0;0;0;0;0;0;0;0;0;0;0;0;0;0;0;0;0;0;0;0;0;0;0;0;44 439 978;1;0;0;0;0;0;0;0;0;0;0;0;0;0;0;0;0;0;0;0;0;0;0;0;0;0;0;0;0;0;0;0;0;0;0;0;0;0;0;0;0;0;0;0;0;0;0;0;0;0;0;0;0;0;0;0;0;0;0;0;0;0;0;0;0;0;0;0;0;0;0;0;0;0;0;0;0;0;0;0;0;0;0;0;0;0;0;0;0;0;0;0;0;0;0;0;0;0;0;0;0;0;0;0;0;0;0;0;0;0;0;0;0;0;0;0;0;0;0;0;0;0;0;0;0;0;0;0;0;0;0;0;0;0;0;0;0;0;0;0;0;0;0;0;0;0;0;0;0;0;0;0;0
Воронежская область;1 309 566 404;82 666 815;107 091 160;10 470 442;1 249 521 077;89 577 970;113 296 389;22 661 005;227 719;57 073;4 605 373;342 720;67 067;39;49 396 543;2 242 897;233;47 153 646;19 385 781;9 348 988;1 414 608;781;0;0;0;2 128 413;322 013;679 457;34 465;101 941;5 170;448 579;81 741;9;0;0;0;0;0;0;530 320;84;0;0;0;0;12 127;1 679;4 959;887;0;616 933;3 839 790;0;581 020;3 711 155;0;48 795;532 132;0;9 759;106 426;0;1 464;15 964;0;12 793;403 497;0;126;70;0;6;14;0;0;0;0;0;0;0;0;0;0;0;0;0;0;0;0;0;0;0;0;0;0;0;0;0;0;0;0;0;0;0;0;0;0;0;0;0;0;0;0;0;0;0;0;0;0;0;0;0;0;0;0;0;0;0;0;0;0;0;320 084;0;0;278 321;0;0;41 763;0;0;1 253;0;0;0;0;0;0;0;0;88 585 137;0;66 243 189;0;23 303 589;0;4 660 717;0;699 108;0;961 641;0;189;0;13;0;44 866;47 662;0;612;3 408;122;18;4;4;1;0;0;0;0;0;0;0;359 679;351 372;146 897;135 450;0;0;2 787;2 680;9 663 871;8 545 858;149 269;604 208;352 234;663;12 260;0;351 753;0;12 247;0;41 416;5 250;0;171;0;0;0;0;353 631;0;0;237 171;0;0;0;0;0;0;1 264 200;0;4 000;0;0;130;1;0;0;105;398 680;2 368 086;75;1;0;0;0;0;0;0;0;0;0;0;0;116 903;2;0;0;0;0;0;0;0;0;0;0;0;0;0;0;0;0;0;0;0;0;0;0;0;0;0;0;0;0;0;0;155;2;0;0;0;0;0;0;0;0;0;0;0;0;0;0;0;0;22 489;2;15 374;2;870;4;13 959;11;0;0;0;0;16 624;3;54 376;13;10 906;4;6 194;3;688;3;0;0;20 090;10;0;0;0;0;0;0;0;0;0;0;0;0;27 837 606;4 240;588 819;10;0;0;0;0;0;0;0;0;0;0;0;0;0;0;0;0;0;0;0;0;0;0;0;0;0;0;0;0;0;0;0;0;0;0;0;0;0;0;0;0;0;0;0;0;0;0;0;0;0;0;0;0;0;0;0;0;0;0;0;0;0;0;0;0;0;0;0;0;0;0;0;0;0;0;0;0;0;0;0;0;0;0;0;0;0;0;0;0;0;0;0;0;0;0;0;0;0;0;0;0;0;0;0;0;0;0;0;0;0;0;0;0;0;0;0;0;0;0;0;0;0;0;0;0;0;0;0;0;0;0;0;0;0;0;0;0;0;0;0;0;0;0;0;0;0;0;0;0;0;0;0;0;0;0;0;0;0;0;0;0;0;0;0;0;0;0;0;0;0;0;0;0;0;0;0;0;0;0;0;2
Ивановская область;303 627 320;20 216 567;9 591 052;1 317 689;290 487 408;25 100 207;10 132 621;2 234 726;41 039;93 496;771 679;0;4 042;0;11 901 113;611 702;107;11 289 411;5 702 160;2 253 251;338 573;0;0;0;0;439 089;65 990;167 448;3 764;25 094;565;122 341;4 156;4;0;0;0;92;0;0;126 589;0;0;0;0;0;5 714;635;3 007;859;0;246 869;827 252;79 331;197 671;745 277;75 611;52 461;94 977;3 720;10 492;18 995;744;1 574;2 849;112;3 263;13 002;0;119;29;1;42;3;0;0;0;3 713 259;0;0;2 968 335;0;0;751 031;0;0;22 531;0;0;127 675;0;0;22 531;0;0;6 107;0;0;7;0;0;3;0;0;0;0;0;0;0;0;0;0;0;0;0;0;0;0;0;0;0;0;0;0;0;0;0;0;0;0;0;0;0;209 060;0;7 656;188 215;0;9 744;20 953;0;8;629;0;0;110;0;2 096;1;0;1;1 147 867;0;1 018 178;0;147 094;0;29 419;0;4 413;0;17 405;0;7;0;2;0;338 554;307 094;0;32 865;1 405;6 573;986;4;2;0;0;0;0;0;0;0;0;661 048;652 722;790 015;915 678;0;0;46 764;1 971;1 446 128;1 375 861;9 791;59 896;580;0;0;0;0;0;0;0;0;0;0;0;0;0;0;0;0;0;0;0;0;0;0;0;0;0;0;580;0;0;0;0;0;0;0;42;48 265;276 808;1;1;30;2;0;0;0;0;0;0;0;0;0;0;0;0;0;0;0;0;0;0;0;0;0;0;0;0;0;0;0;0;27 564;1;3 675;0;0;0;0;0;0;0;0;0;0;0;0;0;0;0;0;0;0;0;0;0;0;0;0;0;0;0;0;226;1;3 313;2;1 330;5;2 595;11;0;0;0;0;1 876;1;9 380;4;0;0;323;1;492;1;168;1;6 946;11;0;0;0;0;0;0;0;0;0;0;0;0;4 643 739;1 379;7 877;5;0;0;0;0;0;0;0;0;0;0;0;0;0;0;0;0;0;0;0;0;0;0;0;0;0;0;0;0;0;0;0;0;0;0;0;0;0;0;0;0;0;0;0;0;0;0;0;0;0;0;0;0;0;0;0;0;0;0;0;0;0;0;0;0;0;0;0;0;0;0;0;0;0;0;0;0;0;0;0;0;0;0;0;0;0;0;0;0;0;0;0;0;0;0;0;0;0;0;0;0;0;0;0;0;0;0;0;0;0;0;0;0;0;0;0;0;0;0;0;0;0;0;0;0;0;0;0;0;0;0;0;0;0;0;0;0;0;0;0;0;0;0;0;0;0;0;0;0;0;0;0;0;0;0;0;0;0;0;0;0;0;0;0;0;0;0;0;0;0;0;0;0;0;0;0;0;0;0;0;0
Иркутская область;1 184 250 818;178 560 636;136 000 472;9 832 389;1 017 442 913;187 126 717;80 804 064;21 633 545;309 410;213 974;26 030 215;62 736;403 848;1;195 879 950;3 970 656;176;191 909 295;20 082 438;35 008 198;5 757 279;0;0;0;0;5 327 043;864 682;1 332 975;19 495;199 946;2 924;794 131;3 373 661;4;0;0;0;0;0;0;4 167 792;0;0;0;0;0;7 260;1 122;3 894;1 206;0;1 113 709;5 007 626;251 140;1 083 822;4 581 159;238 051;38 804;459 845;13 089;7 761;91 969;2 618;1 164;13 795;393;8 917;33 378;0;359;86;2;9;11;0;11 866 267;25 613 743;630 610;8 683 330;10 023 161;521 485;3 293 264;15 590 582;183 308;0;2 650 399;0;658 653;467 717;36 662;98 798;467 717;5 499;110 327;0;74 183;10;1;12;4;0;4;0;0;0;0;0;0;0;0;0;0;0;0;0;0;0;0;0;0;0;0;0;0;0;0;0;0;0;0;0;0;0;171 732;0;29 509;152 658;0;28 799;21 525;0;710;646;0;21;2 451;0;0;1;0;0;107 643;0;80 532;0;27 657;0;5 531;0;830;0;546;0;3;0;1;0;3 904 619;3 060 383;24 221;529 710;4 200;105 942;15 891;12;4;27;0;0;0;0;0;0;0;800 870;807 082;169 392;39 540;0;0;133 846;18 929 868;58 032 277;45 923 482;240 987;1 026 166;10 830 912;0;0;0;10 568 411;262 501;0;20 383;0;61 000;0;0;0;0;262 501;0;0;0;0;0;0;0;0;0;0;0;10 568 411;0;0;0;0;14 652;2;0;0;140;505 997;11 492 146;0;0;7 909;3;0;0;0;0;0;0;0;0;0;695 081;4;111 450;2;0;0;0;0;0;0;0;0;0;5 253;1;525;0;0;0;0;0;0;0;0;0;0;0;0;0;0;0;0;0;0;0;0;0;265 044;1;35 339;0;0;0;0;0;0;0;0;0;0;13 324;2;248 502;5;3 368;5;40 605;14;29;2;0;0;46 623;7;49 431;15;1 529;9;90 192;6;1 834;4;0;0;32 982;23;0;0;0;0;0;0;0;0;0;0;0;0;42 323 910;3 386;239 659;17;0;0;0;0;0;0;0;0;0;0;0;0;0;0;0;0;0;0;0;0;0;0;0;0;0;0;0;0;0;0;0;0;0;0;0;0;0;0;0;0;0;0;0;0;0;0;0;0;0;0;0;0;0;0;0;0;0;0;0;0;0;0;0;0;0;0;0;0;0;0;0;0;0;0;0;0;0;0;0;0;0;0;0;0;0;0;0;0;0;0;0;0;0;0;0;0;0;0;0;0;0;0;0;0;0;0;0;0;0;0;0;0;0;0;0;0;0;0;0;0;0;0;0;0;0;0;0;0;0;0;0;0;0;0;0;0;0;0;0;0;0;0;0;0;0;0;0;0;0;0;0;0;0;0;0;0;0;0;0;0;0;0;0;0;0;0;0;0;0;0;0;0;0;0;0;0;0;0;0;0
Калининградская область;421 584 716;123 582 192;158 398 502;113 644 804;402 496 366;128 814 217;87 359 090;121 759 767;585 578;131 061;61 226 206;52 256 000;7 697;2 930;29 479 635;1 128 411;148;28 351 224;65 474 856;5 665 542;850 080;9 604;0;0;0;1 505 643;225 857;257 248;30 685;38 702;4 611;225 683;0;0;0;0;0;0;0;0;225 683;56;0;0;0;0;2 793;1 115;1 909;524;0;596 459;1 298 572;67 543;575 196;1 139 343;67 560;23 642;179 707;0;4 728;35 941;0;709;5 391;0;2 437;20 479;17;64;24;1;6;3;1;0;0;0;0;0;0;0;0;0;0;0;0;0;0;0;0;0;0;0;0;0;0;0;0;0;0;0;358 170 876;0;0;331 835 484;0;0;4 452 889;0;0;30 890 223;0;0;134 289;760 973;0;0;5 282 782;0;0;792 417;0;0;9 007 740;0;0;201;0;0;84;0;0;32 540;0;0;32 360;0;0;180;0;0;5;0;0;0;0;0;0;0;0;4 151 606;0;4 433 104;0;678 697;0;135 740;0;20 361;0;960 195;0;17;0;7;0;92 239;111 277;0;494;19 532;99;15;7;5;20;1 616 421;873 920;371 367;371 367;74 273;233;1;56 358 881;55 355 836;5 067;5 067;0;0;0;45 878;18 233 671;8 967 669;582 436;1 683 653;6 918 528;0;69 368;66 470;6 809 534;88 334;732;0;107 219;0;0;0;0;0;0;0;1 944 970;0;0;0;6 976;0;0;0;0;101 291;192 572;25 613;77;0;0;10 027;1;0;0;35;50 137;188 654;0;0;0;0;56 569;1;0;0;0;0;0;0;0;1 014;1;0;0;0;0;0;0;0;0;0;0;0;0;0;0;0;0;0;1 334 270;2;177 903;0;0;0;0;0;0;0;0;0;0;0;0;0;0;0;0;0;0;0;0;0;0;0;0;0;0;196;1;179;3;9 507;2;2 582;5;3 988;8;0;0;0;0;1 952;3;22 137;12;1 310;7;375;1;0;0;0;0;8 789;11;0;0;0;0;0;0;51;1;0;0;0;0;15 210 032;1 724;2 856 435;4;0;0;0;0;0;0;0;0;0;0;735 910;5;216 000;1;0;0;0;0;0;0;0;0;0;0;0;0;0;0;0;0;0;0;0;0;0;0;0;0;0;0;0;0;0;0;0;0;0;0;0;0;0;0;0;0;0;0;0;0;0;0;0;0;0;0;0;0;0;0;0;0;0;0;0;0;0;0;0;0;0;0;0;0;0;0;0;0;0;0;0;0;0;0;0;0;0;0;0;0;0;0;0;0;0;0;0;0;0;0;0;0;0;0;0;0;0;0;0;0;0;0;0;0;0;0;0;0;0;0;0;0;0;0;0;0;0;0;0;0;0;0;0;0;0;0;0;0;0;0;0;0;0;0;0;0;0;0;0;0;0;0;0;0;0;0;0;0;0;0;0;0;0;0;0;0;0;0;0;0;0;0
Калужская область;795 525 536;141 576 797;81 466 631;28 841 846;734 997 800;149 256 251;87 688 737;53 609 915;318 801;116 968;1 035 562;245 219;4 553;5 705;53 604 247;6 075 514;121;47 528 733;32 534 611;9 396 022;1 425 861;6;17 483;40 794;2;2 345 404;365 471;503 806;22 030;80 333;3 304;1 215 103;109 688;4;3;33;1;0;0;0;1 383 104;496;0;0;0;0;4 080;852;1 941;708;0;484 523;1 904 175;0;390 276;1 766 019;0;110 093;177 367;0;22 019;35 473;0;3 303;5 321;0;15 846;39 211;0;22;35;0;2;5;0;0;0;23 499;0;0;19 061;0;0;4 438;0;0;0;0;0;888;0;0;133;0;0;0;0;0;1;0;0;0;0;0;162 560 951;0;0;152 994 180;0;0;0;0;0;9 566 771;0;0;0;1 101 702;0;0;811 652;0;0;287 003;0;0;0;0;0;1;0;0;0;165 420;0;0;125 427;0;0;40 124;0;0;1 204;0;0;131;0;0;1;0;0;20 679 580;0;20 863 755;0;1 042 494;0;208 499;0;31 275;0;1 226 669;0;73;0;16;0;2 129 446;1 962 831;1 864;195 604;30 853;39 121;5 868;18;4;7;0;0;0;0;0;0;0;2 969;2 720;5 709 165;5 642 366;0;0;66 799;4 582 971;5 027 998;2 343 469;54 889;256 280;2 372 348;0;12;3 971;2 307 317;0;61 072;15 885;0;0;0;0;0;0;0;0;0;0;2 126 111;1 036;0;17 346;2 100 000;0;19 871;3 971;865 321;0;22 807;0;0;1 181;1;0;0;81;734 102;3 443 782;75;1;0;0;0;0;0;0;0;0;0;0;0;0;0;0;0;0;0;0;0;0;0;0;0;0;0;0;0;0;0;0;0;0;0;0;0;0;0;0;0;0;0;0;0;0;0;0;0;0;0;0;0;24 730;2;0;0;0;0;0;0;0;0;2 492;3;0;0;2 172;6;22 091;19;0;0;0;0;16 008;2;106 107;17;8 475;8;59 416;5;17 160;4;7 342;1;42 986;21;0;0;0;0;0;0;0;0;0;0;0;0;27 626 879;2 517;867 838;12;0;0;0;0;0;0;0;0;0;0;0;0;0;0;0;0;0;0;0;0;0;0;0;0;0;0;0;0;0;0;0;0;0;0;0;0;0;0;0;0;0;0;0;0;0;0;0;0;0;0;0;0;0;0;0;0;0;0;0;0;0;0;0;0;0;0;0;0;0;0;0;0;0;0;0;0;0;0;0;0;0;0;0;0;0;0;0;0;0;0;0;0;0;0;0;0;0;0;0;0;0;0;0;0;0;0;0;0;0;0;0;0;0;0;0;0;0;0;0;0;0;0;0;0;0;0;0;0;0;0;0;0;0;0;0;0;0;0;0;0;0;0;0;0;0;0;0;0;0;0;0;0;0;0;0;0;0;0;0;0;0;0;0;0;0;0;0;0;0;0;0;0;0;0;0;0;0;0;0;0
Камчатский край;142 647 953;25 713 560;15 743 270;9 360 716;127 968 714;28 221 882;15 845 368;13 378 691;33 417;103 527;361 864;255 631;2 009;0;14 246 685;581 567;25;13 665 118;6 678 399;2 732 682;409 619;0;0;0;0;488 581;73 265;964 862;81 385;144 583;12 208;116 314;0;0;0;0;0;311;0;0;116 625;0;0;0;0;0;640;194;558;273;0;140 803;106 339;355 060;126 847;95 991;286 593;14 052;16 524;68 448;2 810;3 305;13 690;421;496;2 053;97;6 178;0;12;11;11;2;1;0;5 093 069;173 432;15 676 056;4 964 136;172 732;12 241 264;0;700;3 304 205;0;70;165 212;0;70;495 631;0;21;99 126;2 143;0;110 071;2;1;20;1;0;10;0;533 738;0;0;506 272;0;0;8 362;0;0;36 113;0;0;0;1 806;0;0;5 417;0;0;1 083;0;0;17 010;0;0;6;0;0;4;0;40 292;132 283;13 752;33 551;90 090;17 144;6 740;42 192;0;202;1 266;0;0;0;3 393;0;0;1;18 283 148;551 826;15 860 323;467 246;2 432 664;84 580;486 533;16 916;72 980;2 537;9 839;0;8;1;1;0;0;189;0;0;189;0;0;1;1;0;0;0;0;0;0;0;0;223 712;198 770;100;100;0;0;0;0;713 485;318 122;83 541;290 821;0;0;0;0;0;0;0;0;0;0;0;0;0;0;0;0;0;0;0;0;0;0;0;0;0;0;0;0;0;0;0;0;0;0;0;23;65 726;973 738;0;0;0;0;0;0;0;0;0;0;0;0;0;0;0;0;0;0;0;0;0;0;0;0;0;0;0;0;0;0;0;0;4 292;1;572;0;0;0;0;0;0;0;0;0;0;0;0;0;0;0;0;0;0;0;0;0;0;0;0;0;0;0;0;0;0;0;0;0;0;0;0;0;0;0;0;0;0;0;0;0;0;0;0;0;0;0;0;0;0;0;0;0;0;0;0;0;0;0;0;0;0;6 677 840;388;9 568;2;0;0;0;0;0;0;0;0;0;0;348 932;2;0;0;0;0;0;0;0;0;0;0;0;0;0;0;0;0;0;0;0;0;0;0;0;0;0;0;0;0;0;0;0;0;0;0;0;0;0;0;0;0;0;0;0;0;0;0;0;0;0;0;0;0;0;0;0;0;0;0;0;0;0;0;0;0;0;0;0;0;0;0;0;0;0;0;0;0;0;0;0;0;0;0;0;0;0;0;0;0;0;0;0;0;0;0;0;0;0;0;0;0;0;0;0;0;0;0;0;0;0;0;0;0;0;0;0;0;0;0;0;0;0;0;0;0;0;0;0;0;0;0;0;0;0;0;0;0;0;0;0;0;0;0;0;0;0;0;0;0;0;0;0;0;0;0;0;0;0;0;0;0;0;0;0;0;0;0;0;0
Кемеровская область - Кузбасс;1 437 335 748;511 433 054;263 275 129;62 951 354;1 338 278 890;539 406 588;247 624 797;123 476 092;206 918;420 904;5 665 610;257 561;503 505;985;108 759 249;4 281 000;211;104 594 983;88 070 487;20 899 231;3 137 626;17;3 348;19 186;3;3 471 481;520 422;980 378;352 343;147 774;52 853;856 200;19 726;4;0;0;0;0;0;0;898 460;0;0;0;0;0;7 266;800;2 918;848;0;521 682;1 997 347;1 231 153;499 014;1 876 658;1 135 141;22 668;140 185;96 012;4 534;28 037;19 202;680;4 206;2 880;0;19 496;0;285;67;80;0;4;0;0;0;4 503 860;0;0;4 335 301;0;0;221 957;0;0;11 108;0;0;33 262;0;0;6 655;0;0;53 398;0;0;37;0;0;9;0;0;0;0;0;0;0;0;0;0;0;0;0;0;0;0;0;0;0;0;0;0;0;0;0;0;0;0;0;0;0;276 914;0;2 331;253 987;0;2 165;22 926;0;166;688;0;5;0;0;0;0;0;0;5 710 292;0;4 837 902;0;984 123;0;196 825;0;29 524;0;111 733;0;13;0;5;0;515 486;498 473;236;17 881;1 103;3 576;536;7;3;0;0;0;0;0;0;0;0;6 178 747;5 539 449;14 787 911;14 756 824;3 725 001;3 199 800;578 270;2 435 468;9 394 487;5 586 307;401 733;1 351 548;2 053 815;0;504;0;178 502;1 753 315;504;762 502;0;0;0;0;0;0;1 741 300;0;0;0;178 502;14 163;0;0;0;0;0;0;0;12 015;0;0;0;277;1;0;0;173;1 774 421;13 803 518;0;0;3 616;1;0;0;0;0;0;0;0;0;0;3 294 348;13;64 426;5;0;0;0;0;0;0;0;0;0;121 063;1;12 106;0;0;0;72 829;3;9 711;0;0;0;0;0;0;0;0;362 726;3;13 975;3;0;0;0;0;0;0;0;0;0;0;0;0;0;0;0;0;235 704;35;238 850;5;98 400;23;140 585;47;68;1;0;0;1 137;1;157 245;27;207 089;22;126 956;16;9 498;9;10 703;3;224 218;55;0;0;0;0;0;0;0;0;62 183;1;0;0;46 210 508;2 716;10 204 170;42;0;0;0;0;0;0;253;1;0;0;0;0;0;0;0;0;0;0;0;0;0;0;0;0;0;0;0;0;0;0;0;0;0;0;0;0;0;0;0;0;0;0;0;0;0;0;0;0;0;0;0;0;0;0;0;0;0;0;0;0;0;0;0;0;0;0;0;0;0;0;0;0;0;0;0;0;0;0;0;0;0;0;0;0;0;0;0;0;0;0;0;0;0;0;0;0;0;0;0;0;0;0;0;0;0;0;0;0;0;0;0;0;0;0;0;0;0;0;0;0;0;0;0;0;0;0;0;0;0;0;0;0;0;0;0;0;0;0;0;0;0;0;0;0;0;0;0;0;0;0;0;0;0;0;0;0;0;0;0;0;0;0;0;0;0;0;0;0;0;0;0;0;0;0;0;0;0;0;0;0
Кировская область;272 574 168;60 180 542;8 787 892;13 985 250;257 146 287;62 186 765;8 665 447;16 721 727;108 020;54 015;280 117;488 778;27 341;83;15 351 348;458 440;113;14 893 227;5 177 532;2 951 463;446 704;0;0;0;0;558 151;84 118;244 196;96 169;36 926;14 426;91 688;27 041;4;0;0;0;79;0;0;118 808;0;0;0;0;0;3 953;459;1 406;245;0;107 755;2 072 810;0;98 497;1 631 221;0;9 871;442 562;0;1 974;88 512;0;296;13 277;0;613;977;0;70;31;0;2;2;0;0;0;975 641;0;0;911 986;0;0;137 991;0;0;6 913;0;0;20 685;0;0;4 137;0;0;74 336;0;0;4;0;0;1;0;0;0;0;0;0;0;0;0;0;0;0;0;0;0;0;0;0;0;0;0;0;0;0;0;0;0;0;0;0;0;294 949;0;0;256 115;0;0;38 836;0;0;1 165;0;0;0;0;0;0;0;0;19 656 488;0;16 460 654;0;3 297 553;0;659 512;0;98 927;0;101 719;0;107;0;7;0;11 268;11 833;0;0;565;0;0;2;2;0;0;0;0;0;0;0;0;14 108 079;14 066 685;83 603;83 139;0;0;689;25 060;494 124;127 018;15 916;297 525;842;0;18;0;0;842;17;0;0;0;0;0;0;0;0;0;0;0;0;0;0;0;0;0;0;0;0;746;0;0;0;2 639;1;0;0;83;104 416;987 075;704;1;10 061;3;0;0;0;0;0;0;0;0;0;2 375;1;24;1;0;0;0;0;0;0;0;0;0;4 609;2;461;0;0;0;0;0;0;0;0;0;0;0;0;0;0;135 133;1;290;3;0;0;0;0;0;0;0;0;0;0;0;0;0;0;0;0;1 836;5;105;1;29 417;14;29 844;32;0;0;0;0;2 079;2;46 466;19;454;7;4 220;2;7 608;4;1 793;4;19 744;35;0;0;0;0;0;0;0;0;0;0;0;0;11 854 080;1 564;47 528;7;0;0;0;0;0;0;0;0;0;0;0;0;0;0;0;0;0;0;0;0;0;0;0;0;0;0;0;0;0;0;0;0;0;0;0;0;0;0;0;0;0;0;0;0;0;0;0;0;0;0;0;0;0;0;0;0;0;0;0;0;0;0;0;0;0;0;0;0;0;0;0;0;0;0;0;0;0;0;0;0;0;0;0;0;0;0;0;0;0;0;0;0;0;0;0;0;0;0;0;0;0;0;0;0;0;0;0;0;0;0;0;0;0;0;0;0;0;0;0;0;0;0;0;0;0;0;0;0;0;0;0;0;0;0;0;0;0;0;0;0;0;0;0;0;0;0;0;0;0;0;0;0;0;0;0;0;0;0;0;0;0;0;0;0;0;0;0;0;0;0;0;0;0;0;0;0;0;0;0;0
Костромская область;272 263 890;473 000 375;45 747 227;837 449 327;250 202 993;486 156 525;45 810 181;843 903 233;22 169;79 871;3 333 286;15 007 085;43 633;0;18 643 194;1 738 731;83;16 904 463;34 535 770;3 322 934;507 134;0;0;0;0;1 451 002;217 739;211 592;3 161;31 640;475;347 746;57 958;4;0;0;0;0;0;0;405 704;51;0;0;0;0;1 721;435;446;130;0;167 057;1 119 291;3 706;165 167;912 419;2 360;1 922;213 634;1 346;384;42 727;269;58;6 409;40;32;6 762;0;162;26;2;3;5;0;0;0;7 642;0;0;220 950;0;0;0;0;0;0;0;0;0;0;0;0;0;0;213 308;0;0;1;0;0;1;0;0;0;0;0;0;0;0;0;0;0;0;0;0;0;0;0;0;0;0;0;0;0;0;0;0;0;0;0;0;0;123 039;0;0;119 832;0;0;3 848;0;0;115;0;0;641;0;0;1;0;0;365 883;0;307 661;0;61 350;0;12 270;0;1 841;0;3 128;0;5;0;1;0;4 803;5 033;0;0;230;0;0;1;1;1;0;0;0;0;0;0;0;8 334 390;7 734 053;8 339 875;8 312 601;17 616;54 392;1 500;1 027 803;2 866 083;1 194 922;32 205;848 106;604 431;0;49 365;0;328 533;13 919;311 344;328 533;7 558;21;0;0;0;0;0;0;0;0;0;0;54 685;0;0;0;42 195;0;0;0;290 299;0;0;0;0;0;0;34;40 265;213 991;13 750;2;0;0;0;0;0;0;0;0;0;0;0;0;0;0;0;0;0;0;0;0;0;0;0;0;0;0;0;0;0;0;219 897;2;29 320;0;0;0;0;0;0;0;0;0;0;0;0;0;0;0;0;0;0;0;0;0;0;0;0;0;0;0;0;1 431;2;410;1;1 336;4;1 385;3;20;1;0;0;0;0;10 957;5;17;1;1 109;1;0;0;0;0;2 238;7;0;0;0;0;0;0;0;0;0;0;0;0;6 253 647;820;14 509;6;0;0;0;0;0;0;0;0;0;0;0;0;0;0;0;0;0;0;0;0;0;0;0;0;0;0;0;0;0;0;0;0;0;0;0;0;0;0;0;0;0;0;0;0;0;0;0;0;0;0;0;0;0;0;0;0;0;0;0;0;0;0;0;0;0;0;0;0;0;0;0;0;0;0;0;0;0;0;0;0;0;0;0;0;0;0;0;0;0;0;0;0;0;0;0;0;0;0;0;0;0;0;0;0;0;0;0;0;0;0;0;0;0;0;0;0;0;0;0;0;0;0;0;0;0;0;0;0;0;0;0;0;0;0;0;0;0;0;0;0;0;0;0;0;0;0;0;0;0;0;0;0;0;0;0;0;0;0;0;0;0;0;0;0;0;0;0;0;0;0;0;0;0;0;0;0;0;0;0;0
Курганская область;164 416 182;29 579 644;5 700 578;3 499 075;155 052 178;31 343 815;6 215 759;8 577 606;262 789;131 009;23;7 071;557;48;9 120 261;306 796;54;8 813 466;6 718 593;1 757 276;264 404;0;0;9 000;1;337 894;51 333;94 840;10 633;13 454;1 602;61 359;5 418;4;0;0;0;0;0;0;75 777;0;0;0;0;0;1 466;304;669;208;0;417 744;610 796;0;351 397;585 274;0;66 347;36 985;0;13 269;7 397;0;1 990;1 110;0;0;11 463;0;77;23;0;0;4;0;0;0;160 570;0;0;124 141;0;0;36 429;0;0;1 821;0;0;5 464;0;0;1 092;0;0;0;0;0;3;0;0;0;0;0;0;0;0;0;0;0;0;0;0;0;0;0;0;0;0;0;0;0;0;0;0;0;0;0;0;0;0;0;0;118 194;0;32;112 857;0;32;5 607;0;0;168;0;0;271;0;0;1;0;0;6 962 082;0;5 343 328;0;1 652 950;0;330 591;0;49 588;0;34 196;0;58;0;7;0;6 127;6 403;0;674;950;135;20;3;2;0;0;0;0;0;0;0;0;13 646;13 390;1 432 860;1 423 445;0;0;9 415;0;285 623;98 362;30 703;156 555;0;0;2;1;0;0;1;0;0;0;0;0;0;0;0;0;0;0;8 242;0;0;0;0;0;0;0;19 310;0;0;0;0;0;0;0;0;36;69 678;464 674;0;0;0;0;0;0;0;0;0;0;0;0;0;0;0;0;0;0;0;0;0;0;0;0;0;0;0;0;0;0;0;0;24 324;2;3 243;0;0;0;0;0;0;0;0;0;0;8;1;0;0;0;0;0;0;0;0;0;0;0;0;0;0;0;0;162;1;9 833;1;3 759;6;10 633;9;0;0;0;0;0;0;18 243;5;1 433;3;500;1;0;0;0;0;10 365;7;0;0;0;0;0;0;0;0;0;0;0;0;4 222 263;722;149 248;7;0;0;0;0;0;0;0;0;0;0;0;0;0;0;0;0;0;0;0;0;0;0;0;0;0;0;0;0;0;0;0;0;0;0;0;0;0;0;0;0;0;0;0;0;0;0;0;0;0;0;0;0;0;0;0;0;0;0;0;0;0;0;0;0;0;0;0;0;0;0;0;0;0;0;0;0;0;0;0;0;0;0;0;0;0;0;0;0;0;0;0;0;0;0;0;0;0;0;0;0;0;0;0;0;0;0;0;0;0;0;0;0;0;0;0;0;0;0;0;0;0;0;0;0;0;0;0;0;0;0;0;0;0;0;0;0;0;0;0;0;0;0;0;0;0;0;0;0;0;0;0;0;0;0;0;0;0;0;0;0;0;0;0;0;0;0;0;0;0;0;0;0;0;0;0;0;0;0;0;0
Курская область;424 024 632;61 699 228;23 728 583;5 177 713;372 418 222;62 708 838;20 300 148;8 463 950;359 178;15 615;4 070 456;402 320;8 191;2 966;51 346 635;814 598;111;50 532 037;4 685 518;10 106 406;1 515 958;0;0;0;0;1 548 213;232 231;177 663;150 996;26 651;22 651;162 920;0;0;0;0;0;0;0;0;162 920;0;0;0;0;0;3 932;397;1 266;505;0;803 859;867 483;0;601 897;728 818;0;205 326;149 255;0;41 065;29 851;0;6 160;4 478;0;3 364;10 590;0;16;17;0;1;3;0;0;0;0;0;0;0;0;0;0;0;0;0;0;0;0;0;0;0;0;0;0;0;0;0;0;0;0;0;0;0;0;0;0;0;0;0;0;0;0;0;0;0;0;0;0;0;0;0;0;0;0;0;0;0;0;0;0;0;21 989;0;0;14 466;0;0;7 523;0;0;226;0;0;0;0;0;0;0;0;91 811 503;0;68 813 729;0;23 274 235;0;4 654 847;0;698 227;0;276 461;0;208;0;13;0;320 150;321 401;0;8 370;9 621;1 674;251;8;5;1;0;0;0;0;0;0;0;133 589;135 210;181 238;149 979;0;0;31 259;0;142 422 166;142 148 406;56 397;217 356;0;0;7;0;0;0;7;0;0;167 576;0;0;0;0;0;0;0;0;0;0;0;0;0;0;33 515;0;0;0;0;0;0;28 495;1;0;0;50;57 136;621 851;0;0;190;1;0;0;0;0;0;0;0;0;0;0;0;0;0;0;0;0;0;0;0;0;0;0;0;0;0;0;0;0;0;0;0;0;0;0;0;0;0;0;0;0;0;0;0;0;0;0;0;0;0;0;0;0;0;0;0;0;0;0;0;8 911;1;264;1;12 484;3;15 375;8;0;0;0;0;0;0;75 192;7;0;0;51;1;0;0;0;0;15 505;9;0;0;0;0;0;0;0;0;0;0;0;0;17 264 932;1 513;17 704;4;0;0;0;0;0;0;0;0;0;0;0;0;0;0;0;0;0;0;0;0;0;0;0;0;0;0;0;0;0;0;0;0;0;0;0;0;0;0;0;0;0;0;0;0;0;0;0;0;0;0;0;0;0;0;0;0;0;0;0;0;0;0;0;0;0;0;0;0;0;0;0;0;0;0;0;0;0;0;0;0;0;0;0;0;0;0;0;0;0;0;0;0;0;0;0;0;0;0;0;0;0;0;0;0;0;0;0;0;0;0;0;0;0;0;0;0;0;0;0;0;0;0;0;0;0;0;0;0;0;0;0;0;0;0;0;0;0;0;0;0;0;0;0;0;0;0;0;0;0;0;0;0;0;0;0;0;0;0;0;0;0;0;0;0;0;0;0;0;0;0;0;0;0;0;0;0;0;0;0;0
Ленинградская область;1 946 156 891;155 611 330;563 483 062;32 715 566;1 709 986 403;166 961 450;447 877 843;83 608 047;117 306;176 047;2 414 116;45 989;259 178;30 736;349 287 193;5 341 911;256;343 945 331;62 104 318;65 936 034;10 318 313;20 334;0;0;0;10 730 694;1 668 813;1 738 606;126 336;275 185;22 606;1 068 382;2 852 628;65;0;0;0;0;0;0;3 921 010;620;0;0;0;0;6 192;1 257;2 801;679;0;185 977;702 882;580 448;149 466;561 993;559 043;37 977;141 029;31 237;7 595;28 206;6 247;1 139;4 231;937;1 467;347;9 831;110;18;34;2;1;3;6 124 040;0;45 099;5 698 401;0;55 760;433 537;0;38;43 354;0;7;43 354;0;8;13 006;0;1;7 898;0;10 698;1;0;4;1;0;1;0;0;0;0;0;0;0;0;0;0;0;0;0;0;0;0;0;0;0;0;0;0;0;0;0;0;0;0;0;0;0;29 443;0;5 754;30 681;0;5 708;1 229;0;46;37;0;1;2 467;0;0;2;0;0;50 273 748;0;46 521 950;0;5 045 693;0;1 009 139;0;151 370;0;1 293 895;0;107;0;15;0;9 457 247;5 950 464;1 715 399;1 898 310;106 928;379 662;56 949;19;3;3;0;0;0;0;0;0;8;2 421 937;2 496 878;8 663 245;8 557 175;0;0;106 468;0;39 627 566;15 810 402;1 763 806;5 710 034;15 378 915;0;61 361;518 282;14 302 845;65 627;45 019;166 364;0;0;0;0;0;0;19 975;0;256 991;0;0;1 658;0;53;656 481;0;0;0;15 257 827;81 254;204 786;8 310;1;0;0;0;0;115;1 266 305;10 146 069;0;0;1 293;1;4 969;1;0;0;0;0;0;0;0;336 204;2;0;0;0;0;0;0;0;0;0;0;0;0;0;0;0;0;0;8 432;2;1 124;0;0;0;0;0;0;0;0;0;0;3 053;2;0;0;0;0;0;0;1 801;1;317 037;1;63 407;0;0;0;853;1;65 310;11;1 357;2;14 865;10;18 634;23;0;0;0;0;75 552;1;209 143;24;11 822;10;11 218;3;17 312;5;0;0;32 634;30;0;0;0;0;0;0;0;0;4;1;451 064;127;56 260 134;3 294;346 988;12;0;0;0;0;0;0;0;0;0;0;0;0;0;0;0;0;0;0;0;0;0;0;0;0;0;0;0;0;0;0;0;0;0;0;0;0;0;0;0;0;0;0;0;0;0;0;0;0;0;0;0;0;0;0;0;0;0;0;0;0;0;0;0;0;0;0;0;0;0;0;0;0;0;0;0;0;0;0;0;0;0;0;0;0;0;0;0;0;0;0;0;0;0;0;0;0;0;0;0;0;0;0;0;0;0;0;0;0;0;0;0;0;0;0;0;0;0;0;0;0;0;0;0;0;0;0;0;0;0;0;0;0;0;0;0;0;0;0;0;0;0;0;0;0;0;0;0;0;0;0;0;0;0;0;0;0;0;0;0;0;0;0;0;0;0;0;0;0;0;0;0;0;0;0;0;0;0;0;0;0
Липецкая область;993 377 903;45 631 677;356 532 763;6 198 647;875 537 407;47 887 609;336 194 845;10 853 699;290 204;178 033;51 238 707;100 083;1 324 442;0;85 966 386;1 792 778;75;84 173 608;6 825 808;16 614 882;2 513 443;0;543;2 443;1;990 739;150 590;347 806;32 075;57 636;4 811;358 555;937;4;10 536;193 771;19;0;0;0;566 785;0;0;0;0;0;4 861;255;2 567;301;0;282 789;818 122;464 098;242 026;676 933;431 505;40 762;144 469;32 857;8 152;28 894;6 571;1 223;4 334;986;0;3 282;0;157;29;23;0;1;0;0;0;0;0;0;0;0;0;0;0;0;0;0;0;0;0;0;0;0;0;0;0;0;0;0;0;0;0;0;0;0;0;0;0;0;0;0;0;0;0;0;0;0;0;0;0;0;0;0;0;0;0;0;0;0;0;0;0;149 896;0;12 679;141 000;0;12 679;8 898;0;0;267;0;0;0;0;0;0;0;0;116 751 393;0;100 083 615;0;18 952 232;0;3 790 446;0;568 655;0;2 284 454;0;131;0;21;0;1 278 026;905 259;2 086;370 890;209;74 177;11 127;9;3;8;0;0;0;0;0;0;0;519 679;491 348;166 664;159 890;145 584;732 001;69 021;1 446 013;66 388 599;8 317 312;55 561;3 033 302;54 979 735;0;2 687;0;54 959 779;0;17 423;47 438 545;0;0;0;0;0;0;0;0;0;0;758;5 220;0;0;0;0;0;0;2 959 684;52 176;12 702;0;0;0;0;0;0;65;1 616 266;8 062 743;8 253;1;0;0;124;1;0;0;0;0;0;0;0;3 541 391;1;1 973;1;0;0;0;0;0;0;0;0;0;372 946;1;37 295;1;1;0;0;0;0;0;0;0;0;0;0;0;0;0;0;1 185;1;0;0;0;0;0;0;0;0;0;0;0;0;0;0;0;0;569;3;236;1;134 919;8;134 061;16;0;0;2 132;1;6 908;3;203 804;13;4 467;7;8 660;2;0;0;0;0;50 682;17;0;0;0;0;0;0;0;0;0;0;0;0;24 424 859;1 774;11 690 916;11;0;0;0;0;0;0;0;0;0;0;0;0;0;0;0;0;0;0;0;0;0;0;0;0;0;0;0;0;0;0;0;0;0;0;0;0;0;0;0;0;0;0;0;0;0;0;0;0;0;0;0;0;0;0;0;0;0;0;0;0;0;0;0;0;0;0;0;0;0;0;0;0;0;0;0;0;0;0;0;0;0;0;0;0;0;0;0;0;0;0;0;0;0;0;0;0;0;0;0;0;0;0;0;0;0;0;0;0;0;0;0;0;0;0;0;0;0;0;0;0;0;0;0;0;0;0;0;0;0;0;0;0;0;0;0;0;0;0;0;0;0;0;0;0;0;0;0;0;0;0;0;0;0;0;0;0;0;0;0;0;0;0;0;0;0;0;0;0;0;0;0;0;0;0;0;0;0;0;0;0
Магаданская область;206 473 947;39 010 176;17 766 949;10 652 003;171 765 218;33 842 733;12 186 305;28 974 144;106 997;12 021;171 453;134 800;705;0;40 224 214;316 391;25;39 907 823;13 277 477;7 083 133;298 801;415 086;0;0;0;2 474 995;92 651;207 633;7 343;30 556;1 102;63 278;0;0;898 433;0;14;0;0;0;961 711;0;0;0;0;0;488;193;353;165;0;65 906;163 918;0;57 424;137 789;0;8 856;26 129;0;1 771;5 226;0;266;784;0;374;0;0;19;6;0;1;0;0;41 278 729;0;0;20 802 206;0;0;20 476 523;0;0;0;0;0;4 095 305;0;0;614 296;0;0;0;0;0;1;0;0;0;0;0;0;0;0;0;0;0;0;0;0;0;0;0;0;0;0;0;0;0;0;0;0;0;0;0;0;0;0;0;0;0;0;0;0;0;0;0;0;0;0;0;0;0;0;0;0;0;0;0;0;0;0;0;0;0;0;0;0;0;0;0;0;0;0;0;0;3 874;2 961;456;456;0;91;14;1;0;0;0;0;0;0;0;0;0;0;0;0;0;0;0;0;0;31 254 704;30 918 588;105 248;230 867;0;0;0;0;0;0;0;0;0;0;0;0;0;0;0;0;0;0;0;0;0;0;0;0;0;0;0;122 500;0;0;0;0;0;0;0;22;28 593;590 975;0;0;0;0;0;0;0;0;0;0;0;0;0;15 803;1;0;0;0;0;0;0;0;0;0;0;0;0;0;0;0;0;0;440 640;2;58 752;0;0;0;0;0;0;0;0;0;0;0;0;0;0;0;0;0;0;0;0;0;0;0;0;0;0;0;0;0;0;0;0;172;1;27 275;6;1 107;1;0;0;12 268;1;2 746;1;63;1;8 488;1;2 373;1;172;1;8 568;5;0;0;0;0;0;0;0;0;0;0;0;0;10 939 764;382;528 120;2;0;0;0;0;0;0;0;0;0;0;257 448;1;0;0;0;0;0;0;0;0;0;0;0;0;0;0;0;0;0;0;0;0;0;0;0;0;0;0;0;0;0;0;0;0;0;0;0;0;0;0;0;0;0;0;0;0;0;0;0;0;0;0;0;0;0;0;0;0;0;0;0;0;0;0;0;0;0;0;0;0;0;0;0;0;0;0;0;0;0;0;0;0;0;0;0;0;0;0;0;0;0;0;0;0;0;0;0;0;0;0;0;0;0;0;0;0;0;0;0;0;0;0;0;0;0;0;0;0;0;0;0;0;0;0;0;0;0;0;0;0;0;0;0;0;0;0;0;0;0;0;0;0;0;0;0;0;0;0;0;0;0;0;0;0;0;0;0;0;0;0;0;0;0;0;0;0;0;0;0;0
Московская область;10 692 666 143;1 143 569 675;748 720 991;218 412 244;9 984 524 348;1 202 423 084;745 836 620;411 472 176;10 246 938;1 761 786;37 547 903;15 872 184;1 100 314;57 196;682 917 682;23 369 186;1 371;659 550 345;259 564 441;127 656 384;19 719 242;86 433;14 895;34 755;1;24 196 797;3 748 597;8 571 991;261 898;1 304 875;39 367;4 673 835;3 182 044;61;59 970;1 006 426;44;0;0;0;8 971 925;190 985;0;0;0;0;41 817;7 183;14 410;4 733;0;8 922 417;18 293 224;3 924 161;7 777 740;15 964 449;3 010 441;1 180 554;3 074 497;943 494;236 113;614 901;188 700;35 418;92 236;28 305;38 038;791 777;49 570;1 738;217;440;16;10;8;4 424 758;0;0;4 884 815;0;0;12 671;0;0;1 267;0;0;1 267;0;0;380;0;0;472 728;0;0;3;0;0;2;0;0;0;0;0;0;0;0;0;0;0;0;0;0;0;0;0;0;0;0;0;0;0;0;0;0;0;0;0;0;0;0;0;2 053 064;0;13 907;1 601 693;0;13 204;481 329;0;703;14 439;0;21;29 938;0;0;4;0;0;38 832 281;0;35 881 624;0;4 685 739;0;937 120;0;140 567;0;1 735 082;0;109;0;30;0;18 094 069;19 626 323;60 902;1 708 819;3 415 962;341 763;51 263;68;24;52;0;0;0;0;0;0;0;143 290 832;142 761 184;108 236 250;107 578 730;653 183;69 158;3 696 814;121 618;91 969 071;37 164 160;3 355 248;17 872 759;32 258 750;1 405 727;691 444;377 916;18 597 675;8 962 707;578 720;21 079 321;63 449;1 487 563;0;10 872 729;2 981;1 125;1 470 000;8 384;17 644 637;11 371;12 896 309;35 194;1 850 377;53 468;1 702 104;1 874;158 176;23 662;10 692 346;10 099 255;480 210;4 096;1;22 431;3;0;0;552;7 521 705;36 164 112;639;2;5 029;4;0;0;0;0;0;0;0;0;0;1 792 315;4;444 494;4;0;0;0;0;0;0;0;0;0;750 458;1;75 046;32 526;1;3 253;4 814 213;6;641 894;0;0;0;0;0;0;0;0;0;0;93 116;16;423 448;1;42 345;0;0;0;30 570;3;0;0;0;0;0;0;0;0;81 740;22;22 642;18;420 911;34;81 000;56;42;1;3 070;2;77 655;15;1 153 161;110;53 520;36;104 323;21;41 445;12;21 221;9;224 797;108;0;0;0;0;0;0;760 616;1;1 844;1;0;0;279 113 069;21 238;2 240 318;45;0;0;0;0;0;0;0;0;697;2;0;0;0;0;0;0;0;0;0;0;0;0;0;0;0;0;0;0;0;0;0;0;0;0;0;0;0;0;0;0;0;0;0;0;0;0;0;0;0;0;0;0;0;0;0;0;0;0;0;0;0;0;0;0;0;0;0;0;0;0;0;0;0;0;0;0;0;0;0;0;0;0;0;0;0;0;0;0;0;0;0;0;0;0;0;0;0;0;0;0;0;0;0;0;0;0;0;0;0;0;0;0;0;0;0;0;0;0;0;0;0;0;0;0;0;0;0;0;0;0;0;0;0;0;0;0;0;0;0;0;0;0;0;0;0;0;0;0;0;0;0;0;0;0;0;0;0;0;0;0;0;0;0;0;0;0;0;0;0;0;0;0;0;0;0;0;0;0;0;0
Мурманская область;171 294 800;49 066 060;25 851 634;9 903 963;142 328 225;51 766 713;20 945 590;22 451 430;82 161;28 570;10 235 697;3 470;11 286;0;23 844 780;774 883;93;23 069 899;15 048 253;4 570 501;691 722;0;0;0;0;1 081 889;165 784;233 190;37 165;34 989;5 575;154 977;43 102;4;0;0;0;376;0;0;198 455;22;0;0;0;0;1 487;509;764;138;0;578 181;628 642;0;537 838;559 783;0;44 822;84 550;0;8 964;16 910;0;1 345;2 537;0;4 479;15 692;0;242;17;0;45;4;0;0;0;2 191 563;0;0;2 068 125;0;0;141 973;0;0;7 099;0;0;21 296;0;0;4 259;0;0;18 535;0;0;7;0;0;1;0;0;0;0;0;0;0;0;0;0;0;0;0;0;0;0;0;0;0;0;0;0;0;0;0;0;0;0;0;0;0;321 024;0;8 349;262 142;0;10 910;59 043;0;0;1 771;0;0;159;0;2 561;1;0;2;7 723 726;0;5 547 671;0;2 176 055;0;435 211;0;65 282;0;0;0;5;0;0;0;41 601 291;23 185 873;470;18 469 030;54 084;3 693 806;554 071;13;8;6;0;0;0;0;0;0;0;26 131;17 267;37 420;32 201;492 937;170 395;311 914;88 314;23 828 006;13 364 098;1 237 859;8 306 236;883 506;0;200;0;823 500;0;60 206;823 500;0;0;0;0;0;0;0;0;0;6;0;0;0;0;0;0;0;0;139 725;0;40 000;2 500;1;6 667;1;0;0;33;148 644;1 976 342;0;0;0;0;0;0;0;0;0;0;0;0;0;233 294;1;0;0;0;0;0;0;0;0;0;0;0;0;0;0;0;0;0;0;0;0;0;0;0;0;0;0;0;0;0;0;872;3;0;0;0;0;0;0;540 155;1;0;0;0;0;0;0;34;1;53 131;9;867;2;11 982;11;24 818;22;0;0;0;0;15 242;3;91 711;24;2 581;13;7 479;7;17 780;3;360;1;36 903;32;0;0;0;0;0;0;0;0;0;0;0;0;9 155 145;805;0;0;0;0;0;0;0;0;0;0;0;0;894 045;3;0;0;1 873 879;1;0;0;0;0;0;0;0;0;0;0;0;0;0;0;0;0;0;0;0;0;0;0;0;0;0;0;0;0;0;0;0;0;0;0;0;0;0;0;0;0;0;0;0;0;0;0;0;0;0;0;0;0;0;0;0;0;0;0;0;0;0;0;0;0;0;0;0;0;0;0;0;0;0;0;0;0;0;0;0;0;0;0;0;0;0;0;0;0;0;0;0;0;0;0;0;0;0;0;0;0;0;0;0;0;0;0;0;0;0;0;0;0;0;0;0;0;0;0;0;0;0;0;0;0;0;0;0;0;0;0;0;0;0;0;0;0;0;0;0;0;0;0;0;0;0;0;0;0;0;0;0;0;0;0;0;0;0;0;0;0;0;0;0;0
Нижегородская область;2 363 072 078;312 013 388;106 934 836;51 422 645;2 221 223 530;346 539 877;118 432 967;66 852 071;402 044;1 703 448;2 117 527;290 383;49 733;749 533;128 641 731;5 992 176;556;122 649 555;49 251 023;24 280 120;3 679 350;4 631;0;0;0;3 874 115;581 989;4 433 884;250 989;790 350;37 650;1 198 436;207 386;8;0;0;0;0;0;0;1 405 822;11 275;0;0;0;0;20 200;2 859;8 556;2 109;0;485 899;4 610 651;2 410 421;458 820;3 899 547;2 167 917;31 575;498 077;243 904;6 316;99 615;48 781;948;14 943;7 317;3 952;8 257;1 404;305;79;80;12;5;3;0;0;40 170;0;0;36 897;0;0;7 339;0;0;367;0;0;1 101;0;0;220;0;0;4 066;0;0;8;0;0;1;0;0;0;0;0;0;0;0;0;0;0;0;0;0;0;0;0;0;0;0;0;0;0;0;0;0;0;0;0;0;0;211 962;0;9 614;231 084;0;9 482;3 491;0;132;105;0;4;22 613;0;0;2;0;0;12 322 954;0;11 722 403;0;896 999;0;179 400;0;26 909;0;296 448;0;66;0;14;0;12 938 614;12 394 996;475 589;523 590;433 895;104 718;15 708;21;14;7;0;0;0;0;0;0;0;1 289 478;1 469 023;3 155 395;3 062 013;191 125;272 087;98 014;1 828 172;20 757 060;6 442 539;2 586 322;7 994 976;3 609 792;0;10 081;88 474;480 704;511 099;50 935;2 000 000;329 218;38 821;0;0;20 860;535;0;0;0;48 036;814 333;0;139 896;0;40 000;0;4 089;126;2 205 459;240 069;1 095;545;1;110 233;3;0;0;241;791 451;8 697 944;34 535;3;2 136;2;64;1;0;0;0;0;0;0;0;426 559;8;764 323;1;0;0;0;0;0;0;0;0;0;268 432;2;26 843;23;1;2;275 685;4;36 758;18 715;1;2 495;0;0;0;0;0;268 895;1;226 732;10;0;0;0;0;0;0;7 614;1;0;0;0;0;0;0;0;0;98 245;23;89 417;15;32 801;42;174 293;70;8 989;9;34 547;3;155 455;5;445 825;58;93 142;22;22 279;18;47 772;10;32 988;7;226 950;83;0;0;0;0;0;0;52;1;2 721;1;0;0;51 315 108;7 320;2 026 210;22;0;0;0;0;0;0;0;0;111;1;1 415 592;1;0;0;6 059 585;2;0;0;0;0;0;0;20 871;1;0;0;0;0;0;0;0;0;0;0;0;0;0;0;0;0;0;0;0;0;0;0;0;0;0;0;0;0;0;0;0;0;0;0;0;0;0;0;0;0;0;0;0;0;0;0;0;0;0;0;0;0;0;0;0;0;0;0;0;0;0;0;0;0;0;0;0;0;0;0;0;0;0;0;0;0;0;0;0;0;0;0;0;0;0;0;0;0;0;0;0;0;0;0;0;0;0;0;0;0;0;0;0;0;0;0;0;0;0;0;0;0;0;0;0;0;0;0;0;0;0;0;0;0;0;0;0;0;0;0;0;0;0;0;0;0;0;0;0;0;0;0;0;0;0;0;0;0;0;0;0;0;0;0;0;0
Новгородская область;219 970 741;87 411 290;19 649 815;23 127 646;205 947 956;80 070 112;15 994 660;36 192 604;276 323;343 921;505 270;9 498 202;47;37 017;17 688 488;773 284;89;16 915 204;14 914 730;3 331 094;507 452;0;0;0;0;731 798;111 702;167 983;3 088;26 501;464;154 657;54 740;8;0;0;0;0;0;0;209 397;0;0;0;0;0;1 922;450;962;263;0;40 650;988 989;0;39 952;913 461;0;699;75 529;0;140;15 105;0;21;2 266;0;0;0;0;17;23;0;0;0;0;0;0;1 486 864;0;0;1 386 833;0;0;100 031;0;0;5 002;0;0;15 005;0;0;3 001;0;0;0;0;0;5;0;0;0;0;0;0;0;0;0;0;0;0;0;0;0;0;0;0;0;0;0;0;0;0;0;0;0;0;0;0;0;0;0;0;0;0;0;0;0;0;0;0;0;0;0;0;0;0;0;0;0;0;8 592 940;0;8 053 114;0;546 976;0;109 396;0;16 409;0;7 150;0;14;0;6;0;396 160;259 587;0;139 664;3 091;27 932;4 190;3;1;0;0;0;0;0;0;0;0;0;309;5 896 740;9 327 837;0;0;239 539;25;21 935 811;816 618;5 746 333;568 187;14 786 388;0;18 283;0;19 988;235 586;14 549 036;0;235 000;0;0;0;0;0;0;0;0;0;19 988;0;0;5 253;0;0;0;0;837 760;586;14 525 561;0;0;3 513;1;0;0;42;95 577;1 024 595;3;1;0;0;0;0;0;0;0;0;0;0;0;0;0;6 020;1;0;0;0;0;0;0;0;0;0;0;0;0;0;0;0;11 731;1;1 564;0;0;0;0;0;0;0;0;0;0;0;0;0;0;0;0;0;0;0;0;0;0;0;0;0;0;0;0;1 646;3;9 002;3;3 204;4;11 177;9;0;0;337;1;1 963;1;9 070;5;575;2;0;0;0;0;98;1;11 642;14;0;0;0;0;0;0;0;0;0;0;0;0;8 829 935;1 043;31 407;3;0;0;0;0;0;0;0;0;0;0;0;0;0;0;0;0;0;0;0;0;0;0;0;0;0;0;0;0;0;0;0;0;0;0;0;0;0;0;0;0;0;0;0;0;0;0;0;0;0;0;0;0;0;0;0;0;0;0;0;0;0;0;0;0;0;0;0;0;0;0;0;0;0;0;0;0;0;0;0;0;0;0;0;0;0;0;0;0;0;0;0;0;0;0;0;0;0;0;0;0;0;0;0;0;0;0;0;0;0;0;0;0;0;0;0;0;0;0;0;0;0;0;0;0;0;0;0;0;0;0;0;0;0;0;0;0;0;0;0;0;0;0;0;0;0;0;0;0;0;0;0;0;0;0;0;0;0;0;0;0;0;0;0;0;0;0;0;0;0;0;0;0;0;0;0;0;0;0;0;0
Новосибирская область;1 868 823 750;218 840 280;260 503 760;79 797 554;1 762 402 330;251 071 078;241 068 096;68 828 436;399 874;1 069 777;3 866 247;892 849;83 442;46 600;122 581 507;3 347 307;417;119 234 200;21 129 970;23 719 391;3 577 026;16 827;28 120;238 637;11;4 593 788;694 599;2 654 408;67 635;397 540;10 299;669 461;127 449;129;0;0;0;0;0;0;1 063 667;5 443;0;0;0;0;20 553;3 273;8 095;2 137;0;743 419;8 695 981;1 780 701;718 648;7 401 401;1 468 406;27 367;1 311 016;312 292;5 473;262 203;62 458;821;39 330;9 369;2 595;61 012;0;34;93;13;5;5;0;0;0;39 398;0;0;36 934;0;0;4 844;0;0;0;0;0;969;0;0;145;0;0;2 380;0;0;3;0;0;1;0;0;0;0;0;0;0;0;0;0;0;0;0;0;0;0;0;0;0;0;0;0;0;0;0;0;0;0;0;0;0;279 054;0;62 624;569 982;0;58 840;19 073;0;5 347;572;0;160;0;0;1 563;0;0;2;23 764 108;0;20 563 427;0;3 249 565;0;649 912;0;97 487;0;48 884;0;101;0;12;0;481 154;473 270;2 703;74 226;60 742;14 844;2 227;10;4;10;0;0;0;0;0;0;0;38 748 686;41 130 105;1 940 801;1 952 322;4 016 448;4 718 489;273 109;3 873 010;12 667 078;4 586 228;449 145;2 727 345;4 682 661;0;15 351;0;17 160;27 904;4 569 960;150 766;37 912;6 436 373;0;0;0;0;2 084 466;115 105;0;34 120;0;0;0;0;0;0;0;0;8 627;0;171 490;0;0;18 237;4;0;0;199;440 849;2 254 393;0;0;1 050;2;7 992;1;0;0;0;0;0;0;0;179 769;2;306 909;2;0;0;0;0;0;0;0;0;0;0;0;0;0;0;0;2 325;1;310;0;0;0;0;0;0;0;0;0;0;1 138;4;0;0;0;0;0;0;72 123;1;0;0;0;0;0;0;0;0;19 731;5;57 772;4;8 929;15;29 189;24;2 815;1;6 041;1;8 020;2;51 729;20;2 017;6;7 171;7;18 063;6;12 531;4;39 184;32;0;0;0;0;0;0;0;0;20;2;0;0;28 516 938;7 290;1 716 993;35;0;0;0;0;0;0;0;0;434;1;0;0;0;0;0;0;0;0;0;0;0;0;0;0;0;0;0;0;0;0;0;0;0;0;0;0;0;0;0;0;0;0;0;0;0;0;0;0;0;0;0;0;0;0;0;0;0;0;0;0;0;0;0;0;0;0;0;0;0;0;0;0;0;0;0;0;0;0;0;0;0;0;0;0;0;0;0;0;0;0;0;0;0;0;0;0;0;0;0;0;0;0;0;0;0;0;0;0;0;0;0;0;0;0;0;0;0;0;0;0;0;0;0;0;0;0;0;0;0;0;0;0;0;0;0;0;0;0;0;0;0;0;0;0;0;0;0;0;0;0;0;0;0;0;0;0;0;0;0;0;0;0;0;0;0;0;0;0;0;0;0;0;0;0;0;0;0;0;0;0
Омская область;638 889 547;95 210 124;35 643 596;4 772 509;589 393 279;101 479 101;32 543 530;7 831 312;145 354;216 744;592 169;362 295;7 776;153;52 145 465;480 818;171;51 664 647;9 468 872;10 164 124;1 549 936;1 251;0;0;0;1 511 295;229 429;365 880;17 671;54 866;2 650;96 163;168 803;5;0;0;0;0;0;0;264 966;352;0;0;0;0;7 440;842;3 584;678;0;929 081;4 937 311;387 392;822 981;4 108 228;384 936;107 002;833 559;2 456;21 400;166 712;491;3 210;25 007;74;902;4 475;0;198;78;2;8;5;0;0;0;0;0;0;0;0;0;0;0;0;0;0;0;0;0;0;0;0;0;0;0;0;0;0;0;0;0;0;0;0;0;0;0;0;0;0;0;0;0;0;0;0;0;0;0;0;0;0;0;0;0;0;0;0;0;0;0;749 219;0;0;621 847;0;0;127 372;0;0;3 821;0;0;0;0;0;0;0;0;17 640 338;0;15 156 842;0;2 915 388;0;583 078;0;87 462;0;431 892;0;86;0;12;0;8 431 445;6 940 307;0;1 526 395;35 257;305 279;45 792;5;2;3;0;0;0;0;0;0;0;5 507 057;5 498 805;641 520;634 329;0;0;17 190;91 489;5 054 868;3 768 683;27 191;578 582;675 887;0;5;0;651 669;16 000;0;809 472;0;8 218;0;0;0;0;0;0;240 000;0;0;199;0;0;0;0;0;0;0;16 000;0;0;0;0;0;0;0;81;229 927;1 306 178;2 430;1;0;0;0;0;0;0;0;0;0;0;0;441 998;2;9 190;2;0;0;0;0;0;0;0;0;0;129 392;2;12 939;0;0;0;4 938;1;658;0;0;0;0;0;0;0;0;73 182;1;92;1;0;0;0;0;0;0;0;0;0;0;0;0;0;0;28;1;18 184;4;1 494;3;7 494;10;33 496;21;0;0;0;0;218 624;2;168 567;22;64 720;9;61 301;2;526;2;0;0;60 402;20;0;0;0;0;0;0;1 350;2;0;0;0;0;23 754 821;2 645;346 090;22;0;0;0;0;0;0;0;0;0;0;0;0;0;0;0;0;0;0;0;0;0;0;0;0;0;0;0;0;0;0;0;0;0;0;0;0;0;0;0;0;0;0;0;0;0;0;0;0;0;0;0;0;0;0;0;0;0;0;0;0;0;0;0;0;0;0;0;0;0;0;0;0;0;0;0;0;0;0;0;0;0;0;0;0;0;0;0;0;0;0;0;0;0;0;0;0;0;0;0;0;0;0;0;0;0;0;0;0;0;0;0;0;0;0;0;0;0;0;0;0;0;0;0;0;0;0;0;0;0;0;0;0;0;0;0;0;0;0;0;0;0;0;0;0;0;0;0;0;0;0;0;0;0;0;0;0;0;0;0;0;0;0;0;0;0;0;0;0;0;0;0;0;0;0;0;0;0;0;0;0
Оренбургская область;681 266 501;114 863 918;26 856 008;17 868 875;609 412 205;128 318 261;27 043 703;45 073 811;472 134;347 963;1 988 945;244 146;42 439;8 396;70 113 751;3 112 102;132;67 001 679;40 563 817;13 398 318;2 009 591;1 006;0;0;0;2 047 686;307 225;430 238;10 412;64 672;1 562;622 420;0;0;0;0;0;0;0;0;622 420;0;0;0;0;0;4 504;880;2 156;516;0;276 349;1 582 600;869 128;272 621;1 582 873;739 350;6 493;63 298;139 368;1 299;12 660;27 874;195;1 899;4 181;1 640;63 571;9 590;252;46;18;6;6;1;0;0;953 429;0;0;1 165 717;0;0;2 252;0;0;0;0;0;450;0;0;67;0;0;214 540;0;0;10;0;0;7;0;0;0;0;0;0;0;0;0;0;0;0;0;0;0;0;0;0;0;0;0;0;0;0;0;0;0;0;0;0;0;15 276;0;1 242;9 606;0;2 232;5 670;0;0;170;0;0;0;0;990;0;0;1;12 891 131;0;11 288 175;0;1 878 539;0;375 706;0;56 355;0;275 583;0;87;0;12;0;2 461 440;2 328 658;37 408;134 714;39 342;26 943;4 041;15;5;9;0;0;0;0;0;0;0;1 282 104;1 171 553;238 316;233 331;31;0;5 067;87 191;6 106 361;4 349 284;172 591;1 397 654;59 400;0;1 045;0;59 400;0;745;33 700;0;0;0;0;0;0;0;0;9 851;0;0;0;0;0;0;0;0;0;0;0;0;0;0;0;0;0;0;80;753 547;9 743 692;0;0;44;1;0;0;0;0;0;0;0;0;0;1 501 940;5;675;1;0;0;0;0;0;0;0;0;0;1 219;3;121;0;0;0;5 717;2;762;0;0;0;0;0;0;6 580;1;0;0;218;2;335 758;1;33 576;0;0;0;0;0;0;0;0;0;0;0;0;0;115 902;8;27 775;4;22 647;7;76 189;23;0;0;0;0;1 723;1;53 428;12;1 003;6;20 442;1;7 984;3;14 695;3;65 626;26;0;0;0;0;0;0;140;1;562;1;0;0;52 476 908;2 128;117 970;11;0;0;0;0;0;0;0;0;0;0;0;0;0;0;0;0;0;0;0;0;0;0;0;0;0;0;0;0;0;0;0;0;0;0;0;0;0;0;0;0;0;0;0;0;0;0;0;0;0;0;0;0;0;0;0;0;0;0;0;0;0;0;0;0;0;0;0;0;0;0;0;0;0;0;0;0;0;0;0;0;0;0;0;0;0;0;0;0;0;0;0;0;0;0;0;0;0;0;0;0;0;0;0;0;0;0;0;0;0;0;0;0;0;0;0;0;0;0;0;0;0;0;0;0;0;0;0;0;0;0;0;0;0;0;0;0;0;0;0;0;0;0;0;0;0;0;0;0;0;0;0;0;0;0;0;0;0;0;0;0;0;0;0;0;0;0;0;0;0;0;0;0;0;0;0;0;0;0;0;0
Орловская область;191 038 554;35 992 161;8 661 773;1 505 075;178 264 319;38 302 822;8 655 817;2 454 138;76 136;339 420;522 966;365 969;10 792;1 189;12 430 099;655 947;65;11 774 152;3 283 139;2 289 975;353 224;0;0;0;0;385 745;59 376;158 525;44 164;23 786;6 592;131 189;64 855;3;0;0;0;0;0;0;196 044;0;0;0;0;0;2 416;449;1 929;277;0;179 602;368 381;0;175 002;346 176;0;4 603;22 569;0;921;4 514;0;138;677;0;2;364;0;169;21;0;1;1;0;2 511 016;0;442 340;2 256 626;0;435 625;127 195;0;14 268;12 720;0;26;12 720;0;2 827;3 816;0;428;0;0;7 847;1;0;10;0;0;3;0;0;0;0;0;0;0;0;0;0;0;0;0;0;0;0;0;0;0;0;0;0;0;0;0;0;0;0;0;0;0;4 296;0;0;2 301;0;0;1 995;0;0;60;0;0;0;0;0;0;0;0;33 852 012;0;24 962 720;0;9 097 286;0;1 819 457;0;272 920;0;207 994;0;112;0;8;0;33 021;38 302;0;688;5 969;138;21;5;3;1;0;0;0;0;0;0;0;0;0;92 068;89 053;107 529;0;111 850;0;3 072 788;2 259 462;58 341;328 638;407 735;0;5 886;0;401 667;6 068;6;406 211;0;0;0;0;0;0;0;0;0;0;0;1 108;0;0;0;0;0;0;1 667;6 068;0;0;0;0;0;0;0;45;184 698;930 094;1 484;2;0;0;0;0;0;0;0;0;0;0;0;164 872;1;41 051;1;0;0;0;0;0;0;0;0;0;0;0;0;0;0;0;0;0;0;0;0;0;0;0;0;0;0;0;0;0;0;0;0;0;0;0;0;0;0;0;0;0;0;0;0;0;0;0;0;0;0;346;2;354;2;0;0;0;0;0;0;3 842;5;301;2;590;1;0;0;0;0;834;3;0;0;0;0;0;0;0;0;0;0;0;0;8 676 336;1 144;16 566;4;0;0;0;0;0;0;0;0;0;0;0;0;0;0;0;0;0;0;0;0;0;0;0;0;0;0;0;0;0;0;0;0;0;0;0;0;0;0;0;0;0;0;0;0;0;0;0;0;0;0;0;0;0;0;0;0;0;0;0;0;0;0;0;0;0;0;0;0;0;0;0;0;0;0;0;0;0;0;0;0;0;0;0;0;0;0;0;0;0;0;0;0;0;0;0;0;0;0;0;0;0;0;0;0;0;0;0;0;0;0;0;0;0;0;0;0;0;0;0;0;0;0;0;0;0;0;0;0;0;0;0;0;0;0;0;0;0;0;0;0;0;0;0;0;0;0;0;0;0;0;0;0;0;0;0;0;0;0;0;0;0;0;0;0;0;0;0;0;0;0;0;0;0;0;0;0;0;0;0;0
Пензенская область;408 183 538;26 606 412;11 036 979;1 993 175;385 471 479;29 565 387;14 931 345;2 765 328;102 528;10 136;207 647;487;7;0;18 734 270;2 123 558;91;16 610 712;3 721 101;3 320 351;498 321;0;0;0;0;721 483;108 796;408 948;2 777;61 346;418;424 712;1 791;3;0;0;0;0;0;0;426 503;0;0;0;0;0;4 276;335;2 573;454;0;83 827;1 241 021;822 164;71 486;1 152 308;684 741;12 341;95 065;137 423;2 468;19 013;27 485;370;2 852;4 123;0;6 352;0;31;27;2;0;1;0;0;0;375 598;0;0;438 064;0;0;204;0;0;10;0;0;25;0;0;0;0;0;62 670;0;0;4;0;0;3;0;0;0;0;0;0;0;0;0;0;0;0;0;0;0;0;0;0;0;0;0;0;0;0;0;0;0;0;0;0;0;15 783;0;1 070;13 726;0;1 058;2 058;0;12;62;0;0;0;0;0;0;0;0;42 010 176;0;37 115 467;0;5 240 606;0;1 048 121;0;157 215;0;345 897;0;54;0;6;0;7 440;6 254;0;1 594;407;319;48;4;1;0;0;0;0;0;0;0;0;1 454 802;1 452 256;53 264;58 718;26 438;417;26 398;42 182;1 335 599;1 136 119;19 022;180 458;0;0;0;0;0;0;0;0;0;0;0;0;0;0;0;0;65 359;0;0;0;0;0;0;0;0;0;0;0;0;0;0;1 763;1;0;0;71;137 780;746 339;0;0;108;1;0;0;0;0;0;0;0;0;0;0;0;11;1;0;0;0;0;0;0;0;0;0;0;0;0;0;0;0;0;0;0;0;0;0;0;0;0;0;0;0;0;0;0;0;0;0;0;0;0;214 036;1;0;0;0;0;0;0;0;0;62;1;365;1;2 944;5;3 035;6;0;0;0;0;1 145;1;3 033;3;184;4;296;1;5 060;1;0;0;4 446;9;0;0;0;0;0;0;0;0;0;0;0;0;11 642 900;1 534;218 068;11;0;0;0;0;0;0;0;0;0;0;0;0;0;0;0;0;0;0;0;0;0;0;0;0;0;0;0;0;0;0;0;0;0;0;0;0;0;0;0;0;0;0;0;0;0;0;0;0;0;0;0;0;0;0;0;0;0;0;0;0;0;0;0;0;0;0;0;0;0;0;0;0;0;0;0;0;0;0;0;0;0;0;0;0;0;0;0;0;0;0;0;0;0;0;0;0;0;0;0;0;0;0;0;0;0;0;0;0;0;0;0;0;0;0;0;0;0;0;0;0;0;0;0;0;0;0;0;0;0;0;0;0;0;0;0;0;0;0;0;0;0;0;0;0;0;0;0;0;0;0;0;0;0;0;0;0;0;0;0;0;0;0;0;0;0;0;0;0;0;0;0;0;0;0;0;0;0;0;0;0
Пермский край;1 231 655 843;235 553 421;65 213 597;131 862 060;1 126 621 105;194 675 759;63 714 485;210 984 567;317 044;296 233;2 081 129;2 092 501;159 371;621;104 677 203;6 103 705;364;98 573 510;40 041 275;19 076 443;2 956 964;6 109;10;40;2;3 687 483;569 224;897 561;60 104;135 480;9 032;1 220 741;631 919;75;0;0;0;0;0;0;1 852 710;1 997;0;0;0;0;11 265;1 971;4 595;1 061;0;524 930;3 579 743;342 029;514 077;3 527 832;335 730;37 840;427 983;6 299;7 568;85 597;1 260;1 135;12 839;189;27 401;113 847;0;87;55;5;8;10;0;0;0;1 614 391;0;0;1 530 873;0;0;153 951;0;0;7 697;0;0;23 092;0;0;4 619;0;0;70 433;0;0;18;0;0;4;0;0;29 442 820;0;0;20 409 036;0;0;0;0;0;10 860 389;0;0;0;0;0;0;2 172 078;0;0;325 812;0;0;1 809 845;0;0;2;0;0;1;327 694;0;0;265 593;0;0;62 101;0;0;1 863;0;0;0;0;0;0;0;0;13 860 552;3 043 121;12 467 132;2 001 025;1 614 168;1 042 096;322 835;208 419;48 424;31 263;220 748;0;76;1;8;0;2 902 609;3 158 608;6 588;221 561;483 890;44 285;6 647;23;13;9;0;0;0;0;0;0;0;2 792 475;2 854 909;3 674 281;3 708 911;0;0;69 515;281 918;24 374 114;20 735 493;196 744;1 198 536;2 212 264;0;108;0;1 210 423;824 342;44 607;1 361 551;2 367;9 950;29 674;0;0;0;0;0;0;16 600;460 200;0;303 821;15 000;0;0;0;0;0;1 826 078;60 282;475;1;49 704;2;0;0;203;1 554 456;15 108 070;0;0;525;2;0;0;0;0;0;0;0;0;0;2 117 770;11;22 222;1;0;0;0;0;0;0;0;0;0;622 505;1;62 251;0;0;0;82 456;7;10 994;0;0;0;0;0;0;0;0;256 736;5;75 249;14;0;0;0;0;0;0;0;0;0;0;0;0;0;0;0;0;39 809;21;30 530;8;45 750;34;158 111;81;0;0;1 445;1;61 831;7;353 580;78;11 852;33;54 834;11;88 203;16;46 600;11;132 238;90;0;0;0;0;0;0;0;0;2 147 677;4;0;0;49 753 471;5 106;10 008 243;28;0;0;34;1;0;0;0;0;0;0;0;0;0;0;0;0;0;0;0;0;0;0;139 411;1;0;0;0;0;0;0;0;0;0;0;0;0;0;0;0;0;0;0;0;0;0;0;0;0;0;0;0;0;0;0;0;0;0;0;0;0;0;0;0;0;0;0;0;0;0;0;0;0;0;0;0;0;0;0;0;0;0;0;0;0;0;0;0;0;0;0;0;0;0;0;0;0;0;0;0;0;0;0;0;0;0;0;0;0;0;0;0;0;0;0;0;0;0;0;0;0;0;0;0;0;0;0;0;0;0;0;0;0;0;0;0;0;0;0;0;0;0;0;0;0;0;0;0;0;0;0;0;0;0;0;0;0;0;0;0;0;0;0;0;0;0;0;0;0;0;0;0;0;0;0;0;0;0;0;0;0
Псковская область;127 918 696;43 526 940;30 327 153;2 434 443;122 694 151;44 404 129;30 195 932;5 054 106;50 095;108 096;3 192;25;3 932;889;5 398 738;206 249;61;5 192 489;3 389 669;1 017 147;155 773;20;0;0;0;251 379;38 258;134 771;33 059;20 125;5 280;41 250;21 351;10;0;0;0;0;0;0;62 601;0;0;0;0;0;2 074;546;753;258;0;53 230;660 792;23 752;53 640;479 710;21 951;862;183 310;1 800;172;36 662;360;26;5 499;54;1 272;2 229;0;82;31;4;1;4;0;0;0;0;0;0;0;0;0;0;0;0;0;0;0;0;0;0;0;0;0;0;0;0;0;0;0;0;0;0;0;0;0;0;0;0;0;0;0;0;0;0;0;0;0;0;0;0;0;0;0;0;0;0;0;0;0;0;0;0;0;0;0;0;0;0;0;0;0;0;0;0;0;0;0;0;0;32 201 773;0;26 403 093;0;6 201 000;0;1 240 201;0;186 029;0;402 320;0;34;0;11;0;9 292;8 381;0;911;0;182;27;2;0;1;0;0;0;0;0;0;0;244 492;244 194;94 550;94 550;0;0;0;0;528 929;440 648;6 391;79 609;2 228;0;0;0;2 228;0;0;0;0;0;0;0;0;0;0;0;0;0;0;0;0;0;0;0;0;0;78 852;600;0;0;0;0;0;0;0;36;39 795;303 501;100;1;0;0;0;0;0;0;0;0;0;0;0;0;0;7 933;1;0;0;0;0;0;0;0;0;0;0;0;0;0;0;0;2 992;1;399;0;0;0;0;0;0;0;0;0;0;0;0;0;0;0;0;0;0;0;0;0;0;0;0;0;0;0;0;102;1;0;0;45;2;1 130;6;0;0;0;0;0;0;393;1;0;0;0;0;0;0;0;0;95;2;0;0;0;0;0;0;0;0;0;0;0;0;5 738 287;1 202;7 301;1;0;0;0;0;0;0;0;0;0;0;0;0;0;0;0;0;0;0;0;0;0;0;0;0;0;0;0;0;0;0;0;0;0;0;0;0;0;0;0;0;0;0;0;0;0;0;0;0;0;0;0;0;0;0;0;0;0;0;0;0;0;0;0;0;0;0;0;0;0;0;0;0;0;0;0;0;0;0;0;0;0;0;0;0;0;0;0;0;0;0;0;0;0;0;0;0;0;0;0;0;0;0;0;0;0;0;0;0;0;0;0;0;0;0;0;0;0;0;0;0;0;0;0;0;0;0;0;0;0;0;0;0;0;0;0;0;0;0;0;0;0;0;0;0;0;0;0;0;0;0;0;0;0;0;0;0;0;0;0;0;0;0;0;0;0;0;0;0;0;0;0;0;0;0;0;0;0;0;0;0
Ростовская область;2 062 060 333;149 469 649;145 718 447;44 252 289;1 947 535 437;166 324 877;150 328 691;58 301 492;329 686;1 694 438;1 546 422;1 938 158;96 120;2 909;108 696 551;4 603 867;454;105 096 211;31 122 186;20 715 616;3 120 786;15 993;17 795;106 519;20;3 871 749;583 511;1 510 414;205 749;227 010;30 863;920 772;92 682;14;0;0;0;2;0;0;1 137 770;6 824;0;0;0;0;14 339;2 658;7 306;1 763;0;3 482 868;5 372 616;0;3 016 982;4 449 931;0;465 237;985 395;0;93 047;197 079;0;13 957;29 562;0;3 222;87 870;0;477;92;0;13;10;0;0;0;630 794;0;0;611 588;0;0;38 352;0;0;0;0;0;7 670;0;0;1 151;0;0;19 429;0;0;11;0;0;3;0;0;3 605 864;0;0;2 345 202;0;0;0;0;0;1 308 156;0;0;0;0;0;0;261 631;0;0;39 245;0;0;47 494;0;0;2;0;0;1;21 580 056;0;19 790;21 546 962;0;15 491;33 095;0;4 358;993;0;131;0;0;0;0;0;0;61 567 893;0;42 882 317;0;19 955 065;0;3 991 013;0;598 652;0;1 269 489;0;273;0;19;0;2 291 988;2 250 859;27 496;286 553;272 919;57 310;8 597;23;12;4;0;0;0;0;0;0;0;776 974;807 904;4 332 462;4 466 375;1 032 796;2 114 661;91 262;4 300;5 120 628;3 709 776;167 268;747 151;496 361;0;0;0;479 861;16 500;0;1 124 370;0;16 116;0;0;0;0;0;0;0;0;22 061;0;0;0;0;0;0;0;62 051;258 094;101 847;0;0;19 950;2;0;0;163;254 974;2 188 583;79 957;2;1 873;2;0;0;0;0;0;0;0;0;0;307 039;2;0;0;0;0;0;0;0;0;0;0;0;0;0;0;0;0;0;264 232;3;35 231;0;0;0;0;0;0;0;0;0;0;149 194;2;0;0;0;0;0;0;0;0;0;0;0;0;0;0;0;0;54 538;9;17 073;7;11 391;18;38 799;32;778;1;0;0;1 783;2;99 566;17;4 604;8;932;5;105;1;1 738;5;80 688;31;0;0;0;0;0;0;0;0;42 374;1;0;0;46 829 477;6 376;731 712;23;0;0;0;0;0;0;0;0;0;0;3 002 740;14;1 205 000;1;0;0;0;0;0;0;0;0;0;0;0;0;0;0;0;0;0;0;0;0;0;0;0;0;0;0;0;0;0;0;0;0;0;0;0;0;0;0;0;0;0;0;0;0;0;0;0;0;0;0;0;0;0;0;0;0;0;0;0;0;0;0;0;0;0;0;0;0;0;0;0;0;0;0;0;0;0;0;0;0;0;0;0;0;0;0;0;0;0;0;0;0;0;0;0;0;0;0;0;0;0;0;0;0;0;0;0;0;0;0;0;0;0;0;0;0;0;0;0;0;0;0;0;0;0;0;0;0;0;0;0;0;0;0;0;0;0;0;0;0;0;0;0;0;0;0;0;0;0;0;0;0;0;0;0;0;0;0;0;0;0;0;0;0;0;0
Рязанская область;513 331 724;21 019 792;26 915 829;1 948 714;482 165 978;23 086 188;21 763 535;4 872 735;68 115;261 516;4 649 261;15 936;15 261;1 116;31 722 990;1 253 574;82;30 469 417;4 745 953;5 980 865;914 077;0;1 466;13 197;1;1 031 578;158 347;234 339;27 168;35 515;4 074;250 715;112 951;10;0;0;0;0;0;0;378 329;0;0;0;0;0;5 284;389;3 347;649;0;434 683;1 478 219;0;412 025;1 319 490;0;22 658;162 817;0;4 532;32 563;0;680;4 885;0;0;4 626;0;215;44;0;0;3;0;0;0;439 050;0;0;420 817;0;0;25 400;0;0;762;0;0;4 318;0;0;762;0;0;7 167;0;0;3;0;0;2;0;0;0;0;0;0;0;0;0;0;0;0;0;0;0;0;0;0;0;0;0;0;0;0;0;0;0;0;0;0;0;129 384;0;13 818;123 778;0;12 431;5 606;0;1 387;168;0;42;6;0;0;0;0;0;31 310 531;0;26 302 147;0;5 676 541;0;1 135 306;0;170 297;0;668 157;0;150;0;17;0;483 591;1 496 318;1 436;8 217;1 022 379;1 643;247;10;6;3;0;0;0;0;0;0;0;648 707;1 003 616;78 775;77 532;0;0;1 347;18 005;4 888 905;481 619;58 734;305 610;4 000 227;7 627;12;0;0;0;0;0;0;0;0;0;0;0;0;0;0;0;25 000;0;0;0;0;0;0;0;4 040 337;2 156;3 940;0;0;0;0;0;0;60;58 277;761 184;0;0;0;0;0;0;0;0;0;0;0;0;0;0;0;0;0;0;0;0;0;0;0;0;0;0;0;0;0;0;0;0;0;0;0;0;0;0;0;0;0;0;0;0;0;9 581;2;0;0;0;0;0;0;0;0;0;0;0;0;0;0;0;0;5 328;2;3 820;4;258;3;1 011;8;22 590;2;0;0;1 047;1;2 540;5;882;3;0;0;304;1;0;0;2 182;11;0;0;0;0;0;0;0;0;0;0;0;0;13 170 964;1 958;188 991;4;0;0;0;0;0;0;0;0;0;0;0;0;0;0;89 286;1;0;0;0;0;0;0;0;0;0;0;0;0;0;0;0;0;0;0;0;0;0;0;0;0;0;0;0;0;0;0;0;0;0;0;0;0;0;0;0;0;0;0;0;0;0;0;0;0;0;0;0;0;0;0;0;0;0;0;0;0;0;0;0;0;0;0;0;0;0;0;0;0;0;0;0;0;0;0;0;0;0;0;0;0;0;0;0;0;0;0;0;0;0;0;0;0;0;0;0;0;0;0;0;0;0;0;0;0;0;0;0;0;0;0;0;0;0;0;0;0;0;0;0;0;0;0;0;0;0;0;0;0;0;0;0;0;0;0;0;0;0;0;0;0;0;0;0;0;0;0;0;0;0;0;0;0;0;0;0;0;0;0;0;0
Самарская область;1 979 991 207;498 332 649;135 680 368;107 666 075;1 848 460 408;544 799 782;120 431 123;90 294 929;785 610;530 868;9 255 894;3 864 269;31 689;151;138 319 583;5 783 623;295;132 622 848;31 979 896;25 331 929;3 970 968;4 429;5 975;52 761;3;4 205 746;658 774;1 635 759;17 527;243 921;2 628;1 156 725;1 104 935;7;1 366;27 341;3;235;0;0;2 349 338;49;0;0;0;0;23 212;1 698;8 496;2 958;0;2 258 110;5 194 620;832 448;2 177 474;4 945 532;746 946;103 987;352 859;87 630;20 797;70 572;17 526;3 120;10 586;2 629;23 424;103 772;0;312;81;15;9;4;0;0;0;7 188 449;0;0;6 167 765;0;0;1 185 077;0;0;23 701;0;0;213 314;0;0;35 553;0;0;193 934;0;0;45;0;0;12;0;0;0;0;0;0;0;0;0;0;0;0;0;0;0;0;0;0;0;0;0;0;0;0;0;0;0;0;0;0;0;576 045;0;6 842;514 919;0;6 842;61 125;0;0;1 834;0;0;0;0;0;0;0;0;23 074 641;0;18 422 324;0;5 117 342;0;1 023 468;0;153 519;0;465 025;0;163;0;8;0;7 391 061;6 927 344;6 116;466 494;8 896;93 299;13 995;19;7;17;0;0;0;0;0;0;0;8 541 510;8 078 195;5 083 983;4 579 712;573 315;616 397;530 825;968 272;15 471 400;6 252 809;952 586;3 183 750;4 829 763;0;4 788;0;4 543 509;9 395;100 357;80 380;9 395;0;0;0;0;0;0;0;186 700;0;1 315 910;16 894;121 501;0;0;94 323;0;0;3 688 946;0;64 309;392;1;32;1;0;0;215;1 121 075;12 722 079;0;0;9 236;1;608;3;0;0;0;0;0;0;0;591 524;4;18 393;1;0;0;0;0;0;0;0;0;0;2 486;1;249;0;0;0;16 421;2;2 190;0;0;0;0;0;0;0;0;19 392;1;14 411;6;0;0;0;4;1;1;0;0;0;0;0;0;0;0;0;0;46 037;24;4 271;5;1 119 616;32;90 898;43;11;2;433;1;385 114;11;327 584;43;16 906;26;4 770;9;6 887;4;4 230;8;152 663;65;0;0;0;0;0;0;344;2;4 087;1;0;0;62 753 384;7 469;1 381 217;22;0;0;0;0;0;0;0;0;0;0;1 631 776;2;0;0;806 227;3;0;0;0;0;0;0;0;0;0;0;0;0;0;0;0;0;0;0;0;0;0;0;0;0;0;0;0;0;0;0;0;0;0;0;0;0;0;0;0;0;0;0;0;0;0;0;0;0;0;0;0;0;0;0;0;0;0;0;0;0;0;0;0;0;0;0;0;0;0;0;0;0;0;0;0;0;0;0;0;0;0;0;0;0;0;0;0;0;0;0;0;0;0;0;0;0;0;0;0;0;0;0;0;0;0;0;0;0;0;0;0;0;0;0;0;0;0;0;0;0;0;0;0;0;0;0;0;0;0;0;0;0;0;0;0;0;0;0;0;0;0;0;0;0;0;0;0;0;0;0;0;0;0;0;0;0;0;0;0;0;0;0;0;0
Саратовская область;594 847 015;130 988 879;22 486 167;10 073 722;560 157 754;137 919 861;23 009 065;22 868 640;288 345;58 710;232 442;55 656;15 073;3 098;34 238 667;1 167 404;173;33 071 265;19 724 434;6 613 958;992 091;984;0;0;0;1 418 442;212 696;347 955;57 269;52 188;8 592;233 481;0;0;0;0;0;0;0;0;233 481;0;0;0;0;0;8 481;845;3 077;969;0;1 241 587;3 366 220;0;1 058 623;2 922 058;0;183 968;489 494;0;36 794;97 899;0;5 519;14 685;0;731;45 333;0;188;100;0;1;9;0;0;0;17 000;0;0;15 995;0;0;1 005;0;0;50;0;0;151;0;0;30;0;0;0;0;0;8;0;0;0;0;0;0;0;0;0;0;0;0;0;0;0;0;0;0;0;0;0;0;0;0;0;0;0;0;0;0;0;0;0;0;186 367;0;35 392;153 374;0;51 713;32 992;0;0;990;0;0;0;0;16 321;0;0;2;22 035 260;0;15 614 349;0;6 622 402;0;1 324 481;0;198 672;0;201 491;0;154;0;15;0;1 694 069;1 745 287;0;2 941;54 158;588;88;9;5;3;0;0;0;0;0;0;0;1 972 747;1 900 240;203 393;194 213;0;0;10 737;1 424;8 447 357;7 707 134;277 185;453 904;6 075;0;48;0;4 885;0;0;155 438;0;0;0;0;0;0;0;0;0;0;0;0;0;0;0;0;81;0;0;0;17 561;0;0;1 074;1;0;0;102;206 466;2 703 786;0;0;0;0;0;0;0;0;0;0;0;0;0;495 531;3;44 401;2;0;0;0;0;0;0;0;0;0;7 043;2;705;61;1;6;0;0;0;0;0;0;0;0;0;0;0;0;0;903;1;0;0;0;0;0;0;0;0;0;0;0;0;0;0;0;0;11 991;5;1 680;5;10 357;19;27 716;33;15 858;2;883;2;58 593;3;111 140;11;2 940;4;1 706;1;643;3;3 770;2;57 542;31;0;0;0;0;0;0;0;0;417;2;0;0;21 613 149;3 156;111 408;12;0;0;0;0;0;0;0;0;0;0;0;0;0;0;0;0;0;0;0;0;0;0;0;0;0;0;0;0;0;0;0;0;0;0;0;0;0;0;0;0;0;0;0;0;0;0;0;0;0;0;0;0;0;0;0;0;0;0;0;0;0;0;0;0;0;0;0;0;0;0;0;0;0;0;0;0;0;0;0;0;0;0;0;0;0;0;0;0;0;0;0;0;0;0;0;0;0;0;0;0;0;0;0;0;0;0;0;0;0;0;0;0;0;0;0;0;0;0;0;0;0;0;0;0;0;0;0;0;0;0;0;0;0;0;0;0;0;0;0;0;0;0;0;0;0;0;0;0;0;0;0;0;0;0;0;0;0;0;0;0;0;0;0;0;0;0;0;0;0;0;0;0;0;0;0;0;0;0;0;0
Сахалинская область;196 496 398;78 976 086;25 570 797;31 995 495;179 983 001;94 021 830;15 817 017;46 470 712;114 758;66 129;3 656 060;98 255;4 937;0;22 721 691;922 134;91;21 799 557;29 553 085;4 359 598;653 648;5 873;0;0;0;1 116 468;167 526;194 414;212 345;29 153;31 853;184 427;0;0;0;0;0;313;0;0;184 740;0;0;0;0;0;1 250;532;819;153;0;14 219;402 306;18 344;15 981;422 860;18 291;374;20 224;53;75;4 045;11;11;607;2;2 135;40 778;0;2;16;30;1;4;0;255 831;0;7 209 223;164 009;0;10 977 314;91 822;0;33 420;0;0;0;18 364;0;6 684;2 755;0;1 003;0;0;3 801 510;1;0;9;0;0;6;0;6 763 129;0;0;7 766 974;0;0;0;0;0;319 820;0;0;0;0;0;0;63 964;0;0;9 595;0;0;1 323 664;0;0;12;0;0;6;0;149 515;406 427;0;145 662;643 213;0;4 718;37 647;0;142;1 129;0;865;274 434;0;1;1;0;8 278 080;0;6 708 623;0;1 642 710;0;328 542;0;49 281;0;73 253;0;3;0;1;0;37 198 091;29 055 767;98 080;8 000 028;73 782;1 600 006;240 001;39;7;23;1 689 193;5 650 200;0;0;0;3 961 007;1;0;0;428 382;427 632;0;0;750;21 840;44 443 156;38 260 288;45 382;585 518;5 445 973;0;557;1 235;841 739;0;22 743;1 235;1 361 700;148 500;0;198 378;0;20 000;0;0;0;0;0;0;1 877 971;0;0;0;3 808;1 235;187 089;104 885;4 884;0;0;0;0;0;0;47;102 138;940 269;0;0;0;0;0;0;0;0;0;0;0;0;0;56 487;1;0;0;0;0;0;0;0;0;0;0;0;0;0;0;0;0;0;268 257;3;35 768;0;0;0;0;0;0;0;0;0;0;0;0;0;0;0;0;0;0;0;0;0;0;0;0;0;0;0;0;24 477;6;1 197;3;505;4;6 930;16;0;0;0;0;14 516;2;3 232;7;405;6;1 432;2;0;0;0;0;8 694;9;0;0;0;0;0;0;0;0;0;0;0;0;11 327 741;818;61 660;2;0;0;0;0;0;0;0;0;0;0;5 051 248;4;0;0;0;0;0;0;0;0;0;0;0;0;0;0;0;0;0;0;0;0;0;0;0;0;0;0;0;0;0;0;0;0;0;0;0;0;0;0;0;0;0;0;0;0;0;0;0;0;0;0;0;0;0;0;0;0;0;0;0;0;0;0;0;0;0;0;0;0;0;0;0;0;0;0;0;0;0;0;0;0;0;0;0;0;0;0;0;0;0;0;0;0;0;0;0;0;0;0;0;0;0;0;0;0;0;0;0;0;0;0;0;0;0;0;0;0;0;0;0;0;0;0;0;0;0;0;0;0;0;0;0;0;0;0;0;0;0;0;0;0;0;0;0;0;0;0;0;0;0;0;0;0;0;0;0;0;0;0;0;0;0;0;0;0;0;0;0;0
Свердловская область;3 654 740 738;898 482 383;233 908 051;326 823 366;3 353 373 664;927 206 572;274 712 329;386 157 486;2 989 419;6 769 223;6 902 798;5 528 587;249 280;539 480;256 475 654;14 065 834;692;242 411 607;86 282 198;47 237 135;7 272 137;207 132;29 912;81 948;6;6 024 771;905 912;4 260 021;215 091;652 877;33 161;2 813 166;1 248 935;14;11;194;1;0;0;0;4 174 166;2 050;0;0;0;0;28 326;4 203;9 833;2 755;0;2 916 778;10 574 082;1 137 725;2 799 740;10 009 202;1 048 997;162 802;828 275;90 369;32 560;165 655;18 074;4 884;24 848;2 711;45 766;263 394;1 640;607;124;11;36;26;1;2 637 362;0;397 507;2 328 521;0;642 236;310 116;0;13 510;52 720;0;676;672;0;2 027;202;0;405;0;0;268 510;2;0;5;0;0;3;0;0;0;0;0;0;0;0;0;0;0;0;0;0;0;0;0;0;0;0;0;0;0;0;0;0;0;0;0;0;0;423 435;0;44 617;401 474;0;41 786;21 961;0;3 512;659;0;105;0;0;682;0;0;1;17 617 630;0;15 911 466;0;1 746 507;0;349 301;0;52 395;0;40 343;0;47;0;4;0;122 781;106 549;9 380;12 670;5 818;2 534;380;13;7;7;0;0;0;0;0;0;0;119 405 852;12 508 833;20 837 401;19 856 859;83 389;461 741;1 095 968;109 643;46 077 704;38 811 806;278 875;3 142 747;3 658 675;0;35 509;3 964;2 471 019;3 752;48 240;254 735;35 255;5 725;0;0;0;0;138 650 370;4 335;500 000;14 609;2 827 203;15 944;6 015;193;0;0;0;3 964;1 917 746;23 752;36 977;42 030;2;13 610;2;0;0;380;3 553 304;11 001 979;7 431;5;7 069;1;28;1;0;0;0;0;0;0;0;1 527 164;7;276 504;7;0;0;0;0;0;0;0;0;0;848;3;85;1 009;2;101;91 111;4;12 149;0;0;0;0;0;0;0;0;0;0;37 002;13;0;0;0;0;0;0;12 154;1;0;0;0;0;0;0;2 261;2;149 762;25;186 194;14;33 068;36;215 627;98;262;3;0;0;361 195;8;675 534;79;20 842;22;162 627;24;38 447;16;3 303;2;215 639;102;0;0;0;0;0;0;197;2;424 228;3;59 552;1;78 023 065;11 291;4 790 375;57;0;0;0;0;0;0;0;0;0;0;0;0;0;0;0;0;0;0;0;0;0;0;0;0;0;0;0;0;0;0;0;0;0;0;0;0;0;0;0;0;0;0;0;0;0;0;0;0;0;0;0;0;0;0;0;0;0;0;0;0;0;0;0;0;0;0;0;0;0;0;0;0;0;0;0;0;0;0;0;0;0;0;0;0;0;0;0;0;0;0;0;0;0;0;0;0;0;0;0;0;0;0;0;0;0;0;0;0;0;0;0;0;0;0;0;0;0;0;0;0;0;0;0;0;0;0;0;0;0;0;0;0;0;0;0;0;0;0;0;0;0;0;0;0;0;0;0;0;0;0;0;0;0;0;0;0;0;0;0;0;0;0;0;0;0;0;0;0;0;0;0;0;0;0;0;0;0;0;0;0
Смоленская область;488 750 289;54 105 358;41 102 419;10 771 140;461 689 063;56 823 101;41 902 263;15 053 804;73 220;112 590;2 382 528;1 265 177;550;68;23 951 524;1 665 197;195;22 286 327;8 153 062;4 432 767;668 589;2 922;10 297;72 079;2;866 413;131 830;273 047;27 497;40 112;4 123;333 039;24 498;6;0;0;0;0;0;0;439 913;32;0;0;0;0;5 453;995;2 848;1 155;0;440 034;1 022 714;0;368 532;927 449;0;71 502;102 009;0;14 300;20 402;0;2 145;3 060;0;0;6 744;0;14;39;0;0;2;0;0;0;17 217;0;0;17 631;0;0;54;0;0;0;0;0;11;0;0;2;0;0;467;0;0;14;0;0;3;0;0;0;0;0;0;0;0;0;0;0;0;0;0;0;0;0;0;0;0;0;0;0;0;0;0;0;0;0;0;0;24 491;0;0;16 917;0;0;7 574;0;0;227;0;0;0;0;0;0;0;0;5 478 581;938 949;5 454 309;676 336;320 856;262 613;64 171;52 523;9 625;7 878;296 584;0;12;1;3;0;283 286;339 831;0;2 197;58 742;439;66;8;3;3;0;0;0;0;0;0;0;48 935;49 369;6 295 121;8 291 935;0;0;0;0;8 656 817;6 817 766;58 795;1 540 995;183 347;0;33 917;1 293;92 000;85 786;26 032;0;21 386;0;0;0;0;0;0;0;56 364;0;362 972;1 313;0;0;0;0;0;1 442;75 000;90 384;33 267;0;0;0;0;0;0;44;12 477;399 605;15 903;1;30;1;0;0;0;0;0;0;0;0;0;77;1;25;1;0;0;0;0;0;0;0;0;0;0;0;0;0;0;0;0;0;0;0;1;0;0;0;0;0;0;0;0;0;0;0;0;0;0;0;0;0;0;0;0;0;0;0;0;6 439;1;710;3;449;1;2 093;6;4 049;10;0;0;0;0;21 577;3;11 094;7;505;4;1 443;2;0;0;0;0;5 393;10;15;1;0;0;0;0;0;0;2 251;1;0;0;10 667 800;1 991;134 871;11;0;0;0;0;0;0;0;0;0;0;0;0;0;0;0;0;0;0;0;0;0;0;0;0;0;0;0;0;0;0;0;0;0;0;0;0;0;0;0;0;0;0;0;0;0;0;0;0;0;0;0;0;0;0;0;0;0;0;0;0;0;0;0;0;0;0;0;0;0;0;0;0;0;0;0;0;0;0;0;0;0;0;0;0;0;0;0;0;0;0;0;0;0;0;0;0;0;0;0;0;0;0;0;0;0;0;0;0;0;0;0;0;0;0;0;0;0;0;0;0;0;0;0;0;0;0;0;0;0;0;0;0;0;0;0;0;0;0;0;0;0;0;0;0;0;0;0;0;0;0;0;0;0;0;0;0;0;0;0;0;0;0;0;0;0;0;0;0;0;0;0;0;0;0;0;0;0;0;0;0
Тамбовская область;307 034 207;22 002 760;10 704 619;19 740 196;289 204 896;24 015 422;9 145 100;9 880 240;224 166;19 397;1 954 037;12 499 136;2 299;328;17 657 941;1 940 124;41;15 717 817;4 632 773;3 140 607;471 535;0;2 019;18 171;1;418 326;62 749;478 037;7 935;71 705;1 190;388 025;2 955;1;0;0;0;0;0;0;411 170;0;0;0;0;0;2 843;268;1 570;286;0;827 063;553 676;0;700 611;483 059;0;127 083;73 287;0;25 417;14 657;0;3 812;2 199;0;631;2 670;0;91;17;0;3;3;0;0;0;261 146;0;0;168 657;0;0;92 489;0;0;0;0;0;18 498;0;0;2 775;0;0;0;0;0;4;0;0;0;0;0;0;0;0;0;0;0;0;0;0;0;0;0;0;0;0;0;0;0;0;0;0;0;0;0;0;0;0;0;0;75 539;0;0;75 057;0;0;482;0;0;14;0;0;0;0;0;0;0;0;78 450 253;0;63 010 340;0;15 984 557;0;3 196 911;0;479 537;0;544 644;0;145;0;9;0;24 364;21 418;0;3 972;1 026;794;119;4;2;1;0;0;0;0;0;0;0;32 020;31 787;112 543;114 236;56;0;1 281;22 701;6 562 410;4 533 704;352 130;635 896;1 040 654;0;26;0;1 040 338;316;0;1 006 380;0;0;0;0;0;0;0;0;2 681;0;0;0;0;0;0;0;0;0;31 277;316;0;0;0;1 535;2;0;0;27;9 693;468 945;0;0;1 139;1;0;0;0;0;0;0;0;0;0;0;1;0;0;0;0;0;0;0;0;0;0;0;0;0;0;0;0;0;4 085;1;545;0;0;0;0;0;0;0;0;0;0;0;0;0;0;0;0;0;0;0;0;0;0;0;0;0;0;0;0;278;1;4 370;1;1 919;3;9 228;5;31;1;0;0;723;1;10 459;5;735;4;4 287;2;4 233;3;0;0;10 742;11;0;0;0;0;0;0;0;0;0;0;0;0;11 630 684;1 342;17 286;6;0;0;0;0;0;0;0;0;0;0;0;0;0;0;0;0;0;0;0;0;0;0;0;0;0;0;0;0;0;0;0;0;0;0;0;0;0;0;0;0;0;0;0;0;0;0;0;0;0;0;0;0;0;0;0;0;0;0;0;0;0;0;0;0;0;0;0;0;0;0;0;0;0;0;0;0;0;0;0;0;0;0;0;0;0;0;0;0;0;0;0;0;0;0;0;0;0;0;0;0;0;0;0;0;0;0;0;0;0;0;0;0;0;0;0;0;0;0;0;0;0;0;0;0;0;0;0;0;0;0;0;0;0;0;0;0;0;0;0;0;0;0;0;0;0;0;0;0;0;0;0;0;0;0;0;0;0;0;0;0;0;0;0;0;0;0;0;0;0;0;0;0;0;0;0;0;0;0;0;0
Тверская область;479 021 547;73 843 429;25 614 353;9 058 256;449 785 221;79 199 536;24 961 557;12 204 915;154 157;507 974;1 447 657;4 381 755;58 446;0;28 611 834;707 493;141;27 904 341;9 980 545;5 580 572;837 086;17 656;0;0;0;1 035 900;156 027;290 884;14 191;43 731;2 129;141 499;0;0;0;0;0;0;0;0;141 499;4;0;0;0;0;5 226;948;3 182;821;0;331 540;1 546 204;3 259;318 850;1 325 580;3 259;15 118;224 189;0;3 024;44 838;0;454;6 726;0;2 429;3 564;0;100;45;2;35;4;0;0;0;0;0;0;0;0;0;0;0;0;0;0;0;0;0;0;0;0;0;0;0;0;0;0;0;0;0;0;0;0;0;0;0;0;0;0;0;0;0;0;0;0;0;0;0;0;0;0;0;0;0;0;0;0;0;0;0;234 925;0;0;225 336;0;0;9 590;0;0;288;0;0;0;0;0;0;0;0;18 509 761;0;18 148 563;0;1 165 682;0;233 115;0;34 968;0;804 484;0;39;0;13;0;250 478;209 281;0;41 369;172;8 274;1 241;4;1;2;0;0;0;0;0;0;0;4 425 368;4 310 778;3 722 937;1 252 284;0;1 874;2 470 653;3 994 309;3 938 939;2 737 214;227 896;326 493;646 870;0;464;0;640 842;3 615;0;129 870;0;124;0;0;0;0;0;141;0;13 959;0;0;70 842;0;0;0;0;0;955 000;9 069;0;0;0;0;0;0;0;67;57 487;773 282;338;1;1 409;2;0;0;0;0;0;0;0;0;0;10 339;1;0;0;0;0;0;0;0;0;0;0;0;0;0;0;0;0;0;854;1;114;0;0;0;0;0;0;0;0;0;0;6 416;6;0;0;0;0;0;0;0;0;0;0;0;0;0;0;0;0;5 520;2;3 644;3;1 498;6;2 810;13;0;0;30;1;38;1;23 484;10;1 847;2;7;1;677;1;0;0;8 672;14;0;0;0;0;0;0;0;0;0;0;0;0;11 903 829;2 161;71 704;8;0;0;0;0;0;0;674 264;3;156;1;0;0;0;0;0;0;0;0;0;0;0;0;0;0;0;0;0;0;0;0;0;0;0;0;0;0;0;0;0;0;0;0;0;0;0;0;0;0;0;0;0;0;0;0;0;0;0;0;0;0;0;0;0;0;0;0;0;0;0;0;0;0;0;0;0;0;0;0;0;0;0;0;0;0;0;0;0;0;0;0;0;0;0;0;0;0;0;0;0;0;0;0;0;0;0;0;0;0;0;0;0;0;0;0;0;0;0;0;0;0;0;0;0;0;0;0;0;0;0;0;0;0;0;0;0;0;0;0;0;0;0;0;0;0;0;0;0;0;0;0;0;0;0;0;0;0;0;0;0;0;0;0;0;0;0;0;0;0;0;0;0;0;0;0;0;0;0;0;0;0
Томская область;454 979 932;260 671 463;19 950 718;24 432 801;428 143 989;273 217 096;14 294 604;28 898 185;60 719;53 760;8 395 888;11 712 492;25 153;3 903;24 235 286;497 210;138;23 945 747;28 582 895;4 713 339;709 186;6 012;0;0;0;787 696;119 017;468 062;26 705;70 210;4 006;99 442;1 763;5;245;14 187;9;0;0;0;115 637;0;0;0;0;0;4 272;820;2 447;564;0;570 228;2 244 390;0;555 460;1 870 902;0;15 385;383 967;0;3 077;76 794;0;461;11 519;0;762;10 478;0;270;43;0;1;3;0;0;0;171 463;0;0;137 796;0;0;33 667;0;0;1 683;0;0;5 050;0;0;1 010;0;0;0;0;0;2;0;0;0;0;0;0;0;0;0;0;0;0;0;0;0;0;0;0;0;0;0;0;0;0;0;0;0;0;0;0;0;0;0;0;0;0;5 221;0;0;34 026;0;0;1 194;0;0;36;0;0;0;0;0;0;15 447 230;0;14 104 764;0;1 593 589;0;318 717;0;47 808;0;251 123;0;45;0;5;0;216 680;196 737;7 179;13 241;477;2 648;397;3;1;0;0;0;0;0;0;0;0;2;2;2 026 970;2 043 019;10 048 171;10 035 642;13 125;0;21 268 770;20 613 749;127 535;517 113;1 942;0;53;0;0;1 152;569;250;0;127 685;0;0;0;0;1 152;0;0;0;0;0;0;0;0;0;0;0;0;0;0;2 904;1;250;1;0;0;94;440 845;5 826 515;0;0;0;0;0;0;0;0;0;0;0;0;0;156 906;4;0;0;0;0;0;0;0;0;0;0;0;412;1;41;0;0;0;24 726;2;3 297;0;0;0;0;0;0;0;0;0;0;12 299;2;0;0;0;0;0;0;0;0;43 014;1;8 603;0;0;0;242;1;34 647;16;32 648;4;1 076;9;32 590;34;0;0;0;0;27 243;5;166 682;38;14 491;26;84 954;16;1 592;3;13 398;13;59 213;41;0;0;0;0;0;0;0;0;0;0;0;0;23 802 556;1 710;1 051 685;27;0;0;0;0;0;0;0;0;0;0;0;0;0;0;0;0;0;0;0;0;0;0;0;0;0;0;0;0;0;0;0;0;0;0;0;0;0;0;0;0;0;0;0;0;0;0;0;0;0;0;0;0;0;0;0;0;0;0;0;0;0;0;0;0;0;0;0;0;0;0;0;0;0;0;0;0;0;0;0;0;0;0;0;0;0;0;0;0;0;0;0;0;0;0;0;0;0;0;0;0;0;0;0;0;0;0;0;0;0;0;0;0;0;0;0;0;0;0;0;0;0;0;0;0;0;0;0;0;0;0;0;0;0;0;0;0;0;0;0;0;0;0;0;0;0;0;0;0;0;0;0;0;0;0;0;0;0;0;0;0;0;0;0;0;0;0;0;0;0;0;0;0;0;0;0;0;0;0;0;0
Тульская область;798 342 016;131 129 050;77 709 145;15 175 414;735 202 692;137 830 639;72 353 079;32 816 296;410 677;243 071;408 407;69 747;166 414;81;68 387 115;9 285 815;200;59 101 300;24 169 161;11 756 629;1 771 235;347;35 522;171 026;4;1 614 599;243 817;3 806 305;54 971;574 033;8 246;1 857 163;31 170;5;1 803;30 658;2;0;0;0;2 127 342;53;0;0;0;0;5 784;959;3 165;915;0;254 852;2 351 654;0;248 219;2 106 486;0;23 775;254 600;0;4 755;50 920;0;713;7 638;0;17 142;9 432;0;102;32;0;3;3;0;0;0;780 654;0;0;710 288;0;0;67 589;0;0;0;0;0;13 518;0;0;2 028;0;0;5 261;0;0;7;0;0;2;0;0;35 959 351;0;0;43 864 470;0;0;0;0;0;0;0;0;0;0;0;0;0;0;0;0;0;0;7 905 118;0;0;1;0;0;1;119 119;0;0;113 917;0;0;8 310;0;0;249;0;0;3 108;0;0;1;0;0;25 400 025;0;21 447 118;0;5 082 901;0;1 016 580;0;152 486;0;1 129 994;0;83;0;13;0;991 639;937 610;0;100 686;46 657;20 137;3 021;11;3;3;0;0;0;0;0;0;0;164 986;186 273;713 212;657 230;0;0;55 990;3 430;5 365 927;3 971 416;282 134;467 840;548 196;0;83;0;545 263;0;147;105 263;0;0;0;105 312;0;0;0;1 069 716;0;0;440 000;2 933;0;0;0;0;0;0;0;45 734;0;3 660;1;0;0;0;0;101;486 069;5 793 105;959;1;182;1;0;0;0;0;14 294;1;2 859;0;0;317 487;3;917;2;0;0;0;0;0;0;0;0;0;3 765;1;377;0;0;0;274 398;3;36 587;0;0;0;0;0;0;0;0;0;0;16;1;0;0;0;0;0;0;0;0;0;0;0;0;0;0;0;0;12 167;5;3 640;1;1 159;8;39 364;18;0;0;147;1;0;0;76 774;11;3 241;5;542;1;21 525;3;764;2;38 798;16;0;0;0;0;0;0;0;0;0;0;0;0;28 279 436;2 417;252 249;6;0;0;0;0;0;0;0;0;0;0;0;0;0;0;0;0;0;0;0;0;0;0;0;0;0;0;0;0;0;0;0;0;0;0;0;0;0;0;0;0;0;0;0;0;0;0;0;0;0;0;0;0;0;0;0;0;0;0;0;0;0;0;0;0;0;0;0;0;0;0;0;0;0;0;0;0;0;0;0;0;0;0;0;0;0;0;0;0;0;0;0;0;0;0;0;0;0;0;0;0;0;0;0;0;0;0;0;0;0;0;0;0;0;0;0;0;0;0;0;0;0;0;0;0;0;0;0;0;0;0;0;0;0;0;0;0;0;0;0;0;0;0;0;0;0;0;0;0;0;0;0;0;0;0;0;0;0;0;0;0;0;0;0;0;0;0;0;0;0;0;0;0;0;0;0;0;0;0;0;0
Тюменская область;829 323 172;515 198 526;60 052 865;51 498 629;748 924 647;549 961 967;49 584 990;151 972 119;260 592;1 996 081;5 197 257;9 216 156;12 059;223;85 931 853;2 157 537;236;83 774 317;142 457 226;16 735 481;2 513 230;0;0;0;0;2 104 630;316 733;1 565 477;182 713;239 139;28 568;431 507;19 381;4;0;0;0;0;0;0;450 888;0;0;0;0;0;5 995;1 719;3 216;738;0;2 140 712;3 388 596;0;2 007 978;2 741 215;0;144 515;662 098;0;28 903;132 420;0;4 335;19 863;0;11 781;14 718;0;78;47;0;17;7;0;0;0;0;0;0;0;0;0;0;0;0;0;0;0;0;0;0;0;0;0;0;0;0;0;0;0;0;0;0;0;0;0;0;0;0;0;0;0;0;0;0;0;0;0;0;0;0;0;0;0;0;0;0;0;0;0;0;0;217 257;0;0;204 907;0;0;12 350;0;0;371;0;0;0;0;0;0;0;0;30 832 848;0;26 235 609;0;4 648 397;0;929 680;0;139 453;0;51 158;0;133;0;10;0;7 319 244;6 509 772;35 698;952 095;178 321;190 419;28 563;15;5;8;0;0;0;0;0;0;0;265 901;262 369;474 477;460 384;0;0;14 174;0;9 239 551;4 483 816;3 556 636;1 087 179;78 454;0;159;0;8 394;0;70 218;75 948;0;0;0;0;0;0;0;0;0;70 020;8 045;0;0;0;0;0;0;0;0;0;0;171 125;2;151 271;1;119 835;1;114;15 887 426;65 491 222;2 718;2;0;0;0;0;0;0;0;0;0;0;0;298 900;6;232;1;0;0;0;0;0;0;0;0;0;132 024;1;13 202;0;0;0;328 487;5;43 798;0;0;0;0;0;0;0;0;0;0;125;1;0;0;0;0;0;0;0;0;251 653;1;50 331;0;0;0;0;0;101 234;11;83 008;8;1 571;9;17 453;14;117 894;1;4 863;1;132 804;8;366 013;24;21 441;17;44 050;5;23 181;7;140;1;120 698;24;0;0;0;0;0;0;6;1;27;1;0;0;65 434 843;3 354;704 273;14;0;0;0;0;0;0;0;0;204;1;0;0;0;0;0;0;0;0;0;0;0;0;0;0;0;0;0;0;0;0;0;0;0;0;0;0;0;0;0;0;0;0;0;0;0;0;0;0;0;0;0;0;0;0;0;0;0;0;0;0;0;0;0;0;0;0;0;0;0;0;0;0;0;0;0;0;0;0;0;0;0;0;0;0;0;0;0;0;0;0;0;0;0;0;0;0;0;0;0;0;0;0;0;0;0;0;0;0;0;0;0;0;0;0;0;0;0;0;0;0;0;0;0;0;0;0;0;0;0;0;0;0;0;0;0;0;0;0;0;0;0;0;0;0;0;0;0;0;0;0;0;0;0;0;0;0;0;0;0;0;0;0;0;0;0;0;0;0;0;0;0;0;0;0;0;0;0;0;0;0
Ульяновская область;359 798 425;89 298 209;19 947 020;11 811 974;343 990 991;101 117 769;15 017 077;12 439 320;933 980;16 836;17 330;1 202;82 448;4 555;21 572 277;2 564 952;63;19 007 409;12 435 558;3 713 270;569 074;0;0;0;0;947 201;143 704;179 123;9 224;28 469;1 451;512 990;68 305;17;1 105;18 784;8;0;0;0;601 184;165;0;0;0;0;5 569;232;2 141;429;0;714 981;886 471;7 449;602 638;800 346;6 002;112 343;86 127;1 447;22 468;17 224;289;3 370;2 584;43;0;0;0;25;24;3;0;0;0;0;0;1 003 178;0;0;971 171;0;0;44 125;0;0;0;0;0;8 825;0;0;1 324;0;0;12 118;0;0;16;0;0;9;0;0;5 209 227;0;0;3 820 171;0;0;146 219;0;0;1 268 687;0;0;0;0;0;0;253 737;0;0;38 061;0;0;25 850;0;0;2;0;0;1;115 184;0;3 979;98 714;0;3 978;16 471;0;1;494;0;0;0;0;0;0;0;0;7 341 004;0;5 363 679;0;2 124 039;0;424 807;0;63 721;0;146 714;0;48;0;3;0;410 579;340 678;0;70 152;252;14 030;2 105;6;1;3;0;0;0;0;0;0;0;1 050;1 050;40 867;40 359;0;0;508;5;1 805 076;415 960;121 022;301 333;966 686;0;68;0;830 000;136 686;68;0;0;0;0;0;0;0;0;0;830 000;0;0;0;0;0;0;0;0;0;0;136 686;0;0;0;0;0;0;0;64;168 674;1 025 347;9 666;2;63;1;0;0;0;0;0;0;0;0;0;0;0;0;0;0;0;0;0;0;0;0;0;0;0;0;0;0;0;0;0;0;0;0;0;0;0;0;0;0;0;0;0;0;0;0;0;0;0;0;0;53 935;1;0;0;0;0;0;0;0;0;3 118;7;3 449;5;15 869;16;24 627;25;0;0;106;1;496;1;18 075;14;532;5;49 153;2;1 232;5;1 831;2;9 815;29;0;0;0;0;0;0;0;0;0;0;0;0;13 141 286;1 834;144 863;5;0;0;0;0;0;0;0;0;0;0;0;0;0;0;0;0;0;0;0;0;0;0;0;0;0;0;0;0;0;0;0;0;0;0;0;0;0;0;0;0;0;0;0;0;0;0;0;0;0;0;0;0;0;0;0;0;0;0;0;0;0;0;0;0;0;0;0;0;0;0;0;0;0;0;0;0;0;0;0;0;0;0;0;0;0;0;0;0;0;0;0;0;0;0;0;0;0;0;0;0;0;0;0;0;0;0;0;0;0;0;0;0;0;0;0;0;0;0;0;0;0;0;0;0;0;0;0;0;0;0;0;0;0;0;0;0;0;0;0;0;0;0;0;0;0;0;0;0;0;0;0;0;0;0;0;0;0;0;0;0;0;0;0;0;0;0;0;0;0;0;0;0;0;0;0;0;0;0;0;0
Челябинская область;2 026 285 365;313 126 385;169 571 878;39 914 014;1 884 007 120;315 986 364;190 912 709;74 852 527;572 201;407 330;5 034 262;7 545 345;168 685;6 524;116 306 669;3 176 469;530;113 130 200;44 942 977;22 591 476;3 393 905;1 791;21 344;137 973;5;3 409 821;517 779;1 261 257;127 359;190 975;19 100;635 293;34 562;9;0;0;0;0;0;0;829 172;172;0;0;0;0;19 870;2 775;8 571;2 028;0;1 686 807;7 395 947;496 725;1 525 617;6 390 832;472 107;162 028;1 035 681;24 619;32 406;207 136;4 924;4 861;31 070;739;3 462;39 619;0;196;100;7;5;13;0;719 688;0;884 333;843 212;0;806 935;0;0;82 175;0;0;122;0;0;16 313;0;0;2 465;123 524;0;4 777;1;0;17;1;0;3;0;0;834 396;0;0;455 493;0;0;0;0;0;378 903;0;0;0;0;0;0;75 781;0;0;11 367;0;0;0;0;0;1;0;0;0;213 903;0;4 811;180 263;0;4 811;24 867;0;0;746;0;0;682;0;0;1;0;0;13 582 911;0;12 801 808;0;1 081 738;0;216 346;0;32 453;0;300 635;0;33;0;4;0;1 251 969;1 213 840;144 797;256 022;362 689;51 204;7 681;14;8;3;0;0;0;0;0;0;0;485 188;480 860;2 689 080;2 589 948;0;0;125 709;496 764;7 472 465;929 330;403 164;4 662 838;873 363;0;8 163;1 254;0;123 808;263 953;0;4 268;10 302;0;0;0;0;0;0;31 000;0;390 704;206;0;0;0;0;4 100;0;30 408;41 138;48 253;134 567;2;10 525;3;0;0;231;1 584 190;6 811 306;0;0;6 812;4;0;0;0;0;0;0;0;0;0;4 549 839;4;17 902;2;0;0;0;0;0;0;0;0;0;31 320;1;3 132;0;0;0;588 952;9;78 527;0;0;0;0;0;0;0;0;19 937;2;8 025;6;0;0;0;0;0;0;1 510 924;2;0;0;0;0;0;0;549;1;286 494;12;315 041;12;237 527;30;109 244;62;607;4;954;2;41 544;4;685 741;44;144 621;16;21 059;6;47 178;5;36 140;7;158 891;77;0;0;0;0;0;0;0;0;5 253;1;0;0;54 367 977;7 364;1 218 213;30;0;0;0;0;0;0;0;0;0;0;0;0;0;0;0;0;0;0;0;0;0;0;0;0;0;0;0;0;0;0;0;0;0;0;0;0;0;0;0;0;0;0;0;0;0;0;0;0;0;0;0;0;0;0;0;0;0;0;0;0;0;0;0;0;0;0;0;0;0;0;0;0;0;0;0;0;0;0;0;0;0;0;0;0;0;0;0;0;0;0;0;0;0;0;0;0;0;0;0;0;0;0;0;0;0;0;0;0;0;0;0;0;0;0;0;0;0;0;0;0;0;0;0;0;0;0;0;0;0;0;0;0;0;0;0;0;0;0;0;0;0;0;0;0;0;0;0;0;0;0;0;0;0;0;0;0;0;0;0;0;0;0;0;0;0;0;0;0;0;0;0;0;0;0;0;0;0;0;0;0
Забайкальский край;129 307 232;25 756 482;8 156 502;3 742 934;117 015 425;29 939 820;10 259 087;6 917 813;102 187;81 708;1 530;2 821;0;58 072;10 289 881;1 125 234;54;9 164 647;7 337 400;1 832 929;274 939;1;0;0;0;663 007;99 443;126 515;34 111;18 977;5 115;225 047;0;0;0;0;0;0;0;0;225 047;0;0;0;0;0;1 242;348;1 435;257;0;149 876;1 953 890;29 263;139 625;1 743 778;29 263;11 099;234 855;0;2 220;46 971;0;333;7 046;0;849;24 745;0;160;39;5;1;7;0;53 700 129;6 588 795;6 923 017;33 087 180;5 354 447;16 006 510;20 691 658;1 234 348;15 429;0;209 839;0;4 138 332;37 030;3 086;620 750;37 030;463;78 710;0;9 098 923;2;1;14;1;0;11;0;0;0;0;0;0;0;0;0;0;0;0;0;0;0;0;0;0;0;0;0;0;0;0;0;0;0;0;0;0;0;0;0;2 518;0;0;2 516;0;0;2;0;0;0;0;0;0;0;0;0;473 556;0;602 560;0;6 431;0;1 286;0;193;0;135 435;0;3;0;2;0;0;0;0;0;0;0;0;0;0;4;0;0;0;0;0;0;0;0;0;0;0;0;0;0;0;151 083;91 136;40 514;19 433;0;0;0;0;0;0;0;9 493;0;0;0;0;0;0;0;0;0;0;0;0;0;0;0;0;0;0;0;0;0;0;0;2 500;1;0;0;35;98 938;1 239 987;0;0;0;0;0;0;0;0;0;0;0;0;0;0;0;0;0;0;0;0;0;0;0;0;0;0;0;0;0;0;0;0;0;0;0;0;0;0;0;0;0;0;0;0;0;0;0;0;0;0;0;0;0;0;0;0;0;0;0;0;0;0;0;11 006;2;334;1;131;3;12 932;5;0;0;0;0;0;0;12 820;5;434;4;0;0;0;0;34;1;6 056;5;0;0;0;0;0;0;0;0;0;0;0;0;10 463 734;681;226 582;3;0;0;0;0;0;0;0;0;0;0;0;0;0;0;0;0;0;0;0;0;0;0;0;0;0;0;0;0;0;0;0;0;0;0;0;0;0;0;0;0;0;0;0;0;0;0;0;0;0;0;0;0;0;0;0;0;0;0;0;0;0;0;0;0;0;0;0;0;0;0;0;0;0;0;0;0;0;0;0;0;0;0;0;0;0;0;0;0;0;0;0;0;0;0;0;0;0;0;0;0;0;0;0;0;0;0;0;0;0;0;0;0;0;0;0;0;0;0;0;0;0;0;0;0;0;0;0;0;0;0;0;0;0;0;0;0;0;0;0;0;0;0;0;0;0;0;0;0;0;0;0;0;0;0;0;0;0;0;0;0;0;0;0;0;0;0;0;0;0;0;0;0;0;0;0;0;0;0;0;0
Ярославская область;685 515 399;99 430 720;42 503 413;15 510 355;640 958 007;104 969 285;43 172 463;25 217 402;227 397;1 636 613;2 410 510;119 450;4 909;504 024;41 703 020;3 992 572;218;37 710 448;14 232 473;7 483 997;1 131 310;0;0;0;0;1 488 967;231 928;293 318;94 123;44 007;14 167;798 515;58 093;5;0;0;0;0;0;0;856 608;0;0;0;0;0;7 871;1 394;2 579;897;0;519 965;1 959 943;351 495;490 816;1 674 547;310 309;33 141;289 861;41 185;6 628;57 972;8 238;995;8 696;1 236;3 990;4 467;0;251;39;57;13;4;0;0;0;575 889;0;0;609 497;0;0;12 026;0;0;0;0;0;2 405;0;0;361;0;0;45 635;0;0;9;0;0;3;0;0;0;0;0;0;0;0;0;0;0;0;0;0;0;0;0;0;0;0;0;0;0;0;0;0;0;0;0;0;0;78 385;0;49 568;65 181;0;45 869;13 438;0;4 449;404;0;134;234;0;750;1;0;1;20 173 150;0;17 136 337;0;3 240 424;0;648 086;0;97 213;0;203 611;0;57;0;17;0;43 222;42 546;1 824;3 521;4 671;704;106;13;9;0;0;0;0;0;0;0;0;401 253;388 798;1 330 316;1 375 836;339 993;460 206;2 700;8 119 990;10 412 672;8 641 968;155 705;900 312;656 306;0;53 200;0;590 000;0;66 297;0;0;33 100;0;0;0;0;0;0;0;0;0;29 000;0;0;1 034 550;0;0;0;590 000;123 837;14 647;0;0;9 419;2;0;0;105;228 932;1 432 907;598;1;3 579;4;0;0;0;0;0;0;0;0;0;103 122;1;647;1;0;0;0;0;0;0;0;0;0;0;0;0;0;0;0;549 290;3;73 239;0;0;0;0;0;0;0;0;0;0;19;1;0;0;0;6 262;1;835;0;0;0;0;0;0;0;0;0;0;4 895;8;1 008;2;21 317;15;22 249;30;0;0;0;0;33 452;3;146 791;19;1 634;5;2 609;4;3 617;3;0;0;22 122;33;0;0;0;0;0;0;0;0;0;0;0;0;22 229 318;2 844;158 971;13;0;0;0;0;0;0;0;0;0;0;0;0;0;0;0;0;0;0;0;0;0;0;0;0;0;0;0;0;0;0;0;0;0;0;0;0;0;0;0;0;0;0;0;0;0;0;0;0;0;0;0;0;0;0;0;0;0;0;0;0;0;0;0;0;0;0;0;0;0;0;0;0;0;0;0;0;0;0;0;0;0;0;0;0;0;0;0;0;0;0;0;0;0;0;0;0;0;0;0;0;0;0;0;0;0;0;0;0;0;0;0;0;0;0;0;0;0;0;0;0;0;0;0;0;0;0;0;0;0;0;0;0;0;0;0;0;0;0;0;0;0;0;0;0;0;0;0;0;0;0;0;0;0;0;0;0;0;0;0;0;0;0;0;0;0;0;0;0;0;0;0;0;0;0;0;0;0;0;0;0
город Москва;94 625 928 165;14 629 637 009;175 611 931 180;24 589 998 100;88 065 630 914;13 457 043 644;167 934 323 246;27 385 673 269;54 233 089;17 660 993;10 728 140 664;642 269 878;33 972 778;254 427;4 792 292 321;250 729 966;5 379;4 541 980 567;2 214 790 743;904 089 607;136 204 926;2 769 429;38 718;112 688;2;169 232 686;25 541 587;78 067 085;9 523 332;11 710 999;1 429 834;50 145 994;3 629 716;126;22 785;404 231;23;0;77 870;3;54 432 002;1 292 776;0;0;0;0;156 674;28 211;65 454;13 511;0;42 907 893;121 222 501;18 623 534;39 398 640;116 886 643;16 553 110;4 292 883;25 218 531;2 175 859;858 577;5 043 706;435 172;128 786;756 556;65 276;795 234;890 286;105 438;787;567;108;40;62;16;0;0;0;0;0;0;0;0;0;0;0;0;0;0;0;0;0;0;0;0;0;0;0;0;0;0;0;0;0;2 511 466;0;0;2 316 774;0;0;0;0;0;194 692;0;0;0;1 222;0;0;37 716;0;0;5 841;0;0;0;0;0;1;0;0;0;4 046 860;0;21 321;2 973 734;0;17 623;1 170 097;0;3 698;35 103;0;111;96 968;0;0;6;0;0;8 518 873;0;7 326 748;0;1 244 337;0;248 868;0;37 330;0;52 212;0;18;0;3;0;387 993 360;373 414 896;4 378 008;46 688 113;34 703 629;9 337 623;1 400 643;829;221;239;0;247 053;0;0;0;247 053;1;3 611 381 798;1 586 486 753;2 282 784 746;2 243 096 610;38 525 219;41 721 458;97 317 494;55 004 584;3 431 260 636;963 396 862;317 437 835;171 041 817;775 218 771;26 794 517;8 478 199;29 514 516;228 697 975;157 508 813;214 465 251;174 780 090;26 086 964;67 815 084;239 513;11 142 867;102 622 119;154 524 984;59 024 978;11 541 462;82 005 375;4 070 991;61 642 726;10 869 390;13 185 277;19 726 727;814 256;2 094 132;1 781 862;14 035 362;109 821 352;42 750 204;57 655 270;1 553 007;12;321 954;13;3 773;1;1 466;113 855 822;364 968 544;13 208;4;1 014 718;11;4 512;4;0;0;26 831;6;5 366;0;0;71 946 996;14;3 878 923;9;0;0;0;0;0;0;0;0;0;9 854 231;9;985 422;60 469;2;6 047;51 355 046;53;6 847 339;7 781;2;1 038;0;0;0;0;0;625 231;1;2 684 839;126;3 826;1;383;1 643 693;3;219 159;28 317 862;6;7 597 151;3;1 519 430;93 296;1;6 220;1 523;2;1 609 453;85;865 862;84;4 052 655;158;4 377 136;308;1 349 544;19;326 895;28;33 494 020;76;31 240 003;1 068;2 524 813;327;823 652;159;5 734 055;39;135 497;38;5 378 058;588;0;0;0;0;964;1;226 574;16;4 757 306;20;89 672;3;1 828 232 407;69 339;36 105 796;205;0;0;2 555;1;0;0;182 272 681;80;9 019;8;3 881 311;9;988 098;1;4 306 337;9;870 459;1;2 058 839 260;1;3 294;1;1 355 875;1;0;0;374 454 568;3;4 176 667;2;0;0;0;0;0;0;0;0;0;0;0;0;0;0;0;0;0;0;0;0;0;0;0;0;0;0;0;0;0;0;0;0;0;0;0;0;0;0;0;0;0;0;0;0;0;0;0;0;0;0;0;0;0;0;0;0;0;0;0;0;0;0;0;0;0;0;0;0;0;0;0;0;0;0;0;0;0;0;0;0;0;0;0;0;0;0;0;0;0;0;0;0;0;0;0;0;0;0;0;0;0;0;0;0;0;0;0;0;0;0;0;0;0;0;0;0;0;0;0;0;0;0;0;0;0;0;0;0;0;0;0;0;0;0;0;0;0;0;0;0;0;0;0;0;0;0;0;0;0;0
город Санкт-Петербург;11 003 659 627;3 142 407 360;1 639 977 188;19 615 762 382;10 340 803 536;3 272 876 518;944 666 801;19 692 400 736;4 171 352;1 171 030;728 214 455;63 867 793;1 047 798;161 979;664 025 342;27 109 641;1 814;636 915 702;269 923 069;123 634 291;19 037 572;113 929;10 894;160 735;2;24 507 528;3 754 215;9 363 435;27 229 799;1 394 682;4 084 832;5 421 927;3 368 323;74;68 813;309 655;13;0;0;0;9 340 347;27 034;0;0;0;0;72 912;9 979;21 765;4 146;0;5 797 314;32 131 894;6 185 624;5 283 752;26 657 015;5 731 772;624 502;5 663 614;626 624;124 900;1 132 723;125 325;18 735;169 908;18 799;114 966;297 698;173 352;999;256;181;46;20;11;0;0;0;0;0;0;0;0;0;0;0;0;0;0;0;0;0;0;0;0;0;0;0;0;0;0;0;0;0;149 211 062;0;0;144 955 122;0;0;0;0;0;4 255 941;0;0;0;0;0;0;851 188;0;0;127 678;0;0;0;0;0;1;0;0;0;2 137 240;0;104 986;1 834 603;0;102 730;394 125;0;3 662;11 824;0;110;91 519;0;1 406;1;0;1;1 524 290;0;1 340 232;0;187 158;0;37 431;0;5 615;0;3 100;0;14;0;1;0;31 293 698;32 138 579;481 163;2 792 308;3 851 446;558 462;83 769;130;32;158;45 916 504;43 423 722;0;2 492 782;498 556;0;2;28 727 675;27 255 219;14 581 980;14 168 457;10 313 552;9 694 490;1 172 677;2 573 146;457 308 232;268 883 247;15 014 343;29 795 459;81 785 309;515 803;1 340 611;2 923 992;35 039 693;765 852;33 649 663;28 231 940;903 932;5 702 816;0;456 794;27 729 261;28 327 969;126;89 229;2 966 354;156 578;18 605 171;692 691;2 426 749;97 719;11 074 790;96 559;32 297;0;12 148 322;2 076 854;643 246;501 002;6;261 611;6;0;0;567;5 863 915;35 678 467;3 576;3;20 107;6;1 216;4;0;0;115 496;4;23 100;0;0;1 228 252;5;3 105 103;2;0;0;0;0;0;0;0;0;0;1 755;1;175;0;0;0;502 949;12;67 060;0;0;0;0;0;0;0;0;33;1;368 749;22;953 242;1;95 324;195 215;1;26 029;2 063;2;0;0;0;0;0;0;0;0;165 822;32;228 701;19;481 892;71;362 455;119;392;2;9 836;2;1 433 905;13;3 492 899;297;76 640;72;203 799;43;116 154;19;26 763;14;792 800;206;0;0;0;0;0;0;6 269;9;2 863;3;0;0;251 441 813;27 502;29 261 828;75;0;0;543;2;8 405 949;1;1 457;1;607;1;4 101 450;24;853 985;2;10 435 718;8;0;0;0;0;0;0;0;0;0;0;0;0;0;0;0;0;0;0;0;0;0;0;0;0;0;0;0;0;0;0;0;0;0;0;0;0;0;0;0;0;0;0;0;0;0;0;0;0;0;0;0;0;0;0;0;0;0;0;0;0;0;0;0;0;0;0;0;0;0;0;0;0;0;0;0;0;0;0;0;0;0;0;0;0;0;0;0;0;0;0;0;0;0;0;0;0;0;0;0;0;0;0;0;0;0;0;0;0;0;0;0;0;0;0;0;0;0;0;0;0;0;0;0;0;0;0;0;0;0;0;0;0;0;0;0;0;0;0;0;0;0;0;0;0;0;0;0;0;0;0;0;0;0;0;0;0;0;0;0;0;0;0;0;0
Еврейская автономная область;8 774 096;3 678 680;958 548;207 039;8 223 988;4 119 550;905 260;830 580;12 100;848;233;0;351;0;614 912;40 306;14;574 606;1 063 563;114 921;17 238;0;0;0;0;37 033;5 570;5 531;438;829;66;8 061;0;0;0;0;0;0;0;0;8 061;0;0;0;0;0;250;77;175;78;0;42 263;87 422;0;31 365;83 533;0;10 898;4 415;0;2 180;883;0;327;132;0;0;526;0;1;8;0;0;1;0;14 290 276;0;12 490;15 679 160;0;222 929;0;0;0;0;0;0;0;0;0;0;0;0;1 388 884;0;210 439;1;0;2;1;0;2;0;0;0;0;0;0;0;0;0;0;0;0;0;0;0;0;0;0;0;0;0;0;0;0;0;0;0;0;0;0;0;0;0;0;0;0;0;0;0;0;0;0;0;0;0;0;0;0;0;28 436;0;17 579;0;12 057;0;2 411;0;362;0;1 200;0;6;0;1;0;3 000;15 712;0;0;12 712;0;0;1;1;0;0;0;0;0;0;0;0;0;0;0;0;0;0;0;0;1 073;0;268;805;0;0;0;0;0;0;0;0;0;0;0;0;0;0;0;0;0;0;0;0;0;0;0;0;0;0;0;0;0;0;0;0;0;0;0;3;256;357;0;0;0;0;0;0;0;0;0;0;0;0;0;0;0;0;0;0;0;0;0;0;0;0;0;0;0;0;0;0;0;0;0;0;0;0;0;0;0;0;0;0;0;0;0;0;0;0;0;0;0;0;0;0;0;0;0;0;0;0;0;0;0;0;0;0;0;0;0;0;0;0;0;0;0;0;0;0;0;0;0;0;0;0;0;0;0;0;0;0;0;0;0;0;0;0;0;0;0;0;0;1 201 867;105;0;0;0;0;0;0;0;0;0;0;0;0;0;0;0;0;0;0;0;0;0;0;0;0;0;0;0;0;0;0;0;0;0;0;0;0;0;0;0;0;0;0;0;0;0;0;0;0;0;0;0;0;0;0;0;0;0;0;0;0;0;0;0;0;0;0;0;0;0;0;0;0;0;0;0;0;0;0;0;0;0;0;0;0;0;0;0;0;0;0;0;0;0;0;0;0;0;0;0;0;0;0;0;0;0;0;0;0;0;0;0;0;0;0;0;0;0;0;0;0;0;0;0;0;0;0;0;0;0;0;0;0;0;0;0;0;0;0;0;0;0;0;0;0;0;0;0;0;0;0;0;0;0;0;0;0;0;0;0;0;0;0;0;0;0;0;0;0;0;0;0;0;0;0;0;0;0;0;0;0;0;0
Ненецкий АО;7 724 120;33 015 989;239 525;20 952 059;7 204 198;42 241 800;126 383;28 441 758;625;736;0;0;8 443;0;625 247;66 299;8;558 948;16 714 774;111 789;16 768;0;0;0;0;26 605;3 991;14 999;865;2 250;130;13 260;0;0;0;0;0;0;0;0;13 260;0;0;0;0;0;90;42;16;9;0;0;18 229;0;0;18 539;0;0;86;0;0;17;0;0;3;0;0;396;0;0;2;0;0;1;0;0;0;0;0;0;0;0;0;0;0;0;0;0;0;0;0;0;0;0;0;0;0;0;0;0;0;0;0;0;0;0;0;0;0;0;0;0;0;0;0;0;0;0;0;0;0;0;0;0;0;0;0;0;0;0;0;0;0;0;0;0;0;0;0;0;0;0;0;0;0;0;0;0;0;0;0;54 357;0;33 766;0;20 591;0;4 118;0;618;0;0;0;1;0;0;0;809 725;576 452;5 247;228 025;0;45 605;6 841;3;0;4;0;0;0;0;0;0;0;0;0;99;99;0;0;0;0;0;0;0;0;0;0;0;0;0;0;0;0;0;0;0;0;0;0;0;0;0;0;0;0;0;0;0;0;0;0;0;0;0;0;0;0;0;0;0;6;213 428;4 309 294;0;0;0;0;0;0;0;0;0;0;0;0;0;112 528;2;0;0;0;0;0;0;0;0;0;0;0;0;0;0;0;0;0;0;0;0;0;0;0;0;0;0;0;0;0;0;0;0;0;0;0;0;0;0;0;0;0;0;0;0;0;0;0;0;2 814;2;0;0;639;2;3 180;4;0;0;0;0;4 343;1;15 412;2;0;0;589;1;0;0;849;1;1 693;5;0;0;0;0;0;0;0;0;0;0;0;0;7 267 874;64;1 638 464;2;0;0;0;0;0;0;0;0;0;0;0;0;0;0;0;0;0;0;0;0;0;0;0;0;0;0;0;0;0;0;0;0;0;0;0;0;0;0;0;0;0;0;0;0;0;0;0;0;0;0;0;0;0;0;0;0;0;0;0;0;0;0;0;0;0;0;0;0;0;0;0;0;0;0;0;0;0;0;0;0;0;0;0;0;0;0;0;0;0;0;0;0;0;0;0;0;0;0;0;0;0;0;0;0;0;0;0;0;0;0;0;0;0;0;0;0;0;0;0;0;0;0;0;0;0;0;0;0;0;0;0;0;0;0;0;0;0;0;0;0;0;0;0;0;0;0;0;0;0;0;0;0;0;0;0;0;0;0;0;0;0;0;0;0;0;0;0;0;0;0;0;0;0;0;0;0;0;0;0;0
Ханты-Мансийский АО - Югра;3 375 944 005;530 091 592;1 538 644 816;49 101 707;3 176 029 053;551 164 360;489 496 573;76 492 450;574 798;260 930;29 817 383;550 025;107 226;396;1 220 343 725;4 063 071;190;1 216 280 654;48 765 835;206 030 113;36 486 870;1 722;341;1 381;2;45 619 872;8 180 955;1 505 969;100 067;237 647;19 164;812 614;37 215 405;20;0;0;0;0;0;0;38 029 741;0;0;0;0;0;4 927;990;2 525;600;0;1 326 418;3 279 833;0;1 242 225;2 951 676;0;83 618;356 675;0;16 724;71 335;0;2 509;10 700;0;8 982;26 874;0;236;60;0;6;8;0;0;0;0;0;0;0;0;0;0;0;0;0;0;0;0;0;0;0;0;0;0;0;0;0;0;0;0;0;0;0;0;0;0;0;0;0;0;0;0;0;0;0;0;0;0;0;0;0;0;0;0;0;0;0;0;0;0;0;164 663;0;1 130;138 729;0;844;25 934;0;286;778;0;9;0;0;0;0;0;0;50 930;2 018 246;90 371;2 191 675;0;0;0;0;0;0;39 441;173 429;1;1;1;1;25 274 273;25 768 403;62 948;2 073 718;2 630 793;414 743;62 212;15;6;21;0;0;0;0;0;0;0;13 269 323;13 015 944;3 589 150;3 609 165;0;0;404 205;2 075;83 064 518;44 357 048;22 253 369;7 207 227;9 001 049;60 250;196 378;0;7 001 303;627 657;942 015;1 053 221;0;748 813;0;0;0;0;0;0;0;0;5 861 270;0;0;0;0;0;0;0;1 252 196;6 225;944;0;0;0;0;0;0;145;4 268 399;77 274 244;0;0;0;0;0;0;0;0;0;0;0;0;0;12 930 887;18;99 230;2;0;0;0;0;0;0;0;0;0;1 332 549;8;133 255;4 431;1;443;38;1;5;0;0;0;0;0;0;0;0;49 763;1;6 456;3;54 038;1;5 404;93 209;1;12 428;0;0;2 179 432;2;435 886;0;0;0;235;1;206 596;17;280 712;11;15 455;16;464 638;47;47 151;9;452;1;1 518 615;21;735 057;54;31 871;34;108 023;14;704;1;47 577;9;372 540;55;0;0;0;0;0;0;33;1;14 976;2;0;0;206 574 757;3 015;16 219 690;18;0;0;0;0;0;0;0;0;0;0;0;0;0;0;0;0;0;0;0;0;0;0;0;0;0;0;0;0;0;0;0;0;0;0;0;0;0;0;0;0;0;0;0;0;0;0;0;0;0;0;0;0;0;0;0;0;0;0;0;0;0;0;0;0;0;0;0;0;0;0;0;0;0;0;0;0;0;0;0;0;0;0;0;0;0;0;0;0;0;0;0;0;0;0;0;0;0;0;0;0;0;0;0;0;0;0;0;0;0;0;0;0;0;0;0;0;0;0;0;0;0;0;0;0;0;0;0;0;0;0;0;0;0;0;0;0;0;0;0;0;0;0;0;0;0;0;0;0;0;0;0;0;0;0;0;0;0;0;0;0;0;0;0;0;0;0;0;0;0;0;0;0;0;0;0;0;0;0;0;0
Чукотский АО;99 789 101;4 535 352;22 251 423;7 860 381;62 698 458;10 405 670;12 940 583;9 218 728;19 450;0;0;0;7 696;0;46 413 238;1 028 200;11;45 385 038;7 228 665;9 076 911;1 361 454;0;0;0;0;2 557 309;383 596;171 293;23 938;25 694;3 590;205 640;0;0;0;0;0;97;0;0;205 737;0;0;0;0;0;121;42;21;6;0;1 262;0;0;1 262;0;0;0;0;0;0;0;0;0;0;0;0;0;0;1;0;0;0;0;0;0;0;3 998 505;0;0;4 466 271;0;0;543 780;0;0;0;0;0;108 756;0;0;16 313;0;0;1 011 546;0;0;10;0;0;3;0;726 063;0;0;513 867;0;0;14 596;0;0;197 600;0;0;0;0;0;0;39 520;0;0;5 928;0;0;0;0;0;4;0;0;0;0;0;0;0;0;0;0;0;0;0;0;0;0;0;0;0;0;0;0;0;0;0;0;0;0;0;0;0;0;0;0;0;0;0;0;254 930;242 621;0;12 309;0;2 462;369;1;0;0;0;0;0;0;0;0;0;0;0;0;0;0;0;0;0;3 360;0;0;0;0;0;0;0;0;0;0;0;0;0;0;0;0;0;0;0;0;0;0;0;0;0;0;0;0;0;0;0;0;0;0;0;0;0;0;7;2 342;135 775;0;0;0;0;0;0;0;0;0;0;0;0;0;154 196;2;0;0;0;0;0;0;0;0;0;0;0;0;0;0;0;0;0;0;0;0;0;0;0;0;0;0;0;0;0;0;156;1;0;0;0;0;0;0;0;0;0;0;0;0;0;0;0;0;5 584;2;0;0;0;0;8 629;3;0;0;0;0;120;1;625;1;0;0;0;0;0;0;0;0;3 484;3;0;0;0;0;0;0;0;0;0;0;0;0;3 200 388;99;524 887;3;0;0;0;0;0;0;0;0;0;0;0;0;0;0;0;0;0;0;0;0;0;0;0;0;0;0;0;0;0;0;0;0;0;0;0;0;0;0;0;0;0;0;0;0;0;0;0;0;0;0;0;0;0;0;0;0;0;0;0;0;0;0;0;0;0;0;0;0;0;0;0;0;0;0;0;0;0;0;0;0;0;0;0;0;0;0;0;0;0;0;0;0;0;0;0;0;0;0;0;0;0;0;0;0;0;0;0;0;0;0;0;0;0;0;0;0;0;0;0;0;0;0;0;0;0;0;0;0;0;0;0;0;0;0;0;0;0;0;0;0;0;0;0;0;0;0;0;0;0;0;0;0;0;0;0;0;0;0;0;0;0;0;0;0;0;0;0;0;0;0;0;0;0;0;0;0;0;0;0;0
Ямало-Hенецкий АО;754 805 313;437 047 608;102 969 381;346 236 037;586 406 080;368 529 961;44 270 206;1 015 621 787;143 717;597 356;40 104 212;1 858 786;119 001;0;187 018 915;24 855 680;50;162 163 235;602 123 784;29 428 441;4 864 112;86;0;0;0;2 523 420;430 229;2 463 422;25 425;400 402;3 814;4 971 136;2 998 978;5;0;0;0;0;0;0;7 970 114;0;0;0;0;0;1 022;366;474;200;0;148 688;770 923;760 805;91 867;540 021;608 274;58 788;162 929;152 922;11 758;32 586;30 584;1 764;4 888;4 588;1 967;15 127;392;75;14;67;1;3;2;0;0;0;0;0;0;0;0;0;0;0;0;0;0;0;0;0;0;0;0;0;0;0;0;0;0;0;0;0;0;0;0;0;0;0;0;0;0;0;0;0;0;0;0;0;0;0;0;0;0;0;0;0;0;0;0;0;0;0;0;0;0;0;0;0;0;0;0;0;0;0;0;0;0;0;0;16 238;0;19 121;0;0;0;0;0;0;0;2 883;0;2;0;2;0;50 543 935;42 503 102;595 932;9 132 362;1 537 996;1 826 472;273 971;25;7;14;6;1 666 915;0;0;0;1 666 909;2;0;561;18 973;17 922;0;0;1 051;0;126 244 885;74 980 759;12 277 816;270 026;38 716 284;0;0;598 392;38 117 892;0;0;7 909 702;0;8 820 000;0;0;0;0;0;0;703 436;0;22 108 790;0;0;0;0;0;0;0;10 167 900;0;0;0;0;0;0;0;0;55;2 398 629;40 158 330;0;0;0;0;10 768;1;0;0;0;0;0;0;0;483 420;3;0;0;0;0;0;0;0;0;0;0;0;601 664;3;60 166;0;0;0;4 225 569;3;563 409;0;0;0;0;0;0;0;0;50;1;32 309;2;0;0;0;0;0;0;0;0;0;0;0;0;0;0;0;0;474 560;13;515;1;16 444;8;749 981;21;4 071;5;0;0;103 955;5;371 496;20;49 485;9;48 981;9;81 387;3;10 879;7;66 965;22;0;0;0;0;0;0;0;0;0;0;0;0;183 488 149;746;1 158 436;7;0;0;0;0;0;0;0;0;0;0;108 624;1;0;0;0;0;0;0;0;0;0;0;340 021;1;0;0;0;0;0;0;0;0;0;0;0;0;0;0;0;0;0;0;0;0;0;0;0;0;0;0;0;0;0;0;0;0;0;0;0;0;0;0;0;0;0;0;0;0;0;0;0;0;0;0;0;0;0;0;0;0;0;0;0;0;0;0;0;0;0;0;0;0;0;0;0;0;0;0;0;0;0;0;0;0;0;0;0;0;0;0;0;0;0;0;0;0;0;0;0;0;0;0;0;0;0;0;0;0;0;0;0;0;0;0;0;0;0;0;0;0;0;0;0;0;0;0;0;0;0;0;0;0;0;0;0;0;0;0;0;0;0;0;0;0;0;0;0;0;0;0;0;0;0;0;0;0;0;0;0;0
Республика Крым;304 107 174;27 304 967;57 975 503;7 745 458;298 846 854;36 214 127;42 965 328;6 293 431;82 531;77 157;2 344 941;386;3 015;0;18 005 073;1 834 106;102;16 170 968;7 380 359;3 234 072;485 095;0;0;0;0;563 271;84 100;265 600;17 168;39 620;2 576;366 821;0;0;0;0;0;0;0;0;366 821;0;0;0;0;0;4 219;421;3 049;406;0;631 556;1 236 664;26 782;504 648;1 133 211;26 782;126 924;121 463;0;25 385;24 293;0;3 810;3 643;0;15 809;18 008;0;396;34;1;1;1;0;0;0;0;0;0;0;0;0;0;0;0;0;0;0;0;0;0;0;0;0;0;0;0;0;0;0;0;0;149 888 096;0;0;139 069 269;0;0;622 731;0;0;12 538 551;0;0;0;752 347;0;0;1 755 362;0;0;376 158;0;0;2 374 854;0;0;599;0;0;53;0;14 197;0;1 450;11 807;0;615;2 391;0;835;73;0;25;0;0;0;0;0;0;8 457 610;0;7 778 291;0;882 293;0;176 457;0;26 470;0;202 974;0;26;0;3;0;24 997;27 339;0;295;2 636;58;8;16;2;22;0;0;0;0;0;0;0;120 487;120 520;0;0;0;0;0;120;2 238 699;1 257 595;83 298;163 887;192 289;0;539 216;0;135 589;0;65 953;135 589;0;45 499;0;0;0;0;0;0;0;0;0;0;0;0;0;0;0;0;0;0;1 310;0;0;0;0;0;0;33;315 937;1 012 473;3 746;1;431;1;30;1;0;0;0;0;0;0;0;0;0;0;0;0;0;0;0;0;0;0;0;0;0;0;0;0;0;0;0;0;0;0;0;0;0;0;0;0;0;0;0;0;0;0;0;0;0;0;0;0;0;0;0;0;0;0;0;0;0;0;0;0;0;1 221;1;177;1;0;0;0;0;0;0;13;1;0;0;0;0;0;0;0;0;553;1;0;0;0;0;0;0;0;0;0;0;0;0;16 326 839;2 282;166 360;8;0;0;0;0;0;0;0;0;0;0;0;0;0;0;233;1;0;0;0;0;0;0;0;0;0;0;0;0;0;0;0;0;0;0;0;0;0;0;0;0;0;0;0;0;0;0;0;0;0;0;0;0;0;0;0;0;0;0;0;0;0;0;0;0;0;0;0;0;0;0;0;0;0;0;0;0;0;0;0;0;0;0;0;0;0;0;0;0;0;0;0;0;0;0;0;0;0;0;0;0;0;0;0;0;0;0;0;0;0;0;0;0;0;0;0;0;0;0;0;0;0;0;0;0;0;0;0;0;0;0;0;0;0;0;0;0;0;0;0;0;0;0;0;0;0;0;0;0;0;0;0;0;0;0;0;0;0;0;0;0;0;0;0;0;0;0;0;0;0;0;0;0;0;0;0;0;0;0;0;0
город Севастополь;42 351 012;37 183 372;1 767 599;1 670 961;40 672 884;6 396 807;1 288 829;1 027 227;5 017;2 603;3 919;0;4 822;0;2 153 174;113 499;25;2 039 675;1 790 097;407 935;61 190;0;0;0;0;109 145;16 394;24 215;3 661;3 521;477;22 700;0;0;0;0;0;0;0;0;22 700;0;0;0;0;0;1 552;123;1 049;158;0;217 897;231 376;0;188 713;203 848;0;29 184;27 528;0;5 837;5 506;0;876;826;0;0;0;0;125;6;0;0;0;0;0;0;0;0;0;0;0;0;0;0;0;0;0;0;0;0;0;0;0;0;0;0;0;0;0;0;0;0;31 517 073;0;0;28 447 860;0;0;18 708;0;0;3 292 953;0;0;0;151 742;0;0;506 857;0;0;98 757;0;0;242 448;0;0;215;0;0;14;0;0;0;0;0;0;0;0;0;0;0;0;0;0;0;0;0;0;0;865;0;281;0;584;0;117;0;18;0;0;0;1;0;0;0;10;0;0;10;0;2;0;1;0;0;0;0;0;0;0;0;0;1 393;1 329;0;0;0;0;0;0;199 561;133 795;9 258;55 944;2;0;97;0;0;0;99;0;0;0;0;0;0;0;0;0;0;0;0;0;0;0;0;0;0;0;0;0;2;0;0;0;0;0;0;9;7 918;105 710;0;0;2 867;1;0;0;0;0;0;0;0;0;0;0;0;0;0;0;0;0;0;0;0;0;0;0;0;0;0;0;0;0;0;0;0;0;0;0;0;0;0;0;0;0;0;333;1;0;0;0;0;0;0;0;0;0;0;0;0;0;0;0;0;0;0;0;0;0;0;744;1;0;0;0;0;0;0;0;0;0;0;0;0;0;0;0;0;627;1;0;0;0;0;0;0;0;0;0;0;0;0;1 742 626;710;1 323;3;0;0;0;0;0;0;0;0;0;0;0;0;0;0;0;0;0;0;0;0;0;0;0;0;0;0;0;0;0;0;0;0;0;0;0;0;0;0;0;0;0;0;0;0;0;0;0;0;0;0;0;0;0;0;0;0;0;0;0;0;0;0;0;0;0;0;0;0;0;0;0;0;0;0;0;0;0;0;0;0;0;0;0;0;0;0;0;0;0;0;0;0;0;0;0;0;0;0;0;0;0;0;0;0;0;0;0;0;0;0;0;0;0;0;0;0;0;0;0;0;0;0;0;0;0;0;0;0;0;0;0;0;0;0;0;0;0;0;0;0;0;0;0;0;0;0;0;0;0;0;0;0;0;0;0;0;0;0;0;0;0;0;0;0;0;0;0;0;0;0;0;0;0;0;0;0;0;0;0;0
;;;;;;;;;;;;;;;;;;;;;;;;;;;;;;;;;;;;;;;;;;;;;;;;;;;;;;;;;;;;;;;;;;;;;;;;;;;;;;;;;;;;;;;;;;;;;;;;;;;;;;;;;;;;;;;;;;;;;;;;;;;;;;;;;;;;;;;;;;;;;;;;;;;;;;;;;;;;;;;;;;;;;;;;;;;;;;;;;;;;;;;;;;;;;;;;;;;;;;;;;;;;;;;;;;;;;;;;;;;;;;;;;;;;;;;;;;;;;;;;;;;;;;;;;;;;;;;;;;;;;;;;;;;;;;;;;;;;;;;;;;;;;;;;;;;;;;;;;;;;;;;;;;;;;;;;;;;;;;;;;;;;;;;;;;;;;;;;;;;;;;;;;;;;;;;;;;;;;;;;;;;;;;;;;;;;;;;;;;;;;;;;;;;;;;;;;;;;;;;;;;;;;;;;;;;;;;;;;;;;;;;;;;;;;;;;;;;;;;;;;;;;;;;;;;;;;;;;;;;;;;;;;;;;;;;;;;;;;;;;;;;;;;;;;;;;;;;;;;;;;;;;;;;;;;;;;;;;;;;
;;;;;;;;;;;;;;;;;;;;;;;;;;;;;;;;;;;;;;;;;;;;;;;;;;;;;;;;;;;;;;;;;;;;;;;;;;;;;;;;;;;;;;;;;;;;;;;;;;;;;;;;;;;;;;;;;;;;;;;;;;;;;;;;;;;;;;;;;;;;;;;;;;;;;;;;;;;;;;;;;;;;;;;;;;;;;;;;;;;;;;;;;;;;;;;;;;;;;;;;;;;;;;;;;;;;;;;;;;;;;;;;;;;;;;;;;;;;;;;;;;;;;;;;;;;;;;;;;;;;;;;;;;;;;;;;;;;;;;;;;;;;;;;;;;;;;;;;;;;;;;;;;;;;;;;;;;;;;;;;;;;;;;;;;;;;;;;;;;;;;;;;;;;;;;;;;;;;;;;;;;;;;;;;;;;;;;;;;;;;;;;;;;;;;;;;;;;;;;;;;;;;;;;;;;;;;;;;;;;;;;;;;;;;;;;;;;;;;;;;;;;;;;;;;;;;;;;;;;;;;;;;;;;;;;;;;;;;;;;;;;;;;;;;;;;;;;;;;;;;;;;;;;;;;;;;;;;;;;;
;;;;;;;;;;;;;;;;;;;;;;;;;;;;;;;;;;;;;;;;;;;;;;;;;;;;;;;;;;;;;;;;;;;;;;;;;;;;;;;;;;;;;;;;;;;;;;;;;;;;;;;;;;;;;;;;;;;;;;;;;;;;;;;;;;;;;;;;;;;;;;;;;;;;;;;;;;;;;;;;;;;;;;;;;;;;;;;;;;;;;;;;;;;;;;;;;;;;;;;;;;;;;;;;;;;;;;;;;;;;;;;;;;;;;;;;;;;;;;;;;;;;;;;;;;;;;;;;;;;;;;;;;;;;;;;;;;;;;;;;;;;;;;;;;;;;;;;;;;;;;;;;;;;;;;;;;;;;;;;;;;;;;;;;;;;;;;;;;;;;;;;;;;;;;;;;;;;;;;;;;;;;;;;;;;;;;;;;;;;;;;;;;;;;;;;;;;;;;;;;;;;;;;;;;;;;;;;;;;;;;;;;;;;;;;;;;;;;;;;;;;;;;;;;;;;;;;;;;;;;;;;;;;;;;;;;;;;;;;;;;;;;;;;;;;;;;;;;;;;;;;;;;;;;;;;;;;;;;;;
;;;;;;;;;;;;;;;;;;;;;;;;;;;;;;;;;;;;;;;;;;;;;;;;;;;;;;;;;;;;;;;;;;;;;;;;;;;;;;;;;;;;;;;;;;;;;;;;;;;;;;;;;;;;;;;;;;;;;;;;;;;;;;;;;;;;;;;;;;;;;;;;;;;;;;;;;;;;;;;;;;;;;;;;;;;;;;;;;;;;;;;;;;;;;;;;;;;;;;;;;;;;;;;;;;;;;;;;;;;;;;;;;;;;;;;;;;;;;;;;;;;;;;;;;;;;;;;;;;;;;;;;;;;;;;;;;;;;;;;;;;;;;;;;;;;;;;;;;;;;;;;;;;;;;;;;;;;;;;;;;;;;;;;;;;;;;;;;;;;;;;;;;;;;;;;;;;;;;;;;;;;;;;;;;;;;;;;;;;;;;;;;;;;;;;;;;;;;;;;;;;;;;;;;;;;;;;;;;;;;;;;;;;;;;;;;;;;;;;;;;;;;;;;;;;;;;;;;;;;;;;;;;;;;;;;;;;;;;;;;;;;;;;;;;;;;;;;;;;;;;;;;;;;;;;;;;;;;;;;
;;;;;;;;;;;;;;;;;;;;;;;;;;;;;;;;;;;;;;;;;;;;;;;;;;;;;;;;;;;;;;;;;;;;;;;;;;;;;;;;;;;;;;;;;;;;;;;;;;;;;;;;;;;;;;;;;;;;;;;;;;;;;;;;;;;;;;;;;;;;;;;;;;;;;;;;;;;;;;;;;;;;;;;;;;;;;;;;;;;;;;;;;;;;;;;;;;;;;;;;;;;;;;;;;;;;;;;;;;;;;;;;;;;;;;;;;;;;;;;;;;;;;;;;;;;;;;;;;;;;;;;;;;;;;;;;;;;;;;;;;;;;;;;;;;;;;;;;;;;;;;;;;;;;;;;;;;;;;;;;;;;;;;;;;;;;;;;;;;;;;;;;;;;;;;;;;;;;;;;;;;;;;;;;;;;;;;;;;;;;;;;;;;;;;;;;;;;;;;;;;;;;;;;;;;;;;;;;;;;;;;;;;;;;;;;;;;;;;;;;;;;;;;;;;;;;;;;;;;;;;;;;;;;;;;;;;;;;;;;;;;;;;;;;;;;;;;;;;;;;;;;;;;;;;;;;;;;;;;;
;;;;;;;;;;;;;;;;;;;;;;;;;;;;;;;;;;;;;;;;;;;;;;;;;;;;;;;;;;;;;;;;;;;;;;;;;;;;;;;;;;;;;;;;;;;;;;;;;;;;;;;;;;;;;;;;;;;;;;;;;;;;;;;;;;;;;;;;;;;;;;;;;;;;;;;;;;;;;;;;;;;;;;;;;;;;;;;;;;;;;;;;;;;;;;;;;;;;;;;;;;;;;;;;;;;;;;;;;;;;;;;;;;;;;;;;;;;;;;;;;;;;;;;;;;;;;;;;;;;;;;;;;;;;;;;;;;;;;;;;;;;;;;;;;;;;;;;;;;;;;;;;;;;;;;;;;;;;;;;;;;;;;;;;;;;;;;;;;;;;;;;;;;;;;;;;;;;;;;;;;;;;;;;;;;;;;;;;;;;;;;;;;;;;;;;;;;;;;;;;;;;;;;;;;;;;;;;;;;;;;;;;;;;;;;;;;;;;;;;;;;;;;;;;;;;;;;;;;;;;;;;;;;;;;;;;;;;;;;;;;;;;;;;;;;;;;;;;;;;;;;;;;;;;;;;;;;;;;;;
;;;;;;;;;;;;;;;;;;;;;;;;;;;;;;;;;;;;;;;;;;;;;;;;;;;;;;;;;;;;;;;;;;;;;;;;;;;;;;;;;;;;;;;;;;;;;;;;;;;;;;;;;;;;;;;;;;;;;;;;;;;;;;;;;;;;;;;;;;;;;;;;;;;;;;;;;;;;;;;;;;;;;;;;;;;;;;;;;;;;;;;;;;;;;;;;;;;;;;;;;;;;;;;;;;;;;;;;;;;;;;;;;;;;;;;;;;;;;;;;;;;;;;;;;;;;;;;;;;;;;;;;;;;;;;;;;;;;;;;;;;;;;;;;;;;;;;;;;;;;;;;;;;;;;;;;;;;;;;;;;;;;;;;;;;;;;;;;;;;;;;;;;;;;;;;;;;;;;;;;;;;;;;;;;;;;;;;;;;;;;;;;;;;;;;;;;;;;;;;;;;;;;;;;;;;;;;;;;;;;;;;;;;;;;;;;;;;;;;;;;;;;;;;;;;;;;;;;;;;;;;;;;;;;;;;;;;;;;;;;;;;;;;;;;;;;;;;;;;;;;;;;;;;;;;;;;;;;;;;
;;;;;;;;;;;;;;;;;;;;;;;;;;;;;;;;;;;;;;;;;;;;;;;;;;;;;;;;;;;;;;;;;;;;;;;;;;;;;;;;;;;;;;;;;;;;;;;;;;;;;;;;;;;;;;;;;;;;;;;;;;;;;;;;;;;;;;;;;;;;;;;;;;;;;;;;;;;;;;;;;;;;;;;;;;;;;;;;;;;;;;;;;;;;;;;;;;;;;;;;;;;;;;;;;;;;;;;;;;;;;;;;;;;;;;;;;;;;;;;;;;;;;;;;;;;;;;;;;;;;;;;;;;;;;;;;;;;;;;;;;;;;;;;;;;;;;;;;;;;;;;;;;;;;;;;;;;;;;;;;;;;;;;;;;;;;;;;;;;;;;;;;;;;;;;;;;;;;;;;;;;;;;;;;;;;;;;;;;;;;;;;;;;;;;;;;;;;;;;;;;;;;;;;;;;;;;;;;;;;;;;;;;;;;;;;;;;;;;;;;;;;;;;;;;;;;;;;;;;;;;;;;;;;;;;;;;;;;;;;;;;;;;;;;;;;;;;;;;;;;;;;;;;;;;;;;;;;;;;;
;;;;;;;;;;;;;;;;;;;;;;;;;;;;;;;;;;;;;;;;;;;;;;;;;;;;;;;;;;;;;;;;;;;;;;;;;;;;;;;;;;;;;;;;;;;;;;;;;;;;;;;;;;;;;;;;;;;;;;;;;;;;;;;;;;;;;;;;;;;;;;;;;;;;;;;;;;;;;;;;;;;;;;;;;;;;;;;;;;;;;;;;;;;;;;;;;;;;;;;;;;;;;;;;;;;;;;;;;;;;;;;;;;;;;;;;;;;;;;;;;;;;;;;;;;;;;;;;;;;;;;;;;;;;;;;;;;;;;;;;;;;;;;;;;;;;;;;;;;;;;;;;;;;;;;;;;;;;;;;;;;;;;;;;;;;;;;;;;;;;;;;;;;;;;;;;;;;;;;;;;;;;;;;;;;;;;;;;;;;;;;;;;;;;;;;;;;;;;;;;;;;;;;;;;;;;;;;;;;;;;;;;;;;;;;;;;;;;;;;;;;;;;;;;;;;;;;;;;;;;;;;;;;;;;;;;;;;;;;;;;;;;;;;;;;;;;;;;;;;;;;;;;;;;;;;;;;;;;;;
;;;;;;;;;;;;;;;;;;;;;;;;;;;;;;;;;;;;;;;;;;;;;;;;;;;;;;;;;;;;;;;;;;;;;;;;;;;;;;;;;;;;;;;;;;;;;;;;;;;;;;;;;;;;;;;;;;;;;;;;;;;;;;;;;;;;;;;;;;;;;;;;;;;;;;;;;;;;;;;;;;;;;;;;;;;;;;;;;;;;;;;;;;;;;;;;;;;;;;;;;;;;;;;;;;;;;;;;;;;;;;;;;;;;;;;;;;;;;;;;;;;;;;;;;;;;;;;;;;;;;;;;;;;;;;;;;;;;;;;;;;;;;;;;;;;;;;;;;;;;;;;;;;;;;;;;;;;;;;;;;;;;;;;;;;;;;;;;;;;;;;;;;;;;;;;;;;;;;;;;;;;;;;;;;;;;;;;;;;;;;;;;;;;;;;;;;;;;;;;;;;;;;;;;;;;;;;;;;;;;;;;;;;;;;;;;;;;;;;;;;;;;;;;;;;;;;;;;;;;;;;;;;;;;;;;;;;;;;;;;;;;;;;;;;;;;;;;;;;;;;;;;;;;;;;;;;;;;;;;
