"GA","GB","G1","G2","G3","G4","G5","G6","G7","G8","G9","G10","G11","G12","G13","G14","G15","G16","G17","G18","G19","G20","G21","G22","G23","G24","G25","G26","G27","G28","G29","G30","G31","G32","G33","G34","G35","G36","G37","G38","G39","G40","G41","G42","G43","G44","G45","G46","G47","G48","G49","G50","G51","G52","G53","G54","G55","G56","G57","G58","G59","G60","G61","G62","G63","G64","G65","G66","G67","G68","G69","G70","G71","G72","G73","G74","G75","G76","G77","G78","G79","G80","G81","G82","G83","G84","G85","G86","G87","G88","G89","G90","G91","G92","G93","G94","G95","G96","G97","G98","G99","G100","G101","G102","G103","G104","G105","G106","G107","G108","G109","G110","G111","G112","G113","G114","G115","G116","G117","G118","G119","G120","G121","G122","G123","G124","G125","G126","G127","G128","G129","G130","G131","G132","G133","G134","G135","G136","G137","G138","G139","G140","G141","G142","G143","G144","G145","G146","G147","G148","G149","G150","G151","G152","G153","G154","G155","G156","G157","G158","G159","G160","G161","G162","G163","G164","G165","G166","G167","G168","G169","G170","G171","G172","G173","G174","G175","G176","G177","G178","G179","G180","G181","G182","G183","G184","G185","G186","G187","G188","G189","G190","G191","G192","G193","G194","G195","G196","G197","G198","G199","G200","G201","G202","G203","G204","G205","G206","G207","G208","G209","G210","G211","G212","G213","G214","G215","G216","G217","G218","G219","G220","G221","G222","G223","G224","G225","G226","G227","G228","G229","G230","G231","G232","G233","G234","G235","G236","G237","G238","G239","G240","G241","G242","G243","G244","G245","G246","G247","G248","G249","G250","G251","G252","G253","G254","G255","G256","G257","G258","G259","G260","G261","G262","G263","G264","G265","G266","G267","G268","G269","G270","G271","G272","G273","G274","G275","G276","G277","G278","G279","G280","G281","G282","G283","G284","G285","G286","G287","G288","G289","G290","G291","G292","G293","G294","G295","G296","G297","G298","G299","G300","G301","G302","G303","G304","G305","G306","G307","G308","G309","G310","G311","G312","G313","G314","G315","G316","G317","G318","G319","G320","G321","G322","G323","G324","G325","G326","G327","G328","G329","G330","G331","G332","G333","G334","G335","G336","G337","G338","G339","G340","G341","G342","G343","G344","G345","G346","G347","G348","G349","G350","G351","G352","G353","G354","G355","G356","G357","G358","G359","G360","G361","G362","G363","G364","G365","G366","G367","G368","G369","G370","G371","G372","G373","G374","G375","G376","G377","G378","G379","G380","G381","G382","G383","G384","G385","G386","G387","G388","G389","G390","G391","G392","G393","G394","G395","G396","G397","G398","G399","G400","G401","G402","G403","G404","G405","G406","G407","G408","G409","G410","G411","G412","G413","G414","G415","G416","G417","G418","G419","G420","G421","G422","G423","G424","G425","G426","G427","G428","G429","G430","G431","G432","G433","G434","G435","G436","G437","G438","G439","G440","G441","G442","G443","G444","G445","G446","G447","G448","G449","G450","G451","G452","G453","G454","G455","G456","G457","G458","G459","G460","G461","G462","G463","G464","G465","G466","G467","G468","G469","G470","G471","G472","G473","G474","G475","G476","G477","G478","G479","G480","G481","G482","G483","G484","G485","G486","G487","G488","G489","G490","G491","G492","G493","G494","G495","G496","G497","G498","G499","G500","G501","G502","G503","G504","G505","G506","G507","G508","G509","G510","G511","G512","G513","G514","G515","G516","G517","G518","G519","G520","G521","G522","G523","G524","G525","G526","G527","G528","G529","G530","G531","G532","G533","G534","G535","G536","G537","G538","G539","G540","G541","G542","G543","G544","G545","G546","G547","G548","G549","G550","G551","G552","G553","G554","G555","G556","G557","G558","G559","G560","G561","G562","G563","G564","G565","G566","G567","G568","G569","G570","G571","G572","G573","G574","G575","G576","G577","G578","G579","G580","G581","G582","G583","G584","G585","G586","G587","G588","G589","G590","G591","G592","G593","G594","G595","G596","G597","G598","G599","G600"
"Республика Адыгея","304623606","37790301","18658394","2053265","286810533","39170855","15732935","6129373","61543","7","16411","71520","0","0","20784062","1512112","70","19271950","5526525","1541575","3931","0","0","0","0","0","0","0","0","274315","146790","409","378028","0","0","0","0","0","0","0","378028","568","907","156","488","163","3","734980","1212538","745456","619704","1262482","685914","115276","109820","59542","28818","27455","14886","9222","8786","4763","0","159764","0","21","24","2","0","3","0","0","0","0","0","0","0","0","0","0","0","0","0","0","0","0","0","0","0","0","0","0","0","0","0","0","0","0","0","0","0","0","0","0","0","0","0","0","0","0","0","0","0","0","0","0","0","0","0","0","0","0","0","0","120440","22910","37252","22910","83188","0","6655","0","0","0","0","0","6185149","0","4705682","0","1872226","0","149778","0","392759","0","4","0","0","0","0","0","0","0","0","0","0","0","0","0","0","0","0","0","0","0","0","0","0","0","0","0","0","0","0","0","158","0","0","3841","0","0","0","0","0","0","0","0","0","0","0","0","0","0","0","0","3683","0","0","1","0","0","0","0","0","0","0","0","0","0","0","0","0","0","0","0","0","0","0","9288","12455","0","0","3167","0","1","0","0","0","0","0","0","0","0","443","423","65440","65042","0","0","398","0","2449930","7080","0","115985","120000","0","0","0","0","0","0","0","0","0","0","0","0","0","0","0","0","0","0","0","0","0","0","0","0","0","240000","0","0","0","0","0","0","25","429977","1158581","0","0","0","0","0","0","0","0","0","0","0","0","0","0","0","0","0","0","0","0","0","0","0","0","0","0","0","0","0","0","0","0","0","0","0","0","0","0","0","0","0","0","0","0","0","0","0","0","0","0","0","0","0","0","0","0","0","0","0","0","0","0","0","0","0","5960","1","0","0","374","2","0","0","0","0","0","84","1","5003","3","0","0","0","0","0","0","0","0","0","3424","1","0","0","0","0","0","0","0","0","0","0","0","0","5159574","493","554956","3","0","0","0","0","0","0","0","0","0","0","0","0","0","0","0","0","0","0","0","0","0","82","4","10","0","0","0","0","0","0","0","0","0","0","0","0","0","0","0","0","0","0","0","0","0","0","0","0","0","0","0","0","0","0","0","0","0","0","373740","11","0","0","0","0","0","0","0","0","0","0","0","0","0","0","0","0","4697631","6","219067","1","373630","2","0","0","0","0","0","0","150","1","0","0","0","0","49401","12","0","0","68302","13","5632","1","0","0","0","0","68332","3","87208","4","8717","2","0","0","0","0","0","0","0","0","0","0","0","0","880","6","0","0","0","0","0","0","30721","1","48542","3","0","0","0","0","0","0","0","0","89","1","0","0","0","0","0","0","0","0","0","0","0","0","0","0","0","0","0","0","0","0","1349","3","0","0","22286","1","0","0","0","0","0","0","0","0","15802","2","0","0","0","0","0","0","0","0","0","0","0","0","0","0","0","0","0","0","0","0","0","0","0","0","0","0","0","0","0","0"
"Республика Башкортостан","5584527018","752864483","399532882","119353209","5379682769","886333097","229112393","70527210","2132969","546076","22293838","2840035","13755","32","355342782","7312951","1003","348036952","86925202","29426955","19911","299743","14","1124210","0","8159228","0","34","0","2714255","2796403","36427","1828238","0","0","70256","199058","2","0","0","11680733","24","15149","2486","6756","1663","747","5946057","20634027","76056","5718828","18195354","64160","236113","2517696","11896","59028","629424","2974","18889","201416","952","8884","79023","0","563","131","1","2","15","0","0","0","58345687","0","0","55027157","0","0","4083534","0","0","262931","0","0","368514","0","0","389438","0","0","63751","0","0","854811","0","0","10","0","0","0","0","0","0","0","0","0","0","0","0","0","0","0","0","0","0","0","0","0","0","0","0","0","0","131318","339195","127233","317834","4085","22784","327","1823","0","1423","0","5","37025410","0","33201705","0","5222314","0","417785","0","1398609","0","13","0","0","0","0","0","0","0","0","0","0","0","0","0","0","0","0","0","0","0","0","0","0","0","0","0","0","0","0","0","6609112","7302187","0","5817600","7070569","0","5431","2031","0","788725","254890","39436","20391","0","0","23662","0","134083","43331","0","2644","25303","0","1","1","0","0","0","0","0","0","0","0","0","0","0","0","0","0","0","0","0","0","45867","61346","0","0","15479","0","5","1","0","0","0","0","0","0","0","258590781","260119146","5128387","6252084","380","0","256403","97909","61676594","5162952","0","3855877","14742","0","176637","0","0","0","176080","0","0","0","0","0","0","0","0","0","0","0","0","0","0","0","0","0","17168","0","76428","2644596","3","53887","3","0","0","276","3016469","26616762","0","0","0","0","0","0","0","0","0","0","0","0","0","0","1615150","10","610625","5","0","0","0","0","0","0","9258","1","1157","255870","6","63967","0","0","0","944545","4","157424","0","0","0","0","0","0","0","0","42300","2","135118","3","16890","0","0","0","0","0","0","0","0","0","0","0","359045","21","89761","390725","19","200685","13","377769","41","660380","66","41","1","127","2","32","2039100","16","1861647","64","199044","27","169934","17","219217","8","54804","41875","2","856485","73","0","0","0","0","0","0","5196","4","136754","3","0","0","115478675","6955","1294832","23","95","1","24","0","0","0","2549191","11","637298","78630","4","19658","168162","3","21020","0","0","0","0","0","0","259422","50","32428","8735","1","1456","0","0","0","0","0","0","0","0","0","0","0","0","0","0","0","0","0","0","0","0","0","0","0","0","0","0","0","0","0","0","0","1338708","38","72000","1","0","0","12862620","7","0","0","682","1","0","0","0","0","0","0","30088721","31","112095","1","8574","1","14515","1","0","0","0","0","24490","4","0","0","0","0","469427","70","38341","30","3077856","201","0","0","28339","3","0","0","1422507","66","7003400","151","1449867","156","14229","6","308165","18","0","0","1520","1","0","0","77452","2","54537","10","159881","29","0","0","0","0","14403","18","11547","8","11589","6","0","0","0","0","0","0","10399","1","417","1","0","0","108","1","0","0","0","0","0","0","0","0","0","0","0","0","0","0","19701","17","0","0","44023","10","0","0","844298","105","0","0","153885","2","272023","7","0","0","104","1","613673","1","0","0","0","0","0","0","101613","0","0","0","0","0","0","0","0","0","0","0","0","0","0","21","8","27"
"Республика Бурятия","374731987","145225554","17170526","36325651","336422346","163269918","22014788","39648811","102804","8087","698478","60791","354","6718","32869437","1079959","74","31789478","21426946","2536244","0","35675","4","0","0","0","0","0","0","553433","206233","4733","269990","0","0","6914","4033","1","0","0","316612","42","1862","249","670","303","1133","1169683","3406375","0","1152788","3068307","0","16895","338069","0","4224","84517","0","1352","27045","0","0","0","0","109","22","0","0","0","0","34311945","13140896","1658892","39241798","11229630","2644549","0","955633","32901","0","0","2632","0","162458","5593","0","76451","0","0","76451","0","4929854","0","1059985","3","0","7","0","0","0","0","0","0","0","0","0","0","0","0","0","0","0","0","0","0","0","0","0","0","0","0","0","0","503766","325882","483770","296817","19996","29065","1600","2325","0","0","0","0","6278280","2267992","5846957","2233911","450766","34081","36061","2726","19443","0","1","0","0","0","0","0","0","0","0","0","0","0","0","0","0","0","0","0","0","0","0","0","0","0","0","0","0","0","0","0","695306","0","0","602428","0","0","0","0","0","92878","0","4644","0","0","0","2786","0","15789","0","0","0","0","0","0","0","0","0","0","0","0","0","0","0","0","0","0","0","0","0","0","0","0","0","34052","42083","0","0","8031","0","2","2","0","0","0","0","0","0","0","251453","243782","754954","754867","0","0","87","100360","8409000","18685","0","55315","37886","0","0","0","0","22500","15386","0","0","0","0","0","0","0","0","0","0","0","0","0","0","0","0","0","0","0","15386","0","0","0","0","0","0","41","225742","2218313","0","0","0","0","0","0","0","0","0","0","0","0","0","0","1673","1","0","0","0","0","0","0","0","0","0","0","0","0","0","0","0","0","0","0","0","0","0","0","0","0","0","0","0","0","63","1","183619","1","22952","104153","1","0","0","0","0","0","0","0","0","0","26452","2","6613","21619","3","0","0","8768","9","134210","8","0","0","0","0","0","23905","1","52519","7","2794","5","48068","1","3644","1","911","0","0","106951","9","0","0","0","0","0","0","0","0","0","0","0","0","14232252","672","2336194","7","0","0","0","0","0","0","621422","2","155355","0","0","0","0","0","0","0","0","0","0","0","0","1486","6","186","0","0","0","0","0","0","0","0","0","0","0","0","0","0","0","0","0","0","0","0","0","0","0","0","0","0","0","0","0","0","0","0","0","0","42934","8","0","0","0","0","952074","1","0","0","0","0","0","0","0","0","0","0","4922447","8","0","0","6308","1","0","0","0","0","0","0","114921","2","0","0","0","0","323124","52","21686","1","58725","112","0","0","0","0","0","0","168659","4","782213","38","0","0","54157","1","64998","1","0","0","0","0","2456","1","25209","1","4856","2","20124","6","0","0","0","0","0","0","2265","2","925","1","0","0","0","0","0","0","65000","1","1619","1","0","0","0","0","0","0","0","0","0","0","0","0","0","0","0","0","0","0","84544","5","0","0","3933","1","0","0","12828","35","0","0","0","0","2272","1","0","0","0","0","0","0","0","0","0","0","0","0","33644440","0","0","0","0","0","0","0","0","0","0","0","0","0","0","15","1","2"
"Республика Алтай","146680102","18710967","50038637","5483086","134828135","26572771","5832264","2551384","22121","6336","40344182","4309","9","0","16303564","210022","28","16093542","4928075","1287483","351","0","0","0","0","0","0","0","0","166129","155624","6349","52505","0","0","0","0","0","0","0","52505","0","504","130","635","50","5","0","481659","0","0","418132","0","0","63527","0","0","15882","0","0","5082","0","0","0","0","31","6","0","0","0","0","0","0","0","0","0","0","0","0","0","0","0","0","0","0","0","0","0","0","0","0","0","0","0","0","0","0","0","0","0","0","0","0","0","0","0","0","0","0","0","0","0","0","0","0","0","0","0","0","0","0","0","0","0","0","394","0","394","0","0","0","0","0","0","0","0","104008","0","89138","0","14870","0","1190","0","0","0","0","0","0","0","0","0","0","0","0","0","0","0","0","0","0","0","0","0","0","0","0","0","0","0","0","0","0","0","0","0","0","0","0","0","0","0","0","0","0","0","0","0","0","0","0","0","0","0","0","0","0","0","0","0","0","0","0","0","0","0","0","0","0","0","0","0","0","0","0","0","0","0","0","0","0","0","0","0","0","0","0","0","0","0","0","0","0","0","466652","462278","16266843","15699548","0","0","567295","0","15179000","40721","0","4202","0","0","0","0","0","0","0","0","0","0","0","0","0","0","0","0","0","0","0","0","0","0","0","0","0","0","0","0","0","0","0","0","0","2","32","39643","0","0","0","0","0","0","0","0","0","0","0","0","0","0","0","0","0","0","0","0","0","0","0","0","0","0","0","0","0","0","0","0","0","0","0","0","0","0","0","0","0","0","0","0","0","0","0","0","0","0","0","0","0","0","0","0","0","0","0","0","0","0","0","0","0","0","0","0","0","0","0","0","0","0","0","0","0","0","0","0","0","0","0","0","0","0","0","0","0","0","0","0","0","0","0","0","0","0","0","0","0","0","0","5530065","241","1056","4","0","0","0","0","0","0","0","0","0","0","0","0","0","0","0","0","0","0","0","0","0","51","3","6","0","0","0","0","0","0","0","0","0","0","0","0","0","0","0","0","0","0","0","0","0","0","0","0","0","0","0","0","0","0","0","0","0","0","8755","3","0","0","0","0","0","0","0","0","0","0","0","0","0","0","0","0","159139","1","0","0","0","0","0","0","0","0","0","0","0","0","0","0","0","0","9267","4","1029","2","36679","7","0","0","0","0","0","0","41403","1","2292","1","0","0","0","0","56877","1","0","0","0","0","0","0","166","1","307","1","2413","2","0","0","0","0","0","0","16962","1","0","0","0","0","0","0","0","0","51752","2","0","0","0","0","0","0","0","0","0","0","0","0","0","0","0","0","0","0","0","0","106598","9","0","0","596","1","0","0","0","0","0","0","0","0","7075","1","0","0","0","0","0","0","0","0","0","0","10767","0","329","0","6132","0","0","0","6132","0","0","1615","0","997","0","618","0","5","0","4"
"Республика Дагестан","409196656","10301899","21848472","1032598","384194405","13822556","14636511","2114772","125557","1763","81","0","0","0","32340210","984312","122","31356432","4601069","2506769","2069","0","0","39643","0","536933","0","3","0","568412","173018","650","246078","0","0","0","0","0","0","0","822654","389","1988","253","1278","1085","29","2175352","6702509","158683","2087956","5379252","148314","87397","1428162","10369","21848","357041","2592","6992","114253","830","0","104906","0","50","59","5","0","1","0","208878","0","1040295","197479","0","994137","9600","0","45957","192","0","2066","1548","0","3796","660","0","5627","576","0","1610","0","0","0","0","0","0","0","0","885069","0","0","809651","0","0","0","0","0","75418","0","0","0","0","0","0","0","6033","0","0","0","0","0","0","0","32932","0","30091","0","2842","0","227","0","0","0","0","5138812","698082","3882761","622941","1270672","75141","101654","6011","14621","0","4","0","0","0","0","0","0","0","0","0","0","0","0","0","0","0","0","0","0","0","0","0","0","0","0","0","0","0","0","0","280495","0","0","169722","0","0","0","0","0","110773","0","5539","0","0","0","3323","0","18831","0","0","0","0","0","0","0","0","0","0","0","0","0","0","0","0","0","0","0","0","0","0","0","0","0","0","0","0","0","0","0","0","0","0","0","0","0","0","0","0","0","0","0","0","0","0","0","0","216614","514","0","10392","0","0","0","0","0","0","0","0","0","0","0","0","0","0","0","0","0","0","0","0","0","0","0","0","0","0","0","0","0","0","0","0","0","12","38418","239699","0","0","0","0","0","0","0","0","0","0","0","0","0","0","0","0","0","0","0","0","0","0","0","0","0","0","0","0","0","0","0","0","0","0","0","0","0","0","0","0","0","0","0","0","0","0","0","0","0","0","0","0","0","0","0","0","0","0","0","0","0","0","0","0","0","0","0","0","0","0","0","0","0","0","0","0","0","0","0","0","0","0","0","0","0","0","0","0","0","0","0","0","0","0","0","0","0","0","0","0","0","0","0","7705425","865","1154","2","0","0","0","0","0","0","0","0","0","0","0","0","0","0","0","0","0","0","0","0","0","3238","8","405","0","0","0","0","0","0","0","0","0","0","0","0","0","0","0","0","0","0","0","0","0","0","0","0","0","0","0","0","0","0","0","0","0","0","21870","5","37251","1","0","0","0","0","0","0","0","0","0","0","0","0","0","0","7020850","20","1827900","3","1743323","1","0","0","0","0","0","0","22709","1","0","0","0","0","27688","6","1285102","6","611291","3","0","0","0","0","0","0","1215900","3","438962","12","106848","2","87111","1","3726","2","0","0","0","0","0","0","0","0","1733","4","63783","4","0","0","0","0","18440","2","578208","3","0","0","0","0","0","0","0","0","0","0","0","0","0","0","0","0","0","0","0","0","0","0","0","0","0","0","0","0","0","0","595","3","0","0","0","0","0","0","2121","2","0","0","0","0","0","0","0","0","0","0","0","0","0","0","0","0","54812","0","756","0","54787","0","0","0","54787","0","0","11743","0","0","0","11743","0","3","0","1"
"Республика Ингушетия","48221169","7892538","1362629","309129","46519546","9334469","881418","347839","14800","0","498","0","0","0","2197135","15732","16","2181402","1480641","174510","0","0","0","0","0","0","0","0","0","27997","19627","763","3933","0","0","0","0","0","0","0","3933","0","507","26","734","56","5","0","208626","780","0","197086","730","0","11540","50","0","2885","13","0","923","4","0","0","0","0","3","1","0","0","0","415000","0","0","413322","0","0","1678","0","0","134","0","0","239","0","0","46","0","0","0","0","0","0","0","0","0","0","0","0","0","0","0","0","0","0","0","0","0","0","0","0","0","0","0","0","0","0","0","0","0","0","0","0","0","0","0","0","0","0","0","0","0","0","0","0","0","3789651","0","2894178","0","1423040","0","113843","0","527567","0","1","0","0","0","0","0","0","0","0","0","0","0","0","0","0","0","0","0","0","0","0","0","0","0","0","0","0","0","0","0","0","0","0","0","0","0","0","0","0","0","0","0","0","0","0","0","0","0","0","0","0","0","0","0","0","0","0","0","0","0","0","0","0","0","0","0","0","0","0","0","0","0","0","0","0","0","0","0","0","0","0","0","0","0","0","0","0","0","0","0","0","0","0","0","0","0","599936","0","0","64","0","0","0","0","0","0","0","0","0","0","0","0","0","0","0","0","0","0","0","0","0","0","0","0","0","0","0","0","0","0","0","0","0","1","3386","31341","0","0","0","0","0","0","0","0","0","0","0","0","0","0","0","0","0","0","0","0","0","0","0","0","0","0","0","0","0","0","0","0","0","0","0","0","0","0","0","0","0","0","0","0","0","0","0","0","0","0","0","0","0","0","0","0","0","0","0","0","0","0","0","0","0","0","0","0","0","0","0","0","0","0","0","0","0","0","0","0","0","0","0","0","0","0","0","0","0","0","0","0","0","0","0","0","0","0","0","0","0","0","0","1057191","86","0","0","0","0","0","0","0","0","0","0","0","0","0","0","0","0","0","0","0","0","0","0","0","0","0","0","0","0","0","0","0","0","0","0","0","0","0","0","0","0","0","0","0","0","0","0","0","0","0","0","0","0","0","0","0","0","0","0","0","0","60","1","0","0","0","0","30029","1","0","0","0","0","0","0","0","0","0","0","0","0","0","0","0","0","0","0","0","0","0","0","0","0","0","0","0","0","0","0","0","0","0","0","0","0","0","0","0","0","39451","1","0","0","0","0","0","0","0","0","0","0","0","0","0","0","0","0","0","0","0","0","0","0","0","0","0","0","774","1","0","0","0","0","0","0","0","0","0","0","0","0","0","0","0","0","0","0","0","0","0","0","0","0","0","0","0","0","0","0","0","0","0","0","0","0","0","0","0","0","0","0","0","0","0","0","0","0","0","0","0","0","0","0","0","0","0","0","0","0","0","0","0","0","0","0","0","0","0","0","0","0","0","0","0","0"
"Кабардино-Балкарская Республика","172097832","20657826","8317958","1605943","160565430","24554498","8660214","3428891","56988","10974","1208307","0","0","0","10038828","149883","44","9888945","5708646","790696","1171","319","1","0","0","0","0","0","0","143069","29904","1104","37471","0","0","0","0","0","0","0","37790","0","1057","138","693","515","3","2055995","613631","0","1248302","538430","0","807697","76729","0","201924","19182","0","64616","6138","0","4","1529","0","24","20","0","1","1","0","0","0","0","0","0","0","0","0","0","0","0","0","0","0","0","0","0","0","0","0","0","0","0","0","0","0","0","0","0","0","0","0","0","0","0","0","0","0","0","0","0","0","0","0","0","0","0","0","0","0","0","0","0","0","0","0","0","0","0","0","0","0","0","0","0","14105333","0","7914073","0","6281649","0","502532","0","90389","0","3","0","0","0","0","0","0","0","0","0","0","0","0","0","0","0","0","0","0","0","0","0","0","0","0","0","0","0","0","0","1174","2390710","0","1520","1968921","0","0","0","0","0","421789","0","33743","0","0","0","0","0","71704","0","346","0","0","1","0","0","0","0","0","0","0","0","0","0","0","0","0","0","0","0","0","0","0","12000","15710","0","0","3709","0","1","0","0","0","0","0","0","0","0","150000","133336","0","0","0","0","0","0","1668974","31866","0","8849","0","0","0","0","0","0","0","0","0","0","0","0","0","0","0","0","0","0","0","0","0","0","0","0","0","0","0","0","0","0","0","0","0","13","14822","108581","0","0","0","0","0","0","0","0","0","0","0","0","0","0","0","0","0","0","0","0","0","0","0","0","0","0","0","0","0","0","0","0","0","0","0","0","0","0","0","0","0","0","0","0","0","0","0","0","0","0","0","0","0","0","0","0","0","0","0","0","0","0","0","0","0","0","0","0","0","0","0","0","0","0","0","0","0","0","0","0","0","0","0","0","0","0","0","0","0","0","0","0","0","0","0","0","0","0","0","0","0","0","0","4053168","481","0","0","0","0","0","0","0","0","0","0","0","0","0","0","0","0","0","0","0","0","0","0","0","1802","3","225","0","0","0","0","0","0","0","0","0","0","0","0","0","0","0","0","0","0","0","0","0","0","0","0","0","0","0","0","0","0","0","0","0","0","0","0","0","0","0","0","0","0","0","0","0","0","0","0","0","0","0","0","117356","2","0","0","0","0","0","0","0","0","0","0","0","0","0","0","0","0","2038","1","0","0","56984","3","0","0","0","0","0","0","50147","1","1526","1","0","0","0","0","0","0","0","0","0","0","0","0","0","0","0","0","0","0","0","0","0","0","0","0","38269","1","0","0","0","0","0","0","0","0","0","0","0","0","0","0","0","0","0","0","0","0","0","0","0","0","0","0","0","0","0","0","0","0","0","0","0","0","0","0","0","0","0","0","0","0","0","0","0","0","0","0","0","0","0","0","0","0","0","0","0","0","0","0","0","0","0","0","0","0","0","0","0","0","0","0","1","2"
"Республика Калмыкия","35846390","5902296","1629953","556429","31646062","8074559","918286","2607231","14777","13488","361","0","70","0","4926341","20411","10","4905930","4191266","392474","0","0","0","0","0","0","0","0","0","92171","26856","2106","5103","0","0","0","0","0","0","0","5103","0","413","86","665","197","7","3374","275412","0","3374","237410","0","0","38002","0","0","9500","0","0","3040","0","0","0","0","10","10","0","0","0","0","0","0","0","0","0","0","0","0","0","0","0","0","0","0","0","0","0","0","0","0","0","0","0","0","0","0","0","0","0","0","0","0","0","0","0","0","0","0","0","0","0","0","0","0","0","0","0","0","0","0","0","0","0","2549","4347","2544","4347","5","0","0","0","0","0","0","0","400337","0","502354","0","79466","0","6357","0","181483","0","2","0","0","0","0","0","0","0","0","0","0","0","0","0","0","0","0","0","0","0","0","0","0","0","0","0","0","0","0","0","198633","0","0","158948","0","0","0","0","0","39685","0","1984","0","0","0","1191","0","6746","0","0","0","0","0","0","0","0","0","0","0","0","0","0","0","0","0","0","0","0","0","0","0","0","0","0","0","0","0","0","0","0","0","0","0","0","0","0","0","0","0","0","36626","4","0","0","18311","0","30000","401","0","9599","0","0","0","0","0","0","0","0","0","0","0","0","0","0","0","0","0","0","0","0","0","0","0","0","0","0","0","0","0","0","0","0","0","4","362","1686734","0","0","0","0","0","0","0","0","0","0","0","0","0","0","0","0","0","0","0","0","0","0","0","0","0","0","0","0","0","0","0","0","0","0","0","0","0","0","0","0","0","0","0","0","0","0","0","0","0","0","0","0","0","0","0","0","0","0","0","0","400","1","100","0","0","0","0","64","1","735","1","0","0","0","0","0","143","1","2135","3","150","2","0","0","0","0","0","0","0","6053","3","0","0","0","0","0","0","0","0","0","0","0","0","1749495","160","3609","1","0","0","0","0","0","0","0","0","0","0","0","0","0","0","0","0","0","0","0","0","0","175095","1","21887","0","0","0","0","0","0","0","0","0","0","0","0","12202","1","0","0","0","0","0","0","0","0","0","0","0","0","0","0","0","0","0","0","0","0","80335","3","0","0","0","0","0","0","0","0","1975","1","0","0","0","0","0","0","0","0","0","0","0","0","0","0","0","0","0","0","0","0","0","0","0","0","3064","4","0","0","1386","4","0","0","0","0","0","0","56342","3","0","0","0","0","5169450","1","10374","3","0","0","0","0","0","0","96","1","9605","3","0","0","0","0","0","0","0","0","20587","1","2766","1","0","0","0","0","0","0","0","0","0","0","9502","1","0","0","0","0","0","0","0","0","0","0","0","0","0","0","0","0","3191","3","0","0","7721","1","0","0","1377","1","0","0","0","0","124148","1","0","0","968","2","0","0","0","0","0","0","0","0","0","0","0","0","0","0","0","0","0","0","0","0","0","0","0","0","0","0"
"Карачаево-Черкесская Республика","111610079","13031358","4396401","1755505","105079029","17928844","5761586","4445640","12205","1376439","0","1115","0","0","5178071","192863","34","4985208","6212298","390176","67","43703","1","0","0","0","0","0","0","65559","36025","1166","48216","0","0","8389","4958","6","0","0","105266","0","595","95","787","135","8","427336","587497","497396","423571","574381","348710","3935","13368","148686","984","3342","37171","315","1069","11895","170","251","0","24","18","6","1","1","0","0","0","0","0","0","0","0","0","0","0","0","0","0","0","0","0","0","0","0","0","0","0","0","0","0","0","0","0","0","0","0","0","0","0","0","0","0","0","0","0","0","0","0","0","0","0","0","0","0","0","0","0","0","17958","2980","17958","2980","0","0","0","0","0","0","0","0","8417685","0","6079878","0","2357628","0","188610","0","19821","0","2","0","0","0","0","0","0","0","0","0","0","0","0","0","0","0","0","0","0","0","0","0","0","0","0","0","0","0","0","0","0","220487","0","0","194683","0","0","0","0","0","25804","0","2064","0","0","0","0","0","4387","0","0","0","0","0","0","0","1913789","0","1665273","0","0","0","248517","0","19881","0","42248","0","0","0","0","0","0","0","0","0","0","0","0","0","0","0","0","0","0","0","0","0","0","0","8","1912","0","0","0","25626","0","2287","0","0","0","0","0","0","0","0","0","0","0","0","0","0","0","0","0","0","0","0","0","0","0","0","0","0","0","0","0","0","0","0","0","0","0","5","8772","87814","0","0","0","0","0","0","0","0","0","0","0","0","0","0","0","0","0","0","0","0","0","0","0","0","0","0","0","0","0","0","0","0","0","0","0","0","0","0","0","0","0","0","0","0","0","0","0","0","0","0","0","0","0","0","0","0","0","0","0","0","0","0","0","0","0","0","0","0","0","0","0","0","0","0","0","0","0","0","456","1","0","0","0","0","0","0","0","0","0","0","0","0","0","0","0","0","0","0","0","0","0","0","0","3153246","268","0","0","0","0","0","0","0","0","0","0","0","0","0","0","0","0","0","0","0","0","0","0","0","9","1","1","0","0","0","0","0","0","0","0","0","0","0","0","0","0","0","0","0","0","0","0","0","0","0","0","0","0","0","0","0","0","0","0","0","0","80","1","2000","1","0","0","0","0","0","0","0","0","0","0","0","0","0","0","58003","1","85","1","0","0","0","0","0","0","0","0","0","0","0","0","0","0","3449","3","182","3","21074","3","0","0","0","0","0","0","39246","1","19450","1","12818","1","100","1","1241","2","0","0","0","0","0","0","0","0","0","0","547","1","0","0","0","0","11","1","23391","1","0","0","0","0","0","0","0","0","0","0","0","0","0","0","0","0","0","0","0","0","0","0","0","0","0","0","0","0","0","0","0","0","0","0","0","0","0","0","0","0","0","0","0","0","0","0","0","0","3764","2","0","0","0","0","0","0","0","0","0","0","0","0","0","0","0","0","0","0","0","0","0","0","0","0","0","0"
"Республика Карелия","297339512","126201526","20231175","6070631","276920538","138628615","16828021","20505077","35161","38459","714727","8744","0","0","23142562","1042483","208","22100573","26828425","1763542","0","146816","7","30932","0","228498","0","1","0","260701","204258","5112","260621","0","0","0","0","0","13861","1","680728","0","1622","562","483","214","640","53039","4193333","0","51128","3777816","0","1911","425249","0","478","106312","0","153","34020","0","0","9732","0","15","44","0","0","1","0","0","0","5405260","0","0","5558220","0","0","201098","0","0","2782","0","0","11709","0","0","35783","0","0","13306","0","0","484619","0","0","5","0","0","828149","0","0","862992","0","0","0","0","0","0","0","0","0","0","0","0","0","0","0","0","34843","0","0","1","135052","78542","128088","76331","6964","2211","557","177","0","0","0","0","8638155","0","8801997","0","848570","0","67886","0","1012411","0","16","0","0","0","0","0","0","0","0","0","0","0","0","0","0","0","0","0","0","0","0","0","0","0","0","0","0","0","0","3802893","323030","137141","3799542","298033","96245","5421","0","0","182449","29867","40896","1493","3272","10","14596","896","31016","5077","6952","184519","4870","0","7","1","0","0","0","0","0","0","0","0","0","0","0","0","0","0","0","0","0","0","0","50837","59809","0","0","8973","0","2","0","0","0","0","0","0","0","0","5334156","5309275","227731","227731","0","0","0","0","25770624","83500","0","74647","0","0","0","0","0","0","0","0","0","0","0","0","0","0","0","0","0","0","0","0","0","0","0","0","0","0","16735","66656","2","0","0","0","0","56","154186","4058600","0","0","0","0","0","0","0","0","0","0","0","0","0","0","199118","2","93","1","0","0","0","0","0","0","0","0","0","114627","1","28657","0","0","0","0","0","0","0","0","0","0","0","0","0","0","8449","2","1375531","1","171941","0","0","0","0","0","0","0","0","0","0","0","0","0","0","5587","2","15300","2","44481","6","60939","15","0","0","0","0","0","984","2","71653","11","981","4","3221","3","17365","2","4341","0","0","36858","15","0","0","0","0","0","0","746","2","0","0","0","0","14154411","1051","7629488","9","0","0","0","0","0","0","337248","1","84312","0","0","0","429331","1","53666","0","0","0","0","0","0","1326","2","166","0","0","0","0","0","0","0","0","0","0","0","0","489098","1","0","0","0","0","0","0","0","0","0","0","0","0","0","0","0","0","0","0","675","1","229491","15","9610","1","0","0","3188092","1","0","0","56307","1","0","0","0","0","0","0","8586175","16","0","0","0","0","0","0","0","0","0","0","2281","2","0","0","1305","1","15253","16","1641","1","296044","87","1167","1","0","0","0","0","78153","2","0","0","0","0","0","0","557","2","0","0","0","0","1147","1","7324","11","10369","11","0","0","0","0","0","0","0","0","30566","2","1283","1","0","0","0","0","0","0","0","0","0","0","0","0","1170","3","0","0","0","0","0","0","0","0","0","0","0","0","0","0","11901","3","0","0","0","0","0","0","1028","1","0","0","1373","1","12734","2","0","0","0","0","702","1","0","0","0","0","0","0","0","0","0","0","0","0","0","0","0","0","0","0","0","0","0","0","0","0"
"Республика Коми","877000517","250425810","41410780","15832115","780506176","258575464","42994648","23801742","227673","57329","279143","764735","0","59154","94859003","2863027","114","91995975","16885823","10199439","11524","297161","6","0","0","0","0","0","0","747896","1042615","14038","715757","0","0","0","0","0","0","0","1012918","0","1555","358","1030","90","27","625473","2789972","131397","596048","2404144","92441","29424","429034","38955","7356","107259","9739","2354","34323","3116","0","43207","0","118","32","3","0","2","0","0","0","0","0","0","0","0","0","0","0","0","0","0","0","0","0","0","0","0","0","0","0","0","0","0","0","0","0","0","0","0","0","0","0","0","0","0","0","0","0","0","0","0","0","0","0","0","0","0","0","0","0","0","543619","70850","543132","61749","8295","9466","664","757","7808","364","4","3","0","1934961","0","2041938","0","0","0","0","0","106977","0","1","0","0","0","0","0","0","0","0","0","0","0","0","0","0","0","0","0","0","0","0","0","0","0","0","0","0","0","100973","2236311","0","134525","2046935","0","0","0","0","0","189376","0","9469","0","0","0","5681","0","32194","0","33552","0","0","1","0","0","0","0","0","0","0","0","0","0","0","0","0","0","0","0","0","0","0","0","791643","570986","110329","110329","0","8826","0","2","0","0","0","0","0","0","0","71274","68082","7586556","7586556","0","0","0","48066","18079580","6133","0","172286","4452","0","3365","0","0","0","3346","0","6250","0","0","0","0","0","0","0","0","0","0","0","0","0","0","0","0","0","0","0","0","0","0","0","0","50","1699709","8340675","0","0","0","0","0","0","0","0","0","0","0","0","0","0","232035","4","34","1","0","0","0","0","0","0","3658","1","457","586196","4","146549","0","0","0","225","1","37","0","0","0","0","0","0","1499","1","0","0","1772585","4","221573","0","0","0","0","0","0","0","0","0","0","0","353025","5","88256","24277","9","62612","4","46150","7","143823","16","0","0","0","0","0","1304247","5","1005236","17","63636","9","8174","3","293699","3","73425","1181","1","172809","26","0","0","0","0","0","0","0","0","945059","2","0","0","27852119","681","2702393","3","0","0","0","0","0","0","90937","4","22734","450","1","113","0","0","0","0","0","0","0","0","0","362192","10","45274","1272","1","212","0","0","0","0","0","0","0","0","0","0","0","0","0","0","0","0","0","0","0","0","0","0","0","0","0","0","0","0","0","0","0","170640","52","0","0","0","0","4646","1","0","0","10000","1","0","0","0","0","0","0","3696280","5","17051","1","0","0","0","0","0","0","0","0","193","3","0","0","0","0","71261","25","16181","4","460251","184","0","0","1547","1","0","0","121088","3","182609","17","652325","28","1591","2","150","1","0","0","57199","2","0","0","1226","9","35486","20","19756","7","0","0","0","0","61449","4","139367","2","0","0","0","0","0","0","0","0","0","0","0","0","0","0","96","2","0","0","0","0","0","0","0","0","0","0","0","0","0","0","18719","19","0","0","553295","2","0","0","15648","10","0","0","128679","1","0","0","0","0","0","0","0","0","0","0","0","0","0","0","0","0","0","0","0","0","0","0","0","0","0","0","0","0","0","1","0","1"
"Республика Крым","785572052","47136606","74647495","9811779","747696214","64880163","32189804","10816816","315458","62083","3839223","10685","41701","0","76772514","4015751","274","72756763","18697197","5820753","3832","18275","1","0","0","349","0","1","0","750694","755016","20208","1003938","0","0","0","0","0","0","0","1022562","0","4865","614","2926","223","290","2352880","5555603","0","1974047","4687374","0","380182","871763","0","95046","217941","0","30415","69741","0","1349","3534","0","432","50","0","3","1","0","0","0","0","0","0","0","0","0","0","0","0","0","0","0","0","0","0","0","0","0","0","0","0","0","0","0","0","0","538397883","0","0","506098900","0","0","779851","0","0","42861441","0","0","110260","0","4864560","0","0","3318655","0","0","11290682","0","0","78","0","15937","798397","11190","640435","4748","160555","380","12844","0","4633","0","3","21770664","0","17595289","0","4258446","0","340676","0","83071","0","6","0","0","0","0","0","0","0","0","0","0","0","0","0","0","0","0","0","0","0","0","0","0","0","0","0","0","0","0","0","471496","0","0","463023","0","0","0","0","0","10275","0","514","0","0","0","308","0","1747","0","0","1802","0","0","1","0","0","0","0","0","0","0","0","0","0","0","0","0","0","0","0","0","0","0","4753","3022","0","1731","0","138","0","5","0","0","0","0","0","0","0","13932","13902","215385","212560","0","0","3325","0","3666926","870601","0","597801","0","0","6499","0","0","0","0","0","0","0","0","0","0","0","0","0","0","0","0","0","0","0","0","0","0","0","0","0","0","0","0","0","0","62","771936","4615391","0","0","0","0","0","0","0","0","0","0","0","0","0","0","0","0","0","0","0","0","0","0","0","0","0","0","0","0","0","0","0","0","0","0","0","0","0","0","0","0","0","0","0","0","0","0","0","0","0","0","0","0","0","0","0","0","0","0","0","0","0","0","0","0","0","0","0","0","0","0","0","0","0","0","0","0","0","0","25354","2","0","0","0","0","0","0","0","0","0","915","1","0","0","0","0","0","0","0","0","0","0","0","0","31094338","2728","2407901","3","0","0","0","0","0","0","0","0","0","0","0","0","0","0","0","0","0","0","0","0","0","8440","6","1055","0","0","0","0","0","0","0","0","0","0","0","0","0","0","0","0","0","0","0","0","0","0","0","0","0","0","0","0","0","0","0","0","0","0","132835","19","628","1","107296","1","10376866","12","0","0","0","0","0","0","0","0","0","0","13834506","17","553232","4","65354","17","0","0","0","0","0","0","1299","2","0","0","62425","3","214579","46","20476","35","1281587","46","541","1","0","0","0","0","101808","2","3951990","11","163494","6","43682","3","1016","5","0","0","524379","3","1598","1","1112","6","32360","16","71564","5","0","0","0","0","54335","2","0","0","0","0","0","0","0","0","0","0","48912","1","0","0","0","0","830","1","0","0","0","0","0","0","0","0","0","0","0","0","0","0","19753","37","0","0","3621","2","0","0","649379","29","0","0","0","0","0","0","0","0","0","0","0","0","28944","1","0","0","0","0","0","0","0","0","0","0","0","0","0","0","0","0","0","0","0","0","0","0"
"Республика Марий-Эл","414532737","21719520","16898010","1512013","386262747","23650140","13037346","1856059","188297","6609","159237","41424","3685","0","32157905","452745","94","31705159","2309480","2535483","0","11166","6","6872","0","24957","0","3","0","266250","158898","2585","113186","0","0","0","0","0","0","0","156181","89","1993","204","1017","61","569","1439565","2496049","1952","1316038","2092788","1611","123527","403261","341","30882","100815","85","9882","32261","27","0","0","0","132","34","1","0","0","0","0","0","0","0","0","0","0","0","0","0","0","0","0","0","0","0","0","0","0","0","0","0","0","0","0","0","0","0","0","0","0","0","0","0","0","0","0","0","0","0","0","0","0","0","0","0","0","0","0","0","0","0","0","465069","160070","429728","134246","35341","25824","2827","2066","0","0","0","0","13804959","0","12220801","0","1588870","0","127110","0","4712","0","2","0","0","0","0","0","0","0","0","0","0","0","0","0","0","0","0","0","0","0","0","0","0","0","0","0","0","0","0","0","12558343","64820708","0","8435428","61376381","0","0","64986","0","4122915","3459570","206146","276766","0","0","123687","0","700896","588127","0","0","80229","0","0","1","0","0","0","0","0","0","0","0","0","0","0","0","0","0","0","0","0","0","21045","28613","0","0","7569","0","3","0","0","0","0","0","0","0","0","208952","261692","237934","236986","0","0","948","12032","1831819","473896","0","388363","801","0","377","0","0","0","33","0","0","0","0","0","0","0","0","0","0","0","0","0","0","0","0","0","0","0","0","0","0","0","0","0","0","37","91003","1376561","0","0","0","0","0","0","0","0","0","0","0","0","0","0","0","0","0","0","0","0","0","0","0","0","0","0","0","0","0","0","0","0","0","0","0","0","0","0","0","0","0","0","0","0","0","0","0","0","0","0","0","0","0","0","0","0","0","0","0","0","750","1","188","129","1","0","0","35288","4","66121","7","0","0","0","0","0","0","0","39763","3","0","0","5862","1","49770","2","12443","0","0","20411","8","0","0","0","0","0","0","0","0","0","0","0","0","8831068","911","169871","4","0","0","0","0","0","0","0","0","0","0","0","0","0","0","0","0","0","0","0","0","0","67657","2","8457","0","0","0","0","0","0","0","0","0","0","0","0","0","0","0","0","0","0","0","0","0","0","0","0","0","0","0","0","0","0","0","0","0","0","182863","14","0","0","0","0","1337497","3","0","0","0","0","0","0","0","0","0","0","2029427","4","0","0","2079945","1","0","0","0","0","0","0","0","0","157346","1","0","0","16598","15","0","0","871643","50","0","0","0","0","0","0","175264","4","47395","2","0","0","2112","1","0","0","0","0","7530","1","0","0","0","0","4386","2","2698","1","0","0","0","0","26862","1","0","0","0","0","0","0","0","0","0","0","550","1","0","0","0","0","115","1","0","0","0","0","0","0","0","0","0","0","0","0","0","0","30388","17","0","0","33447","52","0","0","16945","62","0","0","0","0","364117","9","0","0","0","0","0","0","0","0","0","0","0","0","0","0","0","0","0","0","0","0","0","0","0","0","0","0","0","0","0","1"
"Республика Мордовия","622149852","66421594","35892011","3491408","556237857","71295825","37001229","9429006","199182","490746","13798364","80398","473","0","51205999","1093000","151","50112999","10401481","4008923","10960","5338","4","0","0","1553","0","1","0","739496","195545","1502","273250","0","0","0","0","0","0","0","280141","880","2027","409","1649","403","34","261616","2127407","0","254621","1878858","0","7369","258703","0","1842","64676","0","589","20696","0","373","10153","0","98","30","0","2","2","0","0","0","7357869","0","0","7056392","0","0","946342","0","0","518","0","0","89489","0","0","146578","0","0","75189","0","0","645298","0","0","4","0","0","349406","0","0","437959","0","0","0","0","0","0","0","0","0","0","0","0","0","0","0","0","88553","0","0","1","0","115813","0","101330","0","14483","0","1159","0","0","0","0","94102659","0","68128316","0","26621599","0","2129728","0","647256","0","4","0","0","0","0","0","0","0","0","0","0","0","0","0","0","0","0","0","0","0","0","0","0","0","0","0","0","0","0","0","4639014","62802744","0","4155853","59332560","0","9733","636","0","473428","3493748","23671","279500","0","0","14203","0","80483","593937","0","0","24200","0","0","1","0","0","0","0","0","0","0","0","0","0","0","0","0","0","0","0","0","0","38717","49420","0","0","10703","0","5","1","0","0","0","0","0","0","0","82502","82406","380275","377397","0","0","2877","109600","11980430","295061","0","706956","0","0","10","0","0","0","10","0","0","0","0","0","0","0","0","0","0","0","0","0","0","0","0","0","0","0","0","0","0","0","0","0","0","43","301001","2836620","0","0","0","0","0","0","0","0","0","0","0","0","0","0","31778","2","0","0","0","0","0","0","0","0","0","0","0","0","0","0","0","0","0","0","0","0","0","0","0","0","0","0","0","0","0","0","0","0","0","0","0","0","0","0","0","0","0","0","0","0","0","0","0","6341","1","5194","1","20873","3","19517","6","0","0","0","0","0","0","0","5909","2","0","0","7083","2","0","0","0","0","0","12637","5","0","0","0","0","0","0","0","0","195","1","0","0","15905523","1072","1078","1","0","0","0","0","0","0","0","0","0","0","0","0","0","0","0","0","0","0","0","0","0","621","3","78","0","0","0","0","0","0","0","0","0","0","0","0","0","0","0","0","0","0","0","0","0","0","0","0","0","0","0","0","0","0","0","0","0","0","34158","13","845","1","0","0","1543838","2","0","0","1893","1","0","0","0","0","0","0","1590084","4","0","0","1662955","2","0","0","0","0","0","0","167","2","0","0","0","0","423479","23","109449","5","359252","50","0","0","0","0","0","0","110417","3","245296","19","124371","6","0","0","20006","3","0","0","11079","1","0","0","111169","6","1882","2","8243","6","0","0","778","1","0","0","42720","2","0","0","0","0","0","0","0","0","0","0","0","0","0","0","0","0","0","0","0","0","0","0","0","0","0","0","0","0","0","0","9237","7","0","0","17982","1","0","0","13702","3","0","0","0","0","70076","3","0","0","2474","12","0","0","0","0","0","0","0","0","0","0","0","0","0","0","0","0","0","0","0","0","0","0","0","0","0","1"
"Республика Саха (Якутия)","1018048361","464469947","94526061","144166566","826263294","499256592","89497112","159719503","208534","435882","9166761","58174588","0","0","187912194","4158433","179","183753761","108078286","14700301","0","613196","7","0","0","0","0","0","0","2197331","4633424","14484","1039608","0","0","0","0","0","0","0","1652804","794","2210","666","2157","149","19","1375323","3037746","69300","1366027","2579232","69300","59188","463652","0","14797","115913","0","4735","37092","0","49892","5139","0","273","37","1","11","2","0","275337210","139518377","70939667","349202809","70888235","107559240","26117864","67198514","2903793","0","0","34275","2812603","6940778","45711","3716863","9858850","645963","2089429","5375881","198029","100947243","0","39577738","1","0","13","0","0","74615005","0","0","51743093","0","0","0","0","0","22871912","0","0","0","0","2744629","0","0","0","0","0","0","0","0","0","344435","141367","83379","132156","261056","9707","20884","777","0","497","0","7","215500","1000560","84097","1030172","132496","0","10600","0","1094","29613","2","3","0","0","0","0","0","0","0","0","0","0","0","0","0","0","0","0","0","0","0","0","0","0","0","0","0","0","0","583624","560610","0","755128","481790","0","0","24179","0","73993","54641","0","2732","0","0","5919","1639","12579","9289","0","245496","0","0","2","0","0","0","0","0","0","0","0","0","0","0","0","0","0","0","0","0","0","0","0","1947883","1868710","0","79173","0","6334","0","0","0","0","0","0","0","0","0","10429","9499","1589620","1533699","1243937","1277753","56404","12753910","66024030","551983","0","2180300","16200602","0","692","0","0","1314321","0","0","0","8897","0","0","0","0","5830280","0","0","0","0","0","0","0","0","0","0","1839627","8716269","0","0","0","0","0","0","78","4901215","33391694","0","0","0","0","0","0","0","0","0","0","0","0","0","0","840852","4","73079","1","0","0","0","0","0","0","0","0","0","72225","2","18056","0","0","0","0","0","0","9438","1","1573","0","0","0","0","0","0","0","0","0","0","0","0","825420","1","206355","0","0","0","0","0","0","193481","3","48370","23285","6","32136","3","45398","11","475292","20","0","0","0","0","0","646150","5","71490","8","4048","5","3542","3","18335","2","4584","2737","2","212566","18","0","0","0","0","0","0","6930","1","950","1","0","0","88130091","1165","9401610","10","0","0","0","0","0","0","627453","2","156863","0","0","0","0","0","0","0","0","0","0","0","0","89434","22","11179","0","0","0","0","0","0","0","0","0","0","0","0","0","0","0","0","0","0","0","0","0","0","0","0","0","0","0","0","0","0","0","0","0","0","331784","35","0","0","0","0","1120083","1","0","0","0","0","0","0","0","0","0","0","13292790","12","63194206","3","0","0","3","1","0","0","0","0","352932","4","0","0","0","0","1896856","44","40604","4","2206979","50","4401","2","3385","3","0","0","215473","2","890783","8","1062387","16","747","2","14912","4","0","0","27423","2","0","0","0","0","1699","1","42800","12","0","0","0","0","100570","3","62477","2","16850","2","0","0","0","0","0","0","0","0","0","0","0","0","612","1","0","0","0","0","0","0","0","0","0","0","0","0","0","0","86747","30","0","0","21427","1","0","0","2388","15","0","0","2464682","2","17006","3","0","0","0","0","0","0","24539","1","0","0","3816","89356","683909","0","3816","89356","0","0","3816","89356","0","954","22339","0","0","954","22339","14","8","4"
"Республика Северная Осетия - Алания","158200484","23153974","4622011","7408445","143805235","31329890","5716213","3315288","273981","3927","1585","477","0","0","13573443","281701","45","13291742","4079308","1058745","0","0","0","0","0","0","0","0","0","151418","93743","2422","70425","0","0","214","125","2","0","0","70764","0","886","198","1074","312","9","1022028","1387317","760995","936764","1188480","606263","85264","198910","154732","21316","49727","38683","6821","15913","12379","0","0","0","52","22","1","0","0","0","0","0","0","0","0","0","0","0","0","0","0","0","0","0","0","0","0","0","0","0","0","0","0","0","0","0","0","0","0","0","0","0","0","0","0","0","0","0","0","0","0","0","0","0","0","0","0","0","0","0","0","0","0","35191","35003","35191","0","0","35003","0","2800","0","0","0","0","8830870","609860","7531140","530161","1344119","79699","107530","6376","44389","0","3","0","0","0","0","0","0","0","0","0","0","0","0","0","0","0","0","0","0","0","0","0","0","0","0","0","0","0","0","0","0","1879496","0","0","1503120","0","0","0","0","0","376376","0","30110","0","0","0","0","0","63984","0","0","0","0","0","0","0","0","0","0","0","0","0","0","0","0","0","0","0","0","0","0","0","0","0","0","0","0","0","0","0","0","0","0","0","0","0","0","0","0","0","36250","90269","0","0","0","0","1203076","1808","0","163170","0","0","0","0","0","0","0","0","0","0","0","0","0","0","0","0","0","0","0","0","0","0","0","0","0","0","0","0","0","0","0","0","0","10","7090","71797","0","0","0","0","0","0","0","0","0","0","0","0","0","0","0","0","0","0","0","0","0","0","0","0","0","0","0","0","0","0","0","0","0","0","0","0","0","0","0","0","0","0","0","0","0","0","0","0","0","0","0","0","0","0","0","0","0","0","0","0","0","0","0","0","0","0","0","0","0","0","0","0","0","0","0","0","1201","1","2796","1","0","0","0","0","0","0","0","0","0","143","1","0","0","0","0","0","0","1778","1","0","0","0","0","4648485","432","69","1","0","0","0","0","0","0","0","0","0","0","0","0","0","0","0","0","0","0","0","0","0","0","0","0","0","0","0","0","0","0","0","0","0","0","0","0","0","0","0","0","0","0","0","0","0","0","0","0","0","0","0","0","0","0","0","0","0","0","46053","6","0","0","0","0","0","0","0","0","0","0","0","0","0","0","0","0","32326","1","0","0","0","0","0","0","0","0","0","0","16788","2","0","0","0","0","5922","3","121235","2","65438","9","242","1","0","0","0","0","176668","3","28265","3","16652","1","0","0","4491","5","0","0","0","0","0","0","0","0","0","0","53574","3","0","0","0","0","3064","2","28423","2","0","0","0","0","0","0","0","0","0","0","0","0","0","0","238","1","0","0","0","0","0","0","0","0","0","0","0","0","0","0","100","1","0","0","0","0","0","0","1254","1","0","0","0","0","0","0","0","0","0","0","0","0","0","0","0","0","0","0","0","0","0","0","0","0","0","0","0","0","0","0","0","0","0","2","0","2"
"Республика Татарстан","11369960937","1433495928","971882097","454576488","10434313387","1566318452","516565846","446379134","13845545","1948428","196007148","40376430","163855","854","1207669298","28396558","1392","1180219700","162421694","73570540","8386","1295307","49","0","0","0","0","0","0","10421782","5387098","588056","7099140","0","0","24784453","69029635","42","69937","4","102278472","157","29124","2873","11158","1272","23","14209815","32368449","427500","13327403","27692153","409786","927326","4865382","17713","231832","1216346","4428","74186","389231","1417","44915","189086","0","405","189","2","105","11","0","0","0","166277694","0","0","159958022","0","0","10076002","0","0","456197","0","0","788931","0","0","1273859","0","0","349883","0","0","4042440","0","0","23","0","0","354823745","0","0","384595889","0","0","0","0","0","511118","0","0","0","0","16850","0","0","40889","0","0","30907159","0","0","1","76455","1124185","73905","984313","2550","142433","204","11395","0","2562","0","3","187826928","0","173718029","0","17761339","0","1420907","0","3652441","0","43","0","0","0","0","0","0","0","0","0","0","0","0","0","0","0","0","0","0","0","0","0","0","0","0","0","0","0","0","0","118682596","81716771","0","102959160","70494989","0","778808","0","0","19367301","11221782","968365","897743","0","0","581019","0","3292441","1907703","0","4422673","0","0","30","0","0","0","0","0","0","0","0","0","0","0","0","0","0","0","0","0","0","0","13472328","12636908","32621","811441","8642","64915","4","6","0","0","0","0","0","0","0","61183807","62447428","25929611","24894396","150738","179000","801710","2842526","124650947","61444989","0","29362947","3431272","0","866983","0","0","0","312712","0","123618","0","0","0","0","0","0","0","0","229337","0","14796","0","0","0","0","0","2946667","724175","376423","1","84396","5","0","0","532","18391420","103185434","0","0","0","0","0","0","0","0","0","0","0","0","0","0","487282","14","3702","2","0","0","0","906167","2","113271","9421","1","1178","1087534","3","271883","0","0","0","36155928","4","6025988","0","0","0","0","0","0","0","0","731","3","0","0","0","0","0","0","0","0","0","0","0","0","0","0","143657","4","35914","306610","18","1030238","16","398274","37","812657","80","210566","3","86578","26","21645","2550784","62","2891773","125","152309","39","69336","17","268312","14","67078","71538","8","1203947","130","0","0","0","0","0","0","54704","5","108231","5","0","0","412120984","13178","12241989","41","0","0","0","0","0","0","1648525","4","412131","69","1","17","1247","1","156","0","0","0","7696","1","962","1650510","77","206314","149163","3","24861","0","0","0","0","0","0","0","0","0","38325","1","0","0","1310172","1","0","0","0","0","0","0","0","0","0","0","0","0","647","1","0","0","1994539","38","12500","1","0","0","14573668","6","0","0","659409","4","1280","1","0","0","0","0","23498746","44","73665112","11","45441","4","0","0","4021","1","0","0","245605","8","0","0","0","0","1824333","49","77712","8","23425823","250","0","0","34720","1","0","0","3225320","25","3892670","31","1244680","38","70592","7","224195","36","0","0","23679","6","0","0","1224","7","42306","17","5260","4","0","0","0","0","63605","4","0","0","1212","1","0","0","35","1","0","0","51097","2","0","0","0","0","8284","2","0","0","0","0","0","0","0","0","0","0","0","0","0","0","742854","24","0","0","226545","3","0","0","1004638","130","302","2","4445671","1","3370","2","0","0","17637","2","0","0","0","0","0","0","1572566","0","4675686","0","1572566","0","16014","0","1547754","0","0","381399","0","1135147","0","0","0","64","3","42"
"Республика Тыва","57492908","10890338","5265432","2609354","46123132","14765286","6953447","3516966","5751","425","0","0","0","0","9687512","16004","10","9671508","4782135","773717","0","0","0","0","0","0","0","0","0","216471","10320","17523","4001","0","0","0","0","0","0","0","4001","0","316","48","96","8","670","354937","305804","0","354937","294027","0","0","11778","0","0","2944","0","0","942","0","0","0","0","52","15","0","0","0","0","0","2557195","0","0","3312861","0","0","0","0","0","0","0","0","0","0","0","0","0","0","0","0","0","755667","0","0","1","0","0","0","0","0","0","0","0","0","0","0","0","0","0","0","0","0","0","0","0","0","0","0","0","0","0","0","0","0","0","0","0","0","0","0","0","0","0","0","0","0","0","0","0","0","0","0","0","0","0","0","0","0","0","0","0","0","0","0","0","0","0","0","0","0","0","0","0","0","0","0","0","0","0","0","0","0","0","0","0","0","0","0","0","0","0","0","0","0","0","0","0","0","0","0","0","0","0","0","0","0","0","0","0","0","0","0","0","0","0","0","0","0","0","0","0","0","0","0","0","0","0","0","0","0","0","0","0","0","0","0","0","0","0","0","0","0","0","0","0","0","0","0","0","0","0","0","0","0","0","0","0","0","0","0","0","0","0","0","0","0","0","0","0","0","0","0","0","0","0","0","0","0","2400000","0","0","0","0","0","0","0","0","3","12146","72986","0","0","0","0","0","0","0","0","0","0","0","0","0","0","0","0","0","0","0","0","0","0","0","0","0","0","0","0","0","0","0","0","0","0","0","0","0","0","0","0","0","0","0","0","0","0","0","0","0","0","0","0","0","0","0","0","0","0","0","0","0","0","0","14052","2","0","0","754","1","4660","2","0","0","0","0","0","0","0","3453","1","0","0","0","0","0","0","0","0","0","2279","1","0","0","0","0","0","0","0","0","0","0","0","0","2801856","64","136614","1","0","0","0","0","0","0","0","0","0","0","0","0","0","0","0","0","0","0","0","0","0","0","0","0","0","0","0","0","0","0","0","0","0","0","0","0","0","0","0","0","0","0","0","0","0","0","0","0","0","0","0","0","0","0","0","0","0","0","2402","1","0","0","0","0","0","0","0","0","0","0","0","0","0","0","0","0","0","0","0","0","0","0","0","0","0","0","0","0","0","0","0","0","0","0","7","1","0","0","0","0","0","0","0","0","0","0","60604","1","0","0","0","0","0","0","0","0","0","0","0","0","0","0","0","0","665","1","0","0","0","0","0","0","0","0","0","0","0","0","0","0","0","0","0","0","0","0","0","0","0","0","239","1","0","0","0","0","0","0","0","0","0","0","0","0","0","0","0","0","0","0","0","0","0","0","0","0","0","0","0","0","0","0","0","0","0","0","0","0","0","0","0","0","0","0","0","0","0","0","0","0","0","0","0","0","0","0","0","0","0","0","0","0"
"Удмуртская Республика","1968185039","85856563","128939762","6243143","1796767397","90652599","97243995","14122745","355106","1343833","14010436","1710506","997","3","189486548","4939954","342","184546596","13042314","14763692","5798","147734","11","150893","0","1170857","0","13","0","1971438","1375429","22491","1234989","0","0","0","0","0","0","0","2704473","0","7701","848","2587","274","49","2055347","12605053","101340","1763501","11198293","99062","293796","1462485","2278","73449","365621","569","23504","116999","182","1950","55726","0","185","89","2","3","5","0","0","0","13254135","0","0","12022747","0","0","1548626","0","0","92190","0","0","135050","0","0","159917","0","0","31700","0","0","405111","0","0","11","0","0","0","0","0","0","0","0","0","0","0","0","0","0","0","0","0","0","0","0","0","0","0","0","0","0","852258","691525","713639","626409","140320","65116","11226","5209","1702","0","1","0","40837015","0","38608996","0","3547673","0","283814","0","1319654","0","6","0","0","0","0","0","0","0","0","0","0","0","0","0","0","0","0","0","0","0","0","0","0","0","0","0","0","0","0","0","16775466","12104060","0","10554828","10375072","0","17821","0","0","6341694","1728988","317085","138319","0","0","190251","0","1078088","293928","0","138877","0","0","4","0","0","24854392","0","21457532","0","0","0","3412232","0","272979","0","4322","0","575757","0","15372","0","1","80546","90803","0","134","10392","11","4","1","0","0","0","0","0","0","0","11122310","10735869","1489095","1468537","0","0","23168","294051","20791459","959181","0","1991494","5194","0","422","0","0","0","263","0","0","0","0","0","0","0","0","0","0","0","0","0","0","0","0","0","0","0","0","211","1","162338","7","0","0","179","928771","11630099","0","0","0","0","0","0","0","0","0","0","0","0","0","0","8909","5","0","0","0","0","0","0","0","0","0","0","0","19754","1","4939","0","0","0","1109","1","185","0","0","0","0","0","0","0","0","2899","4","0","0","0","268187","1","0","0","0","0","0","0","0","0","0","39805","3","9951","19542","5","499","1","21413","11","235953","33","0","0","0","0","0","274278","11","290316","30","20221","20","49886","17","65542","9","16386","0","0","247531","40","0","0","0","0","0","0","0","0","328118","1","0","0","39571124","3264","372526","15","54","1","13","0","0","0","166691","3","41673","0","0","0","2235","1","279","0","0","0","0","0","0","38480","20","4810","0","0","0","0","0","0","0","0","0","0","0","0","0","0","0","0","0","0","0","0","0","0","0","0","0","0","0","0","0","0","0","0","0","0","229135","52","0","0","0","0","2160515","4","0","0","0","0","0","0","162565","1","0","0","5671776","7","26","1","0","0","0","0","0","0","0","0","5518","1","0","0","0","0","652493","13","46651","8","112907","123","0","0","2671","14","0","0","342614","13","1471990","46","293546","94","26109","3","20717","40","0","0","2998","1","3291","1","1368","4","35228","12","1961","2","0","0","0","0","9811","4","143","2","0","0","0","0","0","0","0","0","0","0","0","0","0","0","0","0","0","0","0","0","0","0","0","0","0","0","0","0","0","0","27692","31","0","0","67807","3","0","0","8447","9","0","0","80577","1","2383","3","27366","2","11","1","0","0","0","0","0","0","0","0","4815","0","0","0","0","0","0","0","0","0","0","0","0","0","0","8","0","7"
"Республика Хакасия","362335584","114632979","27095887","5511185","339459565","124753608","28751863","15223257","51835","39811","695032","500081","1599","0","20578211","605982","67","19972229","20292971","1597654","69","121459","7","0","0","0","0","0","0","256061","105643","641","151495","0","0","0","0","0","0","0","272954","347","1236","168","889","32","14","874028","2017861","42468","737719","1900147","38805","136309","123995","3664","34077","30999","916","10905","9920","293","0","6281","0","92","22","2","0","2","0","5376285","0","0","5293268","0","0","83017","0","0","0","0","0","8302","0","0","12453","0","0","6641","0","0","0","0","0","0","0","0","0","0","0","0","0","0","0","0","0","0","0","0","0","0","0","0","0","0","0","0","0","0","0","0","0","0","0","318","0","318","0","0","0","0","0","0","0","0","1044391","0","973951","0","74265","0","5941","0","3825","0","1","0","0","0","0","0","0","0","0","0","0","0","0","0","0","0","0","0","0","0","0","0","0","0","0","0","0","0","0","0","0","0","0","0","0","0","0","0","0","0","0","0","0","0","0","0","0","0","0","0","0","0","0","0","0","0","0","0","0","0","0","0","0","0","0","0","0","0","0","0","0","0","0","29173654","27584334","0","1589319","0","127146","0","0","0","0","0","0","0","0","0","0","0","16414","15834","127","127","2964","0","24002129","30946","0","91786","0","0","0","0","0","0","0","0","0","0","0","0","0","0","0","0","0","0","0","0","0","0","0","0","0","0","0","90358","1","0","0","0","0","42","248079","2212534","0","0","0","0","0","0","0","0","0","0","0","0","0","0","488493","1","0","0","0","0","0","0","0","0","0","0","0","0","0","0","0","0","0","0","0","0","0","0","0","0","0","0","0","0","885","2","66207","2","8276","0","0","0","0","0","0","0","0","0","0","0","55659","7","13915","118310","6","144436","1","22455","9","31673","8","540","1","0","0","0","0","0","50841","7","975","4","54934","1","5192","2","1298","0","0","24554","7","0","0","0","0","0","0","0","0","0","0","0","0","10365270","479","0","0","0","0","0","0","0","0","354087","3","88522","0","0","0","0","0","0","0","0","0","0","0","0","2495","5","312","0","0","0","0","0","0","0","0","0","0","0","0","0","0","0","0","0","0","0","0","0","0","0","0","0","0","0","0","0","0","0","0","0","0","55510","10","250","1","0","0","0","0","0","0","5750","1","0","0","0","0","0","0","4968022","7","34817","1","1811","2","0","0","0","0","0","0","2916","1","0","0","0","0","10958","13","1771","4","147043","42","0","0","150590","18","0","0","191176","11","341685","8","5226554","98","41615","2","27007","3","0","0","9691","1","0","0","8508","3","3762","8","3304","1","0","0","0","0","149","1","108","1","110","1","0","0","0","0","0","0","0","0","0","0","0","0","1302","1","0","0","0","0","0","0","0","0","0","0","0","0","0","0","1943","6","0","0","87921","3","0","0","5797","3","0","0","0","0","1224","4","0","0","0","0","0","0","0","0","0","0","0","0","0","0","0","0","0","0","0","0","0","0","0","0","0","0","0","0","0","0"
"Чеченская Республика","883993865","94442153","56148092","5259886","878998484","97781012","29836173","14802606","830626","286200","8910000","16794","0","0","23358727","1379810","93","21978918","12612175","1757228","14734","0","0","0","0","0","0","0","0","394536","141326","1828","344952","0","0","957","2711","1","0","0","348620","0","1841","156","1535","455","7","1973085","769701","6508","1911025","654112","6508","62061","115590","0","15515","28897","0","4965","9247","0","1","0","0","129","19","2","1","0","0","0","0","0","0","0","0","0","0","0","0","0","0","0","0","0","0","0","0","0","0","0","0","0","0","0","0","0","0","0","0","0","0","0","0","0","0","0","0","0","0","0","0","0","0","0","0","0","0","0","0","0","0","0","0","0","0","0","0","0","0","0","0","0","0","0","6431244","0","6031113","0","635959","0","50877","0","235829","0","3","0","0","0","0","0","0","0","0","0","0","0","0","0","0","0","0","0","0","0","0","0","0","0","0","0","0","0","0","0","5521","0","0","5501","0","0","0","0","0","19","0","1","0","0","0","1","0","3","0","0","0","0","0","0","0","0","0","0","0","0","0","0","0","0","0","0","0","0","0","0","0","0","0","389574","391747","0","3725","5898","298","1","0","0","0","0","0","0","0","0","0","0","0","0","0","0","0","0","1031761","0","0","8877401","0","0","0","0","0","0","0","0","0","0","0","0","0","0","0","0","0","0","0","0","0","0","0","0","0","0","0","0","0","5925","1","0","0","9","14948","128196","0","0","0","0","0","0","0","0","0","0","0","0","0","0","0","0","0","0","0","0","0","0","0","0","0","0","0","0","0","0","0","0","0","0","0","0","0","0","0","0","0","0","0","0","0","0","0","0","0","0","0","0","0","0","0","0","0","0","0","0","0","0","0","0","0","0","0","0","0","1414","1","0","0","0","0","0","111768","1","3559","1","528","1","1089","1","0","0","0","0","0","7787","1","0","0","0","0","0","0","0","0","3018","1","0","0","14070867","703","24253","1","0","0","0","0","0","0","0","0","0","0","0","0","0","0","0","0","0","0","0","0","0","132","2","17","0","0","0","0","0","0","0","0","0","0","0","0","0","0","0","0","0","0","0","0","0","0","0","0","0","0","0","0","0","0","0","0","0","0","0","0","0","0","0","0","0","0","0","0","0","0","0","0","0","0","0","0","245934","1","0","0","0","0","0","0","0","0","0","0","0","0","0","0","0","0","16003","2","0","0","2","1","0","0","0","0","0","0","97616","1","0","0","0","0","0","0","0","0","0","0","0","0","0","0","0","0","25403","1","0","0","0","0","0","0","0","0","0","0","0","0","0","0","0","0","0","0","0","0","0","0","0","0","0","0","0","0","0","0","0","0","0","0","0","0","0","0","0","0","622","1","0","0","0","0","0","0","0","0","0","0","0","0","0","0","0","0","0","0","0","0","0","0","0","0","0","0","399","0","0","0","0","0","0","0","0","0","0","0","0","0","0","3","0","2"
"Чувашская Республика","1007556826","108068228","44763966","9950904","845108388","111452016","25372701","13626838","288610","29561","5200396","2926840","30756","372877","177857322","838383","193","177018940","10304789","14071564","38","9480","5","0","0","550","0","1","0","2748536","320776","7093","209596","0","0","89586","253827","1","0","0","563039","0","4187","323","1222","196","330","3503731","7051822","0","3477296","6274547","0","26435","777275","0","6609","194319","0","2115","62182","0","0","0","0","233","54","0","0","0","0","0","0","2468413","0","0","1973410","0","0","495004","0","0","0","0","0","25613","0","0","98138","0","0","39600","0","0","0","0","0","0","0","0","5278359","0","0","4990773","0","0","0","0","0","364737","0","0","0","0","0","0","0","29179","0","0","77151","0","0","1","142677","2","140677","1","2000","1","160","0","0","0","0","0","3026307","0","2511505","0","525360","0","42029","0","10557","0","2","0","0","0","0","0","0","0","0","0","0","0","0","0","0","0","0","0","0","0","0","0","0","0","0","0","0","0","0","0","7257599","40248","0","4988926","37778","0","0","0","0","2296712","2470","114836","198","0","0","68901","0","390441","420","0","28039","0","0","1","0","0","0","0","0","0","0","0","0","0","0","0","0","0","0","0","0","0","0","34418","41555","0","0","7137","0","3","1","0","0","0","0","0","0","0","144064","74488","1411445","1396419","944904","855934","960162","0","11882589","1557474","0","4280036","0","0","82981","0","0","0","29","0","0","0","0","0","0","0","0","0","0","171940","0","0","0","0","0","0","0","0","0","124139","1","0","0","0","0","109","237691","2272313","0","0","0","0","0","0","0","0","0","0","0","0","0","0","0","0","0","0","0","0","0","0","0","0","0","0","0","0","0","0","0","0","0","232811","2","38802","0","0","0","0","0","0","0","0","0","0","0","0","0","0","0","0","0","0","0","0","0","0","0","0","7148","1","1787","17741","6","7090","3","312710","7","23631","13","0","0","0","0","0","0","0","11563","8","3637","3","352","2","0","1","0","0","0","10635","13","0","0","0","0","0","0","0","0","0","0","0","0","16071762","1970","6623","5","0","0","0","0","0","0","0","0","0","0","0","0","0","0","0","0","0","0","0","0","0","9586","11","1198","0","0","0","0","0","0","0","0","0","0","0","0","0","0","0","0","0","0","0","0","0","0","0","0","0","0","0","0","0","0","0","0","0","0","226883","13","0","0","0","0","4635187","3","0","0","0","0","0","0","0","0","0","0","1839116","1","0","0","989","2","0","0","0","0","0","0","0","0","0","0","0","0","187862","61","5539","3","223243","20","1805620","2","0","0","0","0","63255","1","287999","7","5923","4","0","0","4313","3","0","0","320154","2","0","0","3142","9","22366","20","3134","8","0","0","0","0","0","0","41022","2","0","0","0","0","0","0","0","0","0","0","0","0","0","0","0","0","0","0","0","0","0","0","0","0","0","0","0","0","0","0","0","0","0","0","0","0","0","0","16427","106","0","0","0","0","243","1","6210","2","0","0","0","0","0","0","0","0","0","0","478","0","0","0","0","0","0","0","0","0","0","0","0","0","0","5","0","5"
"Алтайский край","1895927531","151178514","107564633","11108102","1755705432","159608458","71821671","18830632","200553","75980","26014301","1302113","87","0","150152505","1470338","340","148682173","17378605","11891022","0","24292","6","0","0","0","0","0","0","1639134","769951","24867","367584","0","0","2277","1707","4","0","0","395860","0","8884","889","3836","219","48","2488641","8914323","0","2421488","7958888","0","67152","1007289","0","16788","251822","0","5372","80583","0","0","51854","0","168","88","0","0","4","0","0","0","5203781","0","0","4896669","0","0","457171","0","0","697","0","0","23903","0","0","89693","0","0","35877","0","0","158767","0","0","3","0","0","0","0","0","0","0","0","0","0","0","0","0","0","0","0","0","0","0","0","0","0","0","0","0","0","110881","122487","113283","121390","0","1098","0","88","2402","0","1","0","87039601","0","73316737","0","15510213","0","1240817","0","1787349","0","34","0","0","0","0","0","0","0","0","0","0","0","0","0","0","0","0","0","0","0","0","0","0","0","0","0","0","0","0","0","2199652","362342","0","1903094","276447","0","4391","0","0","295460","85896","14773","6872","0","0","8864","0","50228","14602","0","3292","0","0","2","0","0","0","0","0","0","0","0","0","0","0","0","0","0","0","0","0","0","0","213654","189623","0","32616","8585","2609","3","1","0","0","0","0","0","0","0","12731990","13182274","307353","312941","0","87488","1280","140679","52163631","447616","0","3695100","2115","0","5864","0","0","0","7175","0","0","0","0","0","0","0","0","0","0","0","0","0","0","0","0","0","0","0","0","0","0","0","0","0","0","154","474269","4381203","0","0","0","0","0","0","0","0","0","0","0","0","0","0","259303","2","0","0","0","0","0","0","0","0","0","0","0","3534","1","883","0","0","0","0","0","0","0","0","0","0","0","0","0","0","709","2","6573","1","822","0","0","0","0","0","0","0","0","0","0","0","0","0","0","125856","6","140302","5","65126","9","48580","18","0","0","0","0","0","3891","1","146297","11","189","1","794","2","1592","2","398","2887","2","57006","18","0","0","0","0","0","0","0","0","0","0","0","0","37972150","3922","1134270","18","0","0","0","0","0","0","0","0","0","0","0","0","0","0","0","0","0","0","0","0","0","23860","22","2983","0","0","0","0","0","0","0","0","0","0","0","0","0","0","0","0","0","0","0","0","0","0","0","0","0","0","0","0","0","0","0","0","0","0","124863","35","0","0","0","0","7884887","7","0","0","72500","1","0","0","0","0","0","0","23457444","43","16145","5","3558623","1","0","0","0","0","0","0","0","0","0","0","0","0","174315","36","121084","13","141282","121","0","0","35271","9","0","0","151482","4","374459","13","319351","12","11512","9","833","7","0","0","138275","4","0","0","0","0","1539","2","31473","3","0","0","0","0","13755","3","59955","1","0","0","0","0","0","0","0","0","0","0","0","0","0","0","1232","1","0","0","0","0","0","0","0","0","0","0","0","0","0","0","0","0","0","0","38050","2","0","0","6323","35","0","0","0","0","0","0","6572","4","46","1","0","0","0","0","0","0","22124","0","647701","0","15487","0","0","0","15487","0","0","3872","0","0","0","3872","0","9","0","11"
"Краснодарский край","7466800241","4575064561","697964772","663684113","6777102969","4737738054","643254940","685033493","1644239","1128732","42676698","132600973","0","0","703953509","18310282","1526","685644319","312794151","55847372","85029","28838","9","1078888","0","4717092","0","57","0","7318129","4709173","141100","4577571","0","0","96563","24875","1","0","0","10523827","16746","19835","4490","9118","1085","257","9387460","54012842","1002823","8830309","44887867","834924","575914","9522643","167898","143979","2380661","41975","46073","761810","13432","19644","527420","0","1020","289","2","25","22","0","0","0","0","0","0","0","0","0","0","0","0","0","0","0","0","0","0","0","0","0","0","0","0","0","0","0","0","0","0","0","0","0","0","0","0","0","0","0","0","0","0","0","0","0","0","0","0","0","0","0","0","0","0","2434138","1145382","1910326","970634","528292","178854","42263","14308","4481","4106","4","1","187682484","0","164537500","0","32677737","0","2614219","0","9532753","0","65","0","0","0","0","0","0","0","0","0","0","0","0","0","0","0","0","0","0","0","0","0","0","0","0","0","0","0","0","0","39799321","1238516","0","33179256","1125448","0","8305","2352","0","6869062","110715","343454","8857","0","0","206073","0","1167741","18822","0","257267","0","0","7","0","0","0","0","0","0","0","0","0","0","0","0","0","0","0","0","0","0","0","16904804","7996566","0","8972220","63983","383024","17","7","0","0","0","0","0","0","0","572047554","573202109","23329414","23187061","17297995","14822524","3692180","1051220","206853274","16862910","0","13981404","57623683","0","322249","0","0","16503820","40984591","0","100000","0","0","0","27379880","0","3413758","0","0","120000","0","108486","0","0","0","0","0","16438514","17368958","10216","1","4972","2","0","0","381","9947473","56143474","0","0","0","0","0","0","0","0","0","0","0","0","0","0","366173","5","1305","1","0","0","0","0","0","0","0","0","0","129272","5","32318","0","0","0","1198101","1","199683","0","0","0","0","0","0","44657","2","238111","11","249172","2","31147","0","0","0","0","0","0","0","0","0","0","0","125246","8","31311","83540","19","60375","10","121805","30","163738","44","0","0","1337","2","334","2096099","18","889191","46","153003","30","14823","7","245223","7","61305","10899","1","385688","63","0","0","0","0","0","0","31094","4","356569","7","0","0","185072334","10927","5067163","25","0","0","0","0","0","0","316354","6","79089","15545","3","3887","4449","2","556","81","1","10","9157","1","1145","279838","74","34977","0","0","0","0","0","0","0","0","0","0","0","0","1664042","5","0","0","715494","2","0","0","0","0","0","0","0","0","0","0","0","0","0","0","0","0","706462","35","1365","1","0","0","14837834","9","0","0","0","0","0","0","0","0","0","0","21134247","36","181768","4","67723","27","0","0","0","0","0","0","302706","2","279","1","13795","1","449984","117","68164","6","7937773","559","1476","1","89","1","0","0","558094","8","3086345","109","1101189","129","10767","10","175071","42","0","0","335135","3","0","0","307","2","52074","16","212599","28","0","0","0","0","319","4","50","1","2568","6","0","0","0","0","0","0","7231","1","173","1","0","0","9027","4","0","0","0","0","0","0","0","0","0","0","0","0","0","0","46694","9","0","0","87652","20","0","0","37368","68","0","0","0","0","24730","8","0","0","1527","3","0","0","0","0","0","0","19520","0","281566","0","5131","0","0","0","2977","0","0","744","0","744","0","0","0","71","10","34"
"Красноярский край","5877358918","914546431","650507634","131950407","4717617901","988538639","685792561","129739144","1144538","1124262","326724452","55973343","127605","1522","798885505","14170360","630","784715145","126623392","62777212","2184","2470881","24","1434","0","4781","0","1","0","6893680","3385532","64149","3542590","0","0","2325","6587","1","0","0","6028598","221","12206","1775","5289","510","87","3435364","19115529","771538","3338519","16245387","772045","103412","2975837","0","25852","743959","0","8273","238067","0","6565","105694","507","670","122","1","9","14","1","72409565","14411179","1829558","64623763","1530971","1612778","10230008","12880208","217833","0","0","0","511500","2189635","10892","2046002","1030417","43567","818401","1030417","17427","2444206","0","1053","1","0","2","0","0","0","0","0","0","0","0","0","0","0","0","0","0","0","0","0","0","0","0","0","0","0","0","0","0","1392617","881562","1331873","855057","66800","44502","5344","3560","6056","17997","7","0","60230135","0","57185337","0","6036026","0","482882","0","2991228","0","12","0","6706738","0","0","40918252","0","0","0","0","0","2875094","0","0","86253","0","0","488766","0","0","0","0","0","34200391","0","0","3","0","0","0","9180018","17779566","0","7766390","16749589","0","5207","0","0","1408421","1029977","70422","82398","0","0","42252","0","239431","175096","0","0","0","0","0","0","0","0","0","0","0","0","0","0","0","0","0","0","0","0","0","0","0","0","65447489","47079027","154857","18276406","62801","1462113","9","3","0","0","0","0","0","0","0","34593967","35677614","9070416","8929843","138066","12848212","144355","1325489","359155871","2821052","74900000","6064961","9414646","0","37966","0","0","0","9402058","0","94394","60929","0","0","129450","0","0","70000","0","0","0","46649","0","0","17738","275384","0","1000963","9239354","568511","2","30180","1","0","0","255","8288325","89917674","0","0","0","0","0","0","0","0","0","0","0","0","0","0","2301012","9","7662257","3","0","0","0","0","0","0","0","0","0","1334386","6","333597","0","0","0","4916387","2","819398","33502","1","5584","0","0","0","0","0","2758","1","420608","3","52576","661389","2","575536","3","143884","0","0","0","0","0","0","1285060","42","321265","1999766","43","483227","8","213825","48","1337593","74","790","1","0","0","0","1048033","16","2815277","62","112702","37","462853","23","260115","28","65029","180","1","2735777","67","0","0","0","0","0","0","31241","7","201928","3","0","0","250852996","5742","713117","15","0","0","0","21103","2","5276","12218033","13","3054508","0","0","0","63271","3","7909","0","0","0","0","0","0","1134035","53","141754","138828","2","23138","0","0","0","0","0","0","0","0","0","0","0","0","0","442370","1","0","0","0","0","0","0","0","0","0","0","0","0","0","0","0","0","1378149","100","0","0","2000","1","11428842","3","0","0","176478","3","0","0","2249814","2","0","0","36922085","30","79922","3","13831129","3","0","0","0","0","0","0","1615","3","0","0","482","1","528797","50","23313","11","2218032","343","0","0","3239","6","0","0","284936","11","3659710","93","296791","16","41025","4","45005","20","0","0","661529","5","0","0","39413","12","28444","20","276007","7","0","0","0","0","420","2","33","1","4500","1","0","0","0","0","0","0","501878","3","0","0","0","0","131599","1","0","0","0","0","0","0","0","0","0","0","0","0","0","0","76623","47","0","0","306971","27","0","0","44948","31","0","0","0","0","5169","3","0","0","26102","1","0","0","0","0","0","0","368253","0","75951345","20785","65689","0","0","0","65689","0","0","16422","0","15809","0","614","0","112","5","23"
"Приморский край","3822339049","602634773","618377092","483161180","3590581972","656560154","445818985","152955780","6413161","699282","128886877","367015415","14079","0","281916420","16002731","667","265913753","90023494","21486890","90","294","2","243373","0","1903209","0","15","0","4786842","1851080","84465","4000682","0","0","0","0","0","0","0","6147558","72441","8959","2269","4548","992","44","3777078","16116779","0","3547641","13882464","0","250743","2303018","0","62686","575754","0","20059","184241","0","21307","69467","0","313","87","0","5","12","0","344837","0","86682788","463666","0","120627327","0","0","3223720","0","0","45005","0","0","56256","0","0","704669","0","0","212893","118829","0","37293209","1","0","43","0","324329652","365472","0","278943670","447586","0","3108664","0","0","58887365","0","0","1193363","0","1491704","0","0","3517626","0","0","16671881","82114","0","217","1","157063","106066","141492","98327","15572","8664","1246","693","0","925","0","1","44957404","0","46610262","0","1905828","0","152466","0","3558687","0","13","0","0","0","0","0","0","0","0","0","0","0","0","0","0","0","0","0","0","0","0","0","0","0","0","0","0","0","0","0","11365654","0","0","9373375","0","0","50153","0","0","1954713","0","97736","0","0","0","58641","0","332301","0","0","12586","0","0","2","0","0","1310811","0","1268733","0","0","0","42078","0","3366","0","4208","0","2945","0","0","0","0","17767689","19134233","40","123521","1490105","9882","7","46","0","0","0","0","0","0","0","209576248","210149854","10299415","11419707","17584970","27345148","165234","725464","38949675","234409603","10903367","62669683","871048","208786","1057002","0","167","0","902481","0","969","0","0","0","0","0","0","0","0","0","0","0","0","0","0","0","2174445","0","2438872","0","0","0","0","0","0","153","1799503","17874314","0","0","0","0","0","0","0","0","0","0","0","0","0","0","11215","1","0","0","0","0","0","0","0","0","0","0","0","693","1","173","0","0","0","3497","1","583","0","0","0","0","0","0","14234","1","10406","4","37193","3","4649","0","0","0","0","0","0","0","0","0","0","0","15459","5","3865","47229","8","25286","4","55279","13","59587","16","0","0","0","0","0","197277","4","91856","20","18131","11","34377","4","0","0","0","1924","2","141214","23","0","0","0","0","0","0","0","0","32","2","0","0","115862585","4563","89960","3","0","0","0","208","1","52","1266","1","316","1078","1","269","0","0","0","51","1","6","0","0","0","41911","20","5239","39","1","7","0","0","0","0","0","0","0","0","0","14262764","19","0","0","1033498","1","0","0","0","0","0","0","0","0","0","0","0","0","0","0","0","0","689001","17","0","0","0","0","9268155","6","0","0","52615","2","0","0","0","0","0","0","11325989","15","0","0","6142906","2","0","0","0","0","0","0","458012","3","0","0","0","0","304372","47","262263","14","876233","45","0","0","0","0","0","0","528885","23","10661651","217","10259132","221","41685","6","112097","14","0","0","117574","8","0","0","522","4","59645","28","8138","8","0","0","0","0","41892","35","48456","2","39464","1","0","0","0","0","0","0","0","0","0","0","0","0","0","0","0","0","0","0","0","0","0","0","0","0","0","0","0","0","68466","9","0","0","19858","4","0","0","305502","54","0","0","1163341","1","0","0","0","0","515","1","0","0","0","0","0","0","111663","0","2503","0","39082","0","26055","0","13027","0","0","2605","0","0","0","2605","0","80","10","31"
"Ставропольский край","1562302449","277804084","108975008","27448794","1464019163","282503626","64638598","49565358","1570877","2493347","32253665","3649323","5349","0","111946997","3512973","324","108434024","23078521","8676086","2015","49210","9","112723","0","628458","0","2","0","1254682","1091098","44987","878243","0","0","0","0","0","0","0","1668634","0","6359","709","3520","581","30","2888895","12163340","1727532","2794410","9581494","1523533","95626","2596642","203452","23906","649160","50863","7650","207731","16276","1141","14801","0","279","90","3","2","4","0","0","0","48800905","0","0","45798639","0","0","2954388","0","0","127121","0","0","227170","0","0","384306","0","0","109230","0","0","115070","0","0","6","0","0","1892616","0","0","4688189","0","0","0","0","0","0","0","0","0","0","0","0","0","0","0","0","2795573","0","0","1","254523","174863","247296","168325","7227","6983","578","559","0","444","0","1","156658985","0","141545620","0","19512790","0","1561023","0","4399425","0","43","0","0","0","0","0","0","0","0","0","0","0","0","0","0","0","0","0","0","0","0","0","0","0","0","0","0","0","0","0","7045217","29924003","0","3539429","23426456","0","742","3","0","3505046","6497545","175252","519804","0","0","105151","0","595858","1104583","0","0","0","0","0","0","0","0","0","0","0","0","0","0","0","0","0","0","0","0","0","0","0","0","1314862","1598682","0","56325","340145","4506","9","1","0","0","0","0","0","0","0","749","636","29459498","24550493","0","0","4909005","0","11715106","18958114","0","966399","1359","0","9433","0","0","0","9433","0","195933","0","0","0","0","0","0","0","0","0","0","0","0","0","0","0","0","0","132466","0","0","24675","2","0","0","120","2430382","6573061","0","0","0","0","0","0","0","0","0","0","0","0","0","0","220091","2","29671","1","0","0","0","0","0","0","0","0","0","9584","2","2396","0","0","0","0","0","0","0","0","0","0","0","0","0","0","5119","2","1543","1","193","0","0","0","0","0","0","0","0","0","0","0","19186","4","4796","15804","10","0","0","90756","12","61304","18","60","1","61093","1","15273","415325","3","338288","24","12662","14","12931","3","112642","2","28161","2888","1","162517","24","0","0","0","0","0","0","12103","2","1322574","3","0","0","128307747","3135","785032","13","0","0","0","174","1","44","492851","3","123213","0","0","0","1939","1","242","0","0","0","0","0","0","36169","31","4521","15327","1","2555","0","0","0","0","0","0","0","0","0","0","0","0","0","0","0","0","0","0","0","0","0","0","0","0","0","0","0","0","0","0","0","1042681","14","2400","1","0","0","869335","1","0","0","0","0","0","0","0","0","0","0","14323551","18","3843","1","5088830","2","0","0","0","0","0","0","1049","2","0","0","0","0","206590","50","16434","2","854228","120","0","0","881","1","0","0","938908","8","1239721","18","8031","4","0","0","4953","6","0","0","88921","4","0","0","408","3","9287","13","8901","7","0","0","0","0","461","3","48372","1","292","1","0","0","0","0","0","0","0","0","0","0","0","0","7106","3","0","0","0","0","0","0","0","0","0","0","0","0","0","0","18075","5","0","0","15662","1","0","0","2219","6","0","0","58491","1","0","0","0","0","0","0","0","0","0","0","0","0","213973","0","21555","0","210420","0","139095","0","71325","0","0","17831","0","15868","0","1963","0","9","3","8"
"Хабаровский край","2029816636","499584623","162642520","43065854","1728851407","555094186","244968938","124658332","445789","308545","3308530","13031918","6528","1126","215772686","21901394","457","193871302","149826417","16183833","0","36365","4","0","0","4392","0","1","0","2323022","1126530","29960","5475348","0","0","0","0","0","0","0","5516105","0","5433","1406","2626","326","22","422439","11942752","149293","407290","10674487","149244","15149","1333023","49","3787","333256","12","1212","106642","4","0","64758","0","11","82","1","0","7","0","1092523","35174232","164590813","2097371","14491118","167523095","0","20683114","15382539","0","0","792563","0","3516129","990704","0","1654649","2060572","0","1654649","437242","1004848","0","18459032","1","0","24","0","24365920","0","0","15613112","0","0","26125","0","0","9855114","0","0","1704","0","2130","0","0","786257","0","0","1128431","0","0","6","0","22167","57493","21684","41240","483","16254","39","1300","0","0","0","0","639841","0","867821","0","135703","0","10856","0","363683","0","4","0","0","0","0","0","0","0","0","0","0","0","0","0","0","0","0","0","0","0","0","0","0","0","0","0","0","0","0","0","1574540","0","0","1315760","0","0","0","0","0","260805","0","13040","0","0","0","7824","0","44337","0","0","2025","0","0","2","0","0","0","0","0","0","0","0","0","0","0","0","0","0","0","0","0","0","0","4678","4930","0","47","298","4","1","8","0","0","0","0","0","0","0","3572","6439","5566547","17823626","9167","2020","9288","95344","76058969","838181","0","2073712","10118","0","670","0","0","10117","670","0","1","0","0","0","0","0","0","0","0","0","0","0","0","0","0","0","0","420117","0","0","0","0","0","0","0","122","4697972","16997347","0","0","0","0","0","0","0","0","0","0","0","0","0","0","13824","3","0","0","0","0","0","0","0","0","349","1","44","92394","1","23098","0","0","0","106914","1","17819","0","0","0","0","0","0","5158","1","3016","3","499765","2","62471","0","0","0","0","0","0","0","0","0","0","0","29720","6","7430","329333","10","5352","4","48815","16","244693","21","0","0","0","0","0","453840","5","330605","20","74758","13","44465","3","3602","1","900","60719","2","319656","28","0","0","0","0","0","0","0","0","383","1","0","0","71253366","2772","1224435","7","0","0","0","0","0","0","477331","3","119333","969","1","242","0","0","0","0","0","0","0","0","0","123888","26","15486","9576","1","1596","0","0","0","0","0","0","0","0","0","687758","1","0","0","0","0","0","0","0","0","0","0","0","0","0","0","0","0","0","0","0","0","394879","15","0","0","0","0","1092440","3","0","0","0","0","0","0","0","0","0","0","4671046","7","549365","1","2957433","5","0","0","0","0","0","0","0","0","293543","3","34","1","44316","12","92216","5","166615","47","0","0","500","1","0","0","539670","4","5305869","11","52914","4","2266","1","8599","3","0","0","40","1","0","0","671","5","15526","10","6383","2","0","0","0","0","160","2","0","0","0","0","0","0","0","0","0","0","0","0","0","0","0","0","895","1","0","0","0","0","0","0","0","0","0","0","0","0","0","0","4037","6","0","0","89034","4","0","0","6027","2","0","0","0","0","0","0","14274","2","6937","1","0","0","0","0","0","0","0","0","0","0","0","0","0","0","0","0","0","0","0","0","0","0","0","5","0","2"
"Забайкальский край","536307110","116072332","133136085","24810259","484933318","126511894","41425848","39813662","193835","77315","70389578","6191","0","0","72894786","4862249","208","68032537","25371840","5442138","0","9702","2","0","0","0","0","0","0","828623","565290","31526","1215562","0","0","0","0","0","0","0","1225264","0","1817","565","1770","127","47","952734","7879631","1014158","902301","6759435","943711","50481","1201600","91081","12620","300400","22770","4038","96128","7286","48","22239","20634","155","50","3","1","4","1","150896021","0","225855091","46898486","0","211886288","103997535","0","23925802","0","0","6054","12999692","0","642873","12999692","0","5332524","8319803","0","1908010","0","0","22930334","0","0","32","0","0","0","0","0","0","0","0","0","0","0","0","0","0","0","0","0","0","0","0","0","0","0","0","0","0","0","51740","0","50307","0","1433","0","115","0","0","0","0","2492024","0","3425202","0","2023","0","162","0","935201","0","5","0","0","0","0","0","0","0","0","0","0","0","0","0","0","0","0","0","0","0","0","0","0","0","0","0","0","0","0","0","0","0","0","0","0","0","0","0","0","0","0","0","0","0","0","0","0","0","0","0","0","0","0","0","0","0","0","0","0","0","0","0","0","0","0","0","0","0","0","0","0","0","0","417318","476585","0","1550","60816","124","1","1","0","0","0","0","0","0","0","169433","171017","1296243","1289743","0","0","6500","0","3620101","548654","0","424147","1200870","0","8487","0","1200000","0","8064","0","0","0","0","0","0","0","0","0","0","0","0","0","0","0","0","0","0","0","0","0","0","0","0","0","0","58","430859","9881155","0","0","0","0","0","0","0","0","0","0","0","0","0","0","15293","2","0","0","0","0","0","0","0","0","0","0","0","0","0","0","0","0","0","0","0","0","0","0","0","0","0","0","0","0","0","0","119246","1","14906","493474","1","0","0","0","0","0","0","0","0","0","17168","2","4292","141292","4","489","1","194","2","68517","5","0","0","0","0","0","801","1","121478","4","10490","2","41190","2","5921","1","1480","0","0","33462","3","0","0","0","0","0","0","0","0","113785","1","0","0","38279933","978","302334","3","0","0","0","200","1","50","204950","2","51237","0","0","0","8743","1","1093","0","0","0","0","0","0","91033","3","11379","0","0","0","0","0","0","0","0","0","0","0","0","0","0","0","0","0","0","0","0","0","0","0","0","0","0","0","0","0","0","0","0","0","0","12807","23","0","0","0","0","4481503","4","0","0","0","0","0","0","228570","1","0","0","5974499","7","0","0","1864","1","0","0","0","0","0","0","224094","6","0","0","0","0","1005608","6","224259","21","358057","39","0","0","265540","24","2070","2","601226","28","4228432","104","903414","81","104434","52","2693","5","0","0","177010","6","0","0","0","0","1178","1","410774","2","0","0","0","0","58434","4","0","0","0","0","0","0","0","0","0","0","0","0","0","0","0","0","0","0","0","0","0","0","0","0","0","0","0","0","0","0","0","0","223587","3","0","0","0","0","0","0","224489","87","0","0","118","1","0","0","0","0","0","0","0","0","0","0","0","0","0","0","26018","0","0","0","0","0","0","0","0","0","0","0","0","0","0","3","0","1"
"Амурская область","1118668031","94826771","1013288730","7719091","843993015","110337158","1119294232","30237788","143654","52477","7420264","15022","843","0","161392062","23866692","204","137525370","37989710","10997293","11109","426274","4","201547","0","1377141","0","5","0","2411590","1807385","3061","5966673","0","0","0","0","0","0","0","7971635","0","2349","720","1907","209","42","1267850","5001260","45675","1154835","4586416","44606","116033","442119","1069","29008","110530","267","9283","35370","86","3019","27275","0","136","44","3","2","4","0","0","0","100499707","0","0","162389496","0","0","932359","0","0","48561","0","0","61015","0","0","123514","0","0","26028","0","0","67734172","0","0","17","0","0","0","0","0","0","0","0","0","0","0","0","0","0","0","0","0","0","0","0","0","0","0","0","0","0","75525","84652","65655","76919","9870","18675","790","1494","0","10941","0","3","48940272","0","44453439","0","4923073","0","393846","0","436240","0","18","0","0","0","0","0","0","0","0","0","0","0","0","0","0","0","0","0","0","0","0","0","0","0","0","0","0","0","0","0","0","0","0","0","0","0","0","0","0","0","0","0","0","0","0","0","0","0","0","0","0","0","0","0","0","0","0","0","0","0","0","0","0","0","0","0","0","0","0","0","0","0","0","70588287","65672586","0","5654446","738744","430478","5","13","0","0","0","0","0","0","0","50071","47161","0","0","0","0","0","170000","4232778","633452","0","101247","13083865","0","0","0","0","0","0","0","0","0","0","0","0","0","0","0","0","0","0","0","0","0","0","0","0","13083865","20731","0","0","0","0","0","0","58","2801583","24949359","0","0","0","0","0","0","0","0","0","0","0","0","0","0","122786","4","357157","4","0","0","0","0","0","0","0","0","0","19092","2","4773","0","0","0","0","0","0","0","0","0","0","0","0","0","0","0","0","96498","4","12062","0","0","0","0","0","0","0","0","0","0","0","8163","1","2041","1779","1","1096020","10","15713","3","224081","12","0","0","0","0","0","61823","1","124321","3","956","2","0","0","31334","8","7833","101869","12","109787","12","0","0","0","0","0","0","0","0","3925","1","0","0","58055782","1398","705877","15","0","0","0","0","0","0","1639922","5","409980","0","0","0","0","0","0","0","0","0","0","0","0","64759","9","8095","0","0","0","0","0","0","0","0","0","0","0","0","0","0","0","0","0","0","0","0","0","0","0","0","0","0","0","0","0","0","0","0","0","0","218125","7","0","0","0","0","250490","1","0","0","0","0","0","0","0","0","0","0","167017","3","97898","1","0","0","0","0","0","0","0","0","0","0","0","0","0","0","1486825","6","200","1","74189","60","0","0","0","0","0","0","76236","1","16825","1","346528","18","1552","9","0","0","0","0","420049","2","0","0","0","0","414","1","22068","3","0","0","0","0","0","0","0","0","0","0","0","0","0","0","0","0","0","0","0","0","0","0","0","0","0","0","0","0","0","0","0","0","0","0","0","0","0","0","270","2","0","0","0","0","0","0","652","3","0","0","0","0","0","0","5521","1","10341","1","0","0","0","0","0","0","0","0","0","0","0","0","0","0","0","0","0","0","0","0","0","0","0","2","0","3"
"Архангельская область","681779593","268478404","56180124","16917863","624807311","279285785","57352744","44809987","100193","419412","683015","199302","1547","91","55215294","2116513","173","53098781","38479485","4247902","0","51017","4","0","0","46434","0","2","0","1337117","343035","25919","529128","0","0","0","0","0","0","0","626579","27980","2223","481","935","123","345","1013781","4173511","9385","935543","3470464","8470","79707","730496","916","19927","182624","229","6377","58440","73","1469","27449","0","148","46","3","2","8","0","0","0","0","0","0","0","0","0","0","0","0","0","0","0","0","0","0","0","0","0","0","0","0","0","0","0","0","0","0","0","0","0","0","0","0","0","0","0","0","0","0","0","0","0","0","0","0","0","0","0","0","0","0","766405","184279","738808","168318","29164","16160","2333","1293","1567","199","1","1","7391285","0","5974625","0","1508072","0","120646","0","91412","0","3","0","0","0","0","0","0","0","0","0","0","0","0","0","0","0","0","0","0","0","0","0","0","0","0","0","0","0","0","34855020","1030868","0","27288306","701532","0","25923","0","0","8184224","399873","0","19994","0","409211","654738","11996","982107","67978","0","643432","70538","0","14","1","0","0","0","0","0","0","0","0","0","0","0","0","0","0","0","0","0","0","0","13207","17704","0","0","4497","0","1","2","0","0","0","0","0","0","0","188284","190956","0","0","0","0","0","81767","4094792","997941","0","1442679","8","0","120","0","0","0","63","0","0","0","0","0","0","0","0","0","0","0","0","0","0","0","0","0","0","0","0","0","0","0","0","0","0","76","704478","6561108","0","0","0","0","0","0","0","0","0","0","0","0","0","0","267471","2","0","0","0","0","0","0","0","0","0","0","0","0","0","0","0","0","0","0","0","0","0","0","0","0","0","0","5577","1","2056","3","0","0","0","0","0","0","0","0","0","0","0","0","0","0","20801","4","5200","175933","4","1899","1","124330","8","508173","18","0","0","0","0","0","88510","4","237074","17","14751","9","1112","3","5135","2","1284","0","0","145744","24","0","0","0","0","0","0","0","0","0","0","0","0","38738667","1172","319887","3","0","0","0","0","0","0","5515","2","1379","4478","2","1120","0","0","0","0","0","0","0","0","0","16783","8","2098","1879","1","313","0","0","0","0","0","0","0","0","0","1141305","3","95729","1","0","0","0","0","0","0","0","0","0","0","0","0","0","0","0","0","0","0","237972","26","0","0","0","0","0","0","0","0","51200","2","0","0","0","0","0","0","5542426","11","2634","2","11025","3","0","0","0","0","0","0","356","1","1","1","0","0","47097","18","7192","3","603529","85","0","0","26357","4","0","0","760281","8","148790","13","311348","9","7306","1","17501","20","0","0","25833","4","0","0","0","0","3899","8","5301","2","0","0","0","0","51907","4","0","0","0","0","0","0","0","0","0","0","0","0","0","0","0","0","818","2","0","0","0","0","0","0","0","0","0","0","0","0","0","0","21435","42","0","0","310335","3","0","0","1433","12","0","0","0","0","3025","1","0","0","3781","2","0","0","0","0","0","0","0","0","74059","0","0","0","0","0","0","0","0","0","0","0","0","0","0","10","0","4"
"Астраханская область","311063981","97342766","12066860","4973178","292229845","107764914","9980602","11077585","116727","8334","28138","0","2","91","21014686","2142093","111","18872593","16518312","1491779","6","7847","2","0","0","0","0","0","0","359827","145702","12658","535523","0","0","18000","51001","2","0","0","612371","3014","1582","438","1250","136","14","2551816","3056548","898942","2313476","2696358","835733","243604","364682","63209","60901","91171","15802","19488","29175","5057","5264","4365","0","98","46","5","7","6","0","0","0","0","0","0","0","0","0","0","0","0","0","0","0","0","0","0","0","0","0","0","0","0","0","0","0","0","0","0","0","0","0","0","0","0","0","0","0","0","0","0","0","0","0","0","0","0","0","0","0","0","0","0","177377","260714","172591","213834","9276","46880","742","3750","4489","0","1","0","15167316","0","13836534","0","1617919","0","129433","0","287137","0","3","0","0","0","0","0","0","0","0","0","0","0","0","0","0","0","0","0","0","0","0","0","0","0","0","0","0","0","0","0","653218","0","0","532376","0","0","0","0","0","127430","0","6371","0","0","0","3823","0","21663","0","0","6588","0","0","1","0","0","0","0","0","0","0","0","0","0","0","0","0","0","0","0","0","0","0","11947483","7205193","0","4753840","11549","380307","3","0","253172897","123520714","0","129992870","50627093","340687","1","15292","15327","12600","6895","0","0","5705","0","30634567","6331","0","59493","51344","0","6036","0","0","0","8722","0","0","0","0","0","0","0","0","0","0","19767","0","0","0","0","0","0","0","0","29005","494117","1","0","0","0","0","24","229370","6016277","0","0","0","0","0","0","0","0","0","0","0","0","0","0","65472","2","0","0","0","0","0","0","0","0","0","0","0","0","0","0","0","0","0","0","0","0","6878","1","1146","19963928","1","3327321","0","0","50230","1","0","0","0","0","0","0","0","0","196586","1","16382","0","0","0","10954","3","2738","0","0","0","0","1369","4","14683","6","0","0","0","0","0","72138","4","225934","7","4137","6","0","0","68362","1","17091","0","0","112141","5","0","0","0","0","0","0","0","0","19246","1","0","0","25803568","814","40112","4","0","0","0","0","0","0","391365","2","97841","650","2","163","0","0","0","0","0","0","0","0","0","176384","6","22048","0","0","0","0","0","0","0","0","0","0","0","0","18873458","17","2902153","2","3200040","6","0","0","0","0","0","0","0","0","0","0","0","0","0","0","0","0","174308","10","0","0","0","0","663860","1","0","0","0","0","0","0","0","0","0","0","3162403","9","105","1","198","1","0","0","0","0","0","0","50","1","0","0","0","0","153538","26","34825","4","297003","78","0","0","0","0","0","0","62843","2","176573","5","4513","2","192","1","124452","6","0","0","114955","1","0","0","0","0","26332","11","44450","7","0","0","0","0","4003","2","0","0","0","0","0","0","0","0","0","0","0","0","0","0","0","0","0","0","0","0","0","0","0","0","0","0","0","0","0","0","0","0","8960","8","0","0","0","0","0","0","368","1","0","0","0","0","0","0","876","1","0","0","0","0","0","0","0","0","0","0","0","0","0","0","0","0","0","0","0","0","0","0","0","0","0","0","0","1"
"Белгородская область","2378967202","529718417","201696585","87589938","2147820242","529744226","186155622","115601748","368469","187217","24724655","3142203","18826","24","223420531","2866294","357","220554515","30984136","17551145","4647","203601","5","31","0","111","0","1","0","2191174","612321","42385","716574","0","0","90220","191719","14","0","0","1202256","320","7295","808","3419","142","68","2254917","5252082","0","2135882","4687787","0","121345","554589","0","30336","138647","0","9708","44367","0","2310","9472","0","219","41","0","3","2","0","0","0","14505016","0","0","11163563","0","0","3243977","0","0","2056","0","0","163484","0","0","645455","0","0","257462","0","0","13532","0","0","2","0","0","0","0","0","0","0","0","0","0","0","0","0","0","0","0","0","0","0","0","0","0","0","0","0","0","22840","14698","15344","12638","7496","2060","600","165","0","0","0","0","348546327","0","295102030","0","56554387","0","4524351","0","3110090","0","26","0","0","0","0","0","0","0","0","0","0","0","0","0","0","0","0","0","0","0","0","0","0","0","0","0","0","0","0","0","17619703","0","0","15370441","0","0","2382","0","0","2248215","0","112411","0","0","0","67446","0","382197","0","0","1336","0","0","1","0","0","0","0","0","0","0","0","0","0","0","0","0","0","0","0","0","0","0","339864","331759","0","28181","20076","2254","9","4","0","0","0","0","0","0","0","3941987","3736070","6947011","6974447","2225430","0","1619330","7095","136241680","722976","0","4446962","275256","0","206331","0","0","0","100064","0","0","0","0","0","0","0","0","296897","0","0","0","0","0","0","0","0","0","0","181520","0","0","778","2","0","0","157","1367037","12494506","0","0","0","0","0","0","0","0","0","0","0","0","0","0","527335","1","0","0","0","0","0","0","0","0","0","0","0","65078","2","16270","0","0","0","809512","2","134919","0","0","0","0","0","0","0","0","48","1","785138","2","98142","0","0","0","0","0","0","0","0","0","0","0","26846","3","6711","73328","5","10653","3","241808","8","155075","12","6","1","0","0","0","0","0","463575","17","27118","3","135257","2","8405","2","2101","0","0","77679","17","0","0","0","0","0","0","0","0","151488","2","0","0","51502729","3519","7678546","8","0","0","0","0","0","0","319421","4","79855","0","0","0","558090","1","69761","0","0","0","0","0","0","75465","28","9433","0","0","0","0","0","0","0","0","0","0","0","0","0","0","0","0","0","0","0","0","0","0","0","0","0","0","0","0","0","0","0","0","0","0","625003","42","0","0","0","0","413246","2","0","0","0","0","0","0","0","0","0","0","635886","4","0","0","0","0","0","0","0","0","0","0","47623","3","0","0","2760","2","154745","55","5961","3","450986","76","0","0","0","0","0","0","94314","5","240994","21","19671","11","467","1","1119868","8","0","0","43526","1","0","0","0","0","6648","6","12252","6","0","0","0","0","6295","3","0","0","326248","16","0","0","0","0","0","0","0","0","0","0","500","1","3665","1","0","0","0","0","0","0","0","0","0","0","0","0","0","0","160342","117","0","0","0","0","0","0","0","0","0","0","582637","5","3193","2","0","0","100","1","0","0","0","0","0","0","0","0","2265090","0","0","0","0","0","0","0","0","0","0","0","0","0","0","17","0","12"
"Брянская область","913992634","48643482","84995559","3554524","831001831","54666473","62954133","7883918","334792","778494","24799490","52","68","0","81024819","2317701","190","78707118","9573804","7545943","6336","3035","2","119340","0","887691","0","13","0","955142","1401322","4291","579425","0","0","0","0","0","0","0","1589491","3615","3406","348","1901","244","16","1340796","5771951","0","1181505","4518137","0","159291","1276692","0","39823","319173","0","12743","102135","0","0","22878","0","123","61","0","0","2","0","0","0","0","0","0","0","0","0","0","0","0","0","0","0","0","0","0","0","0","0","0","0","0","0","0","0","0","0","0","0","0","0","0","0","0","0","0","0","0","0","0","0","0","0","0","0","0","0","0","0","0","0","0","259441","92675","244037","91929","15404","747","1232","60","0","0","0","0","123333337","0","104666143","0","18692411","0","1495393","0","25217","0","2","0","0","0","0","0","0","0","0","0","0","0","0","0","0","0","0","0","0","0","0","0","0","0","0","0","0","0","0","0","755330","17817597","0","640283","14340557","0","202","107435","0","114845","3454246","5742","276340","0","0","3445","0","19524","587222","0","0","84641","0","0","1","0","0","0","0","0","0","0","0","0","0","0","0","0","0","0","0","0","0","249230","262378","0","11265","24413","901","7","4","0","0","0","0","0","0","0","23036","2155","5370266","5101680","0","0","457357","0","8131374","1567552","0","931191","20491","0","41397","0","0","0","20000","0","0","0","0","0","0","0","0","0","0","0","0","0","0","0","0","0","0","0","219631","0","0","0","0","0","0","64","1051351","3768974","0","0","0","0","0","0","0","0","0","0","0","0","0","0","205907","1","11630","1","0","0","0","0","0","0","2104","1","263","153971","1","38493","0","0","0","0","0","0","0","0","0","0","0","0","0","0","0","0","0","0","0","0","0","0","0","0","0","0","0","0","0","0","62193","1","15548","2066","2","0","0","12168","7","53358","12","0","0","0","0","0","995756","3","174140","4","127144","3","2033","2","0","0","0","4392","1","128511","11","0","0","0","0","0","0","402","1","740089","3","0","0","37315176","1467","51059","8","0","0","0","0","0","0","9141","1","2285","1238","1","309","0","0","0","0","0","0","0","0","0","101489","10","12686","2375","1","396","0","0","0","0","0","0","0","5344","3","0","0","0","0","0","0","0","0","0","0","0","0","0","0","0","0","0","0","0","0","0","0","173872","11","0","0","0","0","0","0","0","0","5130","1","0","0","0","0","0","0","2920677","11","4562","2","1840383","7","0","0","0","0","0","0","85736","2","201723","1","355","1","924362","16","8277","4","116200","80","0","0","0","0","0","0","934921","7","1056653","14","19391","4","9398","5","108336","6","0","0","176511","1","0","0","11422","3","9014","4","4850","3","0","0","0","0","717","1","74336","1","23877","8","0","0","0","0","0","0","0","0","0","0","0","0","168181","5","0","0","0","0","0","0","0","0","0","0","0","0","0","0","49960","8","0","0","0","0","0","0","6331","17","0","0","108658","1","13166","9","0","0","694","1","0","0","0","0","0","0","0","0","91726","0","0","0","0","0","0","0","0","0","0","0","0","0","0","6","0","9"
"Владимирская область","1691960905","162495722","75410981","9364310","1516668222","164922581","91871560","21404677","271213","19102","1970030","843656","2301","1959","157132322","2262430","240","154869892","15293072","12387273","1051","47543","10","233513","0","1566560","0","15","0","1419648","980883","26709","565608","0","0","2319","6571","3","0","0","2422114","863","4376","599","1128","165","1021","2077016","8874009","0","1913222","7382028","0","169794","1492138","0","42448","373034","0","13584","119371","0","6000","157","0","544","69","0","9","1","0","1965873","0","0","1944128","0","5651","0","0","0","0","0","0","0","0","0","0","0","0","0","0","0","0","0","5651","0","0","1","0","0","0","0","0","0","0","0","0","0","0","0","0","0","0","0","0","0","0","0","0","0","0","0","0","0","163847","45301","149738","40854","14172","4447","1134","356","63","0","1","0","8637000","0","8227861","0","699936","0","55995","0","290797","0","7","0","0","0","0","0","0","0","0","0","0","0","0","0","0","0","0","0","0","0","0","0","0","0","0","0","0","0","0","0","3351925","8570341","0","2873499","8767897","0","0","0","0","478426","490462","23921","39237","0","0","14353","0","81332","83378","0","0","688017","0","0","1","0","0","0","0","0","0","0","0","0","0","0","0","0","0","0","0","0","0","1076736","1049859","0","26958","81","2157","1","0","0","0","0","0","0","0","0","949324","941719","4223","153410","0","0","1382","538654","7917099","89491","0","834120","178340","0","9","0","0","0","0","0","1641","0","0","0","0","0","0","119740","0","141176","0","39992","0","0","0","0","1036627","61","518542","5423980","3","1126284","1","0","0","133","508295","5343070","0","0","0","0","0","0","0","0","0","0","0","0","0","0","9807","1","74","1","0","0","0","0","0","0","0","0","0","0","0","0","0","0","0","0","0","0","0","0","0","0","0","0","81546","1","82394","4","0","0","0","0","0","0","0","0","0","0","0","0","0","0","5672","2","1418","101109","6","2370","2","161086","11","44952","16","0","0","0","0","0","2537","3","255717","11","37039","6","18367","1","372","1","93","0","0","49463","15","0","0","0","0","0","0","0","0","0","0","0","0","30170442","2456","1407026","9","0","0","0","0","0","0","2125","2","531","0","0","0","0","0","0","0","0","0","0","0","0","65537","21","8192","0","0","0","0","0","0","0","0","0","0","0","0","0","0","0","0","0","0","0","0","0","0","0","0","0","0","0","0","0","0","0","0","0","0","24451","13","0","0","0","0","171859","3","0","0","47500","1","0","0","0","0","0","0","5023514","11","32350","2","8125","5","0","0","0","0","0","0","2773","1","0","0","0","1","25448","14","109830","5","373236","52","671","1","30725","2","102","1","72594","3","1088232","10","35585","5","2992","3","21329244","11","0","0","77330","6","0","0","0","0","0","0","1905","2","0","0","0","0","300","1","702","1","2152","4","0","0","0","0","0","0","0","0","0","0","0","0","986","2","0","0","0","0","0","0","0","0","0","0","0","0","0","0","7144","9","0","0","1529738","2","0","0","19499","29","0","0","59115","1","1781","2","0","0","7035","2","0","0","0","0","0","0","0","0","530","160950","0","0","0","0","0","0","0","0","0","0","0","0","0","2","2","3"
"Волгоградская область","1357318953","133381936","64328013","9851978","1218655281","145207709","56561095","13094625","399030","25607","5333427","20476","0","0","141496299","2118188","318","139378111","15061226","11147414","4572","145645","11","579662","0","3611160","0","17","0","1359596","931697","15029","529547","0","0","2835","6024","1","0","0","4874873","0","5024","699","1916","521","1577","1690090","12827942","0","1629282","11849204","0","62972","1125103","0","15743","281276","0","5038","90008","0","2163","146365","0","349","101","0","12","5","0","0","0","230458","0","0","246736","0","0","26123","0","0","0","0","0","1306","0","0","5224","0","0","2089","0","0","42401","0","0","1","0","0","29765168","0","0","61233096","0","0","0","0","0","0","0","0","0","0","0","0","0","0","0","0","31467928","0","0","2","472055","335823","419737","312289","56444","22933","4515","1835","4125","0","4","0","79626409","0","64489291","0","17063776","0","1365102","0","1926657","0","30","0","0","0","0","0","0","0","0","0","0","0","0","0","0","0","0","0","0","0","0","0","0","0","0","0","0","0","0","0","1677572","2982566","0","1474895","2108386","0","0","0","0","257068","874180","12853","69934","0","0","7712","0","43702","148611","0","54391","0","0","1","0","0","2793169","0","2714272","0","1584","0","106782","0","8543","0","12814","0","5339","0","29469","0","1","145640","219813","0","0","74174","0","14","1","0","0","0","0","0","0","0","2579253","2556863","385473","384436","0","0","2111","305926","25725026","181405","0","813789","108757","0","203","0","0","0","108960","0","0","0","0","0","6210","0","0","0","0","11810","0","0","0","0","0","0","0","0","0","15415","1","0","0","0","0","88","958850","7255912","0","0","0","0","0","0","0","0","0","0","0","0","0","0","434156","2","114870","2","0","0","0","0","0","0","0","0","0","103","1","26","0","0","0","0","0","0","0","0","0","0","0","0","0","0","2210","2","0","0","0","0","0","0","0","0","0","0","0","0","0","0","18351","4","4588","46596","11","48696","4","76244","18","155274","29","0","0","22221","2","5555","370010","5","610988","27","17981","15","7564","7","89485","7","22371","3587","1","163765","39","0","0","0","0","0","0","4318","1","801308","3","0","0","43382912","2797","11076","4","0","0","0","0","0","0","87210","5","21803","400","1","100","0","0","0","0","0","0","0","0","0","50609","20","6326","0","0","0","0","0","0","0","0","0","0","0","0","0","0","0","0","0","0","0","0","0","0","0","0","0","0","0","0","0","0","0","0","0","0","294616","21","8806","2","0","0","2018588","4","0","0","49597","3","206947","1","0","0","0","0","7813094","25","25208","5","22532","4","0","0","0","0","0","0","173201","4","0","0","0","0","1006362","66","49945","4","404953","149","0","0","294","1","0","0","383386","13","10331791","24","279217","10","13319","3","93552","6","0","0","629263","3","0","0","7903","11","215945","20","37034","8","0","0","150","1","2443","3","46744","2","26147","5","0","0","0","0","0","0","0","0","0","0","0","0","16580","2","0","0","0","0","0","0","0","0","0","0","0","0","0","0","9495","49","2","1","30278","17","0","0","71092","18","0","0","0","0","8231","4","2095","1","8589","7","0","0","0","0","0","0","0","0","2662","0","0","0","0","0","0","0","0","0","0","0","0","0","0","5","0","11"
"Вологодская область","1689262536","890475489","285817400","159415874","1488644485","877797835","291907141","96685663","625591","91979","50506932","95523099","0","0","144736328","3703292","299","141033036","20022871","11282549","593","38665","2","234346","0","487550","0","6","0","954406","2682262","8006","925823","0","0","0","0","0","0","0","1686384","625","5454","590","2387","326","7","1562553","6563637","0","1433983","5737825","0","128666","839185","0","32166","209796","0","10293","67135","0","96","13373","0","265","58","0","2","4","0","0","0","35003040","0","0","20242607","0","0","15083177","0","0","46426","0","0","58032","0","0","3666336","0","0","1160228","0","0","326078","0","0","2","0","0","52751074","0","0","43279465","0","0","0","0","0","12143176","0","0","0","0","607159","0","0","971454","0","0","2671567","0","0","1","882338","160258","885159","127549","11308","32709","905","2617","14129","0","12","0","38237995","0","33679574","0","5819043","0","465523","0","1260621","0","12","0","0","0","0","0","0","0","0","0","0","0","0","0","0","0","0","0","0","0","0","0","0","0","0","0","0","0","0","0","21421912","0","0","19888759","0","0","0","0","0","1533549","0","76677","0","0","0","46006","0","260703","0","0","396","0","0","1","0","0","0","0","0","0","0","0","0","0","0","0","0","0","0","0","0","0","0","43705","49286","0","6","5587","0","2","3","0","0","0","0","0","0","0","15954801","12928922","15156410","26952744","75468","0","127183","61070248","155892400","379575","0","3864677","113852","0","1150","0","0","0","0","0","0","0","0","0","0","0","0","0","0","0","0","0","0","0","0","0","0","0","156192","634067","1","271947","2","0","0","129","2364522","25129106","0","0","0","0","0","0","0","0","0","0","0","0","0","0","2795187","4","1927","1","0","0","0","0","0","0","0","0","0","189056","5","47264","0","0","0","765702","3","127617","0","0","0","0","0","0","0","0","0","0","1876516","1","234565","0","0","0","0","0","0","0","0","0","0","0","432","2","108","351297","8","38615","3","267205","17","425164","27","0","0","0","0","0","931","1","1765142","42","14135","16","3389","1","145894","15","36473","166729","2","303836","43","0","0","0","0","0","0","0","0","0","0","0","0","64040919","2468","22491277","22","0","0","0","0","0","0","1455965","8","363991","0","0","0","30948","1","3869","0","0","0","0","0","0","53915","7","6739","0","0","0","0","0","0","0","0","0","0","0","0","0","0","0","0","0","0","0","0","0","0","0","0","0","0","0","0","0","0","0","0","68","1","490367","56","0","0","0","0","0","0","0","0","0","0","0","0","0","0","0","0","23130919","60","127761","35","4439","3","0","0","0","0","0","0","2353","3","0","0","0","0","54349","18","12134","13","1287658","310","153","1","0","0","0","0","81245","1","113333","6","7513","4","211732","37","19392","3","0","0","141925","3","0","0","0","0","3602","6","0","1","0","0","0","0","775","2","29678","1","9013","7","0","0","0","0","0","0","0","0","0","0","0","0","0","0","0","0","0","0","0","0","0","0","0","0","0","0","0","0","75363","23","0","0","193139","43","0","0","25374","31","0","0","0","0","16588","10","0","0","0","0","0","0","0","0","0","0","583917","0","54515","0","145979","0","145979","0","0","0","0","0","0","0","0","0","0","78","9","13"
"Воронежская область","3156315453","297848675","155982601","49809557","2998450645","302461453","131032084","70504157","701158","263922","14605020","370779","0","0","168911464","3445316","567","165466148","25414229","13237292","12816","16364","3","57720","0","270642","0","2","0","2383222","1111080","26225","861330","0","0","301819","855153","3","0","0","2363028","610","11588","1316","3036","312","1827","1883535","21636836","1518049","1861136","17929994","1526737","103064","3739106","38452","25766","934776","9613","8245","299128","3076","80665","32264","47140","104","109","3","6","7","1","0","0","49679745","0","0","49016134","0","0","663612","0","0","0","0","0","33181","0","0","132722","0","0","53089","0","0","0","0","0","0","0","0","0","0","0","0","0","0","0","0","0","0","0","0","0","0","0","0","0","0","0","0","0","0","0","0","589234","412071","567498","394668","22824","30181","1826","2414","1088","12778","1","2","233421896","0","197718108","0","39922656","0","3193812","0","4218867","0","23","0","0","0","0","0","0","0","0","0","0","0","0","0","0","0","0","0","0","0","0","0","0","0","0","0","0","0","0","0","10282422","121165434","0","8886276","105899372","0","13809","2048","0","1519690","15294022","75985","1223522","0","0","39925","0","258347","2599984","0","137354","30007","0","8","1","0","0","0","0","0","0","0","0","0","0","0","0","0","0","0","0","0","0","1474615","1485250","0","26195","36830","2096","11","0","0","0","0","0","0","0","0","245734397","245526164","0","0","0","0","0","601181","22102885","439817","0","4223058","2159204","0","498020","0","0","0","0","0","22","0","0","0","0","0","0","0","0","71193","0","0","0","70000","0","1400000","3729945","0","171731","0","0","0","0","0","0","168","498063","4016952","0","0","0","0","0","0","0","0","0","0","0","0","0","0","165600","1","0","0","0","0","0","0","0","0","0","0","0","32359","1","8090","0","0","0","0","0","0","0","0","0","0","0","0","0","0","156","1","0","0","0","0","0","0","0","0","0","0","0","0","0","0","0","0","0","35714","3","102185","2","1574","6","42435","13","0","0","0","0","0","112276","4","110442","14","10007","8","7804","3","1551","2","388","0","0","69802","12","0","0","0","0","0","0","0","0","0","0","0","0","65283645","5508","1526098","11","0","0","0","0","0","0","0","0","0","0","0","0","0","0","0","0","0","0","0","0","0","1289","18","161","0","0","0","0","0","0","0","0","0","0","0","0","0","0","0","0","0","0","0","0","0","0","0","0","0","0","0","0","0","0","0","0","0","0","110451","16","1566","1","0","0","0","0","0","0","11250","1","0","0","0","0","0","0","13803719","18","27873034","3","7398856","5","0","0","0","0","0","0","535811","4","500391","1","0","0","337300","79","0","0","430599","145","3732","3","0","0","0","0","901204","5","14132748","13","72799","10","0","0","118176","5","0","0","0","0","0","0","123","1","2211","4","383941","16","0","0","0","0","1953","2","86269","1","31419","6","0","0","159372","1","0","0","117","1","0","0","0","0","0","0","0","0","0","0","0","0","0","0","0","0","0","0","0","0","166521","18","0","0","186643","2","0","0","291523","53","0","0","79321","1","100127","13","0","0","6793","4","0","0","0","0","0","0","14242","0","46603","0","12338","0","0","0","12338","0","0","3085","0","3085","0","0","0","4","0","4"
"Ивановская область","1032822872","67192535","99674417","3038064","987064081","71262224","64042552","5856917","231447","109007","4136138","0","10459","0","77475508","933561","168","76541947","6779535","6089289","0","16148","3","0","0","0","0","0","0","761185","542865","16969","233390","0","0","34011","96366","4","0","0","379915","0","4697","484","2199","386","17","1007886","5031118","217967","967962","4157446","200356","99240","897170","17611","24810","224292","4403","7939","71774","1409","59316","23498","0","156","45","1","2","1","0","0","0","9819348","0","0","9850299","0","0","613610","0","0","36831","0","0","55240","0","0","61331","0","0","12257","0","0","644560","0","0","3","0","0","1838910","0","0","1667287","0","0","0","0","0","177533","0","0","0","0","0","0","0","14203","0","0","5909","0","0","1","779985","151421","754772","128946","31016","22475","2481","1798","5804","0","3","0","6272996","0","5683610","0","990278","0","79222","0","400891","0","3","0","0","0","0","0","0","0","0","0","0","0","0","0","0","0","0","0","0","0","0","0","0","0","0","0","0","0","0","0","1866172","4587259","0","1132635","3396942","0","0","0","0","733537","1190317","36677","95225","0","0","22006","0","124701","202354","0","0","0","0","0","0","0","0","0","0","0","0","0","0","0","0","0","0","0","0","0","0","0","0","45447","58940","0","0","13493","0","5","0","0","0","0","0","0","0","0","27131084","27616360","0","0","0","10044","0","58956","5231680","25320","0","229511","109767","0","0","0","0","109250","0","0","0","0","0","0","0","0","0","0","0","0","0","0","0","0","0","0","0","119250","1751","0","0","0","0","0","0","60","622553","913119","0","0","0","0","0","0","0","0","0","0","0","0","0","0","0","0","0","0","0","0","0","0","0","0","0","0","0","0","0","0","0","0","0","0","0","0","0","0","0","0","0","0","0","0","0","0","0","0","0","0","0","0","0","0","0","0","0","0","0","0","0","0","0","5759","3","6216","1","6769","6","5226","9","0","0","0","0","0","3411","1","62232","5","422","1","2863","1","460","1","115","0","0","35788","11","0","0","0","0","0","0","0","0","0","0","0","0","13764707","1718","4971008","2","0","0","0","0","0","0","7527","1","1882","0","0","0","0","0","0","0","0","0","0","0","0","30680","4","3835","0","0","0","0","0","0","0","0","0","0","0","0","0","0","0","0","0","0","0","0","0","0","207829","1","0","0","0","0","0","0","0","0","0","0","451635","13","0","0","0","0","0","0","0","0","8700","2","0","0","0","0","0","0","1601923","4","1049791","4","13169","15","0","0","0","0","0","0","0","0","0","0","0","0","126014","9","11630","1","305331","92","4307","5","0","0","0","0","100290","7","130857","7","129553","9","1151","1","702","2","0","0","15332","1","1877","1","12074","9","22305","19","1780","2","0","0","0","0","0","0","0","0","6646","1","0","0","0","0","0","0","0","0","0","0","0","0","0","0","0","0","0","0","0","0","0","0","0","0","0","0","0","0","0","0","0","0","0","0","0","0","12775","26","0","0","0","0","5433","4","0","0","47","1","287","1","0","0","0","0","0","0","0","0","0","0","0","0","0","0","0","0","0","0","0","0","0","2","0","4"
"Иркутская область","2872502402","914974687","169671854","102706918","2540537346","954677009","157248673","141684165","1927780","306246","16220043","2030738","6189","15549","330089788","16015792","412","314073996","80416726","28122334","406","169592","15","0","0","52430","0","15","0","2817930","1989382","48473","4003948","0","0","0","0","0","0","0","4225970","0","7330","1230","3307","639","733","3084168","15985423","479342","2999660","14411551","430309","85772","1632886","49033","21443","408221","12258","6862","130631","3923","1263","59014","0","433","102","3","5","4","0","193327359","0","1616120","197860905","0","1835852","11509731","0","64901","0","0","4100","8799","0","5125","2868634","0","7000","920778","0","1092","16210651","0","284911","8","0","6","0","0","25306143","0","0","25346955","0","0","0","0","0","0","0","0","0","0","0","0","0","0","0","0","40813","0","0","1","413057","656680","392562","593582","20495","63262","1640","5061","0","163","0","1","6274","0","8437","0","0","0","0","0","2164","0","2","0","0","0","0","0","0","0","0","0","0","0","0","0","0","0","0","0","0","0","0","0","0","0","0","0","0","0","0","0","12536211","318762","0","10137229","274651","0","0","0","0","2408203","44110","120410","3529","0","0","72246","0","409395","7499","0","9221","0","0","1","0","0","0","0","0","0","0","0","0","0","0","0","0","0","0","0","0","0","0","1370874","760097","0","622316","11539","49785","4","6","0","0","0","0","0","0","0","9951167","9908109","35923047","36198651","2380937","97962","2386526","1517249","79963015","1965385","0","2037745","9315109","0","98468","0","0","0","9164619","0","0","0","0","0","0","0","0","0","0","0","0","0","0","0","0","0","0","0","8380192","74760","2","31679","1","0","0","210","2813564","50626668","0","0","0","0","0","0","0","0","0","0","0","60","1","15","1470863","7","42564","3","0","0","0","0","0","0","12753","1","1594","7083057","4","1770764","0","0","0","1579307","2","263218","0","0","0","0","0","0","0","0","1305","1","192210","2","24026","82541","1","0","0","0","0","0","0","0","0","0","110627","12","27657","85972","12","1191479","8","108720","31","482610","38","0","0","0","0","0","1646247","10","767067","32","134091","21","327901","10","52369","11","13092","19339","1","426856","28","0","0","0","0","0","0","57635","1","8748","2","0","0","130541791","3951","2590183","20","258","1","64","0","0","0","799273","9","199818","0","0","0","0","0","0","0","0","0","0","0","0","65127","24","8141","0","0","0","0","0","0","0","0","0","0","0","0","531766","1","0","0","0","0","0","0","0","0","0","0","0","0","0","0","0","0","0","0","0","0","899469","36","1682","2","2230","1","747757","2","0","0","120724","2","0","0","1362751","1","0","0","15370150","15","89519","1","96887","3","0","0","0","0","0","0","59046","5","0","0","0","0","112673","47","217146","9","1028978","140","6362","2","3963","3","0","0","2141006","22","646291","21","485783","10","20687","4","142412","15","0","0","208863","4","0","0","379","2","34696","21","69714","9","0","0","0","0","5413","3","0","0","64","1","0","0","0","0","0","0","0","0","0","0","0","0","514","2","0","0","0","0","0","0","0","0","0","0","0","0","0","0","5340","40","0","0","888","3","0","0","387963","106","0","0","2381","1","0","0","1150","1","0","0","0","0","0","0","0","0","179522","0","1143534","24152","125557","0","0","0","125557","0","0","7718","0","0","0","7718","0","33","4","14"
"Калининградская область","1314832592","548308555","370001066","1059014907","1228731737","575326809","189876626","545088924","47280027","554361","192319830","640005144","0","27104","121340070","9701981","479","111638089","141967899","8919381","7781","67119","1","0","0","0","0","0","0","1310879","949723","34048","2425495","0","0","0","0","0","0","0","2492614","0","3353","1295","1608","199","18","1320409","7391940","102573","1261929","6406614","66283","68289","1040869","36290","17072","260217","9072","5463","83270","2903","9810","55543","0","67","49","1","7","7","0","0","0","186269","0","0","186269","0","0","0","0","0","0","0","0","0","0","0","0","0","0","0","0","0","0","0","0","0","365110046","0","0","357341955","0","0","666946","0","0","39974888","0","0","292835","0","950787","0","0","2905156","0","0","32838047","0","0","106","0","0","320074","327148","318694","283102","1380","44028","110","3522","0","0","0","0","13310494","0","13417285","0","1345741","0","107659","0","1452533","0","6","0","0","0","0","0","0","0","0","0","0","0","0","0","0","0","0","0","0","0","0","0","0","0","0","0","0","0","0","0","17748543","1594946","0","10326920","1764052","0","103247","47413","0","7524625","47413","376231","3793","0","0","225739","0","1279186","8060","0","206249","263932","0","8","1","0","0","0","0","0","0","0","0","0","0","0","0","0","0","0","0","0","0","1091982","735030","986","370607","14641","29649","3","1","886626","1645765","0","357595","89399","1116734","1","108815639","108852328","69308136","64189154","2179207","110645","10815882","157059191","159486849","25654731","29958574","11468477","7409746","426936","2388129","0","0","344","5477896","0","517229","0","0","0","0","0","0","0","0","0","0","0","0","0","0","426649","0","5062459","9611074","0","0","12502","1","0","0","60","420556","1120580","0","0","0","0","0","0","0","0","0","0","0","0","0","0","78955","2","0","0","0","0","0","0","0","0","0","0","0","128","1","32","0","0","0","162208281","2","27034714","0","0","0","112359","1","18727","0","0","4738","1","2038","1","255","0","0","0","0","0","0","0","0","0","0","0","7791","2","1948","1010","4","36802","3","7797","9","9222","11","0","0","0","0","0","13782","3","128774","16","3070","8","2271","2","1160","1","290","310","1","34507","11","0","0","0","0","0","0","0","0","0","0","0","0","35145492","2067","215293884","3","0","0","0","0","0","0","6884","1","1721","600","1","150","0","0","0","0","0","0","154","1","19","186403","22","23300","2576","1","429","0","0","0","0","0","0","0","0","0","578139","2","6323203","1","0","0","0","0","0","0","0","0","0","0","0","0","0","0","0","0","0","0","378395","28","0","0","0","0","3917078","1","0","0","0","0","0","0","0","0","0","0","2268397","6","0","0","0","0","0","0","0","0","0","0","18734","3","0","0","0","0","99705","31","30752","4","194561","40","0","0","4381","2","0","0","58468","6","961873","14","231980","9","0","0","6716","3","0","0","370768","2","3218","1","18080","5","4702","5","15105","5","0","0","0","0","22","1","0","0","28183","1","0","0","0","0","0","0","0","0","0","0","0","0","7841","1","0","0","0","0","0","0","0","0","0","0","0","0","0","0","1044","2","0","0","0","0","0","0","36606","5","0","0","109779","1","48690","4","0","0","26","1","0","0","0","0","0","0","1508142","119071","169183975","595618","1490529","33760","51272","0","1439257","33760","0","342336","8440","343153","0","11853","8440","316","72","95"
"Калужская область","4925465517","304330742","296971761","66144239","4778006516","330544531","298811822","90229714","528937","441584","14345975","6386723","2866","0","132151910","5792437","374","126359473","56121586","9827066","0","7111","1","29380","0","256326","0","3","0","1486832","554777","132955","1448109","0","0","280215","649950","6","0","0","2671091","3222","4676","752","2466","391","19","1266915","9793222","0","1196869","8323170","0","71604","1470052","0","17901","367513","0","5728","117604","0","1558","0","0","55","55","0","1","0","0","3643426","0","741418","3105437","0","715951","537989","0","99864","0","0","0","53799","0","0","80698","0","24966","43039","0","7989","0","0","74397","0","0","2","0","0","245748422","0","0","244940156","0","0","0","0","0","1021354","0","0","0","0","102135","0","0","81708","0","0","213088","0","0","1","380394","139126","367832","89881","12562","49245","1005","3940","0","0","0","0","66992950","0","63891993","0","6352193","0","508175","0","3251236","0","21","0","0","0","0","0","0","0","0","0","0","0","0","0","0","0","0","0","0","0","0","0","0","0","0","0","0","0","0","0","3384601","60265005","0","3086048","53475365","0","9990","123186","0","289263","6666454","14463","533316","0","0","8678","0","49175","1133297","0","700","0","0","1","0","0","9439874","0","7238525","0","0","0","2201350","0","176108","0","220244","0","153985","0","0","0","0","2819085","2614991","0","215013","10919","17201","4","15","0","0","0","0","0","0","0","4527978","4437081","21267760","20698759","113118","113118","784408","1340004","24355454","716414","0","1415341","92501","0","8829","0","0","0","8829","0","25","0","0","0","228340","0","0","99500","0","87411","0","600","0","0","0","0","539064","104150","400685","0","0","0","0","0","0","118","358143","5941139","0","0","0","0","0","0","0","0","0","0","0","0","0","0","0","0","0","0","0","0","0","0","0","0","0","0","0","0","0","0","0","0","0","0","0","0","0","0","0","0","0","0","0","0","36771","1","0","0","0","46589","2","0","0","0","0","0","0","0","0","0","5908","1","1477","57248","5","7774","1","17550","11","28396","18","0","0","0","0","0","4714","2","168264","18","16386","8","9867","3","13211","6","3303","3167","1","70139","21","0","0","0","0","0","0","0","0","0","0","0","0","46769635","2709","956603","10","0","0","0","0","0","0","0","0","0","0","0","0","2086","1","261","1605","1","201","0","0","0","305387","32","38173","0","0","0","0","0","0","0","0","0","0","0","0","0","0","0","0","0","0","0","0","0","0","0","0","0","0","0","0","0","0","0","0","0","0","445287","25","0","0","0","0","1881524","1","0","0","0","0","0","0","786871","2","0","0","10783136","12","0","0","0","0","0","0","0","0","0","0","20000","1","0","0","537","1","566925","52","3871","1","545791","83","0","0","801","1","0","0","65780","4","1288887","7","5814","4","32672","2","624","1","0","0","36568","4","2321","4","18614","6","9966","10","2873","1","0","0","0","0","350","1","77067","2","135506","7","0","0","0","0","0","0","0","0","0","0","0","0","640","1","0","0","0","0","0","0","0","0","0","0","0","0","0","0","3013","2","0","0","231787","11","0","0","124588","4","0","0","478838","1","404267","9","0","0","3666","2","0","0","0","0","0","0","49044","0","0","0","49044","0","0","0","49044","0","0","12261","0","9033","0","3228","0","7","0","11"
"Камчатский край","392027376","65237283","55328982","46930488","331123571","77713492","49966961","65739175","86012","153365","107060","150095","7404","487","69456634","3268275","73","66188359","30892511","5294911","0","0","0","0","0","0","0","0","0","1397917","335693","10133","817069","0","0","0","0","0","0","0","817069","0","780","246","551","182","4","298629","2165036","0","307292","1720697","0","1188","455441","0","297","113860","0","95","36435","0","9850","11102","0","16","28","0","5","2","0","6703620","232578","89137275","4076850","229016","59647535","2626770","3561","32450841","0","0","2535715","446551","605","3169643","210142","285","2407353","210142","285","60353","0","0","3181804","0","0","22","0","5984441","0","0","6375379","0","0","149746","0","0","332817","0","0","5791","0","8379","0","0","20835","0","0","873501","0","0","9","0","94734","77163","94728","63031","500","14133","40","1131","493","0","2","0","37035577","1322347","29186394","1316341","7853831","6006","628306","480","4649","0","1","0","0","0","0","0","0","0","0","0","0","0","0","0","0","0","0","0","0","0","0","0","0","0","0","0","0","0","0","0","0","0","0","0","0","0","0","0","0","0","0","0","0","0","0","0","0","0","0","0","0","0","0","0","0","0","0","0","0","0","0","0","0","0","0","0","0","0","0","0","0","0","0","0","0","0","0","0","0","0","3","0","0","0","0","0","0","0","0","0","4084939","866117","414594","24993","3608863","4891123","31779812","5494","0","104187","0","0","0","0","0","0","0","0","0","0","0","0","0","0","0","0","0","0","0","0","0","0","0","0","0","0","0","0","0","0","0","0","0","31","168911","3182194","0","0","0","0","0","0","0","0","0","0","0","0","0","0","0","0","0","0","0","0","0","0","0","0","0","0","0","0","0","0","0","0","0","0","0","0","0","0","0","0","0","0","0","0","0","0","0","0","0","0","0","0","0","0","0","0","0","0","0","0","0","0","0","12167","3","0","0","0","0","0","0","0","0","0","0","0","0","0","6003","1","621","1","0","0","0","0","0","0","0","0","0","0","0","0","0","0","0","0","0","0","0","0","0","15736572","514","8156","1","0","0","0","0","0","0","0","0","0","0","0","0","0","0","0","0","0","0","0","0","0","466","3","58","0","0","0","0","0","0","0","0","0","0","0","0","0","0","0","0","0","0","0","0","0","0","0","0","0","0","0","0","0","0","0","0","0","0","3004","5","130405","1","0","0","0","0","0","0","0","0","0","0","0","0","0","0","104985","1","0","0","1041389","1","0","0","0","0","0","0","2000","2","0","0","0","0","24302","8","0","0","67282","12","0","0","0","0","0","0","585462","3","173883","5","84064","2","0","0","0","0","0","0","0","0","0","0","0","0","0","0","1543","2","0","0","0","0","115432","2","39019","1","0","0","0","0","0","0","0","0","0","0","0","0","0","0","1365","1","0","0","0","0","0","0","0","0","0","0","0","0","0","0","20","2","0","0","0","0","0","0","0","0","0","0","399209","1","0","0","0","0","0","0","0","0","0","0","0","0","0","0","0","0","0","0","0","0","0","0","0","0","0","0","0","0","0","0","0","1"
"Кемеровская область - Кузбасс","2186844891","1691517960","250955586","147146688","2081835606","1882539260","175952859","222677773","419817","606142","64644144","6028191","771","13518","116537382","3221600","333","113317704","271986047","9054481","530242","189194","13","56270","0","272199","0","11","0","1630398","1029768","42429","805400","0","0","0","0","0","0","0","1323063","0","7000","875","2844","270","48","2822095","15300860","1593746","2660798","13900294","1506970","161298","1447956","86776","40324","361989","21694","12904","115837","6942","0","47391","0","746","117","83","0","6","0","1791847","0","15006832","2252300","0","14587450","0","0","1024933","0","0","33958","0","0","71740","0","0","150536","0","0","48037","420719","0","606862","1","0","7","0","0","1392132","0","0","4025238","0","0","0","0","0","0","0","0","0","0","0","0","0","0","0","0","2380918","0","0","1","620118","455082","609182","462890","10936","4685","875","375","0","12493","0","1","14833113","0","12653780","0","2268534","0","181483","0","89201","0","2","0","0","0","0","0","0","0","0","0","0","0","0","0","0","0","0","0","0","0","0","0","0","0","0","0","0","0","0","0","5380155","994357","0","4468544","805894","0","464","0","0","949261","188462","47463","15077","0","0","28478","0","161374","32039","0","38113","0","0","2","0","0","0","0","0","0","0","0","0","0","0","0","0","0","0","0","0","0","0","50830","59031","0","357","8559","29","3","1","0","0","0","0","0","0","0","801899","710422","35220462","35518588","25945717","25841557","202182","5632107","69190162","13320560","0","13190326","198","0","28","0","0","0","0","0","0","0","0","0","0","0","0","0","0","149668","0","0","0","0","0","0","0","0","0","44","1","0","0","0","0","232","2541388","26586355","0","0","0","0","0","0","0","0","0","0","0","0","0","0","1819110","10","7138","2","0","0","0","0","0","0","0","0","0","28726","1","7182","0","0","0","1866170","3","311028","0","0","0","0","0","0","780134","2","24953","3","488078","3","61010","0","0","0","0","0","0","0","0","0","0","0","146761","5","36690","977906","31","44872","3","217666","25","552809","43","0","0","0","0","0","1557","1","504479","30","35073","26","158310","15","21531","9","5383","28329","1","339506","47","0","0","0","0","0","0","5","1","842966","2","0","0","105365800","3161","17251840","37","7","1","2","0","0","0","599610","7","149903","0","0","0","0","0","0","0","0","0","0","0","0","78711","24","9839","0","0","0","0","0","0","0","0","0","0","0","0","0","0","0","0","0","0","0","0","0","0","0","0","0","0","0","0","0","0","0","0","0","0","304242","37","1883","1","0","0","1504251","3","0","0","0","0","0","0","0","0","0","0","12033177","16","9191","2","12910","4","0","0","0","0","0","0","60547","3","0","0","0","0","155009","42","137808","8","975807","452","6952388","1","542","2","0","0","1103564","34","3826912","99","3045470","137","7588","27","183836","76","0","0","98048","2","0","0","37276","10","56265","53","16735","11","0","0","0","0","26260","5","80023","1","0","0","0","0","0","0","0","0","0","0","0","0","0","0","2040","1","0","0","0","0","0","0","0","0","0","0","0","0","0","0","16232","5","0","0","79545","3","0","0","188274","259","0","0","0","0","13485","6","0","0","0","0","0","0","0","0","0","0","175874","0","751178","0","175874","0","0","0","175874","0","0","35175","0","35175","0","0","0","17","5","19"
"Кировская область","824294642","106387952","46360437","3881472","762437940","114100054","37980917","7291233","477742","42959","2320244","10599","2938851","0","65460254","3047609","190","62412645","11086659","4992988","0","117614","8","0","0","23830","0","3","0","792450","601028","12828","761902","0","0","0","0","0","0","0","903346","0","4064","507","898","221","1728","445865","8545184","0","424203","7484994","0","23580","1063321","0","5895","265830","0","1886","85066","0","1918","3131","0","91","51","0","2","2","0","0","0","4817792","0","0","3675371","0","0","1142420","0","0","85342","0","0","110460","0","0","89804","0","0","6052","0","0","0","0","0","0","0","0","0","0","0","0","0","0","0","0","0","0","0","0","0","0","0","0","0","0","0","0","0","0","0","0","542367","90742","535389","84315","11522","6428","922","514","4544","0","2","0","57291671","0","47958363","0","9469244","0","757540","0","135937","0","10","0","0","0","0","0","0","0","0","0","0","0","0","0","0","0","0","0","0","0","0","0","0","0","0","0","0","0","0","0","1827230","421550","0","1634218","374624","0","2174","0","0","190838","46926","9542","3754","0","0","5725","0","32442","7977","0","0","0","0","0","0","0","0","0","0","0","0","0","0","0","0","0","0","0","0","0","0","0","0","28209","34344","0","0","6135","0","2","1","0","0","0","0","0","0","0","35637","35191","316461","301911","189590","192751","8326","732404","2934074","303880","0","870685","6","0","110059","0","0","0","10","0","0","0","0","0","0","0","0","0","0","0","0","0","0","0","0","0","0","0","0","0","0","2817","2","0","0","107","262409","5146405","0","0","0","0","0","0","0","0","0","0","0","0","0","0","0","0","0","0","0","0","0","0","0","0","0","0","0","25040","2","6260","0","0","0","0","0","0","0","0","0","0","0","0","632","1","46","1","0","0","0","0","0","0","0","0","0","0","0","0","0","0","0","0","0","3052","4","231","1","145073","12","119549","27","101","1","0","0","0","0","0","173118","23","566","4","9650","2","7253","3","1813","29697","3","93437","30","0","0","0","0","0","0","33","1","0","0","0","0","24119822","1846","38291","7","0","0","0","0","0","0","15644","6","3911","10000","1","2500","0","0","0","0","0","0","0","0","0","96799","13","12100","1073","1","179","0","0","0","0","0","0","0","0","0","0","0","0","0","0","0","0","0","0","0","0","0","0","0","0","0","0","0","0","0","46","1","10567","14","0","0","0","0","0","0","0","0","0","0","0","0","0","0","1200","1","16952600","29","948233","4","4051175","22","0","0","0","0","0","0","0","0","4","1","0","0","75352","40","163","1","200013","124","7592","4","70","1","0","0","176940","5","436106","18","15209","6","123560","10","291941","11","0","0","38792","1","0","0","26465","5","11207","6","6722","3","0","0","0","0","614","1","0","0","0","0","0","0","0","0","0","0","0","0","0","0","0","0","4788","2","0","0","0","0","0","0","0","0","0","0","0","0","0","0","31462","8","0","0","235228","9","0","0","3778688","40","0","0","0","0","2077","2","0","0","12771","5","0","0","0","0","0","0","0","0","0","0","0","0","0","0","0","0","0","0","0","0","0","0","0","1","0","1"
"Костромская область","603747390","1505889705","87524890","1517478352","565427549","1585164548","68831141","1357277897","76173","210828","895968","103801473","8030","0","56185779","5246323","148","50939456","22574639","4075156","479","23599","5","32401","0","80073","0","5","0","583072","295601","9343","1311581","0","0","0","0","0","0","0","1447654","868","2086","355","1051","45","59","469126","4185242","9541","466251","3767269","6459","2866","420151","3082","716","105038","770","229","33612","247","0","2179","0","150","31","2","1","1","0","0","0","3580513","0","0","7865333","0","0","50562","0","0","4045","0","0","8090","0","0","506","0","0","0","0","0","4335382","0","0","1","0","0","0","0","0","0","0","0","0","0","0","0","0","0","0","0","0","0","0","0","0","0","0","0","0","0","173098","195449","170133","161802","3550","33647","284","2692","585","0","2","0","1354576","0","1230575","0","161433","0","12915","0","37432","0","2","0","0","0","0","0","0","0","0","0","0","0","0","0","0","0","0","0","0","0","0","0","0","0","0","0","0","0","0","0","3734134","0","0","3545444","0","0","52473","0","0","522116","0","26106","0","0","0","15663","0","88760","0","0","385899","0","0","3","0","0","0","0","0","0","0","0","0","0","0","0","0","0","0","0","0","0","0","4119","5681","0","0","1562","0","1","0","0","0","0","0","0","0","0","73241450","72670501","60792168","60819334","5252386","5193488","90409","0","8633640","61086","0","2707127","899538","0","2","0","0","0","899510","0","28","0","0","0","0","0","0","0","0","0","0","0","0","0","0","0","0","0","1725968","0","0","0","0","0","0","48","617363","996213","0","0","0","0","0","0","0","0","0","0","0","0","0","0","0","0","0","0","0","0","0","0","0","0","0","0","0","0","0","0","0","0","0","0","0","0","0","0","0","0","0","0","0","0","942","1","0","0","0","0","0","0","0","0","0","0","0","0","0","0","5519","1","1380","2022","1","1382","1","3666","3","3264","6","12","1","0","0","0","0","0","27082","7","17","2","3253","3","0","0","0","0","0","8324","10","0","0","0","0","0","0","0","0","0","0","0","0","10863896","947","125389","9","0","0","0","0","0","0","20000","1","5000","200","1","50","0","0","0","0","0","0","0","0","0","1199009","7","149876","266","1","44","0","0","0","0","0","0","0","0","0","0","0","0","0","0","0","0","0","0","0","0","0","0","0","0","0","0","0","0","0","0","0","42440","11","0","0","0","0","0","0","0","0","0","0","0","0","0","0","0","0","606109","5","1473","1","557236","2","0","0","0","0","0","0","0","0","0","0","0","0","36375","8","0","0","152517","224","0","0","0","0","0","0","40171","1","1305","7","17936","6","2908","3","5","1","0","0","0","0","0","0","1934","2","9734","5","12945","3","0","0","0","0","829","1","103872","1","6941","4","0","0","0","0","0","0","0","0","0","0","0","0","104","1","0","0","0","0","0","0","0","0","0","0","0","0","0","0","11802","9","0","0","96","1","0","0","32836","7","0","0","0","0","2447","6","0","0","1898","1","0","0","0","0","0","0","277583","0","0","0","249825","0","0","0","249825","0","0","62456","0","0","0","62456","0","6","0","7"
"Курганская область","697336106","56397934","29910511","5282284","622422199","59572161","27247858","4610136","269463","20314","38078","1364191","1553422","0","76309529","2297298","118","74012231","3824444","5920978","0","6232","2","0","0","0","0","0","0","409568","692771","22682","574324","0","0","0","0","0","0","0","580556","0","1449","290","945","60","211","470151","1513869","0","432741","1421353","0","37410","117048","0","9352","29262","0","2993","9364","0","0","24532","0","68","21","0","0","4","0","0","0","2584375","0","0","2608816","0","0","34647","0","0","1641","0","0","2758","0","0","4263","0","0","1131","0","0","59088","0","0","2","0","0","5987157","0","0","5421762","0","0","19674","0","0","545721","0","0","0","0","73672","0","0","0","0","0","0","0","0","0","357785","1532","353541","1532","5910","0","473","0","1667","0","2","0","16985240","0","15237297","0","2319360","0","185549","0","571416","0","15","0","0","0","0","0","0","0","0","0","0","0","0","0","0","0","0","0","0","0","0","0","0","0","0","0","0","0","0","0","0","1529023","0","0","877626","0","0","0","0","0","651397","0","52112","0","0","0","0","0","110738","0","0","0","0","0","0","0","0","0","0","0","0","0","0","0","0","0","0","0","0","0","0","0","0","2339","744","0","1594","0","128","0","0","0","0","0","0","0","0","0","2074525","2038077","2573688","2600963","18761","0","25655","1539197","3420915","1499835","0","1301757","1051732","0","49","0","0","0","49","0","0","0","0","0","0","0","0","0","0","0","0","0","0","0","0","0","0","0","1073988","0","0","0","0","0","0","36","251921","3326867","0","0","0","0","0","0","0","0","0","0","0","0","0","0","0","0","0","0","0","0","0","0","0","0","0","0","0","0","0","0","0","0","0","0","0","0","0","0","0","0","0","0","0","0","4235","1","0","0","0","116602","1","0","0","0","0","0","0","0","0","0","0","0","0","8857","3","13712","1","12379","10","43181","12","0","0","0","0","0","33283","2","98682","4","3772","5","10936","1","2135","1","534","0","0","53289","9","0","0","0","0","0","0","0","0","0","0","0","0","11766233","805","129475","5","0","0","0","0","0","0","0","0","0","1000","1","250","0","0","0","0","0","0","0","0","0","349","2","44","0","0","0","0","0","0","0","0","0","0","0","0","0","0","0","0","0","0","0","0","0","0","0","0","0","0","0","0","0","0","0","0","0","0","206394","18","0","0","0","0","5","1","0","0","0","0","0","0","0","0","0","0","3871844","8","0","0","37393","10","0","0","0","0","0","0","40","1","25","1","600","1","47459","31","0","0","146362","28","395","1","0","0","0","0","400940","6","43762","3","277451","7","0","0","11196","45","0","0","15616","1","0","0","16080","4","23297","9","1173","1","0","0","0","0","185","2","59775","1","9515","3","0","0","0","0","0","0","0","0","0","0","0","0","0","0","0","0","0","0","0","0","0","0","0","0","0","0","0","0","616331","5","0","0","2","1","0","0","276","17","0","0","0","0","0","0","0","0","0","0","1432","1","0","0","0","0","0","0","100873","0","0","0","0","0","0","0","0","0","0","0","0","0","0","6","1","3"
"Курская область","792954673","225553216","48377939","21012596","740411101","227189137","34877367","48291894","214228","1093033","5309568","1028222","28387","0","60923408","1629375","180","59294033","28850408","4743523","0","18970","4","5487","0","49380","0","2","0","495708","517053","5898","407344","0","0","0","0","0","0","0","481181","113","3189","396","774","200","1909","662157","5317565","0","646450","4067401","0","20250","1250164","0","5063","312541","0","1620","100013","0","4543","0","0","46","34","0","2","0","0","99498417","0","0","103321304","0","0","0","0","0","0","0","0","0","0","0","0","0","0","0","0","0","3822887","0","0","2","0","0","0","0","0","0","0","0","0","0","0","0","0","0","0","0","0","0","0","0","0","0","0","0","0","0","0","0","81270","9772","79703","8831","2421","941","194","75","854","0","1","0","229436141","0","206625663","0","26677023","0","2134162","0","3866545","0","41","0","0","0","0","0","0","0","0","0","0","0","0","0","0","0","0","0","0","0","0","0","0","0","0","0","0","0","0","0","1571325","6848997","0","962798","6458948","0","1264","0","0","607263","390049","30363","31204","0","0","18218","0","103235","66308","0","0","0","0","0","0","0","0","0","0","0","0","0","0","0","0","0","0","0","0","0","0","0","0","5131960","4811716","0","332278","12034","26582","4","5","0","0","0","0","0","0","0","18771","17882","107663","104672","0","0","2991","202172","14950523","2378760","0","2712411","36447","0","2","0","0","0","36449","0","0","0","0","0","0","0","0","0","0","0","0","0","0","0","0","0","0","0","24844","0","0","0","0","0","0","70","1142143","6187964","0","0","0","0","0","0","0","0","0","0","0","0","0","0","0","0","0","0","0","0","0","0","0","0","0","0","0","0","0","0","0","0","0","0","0","0","0","0","0","0","0","0","0","0","0","0","0","0","0","0","0","0","0","0","0","0","0","0","0","0","24122","2","6030","25724","1","0","0","64975","4","56629","7","0","0","0","0","0","26189","1","133394","11","949","1","0","0","0","0","0","0","0","31451","11","0","0","0","0","0","0","0","0","0","0","0","0","51305958","1687","49178","3","0","0","0","0","0","0","482391","1","120598","15000","1","3750","0","0","0","0","0","0","0","0","0","51386","21","6423","0","0","0","0","0","0","82","1","0","0","0","0","578125","1","0","0","0","0","0","0","0","0","0","0","0","0","0","0","0","0","0","0","0","0","1687683","19","0","0","0","0","0","0","0","0","24965","1","0","0","0","0","0","0","6458512","9","2891927","2","1889216","6","0","0","0","0","0","0","346303","6","5111","1","0","0","378546","52","860","1","4582658","78","12729","2","0","0","0","0","1789869","10","727773","18","203662","17","21598","1","31904","7","0","0","74856","2","0","0","41416","3","26532","11","165402","3","0","0","0","0","105155","2","72708","2","0","0","0","0","0","0","0","0","0","0","0","0","0","0","0","0","0","0","0","0","0","0","0","0","0","0","0","0","0","0","1383054","12","0","0","27105","2","0","0","36837","20","0","0","0","0","32680","4","0","0","100","1","0","0","0","0","0","0","0","0","0","0","0","0","0","0","0","0","0","0","0","0","0","0","0","4","0","7"
"Ленинградская область","3468149377","365615700","382184408","100148603","3009118169","388437964","303653518","703459501","828546","84158","24039714","1738496","2329","0","515725080","15913974","489","499811668","627771728","40325873","364962","162140","12","102097","0","572566","0","17","0","3798849","1763730","94830","3978494","0","0","0","0","0","0","0","4815297","2730","7419","1169","2775","213","58","784844","5747039","27856","750265","4740807","18296","35024","1006232","9560","8756","251558","2390","2802","80499","765","616","0","0","192","41","3","3","0","0","59901776","0","83628","54104269","0","133830","6542447","0","0","0","0","0","654255","0","0","981357","0","0","523396","0","0","745155","0","50202","3","0","1","0","0","32801007","0","0","24266131","0","0","0","0","0","8534876","0","0","0","0","426744","0","0","682790","0","0","0","0","0","0","124336","550024","126172","428272","3502","121753","280","9740","5338","0","1","0","116486238","8000425","108239246","6902819","9814526","1097606","785162","87808","1567534","0","18","0","0","0","0","0","0","0","0","0","0","0","0","0","0","0","0","0","0","0","0","0","0","0","0","0","0","0","0","0","7697136","1257011","0","5833976","1328460","0","501","0","0","1862659","1578","93133","126","0","0","55880","0","316652","268","0","0","73027","0","0","1","0","0","0","0","0","0","0","0","0","0","0","0","0","0","0","0","0","0","39804088","36220939","0","3676727","93579","294138","3","6","0","0","0","0","0","0","0","80684112","79993926","966680","916291","0","0","50503","54372","43219004","4727800","0","11365343","2454220","0","3574","0","0","0","74544","0","0","0","0","0","0","0","0","95325","0","177053","0","0","0","0","0","0","0","0","6879387","172902","3","9340","2","0","0","192","2105341","12897844","373","1","93","0","0","0","0","0","0","0","0","0","0","0","1586827","3","4266","1","0","0","0","0","0","0","0","0","0","1815","2","454","0","0","0","0","0","0","0","0","0","0","0","0","0","0","4372","2","175063","2","21883","15287","1","0","0","0","0","0","0","0","0","0","74152","10","18538","231644","14","20913","4","25911","21","97904","27","0","0","0","0","0","884378","5","449715","37","64441","17","8340","5","32958","8","8239","0","0","195045","37","0","0","0","0","0","0","766","1","851746","7","0","0","96490087","4186","216066","8","0","0","0","0","0","0","382450","7","95613","100","1","25","202536","1","25317","0","0","0","0","0","0","179631","38","22454","3052","1","509","0","0","0","0","0","0","0","0","0","0","0","0","0","0","0","0","0","0","0","0","0","0","0","0","0","0","0","0","0","0","0","83793","42","5008","3","0","0","7186354","2","0","0","0","0","0","0","0","0","0","0","712402","3","0","0","5748024","9","0","0","0","0","0","0","9881","5","1052402","4","21545","7","2400364","92","54062","7","184955","67","1477","2","5","1","0","0","112984","6","2806127","30","1061622","39","3955","3","8331","5","0","0","3667","2","0","0","237","4","24289","12","40223","9","0","0","0","0","1410","3","72870","1","0","0","0","0","0","0","0","0","320","1","0","0","0","0","2230","1","0","0","0","0","0","0","0","0","0","0","0","0","0","0","19357","15","0","0","238574","2","0","0","224","2","0","0","39648","1","0","0","0","0","1480","2","0","0","0","0","0","0","4378873","0","1164665","15346","4255498","0","0","0","4255498","0","0","856147","0","21838","0","834309","0","58","3","27"
"Липецкая область","1279999709","770033721","495401129","413238062","1149741108","814267246","491574678","318576176","470246","159567","12294608","134927906","3136","0","122362674","5822384","180","116540290","84339564","8140821","2618","11540","3","82606","0","321773","0","7","0","690326","528863","3586","1455596","0","0","1180327","2376861","19","0","0","5428703","23","4929","348","2147","132","13","803415","5338210","0","735075","4584299","0","68340","756196","0","17085","189049","0","5467","60496","0","0","2286","0","141","48","0","0","2","0","47059449","0","0","45659612","0","0","2529291","0","0","0","0","0","252929","0","0","379394","0","0","202343","0","0","1167020","0","0","1","0","0","0","0","39763323","0","0","38148741","0","0","10286","0","0","1604296","0","0","0","0","271177","0","0","128344","0","0","0","0","0","0","145212","14228","136718","14228","8494","0","680","0","0","0","0","0","295298992","0","259652411","0","38779728","0","3101589","0","3133147","0","10","0","0","0","0","0","0","0","0","0","0","0","0","0","0","0","0","0","0","0","0","0","0","0","0","0","0","0","0","0","6133085","342329","0","5219061","318020","0","0","0","0","914023","24308","45701","1945","0","0","27421","0","155384","4132","0","0","0","0","0","0","0","0","0","0","0","0","0","0","0","0","0","0","0","0","0","0","0","0","1662809","876065","0","804427","17683","64354","8","5","0","0","0","0","0","0","0","14445259","14554728","0","0","100728","257382","105120","643524","43035079","265790","0","3171157","2587","0","6207","0","6207","0","0","0","2587","0","0","0","0","0","0","0","0","311900","0","0","0","0","0","0","5935","0","576344","0","0","0","2","0","0","93","842524","11059473","0","0","0","0","0","0","0","0","0","0","0","0","0","0","4181696","3","23","1","0","0","0","0","0","0","0","0","0","491799","1","122950","0","0","0","204427","1","34071","0","0","0","0","0","0","0","0","1380","1","1505607","1","188201","0","0","0","0","0","0","0","0","0","0","0","406","1","102","584","1","0","0","205338","14","381256","21","0","0","0","0","0","16034","1","1608578","22","8921","5","15031","4","304","1","76","4452","1","96274","23","0","0","0","0","0","0","0","0","0","0","0","0","46128360","2177","16175582","10","0","0","0","0","0","0","177","1","44","0","0","0","165000","1","20625","0","0","0","0","0","0","86622","28","10828","0","0","0","0","0","0","0","0","0","0","0","0","0","0","0","0","0","0","0","0","0","0","0","0","0","0","0","0","0","0","0","0","0","0","95151","15","15","1","0","0","39","1","0","0","0","0","0","0","0","0","0","0","0","0","0","0","0","0","0","0","0","0","0","0","0","0","0","0","0","0","162668","22","13","1","465457","50","1","1","8670","8","7","1","46471","1","4044","12","8060","2","0","0","1831472","15","0","0","896764","3","0","0","18773","2","36346","8","696","2","0","0","0","0","1500","1","0","0","0","0","0","0","0","0","20475","1","752038","1","0","0","1500","1","0","0","0","0","0","0","0","0","0","0","0","0","0","0","0","0","7273","11","0","0","0","0","0","0","8069","11","0","0","0","0","0","0","0","0","1698","3","0","0","0","0","0","0","33926","0","56069","0","30095","0","0","0","30095","0","0","7524","0","2666","0","4858","0","14","0","6"
"Магаданская область","740217109","32351304","57735011","8298256","550580556","44303735","69582963","10697581","238247","8610","1819129","15000","22702","0","176185017","26294962","97","149890055","14358147","7831803","3214","0","0","0","0","0","0","0","0","1842497","486625","29788","6573741","0","0","4158427","0","13","0","0","10732168","0","650","348","575","55","2","100134","960661","0","83582","562021","0","16552","398640","0","4138","99660","0","1324","31891","0","0","0","0","7","8","0","0","0","0","161119017","0","0","69636899","0","0","76375058","0","0","0","0","0","7637506","0","0","11456259","0","0","6110005","0","0","0","0","0","0","0","0","0","0","0","0","0","0","0","0","0","0","0","0","0","0","0","0","0","0","0","0","0","0","0","0","0","0","1816","0","51","0","1765","0","141","0","0","0","0","0","0","0","0","0","0","0","0","0","0","0","0","0","0","0","0","0","0","0","0","0","0","0","0","0","0","0","0","0","0","0","0","0","0","0","0","0","0","0","0","0","0","0","0","0","0","0","0","0","0","0","0","0","0","0","0","0","0","0","0","0","0","0","0","0","0","0","0","0","0","0","0","0","0","0","0","0","0","0","0","0","0","0","0","0","0","0","0","0","0","0","0","0","0","0","0","0","0","0","0","0","0","72452","845765","1792822","0","404440","47712273","619068","0","2454385","0","0","0","0","0","0","0","0","0","0","0","0","0","0","0","0","0","0","0","0","0","0","0","0","0","0","0","0","0","0","0","0","0","29","773515","5897272","0","0","0","0","0","0","0","0","0","0","0","0","0","0","0","0","0","0","0","0","0","0","0","0","0","0","0","0","0","0","0","0","0","0","0","0","0","0","0","0","0","0","0","0","0","0","0","0","0","0","0","0","0","0","0","0","0","0","0","0","0","0","0","4312","1","0","0","4261","1","115637","6","143","1","0","0","0","30159","2","24658","4","1936","2","13155","1","14093","1","3523","0","0","39035","5","0","0","0","0","0","0","0","0","0","0","0","0","24934276","490","1205194","2","0","0","0","0","0","0","90516","1","22629","0","0","0","0","0","0","0","0","0","0","0","0","303","1","38","0","0","0","0","0","0","0","0","0","0","0","0","244993","1","0","0","0","0","0","0","0","0","0","0","0","0","0","0","0","0","0","0","0","0","44617","9","0","0","0","0","0","0","0","0","3500","1","1149","1","0","0","0","0","0","0","0","0","0","0","0","0","0","0","0","0","620","2","0","0","0","0","28669","6","20846","1","45320","20","0","0","0","0","0","0","43309","1","0","0","0","0","0","0","0","0","0","0","0","0","0","0","908","1","1490","1","0","0","5783","1","2101","1","1632","2","0","0","0","0","0","0","0","0","0","0","0","0","0","0","0","0","0","0","0","0","0","0","0","0","0","0","0","0","0","0","0","0","0","0","0","0","0","0","0","0","0","0","0","0","0","0","2702","1","0","0","0","0","0","0","0","0","0","0","0","0","0","0","0","0","0","0","0","0","0","0","0","0","0","0","0","0","0","0"
"Московская область","28977299957","3176551641","2188154068","482733426","26771099323","3327839938","1928804567","778948159","16639736","11290568","233180901","34520526","354600","562089","2268284298","67887873","3180","2200399037","471045135","173843344","526238","423227","47","927293","0","7551421","0","32","0","20527414","15501917","220447","16971969","0","0","1934242","4252951","65","0","0","32061103","1185533","44652","6526","13726","1897","125","36453395","72450070","16675815","33550415","60040488","14781648","3047175","12640305","1894167","761793","3160076","473542","243774","1011225","151533","146075","232599","0","1020","329","6","20","11","0","90758212","0","0","83355931","0","0","8616355","0","0","22668","0","0","861635","0","0","1269785","0","0","666640","0","0","2716136","0","0","9","0","0","0","0","331268","0","0","808016","0","0","0","0","0","0","0","0","0","0","0","0","0","0","0","0","476749","0","0","1","1597652","701547","1514102","599156","112934","102391","9035","8191","29384","0","2","0","51233264","0","47796824","0","6276151","0","502092","0","2839712","0","20","0","0","0","0","0","0","0","0","0","0","0","0","0","0","0","0","0","0","0","0","0","0","0","0","0","0","0","0","0","168878337","143323621","0","154134428","131212576","0","215798","21742","0","16900131","16880603","845007","1350448","0","0","507037","0","2873022","2869703","0","2372019","4600031","0","30","7","0","0","0","0","0","0","0","0","0","0","0","0","0","0","0","0","0","0","4873899","4385054","21834","818540","351530","65483","21","26","0","0","0","0","0","0","0","212292201","212911835","130655738","123928045","260079","1591526","9166058","2559979","316545534","147013330","0","43075898","6697846","0","5341167","0","167381","991996","7083967","0","887187","0","0","0","240064","0","0","798354","0","2800663","0","298797","0","51500","108191","8227","228564","5135","8580089","55281","2","209681","7","0","0","849","15914379","92372332","0","0","0","0","0","0","0","0","0","0","0","0","0","0","2640937","6","662627","3","0","0","0","0","0","0","0","0","0","1041765","1","260441","0","0","0","36128315","4","6021386","0","0","0","0","0","0","2879211","1","832210","16","427082","1","53385","77259","3","0","0","0","0","0","0","0","0","0","85459","12","21365","258060","28","196435","19","1284234","46","370577","78","0","0","31281","3","7820","493931","24","2966098","148","135765","49","178115","19","106385","17","26596","72730","6","1003563","113","0","0","0","0","0","0","1207812","3","282","1","0","0","561199648","25291","4846345","50","0","0","0","0","0","0","314723","8","78681","4752","3","1188","1682001","2","210250","0","0","0","210","1","26","743150","190","92894","0","0","0","10","1","2","0","0","0","0","33617","1","188300","1","0","0","149299","1","0","0","0","0","7277","1","0","0","0","0","21190","1","0","0","0","0","1616332","72","25578","1","0","0","37678846","10","0","0","0","0","0","0","370130","2","0","0","35785300","33","349945544","8","41351192","23","0","0","5546","1","0","0","182763","8","0","0","1512","4","2661575","199","335569","32","2928181","190","6239","4","834","5","0","0","4184699","19","28542690","39","2518636","58","2192081","15","8171033","13","0","0","4371732","7","0","0","166","4","79616","35","48305","16","0","0","0","0","2908653","10","138510","6","92332","11","0","0","0","0","0","0","15481","3","0","0","0","0","37422","8","0","0","0","0","0","0","0","0","0","0","0","0","0","0","478784","12","0","0","952064","6","0","0","2899627","23","0","0","1680170","6","36422","6","500","1","50373","3","0","0","0","0","0","0","627961","0","17532126","342332","587992","0","10970","0","577022","0","0","126312","0","55379","0","70932","0","196","19","165"
"Мурманская область","931257439","175017572","37756541","38732690","867085707","194158447","57436010","48403263","46878","64181","1311245","7261424","0","0","43227896","1408760","134","42163392","36008691","3137528","0","163999","2","2045","0","18417","0","2","0","590065","327010","41861","352190","0","0","0","0","0","0","0","536651","339","1437","478","351","64","529","1392442","1702339","0","1106837","1399481","0","291007","305718","0","72752","76430","0","23281","24457","0","5303","2860","0","251","15","0","35","1","0","0","0","35145217","0","0","42760844","0","0","6673547","0","0","20551","0","0","239057","0","0","1408779","0","0","513333","0","0","14289174","0","0","2","0","0","0","0","0","0","0","0","0","0","0","0","0","0","0","0","0","0","0","0","0","0","0","0","0","0","609268","132301","545877","101521","71992","31802","5759","2544","8602","1022","5","2","28816336","0","25623685","0","4214280","0","337142","0","1021629","0","4","0","0","0","0","0","0","0","0","0","0","0","0","0","0","0","0","0","0","0","0","0","0","0","0","0","0","0","0","61920903","37038","0","42511483","44841","0","398423","0","0","420602","0","0","0","0","24636","33285","0","46867","0","0","1589425","7803","0","20","1","0","0","0","0","0","0","0","0","0","0","0","0","0","0","0","0","0","0","0","11750212","8584144","0","3579299","413232","286344","5","4","0","0","0","0","0","0","0","1011362","1027202","494428","494428","0","0","0","0","70777102","692936","0","1567806","175","0","1365","0","0","0","1365","0","0","0","0","0","0","0","0","175","0","0","0","0","0","0","0","0","0","0","0","49983","1","0","0","0","0","44","2041517","13203708","0","0","0","0","0","0","0","0","0","0","0","0","0","0","5875","2","64989","1","0","0","0","0","0","0","0","0","0","51929","1","12982","0","0","0","0","0","0","0","0","0","0","0","0","16809","1","123","2","2584794","1","323099","18148","1","0","0","0","0","0","0","0","0","0","232985","6","58246","17977","7","334","1","86872","15","107861","23","0","0","0","0","0","120001","5","400305","32","4927","16","9290","3","65747","6","16437","0","0","168276","37","0","0","0","0","0","0","0","0","11127","1","0","0","40182429","810","4171262","2","0","0","0","0","0","0","594219","3","148555","0","0","0","1389155","2","173644","0","0","0","0","0","0","235363","9","29420","0","0","0","0","0","0","0","0","0","0","0","0","3247787","7","2116464","2","11025099","1","0","0","0","0","0","0","0","0","0","0","0","0","0","0","0","0","753767","49","0","0","0","0","0","0","0","0","0","0","0","0","0","0","0","0","974574","7","0","0","3699915","4","0","0","0","0","0","0","0","0","19","1","546","1","367623","25","0","0","1530750","207","0","0","0","0","0","0","126891","6","458342","37","17031","2","147","1","41702","5","0","0","53406","1","0","0","14571","1","44945","9","216976","8","0","0","0","0","0","0","38589","2","465690","9","0","0","0","0","0","0","0","0","0","0","0","0","1450","1","0","0","0","0","0","0","0","0","0","0","0","0","0","0","0","0","0","0","810","1","0","0","33814","35","0","0","1059978","2","13592","3","0","0","0","0","0","0","0","0","0","0","0","0","29169","0","0","0","0","0","0","0","0","0","0","0","0","0","0","7","0","7"
"Нижегородская область","6088977273","1365591373","395131129","260264573","5646230561","1377609506","330172338","326188697","1146642","405078","34320025","656695","1592983","66320","473160357","6638518","1117","466521838","78258511","38920556","403919","422954","37","181146","0","1214118","0","20","0","5131009","4158511","690875","1659630","0","0","65360","185186","5","0","0","3728394","55476","19366","2937","6349","791","99","4997461","31913120","2104564","4830854","28077007","2025274","205841","4036465","79290","51460","1009117","19822","16467","322917","6343","39234","200351","0","444","171","1","21","15","0","0","0","1256096","0","0","2065321","0","0","89835","0","0","31","0","0","7389","0","0","15039","0","0","7156","0","0","899059","0","0","4","0","0","170648115","0","0","171220661","0","0","0","0","0","2526231","0","0","0","0","0","0","0","202099","0","0","2969724","0","0","1","1103632","314073","1115912","302173","9368","9933","749","795","21650","3221","6","4","34784976","0","32369220","0","4171090","0","333687","0","1755334","0","16","0","0","0","0","0","0","0","0","0","0","0","0","0","0","0","0","0","0","0","0","0","0","0","0","0","0","0","0","0","59387663","79710607","0","41519563","70962516","0","11224","176993","0","18405169","8878908","920259","710313","0","0","552209","0","3128879","1509414","0","548352","307811","0","16","1","0","0","0","0","0","0","0","0","0","0","0","0","0","0","0","0","0","0","3283784","3223167","31024","88327","27710","7062","11","3","0","0","0","0","0","0","0","2162316","1885658","6209025","6272996","1178","7362","68690","1434910","83746776","2567749","0","5384610","186663","0","83673","99237","0","0","45160","0","128721","0","0","0","700","0","43565","9519","0","404364","0","245769","0","0","0","0","679203","0","8446021","0","0","235670","7","0","0","379","3478740","26896878","945","2","236","0","0","0","0","0","0","0","0","0","0","0","964451","7","716818","1","0","0","0","0","0","0","0","0","0","353499","2","88375","0","0","0","462642","1","77107","225599","1","37600","0","0","0","223054","1","243024","6","0","0","0","1185217","2","0","0","0","0","0","0","0","0","0","87889","6","21972","473941","24","570436","13","248651","54","865539","81","6244","2","21827","1","5457","1894819","13","2105031","74","211012","27","32189","23","440944","16","110236","12371","8","988678","91","0","0","0","0","0","0","86973","3","115577","5","0","0","134892028","9124","6610496","27","0","0","0","0","0","0","2107461","9","526865","481111","5","120278","0","0","0","0","0","0","0","0","0","501937","74","62742","20109","3","3352","0","0","0","1613238","1","0","0","0","0","8013681","1","791825","2","4049004","2","531325","1","0","0","0","0","0","0","0","0","0","0","0","0","0","0","4713379","80","0","0","0","0","7793901","7","0","0","113342","2","0","0","292580","1","0","0","14339341","32","446","2","171034","84","0","0","15","1","0","0","3016516","4","400","1","685","1","1445503","68","55358","24","578323","197","19236","22","15725","5","0","0","316747","9","2239170","24","492376","25","180007","21","32647","22","0","0","32321","2","0","0","285","2","5652","4","285657","21","0","0","172","1","17978","6","5694","1","6214","15","0","0","0","0","0","0","0","0","17325","1","0","0","775","1","0","0","0","0","0","0","0","0","0","0","0","0","0","0","673696","38","0","0","229227","2","0","0","31100","53","0","0","1769505","2","36301","15","0","0","0","0","0","0","0","0","0","0","677","0","1264914","5693","0","0","0","0","0","0","0","0","0","0","0","0","0","38","5","39"
"Новгородская область","717538538","93348061","93330391","10954536","603043243","103276985","72961019","9856239","622667","27370","57267844","1640283","102","0","78219389","948595","167","77270794","10422200","6179528","93","346085","7","0","0","188413","0","9","0","516790","247356","16575","237149","0","0","2077","5886","1","0","0","779610","1279","2025","401","928","126","19","136387","3047288","0","133019","2784892","0","3674","272163","0","919","68041","0","294","21773","0","307","9768","0","37","36","0","4","4","0","0","0","4986714","0","0","4588861","0","0","483454","0","0","1369","0","0","25028","0","0","94466","0","0","37308","0","0","85601","0","0","1","0","0","0","0","0","0","0","0","0","0","0","0","0","0","0","0","0","0","0","0","0","0","0","0","0","0","0","8104","0","7989","0","121","0","10","0","6","0","1","17291240","0","17117451","0","274240","0","21420","0","100451","0","6","0","0","0","0","0","0","0","0","0","0","0","0","0","0","0","0","0","0","0","0","0","0","0","0","0","0","0","0","0","655905","13595356","0","566979","11256547","0","0","145829","0","88926","2192981","4446","175438","0","0","2668","0","15117","372807","0","0","0","0","0","0","0","471692","0","456265","0","0","0","15428","0","1234","0","1543","0","1080","0","0","0","0","1675033","1239035","0","441910","5911","35353","4","0","0","0","0","0","0","0","0","0","0","421340","400000","0","0","21340","0","32054393","1738074","0","2979885","7738685","0","15894","0","0","0","7753126","0","0","0","0","0","0","0","0","0","0","2995","0","0","0","0","0","0","0","0","9000","0","0","0","0","0","0","66","329249","6153539","0","0","0","0","0","0","0","0","0","0","0","0","0","0","0","0","0","0","0","0","0","0","0","0","0","0","0","0","0","0","0","0","0","0","0","0","0","0","0","0","0","0","0","0","0","0","0","0","0","0","0","0","0","0","0","0","0","0","0","0","950","1","237","1754","2","1399","2","9562","3","50865","8","0","0","0","0","0","6491","2","22093","8","745","2","484","1","0","0","0","0","0","29256","18","0","0","0","0","0","0","0","0","0","0","0","0","17127740","1100","50008","3","0","0","0","0","0","0","0","0","0","0","0","0","0","0","0","0","0","0","0","0","0","17320","9","2165","0","0","0","0","0","0","0","0","0","0","0","0","0","0","0","0","0","0","0","0","0","0","0","0","0","0","0","0","0","0","0","0","0","0","322328","13","0","0","0","0","0","0","0","0","36650","1","0","0","0","0","0","0","1745235","8","47249","4","15809","4","0","0","0","0","0","0","0","0","0","0","0","0","44170","17","1597","1","1548474","109","837","1","0","0","0","0","323809","16","1427512","28","359384","17","0","0","1311","5","0","0","0","0","0","0","0","0","2644","6","5388","1","0","0","0","0","0","0","0","0","86636","5","0","0","0","0","0","0","0","0","0","0","29040","1","14762","4","0","0","0","0","0","0","0","0","0","0","0","0","0","0","15530","21","0","0","0","0","0","0","61150","7","0","0","0","0","21122","5","0","0","0","0","0","0","0","0","0","0","696920","0","0","0","696920","0","348460","0","348460","0","0","87115","0","87115","0","0","0","28","0","6"
"Новосибирская область","4593105012","724216811","626407410","150124203","4353899946","781266488","448180983","168326586","710800","1264848","25814890","11581517","7962","262","392648105","8092863","978","384555341","82335812","30404449","58416","73873","10","262984","0","2341448","0","48","0","4208177","1997738","33906","2023216","0","0","0","0","0","51969","2","4753490","15790","19846","2827","7213","804","200","2533222","39790652","1005933","2545709","35084062","879302","113928","5349474","126631","28482","1337369","31658","9114","427958","10130","126415","643322","0","69","172","5","9","15","0","0","0","165200","0","0","138840","0","0","26120","0","0","1915","0","0","2393","0","0","2222","0","0","175","0","0","1949","0","0","2","0","0","0","0","0","0","0","0","0","0","0","0","0","0","0","0","0","0","0","0","0","0","0","0","0","0","667257","891785","505262","795660","162321","96947","12986","7756","327","822","1","1","67762553","0","60916302","0","9042480","0","723398","0","2196230","0","21","0","0","0","9373990","0","0","2978237","0","0","0","0","0","6395752","0","0","511660","0","0","765972","0","0","321306","0","0","0","0","0","0","0","117150952","22157033","0","81795425","18928822","0","113733","111291","0","35937404","3282714","1796870","262617","0","0","1078122","0","6109359","558061","0","694544","165794","0","16","2","0","0","0","0","0","0","0","0","0","0","0","0","0","0","0","0","0","0","484807","487623","9691","47543","53778","3803","10","4","0","0","0","0","0","0","0","225485520","232441550","9957111","9987457","19149306","13456016","6737234","1434336","70991412","3851776","0","22647254","23040446","0","6173215","0","1","9269","28984829","0","9314633","9392744","0","0","0","0","20868","0","0","26742","0","0","0","0","430236","0","0","8603","4383641","35547","1","82","1","0","0","300","1119396","14058639","0","0","0","0","0","0","0","0","0","0","0","0","0","0","146287","2","145510","1","0","0","0","0","0","0","0","0","0","0","0","0","0","0","0","0","0","0","0","0","0","0","0","0","0","0","16","1","0","0","0","143252","1","0","0","0","0","0","0","0","0","0","19558","4","4890","71615","5","324583","3","66960","18","101247","26","5879","1","5552","1","1388","9336","1","153478","30","726","5","17777","8","19466","7","4866","2141","2","119698","32","0","0","0","0","0","0","0","0","0","0","0","0","74296265","8736","3305333","31","0","0","0","0","0","0","18","1","5","0","0","0","0","0","0","0","0","0","0","0","0","391838","67","48980","0","0","0","0","0","0","319","1","0","0","0","0","0","0","0","0","0","0","0","0","0","0","0","0","0","0","0","0","0","0","0","0","0","0","4096002","55","0","0","0","0","37027179","36","0","0","595127","4","0","0","323661","1","0","0","16222286","24","355140","1","126310","20","0","0","0","0","0","0","93201","15","18707","2","0","0","227587","71","2118763","1","903439","106","0","0","29728","7","0","0","553538","19","2018753","30","4669130","59","11734","2","213904","11","0","0","1312502","37","0","0","584","4","97586","25","67981","15","0","0","0","0","1447","2","86544","2","16475","5","0","0","47","1","0","0","290","2","0","0","0","0","1770","1","0","0","0","0","0","0","0","0","0","0","0","0","0","0","36015","16","0","0","0","0","0","0","21822","19","0","0","3486495","2","93024","2","0","0","0","0","89","1","0","0","0","0","0","277","254577","0","0","277","0","0","0","277","0","0","0","0","0","0","0","31","4","47"
"Омская область","1669384729","185046437","88141535","12150156","1556006410","203204777","97396584","19077656","283326","103850","1570496","621363","7716","0","102878420","3056147","317","99822274","25603353","8772724","28573","220596","11","0","0","3704","0","2","0","1032547","1692257","22376","764037","0","0","0","0","0","0","0","988337","855","6848","773","3512","229","538","1113943","18331119","825736","1055235","15960231","785482","64433","2399757","40254","16108","599939","10064","5155","191981","3220","5725","28869","0","205","95","2","21","6","0","12037375","0","0","11508922","0","0","528390","0","0","0","0","0","52839","0","0","79258","0","0","42271","0","0","0","0","0","0","0","0","0","0","0","0","0","0","0","0","0","0","0","0","0","0","0","0","0","0","0","0","0","0","0","0","0","0","1631715","418913","1447926","379466","184749","39447","14780","3156","961","0","1","0","41313547","0","37558970","0","4686723","0","374938","0","932147","0","20","0","0","0","0","0","0","0","0","0","0","0","0","0","0","0","0","0","0","0","0","0","0","0","0","0","0","0","0","0","4135693","20124270","0","3465058","19319613","0","357","948","0","677810","803708","33890","64297","0","0","20334","0","115228","136630","0","7532","0","0","1","0","0","0","0","0","0","0","0","0","0","0","0","0","0","0","0","0","0","0","5100901","4987118","0","126114","12331","10089","4","2","0","0","0","0","0","0","0","22157659","22138688","1560160","1516742","0","156820","43418","230958","28444185","331653","0","1832656","164779","0","39446","0","0","0","12765","0","0","0","0","0","0","0","0","0","0","10386","0","0","0","0","0","0","0","6503","150948","0","0","300","1","0","0","115","1421791","6077725","0","0","0","0","0","0","0","0","0","0","0","0","0","0","443544","1","14181","1","0","0","0","0","0","0","10536","1","1317","209600","1","52400","0","0","0","0","0","0","0","0","0","0","0","0","95457","1","89","1","276487","2","34561","0","0","0","0","0","0","0","0","0","0","0","72375","2","18094","337831","7","12097","2","57127","10","126407","17","0","0","0","0","0","815637","4","640443","20","162426","14","248232","3","10349","4","2587","22","1","385545","19","0","0","0","0","0","0","406","1","0","0","0","0","73289347","2975","456206","15","0","0","0","0","0","0","1306408","3","326602","0","0","0","0","0","0","0","0","0","0","0","0","114170","15","14271","13692","1","2282","0","0","0","0","0","0","0","0","0","0","0","0","0","0","0","0","0","0","0","0","0","0","0","0","0","0","0","0","0","0","0","439741","45","0","0","0","0","203243","4","0","0","0","0","0","0","0","0","0","0","11261015","27","110053","2","0","0","0","0","0","0","0","0","28135","2","0","0","1814","2","73561","52","4745","5","243118","71","0","0","0","0","0","0","3766240","24","929827","44","388648","55","3834","6","81985","22","0","0","45704","3","0","0","0","0","5104","5","223344","6","0","0","0","0","5705","5","924","2","0","0","0","0","0","0","0","0","7585","1","1080","1","0","0","409","2","0","0","0","0","0","0","0","0","0","0","0","0","0","0","20823","22","0","0","633987","3","0","0","359468","16","0","0","0","0","0","0","5782","1","76","2","0","0","0","0","0","0","0","0","320","0","0","0","0","0","0","0","0","0","0","0","0","0","0","6","1","10"
"Оренбургская область","1783668467","450215557","141072109","43384194","1649837072","484726704","138631843","75596092","409743","72934","21152478","544367","62330","2450","115520656","2366803","355","113153853","67175918","9046854","0","62055","7","0","0","0","0","0","0","1054938","1952390","91376","591701","0","0","4769","13511","2","0","0","672036","0","4581","929","1850","307","378","1475307","8120530","872613","1458285","7419589","851456","54703","731978","21157","13676","182995","5289","4377","58558","1693","37681","31037","0","271","66","1","4","4","0","0","0","13092937","0","0","15115718","0","0","564700","0","0","557","0","0","696","0","0","139922","0","0","44619","0","0","2806873","0","0","14","0","0","5700599","0","0","6665647","0","0","0","0","0","0","0","0","0","0","0","0","0","0","0","0","965048","0","0","1","52831","154589","45939","148246","8377","6342","670","507","1485","0","1","0","36499485","0","31962979","0","5517858","0","441429","0","981352","0","15","0","0","0","0","0","0","0","0","0","0","0","0","0","0","0","0","0","0","0","0","0","0","0","0","0","0","0","0","0","1641949","15566490","0","1534436","13955305","0","0","0","0","107513","1611185","5376","128895","0","0","3225","0","18277","273901","0","0","0","0","0","0","0","2935658","0","2818386","0","0","0","119755","0","9580","0","14371","0","5988","0","2901","0","8","1455840","1405952","10593","42270","18170","3382","4","3","0","0","0","0","0","0","0","3536503","3534744","9479176","9244292","0","0","288034","84926","20014048","178048","0","436990","120679","0","81","0","0","0","0","0","0","0","0","0","0","0","0","130556","0","0","0","0","0","0","0","0","0","0","0","800","1","0","0","0","0","107","1751944","27672831","0","0","0","0","0","0","0","0","0","0","0","0","0","0","1423282","6","4875","1","0","0","0","0","0","0","0","0","0","50957","2","12739","0","0","0","0","0","0","0","0","0","0","0","0","42710","3","54","1","3005","1","376","0","0","408258","1","102064","0","0","0","0","0","0","81870","4","20468","151592","11","203792","4","57753","14","327842","24","190","1","0","0","0","312798","2","5071751","19","6996","8","182425","5","100840","5","25210","18426","3","204035","22","0","0","0","0","0","0","0","0","15322","2","0","0","81044833","2439","600983","36","0","0","0","0","0","0","566009","5","141502","18339","3","4585","42458","1","5307","4094","1","512","0","0","0","235092","15","29387","16267","1","2711","0","0","0","2088","1","0","0","0","0","0","0","0","0","0","0","0","0","0","0","0","0","0","0","0","0","0","0","0","0","0","0","59021","15","0","0","0","0","605509","1","0","0","0","0","0","0","0","0","0","0","4747432","6","859","1","0","0","0","0","0","0","0","0","0","0","0","0","0","0","50272","29","6349","2","1188592","36","0","0","695","2","0","0","235945","4","161941","3","130649","7","0","0","49030","7","0","0","46700","1","0","0","0","0","6013","3","21999","11","0","0","0","0","21705","3","134","1","1758","2","0","0","0","0","0","0","1558","2","563","1","300","1","1920","2","0","0","0","0","0","0","0","0","0","0","0","0","0","0","7610","7","0","0","381","1","0","0","20121","51","0","0","53537","1","20596","3","0","0","105","1","0","0","0","0","0","0","144519","0","0","0","144519","0","0","0","144519","0","0","0","0","0","0","0","0","1","0","6"
"Орловская область","431795850","100123054","21846213","6174282","401672639","101477023","21356341","14009062","34140","21795","161689","1468425","464","0","30490628","813372","118","29677362","10635013","2341040","0","5029","4","0","0","0","0","0","0","349191","165713","15247","203343","0","0","33067","93690","2","0","0","335129","2443","2459","398","1534","97","10","226130","1885449","0","208190","1669109","0","18162","216340","0","4541","54085","0","1453","17307","0","223","0","0","78","28","0","1","1","0","6099938","0","24886499","5905742","0","23839244","199891","0","1957739","0","0","1922","19989","0","99088","29984","0","388425","15991","0","154697","5695","0","915827","1","0","2","0","0","0","0","0","0","0","0","0","0","0","0","0","0","0","0","0","0","0","0","0","0","0","0","0","0","15404","327","10906","212","4498","115","360","9","0","0","0","0","90049457","0","75591197","0","16183777","0","1294702","0","1725518","0","16","0","0","0","0","0","0","0","0","0","0","0","0","0","0","0","0","0","0","0","0","0","0","0","0","0","0","0","0","0","1168816","7669975","0","1029369","6526001","0","12493","7","0","137805","1143967","6890","91517","0","0","4134","0","23427","194474","0","10850","0","0","1","0","0","0","0","0","0","0","0","0","0","0","0","0","0","0","0","0","0","0","60013","73617","0","0","13604","0","4","2","0","0","0","0","0","0","0","69","77","57978","50000","0","0","5575","50538","2251141","67793","0","442304","0","0","0","0","0","0","0","0","0","0","0","0","0","0","0","0","0","0","0","0","0","0","0","0","0","0","0","0","0","0","0","0","0","56","83249","1451811","0","0","0","0","0","0","0","0","0","0","0","0","0","0","0","0","0","0","0","0","0","0","0","0","0","0","0","308","1","77","0","0","0","0","0","0","0","0","0","0","0","0","0","0","0","0","0","0","0","0","0","0","0","0","0","0","0","0","0","0","0","0","0","3183","2","0","0","2321","4","3440","5","0","0","0","0","0","18782","1","25000","7","980","4","511","1","2145","2","536","0","0","6303","7","0","0","0","0","0","0","0","0","0","0","0","0","14583171","1219","340133","6","0","0","0","0","0","0","2773","2","693","0","0","0","0","0","0","0","0","0","0","0","0","70353","7","8794","0","0","0","0","0","0","0","0","0","0","0","0","0","0","0","0","0","0","0","0","0","0","0","0","0","0","0","0","0","0","0","0","0","0","17526","14","0","0","0","0","0","0","0","0","0","0","0","0","0","0","0","0","1020470","3","0","0","1528230","1","0","0","0","0","0","0","1011","1","191060","1","0","0","35603","36","0","0","258134","162","0","0","0","0","0","0","92838","3","102050","7","2393","1","0","0","0","0","0","0","94544","2","0","0","9640","4","15313","5","19485","6","0","0","0","0","0","0","0","0","0","0","0","0","0","0","0","0","0","0","0","0","0","0","172","1","0","0","0","0","0","0","0","0","0","0","0","0","0","0","0","0","0","0","0","0","0","0","10170","29","0","0","0","0","0","0","0","0","0","0","0","0","0","0","0","0","0","0","0","0","0","0","0","0","0","0","0","0","0","0","0","0","0","2","0","6"
"Пензенская область","1079193651","128032940","39145904","3625643","1003382891","133423721","36118933","7123247","188896","43885","3320392","7226","3336","0","75704147","3992285","184","71711862","5559130","5276693","0","27744","6","0","0","0","0","0","0","823135","322463","1213","998071","0","0","460256","501164","1","0","0","1987235","349","4485","368","2085","280","8","452506","6341143","1576944","438366","5444290","1870527","14717","975622","0","3679","243906","0","1177","78050","0","578","78769","293583","46","51","1","1","3","1","0","0","3634131","0","0","3106534","0","0","569667","0","0","0","0","0","28483","0","0","113933","0","0","45573","0","0","43859","0","0","3","0","0","0","0","0","0","0","0","0","0","0","0","0","0","0","0","0","0","0","0","0","0","0","0","0","0","217453","159892","208071","143271","9381","16621","751","1330","0","0","0","0","129628536","0","112953542","0","17538413","0","1403073","0","863420","0","3","0","0","0","0","0","0","0","0","0","0","0","0","0","0","0","0","0","0","0","0","0","0","0","0","0","0","0","0","0","6488743","24069803","0","4332902","21649742","0","8882","393672","0","2215596","2034584","110780","162767","0","0","66468","0","376651","345879","0","68637","0","0","3","0","0","0","0","0","0","0","0","0","0","0","0","0","0","0","0","0","0","0","29265","36854","0","0","7588","0","4","1","0","0","0","0","0","0","0","553848","578395","217630","229653","0","0","9308","104264","11255022","32274","0","245413","0","0","0","0","0","0","0","0","0","0","0","0","0","0","0","0","0","0","0","0","0","0","0","0","0","0","0","0","0","9364","1","0","0","99","330443","2799751","0","0","0","0","0","0","0","0","0","0","0","0","0","0","0","0","0","0","0","0","0","0","0","0","0","0","0","0","0","0","0","0","0","0","0","0","0","0","0","0","0","0","0","0","0","0","0","0","0","37057","1","0","0","0","0","0","0","0","0","0","1118","1","280","506","1","15746","1","19323","8","23503","9","0","0","0","0","0","5464","1","13601","9","725","3","1017","2","6275","2","1569","0","0","21498","8","0","0","0","0","0","0","0","0","0","0","0","0","28884143","1960","310904","5","0","0","0","0","0","0","150","1","38","0","0","0","0","0","0","0","0","0","0","0","0","8506","10","1063","0","0","0","0","0","0","0","0","0","0","0","0","0","0","0","0","0","0","0","0","0","0","0","0","0","0","0","0","0","0","0","0","0","0","145230","16","0","0","0","0","6112088","1","0","0","0","0","0","0","0","0","0","0","4890172","12","13536","1","237884","36","0","0","0","0","0","0","0","0","0","0","375","1","161542","69","0","0","120560","84","17277","7","0","0","0","0","79348","3","396986","5","200","1","0","0","4720","2","0","0","9860","2","0","0","885","2","31050","6","14838","11","0","0","0","0","1050","1","0","0","3848","6","0","0","0","0","0","0","0","0","0","0","0","0","648","1","0","0","0","0","0","0","0","0","0","0","0","0","0","0","13179","7","0","0","183","2","0","0","28319","18","0","0","0","0","20680","5","644","1","191","2","0","0","0","0","0","0","0","0","20362","0","0","0","0","0","0","0","0","0","0","0","0","0","0","1","1","3"
"Пермский край","3938484804","505155395","233752473","66868573","3524643367","514728488","267110509","97514845","3119326","421807","14976940","19621072","4672","1207","369076522","3521677","648","365554845","57908808","29244239","1553","2013483","23","628882","0","1985076","0","21","0","2508738","3496563","79756","880419","0","0","0","0","0","0","0","5507860","16957","10384","1604","3692","423","40","2693080","16380772","111883","2510829","14636270","98105","188957","1905676","13779","47239","476419","3445","15117","152454","1102","6707","161174","0","141","99","3","7","5","0","0","0","4242115","0","0","3952563","0","0","358069","0","0","11070","0","0","24843","0","0","53605","0","0","17576","0","0","70098","0","0","6","0","0","131806108","0","0","108438292","0","0","4724338","0","0","18917879","0","0","0","0","391620","0","0","1306276","0","0","0","0","0","0","1664702","894764","1471993","944182","192708","24271","15417","1942","0","73736","0","9","33947432","5560712","30517436","5394950","3599406","165762","287952","13261","169410","0","10","0","0","0","0","0","0","0","0","0","0","0","0","0","0","0","0","0","0","0","0","0","0","0","0","0","0","0","0","0","26279463","7988539","0","21515103","6763192","0","302701","0","0","4709750","1225348","235487","98028","0","0","141292","0","800657","208309","0","248091","0","0","8","0","0","18600472","0","16478895","0","863","0","2120714","0","169657","0","266344","0","94178","0","0","0","0","1010043","1772684","0","44852","807493","3588","6","2","0","0","0","0","0","0","0","2695390","2596330","10163980","8374680","352366","358886","1789591","1291941","108708771","2099051","0","3568451","394984","24","11293","0","0","44200","101703","0","0","0","0","0","0","0","0","1185","0","211765","0","22500","0","0","0","95","0","93500","210211","59237","4","271802","8","0","0","263","5348826","30688725","0","0","0","0","0","0","0","0","0","0","0","0","0","0","2721633","10","18451","1","0","0","0","0","0","0","0","0","0","528925","3","132231","0","0","0","696915","1","116152","0","0","0","0","0","0","648844","2","88389","7","127304","2","15913","0","0","0","0","0","0","0","0","0","0","0","302613","11","75653","99002","24","107130","12","230527","41","771942","73","0","0","1162","1","291","765214","11","1250230","67","37482","35","77094","16","406386","20","101597","116971","8","823589","81","0","0","0","0","0","0","709149","2","7382074","4","0","0","170790726","5302","20111109","25","0","0","0","16","1","4","2907735","9","726934","114472","3","28618","3491","1","436","28429","1","3554","2748","1","343","264864","42","33108","1451","1","242","0","0","0","0","0","11942","1","0","0","0","0","0","0","162228","1","0","0","0","0","335730","1","0","0","0","0","0","0","0","0","107","1","1863878","68","4626","1","0","0","0","0","0","0","208150","3","77","2","73","1","0","0","17434972","24","0","0","2733740","9","0","0","0","0","0","0","11500","2","1393841","6","1623","2","476977","21","292062","8","843953","157","729","2","0","0","0","0","147835","4","1635089","23","54394","21","262559","3","28085","16","0","0","24913","1","0","0","0","0","3909","6","17507","3","0","0","0","0","6377","2","95","1","29520","14","0","0","0","0","0","0","0","0","0","0","0","0","3358","1","0","0","0","0","0","0","0","0","0","0","0","0","0","0","10960","8","0","0","0","0","0","0","1291931","23","0","0","39376648","1","20428","3","935","1","0","0","0","0","0","0","0","0","0","0","8505072","199","0","0","0","0","0","0","0","0","0","0","0","0","0","15","8","20"
"Псковская область","403009676","31886774","26754108","4973520","384416209","37993519","15306692","5844542","89275","3354","142186","1301167","110","0","29987864","414123","133","29573741","8273626","2308491","1","3143","1","69312","0","474380","0","9","0","342001","172861","1454","103531","0","0","57360","159224","3","0","0","866950","403","1950","388","825","127","5","4229","3507952","0","3341","2901244","0","888","608603","0","222","152151","0","71","48688","0","0","1895","0","2","33","0","0","1","0","0","0","0","0","0","0","0","0","0","0","0","0","0","0","0","0","0","0","0","0","0","0","0","0","0","0","0","0","0","0","0","0","0","0","0","0","0","0","0","0","0","0","0","0","0","0","0","0","0","0","0","0","0","150661","24518","135235","19953","30719","4565","2458","365","0","0","0","0","71197688","0","54144266","0","18213972","0","1457118","0","1160550","0","6","0","0","0","0","0","0","0","0","0","0","0","0","0","0","0","0","0","0","0","0","0","0","0","0","0","0","0","0","0","66681","1067010","0","64081","1002462","0","164","0","0","2437","64548","122","5164","0","0","73","0","414","10973","0","0","0","0","0","0","0","0","0","0","0","0","0","0","0","0","0","0","0","0","0","0","0","0","38269","47945","0","0","9676","0","3","0","0","0","0","0","0","0","0","1","2","2267","312","0","0","1955","87220","1108194","26111","0","327424","17207","0","7213","0","0","0","3113","0","0","0","0","0","0","0","0","0","0","0","0","0","0","0","0","0","0","0","17478","0","0","0","0","0","0","48","56184","548142","0","0","0","0","0","0","0","0","0","0","0","0","0","0","0","0","0","0","0","0","0","0","0","0","0","0","0","0","0","0","0","0","0","0","0","0","0","0","0","0","0","0","0","0","96","1","0","0","0","0","0","0","0","0","0","0","0","0","0","0","0","0","0","169","1","978","1","12","1","3248","6","0","0","0","0","0","0","0","1657","2","0","0","0","0","0","0","0","0","0","1191","3","0","0","0","0","0","0","0","0","0","0","0","0","10662086","989","22922","2","0","0","0","0","0","0","0","0","0","0","0","0","0","0","0","0","0","0","0","0","0","2351","4","294","0","0","0","0","0","0","0","0","0","0","0","0","0","0","0","0","0","0","0","0","0","0","0","0","0","0","0","0","0","0","0","0","0","0","153744","5","5","1","0","0","4322583","7","0","0","19","1","0","0","0","0","0","0","7306613","9","0","0","7330","3","0","0","0","0","0","0","208916","3","0","0","0","0","23797","28","1028","2","82203","49","0","0","63","1","0","0","69940","2","236723","11","1111","4","0","0","1150","5","0","0","26026","1","0","0","8023","4","13153","4","13472","4","0","0","0","0","0","0","0","0","629592","2","0","0","0","0","0","0","0","0","0","0","0","0","507","2","0","0","0","0","0","0","0","0","0","0","0","0","0","0","69781","12","0","0","34709","1","0","0","88294","27","0","0","0","0","0","0","0","0","0","0","983","1","0","0","0","0","0","0","0","0","0","0","0","0","0","0","0","0","0","0","0","0","0","2","0","2"
"Ростовская область","4080177997","1165050934","267371624","154692966","3778734129","1255492481","270771915","186257952","863425","272666","15913531","2326477","21563","21008","283513686","8252908","877","275260821","124081343","21968416","1246","205516","9","368520","0","2960514","0","139","0","3881080","2445730","185982","2063227","0","0","47383","119666","5","0","0","5764826","32428","14742","2766","6022","734","85","8512123","32693238","0","7947218","28750813","0","625067","4076906","0","156267","1019226","0","50005","326152","0","61700","135828","0","691","162","0","72","14","0","19701460","0","3884523","22651307","0","3650745","0","0","347673","0","0","8003","0","0","10863","0","0","68052","0","0","19811","2949848","0","125107","2","0","5","0","0","16334683","0","0","12787575","0","0","5694","0","0","3714123","0","0","0","0","388014","0","0","297130","0","0","172709","0","0","1","524492","724959","491782","712920","33194","21265","2656","1701","484","9226","1","1","108374904","0","116929499","0","7055607","0","564449","0","15610201","0","121","0","0","0","0","0","0","0","0","0","0","0","0","0","0","0","0","0","0","0","0","0","0","0","0","0","0","0","0","0","16217424","13681452","0","14795652","11723217","0","20279","370277","0","1716850","1587958","85843","127037","0","0","51505","0","291865","269953","0","315357","0","0","12","0","0","609950","0","536571","0","0","0","73379","0","5870","0","12474","0","0","0","0","0","0","693621","721514","31","12670","40594","1014","14","3","0","0","0","0","0","0","0","1110034","1289257","3606080","3779167","1049826","351819","803642","858907","31532551","1276689","0","2203695","967690","0","105143","168378","0","0","448408","0","234974","0","0","0","0","0","0","0","0","158762","0","0","0","0","0","0","0","0","301085","0","0","11844","2","0","0","227","1738410","12257283","0","0","0","0","0","0","0","0","0","0","0","0","0","0","164461","2","0","0","0","0","0","0","0","0","0","0","0","233516","1","58379","0","0","0","898162","3","149694","0","0","0","0","0","0","0","0","187832","2","0","0","0","0","0","0","0","0","0","0","0","0","0","0","0","0","0","116852","11","76371","7","79655","18","120327","25","0","0","0","0","0","35558","3","242600","18","12882","12","7754","6","68593","3","17148","1755","3","322101","28","0","0","0","0","0","0","190","1","265028","2","0","0","83241881","7434","2004945","20","0","0","0","0","0","0","167143","1","41786","0","0","0","0","0","0","5829","1","729","0","0","0","56254","45","7032","0","0","0","0","0","0","0","0","0","0","0","0","12926502","22","58333","1","2833273","2","2274748","1","0","0","0","0","0","0","0","0","0","0","0","0","0","0","2851560","35","0","0","0","0","3421655","2","0","0","0","0","0","0","0","0","0","0","16986022","43","641195","6","34367","3","0","0","0","0","0","0","4337","1","0","0","856","2","469422","126","268343","7","3117889","204","4687","4","1357","7","0","0","5864210","11","2182210","31","582616","14","48164","7","346889","23","0","0","72681","3","0","0","1824","10","33608","21","28019","23","0","0","1100","1","32226","3","176748","2","13314","14","0","0","483","1","0","0","42921","5","5587","1","0","0","343","1","0","0","0","0","0","0","0","0","0","0","0","0","0","0","24886","16","0","0","112235","2","0","0","253836","27","0","0","0","0","10502","2","0","0","5398","2","0","0","0","0","0","0","0","0","353317","0","0","0","0","0","0","0","0","0","0","0","0","0","0","41","2","31"
"Рязанская область","1411629251","61552459","104170277","6027469","1307380141","81970067","96474627","8782398","165367","23492","2687077","78000","18","0","109528768","930848","186","108597920","23227045","8687834","2514","201117","11","71142","0","669862","0","18","0","921898","1179199","15302","232712","0","0","0","0","0","0","0","1174833","787","5036","372","2500","290","46","578111","9336227","1457959","560672","8162602","1456908","19468","1215457","1052","4867","303864","263","1557","97237","84","2029","41831","0","186","65","1","2","3","0","441496","0","3372677","502574","0","3080336","283","0","292341","0","0","4779","48","0","15043","23","0","53263","23","0","18608","61360","0","0","1","0","0","0","0","0","0","0","0","0","0","0","0","0","0","0","0","0","0","0","0","0","0","0","0","0","0","0","0","331255","279906","329751","265808","1504","17835","120","1427","0","3736","0","1","97199939","0","82316024","0","15577005","0","1246160","0","693090","0","10","0","0","0","0","0","0","0","0","0","0","0","0","0","0","0","0","0","0","0","0","0","0","0","0","0","0","0","0","0","2425554","99444801","0","1763020","87867965","0","1158","559289","0","662119","11017546","33106","881404","0","0","19864","0","112560","1872983","0","743","0","0","2","0","0","0","0","0","0","0","0","0","0","0","0","0","0","0","0","0","0","0","1425891","1186263","0","269778","30150","21582","8","1","0","0","0","0","0","0","0","5000","3034","108518","830","0","0","107688","0","5220578","126832","44183","2040791","1451","0","103","0","0","0","0","0","218000","0","0","0","0","0","0","129412","0","10000","0","0","0","0","0","0","0","0","0","0","0","0","0","0","0","79","484370","4217173","0","0","0","0","0","0","0","0","0","0","0","0","0","0","83822","1","0","0","0","0","0","0","0","0","0","0","0","1337","1","334","0","0","0","0","0","0","0","0","0","0","0","0","0","0","9800","3","97785","1","12223","0","0","0","0","0","0","0","0","0","0","0","8275","3","2069","4218","2","28502","4","21300","10","22380","11","127169","1","0","0","0","93852","5","101115","9","2311","6","12543","1","250","1","62","40544","2","52443","13","0","0","0","0","0","0","0","0","2008421","1","0","0","39686513","2192","31751","2","0","0","0","0","0","0","6625","2","1656","13133","1","3283","0","0","0","0","0","0","0","0","0","121086","21","15136","0","0","0","0","0","0","0","0","0","0","0","0","0","0","0","0","205576","1","0","0","400","2","0","0","0","0","0","0","0","0","0","0","0","0","306776","8","0","0","0","0","0","0","0","0","0","0","0","0","0","0","0","0","3366346","12","14864","1","36362","9","0","0","0","0","0","0","28468","3","0","0","0","0","88075","54","29253","2","334636","137","5208","4","2184","2","0","0","103158","24","1670431","22","68860","12","1658","1","11427","6","0","0","65171","1","0","0","185","3","40243","36","6548","2","0","0","0","0","243","1","59662","3","18993","11","0","0","0","0","0","0","0","0","0","0","0","0","0","0","0","0","0","0","0","0","0","0","0","0","0","0","0","0","74352","14","0","0","0","0","0","0","35173","4","0","0","0","0","41597","8","0","0","37","1","10","1","0","0","0","0","0","0","0","120670","0","0","0","0","0","0","0","0","0","0","0","0","0","4","2","8"
"Самарская область","5086385124","432647748","435180503","164496607","4730267577","480379725","382994941","171973453","2058129","278555","38277389","7038815","92893","12464","372710022","8868230","704","363841793","57787021","31345176","9464","407912","28","380340","0","1735320","0","16","0","5947146","3608413","27611","2217058","0","0","236619","496636","17","24186","1","5498071","19927","19161","1670","6473","898","27","6027565","25401258","3428373","5824542","22072172","3253150","207624","3433400","175223","51907","858350","43806","16611","274672","14018","4601","95726","0","548","125","6","9","12","0","2114073","0","78956653","1687439","0","71695008","426634","0","7540105","0","0","320616","42663","0","471446","63995","0","1092964","34131","0","282592","0","0","317690","0","0","11","0","0","1078486455","0","0","1103577169","0","0","0","0","0","0","0","0","0","0","0","0","0","0","0","0","25090714","0","0","1","1191596","408801","1118147","388555","73448","20582","5876","1647","0","335","0","1","65782829","0","56468453","0","10529665","0","842372","0","1215290","0","11","0","0","0","0","0","0","0","0","0","0","0","0","0","0","0","0","0","0","0","0","0","0","0","0","0","0","0","0","0","22546181","17047491","0","14580068","14567607","0","28877","10301","0","8183610","2469583","409180","197567","0","0","245508","0","1391214","419829","0","246375","0","0","5","0","0","0","0","0","0","0","0","0","0","0","0","0","0","0","0","0","0","0","293788","312211","83","35296","62515","2824","13","1","0","0","0","0","0","0","0","25325463","25597051","5845795","5559565","0","0","730800","379669","72339768","7845002","0","7436002","1160805","0","3053","0","0","0","3044","0","99999","0","0","0","0","0","0","0","0","1129891","0","20700","0","0","0","0","0","0","563896","108525","1","709","1","0","0","292","11355617","40227784","0","0","0","0","0","0","0","0","0","0","0","0","0","0","990905","6","793","1","0","0","0","0","0","0","0","0","0","685514","4","171379","0","0","0","520377","5","86730","0","0","0","0","0","0","2353","1","8053","5","362408","2","45301","0","0","0","0","0","0","0","0","0","0","0","210779","13","52695","303360","27","14986","4","2835307","41","292700","50","0","0","511","1","128","2157747","25","1125228","50","157092","35","29381","6","168681","5","42170","0","0","590098","57","0","0","0","0","0","0","44223","3","349646","4","0","0","137956307","8540","7546610","23","128","1","32","0","0","0","350399","6","87600","480","2","120","19392","1","2424","25654","1","3207","0","0","0","252835","43","31604","5550","1","925","0","0","0","0","0","0","0","0","0","992870","2","0","0","5660550","7","4200000","1","0","0","0","0","0","0","0","0","0","0","0","0","0","0","530863","35","0","0","0","0","1554211","6","0","0","17441","1","622441","2","0","0","0","0","19263272","29","133019","5","4997484","37","0","0","0","0","0","0","992495","7","8","1","32481","1","813355","115","16528","13","3373501","261","14904","1","4086","5","1415","2","652359","30","12541969","73","1972811","59","91330","8","488794","28","0","0","104121","5","0","0","3052","17","81150","47","179350","18","0","0","0","0","48013","10","0","0","12923","4","0","0","0","0","0","0","44258","2","0","0","0","0","0","0","0","0","0","0","0","0","0","0","0","0","0","0","0","0","13684","11","0","0","33358","8","0","0","147281","146","0","0","0","0","30505","8","0","0","255","3","6574","1","0","0","0","0","33082","4235","228499","0","32991","4235","0","0","32991","4235","0","0","0","0","0","0","0","26","3","25"
"Саратовская область","1639094562","267707245","70161953","21164393","1521668498","282318542","60448304","31445911","678759","93529","1264674","1674121","6903","0","126566743","5884022","348","120682721","26473405","9597322","0","135545","11","0","0","31219","0","2","0","1612851","705283","21036","1471006","0","0","51215","145110","3","0","0","1834095","210","7543","872","2004","415","1353","4060755","12708555","0","3898508","10884788","0","167128","1943789","0","41782","485947","0","13370","155503","0","7283","120022","0","364","114","0","5","8","0","8399112","0","179976","8065567","0","173677","333545","0","43826","0","0","0","33354","0","2191","50032","0","8765","26684","0","3506","0","0","37526","0","0","1","0","0","1257563","0","0","4424885","0","0","0","0","0","0","0","0","0","0","0","0","0","0","0","0","3167322","0","0","1","316459","221056","310034","212013","7213","14248","577","1140","788","5206","2","1","64306040","0","52012175","0","14146169","0","1131694","0","1852305","0","15","0","0","0","0","0","0","0","0","0","0","0","0","0","0","0","0","0","0","0","0","0","0","0","0","0","0","0","0","0","2470130","19356478","0","2205575","15023240","0","11824","526788","0","259828","3806450","12991","304516","0","0","7795","0","44171","647097","0","3549","0","0","1","0","0","6108687","0","5538740","0","0","0","569947","0","45596","0","56995","0","39896","0","0","0","0","47952","68314","0","0","20363","0","7","0","0","0","0","0","0","0","0","6750333","6656872","22486833","22466986","0","0","19847","510888","10796175","720854","0","1394769","1184","0","661","0","0","0","597","0","0","0","0","0","0","0","0","0","0","0","0","0","0","0","0","0","0","0","0","61562","1","1573","2","0","0","144","732525","8654836","0","0","0","0","0","0","0","0","0","0","0","0","0","0","700839","3","509","1","0","0","0","0","0","0","0","0","0","15103","1","3776","0","0","0","0","0","0","0","0","0","0","0","0","0","0","2985","1","0","0","0","0","0","0","0","0","0","0","0","0","0","0","61365","4","15341","64626","8","3382","4","31617","14","104033","26","0","0","1863","1","466","446598","7","395994","14","19814","8","7722","2","79334","4","19833","22085","1","184167","27","0","0","0","0","0","0","0","0","430927","3","0","0","45672249","3618","120548","8","0","0","0","0","0","0","60528","2","15132","100","1","25","0","0","0","0","0","0","1371","1","171","39866","11","4983","4737","1","789","0","0","0","0","0","0","0","0","0","0","0","0","0","0","0","0","0","0","0","0","0","0","0","0","0","0","0","0","0","0","0","432618","21","45000","1","0","0","1781493","2","0","0","55750","1","0","0","0","0","0","0","7334870","18","0","0","2078677","4","0","0","0","0","0","0","132273","2","0","0","1017","1","321266","60","7634","4","273613","83","1433","2","7000","1","0","0","131045","3","627121","12","7922","2","591946","5","83878","32","0","0","1000","1","0","0","1535","2","8050","4","132352","14","0","0","0","0","0","0","0","0","4529","2","0","0","0","0","0","0","0","0","0","0","0","0","1867","1","0","0","0","0","0","0","0","0","0","0","0","0","0","0","13243","11","0","0","334964","4","0","0","43868","8","0","0","8189","1","36943","6","38","1","0","0","0","0","0","0","0","0","14764","0","17069","0","3543","0","0","0","3543","0","0","886","0","337","0","549","0","8","1","10"
"Сахалинская область","596456778","199531216","285373933","169639131","541488557","236016437","45109269","31906579","242857","43805","182559528","131088429","11104","10856","112905109","1515928","170","111390885","29808149","8911919","0","0","0","87550","0","279741","0","6","0","1424041","772221","37881","378982","0","0","0","0","0","0","0","746273","0","1437","517","921","61","14","43511","1879451","1720","53899","1469514","1605","0","435155","115","0","108789","29","0","34812","9","10388","15522","0","6","22","1","6","4","0","0","0","22994674","0","0","27017708","0","0","1488955","0","0","13361","0","0","16701","0","0","342177","0","0","105755","0","0","5699093","0","0","9","0","21923065","0","0","20802607","0","0","8209","0","0","2465577","0","0","0","0","0","0","0","197246","0","0","1353328","0","0","11","0","361072","138701","365342","148176","4049","2949","324","236","8318","12424","2","3","28907264","0","25682240","0","3376296","0","270104","0","151272","0","3","0","0","0","0","0","0","0","0","0","0","0","0","0","0","0","0","0","0","0","0","0","0","0","0","0","0","0","0","0","482790","521362","0","495797","395785","0","0","0","0","55371","125577","2769","10046","0","0","1661","0","9413","21348","0","68378","0","0","1","0","0","0","0","0","0","0","0","0","0","0","0","0","0","0","0","0","0","0","23191100","9889576","32137","13289589","20202","1063167","4","21","0","2976","0","0","0","2976","1","0","0","0","0","0","0","0","0","12011698","412552","0","2651237","94503","0","117","0","0","0","3516","0","0","0","0","0","105882","0","0","268940","0","0","0","0","0","0","0","0","0","8889","175460","0","0","0","0","0","0","74","597896","4665220","0","0","0","0","0","0","0","0","0","0","0","0","0","0","4104","1","0","0","0","0","0","0","0","0","0","0","0","0","0","0","0","0","0","367669","2","61278","0","0","0","0","0","0","0","0","3859","1","0","0","0","0","0","0","0","0","0","0","0","0","0","0","0","0","0","53350","16","53174","5","6089","15","66665","12","0","0","0","0","0","164266","3","57312","8","4077","5","15635","1","2750","1","688","0","0","8049","9","0","0","0","0","0","0","0","0","0","0","0","0","27619930","947","0","0","0","0","0","0","0","0","0","0","0","0","0","0","1322","1","165","0","0","0","0","0","0","1981","9","248","0","0","0","0","0","0","0","0","0","0","0","0","5595792","3","0","0","837033","1","0","0","0","0","17092","1","0","0","0","0","0","0","0","0","0","0","17037","21","0","0","0","0","0","0","0","0","0","0","0","0","0","0","0","0","36536","2","0","0","0","0","0","0","0","0","0","0","49682","1","0","0","0","0","336367","13","0","0","49590","27","0","0","6834","3","0","0","133559","2","722948","5","18265","1","0","0","2203","2","0","0","0","0","972","1","7135","6","1473","5","0","0","0","0","0","0","0","0","0","0","0","0","0","0","0","0","0","0","62503","1","0","0","0","0","2156","2","0","0","0","0","0","0","0","0","0","0","0","0","0","0","1080","1","0","0","0","0","0","0","14105","2","0","0","297848","2","0","0","0","0","0","0","0","0","0","0","0","0","38151","0","11637","8039","18694","0","0","0","18694","0","0","4674","0","0","0","4674","0","5","2","7"
"Свердловская область","10061665820","3309306986","782002561","600895486","9338830297","3348165616","746535856","749126695","4988589","589847","62949443","93472872","2014","0","704847147","26001361","1546","678848177","277600015","53925467","894226","761823","32","406860","0","1236018","0","26","0","9247125","3613192","173957","6500340","0","0","299457","743275","4","3809","2","9951582","36517","28834","3835","8617","1101","521","10563874","45120232","137573","10344493","40034254","124947","254081","5232845","24761","63520","1308211","6190","20327","418627","1981","34756","146867","12135","674","189","2","37","15","1","0","0","41287946","0","0","25198339","0","0","16205018","0","0","56693","0","0","845684","0","0","3148878","0","0","1239709","0","0","137346","0","0","2","0","0","10521217","0","0","11005304","0","0","9087","0","0","32890","0","0","0","0","4440","0","0","2631","0","0","526065","0","0","1","840311","494478","748765","465752","92989","28797","7439","2304","1442","71","4","2","44596530","0","37112177","0","7542943","0","603435","0","58590","0","3","0","0","0","0","0","0","0","0","0","0","0","0","0","0","0","0","0","0","0","0","0","0","0","0","0","0","0","0","0","82254670","14371861","0","71086439","12397648","0","66015","0","0","11657831","1974213","582892","157937","0","0","349735","0","1981832","335616","0","555617","0","0","8","0","0","0","0","0","0","0","0","0","0","0","0","0","0","0","0","0","0","0","1692055","1712867","0","1905","22716","152","6","6","0","0","0","0","0","0","0","715337650","715098047","40028410","37970539","9403945","6552130","4982884","7055040","210852870","3218965","0","11519151","484373","0","1049735","0","0","124556","1441","0","102334","11188","0","0","0","0","0","163233","0","0","0","26644","0","0","72680","0","0","351249","169290","442613","5","140447","6","0","0","548","5531490","36936255","0","0","0","0","0","0","0","0","0","0","0","0","0","0","1083425","7","96015","6","0","0","0","0","0","0","0","0","0","1463","2","366","0","0","0","4498355","1","749726","0","0","0","0","0","0","98558","2","42570","9","74932","4","9367","1202122","3","0","0","0","0","0","0","0","0","0","169522","20","42381","463793","27","1301814","13","154230","57","668777","100","11","1","429","1","107","588427","10","2058911","86","44318","27","458015","17","295168","22","73737","77739","3","778282","99","0","0","0","0","0","0","0","0","34788","2","0","0","178001407","13431","28320361","51","0","0","0","0","0","0","1979517","12","494879","300","1","75","7552","3","944","0","0","0","0","0","0","854396","101","106799","0","0","0","0","0","0","0","0","0","0","0","0","0","0","0","0","0","0","0","0","0","0","0","0","0","0","0","0","0","0","0","0","0","0","1192785","71","0","0","0","0","49162015","11","0","0","728031","6","41","1","302752","2","0","0","19976328","35","147290167","2","12842605","21","0","0","0","0","26","1","92839","5","651092","3","0","0","1965118","107","44691","22","4412801","739","7816","4","2158","3","0","0","8570699","99","8238872","78","3143536","38","1524077","3","5903894","28","0","0","1413050","11","0","0","46633","16","102032","37","25779","10","0","0","0","0","217618","5","57","1","156966","9","0","0","0","0","0","0","33200","1","0","0","0","0","1296","3","0","0","0","0","0","0","0","0","2938","1","0","0","0","0","78765","10","0","0","1906405","26","0","0","205876","132","0","0","190775","3","184","2","0","0","65","1","0","0","0","0","0","0","434874","0","245126","0","433969","0","0","0","433969","0","0","107040","0","74702","0","32339","0","75","2","82"
"Смоленская область","1517979425","74410496","153657275","7406521","1420180263","80653789","149760250","10948028","819441","49437","5811147","171060","13700","1767","96747338","1380371","470","95366968","9898000","7621812","42186","35287","2","27159","0","330759","0","9","0","1156408","456960","6188","345093","0","0","7490","21221","1","0","0","767009","2189","5586","1241","2575","407","12","906083","4024456","0","899702","3265019","0","6722","759942","0","1680","189986","0","538","60795","0","341","505","0","21","53","0","1","1","0","0","0","165752","0","0","204238","0","0","1671","0","0","134","0","0","167","0","0","117","0","0","0","0","0","40157","0","0","2","0","0","0","0","0","0","0","0","0","0","0","0","0","0","0","0","0","0","0","0","0","0","0","0","0","0","35834","58179","33498","57530","4950","649","396","52","2614","0","2","0","15438080","2061802","13397817","2158798","2479741","0","198379","0","439479","96996","8","1","0","0","0","0","0","0","0","0","0","0","0","0","0","0","0","0","0","0","0","0","0","0","0","0","0","0","0","0","1122912","4412836","0","1004100","3883990","0","0","0","0","120700","528845","6035","42308","0","0","3621","0","20519","89904","0","1888","0","0","1","0","0","0","0","0","0","0","0","0","0","0","0","0","0","0","0","0","0","0","1551052","1550780","0","62246","61759","4980","14","11","0","0","0","0","0","0","0","3744663","4168072","2609337","2552765","3079","3254","56572","171480","10228884","418511","0","3667448","1205216","20","1416997","1400000","0","0","288279","0","909471","0","0","0","0","0","0","0","0","0","0","0","0","0","0","0","0","0","987434","0","0","0","0","0","0","73","147061","1366445","36582","1","9146","0","0","0","0","0","0","0","0","0","0","0","3","1","15","1","0","0","0","0","0","0","0","0","0","0","0","0","0","0","0","0","0","0","0","0","0","0","0","0","0","0","0","0","0","0","0","0","0","0","0","0","0","0","0","0","0","0","0","0","0","9025","5","0","0","5292","4","27904","9","0","0","0","0","0","48103","2","30061","9","1033","4","4167","1","46","1","11","0","0","20573","9","0","0","0","0","0","0","0","0","1655","2","0","0","25881139","2416","281369","10","0","0","0","0","0","0","0","0","0","0","0","0","0","0","0","0","0","0","0","0","0","1058","11","132","0","0","0","0","0","0","0","0","0","0","0","0","0","0","0","0","0","0","0","0","0","0","0","0","0","0","0","0","10142","1","0","0","0","0","9388","4","0","0","0","0","605499","1","0","0","0","0","0","0","0","0","0","0","1682199","3","0","0","9727","2","0","0","0","0","0","0","4959","1","0","0","0","1","240863","31","3182","2","754878","29","0","0","0","0","0","0","123976","9","1017262","11","19453","12","1742","1","2531","9","0","0","0","0","0","0","1854","1","4615","13","215526","5","0","0","0","0","0","0","38320","1","0","0","0","0","0","0","0","0","0","0","0","0","0","0","731","1","0","0","0","0","0","0","0","0","0","0","0","0","0","0","7530","3","0","0","0","0","0","0","4724","3","0","0","0","0","730","1","0","0","10322","5","0","0","0","0","0","0","0","0","104685","0","0","0","0","0","0","0","0","0","0","0","0","0","0","21","2","24"
"Тамбовская область","674530519","64455802","32557572","7030093","632190931","67200936","24487743","9202045","158108","430508","1535000","403453","4820","0","49028323","1235447","79","47792876","4798179","3822837","129","3206","2","28815","0","154598","0","2","0","466137","291702","5314","308862","0","0","0","0","0","0","0","495481","0","2677","219","1082","72","13","1890945","3140459","0","1543828","2715567","0","347117","425788","0","86779","106447","0","27769","34063","0","0","896","0","147","31","0","0","1","0","0","0","5300474","0","0","5359254","0","0","72570","0","0","1319","0","0","1649","0","0","15175","0","0","4487","0","0","131351","0","0","1","0","0","0","0","0","0","0","0","0","0","0","0","0","0","0","0","0","0","0","0","0","0","0","0","0","0","284115","71405","283014","68568","1100","2836","88","227","0","0","0","0","202957986","0","171351860","0","34683221","0","2774658","0","3077095","0","16","0","0","0","0","0","0","0","0","0","0","0","0","0","0","0","0","0","0","0","0","0","0","0","0","0","0","0","0","0","6749690","6179112","0","6038817","4706701","0","0","60390","0","710873","1412022","35544","112962","0","0","21326","0","120848","240044","0","0","0","0","0","0","0","0","0","0","0","0","0","0","0","0","0","0","0","0","0","0","0","0","36226","47153","0","0","10926","0","4","0","0","0","0","0","0","0","0","0","0","137815","57163","209989","325485","91853","91853","12780509","730627","0","1631864","0","0","1","0","0","0","0","0","0","0","0","0","0","0","0","0","0","28369","0","0","0","0","0","0","0","0","12947","0","0","0","0","0","0","41","163106","2128786","0","0","0","0","0","0","0","0","0","0","0","0","0","0","0","0","0","0","0","0","0","0","0","0","0","0","0","0","0","0","0","0","0","0","0","0","0","0","0","0","0","0","0","0","0","0","0","0","0","0","0","0","0","0","0","0","0","0","0","0","0","0","0","2510","1","46216","2","7058","3","29352","4","0","0","0","0","0","0","0","11434","4","453","2","9729","2","4292","2","1073","0","0","54169","10","0","0","0","0","0","0","0","0","0","0","0","0","25359098","1247","381985","6","0","0","0","0","0","0","1007","2","252","0","0","0","0","0","0","0","0","0","0","0","0","2259","11","282","0","0","0","0","0","0","0","0","0","0","0","0","0","0","0","0","0","0","0","0","0","0","0","0","0","0","0","0","0","0","0","0","0","0","240420","15","0","0","0","0","0","0","0","0","18174","1","0","0","0","0","0","0","11615862","28","501","1","2425","1","0","0","0","0","0","0","0","0","0","0","0","0","240395","17","25351","4","218841","88","2288","1","0","0","0","0","440882","4","126185","5","664","7","10098","6","12558","2","0","0","0","0","0","0","16595","2","20851","19","10548","5","0","0","0","0","1096","1","82937","3","0","0","0","0","0","0","0","0","0","0","0","0","0","0","1047934","2","0","0","0","0","0","0","0","0","0","0","0","0","0","0","0","0","0","0","60038","3","0","0","84955","41","0","0","0","0","0","0","0","0","1391","1","0","0","0","0","0","0","0","0","0","0","0","0","0","0","0","0","0","0","0","0","0","0","0","0","0","3"
"Тверская область","1181043088","257362103","55810588","21945944","1075613587","274985754","55452806","26668108","314299","353165","1567150","7164565","2132","0","104537009","5308514","318","99228495","29157133","7938080","3222","3589","4","48397","0","218926","0","7","0","1567390","430019","22086","1327129","0","0","0","0","0","0","0","1598041","7611","5227","965","2560","280","38","1020254","8120587","0","983429","6959902","0","45637","1198593","0","11409","299648","0","3651","95887","0","8811","37908","0","133","71","0","24","6","0","0","0","0","0","0","0","0","0","0","0","0","0","0","0","0","0","0","0","0","0","0","0","0","0","0","0","0","0","0","0","0","0","0","0","0","0","0","0","0","0","0","0","0","0","0","0","0","0","0","0","0","0","0","582526","150877","520527","118964","62317","31913","4985","2553","318","0","1","0","52874124","0","46202116","0","8446698","0","675736","0","1774690","0","12","0","0","0","0","0","0","0","0","0","0","0","0","0","0","0","0","0","0","0","0","0","0","0","0","0","0","0","0","0","12478639","6439994","0","11117488","5263779","0","4791","0","0","1397065","1366433","69853","109315","0","0","41912","0","237501","232294","0","40705","190218","0","4","2","0","0","0","0","0","0","0","0","0","0","0","0","0","0","0","0","0","0","7441788","6350605","0","1092578","1395","87406","1","1","0","0","0","0","0","0","0","6209","7320","28446","13826","0","0","341","673606","6977673","244630","0","897943","147126","0","14000","0","0","0","89579","0","0","0","0","0","0","0","0","0","0","0","0","17888","0","0","0","0","0","0","247713","0","0","82617","1","0","0","75","198474","2020114","0","0","0","0","0","0","0","0","0","0","0","0","0","0","16614","1","0","0","0","0","0","0","0","0","0","0","0","0","0","0","0","0","0","0","0","0","0","0","0","0","0","0","0","0","3225","1","0","0","0","0","0","0","0","0","0","0","0","0","0","0","0","0","0","8184","3","10953","3","15833","4","12944","9","0","0","0","0","0","0","0","65844","7","461","2","911","2","28089","2","7022","0","0","16781","11","0","0","0","0","0","0","0","0","0","0","0","0","26344997","2462","187352","3","0","0","0","0","0","0","117335","1","29334","0","0","0","0","0","0","0","0","0","0","0","0","112038","15","14005","0","0","0","0","0","0","0","0","0","0","139219","3","0","0","0","0","0","0","0","0","0","0","0","0","0","0","0","0","0","0","0","0","0","0","121399","18","0","0","0","0","1346738","3","0","0","0","0","0","0","0","0","0","0","3392700","12","54371","1","20187","12","0","0","0","0","0","0","19606","9","0","0","0","0","61043","42","11289","8","169449","55","199","1","26612","6","0","0","245459","5","159696","15","139901","20","20708","3","3231","11","0","0","37102","1","0","0","590","2","45975","5","15370","4","0","0","0","0","4172","5","0","0","297","1","0","0","0","0","0","0","6093","1","0","0","0","0","0","0","0","0","0","0","0","0","0","0","0","0","0","0","0","0","18815","30","0","0","1489","2","0","0","7813","14","0","0","0","0","2879","5","0","0","4492","2","0","0","0","0","0","0","0","0","11008","0","0","0","0","0","0","0","0","0","0","0","0","0","0","3","0","10"
"Томская область","1383778606","749633529","100538533","31360440","1294676248","764367838","75697201","47218535","203175","67392","33330250","4963103","5","0","80864313","3885889","241","76978424","35479080","6091358","0","27416","8","0","0","2500","0","1","0","1553332","367130","51953","971472","0","0","66915","96676","12","0","0","1164979","1152","3774","703","1730","215","52","1667887","8821833","0","1614532","7854826","0","54264","974944","0","13566","243736","0","4341","77996","0","910","7937","0","280","60","0","2","2","0","0","0","3486147","0","0","2792296","0","0","744397","0","0","46355","0","0","67265","0","0","72479","0","0","13196","0","0","51100","0","0","2","0","0","0","0","0","0","0","0","0","0","0","0","0","0","0","0","0","0","0","0","0","0","0","0","0","0","9159","97603","9159","94303","0","3299","0","264","0","0","0","0","33447717","0","34731991","0","2633831","0","210706","0","3918104","0","5","0","0","0","0","0","0","0","0","0","0","0","0","0","0","0","0","0","0","0","0","0","0","0","0","0","0","0","0","0","7541262","16805696","0","6232386","14188333","0","13734","325857","0","1503561","2334889","75178","186791","0","0","45107","0","255605","396931","0","208418","0","0","5","0","0","0","0","0","0","0","0","0","0","0","0","0","0","0","0","0","0","0","25437","31858","0","0","6421","0","2","0","0","0","0","0","0","0","0","70247","69912","1628310","1625871","0","0","47047","0","28168227","155607","0","961353","614","0","51","0","0","0","471","0","0","0","0","0","0","0","0","0","0","0","0","0","0","0","0","0","0","0","0","2344","1","8678","1","0","0","120","565791","6548282","0","0","0","0","0","0","0","0","0","0","0","0","0","0","112608","2","0","0","0","0","0","0","0","0","0","0","0","0","0","0","0","0","0","202085","1","33681","0","0","0","0","0","0","183445","1","51","1","0","0","0","464085","1","253747","1","63437","0","0","0","0","0","0","44981","4","11245","107006","10","61368","1","13348","16","137216","36","0","0","5807","1","1452","538495","12","885805","44","54383","30","76599","13","239174","6","59793","49706","10","387669","42","0","0","0","0","0","0","4822","1","20074","1","0","0","44194505","1858","1662565","23","0","0","0","0","0","0","2359","3","590","0","0","0","0","0","0","28543","1","3568","0","0","0","106831","13","13354","546","1","91","0","0","0","0","0","0","0","0","0","0","0","0","0","0","0","0","0","0","0","4638478","1","0","0","0","0","0","0","0","0","0","0","4623663","39","0","0","0","0","3845847","2","0","0","1411325","2","0","0","3038096","2","0","0","14900478","22","704720","3","2435255","5","0","0","0","0","0","0","2994","1","198670","2","2","1","364269","56","3342","4","681485","111","319","1","692","1","0","0","119061","2","945740","17","5078","4","1893","1","69492","4","0","0","36099","4","11","1","15108","3","1113","4","10143","3","0","0","0","0","30974","3","40","1","23518","1","0","0","0","0","0","0","0","0","15","1","0","0","4217","3","0","0","0","0","0","0","0","0","0","0","0","0","0","0","21132","31","0","0","85162","5","0","0","109067","27","0","0","0","0","49548","5","0","0","0","0","0","0","36413","1","0","0","0","0","3780","0","0","0","0","0","0","0","0","0","0","0","0","0","0","29","2","13"
"Тульская область","2448054117","311670064","132864850","31270580","2172862878","323796450","179138211","40212495","863058","329739","3552211","8643193","27426","0","226204785","19408105","375","206796680","29376190","16423856","2729","11035","6","449309","0","1782099","0","27","0","3945862","2531905","19266","4852026","0","0","117116","327406","7","7440","1","7546431","174","5579","816","2421","367","78","864386","7426629","0","810495","6382271","0","55222","1052322","0","13806","263081","0","4418","84186","0","1331","7964","0","91","36","0","3","2","0","0","0","38600892","0","0","38265915","0","0","1226442","0","0","8262","0","0","10327","0","0","288022","0","0","89854","0","0","891465","0","0","9","0","0","358427307","0","0","389178163","0","0","0","0","0","0","0","0","0","0","0","0","0","0","0","0","29735626","0","0","3","466812","154770","462470","154131","14057","639","1125","51","9715","0","3","0","64697153","0","51028004","0","16541432","0","1323315","0","2872283","0","12","0","0","0","0","0","0","0","0","0","0","0","0","0","0","0","0","0","0","0","0","0","0","0","0","0","0","0","0","0","4196594","66946248","0","2921180","60003773","0","1266","67490","0","1294452","6874986","64723","549999","0","0","38834","0","220057","1168748","0","20305","0","0","1","0","0","0","0","0","0","0","0","0","0","0","0","0","0","0","0","0","0","0","1756855","1858647","709","947","103448","76","9","5","0","0","0","0","0","0","0","226741","257821","377089","456612","0","1015230","9879","2468","14737959","660991","196000","1793846","78","0","1100","0","0","0","78","0","0","0","0","0","0","0","0","0","0","56396","0","0","0","0","0","0","0","0","123702","504074","1","0","0","0","0","150","759899","7026951","0","0","0","0","0","0","0","0","0","0","0","0","0","0","138352","2","6555","2","0","0","0","0","0","0","0","0","0","362","1","91","0","0","0","14659","1","2443","0","0","0","0","0","0","0","0","0","0","17034","1","2129","0","0","0","0","0","0","0","0","0","0","0","12868","3","3217","2994","4","14807","3","48880","15","182047","22","0","0","0","0","0","8863","1","182327","21","7180","10","7912","3","22218","5","5555","1","1","128031","23","0","0","0","0","0","0","0","0","437954","2","0","0","79801022","2812","813514","11","0","0","0","0","0","0","410040","6","102510","1660","1","415","0","0","0","0","0","0","0","0","0","465156","20","58144","0","0","0","0","0","0","0","0","0","0","0","0","0","0","0","0","0","0","0","0","0","0","0","0","0","0","0","0","0","0","0","0","0","0","615850","21","0","0","0","0","0","0","0","0","209250","2","0","0","0","0","0","0","6779927","14","0","0","1400","1","0","0","0","0","0","0","2287","2","0","0","894","2","25469","32","213386","8","2598689","86","0","0","0","0","0","0","72760","2","982291","10","455821","5","187","1","5509","7","0","0","66559","4","17364","2","6105","25","31621","32","20451","4","0","0","0","0","0","0","37896","2","50724","17","0","0","0","0","0","0","93","1","0","0","0","0","12499","2","0","0","0","0","0","0","0","0","0","0","0","0","0","0","84518","9","0","0","0","0","0","0","318820","15","0","0","0","0","39292","12","0","0","154","3","0","0","0","0","0","0","0","0","160015","0","0","0","0","0","0","0","0","0","0","0","0","0","0","5","0","4"
"Тюменская область","2817492796","1699195462","156609099","266250112","2520441655","1638018699","116597258","260930170","637967","148468","4413440","167488283","3613","0","334332113","61731929","557","272600184","100843087","29827332","38782","2234653","13","993330","0","7443989","0","3","0","2300722","2655611","270075","15432982","0","0","0","0","0","0","0","26104954","0","6173","1548","2754","317","77","7657170","16591882","0","7504320","13802638","0","164925","2805214","0","41231","701304","0","13194","224417","0","12075","15970","0","116","73","0","17","4","0","1824718","0","0","1786764","0","0","150129","0","0","0","0","0","15013","0","0","22519","0","0","12010","0","0","112176","0","0","2","0","0","0","0","0","0","0","0","0","0","0","0","0","0","0","0","0","0","0","0","0","0","0","0","0","0","0","0","476517","970187","451902","959050","28117","11136","2249","891","3502","0","1","0","65439495","0","61066490","0","7443007","0","595441","0","3070003","0","38","0","0","0","0","0","0","0","0","0","0","0","0","0","0","0","0","0","0","0","0","0","0","0","0","0","0","0","0","0","13848341","185830","0","12571889","145561","0","0","0","0","1317316","40269","65866","3222","0","0","39519","0","223944","6846","0","40864","0","0","2","0","0","0","0","0","0","0","0","0","0","0","0","0","0","0","0","0","0","0","1382619","999053","158735","235738","10907","18859","3","5","0","0","0","0","0","0","0","405279149","405276348","35348613","34988146","1788997","669202","1520583","0","116172750","156549","0","1868560","40","0","28863","0","0","0","28903","0","0","0","0","0","0","0","0","0","0","0","0","0","0","0","0","0","0","0","0","15543135","1","0","0","0","0","168","3149532","37637889","0","0","0","0","0","0","0","0","0","0","0","0","0","0","13841","4","18","1","0","0","0","0","0","0","73633","1","9204","1106441","4","276610","0","0","0","3830131","3","638355","0","0","0","0","0","0","0","0","0","0","26530","1","3316","0","0","0","0","0","0","0","0","0","0","0","119127","3","29782","116536","9","366728","6","50054","13","221869","25","315077","2","0","0","0","2787528","12","3139154","35","242406","23","78914","9","36075","9","9019","4568","4","635726","33","0","0","0","0","0","0","1098","1","6930","1","0","0","142926010","3733","1265628","9","0","0","0","0","0","0","2006145","4","501536","361","1","90","1633","1","204","0","0","0","0","0","0","655678","38","81960","11986","1","1998","0","0","0","0","0","0","0","0","0","0","0","0","0","0","0","0","0","0","0","0","0","0","0","0","0","0","0","0","0","0","0","881549","24","85","1","0","0","15585415","5","0","0","15566","2","0","0","0","0","0","0","17382592","12","0","0","0","0","0","0","0","0","0","0","13218","3","0","0","0","0","370325","29","128521","2","604336","35","92","1","0","0","0","0","1406524","12","1855563","23","413104","5","49751","1","1265","3","0","0","75533","2","0","0","199","1","8839","4","93567","8","0","0","0","0","158288","5","43639","1","259051","5","0","0","0","0","0","0","4104","2","2595","1","0","0","2781538","3","0","0","0","0","0","0","0","0","0","0","0","0","0","0","1692","1","0","0","2800375","3","0","0","0","0","0","0","0","0","17400","2","1490","1","0","0","2","1","0","0","0","0","0","0","47846290","5702","0","0","0","0","0","0","0","0","0","0","0","0","0","23","2","15"
"Ульяновская область","967801305","66534461","85836016","12078826","946673140","73058026","43634831","16544747","184571","66526","890149","49500","20456","2088","62604433","5503735","139","57100698","10973912","4203523","179","47347","8","0","0","0","0","0","0","784391","340229","7093","1375934","0","0","364269","1032095","29","753","1","2820398","211","4997","283","2427","267","17","1836299","4859930","654678","1788139","4120801","464208","48160","739339","190470","12040","184835","47617","3853","59147","15238","0","210","0","71","43","1","0","2","0","7903130","0","9385088","8186766","0","8609279","439503","0","1028166","0","0","43224","43950","0","54030","65925","0","159788","35160","0","39029","844701","0","261097","1","0","7","0","0","2110563","0","0","1969444","0","0","0","0","0","141119","0","0","0","0","0","0","0","11289","0","0","0","0","0","0","299048","33815","297855","33597","2958","218","237","17","1765","0","1","0","19343866","0","15427240","0","4186484","0","334919","0","269857","0","9","0","0","0","0","0","0","0","0","0","0","0","0","0","0","0","0","0","0","0","0","0","0","0","0","0","0","0","0","0","19219644","84083856","0","14962032","79379833","0","3165","1515475","0","4317398","3188547","215870","255084","0","0","129522","0","733958","542053","0","62950","0","0","3","0","0","0","0","0","0","0","0","0","0","0","0","0","0","0","0","0","0","0","2400727","2400838","0","8324","8436","666","3","0","0","0","0","0","0","0","0","1700","1701","182728","292623","0","0","463","4950","3832682","587500","0","655096","18600","0","4000","0","0","4000","18600","0","0","0","0","0","0","0","0","0","0","18035","0","0","0","0","0","0","0","5880","182","0","0","0","0","0","0","94","290188","1589047","0","0","0","0","0","0","0","0","0","0","0","0","0","0","0","0","0","0","0","0","0","0","0","0","0","0","0","1064","1","266","0","0","0","0","0","0","0","0","0","0","0","0","0","0","316","1","0","0","0","110937","1","0","0","0","0","0","0","0","0","0","2592","1","648","6556","7","13923","4","34139","15","25421","19","0","0","107","1","27","687","2","40018","12","4866","8","65537","3","83549","5","20887","5388","2","31303","18","0","0","0","0","0","0","0","0","0","0","0","0","18815839","2053","90614","6","0","0","0","0","0","0","0","0","0","0","0","0","0","0","0","0","0","0","0","0","0","14632","9","1829","0","0","0","0","0","0","0","0","0","0","0","0","0","0","0","0","0","0","0","0","0","0","0","0","0","0","0","0","0","0","0","0","0","0","431433","16","0","0","0","0","814724","1","0","0","0","0","0","0","1110737","1","0","0","4237095","7","177","1","179496","5","0","0","0","0","0","0","44","2","0","0","0","0","228026","48","0","0","265708","40","0","0","0","0","0","0","91110","4","240790","13","16404","3","18225","2","29142","3","0","0","56852","3","0","0","13138","1","813","1","2076","5","0","0","0","0","0","0","1455","2","0","0","0","0","0","0","0","0","0","0","0","0","0","0","0","0","0","0","0","0","0","0","0","0","0","0","0","0","0","0","50860","9","0","0","0","0","0","0","318776","8","0","0","0","0","28785","9","422","1","0","0","0","0","0","0","0","0","0","0","0","0","0","0","0","0","0","0","0","0","0","0","0","0","0","5","0","4"
"Челябинская область","4454678632","1149171724","317977564","132452816","4047100302","1212425409","310648634","201763557","2900249","403859","34359335","2302111","17499","2555","383455282","14204063","1052","369251218","134465232","29536630","24582","817185","28","166524","0","1467325","0","52","0","3844214","1756706","55212","3551016","0","0","0","0","0","0","0","6002050","113","18853","2731","6819","776","40","4961995","30225809","56040","4801918","25308421","52126","166407","4967421","3915","41602","1241855","979","13313","397394","313","6330","50573","0","255","150","1","6","11","0","14121687","0","7631763","12707482","0","6378558","1404119","0","1333078","0","0","32472","140718","0","40590","210312","0","260208","112330","0","74174","0","0","88523","0","0","6","0","0","4670338","0","0","3851476","0","0","0","0","0","1164872","0","0","0","0","4697","0","0","93190","0","0","346010","0","0","1","614599","368699","588668","324795","26680","43904","2134","3512","750","0","1","0","5123556","0","4185851","0","1175736","0","94059","0","238030","0","6","0","0","0","0","0","0","0","0","0","0","0","0","0","0","0","0","0","0","0","0","0","0","0","0","0","0","0","0","0","12318127","6908925","0","10719299","5869584","0","10548","0","0","1691297","1246895","84565","99751","0","0","50739","0","287520","211972","0","103017","207554","0","6","1","0","0","0","0","0","0","0","0","0","0","0","0","0","0","0","0","0","0","6983604","7709104","6426","82677","814603","6614","5","4","0","0","0","0","0","0","0","7850367","6919273","1186907","507304","0","0","24627","5431450","23306901","3029618","0","18073597","80708","0","63","0","0","0","12003","0","1599","47020","0","0","0","0","0","141176","0","0","0","0","0","0","0","0","0","0","151142","90881","2","41067","1","0","0","347","6047516","31397199","808","1","202","0","0","0","0","0","0","0","0","0","0","0","7159139","6","58365","4","0","0","0","0","0","0","0","0","0","22728","1","5682","0","0","0","28255","4","4709","0","0","0","0","0","0","88235","1","13323","6","0","0","0","4142594","2","0","0","0","0","0","0","0","0","0","20475","2","5119","691362","13","475711","12","749669","34","326254","54","0","0","0","0","0","88112","4","1822165","57","30675","17","55988","7","44916","5","11229","122144","7","487410","73","0","0","0","0","0","0","32","1","1308","1","5","1","131737246","8585","9862273","37","0","0","0","0","0","0","149011","8","37253","298","1","75","0","0","0","0","0","0","10119","2","1265","323965","70","40496","0","0","0","0","0","0","0","0","0","0","3049719","1","0","0","0","0","0","0","0","0","0","0","0","0","0","0","0","0","0","0","0","0","0","0","343567","27","4233","2","0","0","9596670","9","0","0","56900","2","0","0","896413","3","0","0","11308728","20","96704","5","6394744","13","0","0","0","0","0","0","665","2","637275","1","20725","4","536065","52","119945","13","3883166","256","14181","1","21475","6","0","0","1274675","15","10001873","184","1288599","174","6427","5","141543","29","0","0","437434","9","0","0","850","7","27181","21","38643","6","0","0","0","0","66320","13","9550","2","991","2","0","0","0","0","0","0","0","0","0","0","1602","1","137995","3","0","0","0","0","0","0","0","0","0","0","0","0","0","0","5007","5","0","0","55457","16","0","0","48214","176","0","0","3228396","4","51709","3","0","0","5052","1","0","0","0","0","0","0","8959","0","195","0","8959","0","0","0","8959","0","0","0","0","0","0","0","0","29","7","21"
"Ярославская область","1535712084","1050433938","88490600","1771562162","1430368505","1157112084","89452713","1542168819","264199","371620","1422820","160150254","11883","153","103758206","6892626","406","96865634","32536455","7749247","14107","86569","12","0","0","0","0","0","0","1404322","631568","2812966","1723157","0","0","0","0","0","0","0","1809726","554","6881","973","2496","332","12","2565810","8036130","66154","2140316","6521502","60564","427022","1516287","5590","106756","379072","1398","34162","121303","447","1527","1659","0","386","60","3","16","3","0","241911","0","23745670","257283","0","20524250","0","0","3312438","0","0","4953","0","0","10750","0","0","812406","0","0","260042","15372","0","145262","1","0","5","0","0","0","0","0","0","0","0","0","0","0","0","0","0","0","0","0","0","0","0","0","0","0","0","0","0","262817","252359","250575","244786","14418","8498","1153","680","2176","925","3","1","20504750","0","17082779","0","3688496","0","295080","0","266526","0","12","0","0","0","0","0","0","0","0","0","0","0","0","0","0","0","0","0","0","0","0","0","0","0","0","0","0","0","0","0","31837028","1964116","0","26500533","1825724","0","857","0","0","5349589","138393","267479","11071","0","0","160488","0","909430","23527","0","13950","0","0","2","0","0","0","0","0","0","0","0","0","0","0","0","0","0","0","0","0","0","0","95065","118399","0","0","23334","0","10","1","0","0","0","0","0","0","0","154592","125100","10481477","10015759","998753","468482","1013244","21187","14210008","6932447","0","3100105","40828","0","1354","0","0","0","33210","0","6395","0","0","0","0","0","0","0","0","42801","0","0","0","0","0","0","0","0","5406","0","0","397409","3","0","0","135","1785162","12927467","0","0","0","0","0","0","0","0","0","0","0","0","0","0","112946","1","168219","1","0","0","0","0","0","0","0","0","0","0","0","0","0","0","0","9117976","2","1519663","0","0","0","0","0","0","0","0","132","1","0","0","0","0","0","0","0","0","0","0","0","0","0","0","0","0","0","10595","9","11211","3","134338","20","77924","28","771","1","0","0","0","57537","4","436371","29","4202","6","29471","7","11326","3","2831","79","1","98911","35","0","0","0","0","0","0","0","0","64649","1","0","0","74555317","3246","371129","13","0","0","0","0","0","0","40156","3","10039","0","0","0","0","0","0","0","0","0","0","0","0","553337","13","69167","0","0","0","0","0","0","0","0","0","0","0","0","0","0","0","0","0","0","0","0","0","0","0","0","0","0","0","0","0","0","0","0","0","0","181227","16","0","0","0","0","862512","2","0","0","12250","1","0","0","0","0","0","0","7913350","11","0","0","10347","4","0","0","0","0","0","0","2979","1","0","0","0","0","1516896","23","100537","3","805094","68","0","0","41032","1","0","0","106472","5","897711","16","617134","9","19472","3","2175","7","0","0","64132","2","0","0","68","2","23765","6","316547","3","0","0","0","0","1980","1","2290","3","17095","3","0","0","0","0","0","0","56849","1","0","0","0","0","0","0","0","0","0","0","0","0","0","0","0","0","0","0","0","0","25671","18","0","0","245259","3","0","0","25758","16","0","0","1608635","1","23303","8","0","0","5882","2","0","0","0","0","0","0","2904975","0","95998","0","1464108","0","0","0","1464108","0","0","0","0","0","0","0","0","24","1","17"
"г. Москва","144273762547","40770344145","360097212491","38288982592","136145960220","42284528123","348217471396","38562659919","111685550","69825627","7589556580","3890328682","1028684","113960692","12774552456","561355419","11228","12213203011","5659414606","996722780","8052137","7159170","78","1097151","0","6518591","0","41","0","178788460","61125669","4169324","140338855","0","0","3170705","8777128","72","1551496","68","168613096","3998881","160880","26392","57289","4485","239","251637774","519719992","46622483","224558740","440802565","36981686","29109126","81608028","9641386","7277283","20402007","2410346","2328730","6528643","771311","2053209","3338880","589","896","974","43","21","67","1","0","3562735","136786","0","3336368","210269","0","113183","0","0","0","0","0","19241","0","0","9055","0","0","9055","0","0","0","73483","0","0","1","0","3372410","31456099","0","3241952","30280014","0","0","318614","0","130459","857471","0","10437","0","13607","49908","0","0","42107","0","0","0","0","0","0","5438636","13104509","3917622","12385292","1525459","878834","122037","70307","4445","159619","5","9","15357749","68553550","14338056","68186259","1177383","376536","94191","0","157690","9246","6","1","0","0","0","0","0","0","0","0","0","0","0","0","0","0","0","0","0","0","0","0","0","0","0","0","0","0","0","0","3478139459","711530718","0","2829070827","645802969","0","16543959","1701179","0","717595794","83543183","35879790","6683455","0","0","21527873","0","121991285","14202341","0","87295237","20829151","0","372","26","0","2747423","0","2970189","0","0","0","73713","0","5897","0","390","0","12142","0","296480","0","1","270360604","193602164","1513030","35340050","10847908","2827204","83","224","0","0","0","0","0","0","0","9971893285","11014454337","2847900442","2714351249","7077778440","6957499292","328285506","236320349","3730774260","689547839","23835808","805276455","704767111","56861","20454033","41979117","61321914","45486361","473540582","162618","40755676","5100855","0","0","264927754","0","202764094","9784063","0","37893765","1560863","54947069","0","5433388","3438055","76754947","129874183","48255645","292646018","34194309","17","3862511","29","0","0","2381","139234945","556324349","0","0","0","0","0","0","0","0","0","0","0","0","0","0","12477112","10","132998","6","0","0","0","0","0","0","0","0","0","10365204","11","2591301","0","0","0","235584777","32","39264130","28987","1","4831","0","0","0","1335669","3","2776029","105","47638","3","5955","58963871","10","2605319","1","651330","0","0","0","0","1","0","1882291","54","470573","3709568","94","2870744","72","14604893","270","11196613","363","817051","11","235489","19","58872","40071924","117","54437786","1192","2216280","383","1014161","140","3155705","56","788926","238378","42","14527596","755","0","0","0","0","0","0","881828","21","6057055","17","156001","4","3922288751","79938","90277321","187","19","2","5","0","0","0","37955763","57","9488941","1381571","14","345393","6512226","10","814028","173651","4","21706","105255636","13","13156955","29334554","1089","3666819","5118370","17","853062","15813611","3","2635602","4","5","0","0","1837980730","161","13642497","28","2075769","2","30622112","18","0","0","1202991575","1","944567","3","0","0","1630","1","6700","1","3315198","3","27093","1","241824384","513","36303","6","0","0","597219172","25","0","0","2840907","22","20008","2","1444206","6","4224279","1","174565107","93","1913753826","13","241718","20","0","0","0","0","0","0","8964766","28","219714","5","1723","1","104586643","548","2753113","26","193354456","758","6850","5","716026","4","5944","1","254694771","97","843448311","97","28135205","20","73520","10","33215622","80","0","0","9855719","28","0","0","531555","84","6382351","393","407019","23","0","0","0","0","3591598","19","369","3","8011590","29","41679853","1","7104039","1","575539","1","5015466","19","1606386","13","862552","2","6163236","9","0","0","0","0","0","0","0","0","16800","1","0","0","0","0","132128","17","1828","1","288167","6","0","0","621199","25","0","0","21769538","4","741693","15","637261","2","0","0","0","0","0","0","0","0","57351770","2812364","459234485","2944105","43440387","994679","14522213","279121","28684917","686435","0","7156865","171609","5291722","124312","1863138","47297","2980","581","1445"
"г. Санкт-Петербург","30438921095","21073275469","5339229725","42740855339","28353493237","20524737645","4379489849","41980853406","9499945","8037716","789231168","2591506695","700775","189960","2288991299","98760949","3757","2190230537","1274507794","177212511","1279102","542656","30","2168729","0","7067378","0","48","0","32802938","14743296","2229733","24690238","0","0","586156","368936","21","65025","2","35489118","809603","63265","7263","13468","1088","91","20710519","145756412","8097707","19133910","119425710","7656794","2003403","26848505","549438","500850","6712127","137360","160273","2147880","43955","426794","525749","108524","1227","499","17","9","23","2","13831535","0","0","12942220","0","0","710326","0","0","0","0","0","71033","0","0","106549","0","0","56826","0","0","0","0","0","0","0","0","0","0","124637150","0","0","97058472","0","0","9232584","0","0","21896191","0","0","0","0","1018270","0","0","1751695","0","0","3550096","0","0","1","6516419","9736783","6090267","8405800","428560","1340398","34285","107232","2408","9415","1","2","2412981","20371846","2365385","20371574","51699","272","4136","22","4102","0","1","0","0","0","0","0","0","0","0","0","0","0","0","0","0","0","0","0","0","0","0","0","0","0","0","0","0","0","0","0","318348401","178827942","0","274299517","154228794","0","879772","700103","0","50139924","24335044","2506997","1946804","0","0","1504198","0","8523787","4136957","0","6970812","435999","0","87","4","0","1609675","0","1513271","0","0","0","104136","0","8331","0","5910","0","11793","0","7732","0","1","9535204","7868083","211557","2710214","94634","108889","19","24","145685306","153917904","0","30977854","7744464","39210452","3","104250395","97716892","224885079","206457230","4432889","6105445","24294335","333812807","1373278299","66718288","130183","137020408","20338886","0","3343081","937809","29863","899279","10374402","0","748215","20412","0","0","107588","0","197105","135186","0","1338920","0","184427","0","444509","390774","1023287","128741","2448869","8470717","166067","5","1417508","15","20927","2","931","89292732","348559200","0","0","0","0","0","0","0","0","0","0","0","5408","1","1352","13529070","11","1572013","3","0","0","0","0","0","0","5835","1","729","1192200","3","298050","0","0","0","2170077","4","361680","0","0","0","31292438","2","5215406","759619","2","749900","26","1333573","2","166697","99059","1","1656846","2","414212","7704420","1","642035","0","0","0","417329","14","104332","783330","34","564081","19","2436566","90","1396614","149","0","0","47996","5","11999","7660412","41","10203070","324","378616","100","355923","38","3357243","41","839311","71594","8","3528226","209","0","0","0","0","0","0","12386","6","12667113","11","1562594","1","1134551757","32379","92399238","62","1031","1","258","0","0","0","64313042","21","16078261","26087","4","6522","2891225","5","361403","213","1","27","140633","2","17579","13247989","270","1655999","200645","5","33441","41477","3","6913","0","1","17908280","1","0","0","44070925","37","3696771","6","35991426","20","0","0","0","0","32555845","1","0","0","0","0","0","0","0","0","0","0","9912494","82","0","0","0","0","57106489","13","0","0","1236894","5","0","0","111825","1","0","0","44158619","34","35657730","7","110773","11","0","0","0","0","0","0","954262","8","0","0","0","0","2987984","139","111505","10","78319658","240","0","0","45208","6","0","0","3223465","19","84286519","139","937403","16","59074","2","438955","25","0","0","5182124","8","0","0","148954","14","5477918","91","234363","13","0","0","0","0","278577","6","1368","1","1195405","4","0","0","0","0","0","0","38364","6","80670","4","81524","1","353982","3","0","0","0","0","0","0","0","0","0","0","0","0","0","0","1037232","10","0","0","239600","8","0","0","1560350","62","0","0","9057","3","190063","7","493","3","39073","1","0","0","0","0","0","0","18859204","429187","1066419826","155899","618920","65987","173785","56044","439583","9943","0","109895","2482","7905","2482","101990","0","698","72","297"
"г. Севастополь","203576204","9781666","11269979","1748428","189430403","12838591","5375879","2351206","175587","3345","77113","0","0","0","20138375","357775","76","19780600","3656358","1553815","0","192","1","0","0","0","0","0","0","418549","104642","199","89444","0","0","0","0","0","0","0","89636","0","1696","197","830","86","8","488678","1763279","0","447542","1509248","0","41136","254031","0","10284","63508","0","3291","20322","0","0","0","0","79","20","0","0","0","0","0","0","0","0","0","0","0","0","0","0","0","0","0","0","0","0","0","0","0","0","0","0","0","0","0","0","0","0","83507867","0","0","73690715","0","0","124432","0","0","10189885","0","0","167688","0","808384","0","0","647503","0","0","495105","0","0","24","0","46650","227840","35899","213276","10751","14686","860","1175","0","121","0","1","298","0","0","0","298","0","24","0","0","0","0","0","0","0","0","0","0","0","0","0","0","0","0","0","0","0","0","0","0","0","0","0","0","0","0","0","0","0","0","0","433518","204990","0","406864","186969","0","0","0","0","27461","18021","1373","1442","0","0","824","0","4668","3064","0","807","0","0","1","0","0","0","0","0","0","0","0","0","0","0","0","0","0","0","0","0","0","0","419795","104655","0","315140","0","25211","0","0","0","0","0","0","0","0","0","58155","29668","0","0","0","0","0","0","58625","390","0","149834","0","0","0","0","0","0","0","0","0","0","0","0","0","0","0","0","0","0","0","0","0","0","0","0","0","0","0","0","0","0","0","0","0","19","3787","420351","0","0","0","0","0","0","0","0","0","0","0","0","0","0","0","0","0","0","0","0","0","0","0","0","0","0","0","0","0","0","0","0","0","0","0","0","0","0","0","0","0","0","0","0","0","0","0","0","0","0","0","0","0","0","0","0","0","0","0","0","0","0","0","0","0","0","0","279","1","4331","1","0","0","0","0","0","0","0","8451","1","0","0","0","0","0","0","0","0","0","0","0","0","0","0","0","0","0","0","0","0","0","0","0","4542100","899","0","0","0","0","0","0","0","0","0","0","0","0","0","0","0","0","0","0","0","0","0","0","0","1061","3","133","0","0","0","0","0","0","0","0","0","0","0","0","0","0","0","0","0","0","0","0","0","0","0","0","0","0","0","0","0","0","0","0","0","0","231674","4","0","0","0","0","116703","2","0","0","0","0","0","0","0","0","0","0","4049510","4","0","0","0","0","0","0","0","0","0","0","0","0","0","0","0","0","9423","12","916120","1","1557343","20","0","0","9569","2","0","0","2948294","4","97342","3","0","0","0","0","693320","2","0","0","5771","2","0","0","67","1","3299","5","2136","2","0","0","0","0","0","0","78504","1","0","0","0","0","0","0","0","0","0","0","0","0","0","0","702","1","0","0","0","0","0","0","0","0","0","0","0","0","0","0","503","1","0","0","0","0","0","0","12423","5","0","0","0","0","0","0","0","0","0","0","0","0","0","0","0","0","0","0","0","0","0","0","0","0","0","0","0","0","0","0","0","0","0","0","0","0"
"Еврейская автономная область","18364077","7492230","2314292","1026632","17211756","10144776","1792371","3001922","5332","4598","0","0","0","0","1679574","115841","16","1563733","4623238","125099","0","133","1","0","0","0","0","0","0","33871","6456","4266","28960","0","0","0","0","0","0","0","29093","0","339","114","284","41","23","115069","446109","0","95024","400660","0","20044","46506","0","5011","11626","0","1604","3720","0","0","1056","0","1","10","0","0","1","0","25545609","1696191","47181","25058982","955160","47067","243313","741031","114","0","0","0","24331","0","0","36497","185258","28","19465","59282","9","0","0","0","0","0","0","0","0","0","0","0","0","0","0","0","0","0","0","0","0","0","0","0","0","0","0","0","0","0","0","0","0","0","0","0","0","0","0","0","0","0","0","0","0","485416","0","337724","0","156052","0","12484","0","8361","0","1","0","0","0","0","0","0","0","0","0","0","0","0","0","0","0","0","0","0","0","0","0","0","0","0","0","0","0","0","0","0","0","0","0","0","0","0","0","0","0","0","0","0","0","0","0","0","0","0","0","0","0","0","0","0","0","0","0","0","0","0","0","0","0","0","0","0","0","0","0","0","0","0","3821121","3534620","0","290610","4109","23249","1","1","0","0","0","0","0","0","0","0","0","0","0","0","0","0","0","918000","0","0","0","0","0","0","0","0","0","0","0","0","0","0","0","0","0","0","0","0","0","0","0","0","0","0","0","0","0","0","0","0","0","0","0","0","3","3651","2527","0","0","0","0","0","0","0","0","0","0","0","0","0","0","0","0","0","0","0","0","0","0","0","0","0","0","0","0","0","0","0","0","0","0","0","0","0","0","0","0","0","0","0","0","0","0","0","0","0","0","0","0","0","0","0","0","0","0","0","0","0","0","0","0","0","0","0","0","0","0","0","0","0","0","0","0","0","0","0","0","0","0","0","0","0","0","0","0","0","0","0","0","0","0","0","0","0","0","0","0","0","0","0","2473066","107","0","0","0","0","0","0","0","0","0","0","0","0","0","0","0","0","0","0","0","0","0","0","0","0","0","0","0","0","0","0","0","0","0","0","0","0","0","0","0","0","0","0","0","0","0","0","0","0","0","0","0","0","0","0","0","0","0","0","0","0","10937","10","0","0","0","0","0","0","0","0","0","0","0","0","0","0","0","0","74254","1","0","0","13559","4","0","0","0","0","0","0","0","0","0","0","0","0","21392","13","30","1","47340","21","2568","1","0","0","0","0","49004","4","4125","2","1603","2","0","0","2399","3","0","0","29666","5","0","0","992","3","842","3","1830","1","0","0","0","0","0","0","0","0","3049","1","0","0","0","0","0","0","0","0","0","0","0","0","14","1","0","0","0","0","0","0","0","0","0","0","0","0","0","0","19572","4","0","0","0","0","0","0","1772","1","0","0","0","0","0","0","0","0","0","0","0","0","0","0","0","0","0","0","0","0","0","0","0","0","0","0","0","0","0","0","0","0","0","0","0","0"
"Ненецкий АО","0","0","0","0","0","0","0","0","0","0","0","0","0","0","0","0","0","0","0","0","0","0","0","0","0","0","0","0","0","0","0","0","0","0","0","0","0","0","0","0","0","0","0","0","0","0","0","0","0","0","0","0","0","0","0","0","0","0","0","0","0","0","0","0","0","0","0","0","0","0","0","0","0","0","0","0","0","0","0","0","0","0","0","0","0","0","0","0","0","0","0","0","0","0","0","0","0","0","0","0","0","0","0","0","0","0","0","0","0","0","0","0","0","0","0","0","0","0","0","0","0","0","0","0","0","0","0","0","0","0","0","0","0","0","0","0","0","0","0","0","0","0","0","0","0","0","0","0","0","0","0","0","0","0","0","0","0","0","0","0","0","0","0","0","0","0","0","0","0","0","0","0","0","0","0","0","0","0","0","0","0","0","0","0","0","0","0","0","0","0","0","0","0","0","0","0","0","0","0","0","0","0","0","0","0","0","0","0","0","0","0","0","0","0","0","0","0","0","0","0","0","0","0","0","0","0","0","0","0","0","0","0","0","0","0","0","0","0","0","0","0","0","0","0","0","0","0","0","0","0","0","0","0","0","0","0","0","0","0","0","0","0","0","0","0","0","0","0","0","0","0","0","0","0","0","0","0","0","0","0","0","0","0","0","0","0","0","0","0","0","0","0","0","0","0","0","0","0","0","0","0","0","0","0","0","0","0","0","0","0","0","0","0","0","0","0","0","0","0","0","0","0","0","0","0","0","0","0","0","0","0","0","0","0","0","0","0","0","0","0","0","0","0","0","0","0","0","0","0","0","0","0","0","0","0","0","0","0","0","0","0","0","0","0","0","0","0","0","0","0","0","0","0","0","0","0","0","0","0","0","0","0","0","0","0","0","0","0","0","0","0","0","0","0","0","0","0","0","0","0","0","0","0","0","0","0","0","0","0","0","0","0","0","0","0","0","0","0","0","0","0","0","0","0","0","0","0","0","0","0","0","0","0","0","0","0","0","0","0","0","0","0","0","0","0","0","0","0","0","0","0","0","0","0","0","0","0","0","0","0","0","0","0","0","0","0","0","0","0","0","0","0","0","0","0","0","0","0","0","0","0","0","0","0","0","0","0","0","0","0","0","0","0","0","0","0","0","0","0","0","0","0","0","0","0","0","0","0","0","0","0","0","0","0","0","0","0","0","0","0","0","0","0","0","0","0","0","0","0","0","0","0","0","0","0","0","0","0","0","0","0","0","0","0","0","0","0","0","0","0","0","0","0","0","0","0","0","0","0","0","0","0","0","0","0","0","0","0","0","0","0","0","0","0","0","0","0","0","0","0","0","0","0","0","0","0","0","0","0","0","0","0","0","0","0","0","0","0","0","0","0"
"Ханты-Мансийский АО - Югра","7553151154","914737320","1245524520","32498221","6928978985","948808303","494923929","79878382","2833819","74472","79768908","197958","382421","1380","1297432462","13993870","339","1283440375","81545577","102666876","0","3245678","22","6330604","0","34209122","0","15","0","5122638","5135635","82559","3498468","0","0","0","0","0","0","0","47283872","26","4408","808","1901","326","20","3089406","9230613","0","2843125","8163013","0","309494","1149596","0","77373","287399","0","24759","91968","0","63213","81605","0","193","78","0","5","11","0","0","0","0","0","0","0","0","0","0","0","0","0","0","0","0","0","0","0","0","0","0","0","0","0","0","0","0","0","0","0","0","0","0","0","0","0","0","0","0","0","0","0","0","0","0","0","0","0","0","0","0","0","0","363373","98078","344675","57849","18937","40239","1515","3219","238","10","1","1","173536","5012151","137028","4997445","36508","14706","2921","1176","0","0","0","0","0","0","0","0","0","0","0","0","0","0","0","0","0","0","0","0","0","0","0","0","0","0","0","0","0","0","0","81009","531611","0","84812","488785","0","0","0","0","0","42826","0","2141","0","0","0","1285","0","7280","0","3804","0","0","1","0","0","0","0","0","0","0","0","0","0","0","0","0","0","0","0","0","0","0","0","32158804","34171079","558679","838566","3409521","67071","1","2","0","0","0","0","0","0","0","18263583","18234416","6920517","6702477","0","0","113513","17042","192011344","42149402","0","28746434","3361","0","320138","0","0","0","1896","0","49794","0","0","0","432","0","70","0","0","0","0","0","0","0","0","54473","0","0","600","53070","1","55343","1","0","0","168","11638170","164039075","0","0","0","0","0","0","0","0","0","0","0","0","0","0","11559782","14","29186","1","0","0","0","0","0","0","0","0","0","1900464","9","475116","0","0","0","56577","5","9430","0","0","0","0","0","0","360245","1","6177","5","56005","1","7001","0","0","2180934","2","545234","0","0","0","0","0","0","420387","12","105097","742445","23","536521","10","360011","29","1708687","51","1779","6","13200","5","3300","6297845","20","3298667","59","127201","44","224185","13","646870","4","161717","62084","6","1286893","57","0","0","0","0","0","0","1952","1","2895139","3","0","0","446958760","2766","3096854","14","100","1","25","0","0","0","4064387","9","1016097","66844","5","16711","67532","2","8441","490517","2","61315","0","0","0","1042487","20","130311","0","0","0","0","0","0","0","0","0","0","0","0","40250","1","0","0","0","0","0","0","0","0","0","0","0","0","0","0","0","0","0","0","0","0","37281","34","3404252","3","0","0","0","0","0","0","0","0","0","0","0","0","0","0","11564804","15","37516","1","0","0","0","0","36","1","0","0","0","0","0","0","0","0","704079","26","6115","4","430110","94","0","0","80","1","0","0","1945392","8","8614101","28","519332","10","11569","5","95702","16","0","0","38206","1","0","0","2429","3","31721","10","804035","8","0","0","0","0","275060","1","43929","2","0","0","0","0","0","0","0","0","0","0","4067","1","0","0","1517","1","0","0","0","0","0","0","0","0","0","0","0","0","0","0","17328","7","0","0","3828309","3","0","0","6172","12","0","0","0","0","0","0","0","0","10853","2","0","0","0","0","0","0","0","18968","1521785","8986","0","16197","0","0","0","16197","0","0","0","0","0","0","0","1","2","2"
"Чукотский АО","343109290","38851351","66895944","41184701","250830389","54954757","69219248","42827793","17069","48457","0","0","5970","0","89966696","1734775","23","88231921","17698041","7058554","0","13770","1","0","0","0","0","0","0","849016","184455","24600","433694","0","0","0","0","0","0","0","447464","0","191","77","18","3","160","2852","0","0","2852","0","0","0","0","0","0","0","0","0","0","0","0","0","0","1","0","0","0","0","0","0","0","124427612","0","0","91592066","0","0","43486553","0","0","34146","0","0","43451","0","0","10794041","0","0","3444778","0","0","10763803","0","0","9","0","5859761","0","0","4881647","0","0","0","0","0","980040","0","0","46514","0","58142","0","0","31889","0","0","1926","0","0","2","0","0","0","0","0","0","0","0","0","0","0","0","0","0","0","0","0","0","0","0","0","0","0","0","0","0","0","0","0","0","0","0","0","0","0","0","0","0","0","0","0","0","0","0","0","0","0","0","0","0","0","0","12719451","0","0","13518898","0","0","0","0","0","2252557","0","0","0","0","0","180205","0","382935","0","0","3052003","0","0","5","0","0","0","0","0","0","0","0","0","0","0","0","0","0","0","0","0","0","0","0","0","0","0","0","0","0","0","0","0","0","0","0","0","0","0","0","0","0","0","1335443","2034925","0","0","141306321","116224","0","0","0","0","0","0","0","0","0","0","0","0","0","0","0","0","0","0","0","0","0","0","0","0","0","0","0","0","0","0","0","0","0","0","0","17","164740","7768380","0","0","0","0","0","0","0","0","0","0","0","0","0","0","201648","2","0","0","0","0","0","0","0","0","0","0","0","0","0","0","0","0","0","0","0","0","0","0","0","0","0","0","0","0","320","1","0","0","0","0","0","0","0","0","0","0","0","0","0","0","0","0","0","14663","2","0","0","767","1","22462","4","0","0","0","0","0","119","1","16387","4","0","0","84","1","9481","1","2370","0","0","13497","3","0","0","0","0","0","0","6762","1","0","0","0","0","15223176","135","0","0","0","0","0","0","0","0","0","0","0","0","0","0","0","0","0","0","0","0","0","0","0","7","1","1","0","0","0","0","0","0","0","0","0","0","0","0","0","0","0","0","0","0","0","0","0","0","0","0","0","0","0","0","0","0","0","0","0","0","13986","7","0","0","0","0","0","0","0","0","0","0","0","0","0","0","0","0","6802646","1","0","0","0","0","0","0","0","0","0","0","308370","3","0","0","0","0","153317","6","16956","8","80740","15","0","0","0","0","0","0","389629","17","667391","8","108914","12","0","0","278387","1","0","0","0","0","0","0","2109","1","0","0","461","1","0","0","0","0","0","0","0","0","0","0","0","0","0","0","0","0","0","0","0","0","0","0","0","0","0","0","0","0","0","0","0","0","0","0","0","0","0","0","0","0","0","0","48","1","0","0","7849","12","0","0","0","0","0","0","0","0","0","0","0","0","0","0","0","0","0","0","0","0","0","0","0","0","0","0","0","0","0","0","0","0","0","0","0","0"
"Ямало-Ненецкий АО","4827924157","1295577689","452362598","216097863","4350730469","1365017138","232948347","519545248","4029922","814165","227348268","49290882","138478","0","474793617","11485201","68","463439160","420277281","37063424","164","279374","7","21398","0","146229","0","1","0","5158626","1816257","65711","2871300","0","0","0","0","0","0","0","3318301","0","958","303","605","111","4","508522","3087772","30742","522437","2702329","26711","139289","432605","4030","34822","108151","1008","11143","34608","322","153204","23414","0","142","21","7","28","5","0","0","0","0","0","0","0","0","0","0","0","0","0","0","0","0","0","0","0","0","0","0","0","0","0","0","0","0","0","0","0","0","0","0","0","0","0","0","0","0","0","0","0","0","0","0","0","0","0","0","0","0","0","0","25487","71752","21817","71299","3670","2018","294","161","0","1565","0","1","33223","0","33342","0","0","0","0","0","118","0","1","0","0","826759765","0","0","447126118","0","0","0","0","0","379633647","0","0","11389009","0","0","52332119","0","0","12205601","0","0","0","0","0","0","0","977323","69751","0","844279","65600","0","0","1370","0","133044","2782","0","139","0","3429","10643","83","19189","473","0","0","0","0","0","0","0","0","0","0","0","0","0","0","0","0","0","0","0","0","0","0","0","0","0","27982011","25822022","60855","2489903","390769","199192","4","6","15","245604","0","0","0","245589","2","34","0","5315158","3538860","0","0","1776868","86393","247316402","24188172","0","38707044","196207568","0","2318","0","92899264","0","103308304","22352734","0","4396418","0","0","0","0","0","0","0","0","0","0","0","0","0","0","45204475","1943463","5921762","0","0","0","0","0","0","73","25963397","128071102","0","0","0","0","0","0","0","0","0","0","0","0","0","0","504001","5","0","0","0","0","0","0","0","0","0","0","0","761942","4","190485","0","0","0","17512007","3","2918668","0","0","0","0","0","0","0","0","12046","4","0","0","0","0","0","7295523","4","1823881","0","0","0","0","0","0","495725","7","123931","1087609","16","25289","2","201888","15","523471","33","2583","3","0","0","0","3802719","13","2943144","30","94343","17","201681","8","1096876","9","274219","41186","4","721625","30","0","0","0","0","0","0","12907","1","1302549","5","0","0","468013585","690","130391","3","0","0","0","0","0","0","753880","9","188470","14412","4","3603","460468","2","57559","117542","1","14693","85203","2","10650","774886","27","96861","194910","3","32485","0","0","0","0","0","0","0","0","0","0","0","0","0","0","0","0","0","0","0","561069","2","0","0","0","0","0","0","0","0","0","0","17076","45","0","0","0","0","495049","2","0","0","0","0","0","0","0","0","0","0","11314518","7","18422839","4","0","0","0","0","0","0","0","0","51654","2","0","0","0","0","162748","7","0","0","334551","73","0","0","23228","1","0","0","81733","1","45641878","5","572019","6","24470","2","20220","2","0","0","21265","1","0","0","0","0","0","0","21938","3","0","0","0","0","608","1","0","0","0","0","0","0","0","0","0","0","284561","1","0","0","0","0","0","0","0","0","0","0","0","0","0","0","0","0","0","0","0","0","2029","5","0","0","1286331","4","0","0","0","0","0","0","0","0","0","0","0","0","0","0","0","0","0","0","0","0","751213","0","127","0","751213","0","751213","0","0","0","0","0","0","0","0","0","0","25","0","5"
