"GA","GB","G1","G2","G3","G4","G5","G6","G7","G8","G9","G10","G11","G12","G13","G14","G15","G16","G17","G18","G19","G20","G21","G22","G23","G24","G25","G26","G27","G28","G29","G30","G31","G32","G33","G34","G35","G36","G37","G38","G39","G40","G41","G42","G43","G44","G45","G46","G47","G48","G49","G50","G51","G52","G53","G54","G55","G56","G57","G58","G59","G60","G61","G62","G63","G64","G65","G66","G67","G68","G69","G70","G71","G72","G73","G74","G75","G76","G77","G78","G79","G80","G81","G82","G83","G84","G85","G86","G87","G88","G89","G90","G91","G92","G93","G94","G95","G96","G97","G98","G99","G100","G101","G102","G103","G104","G105","G106","G107","G108","G109","G110","G111","G112","G113","G114","G115","G116","G117","G118","G119","G120","G121","G122","G123","G124","G125","G126","G127","G128","G129","G130","G131","G132","G133","G134","G135","G136","G137","G138","G139","G140","G141","G142","G143","G144","G145","G146","G147","G148","G149","G150","G151","G152","G153","G154","G155","G156","G157","G158","G159","G160","G161","G162","G163","G164","G165","G166","G167","G168","G169","G170","G171","G172","G173","G174","G175","G176","G177","G178","G179","G180","G181","G182","G183","G184","G185","G186","G187","G188","G189","G190","G191","G192","G193","G194","G195","G196","G197","G198","G199","G200","G201","G202","G203","G204","G205","G206","G207","G208","G209","G210","G211","G212","G213","G214","G215","G216","G217","G218","G219","G220","G221","G222","G223","G224","G225","G226","G227","G228","G229","G230","G231","G232","G233","G234","G235","G236","G237","G238","G239","G240","G241","G242","G243","G244","G245","G246","G247","G248","G249","G250","G251","G252","G253","G254","G255","G256","G257","G258","G259","G260","G261","G262","G263","G264","G265","G266","G267","G268","G269","G270","G271","G272","G273","G274","G275","G276","G277","G278","G279","G280","G281","G282","G283","G284","G285","G286","G287","G288","G289","G290","G291","G292","G293","G294","G295","G296","G297","G298","G299","G300","G301","G302","G303","G304","G305","G306","G307","G308","G309","G310","G311","G312","G313","G314","G315","G316","G317","G318","G319","G320","G321","G322","G323","G324","G325","G326","G327","G328","G329","G330","G331","G332","G333","G334","G335","G336","G337","G338","G339","G340","G341","G342","G343","G344","G345","G346","G347","G348","G349","G350","G351","G352","G353","G354","G355","G356","G357","G358","G359","G360","G361","G362","G363","G364","G365","G366","G367","G368","G369","G370","G371","G372","G373","G374","G375","G376","G377","G378","G379","G380","G381","G382","G383","G384","G385","G386","G387","G388","G389","G390","G391","G392","G393","G394","G395","G396","G397","G398","G399","G400","G401","G402","G403","G404","G405","G406","G407","G408","G409","G410","G411","G412","G413","G414","G415","G416","G417","G418","G419","G420","G421","G422","G423","G424","G425","G426","G427","G428","G429","G430","G431","G432","G433","G434","G435","G436","G437","G438","G439","G440","G441","G442","G443","G444","G445","G446","G447","G448","G449","G450","G451","G452","G453","G454","G455","G456","G457","G458","G459","G460","G461","G462","G463","G464","G465","G466","G467","G468","G469","G470","G471","G472","G473","G474","G475","G476","G477","G478","G479","G480","G481","G482","G483","G484","G485","G486","G487","G488","G489","G490","G491","G492","G493","G494","G495","G496","G497","G498","G499","G500","G501","G502","G503","G504","G505","G506","G507","G508","G509","G510","G511","G512","G513","G514","G515","G516","G517","G518","G519","G520","G521","G522","G523","G524","G525","G526","G527","G528","G529","G530","G531","G532","G533","G534","G535","G536","G537","G538","G539","G540","G541","G542","G543","G544","G545","G546","G547","G548","G549","G550","G551","G552","G553","G554","G555","G556","G557","G558","G559","G560","G561","G562","G563","G564","G565","G566","G567","G568","G569","G570","G571","G572","G573","G574","G575","G576","G577","G578","G579","G580","G581","G582","G583","G584","G585","G586","G587"
"Республика Адыгея","98859789","3865839","6360273","331990","92458967","4708568","4352034","909644","14864","2247","0","0","441","0","8423485","266197","38","8157288","1418135","244717","121","0","0","0","37144","5353","17537","803","53239","0","0","0","0","0","0","0","53239","0","0","0","768","113","488","186","0","324897","281193","258930","268016","292216","233806","56880","34164","25123","11376","6833","5025","1706","1025","754","0","45187","0","20","23","2","0","1","0","0","0","0","0","0","0","0","0","0","0","0","0","0","0","0","0","0","0","0","0","0","0","0","0","0","0","0","0","0","0","0","0","0","0","0","0","0","0","0","0","0","0","0","0","0","0","0","0","0","0","0","0","0","0","0","0","31470","0","6239","13993","0","6239","17477","0","0","524","0","0","0","0","0","0","0","0","545689","0","500692","0","145624","0","4369","0","100627","0","4","0","0","0","0","0","0","0","0","0","0","0","0","0","0","0","0","0","0","0","0","0","0","0","0","0","0","0","0","0","8","0","0","4229","0","0","0","0","0","0","0","0","0","0","0","0","0","0","0","4221","0","0","1","0","4149","5051","0","0","902","0","1","1","0","0","0","0","0","0","0","0","0","0","0","0","0","0","0","180000","0","0","1700","60000","0","0","0","0","0","0","0","0","0","0","0","0","0","0","0","0","0","0","0","0","0","0","0","0","0","120000","0","0","0","0","0","0","19","2576","319592","0","0","0","0","0","0","0","0","0","0","0","0","0","0","0","0","0","0","0","0","0","0","0","0","0","0","0","0","0","0","0","0","0","0","0","0","0","0","0","0","0","0","0","0","0","0","0","0","0","0","0","0","0","0","0","0","0","0","0","0","0","0","0","0","0","0","0","4746","1","0","0","0","0","0","0","0","0","0","0","0","0","1459","1459","1459","1","1","1","0","0","0","0","0","0","0","0","0","0","0","0","0","0","0","0","0","0","0","0","0","0","0","0","0","0","0","0","0","0","0","0","0","0","0","0","0","0","0","0","0","0","0","0","0","0","0","0","0","0","0","0","0","0","0","0","0","0","0","0","0","0","0","0","0","0","0","0","0","0","0","0","0","0","0","0","0","0","0","0","0","0","0","0","0","0","0","0","0","0","0","0","0","0","0","0","0","0","0","0","0","0","0","0","0","0","0","0","0","0","0","0","0","0","0","0","0","0","0","0","0","0","0","0","0","0","0","0","0","0","0","0","0","0","0","0","0","0","0","0","0","0","0","0","0","0","0","0","0","0","0","0","0","0","0","0","0","0","0","0","0","0","0","0","0","0","0","0","0","0","0","0","0","0","0","0","0","0","0","0","0","0","0","0","0","0","0","0","0","0","0","0","0","0","0","0","0","0","0","0","0","0","0","0","0","0","0","0","0","0","0","0","0","0","0","0","0","0","0","0","0","0","0","0","0","0","0","0","0","0","0"
"Республика Башкортостан","2582050599","399137132","278098690","14987172","2579504472","414202625","74363292","35637165","881484","224622","15221140","775776","189065","588","191820401","5234702","809","186588527","36267226","5596243","14701","123260","475063","24","891313","280439","593152","42066","1046940","544655","7","1225","20820","1","0","0","2211963","0","0","0","13493","2306","6746","1337","0","2874913","8278507","0","2640428","7249240","0","264952","1043114","0","52990","208623","0","7949","31293","0","30467","17991","0","519","121","0","29","13","0","0","0","22807149","0","0","20212617","0","0","2784007","0","0","66689","0","0","252274","0","0","237825","0","0","16831","0","0","252837","0","0","98","0","0","14","0","0","0","0","0","0","0","0","0","0","0","0","0","0","0","0","0","0","0","0","0","0","0","0","0","0","54225","0","0","54126","0","0","99","0","0","3","0","0","0","0","0","0","0","0","15980746","0","13326354","0","3089739","0","92692","0","435347","0","13","0","0","0","0","0","0","0","0","0","0","0","0","0","0","0","0","0","0","0","0","0","0","0","0","0","0","0","0","0","2115675","1534687","0","1764039","2137037","0","290","0","0","399354","27074","0","812","0","0","0","67890","4603","0","48008","629425","0","3","4","29751","38578","0","0","8827","0","7","0","0","0","0","0","0","0","0","104482767","104384697","522518","506919","222","4196","15599","2390","47756140","715637","0","1363525","204","0","468","0","0","0","0","0","0","0","0","0","0","0","0","0","0","0","0","0","0","0","0","0","0","0","97760","1723","1","0","0","0","0","224","1075971","11170088","20","1","4","2067","1","413","0","0","0","0","0","0","0","0","0","0","0","937781","11","344434","5","0","0","0","0","0","0","1964","1","196","250616","5","25062","0","0","0","819455","7","109261","0","0","0","0","0","0","0","0","0","0","0","0","0","0","0","0","75036","75036","1","15007","0","0","25879","25879","25879","157597","157597","20","73182","13","135138","66564","66564","66564","66564","66564","18","18","18","18","18","59144","351101","351101","351101","74","74","74","0","0","0","0","0","0","0","0","0","2696","2696","2696","2696","2696","2696","2696","2696","2696","2696","0","0","0","0","0","0","0","0","0","0","0","0","0","0","0","0","0","0","0","0","0","0","0","0","0","0","0","0","0","0","0","0","0","0","0","0","0","0","0","0","0","0","0","0","0","0","0","0","0","0","0","0","0","0","0","0","0","0","0","0","0","0","0","0","0","0","0","0","0","0","0","0","0","0","0","0","0","0","0","0","0","0","0","0","0","0","0","0","0","0","0","0","0","0","0","0","0","0","0","0","0","0","0","0","0","0","0","0","0","0","0","0","0","0","0","0","0","0","0","0","0","0","0","0","0","0","0","0","0","0","0","0","0","0","0","0","0","0","0","0","0","0","0","0","0","0","0","0","0","0","0","0","0","0","0","0","0","0","0","0","0","0","0","0","0","0","0","0","0","0","0","0","0","0","0","0","0","0","0","0","0","0","0","0","0","0","0","0","0","0","0","0","0","0","0","0","0","0","0","0","0","0","0","0","0","0","0","0","0","0","0","0"
"Республика Бурятия","210407742","17258741","9086113","2145718","183956618","19076028","13765822","3525620","188316","2161","187095","19548","1313","4196","21771323","469742","63","21301581","3218772","639047","0","0","0","0","124825","127765","62258","19165","93948","194642","1","0","0","0","0","0","288590","39","0","0","1664","193","670","181","0","348410","1137490","0","347578","1020023","0","1280","127118","0","256","25424","0","38","3814","0","448","9651","0","109","24","0","1","1","0","2532370","3719967","178563","8965521","3765395","320402","0","0","3141","0","0","0","0","0","157","0","0","471","0","0","94","6433151","45428","148121","3","1","4","3","1","3","0","0","0","0","0","0","0","0","0","0","0","0","0","0","0","0","0","0","0","0","0","0","0","0","0","0","203297","0","0","170004","0","0","33293","0","0","999","0","0","0","0","0","0","0","0","2748583","769964","2185948","811733","562635","0","16879","0","0","41770","0","1","0","0","0","0","0","0","0","0","0","0","0","0","0","0","0","0","0","0","0","0","0","0","0","0","0","0","0","0","183220","0","0","139778","0","0","0","0","0","43442","0","0","0","0","0","0","7385","0","0","0","0","0","0","0","62962","65222","0","297","2557","9","2","2","0","0","0","0","0","0","0","0","0","0","0","0","0","0","0","1007968","2654","0","3277532","900","0","0","0","0","900","0","0","0","0","0","0","0","0","0","0","0","0","0","0","0","0","0","0","0","2300","0","0","0","0","0","0","0","26","58163","1067542","0","0","0","0","0","0","0","0","0","0","0","0","0","0","0","0","0","0","0","0","0","0","0","0","0","0","0","0","0","0","0","0","0","0","0","0","0","0","0","0","0","0","0","0","0","0","0","0","0","50074","50074","50074","1","1","1","0","0","0","0","0","0","108","108","108","7333","7333","3","0","0","4496","23558","23558","23558","23558","23558","1","1","1","1","1","1912","27603","27603","27603","9","9","9","0","0","0","0","0","0","0","0","0","0","0","0","0","0","0","0","0","0","0","0","0","0","0","0","0","0","0","0","0","0","0","0","0","0","0","0","0","0","0","0","0","0","0","0","0","0","0","0","0","0","0","0","0","0","0","0","0","0","0","0","0","0","0","0","0","0","0","0","0","0","0","0","0","0","0","0","0","0","0","0","0","0","0","0","0","0","0","0","0","0","0","0","0","0","0","0","0","0","0","0","0","0","0","0","0","0","0","0","0","0","0","0","0","0","0","0","0","0","0","0","0","0","0","0","0","0","0","0","0","0","0","0","0","0","0","0","0","0","0","0","0","0","0","0","0","0","0","0","0","0","0","0","0","0","0","0","0","0","0","0","0","0","0","0","0","0","0","0","0","0","0","0","0","0","0","0","0","0","0","0","0","0","0","0","0","0","0","0","0","0","0","0","0","0","0","0","0","0","0","0","0","0","0","0","0","0","0","0","0","0","0","0","0","0","0","0","0","0","0","0","0","0","0","0","0","0","0","0","0","0","0"
"Республика Алтай","79758070","5723591","24817983","1569383","65171014","7807140","2102160","1109797","12007","19080","31497835","5997","2734","0","5814317","394109","16","5420208","1610880","162606","3","0","0","0","34116","59585","5844","10604","78822","47853","32","0","0","0","0","0","126675","0","0","0","425","90","617","55","0","0","80494","0","0","69634","0","0","19856","0","0","3971","0","0","596","0","0","40","0","0","3","0","0","1","0","0","0","0","0","0","0","0","0","0","0","0","0","0","0","0","0","0","0","0","0","0","0","0","0","0","0","0","0","0","0","0","0","0","0","0","0","0","0","0","0","0","0","0","0","0","0","0","0","0","0","0","0","0","0","0","0","0","0","0","0","0","0","0","0","0","0","0","0","0","0","0","0","0","0","62722","0","24928","0","37794","0","1134","0","0","0","0","0","0","0","0","0","0","0","0","0","0","0","0","0","0","0","0","0","0","0","0","0","0","0","0","0","0","0","0","0","0","0","0","0","0","0","0","0","0","0","0","0","0","0","0","0","0","0","0","0","0","0","0","0","0","0","0","0","0","0","0","1","0","0","0","0","0","0","0","442500","434858","47316","47316","22500","40501","0","9838379","10114090","523","0","103328","0","0","0","0","0","0","0","0","0","0","0","0","0","0","0","0","0","0","0","0","0","0","0","0","0","0","0","0","0","0","0","0","0","3","437","48989","0","0","0","0","0","0","0","0","0","0","0","0","0","0","0","0","0","0","0","0","0","0","0","0","0","0","0","0","0","0","0","0","0","0","0","0","0","0","0","0","0","0","0","0","0","0","0","0","0","0","0","0","0","0","0","0","0","0","0","0","0","0","0","0","0","0","0","0","0","0","0","0","0","0","0","0","0","0","0","0","0","0","0","0","0","0","0","0","0","0","0","0","0","0","0","0","0","0","0","0","0","0","0","0","0","0","0","0","0","0","0","0","0","0","0","0","0","0","0","0","0","0","0","0","0","0","0","0","0","0","0","0","0","0","0","0","0","0","0","0","0","0","0","0","0","0","0","0","0","0","0","0","0","0","0","0","0","0","0","0","0","0","0","0","0","0","0","0","0","0","0","0","0","0","0","0","0","0","0","0","0","0","0","0","0","0","0","0","0","0","0","0","0","0","0","0","0","0","0","0","0","0","0","0","0","0","0","0","0","0","0","0","0","0","0","0","0","0","0","0","0","0","0","0","0","0","0","0","0","0","0","0","0","0","0","0","0","0","0","0","0","0","0","0","0","0","0","0","0","0","0","0","0","0","0","0","0","0","0","0","0","0","0","0","0","0","0","0","0","0","0","0","0","0","0","0","0","0","0","0","0","0","0","0","0","0","0","0","0","0","0","0","0","0","0","0","0","0","0","0","0","0","0","0","0","0","0","0","0","0","0","0","0","0","0","0","0","0"
"Республика Дагестан","143682188","6518336","5775184","628135","134903632","8298254","4467087","923005","70450","12488","707","0","1372","0","10158463","636370","95","9522093","2062300","281210","0","4546","73835","2","67839","5636","28928","845","127274","41247","16","0","0","0","0","0","246902","0","0","0","1657","278","1216","750","0","827767","1231620","62187","824993","966196","57589","24161","304531","4598","4832","60906","920","725","9136","138","21387","39107","0","54","45","5","2","3","0","0","0","275097","0","0","244552","0","0","45443","0","0","107","0","0","2450","0","0","6144","0","0","868","0","0","15035","0","0","7","0","0","1","0","0","0","0","0","0","0","0","0","0","0","0","0","0","0","0","0","0","0","0","0","0","0","0","0","0","0","0","16071","0","0","14129","0","0","1942","0","0","58","0","0","0","0","0","0","442510","0","416040","0","92131","0","2764","0","65661","0","5","0","43238","0","0","43175","0","0","0","0","0","62","0","0","2","0","0","8","0","0","2","0","0","0","0","0","0","0","0","0","243340","0","0","178283","0","0","0","0","0","65057","0","0","0","0","0","0","11060","0","0","0","0","0","0","0","0","0","0","0","0","0","0","0","0","0","0","0","0","0","0","0","0","86000","0","0","0","3444","0","9603","7896","0","111246","0","0","0","0","0","0","0","0","0","0","0","0","0","0","0","0","0","0","0","0","0","0","0","0","0","0","0","0","0","4239","1","0","0","9","10068","231752","0","0","0","0","0","0","0","0","0","0","0","0","0","0","0","0","0","0","0","0","0","0","0","0","0","0","0","0","0","0","0","0","0","0","0","0","0","0","0","0","0","0","0","0","0","0","0","0","0","0","0","0","0","0","0","0","0","0","0","0","0","0","0","0","0","0","0","0","0","0","0","0","0","0","0","0","0","0","0","0","0","0","0","0","0","0","0","0","0","0","0","0","0","0","0","0","0","0","0","0","0","0","0","0","0","0","0","0","0","0","0","0","0","0","0","0","0","0","0","0","0","0","0","0","0","0","0","0","0","0","0","0","0","0","0","0","0","0","0","0","0","0","0","4343991","1","0","0","0","0","0","0","0","0","0","0","0","0","0","0","0","0","0","0","0","0","0","0","0","0","0","0","0","0","0","0","0","0","0","0","0","0","0","0","0","0","0","0","0","0","0","0","0","0","0","0","0","0","0","0","0","0","0","0","0","0","0","0","0","0","0","0","0","0","0","0","0","0","0","0","0","0","0","0","0","0","0","0","0","0","0","0","0","0","0","0","0","0","0","0","0","0","0","0","0","0","0","0","0","0","0","0","0","0","0","0","0","0","0","0","0","0","0","0","0","0","0","0","0","0","0","0","0","0","0","0","0","0","0","0","0","0","0","0","0","0","0","0","0","0","0","0","0","0","0","0","0","0","0","0","0","0","0","0","0","0","0","0","0","0","0","0","0","0","0","0","0","0","0"
"Республика Ингушетия","17511010","2426750","200410","74151","15267625","2972556","329707","30308","11287","2843","0","0","0","0","2125374","29142","10","2096302","499120","62889","0","0","0","0","26269","0","5905","0","5828","861","4","0","0","0","0","0","6689","0","0","0","394","17","528","65","0","0","57654","0","0","32994","0","0","25080","0","0","5016","0","0","752","0","0","420","0","0","3","0","0","1","0","0","0","0","0","0","0","0","0","0","0","0","0","0","0","0","0","0","0","0","0","0","0","0","0","0","0","0","0","0","0","0","0","0","0","0","0","0","0","0","0","0","0","0","0","0","0","0","0","0","0","0","0","0","0","0","0","0","0","0","0","0","0","0","0","0","0","0","0","0","0","0","0","0","0","1691499","0","1407635","0","283867","0","8516","0","3","0","1","0","0","0","0","0","0","0","0","0","0","0","0","0","0","0","0","0","0","0","0","0","0","0","0","0","0","0","0","0","0","0","0","0","0","0","0","0","0","0","0","0","0","0","0","0","0","0","0","0","0","0","0","0","0","0","0","0","0","0","0","0","0","0","0","0","0","0","0","0","0","0","0","0","0","0","0","0","0","0","0","0","0","0","0","0","0","0","0","0","0","0","0","0","0","0","0","0","0","0","0","0","0","0","0","0","0","0","0","0","0","0","0","0","1","284","462","0","0","0","0","0","0","0","0","0","0","0","0","0","0","0","0","0","0","0","0","0","0","0","0","0","0","0","0","0","0","0","0","0","0","0","0","0","0","0","0","0","0","0","0","0","0","0","0","0","0","0","0","0","0","0","0","0","0","0","0","0","0","0","0","0","0","0","0","0","0","0","0","0","0","0","0","0","0","0","0","0","0","0","0","0","0","0","0","0","0","0","0","0","0","0","0","0","0","0","0","0","0","0","0","0","0","0","0","0","0","0","0","0","0","0","0","0","0","0","0","0","0","0","0","0","0","0","0","0","0","0","0","0","0","0","0","0","0","0","0","0","0","0","0","0","0","0","0","0","0","0","0","0","0","0","0","0","0","0","0","0","0","0","0","0","0","0","0","0","0","0","0","0","0","0","0","0","0","0","0","0","0","0","0","0","0","0","0","0","0","0","0","0","0","0","0","0","0","0","0","0","0","0","0","0","0","0","0","0","0","0","0","0","0","0","0","0","0","0","0","0","0","0","0","0","0","0","0","0","0","0","0","0","0","0","0","0","0","0","0","0","0","0","0","0","0","0","0","0","0","0","0","0","0","0","0","0","0","0","0","0","0","0","0","0","0","0","0","0","0","0","0","0","0","0","0","0","0","0","0","0","0","0","0","0","0","0","0","0","0","0","0","0","0","0","0","0","0","0","0","0","0","0","0","0","0","0","0","0","0","0","0","0","0","0","0","0","0"
"Кабардино-Балкарская Республика","67770775","7103369","3180458","339327","64510248","8003697","3228741","776069","7116","1032","16","0","0","0","3219467","222662","46","2996805","1336037","89904","74","0","0","0","25463","5057","10797","759","44532","0","0","0","0","0","0","0","44532","0","0","0","849","127","655","475","0","971558","237080","0","828049","206651","0","143509","30555","0","28702","6111","0","4305","917","0","0","126","0","27","22","0","0","1","0","0","0","0","0","0","0","0","0","0","0","0","0","0","0","0","0","0","0","0","0","0","0","0","0","0","0","0","0","0","0","0","0","0","0","0","0","0","0","0","0","0","0","0","0","0","0","0","0","0","0","0","0","0","0","0","0","0","0","0","0","0","0","0","0","0","0","0","0","0","0","0","0","0","0","5048287","0","2111929","0","2957687","0","88731","0","21329","0","4","0","0","0","0","0","0","0","0","0","0","0","0","0","0","0","0","0","0","0","0","0","0","0","0","0","0","0","0","0","160","848047","0","146","673110","0","0","0","0","14","174938","0","5248","0","0","0","2","29739","0","0","0","0","0","0","5794","6876","0","0","1082","0","1","0","0","0","0","0","0","0","0","0","0","0","0","0","0","124","0","39322","147","0","23833","0","0","0","0","0","0","0","0","0","0","0","0","0","0","0","0","0","0","0","0","0","0","0","0","0","0","0","0","0","0","0","0","0","8","2927","22334","1925","1","385","0","0","0","0","0","0","0","0","0","0","0","0","0","0","0","0","0","0","0","0","0","0","0","0","0","0","0","0","0","0","0","0","0","0","0","0","0","0","0","0","0","0","0","0","0","0","0","0","0","0","0","0","0","0","0","0","0","0","0","0","0","0","0","0","0","0","0","0","0","0","0","0","0","0","0","0","0","0","0","0","0","0","0","0","0","0","0","0","0","0","0","0","0","0","0","0","0","0","0","0","0","0","0","0","0","0","0","0","0","0","0","0","0","0","0","0","0","0","0","0","0","0","0","0","0","0","0","0","0","0","0","0","0","0","0","0","0","0","0","0","0","0","0","0","0","0","0","0","0","0","0","0","0","0","0","0","0","0","0","0","0","0","0","0","0","0","0","0","0","0","0","0","0","0","0","0","0","0","0","0","0","0","0","0","0","0","0","0","0","0","0","0","0","0","0","0","0","0","0","0","0","0","0","0","0","0","0","0","0","0","0","0","0","0","0","0","0","0","0","0","0","0","0","0","0","0","0","0","0","0","0","0","0","0","0","0","0","0","0","0","0","0","0","0","0","0","0","0","0","0","0","0","0","0","0","0","0","0","0","0","0","0","0","0","0","0","0","0","0","0","0","0","0","0","0","0","0","0","0","0","0","0","0","0","0","0","0","0","0","0","0","0","0","0","0","0","0","0","0","0","0","0","0","0","0","0","0","0","0","0","0","0","0","0","0"
"Республика Калмыкия","11160519","2088344","147156","44437","9438294","3198912","181802","307440","1320","401","53","2","0","0","1688847","4796","11","1683817","1373173","50507","0","0","0","0","8991","2891","1437","434","959","376","3","0","0","0","0","0","1335","0","0","0","306","60","611","194","0","777","164592","0","777","146063","0","0","12997","0","0","2599","0","0","390","0","0","0","0","8","12","0","0","0","0","0","0","0","0","0","0","0","0","0","0","0","0","0","0","0","0","0","0","0","0","0","0","0","0","0","0","0","0","0","0","0","0","0","0","0","0","0","0","0","0","0","0","0","0","0","0","0","0","0","0","0","0","0","0","0","0","1409","0","7675","1191","0","7043","217","0","632","7","0","19","0","0","0","0","0","0","105246","0","61057","0","44189","0","1326","0","0","0","0","0","0","0","0","0","0","0","0","0","0","0","0","0","0","0","0","0","0","0","0","0","0","0","0","0","0","0","0","0","4566","0","0","0","0","0","0","0","0","4566","0","0","0","0","0","0","776","0","0","0","0","0","0","0","3541","4067","0","0","526","0","1","0","0","0","0","0","0","0","0","0","0","0","0","0","0","0","0","0","0","0","0","0","0","0","0","0","0","0","0","0","0","0","0","0","0","0","0","0","0","0","0","0","0","0","0","0","0","0","0","0","0","0","0","0","3","82","4110","0","0","0","0","0","0","0","0","0","0","0","0","0","0","0","0","0","0","0","0","0","0","0","0","0","0","0","0","0","0","0","0","0","0","0","0","0","0","0","0","0","0","0","0","0","0","0","0","0","0","0","0","0","0","0","0","0","0","0","0","0","50","50","50","0","0","0","0","0","0","0","0","0","0","0","0","0","0","0","0","0","712","712","712","2","2","2","0","0","0","0","0","0","0","0","0","0","0","0","0","0","0","0","0","0","0","0","0","0","0","0","0","0","0","0","0","0","0","0","0","0","0","0","0","0","0","0","0","0","0","0","0","0","0","0","0","0","0","0","0","0","0","0","3816","1","0","0","0","0","0","0","0","0","0","0","0","0","0","0","0","0","0","0","0","0","0","0","0","0","0","0","0","0","0","0","0","0","0","0","0","0","0","0","0","0","0","0","0","0","0","0","0","0","0","0","0","0","0","0","0","0","0","0","0","0","0","0","0","0","0","0","0","0","0","0","0","0","0","0","0","0","0","0","0","0","0","0","0","0","0","0","0","0","0","0","0","0","0","0","0","0","0","0","0","0","0","0","0","0","0","0","0","0","0","0","0","0","0","0","0","0","0","0","0","0","0","0","0","0","0","0","0","0","0","0","0","0","0","0","0","0","0","0","0","0","0","0","0","0","0","0","0","0","0","0","0","0","0","0","0","0","0","0","0","0","0","0","0","0","0","0","0","0","0","0","0","0","0"
"Карачаево-Черкесская Республика","52998846","6973570","1349923","246879","48420684","7990608","1761947","386130","60102","12308","33","135","0","0","4226208","76244","23","4149964","1144117","123939","46","0","0","0","36638","15657","2351","2349","15249","904","4","416","1220","3","0","0","17789","0","0","0","463","84","732","157","0","159978","56564","235823","158893","51519","143431","1084","5479","92392","217","1096","18478","33","164","2772","0","434","0","15","12","5","0","1","0","0","0","0","0","0","0","0","0","0","0","0","0","0","0","0","0","0","0","0","0","0","0","0","0","0","0","0","0","0","0","0","0","0","0","0","0","0","0","0","0","0","0","0","0","0","0","0","0","0","0","0","0","0","0","0","0","7231","0","1592","7231","0","1592","0","0","0","0","0","0","0","0","0","0","0","0","2456806","0","1887724","0","572694","0","17181","0","3612","0","1","0","0","0","0","0","0","0","0","0","0","0","0","0","0","0","0","0","0","0","0","0","0","0","0","0","0","0","0","0","0","82884","0","0","82692","0","0","0","0","0","192","0","6","0","0","0","0","33","0","0","0","0","0","0","0","0","0","0","0","0","0","0","0","0","0","0","0","0","0","0","0","32057","32057","0","0","0","0","0","3750","0","11250","0","0","0","0","0","0","0","0","0","0","0","0","0","0","0","0","0","0","0","0","0","0","0","0","0","0","0","0","0","0","0","0","0","5","3284","84441","401","1","80","682","1","136","0","0","0","0","0","0","0","0","0","0","0","0","0","0","0","0","0","0","0","0","0","0","0","0","0","0","0","0","0","0","0","0","0","0","0","0","0","0","0","0","0","0","0","0","0","0","0","0","0","0","0","0","0","0","0","0","0","0","4134","4134","1","29867","1","8","0","0","0","0","0","0","0","0","0","0","0","2957","2957","2957","1","1","1","0","0","0","0","0","0","0","0","0","0","0","0","0","0","0","0","0","0","0","0","0","0","0","0","0","0","0","0","0","0","0","0","0","0","0","0","0","0","0","0","0","0","0","0","0","0","0","0","0","0","0","0","0","0","0","0","0","0","0","0","0","0","0","0","0","0","0","0","0","0","0","0","0","0","0","0","0","0","0","0","0","0","0","0","0","0","0","0","0","0","0","0","0","0","0","0","0","0","0","0","0","0","0","0","0","0","0","0","0","0","0","0","0","0","0","0","0","0","0","0","0","0","0","0","0","0","0","0","0","0","0","0","0","0","0","0","0","0","0","0","0","0","0","0","0","0","0","0","0","0","0","0","0","0","0","0","0","0","0","0","0","0","0","0","0","0","0","0","0","0","0","0","0","0","0","0","0","0","0","0","0","0","0","0","0","0","0","0","0","0","0","0","0","0","0","0","0","0","0","0","0","0","0","0","0","0","0","0","0","0","0","0","0","0","0","0","0","0","0","0","0","0","0","0","0","0","0","0","0","0","0"
"Республика Карелия","155224118","56443569","6914872","2695090","127329390","57664206","5711159","7044881","110176","18542","54128","491991","2815","0","29151674","409850","169","28741824","6043876","862255","0","0","0","0","170194","34722","28274","5208","81970","34591","3","0","0","0","0","0","116561","0","0","0","1482","480","495","228","0","26361","1299243","0","26322","1174796","0","39","132498","0","8","26500","0","1","3975","0","0","8051","0","15","38","0","0","2","0","0","0","1758673","0","0","2000817","0","0","60275","0","0","0","0","0","331","0","0","11724","0","0","1808","0","0","321966","0","0","13","0","0","6","0","0","242844","0","0","147260","0","0","47419","0","0","48165","0","0","0","0","2408","0","0","1445","0","0","0","0","0","0","57737","0","18521","55409","0","13332","2328","0","5189","70","0","156","0","0","0","0","0","0","3968735","0","3713787","0","493129","0","14794","0","238181","0","10","0","0","0","0","0","0","0","0","0","0","0","0","0","0","0","0","0","0","0","0","0","0","0","0","0","0","0","0","1453204","11014","0","1247038","9575","0","293","0","0","284942","1439","0","0","0","0","8548","48440","245","0","79069","0","0","3","0","0","26110","29055","0","0","2945","0","2","0","0","0","0","0","0","0","0","1834532","1832259","0","0","0","0","0","0","525893","100","0","312902","0","0","0","0","0","0","0","0","0","0","0","0","0","0","0","0","0","20204","0","0","0","0","0","0","0","0","0","5436","2","0","0","0","0","48","42557","2230432","1115","1","223","0","0","0","0","0","0","0","0","0","0","0","0","0","0","144443","2","69","1","0","0","0","0","0","0","0","0","0","80936","1","8094","924","1","92","0","0","0","0","0","0","0","0","0","0","0","0","0","0","0","0","0","0","0","0","0","0","0","0","0","0","0","0","1588","1588","2","3075","2","18844","537","537","537","537","537","1","1","1","1","1","3138","20671","20671","20671","13","13","13","0","0","0","0","0","0","0","0","0","0","0","0","0","0","0","0","0","0","0","0","0","0","0","0","0","0","0","0","0","0","0","0","0","0","0","0","0","0","0","0","0","0","0","0","0","0","0","0","0","0","0","0","0","0","0","0","437858","1","0","0","0","0","0","0","0","0","0","0","0","0","0","0","0","0","0","0","0","0","0","0","0","0","0","0","0","0","0","0","0","0","0","0","0","0","0","0","0","0","0","0","0","0","0","0","0","0","0","0","0","0","0","0","0","0","0","0","0","0","0","0","0","0","0","0","0","0","0","0","0","0","0","0","0","0","0","0","0","0","0","0","0","0","0","0","0","0","0","0","0","0","0","0","0","0","0","0","0","0","0","0","0","0","0","0","0","0","0","0","0","0","0","0","0","0","0","0","0","0","0","0","0","0","0","0","0","0","0","0","0","0","0","0","0","0","0","0","0","0","0","0","0","0","0","0","0","0","0","0","0","0","0","0","0","0","0","0","0","0","0","0","0","0","0","0","0","0","0","0","0","0","0"
"Республика Коми","515872210","29246206","20581175","1385097","454607122","32013853","20871764","2376716","122654","3647","847301","25110","1080","0","60248774","3876551","127","56372344","3780729","1691102","878","6","31","1","187692","24512","60052","3683","775310","388","2","0","0","0","0","0","775735","0","0","0","1420","303","907","120","0","351453","1151234","65062","320203","979452","33907","31415","172192","31154","6282","34438","6231","942","5166","935","164","411","0","108","28","6","1","1","0","0","0","0","0","0","0","0","0","0","0","0","0","0","0","0","0","0","0","0","0","0","0","0","0","0","0","0","0","0","0","0","0","0","0","0","0","0","0","0","0","0","0","0","0","0","0","0","0","0","0","0","0","0","0","0","0","236331","0","18317","231303","0","16759","11113","0","1558","333","0","47","6084","0","0","3","0","0","0","991301","0","826222","0","165080","0","4952","0","0","0","0","0","0","0","0","0","0","0","0","0","0","0","0","0","0","0","0","0","0","0","0","0","0","0","0","0","0","0","53598","853970","0","73180","780292","0","0","0","0","1","73678","0","0","0","0","0","0","12525","0","19583","0","0","1","0","0","274087","368728","0","191","94832","6","1","2","0","0","0","0","0","0","0","0","0","737576","1052112","0","0","0","0","1506318","4793","0","71167","3127","0","33","0","0","0","33","0","4000","0","0","0","0","0","0","0","0","0","0","0","0","0","0","0","0","0","0","0","0","0","0","0","0","43","260911","2556955","0","0","0","922","1","184","0","0","0","0","0","0","0","0","0","0","0","127674","4","45","1","0","0","0","0","0","0","5712","1","571","53981","3","5398","2136","1","214","129","1","17","0","0","0","0","0","0","0","0","750","1","0","0","0","0","0","0","0","0","0","0","0","0","7467","7467","7467","26499","26499","10","22569","4","20791","1035","1035","1035","1035","1035","4","4","4","4","4","136791","57926","57926","57926","24","24","24","0","0","0","0","0","0","0","0","0","0","0","0","0","0","0","0","0","0","0","0","0","0","0","0","0","0","0","0","0","0","0","0","0","0","0","0","0","0","0","0","0","0","0","0","0","0","0","0","0","0","0","0","0","0","0","0","0","0","0","0","0","0","0","0","0","0","0","0","0","0","0","0","0","0","0","0","0","0","0","0","0","0","0","0","0","0","0","0","0","0","0","0","0","0","0","0","0","0","0","0","0","0","0","0","0","0","0","0","0","0","0","0","0","0","0","0","0","0","0","0","0","0","0","0","0","0","0","0","0","0","0","0","0","0","0","0","0","0","0","0","0","0","0","0","0","0","0","0","0","0","0","0","0","0","0","0","0","0","0","0","0","0","0","0","0","0","0","0","0","0","0","0","0","0","0","0","0","0","0","0","0","0","0","0","0","0","0","0","0","0","0","0","0","0","0","0","0","0","0","0","0","0","0","0","0","0","0","0","0","0","0","0","0","0","0","0","0","0","0","0","0","0","0","0","0","0","0","0","0","0","0"
"Республика Крым","286385102","75498815","69889053","8707127","275146320","85659889","46144782","6388419","76792","4439","2347697","585875","80631","19994","32631516","1643486","225","30988030","8443795","929638","4","0","0","0","158251","29770","239423","4466","328697","0","0","0","0","0","0","0","328697","0","0","0","3923","487","2615","215","0","984323","1666840","0","806100","1396385","0","179512","270455","0","35902","54091","0","5385","8114","0","1289","0","0","396","39","0","2","0","0","0","0","0","0","0","0","0","0","0","0","0","0","0","0","0","0","0","0","0","0","0","0","0","0","0","0","0","0","0","0","0","183621801","0","0","178316902","0","0","87266","0","0","11966882","0","0","0","0","1465649","0","0","359006","0","0","6743276","0","0","72","0","9134","0","11431","5463","0","8455","3680","0","2976","110","0","89","9","0","0","1","0","0","9232688","0","7200974","0","2153664","0","64610","0","121950","0","5","0","0","0","0","0","0","0","0","0","0","0","0","0","0","0","0","0","0","0","0","0","0","0","0","0","0","0","0","0","35214","0","0","31914","0","0","0","0","0","3300","0","0","0","0","0","0","561","0","0","0","0","0","0","0","2532","1658","0","874","0","26","0","8","0","0","0","0","0","0","0","3417","3397","187629","177981","0","0","9648","87574","732397","101920","0","850035","0","0","0","0","0","0","0","0","0","0","0","0","0","0","0","0","0","0","0","0","0","0","0","0","0","0","0","0","0","0","0","0","0","44","127569","1707313","3778","1","756","0","0","0","0","0","0","0","0","0","0","0","0","0","0","0","0","0","0","0","0","0","0","0","0","0","0","0","0","0","0","0","0","0","0","0","0","0","0","0","0","0","0","0","0","0","0","0","0","0","0","0","0","0","0","0","0","0","0","0","0","0","0","0","0","0","0","27197","0","0","0","0","0","0","0","0","0","0","0","363","363","363","1","1","1","0","0","0","0","0","0","0","0","0","0","0","0","0","0","0","0","0","0","0","0","0","0","0","0","0","0","0","0","0","0","0","0","0","0","0","0","0","0","0","0","0","0","0","0","0","0","0","0","0","0","0","0","0","0","0","0","0","0","0","0","0","0","0","0","0","0","0","0","0","0","0","0","0","0","0","0","0","0","0","0","0","0","0","0","0","0","0","0","0","0","0","0","0","0","0","0","0","0","0","0","0","0","0","0","0","0","0","0","0","0","0","0","0","0","0","0","0","0","0","0","0","0","0","0","0","0","0","0","0","0","0","0","0","0","0","0","0","0","0","0","0","0","0","0","0","0","0","0","0","0","0","0","0","0","0","0","0","0","0","0","0","0","0","0","0","0","0","0","0","0","0","0","0","0","0","0","0","0","0","0","0","0","0","0","0","0","0","0","0","0","0","0","0","0","0","0","0","0","0","0","0","0","0","0","0","0","0","0","0","0","0","0","0","0","0","0","0","0","0","0","0","0","0","0","0","0","0","0","0","0","0"
"Республика Марий Эл","188044065","10006168","5802053","338770","170666017","10451738","5276467","532553","39379","1131","2543","12886","47963","0","17892509","197780","87","17694729","651107","530842","0","3271","25059","1","95937","5657","32745","849","39556","278","1","0","0","0","0","0","68164","118","0","0","1850","194","1044","83","0","614866","958422","3048","576582","789399","1218","38374","169023","1830","7675","33805","366","1151","5071","55","90","0","0","132","33","1","1","0","0","0","0","0","0","0","0","0","0","0","0","0","0","0","0","0","0","0","0","0","0","0","0","0","0","0","0","0","0","0","0","0","0","0","0","0","0","0","0","0","0","0","0","0","0","0","0","0","0","0","0","0","0","0","0","0","0","184537","0","47319","169434","0","38713","15103","0","8962","453","0","269","0","0","0","0","0","0","5373521","0","4513276","0","860389","0","25812","0","144","0","2","0","0","0","0","0","0","0","0","0","0","0","0","0","0","0","0","0","0","0","0","0","0","0","0","0","0","0","0","0","4761587","17038590","0","3232901","18539605","0","0","0","0","1559330","2748705","0","82461","0","0","0","265086","467280","0","30644","4249719","0","2","2","15786","19338","0","0","3552","0","4","0","0","0","0","0","0","0","0","401204","370485","0","0","0","0","0","948","1761488","477534","0","246725","0","0","0","0","0","0","0","0","0","0","0","0","0","0","0","0","0","0","0","0","0","0","0","0","0","0","0","0","0","0","0","0","0","26","18064","399704","758","2","152","1250","1","250","940","1","188","0","0","0","0","0","0","0","0","0","0","0","0","0","0","0","0","0","0","0","0","0","0","0","0","0","0","0","0","0","0","0","0","0","0","0","0","0","0","0","0","0","0","0","0","0","0","0","0","0","0","0","0","0","0","0","52","52","1","0","0","8400","3964","3964","3964","3964","3964","1","1","1","1","1","28991","7032","7032","7032","6","6","6","0","0","0","0","0","0","0","0","0","0","0","0","0","0","0","0","0","0","0","0","0","0","0","0","0","0","0","0","0","0","0","0","0","0","0","0","0","0","0","0","0","0","0","0","0","0","0","0","0","0","0","0","0","0","0","0","0","0","0","0","0","0","0","0","0","0","0","0","0","0","0","0","0","0","0","0","0","0","0","0","0","0","0","0","0","0","0","0","0","0","0","0","0","0","0","0","0","0","0","0","0","0","0","0","0","0","0","0","0","0","0","0","0","0","0","0","0","0","0","0","0","0","0","0","0","0","0","0","0","0","0","0","0","0","0","0","0","0","0","0","0","0","0","0","0","0","0","0","0","0","0","0","0","0","0","0","0","0","0","0","0","0","0","0","0","0","0","0","0","0","0","0","0","0","0","0","0","0","0","0","0","0","0","0","0","0","0","0","0","0","0","0","0","0","0","0","0","0","0","0","0","0","0","0","0","0","0","0","0","0","0","0","0","0","0","0","0","0","0","0","0","0","0","0","0","0","0","0","0","0","0"
"Республика Мордовия","261515695","30330848","11704726","2074573","236146525","33555844","10403568","3807500","63330","334498","4261906","60369","3230","197","22468523","1573473","108","20895049","4683991","626851","0","0","0","0","158873","39907","50054","5987","314695","3660","2","0","0","0","0","0","318355","0","0","0","1826","358","575","387","0","62549","1304930","0","58640","1203781","0","3908","100784","0","782","20157","0","117","3024","0","0","0","0","47","25","0","0","0","0","0","0","2466567","0","0","1904011","0","0","628162","0","0","0","0","0","59820","0","0","65812","0","0","18845","0","0","66446","0","0","14","0","0","4","0","0","0","0","0","0","0","0","0","0","0","0","0","0","0","0","0","0","0","0","0","0","0","0","0","0","6335","0","17503","5973","0","17224","362","0","278","11","0","8","0","0","0","0","0","0","27768532","0","19937263","0","7855341","0","235660","0","24072","0","2","0","0","0","0","0","0","0","0","0","0","0","0","0","0","0","0","0","0","0","0","0","0","0","0","0","0","0","0","0","2138352","28829303","0","1887481","26429579","0","0","1242","0","252138","2462127","0","73864","0","0","0","42863","418562","0","1266","63646","0","1","2","22288","27493","0","0","5205","0","5","1","0","0","0","0","0","0","0","0","0","154717","154717","0","0","0","0","4409043","65212","0","113651","0","0","0","0","0","0","0","0","0","0","0","0","0","0","0","0","0","0","0","0","0","0","0","0","0","0","0","0","0","0","0","0","0","34","41074","635163","0","0","0","0","0","0","0","0","0","0","0","0","0","0","0","0","0","57","1","0","0","0","0","0","0","0","0","0","0","0","0","0","0","0","0","0","588","1","78","0","0","0","0","0","0","0","0","0","0","0","0","0","0","0","0","0","0","0","0","0","0","0","0","0","3268","3268","1","4146","1","216","228","228","228","228","228","1","1","1","1","1","0","2265","2265","2265","6","6","6","0","0","0","0","0","0","0","0","0","0","0","0","0","0","0","0","0","0","0","0","0","0","0","0","0","0","0","0","0","0","0","0","0","0","0","0","0","0","0","0","0","0","0","0","0","0","0","0","0","0","0","0","0","0","0","0","0","0","0","0","0","0","0","0","0","0","0","0","0","0","0","0","0","0","0","0","0","0","0","0","0","0","0","0","0","0","0","0","0","0","0","0","0","0","0","0","0","0","0","0","0","0","0","0","0","0","0","0","0","0","0","0","0","0","0","0","0","0","0","0","0","0","0","0","0","0","0","0","0","0","0","0","0","0","0","0","0","0","0","0","0","0","0","0","0","0","0","0","0","0","0","0","0","0","0","0","0","0","0","0","0","0","0","0","0","0","0","0","0","0","0","0","0","0","0","0","0","0","0","0","0","0","0","0","0","0","0","0","0","0","0","0","0","0","0","0","0","0","0","0","0","0","0","0","0","0","0","0","0","0","0","0","0","0","0","0","0","0","0","0","0","0","0","0","0","0","0","0","0","0","0"
"Республика Саха (Якутия)","588044301","151678640","60580527","53985310","441303904","178658840","58772517","65981248","80474","126876","1323856","5387228","117919","6","147188399","2468115","126","144720285","44236496","4341609","0","0","0","0","310678","69784","203836","10468","493623","0","0","0","0","0","0","0","493623","0","0","0","1587","683","2097","206","0","429063","1161357","2146","380811","935361","3","48272","241830","2144","9654","48366","429","1448","7255","64","32","15393","0","191","35","1","1","5","0","139021708","6643425","48361425","122209237","8668209","45028345","5104805","327645","4219903","1674","0","108014","656771","32765","363379","362516","32765","372588","151470","9829","18583","106363","2352429","1116416","7","5","24","2","4","7","0","0","0","0","0","0","0","0","0","0","0","0","0","0","0","0","0","0","0","0","0","0","0","0","0","0","30739","0","83388","25790","0","81417","4949","0","1970","148","0","59","0","0","0","0","0","0","58251","337922","70906","333620","711","6690","21","201","13366","2388","4","1","0","0","0","0","0","0","0","0","0","0","0","0","0","0","0","0","0","0","0","0","0","0","0","0","0","0","0","66422","102674","0","140263","194516","0","0","0","0","2614","0","0","0","0","0","78","444","0","0","76456","91842","0","1","2","0","0","0","0","0","0","0","0","1","0","0","0","0","0","0","0","0","0","1706601","852787","0","0","853825","0","18541459","140233","0","531682","14714843","0","481","0","0","290000","0","0","0","0","0","0","0","0","9150500","0","0","0","0","0","0","0","0","0","0","290000","13679998","0","0","0","0","0","0","60","833948","12047182","0","0","0","0","0","0","457","1","91","0","0","0","0","0","0","0","0","529742","3","0","0","0","0","0","0","0","0","0","0","0","21231","1","2123","0","0","0","0","0","0","0","0","0","0","0","0","0","0","0","0","0","0","0","0","0","0","166","166","1","33","0","0","27020","27020","27020","15498","15498","6","0","0","17084","165","165","165","165","165","1","1","1","1","1","9433","86382","86382","86382","15","15","15","0","0","0","0","0","0","0","0","0","0","0","0","0","0","0","0","0","0","0","0","0","0","0","0","0","0","0","0","0","0","0","0","0","0","0","0","0","0","0","0","0","0","0","0","0","0","0","0","0","0","0","0","0","0","0","0","0","0","0","0","0","0","0","0","0","0","0","0","0","0","0","0","0","0","0","0","0","0","0","0","0","0","0","0","0","0","0","0","0","0","0","0","0","0","0","0","0","0","0","0","0","0","0","0","0","0","0","0","0","0","0","0","0","0","0","0","0","0","0","0","0","0","0","0","0","0","0","0","0","0","0","0","0","0","0","0","0","0","0","0","0","0","0","0","0","0","0","0","0","0","0","0","0","0","0","0","0","0","0","0","0","0","0","0","0","0","0","0","0","0","0","0","0","0","0","0","0","0","0","0","0","0","0","0","0","0","0","0","0","0","0","0","0","0","0","0","0","0","0","0","0","0","0","0","0","0","0","0","0","0","0","0","0","0","0","0","0","0","0","0","0","0","0","0","0","0","0","0","0","0","0"
"Республика Северная Осетия - Алания","56445477","8256916","2005688","828535","52015413","9782910","1963016","815862","4822","10692","0","0","13565","0","4463993","170887","42","4293106","1502629","128649","0","0","0","0","43907","19237","8886","2883","34177","0","0","0","0","0","0","0","34177","0","0","0","734","156","811","289","0","397051","713116","273939","261305","600595","149525","135747","115020","124414","27149","23004","24883","4072","3451","3732","0","151","0","53","15","1","0","2","0","0","0","0","0","0","0","0","0","0","0","0","0","0","0","0","0","0","0","0","0","0","0","0","0","0","0","0","0","0","0","0","0","0","0","0","0","0","0","0","0","0","0","0","0","0","0","0","0","0","0","0","0","0","0","0","0","11129","0","0","11129","0","0","0","0","0","0","0","0","0","0","0","0","0","0","1716619","293505","1815476","209463","131519","84042","3946","2521","230376","0","2","0","0","0","0","0","0","0","0","0","0","0","0","0","0","0","0","0","0","0","0","0","0","0","0","0","0","0","0","0","0","1392378","0","0","818723","0","0","0","0","0","573654","0","17210","0","0","0","0","97521","0","0","0","0","0","0","0","0","0","0","0","0","0","0","0","0","0","0","0","0","0","0","0","0","0","0","0","0","0","651658","0","0","257244","0","0","0","0","0","0","0","0","0","0","0","0","0","0","0","0","0","0","0","0","0","0","0","0","0","0","0","0","0","0","0","0","0","4","0","1775","0","0","0","0","0","0","0","0","0","0","0","0","0","0","0","0","0","0","0","0","0","0","0","0","0","0","0","0","0","0","0","0","0","0","0","0","0","0","0","0","0","0","0","0","0","0","0","0","0","0","0","0","0","0","0","0","0","0","0","0","0","0","0","0","0","0","0","0","0","0","0","0","0","0","0","0","0","0","0","0","0","0","0","0","0","0","0","0","0","0","0","0","0","0","0","0","0","0","0","0","0","0","0","0","0","0","0","0","0","0","0","0","0","0","0","0","0","0","0","0","0","0","0","0","0","0","0","0","0","0","0","0","0","0","0","0","0","0","0","0","0","0","0","0","0","0","0","0","0","0","0","0","0","0","0","0","0","0","0","0","0","0","0","0","0","0","0","0","0","0","0","0","0","0","0","0","0","0","0","0","0","0","0","0","0","0","0","0","0","0","0","0","0","0","0","0","0","0","0","0","0","0","0","0","0","0","0","0","0","0","0","0","0","0","0","0","0","0","0","0","0","0","0","0","0","0","0","0","0","0","0","0","0","0","0","0","0","0","0","0","0","0","0","0","0","0","0","0","0","0","0","0","0","0","0","0","0","0","0","0","0","0","0","0","0","0","0","0","0","0","0","0","0","0","0","0","0","0","0","0","0","0","0","0","0","0","0","0","0","0","0","0","0","0","0","0","0","0","0","0","0","0","0","0","0","0","0","0","0","0","0","0","0","0","0","0","0","0"
"Республика Татарстан","5393099447","242178405","662650879","31925279","5187775811","274829139","352295296","45263676","2381148","1790091","64991006","2157569","577237","1010","452512839","17276216","1221","435236625","47171665","12871162","120250","0","4393","1","1609098","164770","1416377","24715","3455243","0","0","185938","2685630","32","0","0","6331204","0","0","0","26006","2429","11201","1638","0","6387668","11257901","0","5729418","9120298","0","671966","2170196","0","134393","434039","0","20159","65106","0","13715","32594","0","399","167","0","31","9","0","0","0","83665118","0","0","76368515","0","0","7414288","0","0","172391","0","0","658564","0","0","651903","0","0","50038","0","0","298874","0","0","100","0","0","19","0","0","163847096","0","0","129562580","0","0","0","0","0","34284516","0","0","0","0","96672","0","0","1028535","0","0","0","0","0","0","27339","0","59233","22390","0","32421","4949","0","27305","148","0","819","0","0","493","0","0","0","66147291","0","60439285","0","8696082","0","260882","0","2988076","0","44","0","0","0","0","0","0","0","0","0","0","0","0","0","0","0","0","0","0","0","0","0","0","0","0","0","0","0","0","0","33089528","33500991","0","31674700","27837662","0","1327","0","0","3840419","5921262","0","177638","0","0","0","652871","1006615","0","2426919","257932","0","32","3","4542699","4394000","0","209781","61082","6293","10","11","0","0","0","0","0","0","0","8149194","8516513","40427525","40394802","0","0","20784","1172469","28113370","5647200","0","9576195","810581","0","6000","0","0","148515","0","0","14665","0","0","0","51907","0","0","0","0","204694","0","59994","0","0","0","0","0","445545","527118","41","1","0","0","0","0","390","2620248","27183228","74872","2","14974","97","1","19","0","0","0","0","0","4675","1","935","0","0","0","141726","13","1569","2","0","0","0","383916","4","38392","3734","1","373","344853","2","34485","0","0","0","15494686","5","2065958","0","0","0","0","0","0","0","0","0","0","0","0","0","0","0","0","0","0","0","0","0","0","4657","4657","4657","349364","349364","15","223309","14","228917","14487","14487","14487","14487","14487","14","14","14","14","14","127393","343605","343605","343605","121","121","121","0","0","0","0","0","0","0","53","1","0","0","0","0","0","0","0","0","0","0","0","0","0","0","0","0","0","0","0","0","0","0","0","0","0","0","0","0","0","0","0","0","0","0","0","0","0","0","0","0","0","0","0","0","0","0","0","0","0","0","0","658214","2","0","0","0","0","0","0","0","0","0","0","0","0","0","0","0","0","0","0","0","0","0","0","0","0","0","0","0","0","0","0","0","0","0","0","0","0","0","0","0","0","0","0","0","0","0","0","0","0","0","0","0","0","0","0","0","0","0","0","0","0","0","0","0","0","0","0","0","0","0","0","0","0","0","0","0","0","0","0","0","0","0","0","0","0","0","0","0","0","0","0","0","0","0","0","0","0","0","0","0","0","0","0","0","0","0","0","0","0","0","0","0","0","0","0","0","0","0","0","0","0","0","0","0","0","0","0","0","0","0","0","0","0","0","0","0","0","0","0","0","0","0","0","0","0","0","0","0","0","0","0","0","0","0","0","0","0","0","0","0","0","0","0","0","0","0","0","0","0","0"
"Республика Тыва","8978322","4433255","672188","870234","8200613","5614232","437011","380143","3480","0","8401","0","0","0","1007966","3902","5","1004064","690886","30122","0","0","0","0","11981","8923","10939","1338","780","0","0","0","0","0","0","0","780","0","0","0","205","48","31","15","0","149083","74028","0","149083","73298","0","0","730","0","0","146","0","0","22","0","0","0","0","52","11","0","0","0","0","8939291","4103492","0","6713574","3742089","0","1112858","301188","0","0","0","0","111286","51202","0","111286","9036","0","33386","9036","0","0","0","0","1","2","0","0","0","0","0","0","0","0","0","0","0","0","0","0","0","0","0","0","0","0","0","0","0","0","0","0","0","0","0","0","0","0","0","0","0","0","0","0","0","0","0","0","0","0","0","0","0","0","0","0","0","0","0","0","0","0","0","0","0","0","0","0","0","0","0","0","0","0","0","0","0","0","0","0","0","0","0","0","0","0","0","0","0","0","0","0","0","0","2391","0","0","2391","0","0","0","0","0","0","0","0","0","0","0","0","0","0","0","0","0","0","0","0","0","0","0","0","0","0","0","0","0","0","0","0","0","0","0","0","0","0","0","0","0","0","0","0","0","0","0","0","0","0","0","0","0","0","0","0","0","0","0","0","0","0","0","0","0","0","0","0","0","0","0","1850000","0","0","0","0","0","0","0","0","4","2531","21040","0","0","0","0","0","0","0","0","0","0","0","0","0","0","0","0","0","0","0","0","0","0","0","0","0","0","0","0","0","0","0","0","0","0","0","0","0","0","0","0","0","0","0","0","0","0","0","0","0","0","0","0","0","0","0","0","0","0","0","0","0","0","0","0","17459","17459","2","0","0","221","0","0","0","0","0","0","0","0","0","0","0","920","920","920","1","1","1","0","0","0","0","0","0","0","0","0","0","0","0","0","0","0","0","0","0","0","0","0","0","0","0","0","0","0","0","0","0","0","0","0","0","0","0","0","0","0","0","0","0","0","0","0","0","0","0","0","0","0","0","0","0","0","0","0","0","0","0","0","0","0","0","0","0","0","0","0","0","0","0","0","0","0","0","0","0","0","0","0","0","0","0","0","0","0","0","0","0","0","0","0","0","0","0","0","0","0","0","0","0","0","0","0","0","0","0","0","0","0","0","0","0","0","0","0","0","0","0","0","0","0","0","0","0","0","0","0","0","0","0","0","0","0","0","0","0","0","0","0","0","0","0","0","0","0","0","0","0","0","0","0","0","0","0","0","0","0","0","0","0","0","0","0","0","0","0","0","0","0","0","0","0","0","0","0","0","0","0","0","0","0","0","0","0","0","0","0","0","0","0","0","0","0","0","0","0","0","0","0","0","0","0","0","0","0","0","0","0","0","0","0","0","0","0","0","0","0","0","0","0","0","0","0","0","0","0","0","0","0"
"Удмуртская Республика","848165917","60777246","44665988","11880831","757108727","64380380","36686654","7927855","75711","6171","5005426","9264797","161947","0","93945306","4143213","341","89802593","8908784","2694078","5076","67708","458781","14","563513","42225","207816","6334","828643","0","0","0","0","0","0","0","1355132","95","0","0","7152","768","2609","390","0","704670","3410419","843643","665962","3010287","797780","39186","418017","45921","7837","83603","9184","1176","12541","1378","477","17885","58","184","66","10","1","4","1","0","0","3969992","0","0","3532128","0","0","590099","0","0","295","0","0","42647","0","0","75079","0","0","17408","0","0","154965","0","0","30","0","0","7","0","0","0","0","0","0","0","0","0","0","0","0","0","0","0","0","0","0","0","0","0","0","0","0","0","0","73223","0","287309","72376","0","242060","847","0","45255","25","0","1358","0","0","6","0","0","1","17415374","0","14444208","0","3099412","0","92982","0","128247","0","6","0","0","0","0","0","0","0","0","0","0","0","0","0","0","0","0","0","0","0","0","0","0","0","0","0","0","0","0","0","2892450","5199363","0","2603843","3840930","0","4980","0","0","351726","1358433","0","40753","0","0","0","59793","230934","0","68099","0","0","3","0","93740","75603","0","0","3945","0","4","2","0","0","0","0","0","0","0","6143449","5948046","1341112","1701908","0","0","585","718860","6101598","467819","0","448872","66","0","607","0","0","0","102","0","0","0","0","0","0","0","0","0","0","0","0","0","0","0","0","0","0","0","0","0","0","1876","2","0","0","140","326537","4240214","828","1","166","0","0","0","0","0","0","0","0","0","0","0","0","0","0","11035","5","0","0","0","0","0","0","0","0","0","0","0","11284","1","1128","0","0","0","555","1","74","0","0","0","0","0","0","0","0","0","0","121742","121742","121742","1","1","1","0","0","0","0","0","0","2144","2144","2144","6689","6689","6","0","0","15333","23098","23098","23098","23098","23098","15","15","15","15","15","23028","90689","90689","90689","41","41","41","0","0","0","0","0","0","0","0","0","0","0","0","0","0","0","0","0","0","0","0","0","0","0","0","0","0","0","0","0","0","0","0","0","0","0","0","0","0","0","0","0","0","0","0","0","0","0","0","0","0","0","0","0","0","0","0","0","0","0","0","0","0","0","0","0","0","0","0","0","0","0","0","0","0","0","0","0","0","0","0","0","0","0","0","0","0","0","0","0","0","0","0","0","0","0","0","0","0","0","0","0","0","0","0","0","0","0","0","0","0","0","0","0","0","0","0","0","0","0","0","0","0","0","0","0","0","0","0","0","0","0","0","0","0","0","0","0","0","0","0","0","0","0","0","0","0","0","0","0","0","0","0","0","0","0","0","0","0","0","0","0","0","0","0","0","0","0","0","0","0","0","0","0","0","0","0","0","0","0","0","0","0","0","0","0","0","0","0","0","0","0","0","0","0","0","0","0","0","0","0","0","0","0","0","0","0","0","0","0","0","0","0","0","0","0","0","0","0","0","0","0","0","0","0","0","0","0","0","0","0","0"
"Республика Хакасия","147145774","59236181","7833301","1942919","136388925","63126896","6594554","4959231","18061","16220","545081","502536","0","0","11471909","489932","63","10981978","7393343","329425","0","0","0","0","56488","2186","35362","328","97986","0","0","0","0","0","0","0","97986","0","0","0","1076","148","920","47","0","320701","703883","0","323960","641341","0","2950","84137","0","590","16827","0","89","2524","0","6209","21594","0","92","25","0","1","4","0","2771381","0","0","2524077","0","0","26938","0","0","0","0","0","2694","0","0","2694","0","0","808","0","0","0","0","0","1","0","0","0","0","0","0","0","0","0","0","0","0","0","0","0","0","0","0","0","0","0","0","0","0","0","0","0","0","0","0","0","608","0","110","608","0","110","0","0","0","0","0","0","0","0","0","0","0","0","474435","0","440278","0","36213","0","1086","0","2056","0","2","0","0","0","0","0","0","0","0","0","0","0","0","0","0","0","0","0","0","0","0","0","0","0","0","0","0","0","0","0","3961","0","0","3681","0","0","0","0","0","280","0","0","0","0","0","0","48","0","0","0","0","0","0","0","3169805","2951697","65308","153189","389","4596","1","0","0","0","0","0","0","0","0","0","0","3633","300","0","0","3333","0","1648918","25832","0","114559","0","0","0","0","0","0","0","0","0","0","0","0","0","0","0","0","0","0","0","0","0","0","0","0","0","0","0","0","0","0","0","0","0","29","78350","1148230","0","0","0","0","0","0","2812","1","562","0","0","0","0","0","0","0","0","225660","1","0","0","0","0","0","0","0","0","0","0","0","0","0","0","0","0","0","0","0","0","0","0","0","0","0","0","0","0","0","0","0","0","0","0","0","0","0","0","0","0","0","0","2772","2772","2772","47661","47661","5","68871","1","5502","28432","28432","28432","28432","28432","1","1","1","1","1","1479","9144","9144","9144","7","7","7","0","0","0","0","0","0","0","0","0","0","0","0","0","0","0","0","0","0","0","0","0","0","0","0","0","0","0","0","0","0","0","0","0","0","0","0","0","0","0","0","0","0","0","0","0","0","0","0","0","0","0","0","0","0","0","0","0","0","0","0","0","0","0","0","0","0","0","0","0","0","0","0","0","0","0","0","0","0","0","0","0","0","0","0","0","0","0","0","0","0","0","0","0","0","0","0","0","0","0","0","0","0","0","0","0","0","0","0","0","0","0","0","0","0","0","0","0","0","0","0","0","0","0","0","0","0","0","0","0","0","0","0","0","0","0","0","0","0","0","0","0","0","0","0","0","0","0","0","0","0","0","0","0","0","0","0","0","0","0","0","0","0","0","0","0","0","0","0","0","0","0","0","0","0","0","0","0","0","0","0","0","0","0","0","0","0","0","0","0","0","0","0","0","0","0","0","0","0","0","0","0","0","0","0","0","0","0","0","0","0","0","0","0","0","0","0","0","0","0","0","0","0","0","0","0","0","0","0","0","0","0"
"Чеченская Республика","213994546","25649619","3317281","1487998","210782346","27620405","3258274","8325026","115549","389","0","0","0","0","3383193","229727","43","3153466","8807425","93616","244","0","0","0","24584","235","30204","35","45945","5547","3","988","19884","3","0","0","72364","0","0","0","1201","128","1432","487","0","587181","321042","0","537677","279034","0","66578","42008","0","13316","8402","0","1997","1260","0","17073","0","0","57","20","0","1","0","0","1198867","0","0","1142717","0","0","56150","0","0","1615","0","0","7580","0","0","2035","0","0","69","0","0","0","0","0","2","0","0","0","0","0","0","0","0","0","0","0","0","0","0","0","0","0","0","0","0","0","0","0","0","0","0","0","0","0","0","0","0","0","0","0","0","0","0","0","0","0","0","0","0","0","0","0","0","0","1881452","0","2329029","0","108090","0","3243","0","555668","0","4","0","0","0","0","0","0","0","0","0","0","0","0","0","0","0","0","0","0","0","0","0","0","0","0","0","0","0","0","0","3242","0","0","3007","0","0","0","0","0","236","0","0","0","0","0","0","40","0","0","0","0","0","0","0","0","0","0","0","0","0","0","0","0","0","0","0","0","0","0","0","0","3092732","3092732","0","0","0","0","1500","0","0","0","0","0","0","0","0","0","0","0","0","0","0","0","0","0","0","0","0","0","0","0","0","0","0","0","0","0","0","0","0","0","0","0","0","2","4954","4913","0","0","0","0","0","0","0","0","0","0","0","0","0","0","0","0","0","0","0","0","0","0","0","0","0","0","0","0","0","0","0","0","0","0","0","0","0","0","0","0","0","0","0","0","0","0","0","0","0","0","0","0","0","0","0","0","0","0","0","0","0","0","0","0","0","0","0","0","0","0","0","0","0","0","0","0","0","0","0","0","0","44","44","44","1","1","1","0","0","0","0","0","0","0","0","0","0","0","0","0","0","0","0","0","0","0","0","0","0","0","0","0","0","0","0","0","0","0","0","0","0","0","0","0","0","0","0","0","0","0","0","0","0","0","0","0","0","0","0","0","0","0","0","0","0","0","0","0","0","0","0","0","0","0","0","0","0","0","0","0","0","0","0","0","0","0","0","0","0","0","0","0","0","0","0","0","0","0","0","0","0","0","0","0","0","0","0","0","0","0","0","0","0","0","0","0","0","0","0","0","0","0","0","0","0","0","0","0","0","0","0","0","0","0","0","0","0","0","0","0","0","0","0","0","0","0","0","0","0","0","0","0","0","0","0","0","0","0","0","0","0","0","0","0","0","0","0","0","0","0","0","0","0","0","0","0","0","0","0","0","0","0","0","0","0","0","0","0","0","0","0","0","0","0","0","0","0","0","0","0","0","0","0","0","0","0","0","0","0","0","0","0","0","0","0","0","0","0","0","0","0","0","0","0","0","0","0","0","0","0","0","0","0","0","0","0","0","0"
"Чувашская Республика - Чувашия","393487170","12571022","15101116","935726","346047613","14378560","12378450","1310678","136429","80453","2866779","262","28645","0","47404151","1722590","162","45681562","1869491","1367118","30","0","0","0","265513","13620","98430","2043","344518","0","0","3307","56219","1","0","0","404044","0","0","0","3752","284","1236","255","0","1671846","2472111","0","1567127","2154490","0","104719","318959","0","20944","63792","0","3142","9569","0","0","1338","0","242","48","0","0","1","0","0","0","1396059","0","0","1035257","0","0","360802","0","0","0","0","0","18040","0","0","54120","0","0","10824","0","0","0","0","0","4","0","0","0","0","0","2137328","0","0","1549960","0","0","0","0","0","695353","0","0","0","0","0","0","0","20861","0","0","107985","0","0","1","61608","0","528","61605","0","157","3","0","372","0","0","11","0","0","0","0","0","0","1229146","0","844044","0","385102","0","11553","0","0","0","0","0","0","0","0","0","0","0","0","0","0","0","0","0","0","0","0","0","0","0","0","0","0","0","0","0","0","0","0","0","41113887","21766","0","29829470","16172","0","0","0","0","11319575","5594","0","168","0","0","0","1924328","951","0","35158","0","0","3","0","17468","19600","0","0","2132","0","3","1","0","0","0","0","0","0","0","711951","660039","690156","972473","231000","180000","233730","0","4004609","434624","0","3765671","0","0","22707","0","0","0","0","0","0","0","0","0","0","0","0","0","0","120002","0","0","0","0","0","0","0","0","0","0","0","813","1","0","0","95","125563","1437516","0","0","0","0","0","0","0","0","0","0","0","0","0","0","0","0","0","0","0","0","0","0","0","0","0","0","0","0","0","0","0","0","0","0","0","0","103173","2","13756","0","0","0","0","0","0","0","0","0","0","0","0","0","0","0","0","0","0","0","0","0","0","0","0","0","6477","6477","6","3159","3","100437","170","170","170","170","170","2","2","2","2","2","1","3194","3194","3194","12","12","12","0","0","0","0","0","0","0","0","0","0","0","0","0","0","0","0","0","0","0","0","0","0","0","0","0","0","0","0","0","0","0","0","0","0","0","0","0","0","0","0","0","0","0","0","0","0","0","0","0","0","0","0","0","0","0","0","0","0","0","0","0","0","0","0","0","0","0","0","0","0","0","0","0","0","0","0","0","0","0","0","0","0","0","0","0","0","0","0","0","0","0","0","0","0","0","0","0","0","0","0","0","0","0","0","0","0","0","0","0","0","0","0","0","0","0","0","0","0","0","0","0","0","0","0","0","0","0","0","0","0","0","0","0","0","0","0","0","0","0","0","0","0","0","0","0","0","0","0","0","0","0","0","0","0","0","0","0","0","0","0","0","0","0","0","0","0","0","0","0","0","0","0","0","0","0","0","0","0","0","0","0","0","0","0","0","0","0","0","0","0","0","0","0","0","0","0","0","0","0","0","0","0","0","0","0","0","0","0","0","0","0","0","0","0","0","0","0","0","0","0","0","0","0","0","0","0","0","0","0","0","0"
"Алтайский край","866273633","44727690","31468939","2941531","791897642","49509701","25721114","5130924","66834","154403","1396938","94050","64651","70","78909055","1171122","312","77737933","6911119","2332138","0","0","0","0","425535","25390","134515","3808","234224","0","0","0","0","0","0","0","234224","0","0","0","8186","807","3192","247","0","924109","3034013","0","905699","2640432","0","18410","438490","0","3682","87698","0","552","13155","0","0","49669","0","148","80","0","0","5","0","0","0","2373924","0","0","2275108","0","0","152080","0","0","0","0","0","7604","0","0","22812","0","0","4562","0","0","60661","0","0","13","0","0","4","0","0","0","0","0","0","0","0","0","0","0","0","0","0","0","0","0","0","0","0","0","0","0","0","0","0","41114","0","12799","40300","0","11218","814","0","1581","24","0","47","0","0","0","0","0","0","33412265","0","26919537","0","7579786","0","227393","0","1087058","0","53","0","0","0","0","0","0","0","0","0","0","0","0","0","0","0","0","0","0","0","0","0","0","0","0","0","0","0","0","0","1073968","105275","0","867636","99598","0","636","0","0","218488","5678","0","170","0","0","0","37143","965","0","12793","0","0","2","0","5213045","4954106","130615","131458","3135","3944","3","1","0","0","0","0","0","0","0","6687854","6555394","341000","162575","77929","98119","179995","90947","10558667","92926","0","454522","24026","0","0","0","0","0","24026","0","0","0","0","0","0","0","0","0","0","0","0","0","0","0","0","0","0","0","35250","0","0","0","0","0","0","120","136528","1213266","212","1","42","38","1","8","0","0","0","0","0","0","0","0","0","0","0","146641","2","0","0","0","0","0","0","0","0","0","0","0","686","1","69","0","0","0","0","0","0","0","0","0","0","0","0","0","0","0","0","0","0","0","0","0","0","0","0","0","0","0","0","0","0","0","39708","39708","5","56457","4","24848","268","268","268","268","268","1","1","1","1","1","199","21561","21561","21561","17","17","17","0","0","0","0","0","0","0","0","0","0","0","0","0","0","0","0","0","0","0","0","0","0","0","0","0","0","0","0","0","0","0","0","0","0","0","0","0","0","0","0","0","0","0","0","0","0","0","0","0","0","0","0","0","0","0","0","0","0","0","0","0","0","0","0","0","0","0","0","0","0","0","0","0","0","0","0","0","0","0","0","0","0","0","0","0","0","0","0","0","0","0","0","0","0","0","0","0","0","0","0","0","0","0","0","0","0","0","0","0","0","0","0","0","0","0","0","0","0","0","0","0","0","0","0","0","0","0","0","0","0","0","0","0","0","0","0","0","0","0","0","0","0","0","0","0","0","0","0","0","0","0","0","0","0","0","0","0","0","0","0","0","0","0","0","0","0","0","0","0","0","0","0","0","0","0","0","0","0","0","0","0","0","0","0","0","0","0","0","0","0","0","0","0","0","0","0","0","0","0","0","0","0","0","0","0","0","0","0","0","0","0","0","0","0","0","0","0","0","0","0","0","0","0","0","0","0","0","0","0","0","0"
"Краснодарский край","5830893842","477311661","403410546","55923403","5450095501","517927072","332016351","75566526","1105083","1356647","46474479","22550692","381525","4298","407339782","11896345","1294","395449208","81456876","11858917","0","234147","1235592","56","2128375","212029","1855829","31808","2379270","3602","3","3904","2147","1","0","0","3858662","69157","0","0","17449","3999","8590","1277","0","4043581","20231066","354151","3697857","25049904","258651","391356","3797481","95500","78271","759496","19100","11741","113924","2865","27521","293718","0","975","245","1","21","20","0","0","0","0","0","0","0","0","0","0","0","0","0","0","0","0","0","0","0","0","0","0","0","0","0","0","0","0","0","0","0","0","0","0","0","0","0","0","0","0","0","0","0","0","0","0","0","0","0","0","0","0","0","0","0","0","0","975440","0","0","711933","0","0","264391","0","0","7932","0","0","884","0","0","3","0","0","86621945","0","63821890","0","24540814","0","736224","0","1740759","0","40","0","0","0","0","0","0","0","0","0","0","0","0","0","0","0","0","0","0","0","0","0","0","0","0","0","0","0","0","0","12329448","305420","0","11344109","276585","0","23844","0","0","1182322","38746","0","1162","0","0","0","200995","6587","0","220827","9911","0","8","1","8870390","3357264","0","5560161","47035","211504","20","8","0","0","0","0","0","0","0","1079714275","1079388059","94995","175750","4104672","2671169","1608288","2430411","52675219","7687312","85725","5589754","30255214","0","9062","0","0","8329159","21674146","0","3494717","0","0","0","21789300","0","3587641","755832","0","404268","0","42593","0","0","0","0","0","8371454","11556120","34","1","0","0","0","0","304","2508767","17305568","18765","2","3753","3059","4","612","2","1","0","0","0","0","0","0","0","0","0","214573","5","610","1","0","0","0","0","0","0","0","0","0","85399","5","8540","0","0","0","0","0","0","0","0","0","0","0","0","0","0","22731","2","0","0","0","0","0","0","0","0","0","0","0","0","7653","7653","7653","31407","31407","17","22006","8","37718","3673","3673","3673","3673","3673","7","7","7","7","7","135157","191679","191679","191679","53","53","53","0","0","0","0","0","0","0","0","0","8875","8875","8875","8875","8875","8875","8875","8875","8875","8875","0","0","0","0","0","0","0","0","0","0","0","0","0","0","0","0","0","0","0","0","0","0","0","0","0","0","0","0","0","0","0","0","0","0","0","0","0","869854","4","0","0","293240","2","0","0","0","0","0","0","0","0","0","0","0","0","0","0","0","0","0","0","0","0","0","0","0","0","0","0","0","0","0","0","0","0","0","0","0","0","0","0","0","0","0","0","0","0","0","0","0","0","0","0","0","0","0","0","0","0","0","0","0","0","0","0","0","0","0","0","0","0","0","0","0","0","0","0","0","0","0","0","0","0","0","0","0","0","0","0","0","0","0","0","0","0","0","0","0","0","0","0","0","0","0","0","0","0","0","0","0","0","0","0","0","0","0","0","0","0","0","0","0","0","0","0","0","0","0","0","0","0","0","0","0","0","0","0","0","0","0","0","0","0","0","0","0","0","0","0","0","0","0","0","0","0","0","0","0","0","0","0","0","0","0","0","0","0","0","0","0","0","0"
"Красноярский край","2715231977","344679869","269205689","59215108","2163900178","375457220","317829141","39299321","371297","208925","104773584","43888370","112102","204","398194570","16024672","542","382169898","54541083","11465098","0","450","1375","1","1519021","100790","662317","15118","3204934","395","1","0","0","0","0","0","3207154","0","0","0","11066","1613","5270","662","0","1541478","6902759","363709","1464473","5648503","363290","84737","1372546","419","16946","274509","84","2542","41176","13","7731","118291","0","660","111","1","9","15","0","22029211","43829","528057","18780821","42812","460059","3248390","1018","68826","90580","0","0","524739","173","3441","34359","31","10324","6872","31","2065","0","0","987","2","1","8","0","0","1","0","0","0","0","0","0","0","0","0","0","0","0","0","0","0","0","0","0","0","0","0","0","0","0","0","0","575684","0","113888","478520","0","101292","98948","0","12596","2968","0","378","1783","0","0","4","0","0","29842666","0","25039956","0","5690052","0","170702","0","887341","0","12","0","43699","0","0","5014121","0","0","0","0","0","0","0","0","0","0","0","0","0","0","0","0","0","4970421","0","0","3","0","0","0","1596205","53071","0","1537145","52724","0","0","0","0","174150","347","0","10","0","0","0","29605","59","0","115091","0","0","7","0","34095654","28588829","487153","5025491","5819","150765","7","2","0","0","0","0","0","0","0","1298170","1696790","21442128","27433719","0","4235692","737","3771671","93338232","524139","0","1759237","16154355","0","9155","0","0","0","15828403","0","0","0","0","0","75265","0","0","0","0","0","0","0","0","0","816","81900","0","0","0","0","0","2863","1","0","0","200","3676138","37143276","0","0","0","11884","2","2377","1038","1","208","0","0","0","0","0","0","0","0","1197553","9","2212","2","0","0","0","0","0","0","0","0","0","92361","3","9236","0","0","0","2457606","2","327681","28565","1","3809","0","0","0","0","0","0","0","242410","242410","242410","2","2","2","0","0","0","0","0","0","111260","111260","111260","932772","932772","39","252530","9","306942","187177","187177","187177","187177","187177","22","22","22","22","22","103320","899148","899148","899148","60","60","60","0","0","0","0","0","0","0","0","0","122","122","122","122","122","122","122","122","122","122","0","0","0","0","0","0","0","0","0","0","0","0","0","0","0","0","0","0","0","0","0","0","0","0","0","0","0","0","0","0","0","0","0","0","0","0","0","0","0","0","0","0","0","0","0","0","0","0","0","0","0","0","0","0","0","0","0","0","0","0","0","0","0","0","0","0","0","0","0","0","0","0","0","0","0","0","0","0","0","0","0","0","0","0","0","0","0","0","0","0","0","0","0","0","0","0","0","0","0","0","0","0","0","0","0","0","0","0","0","0","0","0","0","0","0","0","0","0","0","0","0","0","0","0","0","0","0","0","0","0","0","0","0","0","0","0","0","0","0","0","0","0","0","0","0","0","0","0","0","0","0","0","0","0","0","0","0","0","0","0","0","0","0","0","0","0","0","0","0","0","0","0","0","0","0","0","0","0","0","0","0","0","0","0","0","0","0","0","0","0","0","0","0","0","0","0","0","0","0","0","0","0","0","0","0","0","0","0","0","0","0","0"
"Приморский край","1729031146","147295184","285509285","71845404","1599924337","172232599","202222939","67300882","1908064","1032386","70753523","24826586","6588","6132","143661278","7334462","568","136326816","44191501","4082367","15435","65731","521032","7","591289","94880","451532","14414","1466892","2312","1","0","0","0","0","0","2055967","16469","0","0","8016","2004","4528","1064","0","1731470","7095336","0","1610700","6039453","0","121064","1071350","0","24213","214270","0","3632","32141","0","293","18123","0","237","85","0","3","7","0","90793","0","45245182","235794","0","61421285","0","0","2154225","0","0","5044","0","0","16812","0","0","408988","0","0","59582","145002","0","18397528","1","0","69","1","0","34","0","142187695","0","0","116369000","0","0","856454","0","0","32910663","0","0","103397","0","344647","0","0","883924","0","0","7948404","0","0","184","0","81289","0","100009","69289","0","89602","11999","0","10407","360","0","312","0","0","0","0","0","0","14284938","0","13100038","0","2015597","0","60468","0","830697","0","11","0","0","0","0","0","0","0","0","0","0","0","0","0","0","0","0","0","0","0","0","0","0","0","0","0","0","0","0","0","3137273","0","0","2188162","0","0","531","0","0","960782","0","0","0","0","0","0","163333","0","0","12201","0","0","2","0","5441372","4943110","110121","469566","81424","14087","8","58","0","0","0","0","0","0","0","31340071","30494332","112748173","115435078","585165","345819","241453","206478168","22620799","2880069","0","8252290","132874","214980","69240","0","0","0","202114","0","0","0","0","0","0","0","0","0","0","0","0","0","0","0","0","0","128547","0","267384","0","0","0","0","0","0","116","1178330","7706518","0","0","0","597","1","119","0","0","0","0","0","0","0","0","0","0","0","13297","1","0","0","0","0","0","0","0","0","0","0","0","121","1","12","0","0","0","0","0","0","0","0","0","0","0","0","0","0","6823","1","0","0","0","0","0","0","0","0","0","0","0","0","590","590","590","26464","26464","7","3649","3","9742","11318","11318","11318","11318","11318","4","4","4","4","4","0","92088","92088","92088","19","19","19","0","0","0","0","0","0","0","0","0","0","0","0","0","0","0","0","0","0","0","0","0","0","0","0","0","0","0","0","0","0","0","0","0","0","0","0","0","0","0","0","0","0","0","0","0","0","0","0","0","0","0","0","0","0","0","0","9615400","18","163500","1","0","0","0","0","0","0","0","0","0","0","0","0","0","0","0","0","0","0","0","0","0","0","0","0","0","0","0","0","0","0","0","0","0","0","0","0","0","0","0","0","0","0","0","0","0","0","0","0","0","0","0","0","0","0","0","0","0","0","0","0","0","0","0","0","0","0","0","0","0","0","0","0","0","0","0","0","0","0","0","0","0","0","0","0","0","0","0","0","0","0","0","0","0","0","0","0","0","0","0","0","0","0","0","0","0","0","0","0","0","0","0","0","0","0","0","0","0","0","0","0","0","0","0","0","0","0","0","0","0","0","0","0","0","0","0","0","0","0","0","0","0","0","0","0","0","0","0","0","0","0","0","0","0","0","0","0","0","0","0","0","0","0","0","0","0","0","0","0","0","0","0"
"Ставропольский край","928525773","72942757","37194810","5102987","865363136","80474993","28365660","8164742","122544","11468","4437310","1614704","9362","0","67671083","2082635","247","65588448","10188675","1966205","8026","19487","136408","1","340523","22700","228034","3407","416527","4305","4","0","0","0","0","0","576727","74","0","0","5596","623","3431","684","0","964992","4760931","585859","879669","3516053","574253","86550","1240803","11607","17310","248161","2321","2596","37225","348","1227","2809","0","254","74","2","3","2","0","0","0","15856512","0","0","14462889","0","0","1371547","0","0","17331","0","0","98000","0","0","158978","0","0","23816","0","0","403","0","0","20","0","0","1","0","0","0","0","0","0","0","0","0","0","0","0","0","0","0","0","0","0","0","0","0","0","0","0","0","0","97199","0","16708","95407","0","16578","1793","0","131","54","0","4","0","0","0","0","0","0","65245520","0","57248572","0","10169450","0","305084","0","2172502","0","53","0","0","0","0","0","0","0","0","0","0","0","0","0","0","0","0","0","0","0","0","0","0","0","0","0","0","0","0","0","1891565","5152638","0","908814","4449212","0","0","0","0","1011088","703426","0","21103","0","0","0","171885","119582","0","28336","0","0","4","0","239248","246358","0","14177","21287","425","10","3","0","0","0","0","0","0","0","178698289","178668447","11814902","9808615","0","0","2008552","0","33852741","569873","0","248260","2612","0","4","0","2589","0","27","0","110000","0","0","0","0","0","0","0","0","0","0","0","0","0","0","0","2589","0","1003643","0","0","0","0","0","0","77","134596","1655661","0","0","0","75471","2","15094","63","1","13","0","0","0","0","0","0","0","0","164629","3","23456","2","0","0","0","0","0","0","0","0","0","7084","2","708","0","0","0","0","0","0","0","0","0","0","0","0","0","0","0","0","0","0","0","0","0","0","0","0","0","0","0","0","251","251","251","6117","6117","8","0","0","29041","2984","2984","2984","2984","2984","4","4","4","4","4","41524","66160","66160","66160","21","21","21","0","0","0","0","0","0","0","0","0","0","0","0","0","0","0","0","0","0","0","0","0","0","0","0","0","0","0","0","0","0","0","0","0","0","0","0","0","0","0","0","0","0","0","0","0","0","0","0","0","0","0","0","0","0","0","0","0","0","0","0","0","0","0","0","0","0","0","0","0","0","0","0","0","0","0","0","0","0","0","0","0","0","0","0","0","0","0","0","0","0","0","0","0","0","0","0","0","0","0","0","0","0","0","0","0","0","0","0","0","0","0","0","0","0","0","0","0","0","0","0","0","0","0","0","0","0","0","0","0","0","0","0","0","0","0","0","0","0","0","0","0","0","0","0","0","0","0","0","0","0","0","0","0","0","0","0","0","0","0","0","0","0","0","0","0","0","0","0","0","0","0","0","0","0","0","0","0","0","0","0","0","0","0","0","0","0","0","0","0","0","0","0","0","0","0","0","0","0","0","0","0","0","0","0","0","0","0","0","0","0","0","0","0","0","0","0","0","0","0","0","0","0","0","0","0","0","0","0","0","0","0"
"Хабаровский край","760731243","197693732","45874145","9895372","687009622","217742842","45225337","25528294","219224","419220","685440","6348","45677","13992","73858589","5096194","358","68762395","35283152","2061118","0","1","849","2","526719","116737","170499","17511","1019239","0","0","0","0","0","0","0","1020089","83","0","0","4726","1314","2486","364","0","120710","4836306","81143","127016","4069345","80710","2635","775386","433","527","155077","87","79","23262","13","8941","8425","0","9","83","3","1","4","0","0","7407101","34506470","0","5266758","56088656","0","2140343","3589352","0","0","39819","0","363858","132731","0","64210","545320","0","64210","67861","0","0","25371691","0","1","56","0","0","21","0","12852934","0","0","10803064","0","0","26302","0","0","2138621","0","0","0","0","0","0","0","64159","0","0","115053","0","0","6","0","7964","0","0","6141","0","0","1906","0","0","57","0","0","163","0","0","1","0","0","501039","0","476847","0","33201","0","996","0","9009","0","5","0","0","0","0","0","0","0","0","0","0","0","0","0","0","0","0","0","0","0","0","0","0","0","0","0","0","0","0","0","484804","0","0","458547","0","0","0","0","0","27297","0","0","0","0","0","0","4640","0","0","1040","0","0","2","0","720","690","0","30","0","1","0","9","0","0","0","0","0","0","0","1252","295","244480","244428","0","0","52","7822","12108860","1272540","0","1366028","23546","0","536","0","0","0","536","0","196499","0","0","0","0","0","0","0","0","0","0","0","0","0","0","0","0","3640000","0","0","0","0","0","0","0","104","577035","4884631","0","0","0","0","0","0","648","2","130","0","0","0","0","0","0","0","0","10507","2","0","0","0","0","0","0","0","0","986","1","99","15238","1","1524","0","0","0","29029","1","3871","0","0","0","0","0","0","0","0","2701","1","0","0","0","0","0","0","0","0","0","0","0","0","1263","1263","1263","110635","110635","8","2748","4","11864","12381","12381","12381","12381","12381","4","4","4","4","4","1439","129387","129387","129387","22","22","22","0","0","0","0","0","0","0","0","0","521","521","521","521","521","521","521","521","521","521","0","0","0","0","0","0","0","0","0","0","0","0","0","0","0","0","0","0","0","0","0","0","0","0","0","0","0","0","0","0","0","0","0","0","0","0","0","253333","1","0","0","0","0","0","0","0","0","0","0","0","0","0","0","0","0","0","0","0","0","0","0","0","0","0","0","0","0","0","0","0","0","0","0","0","0","0","0","0","0","0","0","0","0","0","0","0","0","0","0","0","0","0","0","0","0","0","0","0","0","0","0","0","0","0","0","0","0","0","0","0","0","0","0","0","0","0","0","0","0","0","0","0","0","0","0","0","0","0","0","0","0","0","0","0","0","0","0","0","0","0","0","0","0","0","0","0","0","0","0","0","0","0","0","0","0","0","0","0","0","0","0","0","0","0","0","0","0","0","0","0","0","0","0","0","0","0","0","0","0","0","0","0","0","0","0","0","0","0","0","0","0","0","0","0","0","0","0","0","0","0","0","0","0","0","0","0","0","0","0","0","0","0"
"Амурская область","305401008","138958682","212022640","19517577","279840889","108178313","198913365","121476934","122524","36809","626339","0","0","0","38166290","4776483","157","33389856","71142178","1001287","0","1109","15511","2","215611","9537","66779","1361","955297","0","0","0","0","0","0","0","971917","0","0","0","2060","593","1624","306","0","574960","1557053","220042","517632","1444930","109457","57735","113268","100522","11547","22654","20104","1732","3398","3016","405","1144","0","89","27","6","3","2","0","0","0","19852793","0","0","18535146","0","0","1089490","0","0","29245","0","0","159124","0","0","29529","0","0","3440","0","0","652227","0","0","41","0","0","12","0","0","0","0","0","0","0","0","0","0","0","0","0","0","0","0","0","0","0","0","0","0","0","0","0","0","31979","0","13","31825","0","5","155","0","7","5","0","0","0","0","0","0","0","0","18223483","0","14682392","0","3627158","0","108815","0","86066","0","14","0","0","0","0","0","0","0","0","0","0","0","0","0","0","0","0","0","0","0","0","0","0","0","0","0","0","0","0","0","137217","0","0","94790","0","0","0","0","0","42426","0","0","0","0","0","0","7212","0","0","0","0","0","0","0","36173576","25667413","2023972","8830517","852542","180432","4","14","0","0","0","0","0","0","0","28170","26396","0","0","0","0","139","0","37975","6356","0","77954","0","0","0","0","0","0","0","0","0","0","0","0","0","0","0","0","0","0","0","0","0","0","0","0","0","0","0","0","0","0","0","0","0","41","951113","11915736","0","0","0","0","0","0","0","0","0","0","0","0","0","0","0","0","0","93139","3","343773","2","0","0","0","0","0","0","0","0","0","58638","1","5864","0","0","0","0","0","0","0","0","0","0","0","0","0","0","0","0","0","0","0","0","0","0","0","0","0","0","0","0","0","0","0","730","730","1","58311","7","2187","0","0","0","0","0","0","0","0","0","0","0","36019","36019","36019","10","10","10","0","0","0","0","0","0","0","0","0","0","0","0","0","0","0","0","0","0","0","0","0","0","0","0","0","0","0","0","0","0","0","0","0","0","0","0","0","0","0","0","0","0","0","0","0","0","0","0","0","0","0","0","0","0","0","0","0","0","0","0","0","0","0","0","0","0","0","0","0","0","0","0","0","0","0","0","0","0","0","0","0","0","0","0","0","0","0","0","0","0","0","0","0","0","0","0","0","0","0","0","0","0","0","0","0","0","0","0","0","0","0","0","0","0","0","0","0","0","0","0","0","0","0","0","0","0","0","0","0","0","0","0","0","0","0","0","0","0","0","0","0","0","0","0","0","0","0","0","0","0","0","0","0","0","0","0","0","0","0","0","0","0","0","0","0","0","0","0","0","0","0","0","0","0","0","0","0","0","0","0","0","0","0","0","0","0","0","0","0","0","0","0","0","0","0","0","0","0","0","0","0","0","0","0","0","0","0","0","0","0","0","0","0","0","0","0","0","0","0","0","0","0","0","0","0","0","0","0","0","0","0"
"Архангельская область","319715636","139699557","30168029","14625655","291012566","148786612","19737162","17791769","154841","158361","2507602","605","24316","62","36756905","2310889","141","34446016","12095475","1033381","17","17665","58882","1","230134","73483","92765","11936","462178","0","0","0","0","0","0","0","538725","919","0","0","1976","436","951","144","0","511007","1575081","11634","482668","1325731","10182","29556","283933","1452","5911","56787","290","887","8518","44","1217","34584","0","137","37","3","4","9","0","0","0","0","0","0","0","0","0","0","0","0","0","0","0","0","0","0","0","0","0","0","0","0","0","0","0","0","0","0","0","0","0","0","0","0","0","0","0","0","0","0","0","0","0","0","0","0","0","0","0","0","0","0","0","0","0","363640","0","12003","332564","0","11532","31095","0","470","933","0","14","19","0","0","1","0","0","3140955","0","2457154","0","695073","0","20852","0","11272","0","1","0","0","0","0","0","0","0","0","0","0","0","0","0","0","0","0","0","0","0","0","0","0","0","0","0","0","0","0","12745261","474698","0","10268645","322925","0","16947","0","0","2587499","151773","0","0","0","129375","77625","310500","25801","0","127829","0","0","9","0","0","5036","6306","0","0","1270","0","1","2","0","0","0","0","0","0","0","0","0","1857","1768","0","0","89","50681","1014917","965201","0","1525341","24200","0","8286","0","0","0","32486","0","0","0","0","0","0","0","0","0","0","101","0","0","0","0","0","0","0","0","62727","0","0","0","0","0","0","63","477719","3180987","30","1","6","421","1","84","0","0","0","0","0","0","0","0","0","0","0","96283","3","12529","1","0","0","0","0","0","0","0","0","0","0","0","0","0","0","0","0","0","0","0","0","0","0","0","0","0","0","3058","1","0","0","0","0","0","0","0","0","0","0","0","0","936","936","936","83784","83784","7","1151","1","60561","588","588","588","588","588","3","3","3","3","3","2770","63591","63591","63591","19","19","19","0","0","0","0","0","0","0","0","0","1184","1184","1184","1184","1184","1184","1184","1184","1184","1184","0","0","0","0","0","0","0","0","0","0","0","0","0","0","0","0","0","0","0","0","0","0","0","0","0","0","0","0","0","0","0","0","0","0","0","0","0","642321","2","4161143","2","0","0","0","0","0","0","0","0","0","0","0","0","0","0","0","0","0","0","0","0","0","0","0","0","0","0","0","0","0","0","0","0","0","0","0","0","0","0","0","0","0","0","0","0","0","0","0","0","0","0","0","0","0","0","0","0","0","0","0","0","0","0","0","0","0","0","0","0","0","0","0","0","0","0","0","0","0","0","0","0","0","0","0","0","0","0","0","0","0","0","0","0","0","0","0","0","0","0","0","0","0","0","0","0","0","0","0","0","0","0","0","0","0","0","0","0","0","0","0","0","0","0","0","0","0","0","0","0","0","0","0","0","0","0","0","0","0","0","0","0","0","0","0","0","0","0","0","0","0","0","0","0","0","0","0","0","0","0","0","0","0","0","0","0","0","0","0","0","0","0","0"
"Астраханская область","170565090","17438437","5396815","2627935","160822454","20529232","5335795","4670910","92006","27241","12699","0","7","0","9882957","613629","109","9269428","5106529","277961","0","0","0","0","56140","10433","117558","1565","122726","665","1","123","2086","1","0","0","125600","58","0","0","1438","388","1332","162","0","1343814","1125637","306703","1125031","974051","300680","218783","152671","26668","43757","30534","5334","6563","4580","800","0","1084","20645","29","41","3","0","3","1","0","0","0","0","0","0","0","0","0","0","0","0","0","0","0","0","0","0","0","0","0","0","0","0","0","0","0","0","0","0","0","0","0","0","0","0","0","0","0","0","0","0","0","0","0","0","0","0","0","0","0","0","0","0","0","0","67309","0","113690","45486","0","107195","21858","0","6496","656","0","195","36","0","0","1","0","0","3251356","0","2824767","0","791860","0","23756","0","365271","0","5","0","0","0","0","0","0","0","0","0","0","0","0","0","0","0","0","0","0","0","0","0","0","0","0","0","0","0","0","0","300081","0","0","212297","0","0","0","0","0","120892","0","0","0","0","0","0","20552","0","0","33108","0","0","3","0","5584599","2514092","0","3076146","5639","92284","5","0","187349518","68702654","6389100","112258844","23038635","1080","1","20695","17299","0","0","0","0","0","0","120267716","4241","0","292917","14944","0","2817","0","0","4950","11165","0","0","0","0","0","0","0","0","0","0","58143","0","0","0","0","0","0","0","4950","8138","0","0","0","0","0","0","18","89464","234556","0","0","0","0","0","0","0","0","0","0","0","0","0","0","0","0","0","35371","2","0","0","0","0","0","0","0","0","0","0","0","0","0","0","0","0","0","0","0","0","0","0","0","16040111","1","2138681","0","0","0","0","0","0","0","0","0","0","0","0","0","0","369086","1","1024","1024","1024","0","0","0","0","0","378","0","0","0","0","0","0","0","0","0","0","26439","54357","54357","54357","5","5","5","0","0","0","0","0","0","0","0","0","780","780","780","780","780","780","780","780","780","780","0","0","0","0","0","0","0","0","0","0","0","0","0","0","0","0","0","0","0","0","0","0","0","0","0","0","0","0","0","0","0","0","0","0","0","0","0","7558364","13","0","0","1202654","5","0","0","0","0","0","0","0","0","0","0","0","0","0","0","0","0","0","0","0","0","0","0","0","0","0","0","0","0","0","0","0","0","0","0","0","0","0","0","0","0","0","0","0","0","0","0","0","0","0","0","0","0","0","0","0","0","0","0","0","0","0","0","0","0","0","0","0","0","0","0","0","0","0","0","0","0","0","0","0","0","0","0","0","0","0","0","0","0","0","0","0","0","0","0","0","0","0","0","0","0","0","0","0","0","0","0","0","0","0","0","0","0","0","0","0","0","0","0","0","0","0","0","0","0","0","0","0","0","0","0","0","0","0","0","0","0","0","0","0","0","0","0","0","0","0","0","0","0","0","0","0","0","0","0","0","0","0","0","0","0","0","0","0","0","0","0","0","0","0"
"Белгородская область","1380882870","47703481","97289122","3834858","1223476838","53124865","74718665","4743293","388675","37422","10973337","525885","130242","131072","169310568","3986282","310","165324287","6949354","4959734","220","0","0","0","761045","116619","250503","17514","797256","0","1","0","0","0","0","0","797256","121","0","0","6688","722","3514","239","0","867811","1953993","0","861559","1828044","0","11177","158295","0","2235","31659","0","335","4749","0","4925","42196","0","240","42","0","1","6","0","0","0","4432299","0","0","3340328","0","0","1106382","0","0","815","0","0","56677","0","0","163785","0","0","32377","0","0","14487","0","0","34","0","0","4","0","0","0","0","0","0","0","0","0","0","0","0","0","0","0","0","0","0","0","0","0","0","0","0","0","0","12556","0","0","8536","0","0","4021","0","0","121","0","0","0","0","0","0","0","0","140692511","0","111998743","0","29625466","0","888764","0","931697","0","16","0","0","0","0","0","0","0","0","0","0","0","0","0","0","0","0","0","0","0","0","0","0","0","0","0","0","0","0","0","4330141","0","0","3891111","0","0","0","0","0","481497","0","0","0","0","0","0","81854","0","0","42467","0","0","2","0","232483","242686","152","404","10758","12","12","2","0","0","0","0","0","0","0","561321","403793","461765","413663","1865","0","48965","362849","58731002","291581","0","403637","1369092","0","22558","0","0","0","116650","0","1587","0","0","0","0","0","0","86587","0","0","0","0","0","0","0","0","0","0","41728","0","0","193","1","0","0","132","606507","4810163","0","0","0","0","0","0","593","1","119","0","0","0","0","0","0","0","0","280424","1","0","0","0","0","0","0","0","0","0","0","0","3221","1","322","7","1","1","313886","2","41851","0","0","0","0","0","0","0","0","0","0","0","0","0","0","0","0","0","0","0","0","0","0","1120","1120","1120","30582","30582","5","2433","4","78840","71044","71044","71044","71044","71044","2","2","2","2","2","452","47427","47427","47427","14","14","14","0","0","0","0","0","0","0","0","0","0","0","0","0","0","0","0","0","0","0","0","0","0","0","0","0","0","0","0","0","0","0","0","0","0","0","0","0","0","0","0","0","0","0","0","0","0","0","0","0","0","0","0","0","0","0","0","0","0","0","0","0","0","0","0","0","0","0","0","0","0","0","0","0","0","0","0","0","0","0","0","0","0","0","0","0","0","0","0","0","0","0","0","0","0","0","0","0","0","0","0","0","0","0","0","0","0","0","0","0","0","0","0","0","0","0","0","0","0","0","0","0","0","0","0","0","0","0","0","0","0","0","0","0","0","0","0","0","0","0","0","0","0","0","0","0","0","0","0","0","0","0","0","0","0","0","0","0","0","0","0","0","0","0","0","0","0","0","0","0","0","0","0","0","0","0","0","0","0","0","0","0","0","0","0","0","0","0","0","0","0","0","0","0","0","0","0","0","0","0","0","0","0","0","0","0","0","0","0","0","0","0","0","0","0","0","0","0","0","0","0","0","0","0","0","0","0","0","0","0","0","0"
"Брянская область","391110427","44574859","28631884","1842354","357114805","45055380","19838718","4179166","126273","127189","9465320","12038","281","0","33449460","992447","167","32457013","2702182","973710","25","30324","225977","7","244916","48403","46208","6768","198489","255303","16","0","0","0","0","0","710093","68","0","0","3022","330","1902","288","0","604566","1731011","0","547998","1426996","0","57072","308265","0","11414","61653","0","1712","9248","0","504","4250","0","163","57","0","1","1","0","0","0","0","0","0","0","0","0","0","0","0","0","0","0","0","0","0","0","0","0","0","0","0","0","0","0","0","0","0","0","0","0","0","0","0","0","0","0","0","0","0","0","0","0","0","0","0","0","0","0","0","0","0","0","0","0","98202","0","41695","90082","0","37885","8120","0","3810","244","0","114","0","0","0","0","0","0","61398541","0","46581897","0","15224047","0","456721","0","407403","0","8","0","0","0","0","0","0","0","0","0","0","0","0","0","0","0","0","0","0","0","0","0","0","0","0","0","0","0","0","0","594793","7443226","0","358555","5970883","0","5499","0","0","230995","1822073","0","54662","0","0","0","39269","309752","0","256","349730","0","1","2","20695","24337","0","0","3642","0","4","13","0","0","0","0","0","0","0","5752","16588","1531","1531","0","0","0","0","558626","727446","0","267429","0","0","10","0","0","0","0","0","0","0","0","0","0","0","0","0","0","0","0","0","0","0","0","0","0","0","59683","0","0","77","1","0","0","48","118062","2669851","1065","1","213","1268","1","254","4","1","1","0","0","0","0","0","0","0","0","104971","1","13720","1","0","0","0","0","0","0","4824","1","482","121071","1","12107","0","0","0","0","0","0","0","0","0","0","0","0","0","0","0","0","0","0","0","0","0","0","0","0","0","0","0","0","3663","3663","3663","1062","1062","2","0","0","3174","605","605","605","605","605","1","1","1","1","1","0","53186","53186","53186","12","12","12","0","0","0","0","0","0","0","0","0","1100","1100","1100","1100","1100","1100","1100","1100","1100","1100","0","0","0","0","0","0","0","0","0","0","0","0","0","0","0","0","0","0","0","0","0","0","0","0","0","0","0","0","0","0","0","0","0","2216","3","0","0","0","0","0","0","0","0","0","0","0","0","0","0","0","0","0","0","0","0","0","0","0","0","0","0","0","0","0","0","0","0","0","0","0","0","0","0","0","0","0","0","0","0","0","0","0","0","0","0","0","0","0","0","0","0","0","0","0","0","0","0","0","0","0","0","0","0","0","0","0","0","0","0","0","0","0","0","0","0","0","0","0","0","0","0","0","0","0","0","0","0","0","0","0","0","0","0","0","0","0","0","0","0","0","0","0","0","0","0","0","0","0","0","0","0","0","0","0","0","0","0","0","0","0","0","0","0","0","0","0","0","0","0","0","0","0","0","0","0","0","0","0","0","0","0","0","0","0","0","0","0","0","0","0","0","0","0","0","0","0","0","0","0","0","0","0","0","0","0","0","0","0","0","0","0","0"
"Владимирская область","731001052","95455030","33668900","2285390","652420849","92987056","31019707","10517403","318342","76644","7165771","210","17559","1107","74364408","2300926","206","72063482","5688712","2161642","309","78475","335158","8","375065","19015","217078","2852","460185","226991","8","263","4472","4","0","0","1105544","5047","0","0","4178","514","1002","221","0","826143","3098035","0","794318","2554859","0","42156","546235","0","8431","109247","0","1265","16387","0","10331","3059","0","466","64","0","6","2","0","0","0","0","0","0","131","0","0","0","0","0","0","0","0","0","0","0","0","0","0","0","0","0","131","0","0","2","0","0","1","0","0","0","0","0","0","0","0","0","0","0","0","0","0","0","0","0","0","0","0","0","0","0","0","0","0","68670","0","4971","62249","0","3557","6421","0","1414","193","0","42","0","0","0","0","0","0","3899907","0","3329181","0","571969","0","17159","0","1243","0","3","0","0","0","0","0","0","0","0","0","0","0","0","0","0","0","0","0","0","0","0","0","0","0","0","0","0","0","0","0","4303066","1116587","0","1071875","675832","0","0","0","0","3236425","440755","0","13223","0","0","0","550192","74928","0","5234","0","0","1","0","60271","43514","0","16757","0","503","0","0","0","0","0","0","0","0","0","48106","47187","0","0","0","0","0","7601","1637484","47324","0","1438474","15963","0","369","0","0","0","360","0","3430","0","0","0","0","0","0","119997","0","65294","0","59989","0","0","0","0","0","0","179217","414133","2","38428","1","0","0","108","206431","2594643","0","0","0","150","2","30","0","0","0","0","0","0","0","0","0","0","0","4035","1","1283","1","0","0","0","0","0","0","0","0","0","0","0","0","0","0","0","0","0","0","0","0","0","0","0","0","0","0","36066","1","0","0","0","0","0","0","0","0","0","0","0","0","236","236","236","31431","31431","6","1523","3","61658","12460","12460","12460","12460","12460","1","1","1","1","1","332","18853","18853","18853","15","15","15","0","0","0","0","0","0","0","0","0","0","0","0","0","0","0","0","0","0","0","0","0","0","0","0","0","0","0","0","0","0","0","0","0","0","0","0","0","0","0","0","0","0","0","0","0","0","0","0","0","0","0","0","0","0","0","0","0","0","0","0","0","0","0","0","0","0","0","0","0","0","0","0","0","0","0","0","0","0","0","0","0","0","0","0","0","0","0","0","0","0","0","0","0","0","0","0","0","0","0","0","0","0","0","0","0","0","0","0","0","0","0","0","0","0","0","0","0","0","0","0","0","0","0","0","0","0","0","0","0","0","0","0","0","0","0","0","0","0","0","0","0","0","0","0","0","0","0","0","0","0","0","0","0","0","0","0","0","0","0","0","0","0","0","0","0","0","0","0","0","0","0","0","0","0","0","0","0","0","0","0","0","0","0","0","0","0","0","0","0","0","0","0","0","0","0","0","0","0","0","0","0","0","0","0","0","0","0","0","0","0","0","0","0","0","0","0","0","0","0","0","0","0","0","0","0","0","0","0","0","0","0"
"Волгоградская область","707743658","58865531","27503774","4449631","635172037","62939462","26819204","6280944","137725","6983","1580625","772827","85726","0","72061117","4743589","292","67317528","6671085","2018426","118","144147","1315557","12","397543","29110","162505","4367","948717","27","4","120","678","1","0","0","2409246","0","0","0","4776","607","1711","551","0","790028","4860511","0","719898","4389732","0","70429","474949","0","14086","94990","0","2113","14249","0","299","4171","0","339","93","0","1","1","0","0","0","110957","0","0","107634","0","0","3118","0","0","0","0","0","156","0","0","468","0","0","94","0","0","0","0","0","2","0","0","0","0","0","10574205","0","0","16846667","0","0","0","0","0","0","0","0","0","0","0","0","0","0","0","0","6272463","0","0","1","213451","0","0","169969","0","0","43482","0","0","1304","0","0","0","0","0","0","0","0","34586019","0","26988945","0","8362119","0","250864","0","765045","0","40","0","0","0","0","0","0","0","0","0","0","0","0","0","0","0","0","0","0","0","0","0","0","0","0","0","0","0","0","0","680816","1253707","0","700513","894192","0","0","0","0","24279","359514","0","10785","0","0","0","4127","61117","0","43975","0","0","2","0","141597","116671","21564","21564","18203","647","13","2","0","0","0","0","0","0","0","227458","222879","4008811","3675261","0","0","333550","29378","9753426","131788","0","526788","480633","0","40","0","0","0","480673","0","0","0","0","0","0","0","0","0","0","0","0","0","0","0","0","0","0","0","0","0","0","0","0","0","0","77","456607","3071914","0","0","0","0","0","0","0","0","0","0","0","0","0","0","0","0","0","215658","2","43637","2","0","0","0","0","0","0","0","0","0","0","0","0","0","0","0","0","0","0","0","0","0","0","0","0","0","0","0","0","0","0","0","0","0","0","0","0","0","0","0","0","1308","1308","1308","11095","11095","10","12811","4","23722","2645","2645","2645","2645","2645","6","6","6","6","6","44810","87024","87024","87024","39","39","39","0","0","0","0","0","0","0","0","0","1040","1040","1040","1040","1040","1040","1040","1040","1040","1040","0","0","0","0","0","0","0","0","0","0","0","0","0","0","0","0","0","0","0","0","0","0","0","0","0","0","0","0","0","0","0","0","0","0","0","0","0","0","0","0","0","0","0","0","0","0","0","0","0","0","0","0","0","0","0","0","0","0","0","0","0","0","0","0","0","0","0","0","0","0","0","0","0","0","0","0","0","0","0","0","0","0","0","0","0","0","0","0","0","0","0","0","0","0","0","0","0","0","0","0","0","0","0","0","0","0","0","0","0","0","0","0","0","0","0","0","0","0","0","0","0","0","0","0","0","0","0","0","0","0","0","0","0","0","0","0","0","0","0","0","0","0","0","0","0","0","0","0","0","0","0","0","0","0","0","0","0","0","0","0","0","0","0","0","0","0","0","0","0","0","0","0","0","0","0","0","0","0","0","0","0","0","0","0","0","0","0","0","0","0","0","0","0","0","0","0","0","0","0","0","0","0","0","0","0","0","0","0","0","0","0","0"
"Вологодская область","1124855929","343133515","238418334","204366091","957567506","349771112","266327297","59937303","261139","668425","3661868","150898484","4187","43","135989955","1730614","265","134259341","12438912","4027170","0","1781","13095","2","247065","19509","514454","2985","346123","1632997","2","0","0","0","0","0","1993996","86","0","0","5072","586","1588","401","0","700320","2428476","0","626647","1957975","0","75844","474027","0","15169","94805","0","2275","14221","0","2170","3525","0","215","53","0","7","4","0","0","0","13221223","0","0","8201761","0","0","5160404","0","0","1193","0","0","28857","0","0","1002031","0","0","153619","0","0","151461","0","0","13","0","0","2","0","0","24003531","0","0","18474200","0","0","0","0","0","5964340","0","0","0","0","929132","0","0","178930","0","0","435008","0","0","1","412591","0","28246","373355","0","19716","39331","0","8530","1180","0","256","95","0","0","1","0","0","15271650","0","12428150","0","3045774","0","91373","0","202274","0","6","0","0","0","0","0","0","0","0","0","0","0","0","0","0","0","0","0","0","0","0","0","0","0","0","0","0","0","0","0","7637541","0","0","7595142","0","0","0","0","0","99717","0","0","0","0","0","0","16952","0","0","57318","0","0","2","0","30437","34786","10752","7","4356","0","5","3","0","0","0","0","0","0","0","6329125","5428859","2300138","9005769","54769","51368","15411","7803746","180765580","429160","0","7041966","293995","0","16771","0","0","0","310764","0","0","0","0","0","0","0","0","0","0","0","0","0","0","0","0","0","0","0","293993","1350","1","0","0","0","0","99","1158530","10317031","0","0","0","0","0","0","0","0","0","0","0","0","0","0","0","0","0","1439552","4","174","1","0","0","0","0","0","0","0","0","0","82864","3","8286","6722","4","672","368701","6","49160","0","0","0","0","0","0","0","0","0","0","0","0","0","0","0","0","0","0","0","0","0","0","0","0","0","136720","136720","7","4417","3","89861","1887","1887","1887","1887","1887","3","3","3","3","3","7249","72781","72781","72781","32","32","32","0","0","0","0","0","0","0","0","0","0","0","0","0","0","0","0","0","0","0","0","0","0","0","0","0","0","0","0","0","0","0","0","0","0","0","0","0","0","0","0","0","0","0","0","0","0","0","0","0","0","0","0","0","0","0","0","0","0","0","0","0","0","0","0","0","0","0","0","0","0","0","0","0","0","0","0","0","0","0","0","0","0","0","0","0","0","0","0","0","0","0","0","0","0","0","0","0","0","0","0","0","0","0","0","0","0","0","0","0","0","0","0","0","0","0","0","0","0","0","0","0","0","0","0","0","0","0","0","0","0","0","0","0","0","0","0","0","0","0","0","0","0","0","0","0","0","0","0","0","0","0","0","0","0","0","0","0","0","0","0","0","0","0","0","0","0","0","0","0","0","0","0","0","0","0","0","0","0","0","0","0","0","0","0","0","0","0","0","0","0","0","0","0","0","0","0","0","0","0","0","0","0","0","0","0","0","0","0","0","0","0","0","0","0","0","0","0","0","0","0","0","0","0","0","0","0","0","0","0","0","0"
"Воронежская область","1317182922","104063082","53061432","23516910","1235981676","111190179","49130838","29202102","145971","33701","7079344","535773","75310","0","78127252","2323173","471","75804079","13314361","2274122","67","0","0","0","545778","51553","291529","7733","464635","6158","2","0","0","0","0","0","470793","144","0","0","10466","1220","3490","356","0","838715","7991211","650423","742364","6616571","641731","109681","1376428","8692","21936","275286","1738","3290","41293","261","13330","1788","0","102","102","2","4","4","0","0","0","21648874","0","0","20583038","0","0","1065836","0","0","0","0","0","53292","0","0","159875","0","0","31975","0","0","0","0","0","2","0","0","0","0","0","0","0","0","0","0","0","0","0","0","0","0","0","0","0","0","0","0","0","0","0","0","0","0","0","200642","0","57499","187408","0","52980","13916","0","4519","417","0","136","682","0","0","1","0","0","89232299","0","71110084","0","20351706","0","610551","0","2229491","0","33","0","0","0","0","0","0","0","0","0","0","0","0","0","0","0","0","0","0","0","0","0","0","0","0","0","0","0","0","0","2997713","36151769","0","2878693","32234554","0","3332","0","0","283420","3917216","0","117516","0","0","0","48181","665927","0","167732","0","0","11","0","1958375","1928979","21540","42025","12629","1261","11","1","0","0","0","0","0","0","0","92438056","93228074","26893","23404","0","0","4096","0","7808773","228544","0","1194386","148957","0","0","0","0","0","134987","0","0","0","0","0","0","0","0","0","0","69695","0","0","0","65292","0","0","0","0","63970","0","0","0","0","0","0","116","224643","1815043","0","0","0","0","0","0","0","0","0","0","0","0","0","0","0","0","0","73582","1","0","0","0","0","0","0","0","0","0","0","0","0","0","0","0","0","0","0","0","0","0","0","0","0","0","0","0","0","0","0","0","0","0","0","0","0","0","0","0","0","0","0","0","0","0","4467","4467","3","28715","2","1372","4573","4573","4573","4573","4573","2","2","2","2","2","667","23486","23486","23486","12","12","12","0","0","0","0","0","0","0","0","0","0","0","0","0","0","0","0","0","0","0","0","0","0","0","0","0","0","0","0","0","0","0","0","0","0","0","0","0","0","0","0","0","0","0","0","0","0","0","0","0","0","0","0","0","0","0","0","0","0","0","0","0","0","0","0","0","0","0","0","0","0","0","0","0","0","0","0","0","0","0","0","0","0","0","0","0","0","0","0","0","0","0","0","0","0","0","0","0","0","0","0","0","0","0","0","0","0","0","0","0","0","0","0","0","0","0","0","0","0","0","0","0","0","0","0","0","0","0","0","0","0","0","0","0","0","0","0","0","0","0","0","0","0","0","0","0","0","0","0","0","0","0","0","0","0","0","0","0","0","0","0","0","0","0","0","0","0","0","0","0","0","0","0","0","0","0","0","0","0","0","0","0","0","0","0","0","0","0","0","0","0","0","0","0","0","0","0","0","0","0","0","0","0","0","0","0","0","0","0","0","0","0","0","0","0","0","0","0","0","0","0","0","0","0","0","0","0","0","0","0","0","0"
"Ивановская область","330915640","13513361","11940842","1786574","306422394","15550139","14111066","2108660","85290","2966","673215","0","10848","0","21724250","186947","157","21537303","2355898","633452","20","0","0","0","119251","7753","59734","1163","37389","0","0","12539","213157","5","0","0","263085","0","0","0","4571","451","2215","430","0","401501","1730877","186765","320130","1345177","156706","82335","379307","30058","16467","75861","6012","2470","11379","902","964","1271","0","104","40","2","1","2","0","0","0","4605986","0","0","4214636","0","0","602724","0","0","7903","0","0","39156","0","0","73485","0","0","10179","0","0","211424","0","0","13","0","0","5","0","0","0","0","0","0","0","0","0","0","0","0","0","0","0","0","0","0","0","0","0","0","0","0","0","0","324238","0","32067","292236","0","30400","32113","0","1666","963","0","50","110","0","0","1","0","0","2680935","0","2262034","0","470193","0","14106","0","51292","0","4","0","0","0","0","0","0","0","0","0","0","0","0","0","0","0","0","0","0","0","0","0","0","0","0","0","0","0","0","0","533432","529618","0","431528","516321","0","0","0","0","103248","13297","0","399","0","0","0","17552","2260","0","1344","0","0","1","0","363385","348326","0","18749","3689","562","4","0","0","0","0","0","0","0","0","40893","30012","0","0","0","5000","0","0","406770","6443","0","13959","56848","0","0","0","0","56848","0","0","0","0","0","0","0","0","0","0","0","0","0","0","0","0","0","0","0","56848","1093366","0","0","0","0","0","0","41","24363","184301","0","0","0","252","2","50","0","0","0","0","0","0","0","0","0","0","0","0","0","0","0","0","0","0","0","0","0","0","0","0","0","0","0","0","0","0","0","0","0","0","0","0","0","0","0","0","0","0","0","0","0","0","0","0","0","0","0","0","0","0","0","7","7","7","1276","1276","2","4125","2","940","615","615","615","615","615","1","1","1","1","1","353","8888","8888","8888","12","12","12","0","0","0","0","0","0","0","0","0","0","0","0","0","0","0","0","0","0","0","0","0","0","0","0","0","0","0","0","0","0","0","0","0","0","0","0","0","0","0","0","0","0","0","0","0","0","0","0","0","0","0","0","0","0","0","0","0","0","0","0","0","0","0","0","0","0","565","1","0","0","0","0","0","0","0","0","0","0","0","0","0","0","0","0","0","0","0","0","0","0","0","0","0","0","0","0","0","0","0","0","0","0","0","0","0","0","0","0","0","0","0","0","0","0","0","0","0","0","0","0","0","0","0","0","0","0","0","0","0","0","0","0","0","0","0","0","0","0","0","0","0","0","0","0","0","0","0","0","0","0","0","0","0","0","0","0","0","0","0","0","0","0","0","0","0","0","0","0","0","0","0","0","0","0","0","0","0","0","0","0","0","0","0","0","0","0","0","0","0","0","0","0","0","0","0","0","0","0","0","0","0","0","0","0","0","0","0","0","0","0","0","0","0","0","0","0","0","0","0","0","0","0","0","0","0","0","0","0","0","0","0"
"Иркутская область","1618223827","129555904","76349405","10436689","1371309955","148133264","91221489","18452673","1489305","54864","9006687","119391","5537","45985","224729743","6942733","378","217787010","26348984","6492515","75","0","33075","3","862173","2360257","408956","354039","1388546","540454","2","0","0","0","0","0","1962075","0","0","0","6761","1090","2974","615","0","1556643","6400170","371423","1001573","5734356","306041","556688","694997","65382","111338","138999","13076","16701","20850","1961","1617","29184","0","410","88","4","6","4","0","53777078","0","1115759","51119302","0","1057616","4943531","0","112007","2094","0","3309","37854","0","11031","948758","0","8062","146211","0","47","2364827","0","53864","14","0","13","4","0","3","0","0","0","0","0","0","0","0","0","0","0","0","0","0","0","0","0","0","0","0","0","0","0","0","0","0","167761","0","238069","157761","0","177735","10520","0","60333","316","0","1810","520","0","0","1","0","0","3972771","0","3468545","0","504526","0","15136","0","300","0","2","0","0","0","0","0","0","0","0","0","0","0","0","0","0","0","0","0","0","0","0","0","0","0","0","0","0","0","0","0","3308780","304622","0","2860327","237438","0","0","0","0","456893","67184","0","2016","0","0","0","77672","11421","0","8439","0","0","3","0","1693156","651188","165130","882989","6151","26490","4","6","0","0","0","0","0","0","0","67039","65335","3635598","3899580","0","0","565772","2082829","21199554","861746","0","1998062","0","0","43330","0","0","0","33330","0","0","0","0","0","0","0","0","0","0","40000","0","0","0","0","0","0","0","0","0","52","1","0","0","0","0","177","726772","23301747","0","0","0","8939","3","1788","0","0","0","0","0","1662","1","332","31","1","6","538617","7","25217","3","0","0","0","0","0","0","14398","1","1440","185019","2","18502","0","0","0","748434","2","99791","0","0","0","0","0","0","0","0","0","0","40713","40713","40713","1","1","1","0","0","0","0","0","0","6157","6157","6157","30612","30612","10","271704","6","27988","124363","124363","124363","124363","124363","7","7","7","7","7","17383","128446","128446","128446","28","28","28","0","0","0","0","0","0","0","0","0","0","0","0","0","0","0","0","0","0","0","0","0","0","0","0","0","0","0","0","0","0","0","0","0","0","0","0","0","0","0","0","0","0","0","0","0","0","0","0","0","0","0","0","0","0","49","1","0","0","0","0","0","0","0","0","0","0","0","0","0","0","0","0","0","0","0","0","0","0","0","0","0","0","0","0","0","0","0","0","0","0","0","0","0","0","0","0","0","0","0","0","0","0","0","0","0","0","0","0","0","0","0","0","0","0","0","0","0","0","0","0","0","0","0","0","0","0","0","0","0","0","0","0","0","0","0","0","0","0","0","0","0","0","0","0","0","0","0","0","0","0","0","0","0","0","0","0","0","0","0","0","0","0","0","0","0","0","0","0","0","0","0","0","0","0","0","0","0","0","0","0","0","0","0","0","0","0","0","0","0","0","0","0","0","0","0","0","0","0","0","0","0","0","0","0","0","0","0","0","0","0","0","0","0","0","0","0","0","0","0","0","0","0","0","0","0","0","0","0","0","0","0"
"Калининградская область","788133110","131629671","271984096","205138834","741666009","136005622","166993918","84036931","12537674","205745","111980962","162758320","3545","8094","52010445","5045179","400","46965266","45775608","1408958","27346","0","0","0","490393","130940","151869","19641","1009036","0","3","0","0","0","0","0","1009036","4787","0","0","2821","1201","1669","231","0","690309","2302384","41195","590546","1894160","29488","101014","442728","11707","20203","88546","2341","3030","13282","351","1251","41346","0","71","36","1","5","6","0","0","0","0","0","0","0","0","0","0","0","0","0","0","0","0","0","0","0","0","0","0","0","0","0","0","0","0","0","0","0","147224141","0","0","138211097","0","0","340331","0","0","16613659","0","0","82462","0","467329","0","0","415948","0","0","7940946","0","0","91","0","0","132894","0","51467","134100","0","37618","0","0","13849","0","0","415","1206","0","0","1","0","0","5720786","0","5801268","0","137422","0","4123","0","217904","0","7","0","0","0","0","0","0","0","0","0","0","0","0","0","0","0","0","0","0","0","0","0","0","0","0","0","0","0","0","0","5509621","262225","0","2589861","347128","0","888","0","0","3107610","0","0","0","0","0","0","528294","0","0","188738","84903","0","14","1","361005","159487","1735","204043","4259","6121","3","2","1311891","680558","0","916565","183313","285232","1","66811795","65481365","390951","351242","307743","509272","61983","22805533","77573777","2822779","3405017","9669214","2921928","59","536443","0","0","0","505000","0","813319","0","0","0","0","0","0","0","0","0","0","0","0","0","0","0","0","5693256","285598","0","0","0","0","0","0","40","84804","276795","0","0","0","302","1","60","53","1","11","0","0","0","0","0","0","0","0","49476","2","0","0","0","0","0","0","0","0","0","0","0","52","1","5","60","1","6","5112334","2","681645","0","0","0","4482","1","598","0","0","0","0","0","0","0","0","0","0","0","0","0","0","0","0","776","776","776","444","444","4","11549","3","2157","964","964","964","964","964","1","1","1","1","1","697","14247","14247","14247","12","12","12","0","0","0","0","0","0","0","0","0","200","200","200","200","200","200","200","200","200","200","0","0","0","0","0","0","0","0","0","0","0","0","0","0","0","0","0","0","0","0","0","0","0","0","0","0","0","0","0","0","0","0","0","0","0","0","0","721752","2","0","0","0","0","0","0","0","0","0","0","0","0","0","0","0","0","0","0","0","0","0","0","0","0","0","0","0","0","0","0","0","0","0","0","0","0","0","0","0","0","0","0","0","0","0","0","0","0","0","0","0","0","0","0","0","0","0","0","0","0","0","0","0","0","0","0","0","0","0","0","0","0","0","0","0","0","0","0","0","0","0","0","0","0","0","0","0","0","0","0","0","0","0","0","0","0","0","0","0","0","0","0","0","0","0","0","0","0","0","0","0","0","0","0","0","0","0","0","0","0","0","0","0","0","0","0","0","0","0","0","0","0","0","0","0","0","0","0","0","0","0","0","0","0","0","0","0","0","0","0","0","0","0","0","0","0","0","0","0","0","0","0","0","0","0","0","0","0","0","0","0","0","0"
"Калужская область","1522768035","101657550","85095161","30483025","1460860987","107496444","86123637","32720688","65035","152035","1582007","12641016","43325","181387","59318276","4756419","297","54561857","20642522","1626109","0","0","0","0","365529","42335","178894","6350","951284","25462","2","7191","112209","5","0","0","1096146","872","0","0","4118","730","2228","455","0","484231","3084543","0","461945","2593757","0","22689","490786","0","4538","98157","0","681","14724","0","762","0","0","88","43","0","3","0","0","0","0","260594","0","0","218690","0","0","54585","0","0","0","0","0","0","0","0","10917","0","0","1638","0","0","26233","0","0","6","0","0","2","0","0","815431","0","0","2000398","0","0","0","0","0","0","0","0","0","0","0","0","0","0","0","0","1184966","0","0","2","160836","0","23","139491","0","23","21345","0","0","640","0","0","0","0","0","0","0","0","26761035","1272268","23201320","1418004","3859933","0","115798","0","300217","145736","20","0","0","0","0","0","0","0","0","0","0","0","0","0","0","0","0","0","0","0","0","0","0","0","0","0","0","0","0","0","1382570","18600388","0","1151371","16754056","0","590","33716","0","270535","1952778","0","58583","0","0","0","45991","331972","0","39926","140162","0","2","1","1583006","1424380","0","174203","15578","5226","8","6","0","0","0","0","0","0","0","4167358","4172995","4004898","4004632","104402","0","104668","20517","297622","216663","0","638053","155000","0","0","0","0","0","80000","0","0","0","0","0","37211","0","0","9950","0","35294","0","46473","0","0","0","0","350973","0","252500","0","0","0","0","0","0","84","115974","976861","1060","1","212","0","0","0","0","0","0","0","0","0","0","0","0","0","0","0","0","0","0","0","0","0","0","0","0","0","0","0","0","0","0","0","0","0","0","0","0","0","0","0","0","0","0","0","0","0","0","20552","20552","20552","2","2","2","0","0","0","0","0","0","0","0","0","38057","38057","5","2675","1","9124","3615","3615","3615","3615","3615","4","4","4","4","4","8349","17846","17846","17846","18","18","18","0","0","0","0","0","0","0","0","0","0","0","0","0","0","0","0","0","0","0","0","0","0","0","0","0","0","0","0","0","0","0","0","0","0","0","0","0","0","0","0","0","0","0","0","0","0","0","0","0","0","0","0","0","0","0","0","0","0","0","0","0","0","0","0","0","0","0","0","0","0","0","0","0","0","0","0","0","0","0","0","0","0","0","0","0","0","0","0","0","0","0","0","0","0","0","0","0","0","0","0","0","0","0","0","0","0","0","0","0","0","0","0","0","0","0","0","0","0","0","0","0","0","0","0","0","0","0","0","0","0","0","0","0","0","0","0","0","0","0","0","0","0","0","0","0","0","0","0","0","0","0","0","0","0","0","0","0","0","0","0","0","0","0","0","0","0","0","0","0","0","0","0","0","0","0","0","0","0","0","0","0","0","0","0","0","0","0","0","0","0","0","0","0","0","0","0","0","0","0","0","0","0","0","0","0","0","0","0","0","0","0","0","0","0","0","0","0","0","0","0","0","0","0","0","0","0","0","0","0","0","0"
"Камчатский край","137723582","19150935","10769510","4058830","129079517","25723812","9679217","4353507","59762","4806","23413","0","1281","172","9769427","433597","51","9335830","6862920","280067","0","0","0","0","61118","41139","48962","6171","86719","2403","1","0","0","0","0","0","89122","0","0","0","624","194","539","184","0","127067","853462","0","115043","633332","0","15027","220239","0","3005","44048","0","451","6607","0","3004","109","0","15","26","0","4","1","0","4693385","135527","31740162","2601126","145301","23375758","2092260","0","10646804","0","0","222","355684","0","1258","62768","0","2127880","62768","0","319182","0","9774","2480827","1","1","30","0","1","17","0","4061005","0","0","3228556","0","0","0","0","0","1049896","0","0","1551","0","5169","0","0","29946","0","0","217446","0","0","7","0","39177","0","27061","36020","0","17721","3157","0","9340","95","0","280","0","0","0","0","0","0","14252021","498024","13454657","460498","1238853","37526","37166","1126","441489","0","1","0","0","0","0","0","0","0","0","0","0","0","0","0","0","0","0","0","0","0","0","0","0","0","0","0","0","0","0","0","0","0","0","0","0","0","0","0","0","0","0","0","0","0","0","0","0","0","0","0","0","0","0","0","0","300","0","0","300","0","1","1","0","0","0","0","0","0","0","0","0","0","0","0","0","0","0","1060854","5299","0","212981","0","0","0","0","0","0","0","0","0","0","0","0","0","0","0","0","0","0","0","0","0","0","0","0","0","0","0","0","0","0","0","0","0","22","42082","523968","0","0","0","0","0","0","0","0","0","0","0","0","0","0","0","0","0","0","0","0","0","0","0","0","0","0","0","0","0","0","0","0","0","0","0","0","0","0","0","0","0","0","0","0","0","0","0","0","0","0","0","0","0","0","0","0","0","0","0","0","0","0","0","0","0","0","0","0","0","0","0","0","0","0","0","0","0","0","0","0","0","0","0","0","0","0","0","0","0","0","0","0","0","0","0","0","0","0","0","0","0","0","0","0","0","0","0","0","0","0","0","0","0","0","0","0","0","0","0","0","0","0","0","0","0","0","0","0","0","0","0","0","0","0","0","0","0","0","0","0","0","0","0","0","0","0","0","0","0","0","0","0","0","0","0","0","0","0","0","0","0","0","0","0","0","0","0","0","0","0","0","0","0","0","0","0","0","0","0","0","0","0","0","0","0","0","0","0","0","0","0","0","0","0","0","0","0","0","0","0","0","0","0","0","0","0","0","0","0","0","0","0","0","0","0","0","0","0","0","0","0","0","0","0","0","0","0","0","0","0","0","0","0","0","0","0","0","0","0","0","0","0","0","0","0","0","0","0","0","0","0","0","0","0","0","0","0","0","0","0","0","0","0","0","0","0","0","0","0","0","0","0","0","0","0","0","0","0","0","0","0","0","0","0","0","0","0","0","0","0","0","0","0","0","0","0","0","0","0","0","0","0","0","0","0","0","0","0","0","0","0","0","0","0","0","0","0","0"
"Кемеровская область - Кузбасс","1460016999","812212957","139074999","134390272","1348475473","858383600","75780860","135203511","185342","215506","54217412","27788235","634701","206597","120242505","5644755","339","114597750","74762694","3436171","9211","26979","122481","10","622305","495967","313038","74397","1128951","28074","2","0","0","0","0","0","1306485","0","0","0","6469","685","2616","333","0","1055595","5093970","829093","1033797","4452062","796109","21799","644687","33001","4360","128937","6600","654","19341","990","0","8497","18","721","103","85","0","4","1","57398","0","8021475","203824","0","7378902","0","0","833132","0","0","10159","0","0","58588","0","0","97880","0","0","14835","146426","0","191614","1","0","39","1","0","5","0","0","0","0","0","0","0","0","0","0","0","0","0","0","0","0","0","0","0","0","0","0","0","0","0","0","269496","0","134915","246013","0","129580","23483","0","5493","705","0","165","0","0","0","0","0","0","6667239","0","5466273","0","1296702","0","38901","0","95736","0","3","0","0","0","0","0","0","0","0","0","0","0","0","0","0","0","0","0","0","0","0","0","0","0","0","0","0","0","0","0","2544805","454756","0","2183494","397199","0","0","0","0","401269","57557","0","1727","0","0","0","68216","9785","0","39958","0","0","1","0","15808815","15014280","391845","406193","3503","12186","4","2","0","0","0","0","0","0","0","300609","332473","26689052","26795012","8837433","8768030","88832","1590","34712990","1740658","0","11089204","30053","0","0","0","0","0","30000","0","0","0","0","0","0","0","0","0","0","95269","0","0","0","0","0","0","0","0","67284","0","0","0","0","0","0","188","1118119","13760047","0","0","0","4103","1","821","0","0","0","0","0","0","0","0","0","0","0","855354","11","141827","4","0","0","0","0","0","0","0","0","0","12804","1","1280","0","0","0","1001200","3","133493","0","0","0","0","0","0","0","0","319755","2","0","0","0","0","0","0","0","0","0","0","0","0","7211","7211","7211","408597","408597","32","377027","5","102494","177487","177487","177487","177487","177487","16","16","16","16","16","9746","189068","189068","189068","48","48","48","0","0","0","0","0","0","0","0","0","0","0","0","0","0","0","0","0","0","0","0","0","0","0","0","0","0","0","0","0","0","0","0","0","0","0","0","0","0","0","0","0","0","0","0","0","0","0","0","0","0","0","0","0","0","0","0","0","0","0","0","0","0","0","0","0","0","0","0","0","0","0","0","0","0","0","0","0","0","0","0","0","0","0","0","0","0","0","0","0","0","0","0","0","0","0","0","0","0","0","0","0","0","0","0","0","0","0","0","0","0","0","0","0","0","0","0","0","0","0","0","0","0","0","0","0","0","0","0","0","0","0","0","0","0","0","0","0","0","0","0","0","0","0","0","0","0","0","0","0","0","0","0","0","0","0","0","0","0","0","0","0","0","0","0","0","0","0","0","0","0","0","0","0","0","0","0","0","0","0","0","0","0","0","0","0","0","0","0","0","0","0","0","0","0","0","0","0","0","0","0","0","0","0","0","0","0","0","0","0","0","0","0","0","0","0","0","0","0","0","0","0","0","0","0","0","0","0","0","0","0","0"
"Кировская область","374639291","24434258","18593777","1636474","349995750","26269164","13884864","2911084","222817","3064","1725107","26531","22062","49","27828956","1704890","156","26125363","3133031","783461","0","0","0","0","132888","8712","92721","1307","340978","0","0","0","0","0","0","0","340978","162","0","0","3676","415","1003","256","0","203773","3201866","0","178367","2829735","0","26168","400217","0","5234","80043","0","785","12007","0","763","28086","0","97","40","0","3","2","0","0","0","2146105","0","0","1543351","0","0","602753","0","0","0","0","0","57523","0","0","63028","0","0","18083","0","0","0","0","0","2","0","0","0","0","0","0","0","0","0","0","0","0","0","0","0","0","0","0","0","0","0","0","0","0","0","0","0","0","0","233307","0","23170","213292","0","22740","20142","0","429","604","0","13","127","0","0","1","0","0","23769614","0","18802114","0","5023723","0","150712","0","56222","0","7","0","0","0","0","0","0","0","0","0","0","0","0","0","0","0","0","0","0","0","0","0","0","0","0","0","0","0","0","0","724423","134838","0","693270","124097","0","9","0","0","73468","10741","0","322","0","0","0","12490","1826","0","42324","0","0","2","0","13049","15239","0","0","2189","0","2","0","0","0","0","0","0","0","0","0","0","882","29","0","0","854","19116","278310","64607","0","338859","4","0","75","0","0","0","70","0","0","0","0","0","0","0","0","0","0","0","0","0","0","0","0","0","0","0","0","0","0","410","1","0","0","83","165825","2208064","1957","1","391","2222","1","444","8","1","2","0","0","0","0","0","0","0","0","0","0","0","0","0","0","0","0","0","0","0","0","0","14835","2","1484","0","0","0","0","0","0","0","0","0","0","0","0","0","0","323","1","0","0","0","0","0","0","0","0","0","0","0","0","0","0","0","1393","1393","3","27","1","62862","5386","5386","5386","5386","5386","2","2","2","2","2","3398","36041","36041","36041","28","28","28","0","0","0","0","0","0","0","0","0","0","0","0","0","0","0","0","0","0","0","0","0","0","0","0","0","0","0","0","0","0","0","0","0","0","0","0","0","0","0","0","0","0","0","0","0","0","0","0","0","0","0","0","0","0","0","0","0","0","0","0","0","0","0","0","0","0","0","0","0","0","0","0","0","0","0","0","0","0","0","0","0","0","0","0","0","0","0","0","0","0","0","0","0","0","0","0","0","0","0","0","0","0","0","0","0","0","0","0","0","0","0","0","0","0","0","0","0","0","0","0","0","0","0","0","0","0","0","0","0","0","0","0","0","0","0","0","0","0","0","0","0","0","0","0","0","0","0","0","0","0","0","0","0","0","0","0","0","0","0","0","0","0","0","0","0","0","0","0","0","0","0","0","0","0","0","0","0","0","0","0","0","0","0","0","0","0","0","0","0","0","0","0","0","0","0","0","0","0","0","0","0","0","0","0","0","0","0","0","0","0","0","0","0","0","0","0","0","0","0","0","0","0","0","0","0","0","0","0","0","0","0"
"Костромская область","716711028","15046886","535890375","964005","659519867","17183255","535672425","1647015","698398","12098","16716490","3533","15848","2","41389493","6219958","114","35169535","2795264","1055086","96108","11192","49660","4","411078","2081","80861","312","1243992","0","0","0","0","0","0","0","1304844","310","0","0","1880","328","1105","50","0","241832","1390280","3647","238506","1196228","2663","3326","196099","984","665","39220","197","100","5883","30","0","2048","0","148","25","2","0","3","0","0","0","1487228","0","0","3025723","0","0","52820","0","0","0","0","0","2641","0","0","7923","0","0","1585","0","0","1591316","0","0","2","0","0","1","0","0","0","0","0","0","0","0","0","0","0","0","0","0","0","0","0","0","0","0","0","0","0","0","0","0","104952","0","3825","101805","0","3707","3147","0","118","94","0","4","0","0","0","0","0","0","755129","0","682719","0","112665","0","3380","0","40255","0","3","0","0","0","0","0","0","0","0","0","0","0","0","0","0","0","0","0","0","0","0","0","0","0","0","0","0","0","0","0","1252192","0","0","1097536","0","0","0","0","0","223594","0","0","0","0","0","0","38011","0","0","68939","0","0","4","0","5333","6432","0","0","1098","0","1","0","0","0","0","0","0","0","0","4692368","4440871","360487","347343","34132","1138680","45420","0","1390515","12488","0","465245","2028695","0","0","0","2028695","0","0","0","231","0","0","0","0","0","0","0","0","0","0","2386700","0","0","0","0","0","0","57611","0","0","0","0","0","0","38","83380","503578","0","0","0","0","0","0","0","0","0","0","0","0","0","0","0","0","0","0","0","0","0","0","0","0","0","0","0","0","0","0","0","0","0","0","0","0","0","0","0","0","0","0","0","0","0","0","0","0","0","0","0","0","0","0","0","0","0","0","0","0","0","1228","1228","1228","1073","1073","1","783","1","1428","901","901","901","901","901","1","1","1","1","1","0","2894","2894","2894","8","8","8","0","0","0","0","0","0","0","0","0","0","0","0","0","0","0","0","0","0","0","0","0","0","0","0","0","0","0","0","0","0","0","0","0","0","0","0","0","0","0","0","0","0","0","0","0","0","0","0","0","0","0","0","0","0","0","0","0","0","0","0","0","0","0","0","0","0","0","0","0","0","0","0","0","0","0","0","0","0","0","0","0","0","0","0","0","0","0","0","0","0","0","0","0","0","0","0","0","0","0","0","0","0","0","0","0","0","0","0","0","0","0","0","0","0","0","0","0","0","0","0","0","0","0","0","0","0","0","0","0","0","0","0","0","0","0","0","0","0","0","0","0","0","0","0","0","0","0","0","0","0","0","0","0","0","0","0","0","0","0","0","0","0","0","0","0","0","0","0","0","0","0","0","0","0","0","0","0","0","0","0","0","0","0","0","0","0","0","0","0","0","0","0","0","0","0","0","0","0","0","0","0","0","0","0","0","0","0","0","0","0","0","0","0","0","0","0","0","0","0","0","0","0","0","0","0","0","0","0","0","0","0"
"Курганская область","222428202","67796504","6780026","4133644","194946592","70600279","8810100","1908858","57896","19032","6000","1829929","14306","848","25502195","370215","93","25131980","2390734","753959","0","0","0","0","182997","13159","49740","1974","74043","33428","11","0","0","0","0","0","107471","0","0","0","1281","273","908","80","0","215124","568612","0","199508","528018","0","15616","48144","0","3123","9629","0","468","1444","0","0","7550","0","65","19","0","0","5","0","0","0","1298546","0","0","1213502","0","0","91331","0","0","167","0","0","4845","0","0","13254","0","0","2573","0","0","8960","0","0","8","0","0","1","0","0","0","0","0","0","0","0","0","0","0","0","0","0","0","0","0","0","0","0","0","0","0","0","0","0","86689","0","369","78528","0","369","8161","0","0","245","0","0","0","0","0","0","0","0","7328729","0","6751824","0","945689","0","28371","0","368784","0","15","0","0","0","0","0","0","0","0","0","0","0","0","0","0","0","0","0","0","0","0","0","0","0","0","0","0","0","0","0","0","590279","0","0","369874","0","0","0","0","0","220405","0","6612","0","0","0","0","37469","0","0","0","0","0","0","2602049","2472054","65308","65775","1088","1973","1","0","0","0","0","0","0","0","0","120740","116577","401769","417735","0","0","13068","40247","357728","217656","0","277273","449994","0","20085","0","0","0","7","0","0","0","0","0","0","0","0","0","0","0","0","0","0","0","0","0","0","0","458442","4355","1","0","0","0","0","35","102675","1572622","0","0","0","0","0","0","0","0","0","0","0","0","0","0","0","0","0","0","0","0","0","0","0","0","0","0","0","0","0","0","0","0","0","0","0","0","9445","2","1259","0","0","0","0","0","0","0","0","0","0","42635","42635","42635","1","1","1","0","0","0","0","0","0","0","0","0","4503","4503","2","3825","1","4559","6073","6073","6073","6073","6073","1","1","1","1","1","959","21859","21859","21859","9","9","9","0","0","0","0","0","0","0","0","0","0","0","0","0","0","0","0","0","0","0","0","0","0","0","0","0","0","0","0","0","0","0","0","0","0","0","0","0","0","0","0","0","0","0","0","0","0","0","0","0","0","0","0","0","0","0","0","0","0","0","0","0","0","0","0","0","0","0","0","0","0","0","0","0","0","0","0","0","0","0","0","0","0","0","0","0","0","0","0","0","0","0","0","0","0","0","0","0","0","0","0","0","0","0","0","0","0","0","0","0","0","0","0","0","0","0","0","0","0","0","0","0","0","0","0","0","0","0","0","0","0","0","0","0","0","0","0","0","0","0","0","0","0","0","0","0","0","0","0","0","0","0","0","0","0","0","0","0","0","0","0","0","0","0","0","0","0","0","0","0","0","0","0","0","0","0","0","0","0","0","0","0","0","0","0","0","0","0","0","0","0","0","0","0","0","0","0","0","0","0","0","0","0","0","0","0","0","0","0","0","0","0","0","0","0","0","0","0","0","0","0","0","0","0","0","0","0","0","0","0","0","0"
"Курская область","469516562","39605849","16403909","2656395","416226200","43828147","22590378","4736208","77594","17927","462256","4128","67091","911","46655225","500400","160","46154825","6289223","1384645","0","0","0","0","250436","25246","105734","3787","100080","0","0","0","0","0","0","0","100080","0","0","0","2932","359","800","253","0","971018","1723721","0","717590","1352964","0","253444","373032","0","50689","74606","0","7603","11191","0","16","2275","0","39","26","0","1","1","0","35614625","0","0","34445922","0","0","1168703","0","0","0","0","0","116870","0","0","116870","0","0","35061","0","0","0","0","0","1","0","0","0","0","0","0","0","0","0","0","0","0","0","0","0","0","0","0","0","0","0","0","0","0","0","0","0","0","0","0","0","39131","0","499","30193","0","371","9210","0","128","276","0","4","272","0","0","1","0","0","82481477","0","63158339","0","20012331","0","600370","0","689193","0","31","0","0","0","0","0","0","0","0","0","0","0","0","0","0","0","0","0","0","0","0","0","0","0","0","0","0","0","0","0","341382","3352771","0","217815","3138301","0","0","0","0","129130","214470","0","6434","0","0","0","21952","36460","0","5563","0","0","1","0","485697","593992","0","22780","131075","683","10","3","0","0","0","0","0","0","0","27405","25803","29830","26745","0","0","3085","0","22589244","14966","0","1753337","0","0","1","0","0","1","0","0","0","0","0","0","0","0","0","0","0","0","0","0","0","0","0","0","0","0","0","0","0","0","0","0","0","57","131788","1005611","0","0","0","0","0","0","0","0","0","0","0","0","0","0","0","0","0","0","0","0","0","0","0","0","0","0","0","0","0","0","0","0","0","0","0","0","0","0","0","0","0","0","0","0","0","0","0","0","0","0","0","0","0","0","0","0","0","0","0","0","0","100","100","100","21776","21776","2","0","0","16575","0","0","0","0","0","0","0","0","0","0","0","22329","22329","22329","10","10","10","0","0","0","0","0","0","0","0","0","10000","10000","10000","10000","10000","10000","10000","10000","10000","10000","0","0","0","0","0","0","0","0","0","0","0","0","0","0","0","0","0","0","0","0","0","0","0","0","0","0","0","0","0","0","0","0","0","0","0","0","0","0","0","0","0","0","0","0","0","0","0","0","0","0","0","0","0","0","0","0","0","0","0","0","0","0","0","0","0","0","0","0","0","0","0","0","0","0","0","0","0","0","0","0","0","0","0","0","0","0","0","0","0","0","0","0","0","0","0","0","0","0","0","0","0","0","0","0","0","0","0","0","0","0","0","0","0","0","0","0","0","0","0","0","0","0","0","0","0","0","0","0","0","0","0","0","0","0","0","0","0","0","0","0","0","0","0","0","0","0","0","0","0","0","0","0","0","0","0","0","0","0","0","0","0","0","0","0","0","0","0","0","0","0","0","0","0","0","0","0","0","0","0","0","0","0","0","0","0","0","0","0","0","0","0","0","0","0","0","0","0","0","0","0","0","0","0","0","0","0","0","0","0","0","0","0"
"Ленинградская область","1671768226","96966882","119018138","65256241","1405188103","105611595","84470387","168033404","301860","68417","3091629","1557400","358046","30","298125734","17620591","469","280505326","112910891","8415158","44","16415","61525","9","1461876","135523","464212","20330","3524118","369652","27","0","0","0","0","0","3971710","97","0","0","6489","979","2763","227","0","323102","1870441","1700","288185","2588373","1700","35477","364793","0","7095","72959","0","1064","10944","0","446","1082725","0","167","34","7","2","5","0","21922890","0","44073","18967335","0","45214","2943699","0","0","0","0","0","293084","0","0","295655","0","0","88311","0","0","1464","0","1140","14","0","2","1","0","1","0","0","12729739","0","0","7816274","0","0","0","0","0","4913465","0","0","0","0","245673","0","0","147404","0","0","0","0","0","0","46569","0","1322","34275","0","532","12294","0","790","369","0","24","0","0","0","0","0","0","56598999","2987415","45633479","2542420","11077519","444995","332326","13350","111999","0","15","0","0","0","0","0","0","0","0","0","0","0","0","0","0","0","0","0","0","0","0","0","0","0","0","0","0","0","0","0","363471","646584","0","334616","620764","0","0","0","0","29076","25820","0","775","0","0","0","4943","4389","0","221","0","0","1","0","13311290","9609740","0","3129941","34457","93898","4","6","0","0","0","0","0","0","0","25061497","24790136","12701450","12408788","1685","3086","291261","14476","21234510","4279259","0","5768950","87126","0","258269","0","0","0","301299","0","0","0","0","0","0","0","0","49763","0","64300","0","30616148","0","0","0","0","0","0","605658","10190","1","0","0","0","0","153","340541","5988158","4949","1","990","0","0","0","0","0","0","0","0","431","1","86","0","0","0","941370","3","0","0","0","0","0","0","0","0","0","0","0","38","1","4","99","1","10","0","0","0","0","0","0","0","0","0","0","0","0","0","2163","2163","2163","1","1","1","0","0","0","0","0","0","3308","3308","3308","97828","97828","14","4311","3","7223","482","482","482","482","482","2","2","2","2","2","11282","72490","72490","72490","37","37","37","0","0","0","0","0","0","0","0","0","0","0","0","0","0","0","0","0","0","0","0","0","0","0","0","0","0","0","0","0","0","0","0","0","0","0","0","0","0","0","0","0","0","0","0","0","0","0","0","0","0","0","0","0","0","0","0","0","0","0","0","0","0","0","0","0","0","0","0","0","0","0","0","0","0","0","0","0","0","0","0","0","0","0","0","0","0","0","0","0","0","0","0","0","0","0","0","0","0","0","0","0","0","0","0","0","0","0","0","0","0","0","0","0","0","0","0","0","0","0","0","0","0","0","0","0","0","0","0","0","0","0","0","0","0","0","0","0","0","0","0","0","0","0","0","0","0","0","0","0","0","0","0","0","0","0","0","0","0","0","0","0","0","0","0","0","0","0","0","0","0","0","0","0","0","0","0","0","0","0","0","0","0","0","0","0","0","0","0","0","0","0","0","0","0","0","0","0","0","0","0","0","0","0","0","0","0","0","0","0","0","0","0","0","0","0","0","0","0","0","0","0","0","0","0","0","0","0","0","0","0","0"
"Липецкая область","1056603710","28750937","368456562","7875834","952849293","30448522","319777439","10553840","157643","2576","61408688","2816","2232388","77","89040025","2465524","148","86579185","4375907","2469988","0","4118","240304","4","411983","5361","276791","804","493105","115","1","125378","1938359","19","0","0","2801379","0","0","0","4524","214","2236","142","0","369288","1777825","0","332687","1567100","0","36040","226429","0","7208","45286","0","1081","6793","0","0","15703","0","141","47","0","0","3","0","20542246","0","0","19392904","0","0","1251942","0","0","0","0","0","125194","0","0","125194","0","0","37558","0","0","252378","0","0","5","0","0","1","0","0","0","0","0","0","0","0","0","0","0","0","0","0","0","0","0","0","0","0","0","0","0","0","0","0","0","0","117082","0","0","103624","0","0","13458","0","0","404","0","0","0","0","0","0","0","0","112528910","0","96370551","0","18115384","0","543462","0","1957025","0","20","0","0","0","0","0","0","0","0","0","0","0","0","0","0","0","0","0","0","0","0","0","0","0","0","0","0","0","0","0","2294840","0","0","2299177","0","0","0","0","0","14530","0","0","0","0","0","0","2470","0","0","18868","0","0","1","0","261747","188876","1792","72354","1276","2171","3","4","0","0","0","0","0","0","0","25174249","24929245","0","0","267371","206955","94618","0","11183460","314644","0","3610186","123529182","0","6344","0","36683","0","2267971","0","0","0","0","0","0","0","0","0","0","152565","0","0","0","0","0","0","43750","0","123326979","0","0","0","0","0","0","65","291359","3046177","0","0","0","0","0","0","42","1","8","0","0","0","0","0","0","0","0","2148416","3","288","1","0","0","0","0","0","0","0","0","0","336455","1","33645","0","1","0","135201","1","18027","0","0","0","0","0","0","0","0","0","0","0","0","0","0","0","0","0","0","0","0","0","0","16","16","16","204","204","1","0","0","132926","5064","5064","5064","5064","5064","4","4","4","4","4","0","31849","31849","31849","23","23","23","0","0","0","0","0","0","0","0","0","0","0","0","0","0","0","0","0","0","0","0","0","0","0","0","0","0","0","0","0","0","0","0","0","0","0","0","0","0","0","0","0","0","0","0","0","0","0","0","0","0","0","0","0","0","0","0","0","0","0","0","0","0","0","0","0","0","0","0","0","0","0","0","0","0","0","0","0","0","0","0","0","0","0","0","0","0","0","0","0","0","0","0","0","0","0","0","0","0","0","0","0","0","0","0","0","0","0","0","0","0","0","0","0","0","0","0","0","0","0","0","0","0","0","0","0","0","0","0","0","0","0","0","0","0","0","0","0","0","0","0","0","0","0","0","0","0","0","0","0","0","0","0","0","0","0","0","0","0","0","0","0","0","0","0","0","0","0","0","0","0","0","0","0","0","0","0","0","0","0","0","0","0","0","0","0","0","0","0","0","0","0","0","0","0","0","0","0","0","0","0","0","0","0","0","0","0","0","0","0","0","0","0","0","0","0","0","0","0","0","0","0","0","0","0","0","0","0","0","0","0","0"
"Магаданская область","204824604","34596425","9140280","5652176","152898743","45025143","20340817","4610344","40201","29492","373294","270000","0","0","40392232","4399733","55","35992498","9627390","507248","0","0","0","0","202512","18343","33202","2751","879947","0","0","572527","0","8","0","0","1452474","0","0","0","495","323","578","80","0","44273","356536","0","39196","197051","0","5077","159484","0","1015","31897","0","152","4785","0","0","0","0","8","7","0","0","0","0","37084544","0","0","21933933","0","0","15150611","0","0","0","0","0","1482919","0","0","1547203","0","0","454518","0","0","0","0","0","2","0","0","0","0","0","0","0","0","0","0","0","0","0","0","0","0","0","0","0","0","0","0","0","0","0","0","0","0","0","0","0","0","0","0","0","0","0","0","0","0","0","0","0","0","0","0","0","0","0","0","0","0","0","0","0","0","0","0","0","0","0","0","0","0","0","0","0","0","0","0","0","0","0","0","0","0","0","0","0","0","0","0","0","0","0","0","0","0","0","0","0","0","0","0","0","0","0","0","0","0","0","0","0","0","0","0","0","0","0","0","0","0","0","0","0","0","0","0","0","0","0","0","0","0","0","0","0","0","0","0","0","474847","0","0","0","0","53711","115260","0","489476","0","0","0","0","0","0","0","0","0","0","0","0","0","0","0","0","0","0","0","0","0","0","0","0","0","0","0","0","0","0","0","0","0","24","117899","917255","0","0","0","0","0","0","0","0","0","0","0","0","0","0","0","0","0","0","0","0","0","0","0","0","0","0","0","0","0","0","0","0","0","0","0","0","5220","1","696","0","0","0","0","0","0","0","0","0","0","0","0","0","0","0","0","0","0","0","0","0","0","0","0","0","2674","2674","1","0","0","1950","3508","3508","3508","3508","3508","1","1","1","1","1","5386","15961","15961","15961","6","6","6","0","0","0","0","0","0","0","0","0","0","0","0","0","0","0","0","0","0","0","0","0","0","0","0","0","0","0","0","0","0","0","0","0","0","0","0","0","0","0","0","0","0","0","0","0","0","0","0","0","0","0","0","0","0","0","0","173056","1","0","0","0","0","0","0","0","0","0","0","0","0","0","0","0","0","0","0","0","0","0","0","0","0","0","0","0","0","0","0","0","0","0","0","0","0","0","0","0","0","0","0","0","0","0","0","0","0","0","0","0","0","0","0","0","0","0","0","0","0","0","0","0","0","0","0","0","0","0","0","0","0","0","0","0","0","0","0","0","0","0","0","0","0","0","0","0","0","0","0","0","0","0","0","0","0","0","0","0","0","0","0","0","0","0","0","0","0","0","0","0","0","0","0","0","0","0","0","0","0","0","0","0","0","0","0","0","0","0","0","0","0","0","0","0","0","0","0","0","0","0","0","0","0","0","0","0","0","0","0","0","0","0","0","0","0","0","0","0","0","0","0","0","0","0","0","0","0","0","0","0","0","0"
"Московская область","12533968153","1057107649","768173794","146367375","11466603310","1111059691","712462679","274515227","4922494","4972199","111931018","8176463","2867004","130696","1013714896","32708845","2816","981050536","176606685","29316995","82798","312915","2063216","18","6296348","1312036","2322396","197315","6541768","1656983","39","99458","1483568","51","12016","1","12169924","252833","0","0","40580","5813","14734","2216","0","15899767","26344404","7191570","14292756","20565269","6513955","1765788","5885310","677615","353157","1177062","135523","52972","176559","20328","171593","106215","0","1110","262","21","13","9","0","43064170","80502","0","40135505","122551","0","4052931","0","0","6884","0","0","405293","0","0","398409","0","0","114704","0","0","1165182","39471","0","31","1","0","13","1","0","0","0","112628","0","0","824932","0","0","0","0","0","0","0","0","0","0","0","0","0","0","0","0","712304","0","0","1","728467","0","162697","636820","0","132409","134655","0","32254","4039","0","968","43008","0","1967","2","0","2","24669150","0","23791657","0","3073488","0","92205","0","2195996","0","34","0","0","0","195110","0","0","331381","0","0","0","0","0","0","0","0","0","0","0","0","0","0","0","0","0","136271","0","0","1","0","31424357","46360712","0","28877386","39567919","0","4364","0","0","4748062","8383883","0","251516","0","0","0","807171","1425260","0","2205454","1591090","0","27","4","9361119","8226184","318604","1115587","270965","33468","20","18","0","0","0","0","0","0","0","41716553","38603726","72201052","63091520","1424672","2608805","9322692","5270324","95507392","9032058","0","22661771","4990302","0","4391494","1656","67575","0","4700668","0","11579776","0","0","0","508294","0","0","141324","0","4142844","0","300131","0","225176","170517","0","14475","345710","6382780","0","0","0","0","0","0","632","6315527","37463461","674","2","135","15656","5","3131","0","0","0","0","0","266","1","53","0","0","0","1200850","6","338435","3","0","0","0","0","0","0","0","0","0","35131","1","3513","33","1","3","11085980","3","1478131","0","0","0","0","0","0","0","0","1292932","1","12910","12910","12910","3","3","3","0","0","0","0","0","0","4965","4965","4965","92054","92054","25","33612","13","392995","44115","44115","44115","44115","44115","15","15","15","15","15","35329","308662","308662","308662","102","102","102","0","0","0","0","0","0","0","0","0","760","760","760","760","760","760","760","760","760","760","305","305","305","305","305","305","305","1","1","1","1","61","61","61","0","0","0","0","0","0","0","0","0","0","0","0","0","0","0","0","0","0","0","0","0","242","1","0","0","0","0","0","0","0","0","0","0","0","0","0","0","0","0","0","0","0","0","0","0","0","0","0","0","0","0","0","0","0","0","0","0","0","0","0","0","0","0","0","0","0","0","0","0","0","0","0","0","0","0","0","0","0","0","0","0","0","0","0","0","0","0","0","0","0","0","0","0","0","0","0","0","0","0","0","0","0","0","0","0","0","0","0","0","0","0","0","0","0","0","0","0","0","0","0","0","0","0","0","0","0","0","0","0","0","0","0","0","0","0","0","0","0","0","0","0","0","0","0","0","0","0","0","0","0","0","0","0","0","0","0","0","0","0","0","0","0","0","0","0","0","0","0","0","0","0","0","0","0","0","0","0","0","0","0","0","0","0","0","0","0","0","0","0","0","0","0","0","0","0","0","0","0"
"Мурманская область","464654245","44564886","15525127","7781120","422195802","54981837","21246155","7903428","99942","22654","425005","82294","299039","1","36113314","2289736","123","33823578","10598900","1014707","0","128870","583388","5","151716","24556","85431","3683","457947","29","1","0","0","0","0","0","1170234","43","0","0","1239","450","376","73","0","638025","776630","0","555523","642094","0","87647","140742","0","17529","28148","0","2629","4222","0","5144","6206","0","268","15","0","31","3","0","0","0","13956058","0","0","18982734","0","0","5071467","0","0","2829","0","0","258288","0","0","753176","0","0","149315","0","0","10098144","0","0","7","0","0","3","0","0","0","0","0","0","0","0","0","0","0","0","0","0","0","0","0","0","0","0","0","0","0","0","0","0","402066","0","65402","291146","0","26189","118805","0","39213","3564","0","1176","7884","0","0","3","0","0","19914618","0","15356374","0","6406380","0","192191","0","1848136","0","2","0","0","0","0","0","0","0","0","0","0","0","0","0","0","0","0","0","0","0","0","0","0","0","0","0","0","0","0","2906775","23811","0","2928743","26879","0","5","0","0","455384","0","0","0","0","27253","13662","50162","0","0","477357","3068","0","6","1","0","4414364","2491011","0","1929718","6365","57892","3","6","0","0","0","0","0","0","0","5088803","4909722","0","0","0","0","0","3926","13455112","5000","0","46629","0","0","0","0","0","0","0","0","0","0","0","0","0","0","0","0","0","0","0","0","0","0","0","0","0","0","15904","0","0","0","0","0","0","35","587754","3448927","0","0","0","0","0","0","0","0","0","0","0","0","0","0","0","0","0","18135","2","39739","1","0","0","0","0","0","0","0","0","0","31919","1","3192","669","1","67","0","0","0","0","0","0","0","0","0","0","0","8425","1","10726","10726","10726","1","1","1","0","0","0","0","0","0","23490","23490","23490","34293","34293","8","855","1","25275","4081","4081","4081","4081","4081","2","2","2","2","2","23183","88433","88433","88433","32","32","32","0","0","0","0","0","0","0","0","0","0","0","0","0","0","0","0","0","0","0","0","0","0","0","0","0","0","0","0","0","0","0","0","0","0","0","0","0","0","0","0","0","0","0","0","0","0","0","0","0","0","0","0","0","0","0","0","1144283","5","0","0","5896257","1","0","0","0","0","0","0","0","0","0","0","0","0","0","0","0","0","0","0","0","0","0","0","0","0","0","0","0","0","0","0","0","0","0","0","0","0","0","0","0","0","0","0","0","0","0","0","0","0","0","0","0","0","0","0","0","0","0","0","0","0","0","0","0","0","0","0","0","0","0","0","0","0","0","0","0","0","0","0","0","0","0","0","0","0","0","0","0","0","0","0","0","0","0","0","0","0","0","0","0","0","0","0","0","0","0","0","0","0","0","0","0","0","0","0","0","0","0","0","0","0","0","0","0","0","0","0","0","0","0","0","0","0","0","0","0","0","0","0","0","0","0","0","0","0","0","0","0","0","0","0","0","0","0","0","0","0","0","0","0","0","0","0","0","0","0","0","0","0","0"
"Нижегородская область","3103756758","436990633","201555826","31172795","2822692161","474781843","183430893","29510831","508139","481922","16658419","781358","2177857","31365","280934669","4572569","1001","276363218","36459654","8286702","29628","18806","145478","12","2002912","194090","522326","29113","914514","1043530","6","768","12398","4","0","0","2135494","15617","0","0","17953","2644","6601","951","0","2155026","10744936","766482","2122986","9136180","755139","73072","1648416","11343","14614","329683","2269","2192","49451","340","38013","39659","0","409","136","1","14","9","0","0","0","354844","0","0","600531","0","0","5454","0","0","46","0","0","349","0","0","696","0","0","118","0","0","251141","0","0","18","0","0","7","0","0","2758708","0","0","5470318","0","0","0","0","0","0","0","0","0","0","0","0","0","0","0","0","2711611","0","0","2","473250","0","53626","484636","0","38469","5610","0","15156","169","0","455","16996","0","0","4","0","0","16262309","0","13646892","0","3201193","0","96036","0","585776","0","22","0","0","0","0","0","0","0","0","0","0","0","0","0","0","0","0","0","0","0","0","0","0","0","0","0","0","0","0","0","9499776","15229613","0","8510667","14316381","0","9480","0","0","1128114","1803076","0","54092","0","0","0","191779","306523","0","148485","889844","0","14","3","1621646","1633172","21305","21631","33825","649","16","2","0","0","0","0","0","0","0","8722571","8685627","326091","423406","87232","22809","75324","2643042","67867356","849768","0","5172909","71484","0","47083","0","0","0","42103","0","404","0","0","0","11900","0","27168","0","0","444851","0","126731","0","0","0","0","0","0","9745507","0","0","125021","2","0","0","300","1311940","12769802","637","3","127","1565","2","313","0","0","0","0","0","0","0","0","0","0","0","545677","8","374798","1","0","0","0","0","0","0","0","0","0","174858","1","17486","16","1","2","176091","2","23479","105701","1","14093","0","0","0","0","0","128852","1","8012","8012","8012","2","2","2","0","0","0","0","0","0","5798","5798","5798","198602","198602","24","323313","13","74282","12681","12681","12681","12681","12681","16","16","16","16","16","146878","449829","449829","449829","84","84","84","0","0","0","0","0","0","0","0","0","23201","23201","23201","23201","23201","23201","23201","23201","23201","23201","0","0","0","0","0","0","0","0","0","0","0","0","0","0","0","0","0","0","0","0","0","0","0","0","0","0","0","0","0","0","0","0","0","0","0","74","1","6715566","1","278256","1","2412066","2","278256","1","0","0","0","0","0","0","0","0","0","0","0","0","0","0","0","0","0","0","0","0","0","0","0","0","0","0","0","0","0","0","0","0","0","0","0","0","0","0","0","0","0","0","0","0","0","0","0","0","0","0","0","0","0","0","0","0","0","0","0","0","0","0","0","0","0","0","0","0","0","0","0","0","0","0","0","0","0","0","0","0","0","0","0","0","0","0","0","0","0","0","0","0","0","0","0","0","0","0","0","0","0","0","0","0","0","0","0","0","0","0","0","0","0","0","0","0","0","0","0","0","0","0","0","0","0","0","0","0","0","0","0","0","0","0","0","0","0","0","0","0","0","0","0","0","0","0","0","0","0","0","0","0","0","0","0","0","0","0","0","0","0","0","0","0","0","0","0"
"Новгородская область","316704558","17211559","33022162","3189117","279203120","20848522","28296018","2414602","375561","11164","9910735","1098817","38950","713","32653459","554684","145","32098776","3950814","962949","1265","0","117650","4","116975","44346","92394","6652","110937","139995","12","0","0","0","0","0","368582","202","0","0","1827","362","961","140","0","80769","1075614","15020","79489","1020193","14623","1871","64134","396","374","12827","79","56","1924","12","591","8713","0","41","24","2","2","1","0","0","0","2047676","0","0","1635660","0","0","488994","0","0","0","0","0","24623","0","0","73176","0","0","14670","0","0","76978","0","0","7","0","0","1","0","0","0","0","0","0","0","0","0","0","0","0","0","0","0","0","0","0","0","0","0","0","0","0","0","0","0","0","173","0","0","148","0","0","26","0","0","1","0","0","0","0","0","0","7667948","0","6784673","0","893297","0","26799","0","10022","0","3","0","0","0","0","0","0","0","0","0","0","0","0","0","0","0","0","0","0","0","0","0","0","0","0","0","0","0","0","0","109684","3677280","0","111982","3438483","0","0","30035","0","1640","420199","0","12606","0","0","0","279","71434","0","3938","211437","0","2","1","770683","445530","0","328147","2994","9844","4","1","0","0","0","0","0","0","0","411716","309039","0","0","0","0","0","0","9983296","390288","0","1238414","5364316","0","9908","0","0","0","5374223","0","15600","0","0","0","0","0","0","0","0","0","0","0","0","0","0","0","0","0","0","0","0","0","0","0","0","52","348267","2113412","9","1","2","0","0","0","0","0","0","0","0","0","0","0","0","0","0","0","0","0","0","0","0","0","0","0","0","0","0","0","0","0","0","0","0","0","90","1","12","0","0","0","0","0","0","0","0","0","0","0","0","0","0","0","0","0","0","0","0","0","0","8","8","8","11931","11931","3","3888","3","3710","0","0","0","0","0","0","0","0","0","0","0","16113","16113","16113","11","11","11","0","0","0","0","0","0","0","0","0","0","0","0","0","0","0","0","0","0","0","0","0","0","0","0","0","0","0","0","0","0","0","0","0","0","0","0","0","0","0","0","0","0","0","0","0","0","0","0","0","0","0","0","0","0","0","0","0","0","0","0","0","0","0","0","0","0","0","0","0","0","0","0","0","0","0","0","0","0","0","0","0","0","0","0","0","0","0","0","0","0","0","0","0","0","0","0","0","0","0","0","0","0","0","0","0","0","0","0","0","0","0","0","0","0","0","0","0","0","0","0","0","0","0","0","0","0","0","0","0","0","0","0","0","0","0","0","0","0","0","0","0","0","0","0","0","0","0","0","0","0","0","0","0","0","0","0","0","0","0","0","0","0","0","0","0","0","0","0","0","0","0","0","0","0","0","0","0","0","0","0","0","0","0","0","0","0","0","0","0","0","0","0","0","0","0","0","0","0","0","0","0","0","0","0","0","0","0","0","0","0","0","0","0","0","0","0","0","0","0","0","0","0","0","0","0","0","0","0","0","0","0"
"Новосибирская область","2346163962","236144507","272883674","19292135","2201876174","256626023","209359522","22820945","258391","90811","14779947","196070","61716","11040","193233074","2347264","856","190888759","24126399","5723369","1780","138814","701731","24","1209162","173145","617101","27452","469453","66907","89","0","0","0","18364","1","1395269","346","0","0","18273","2424","7525","993","0","2107466","14044620","1078405","1382822","12189192","734099","729225","1941501","344306","145845","388300","68861","21877","58245","10329","4539","89122","0","68","148","2","8","12","0","0","0","27480","0","0","28236","0","0","6033","0","0","0","0","0","0","0","0","1207","0","0","181","0","0","6789","0","0","4","0","0","3","0","0","0","0","0","0","0","0","0","0","0","0","0","0","0","0","0","0","0","0","0","0","0","0","0","0","273038","0","207339","262688","0","142761","13181","0","64684","395","0","1941","2831","0","106","1","0","1","29054470","0","24121777","0","5567789","0","167034","0","635095","0","25","0","0","0","0","0","0","0","0","0","0","0","0","0","0","0","0","0","0","0","0","0","0","0","0","0","0","0","0","0","37120062","6754894","0","29149611","5427083","0","5919","29214","0","8389291","1647369","0","49421","0","0","0","1426180","280053","0","426226","348772","0","19","1","13192066","12548680","330035","342208","25265","10266","8","7","0","0","0","0","0","0","0","200761529","194953306","9850014","9990342","3034555","7507478","3281","16153","18637726","884780","0","6895058","11524145","0","94959","0","0","0","11505566","0","14275383","107164","0","0","0","0","13807","0","0","73170","0","0","0","0","23197","0","0","0","265004","1261","1","1708","1","0","0","220","304796","3473969","0","0","0","0","0","0","0","0","0","0","0","0","0","0","0","0","0","104875","2","184867","1","0","0","0","0","0","0","0","0","0","0","0","0","0","0","0","0","0","0","0","0","0","0","0","0","0","0","0","0","42166","42166","42166","1","1","1","0","0","0","0","0","0","1255","1255","1255","24296","24296","5","30974","2","29102","4849","4849","4849","4849","4849","7","7","7","7","7","7326","61776","61776","61776","29","29","29","0","0","0","0","0","0","0","0","0","0","0","0","0","0","0","0","0","0","0","0","0","0","0","0","0","0","0","0","0","0","0","0","0","0","0","0","0","0","0","0","0","0","0","0","0","0","0","0","0","0","0","0","0","0","0","0","0","0","0","0","0","0","0","0","0","0","0","0","0","0","0","0","0","0","0","0","0","0","0","0","0","0","0","0","0","0","0","0","0","0","0","0","0","0","0","0","0","0","0","0","0","0","0","0","0","0","0","0","0","0","0","0","0","0","0","0","0","0","0","0","0","0","0","0","0","0","0","0","0","0","0","0","0","0","0","0","0","0","0","0","0","0","0","0","0","0","0","0","0","0","0","0","0","0","0","0","0","0","0","0","0","0","0","0","0","0","0","0","0","0","0","0","0","0","0","0","0","0","0","0","0","0","0","0","0","0","0","0","0","0","0","0","0","0","0","0","0","0","0","0","0","0","0","0","0","0","0","0","0","0","0","0","0","0","0","0","0","0","0","0","0","0","0","0","0","0","0","0","0","0","0"
"Омская область","709210460","65408780","28393447","5041827","653165974","72205702","25939828","5598870","153002","8161","206138","1911486","67635","162","59365431","965478","255","58401090","9257431","1752033","80","0","1053","3","310258","76251","185356","11438","193096","53354","3","0","0","0","0","0","247503","319","0","0","6310","721","3254","308","0","917748","7009769","334731","803990","5926167","396689","118602","1098275","256","23720","219655","51","3558","32948","8","4844","14673","62213","208","91","2","18","7","1","7416067","0","0","6158114","0","0","1257954","0","0","0","0","0","125795","0","0","125795","0","0","37739","0","0","0","0","0","1","0","0","0","0","0","0","0","0","0","0","0","0","0","0","0","0","0","0","0","0","0","0","0","0","0","0","0","0","0","0","0","685479","0","0","605177","0","0","80842","0","0","2425","0","0","540","0","0","2","0","0","14424902","0","13346041","0","2071836","0","62155","0","992976","0","21","0","0","0","0","0","0","0","0","0","0","0","0","0","0","0","0","0","0","0","0","0","0","0","0","0","0","0","0","0","834180","0","0","708255","0","0","0","0","0","125925","0","0","0","0","0","0","21407","0","0","0","0","0","0","0","15265006","14489884","261230","521921","8029","15658","4","2","0","0","0","0","0","0","0","5216316","5205031","1027586","39490","0","0","988097","0","1514407","202006","0","785751","0","0","12210","0","0","0","12200","0","0","0","0","0","0","0","0","0","0","30334","0","0","0","0","0","0","0","0","0","0","0","0","0","0","0","74","190513","2692336","739","1","148","0","0","0","0","0","0","0","0","0","0","0","0","0","0","197355","1","7120","1","0","0","0","0","0","0","5802","1","580","104861","1","10486","0","0","0","0","0","0","0","0","0","0","0","0","0","0","48111","1","0","0","0","0","0","0","0","0","0","0","0","0","3522","3522","3522","13568","13568","3","2251","3","14969","102180","102180","102180","102180","102180","2","2","2","2","2","616","104897","104897","104897","17","17","17","0","0","0","0","0","0","0","0","0","0","0","0","0","0","0","0","0","0","0","0","0","0","0","0","0","0","0","0","0","0","0","0","0","0","0","0","0","0","0","0","0","0","0","0","0","0","0","0","0","0","0","0","0","0","0","0","753853","1","0","0","0","0","0","0","0","0","0","0","0","0","0","0","0","0","0","0","0","0","0","0","0","0","0","0","0","0","0","0","0","0","0","0","0","0","0","0","0","0","0","0","0","0","0","0","0","0","0","0","0","0","0","0","0","0","0","0","0","0","0","0","0","0","0","0","0","0","0","0","0","0","0","0","0","0","0","0","0","0","0","0","0","0","0","0","0","0","0","0","0","0","0","0","0","0","0","0","0","0","0","0","0","0","0","0","0","0","0","0","0","0","0","0","0","0","0","0","0","0","0","0","0","0","0","0","0","0","0","0","0","0","0","0","0","0","0","0","0","0","0","0","0","0","0","0","0","0","0","0","0","0","0","0","0","0","0","0","0","0","0","0","0","0","0","0","0","0","0","0","0","0","0"
"Оренбургская область","1163692496","43587842","42647181","3559923","1037249458","50470820","46547966","4820341","255934","228628","800396","239837","25092","7667","121975763","5901902","271","116073861","8162271","3482142","779","0","0","0","799951","25691","407141","3854","1180380","0","0","74","1256","1","0","0","1181710","0","0","0","4098","855","1839","364","0","666955","2733738","403673","608174","2491730","325331","59928","227741","78342","11986","45548","15668","1798","6832","2350","1105","9704","0","256","59","1","5","2","0","0","0","5148152","0","0","5307039","0","0","191326","0","0","2095","0","0","6992","0","0","29178","0","0","3645","0","0","368870","0","0","20","0","0","9","0","0","0","0","0","0","0","0","0","0","0","0","0","0","0","0","0","0","0","0","0","0","0","0","0","0","24108","0","22051","18105","0","19015","6003","0","3036","180","0","91","0","0","0","0","0","0","15269195","0","13620681","0","2276695","0","68301","0","628180","0","21","0","0","0","0","0","0","0","0","0","0","0","0","0","0","0","0","0","0","0","0","0","0","0","0","0","0","0","0","0","552482","13978727","0","548287","12986536","0","0","0","0","4195","992190","0","29766","0","0","0","713","168672","0","0","0","0","0","0","4603243","4430027","97961","102869","34042","3086","4","4","0","0","0","0","0","0","0","9210462","9207333","11367104","11199989","0","0","167120","560873","27619030","161860","0","715637","0","0","443","0","0","0","373","0","0","0","0","0","47057","0","0","35026","0","0","0","0","0","0","0","0","0","0","0","0","0","0","0","0","0","79","349351","7082983","0","0","0","0","0","0","0","0","0","0","0","0","0","0","0","0","0","776730","7","8054","1","0","0","0","0","0","0","0","0","0","8828","2","883","0","0","0","0","0","0","0","0","0","0","0","0","268","1","21085","1","0","0","0","0","0","0","510188","510188","1","102038","0","0","3349","3349","3349","66380","66380","10","11912","4","30118","58146","58146","58146","58146","58146","4","4","4","4","4","40723","60490","60490","60490","25","25","25","0","0","0","0","0","0","0","0","0","5744","5744","5744","5744","5744","5744","5744","5744","5744","5744","0","0","0","0","0","0","0","0","0","0","0","0","0","0","0","0","0","0","0","0","0","0","0","0","0","0","0","0","0","0","0","0","0","0","0","0","0","0","0","0","0","0","0","0","0","0","0","0","0","0","0","0","0","0","0","0","0","0","0","0","0","0","0","0","0","0","0","0","0","0","0","0","0","0","0","0","0","0","0","0","0","0","0","0","0","0","0","0","0","0","0","0","0","0","0","0","0","0","0","0","0","0","0","0","0","0","0","0","0","0","0","0","0","0","0","0","0","0","0","0","0","0","0","0","0","0","0","0","0","0","0","0","0","0","0","0","0","0","0","0","0","0","0","0","0","0","0","0","0","0","0","0","0","0","0","0","0","0","0","0","0","0","0","0","0","0","0","0","0","0","0","0","0","0","0","0","0","0","0","0","0","0","0","0","0","0","0","0","0","0","0","0","0","0","0","0","0","0","0","0","0","0","0","0","0","0","0","0","0","0","0","0"
"Орловская область","227975364","17919071","9839020","599637","208920135","19857764","10747005","1477627","14174","31585","575237","0","8032","0","17580179","629919","125","16950259","2785098","508503","0","0","0","0","117785","4655","52088","698","125984","29522","1","7","127","1","0","0","155640","0","0","0","2244","342","1705","120","0","131402","495322","0","123222","459337","0","8180","35985","0","1636","7197","0","245","1080","0","0","0","0","97","21","0","0","0","0","2585756","0","7696407","2635325","0","7506165","0","0","964024","0","0","0","0","0","13239","0","0","179566","0","0","28921","49569","0","773782","1","0","11","1","0","2","0","0","0","0","0","0","0","0","0","0","0","0","0","0","0","0","0","0","0","0","0","0","0","0","0","0","6864","0","0","3817","0","0","3047","0","0","91","0","0","0","0","0","0","0","0","37446105","0","32312037","0","6044872","0","181346","0","910804","0","24","0","0","0","0","0","0","0","0","0","0","0","0","0","0","0","0","0","0","0","0","0","0","0","0","0","0","0","0","0","609814","4242882","0","415938","3211505","0","0","0","0","230802","1031377","0","30941","0","0","0","39236","175334","0","36926","0","0","2","0","30085","33357","0","0","3272","0","3","2","0","0","0","0","0","0","0","0","0","4253","2224","0","0","2029","213","1644509","47080","0","1279190","0","0","0","0","0","0","0","0","0","0","0","0","0","0","0","0","0","24000","0","0","0","0","0","0","0","0","0","0","0","0","0","0","0","45","159788","992734","982","1","196","0","0","0","0","0","0","0","0","0","0","0","0","0","0","0","0","0","0","0","0","0","0","0","0","0","0","0","0","0","0","0","0","0","0","0","0","0","0","0","0","0","0","0","0","0","0","0","0","0","0","0","0","0","0","0","0","0","0","0","0","0","2166","2166","2","0","0","1030","311","311","311","311","311","1","1","1","1","1","0","1988","1988","1988","6","6","6","0","0","0","0","0","0","0","0","0","0","0","0","0","0","0","0","0","0","0","0","0","0","0","0","0","0","0","0","0","0","0","0","0","0","0","0","0","0","0","0","0","0","0","0","0","0","0","0","0","0","0","0","0","0","0","0","0","0","0","0","0","0","0","0","0","0","0","0","0","0","0","0","0","0","0","0","0","0","0","0","0","0","0","0","0","0","0","0","0","0","0","0","0","0","0","0","0","0","0","0","0","0","0","0","0","0","0","0","0","0","0","0","0","0","0","0","0","0","0","0","0","0","0","0","0","0","0","0","0","0","0","0","0","0","0","0","0","0","0","0","0","0","0","0","0","0","0","0","0","0","0","0","0","0","0","0","0","0","0","0","0","0","0","0","0","0","0","0","0","0","0","0","0","0","0","0","0","0","0","0","0","0","0","0","0","0","0","0","0","0","0","0","0","0","0","0","0","0","0","0","0","0","0","0","0","0","0","0","0","0","0","0","0","0","0","0","0","0","0","0","0","0","0","0","0","0","0","0","0","0","0"
"Пензенская область","469587573","38022567","12521832","1570147","436856790","39909331","12460951","2422544","60426","37759","1026972","0","24145","89098","31800972","1236678","140","30564294","2790500","916929","0","0","0","0","242011","50723","77318","7608","247336","0","0","0","0","0","0","0","247336","92","0","0","3989","294","2300","311","0","170279","1653318","682315","184097","1409299","657461","5071","260809","24854","1014","52162","4971","152","7824","746","18889","16790","0","45","32","1","3","2","0","0","0","1308391","0","0","1089724","0","0","214383","0","0","0","0","0","10719","0","0","32157","0","0","6431","0","0","13327","0","0","13","0","0","2","0","0","0","0","0","0","0","0","0","0","0","0","0","0","0","0","0","0","0","0","0","0","0","0","0","0","58877","0","37792","48713","0","31668","10668","0","6124","320","0","184","504","0","0","1","0","0","47843730","0","42149453","0","6241341","0","187240","0","547063","0","14","0","0","0","0","0","0","0","0","0","0","0","0","0","0","0","0","0","0","0","0","0","0","0","0","0","0","0","0","0","2581682","4323435","0","1215190","4264905","0","0","0","0","1395945","348291","0","10449","0","0","0","237311","59209","0","29453","289761","0","2","1","16358","19741","0","0","3383","0","4","1","0","0","0","0","0","0","0","1448100","40768","0","0","0","0","0","15059","2700276","38738","0","602930","0","0","0","0","0","0","0","0","0","0","0","0","0","0","11956","0","0","0","0","0","0","0","0","0","0","19913","0","0","0","0","0","0","0","78","218043","1076920","0","0","0","0","0","0","0","0","0","0","0","0","0","0","0","0","0","0","0","4892","1","0","0","0","0","0","0","0","0","0","0","0","0","0","0","0","0","0","0","0","0","0","0","0","0","0","0","0","0","166037","166037","166037","1","1","1","0","0","0","0","0","0","27","27","27","292","292","1","8436","2","5478","612","612","612","612","612","2","2","2","2","2","2236","6546","6546","6546","8","8","8","0","0","0","0","0","0","0","0","0","0","0","0","0","0","0","0","0","0","0","0","0","0","0","0","0","0","0","0","0","0","0","0","0","0","0","0","0","0","0","0","0","0","0","0","0","0","0","0","0","0","0","0","0","0","0","0","0","0","0","0","0","0","0","0","0","0","0","0","0","0","0","0","0","0","0","0","0","0","0","0","0","0","0","0","0","0","0","0","0","0","0","0","0","0","0","0","0","0","0","0","0","0","0","0","0","0","0","0","0","0","0","0","0","0","0","0","0","0","0","0","0","0","0","0","0","0","0","0","0","0","0","0","0","0","0","0","0","0","0","0","0","0","0","0","0","0","0","0","0","0","0","0","0","0","0","0","0","0","0","0","0","0","0","0","0","0","0","0","0","0","0","0","0","0","0","0","0","0","0","0","0","0","0","0","0","0","0","0","0","0","0","0","0","0","0","0","0","0","0","0","0","0","0","0","0","0","0","0","0","0","0","0","0","0","0","0","0","0","0","0","0","0","0","0","0","0","0","0","0","0","0"
"Пермский край","2157068858","156319129","93523393","19490132","1906161434","159327485","108132875","31153334","1186845","223039","2414549","5932191","192121","75568","235090521","2310618","562","232779902","20439792","6983353","21298","450930","1730309","15","1182753","106535","1091642","15981","462124","58610","9","3","55","1","0","0","2702031","4928","0","0","9696","1533","3652","510","0","1166389","6130585","272391","1099507","5298165","279114","72903","859146","5227","14581","171829","1045","2187","25774","157","6021","34628","11950","145","82","7","7","6","2","0","0","2129703","0","0","2055561","0","0","85099","0","0","691","0","0","5417","0","0","10912","0","0","1862","0","0","16357","0","0","28","0","0","4","0","0","40424937","0","0","31180668","0","0","0","0","0","11657893","0","0","0","0","0","0","0","349737","0","0","2495227","0","0","1","654457","0","3952","581349","0","3850","78956","0","102","2369","0","3","5849","0","0","1","0","0","15202450","2300682","11921250","1435261","3413369","865422","102401","25963","132170","0","13","0","0","0","0","0","0","0","0","0","0","0","0","0","0","0","0","0","0","0","0","0","0","0","0","0","0","0","0","0","7140302","3903158","0","6032316","3382017","0","1360","0","0","1494769","521140","0","15634","0","0","0","254111","88594","0","387251","0","0","10","0","6755603","6414996","163269","190518","13181","5716","8","4","0","0","0","0","0","0","0","905280","652827","2681619","2412970","5575","0","272549","632586","12489808","963838","0","2785213","299764","0","24446","0","0","18700","55023","0","0","0","0","0","0","0","0","598","0","159231","0","102480","0","0","0","0","0","18700","150703","29463","1","42","1","0","0","216","2808373","18459628","0","0","0","0","0","0","0","0","0","0","0","0","0","0","0","0","0","1423003","10","0","0","0","0","0","0","0","0","0","0","0","112232","3","11223","16","1","2","279455","1","37261","0","0","0","0","0","0","0","0","291921","2","0","0","0","0","0","0","0","0","0","0","0","0","20574","20574","20574","33193","33193","21","34076","9","70983","65315","65315","65315","65315","65315","15","15","15","15","15","151538","394765","394765","394765","80","80","80","0","0","0","0","0","0","0","0","0","68721","68721","68721","68721","68721","68721","68721","68721","68721","68721","0","0","0","0","0","0","0","0","0","0","0","0","0","0","0","0","0","0","0","0","0","0","0","0","0","0","0","0","0","0","0","0","0","0","0","0","0","0","0","0","0","0","0","0","0","0","0","147190","1","0","0","0","0","0","0","0","0","0","0","0","0","0","0","0","0","0","0","0","0","0","0","0","0","0","0","0","0","0","0","0","0","0","0","0","0","0","0","0","0","0","0","0","0","0","0","0","0","0","0","0","0","0","0","0","0","0","0","0","0","0","0","0","0","0","0","0","0","0","0","0","0","0","0","0","0","0","0","0","0","0","0","0","0","0","0","0","0","0","0","0","0","0","0","0","0","0","0","0","0","0","0","0","0","0","0","0","0","0","0","0","0","0","0","0","0","0","0","0","0","0","0","0","0","0","0","0","0","0","0","0","0","0","0","0","0","0","0","0","0","0","0","0","0","0","0","0","0","0","0","0","0","0","0","0","0","0","0","0","0","0","0","0"
"Псковская область","180233489","20376291","7541097","1268648","170951486","22906279","5088689","2524427","36853","4365","1116","0","26568","9041","11743687","177231","143","11566456","3790442","341814","19","6258","43320","2","69988","8527","43859","1279","35446","67063","14","5179","82759","4","0","0","240025","299","0","0","1756","362","926","175","0","20582","1043877","0","20538","763644","0","44","279132","0","9","55826","0","1","8374","0","0","0","0","19","32","0","0","0","0","0","0","0","0","0","0","0","0","0","0","0","0","0","0","0","0","0","0","0","0","0","0","0","0","0","0","0","0","0","0","0","0","0","0","0","0","0","0","0","0","0","0","0","0","0","0","0","0","0","0","0","0","0","0","0","0","21627","0","0","21627","0","0","0","0","0","0","0","0","0","0","0","0","0","0","33491820","0","23925224","0","9738630","0","292159","0","172034","0","8","0","0","0","0","0","0","0","0","0","0","0","0","0","0","0","0","0","0","0","0","0","0","0","0","0","0","0","0","0","27011","349169","0","28062","349156","0","0","8519","0","971","23061","0","692","0","0","0","165","3920","0","2022","31567","0","1","1","21805","24627","0","0","2822","0","3","0","0","0","0","0","0","0","0","0","0","109","0","0","10776","107","1342","2336522","7666","0","185027","68624","0","8700","0","0","0","77324","0","0","0","0","0","0","0","0","0","0","0","0","0","0","0","0","0","0","0","68619","0","0","0","0","0","0","42","23954","394322","0","0","0","386","1","77","0","0","0","0","0","0","0","0","0","0","0","0","0","0","0","0","0","0","0","0","0","0","0","0","0","0","0","0","0","0","0","0","0","0","0","0","0","0","0","0","0","0","0","0","0","0","0","0","0","0","0","0","0","0","0","0","0","0","79","79","1","62","1","27","0","0","0","0","0","0","0","0","0","0","0","308","308","308","3","3","3","0","0","0","0","0","0","0","0","0","0","0","0","0","0","0","0","0","0","0","0","0","0","0","0","0","0","0","0","0","0","0","0","0","0","0","0","0","0","0","0","0","0","0","0","0","0","0","0","0","0","0","0","0","0","0","0","0","0","0","0","0","0","0","0","0","0","0","0","0","0","0","0","0","0","0","0","0","0","0","0","0","0","0","0","0","0","0","0","0","0","0","0","0","0","0","0","0","0","0","0","0","0","0","0","0","0","0","0","0","0","0","0","0","0","0","0","0","0","0","0","0","0","0","0","0","0","0","0","0","0","0","0","0","0","0","0","0","0","0","0","0","0","0","0","0","0","0","0","0","0","0","0","0","0","0","0","0","0","0","0","0","0","0","0","0","0","0","0","0","0","0","0","0","0","0","0","0","0","0","0","0","0","0","0","0","0","0","0","0","0","0","0","0","0","0","0","0","0","0","0","0","0","0","0","0","0","0","0","0","0","0","0","0","0","0","0","0","0","0","0","0","0","0","0","0","0","0","0","0","0","0"
"Ростовская область","2337648134","326364450","192068995","40982442","2148850748","354027223","208122520","38627382","303510","261993","2499949","2404702","219046","0","170880380","3450939","827","167429784","27416902","5014587","36","129599","930720","65","915709","378700","518156","56294","690188","61308","7","0","0","0","0","0","1811815","13579","0","0","13658","2390","6169","873","0","3009209","11470921","0","2767622","9889537","0","261786","1566599","0","52356","313319","0","7855","46998","0","17618","65940","0","667","143","0","45","12","0","3641504","0","1446232","3734709","0","1252790","0","0","292850","0","0","13","0","0","422","0","0","59084","0","0","8786","93204","0","99409","1","0","20","1","0","6","0","0","0","0","0","0","0","0","0","0","0","0","0","0","0","0","0","0","0","0","0","0","0","0","0","0","220391","0","104644","182200","0","86708","38191","0","44650","1146","0","1339","0","0","0","0","0","0","67374898","0","54947600","0","14707708","0","441231","0","2280411","0","44","0","0","0","0","0","0","0","0","0","0","0","0","0","0","0","0","0","0","0","0","0","0","0","0","0","0","0","0","0","5252343","4459457","0","4942218","3985107","0","20185","0","0","553912","479314","0","14379","0","0","0","94165","81483","0","264053","4964","0","14","1","75059","100589","0","64","25594","2","17","4","0","0","0","0","0","0","0","232038","201926","1698178","1723146","1298657","199210","1111999","1189824","21525915","611475","0","1824399","527365","0","7011","0","0","0","10003","0","266","0","0","0","0","0","0","0","0","70352","0","0","0","0","0","0","0","0","183207","0","0","83949","3","0","0","182","627345","2897473","825","2","165","0","0","0","0","0","0","0","0","0","0","0","0","0","0","170325","2","0","0","0","0","0","0","0","0","0","0","0","194148","1","19415","0","0","0","365385","3","48718","0","0","0","0","0","0","0","0","0","0","0","0","0","0","0","0","0","0","0","0","0","0","0","0","0","48400","48400","10","26876","6","26827","5791","5791","5791","5791","5791","6","6","6","6","6","7524","86123","86123","86123","25","25","25","0","0","0","0","0","0","0","0","0","0","0","0","0","0","0","0","0","0","0","0","0","0","0","0","0","0","0","0","0","0","0","0","0","0","0","0","0","0","0","0","0","0","0","0","0","0","0","0","0","0","0","0","0","0","0","0","7483579","18","0","0","0","0","0","0","0","0","0","0","0","0","0","0","0","0","0","0","0","0","0","0","0","0","0","0","0","0","0","0","0","0","0","0","0","0","0","0","0","0","0","0","0","0","0","0","0","0","0","0","0","0","0","0","0","0","0","0","0","0","0","0","0","0","0","0","0","0","0","0","0","0","0","0","0","0","0","0","0","0","0","0","0","0","0","0","0","0","0","0","0","0","0","0","0","0","0","0","0","0","0","0","0","0","0","0","0","0","0","0","0","0","0","0","0","0","0","0","0","0","0","0","0","0","0","0","0","0","0","0","0","0","0","0","0","0","0","0","0","0","0","0","0","0","0","0","0","0","0","0","0","0","0","0","0","0","0","0","0","0","0","0","0","0","0","0","0","0","0","0","0","0","0"
"Рязанская область","648014726","17855009","27353802","11532305","592722965","19410592","28310454","13423936","83493","14360","863579","950","6370","0","53548654","1213111","140","52335544","3433804","1570066","0","19767","192293","10","355041","7169","112580","1075","242623","23899","7","0","0","0","0","0","478582","254","0","0","4516","307","2729","360","0","582987","3239646","687183","510253","2741141","564815","80714","499006","122367","16143","99801","24473","2421","14970","3671","7979","502","0","198","63","1","1","1","0","140309","0","1615017","145695","0","1405002","0","0","201141","0","0","458","0","0","7638","0","0","32132","0","0","5576","5386","0","0","1","0","3","1","0","0","0","0","0","0","0","0","0","0","0","0","0","0","0","0","0","0","0","0","0","0","0","0","0","0","0","0","76294","0","54120","72105","0","38909","4190","0","15210","126","0","456","0","0","0","0","0","0","36448371","0","29947791","0","7031375","0","210941","0","530795","0","23","0","0","0","0","0","0","0","0","0","0","0","0","0","0","0","0","0","0","0","0","0","0","0","0","0","0","0","0","0","510447","38669070","0","424319","33841879","0","3833","0","0","82296","4994723","0","149842","0","0","0","13990","849103","0","0","167533","0","0","1","283209","354568","0","0","71358","0","10","1","0","0","0","0","0","0","0","0","0","283354","309757","0","0","0","0","2336247","206310","26000","452498","31554","0","110","0","0","0","30000","0","99200","0","0","0","0","0","0","55765","0","110000","0","0","0","0","0","0","0","400","0","0","0","0","0","0","0","69","184529","1535934","0","0","0","0","0","0","0","0","0","0","0","0","0","0","0","0","0","23468","1","0","0","0","0","0","0","0","0","0","0","0","5350","1","535","0","0","0","0","0","0","0","0","0","0","0","0","0","0","0","0","0","0","0","0","0","0","0","0","0","0","0","0","46","46","46","1917","1917","2","7822","2","10074","0","0","0","0","0","0","0","0","0","0","168","24633","24633","24633","9","9","9","0","0","0","0","0","0","0","0","0","0","0","0","0","0","0","0","0","0","0","0","0","0","0","0","0","0","0","0","0","0","0","0","0","0","0","0","0","0","0","0","0","0","0","0","0","0","0","0","0","0","0","0","0","0","0","0","0","0","0","0","42025","1","0","0","0","0","0","0","0","0","0","0","0","0","0","0","0","0","0","0","0","0","0","0","0","0","0","0","0","0","0","0","0","0","0","0","0","0","0","0","0","0","0","0","0","0","0","0","0","0","0","0","0","0","0","0","0","0","0","0","0","0","0","0","0","0","0","0","0","0","0","0","0","0","0","0","0","0","0","0","0","0","0","0","0","0","0","0","0","0","0","0","0","0","0","0","0","0","0","0","0","0","0","0","0","0","0","0","0","0","0","0","0","0","0","0","0","0","0","0","0","0","0","0","0","0","0","0","0","0","0","0","0","0","0","0","0","0","0","0","0","0","0","0","0","0","0","0","0","0","0","0","0","0","0","0","0","0","0","0","0","0","0","0","0","0","0","0","0","0","0"
"Самарская область","2454690682","182397874","164591099","147804425","2224638137","205581532","144074188","145524344","1182053","238086","19966066","4423479","42433","1764","231846186","4810791","771","227035434","25088595","6795263","13851","74459","399080","17","1103075","113281","797760","17014","962158","1827743","13","12928","143534","12","18933","1","3438835","29","0","0","17673","1407","6722","1146","0","2126760","9032684","1998046","2056059","7828750","1853678","110446","1243309","144368","22090","248662","28874","3313","37299","4331","39744","42309","0","507","100","9","8","8","0","1349504","0","33287467","1171224","0","31343538","208571","0","2040103","0","0","26538","20857","0","112149","20857","0","269334","6257","0","34665","30291","0","117160","3","0","57","1","0","7","0","0","610470270","0","0","555100165","0","0","55370106","0","0","0","0","0","0","0","0","0","0","0","0","0","0","0","0","0","525748","0","40143","473102","0","36433","52646","0","4565","1579","0","137","0","0","855","0","0","1","19736366","0","15861288","0","4170484","0","125115","0","295406","0","19","0","0","0","0","0","0","0","0","0","0","0","0","0","0","0","0","0","0","0","0","0","0","0","0","0","0","0","0","0","4451597","9468729","0","3992505","8284992","0","10439","609","0","546915","1183128","0","35494","0","0","0","92976","201132","0","98263","0","0","5","0","2852400","2894374","0","11624","53598","349","14","3","0","0","0","0","0","0","0","618195","804831","1873094","1769490","0","15794","105334","0","7451167","1431022","0","6273418","56239","0","16937","0","0","0","16650","0","0","0","0","0","0","0","0","0","0","570413","0","0","0","0","0","0","0","50000","37885","21602","1","0","0","0","0","233","3815130","17297571","0","0","0","15006","1","3001","0","0","0","0","0","0","0","0","0","0","0","129178","4","712","1","0","0","0","0","0","0","0","0","0","352055","3","35205","0","0","0","241263","9","32168","0","0","0","0","0","0","0","0","1996","1","0","0","0","0","0","0","0","0","0","0","0","0","7959","7959","7959","112045","112045","29","4698","3","884263","10025","10025","10025","10025","10025","4","4","4","4","4","78821","293897","293897","293897","61","61","61","0","0","0","0","0","0","0","0","0","80","80","80","80","80","80","80","80","80","80","0","0","0","0","0","0","0","0","0","0","0","0","0","0","0","0","0","0","0","0","0","0","0","0","0","0","0","0","0","0","0","0","0","0","0","0","0","922737","3","0","0","2455235","5","0","0","0","0","0","0","0","0","0","0","0","0","0","0","0","0","0","0","0","0","0","0","0","0","0","0","0","0","0","0","0","0","0","0","0","0","0","0","0","0","0","0","0","0","0","0","0","0","0","0","0","0","0","0","0","0","0","0","0","0","0","0","0","0","0","0","0","0","0","0","0","0","0","0","0","0","0","0","0","0","0","0","0","0","0","0","0","0","0","0","0","0","0","0","0","0","0","0","0","0","0","0","0","0","0","0","0","0","0","0","0","0","0","0","0","0","0","0","0","0","0","0","0","0","0","0","0","0","0","0","0","0","0","0","0","0","0","0","0","0","0","0","0","0","0","0","0","0","0","0","0","0","0","0","0","0","0","0","0","0","0","0","0","0","0","0","0","0","0"
"Саратовская область","747986805","111966242","29756610","9287488","662706916","115394758","26141318","13787456","197418","14173","246469","2659549","22512","0","88823617","3500850","314","85322768","10573860","2529886","0","0","0","0","696213","27678","237421","4152","700170","0","0","375","6368","1","0","0","706913","718","0","0","7418","738","2342","523","0","1644443","4872461","0","1618038","3849769","0","29820","1047823","0","5964","209564","0","894","31435","0","3415","27906","0","359","109","0","3","6","0","3439574","0","45113","3242288","0","41659","197286","0","3465","0","0","0","19729","0","173","19729","0","520","5919","0","104","0","0","11","3","0","4","0","0","1","0","0","37451","0","0","292034","0","0","0","0","0","0","0","0","0","0","0","0","0","0","0","0","254583","0","0","1","134669","0","126808","119434","0","110594","15235","0","16213","457","0","486","0","0","0","0","0","0","22881175","0","16282667","0","7015057","0","210451","0","416549","0","29","0","0","0","0","0","0","0","0","0","0","0","0","0","0","0","0","0","0","0","0","0","0","0","0","0","0","0","0","0","324773","18717844","0","279832","12913443","0","0","0","0","44967","5903370","0","177101","0","0","0","7644","1003573","0","25","98968","0","1","1","55558","36682","12703","12703","6530","381","6","0","0","0","0","0","0","0","0","1033873","946572","1223","35873","0","0","0","0","7221680","110700","0","679317","0","0","156","0","0","0","156","0","0","0","0","0","0","0","0","0","0","0","0","0","0","0","0","0","0","0","0","0","0","0","0","0","0","111","147405","3628044","0","0","0","0","0","0","7923","1","1585","0","0","0","0","0","0","0","0","304938","3","2644","1","0","0","0","0","0","0","0","0","0","7057","1","706","0","0","0","4075","1","543","0","0","0","0","0","0","0","0","0","0","0","0","0","0","0","0","0","0","0","0","0","0","5241","5241","5241","29002","29002","7","990","4","21707","2226","2226","2226","2226","2226","1","1","1","1","1","37792","81894","81894","81894","24","24","24","0","0","0","0","0","0","0","0","0","0","0","0","0","0","0","0","0","0","0","0","0","0","0","0","0","0","0","0","0","0","0","0","0","0","0","0","0","0","0","0","0","0","0","0","0","0","0","0","0","0","0","0","0","0","0","0","0","0","0","0","0","0","0","0","0","0","0","0","0","0","0","0","0","0","0","0","0","0","0","0","0","0","0","0","0","0","0","0","0","0","0","0","0","0","0","0","0","0","0","0","0","0","0","0","0","0","0","0","0","0","0","0","0","0","0","0","0","0","0","0","0","0","0","0","0","0","0","0","0","0","0","0","0","0","0","0","0","0","0","0","0","0","0","0","0","0","0","0","0","0","0","0","0","0","0","0","0","0","0","0","0","0","0","0","0","0","0","0","0","0","0","0","0","0","0","0","0","0","0","0","0","0","0","0","0","0","0","0","0","0","0","0","0","0","0","0","0","0","0","0","0","0","0","0","0","0","0","0","0","0","0","0","0","0","0","0","0","0","0","0","0","0","0","0","0","0","0","0","0","0","0"
"Сахалинская область","276585554","63659608","33286718","10541920","247760087","75869259","16297022","9097661","85415","165085","3528185","376790","259966","0","42112426","3486194","126","38626232","10977098","1158701","0","136281","386130","1","279849","114536","177709","17180","697239","0","0","0","0","0","0","0","1219650","0","0","0","1203","528","807","62","0","10933","555765","0","11119","423745","0","553","131435","0","111","26287","0","17","3943","0","739","0","0","9","18","0","2","0","0","0","0","7095010","0","0","9218858","0","0","263196","0","0","0","0","0","0","0","0","52639","0","0","7896","0","0","2387055","0","0","13","0","0","9","0","5935696","0","0","6725618","0","0","51752","0","0","693382","0","0","1543","0","8742","0","0","19259","0","0","1535057","0","0","11","0","162146","0","58802","149614","0","46362","12532","0","12453","376","0","374","0","0","13","0","0","1","8490969","0","7455519","0","1270086","0","38103","0","234636","0","4","0","0","0","0","0","0","0","0","0","0","0","0","0","0","0","0","0","0","0","0","0","0","0","0","0","0","0","0","0","73783","179456","0","69981","133614","0","0","0","0","3802","45842","0","1375","0","0","0","646","7793","0","0","0","0","0","0","5963295","3121603","21410","2826301","6019","84789","3","22","1978","239122","0","0","0","237144","1","0","0","0","0","0","0","0","1500","2417060","115940","0","141724","192449","0","22000","0","0","0","22899","0","0","0","0","0","67572","0","0","0","0","0","0","0","0","0","0","0","527273","0","21225","0","0","0","0","0","0","56","189847","1482293","0","0","0","0","0","0","1696","1","339","0","0","0","0","0","0","0","0","7619","1","0","0","0","0","0","0","0","0","0","0","0","0","0","0","0","0","0","15565","1","2075","0","0","0","0","0","0","0","0","0","0","0","0","0","0","0","0","0","0","0","0","0","0","0","0","0","75406","75406","9","26443","4","3985","1051","1051","1051","1051","1051","2","2","2","2","2","1157","4958","4958","4958","8","8","8","0","0","0","0","0","0","0","0","0","0","0","0","0","0","0","0","0","0","0","0","0","0","0","0","0","0","0","0","0","0","0","0","0","0","0","0","0","0","0","0","0","0","0","0","0","0","0","0","0","0","0","0","0","0","0","0","3124712","2","0","0","0","0","0","0","0","0","0","0","0","0","0","0","0","0","0","0","0","0","0","0","0","0","0","0","0","0","0","0","0","0","0","0","0","0","0","0","0","0","0","0","0","0","0","0","0","0","0","0","0","0","0","0","0","0","0","0","0","0","0","0","0","0","0","0","0","0","0","0","0","0","0","0","0","0","0","0","0","0","0","0","0","0","0","0","0","0","0","0","0","0","0","0","0","0","0","0","0","0","0","0","0","0","0","0","0","0","0","0","0","0","0","0","0","0","0","0","0","0","0","0","0","0","0","0","0","0","0","0","0","0","0","0","0","0","0","0","0","0","0","0","0","0","0","0","0","0","0","0","0","0","0","0","0","0","0","0","0","0","0","0","0","0","0","0","0","0","0","0","0","0","0"
"Свердловская область","5209913792","530861793","397777444","107238137","4797934388","548296152","370539170","133110192","1654205","1429377","21522789","29730282","430720","75276","419135020","20428606","1414","398706415","71681436","11960985","76227","165316","859330","24","2129980","301697","892698","45255","4085721","48277","12","76","1294","1","165","1","5160179","6657","0","0","27174","3423","9235","1422","0","4712325","16668583","42733","4479791","14736513","39015","289991","2031626","3719","57999","406325","744","8699","60948","112","57457","112776","0","639","171","1","20","20","0","0","0","16364832","0","0","6540232","0","0","9847454","0","0","2167","0","0","497789","0","0","1469535","0","0","293257","0","0","25988","0","0","16","0","0","4","0","0","161024","0","0","173425","0","0","0","0","0","0","0","0","0","0","0","0","0","0","0","0","12402","0","0","1","356000","0","167595","302008","0","119069","54838","0","48526","1645","0","1456","846","0","0","2","0","0","18187729","0","14650530","0","3544894","0","106347","0","7696","0","2","0","0","0","0","0","0","0","0","0","0","0","0","0","0","0","0","0","0","0","0","0","0","0","0","0","0","0","0","0","26638628","2225609","0","24088319","1340061","0","27626","0","0","2908684","885547","0","26566","0","0","0","494476","150543","0","369448","0","0","17","0","15023658","14315629","359192","362711","13874","10881","11","7","0","0","0","0","0","0","0","44215912","43978455","8011609","9659392","246714","107312","191804","6531850","71171804","956157","11765","5302665","99216","0","229937","0","0","0","81494","0","306144","1586","0","0","0","0","0","96066","0","7519","0","0","0","0","0","0","0","86","1821915","95766","3","1412","1","0","0","440","3572510","15018568","10350","4","2070","16696","1","3339","252","1","50","0","0","0","0","0","0","0","0","818268","7","119082","5","0","0","0","0","0","0","0","0","0","2618","3","262","0","0","0","882","1","118","0","0","0","0","0","0","0","0","51035","2","418000","418000","418000","2","2","2","0","0","0","0","0","0","10726","10726","10726","145207","145207","29","198448","12","65669","141028","141028","141028","141028","141028","21","21","21","21","21","150253","314348","314348","314348","102","102","102","0","0","0","0","0","0","0","0","0","150","150","150","150","150","150","150","150","150","150","0","0","0","0","0","0","0","0","0","0","0","0","0","0","0","0","0","0","0","0","0","0","0","0","0","0","0","0","0","0","0","0","0","0","0","0","0","0","0","0","0","0","0","0","0","0","0","0","0","0","0","0","0","0","0","0","0","0","0","0","0","0","0","0","0","0","0","0","0","0","0","0","0","0","0","0","0","0","0","0","0","0","0","0","0","0","0","0","0","0","0","0","0","0","0","0","0","0","0","0","0","0","0","0","0","0","0","0","0","0","0","0","0","0","0","0","0","0","0","0","0","0","0","0","0","0","0","0","0","0","0","0","0","0","0","0","0","0","0","0","0","0","0","0","0","0","0","0","0","0","0","0","0","0","0","0","0","0","0","0","0","0","0","0","0","0","0","0","0","0","0","0","0","0","0","0","0","0","0","0","0","0","0","0","0","0","0","0","0","0","0","0","0","0","0","0","0","0","0","0","0","0","0","0","0","0","0","0","0","0","0","0"
"Смоленская область","721185566","50043288","29332546","2790354","673776281","53258609","31504602","5144464","164207","7829","1286475","16826","3246","0","44111715","1028108","405","43083711","5578427","1292219","1123","12969","88401","8","253884","41526","124401","6307","205622","40678","4","0","0","0","0","0","347670","1146","0","0","5234","926","2494","753","0","491209","1680728","0","359757","1245938","0","132536","433612","0","26507","86722","0","3976","13008","0","241","0","0","21","50","0","1","0","0","0","0","55332","0","0","59780","0","0","3839","0","0","0","0","0","0","0","0","768","0","0","115","0","0","8286","0","0","5","0","0","3","0","0","0","0","0","0","0","0","0","0","0","0","0","0","0","0","0","0","0","0","0","0","0","0","0","0","11687","0","20631","10596","0","19960","1091","0","680","33","0","20","0","0","0","0","0","0","7178301","887051","5814456","938356","1680073","0","50402","0","316228","51306","11","1","0","0","0","0","0","0","0","0","0","0","0","0","0","0","0","0","0","0","0","0","0","0","0","0","0","0","0","0","228423","1542899","0","226952","1430831","0","0","0","0","3536","112067","0","3362","0","0","0","601","19051","0","2065","0","0","2","0","543046","402818","0","144804","4575","4338","7","4","0","0","0","0","0","0","0","28112","27979","0","0","0","0","0","11118","2035704","85712","0","782203","296249","0","786496","0","0","0","291867","0","647000","0","0","0","0","0","0","0","0","0","0","0","0","0","0","0","0","0","885663","0","0","0","0","0","0","51","100346","638034","18192","1","3638","0","0","0","0","0","0","0","0","0","0","0","0","0","0","4","1","2","1","0","0","0","0","0","0","0","0","0","0","0","0","0","0","0","0","0","0","0","1","0","0","0","0","0","0","0","0","0","0","0","0","0","0","0","0","0","0","0","0","0","0","0","6825","6825","6","570","1","1767","2292","2292","2292","2292","2292","4","4","4","4","4","0","9717","9717","9717","12","12","12","0","0","0","0","0","0","0","0","0","0","0","0","0","0","0","0","0","0","0","0","0","0","0","0","0","0","0","0","0","0","0","0","0","0","0","0","0","0","0","0","0","0","0","0","0","0","0","0","0","0","0","0","0","0","0","0","0","0","0","0","0","0","0","0","0","0","0","0","0","0","0","0","0","0","0","0","0","0","0","0","0","0","0","0","0","0","0","0","0","0","0","0","0","0","0","0","0","0","0","0","0","0","0","0","0","0","0","0","0","0","0","0","0","0","0","0","0","0","0","0","0","0","0","0","0","0","0","0","0","0","0","0","0","0","0","0","0","0","0","0","0","0","0","0","0","0","0","0","0","0","0","0","0","0","0","0","0","0","0","0","0","0","0","0","0","0","0","0","0","0","0","0","0","0","0","0","0","0","0","0","0","0","0","0","0","0","0","0","0","0","0","0","0","0","0","0","0","0","0","0","0","0","0","0","0","0","0","0","0","0","0","0","0","0","0","0","0","0","0","0","0","0","0","0","0","0","0","0","0","0","0"
"Тамбовская область","299111934","31292459","12303520","2007004","273683901","33243402","9275548","2946505","42004","49359","2312917","428704","25","0","26198154","979001","79","25219153","3269789","756574","152","6707","52395","1","154805","42830","48968","6425","195800","0","0","0","0","0","0","0","254902","29","0","0","2423","182","1404","90","0","857049","1151258","0","688566","1029584","0","168746","121674","0","33749","24335","0","5062","3650","0","263","0","0","142","29","0","2","0","0","0","0","447179","0","0","390588","0","0","56591","0","0","318","0","0","1062","0","0","9938","0","0","1379","0","0","0","0","0","6","0","0","0","0","0","0","0","0","0","0","0","0","0","0","0","0","0","0","0","0","0","0","0","0","0","0","0","0","0","85944","0","0","84765","0","0","1179","0","0","35","0","0","0","0","0","0","0","0","83543492","0","73040489","0","12900005","0","387000","0","2397002","0","19","0","0","0","0","0","0","0","0","0","0","0","0","0","0","0","0","0","0","0","0","0","0","0","0","0","0","0","0","0","2227007","229672","0","1968670","173352","0","0","0","0","258337","56320","0","1690","0","0","0","43917","9574","0","0","0","0","0","0","17174","21258","0","0","4084","0","4","1","0","0","0","0","0","0","0","0","0","123658","120000","51755","196094","13088","0","872063","106659","0","366941","0","0","2135","0","0","0","0","0","0","0","0","0","0","0","0","0","0","0","0","0","0","0","0","0","0","0","11991","0","0","305","1","0","0","33","18623","631163","16","1","3","1318","1","264","0","0","0","0","0","0","0","0","0","0","0","0","0","0","0","0","0","0","0","0","0","0","0","0","0","0","0","0","0","0","2214","1","295","0","0","0","0","0","0","0","0","0","0","0","0","0","0","0","0","0","0","0","0","0","0","0","0","0","1606","1606","1","22935","2","3919","3012","3012","3012","3012","3012","2","2","2","2","2","2487","12605","12605","12605","10","10","10","0","0","0","0","0","0","0","0","0","0","0","0","0","0","0","0","0","0","0","0","0","0","0","0","0","0","0","0","0","0","0","0","0","0","0","0","0","0","0","0","0","0","0","0","0","0","0","0","0","0","0","0","0","0","0","0","0","0","0","0","0","0","0","0","0","0","0","0","0","0","0","0","0","0","0","0","0","0","0","0","0","0","0","0","0","0","0","0","0","0","0","0","0","0","0","0","0","0","0","0","0","0","0","0","0","0","0","0","0","0","0","0","0","0","0","0","0","0","0","0","0","0","0","0","0","0","0","0","0","0","0","0","0","0","0","0","0","0","0","0","0","0","0","0","0","0","0","0","0","0","0","0","0","0","0","0","0","0","0","0","0","0","0","0","0","0","0","0","0","0","0","0","0","0","0","0","0","0","0","0","0","0","0","0","0","0","0","0","0","0","0","0","0","0","0","0","0","0","0","0","0","0","0","0","0","0","0","0","0","0","0","0","0","0","0","0","0","0","0","0","0","0","0","0","0","0","0","0","0","0","0"
"Тверская область","524039992","97452312","22378866","8348188","484413236","103088933","23053229","9494365","127679","26329","804514","3577470","65730","0","38209828","1731017","279","36479375","10333939","1094379","887","14576","61260","3","253449","14800","98940","2246","346203","0","0","0","26","1","0","0","422065","1686","0","0","4668","801","2869","334","0","397564","2664667","640","290057","2195169","640","107508","485488","0","21502","97098","0","3225","14565","0","0","15990","0","121","61","1","0","5","0","0","0","0","0","0","0","0","0","0","0","0","0","0","0","0","0","0","0","0","0","0","0","0","0","0","0","0","0","0","0","0","0","0","0","0","0","0","0","0","0","0","0","0","0","0","0","0","0","0","0","0","0","0","0","0","0","168539","0","20204","150733","0","15006","17868","0","5198","536","0","156","61","0","0","1","0","0","14396111","0","12501683","0","2466372","0","73991","0","571944","0","14","0","0","0","0","0","0","0","0","0","0","0","0","0","0","0","0","0","0","0","0","0","0","0","0","0","0","0","0","0","3244631","3779013","0","3524176","2797163","0","6224","0","0","244896","1023534","0","30706","0","0","0","41632","174001","0","530664","41684","0","6","1","2570063","2120310","0","438681","727","13160","1","2","0","0","0","0","0","0","0","3721","4942","0","0","0","0","0","90346","3212827","42980","0","667890","0","0","0","0","0","0","0","0","0","0","0","0","0","0","0","0","0","0","0","0","0","0","0","0","0","0","89936","0","0","0","0","0","0","66","32076","929163","500","1","100","1034","2","207","1142","1","228","0","0","0","0","0","0","0","0","7361","1","0","0","0","0","0","0","0","0","0","0","0","0","0","0","0","0","0","0","0","0","0","0","0","0","0","0","0","0","0","0","0","0","0","0","0","0","0","0","0","0","0","0","0","0","0","3152","3152","3","4626","3","4816","313","313","313","313","313","1","1","1","1","1","0","8837","8837","8837","12","12","12","0","0","0","0","0","0","0","0","0","0","0","0","0","0","0","0","0","0","0","0","0","0","0","0","0","0","0","0","0","0","0","0","0","0","0","0","0","0","0","0","0","0","0","0","0","0","0","0","0","0","0","0","246125","3","0","0","0","0","0","0","0","0","0","0","0","0","0","0","0","0","0","0","0","0","0","0","0","0","0","0","0","0","0","0","0","0","0","0","0","0","0","0","0","0","0","0","0","0","0","0","0","0","0","0","0","0","0","0","0","0","0","0","0","0","0","0","0","0","0","0","0","0","0","0","0","0","0","0","0","0","0","0","0","0","0","0","0","0","0","0","0","0","0","0","0","0","0","0","0","0","0","0","0","0","0","0","0","0","0","0","0","0","0","0","0","0","0","0","0","0","0","0","0","0","0","0","0","0","0","0","0","0","0","0","0","0","0","0","0","0","0","0","0","0","0","0","0","0","0","0","0","0","0","0","0","0","0","0","0","0","0","0","0","0","0","0","0","0","0","0","0","0","0","0","0","0","0","0","0","0","0"
"Томская область","820397234","250502526","54901520","19174339","774039603","254706405","25943472","14014114","181697","78461","29443463","11201996","32498","5462","46044830","3367103","233","42677727","10172651","1277360","206","0","0","0","189326","26216","413339","3933","673421","56","3","2972","23515","9","0","0","699964","0","0","0","3399","668","1747","280","0","768606","3277551","0","732880","2843587","0","37108","456607","0","7422","91321","0","1113","13698","0","1382","22643","0","277","56","0","2","5","0","0","0","804470","0","0","829574","0","0","43430","0","0","0","0","0","2171","0","0","6514","0","0","1303","0","0","68533","0","0","10","0","0","3","0","0","0","0","0","0","0","0","0","0","0","0","0","0","0","0","0","0","0","0","0","0","0","0","0","0","0","0","45620","0","0","31926","0","0","13694","0","0","411","0","0","0","0","0","0","15533446","0","14901984","0","1777664","0","53330","0","1146202","0","11","0","0","0","0","0","0","0","0","0","0","0","0","0","0","0","0","0","0","0","0","0","0","0","0","0","0","0","0","0","2973619","2773671","0","2603012","2124519","0","766","0","0","549371","662930","0","19888","0","0","0","93393","112698","0","179530","13778","0","10","1","1311411","1248406","32654","32654","2302","980","2","1","0","0","0","0","0","0","0","1965831","1489452","673619","672616","0","0","23415","0","17456908","431846","0","1057606","0","0","4","0","0","0","0","0","0","0","0","0","0","0","0","0","0","0","0","0","0","0","0","0","0","0","0","12773","1","0","0","0","0","96","192453","4955311","0","0","0","0","0","0","0","0","0","0","0","0","0","0","0","0","0","84304","3","0","0","0","0","0","0","0","0","0","0","0","0","0","0","0","0","0","274562","1","36608","0","0","0","0","0","0","0","0","0","0","181206","181206","181206","1","1","1","87994","87994","1","17599","0","0","3890","3890","3890","68514","68514","11","24508","2","6104","32855","32855","32855","32855","32855","13","13","13","13","13","116046","221342","221342","221342","41","41","41","0","0","0","0","0","0","0","0","0","0","0","0","0","0","0","0","0","0","0","0","0","0","0","0","0","0","0","0","0","0","0","0","0","0","0","0","0","0","0","0","0","0","0","0","0","0","0","0","0","0","0","0","0","0","0","0","0","0","0","0","0","0","0","0","0","0","0","0","0","0","0","0","0","0","0","0","0","0","0","0","0","0","0","0","0","0","0","0","0","0","0","0","0","0","0","0","0","0","0","0","0","0","0","0","0","0","0","0","0","0","0","0","0","0","0","0","0","0","0","0","0","0","0","0","0","0","0","0","0","0","0","0","0","0","0","0","0","0","0","0","0","0","0","0","0","0","0","0","0","0","0","0","0","0","0","0","0","0","0","0","0","0","0","0","0","0","0","0","0","0","0","0","0","0","0","0","0","0","0","0","0","0","0","0","0","0","0","0","0","0","0","0","0","0","0","0","0","0","0","0","0","0","0","0","0","0","0","0","0","0","0","0","0","0","0","0","0","0","0","0","0","0","0","0","0","0","0","0","0","0","0"
"Тульская область","897276698","152232518","55906184","8423038","778169686","158067139","47740102","14088786","625796","90046","3501964","611581","136537","83","124307202","9814819","293","114492393","12021968","3421573","1066","79787","2340617","17","681943","157871","138275","23681","1962964","29791","1","13233","224967","5","0","0","4651359","1509","0","0","5110","775","2505","414","0","315646","2992286","0","296832","2532038","0","19438","463181","0","3888","92636","0","583","13895","0","624","2933","0","92","35","0","3","1","0","0","0","15357031","0","0","15139705","0","0","564597","0","0","0","0","0","0","0","0","112919","0","0","16938","0","0","347271","0","0","16","0","0","6","0","0","159671292","0","0","157308261","0","0","0","0","0","11132803","0","0","0","0","0","0","0","333984","0","0","8577263","0","0","2","222020","0","3123","168004","0","1049","54488","0","2074","1635","0","62","472","0","0","2","0","0","27970656","0","20499487","0","7671731","0","230152","0","200562","0","18","0","0","0","0","0","0","0","0","0","0","0","0","0","0","0","0","0","0","0","0","0","0","0","0","0","0","0","0","0","1827059","5419982","0","1780261","5498182","0","1470","0","0","46315","494046","0","14821","0","0","0","7874","83988","0","987","572246","0","1","2","1262016","1282759","0","30428","51171","913","11","6","0","0","0","0","0","0","0","3670","3551","2413918","2321049","310500","508666","92869","750000","4661178","167759","120696","1317145","165600","0","550","0","0","0","438","0","0","0","0","0","0","0","0","0","0","409676","0","0","0","0","0","0","0","0","69000","0","0","0","0","0","0","128","261060","2374453","940","2","188","92","1","18","0","0","0","0","0","0","0","0","0","0","0","90335","2","14","1","0","0","0","0","0","0","0","0","0","317","1","32","0","0","0","4370","1","583","0","0","0","0","0","0","0","0","0","0","0","0","0","0","0","0","0","0","0","0","0","0","245","245","245","4602","4602","4","5444","3","10279","2896","2896","2896","2896","2896","3","3","3","3","3","10627","35579","35579","35579","21","21","21","0","0","0","0","0","0","0","0","0","550","550","550","550","550","550","550","550","550","550","0","0","0","0","0","0","0","0","0","0","0","0","0","0","0","0","0","0","0","0","0","0","0","0","0","0","0","0","0","0","0","0","0","0","0","0","0","0","0","0","0","0","0","0","0","0","0","0","0","0","0","0","0","0","0","0","0","0","0","0","0","0","0","0","0","0","0","0","0","0","0","0","0","0","0","0","0","0","0","0","0","0","0","0","0","0","0","0","0","0","0","0","0","0","0","0","0","0","0","0","0","0","0","0","0","0","0","0","0","0","0","0","0","0","0","0","0","0","0","0","0","0","0","0","0","0","0","0","0","0","0","0","0","0","0","0","0","0","0","0","0","0","0","0","0","0","0","0","0","0","0","0","0","0","0","0","0","0","0","0","0","0","0","0","0","0","0","0","0","0","0","0","0","0","0","0","0","0","0","0","0","0","0","0","0","0","0","0","0","0","0","0","0","0","0","0","0","0","0","0","0","0","0","0","0","0","0","0","0","0","0","0"
"Тюменская область","1814077985","101513573","116741866","7808648","1522014233","115108035","86770509","9628419","254953","82733","25513017","566690","58023","0","296798816","15881354","455","280917482","15898189","8427524","0","112502","919727","2","1380941","62322","441652","9366","3176271","510301","13","0","0","0","0","0","4718801","0","0","0","5583","1517","2870","349","0","2814769","6202268","0","2707609","5122265","0","86672","1123050","0","17334","224610","0","2600","33692","0","4105","43047","0","100","66","0","9","7","0","550179","0","0","592165","0","0","22351","0","0","0","0","0","2235","0","0","2235","0","0","671","0","0","64338","0","0","5","0","0","2","0","0","0","0","0","0","0","0","0","0","0","0","0","0","0","0","0","0","0","0","0","0","0","0","0","0","0","0","207036","0","403624","187896","0","376700","22453","0","26924","674","0","808","3311","0","0","1","0","0","34155341","0","28844426","0","6061415","0","181842","0","750500","0","44","0","0","0","0","0","0","0","0","0","0","0","0","0","0","0","0","0","0","0","0","0","0","0","0","0","0","0","0","0","5779787","0","0","5001191","0","0","0","0","0","781830","0","0","0","0","0","0","132911","0","0","3233","0","0","2","0","6636841","6247486","196653","196763","4062","5903","3","10","0","0","0","0","0","0","0","357652","341918","5604598","5475569","278929","358791","137549","973692","13880459","354264","0","1441330","23028","0","15002","0","0","0","38030","0","0","0","0","0","0","0","0","0","0","22948","0","0","0","0","0","0","0","0","0","0","0","0","0","0","0","124","1798441","14511709","493","1","99","0","0","0","0","0","0","0","0","0","0","0","0","0","0","16222","3","9","1","0","0","0","0","0","0","39693","1","3969","1135263","2","113526","3104","1","310","1162800","4","155040","0","0","0","0","0","0","0","0","0","0","0","0","0","0","0","0","0","0","0","0","0","0","7995","7995","7995","25683","25683","12","99008","6","13713","30808","30808","30808","30808","30808","7","7","7","7","7","15966","258128","258128","258128","28","28","28","0","0","0","0","0","0","0","0","0","0","0","0","0","0","0","0","0","0","0","0","0","0","0","0","0","0","0","0","0","0","0","0","0","0","0","0","0","0","0","0","0","0","0","0","0","0","0","0","0","0","0","0","0","0","109","1","0","0","0","0","0","0","0","0","0","0","0","0","0","0","0","0","0","0","0","0","0","0","0","0","0","0","0","0","0","0","0","0","0","0","0","0","0","0","0","0","0","0","0","0","0","0","0","0","0","0","0","0","0","0","0","0","0","0","0","0","0","0","0","0","0","0","0","0","0","0","0","0","0","0","0","0","0","0","0","0","0","0","0","0","0","0","0","0","0","0","0","0","0","0","0","0","0","0","0","0","0","0","0","0","0","0","0","0","0","0","0","0","0","0","0","0","0","0","0","0","0","0","0","0","0","0","0","0","0","0","0","0","0","0","0","0","0","0","0","0","0","0","0","0","0","0","0","0","0","0","0","0","0","0","0","0","0","0","0","0","0","0","0","0","0","0","0","0","0","0","0","0","0","0","0"
"Ульяновская область","436080056","31243396","38793723","3276527","421986140","35293279","18101906","4863826","197804","37926","27463","470805","30012","6589","34926063","5066559","133","29859504","6040102","888761","0","0","0","0","199827","16984","88212","2548","1013312","32525","10","6364","108188","23","0","0","1160389","78","0","0","4824","228","1499","286","0","659035","1294757","264029","638386","1114237","212503","20649","177256","51526","4130","35451","10305","619","5318","1546","0","0","0","75","36","1","0","0","0","1569457","0","3462970","1539287","0","3259519","181338","0","272830","0","0","5243","18134","0","17475","18134","0","31848","5440","0","2942","151168","0","83058","3","0","33","2","0","6","0","0","939852","0","0","933863","0","0","0","0","0","5989","0","0","0","0","0","0","0","180","0","0","0","0","0","0","119642","0","11738","107653","0","11736","11989","0","2","360","0","0","0","0","0","0","0","0","6679610","0","5338517","0","1458414","0","43752","0","117321","0","8","0","0","0","0","0","0","0","0","0","0","0","0","0","0","0","0","0","0","0","0","0","0","0","0","0","0","0","0","0","6602372","17414224","0","5923376","15702540","0","10599","476580","0","707984","1235105","0","37053","0","0","0","120357","209968","0","39588","0","0","4","0","389449","240935","0","151478","2963","4544","3","0","0","0","0","0","0","0","0","0","0","28800","28659","0","0","141","426997","2508869","54196","0","531770","9000","0","66","0","0","0","9066","0","0","0","0","0","0","0","0","0","0","8910","0","0","0","0","0","0","0","0","90","0","0","0","0","0","0","74","59292","593522","1206","1","241","111","1","22","0","0","0","0","0","0","0","0","0","0","0","0","0","0","0","0","0","0","0","0","0","0","0","0","37","1","4","330","1","33","0","0","0","0","0","0","0","0","0","0","0","0","0","70485","70485","70485","1","1","1","0","0","0","0","0","0","0","0","0","1139","1139","4","809","3","12579","26958","26958","26958","26958","26958","1","1","1","1","1","35644","7922","7922","7922","18","18","18","0","0","0","0","0","0","0","0","0","0","0","0","0","0","0","0","0","0","0","0","0","0","0","0","0","0","0","0","0","0","0","0","0","0","0","0","0","0","0","0","0","0","0","0","0","0","0","0","0","0","0","0","0","0","0","0","0","0","0","0","0","0","0","0","0","0","0","0","0","0","0","0","0","0","0","0","0","0","0","0","0","0","0","0","0","0","0","0","0","0","0","0","0","0","0","0","0","0","0","0","0","0","0","0","0","0","0","0","0","0","0","0","0","0","0","0","0","0","0","0","0","0","0","0","0","0","0","0","0","0","0","0","0","0","0","0","0","0","0","0","0","0","0","0","0","0","0","0","0","0","0","0","0","0","0","0","0","0","0","0","0","0","0","0","0","0","0","0","0","0","0","0","0","0","0","0","0","0","0","0","0","0","0","0","0","0","0","0","0","0","0","0","0","0","0","0","0","0","0","0","0","0","0","0","0","0","0","0","0","0","0","0","0","0","0","0","0","0","0","0","0","0","0","0","0","0","0","0","0","0","0"
"Челябинская область","2488502841","541682684","148223200","72736643","2230347724","551207531","135243563","74954172","836231","129719","12236678","26543179","139472","947104","259630284","6351219","931","253279063","39102938","7598371","513","193133","1393357","55","1132566","1885430","526664","282538","1270244","247614","15","0","0","0","0","0","3104348","83","0","0","17902","2292","6944","1025","0","2163292","11542289","27133","1994456","9826746","25968","174328","1733240","1166","34865","346648","233","5229","51997","35","6565","40046","0","223","119","1","8","6","0","1981964","0","2092104","1271413","0","1530629","710551","0","533674","0","0","4231","71055","0","28337","71055","0","73697","21317","0","10635","0","0","12276","1","0","25","0","0","3","0","0","1559353","0","0","1089638","0","0","0","0","0","469715","0","0","0","0","0","0","0","14091","0","0","0","0","0","0","266828","0","1314","215894","0","1314","50934","0","0","1527","0","0","1118","0","0","2","0","0","2977739","0","2810457","0","590568","0","17717","0","423286","0","9","0","0","0","0","0","0","0","0","0","0","0","0","0","0","0","0","0","0","0","0","0","0","0","0","0","0","0","0","0","4367331","1637889","0","3732088","1474145","0","6272","0","0","773415","163745","0","4912","0","0","0","131480","27837","0","144444","0","0","5","0","19671882","19026004","391845","409777","155744","12293","5","1","0","0","0","0","0","0","0","14962578","14767847","5838422","5799461","9588","2299538","46450","4","10449426","1409390","0","7280903","134875","0","2396","0","0","0","386","0","1435","71829","0","0","0","0","0","70308","0","93976","0","0","0","0","0","0","469","0","109731","154612","1","1576","1","0","0","261","2051727","6550480","80","1","16","3628","3","726","0","0","0","0","0","0","0","0","0","0","0","3087648","6","30827","3","0","0","0","0","0","0","0","0","0","16882","1","1688","0","0","0","31721","6","4229","0","0","0","0","0","0","0","0","19432","1","884203","884203","884203","2","2","2","0","0","0","0","0","0","2532","2532","2532","290076","290076","13","238988","10","298432","24759","24759","24759","24759","24759","5","5","5","5","5","26469","210256","210256","210256","66","66","66","0","0","0","0","0","0","0","0","0","0","0","0","0","0","0","0","0","0","0","0","0","0","0","0","0","0","0","0","0","0","0","0","0","0","0","0","0","0","0","0","0","0","0","0","0","0","0","0","0","0","0","0","360775","1","0","0","0","0","0","0","0","0","0","0","0","0","0","0","0","0","0","0","0","0","0","0","0","0","0","0","0","0","0","0","0","0","0","0","0","0","0","0","0","0","0","0","0","0","0","0","0","0","0","0","0","0","0","0","0","0","0","0","0","0","0","0","0","0","0","0","0","0","0","0","0","0","0","0","0","0","0","0","0","0","0","0","0","0","0","0","0","0","0","0","0","0","0","0","0","0","0","0","0","0","0","0","0","0","0","0","0","0","0","0","0","0","0","0","0","0","0","0","0","0","0","0","0","0","0","0","0","0","0","0","0","0","0","0","0","0","0","0","0","0","0","0","0","0","0","0","0","0","0","0","0","0","0","0","0","0","0","0","0","0","0","0","0","0","0","0","0","0","0","0","0","0","0","0","0","0","0"
"Забайкальский край","159537806","64109753","13063361","11668329","142029024","69760775","11478681","18659383","21863","68544","29302","0","81","0","19087325","833244","96","18254081","12573532","547622","0","0","0","0","102189","34468","225468","5170","166649","0","0","0","0","0","0","0","166649","0","0","0","1343","514","1594","154","0","336511","3165042","432269","316766","2513257","426371","19757","651010","52480","3951","130202","10496","593","19530","1574","11","214","46582","162","45","5","1","1","1","68723226","824473","73015044","25565408","1018052","74224745","43736938","0","4143715","0","0","1210","5248433","0","80462","3498955","0","747071","1312108","0","123102","579120","193579","5530174","2","1","35","1","1","20","0","0","0","0","0","0","0","0","0","0","0","0","0","0","0","0","0","0","0","0","0","0","0","0","0","0","0","0","34964","0","0","34520","0","0","443","0","0","13","0","0","0","0","0","0","707418","0","1140510","0","10770","0","323","0","443862","0","5","0","0","0","0","0","0","0","0","0","0","0","0","0","0","0","0","0","0","0","0","0","0","0","0","0","0","0","0","0","0","0","0","0","0","0","0","0","0","0","0","0","0","0","0","0","0","0","0","0","0","0","0","0","139586","138850","0","736","0","22","0","0","0","0","0","0","0","0","0","0","0","8520","7137","0","0","1383","49632","1564051","106689","0","130966","182","0","401","0","0","0","0","0","0","0","0","0","0","0","0","0","0","0","0","0","0","0","0","0","266771","0","0","0","0","0","0","0","0","35","28083","552518","0","0","0","0","0","0","0","0","0","0","0","0","0","0","0","0","0","9907","2","0","0","0","0","0","0","0","0","0","0","0","0","0","0","0","0","0","0","0","0","0","0","0","0","0","0","0","0","0","0","224285","224285","224285","1","1","1","0","0","0","0","0","0","1190","1190","1190","59165","59165","4","73","1","120","14958","14958","14958","14958","14958","2","2","2","2","2","2251","4073","4073","4073","4","4","4","0","0","0","0","0","0","0","0","0","0","0","0","0","0","0","0","0","0","0","0","0","0","0","0","0","0","0","0","0","0","0","0","0","0","0","0","0","0","0","0","0","0","0","0","0","0","0","0","0","0","0","0","0","0","0","0","0","0","0","0","0","0","0","0","0","0","0","0","0","0","0","0","0","0","0","0","0","0","0","0","0","0","0","0","0","0","0","0","0","0","0","0","0","0","0","0","0","0","0","0","0","0","0","0","0","0","0","0","0","0","0","0","0","0","0","0","0","0","0","0","0","0","0","0","0","0","0","0","0","0","0","0","0","0","0","0","0","0","0","0","0","0","0","0","0","0","0","0","0","0","0","0","0","0","0","0","0","0","0","0","0","0","0","0","0","0","0","0","0","0","0","0","0","0","0","0","0","0","0","0","0","0","0","0","0","0","0","0","0","0","0","0","0","0","0","0","0","0","0","0","0","0","0","0","0","0","0","0","0","0","0","0","0","0","0","0","0","0","0","0","0","0","0","0","0","0","0","0","0","0","0"
"Ярославская область","802993777","114768783","29629963","9511025","734812277","120801033","39095226","14352369","1154534","291677","1454247","152792","192857","457","58403129","2528750","373","55874380","10735167","1676231","8","0","0","0","312031","52163","194060","7824","505750","2621","5","0","0","0","0","0","508371","102","0","0","6764","966","2095","398","0","829970","3201663","4996","812762","2689828","4996","22310","525017","0","4462","105003","0","669","15750","0","5102","9935","0","372","57","12","17","3","0","98006","0","6632148","110841","0","6327566","0","0","362096","0","0","632","0","0","2113","0","0","69674","0","0","10231","12835","0","59036","1","0","17","1","0","3","0","0","0","0","0","0","0","0","0","0","0","0","0","0","0","0","0","0","0","0","0","0","0","0","0","0","88764","0","53839","75157","0","44683","13782","0","9157","414","0","275","177","0","0","1","0","0","21159312","0","15870870","0","5395657","0","161870","0","107215","0","12","0","0","0","0","0","0","0","0","0","0","0","0","0","0","0","0","0","0","0","0","0","0","0","0","0","0","0","0","0","9716029","855434","0","8912096","755234","0","794","0","0","858587","100201","0","3006","0","0","0","145960","17034","0","55447","0","0","3","0","50537","58388","0","0","7851","0","9","0","0","0","0","0","0","0","0","843","0","64094","62315","435994","257751","179522","5161","1207507","582956","0","1531572","0","0","0","0","0","0","0","0","0","0","0","0","1455","0","0","0","0","0","0","0","0","0","0","0","0","0","40191","0","0","15596","2","0","0","117","298185","4239025","0","0","0","2288","2","458","0","0","0","0","0","0","0","0","0","0","0","49514","1","6293","2","0","0","0","0","0","0","0","0","0","0","0","0","0","0","0","2078041","3","277072","0","0","0","0","0","0","0","0","0","0","0","0","0","0","0","0","0","0","0","0","0","0","0","0","0","5316","5316","8","1482","1","102893","9737","9737","9737","9737","9737","7","7","7","7","7","3133","38051","38051","38051","33","33","33","0","0","0","0","0","0","0","0","0","0","0","0","0","0","0","0","0","0","0","0","0","0","0","0","0","0","0","0","0","0","0","0","0","0","0","0","0","0","0","0","0","0","0","0","0","0","0","0","0","0","0","0","0","0","0","0","0","0","0","0","0","0","0","0","0","0","0","0","0","0","0","0","0","0","0","0","0","0","0","0","0","0","0","0","0","0","0","0","0","0","0","0","0","0","0","0","0","0","0","0","0","0","0","0","0","0","0","0","0","0","0","0","0","0","0","0","0","0","0","0","0","0","0","0","0","0","0","0","0","0","0","0","0","0","0","0","0","0","0","0","0","0","0","0","0","0","0","0","0","0","0","0","0","0","0","0","0","0","0","0","0","0","0","0","0","0","0","0","0","0","0","0","0","0","0","0","0","0","0","0","0","0","0","0","0","0","0","0","0","0","0","0","0","0","0","0","0","0","0","0","0","0","0","0","0","0","0","0","0","0","0","0","0","0","0","0","0","0","0","0","0","0","0","0","0","0","0","0","0","0","0"
"Г.Москва","73305208437","12833184009","139815965378","8693930227","68235449202","13947112695","136746215235","8305974366","46068070","20134585","2188685734","1132833213","38704204","395490","6042504516","284391779","9803","5758225134","1797627934","172705041","2820916","262132","1464808","18","27809395","10216538","26254404","1578815","56878355","8714149","93","149080","2533955","52","258816","24","70261295","1038142","0","0","146035","23471","60360","6167","0","99836268","197695651","17693944","91042110","165600513","14572161","9520504","33623910","3189354","1904100","6724782","637871","285614","1008716","95681","773551","1586658","67571","902","863","34","28","66","4","18051017","684167","0","13149976","814544","0","4901041","0","0","147031","0","0","661641","0","0","171536","0","0","0","0","0","0","130378","0","1","1","0","0","1","0","0","22890","1434684","0","12317","1357360","0","0","0","0","10573","77324","0","317","0","1427","3241","0","0","2320","0","0","0","0","0","0","1967279","0","201840","1485492","0","201069","528741","0","771","15862","0","23","46955","0","0","3","0","0","9339575","18907292","7439502","19231628","2082127","0","62464","0","182054","324336","5","1","0","0","0","0","0","0","0","0","0","0","0","0","0","0","0","0","0","0","0","0","0","0","0","0","0","0","0","0","1234577316","171279247","0","1046687793","152157671","0","2429723","113132","0","244580555","22877885","0","686337","0","0","0","41578695","3889240","0","59093163","3868531","0","456","14","119306805","85557385","717301","14977511","4248641","449344","116","266","0","0","0","0","0","0","0","3942524570","3887164088","1241839516","1224670995","59656101","50999712","73629956","110535339","1016820287","382388348","55854324","273222598","233496542","502723","7832581","4085842","58971887","8480083","145865182","0","40129487","542481","0","0","106250536","0","96097647","4604293","0","17381403","0","9214904","0","846265","806478","4856449","75369453","15492682","120040397","2477190","10","193518","7","0","0","1689","46899009","237200894","9034","2","1807","58719","6","11744","12044","12","2409","0","0","11289","5","2258","0","0","0","6146195","10","42243","6","0","0","0","0","0","0","0","0","0","170846","7","17085","1226","2","123","107408692","30","14321159","0","0","0","0","0","0","0","0","694298","3","23665877","23665877","23665877","8","8","8","583035","583035","1","116607","0","0","142617","142617","142617","1282830","1282830","81","985969","72","5689917","528629","528629","528629","528629","528629","123","123","123","123","123","1262897","4709842","4709842","4709842","606","606","606","84","84","84","1","1","0","0","12734","2","556511","556511","556511","556511","556511","556511","556511","556511","556511","556511","0","0","0","0","0","0","0","0","0","0","0","0","0","0","0","0","0","0","0","0","0","0","0","0","0","0","0","0","0","0","0","0","0","420099959","94","373","3","8584162","15","325604","1","12406509","14","0","0","3368641434","1","284017","3","32060","1","116","0","0","0","0","0","0","0","0","0","0","0","0","0","0","0","0","0","0","0","0","0","0","0","0","0","0","0","0","0","0","0","0","0","0","0","0","0","0","0","0","0","0","0","0","0","0","0","0","0","0","0","0","0","0","0","0","0","0","0","0","0","0","0","0","0","0","0","0","0","0","0","0","0","0","0","0","0","0","0","0","0","0","0","0","0","0","0","0","0","0","0","0","0","0","0","0","0","0","0","0","0","0","0","0","0","0","0","0","0","0","0","0","0","0","0","0","0","0","0","0","0","0","0","0","0","0","0","0","0","0","0","0","0","0","0","0","0","0","0","0","0","0","0","0","0","0","0","0","0","0","0","0","0","0","0","0","0","0","0","0"
"Г.Санкт-Петербург","15264136696","6461922494","2832914665","12682706035","14456852847","6637401705","1746508503","12355532991","4632725","834796","733094098","861384913","4181310","98906","1163104956","43141007","3371","1120040261","708911149","33568789","672628","444639","1501350","17","6696955","27729543","4410214","4158875","8628201","13656","3","27544","123948","15","0","0","10739338","155374","0","0","60204","6924","14767","1381","0","9631298","72980925","4252072","8192664","44772200","5261673","1446270","10419847","702578","289254","2083970","140516","43389","312596","21078","9125","241079","15308","1276","438","23","11","30","3","1413786","0","0","1259444","0","0","157779","0","0","1189","0","0","15778","0","0","14589","0","0","3544","0","0","3437","0","0","3","0","0","1","0","0","0","0","26005305","0","0","19499113","0","0","0","0","0","11542479","0","0","0","0","522210","0","0","346274","0","0","5036287","0","0","1","2252368","0","317900","2216945","0","300220","188125","0","17680","5644","0","530","31944","0","0","2","0","0","1010607","8362472","956146","6365455","87809","1997017","2634","59911","33349","0","1","0","0","0","0","0","0","0","0","0","0","0","0","0","0","0","0","0","0","0","0","0","0","0","0","0","0","0","0","0","137441067","48399808","0","117384882","41647919","0","290605","93839","0","22713459","7528737","0","225863","0","0","0","3861288","1279885","0","2926547","870687","0","102","6","4030008","4212751","133509","561892","298777","16857","27","25","108176634","89488606","0","33011185","6602237","14323157","3","108804406","90628123","21039253","23304938","363276","766870","2084146","23137321","251937881","14595737","0","30814713","5183395","0","1345765","3162","0","4109454","2303507","0","286687","0","0","0","55232","0","96269","94839","0","2245969","0","107949","0","3015594","0","0","372553","133485590","2720831","3627110","2","1496207","5","1479408","1","713","49153161","176602347","5508","3","1102","23320","2","4664","0","0","0","0","0","5294","2","1059","0","0","0","13336105","11","714069","3","0","0","0","0","0","0","6651","1","665","100129","3","10013","16","1","2","1282157","4","170954","0","0","0","10114175","1","1348557","0","0","379496","2","9139","9139","9139","1","1","1","443812","443812","1","88762","1776014","1","9964","9964","9964","289596","289596","31","183552","16","921701","215836","215836","215836","215836","215836","42","42","42","42","42","1473404","1182440","1182440","1182440","193","193","193","0","0","0","0","0","0","0","0","0","113715","113715","113715","113715","113715","113715","113715","113715","113715","113715","0","0","0","0","0","0","0","0","0","0","0","0","0","0","0","0","0","0","0","0","0","0","0","0","0","0","0","0","0","0","0","6749065","1","0","0","0","0","11500960","23","0","0","17716586","19","4871327","1","0","0","0","0","0","0","0","0","0","0","0","0","0","0","0","0","0","0","0","0","0","0","0","0","0","0","0","0","0","0","0","0","0","0","0","0","0","0","0","0","0","0","0","0","0","0","0","0","0","0","0","0","0","0","0","0","0","0","0","0","0","0","0","0","0","0","0","0","0","0","0","0","0","0","0","0","0","0","0","0","0","0","0","0","0","0","0","0","0","0","0","0","0","0","0","0","0","0","0","0","0","0","0","0","0","0","0","0","0","0","0","0","0","0","0","0","0","0","0","0","0","0","0","0","0","0","0","0","0","0","0","0","0","0","0","0","0","0","0","0","0","0","0","0","0","0","0","0","0","0","0","0","0","0","0","0","0","0","0","0","0","0","0","0","0","0","0"
"Г.Севастополь","71191677","3381335","3913691","563689","66991990","5634611","1602497","266393","4272","223963","0","0","335","0","6514818","588885","77","5925933","1732017","177778","0","0","0","0","46554","2042","27351","306","117777","0","0","0","0","0","0","0","117777","0","0","0","1493","165","826","85","0","249236","620659","0","212776","481216","0","38957","139443","0","7791","27888","0","1169","4183","0","2497","0","0","81","16","0","1","0","0","0","0","0","0","0","0","0","0","0","0","0","0","0","0","0","0","0","0","0","0","0","0","0","0","0","0","0","0","0","0","0","35064921","0","0","31388644","0","0","15825","0","0","3815737","0","0","28","0","237041","0","0","114444","0","0","155285","0","0","20","0","21368","0","0","14635","0","0","6733","0","0","202","0","0","0","0","0","0","0","0","708","0","708","0","0","0","0","0","0","0","0","0","0","0","0","0","0","0","0","0","0","0","0","0","0","0","0","0","0","0","0","0","0","0","0","0","0","0","0","0","107426","0","0","105409","0","0","0","0","0","2401","0","0","0","0","0","0","408","0","0","384","0","0","1","0","246622","246622","0","0","0","0","0","0","0","0","0","0","0","0","0","2953","0","0","0","0","0","0","0","164995","6453","0","55101","0","0","0","0","0","0","0","0","0","0","0","0","0","0","0","0","0","0","0","0","0","0","0","0","0","0","0","0","0","0","0","0","0","13","2585","182155","0","0","0","0","0","0","0","0","0","0","0","0","0","0","0","0","0","0","0","0","0","0","0","0","0","0","0","0","0","0","0","0","0","0","0","0","0","0","0","0","0","0","0","0","0","0","0","0","0","0","0","0","0","0","0","0","0","0","0","0","0","0","0","0","0","0","0","0","0","0","0","0","0","0","0","0","0","0","0","0","0","0","0","0","0","0","0","0","0","0","0","0","0","0","0","0","0","0","0","0","0","0","0","0","0","0","0","0","0","0","0","0","0","0","0","0","0","0","0","0","0","0","0","0","0","0","0","0","0","0","0","0","0","0","0","0","0","0","0","0","0","0","0","0","0","0","0","0","0","0","0","0","0","0","0","0","0","0","0","0","0","0","0","0","0","0","0","0","0","0","0","0","0","0","0","0","0","0","0","0","0","0","0","0","0","0","0","0","0","0","0","0","0","0","0","0","0","0","0","0","0","0","0","0","0","0","0","0","0","0","0","0","0","0","0","0","0","0","0","0","0","0","0","0","0","0","0","0","0","0","0","0","0","0","0","0","0","0","0","0","0","0","0","0","0","0","0","0","0","0","0","0","0","0","0","0","0","0","0","0","0","0","0","0","0","0","0","0","0","0","0","0","0","0","0","0","0","0","0","0","0","0","0","0","0","0","0","0","0","0","0","0","0","0","0","0","0","0","0","0","0","0","0","0","0","0","0","0","0","0","0","0","0","0","0","0","0","0"
"Еврейская автономная область","8767551","3293870","217793","347194","7347629","3893696","603569","1362420","25","13","0","0","0","0","1034172","337620","13","735762","1615038","20897","0","0","0","0","5175","11622","2202","1743","67524","0","2","0","0","0","0","0","67524","0","0","0","261","81","302","34","0","36794","180856","0","25924","128677","0","10870","52179","0","2174","10436","0","326","1565","0","0","0","0","1","10","0","0","0","0","11122214","793460","0","11198150","408430","0","0","385030","0","0","0","0","0","0","0","0","77006","0","0","11551","0","75936","0","0","1","1","0","1","0","0","0","0","0","0","0","0","0","0","0","0","0","0","0","0","0","0","0","0","0","0","0","0","0","0","0","0","0","0","0","0","0","0","0","0","0","0","0","0","0","0","0","0","0","0","73078","0","49902","0","23176","0","695","0","0","0","0","0","0","0","0","0","0","0","0","0","0","0","0","0","0","0","0","0","0","0","0","0","0","0","0","0","0","0","0","0","0","0","0","0","0","0","0","0","0","0","0","0","0","0","0","0","0","0","0","0","0","0","0","0","9","4289","0","0","4280","0","1","1","0","0","0","0","0","0","0","0","0","0","0","0","0","0","0","0","0","0","0","0","0","0","0","0","0","0","0","275708","0","0","0","0","0","0","0","0","0","0","0","0","0","0","0","0","0","0","0","0","0","0","0","0","3","3954","3171","0","0","0","0","0","0","0","0","0","0","0","0","0","0","0","0","0","0","0","0","0","0","0","0","0","0","0","0","0","0","0","0","0","0","0","0","0","0","0","0","0","0","0","0","0","0","0","0","0","0","0","0","0","0","0","0","0","0","0","0","0","0","0","0","0","0","0","0","0","0","0","0","0","0","0","0","0","0","0","0","0","0","0","0","0","0","0","0","0","0","0","0","0","0","0","0","0","0","0","0","0","0","0","0","0","0","0","0","0","0","0","0","0","0","0","0","0","0","0","0","0","0","0","0","0","0","0","0","0","0","0","0","0","0","0","0","0","0","0","0","0","0","0","0","0","0","0","0","0","0","0","0","0","0","0","0","0","0","0","0","0","0","0","0","0","0","0","0","0","0","0","0","0","0","0","0","0","0","0","0","0","0","0","0","0","0","0","0","0","0","0","0","0","0","0","0","0","0","0","0","0","0","0","0","0","0","0","0","0","0","0","0","0","0","0","0","0","0","0","0","0","0","0","0","0","0","0","0","0","0","0","0","0","0","0","0","0","0","0","0","0","0","0","0","0","0","0","0","0","0","0","0","0","0","0","0","0","0","0","0","0","0","0","0","0","0","0","0","0","0","0","0","0","0","0","0","0","0","0","0","0","0","0","0","0","0","0","0","0","0","0","0","0","0","0","0","0","0","0","0","0","0","0","0","0","0","0","0","0","0","0","0","0","0","0","0","0","0"
"Ханты-Мансийский автономный округ - Югра","4543841775","573309063","788861231","15258732","4016913644","587614541","242645136","37595532","988362","38655","12452897","209044","217273","10","1061467172","5842315","309","1055624942","36850764","31667862","0","3818","16893","4","1786661","90030","1729924","13452","1168463","32801459","23","0","0","0","0","0","33990633","0","0","0","4179","801","1812","439","0","1551772","4060126","0","1433539","3585985","0","146395","489821","0","29279","97964","0","4392","14695","0","41247","19736","0","195","73","0","8","6","0","0","0","0","0","0","0","0","0","0","0","0","0","0","0","0","0","0","0","0","0","0","0","0","0","0","0","0","0","0","0","0","0","0","0","0","0","0","0","0","0","0","0","0","0","0","0","0","0","0","0","0","0","0","0","0","0","141820","0","4883","105085","0","2510","36736","0","2373","1102","0","71","0","0","0","0","0","0","0","1863561","0","2013014","0","0","0","0","0","149453","0","1","0","0","0","0","0","0","0","0","0","0","0","0","0","0","0","0","0","0","0","0","0","0","0","0","0","0","0","0","114332","0","0","112534","0","0","0","0","0","1797","0","0","0","0","0","0","306","0","0","0","0","0","0","0","14944748","13925769","1435610","1435610","1852239","43068","1","9","0","0","0","0","0","0","0","10319703","10218822","1018983","973430","0","0","8252","0","137733409","3602033","0","5950224","211586","0","229","0","0","0","229","0","1498","0","0","0","346","0","125","0","0","0","0","0","0","0","0","0","0","2440389","390","0","0","0","0","0","0","138","6942220","68532331","0","0","0","0","0","0","0","0","0","0","0","0","0","0","0","0","0","6055723","18","16217","1","0","0","0","0","0","0","0","0","0","980344","8","98034","14387","2","1439","53112","5","7082","0","0","0","0","0","0","0","0","142714","1","0","0","0","0","0","0","1410952","1410952","2","282190","0","0","14579","14579","14579","335480","335480","20","227230","8","123410","92385","92385","92385","92385","92385","12","12","12","12","12","277593","533873","533873","533873","53","53","53","0","0","0","0","0","0","0","0","0","44551","44551","44551","44551","44551","44551","44551","44551","44551","44551","0","0","0","0","0","0","0","0","0","0","0","0","0","0","0","0","0","0","0","0","0","0","0","0","0","0","0","0","0","0","0","0","0","0","0","0","0","0","0","0","0","0","0","0","0","0","0","0","0","0","0","0","0","0","0","0","0","0","0","0","0","0","0","0","0","0","0","0","0","0","0","0","0","0","0","0","0","0","0","0","0","0","0","0","0","0","0","0","0","0","0","0","0","0","0","0","0","0","0","0","0","0","0","0","0","0","0","0","0","0","0","0","0","0","0","0","0","0","0","0","0","0","0","0","0","0","0","0","0","0","0","0","0","0","0","0","0","0","0","0","0","0","0","0","0","0","0","0","0","0","0","0","0","0","0","0","0","0","0","0","0","0","0","0","0","0","0","0","0","0","0","0","0","0","0","0","0","0","0","0","0","0","0","0","0","0","0","0","0","0","0","0","0","0","0","0","0","0","0","0","0","0","0","0","0","0","0","0","0","0","0","0"
"Чукотский автономный округ","69938542","23561584","10549602","14168274","41090157","33909648","6395317","12266843","5753","20793","0","0","0","0","33816334","341612","8","33474723","8425840","1004242","0","0","0","0","206893","24923","45029","3738","68322","0","0","0","0","0","0","0","68322","0","0","0","104","72","23","1","0","1743","5058","0","1743","5058","0","0","0","0","0","0","0","0","0","0","0","0","0","1","1","0","0","0","0","0","0","15525885","0","0","8782203","0","0","7826810","0","0","1754","0","0","7613","0","0","1555995","0","0","233051","0","0","1104108","0","0","17","0","0","11","0","855252","0","0","623138","0","0","2078","0","0","231083","0","0","6267","0","20889","0","0","666","0","0","1048","0","0","2","0","0","0","0","0","0","0","0","0","0","0","0","0","0","0","0","0","0","0","0","0","0","0","0","0","0","0","0","0","0","0","0","0","0","0","0","0","0","0","0","0","0","0","0","0","0","0","0","0","0","0","0","0","0","0","0","0","0","1496336","0","0","1354288","0","0","0","0","0","421068","0","0","0","0","0","12632","71582","0","0","279020","0","0","3","0","0","83217","83217","0","0","0","0","0","0","0","0","0","0","0","0","0","0","0","0","0","857972","50060","807912","0","121330","0","0","0","0","0","0","0","0","0","0","0","0","0","0","0","0","0","0","0","0","0","0","0","0","0","0","0","0","0","0","0","0","0","0","0","0","11","23844","1374715","0","0","0","0","0","0","0","0","0","0","0","0","0","0","0","0","0","111679","2","0","0","0","0","0","0","0","0","0","0","0","0","0","0","0","0","0","0","0","0","0","0","0","0","0","0","0","0","0","0","0","0","0","0","0","0","0","0","0","0","0","0","0","0","0","4263","4263","2","0","0","104","140","140","140","140","140","1","1","1","1","1","2965","4050","4050","4050","3","3","3","0","0","0","0","0","0","0","0","0","0","0","0","0","0","0","0","0","0","0","0","0","0","0","0","0","0","0","0","0","0","0","0","0","0","0","0","0","0","0","0","0","0","0","0","0","0","0","0","0","0","0","0","0","0","0","0","0","0","0","0","0","0","0","0","0","0","0","0","0","0","0","0","0","0","0","0","0","0","0","0","0","0","0","0","0","0","0","0","0","0","0","0","0","0","0","0","0","0","0","0","0","0","0","0","0","0","0","0","0","0","0","0","0","0","0","0","0","0","0","0","0","0","0","0","0","0","0","0","0","0","0","0","0","0","0","0","0","0","0","0","0","0","0","0","0","0","0","0","0","0","0","0","0","0","0","0","0","0","0","0","0","0","0","0","0","0","0","0","0","0","0","0","0","0","0","0","0","0","0","0","0","0","0","0","0","0","0","0","0","0","0","0","0","0","0","0","0","0","0","0","0","0","0","0","0","0","0","0","0","0","0","0","0","0","0","0","0","0","0","0","0","0","0","0","0","0","0","0","0","0","0"
"Ямало-Ненецкий автономный округ","2716118235","635511980","145006147","44625295","2358459489","695817145","62808954","164302550","2434545","306598","73281270","7","110","0","369019581","16880865","94","352138716","179675829","10563922","3210","0","67871","1","1379525","26838","2366255","4026","3376173","19928","3","0","0","0","0","0","3463972","0","0","0","924","262","529","135","0","245125","862212","98141","151882","719295","101941","99034","146938","5976","19807","29388","1195","2971","4408","179","5387","5733","9775","104","17","4","10","1","1","0","0","0","0","0","0","0","0","0","0","0","0","0","0","0","0","0","0","0","0","0","0","0","0","0","0","0","0","0","0","0","0","0","0","0","0","0","0","0","0","0","0","0","0","0","0","0","0","0","0","0","0","0","0","0","0","13519","0","11402","9607","0","6160","3912","0","5242","117","0","157","0","0","0","0","0","0","14356","0","11924","0","2432","0","73","0","0","0","0","0","0","427874887","0","0","221022837","0","0","0","0","0","206852050","0","0","35164848","0","0","28505660","0","0","6659188","0","0","0","0","0","0","0","273523","34062","0","197191","34004","0","0","0","0","76332","58","0","0","0","1220","2290","11756","10","0","0","0","0","0","0","0","14162015","11343266","139586","3520552","841389","105617","2","4","0","207379","0","0","0","207379","2","0","674","61805","51329","0","0","10476","0","37960458","13006934","0","20876055","24729498","0","0","0","0","0","24729498","0","0","0","0","0","0","0","0","0","0","0","0","4508000","0","0","0","0","0","0","28122","91202","1","0","0","0","0","72","43204841","82697913","0","0","0","0","0","0","0","0","0","0","0","0","0","0","0","0","0","233454","4","0","0","0","0","0","0","0","0","0","0","0","213954","3","21395","6","1","1","7776039","3","1036805","0","0","0","0","0","0","0","0","0","0","0","0","0","0","0","0","2515348","2515348","3","503070","0","0","7011","7011","7011","500062","500062","19","0","0","104274","90887","90887","90887","90887","90887","9","9","9","9","9","481929","233787","233787","233787","29","29","29","0","0","0","0","0","0","0","0","0","2333","2333","2333","2333","2333","2333","2333","2333","2333","2333","0","0","0","0","0","0","0","0","0","0","0","0","0","0","0","0","0","0","0","0","0","0","0","0","0","0","0","0","0","0","0","0","0","0","0","0","0","134649","1","180768","1","0","0","0","0","0","0","266145","2","0","0","0","0","0","0","0","0","0","0","0","0","0","0","0","0","0","0","0","0","0","0","0","0","0","0","0","0","0","0","0","0","0","0","0","0","0","0","0","0","0","0","0","0","0","0","0","0","0","0","0","0","0","0","0","0","0","0","0","0","0","0","0","0","0","0","0","0","0","0","0","0","0","0","0","0","0","0","0","0","0","0","0","0","0","0","0","0","0","0","0","0","0","0","0","0","0","0","0","0","0","0","0","0","0","0","0","0","0","0","0","0","0","0","0","0","0","0","0","0","0","0","0","0","0","0","0","0","0","0","0","0","0","0","0","0","0","0","0","0","0","0","0","0","0","0","0","0","0","0","0","0","0","0","0","0","0","0","0","0","0","0","0"
