GA;GB;G1;G2;G3;G4;G5;G6;G7;G8;G9;G10;G11;G12;G13;G14;G15;G16;G17;G18;G19;G20;G21;G22;G23;G24;G25;G26;G27;G28;G29;G30;G31;G32;G33;G34;G35;G36;G37;G38;G39;G40;G41;G42;G43;G44;G45;G46;G47;G48;G49;G50;G51;G52;G53;G54;G55;G56;G57;G58;G59;G60;G61;G62;G63;G64;G65;G66;G67;G68;G69;G70;G71;G72;G73;G74;G75;G76;G77;G78;G79;G80;G81;G82;G83;G84;G85;G86;G87;G88;G89;G90;G91;G92;G93;G94;G95;G96;G97;G98;G99;G100;G101;G102;G103;G104;G105;G106;G107;G108;G109;G110;G111;G112;G113;G114;G115;G116;G117;G118;G119;G120;G121;G122;G123;G124;G125;G126;G127;G128;G129;G130;G131;G132;G133;G134;G135;G136;G137;G138;G139;G140;G141;G142;G143;G144;G145;G146;G147;G148;G149;G150;G151;G152;G153;G154;G155;G156;G157;G158;G159;G160;G161;G162;G163;G164;G165;G166;G167;G168;G169;G170;G171;G172;G173;G174;G175;G176;G177;G178;G179;G180;G181;G182;G183;G184;G185;G186;G187;G188;G189;G190;G191;G192;G193;G194;G195;G196;G197;G198;G199;G200;G201;G202;G203;G204;G205;G206;G207;G208;G209;G210;G211;G212;G213;G214;G215;G216;G217;G218;G219;G220;G221;G222;G223;G224;G225;G226;G227;G228;G229;G230;G231;G232;G233;G234;G235;G236;G237;G238;G239;G240;G241;G242;G243;G244;G245;G246;G247;G248;G249;G250;G251;G252;G253;G254;G255;G256;G257;G258;G259;G260;G261;G262;G263;G264;G265;G266;G267;G268;G269;G270;G271;G272;G273;G274;G275;G276;G277;G278;G279;G280;G281;G282;G283;G284;G285;G286;G287;G288;G289;G290;G291;G292;G293;G294;G295;G296;G297;G298;G299;G300;G301;G302;G303;G304;G305;G306;G307;G308;G309;G310;G311;G312;G313;G314;G315;G316;G317;G318;G319;G320;G321;G322;G323;G324;G325;G326;G327;G328;G329;G330;G331;G332;G333;G334;G335;G336;G337;G338;G339;G340;G341;G342;G343;G344;G345;G346;G347;G348;G349;G350;G351;G352;G353;G354;G355;G356;G357;G358;G359;G360;G361;G362;G363;G364;G365;G366;G367;G368;G369;G370;G371;G372;G373;G374;G375;G376;G377;G378;G379;G380;G381;G382;G383;G384;G385;G386;G387;G388;G389;G390;G391;G392;G393;G394;G395;G396;G397;G398;G399;G400;G401;G402;G403;G404;G405;G406;G407;G408;G409;G410;G411;G412;G413;G414;G415;G416;G417;G418;G419;G420;G421;G422;G423;G424;G425;G426;G427;G428;G429;G430;G431;G432;G433;G434;G435;G436;G437;G438
Республика Адыгея;76 232 935;11 744 345;4 992 127;897 791;71 913 751;13 507 760;4 992 963;810 839;29 499;1 890;10;112;76;0;4 347 761;237 420;16;4 110 341;1 495 691;822 013;123 310;0;104 993;15 955;54 039;1 305;8 115;195;47 484;0;0;0;0;0;0;0;215;0;0;0;0;806;101;414;229;0;743 272;16 546;0;690 350;11 407;0;69 124;5 140;0;13 825;1 028;0;2 074;154;0;16 202;0;0;31;7;0;1;0;0;0;0;0;0;0;0;0;0;0;0;0;0;0;0;0;0;0;0;0;0;0;0;0;0;0;0;0;0;0;0;0;0;0;0;0;0;0;0;0;0;0;0;0;0;0;0;0;0;1 337 774;1 336 438;21 334;4 267;640;19 998;7;2;7 307;5 718;42;1 547;0;309;46;1;0;1;0;0;0;0;0;0;0;484 786;232 675;0;0;0;0;0;260 045;159 103;2 014;76 927;22 000;0;0;22 000;0;0;0;0;0;0;0;0;0;0;0;0;0;0;0;0;0;0;0;0;0;22 000;0;115;0;0;0;0;0;0;15;24 189;333 852;0;0;0;0;0;0;0;0;0;0;0;0;0;0;0;0;0;0;0;0;0;0;0;0;0;0;0;0;0;0;0;0;0;0;0;0;0;0;0;0;0;0;0;0;1 789;1;0;0;322;2;41;1;0;0;184;1;2 648;2;0;0;0;0;0;0;0;0;1 353;1;0;0;0;0;0;0;0;0;0;0;2 103 783;357;142 709;2;0;0;0;0;0;0;0;0;0;0;0;0;0;0;0;0;0;0;0;0;0;0;0;0;0;0;0;0;0;0;0;0;0;0;0;0;0;0;0;0;0;0;0;0;0;0;0;0;0;0;0;0;0;0;0;0;0;0;0;0;0;0;0;0;0;0;0;0;0;0;0;0;0;0;0;0;0;0;0;0;0;0;0;0;0;0;0;0;0;0;0;0;0;0;0;0;0;0;0;0;0;0;0;0;0;0;0;0;0;0;0;0;0;0;0;0;0;0;0;0;0;0;0;0;0;0;0;0;0;0;0;0;0;0;0;0;0;0;0;0;0;0;0;0;0;0;0;0;0;0;0;0;0;0;0;0;0;0;0;0;0;0;0;0;0;0
Республика Башкортостан;2 349 451 856;195 131 871;120 892 989;20 173 550;2 187 701 467;213 804 410;81 188 985;23 696 020;684 209;1 075 530;17 249 588;5 037 104;184 857;10 542;184 811 043;6 619 041;370;178 192 002;26 163 906;34 955 540;5 345 491;59 681;4 566 729;685 030;1 320 631;101 748;203 433;15 460;1 323 808;381 803;4;0;0;0;0;0;0;0;0;0;0;16 148;2 662;8 871;2 005;0;7 241 735;39 389;0;6 801 386;35 251;0;537 177;4 138;0;107 435;827;0;16 117;125;0;97 246;0;0;358;27;0;15;0;0;0;0;7 496 453;0;0;7 222 066;0;0;264 409;0;0;13 220;0;0;39 663;0;0;7 933;0;0;36;0;0;24;0;0;1;0;0;0;0;0;0;0;0;0;0;0;0;0;0;0;0;0;0;0;0;0;13 688 275;13 514 874;1 633 944;326 780;49 017;1 460 543;50;14;543 202;511 915;0;31 493;206;0;945;3;2;7;0;0;0;0;0;0;0;5 161 375;5 027 261;6 822 572;6 716 724;0;0;105 693;50 433 597;34 457 516;2 255 848;1 971 216;2 457 917;146 339;0;2 421 582;0;150 294;3 350 408;7 576;0;0;0;0;0;0;0;20 000;0;43 200;0;32 499;0;0;0;0;0;23 581;2 054;0;136 417;4;103;1;0;0;199;2 422 011;9 085 031;154;1;7 726;4;0;0;0;0;0;0;0;0;1 055 967;9;846 298;8;0;0;0;0;0;0;55 428;6;0;0;0;0;0;0;0;0;0;0;0;0;46 155;2;0;0;67 000;1;236 280;20;36 669;16;98 114;29;209 188;70;1 006;4;391;2;470 708;8;435 622;50;15 387;16;107 134;22;10 144;6;16 302;3;327 800;84;0;0;0;0;0;0;0;0;605 870;2;48 544 114;5 517;1 369 986;20;0;0;0;0;0;0;0;0;0;0;0;0;0;0;0;0;0;0;0;0;0;0;0;0;0;0;0;0;0;0;0;0;0;0;0;0;0;0;0;0;0;0;0;0;0;0;0;0;0;0;0;0;0;0;0;0;0;0;0;0;0;0;0;0;0;0;0;0;0;0;0;0;0;0;0;0;0;0;0;0;0;0;0;0;0;0;0;0;0;0;0;0;0;0;0;0;0;0;0;0;0;0;0;0;0;0;0;0;0;0;0;0;0;0;0;0;0;0;0;0;0;0;0;0;0;0;0;0;0;0;0;0;0;0;0;0;0;0;0;0;0;0;0;0;0;0;0;0;0;0;0;0;0;0;0;0;0;0;0;0;0;0;0;0;0;0
Республика Бурятия;156 291 773;14 908 872;6 336 613;5 712 944;134 297 465;18 707 674;7 684 362;5 497 676;12 722;75 233;62 680;0;7 296;17 030;20 589 305;2 861 770;36;17 727 536;3 502 831;3 427 058;531 826;0;912 616;136 882;224 650;6 454;34 228;968;572 354;118 448;2;0;0;0;0;0;0;0;0;0;0;1 774;220;733;336;0;1 590 441;6 695;0;1 517 883;5 331;0;72 668;1 364;0;14 534;273;0;2 180;41;0;110;0;0;104;1;0;1;0;0;0;0;5 018;0;0;4 546;0;0;472;0;0;24;0;0;71;0;0;14;0;0;0;0;0;3;0;0;0;0;0;0;0;0;0;0;0;0;0;0;0;0;0;0;0;0;0;0;0;0;2 100 782;1 613 647;487 251;97 450;14 617;116;6;1;0;0;0;0;0;0;0;0;0;3;0;0;0;0;0;0;0;0;0;45 102;22 602;0;0;22 500;6 602 333;5 433 526;3 489;1 165 318;0;0;0;0;0;0;0;0;0;0;0;0;0;0;0;0;0;0;0;0;0;0;0;0;0;0;0;0;0;0;0;0;0;0;24;373 031;903 914;0;0;0;0;0;0;0;0;0;0;0;0;18 025;1;3 935;1;0;0;0;0;0;0;5 554;1;0;0;21;1;0;0;0;0;0;0;0;0;0;0;0;0;0;0;1 283;1;0;0;1 147;8;37 633;6;0;0;0;0;4 715;1;9 992;6;559;4;19 373;1;0;0;0;0;30 886;7;0;0;0;0;0;0;0;0;0;0;3 755 273;472;3 350 162;6;0;0;0;0;0;0;0;0;0;0;0;0;0;0;0;0;0;0;0;0;0;0;0;0;0;0;0;0;0;0;0;0;0;0;0;0;0;0;0;0;0;0;0;0;0;0;0;0;0;0;0;0;0;0;0;0;0;0;0;0;0;0;0;0;0;0;0;0;0;0;0;0;0;0;0;0;0;0;0;0;0;0;0;0;0;0;0;0;0;0;0;0;0;0;0;0;0;0;0;0;0;0;0;0;0;0;0;0;0;0;0;0;0;0;0;0;0;0;0;0;0;0;0;0;0;0;0;0;0;0;0;0;0;0;0;0;0;0;0;0;0;0;0;0;0;0;0;0;0;0;0;0;0;0;0;0;0;0;0;0;0;0;0;0;0;0
Республика Алтай;89 928 916;2 207 044;11 241 682;222 702;84 489 026;3 011 772;5 892 369;423 127;97 183;1 128;5 133 885;0;14 868;0;5 737 657;151 882;17;5 585 775;1 004 025;1 050 341;167 471;0;129 211;21 779;103 101;3 517;16 075;561;30 376;66 853;52;0;0;0;0;0;0;0;0;0;0;604;67;509;139;0;58 109;0;0;54 313;0;0;7 034;0;0;1 407;0;0;211;0;0;3 239;0;0;3;0;0;1;0;0;0;0;0;0;0;0;0;0;0;0;0;0;0;0;0;0;0;0;0;0;0;0;0;0;0;0;0;0;0;0;0;0;0;0;0;0;0;0;0;0;0;0;0;0;0;0;0;0;53 257;32 493;20 764;4 153;623;0;3;0;0;0;0;0;0;0;0;0;0;5;0;0;0;0;0;0;0;638 383;476 481;263 156;263 153;0;0;23;1 397 053;1 161 771;159 418;75 864;0;0;0;0;0;0;0;0;0;0;0;0;0;0;0;0;0;0;0;0;0;0;0;0;0;0;0;0;0;0;0;0;0;0;9;17;338 031;0;0;0;0;0;0;0;0;0;0;0;0;0;0;0;0;0;0;0;0;0;0;0;0;0;0;0;0;0;0;0;0;0;0;0;0;0;0;0;0;0;0;0;0;0;0;0;0;0;0;0;0;0;0;0;0;163;1;11;1;0;0;0;0;0;0;0;0;0;0;0;0;0;0;0;0;0;0;1 850 201;234;5 737;4;0;0;0;0;0;0;0;0;0;0;0;0;0;0;0;0;0;0;0;0;0;0;0;0;0;0;0;0;0;0;0;0;0;0;0;0;0;0;0;0;0;0;0;0;0;0;0;0;0;0;0;0;0;0;0;0;0;0;0;0;0;0;0;0;0;0;0;0;0;0;0;0;0;0;0;0;0;0;0;0;0;0;0;0;0;0;0;0;0;0;0;0;0;0;0;0;0;0;0;0;0;0;0;0;0;0;0;0;0;0;0;0;0;0;0;0;0;0;0;0;0;0;0;0;0;0;0;0;0;0;0;0;0;0;0;0;0;0;0;0;0;0;0;0;0;0;0;0;0;0;0;0;0;0;0;0;0;0;0;0;0;0;0;0;0;0
Республика Дагестан;95 660 219;19 455 740;3 610 568;583 724;88 890 899;24 268 156;3 010 710;2 733 792;7 111;1 290;1 523;1 462;2 506;0;7 372 260;273 465;26;7 098 795;6 962 654;1 418 834;212 964;0;371 492;55 918;143 381;3 453;21 357;519;54 693;925;2;0;0;0;0;0;0;0;0;0;0;1 393;294;1 175;816;0;1 139 471;0;0;963 574;0;0;175 896;0;0;35 179;0;0;5 277;0;0;0;0;0;55;0;0;0;0;0;0;0;88 642;0;0;86 524;0;0;2 118;0;0;106;0;0;318;0;0;62;0;0;0;0;0;2;0;0;0;0;0;0;0;0;0;0;0;0;0;0;0;0;0;0;0;0;0;0;0;0;468 186;460 350;13 685;2 737;410;5 849;6;1;0;0;0;0;0;0;0;0;0;1;0;0;0;0;0;0;0;0;0;0;0;0;0;0;220 246;159 083;11 405;49 758;0;0;0;0;0;0;0;0;0;0;0;0;0;0;0;0;0;0;0;0;0;0;0;0;0;0;0;0;0;0;0;0;0;0;12;5 713;389 691;0;0;0;0;0;0;0;0;0;0;0;0;0;0;0;0;0;0;0;0;0;0;0;0;0;0;0;0;0;0;0;0;0;0;0;0;0;0;0;0;0;0;0;0;0;0;0;0;0;0;0;0;0;0;0;0;0;0;0;0;0;0;0;0;0;0;0;0;0;0;0;0;0;0;0;0;0;0;2 943 150;470;15 080;2;0;0;0;0;0;0;0;0;0;0;0;0;0;0;0;0;0;0;0;0;0;0;0;0;0;0;0;0;0;0;0;0;0;0;0;0;0;0;0;0;0;0;0;0;0;0;0;0;0;0;0;0;0;0;0;0;0;0;0;0;0;0;0;0;0;0;0;0;0;0;0;0;0;0;0;0;0;0;0;0;0;0;0;0;0;0;0;0;0;0;0;0;0;0;0;0;0;0;0;0;0;0;0;0;0;0;0;0;0;0;0;0;0;0;0;0;0;0;0;0;0;0;0;0;0;0;0;0;0;0;0;0;0;0;0;0;0;0;0;0;0;0;0;0;0;0;0;0;0;0;0;0;0;0;0;0;0;0;0;0;0;0;0;0;0;0
Республика Ингушетия;15 071 471;4 665 503;209 199;209 798;14 148 517;5 857 465;271 087;600 900;553;0;6 150;0;0;0;855 470;8;1;855 462;1 583 063;170 976;25 663;0;44 848;6 740;11 980;128;1 797;19;2;105;2;0;0;0;0;0;0;0;0;0;0;337;17;437;121;0;1 021;0;0;170;0;0;851;0;0;170;0;0;26;0;0;0;0;0;1;0;0;0;0;0;0;0;0;0;0;0;0;0;0;0;0;0;0;0;0;0;0;0;0;0;0;0;0;0;0;0;0;0;0;0;0;0;0;0;0;0;0;0;0;0;0;0;0;0;0;0;0;0;845 530;705 576;139 954;27 991;4 199;0;1;0;0;0;0;0;0;0;0;0;0;1;0;0;0;0;0;0;0;9 329;0;0;0;0;0;0;0;0;0;0;0;0;0;0;0;0;0;0;0;0;0;0;0;0;0;0;0;0;0;0;0;0;0;0;0;0;0;0;0;0;0;0;0;0;3;6;5 513;0;0;0;0;0;0;0;0;0;0;0;0;0;0;0;0;0;0;0;0;0;0;0;0;0;0;0;0;0;0;0;0;0;0;0;0;0;0;0;0;0;0;0;0;0;0;0;0;0;0;0;0;0;0;0;0;0;0;0;0;0;0;0;0;0;0;0;0;0;0;0;0;0;0;0;0;0;0;736 685;39;0;0;0;0;0;0;0;0;0;0;0;0;0;0;0;0;0;0;0;0;0;0;0;0;0;0;0;0;0;0;0;0;0;0;0;0;0;0;0;0;0;0;0;0;0;0;0;0;0;0;0;0;0;0;0;0;0;0;0;0;0;0;0;0;0;0;0;0;0;0;0;0;0;0;0;0;0;0;0;0;0;0;0;0;0;0;0;0;0;0;0;0;0;0;0;0;0;0;0;0;0;0;0;0;0;0;0;0;0;0;0;0;0;0;0;0;0;0;0;0;0;0;0;0;0;0;0;0;0;0;0;0;0;0;0;0;0;0;0;0;0;0;0;0;0;0;0;0;0;0;0;0;0;0;0;0;0;0;0;0;0;0;0;0;0;0;0;0
Кабардино-Балкарская Республика;67 267 294;11 061 772;1 959 008;934 585;65 172 077;12 229 564;1 989 239;1 383 403;8 465;16 839;4;0;6;0;2 073 828;17 201;8;2 056 627;1 599 770;411 326;61 686;14;71 090;11 244;23 216;578;3 305;87;3 440;0;0;0;0;0;0;0;0;0;0;0;0;817;149;940;427;0;720 230;0;0;638 280;0;0;87 767;0;0;17 553;0;0;2 633;0;0;5 869;0;0;54;0;0;7;0;0;0;0;0;0;0;0;0;0;0;0;0;0;0;0;0;0;0;0;0;0;0;0;0;0;0;0;0;0;0;0;0;0;0;0;0;0;0;0;0;0;0;0;0;0;0;0;0;0;906 906;806 062;106 370;21 274;3 190;5 526;15;2;0;0;0;0;0;0;0;0;0;0;0;0;0;0;0;0;0;0;0;0;0;0;0;386;2 000;2 000;0;0;0;0;0;0;0;0;0;0;0;0;0;0;0;0;0;0;0;0;0;0;0;0;0;0;0;0;0;0;0;0;0;0;0;0;7;7 894;62 756;1 020;1;0;0;0;0;0;0;0;0;0;0;0;0;0;0;0;0;0;0;0;0;0;0;0;0;0;0;0;0;0;0;0;0;0;0;0;0;0;0;0;0;0;0;0;0;0;0;17;1;0;0;0;0;0;0;0;0;0;0;0;0;0;0;0;0;165;1;0;0;0;0;0;0;0;0;0;0;1 716 129;343;0;0;0;0;0;0;0;0;0;0;0;0;0;0;0;0;0;0;0;0;0;0;0;0;0;0;0;0;0;0;0;0;0;0;0;0;0;0;0;0;0;0;0;0;0;0;0;0;0;0;0;0;0;0;0;0;0;0;0;0;0;0;0;0;0;0;0;0;0;0;0;0;0;0;0;0;0;0;0;0;0;0;0;0;0;0;0;0;0;0;0;0;0;0;0;0;0;0;0;0;0;0;0;0;0;0;0;0;0;0;0;0;0;0;0;0;0;0;0;0;0;0;0;0;0;0;0;0;0;0;0;0;0;0;0;0;0;0;0;0;0;0;0;0;0;0;0;0;0;0;0;0;0;0;0;0;0;0;0;0;0;0;0;0;0;0;0;0
Республика Калмыкия;11 952 601;2 870 510;491 256;184 589;11 681 474;3 295 131;371 452;193 728;1 293;0;51;39;0;0;392 174;10 091;5;382 083;433 798;76 416;11 462;14;18 092;2 714;16 234;2 508;2 435;376;2 018;0;0;0;0;0;0;0;0;0;0;0;0;319;42;632;240;0;42 183;2 943;0;40 609;2 431;0;1 574;512;0;315;102;0;47;15;0;0;0;0;8;4;0;0;0;0;0;0;0;0;0;0;0;0;0;0;0;0;0;0;0;0;0;0;0;0;0;0;0;0;0;0;0;0;0;0;0;0;0;0;0;0;0;0;0;0;0;0;0;0;0;0;0;0;38 517;33 725;4 792;958;144;0;3;0;8 202;3 925;0;4 277;0;855;128;1;0;0;0;0;0;0;0;0;0;0;0;0;0;0;0;0;22 607;0;0;22 607;0;0;0;0;0;0;0;0;0;0;0;0;0;0;0;0;0;0;0;0;0;0;0;0;0;0;0;0;0;0;0;0;0;0;2;265;2 657;0;0;0;0;0;0;0;0;0;0;0;0;0;0;0;0;0;0;0;0;0;0;0;0;0;0;0;0;0;0;0;0;0;0;0;0;0;0;0;0;0;0;0;0;0;0;0;0;0;0;0;0;0;0;0;0;443;1;0;0;0;0;0;0;0;0;0;0;0;0;0;0;0;0;0;0;0;0;698 159;97;0;0;0;0;0;0;0;0;0;0;0;0;0;0;0;0;0;0;0;0;0;0;0;0;0;0;0;0;0;0;0;0;0;0;0;0;0;0;0;0;0;0;0;0;0;0;0;0;0;0;0;0;0;0;0;0;0;0;0;0;0;0;0;0;0;0;0;0;0;0;0;0;0;0;0;0;0;0;0;0;0;0;0;0;0;0;0;0;0;0;0;0;0;0;0;0;0;0;0;0;0;0;0;0;0;0;0;0;0;0;0;0;0;0;0;0;0;0;0;0;0;0;0;0;0;0;0;0;0;0;0;0;0;0;0;0;0;0;0;0;0;0;0;0;0;0;0;0;0;0;0;0;0;0;0;0;0;0;0;0;0;0;0;0;0;0;0;0
Карачаево-Черкесская Республика;55 750 659;13 731 191;1 551 073;693 495;52 751 667;15 166 153;2 413 887;1 412 625;14 420;20 743;0;163;1;648;2 150 597;26 421;13;2 124 176;2 134 158;423 562;63 726;11;67 397;10 110;9 882;25 114;1 490;3 767;5 284;0;3;0;294;1;0;0;0;0;0;0;0;526;88;734;200;0;57 814;3 412;0;54 012;2 677;0;3 812;735;0;762;147;0;114;22;0;10;0;0;16;1;0;1;0;0;0;0;0;0;0;0;0;0;0;0;0;0;0;0;0;0;0;0;0;0;0;0;0;0;0;0;0;0;0;0;0;0;0;0;0;0;0;0;0;0;0;0;0;0;0;0;0;0;1 189 648;903 790;285 858;57 172;8 576;0;9;0;62 995;52 727;0;10 268;0;834;308;2;0;0;0;0;0;0;0;0;0;0;0;0;0;0;0;0;0;0;0;0;0;0;0;0;0;0;0;0;0;0;0;0;0;0;0;0;0;0;0;0;0;0;0;0;0;0;0;0;0;0;0;0;0;0;4;3 934;185 223;1 663;2;0;1;0;0;0;0;0;0;0;0;0;0;0;0;0;0;0;0;0;0;0;0;0;0;0;0;0;0;0;0;0;0;0;0;0;0;0;0;0;0;9 907;2;24 284;2;39;1;1 131;3;0;0;0;0;0;0;203;1;0;0;0;0;0;0;0;0;2 160;2;0;0;0;0;0;0;0;0;0;0;2 026 419;219;0;0;0;0;0;0;0;0;0;0;0;0;0;0;0;0;0;0;0;0;0;0;0;0;0;0;0;0;0;0;0;0;0;0;0;0;0;0;0;0;0;0;0;0;0;0;0;0;0;0;0;0;0;0;0;0;0;0;0;0;0;0;0;0;0;0;0;0;0;0;0;0;0;0;0;0;0;0;0;0;0;0;0;0;0;0;0;0;0;0;0;0;0;0;0;0;0;0;0;0;0;0;0;0;0;0;0;0;0;0;0;0;0;0;0;0;0;0;0;0;0;0;0;0;0;0;0;0;0;0;0;0;0;0;0;0;0;0;0;0;0;0;0;0;0;0;0;0;0;0;0;0;0;0;0;0;0;0;0;0;0;0;0;0;0;0;0;0
Республика Карелия;140 503 312;31 133 587;9 728 222;3 276 990;124 506 706;36 680 972;8 378 625;3 786 970;38 715;346 094;620;3 461;6 845;15 998;17 377 455;1 143 599;132;16 233 856;5 728 929;3 158 138;486 883;24;387 711;62 647;107 589;12 238;16 958;1 835;228 720;88 500;8;0;0;0;0;0;0;0;0;0;0;1 785;638;648;393;0;986 494;4 220;0;937 151;2 710;0;56 662;1 510;0;11 332;302;0;1 699;45;0;8 771;0;0;59;2;0;4;0;0;4 527 268;0;768 761;3 480 954;0;949 735;0;0;52 954;0;0;2 648;0;0;7 943;0;0;1 589;0;0;233 927;1;0;3;0;0;2;0;0;0;0;0;0;0;0;0;0;0;0;0;0;0;0;0;0;0;0;0;2 160 959;1 945 183;352 487;70 497;10 575;136 711;20;9;44 747;40 765;2 171;1 811;0;362;54;2;0;2;0;0;0;0;0;0;0;244 177;237 858;66 497;67 422;0;0;0;1 522 877;1 162 551;4 564;306 739;45 000;0;0;45 000;0;0;0;0;0;0;0;0;0;0;0;0;0;0;0;0;0;0;0;0;0;65 936;0;2 142;12 902;1;0;0;0;0;44;73 896;407 763;2 090;1;0;0;67;1;0;0;0;0;0;0;73 889;1;0;0;0;0;0;0;0;0;0;0;0;0;0;0;0;0;0;0;0;0;0;0;1 817;1;0;0;0;0;714;2;3 089;2;5 483;10;13 891;16;0;0;0;0;0;0;7 985;4;0;0;122;1;14;1;694;1;14 991;22;0;0;0;0;0;0;0;0;0;0;5 972 530;969;78 638;8;0;0;0;0;0;0;0;0;0;0;189 859;1;0;0;0;0;0;0;0;0;0;0;0;0;0;0;0;0;0;0;0;0;0;0;0;0;0;0;0;0;0;0;0;0;0;0;0;0;0;0;0;0;0;0;0;0;0;0;0;0;0;0;0;0;0;0;0;0;0;0;0;0;0;0;0;0;0;0;0;0;0;0;0;0;0;0;0;0;0;0;0;0;0;0;0;0;0;0;0;0;0;0;0;0;0;0;0;0;0;0;0;0;0;0;0;0;0;0;0;0;0;0;0;0;0;0;0;0;0;0;0;0;0;0;0;0;0;0;0;0;0;0;0;0;0;0;0;0;0;0;0;0;0;0;0;0;0;0;0;0;0;0;0;0;0;0
Республика Коми;278 618 504;28 853 736;21 978 281;5 510 182;244 596 159;31 085 625;20 686 430;7 232 975;58 053;48 940;635 929;45 430;927;3 324;34 735 419;1 647 900;102;33 087 519;3 954 493;6 617 503;992 626;0;543 466;81 514;314 310;53 279;47 139;7 991;329 579;0;0;0;0;0;0;0;0;0;0;0;0;1 726;453;1 104;376;0;1 650 166;227 683;0;1 548 321;190 701;0;113 993;36 982;0;22 799;7 397;0;3 420;1 110;0;12 158;0;0;158;19;0;7;0;0;0;0;14 037;0;0;16 533;0;0;0;0;0;0;0;0;0;0;0;0;0;0;2 496;0;0;2;0;0;1;0;0;0;0;0;0;0;0;0;0;0;0;0;0;0;0;0;0;0;0;0;6;7;0;0;0;1;2;1;2 701 572;3 246 175;6 297;9 582;560 481;1 917;287;10;4;7;0;0;0;0;0;0;0;124 355;130 177;19 685;17 138;0;0;2 547;21 920 482;2 226 056;113 761;451 590;203 256;591 603;0;0;521 735;273 120;0;521 735;273 085;0;0;0;0;0;0;0;0;0;0;0;0;0;0;0;0;18 330 725;0;0;0;0;0;0;0;0;45;85 119;1 436 964;0;0;811;1;0;0;0;0;0;0;0;0;71 053;4;606;1;0;0;0;0;0;0;0;0;0;0;0;0;0;0;0;0;0;0;695;1;50;1;0;0;0;0;9 170;6;16 108;5;183;2;20 796;21;0;0;75;1;13 339;4;57 530;13;2 885;6;5 312;6;5;1;277;2;28 736;27;0;0;0;0;0;0;0;0;0;0;9 517 256;873;435 495;5;0;0;0;0;0;0;0;0;0;0;0;0;0;0;0;0;0;0;0;0;0;0;0;0;0;0;0;0;0;0;0;0;0;0;0;0;0;0;0;0;0;0;0;0;0;0;0;0;0;0;0;0;0;0;0;0;0;0;0;0;0;0;0;0;0;0;0;0;0;0;0;0;0;0;0;0;0;0;0;0;0;0;0;0;0;0;0;0;0;0;0;0;0;0;0;0;0;0;0;0;0;0;0;0;0;0;0;0;0;0;0;0;0;0;0;0;0;0;0;0;0;0;0;0;0;0;0;0;0;0;0;0;0;0;0;0;0;0;0;0;0;0;0;0;0;0;0;0;0;0;0;0;0;0;0;0;0;0;0;0;0;0;0;0;0;0
Республика Марий-Эл;217 045 072;28 897 239;7 273 684;4 084 552;205 885 993;32 247 691;7 657 180;4 472 062;98 890;13 452;15 758;452;45 472;451;10 813 470;110 243;66;10 703 228;3 725 413;2 119 186;321 095;0;680 640;103 666;114 419;13 332;17 130;2 000;22 048;21 460;4;0;0;0;0;0;0;0;0;0;0;2 269;195;992;187;0;1 165 431;195 449;0;1 099 808;165 587;0;65 622;28 395;0;13 124;5 679;0;1 969;852;0;0;0;0;141;37;0;0;0;0;0;0;0;0;0;0;0;0;0;0;0;0;0;0;0;0;0;0;0;0;0;0;0;0;0;0;0;0;0;0;0;0;0;0;0;0;0;0;0;0;0;0;0;0;0;0;0;0;6 548 792;6 070 493;614 840;122 968;18 445;136 541;10;3;0;0;0;0;0;0;0;0;0;0;0;0;0;0;0;0;0;24 554;24 628;706 601;706 417;0;0;184;408 641;287 462;17 709;87 459;184;2 200;0;0;0;25;0;0;0;0;0;0;0;0;0;0;0;0;0;0;0;0;0;0;0;0;0;0;0;0;0;0;0;0;24;37 474;234 875;943;2;871;1;0;0;0;0;0;0;0;0;0;0;0;0;0;0;0;0;0;0;0;0;0;0;0;0;0;0;0;0;0;0;0;0;11;1;0;0;0;0;73;1;0;0;6 010;3;9 239;5;0;0;0;0;0;0;5 683;2;0;0;540;1;72 279;2;0;0;9 386;8;0;0;0;0;0;0;0;0;0;0;3 763 811;818;51 927;3;0;0;0;0;0;0;0;0;0;0;0;0;0;0;0;0;0;0;0;0;0;0;0;0;0;0;0;0;0;0;0;0;0;0;0;0;0;0;0;0;0;0;0;0;0;0;0;0;0;0;0;0;0;0;0;0;0;0;0;0;0;0;0;0;0;0;0;0;0;0;0;0;0;0;0;0;0;0;0;0;0;0;0;0;0;0;0;0;0;0;0;0;0;0;0;0;0;0;0;0;0;0;0;0;0;0;0;0;0;0;0;0;0;0;0;0;0;0;0;0;0;0;0;0;0;0;0;0;0;0;0;0;0;0;0;0;0;0;0;0;0;0;0;0;0;0;0;0;0;0;0;0;0;0;0;0;0;0;0;0;0;0;0;0;0;0
Республика Мордовия;241 911 938;26 976 024;10 610 534;2 321 253;227 175 716;29 620 496;13 662 139;2 929 410;45 919;17 918;126 029;752;23 536;21;11 596 346;2 496 883;89;9 099 463;3 235 483;1 800 186;272 928;0;413 923;62 712;200 945;2 307;30 340;345;499 377;19 386;5;0;0;0;0;0;0;0;0;0;0;2 110;266;1 081;263;0;435 273;31 218;0;403 741;23 852;0;31 532;7 366;0;6 305;1 473;0;946;220;0;0;0;0;39;16;0;0;0;0;0;0;468 515;0;0;443 432;0;0;48 099;0;0;2 405;0;0;7 215;0;0;764;0;0;23 016;0;0;8;0;0;5;0;0;0;0;0;0;0;0;0;0;0;0;0;0;0;0;0;0;0;0;0;18 341 445;14 876 483;3 580 303;715 286;107 293;115 341;47;5;0;0;0;0;0;0;0;0;0;1;0;0;0;0;0;0;0;10 930;12;326 611;315 265;0;0;11 347;1 478 304;1 239 366;50 187;169 657;4 882;0;0;0;0;0;0;0;4 880;0;0;0;0;0;0;0;0;0;0;0;0;0;0;0;0;0;0;0;0;0;0;0;0;0;46;38 770;750 007;0;0;0;0;0;0;0;0;0;0;0;0;92 598;2;0;0;0;0;0;0;0;0;0;0;0;0;741;1;0;0;0;0;0;0;0;0;36;1;0;0;0;0;4 053;2;1 435;1;3 173;3;4 083;8;0;0;1 344;1;482;2;3 802;2;42;2;5 991;2;59;1;0;0;15 705;8;0;0;0;0;0;0;0;0;183;1;8 000 876;910;70 760;6;0;0;0;0;0;0;0;0;0;0;0;0;0;0;0;0;0;0;0;0;0;0;0;0;0;0;0;0;0;0;0;0;0;0;0;0;0;0;0;0;0;0;0;0;0;0;0;0;0;0;0;0;0;0;0;0;0;0;0;0;0;0;0;0;0;0;0;0;0;0;0;0;0;0;0;0;0;0;0;0;0;0;0;0;0;0;0;0;0;0;0;0;0;0;0;0;0;0;0;0;0;0;0;0;0;0;0;0;0;0;0;0;0;0;0;0;0;0;0;0;0;0;0;0;0;0;0;0;0;0;0;0;0;0;0;0;0;0;0;0;0;0;0;0;0;0;0;0;0;0;0;0;0;0;0;0;0;0;0;0;0;0;0;0;0;0
Республика Саха (Якутия);497 506 653;98 046 994;69 235 026;40 632 237;356 269 146;130 680 160;47 183 458;19 951 154;429 169;102 898;17 628 614;5 156 235;320 808;1 669;145 831 019;1 042 492;59;144 788 527;16 925 334;27 183 503;4 341 004;2 685;3 798 382;601 417;591 402;50 108;88 814;7 492;208 498;1 771 310;5;0;0;0;0;0;0;0;0;0;0;1 907;654;2 014;245;0;791 423;108 289;0;770 319;101 228;0;48 289;10 830;0;9 658;2 166;0;1 448;325;0;27 317;3 768;0;70;3;0;5;1;0;18 575 041;33 065 563;39 833 150;18 763 094;19 664 322;32 625 821;1 194 707;13 401 241;7 234 797;0;0;0;238 941;2 680 248;1 446 647;35 842;402 037;216 731;1 382 761;0;27 468;6;4;16;1;0;3;0;0;0;0;0;0;0;0;0;0;0;0;0;0;0;0;0;0;0;0;0;351 195;323 879;34 949;6 990;1 049;7 633;6;1;785 020;692 347;0;92 673;0;18 510;2 777;19;0;1;0;0;0;0;0;0;0;2 686 564;2 731 009;4 309 710;4 115 101;0;0;167 810;87 416 972;36 457 750;70 014;659 645;20 389 835;44 121;0;12 215 316;8 170 780;9 889;0;0;0;0;0;0;0;8 170 780;0;0;0;0;0;0;0;0;0;0;0;12 215 316;0;0;0;0;6 478;1;0;0;47;1 586 141;8 713 561;0;0;0;0;20 146;2;0;0;0;0;0;0;158 940;2;51 141;1;0;0;0;0;0;0;197 920;1;0;0;0;0;0;0;0;0;0;0;0;0;0;0;0;0;0;0;31 989;5;1 717;2;13 307;8;201 394;20;0;0;0;0;1 153 979;2;19 733;9;4 542;8;30 949;4;35 787;4;727;2;139 912;22;0;0;0;0;0;0;0;0;0;0;34 172 055;886;1 676 574;10;0;0;0;0;0;0;0;0;0;0;0;0;0;0;0;0;0;0;0;0;0;0;0;0;0;0;0;0;0;0;0;0;0;0;0;0;0;0;0;0;0;0;0;0;0;0;0;0;0;0;0;0;0;0;0;0;0;0;0;0;0;0;0;0;0;0;0;0;0;0;0;0;0;0;0;0;0;0;0;0;0;0;0;0;0;0;0;0;0;0;0;0;0;0;0;0;0;0;0;0;0;0;0;0;0;0;0;0;0;0;0;0;0;0;0;0;0;0;0;0;0;0;0;0;0;0;0;0;0;0;0;0;0;0;0;0;0;0;0;0;0;0;0;0;0;0;0;0;0;0;0;0;0;0;0;0;0;0;0;0;0;0;0;0;0;0
Республика Северная Осетия-Алания;43 290 290;12 006 323;1 786 228;374 269;40 997 314;13 258 132;1 653 641;931 092;5 361;571;17;57;0;0;2 430 907;75 528;15;2 355 380;1 808 117;471 049;70 661;92;92 486;13 875;36 764;1 451;5 515;218;15 105;25;1;0;0;0;0;0;0;0;0;0;0;779;154;711;376;0;673 990;0;0;493 587;0;0;180 403;0;0;36 081;0;0;5 413;0;0;0;0;0;7;0;0;0;0;0;0;0;0;0;0;0;0;0;0;0;0;0;0;0;0;0;0;0;0;0;0;0;0;0;0;0;0;0;0;0;0;0;0;0;0;0;0;0;0;0;0;0;0;0;0;0;0;0;469 438;456 236;24 931;4 987;748;11 730;6;2;0;0;0;0;0;0;0;0;0;2;0;0;0;0;0;0;0;562;0;1 742;0;0;0;0;127 028;33 264;416;91 025;0;0;0;0;0;0;0;0;0;0;0;0;0;0;0;0;0;0;0;0;0;0;0;0;0;0;0;0;0;0;0;0;0;0;5;245;13 928;0;0;0;0;0;0;0;0;0;0;0;0;0;0;0;0;0;0;0;0;0;0;0;0;0;0;0;0;0;0;0;0;0;0;0;0;0;0;0;0;0;0;0;0;0;0;0;0;0;0;0;0;0;0;0;0;0;0;0;0;0;0;0;0;0;0;0;0;0;0;0;0;0;0;0;0;0;0;1 192 947;311;0;0;0;0;0;0;0;0;0;0;0;0;0;0;0;0;0;0;0;0;0;0;0;0;0;0;0;0;0;0;0;0;0;0;0;0;0;0;0;0;0;0;0;0;0;0;0;0;0;0;0;0;0;0;0;0;0;0;0;0;0;0;0;0;0;0;0;0;0;0;0;0;0;0;0;0;0;0;0;0;0;0;0;0;0;0;0;0;0;0;0;0;0;0;0;0;0;0;0;0;0;0;0;0;0;0;0;0;0;0;0;0;0;0;0;0;0;0;0;0;0;0;0;0;0;0;0;0;0;0;0;0;0;0;0;0;0;0;0;0;0;0;0;0;0;0;0;0;0;0;0;0;0;0;0;0;0;0;0;0;0;0;0;0;0;0;0;0
Республика Татарстан;3 683 780 195;787 252 314;340 645 052;307 673 070;3 320 375 885;863 990 147;197 330 879;252 658 534;3 891 298;4 793 677;90 918 607;45 454 410;174 044;3 357;419 544 164;16 186 624;443;403 357 541;62 218 984;79 254 453;12 019 507;776;9 192 160;1 393 555;3 274 211;334 774;501 847;50 257;3 237 325;56 257;4;80 678;1 279 580;44;0;0;153;0;0;0;0;26 286;2 765;13 170;2 579;0;7 596 892;49 262;0;7 066 288;37 934;0;612 449;11 328;0;122 490;2 266;0;18 373;340;0;81 844;0;0;225;11;0;10;0;0;0;0;25 624 103;0;0;24 598 218;0;0;1 304 945;0;0;65 248;0;0;195 741;0;0;39 148;0;0;332 064;0;0;52;0;0;23;0;0;0;0;0;0;0;0;0;0;0;0;0;0;0;0;0;0;0;0;0;59 247 578;53 734 623;6 396 954;1 279 390;191 910;883 999;187;19;3 571 958;4 685 316;0;351 238;1 464 598;70 248;10 537;19;5;15;0;0;0;0;0;0;0;19 471 429;19 235 701;21 356 357;20 340 450;1 370;1 370;196 611;94 009 917;29 981 958;15 053 416;10 173 281;8 221 896;75 613;4 358 000;388 212;1 446 128;68 295;204 949;882 562;20 456;0;1 838 328;0;0;0;0;24 000;0;2 147;8 625;44 737;429 791;0;0;0;0;70 163;111 224;455 246;4 736;2;72 180;4;0;0;358;4 056 984;27 508 221;27 034;2;1 916;2;5;3;0;0;0;0;0;0;102 836;15;12 872;3;0;0;987 167;2;0;0;60 398;1;0;0;3 393 195;11;0;0;0;0;0;0;0;0;22 258;7;0;0;0;0;117 927;20;21 073;19;351 128;35;205 239;97;2 834 078;6;124 006;26;209 749;66;770 871;116;19 010;42;29 686;15;26 440;10;17 121;14;202 215;144;0;0;0;0;1 065;1;4 554;1;2 908;3;116 418 395;9 107;6 085 747;47;0;0;0;0;0;0;0;0;0;0;0;0;0;0;367 472;2;0;0;0;0;0;0;0;0;0;0;0;0;0;0;0;0;0;0;0;0;0;0;0;0;0;0;0;0;0;0;0;0;0;0;0;0;0;0;0;0;0;0;0;0;0;0;0;0;0;0;0;0;0;0;0;0;0;0;0;0;0;0;0;0;0;0;0;0;0;0;0;0;0;0;0;0;0;0;0;0;0;0;0;0;0;0;0;0;0;0;0;0;0;0;0;0;0;0;0;0;0;0;0;0;0;0;0;0;0;0;0;0;0;0;0;0;0;0;0;0;0;0;0;0;0;0;0;0;0;0;0;0;0;0;0;0;0;0;0;0;0;0;0;0;0;0;0;0;0;0
Республика Тыва;9 309 605;7 741 110;3 761 479;951 881;8 957 927;8 220 954;3 021 022;1 242 861;788;2 784;61 200;0;0;0;1 031 723;35 581;3;996 142;768 039;199 228;29 884;0;31 303;4 696;4 237;424;996;64;7 116;0;0;0;0;0;0;0;0;0;0;0;0;151;46;71;49;0;164 337;0;0;164 337;0;0;0;0;0;0;0;0;0;0;0;0;0;0;39;0;0;0;0;0;14 158 130;6 371 945;0;10 261 336;4 665 653;0;3 200 718;1 716 840;0;0;0;0;640 144;343 368;0;96 022;51 505;0;0;0;0;1;1;0;0;0;0;0;0;0;0;0;0;0;0;0;0;0;0;0;0;0;0;0;0;0;0;0;0;0;0;0;0;0;0;0;0;0;0;0;0;0;0;0;0;0;0;0;0;0;0;0;0;0;0;534;534;0;0;0;87 014;84 624;1 585;805;0;0;0;0;0;0;0;0;0;0;0;0;0;0;0;0;0;0;0;0;0;0;0;0;0;31 387;334 745;0;0;0;0;0;0;0;5;14 592;52 372;0;0;0;0;0;0;0;0;0;0;0;0;0;0;0;0;0;0;0;0;0;0;0;0;0;0;0;0;0;0;0;0;0;0;0;0;0;0;0;0;0;0;624;1;0;0;125;1;692;1;0;0;0;0;968;1;138;1;0;0;0;0;0;0;0;0;1 873;1;0;0;0;0;0;0;0;0;0;0;1 313 345;63;678;3;0;0;0;0;0;0;0;0;0;0;0;0;0;0;0;0;0;0;0;0;0;0;0;0;0;0;0;0;0;0;0;0;0;0;0;0;0;0;0;0;0;0;0;0;0;0;0;0;0;0;0;0;0;0;0;0;0;0;0;0;0;0;0;0;0;0;0;0;0;0;0;0;0;0;0;0;0;0;0;0;0;0;0;0;0;0;0;0;0;0;0;0;0;0;0;0;0;0;0;0;0;0;0;0;0;0;0;0;0;0;0;0;0;0;0;0;0;0;0;0;0;0;0;0;0;0;0;0;0;0;0;0;0;0;0;0;0;0;0;0;0;0;0;0;0;0;0;0;0;0;0;0;0;0;0;0;0;0;0;0;0;0;0;0;0;0
Удмуртская Республика;766 533 311;91 047 938;144 919 790;4 581 063;701 081 174;96 180 697;136 554 094;7 473 086;669 063;59 939;2 345 334;1 320 200;98 551;261;72 928 796;2 233 588;195;70 695 208;9 283 472;14 118 976;2 120 536;11 854;1 691 139;253 953;655 916;25 586;97 816;3 827;446 718;18 194;5;0;0;0;0;0;0;0;0;0;0;8 046;1 002;3 322;1 184;0;2 617 144;29 695;0;2 361 442;25 785;0;259 189;3 524;0;51 838;705;0;7 776;106;0;4 068;0;0;191;13;0;6;0;0;0;0;113 500;0;0;116 669;0;0;2 943;0;0;147;0;0;441;0;0;88;0;0;6 417;0;0;9;0;0;4;0;0;0;0;0;0;0;0;0;0;0;0;0;0;0;0;0;0;0;0;0;14 692 560;13 637 788;1 240 612;248 123;37 219;185 840;44;8;0;0;0;0;0;0;0;0;0;5;0;0;0;0;0;0;0;37 467 662;36 740 824;2 191 482;2 169 042;0;0;15 448;5 843 705;3 811 574;494 606;1 479 285;34 001;1 716;0;0;31 850;3 657;0;0;2 111;0;0;0;0;0;0;0;0;0;0;0;0;0;0;13;0;87 686;31 850;8 718;0;0;45 063;5;0;0;122;369 080;3 079 266;496;1;85;1;0;0;0;0;0;0;0;0;15 730;7;0;0;0;0;0;0;0;0;26 860;4;0;0;241;1;0;0;0;0;0;0;409 566;2;15 599;7;0;0;0;0;11 534;9;1 587;1;17 230;15;79 089;43;0;0;0;0;97 975;12;123 607;30;5 186;19;21 178;16;14 221;5;2 109;2;63 019;56;0;0;0;0;0;0;0;1;115;1;16 733 131;2 651;231 376;18;0;0;0;0;0;0;0;0;0;0;0;0;0;0;0;0;0;0;0;0;0;0;0;0;0;0;0;0;0;0;0;0;0;0;0;0;0;0;0;0;0;0;0;0;0;0;0;0;0;0;0;0;0;0;0;0;0;0;0;0;0;0;0;0;0;0;0;0;0;0;0;0;0;0;0;0;0;0;0;0;0;0;0;0;0;0;0;0;0;0;0;0;0;0;0;0;0;0;0;0;0;0;0;0;0;0;0;0;0;0;0;0;0;0;0;0;0;0;0;0;0;0;0;0;0;0;0;0;0;0;0;0;0;0;0;0;0;0;0;0;0;0;0;0;0;0;0;0;0;0;0;0;0;0;0;0;0;0;0;0;0;0;0;0;0;0
Республика Хакасия;143 946 710;11 031 862;11 821 496;1 080 641;136 051 206;12 117 694;9 273 554;977 909;56 962;36 156;806 386;0;493;0;9 711 085;198 383;40;9 512 702;946 944;1 902 140;285 322;0;210 370;31 539;137 433;7 304;20 615;1 096;39 677;13;1;0;0;0;0;0;0;0;0;0;0;1 133;177;850;76;0;846 675;1 235;0;812 498;1 235;0;36 635;0;0;7 327;0;0;1 099;0;0;2 458;0;0;118;2;0;2;0;0;0;11 947 393;3 004;0;11 369 276;3 026;0;578 117;19;0;98 280;0;0;17 344;4;0;17 344;1;0;0;41;0;1;2;0;0;1;0;0;0;0;0;0;0;0;0;0;0;0;0;0;0;0;0;0;0;0;0;163 136;175 043;243;48;7;12 150;5;2;0;0;0;0;0;0;0;0;0;0;0;0;0;0;0;0;0;24;0;1 462 552;1 445 000;0;0;17 552;8 504 670;8 342 511;11 725;5 433;145 000;0;0;0;0;0;145 000;0;0;0;0;0;0;0;0;0;0;0;0;0;0;0;0;0;0;0;0;0;0;0;0;0;0;0;28;33 485;1 161 540;0;0;0;0;0;0;0;0;0;0;0;0;501 583;1;2 321;1;0;0;0;0;0;0;79 164;2;0;0;0;0;0;0;0;0;0;0;0;0;0;0;0;0;0;0;9 696;9;51 331;1;1 640;8;12 070;9;162;1;0;0;630;1;12 767;7;769;6;15 776;1;5 354;1;0;0;14 686;9;0;0;0;0;0;0;0;0;0;0;4 506 589;425;0;0;0;0;0;0;0;0;0;0;0;0;0;0;0;0;0;0;0;0;0;0;0;0;0;0;0;0;0;0;0;0;0;0;0;0;0;0;0;0;0;0;0;0;0;0;0;0;0;0;0;0;0;0;0;0;0;0;0;0;0;0;0;0;0;0;0;0;0;0;0;0;0;0;0;0;0;0;0;0;0;0;0;0;0;0;0;0;0;0;0;0;0;0;0;0;0;0;0;0;0;0;0;0;0;0;0;0;0;0;0;0;0;0;0;0;0;0;0;0;0;0;0;0;0;0;0;0;0;0;0;0;0;0;0;0;0;0;0;0;0;0;0;0;0;0;0;0;0;0;0;0;0;0;0;0;0;0;0;0;0;0;0;0;0;0;0;0
Чеченская Республика;96 555 330;8 750 465;1 625 865;1 513 922;95 065 356;11 343 621;1 137 257;2 019 665;7 116;91;34;0;11 414;0;1 974 250;56 086;5;1 918 164;3 098 808;374 024;57 466;317;143 815;22 129;26 244;168;3 962;23;11 217;9 378;11;0;0;0;0;0;0;0;0;0;0;948;103;907;597;0;652 293;0;0;643 919;0;0;145 708;0;0;29 141;0;0;4 371;0;0;137 335;0;0;9;0;0;1;0;0;0;0;0;0;0;0;0;0;0;0;0;0;0;0;0;0;0;0;0;0;0;0;0;0;0;0;0;0;0;0;0;0;0;0;0;0;0;0;0;0;0;0;0;0;0;0;0;0;1 430 564;1 290 966;139 598;27 919;4 188;0;11;0;54 893;54 939;0;193;239;0;0;2;1;0;0;0;0;0;0;0;0;0;0;0;0;0;0;0;15 291;992;0;14 299;0;0;0;0;0;0;0;0;0;0;0;0;0;0;0;0;0;0;0;0;0;0;0;0;0;0;0;0;0;0;0;0;0;0;1;1 424;0;0;0;0;0;275;1;0;0;0;0;0;0;0;0;0;0;0;0;0;0;0;0;0;0;0;0;0;0;0;0;0;0;0;0;0;0;0;0;0;0;0;0;0;0;0;0;0;0;0;0;0;0;0;0;0;0;0;0;0;0;0;0;0;0;0;0;0;0;0;0;0;0;0;0;0;0;0;0;2 689 330;150;12 996;1;0;0;0;0;0;0;0;0;0;0;0;0;0;0;0;0;0;0;0;0;0;0;0;0;0;0;0;0;0;0;0;0;0;0;0;0;0;0;0;0;0;0;0;0;0;0;0;0;0;0;0;0;0;0;0;0;0;0;0;0;0;0;0;0;0;0;0;0;0;0;0;0;0;0;0;0;0;0;0;0;0;0;0;0;0;0;0;0;0;0;0;0;0;0;0;0;0;0;0;0;0;0;0;0;0;0;0;0;0;0;0;0;0;0;0;0;0;0;0;0;0;0;0;0;0;0;0;0;0;0;0;0;0;0;0;0;0;0;0;0;0;0;0;0;0;0;0;0;0;0;0;0;0;0;0;0;0;0;0;0;0;0;0;0;0;0
Чувашская Республика;286 243 625;37 532 517;10 098 212;2 012 962;264 685 763;38 897 316;11 421 021;3 394 787;80 491;107 903;260 555;435 505;27 537;0;20 108 643;1 227 467;116;18 881 176;3 070 402;3 765 399;566 435;0;734 189;111 487;382 669;34 712;57 401;5 160;245 494;10 834;1;0;0;0;0;0;0;0;0;0;0;4 137;318;1 515;525;0;2 198 995;24 509;0;2 129 960;22 622;0;118 006;1 886;0;23 601;377;0;3 541;57;0;48 971;0;0;141;4;0;1;0;0;0;0;0;0;0;0;0;0;0;0;0;0;0;0;0;0;0;0;0;0;0;0;0;0;0;0;0;0;0;0;0;0;0;0;0;0;0;0;0;0;0;0;0;0;0;0;0;0;1 276 940;1 084 886;233 736;46 748;7 012;41 682;12;2;118 763;98 160;0;20 603;0;4 121;618;1;0;0;0;0;0;0;0;0;0;1 003 655;948 586;1 374 148;1 298 078;0;0;85 016;3 903 923;1 043 372;564 176;2 216 672;70 248;35;0;69 300;0;971;0;0;0;0;0;0;0;0;0;0;0;69 300;700;0;0;0;0;0;0;0;0;248;0;0;0;0;0;0;91;283 482;1 483 703;889;2;260;1;0;0;0;0;0;0;0;0;0;0;0;0;0;0;0;0;0;0;0;0;0;0;5 331;1;0;0;0;0;0;0;0;0;0;0;0;0;0;0;2 325;5;2 334;5;76 885;7;6 310;16;38;1;15;1;144;1;10 046;8;263;8;246;3;61;1;0;0;5 081;18;0;0;0;0;0;0;0;0;0;0;6 409 664;1 726;53 190;6;0;0;0;0;0;0;0;0;0;0;0;0;0;0;0;0;0;0;0;0;0;0;0;0;0;0;0;0;0;0;0;0;0;0;0;0;0;0;0;0;0;0;0;0;0;0;0;0;0;0;0;0;0;0;0;0;0;0;0;0;0;0;0;0;0;0;0;0;0;0;0;0;0;0;0;0;0;0;0;0;0;0;0;0;0;0;0;0;0;0;0;0;0;0;0;0;0;0;0;0;0;0;0;0;0;0;0;0;0;0;0;0;0;0;0;0;0;0;0;0;0;0;0;0;0;0;0;0;0;0;0;0;0;0;0;0;0;0;0;0;0;0;0;0;0;0;0;0;0;0;0;0;0;0;0;0;0;0;0;0;0;0;0;0;0;0
Алтайский край;812 992 133;25 671 278;23 301 271;1 067 530;767 946 797;28 817 565;24 465 893;2 139 258;99 517;169 040;2 105 097;1 675;46 714;0;41 871 310;3 198 013;187;38 673 297;4 050 644;7 734 659;1 160 200;0;969 715;145 458;491 006;22 626;73 651;3 394;639 602;0;0;0;0;0;0;0;0;0;0;0;0;9 718;951;4 988;851;0;2 588 363;56 525;0;2 351 203;54 548;0;241 267;1 977;0;48 253;395;0;7 238;59;0;4 558;0;0;185;4;0;4;0;0;0;0;521 362;0;0;456 699;0;0;77 232;0;0;3 862;0;0;11 585;0;0;2 317;0;0;12 569;0;0;5;0;0;4;0;0;0;0;0;0;0;0;0;0;0;0;0;0;0;0;0;0;0;0;0;30 823 603;24 465 766;6 850 852;1 370 170;205 526;493 015;286;23;2 710;749;0;1 961;0;392;59;1;0;1;0;0;0;0;0;0;0;63 253;60 021;1 702 294;1 659 398;0;0;42 896;6 525 999;3 688 073;157 838;2 119 765;76 695;469 032;0;0;0;76 708;1 110;0;76 695;0;0;0;0;0;0;0;0;1 207;0;0;0;0;0;0;0;0;0;0;0;0;0;0;0;0;111;512 712;735 407;263;1;101;1;70;1;0;0;0;0;0;0;214 869;4;104;1;0;0;0;0;0;0;4 434;1;0;0;2 168;1;0;0;0;0;0;0;0;0;401;4;0;0;0;0;36 676;13;11 189;5;18 681;13;11 755;26;0;0;0;0;2 250;1;30 524;23;187;2;919;2;12;1;0;0;19 492;28;0;0;0;0;0;0;0;0;0;0;13 542 050;2 859;234 568;22;0;0;0;0;0;0;0;0;0;0;0;0;0;0;0;0;0;0;0;0;0;0;0;0;0;0;0;0;0;0;0;0;0;0;0;0;0;0;0;0;0;0;0;0;0;0;0;0;0;0;0;0;0;0;0;0;0;0;0;0;0;0;0;0;0;0;0;0;0;0;0;0;0;0;0;0;0;0;0;0;0;0;0;0;0;0;0;0;0;0;0;0;0;0;0;0;0;0;0;0;0;0;0;0;0;0;0;0;0;0;0;0;0;0;0;0;0;0;0;0;0;0;0;0;0;0;0;0;0;0;0;0;0;0;0;0;0;0;0;0;0;0;0;0;0;0;0;0;0;0;0;0;0;0;0;0;0;0;0;0;0;0;0;0;0;0
Краснодарский край;3 630 252 594;412 022 675;417 967 964;39 481 414;3 392 938 343;444 040 258;273 583 039;52 684 823;507 901;972 938;135 144 820;4 871 001;63 665;27 361;247 182 697;19 295 234;681;227 887 547;49 123 635;45 567 234;6 836 202;10 963;5 682 641;856 738;3 023 441;164 012;452 042;24 653;3 859 046;10 270;2;0;0;0;0;0;26 215;0;0;0;0;18 062;4 035;10 167;3 290;0;12 786 221;863 116;0;11 214 925;736 644;0;1 551 488;130 666;0;310 298;26 133;0;46 545;3 920;0;73 414;4 422;0;995;78;0;39;3;0;0;0;0;0;0;0;0;0;0;0;0;0;0;0;0;0;0;0;0;0;0;0;0;0;0;0;0;0;0;0;0;0;0;0;0;0;0;0;0;0;0;0;0;0;0;0;0;0;83 576 255;59 928 511;24 497 233;4 899 446;734 917;849 489;196;20;3 043 290;2 921 236;0;269 575;147 521;110 550;64 721;21;10;34;0;0;0;0;0;0;0;111 437 796;109 766 417;1 988 125;2 275 003;315 950;455 142;311 654;67 751 269;42 370 809;273 965;2 091 114;4 581 789;9 016;0;2 258 900;214 246;260 923;707 579;20 784;501 657;0;38 725;4;0;0;0;133 747;6 325;489 978;0;553 448;0;0;0;94 917;0;5 323 132;138 956;110 680;12 126;1;781;1;0;0;259;2 030 241;10 419 906;7 325;2;13 040;7;1 592;2;0;0;0;0;0;0;357 681;5;19 573;3;0;0;0;0;0;0;169 643;2;88;1;26 851;3;0;0;0;0;0;0;80 754;2;107 043;7;0;0;0;0;31 975;15;6 815;8;89 419;14;29 396;42;0;0;484;1;131 068;7;93 060;30;10 725;14;6 681;10;7 299;4;3 212;2;164 316;51;0;0;0;0;0;0;1 913;1;23 880;4;88 270 811;9 200;862 428;316;0;0;0;0;0;0;0;0;0;0;48 097;1;0;0;194 401;2;0;0;0;0;0;0;0;0;0;0;0;0;0;0;0;0;0;0;0;0;0;0;0;0;0;0;0;0;0;0;0;0;0;0;0;0;0;0;0;0;0;0;0;0;0;0;0;0;0;0;0;0;0;0;0;0;0;0;0;0;0;0;0;0;0;0;0;0;0;0;0;0;0;0;0;0;0;0;0;0;0;0;0;0;0;0;0;0;0;0;0;0;0;0;0;0;0;0;0;0;0;0;0;0;0;0;0;0;0;0;0;0;0;0;0;0;0;0;0;0;0;0;0;0;0;0;0;0;0;0;0;0;0;0;0;0;0;0;0;0;0;0;0;0;0;0;0;0;0;0
Красноярский край;2 926 124 758;167 135 922;356 849 357;22 504 120;2 171 363 957;192 869 304;210 756 745;31 796 523;544 754;481 971;130 800 052;290 150;268 007;187;770 484 291;28 242 446;249;742 241 845;34 830 849;148 423 013;22 264 535;151;9 736 730;1 460 374;2 382 364;78 366;357 222;11 755;5 648 490;7 245;1;0;0;0;18 109;1;63;0;0;0;0;12 791;1 628;6 622;1 839;0;4 828 334;119 901;0;4 272 649;109 901;0;625 461;10 000;0;125 092;2 000;0;18 764;300;0;69 854;0;0;549;23;0;37;0;0;0;2 392 089;0;0;2 327 213;0;0;64 876;0;0;651;0;0;12 323;0;0;1 946;0;0;0;0;0;2;0;0;0;0;0;0;0;0;0;0;0;0;0;0;0;0;0;0;0;0;0;0;0;0;0;21 105 055;16 457 071;4 712 072;942 414;141 361;64 088;73;14;14 038 466;14 591 567;80 726;105 721;739 548;21 144;3 172;9;5;13;0;0;0;0;0;0;0;1 994 192;2 007 055;3 665 173;3 519 777;44 168 932;79 483 374;160 584;153 901 826;113 072 928;363 279;9 675 060;20 874 547;135 847;0;78 287;241;3 530;78 287;258;0;0;68 421;0;0;0;0;0;0;0;0;0;0;0;0;0;0;0;0;27 489;0;0;61 594;2;0;0;207;6 064 112;39 564 288;8 608;1;6 217;2;0;1;0;0;1 838;1;0;0;2 606 087;11;412 881;11;0;0;0;0;0;0;81 655;5;0;0;1 975 107;2;0;0;0;0;0;0;426;1;4 830;3;247 251;1;65 028;2;726 198;31;292 407;11;777 094;29;345 398;53;6 299;3;0;0;344 636;7;478 798;44;21 801;24;116 967;9;65 239;5;18;1;590 821;68;0;0;0;0;0;0;23;2;448;3;113 275 978;5 200;392 384;25;0;0;0;0;0;0;0;0;0;0;0;0;0;0;744 884;1;0;0;0;0;0;0;0;0;0;0;0;0;0;0;0;0;0;0;0;0;0;0;0;0;0;0;0;0;0;0;0;0;0;0;0;0;0;0;0;0;0;0;0;0;0;0;0;0;0;0;0;0;0;0;0;0;0;0;0;0;0;0;0;0;0;0;0;0;0;0;0;0;0;0;0;0;0;0;0;0;0;0;0;0;0;0;0;0;0;0;0;0;0;0;0;0;0;0;0;0;0;0;0;0;0;0;0;0;0;0;0;0;0;0;0;0;0;0;0;0;0;0;0;0;0;0;0;0;0;0;0;0;0;0;0;0;0;0;0;0;0;0;0;0;0;0;0;0;0;0
Приморский край;1 409 843 347;70 712 195;132 812 890;70 500 586;1 319 077 595;88 771 519;116 476 042;71 763 159;1 964 200;209 885;4 210 648;1 522 225;7 072;4 394;104 854 597;7 219 338;280;97 635 261;20 638 630;19 268 601;2 922 098;0;2 441 715;366 882;3 676 616;81 753;555 502;12 259;1 443 867;251 485;4;0;0;0;0;0;6 981;0;0;0;0;8 755;1 894;4 780;2 394;0;5 699 574;81 971;0;4 983 077;84 006;0;799 763;3 956;0;159 953;791;0;23 993;119;0;83 266;5 991;0;333;2;0;27;1;0;0;0;50 758 790;0;0;54 543 485;0;0;200 068;0;0;0;0;0;40 014;0;0;6 002;0;0;3 984 764;0;0;29;0;0;22;0;25 580 822;0;21 760 655;0;0;0;4 859 193;0;0;0;0;971 838;0;145 776;0;1 039 027;0;181;0;82;13 180 643;9 047 907;4 567 176;913 435;137 015;434 440;28;9;2 715 251;2 312 040;0;419 141;15 511;83 828;12 574;21;3;54;0;0;0;0;0;0;0;620 260;636 055;4 072 904;4 057 490;7 973;22 279;15 502;11 334 377;5 525 176;549 403;2 579 527;2 323 408;51 700;121 070;1 608 414;8 126;637 498;423 947;8 126;650 786;0;0;0;0;0;16 500;0;0;1 500 000;0;0;0;0;0;0;0;125 995;10 536;108 189;0;0;0;0;0;0;119;1 399 182;8 988 433;0;0;976;1;65;1;0;0;0;0;0;0;54 091;1;0;0;0;0;0;0;0;0;35 893;1;0;0;79 031;1;0;0;0;0;0;0;0;0;2 494;3;0;0;0;0;15 906;5;1 376;4;1 877;7;39 746;11;0;0;0;0;79 152;2;70 355;17;2 612;10;558;2;10 665;1;1 650;2;45 904;18;0;0;0;0;0;0;0;0;0;0;28 767 114;3 249;3 765;4;0;0;0;0;0;0;0;0;0;0;4 982 710;10;0;0;0;0;0;0;0;0;0;0;0;0;0;0;0;0;0;0;0;0;0;0;0;0;0;0;0;0;0;0;0;0;0;0;0;0;0;0;0;0;0;0;0;0;0;0;0;0;0;0;0;0;0;0;0;0;0;0;0;0;0;0;0;0;0;0;0;0;0;0;0;0;0;0;0;0;0;0;0;0;0;0;0;0;0;0;0;0;0;0;0;0;0;0;0;0;0;0;0;0;0;0;0;0;0;0;0;0;0;0;0;0;0;0;0;0;0;0;0;0;0;0;0;0;0;0;0;0;0;0;0;0;0;0;0;0;0;0;0;0;0;0;0;0;0;0;0;0;0;0;0;0;0;0
Ставропольский край;687 920 051;50 273 210;32 127 510;6 014 530;634 743 453;54 791 939;34 553 855;8 921 044;145 319;212 495;153 408;651 671;930;0;50 828 676;2 506 337;147;48 322 339;7 864 419;9 507 741;1 449 670;649;1 129 351;170 447;817 320;18 948;123 058;2 881;501 268;156 727;8;0;0;0;0;0;0;0;0;0;0;6 089;756;4 275;1 564;0;5 594 460;178 192;0;5 003 764;173 223;0;628 527;4 969;0;125 705;994;0;18 856;149;0;37 831;0;0;266;14;0;4;0;0;0;0;1 236 981;0;0;1 159 764;0;0;79 461;0;0;3 973;0;0;11 919;0;0;2 384;0;0;2 103;0;0;4;0;0;1;0;0;0;0;0;0;0;0;0;0;0;0;0;0;0;0;0;0;0;0;0;56 432 385;47 154 933;9 998 093;1 999 619;299 943;720 641;246;30;325 627;321 411;0;19 719;15 503;3 944;592;7;2;5;0;0;0;0;0;0;0;2 179 239;2 433 061;1 177 635;1 090 293;3 527;6 779;87 442;17 147 595;15 725 498;217 577;1 055 541;7 507;5 678;0;0;7 294;5 378;0;0;0;0;0;0;0;0;0;204 636;0;188 394;0;0;0;0;0;173;0;0;7 294;12 553;0;0;0;0;0;0;82;586 602;4 375 936;0;0;57 429;3;0;0;0;0;0;0;0;0;1 301 102;3;463 450;2;0;0;0;0;0;0;460 386;2;0;0;6 289;3;0;0;0;0;0;0;0;0;31 356;3;0;0;0;0;22 953;7;402;2;9 523;11;28 446;17;31;1;0;0;47 423;3;119 621;12;5 016;9;1 536;4;27 283;3;335;1;60 923;26;0;0;0;0;0;0;0;0;0;0;22 600 986;2 891;256 646;13;0;0;0;0;0;0;0;0;0;0;0;0;0;0;0;0;0;0;0;0;0;0;0;0;0;0;0;0;0;0;0;0;0;0;0;0;0;0;0;0;0;0;0;0;0;0;0;0;0;0;0;0;0;0;0;0;0;0;0;0;0;0;0;0;0;0;0;0;0;0;0;0;0;0;0;0;0;0;0;0;0;0;0;0;0;0;0;0;0;0;0;0;0;0;0;0;0;0;0;0;0;0;0;0;0;0;0;0;0;0;0;0;0;0;0;0;0;0;0;0;0;0;0;0;0;0;0;0;0;0;0;0;0;0;0;0;0;0;0;0;0;0;0;0;0;0;0;0;0;0;0;0;0;0;0;0;0;0;0;0;0;0;0;0;0;0
Хабаровский край;648 390 171;146 613 746;35 818 101;13 312 779;600 018 132;169 790 733;33 900 835;19 448 455;82 731;238 660;308 187;1 224 029;59 006;1 901;50 063 772;2 419 996;210;47 840 514;30 298 020;9 483 751;1 425 521;0;1 296 426;196 007;583 364;113 961;87 415;17 107;483 999;23 951;1;0;0;0;0;0;122;0;0;0;0;5 166;1 444;2 499;943;0;2 357 183;10 166;0;2 063 699;8 661;0;290 857;1 505;0;58 171;301;0;8 726;45;0;7 523;0;0;83;2;0;4;0;0;9 163 110;601 625;13 477 170;3 244 797;524 476;12 900 748;5 958 689;77 149;652 510;0;0;0;1 191 738;15 430;130 502;178 761;2 314;19 576;40 376;0;128 848;2;1;53;1;0;17;0;2 184 527;0;3 518 312;0;0;0;122 535;0;0;0;0;24 507;0;3 676;0;1 456 320;0;11;0;8;458 185;417 859;40 330;8 066;1 209;4;6;1;3 084 634;763 077;0;2 323 071;649;386 796;69 692;13;1;11;0;0;0;0;0;0;0;676 917;668 310;165 875;106 360;0;0;60 118;11 475 668;5 105 125;1 061 825;2 206 893;3 101 657;163;0;0;21 607;1;0;2 572;3 080 000;0;0;0;0;0;0;0;0;0;0;0;0;0;0;0;0;0;32 410;0;0;0;0;0;0;0;74;865 435;3 885 629;6 204;1;0;0;36;1;0;0;0;0;0;0;81 784;2;43 494;1;0;0;0;0;0;0;0;0;0;0;287 560;7;0;0;0;0;0;0;3 258;2;13 182;3;0;0;0;0;11 569;4;628;2;6 123;9;57 377;16;0;0;0;0;18 101;2;59 772;12;4 620;9;6 329;5;0;0;22 202;1;54 618;23;0;0;0;0;0;0;1 138;1;0;0;20 095 250;2 197;1 101 075;7;0;0;0;0;0;0;0;0;0;0;163 321;1;0;0;0;0;0;0;0;0;0;0;66 421;1;0;0;0;0;0;0;0;0;0;0;0;0;0;0;0;0;0;0;0;0;0;0;0;0;0;0;0;0;0;0;0;0;0;0;0;0;0;0;0;0;0;0;0;0;0;0;0;0;0;0;0;0;0;0;0;0;0;0;0;0;0;0;0;0;0;0;0;0;0;0;0;0;0;0;0;0;0;0;0;0;0;0;0;0;0;0;0;0;0;0;0;0;0;0;0;0;0;0;0;0;0;0;0;0;0;0;0;0;0;0;0;0;0;0;0;0;0;0;0;0;0;0;0;0;0;0;0;0;0;0;0;0;0;0;0;0;0;0;0;0;0;0
Амурская область;241 591 119;216 236 323;62 692 770;111 049 503;230 897 996;226 977 684;56 458 192;107 409 360;80 432;35 265;592 689;2 654 201;1 184;0;16 414 264;2 780 175;70;13 634 836;9 719 955;2 725 451;407 656;0;633 362;94 782;146 605;13 702;21 891;2 056;556 036;0;0;0;0;0;0;0;0;0;0;0;0;2 075;494;1 532;531;0;1 886 170;61 519;0;1 784 613;52 870;0;104 418;8 649;0;20 884;1 730;0;3 132;259;0;2 733;0;0;86;3;0;8;0;0;0;12 466 223;5 889 645;0;7 968 060;5 867 474;0;4 498 163;107 471;0;764 688;0;0;134 945;21 495;0;134 945;3 225;0;0;84 584;0;2;12;0;0;3;0;0;0;0;0;0;0;0;0;0;0;0;0;0;0;0;0;0;0;0;0;18 260 454;16 247 651;2 268 532;453 707;68 056;255 729;94;22;22 483 410;19 763 034;0;2 701 136;0;540 227;81 034;9;0;7;0;0;0;0;0;0;0;0;0;9 759;4 654;0;0;5 105;193 161;174 102;518;18 508;0;0;0;0;0;0;0;0;0;0;0;0;0;2 372 000;0;0;0;0;0;0;0;0;0;0;0;0;0;0;0;0;0;0;0;0;24;421 097;2 978 364;0;0;0;0;0;0;0;0;0;0;0;0;133 550;3;833 158;2;0;0;0;0;0;0;0;0;0;0;0;0;0;0;0;0;0;0;0;0;0;0;0;0;0;0;1 008;1;47 311;8;20;1;30 660;9;0;0;0;0;0;0;8 226;1;0;0;0;0;0;0;26 469;1;95 336;10;0;0;0;0;0;0;0;0;0;0;11 882 804;972;88 807;6;0;0;0;0;0;0;0;0;0;0;0;0;0;0;0;0;0;0;0;0;0;0;0;0;0;0;0;0;0;0;0;0;0;0;0;0;0;0;0;0;0;0;0;0;0;0;0;0;0;0;0;0;0;0;0;0;0;0;0;0;0;0;0;0;0;0;0;0;0;0;0;0;0;0;0;0;0;0;0;0;0;0;0;0;0;0;0;0;0;0;0;0;0;0;0;0;0;0;0;0;0;0;0;0;0;0;0;0;0;0;0;0;0;0;0;0;0;0;0;0;0;0;0;0;0;0;0;0;0;0;0;0;0;0;0;0;0;0;0;0;0;0;0;0;0;0;0;0;0;0;0;0;0;0;0;0;0;0;0;0;0;0;0;0;0;0
Архангельская область;354 526 303;52 876 462;34 019 553;5 691 985;318 364 392;60 855 283;30 925 028;5 950 914;96 911;481 917;35 458;8 464;39 840;1 445;39 278 049;5 698 148;147;33 579 901;7 765 742;6 690 827;1 007 392;127;1 984 714;297 887;282 209;10 442;42 141;1 568;1 139 629;25 173;1;0;0;0;0;0;0;0;0;0;0;2 273;553;899;370;0;1 957 783;219 260;0;1 802 963;208 793;0;204 016;10 952;0;40 803;2 190;0;6 120;329;0;49 196;484;0;122;12;0;7;1;0;0;0;0;0;0;0;0;0;0;0;0;0;0;0;0;0;0;0;0;0;0;0;0;0;0;0;0;0;0;0;0;0;0;0;0;0;0;0;0;0;0;0;0;0;0;0;0;0;3 877 427;2 246 416;1 654 355;330 871;49 631;23 344;16;3;44 765;45 566;0;0;801;0;0;2;2;2;0;0;0;0;0;0;0;0;0;46 545;47 987;0;0;0;2 998 634;2 435 695;109 568;82 359;307 059;12;0;0;0;3;0;3 378;307 059;0;0;0;0;0;0;0;0;0;0;0;0;0;0;0;0;0;0;0;0;0;0;0;0;0;58;144 436;3 464 924;0;0;48;1;0;0;0;0;0;0;0;0;110 274;1;0;0;0;0;0;0;339;1;0;0;0;0;28 269;2;0;0;0;0;0;0;1 086;1;961;2;0;0;0;0;96 761;5;890;2;14 254;6;151 542;20;6 395 386;1;0;0;14 804;1;151 976;14;2 791;8;139;1;3 526;1;0;0;80 147;20;0;0;0;0;0;0;3;1;0;0;13 602 669;1 147;6 466;5;0;0;0;0;0;0;0;0;0;0;2 179 686;2;26 641;1;0;0;0;0;0;0;0;0;0;0;0;0;0;0;0;0;0;0;0;0;0;0;0;0;0;0;0;0;0;0;0;0;0;0;0;0;0;0;0;0;0;0;0;0;0;0;0;0;0;0;0;0;0;0;0;0;0;0;0;0;0;0;0;0;0;0;0;0;0;0;0;0;0;0;0;0;0;0;0;0;0;0;0;0;0;0;0;0;0;0;0;0;0;0;0;0;0;0;0;0;0;0;0;0;0;0;0;0;0;0;0;0;0;0;0;0;0;0;0;0;0;0;0;0;0;0;0;0;0;0;0;0;0;0;0;0;0;0;0;0;0;0;0;0;0;0;0;0;0;0;0;0
Астраханская область;117 047 526;41 700 651;21 752 618;2 969 279;109 312 228;43 773 462;22 793 905;6 527 024;35 029;20 365;36 921;134 368;24;0;6 692 095;481 734;67;6 210 361;5 701 525;1 070 479;160 725;89;243 844;36 541;87 668;17 529;16 374;2 631;96 346;144 713;6;0;0;0;0;0;0;0;0;0;0;1 706;426;1 622;510;0;2 421 901;25 304;0;2 300 216;21 428;0;162 618;3 921;0;32 524;784;0;4 879;118;0;41 720;47;0;44;6;0;6;1;0;0;0;0;0;0;0;0;0;0;0;0;0;0;0;0;0;0;0;0;0;0;0;0;0;0;0;0;0;0;0;0;0;0;0;0;0;0;0;0;0;0;0;0;0;0;0;0;0;2 986 283;2 511 669;481 398;96 279;14 442;6 784;18;2;2 881 003;2 316 614;1 711;574 870;12 190;114 973;17 246;7;4;5;144 968 114;66 969 664;241;78 011 600;15 602 320;13 391;1;170 000;155 380;0;0;0;0;0;3 426 624;3 168 654;126 948;14 932;0;110 465;0;110 000;0;0;0;0;0;0;0;0;0;0;0;0;0;0;0;0;0;0;0;0;0;0;0;15 258;0;0;0;0;0;0;20;63 584;2 772 790;0;0;0;0;0;0;0;0;0;0;0;0;45 509;1;0;0;0;0;0;0;0;0;0;0;0;0;0;0;0;0;17 924 528;1;0;0;0;0;0;0;0;0;0;0;0;0;0;0;651;4;8 982;7;0;0;0;0;8 390;2;9 381;5;357;4;1 171;2;0;0;0;0;27 533;7;0;0;0;0;0;0;0;0;0;0;21 899 329;767;10 095;1;0;0;0;0;0;0;0;0;0;0;3 533 203;9;64 169;1;0;0;0;0;0;0;0;0;0;0;0;0;0;0;0;0;0;0;0;0;0;0;0;0;0;0;0;0;0;0;0;0;0;0;0;0;0;0;0;0;0;0;0;0;0;0;0;0;0;0;0;0;0;0;0;0;0;0;0;0;0;0;0;0;0;0;0;0;0;0;0;0;0;0;0;0;0;0;0;0;0;0;0;0;0;0;0;0;0;0;0;0;0;0;0;0;0;0;0;0;0;0;0;0;0;0;0;0;0;0;0;0;0;0;0;0;0;0;0;0;0;0;0;0;0;0;0;0;0;0;0;0;0;0;0;0;0;0;0;0;0;0;0;0;0;0;0;0;0;0;0;0
Белгородская область;1 061 193 058;100 808 588;62 823 145;9 696 781;943 972 638;106 442 628;60 732 516;14 787 456;536 362;467 661;2 890 305;1 087 561;30 878;321;117 042 618;2 283 733;248;114 773 183;11 344 934;22 954 309;3 443 173;0;2 565 479;384 761;643 556;18 760;96 527;2 815;456 747;24;1;0;0;0;0;0;375;0;0;0;0;8 597;839;4 313;1 343;0;2 307 648;11 156;0;2 163 909;10 543;0;168 095;613;0;33 619;123;0;5 043;18;0;24 326;0;0;112;3;0;2;0;0;0;0;259 119;0;0;299 708;0;0;7 653;0;0;383;0;0;1 148;0;0;230;0;0;48 242;0;0;14;0;0;3;0;0;0;0;0;0;0;0;0;0;0;0;0;0;0;0;0;0;0;0;0;152 595 850;126 682 988;27 022 055;5 404 411;810 662;1 109 193;147;21;50 726;48 632;0;2 108;14;422;63;4;2;2;0;0;0;0;0;0;0;164 646;163 499;1 825 618;1 809 205;15 768 356;15 666 946;117 822;102 259 133;100 286 595;204 751;1 111 479;630 931;3 971;0;0;60 267;19 822;557 212;476;644;0;0;0;0;55 556;0;30 000;0;0;0;0;5 346;0;0;0;0;0;0;18 860;8 327;1;0;0;0;0;117;254 176;1 352 165;0;0;0;0;0;0;0;0;0;0;0;0;593;1;0;0;0;0;0;0;0;0;0;0;0;0;304 009;3;0;0;0;0;0;0;0;0;429;2;0;0;0;0;27 180;4;3 760;4;36 506;9;38 215;13;9;1;138;1;0;0;139 556;11;0;0;45 174;4;1 571;2;0;0;32 463;24;0;0;0;0;0;0;0;0;0;0;31 234 340;2 971;402 106;9;0;0;0;0;0;0;0;0;0;0;0;0;0;0;0;0;0;0;0;0;0;0;0;0;0;0;0;0;0;0;0;0;0;0;0;0;0;0;0;0;0;0;0;0;0;0;0;0;0;0;0;0;0;0;0;0;0;0;0;0;0;0;0;0;0;0;0;0;0;0;0;0;0;0;0;0;0;0;0;0;0;0;0;0;0;0;0;0;0;0;0;0;0;0;0;0;0;0;0;0;0;0;0;0;0;0;0;0;0;0;0;0;0;0;0;0;0;0;0;0;0;0;0;0;0;0;0;0;0;0;0;0;0;0;0;0;0;0;0;0;0;0;0;0;0;0;0;0;0;0;0;0;0;0;0;0;0;0;0;0;0;0;0;0;0;0
Брянская область;289 568 104;41 813 661;9 198 431;2 541 711;272 267 140;44 073 981;10 486 446;4 863 922;50 016;135 802;201 764;7 154;381;55 238;15 860 961;1 468 548;101;14 392 415;4 509 121;2 736 137;431 772;0;501 151;78 556;123 189;80 706;18 646;12 123;293 710;142 347;20;0;0;0;0;0;57;0;0;0;0;3 559;436;2 194;705;0;1 658 667;82 126;0;1 420 663;76 103;0;238 072;6 023;0;47 614;1 205;0;7 142;181;0;69;0;0;205;11;0;2;0;0;0;0;0;0;0;0;0;0;0;0;0;0;0;0;0;0;0;0;0;0;0;0;0;0;0;0;0;0;0;0;0;0;0;0;0;0;0;0;0;0;0;0;0;0;0;0;0;0;66 725 904;57 611 832;9 223 494;1 844 699;276 704;109 422;33;4;55 130;59 512;0;16;4 398;3;0;4;1;3;0;0;0;0;0;0;0;0;0;53 315;53 174;0;0;141;3 124 941;2 706 713;19 035;383 010;6 870;5 224;0;0;3 404;306;0;0;0;0;0;0;0;0;0;0;0;0;0;0;0;0;0;0;0;0;0;6 867;0;0;0;0;0;0;43;55 178;552 158;10 841;3;0;0;0;0;0;0;0;0;0;0;0;0;0;0;0;0;0;0;0;0;0;0;0;0;0;0;0;0;0;0;0;0;0;0;0;0;0;0;0;0;923;2;0;0;3 299;7;5 588;9;189;1;0;0;65;1;5 172;3;231;1;498;1;0;0;1 779;1;6 112;10;0;0;0;0;0;0;0;0;197;1;19 073 699;1 416;28 035;10;0;0;0;0;0;0;10 678;4;0;0;0;0;0;0;0;0;0;0;0;0;0;0;0;0;0;0;0;0;0;0;0;0;0;0;0;0;0;0;0;0;0;0;0;0;0;0;0;0;0;0;0;0;0;0;0;0;0;0;0;0;0;0;0;0;0;0;0;0;0;0;0;0;0;0;0;0;0;0;0;0;0;0;0;0;0;0;0;0;0;0;0;0;0;0;0;0;0;0;0;0;0;0;0;0;0;0;0;0;0;0;0;0;0;0;0;0;0;0;0;0;0;0;0;0;0;0;0;0;0;0;0;0;0;0;0;0;0;0;0;0;0;0;0;0;0;0;0;0;0;0;0;0;0;0;0;0;0;0;0;0;0;0;0;0;0;0
Владимирская область;604 989 319;50 594 099;18 619 861;11 572 886;544 771 906;54 857 088;28 342 274;12 520 395;334 199;248 828;1 620 297;511 987;23 608;177;49 185 802;1 025 662;141;48 160 141;5 473 833;9 596 646;1 444 803;873;1 307 927;196 601;638 027;9 311;97 246;1 399;205 132;35 382;8;0;0;0;0;0;111;0;0;0;0;4 813;585;1 302;836;0;1 404 166;76 701;0;1 321 955;73 843;0;92 266;3 886;0;18 453;777;0;2 768;117;0;10 056;1 028;0;272;13;0;8;1;0;0;0;0;0;0;0;0;0;0;0;0;0;0;0;0;0;0;0;0;0;0;0;0;0;0;0;0;0;0;0;0;0;0;0;0;0;0;0;0;0;0;0;0;0;0;0;0;0;3 200 100;2 841 348;388 596;77 720;11 658;29 844;17;6;0;0;0;0;0;0;0;0;0;2;0;0;0;0;0;0;0;722 450;738 104;490 014;489 515;0;0;505;12 895 097;2 163 888;1 033 213;1 716 866;7 266 071;560;0;6 812 669;3 722;449 655;1 359 921;0;30 000;0;0;0;0;0;0;2 779 961;338 297;3 000 272;112 800;0;0;0;0;0;0;140 000;3 722;6 175;0;0;3 266;1;0;0;99;119 108;1 360 981;0;0;2 072;2;6;1;0;0;0;0;0;0;28 227;2;69;2;0;0;0;0;0;0;0;0;0;0;827;1;0;0;0;0;0;0;22 120;1;11 898;3;0;0;0;0;23 634;5;2 341;4;47 124;16;17 451;24;0;0;0;0;0;0;57 695;9;18 306;3;8 421;1;0;0;2 337;1;15 526;20;0;0;0;0;0;0;32;1;0;0;13 585 457;2 113;575 582;13;0;0;0;0;0;0;0;0;0;0;0;0;0;0;0;0;0;0;0;0;0;0;0;0;0;0;0;0;0;0;0;0;0;0;0;0;0;0;0;0;0;0;0;0;0;0;0;0;0;0;0;0;0;0;0;0;0;0;0;0;0;0;0;0;0;0;0;0;0;0;0;0;0;0;0;0;0;0;0;0;0;0;0;0;0;0;0;0;0;0;0;0;0;0;0;0;0;0;0;0;0;0;0;0;0;0;0;0;0;0;0;0;0;0;0;0;0;0;0;0;0;0;0;0;0;0;0;0;0;0;0;0;0;0;0;0;0;0;0;0;0;0;0;0;0;0;0;0;0;0;0;0;0;0;0;0;0;0;0;0;0;0;0;0;0;0
Волгоградская область;575 432 332;92 309 529;41 123 582;5 164 953;538 612 271;102 769 472;40 569 992;6 667 102;187 435;1 000 112;2 191 244;23 046;65 545;1 221;37 075 762;3 231 494;224;33 844 268;10 967 493;6 765 579;1 015 328;80;1 072 766;162 057;638 503;12 035;95 822;1 806;646 299;3 275;8;0;0;0;0;0;0;0;0;0;0;5 770;821;2 665;1 437;0;4 177 327;178 257;0;3 908 810;134 031;0;274 004;44 226;0;54 801;8 845;0;8 220;1 327;0;5 487;0;0;406;20;0;2;0;0;0;0;0;0;0;0;0;0;0;0;0;0;0;0;0;0;0;0;0;0;0;0;0;0;0;0;0;0;0;0;0;0;0;0;0;0;0;0;0;0;0;0;0;0;0;0;0;0;27 424 485;22 217 415;5 700 354;1 140 070;171 012;493 284;201;21;259 809;191 529;0;71 570;3 291;14 313;2 147;9;4;11;0;0;0;0;0;0;0;2 124 060;2 154 641;10 726 047;8 935 847;0;0;1 790 200;58 666 064;55 265 139;106 710;1 667 293;1 622 342;192;0;1 620 637;0;1 897;330 417;0;0;0;0;0;0;8 235;0;0;0;1 790 220;1 702;0;0;0;0;0;0;31 958;0;0;0;0;59;1;0;0;97;189 189;2 650 823;0;0;0;0;0;0;0;0;0;0;0;0;5 188;2;2 737;1;0;0;0;0;0;0;0;0;0;0;1 252;1;0;0;0;0;0;0;0;0;4 879;2;0;0;0;0;5 543;10;21 425;6;6 243;15;29 511;40;0;0;6 610;1;6 038;6;217 578;30;7 086;13;3 487;8;2 037;5;1 346;1;37 805;46;0;0;0;0;0;0;0;0;0;0;17 419 007;2 685;135 527;10;0;0;0;0;0;0;7 675 966;2;0;0;0;0;0;0;0;0;0;0;0;0;0;0;0;0;0;0;0;0;0;0;0;0;0;0;0;0;0;0;0;0;0;0;0;0;0;0;0;0;0;0;0;0;0;0;0;0;0;0;0;0;0;0;0;0;0;0;0;0;0;0;0;0;0;0;0;0;0;0;0;0;0;0;0;0;0;0;0;0;0;0;0;0;0;0;0;0;0;0;0;0;0;0;0;0;0;0;0;0;0;0;0;0;0;0;0;0;0;0;0;0;0;0;0;0;0;0;0;0;0;0;0;0;0;0;0;0;0;0;0;0;0;0;0;0;0;0;0;0;0;0;0;0;0;0;0;0;0;0;0;0;0;0;0;0;0;0
Вологодская область;1 276 097 479;32 279 468;412 714 175;4 940 802;1 089 895 783;34 042 081;292 866 409;5 168 521;143 489;50 892;119 838 127;961 088;3 717;34;186 467 916;2 462 269;182;184 005 647;2 900 562;34 827 214;5 520 124;0;3 997 408;627 549;263 375;12 521;39 765;1 878;492 454;1 973 870;4;0;0;0;0;0;0;0;0;0;0;7 346;780;3 137;647;0;1 717 806;423 854;0;1 546 639;381 994;0;175 404;42 671;0;35 081;8 534;0;5 262;1 280;0;4 237;811;0;152;31;0;4;2;0;0;0;752 190;0;0;487 643;0;0;264 873;0;0;0;0;0;52 975;0;0;7 946;0;0;326;0;0;7;0;0;1;0;0;0;0;0;0;0;0;0;0;0;0;0;0;0;0;0;0;0;0;0;13 551 129;11 649 721;1 972 224;394 445;59 167;70 816;67;7;38 620;46 657;0;247;8 284;49;7;3;1;7;0;0;0;0;0;0;0;181 473;608 078;125 984 088;125 844 990;0;0;151 751;93 854 994;28 707 582;340 440;3 980 168;60 756 045;2 956;60 658 883;80 990;11 250;2 956;80 990;0;0;0;0;0;0;0;0;0;0;0;0;0;0;0;0;0;0;0;11 250;0;11 948;1;300;1;0;0;79;1 377 865;10 402 429;0;0;0;0;0;0;0;0;0;0;0;0;3 012 799;2;94 013;2;0;0;0;0;0;0;403 004;1;8 903;1;2 428 553;8;0;0;0;0;0;0;0;0;83;1;0;0;0;0;147 736;6;6 732;4;90 883;9;127 735;33;0;0;0;0;723;2;599 145;35;14 830;5;2 210;2;8 945;7;26 867;2;149 774;41;0;0;0;0;0;0;0;0;0;0;26 042 252;3 866;15 182 998;27;0;0;0;0;0;0;0;0;0;0;0;0;0;0;0;0;0;0;0;0;0;0;0;0;0;0;0;0;0;0;0;0;0;0;0;0;0;0;0;0;0;0;0;0;0;0;0;0;0;0;0;0;0;0;0;0;0;0;0;0;0;0;0;0;0;0;0;0;0;0;0;0;0;0;0;0;0;0;0;0;0;0;0;0;0;0;0;0;0;0;0;0;0;0;0;0;0;0;0;0;0;0;0;0;0;0;0;0;0;0;0;0;0;0;0;0;0;0;0;0;0;0;0;0;0;0;0;0;0;0;0;0;0;0;0;0;0;0;0;0;0;0;0;0;0;0;0;0;0;0;0;0;0;0;0;0;0;0;0;0;0;0;0;0;0;0
Воронежская область;1 303 027 548;91 858 162;81 224 478;7 384 844;1 249 900 476;101 229 366;90 653 068;11 736 807;329 712;84 137;1 072 396;456 207;92 691;0;42 901 937;2 788 303;262;40 156 744;14 094 170;7 963 003;1 204 702;8 280;1 321 480;198 689;964 599;24 363;141 797;3 649;557 661;68 344;7;0;0;0;0;0;108;0;0;0;0;12 858;1 614;5 264;1 301;0;4 097 114;378 352;0;3 705 383;379 018;0;465 796;27 771;0;93 159;5 554;0;13 974;833;0;74 064;28 437;0;173;36;0;14;3;0;0;0;0;0;0;0;0;0;0;0;0;0;0;0;0;0;0;0;0;0;0;0;0;0;0;0;0;0;0;0;0;0;0;0;0;0;0;0;0;0;0;0;0;0;0;0;0;0;78 632 000;64 394 734;15 105 926;3 021 184;453 178;868 660;186;25;3 268;519;0;2 749;0;550;82;1;0;6;0;0;0;0;0;0;0;828 918;823 740;1 501 751;1 427 768;22 237;7 815;88 405;8 116 751;5 761 295;912 188;833 160;432 204;27;0;414 358;5 199;6 254;0;5 917;750;0;0;0;0;0;0;417 349;0;0;80;0;0;0;0;0;0;700 000;41 871;6 000;0;0;0;0;0;0;108;249 953;1 621 029;75;1;84;1;0;0;0;0;0;0;0;0;113 489;2;0;0;0;0;0;0;0;0;0;0;0;0;0;0;0;0;0;0;0;0;0;0;155;2;0;0;0;0;15 216;2;7 775;1;1 297;3;15 167;12;0;0;311;1;6 004;2;19 847;15;843;6;10 449;3;127;1;0;0;44 254;13;0;0;0;0;0;0;0;0;0;0;26 185 552;6 697;382 398;15;0;0;0;0;0;0;0;0;0;0;0;0;0;0;0;0;0;0;0;0;0;0;0;0;0;0;0;0;0;0;0;0;0;0;0;0;0;0;0;0;0;0;0;0;0;0;0;0;0;0;0;0;0;0;0;0;0;0;0;0;0;0;0;0;0;0;0;0;0;0;0;0;0;0;0;0;0;0;0;0;0;0;0;0;0;0;0;0;0;0;0;0;0;0;0;0;0;0;0;0;0;0;0;0;0;0;0;0;0;0;0;0;0;0;0;0;0;0;0;0;0;0;0;0;0;0;0;0;0;0;0;0;0;0;0;0;0;0;0;0;0;0;0;0;0;0;0;0;0;0;0;0;0;0;0;0;0;0;0;0;0;0;0;0;0;0
Ивановская область;306 967 982;20 665 475;10 244 098;2 256 305;295 493 605;23 455 273;10 820 333;3 635 515;31 266;24 125;538 357;118 264;2 317;3 362;10 396 634;525 743;138;9 870 901;4 244 471;1 959 362;295 840;0;367 475;55 981;204 377;8 173;30 580;1 226;105 148;8 089;5;0;0;0;0;0;0;0;0;0;0;5 714;644;3 448;1 046;0;1 346 391;161 459;0;1 205 824;161 367;0;148 601;4 731;0;29 720;946;0;4 458;142;0;8 033;4 638;0;142;16;0;29;4;0;0;0;2 867 174;0;0;2 626 569;0;0;319 684;0;0;9 591;0;0;54 346;0;0;9 591;0;0;83 166;0;0;4;0;0;2;0;0;0;0;0;0;0;0;0;0;0;0;0;0;0;0;0;0;0;0;0;873 862;845 595;46 303;9 261;1 389;18 036;8;4;617 853;546 303;0;71 550;0;14 310;2 147;1;0;0;0;0;0;0;0;0;0;5 282 857;5 192 367;1 835 106;1 817 828;0;0;29 938;1 025 336;792 996;28 076;95 965;688;0;0;0;0;0;0;0;0;0;0;0;0;0;0;0;0;0;0;0;0;0;0;0;0;688;0;0;0;0;1 240;1;0;0;44;26 138;393 527;11;1;141;2;0;0;0;0;0;0;0;0;0;0;0;0;0;0;0;0;0;0;0;0;0;0;42 220;2;0;0;0;0;0;0;0;0;0;0;0;0;0;0;236;1;1 349;4;1 932;5;2 212;10;0;0;0;0;1 869;1;5 830;3;0;0;301;1;480;1;0;0;10 475;12;0;0;0;0;0;0;0;0;0;0;4 543 359;1 373;7 365;6;0;0;0;0;0;0;0;0;0;0;0;0;0;0;0;0;0;0;0;0;0;0;0;0;0;0;0;0;0;0;0;0;0;0;0;0;0;0;0;0;0;0;0;0;0;0;0;0;0;0;0;0;0;0;0;0;0;0;0;0;0;0;0;0;0;0;0;0;0;0;0;0;0;0;0;0;0;0;0;0;0;0;0;0;0;0;0;0;0;0;0;0;0;0;0;0;0;0;0;0;0;0;0;0;0;0;0;0;0;0;0;0;0;0;0;0;0;0;0;0;0;0;0;0;0;0;0;0;0;0;0;0;0;0;0;0;0;0;0;0;0;0;0;0;0;0;0;0;0;0;0;0;0;0;0;0;0;0;0;0;0;0;0;0;0;0
Иркутская область;1 333 065 082;112 140 060;105 733 205;28 465 507;1 121 419 522;120 481 481;68 338 216;13 972 886;308 002;430 502;37 988 360;18 541 317;131 144;45;211 248 321;1 386 671;185;209 861 650;11 959 611;36 947 020;6 295 847;0;3 694 508;625 781;1 534 215;100 902;226 130;15 135;277 334;5 025 309;8;0;0;0;0;0;0;0;0;0;0;7 835;1 066;4 392;1 546;0;6 302 438;141 017;0;5 742 982;112 370;0;602 110;36 313;0;120 422;7 263;0;18 063;1 089;0;42 654;7 666;0;443;10;0;8;1;0;7 814 201;17 245 875;293 165;6 235 070;8 852 075;230 115;1 708 756;8 393 629;63 050;0;1 426 917;0;341 751;251 809;12 610;51 263;251 809;1 892;129 625;0;0;10;1;6;3;0;0;0;0;0;0;0;0;0;0;0;0;0;0;0;0;0;0;0;0;0;0;0;17 561;14 302;4 275;855;128;1 016;4;1;902 846;799 620;36 853;112 986;46 614;22 597;3 390;8;4;29;0;0;0;0;0;0;0;811 768;808 047;15 739 213;16 542 766;0;0;19 320;98 068 809;64 326 353;232 659;8 571 959;24 184 563;582 255;0;23 678 313;1 087 605;900;0;0;0;0;0;0;0;506 250;0;0;0;0;0;0;0;0;0;0;0;23 678 313;0;0;0;0;0;0;0;0;152;566 489;13 844 997;180;1;7 607;2;0;0;0;0;0;0;0;0;575 102;3;66 579;1;0;0;0;0;0;0;44 345;1;0;0;0;0;0;0;0;0;0;0;0;0;0;0;0;0;116 619;1;14 219;4;222 859;6;1 864;4;23 717;15;31;2;0;0;34 796;4;41 381;13;859;9;67 099;6;1 953;4;0;0;54 543;23;0;0;0;0;0;0;0;0;0;0;38 422 634;3 420;446 247;19;0;0;0;0;0;0;0;0;73;1;0;0;0;0;0;0;0;0;0;0;0;0;0;0;0;0;0;0;0;0;0;0;0;0;0;0;0;0;0;0;0;0;0;0;0;0;0;0;0;0;0;0;0;0;0;0;0;0;0;0;0;0;0;0;0;0;0;0;0;0;0;0;0;0;0;0;0;0;0;0;0;0;0;0;0;0;0;0;0;0;0;0;0;0;0;0;0;0;0;0;0;0;0;0;0;0;0;0;0;0;0;0;0;0;0;0;0;0;0;0;0;0;0;0;0;0;0;0;0;0;0;0;0;0;0;0;0;0;0;0;0;0;0;0;0;0;0;0;0;0;0;0;0;0;0;0;0;0;0;0;0;0;0;0;0;0
Калининградская область;411 639 620;74 049 923;99 312 900;9 251 583;398 472 754;78 812 342;93 190 723;11 861 781;448 552;56 346;1 115 416;117 292;5 891;247;18 628 855;1 794 338;183;16 834 518;7 433 785;3 366 719;504 751;667;573 486;85 925;442 395;43 721;66 335;6 558;358 867;0;0;0;0;0;0;0;8 775;0;0;0;0;3 063;999;2 216;770;0;1 710 866;16 200;0;1 516 502;16 010;0;195 585;189;0;39 117;38;0;5 868;6;0;1 220;0;0;71;3;0;3;0;0;0;0;0;0;0;0;0;0;0;0;0;0;0;0;0;0;0;0;0;0;0;0;0;0;0;0;0;387 919 149;0;353 983 694;0;5 708 717;0;29 689 750;0;162 344;919 955;0;4 855 651;0;728 348;0;1 457 025;0;197;0;56;0;2 965 984;2 736 947;423 274;84 655;12 698;194 237;14;3;29 944;27 018;0;5 001;2 075;1 000;150;8;5;18;377 644;1 602 796;83;83;17;1 225 318;1;33 711 270;33 527 665;234 674;234 405;0;0;269;32 831 539;22 481 401;608 527;349 439;9 376 037;16 133;13 889;9 323 074;35 000;18 050;20 000;49 405;0;0;0;0;0;0;0;5 074 220;33 797;0;750;5 176;0;0;0;0;97 226;158 263;255 292;15 000;0;0;0;0;0;0;35;39 368;1 654 143;0;0;0;0;0;0;0;0;0;0;0;0;767;1;0;0;0;0;0;0;0;0;0;0;0;0;849 089;2;0;0;0;0;0;0;0;0;0;0;0;0;0;0;239;3;9 866;2;3 770;5;5 363;9;0;0;149;1;986;3;21 738;9;1 310;7;1 497;3;0;0;0;0;12 961;11;0;0;0;0;0;0;0;0;0;0;13 124 861;1 686;2 041 814;3;0;0;0;0;0;0;0;0;0;0;364 637;4;0;0;0;0;0;0;0;0;0;0;0;0;0;0;0;0;0;0;0;0;0;0;0;0;0;0;0;0;0;0;0;0;0;0;0;0;0;0;0;0;0;0;0;0;0;0;0;0;0;0;0;0;0;0;0;0;0;0;0;0;0;0;0;0;0;0;0;0;0;0;0;0;0;0;0;0;0;0;0;0;0;0;0;0;0;0;0;0;0;0;0;0;0;0;0;0;0;0;0;0;0;0;0;0;0;0;0;0;0;0;0;0;0;0;0;0;0;0;0;0;0;0;0;0;0;0;0;0;0;0;0;0;0;0;0;0;0;0;0;0;0;0;0;0;0;0;0;0;0;0;0;0;0;0
Калужская область;1 077 620 956;94 254 895;83 996 386;7 115 376;1 010 765 983;101 857 433;72 629 550;15 198 738;102 005;155 588;4 235 458;23 066;4 842;8 736;74 087 100;6 655 007;160;67 432 093;15 562 049;12 841 812;2 022 962;0;1 683 712;262 781;696 148;28 881;106 650;4 369;1 331 002;644 606;5;0;0;0;0;0;412;0;0;0;0;4 375;791;2 059;862;0;2 125 532;115 497;0;1 832 973;109 229;0;292 559;6 278;0;58 512;1 256;0;8 777;188;0;0;10;0;61;15;0;0;1;0;0;0;20 000;0;0;17 931;0;0;2 069;0;0;0;0;0;414;0;0;62;0;0;0;0;0;1;0;0;0;0;0;0;0;0;0;0;0;0;0;0;0;0;0;0;0;0;0;0;0;0;17 770 489;16 808 851;1 178 038;235 607;35 342;216 400;73;19;2 080 909;2 032 911;0;108 295;60 297;21 659;3 249;18;6;6;0;0;0;0;0;0;0;238 289;72 090;5 739 606;5 735 958;0;0;3 651;7 528 276;5 270 491;64 558;646 805;1 544 779;12;0;1 493 354;4 516;46 921;0;0;0;0;13 736;0;0;26 929;0;0;0;597 628;1 026;0;33 741;0;0;8 881;0;881 990;4 516;3 261;0;0;1 691;1;0;0;77;929 133;2 348 659;0;0;0;0;0;0;0;0;0;0;0;0;0;0;21 009;1;0;0;0;0;0;0;0;0;0;0;0;0;0;0;0;0;0;0;0;0;35;1;29 090;2;0;0;2 423;3;0;0;1 612;7;23 480;18;0;0;0;0;1 778;1;108 331;18;5 851;9;70 207;4;14 478;3;6 161;1;65 154;23;0;0;0;0;0;0;0;0;0;0;25 400 983;2 515;1 002 882;12;0;0;0;0;0;0;0;0;0;0;0;0;0;0;0;0;0;0;0;0;0;0;0;0;0;0;0;0;0;0;0;0;0;0;0;0;0;0;0;0;0;0;0;0;0;0;0;0;0;0;0;0;0;0;0;0;0;0;0;0;0;0;0;0;0;0;0;0;0;0;0;0;0;0;0;0;0;0;0;0;0;0;0;0;0;0;0;0;0;0;0;0;0;0;0;0;0;0;0;0;0;0;0;0;0;0;0;0;0;0;0;0;0;0;0;0;0;0;0;0;0;0;0;0;0;0;0;0;0;0;0;0;0;0;0;0;0;0;0;0;0;0;0;0;0;0;0;0;0;0;0;0;0;0;0;0;0;0;0;0;0;0;0;0;0;0
Камчатский край;138 030 126;19 418 498;14 159 602;6 215 761;124 472 696;25 526 953;10 088 623;2 987 041;7 874;18 477;94 836;1 135 668;0;6;17 541 448;1 158 309;36;16 383 139;3 996 926;3 276 566;491 493;0;578 842;86 825;353 098;19 902;52 995;2 916;231 662;0;0;0;0;0;0;0;0;0;0;0;0;690;184;596;293;0;628 877;38 701;170 927;555 151;34 178;104 987;73 725;4 523;65 940;14 745;905;13 188;2 212;136;1 978;0;0;0;28;5;2;0;0;0;1 670 320;156 794;11 636 822;1 353 101;161 614;10 384 838;317 219;0;1 543 285;0;0;72 942;63 444;0;218 827;9 517;0;43 767;0;4 820;213 861;1;1;12;0;1;7;0;387 666;0;336 729;0;0;0;52 109;0;0;2 605;0;7 816;0;1 563;0;1 172;0;3;0;1;21 820 918;15 620 703;6 200 215;1 240 043;186 006;0;7;0;0;270;0;0;270;0;0;3;1;2;0;0;0;0;0;0;0;30 783;30 771;0;0;0;0;0;2 465 713;2 146 400;32 366;257 751;0;0;0;0;0;0;0;0;0;0;0;0;0;0;0;0;0;0;0;0;0;0;0;0;0;0;0;0;0;0;0;0;0;0;22;14 551;1 195 302;0;0;0;0;0;0;0;0;0;0;0;0;0;0;0;0;0;0;0;0;0;0;0;0;0;0;4 712;1;0;0;0;0;0;0;0;0;0;0;0;0;0;0;0;0;0;0;0;0;0;0;0;0;0;0;0;0;0;0;249;1;0;0;0;0;0;0;76;1;0;0;0;0;0;0;0;0;0;0;5 195 906;360;14 477;3;0;0;0;0;0;0;0;0;0;0;389 419;2;0;0;0;0;0;0;0;0;0;0;0;0;0;0;0;0;0;0;0;0;0;0;0;0;0;0;0;0;0;0;0;0;0;0;0;0;0;0;0;0;0;0;0;0;0;0;0;0;0;0;0;0;0;0;0;0;0;0;0;0;0;0;0;0;0;0;0;0;0;0;0;0;0;0;0;0;0;0;0;0;0;0;0;0;0;0;0;0;0;0;0;0;0;0;0;0;0;0;0;0;0;0;0;0;0;0;0;0;0;0;0;0;0;0;0;0;0;0;0;0;0;0;0;0;0;0;0;0;0;0;0;0;0;0;0;0;0;0;0;0;0;0;0;0;0;0;0;0;0;0;0;0;0;0
Кемеровская область - Кузбасс;1 806 835 852;491 536 432;239 896 059;86 165 047;1 636 406 006;522 006 795;226 162 055;100 922 753;968 140;849 334;13 862 903;287 038;50 096;24 446;175 859 532;19 301 125;195;156 558 408;42 664 863;31 292 729;4 695 122;2 052;3 245 100;491 004;1 357 798;185 528;203 477;27 818;3 860 225;17 322;10;0;0;0;0;0;0;0;0;0;0;7 726;801;3 233;1 218;0;3 867 892;237 063;0;3 724 907;222 830;0;369 800;14 233;0;73 960;2 847;0;11 094;427;0;226 814;0;0;351;14;0;3;0;0;0;0;922 067;0;0;834 088;0;0;87 980;0;0;4 399;0;0;13 196;0;0;2 639;0;0;0;0;0;16;0;0;0;0;0;0;0;0;0;0;0;0;0;0;0;0;0;0;0;0;0;0;0;0;5 105 427;4 709 625;527 058;105 380;15 807;131 256;12;4;548 553;512 650;0;35 902;0;7 180;1 077;6;0;3;0;0;0;0;0;0;0;678 220;648 599;16 383 762;12 877 213;1 644;7 890;4 641 466;22 159 287;16 717 104;504 651;1 618 218;2 812 936;5 595;0;2 482 143;24 256;45;142 011;2 889;2 851;0;0;0;0;6 300;0;0;0;271 577;0;337 700;0;0;0;0;0;3 771 762;22 428;0;0;0;0;0;0;0;202;802 322;17 052 376;0;0;2 553;1;0;0;0;0;0;0;0;0;2 472 338;13;82 418;5;0;0;0;0;0;0;137 535;1;0;0;87 178;2;0;0;0;0;0;0;188 278;3;13 319;3;0;0;0;0;202 232;36;216 202;6;148 763;27;143 069;47;102;1;0;0;1 062;1;129 471;30;15 071;23;118 006;15;15 313;11;9 496;3;232 634;61;0;0;0;0;0;0;0;0;71 103;3;47 995 528;2 719;6 388 470;31;0;0;537 457;1;0;0;0;0;0;0;0;0;0;0;0;0;0;0;0;0;0;0;0;0;0;0;0;0;0;0;0;0;0;0;0;0;0;0;0;0;0;0;0;0;0;0;0;0;0;0;0;0;0;0;0;0;0;0;0;0;0;0;0;0;0;0;0;0;0;0;0;0;0;0;0;0;0;0;0;0;0;0;0;0;0;0;0;0;0;0;0;0;0;0;0;0;0;0;0;0;0;0;0;0;0;0;0;0;0;0;0;0;0;0;0;0;0;0;0;0;0;0;0;0;0;0;0;0;0;0;0;0;0;0;0;0;0;0;0;0;0;0;0;0;0;0;0;0;0;0;0;0;0;0;0;0;0;0;0;0;0;0;0;0;0;0
Кировская область;266 415 592;48 507 975;13 349 671;7 752 166;252 599 348;54 177 402;13 299 174;8 310 737;171 927;449 163;328 504;188 559;4 422;24;13 706 104;938 276;110;12 767 828;5 967 196;2 518 984;382 781;0;424 877;63 941;232 731;16 016;35 661;2 403;187 655;33 380;6;0;0;0;0;0;0;0;0;0;0;4 284;443;1 482;389;0;1 676 870;215 521;0;1 483 044;208 905;0;195 853;8 856;0;39 171;1 771;0;5 876;266;0;2 027;2 240;0;98;19;0;6;1;0;0;0;899 054;0;0;802 992;0;0;101 235;0;0;6 189;0;0;14 057;0;0;2 811;0;0;5 173;0;0;4;0;0;1;0;0;0;0;0;0;0;0;0;0;0;0;0;0;0;0;0;0;0;0;0;17 470 070;14 629 752;2 885 023;577 005;86 552;44 705;108;10;0;0;0;0;0;0;0;0;0;1;0;0;0;0;0;0;0;9 428 998;9 484 805;204 147;206 370;0;0;588;881 272;323 007;33 671;446 112;8 999;100;0;7 936;1 061;7;0;0;0;0;7 936;0;0;0;0;0;0;0;0;0;0;0;0;0;0;0;965;0;0;0;0;0;0;0;82;101 602;1 708 926;0;0;8 048;2;0;0;0;0;0;0;0;0;2 458;1;24;1;0;0;0;0;0;0;8 599;2;0;0;3 270;1;0;0;0;0;0;0;0;0;7 378;4;0;0;0;0;2 381;7;24;1;28 751;14;31 913;35;0;0;0;0;3 918;2;36 612;18;437;7;5 429;3;6 862;4;1 739;4;23 130;39;0;0;0;0;0;0;0;0;0;0;8 975 798;1 565;56 261;6;0;0;0;0;0;0;0;0;0;0;0;0;0;0;0;0;0;0;0;0;0;0;0;0;0;0;0;0;0;0;0;0;0;0;0;0;0;0;0;0;0;0;0;0;0;0;0;0;0;0;0;0;0;0;0;0;0;0;0;0;0;0;0;0;0;0;0;0;0;0;0;0;0;0;0;0;0;0;0;0;0;0;0;0;0;0;0;0;0;0;0;0;0;0;0;0;0;0;0;0;0;0;0;0;0;0;0;0;0;0;0;0;0;0;0;0;0;0;0;0;0;0;0;0;0;0;0;0;0;0;0;0;0;0;0;0;0;0;0;0;0;0;0;0;0;0;0;0;0;0;0;0;0;0;0;0;0;0;0;0;0;0;0;0;0;0
Костромская область;612 550 359;13 120 454;260 497 379;1 491 054;587 151 795;17 282 483;220 848 746;1 714 470;36 652;50 294;13 552 733;545;45 457;0;51 485 659;4 409 530;93;47 076 129;4 334 384;9 353 811;1 412 284;0;293 855;44 529;746 420;11 550;112 660;1 732;881 906;61 415;5;0;0;0;0;0;192;0;0;0;0;1 842;417;553;181;0;1 361 625;120 190;0;1 129 412;118 285;0;235 571;2 991;0;47 114;598;0;7 067;90;0;3 358;1 086;0;192;16;0;10;1;0;0;0;0;0;0;0;0;0;0;0;0;0;0;0;0;0;0;0;0;0;0;0;0;0;0;0;0;0;0;0;0;0;0;0;0;0;0;0;0;0;0;0;0;0;0;0;0;0;273 625;259 772;35 417;7 083;1 063;21 564;5;2;73 044;72 932;0;112;0;22;3;1;0;0;0;0;0;0;0;0;0;13 866 333;14 050 733;315 929;314 617;0;10 304;1 312;6 758 969;1 292 776;31 584;454 686;4 392;30 269;0;0;0;5 844;0;0;1 543;0;0;0;0;0;0;0;0;0;0;0;0;0;0;45 163;0;0;0;76 388;0;0;0;0;0;0;37;24 760;414 392;10 376;2;3;1;0;0;0;0;0;0;0;0;0;0;0;0;0;0;0;0;0;0;0;0;0;0;4 674;2;0;0;0;0;0;0;0;0;32;1;0;0;0;0;1 535;2;579;1;1 264;3;1 447;4;20;1;0;0;0;0;14 758;5;33;1;2 698;1;0;0;0;0;2 994;7;0;0;0;0;0;0;0;0;0;0;5 761 279;848;13 701;7;0;0;0;0;0;0;0;0;0;0;0;0;0;0;0;0;0;0;0;0;0;0;0;0;0;0;0;0;0;0;0;0;0;0;0;0;0;0;0;0;0;0;0;0;0;0;0;0;0;0;0;0;0;0;0;0;0;0;0;0;0;0;0;0;0;0;0;0;0;0;0;0;0;0;0;0;0;0;0;0;0;0;0;0;0;0;0;0;0;0;0;0;0;0;0;0;0;0;0;0;0;0;0;0;0;0;0;0;0;0;0;0;0;0;0;0;0;0;0;0;0;0;0;0;0;0;0;0;0;0;0;0;0;0;0;0;0;0;0;0;0;0;0;0;0;0;0;0;0;0;0;0;0;0;0;0;0;0;0;0;0;0;0;0;0;0
Курганская область;189 764 606;9 847 915;7 454 092;854 718;178 738 392;10 755 025;9 274 993;991 937;509 308;2 131;13 720;227 102;1 166;34;9 699 825;1 689 154;59;8 010 672;1 262 641;1 600 725;240 317;0;250 517;37 677;218 765;11 298;32 882;1 695;337 831;1 408;3;0;0;0;0;0;0;0;0;0;0;1 576;275;731;257;0;1 086 233;90 517;0;997 674;81 785;0;89 110;8 735;0;17 822;1 747;0;2 673;262;0;554;0;0;96;13;0;1;0;0;0;0;1 442;0;0;1 373;0;0;69;0;0;3;0;0;8;0;0;0;0;0;0;0;0;1;0;0;0;0;0;0;0;0;0;0;0;0;0;0;0;0;0;0;0;0;0;0;0;0;5 734 810;4 323 182;1 425 786;285 157;42 774;14 158;59;4;1 692;1 160;0;532;0;106;16;1;0;0;0;0;0;0;0;0;0;33 117;20 259;1 273 915;1 277 483;0;0;12 215;669 432;361 147;63 626;177 601;3;77;0;0;0;74;0;0;0;0;0;0;0;0;0;0;0;6 239;0;0;0;0;0;0;0;0;0;0;0;0;0;0;0;0;27;49 957;274 889;0;0;0;0;0;0;0;0;0;0;0;0;0;0;0;0;0;0;0;0;0;0;0;0;0;0;16 371;2;0;0;0;0;0;0;0;0;8;1;0;0;0;0;174;1;10 748;1;4 515;6;11 811;9;0;0;0;0;0;0;13 218;4;1 568;3;500;1;0;0;0;0;9 578;8;0;0;0;0;0;0;0;0;0;0;4 287 461;725;129 064;7;0;0;0;0;0;0;0;0;0;0;0;0;0;0;0;0;0;0;0;0;0;0;0;0;0;0;0;0;0;0;0;0;0;0;0;0;0;0;0;0;0;0;0;0;0;0;0;0;0;0;0;0;0;0;0;0;0;0;0;0;0;0;0;0;0;0;0;0;0;0;0;0;0;0;0;0;0;0;0;0;0;0;0;0;0;0;0;0;0;0;0;0;0;0;0;0;0;0;0;0;0;0;0;0;0;0;0;0;0;0;0;0;0;0;0;0;0;0;0;0;0;0;0;0;0;0;0;0;0;0;0;0;0;0;0;0;0;0;0;0;0;0;0;0;0;0;0;0;0;0;0;0;0;0;0;0;0;0;0;0;0;0;0;0;0;0
Курская область;448 930 450;42 081 144;19 741 195;1 745 790;380 938 407;44 979 642;17 834 415;2 543 620;85 637;29 043;413 345;1 179 548;8 805;1 172;69 562 436;765 649;89;68 796 787;4 824 487;13 759 357;2 063 903;305;1 416 430;212 464;220 577;8 854;33 086;1 328;153 130;0;0;0;0;0;0;0;0;0;0;0;0;3 780;392;1 076;609;0;1 789 831;20 249;0;1 528 119;13 552;0;273 126;6 697;0;54 625;1 339;0;8 194;201;0;11 414;0;0;36;7;0;6;0;0;0;0;0;0;0;0;0;0;0;0;0;0;0;0;0;0;0;0;0;0;0;0;0;0;0;0;0;0;0;0;0;0;0;0;0;0;0;0;0;0;0;0;0;0;0;0;0;0;77 289 425;61 898 475;16 316 128;3 263 226;489 483;925 178;200;17;464 129;439 410;0;25 941;1 222;5 188;778;4;1;1;0;0;0;0;0;0;0;4 979 677;4 973 200;47 880;24 236;0;0;23 643;3 029 643;1 351 410;1 225 924;452 300;0;9;0;0;0;9;0;0;125 837;0;0;0;0;0;0;0;0;0;0;0;0;0;0;30 973;0;0;0;0;0;0;25 589;3;0;0;41;138 578;2 484 216;0;0;212;1;0;0;0;0;0;0;0;0;0;0;0;0;0;0;0;0;0;0;0;0;0;0;7 211;1;0;0;0;0;0;0;0;0;102;1;0;0;0;0;11 996;2;919;2;10 926;5;16 056;10;0;0;0;0;0;0;100 388;7;0;0;124;1;0;0;0;0;14 174;11;0;0;0;0;0;0;212;1;0;0;16 405 542;1 493;21 509;7;0;0;0;0;0;0;0;0;0;0;0;0;0;0;0;0;0;0;0;0;0;0;0;0;0;0;0;0;0;0;0;0;0;0;0;0;0;0;0;0;0;0;0;0;0;0;0;0;0;0;0;0;0;0;0;0;0;0;0;0;0;0;0;0;0;0;0;0;0;0;0;0;0;0;0;0;0;0;0;0;0;0;0;0;0;0;0;0;0;0;0;0;0;0;0;0;0;0;0;0;0;0;0;0;0;0;0;0;0;0;0;0;0;0;0;0;0;0;0;0;0;0;0;0;0;0;0;0;0;0;0;0;0;0;0;0;0;0;0;0;0;0;0;0;0;0;0;0;0;0;0;0;0;0;0;0;0;0;0;0;0;0;0;0;0;0
Ленинградская область;2 238 089 463;119 127 170;265 103 680;22 314 834;1 966 793 896;140 731 614;275 710 786;27 065 709;527 510;408 888;1 753 741;959 572;256 122;966;259 366 390;10 502 464;326;248 863 927;26 906 655;46 282 999;7 307 793;7 014;3 489 123;558 574;4 910 505;38 503;797 174;6 219;2 100 493;3 469 111;78;0;0;0;0;0;4 367;0;0;0;0;6 259;1 139;2 820;781;0;1 391 794;29 026;0;1 218 309;25 135;0;176 424;3 892;0;35 285;778;0;5 293;117;0;2 938;0;0;116;4;0;2;0;0;0;0;0;0;0;0;0;0;0;0;0;0;0;0;0;0;0;0;0;0;0;0;0;0;0;0;0;0;0;0;0;0;0;0;0;0;0;0;0;0;0;0;0;0;0;0;0;0;49 698 765;44 179 401;6 848 206;1 369 642;205 447;1 328 842;114;20;8 532 405;5 007 768;1 173 077;2 368 234;16 410;473 646;71 047;16;5;12;0;0;0;0;0;0;0;1 758 595;947 216;14 142 386;14 001 741;0;0;160 550;43 559 157;14 218 120;3 722 265;1 708 429;23 207 253;89 782;0;23 074 613;67 558;92 682;56 305;1 083;0;0;0;0;0;34 311;0;4 815 098;3 119;0;0;0;70;68 571;0;0;0;19 699 732;183 314;468 374;2 987;1;0;0;0;0;125;2 653 331;12 450 755;0;0;1 459;1;3 474;1;0;0;0;0;0;0;362 217;2;16;1;0;0;0;0;0;0;0;0;0;0;4 112;1;0;0;0;0;0;0;0;0;6 006;2;3 417;1;0;0;66 572;14;10 597;4;10 760;15;22 549;27;0;0;0;0;70 359;1;196 699;28;13 177;13;11 276;4;25 086;6;0;0;67 896;36;0;0;0;0;0;0;446;1;3 331;2;56 798 145;3 363;343 597;12;0;0;0;0;0;0;0;0;0;0;0;0;0;0;0;0;0;0;0;0;0;0;0;0;0;0;0;0;0;0;0;0;0;0;0;0;0;0;0;0;0;0;0;0;0;0;0;0;0;0;0;0;0;0;0;0;0;0;0;0;0;0;0;0;0;0;0;0;0;0;0;0;0;0;0;0;0;0;0;0;0;0;0;0;0;0;0;0;0;0;0;0;0;0;0;0;0;0;0;0;0;0;0;0;0;0;0;0;0;0;0;0;0;0;0;0;0;0;0;0;0;0;0;0;0;0;0;0;0;0;0;0;0;0;0;0;0;0;0;0;0;0;0;0;0;0;0;0;0;0;0;0;0;0;0;0;0;0;0;0;0;0;0;0;0;0
Липецкая область;979 406 738;57 555 223;428 473 395;5 716 596;850 332 087;61 274 831;405 951 784;7 433 246;204 936;51 639;29 056 325;220 489;737 666;51;122 045 294;1 483 612;77;120 561 778;5 586 748;23 840 275;3 606 574;452;3 430 638;519 637;443 175;25 993;68 706;3 898;296 722;33 081;8;8 094;216 662;22;0;0;3;0;0;0;0;4 809;235;2 378;418;0;1 503 240;169 715;0;1 344 333;162 188;0;168 489;7 171;0;33 698;1 434;0;5 055;215;0;9 582;0;0;164;16;0;2;0;0;0;0;0;0;0;0;0;0;0;0;0;0;0;0;0;0;0;0;0;0;0;0;0;0;0;0;0;0;0;0;0;0;0;0;0;0;0;0;0;0;0;0;0;0;0;0;0;0;79 632 386;67 353 601;13 923 130;2 784 626;417 694;1 644 345;128;22;265 875;149 328;0;117 008;460;23 401;3 510;4;1;8;0;0;0;0;0;0;0;284 702;449 168;96 470;109 157;39 768;15 800;25 536;95 631 570;5 888 530;419 884;3 771 464;85 548 084;3 607;0;85 512 760;0;25 978;98 421 009;329;0;0;0;0;0;0;0;4 193;0;844;45 550;0;0;0;0;0;0;3 200 285;55 822;26 009;0;0;0;0;0;0;64;801 832;5 155 881;8 313;1;0;0;1 952;2;0;0;0;0;0;0;3 060 986;1;1 993;1;0;0;331;1;0;0;44 709;1;1;1;1 159;1;0;0;0;0;0;0;0;0;1 675;1;0;0;0;0;748;3;496;3;131 161;8;122 255;19;43 616;2;0;0;1 697;3;151 620;16;2 464;9;13 265;3;0;0;532;1;89 181;19;0;0;0;0;0;0;0;0;0;0;22 058 985;1 717;10 357 370;11;0;0;0;0;0;0;0;0;0;0;0;0;0;0;0;0;0;0;0;0;0;0;0;0;0;0;0;0;0;0;0;0;0;0;0;0;0;0;0;0;0;0;0;0;0;0;0;0;0;0;0;0;0;0;0;0;0;0;0;0;0;0;0;0;0;0;0;0;0;0;0;0;0;0;0;0;0;0;0;0;0;0;0;0;0;0;0;0;0;0;0;0;0;0;0;0;0;0;0;0;0;0;0;0;0;0;0;0;0;0;0;0;0;0;0;0;0;0;0;0;0;0;0;0;0;0;0;0;0;0;0;0;0;0;0;0;0;0;0;0;0;0;0;0;0;0;0;0;0;0;0;0;0;0;0;0;0;0;0;0;0;0;0;0;0;0
Магаданская область;181 980 527;17 872 371;25 345 150;1 726 431;159 368 320;20 854 318;19 725 377;1 576 281;79 890;8 451;203 355;0;0;0;28 137 884;5 306 477;24;22 831 407;2 823 346;4 176 751;295 154;996;1 145 297;49 213;263 314;5 827;36 095;874;1 061 295;0;0;389 789;0;13;0;0;0;0;0;0;0;487;209;291;177;0;265 374;0;0;235 450;0;0;31 621;0;0;6 324;0;0;949;0;0;1 697;0;0;20;0;0;1;0;0;25 350 505;0;0;17 881 154;0;0;7 469 351;0;0;0;0;0;1 493 870;0;0;224 081;0;0;0;0;0;1;0;0;0;0;0;0;0;0;0;0;0;0;0;0;0;0;0;0;0;0;0;0;0;0;0;0;46 646;51 654;0;0;0;5 008;1;1;134 770;252 470;0;0;117 700;0;0;1;1;1;0;0;0;0;0;0;0;0;0;0;0;4 056 797;4 027 430;29 367;470 938;74 633;52 333;194 400;0;0;0;0;0;0;0;0;0;0;0;0;0;0;0;0;0;0;0;0;0;0;0;0;0;0;68 600;0;0;0;0;0;0;0;15;45 713;1 229 635;0;0;0;0;0;0;0;0;0;0;0;0;18 495;1;0;0;0;0;0;0;0;0;0;0;0;0;324 777;2;0;0;0;0;0;0;0;0;0;0;0;0;0;0;0;0;0;0;50;1;26 199;6;1 209;1;0;0;12 161;1;2 743;1;19;1;6 302;1;1 463;1;161;1;10 404;5;0;0;0;0;0;0;0;0;0;0;9 769 588;346;851 401;3;0;0;0;0;0;0;0;0;0;0;412 350;1;0;0;0;0;0;0;0;0;0;0;0;0;0;0;0;0;0;0;0;0;0;0;0;0;0;0;0;0;0;0;0;0;0;0;0;0;0;0;0;0;0;0;0;0;0;0;0;0;0;0;0;0;0;0;0;0;0;0;0;0;0;0;0;0;0;0;0;0;0;0;0;0;0;0;0;0;0;0;0;0;0;0;0;0;0;0;0;0;0;0;0;0;0;0;0;0;0;0;0;0;0;0;0;0;0;0;0;0;0;0;0;0;0;0;0;0;0;0;0;0;0;0;0;0;0;0;0;0;0;0;0;0;0;0;0;0;0;0;0;0;0;0;0;0;0;0;0;0;0;0;0;0;0;0
Московская область;10 102 331 027;987 392 029;649 719 500;115 547 321;9 459 408 298;1 059 706 670;654 352 000;140 868 876;6 304 995;1 539 915;29 181 803;23 359 818;1 080 769;79 858;614 838 828;34 321 871;1 524;580 518 415;105 548 723;113 761 315;17 387 716;36 398;16 302 215;2 495 722;8 285 296;416 890;1 245 237;62 588;6 864 375;2 053 109;59;14 695;253 368;35;0;0;218 228;0;0;0;0;44 457;6 372;16 225;6 099;0;26 007 697;2 665 080;0;21 454 203;1 969 646;0;3 618 912;702 084;0;723 783;140 416;0;108 569;21 063;0;83 721;6 716;0;2 118;58;0;19;2;0;3 272 555;0;0;2 806 560;0;0;465 995;0;0;46 600;0;0;46 600;0;0;13 979;0;0;0;0;0;2;0;0;0;0;0;0;0;0;0;0;0;0;0;0;0;0;0;0;0;0;0;0;0;0;0;0;32 400 678;30 243 774;3 222 666;644 533;96 681;1 065 763;114;29;61 864 947;55 399 548;1 005 530;5 985 141;875 434;1 088 119;179 550;113;33;118;34 156;25 434;4 361;4 361;872;0;1;137 762 444;162 479 048;21 606 169;19 975 973;62 711;49 252;977 606;105 388 089;40 044 809;7 372 481;16 792 749;39 210 773;641 871;58 730;14 046 030;13 754 246;1 440 879;7 079 843;60 269;6 297 707;0;3 191 959;1 809;0;675 000;0;5 570 452;1 725 386;12 895 111;121 824;369 920;9 592;5 792 869;220;297 909;3 500;7 128 242;13 033 644;224 602;58 449;2;5 943;2;0;0;576;5 764 915;42 086 430;863;2;3 692;2;672;1;0;0;0;0;0;0;784 636;3;3 749;2;0;0;0;0;0;0;0;0;0;0;5 045 835;6;0;0;0;0;0;0;0;0;64 524;15;10 145;2;0;0;66 175;21;24 987;18;517 045;39;83 124;71;392 901;1;2 460;2;48 926;15;727 548;110;37 517;33;308 107;27;19 810;11;18 171;8;172 418;117;0;0;0;0;0;0;33;1;162;1;229 464 703;21 783;2 341 634;51;0;0;553;1;0;0;0;0;905;2;0;0;0;0;0;0;0;0;0;0;0;0;0;0;0;0;0;0;0;0;0;0;0;0;0;0;0;0;0;0;0;0;0;0;0;0;0;0;0;0;0;0;0;0;0;0;0;0;0;0;0;0;0;0;0;0;0;0;0;0;0;0;0;0;0;0;0;0;0;0;0;0;0;0;0;0;0;0;0;0;0;0;0;0;0;0;0;0;0;0;0;0;0;0;0;0;0;0;0;0;0;0;0;0;0;0;0;0;0;0;0;0;0;0;0;0;0;0;0;0;0;0;0;0;0;0;0;0;0;0;0;0;0;0;0;0;0;0;0;0;0;0;0;0;0;0;0;0;0;0;0;0;0;0;0;0
Мурманская область;193 022 994;38 385 514;12 521 180;6 505 396;161 323 573;42 202 414;12 091 668;7 399 837;81 670;65 839;1 322 628;2 927 293;652;396;30 888 814;1 794 773;101;29 094 042;7 573 191;5 721 051;872 821;6;1 038 555;159 104;306 584;20 839;45 922;3 213;358 955;97 759;5;0;0;0;0;0;0;0;0;0;0;1 676;579;705;195;0;1 282 854;260 109;0;1 150 919;244 065;0;143 721;23 878;0;28 744;4 776;0;4 312;716;0;11 786;7 834;0;227;12;0;31;1;0;0;0;669 061;0;0;531 195;0;0;138 647;0;0;6 932;0;0;20 797;0;0;4 159;0;0;780;0;0;6;0;0;1;0;0;0;0;0;0;0;0;0;0;0;0;0;0;0;0;0;0;0;0;0;6 786 445;4 702 956;2 083 489;416 699;62 505;0;4;0;8 499 413;6 410 619;30 513;2 081 045;22 766;416 209;62 431;10;4;10;0;0;0;0;0;0;0;0;0;23 023;21 530;0;0;1 493;18 333 570;9 642 039;900 988;7 062 659;720 513;5 869;13 500;540 000;5 850;167 032;480 000;0;0;0;0;0;0;0;0;0;14;0;0;0;0;0;22 500;0;13 500;325 789;0;167 000;14 238;1;0;0;0;0;31;162 360;1 602 331;0;0;0;0;0;0;0;0;0;0;0;0;131 412;1;0;0;0;0;0;0;0;0;0;0;0;0;4 327;1;0;0;0;0;0;0;0;0;1 273;4;152 595;1;0;0;61 979;6;123;2;17 253;11;30 930;24;0;0;0;0;21 640;6;86 960;28;1 491;10;7 559;7;20 113;2;414;1;69 019;37;0;0;0;0;0;0;0;0;0;0;8 695 301;867;0;0;0;0;0;0;0;0;0;0;0;0;1 958 357;4;185 142;1;0;0;0;0;0;0;0;0;0;0;0;0;0;0;0;0;0;0;0;0;0;0;0;0;0;0;0;0;0;0;0;0;0;0;0;0;0;0;0;0;0;0;0;0;0;0;0;0;0;0;0;0;0;0;0;0;0;0;0;0;0;0;0;0;0;0;0;0;0;0;0;0;0;0;0;0;0;0;0;0;0;0;0;0;0;0;0;0;0;0;0;0;0;0;0;0;0;0;0;0;0;0;0;0;0;0;0;0;0;0;0;0;0;0;0;0;0;0;0;0;0;0;0;0;0;0;0;0;0;0;0;0;0;0;0;0;0;0;0;0;0;0;0;0;0;0;0;0;0;0;0;0
Нижегородская область;2 324 315 926;361 552 047;134 995 568;22 209 622;2 197 989 400;399 406 360;108 127 105;21 737 917;507 426;606 820;1 883 863;240 790;822 947;210 153;151 107 831;10 089 115;538;141 019 828;37 224 072;26 740 061;4 229 331;448;3 435 564;526 244;1 777 726;48 469;259 828;7 272;2 017 823;1 449 128;26;0;0;0;0;0;398;0;0;0;0;21 067;2 738;9 007;2 654;0;6 955 071;202 113;0;6 627 495;189 282;0;404 830;12 831;0;80 966;2 566;0;12 147;386;0;77 381;0;0;390;16;0;26;0;0;0;0;13 864;0;0;14 190;0;0;0;0;0;0;0;0;0;0;0;0;0;0;326;0;0;1;0;0;1;0;0;0;0;0;0;0;0;0;0;0;0;0;0;0;0;0;0;0;0;0;11 245 768;10 596 019;782 817;156 565;23 484;133 068;62;7;4 988 607;5 031 707;0;234 242;277 343;46 849;7 027;10;4;17;0;0;0;0;0;0;0;1 171 143;1 142 163;10 692 906;13 744 374;409 649;137 999;389 160;17 937 961;4 431 176;888 216;8 063 996;3 574 944;75 167;0;471 083;153 689;77 119;2 500 000;153 754;0;0;0;15 050;0;0;0;5 466;66 903;805 703;52 576;209 921;0;0;0;0;0;816 493;305 072;45 763;520 852;2;6 911;3;0;0;247;810 531;6 005 361;31 521;4;3 138;2;0;0;0;0;0;0;0;0;512 786;8;840 633;1;0;0;0;0;0;0;36 939;2;21;1;151 087;2;121 561;1;0;0;0;0;176 188;1;197 394;12;10 765;1;0;0;100 349;26;66 660;18;47 817;44;217 582;77;13 721;11;257 011;4;257 110;11;413 722;64;67 141;21;32 064;19;74 100;11;42 398;9;363 042;96;0;0;0;0;0;0;6 886;2;5 694;1;52 220 533;7 161;2 066 860;21;0;0;0;0;0;0;0;0;111;1;0;0;0;0;4 707 042;2;0;0;0;0;0;0;21 429;1;0;0;0;0;0;0;0;0;0;0;0;0;0;0;0;0;0;0;0;0;0;0;0;0;0;0;0;0;0;0;0;0;0;0;0;0;0;0;0;0;0;0;0;0;0;0;0;0;0;0;0;0;0;0;0;0;0;0;0;0;0;0;0;0;0;0;0;0;0;0;0;0;0;0;0;0;0;0;0;0;0;0;0;0;0;0;0;0;0;0;0;0;0;0;0;0;0;0;0;0;0;0;0;0;0;0;0;0;0;0;0;0;0;0;0;0;0;0;0;0;0;0;0;0;0;0;0;0;0;0;0;0;0;0;0;0;0;0;0;0;0;0
Новгородская область;275 597 017;34 612 905;34 158 607;1 251 745;246 247 379;36 603 411;25 636 096;2 176 239;356 052;66 931;11 486 126;51 396;49 778;305;26 693 955;717 143;77;25 976 812;2 899 769;5 090 993;779 198;0;901 312;135 634;361 237;36 787;54 674;5 518;143 429;101 341;4;0;0;0;0;0;8;0;0;0;0;2 054;494;1 058;340;0;643 658;0;0;623 919;0;0;21 017;0;0;4 203;0;0;631;0;0;1 278;0;0;28;0;0;2;0;0;0;0;270 811;0;0;267 512;0;0;3 299;0;0;165;0;0;495;0;0;99;0;0;0;0;0;2;0;0;0;0;0;0;0;0;0;0;0;0;0;0;0;0;0;0;0;0;0;0;0;0;8 499 614;7 848 738;653 040;130 609;19 591;2 164;15;2;296 679;194 824;0;125 799;23 944;20 757;3 774;2;1;1;0;0;0;0;0;0;0;0;0;154 232;131 183;6 297;0;1 677;9 061 362;702 037;1 791 050;432 335;5 627 626;4 485;0;5 561 569;64 643;5 865;0;0;0;0;0;0;0;0;0;0;0;33 712;1 414;0;0;0;0;0;0;8 820 437;64 643;0;0;0;3 949;1;0;0;43;361 549;1 466 914;10;1;0;0;0;0;0;0;0;0;0;0;0;0;6 020;1;0;0;0;0;0;0;0;0;0;0;17 088;1;0;0;0;0;0;0;0;0;0;0;0;0;0;0;6 051;3;14 819;3;2 791;4;10 427;9;0;0;341;1;1 643;1;39 004;6;295;2;0;0;0;0;69;1;18 680;16;0;0;0;0;0;0;0;0;0;0;9 433 735;1 038;29 605;3;0;0;0;0;0;0;0;0;0;0;0;0;0;0;0;0;0;0;0;0;0;0;0;0;0;0;0;0;0;0;0;0;0;0;0;0;0;0;0;0;0;0;0;0;0;0;0;0;0;0;0;0;0;0;0;0;0;0;0;0;0;0;0;0;0;0;0;0;0;0;0;0;0;0;0;0;0;0;0;0;0;0;0;0;0;0;0;0;0;0;0;0;0;0;0;0;0;0;0;0;0;0;0;0;0;0;0;0;0;0;0;0;0;0;0;0;0;0;0;0;0;0;0;0;0;0;0;0;0;0;0;0;0;0;0;0;0;0;0;0;0;0;0;0;0;0;0;0;0;0;0;0;0;0;0;0;0;0;0;0;0;0;0;0;0;0
Новосибирская область;2 054 040 971;151 835 233;201 983 989;14 031 691;1 952 522 726;168 076 462;183 903 555;18 828 679;596 352;343 427;3 698 449;1 302 459;94 795;19 165;116 575 458;2 362 311;432;114 213 147;21 898 053;22 739 963;3 426 393;36 531;2 808 495;422 254;1 665 802;39 012;251 221;5 835;472 462;102 667;146;0;0;0;0;0;3 522;0;0;0;0;22 155;3 118;8 845;2 241;0;10 683 067;291 272;0;9 395 776;265 149;0;1 316 425;26 186;0;263 285;5 237;0;39 493;786;0;29 133;64;0;131;21;0;10;2;0;0;0;0;0;0;0;0;0;0;0;0;0;0;0;0;0;0;0;0;0;0;0;0;0;0;0;0;0;0;0;0;0;0;0;0;0;0;0;0;0;0;0;0;0;0;0;0;0;22 285 962;19 379 314;2 993 537;598 707;89 806;86 889;104;11;870 097;895 712;8 413;35 967;60 132;7 193;1 079;12;4;15;0;0;0;0;0;0;0;51 107 067;54 281 823;20 245 027;19 580 405;3 935 327;5 126 974;294 189;26 733 446;6 617 687;814 000;2 456 835;16 598 430;112 970;16 364 530;108 088;39 432;149 692;604 236;99 573;485 278;0;0;0;0;0;51 336;0;51 489;0;15 600;0;0;0;0;0;0;6 620;21 990;204 921;0;0;2 198;2;0;0;205;583 218;2 022 378;0;0;879;2;8 965;3;0;0;0;0;0;0;133 653;2;350 404;2;0;0;0;0;0;0;0;0;0;0;1 434;3;0;0;0;0;0;0;0;0;1 193;3;70 314;1;0;0;18 653;6;50 155;4;23 924;18;26 525;28;2 757;1;5 844;3;7 514;2;54 053;27;1 865;6;6 376;6;16 806;6;9 431;4;58 404;37;0;0;0;0;0;0;0;0;1 540;1;26 734 728;7 863;1 753 379;41;0;0;0;0;0;0;133;1;512;1;0;0;0;0;0;0;0;0;0;0;0;0;0;0;0;0;0;0;0;0;0;0;0;0;0;0;0;0;0;0;0;0;0;0;0;0;0;0;0;0;0;0;0;0;0;0;0;0;0;0;0;0;0;0;0;0;0;0;0;0;0;0;0;0;0;0;0;0;0;0;0;0;0;0;0;0;0;0;0;0;0;0;0;0;0;0;0;0;0;0;0;0;0;0;0;0;0;0;0;0;0;0;0;0;0;0;0;0;0;0;0;0;0;0;0;0;0;0;0;0;0;0;0;0;0;0;0;0;0;0;0;0;0;0;0;0;0;0;0;0;0;0;0;0;0;0;0;0;0;0;0;0;0;0;0;0
Омская область;582 376 204;86 184 101;42 742 293;8 356 276;539 139 526;96 650 270;47 360 625;4 887 510;139 962;163 420;630 670;25 789;10 192;0;38 124 992;1 838 691;167;36 286 301;6 857 564;7 059 077;1 088 587;705;839 381;125 978;1 061 175;30 167;163 660;4 525;367 738;198 168;5;0;0;0;0;0;413;0;0;0;0;7 758;854;3 889;874;0;5 076 116;698 227;0;4 522 385;627 146;0;565 172;82 059;0;113 034;16 412;0;16 955;2 462;0;11 442;10 978;0;248;50;0;13;1;0;0;0;0;0;0;0;0;0;0;0;0;0;0;0;0;0;0;0;0;0;0;0;0;0;0;0;0;0;0;0;0;0;0;0;0;0;0;0;0;0;0;0;0;0;0;0;0;0;17 759 865;15 323 511;2 730 866;546 172;81 926;294 512;83;8;8 598 142;7 606 871;0;991 383;112;198 277;29 741;4;1;2;0;0;0;0;0;0;0;4 980 015;4 973 633;1 363 656;1 447 361;0;0;9 749;6 041 102;3 484 611;135 086;2 244 170;105 830;1 879;0;93 374;0;9 588;18 874;0;9 588;0;0;0;0;0;0;74 500;0;0;54;0;0;0;0;0;0;0;0;7 846;0;0;0;0;0;0;78;118 352;1 089 371;1 358;1;0;0;0;0;0;0;0;0;0;0;784 582;2;12 713;2;0;0;0;0;0;0;0;0;0;0;1 273;1;0;0;0;0;0;0;74 683;1;112;1;0;0;0;0;24 480;6;2 156;3;6 716;10;30 454;20;9;1;0;0;466;1;55 801;20;2 705;7;31 585;2;530;2;0;0;37 264;18;0;0;0;0;0;0;0;0;0;0;17 344 382;2 602;274 168;21;0;0;0;0;0;0;0;0;0;0;0;0;0;0;0;0;0;0;0;0;0;0;0;0;0;0;0;0;0;0;0;0;0;0;0;0;0;0;0;0;0;0;0;0;0;0;0;0;0;0;0;0;0;0;0;0;0;0;0;0;0;0;0;0;0;0;0;0;0;0;0;0;0;0;0;0;0;0;0;0;0;0;0;0;0;0;0;0;0;0;0;0;0;0;0;0;0;0;0;0;0;0;0;0;0;0;0;0;0;0;0;0;0;0;0;0;0;0;0;0;0;0;0;0;0;0;0;0;0;0;0;0;0;0;0;0;0;0;0;0;0;0;0;0;0;0;0;0;0;0;0;0;0;0;0;0;0;0;0;0;0;0;0;0;0;0
Оренбургская область;804 890 386;126 149 301;25 027 003;37 388 333;684 734 388;145 323 066;27 233 956;38 247 458;439 764;233 056;972 700;276 952;67 231;44;117 358 082;3 943 112;139;113 418 240;20 076 826;21 611 338;3 402 445;6 020;2 053 007;320 949;455 330;30 091;68 507;4 513;788 623;1 071 489;2;0;0;0;0;0;0;0;0;0;0;4 942;806;2 186;592;0;2 381 364;10 017;0;2 212 161;3 520;0;194 615;6 497;0;38 923;1 299;0;5 838;195;0;26 856;0;0;278;4;0;7;0;0;0;0;0;0;0;0;0;0;0;0;0;0;0;0;0;0;0;0;0;0;0;0;0;0;0;0;0;0;0;0;0;0;0;0;0;0;0;0;0;0;0;0;0;0;0;0;0;0;10 633 839;10 134 023;1 145 904;229 180;34 377;646 088;96;10;2 400 079;2 321 253;0;268 313;189 486;53 663;8 049;11;3;7;0;0;0;0;0;0;0;1 437 599;1 415 902;194 884;186 350;0;0;9 204;6 873 151;4 339 446;532 339;1 807 345;8 276;6 242;0;0;0;748;0;0;2 908 273;0;0;0;0;0;0;8 761;0;0;0;0;0;0;0;0;0;0;0;0;0;0;0;0;0;0;97;959 557;16 417 029;0;0;0;0;0;0;0;0;0;0;0;0;1 229 077;5;1 004;1;0;0;0;0;0;0;10 816;3;0;0;4 725;1;0;0;0;0;6 652;1;2 220;1;157;2;0;0;0;0;125 403;7;33 225;5;17 853;8;80 248;25;0;0;0;0;2 173;1;71 895;15;1 159;7;26 483;1;9 179;3;17 526;4;118 568;25;0;0;0;0;0;0;59;1;440;1;46 346 892;2 109;109 825;11;0;0;0;0;0;0;0;0;0;0;0;0;0;0;0;0;0;0;0;0;0;0;0;0;0;0;0;0;0;0;0;0;0;0;0;0;0;0;0;0;0;0;0;0;0;0;0;0;0;0;0;0;0;0;0;0;0;0;0;0;0;0;0;0;0;0;0;0;0;0;0;0;0;0;0;0;0;0;0;0;0;0;0;0;0;0;0;0;0;0;0;0;0;0;0;0;0;0;0;0;0;0;0;0;0;0;0;0;0;0;0;0;0;0;0;0;0;0;0;0;0;0;0;0;0;0;0;0;0;0;0;0;0;0;0;0;0;0;0;0;0;0;0;0;0;0;0;0;0;0;0;0;0;0;0;0;0;0;0;0;0;0;0;0;0;0
Орловская область;176 158 238;46 327 671;7 928 831;2 896 893;164 227 032;49 426 901;7 628 104;2 578 455;42 136;331 941;774 985;596 537;36 480;122;11 475 411;177 752;68;11 297 659;3 043 459;2 159 691;338 930;0;295 919;46 217;213 817;11 163;32 069;1 675;35 550;99 840;3;0;0;0;0;0;382;0;0;0;0;2 567;431;2 113;413;0;657 671;4 432;0;614 435;3 101;0;48 057;1 331;0;9 611;266;0;1 442;40;0;4 822;0;0;104;1;0;2;0;0;0;0;0;0;0;0;0;0;0;0;0;0;0;0;0;0;0;0;0;0;0;0;0;0;0;0;0;0;0;0;0;0;0;0;0;0;0;0;0;0;0;0;0;0;0;0;0;0;26 440 559;21 158 269;5 820 577;1 164 115;174 618;538 287;115;10;4 900;4 700;0;200;0;40;6;2;0;4;0;0;0;0;0;0;0;0;0;1 395 387;1 381 031;0;0;14 857;1 575 435;1 018 943;18 042;452 358;71 434;0;0;71 429;5;0;123 164;0;0;0;0;0;0;0;0;0;0;0;0;0;0;0;0;0;0;1 406;5;0;0;0;0;0;0;0;45;46 389;301 161;3 198;3;0;0;0;0;0;0;0;0;0;0;166 499;1;40 145;1;0;0;0;0;0;0;0;0;0;0;0;0;0;0;0;0;0;0;0;0;11;1;0;0;0;0;0;0;0;0;523;3;303;4;0;0;0;0;0;0;3 550;4;135;2;449;1;0;0;0;0;955;5;0;0;0;0;0;0;0;0;0;0;7 342 838;1 152;18 066;4;0;0;0;0;0;0;0;0;0;0;0;0;0;0;0;0;0;0;0;0;0;0;0;0;0;0;0;0;0;0;0;0;0;0;0;0;0;0;0;0;0;0;0;0;0;0;0;0;0;0;0;0;0;0;0;0;0;0;0;0;0;0;0;0;0;0;0;0;0;0;0;0;0;0;0;0;0;0;0;0;0;0;0;0;0;0;0;0;0;0;0;0;0;0;0;0;0;0;0;0;0;0;0;0;0;0;0;0;0;0;0;0;0;0;0;0;0;0;0;0;0;0;0;0;0;0;0;0;0;0;0;0;0;0;0;0;0;0;0;0;0;0;0;0;0;0;0;0;0;0;0;0;0;0;0;0;0;0;0;0;0;0;0;0;0;0
Пензенская область;352 974 755;48 902 360;8 346 741;1 884 733;337 740 236;51 298 744;10 984 577;3 024 842;124 224;35 397;91 554;104 000;5;713;12 629 348;1 013 441;82;11 615 907;3 605 788;2 310 769;348 424;0;507 885;76 186;156 843;74 156;23 532;11 123;202 689;12 413;4;0;0;0;0;0;0;0;0;0;0;4 530;300;2 767;614;0;1 978 647;23 023;0;1 769 072;17 955;0;210 740;5 068;0;42 148;1 014;0;6 322;152;0;1 166;0;0;56;3;0;1;0;0;0;0;28 182;0;0;116 891;0;0;0;0;0;0;0;0;0;0;0;0;0;0;88 709;0;0;2;0;0;2;0;0;0;0;0;0;0;0;0;0;0;0;0;0;0;0;0;0;0;0;0;37 241 562;33 971 835;3 815 832;763 166;114 476;546 105;57;11;574;1 387;0;0;813;0;0;2;1;2;0;0;0;0;0;0;0;200 000;200 000;141 086;165 789;0;0;21;2 100 568;1 818 485;19 445;243 560;0;0;0;0;0;0;0;0;0;0;0;0;0;0;0;0;78 604;0;0;0;0;0;0;0;0;0;0;0;0;0;4 775;1;0;0;68;92 441;2 198 296;0;0;47;1;0;0;0;0;0;0;0;0;0;0;2 302;1;0;0;0;0;0;0;0;0;0;0;0;0;0;0;0;0;0;0;0;0;0;0;154 771;1;0;0;66;1;7 063;1;3 630;5;4 258;8;0;0;0;0;21 038;3;5 394;5;13;3;75;1;5 532;2;0;0;8 244;9;0;0;0;0;0;0;0;0;0;0;10 929 580;1 517;234 179;13;0;0;0;0;0;0;0;0;0;0;0;0;0;0;0;0;0;0;0;0;0;0;0;0;0;0;0;0;0;0;0;0;0;0;0;0;0;0;0;0;0;0;0;0;0;0;0;0;0;0;0;0;0;0;0;0;0;0;0;0;0;0;0;0;0;0;0;0;0;0;0;0;0;0;0;0;0;0;0;0;0;0;0;0;0;0;0;0;0;0;0;0;0;0;0;0;0;0;0;0;0;0;0;0;0;0;0;0;0;0;0;0;0;0;0;0;0;0;0;0;0;0;0;0;0;0;0;0;0;0;0;0;0;0;0;0;0;0;0;0;0;0;0;0;0;0;0;0;0;0;0;0;0;0;0;0;0;0;0;0;0;0;0;0;0;0
Пермский край;1 431 754 041;142 199 809;112 927 642;12 502 011;1 209 088 570;153 726 135;109 856 198;17 397 288;479 177;1 063 290;6 247 809;1 526 463;112 993;12 258;219 860 351;6 875 113;378;212 986 437;16 894 353;37 925 787;6 389 589;12 119;5 171 171;867 395;1 054 537;223 050;161 562;39 400;1 375 022;4 632 445;70;0;0;0;0;0;792;0;0;0;0;12 589;1 969;5 423;1 531;0;5 969 834;708 155;0;5 339 240;583 897;0;658 004;124 258;0;131 601;24 852;0;19 740;3 728;0;27 410;15 922;0;157;3;0;10;0;0;19 791 699;0;928 701;11 090 100;0;773 472;8 701 599;0;162 901;0;0;8 532;1 740 320;0;24 049;261 048;0;4 887;0;0;7 671;1;0;11;0;0;1;0;0;0;0;0;0;0;0;0;0;0;0;0;0;0;0;0;0;0;0;0;12 996 383;12 166 784;1 274 286;254 857;38 229;444 687;80;11;2 828 717;2 902 696;6 565;99 296;180 005;19 859;2 979;21;5;12;0;0;0;0;0;0;0;10 033 164;12 549 529;5 886 791;5 952 738;0;0;212 958;85 165 459;77 505 220;1 185 536;1 891 103;4 251 801;45 481;0;1 678 898;2 475 414;56 168;807 395;21 060;22 458;0;0;1 920 218;0;0;13 487;0;1 800;580 570;0;290 933;14 994;0;0;0;0;0;534 136;1 193;1 610;1;38 782;3;0;0;233;1 381 658;13 825 190;0;0;442;2;0;0;0;0;0;0;0;0;2 760 395;11;8 928;2;0;0;0;0;0;0;23 965;1;0;0;120 566;6;0;0;0;0;0;0;244 434;5;33 512;14;0;0;0;0;48 815;20;23 073;8;45 674;38;181 920;86;0;0;1 780;1;53 354;6;345 371;77;14 357;32;60 424;14;77 028;16;39 043;8;193 663;93;0;0;0;0;0;0;166;1;3 210 024;3;43 781 816;5 241;5 836 393;29;0;0;0;0;0;0;0;0;0;0;0;0;0;0;0;0;0;0;0;0;0;0;132 801;1;0;0;0;0;0;0;0;0;0;0;0;0;0;0;0;0;0;0;0;0;0;0;0;0;0;0;0;0;0;0;0;0;0;0;0;0;0;0;0;0;0;0;0;0;0;0;0;0;0;0;0;0;0;0;0;0;0;0;0;0;0;0;0;0;0;0;0;0;0;0;0;0;0;0;0;0;0;0;0;0;0;0;0;0;0;0;0;0;0;0;0;0;0;0;0;0;0;0;0;0;0;0;0;0;0;0;0;0;0;0;0;0;0;0;0;0;0;0;0;0;0;0;0;0;0;0;0;0;0;0;0;0;0;0;0;0;0;0;0;0;0;0
Псковская область;160 612 781;21 178 773;4 819 101;1 677 847;154 986 740;22 880 999;4 650 474;2 107 666;55 529;51 558;3 831;131;2 359;0;5 844 007;371 499;71;5 472 510;2 080 615;1 061 199;163 794;95;186 822;28 962;151 392;19 627;23 614;3 446;74 300;26 406;13;0;6 516;1;0;0;0;0;0;0;0;2 471;577;985;410;0;576 082;0;0;438 924;0;0;138 202;0;0;27 640;0;0;4 146;0;0;1 044;0;0;28;0;0;1;0;0;0;0;0;0;0;0;0;0;0;0;0;0;0;0;0;0;0;0;0;0;0;0;0;0;0;0;0;0;0;0;0;0;0;0;0;0;0;0;0;0;0;0;0;0;0;0;0;0;29 398 270;23 009 936;6 424 179;1 284 836;192 726;35 845;28;6;17 747;17 543;0;204;0;41;6;1;0;2;0;0;0;0;0;0;0;192 048;187 754;328 166;328 181;0;0;0;158 551;44 346;4 172;73 504;23 932;12 548;0;1 341;22 591;12 548;0;0;0;0;0;0;0;0;0;0;0;0;0;0;0;0;0;0;0;51 204;25 203;0;0;0;0;0;0;0;37;139 728;586 837;0;0;0;0;0;0;0;0;0;0;0;0;0;0;6 604;1;0;0;0;0;0;0;0;0;0;0;0;0;0;0;0;0;0;0;10 154;1;0;0;0;0;0;0;110;1;0;0;20;2;1 544;7;0;0;0;0;0;0;214;1;0;0;0;0;0;0;0;0;703;3;0;0;0;0;0;0;0;0;0;0;5 216 644;1 283;9 399;1;0;0;0;0;0;0;0;0;0;0;0;0;0;0;0;0;0;0;0;0;0;0;0;0;0;0;0;0;0;0;0;0;0;0;0;0;0;0;0;0;0;0;0;0;0;0;0;0;0;0;0;0;0;0;0;0;0;0;0;0;0;0;0;0;0;0;0;0;0;0;0;0;0;0;0;0;0;0;0;0;0;0;0;0;0;0;0;0;0;0;0;0;0;0;0;0;0;0;0;0;0;0;0;0;0;0;0;0;0;0;0;0;0;0;0;0;0;0;0;0;0;0;0;0;0;0;0;0;0;0;0;0;0;0;0;0;0;0;0;0;0;0;0;0;0;0;0;0;0;0;0;0;0;0;0;0;0;0;0;0;0;0;0;0;0;0
Ростовская область;1 917 361 324;264 900 801;122 374 227;26 312 966;1 815 880 130;277 184 608;124 982 359;37 890 446;474 892;553 235;2 693 907;1 372 017;52 568;4 406;96 725 412;4 024 677;428;92 703 761;24 660 829;18 460 485;2 780 280;3 713;2 396 275;359 173;2 006 980;84 153;301 582;12 626;804 936;72 403;13;0;0;0;0;0;8 135;0;0;0;0;15 143;2 540;8 264;2 060;0;8 185 693;229 156;0;7 432 812;195 599;0;890 674;33 555;0;178 135;6 711;0;26 720;1 007;0;40 518;0;0;466;20;0;21;0;0;1 827 038;0;422 856;1 714 583;0;379 864;112 455;0;44 749;0;0;0;22 491;0;8 950;3 374;0;1 342;0;0;1 757;1;0;7;0;0;1;0;0;0;0;0;0;0;0;0;0;0;0;0;0;0;0;0;0;0;0;0;45 902 212;39 789 250;9 957 716;1 991 543;298 730;3 844 754;269;30;622 324;545 688;17 138;63 614;4 116;12 722;1 908;11;1;9;0;0;0;0;0;0;0;466 081;456 412;1 416 518;1 399 910;391 990;256 677;207 367;18 200 182;11 037 156;1 785 468;2 560 876;2 318 975;263 598;119 148;615 330;61 974;136 614;777 387;66 649;9 800;0;0;0;0;0;0;0;44 473;97 413;0;0;52 556;0;0;264 300;0;121 140;267 906;84 059;9 000;1;1 099;2;0;0;161;474 197;3 621 061;33 652;1;1 700;3;5;1;0;0;612;1;0;0;359 272;2;0;0;0;0;0;0;0;0;0;0;0;0;333 420;4;0;0;0;0;0;0;0;0;142 548;2;0;0;0;0;41 298;9;25 980;8;19 272;17;46 589;35;0;0;0;0;2 342;2;48 829;17;2 202;7;1 574;3;2 187;2;1 460;4;67 828;35;0;0;0;0;0;0;14;1;54 588;1;44 595 054;6 467;775 314;19;0;0;20;1;0;0;0;0;0;0;4 056 084;14;90 916;1;0;0;0;0;0;0;0;0;0;0;0;0;0;0;0;0;0;0;0;0;0;0;0;0;0;0;0;0;0;0;0;0;0;0;0;0;0;0;0;0;0;0;0;0;0;0;0;0;0;0;0;0;0;0;0;0;0;0;0;0;0;0;0;0;0;0;0;0;0;0;0;0;0;0;0;0;0;0;0;0;0;0;0;0;0;0;0;0;0;0;0;0;0;0;0;0;0;0;0;0;0;0;0;0;0;0;0;0;0;0;0;0;0;0;0;0;0;0;0;0;0;0;0;0;0;0;0;0;0;0;0;0;0;0;0;0;0;0;0;0;0;0;0;0;0;0;0;0;0;0;0;0
Рязанская область;490 871 533;28 153 493;14 584 351;16 884 542;462 930 894;30 325 995;15 608 107;18 193 926;240 601;232 792;453 877;1 200;9 581;0;26 695 117;1 856 134;89;24 839 267;3 250 293;4 844 301;745 080;511;852 568;131 784;204 360;52 101;30 654;7 815;371 227;122 968;11;0;0;0;0;0;0;0;0;0;0;5 616;343;3 664;862;0;1 281 144;159 590;0;1 229 279;152 550;0;58 529;7 040;0;11 706;1 408;0;1 756;211;0;0;0;0;145;21;0;0;0;0;0;0;358 887;0;0;311 116;0;0;47 771;0;0;1 433;0;0;8 121;0;0;1 433;0;0;0;0;0;1;0;0;0;0;0;0;0;0;0;0;0;0;0;0;0;0;0;0;0;0;0;0;0;0;23 814 534;20 053 418;3 818 329;763 666;114 549;57 213;154;12;1 342 136;768 835;287 431;287 431;1 561;57 486;8 623;2;1;2;0;0;0;0;0;0;0;919 290;915 494;45 252;44 186;0;8 500;1 089;2 033 675;1 418 858;50 811;525 870;3 778;179;0;0;0;169;0;0;0;0;0;0;0;0;0;0;0;55 000;0;1 467;0;0;0;0;0;0;7 135;0;0;0;0;0;0;0;54;59 313;727 782;0;0;53;1;0;0;0;0;0;0;0;0;0;0;0;0;0;0;0;0;0;0;0;0;0;0;0;0;0;0;0;0;0;0;0;0;8 568;2;0;0;0;0;5 400;2;3 264;4;422;3;1 722;9;19 876;1;0;0;2 352;2;3 900;6;199;4;342;1;353;1;0;0;4 865;12;0;0;0;0;0;0;0;0;0;0;12 466 208;1 890;179 123;6;0;0;0;0;0;0;0;0;0;0;0;0;0;0;71 627;1;0;0;0;0;0;0;0;0;0;0;0;0;0;0;0;0;0;0;0;0;0;0;0;0;0;0;0;0;0;0;0;0;0;0;0;0;0;0;0;0;0;0;0;0;0;0;0;0;0;0;0;0;0;0;0;0;0;0;0;0;0;0;0;0;0;0;0;0;0;0;0;0;0;0;0;0;0;0;0;0;0;0;0;0;0;0;0;0;0;0;0;0;0;0;0;0;0;0;0;0;0;0;0;0;0;0;0;0;0;0;0;0;0;0;0;0;0;0;0;0;0;0;0;0;0;0;0;0;0;0;0;0;0;0;0;0;0;0;0;0;0;0;0;0;0;0;0;0;0;0
Самарская область;2 522 503 675;186 450 811;167 865 735;19 670 947;2 360 233 761;205 381 673;125 119 803;25 749 420;664 962;511 604;10 018 043;971 777;34 613;195;195 757 120;10 463 662;309;185 293 460;25 438 540;34 400 898;5 550 227;14 350;3 954 947;629 973;1 746 632;115 383;264 297;17 395;2 092 733;2 509 402;17;8 494;139 816;7;0;0;24;0;0;0;0;25 372;1 495;10 197;3 630;0;8 342 371;551 468;0;8 071 049;495 501;0;441 517;55 990;0;88 303;11 198;0;13 246;1 680;0;170 194;21;0;340;34;0;7;1;0;0;0;4 982 794;0;0;4 267 677;0;0;715 117;0;0;16 367;0;0;147 137;0;0;24 523;0;0;102 405;0;0;34;0;0;10;0;0;0;0;0;0;0;0;0;0;0;0;0;0;0;0;0;0;0;0;0;15 052 513;12 428 191;2 745 344;549 066;82 360;121 022;156;8;8 771 186;5 859 654;2 416;2 911 815;2 698;582 363;87 354;18;4;19;0;0;0;0;0;0;0;4 800 611;4 558 321;6 982 881;7 146 372;148 761;311 095;167 373;10 647 832;5 558 412;700 917;2 088 355;2 293 065;832;0;232 678;199 097;1 658 073;24 400;3 050;0;0;0;0;0;0;0;19 950;3 360;169 770;1 671;57 084;0;0;0;0;0;241 933;3 356;1 612 825;3 175;1;0;0;0;0;226;1 288 849;12 425 260;0;0;8 460;1;16;1;0;0;0;0;0;0;697 350;4;23 542;1;0;0;0;0;0;0;2 500;1;0;0;29 593;3;0;0;0;0;0;0;60 792;1;3 799;5;0;0;0;0;30 377;22;5 231;7;633 241;35;99 387;52;0;0;0;0;253 381;11;301 010;45;20 359;29;3 555;7;11 975;4;217;1;262 471;76;0;0;0;0;0;0;27;2;11 754;1;59 318 709;7 343;1 026 165;23;0;0;0;0;0;0;0;0;0;0;911 960;1;0;0;1 593 421;3;0;0;0;0;0;0;0;0;0;0;0;0;0;0;0;0;0;0;0;0;0;0;0;0;0;0;0;0;0;0;0;0;0;0;0;0;0;0;0;0;0;0;0;0;0;0;0;0;0;0;0;0;0;0;0;0;0;0;0;0;0;0;0;0;0;0;0;0;0;0;0;0;0;0;0;0;0;0;0;0;0;0;0;0;0;0;0;0;0;0;0;0;0;0;0;0;0;0;0;0;0;0;0;0;0;0;0;0;0;0;0;0;0;0;0;0;0;0;0;0;0;0;0;0;0;0;0;0;0;0;0;0;0;0;0;0;0;0;0;0;0;0;0;0;0;0;0;0;0;0
Саратовская область;679 293 508;53 813 557;25 809 204;6 412 085;636 454 577;60 631 882;26 033 899;9 154 607;85 744;180 881;471 649;1 740;11 167;33;42 237 452;2 181 324;174;40 056 129;9 350 719;8 011 085;1 201 645;6;1 205 746;180 839;474 013;16 234;71 224;2 436;436 265;0;0;0;0;0;0;0;0;0;0;0;0;8 759;783;3 166;1 215;0;5 070 028;99 131;0;4 455 078;84 949;0;618 791;14 184;0;123 758;2 837;0;18 564;426;0;3 842;0;0;238;19;0;4;0;0;0;0;23 855;0;0;21 667;0;0;2 189;0;0;109;0;0;328;0;0;66;0;0;0;0;0;6;0;0;0;0;0;0;0;0;0;0;0;0;0;0;0;0;0;0;0;0;0;0;0;0;16 031 297;13 316 513;3 205 295;641 059;96 158;490 511;161;21;1 264 967;1 047 724;0;217 242;0;43 448;6 517;4;0;4;0;0;0;0;0;0;0;2 669 280;2 661 921;711 996;1 914 784;0;0;21 382;13 295 341;11 211 627;300 118;500 937;1 068 975;620;0;410 111;0;1 115;325 932;0;0;0;0;0;0;0;0;0;13;0;0;656 484;0;0;0;4;0;0;0;8;0;0;11 447;2;0;0;97;696 936;2 279 676;0;0;0;0;0;0;0;0;0;0;0;0;472 442;4;115 398;2;0;0;0;0;0;0;5 062;2;93;1;0;0;0;0;0;0;0;0;0;0;2 239;1;0;0;0;0;12 295;8;1 140;5;10 092;21;35 213;33;20 736;3;724;1;62 826;5;113 472;12;16 251;5;12;1;184;2;4 187;3;82 234;37;0;0;0;0;0;0;446;2;423;2;18 837 196;3 209;742 481;11;0;0;0;0;0;0;0;0;0;0;0;0;0;0;0;0;0;0;0;0;0;0;0;0;0;0;0;0;0;0;0;0;0;0;0;0;0;0;0;0;0;0;0;0;0;0;0;0;0;0;0;0;0;0;0;0;0;0;0;0;0;0;0;0;0;0;0;0;0;0;0;0;0;0;0;0;0;0;0;0;0;0;0;0;0;0;0;0;0;0;0;0;0;0;0;0;0;0;0;0;0;0;0;0;0;0;0;0;0;0;0;0;0;0;0;0;0;0;0;0;0;0;0;0;0;0;0;0;0;0;0;0;0;0;0;0;0;0;0;0;0;0;0;0;0;0;0;0;0;0;0;0;0;0;0;0;0;0;0;0;0;0;0;0;0;0
Сахалинская область;240 418 618;30 083 279;40 036 045;15 366 763;222 745 031;38 405 199;20 132 265;5 997 685;735 103;350 855;3 623 196;7 645 561;6 753;0;34 683 060;3 686 528;101;30 996 533;6 247 548;5 811 289;828 428;0;987 769;145 866;546 532;38 944;81 826;5 865;737 306;285 958;1;0;0;0;0;0;0;0;0;0;0;1 262;566;848;214;0;425 306;138 648;449 549;412 569;131 289;389 160;24 567;7 371;72 004;4 913;1 474;14 401;737;221;2 160;11 829;12;11 613;47;5;3;2;1;2;289 996;0;3 216 391;174 261;0;2 767 426;115 735;0;695 485;0;0;0;23 147;0;139 097;3 472;0;20 865;0;0;246 521;1;0;5;0;0;2;0;2 934 237;0;4 013 485;0;0;0;209 729;0;0;0;0;41 946;0;6 292;0;1 288 977;0;9;0;4;6 473 289;5 171 439;1 397 865;279 573;41 936;96 015;5;2;42 008 990;32 607 955;6 943;9 310 122;74 651;1 862 024;279 304;43;11;22;1 523 172;937 946;292 613;292 613;58 523;0;1;0;0;188 401;187 869;0;0;532;10 259 879;2 471 523;289 852;447 391;7 013 618;4 263;1 430;136 751;183 582;254 346;1 430;3 555 000;501 839;0;105 491;32 211;25 000;0;24 113;0;0;0;0;244 900;0;0;0;3 808;1 430;1 900;148 670;12 494;0;0;0;0;0;0;48;292 640;2 714 769;0;0;0;0;0;0;0;0;0;0;0;0;16 798;1;0;0;0;0;0;0;0;0;0;0;0;0;435 957;3;0;0;0;0;0;0;0;0;0;0;0;0;0;0;13 218;9;1 854;3;1 212;7;13 814;16;0;0;0;0;23 442;2;7 453;8;555;7;2 073;3;0;0;0;0;6 092;13;0;0;0;0;0;0;0;0;0;0;10 339 064;836;53 846;4;0;0;0;0;0;0;0;0;0;0;2 791 733;3;1 497 200;1;0;0;0;0;0;0;0;0;0;0;0;0;0;0;0;0;0;0;0;0;0;0;0;0;0;0;0;0;0;0;0;0;0;0;0;0;0;0;0;0;0;0;0;0;0;0;0;0;0;0;0;0;0;0;0;0;0;0;0;0;0;0;0;0;0;0;0;0;0;0;0;0;0;0;0;0;0;0;0;0;0;0;0;0;0;0;0;0;0;0;0;0;0;0;0;0;0;0;0;0;0;0;0;0;0;0;0;0;0;0;0;0;0;0;0;0;0;0;0;0;0;0;0;0;0;0;0;0;0;0;0;0;0;0;0;0;0;0;0;0;0;0;0;0;0;0;0;0;0;0;0;0
Свердловская область;4 020 617 402;518 711 215;374 053 576;123 745 911;3 728 298 528;551 742 632;289 051 457;139 062 424;1 185 210;2 127 774;78 426 421;7 080 350;763 253;12 557 366;299 397 884;13 790 108;699;285 608 151;65 399 393;55 069 728;8 548 168;934;6 701 577;1 031 732;2 866 178;234 298;435 863;37 082;2 758 022;2 052 430;16;307;5 227;2;0;0;1 582;0;0;0;0;29 935;4 001;11 087;3 626;0;13 710 423;353 214;0;12 693 021;341 904;0;1 067 394;11 313;0;213 479;2 263;0;32 022;339;0;51 923;0;0;587;32;0;35;0;0;0;0;92 274;0;0;264 435;0;0;0;0;0;0;0;0;0;0;0;0;0;0;172 161;0;0;2;0;0;2;0;0;0;0;0;0;0;0;0;0;0;0;0;0;0;0;0;0;0;0;0;15 949 203;14 131 737;1 932 408;386 482;57 972;114 942;47;11;494 427;280 517;0;222 528;8 618;44 505;6 676;10;3;26;0;0;0;0;0;0;0;8 163 637;7 910 506;28 759 460;28 276 652;25 489;15 674;547 606;51 449 724;40 542 890;3 361 549;2 942 911;4 026 699;63 966;0;3 577 342;65 506;252 097;168 505;63 291;102 032;0;0;0;0;0;0;700 000;0;83 076;22 059;3 560;889;0;0;0;57 515;2 902 028;29 616;65 223;171 404;3;26 408;2;0;0;389;4 447 828;14 191 155;4 866;4;5 892;1;427;1;0;0;0;0;0;0;3 442 888;7;327 304;8;0;0;0;0;0;0;3 472;2;1 188;4;455 166;7;0;0;0;0;0;0;0;0;54 331;13;15 315;1;0;0;159 811;25;144 629;17;40 306;42;253 573;100;244;3;0;0;392 227;8;719 351;84;17 023;24;118 260;22;40 128;16;3 196;2;347 591;107;0;0;0;0;0;0;764;1;1 903;4;74 004 315;11 009;6 318 246;60;0;0;0;0;0;0;0;0;0;0;0;0;0;0;0;0;0;0;0;0;0;0;0;0;0;0;0;0;0;0;0;0;0;0;0;0;0;0;0;0;0;0;0;0;0;0;0;0;0;0;0;0;0;0;0;0;0;0;0;0;0;0;0;0;0;0;0;0;0;0;0;0;0;0;0;0;0;0;0;0;0;0;0;0;0;0;0;0;0;0;0;0;0;0;0;0;0;0;0;0;0;0;0;0;0;0;0;0;0;0;0;0;0;0;0;0;0;0;0;0;0;0;0;0;0;0;0;0;0;0;0;0;0;0;0;0;0;0;0;0;0;0;0;0;0;0;0;0;0;0;0;0;0;0;0;0;0;0;0;0;0;0;0;0;0;0
Смоленская область;467 979 839;45 209 267;31 064 815;5 363 173;443 396 696;49 241 063;31 349 888;6 369 540;141 307;73 038;640 773;11 751;18 766;257;23 779 986;1 826 024;197;21 953 962;4 977 133;4 379 119;658 619;3 949;659 922;99 393;301 624;15 920;45 256;2 385;365 205;11 673;7;0;0;0;0;0;171;0;0;0;0;5 600;936;2 866;1 398;0;1 136 495;24 777;0;1 041 176;19 037;0;103 475;5 740;0;20 695;1 148;0;3 104;172;0;8 156;0;0;50;11;0;3;0;0;0;0;15 030;0;0;16 204;0;0;0;0;0;0;0;0;0;0;0;0;0;0;1 174;0;0;4;0;0;1;0;0;0;0;0;0;0;0;0;0;0;0;0;0;0;0;0;0;0;0;0;4 853 722;4 789 245;152 420;30 484;4 572;87 943;15;4;77 406;56 745;0;23 153;2 492;4 631;695;6;2;7;0;0;0;0;0;0;0;20 713;21 454;2 586 838;2 589 486;0;0;148;9 124 642;8 318 407;104 971;474 196;120 163;25 605;772;63 538;37 091;17 662;0;14 606;0;0;0;0;5;0;0;52 323;0;205 580;1 260;0;0;0;0;0;772;40 000;37 837;175 214;2 423;1;0;0;0;0;48;15 918;738 555;15 900;1;0;0;0;0;0;0;0;0;0;0;151;1;127;1;0;0;0;0;0;0;0;0;0;0;0;0;0;1;0;0;0;0;0;0;75;1;0;0;0;0;921;3;756;1;4 323;6;5 161;14;0;0;0;0;27 588;3;10 115;5;423;4;2 264;4;0;0;22;1;6 713;16;0;0;0;0;0;0;0;0;480;1;10 213 987;1 955;157 844;10;0;0;0;0;0;0;0;0;0;0;0;0;0;0;0;0;0;0;0;0;0;0;0;0;0;0;0;0;0;0;0;0;0;0;0;0;0;0;0;0;0;0;0;0;0;0;0;0;0;0;0;0;0;0;0;0;0;0;0;0;0;0;0;0;0;0;0;0;0;0;0;0;0;0;0;0;0;0;0;0;0;0;0;0;0;0;0;0;0;0;0;0;0;0;0;0;0;0;0;0;0;0;0;0;0;0;0;0;0;0;0;0;0;0;0;0;0;0;0;0;0;0;0;0;0;0;0;0;0;0;0;0;0;0;0;0;0;0;0;0;0;0;0;0;0;0;0;0;0;0;0;0;0;0;0;0;0;0;0;0;0;0;0;0;0;0
Тамбовская область;263 333 718;58 361 773;7 729 386;15 000 872;253 075 851;64 794 992;6 531 245;7 365 402;63 503;40 739;1 798 744;7 219 579;4 244;3 407;9 716 523;342 265;45;9 374 258;5 979 456;1 873 384;281 228;0;338 775;50 817;111 404;4 328;16 712;650;68 453;1 467;3;0;0;0;0;0;96;0;0;0;0;3 121;255;1 665;399;0;1 423 477;49 233;0;1 274 840;49 145;0;149 225;88;0;29 845;18;0;4 477;3;0;588;0;0;101;10;0;1;0;0;0;0;109 569;0;0;65 324;0;0;44 245;0;0;0;0;0;8 849;0;0;1 327;0;0;0;0;0;2;0;0;0;0;0;0;0;0;0;0;0;0;0;0;0;0;0;0;0;0;0;0;0;0;63 936 480;55 765 205;8 466 551;1 693 310;253 997;295 276;154;20;42 880;33 332;0;9 548;0;1 910;286;2;0;1;0;0;0;0;0;0;0;2 360 025;2 390 488;124 278;194 760;0;0;540;6 840 859;6 169 123;9 636;94 051;534 765;11;0;527 000;7 765;10;527 000;0;0;0;0;0;0;0;0;0;0;0;0;0;0;0;0;0;0;0;7 765;0;0;0;7 043;2;0;0;24;108 528;952 429;288;1;987;1;0;0;0;0;0;0;0;0;0;1;0;0;0;0;0;0;0;0;0;0;0;0;10 080;1;0;0;0;0;0;0;0;0;0;0;0;0;0;0;208;1;915;1;2 179;3;7 972;4;35;1;0;0;0;0;5 887;3;77;2;7 976;3;3 143;3;0;0;12 629;11;0;0;0;0;0;0;0;0;0;0;11 541 812;2 843;9 352;5;0;0;0;0;0;0;0;0;0;0;0;0;0;0;0;0;0;0;0;0;0;0;0;0;0;0;0;0;0;0;0;0;0;0;0;0;0;0;0;0;0;0;0;0;0;0;0;0;0;0;0;0;0;0;0;0;0;0;0;0;0;0;0;0;0;0;0;0;0;0;0;0;0;0;0;0;0;0;0;0;0;0;0;0;0;0;0;0;0;0;0;0;0;0;0;0;0;0;0;0;0;0;0;0;0;0;0;0;0;0;0;0;0;0;0;0;0;0;0;0;0;0;0;0;0;0;0;0;0;0;0;0;0;0;0;0;0;0;0;0;0;0;0;0;0;0;0;0;0;0;0;0;0;0;0;0;0;0;0;0;0;0;0;0;0;0
Тверская область;479 678 366;81 721 961;27 572 522;7 896 627;450 296 836;89 932 833;28 131 822;9 546 660;130 568;636 515;1 230 398;577 112;108 699;435;27 622 253;1 356 328;149;26 265 954;9 795 869;5 252 636;787 893;1 109;978 352;146 764;358 096;60 064;53 689;9 013;271 266;0;0;0;0;0;0;0;115;0;0;0;0;5 476;922;3 238;1 041;0;2 054 807;245 496;0;1 780 085;234 847;0;282 814;10 673;0;56 563;2 135;0;8 484;320;0;7 965;25;0;168;17;0;6;1;0;0;0;0;0;0;0;0;0;0;0;0;0;0;0;0;0;0;0;0;0;0;0;0;0;0;0;0;0;0;0;0;0;0;0;0;0;0;0;0;0;0;0;0;0;0;0;0;0;16 877 043;15 246 932;1 764 543;352 908;52 937;134 432;39;15;228 999;193 770;0;38 913;3 684;7 783;1 167;5;1;3;0;0;0;0;0;0;0;18 436;18 374;358 834;342 111;0;0;14 617;9 551 410;7 950 268;254 458;541 197;805 486;0;0;420 486;0;0;3 526;0;0;0;0;0;0;0;1 096;0;108 491;0;0;70 526;0;0;0;0;0;1 260 000;1 912;0;0;0;0;0;0;0;71;131 272;958 302;368;1;1 662;2;0;0;0;0;0;0;0;0;10 362;1;0;0;0;0;0;0;0;0;0;0;0;0;1 898;1;0;0;0;0;0;0;0;0;1 099;3;0;0;0;0;4 544;2;96 407;4;1 131;6;18 674;16;0;0;0;0;38;1;60 375;12;1 641;3;0;0;436;1;18 096;1;22 363;16;0;0;0;0;0;0;0;0;0;0;11 205 148;2 145;71 677;7;0;0;0;0;0;0;1 546 891;4;104;1;0;0;0;0;0;0;0;0;0;0;0;0;0;0;0;0;0;0;0;0;0;0;0;0;0;0;0;0;0;0;0;0;0;0;0;0;0;0;0;0;0;0;0;0;0;0;0;0;0;0;0;0;0;0;0;0;0;0;0;0;0;0;0;0;0;0;0;0;0;0;0;0;0;0;0;0;0;0;0;0;0;0;0;0;0;0;0;0;0;0;0;0;0;0;0;0;0;0;0;0;0;0;0;0;0;0;0;0;0;0;0;0;0;0;0;0;0;0;0;0;0;0;0;0;0;0;0;0;0;0;0;0;0;0;0;0;0;0;0;0;0;0;0;0;0;0;0;0;0;0;0;0;0;0;0;0
Томская область;631 149 290;93 984 685;40 569 856;2 674 522;588 986 937;99 697 268;19 230 366;3 790 382;113 279;11 947;19 551 840;58 451;333 593;0;43 734 100;4 100 768;139;39 633 392;6 874 332;7 925 300;1 188 799;378;1 040 049;155 912;589 733;39 400;88 444;5 554;820 154;73;4;203;1 035;7;0;0;0;0;0;0;0;4 594;844;2 706;677;0;2 244 884;0;0;1 983 641;0;0;262 991;0;0;52 597;0;0;7 889;0;0;2 154;0;0;270;0;0;5;0;0;0;0;0;0;0;0;0;0;0;0;0;0;0;0;0;0;0;0;0;0;0;0;0;0;0;0;0;0;0;0;0;0;0;0;0;0;0;0;0;0;0;0;0;0;0;0;0;0;12 523 326;11 022 062;1 533 321;306 664;46 000;32 057;48;4;210 962;168 334;12 485;30 142;0;6 028;905;2;0;3;0;0;0;0;0;0;0;3 100;3 100;758 051;742 350;0;0;1 928;25 782 082;23 143 378;356 024;1 012 470;1 101 598;91 602;1 100 000;0;1 024;506;2 740;0;125 939;0;0;0;0;2 391;0;18 146;183;0;0;0;0;0;0;0;0;0;0;0;0;0;339;1;0;0;101;317 422;4 071 797;0;0;0;0;0;0;0;0;0;0;0;0;202 072;4;0;0;0;0;179;1;0;0;6 375;2;0;0;3 427;1;0;0;0;0;0;0;0;0;16 527;3;0;0;76 201;1;20 607;14;48 383;6;6 338;9;47 240;39;0;0;11 730;1;39 108;5;128 968;34;12 817;31;93 974;18;9 502;3;13 436;15;97 047;47;0;0;0;0;0;0;179;1;1;1;23 201 961;1 716;1 143 943;30;0;0;0;0;0;0;0;0;0;0;0;0;0;0;0;0;0;0;0;0;0;0;0;0;0;0;0;0;0;0;0;0;0;0;0;0;0;0;0;0;0;0;0;0;0;0;0;0;0;0;0;0;0;0;0;0;0;0;0;0;0;0;0;0;0;0;0;0;0;0;0;0;0;0;0;0;0;0;0;0;0;0;0;0;0;0;0;0;0;0;0;0;0;0;0;0;0;0;0;0;0;0;0;0;0;0;0;0;0;0;0;0;0;0;0;0;0;0;0;0;0;0;0;0;0;0;0;0;0;0;0;0;0;0;0;0;0;0;0;0;0;0;0;0;0;0;0;0;0;0;0;0;0;0;0;0;0;0;0;0;0;0;0;0;0;0
Тульская область;726 428 561;122 627 151;33 631 725;6 153 745;672 774 798;129 905 394;34 608 633;9 140 016;378 273;385 047;1 475 005;31 505;3 867;0;51 576 259;2 080 686;199;49 495 573;9 891 446;9 710 405;1 484 806;192;1 271 792;190 872;1 758 490;18 014;265 333;2 706;416 137;187 608;10;61;1 039;1;0;0;103;0;0;0;0;6 359;888;3 387;1 251;0;3 024 432;127 179;0;2 507 711;106 046;0;524 449;21 134;0;104 890;4 227;0;15 733;634;0;7 728;0;0;132;7;0;3;0;0;7 654 698;0;63 103;10 809 628;0;63 102;0;0;1;0;0;0;0;0;0;0;0;0;3 154 930;0;0;1;0;1;1;0;0;0;0;0;0;0;0;0;0;0;0;0;0;0;0;0;0;0;0;0;0;0;18 981 604;16 269 183;3 136 604;627 321;94 099;424 183;75;18;1 590 886;1 490 038;4 811;96 736;699;19 347;2 902;15;2;5;0;0;0;0;0;0;0;55 850;51 329;1 283 900;1 266 952;0;0;39 053;28 607 468;21 801 530;1 518 065;522 359;4 712 211;0;0;1 152 700;0;5 888;0;0;3 553 623;0;0;0;0;0;507 873;0;0;1 152 700;5 959;0;0;0;0;0;0;1 777;15 608;0;7 095;1;0;0;0;0;104;487 867;4 364 038;994;2;194;2;0;0;0;0;14 765;1;0;0;236 938;3;91 510;3;0;0;0;0;0;0;22 328;1;0;0;272 382;2;0;0;0;0;0;0;0;0;16;1;0;0;0;0;12 914;4;2 688;1;1 425;8;18 866;15;1 250;1;0;0;0;0;45 865;11;2 976;5;424;1;4 136;2;626;2;41 958;16;0;0;0;0;0;0;0;0;0;0;22 218 701;2 384;156 595;7;0;0;0;0;0;0;0;0;0;0;0;0;0;0;0;0;0;0;0;0;0;0;0;0;0;0;0;0;0;0;0;0;0;0;0;0;0;0;0;0;0;0;0;0;0;0;0;0;0;0;0;0;0;0;0;0;0;0;0;0;0;0;0;0;0;0;0;0;0;0;0;0;0;0;0;0;0;0;0;0;0;0;0;0;0;0;0;0;0;0;0;0;0;0;0;0;0;0;0;0;0;0;0;0;0;0;0;0;0;0;0;0;0;0;0;0;0;0;0;0;0;0;0;0;0;0;0;0;0;0;0;0;0;0;0;0;0;0;0;0;0;0;0;0;0;0;0;0;0;0;0;0;0;0;0;0;0;0;0;0;0;0;0;0;0;0
Тюменская область;1 311 361 033;184 474 766;248 322 667;27 287 158;1 118 372 060;202 587 667;54 056 198;49 203 876;601 247;224 170;138 983 360;368 493;21 379;78 261;250 279 180;9 013 159;231;241 266 021;40 252 203;48 002 933;7 237 981;0;5 343 938;803 076;2 012 835;30 670;318 656;4 604;1 802 632;250 271;7;0;0;0;0;0;0;0;0;0;0;6 594;1 735;3 451;1 029;0;4 269 745;163 907;0;3 837 382;158 568;0;449 713;6 106;0;89 943;1 221;0;13 491;183;0;17 350;768;0;127;4;0;16;1;0;0;0;0;0;0;0;0;0;0;0;0;0;0;0;0;0;0;0;0;0;0;0;0;0;0;0;0;0;0;0;0;0;0;0;0;0;0;0;0;0;0;0;0;0;0;0;0;0;27 606 700;24 223 681;3 592 160;718 431;107 765;209 141;135;18;22 034 142;20 563 464;112 440;1 922 083;563 845;384 416;57 662;15;4;11;0;0;0;0;0;0;0;384 926;385 376;2 625 933;1 199 108;0;0;1 427 264;19 409 628;15 887 520;1 954 616;924 599;464 955;100 223;0;464 747;0;100 430;1 221 419;0;0;0;0;0;0;0;0;11 370;0;14 641;148;0;0;0;0;0;0;0;0;0;578 323;2;481 762;1;481 762;1;111;1 159 376;8 561 048;1 980;2;0;0;0;0;0;0;0;0;0;0;373 897;8;741;1;0;0;0;0;0;0;142 455;1;0;0;614 401;5;0;0;0;0;0;0;0;0;181;1;0;0;205 225;1;18 486;8;107 800;10;1 107;8;19 292;16;127 743;2;0;0;128 988;7;283 163;26;19 649;14;17 513;5;2 697;5;78;1;165 714;27;0;0;0;0;0;0;39;1;4 199;1;47 837 117;3 408;515 075;12;0;0;0;0;0;0;0;0;204;1;54 785;1;0;0;0;0;0;0;0;0;0;0;0;0;0;0;0;0;0;0;0;0;0;0;0;0;0;0;0;0;0;0;0;0;0;0;0;0;0;0;0;0;0;0;0;0;0;0;0;0;0;0;0;0;0;0;0;0;0;0;0;0;0;0;0;0;0;0;0;0;0;0;0;0;0;0;0;0;0;0;0;0;0;0;0;0;0;0;0;0;0;0;0;0;0;0;0;0;0;0;0;0;0;0;0;0;0;0;0;0;0;0;0;0;0;0;0;0;0;0;0;0;0;0;0;0;0;0;0;0;0;0;0;0;0;0;0;0;0;0;0;0;0;0;0;0;0;0;0;0;0;0;0;0;0;0
Ульяновская область;327 938 843;102 537 071;14 709 351;15 415 729;315 208 152;123 066 880;13 651 156;12 468 954;141 875;84 520;35 955;447 579;44 443;14 796;14 784 708;704 481;82;14 080 227;17 960 887;2 684 399;421 249;87;462 466;71 086;297 280;1 955;45 243;298;140 897;110 713;14;1 157;19 670;7;0;0;0;0;0;0;0;5 827;194;2 350;502;0;961 695;121 372;0;924 508;96 454;0;37 187;24 918;0;7 436;4 983;0;1 115;748;0;0;0;0;47;5;0;0;0;0;3 635 211;0;93 985;3 572 957;0;76 817;53 174;0;17 168;0;0;0;10 635;0;3 434;1 595;0;515;44 094;0;0;2;0;2;1;0;0;0;0;0;0;0;0;0;0;0;0;0;0;0;0;0;0;0;0;0;0;0;4 425 081;3 693 217;793 950;158 790;23 819;62 086;42;4;334 246;294 772;0;39 474;0;7 895;1 184;3;0;4;0;0;0;0;0;0;0;22 260;22 814;8 769 896;7 835 557;0;0;934 342;2 704 044;1 803 363;227 638;237 928;435 000;60;0;400 000;35 000;60;0;0;0;0;0;0;0;0;0;400 000;0;0;0;0;0;0;0;0;0;0;35 000;0;0;0;14 300;1;0;0;63;337 423;726 754;9 921;2;124;1;0;0;0;0;0;0;0;0;0;0;0;0;0;0;0;0;0;0;0;0;0;0;743;1;0;0;0;0;0;0;0;0;0;0;47 709;1;0;0;2 724;6;3 098;4;36 778;17;29 007;24;0;0;111;1;495;1;21 368;15;583;5;53 193;1;1 523;5;1 283;2;18 992;28;0;0;0;0;0;0;0;0;0;0;12 019 488;1 806;57 510;4;0;0;0;0;0;0;0;0;0;0;0;0;0;0;0;0;0;0;0;0;0;0;0;0;0;0;0;0;0;0;0;0;0;0;0;0;0;0;0;0;0;0;0;0;0;0;0;0;0;0;0;0;0;0;0;0;0;0;0;0;0;0;0;0;0;0;0;0;0;0;0;0;0;0;0;0;0;0;0;0;0;0;0;0;0;0;0;0;0;0;0;0;0;0;0;0;0;0;0;0;0;0;0;0;0;0;0;0;0;0;0;0;0;0;0;0;0;0;0;0;0;0;0;0;0;0;0;0;0;0;0;0;0;0;0;0;0;0;0;0;0;0;0;0;0;0;0;0;0;0;0;0;0;0;0;0;0;0;0;0;0;0;0;0;0;0
Челябинская область;2 145 740 115;200 124 612;195 948 791;13 947 544;1 980 746 826;271 655 165;145 327 193;19 541 683;761 053;422 189;57 360 189;199 053;124 005;1 587;158 901 619;7 745 668;522;151 155 951;25 201 746;30 203 033;4 533 144;3 363;3 786 694;568 408;1 132 719;281 881;164 903;43 847;1 549 134;28 156;8;0;0;0;0;0;124;0;0;0;0;20 592;2 787;9 166;2 599;0;8 760 759;153 252;0;8 018 887;146 659;0;763 884;7 212;0;152 777;1 442;0;22 917;216;0;22 016;553;0;277;12;0;13;1;0;953 171;0;250 433;726 520;0;172 892;338 589;0;86 845;0;0;0;67 718;0;17 369;10 157;0;2 605;111 939;0;9 303;2;0;8;1;0;1;0;0;0;0;0;0;0;0;0;0;0;0;0;0;0;0;0;0;0;0;0;17 588 049;15 755 010;1 833 039;366 608;54 992;0;33;0;974 171;907 891;30 001;77 150;40 872;15 430;2 315;11;7;6;0;0;0;0;0;0;0;1 873 557;1 892 380;5 052 584;5 043 489;0;8 060;16 115;24 549 159;16 983 314;265 981;6 263 772;579 381;115 220;0;0;112 452;443 113;1 079 107;68 229;4 485;0;0;0;0;0;0;67 448;0;0;31 341;0;32 000;0;0;2 588;0;0;35 764;91 361;143 824;2;140;1;0;0;214;2 463 292;11 047 368;0;0;7 358;4;24 635;2;0;0;4 626;1;0;0;4 857 042;5;21 611;5;0;0;0;0;0;0;17 293;1;0;0;556 407;9;0;0;0;0;0;0;7 603;1;9 295;7;1 271 245;2;0;0;302 181;14;233 823;13;256 275;35;119 300;71;767;4;0;0;43 582;5;792 892;56;107 921;17;22 562;9;54 724;5;37 339;8;216 243;87;0;0;0;0;0;0;43;3;994;1;53 110 228;7 156;992 279;31;0;0;26;1;0;0;0;0;0;0;0;0;0;0;0;0;0;0;0;0;0;0;0;0;0;0;0;0;0;0;0;0;0;0;0;0;0;0;0;0;0;0;0;0;0;0;0;0;0;0;0;0;0;0;0;0;0;0;0;0;0;0;0;0;0;0;0;0;0;0;0;0;0;0;0;0;0;0;0;0;0;0;0;0;0;0;0;0;0;0;0;0;0;0;0;0;0;0;0;0;0;0;0;0;0;0;0;0;0;0;0;0;0;0;0;0;0;0;0;0;0;0;0;0;0;0;0;0;0;0;0;0;0;0;0;0;0;0;0;0;0;0;0;0;0;0;0;0;0;0;0;0;0;0;0;0;0;0;0;0;0;0;0;0;0;0
Забайкальский край;125 743 017;31 212 195;7 641 859;3 033 279;116 841 310;34 872 846;6 248 922;3 604 582;58 127;31 464;80;5;9 296;1 621;10 343 395;537 467;63;9 805 929;4 202 116;1 961 141;294 171;0;485 774;73 359;197 664;9 712;29 685;1 457;107 493;37;2;0;0;0;0;0;0;0;0;0;0;1 263;325;1 670;225;0;2 474 738;0;0;2 075 177;0;0;399 561;0;0;79 912;0;0;11 987;0;0;0;0;0;180;0;0;0;0;0;32 486 575;3 395 629;1 536 713;18 422 000;2 271 838;2 091 077;14 366 373;1 123 791;0;0;191 044;0;2 873 275;33 714;0;430 991;33 714;0;301 798;0;554 363;2;1;2;1;0;2;0;0;0;0;0;0;0;0;0;0;0;0;0;0;0;0;0;0;0;0;0;430 515;431 197;11 484;2 297;345;12 166;3;1;25;223;0;0;198;0;0;1;1;3;0;0;0;0;0;0;0;0;0;229;881;0;0;0;342 449;277 772;35 355;28 483;0;0;0;0;0;0;0;0;0;0;0;0;0;0;0;0;0;0;0;0;0;0;0;0;0;0;0;0;0;0;0;0;0;0;32;55 867;791 633;0;0;0;0;6 311;1;0;0;0;0;0;0;0;0;0;0;0;0;0;0;0;0;159;1;0;0;0;0;0;0;0;0;0;0;0;0;0;0;0;0;0;0;6 905;1;226;1;65;3;13 546;7;0;0;0;0;0;0;11 256;6;493;5;0;0;0;0;24;1;13 851;7;0;0;0;0;0;0;0;0;0;0;6 028 596;650;87 535;2;0;0;0;0;0;0;0;0;0;0;0;0;0;0;0;0;0;0;0;0;0;0;0;0;0;0;0;0;0;0;0;0;0;0;0;0;0;0;0;0;0;0;0;0;0;0;0;0;0;0;0;0;0;0;0;0;0;0;0;0;0;0;0;0;0;0;0;0;0;0;0;0;0;0;0;0;0;0;0;0;0;0;0;0;0;0;0;0;0;0;0;0;0;0;0;0;0;0;0;0;0;0;0;0;0;0;0;0;0;0;0;0;0;0;0;0;0;0;0;0;0;0;0;0;0;0;0;0;0;0;0;0;0;0;0;0;0;0;0;0;0;0;0;0;0;0;0;0;0;0;0;0;0;0;0;0;0;0;0;0;0;0;0;0;0;0
Ярославская область;611 875 113;129 526 244;30 128 983;23 334 989;567 148 583;134 335 160;25 637 486;31 026 399;115 109;338 640;6 196 960;249 653;8 654;84 518;43 132 393;3 050 984;199;40 081 412;12 493 491;7 934 445;1 202 441;0;1 096 502;165 180;576 486;298 258;86 411;44 733;610 197;81 822;9;0;0;0;0;0;0;0;0;0;0;8 378;1 474;2 854;995;0;2 631 439;67 975;0;2 316 771;58 304;0;325 897;9 671;0;65 181;1 934;0;9 777;290;0;11 228;0;0;312;15;0;20;0;0;0;0;290 258;0;0;275 159;0;0;29 355;0;0;0;0;0;5 871;0;0;881;0;0;14 256;0;0;6;0;0;2;0;0;0;0;0;0;0;0;0;0;0;0;0;0;0;0;0;0;0;0;0;19 248 619;17 553 134;2 359 996;471 999;70 800;664 511;53;19;16 517;14 244;1 626;2 324;1 677;464;70;7;2;1;0;0;0;0;0;0;0;136 863;129 172;4 235 548;4 259 288;138 092;152 005;7 232;2 039 216;737 166;148 600;692 142;435 760;1 403;0;297 000;104 730;35 424;0;0;0;0;0;0;0;0;0;0;329 644;0;30 000;0;0;0;0;0;0;297 000;1 015 492;7 021;1 962;2;15 894;3;0;0;107;290 162;1 478 995;3 844;1;4 865;4;148;1;0;0;0;0;0;0;102 809;1;391;2;0;0;0;0;0;0;0;0;0;0;400 064;2;0;0;0;0;0;0;0;0;9;1;0;0;0;0;5 055;8;1 503;4;42 883;16;27 684;31;0;0;0;0;17 276;3;142 217;20;1 168;5;261;2;3 073;3;0;0;34 743;32;0;0;0;0;0;0;12;1;0;0;20 766 923;2 984;175 883;18;0;0;0;0;0;0;0;0;0;0;0;0;0;0;3 327;1;0;0;0;0;0;0;0;0;0;0;0;0;0;0;0;0;0;0;0;0;0;0;0;0;0;0;0;0;0;0;0;0;0;0;0;0;0;0;0;0;0;0;0;0;0;0;0;0;0;0;0;0;0;0;0;0;0;0;0;0;0;0;0;0;0;0;0;0;0;0;0;0;0;0;0;0;0;0;0;0;0;0;0;0;0;0;0;0;0;0;0;0;0;0;0;0;0;0;0;0;0;0;0;0;0;0;0;0;0;0;0;0;0;0;0;0;0;0;0;0;0;0;0;0;0;0;0;0;0;0;0;0;0;0;0;0;0;0;0;0;0;0;0;0;0;0;0;0;0;0
город Москва;95 936 843 360;7 643 823 515;78 301 352 484;3 475 539 757;91 713 425 649;8 467 729 501;73 950 583 846;3 253 679 108;50 070 374;19 373 244;2 526 248 244;541 237 759;30 669 478;1 611 989;6 202 304 429;307 754 777;6 126;5 894 868 244;1 119 142 126;1 171 348 548;176 737 930;3 205 114;108 589 414;16 435 296;98 415 200;3 264 340;14 762 902;487 874;61 550 957;6 727 110;158;52 189;748 169;34;24 095;1;1 440 285;0;0;0;0;167 707;24 126;68 604;18 106;0;194 479 478;3 703 915;0;162 291 252;2 977 314;0;23 073 570;728 472;0;4 614 716;145 694;0;692 206;21 855;0;907 374;1 871;0;1 241;63;0;85;2;0;0;0;0;0;0;0;0;0;0;0;0;0;0;0;0;0;0;0;0;0;0;0;0;0;0;0;0;0;0;0;0;0;0;0;0;0;0;0;0;0;0;0;0;0;0;0;0;0;4 447 434;3 873 657;576 246;115 248;17 288;2 469;31;3;702 693 350;660 478 843;6 863 860;43 410 415;7 895 114;8 682 083;1 302 312;922;223;2 362;0;3 500 307;0;0;0;3 500 307;1;1 577 097 463;1 657 199 275;3 133 357 092;3 091 212 519;37 277 864;30 475 584;68 786 048;3 134 782 907;658 695 448;216 694 703;209 037 733;1 045 987 607;7 756 240;64 806 304;285 014 866;297 004 856;262 842 873;109 878 730;27 311 438;34 258 922;2 880 062;6 490 621;144 637 548;174 028 564;55 871 907;11 327 331;95 819 202;10 580 012;49 184 031;8 038 564;9 900 301;25 817 480;3 360 368;3 639 739;1 447 346;20 749 757;145 587 350;50 197 700;83 472 615;2 296 399;11;287 041;11;0;0;1 540;85 915 884;316 339 866;113 089;6;1 264 443;9;11 579;5;0;0;129 884;7;0;0;92 666 270;13;4 532 021;11;0;0;0;0;0;0;8 483 933;11;2 081;1;49 450 505;58;10 440;2;0;0;0;0;924 696;2;2 545 234;128;46 236 288;6;10 193 269;4;1 325 202;82;975 199;87;7 322 960;184;4 720 150;327;1 464 172;25;380 546;31;31 937 462;87;28 352 904;1 072;2 559 480;332;908 357;171;5 231 768;41;115 323;44;7 597 940;673;6 445;1;0;0;4 045;2;153 821;15;4 790 907;22;1 720 099 333;70 424;35 239 996;205;0;0;47 349;3;0;0;144 565 170;87;5 037;5;2 883 544;9;336 510;3;2 920 941;9;0;0;1 259 290 487;1;0;0;951 530;2;0;0;0;0;0;0;0;0;0;0;0;0;0;0;0;0;0;0;0;0;0;0;0;0;0;0;0;0;0;0;0;0;0;0;0;0;0;0;0;0;0;0;0;0;0;0;0;0;0;0;0;0;0;0;0;0;0;0;0;0;0;0;0;0;0;0;0;0;0;0;0;0;0;0;0;0;0;0;0;0;0;0;0;0;0;0;0;0;0;0;0;0;0;0;0;0;0;0;0;0;0;0;0;0;0;0;0;0;0;0;0;0;0;0;0;0;0;0;0;0;0;0;0;0;0;0;0;0;0;0;0;0;0;0;0;0;0;0;0;0;0;0
город Санкт-Петербург;14 144 222 362;1 197 337 670;9 816 792 957;313 122 896;13 601 266 602;1 292 996 222;8 937 687 985;328 925 980;3 829 037;1 643 829;574 732 178;42 230 884;1 164 933;13 011;845 251 943;85 858 009;1 950;759 394 141;151 165 288;148 159 893;22 714 746;598 269;17 444 639;2 650 474;22 555 311;321 814;3 432 341;48 386;17 171 601;3 352 553;76;65 785;299 143;11;0;0;29 032;0;0;0;0;83 110;9 717;26 401;5 753;0;40 162 075;1 355 779;0;34 957 026;901 471;0;6 109 336;581 969;0;1 221 867;116 394;0;183 280;17 459;0;259 084;127 876;0;1 313;32;0;43;2;0;0;0;0;0;0;0;0;0;0;0;0;0;0;0;0;0;0;0;0;0;0;0;0;0;0;0;0;0;0;0;0;0;0;0;0;0;0;0;0;0;0;0;0;0;0;0;0;0;1 177 469;1 048 992;139 329;27 867;4 181;10 852;20;2;37 691 475;34 659 645;805 613;3 176 272;485 009;630 441;95 288;117;22;191;69 096 484;50 431 157;0;18 666 477;3 733 295;1 150;2;174 862 887;173 918 704;43 852 726;49 875 506;934 164;1 326 449;1 613 986;543 064 939;302 961 326;20 800 382;29 804 751;103 099 600;4 747 344;10 048 266;31 049 692;24 749 859;29 044 081;10 656 497;706 910;4 507 306;7 612;440 772;20 228 232;24 350 229;181 015;173 057;4 688 571;116 919;8 137 311;125 709;4 869 307;147 775;14 169 339;121 747;347 867;0;16 738 385;3 506 201;511 530;2 098 329;6;270 554;9;0;0;617;4 981 612;32 546 727;14 176;5;44 234;5;24;2;0;0;139 528;4;0;0;2 227 504;5;621 194;1;0;0;0;0;0;0;1 755;1;0;0;379 079;13;0;0;0;0;0;0;8 707;2;973 943;27;2 163;2;0;0;467 343;39;1 070 171;33;631 621;86;540 151;145;1 861;5;20 296;5;3 570 298;14;2 808 224;328;80 247;78;173 623;69;82 363;19;45 181;18;957 867;242;0;0;0;0;0;0;27 206;8;445;2;222 709 972;29 015;29 240 411;74;0;1;99;1;9 503 414;1;0;0;1 167;2;10 242 951;26;377 942;1;8 764 747;9;0;0;0;0;0;0;0;0;0;0;0;0;0;0;0;0;0;0;0;0;0;0;0;0;0;0;0;0;0;0;0;0;0;0;0;0;0;0;0;0;0;0;0;0;0;0;0;0;0;0;0;0;0;0;0;0;0;0;0;0;0;0;0;0;0;0;0;0;0;0;0;0;0;0;0;0;0;0;0;0;0;0;0;0;0;0;0;0;0;0;0;0;0;0;0;0;0;0;0;0;0;0;0;0;0;0;0;0;0;0;0;0;0;0;0;0;0;0;0;0;0;0;0;0;0;0;0;0;0;0;0;0;0;0;0;0;0;0;0;0;0;0;0;0;0;0;0;0;0;0
Еврейская автономная область;10 776 363;2 561 633;1 046 110;224 101;10 305 197;2 893 906;1 035 476;928 379;1 940;184;1 475;486;0;0;482 265;15 843;10;466 422;1 036 853;93 282;13 993;0;14 766;2 215;8 520;843;1 278;126;3 169;2;1;0;0;0;0;0;0;0;0;0;0;255;83;187;91;0;116 949;0;0;107 788;0;0;9 161;0;0;1 832;0;0;275;0;0;0;0;0;7;0;0;0;0;0;12 256 556;0;69 804;10 241 866;0;51 537;2 014 690;0;18 267;0;0;3 105;402 938;0;0;60 441;0;0;0;0;0;1;0;1;0;0;0;0;0;0;0;0;0;0;0;0;0;0;0;0;0;0;0;0;0;0;0;0;94 532;62 318;32 214;6 443;966;0;3;0;0;11 187;0;0;11 187;0;0;1;1;0;0;0;0;0;0;0;0;0;0;0;0;0;0;0;0;0;0;0;0;0;0;0;0;0;0;306 362;0;0;0;0;0;0;0;0;0;0;0;0;0;0;0;0;0;0;0;0;0;0;0;0;0;0;3;2 078;968;0;0;0;0;0;0;0;0;0;0;0;0;0;0;0;0;0;0;0;0;0;0;0;0;0;0;0;0;0;0;0;0;0;0;0;0;0;0;0;0;0;0;0;0;0;0;0;0;0;0;0;0;0;0;0;0;0;0;0;0;0;0;0;0;0;0;0;0;0;0;0;0;0;0;0;0;0;0;1 103 310;106;0;0;0;0;0;0;0;0;0;0;0;0;0;0;0;0;0;0;0;0;0;0;0;0;0;0;0;0;0;0;0;0;0;0;0;0;0;0;0;0;0;0;0;0;0;0;0;0;0;0;0;0;0;0;0;0;0;0;0;0;0;0;0;0;0;0;0;0;0;0;0;0;0;0;0;0;0;0;0;0;0;0;0;0;0;0;0;0;0;0;0;0;0;0;0;0;0;0;0;0;0;0;0;0;0;0;0;0;0;0;0;0;0;0;0;0;0;0;0;0;0;0;0;0;0;0;0;0;0;0;0;0;0;0;0;0;0;0;0;0;0;0;0;0;0;0;0;0;0;0;0;0;0;0;0;0;0;0;0;0;0;0;0;0;0;0;0;0
Ненецкий АО;8 365 687;54 338 822;597 231;25 989 331;8 111 621;50 796 057;262 533;35 176 162;28 586;3 253;60 000;0;535;0;556 815;82 713;9;474 102;5 640 813;94 820;14 223;0;19 641;2 946;17 638;87 748;2 646;13 162;16 543;0;0;0;0;0;0;0;0;0;0;0;0;70;36;23;9;0;23 940;0;0;23 256;0;0;684;0;0;137;0;0;21;0;0;0;0;0;2;0;0;0;0;0;0;0;0;0;0;0;0;0;0;0;0;0;0;0;0;0;0;0;0;0;0;0;0;0;0;0;0;0;0;0;0;0;0;0;0;0;0;0;0;0;0;0;0;0;0;0;0;0;45 327;39 461;5 866;1 173;176;0;1;0;788 009;864 425;0;81 953;158 370;16 391;2 459;6;2;3;0;0;0;0;0;0;0;0;0;0;0;0;0;0;39 915;32 197;0;0;0;0;0;0;0;0;0;0;31 069;0;0;0;0;0;0;0;0;0;0;0;0;0;0;0;0;0;0;0;0;0;0;0;0;0;6;260 502;3 983 365;0;0;0;0;0;0;0;0;0;0;0;0;1 113 627;2;0;0;0;0;0;0;0;0;0;0;0;0;0;0;0;0;0;0;0;0;0;0;0;0;0;0;616 870;1;3 165;2;0;0;524;2;3 195;4;0;0;0;0;0;0;9 394;2;0;0;6;1;0;0;348;1;10 640;5;0;0;0;0;0;0;0;0;0;0;6 109 808;56;1 737 226;2;0;0;0;0;0;0;0;0;0;0;0;0;0;0;0;0;0;0;0;0;0;0;0;0;0;0;0;0;0;0;0;0;0;0;0;0;0;0;0;0;0;0;0;0;0;0;0;0;0;0;0;0;0;0;0;0;0;0;0;0;0;0;0;0;0;0;0;0;0;0;0;0;0;0;0;0;0;0;0;0;0;0;0;0;0;0;0;0;0;0;0;0;0;0;0;0;0;0;0;0;0;0;0;0;0;0;0;0;0;0;0;0;0;0;0;0;0;0;0;0;0;0;0;0;0;0;0;0;0;0;0;0;0;0;0;0;0;0;0;0;0;0;0;0;0;0;0;0;0;0;0;0;0;0;0;0;0;0;0;0;0;0;0;0;0;0
Ханты-Мансийский АО - Югра;4 753 088 865;168 380 534;465 082 709;32 059 847;4 137 511 363;183 255 870;541 738 043;36 365 557;830 057;234 199;35 865 131;4 474 487;88 138;2 684;505 000 223;10 183 255;176;494 825 502;23 390 197;88 347 721;14 843 986;12 300;4 839 388;777 002;14 951 396;82 368;2 587 103;12 132;2 036 651;10 615 342;21;0;0;0;0;0;0;0;0;0;0;5 335;927;2 811;787;0;4 538 472;56 077;0;4 011 232;41 324;0;969 667;14 753;0;193 933;2 951;0;29 090;443;0;34 007;0;0;248;11;0;12;0;0;0;0;0;0;0;0;0;0;0;0;0;0;0;0;0;0;0;0;0;0;0;0;0;0;0;0;0;0;0;0;0;0;0;0;0;0;0;0;0;0;0;0;0;0;0;0;0;0;141 135;158 594;0;0;0;17 459;1;1;92 567 917;79 982 507;115 229;13 243 177;772 994;2 263 573;397 295;17;6;22;0;0;0;0;0;0;0;12 088 722;18 248 645;14 044 159;13 993 859;0;0;106 279;117 260 687;94 390 310;774 118;12 351 655;9 492 714;172 857;0;7 425 952;760 589;638 710;1 430 381;255 183;844 631;0;0;0;0;0;0;0;295;5 861 270;0;0;0;0;0;0;0;1 827 927;138 704;0;0;0;0;0;0;0;153;4 450 218;71 384 575;0;0;0;0;0;0;0;0;0;0;0;0;14 416 305;17;88 292;2;0;0;0;0;0;0;879 007;9;7 287;1;0;0;460;1;0;0;0;0;36 491;1;6 640;3;0;0;3 039 219;2;108 909;16;326 840;11;30 014;19;607 856;52;51 522;9;46 517;3;1 533 681;19;569 464;52;27 735;33;61 138;14;1 077;2;18 228;12;573 973;56;0;0;0;0;0;0;364;1;42;1;194 596 073;3 094;7 897 950;18;0;0;0;0;0;0;0;0;0;0;0;0;0;0;0;0;0;0;0;0;0;0;0;0;0;0;0;0;0;0;0;0;0;0;0;0;0;0;0;0;0;0;0;0;0;0;0;0;0;0;0;0;0;0;0;0;0;0;0;0;0;0;0;0;0;0;0;0;0;0;0;0;0;0;0;0;0;0;0;0;0;0;0;0;0;0;0;0;0;0;0;0;0;0;0;0;0;0;0;0;0;0;0;0;0;0;0;0;0;0;0;0;0;0;0;0;0;0;0;0;0;0;0;0;0;0;0;0;0;0;0;0;0;0;0;0;0;0;0;0;0;0;0;0;0;0;0;0;0;0;0;0;0;0;0;0;0;0;0;0;0;0;0;0;0;0
Чукотский АО;66 173 944;14 684 201;15 555 912;9 087 766;45 146 506;22 807 259;13 854 821;4 102 477;11 229;12 288;0;0;1 034;10;22 763 822;474 135;10;22 289 687;3 125 491;4 457 637;668 390;0;765 288;114 538;112 137;2 518;16 785;378;94 827;0;0;0;0;0;0;0;0;0;0;0;0;121;46;29;11;0;2 853;17 058;0;2 260;0;0;593;17 058;0;119;3 412;0;18;512;0;0;0;0;1;1;0;0;0;0;0;0;2 817 881;0;0;2 846 224;0;0;29 438;0;0;0;0;0;5 888;0;0;883;0;0;75 102;0;0;10;0;0;6;0;2 154;0;531;0;0;0;2 062;0;0;0;0;412;0;12;0;439;0;2;0;1;0;0;0;0;0;0;0;0;110 125;98 756;0;11 368;0;2 274;341;2;0;2;0;0;0;0;0;0;0;0;0;40 397;15 300;0;0;25 097;12 364 389;10 036 618;1 622;35 572;2 290 577;0;0;2 290 577;0;0;0;0;0;0;0;0;0;0;0;2 290 577;0;0;0;0;0;0;0;0;0;0;0;0;0;0;0;0;0;0;9;11 731;155 444;0;0;0;0;0;0;0;0;0;0;0;0;145 435;2;0;0;0;0;0;0;0;0;0;0;0;0;0;0;0;0;0;0;0;0;0;0;200;1;0;0;0;0;5 617;2;0;0;0;0;11 183;3;0;0;0;0;124;1;0;0;0;0;0;0;3 393;1;0;0;3 253;3;0;0;0;0;0;0;0;0;0;0;2 802 435;85;607 066;3;0;0;0;0;0;0;0;0;0;0;0;0;0;0;0;0;0;0;0;0;0;0;0;0;0;0;0;0;0;0;0;0;0;0;0;0;0;0;0;0;0;0;0;0;0;0;0;0;0;0;0;0;0;0;0;0;0;0;0;0;0;0;0;0;0;0;0;0;0;0;0;0;0;0;0;0;0;0;0;0;0;0;0;0;0;0;0;0;0;0;0;0;0;0;0;0;0;0;0;0;0;0;0;0;0;0;0;0;0;0;0;0;0;0;0;0;0;0;0;0;0;0;0;0;0;0;0;0;0;0;0;0;0;0;0;0;0;0;0;0;0;0;0;0;0;0;0;0;0;0;0;0;0;0;0;0;0;0;0;0;0;0;0;0;0;0
Ямало-Hенецкий АО;1 717 567 716;85 123 207;451 074 871;24 368 726;965 668 147;83 224 637;259 549 738;44 258 387;418 172;192 914;82 462 103;0;27 610;0;861 353 163;113 360 196;61;747 992 967;17 798 174;137 989 841;22 439 210;1 501;3 584 115;600 824;4 255 688;740 644;715 981;125 396;22 672 039;11 605 023;9;0;0;0;0;0;0;0;0;0;0;1 127;357;594;241;0;1 263 868;0;0;1 046 296;0;0;238 106;0;0;47 621;0;0;7 143;0;0;20 534;0;0;100;0;0;3;0;0;0;0;0;0;0;0;0;0;0;0;0;0;0;0;0;0;0;0;0;0;0;0;0;0;0;0;0;0;0;0;0;0;0;0;0;0;0;0;0;0;0;0;0;0;0;0;0;0;2 259;1 077;1 182;236;35;0;1;0;82 770 864;51 742 001;54 120;31 505 512;530 769;6 301 103;945 165;27;7;29;22 580;3 930 114;0;0;0;3 907 534;2;80;19;165 246;162 822;0;0;2 424;230 939 917;159 789 040;8 939 895;682 383;61 522 705;93;379 435;30 433 167;0;0;7 345 972;0;12 495 000;0;0;0;0;0;0;0;0;31 246 600;0;0;0;0;0;0;0;8 879 698;0;0;0;0;0;0;0;0;55;31 313 587;51 640 859;0;0;0;0;28 889;1;0;0;0;0;0;0;1 499 620;3;0;0;0;0;0;0;0;0;713 119;3;0;0;566 852;1;0;0;0;0;0;0;11 752;1;2 360;1;0;0;0;0;602 697;13;29 226;2;28 841;6;57 315;24;6 591;6;0;0;113 289;6;295 307;20;16 343;10;65 604;15;74 947;3;25 789;11;102 794;22;0;0;0;0;0;0;0;0;0;0;160 077 970;761;1 016 675;9;0;0;0;0;0;0;0;0;0;0;0;0;0;0;0;0;0;0;0;0;0;0;252 239;1;0;0;0;0;0;0;0;0;0;0;0;0;0;0;0;0;0;0;0;0;0;0;0;0;0;0;0;0;0;0;0;0;0;0;0;0;0;0;0;0;0;0;0;0;0;0;0;0;0;0;0;0;0;0;0;0;0;0;0;0;0;0;0;0;0;0;0;0;0;0;0;0;0;0;0;0;0;0;0;0;0;0;0;0;0;0;0;0;0;0;0;0;0;0;0;0;0;0;0;0;0;0;0;0;0;0;0;0;0;0;0;0;0;0;0;0;0;0;0;0;0;0;0;0;0;0;0;0;0;0;0;0;0;0;0;0;0;0;0;0;0;0
Республика Крым;246 416 425;26 861 393;49 842 930;4 675 801;240 170 714;31 796 106;32 259 023;3 836 798;115 035;65 622;236 814;735 426;1 759;0;23 706 514;870 193;119;22 836 321;4 765 512;4 561 153;684 403;0;889 571;133 003;241 486;22 568;36 252;3 384;174 039;0;0;0;0;0;0;0;0;0;0;0;0;4 571;434;3 428;564;0;1 673 908;11 776;0;1 412 291;9 323;0;261 629;2 453;0;52 325;490;0;7 850;74;0;10;0;0;316;13;0;1;0;0;0;0;0;0;0;0;0;0;0;0;0;0;0;0;0;0;0;0;0;0;0;0;0;0;0;0;0;0;140 364 244;0;131 097 634;0;215 362;0;11 271 002;0;0;532 474;0;1 721 802;0;349 005;0;16 592 697;0;623;0;65;8 365 299;6 660 836;1 704 491;340 899;51 135;28;25;1;28 162;26 029;0;2 206;75;440;65;15;1;29;0;0;0;0;0;0;0;77 590;7 960 698;2 546;1 984;0;0;562;571 927;142 302;37 916;188 956;189 061;1 943;0;104 642;0;85 896;0;0;84 074;0;0;0;0;0;0;0;0;0;0;0;0;0;0;0;0;0;0;0;0;0;0;0;0;0;35;74 700;343 971;6 004;1;435;1;57;1;0;0;0;0;0;0;0;0;0;0;0;0;0;0;0;0;0;0;0;0;0;0;0;0;0;0;0;0;0;0;0;0;0;0;0;0;0;0;0;0;7 453;1;271;1;0;0;0;0;0;0;0;0;0;0;0;0;0;0;0;0;2 555;1;0;0;0;0;0;0;0;0;0;0;16 243 133;2 292;187 034;7;0;0;0;0;0;0;0;0;0;0;0;0;0;0;9 059;1;0;0;0;0;0;0;0;0;0;0;0;0;0;0;0;0;0;0;0;0;0;0;0;0;0;0;0;0;0;0;0;0;0;0;0;0;0;0;0;0;0;0;0;0;0;0;0;0;0;0;0;0;0;0;0;0;0;0;0;0;0;0;0;0;0;0;0;0;0;0;0;0;0;0;0;0;0;0;0;0;0;0;0;0;0;0;0;0;0;0;0;0;0;0;0;0;0;0;0;0;0;0;0;0;0;0;0;0;0;0;0;0;0;0;0;0;0;0;0;0;0;0;0;0;0;0;0;0;0;0;0;0;0;0;0;0;0;0;0;0;0;0;0;0;0;0;0;0;0;0
город Севастополь;48 608 802;7 113 870;3 035 158;1 521 333;46 240 543;9 196 962;2 634 359;532 978;49 880;356;20 574;0;1 418;319;2 796 947;105 510;24;2 691 437;1 094 699;538 287;80 743;0;125 333;18 814;63 845;387;9 630;58;21 102;0;0;0;0;0;0;0;0;0;0;0;0;1 545;136;959;191;0;408 808;0;0;372 732;0;0;36 077;0;0;7 215;0;0;1 082;0;0;1;0;0;116;0;0;1;0;0;0;0;0;0;0;0;0;0;0;0;0;0;0;0;0;0;0;0;0;0;0;0;0;0;0;0;0;0;30 800 556;0;27 767 042;0;96 133;0;3 158 555;0;0;112 262;0;519 448;0;94 755;0;221 174;0;209;0;22;0;0;0;0;0;0;0;0;41 864;40 333;0;1 531;0;306;46;2;0;2;0;0;0;0;0;0;0;0;0;0;0;0;0;0;305 513;242 059;12 968;46 956;2;2 963;0;0;0;75;0;0;0;0;0;0;0;0;0;0;0;0;0;0;0;0;0;0;0;0;0;2;0;0;0;0;0;0;13;14 807;91 575;0;0;2 513;1;0;0;0;0;0;0;0;0;0;0;0;0;0;0;0;0;0;0;0;0;0;0;0;0;0;0;0;0;0;0;0;0;317;1;0;0;0;0;0;0;0;0;0;0;349;1;0;0;0;0;0;0;0;0;0;0;0;0;0;0;0;0;1 372;1;0;0;0;0;0;0;0;0;0;0;1 482 938;740;1 129;2;0;0;0;0;0;0;0;0;0;0;0;0;0;0;0;0;0;0;0;0;0;0;0;0;0;0;0;0;0;0;0;0;0;0;0;0;0;0;0;0;0;0;0;0;0;0;0;0;0;0;0;0;0;0;0;0;0;0;0;0;0;0;0;0;0;0;0;0;0;0;0;0;0;0;0;0;0;0;0;0;0;0;0;0;0;0;0;0;0;0;0;0;0;0;0;0;0;0;0;0;0;0;0;0;0;0;0;0;0;0;0;0;0;0;0;0;0;0;0;0;0;0;0;0;0;0;0;0;0;0;0;0;0;0;0;0;0;0;0;0;0;0;0;0;0;0;0;0;0;0;0;0;0;0;0;0;0;0;0;0;0;0;0;0;0;0
