GA;GB;G1;G2;G3;G4;G5;G6;G7;G8;G9;G10;G11;G12;G13;G14;G15;G16;G17;G18;G19;G20;G21;G22;G23;G24;G25;G26;G27;G28;G29;G30;G31;G32;G33;G34;G35;G36;G37;G38;G39;G40;G41;G42;G43;G44;G45;G46;G47;G48;G49;G50;G51;G52;G53;G54;G55;G56;G57;G58;G59;G60;G61;G62;G63;G64;G65;G66;G67;G68;G69;G70;G71;G72;G73;G74;G75;G76;G77;G78;G79;G80;G81;G82;G83;G84;G85;G86;G87;G88;G89;G90;G91;G92;G93;G94;G95;G96;G97;G98;G99;G100;G101;G102;G103;G104;G105;G106;G107;G108;G109;G110;G111;G112;G113;G114;G115;G116;G117;G118;G119;G120;G121;G122;G123;G124;G125;G126;G127;G128;G129;G130;G131;G132;G133;G134;G135;G136;G137;G138;G139;G140;G141;G142;G143;G144;G145;G146;G147;G148;G149;G150;G151;G152;G153;G154;G155;G156;G157;G158;G159;G160;G161;G162;G163;G164;G165;G166;G167;G168;G169;G170;G171;G172;G173;G174;G175;G176;G177;G178;G179;G180;G181;G182;G183;G184;G185;G186;G187;G188;G189;G190;G191;G192;G193;G194;G195;G196;G197;G198;G199;G200;G201;G202;G203;G204;G205;G206;G207;G208;G209;G210;G211;G212;G213;G214;G215;G216;G217;G218;G219;G220;G221;G222;G223;G224;G225;G226;G227;G228;G229;G230;G231;G232;G233;G234;G235;G236;G237;G238;G239;G240;G241;G242;G243;G244;G245;G246;G247;G248;G249;G250;G251;G252;G253;G254;G255;G256;G257;G258;G259;G260;G261;G262;G263;G264;G265;G266;G267;G268;G269;G270;G271;G272;G273;G274;G275;G276;G277;G278;G279;G280;G281;G282;G283;G284;G285;G286;G287;G288;G289;G290;G291;G292;G293;G294;G295;G296;G297;G298;G299;G300;G301;G302;G303;G304;G305;G306;G307;G308;G309;G310;G311;G312;G313;G314;G315;G316;G317;G318;G319;G320;G321;G322;G323;G324;G325;G326;G327;G328;G329;G330;G331;G332;G333;G334;G335;G336;G337;G338;G339;G340;G341;G342;G343;G344;G345;G346;G347;G348;G349;G350;G351;G352;G353;G354;G355;G356;G357;G358;G359;G360;G361;G362;G363;G364;G365;G366;G367;G368;G369;G370;G371;G372;G373;G374;G375;G376;G377;G378;G379;G380;G381;G382;G383;G384;G385;G386;G387;G388;G389;G390;G391;G392;G393;G394;G395;G396;G397;G398;G399;G400;G401;G402;G403;G404;G405;G406;G407;G408;G409;G410;G411;G412;G413;G414;G415;G416;G417;G418;G419;G420;G421;G422;G423;G424;G425;G426;G427;G428;G429;G430;G431;G432;G433;G434;G435;G436;G437;G438;G439;G440;G441;G442;G443;G444;G445;G446;G447;G448;G449;G450;G451;G452;G453;G454;G455;G456;G457;G458;G459;G460;G461;G462;G463;G464;G465;G466;G467;G468;G469;G470;G471;G472;G473;G474;G475;G476;G477;G478;G479;G480;G481;G482;G483;G484;G485;G486;G487;G488;G489;G490;G491;G492;G493;G494;G495;G496;G497;G498;G499;G500;G501;G502;G503;G504;G505;G506;G507;G508;G509;G510;G511;G512;G513;G514;G515;G516;G517;G518;G519;G520;G521;G522;G523;G524;G525;G526;G527;G528;G529;G530;G531;G532;G533;G534;G535;G536;G537;G538;G539;G540;G541;G542;G543;G544;G545;G546;G547;G548;G549;G550;G551;G552;G553;G554;G555;G556;G557;G558;G559;G560;G561;G562;G563;G564;G565;G566;G567;G568;G569;G570;G571;G572;G573;G574;G575;G576;G577;G578;G579;G580;G581;G582;G583;G584;G585;G586;G587;G588;G589;G590;G591;G592;G593;G594;G595;;;;;;;;;;;
  Республика Адыгея;145 076 202;7 090 222;7 344 506;619 485;134 723 693;8 040 275;6 625 131;816 054;9 316;16 571;1 996;0;0;0;11 079 204;606 326;43;10 472 878;1 130 051;314 186;48;0;0;0;48 418;16 132;22 143;2 420;121 265;0;0;0;0;0;0;0;0;0;121 265;393;0;12;849;131;700;149;14;527 481;277 215;392 190;498 479;284 140;371 895;29 002;3 256;20 295;5 800;651;4 059;870;98;609;0;10 181;0;6;13;3;0;2;0;0;0;0;0;0;0;0;0;0;0;0;0;0;0;0;0;0;0;0;0;0;0;0;0;0;0;0;0;0;0;0;0;0;0;0;0;0;0;0;0;0;0;0;0;0;0;0;0;0;0;0;0;0;0;0;0;30 881;0;0;28 367;0;0;2 514;0;0;75;0;0;0;0;0;0;0;0;1 599 942;0;959 351;0;640 591;0;19 218;0;0;0;0;0;0;0;0;0;0;0;0;0;0;0;0;0;0;0;0;0;0;0;0;0;0;0;0;0;0;0;0;0;0;0;0;0;0;0;0;0;0;0;0;0;0;0;0;0;0;0;0;0;0;0;0;0;22 004;22 027;0;417;440;13;1;1;0;0;0;0;0;0;0;0;0;29 000;29 000;0;0;0;0;782 977;85;0;134 849;0;0;0;0;0;0;0;0;0;0;0;108 516;0;0;0;0;0;0;0;0;0;0;0;0;0;0;100 000;0;185 764;0;0;0;0;0;0;24;18 877;101 899;0;0;0;0;0;0;0;0;0;0;0;0;0;0;0;0;0;0;0;0;0;0;0;0;0;0;0;0;0;0;0;0;0;0;0;0;0;0;0;0;0;0;0;0;0;0;0;0;0;0;0;0;0;0;0;0;0;0;0;0;0;0;0;0;0;0;0;0;0;0;4 361;1;0;0;150;2;41;1;0;0;0;270;1;3 693;2;0;0;0;0;0;0;0;0;0;1 123;1;0;0;0;0;0;0;0;0;0;0;0;0;2 963 327;414;91 784;2;0;0;0;0;0;0;0;0;0;0;0;0;0;0;0;0;0;0;0;0;0;0;0;0;0;0;0;0;0;0;0;0;0;0;0;0;0;0;0;0;0;0;0;0;0;0;0;0;0;0;141;2;0;0;0;0;14 660;2;0;0;0;0;0;0;0;0;0;0;0;0;0;0;0;0;2 049 836;5;132 521;1;269 782;4;0;0;0;0;0;0;0;0;0;0;0;0;29 322;15;89;1;19 745;11;0;0;0;0;0;0;586;1;53 571;5;1 150;2;30 024;1;0;0;0;0;0;0;0;0;12 192;1;1 352;9;0;0;0;0;0;0;16 572;1;14 823;2;0;0;0;0;0;0;0;0;638;1;0;0;0;0;0;0;0;0;0;0;0;0;0;0;0;0;0;0;0;0;120;1;0;0;0;0;0;0;0;0;0;0;3 609;1;7 422;2;0;0;0;0;0;0;0;0;0;0;0;0;0;0;0;0;0;0;0;0;0;0;0;0;0;0;0;0;0;0;;;;;;;;;;;
  Республика Башкортостан;3 829 648 896;320 920 635;245 303 669;22 624 750;3 615 371 119;337 808 453;121 685 462;26 638 581;1 157 982;214 598;22 493 824;4 153 388;156 607;4 663;316 452 206;17 847 805;605;298 604 405;24 844 103;8 956 922;24 816;577 991;5 025 916;14;831 591;60 071;1 154 135;9 011;3 569 561;642 939;6;0;0;0;0;0;0;0;9 816 407;0;1 132 853;182 518;16 791;2 423;8 028;2 013;1 418;2 853 001;11 046 809;0;2 667 161;9 387 349;0;185 840;1 724 535;0;37 168;344 907;0;5 575;51 736;0;0;65 075;0;402;95;0;0;10;0;0;0;33 811 888;0;0;30 011 768;0;0;3 900 261;0;0;0;0;0;195 013;0;0;585 039;0;0;117 008;0;0;147 465;0;0;72;0;0;11;0;0;0;0;0;0;0;0;0;0;0;0;0;0;0;0;0;0;0;0;0;0;0;0;0;0;24 687;0;143 238;24 936;0;126 700;324;0;16 538;10;0;496;573;0;0;2;0;0;32 565 292;0;27 984 869;0;5 409 528;0;162 286;0;829 105;0;15;0;0;0;0;0;0;0;0;0;0;0;0;0;0;0;0;0;0;0;0;0;0;0;0;0;0;0;0;0;1 470 729;0;0;1 257 025;0;0;699;0;0;219 953;0;6 599;0;0;0;0;37 392;0;0;6 950;0;0;2;0;2 128 791;2 033 117;272;108 946;13 544;3 268;9;3;0;0;0;0;0;0;0;86 897 883;86 754 934;1 571 853;21 634 816;51 016;9 871;49 201;1 009 630;34 721 165;6 533 056;0;1 578 718;390 067;0;43 977;0;0;0;186 849;0;0;252 757;0;0;0;0;0;0;0;12 650;0;0;53 336;0;0;0;0;0;213 263;24;109 835;2 473 915;4;93 035;6;0;0;240;1 095 239;13 013 382;0;0;0;4 596;3;919;33;1;7;0;0;0;0;0;0;0;0;1 222 993;9;705 213;7;0;0;0;0;0;0;0;0;0;307 744;4;30 774;0;0;0;851 299;5;113 507;935;1;125;0;0;0;0;0;0;0;83 389;2;62;1;6;0;0;0;0;0;69 480;1;13 896;0;0;0;167;1;33;252 877;20;46 894;12;132 664;31;300 208;68;231;1;0;0;0;1 347 169;10;744 237;51;22 811;18;165 676;21;27 867;6;5 574;18 445;5;450 027;79;0;0;0;0;0;0;113;3;89 223;3;0;0;75 029 890;6 337;907 137;24;0;0;0;367;2;73;0;0;0;63 864;1;12 773;4 967;2;993;5 432;4;1 087;0;0;0;0;4 767;1;0;0;0;0;0;0;0;0;0;0;0;0;0;0;0;0;0;0;0;0;0;0;0;0;0;0;60 638;38;0;0;0;0;695 033;44;0;0;0;0;12 911 233;27;0;0;26 688;2;0;0;0;0;0;0;16 915 322;38;76 160;1;4 218 420;2;0;0;0;0;0;0;37 619;7;0;0;0;0;1 729 472;107;366 799;13;1 713 239;199;0;0;0;0;0;0;2 682 095;40;3 632 131;117;487 301;80;10 745;2;345 704;34;0;0;17 142;6;0;0;48 442;2;62 115;12;211 676;47;0;0;0;0;2 398;5;1 177;2;61 450;8;0;0;0;0;0;0;5 139;6;0;0;0;0;0;0;0;0;0;0;0;0;0;0;0;0;0;0;0;0;186 675;11;0;0;93 137;11;0;0;51 038;108;0;0;562 842;2;57 121;11;1 066;1;14 521;2;24 339;2;0;0;0;0;0;0;6 710;0;0;0;0;0;0;0;0;0;0;0;0;0;0;15;0;24;;;;;;;;;;;
  Республика Бурятия;297 835 838;24 385 318;21 743 405;8 563 456;249 346 751;28 039 606;20 747 151;9 664 769;34 206;10 275;2 677 271;64 998;2 556;0;46 839 721;4 729 893;51;42 109 828;4 808 417;1 263 295;0;0;0;0;100 279;26 222;55 968;3 933;945 978;102 253;1;0;0;0;0;0;0;0;1 048 231;216;0;0;1 869;234;683;357;1 188;593 036;1 958 100;0;587 568;1 745 499;0;5 468;212 600;0;1 094;42 520;0;164;6 378;0;0;0;0;111;19;0;0;0;0;1 822 682;0;323 241;2 172 824;0;369 939;288 287;0;7 345;0;0;0;0;0;367;57 657;0;1 102;8 649;0;220;638 430;0;54 043;2;0;8;1;0;3;0;0;0;0;0;0;0;0;0;0;0;0;0;0;0;0;0;0;0;0;0;0;0;0;0;0;6 979;0;91 269;7 163;0;83 801;0;0;7 467;0;0;224;184;0;0;1;0;0;3 661 802;1 205 219;2 981 053;1 131 914;680 749;73 305;20 422;2 199;0;0;0;0;0;0;0;0;0;0;0;0;0;0;0;0;0;0;0;0;0;0;0;0;0;0;0;0;0;0;0;0;0;0;0;0;0;0;0;0;0;0;0;0;0;0;0;0;0;0;0;0;0;0;0;0;29 046;31 082;0;0;2 036;0;2;2;0;0;0;0;0;0;0;0;0;2 356;450;0;0;1 907;0;20 036 952;22 233;0;38 746;0;0;105;0;0;0;105;0;0;0;0;0;0;0;0;0;0;0;0;0;0;0;0;0;0;0;0;3 000;0;0;0;0;0;0;0;26;224 092;1 439 888;0;0;0;0;0;0;0;0;0;0;0;0;0;0;0;0;0;79 413;2;0;0;0;0;0;0;0;0;0;0;0;766;1;77;0;0;0;0;0;0;0;0;0;0;0;0;0;0;0;0;63;1;217;1;22;0;0;0;0;0;0;0;0;0;0;0;0;0;0;6 495;2;0;0;915;6;52 895;7;0;0;0;0;0;20 000;1;15 707;4;722;4;19 601;1;0;0;0;0;0;56 768;7;0;0;0;0;0;0;0;0;0;0;0;0;6 813 451;569;2 492 775;5;0;0;0;0;0;0;0;0;0;0;0;0;0;0;0;0;0;0;0;0;0;0;0;0;0;0;0;0;0;0;0;0;0;0;0;0;0;0;0;0;0;0;0;0;0;0;0;0;0;0;7 425;2;0;0;0;0;20 959;11;0;0;0;0;0;0;0;0;0;0;0;0;0;0;0;0;7 309 958;18;147 698;2;0;0;0;0;0;0;0;0;9 007;3;0;0;0;0;114 126;63;4 755;1;161 349;156;0;0;0;0;0;0;214 541;5;582 104;42;10 060;2;2 620;2;4 146;3;0;0;113 066;3;0;0;0;0;4 850;2;13 402;11;0;0;0;0;9;1;2 973;2;1 612;2;0;0;0;0;0;0;304;1;1 090;1;0;0;66;1;0;0;0;0;0;0;0;0;0;0;0;0;0;0;358;1;0;0;10;1;0;0;21 598;39;0;0;94 508;1;36 267;3;0;0;0;0;0;0;0;0;0;0;0;0;0;0;0;0;0;0;0;0;0;0;0;0;0;0;0;1;0;1;;;;;;;;;;;
  Республика Алтай;143 951 076;9 200 988;26 031 797;1 632 334;134 471 200;10 353 849;5 553 824;758 616;4 959;391 916;20 247 848;833 425;556;0;9 720 694;1 015 303;16;8 705 391;720 652;261 149;0;0;0;0;47 829;6 930;10 085;1 134;203 061;117 813;43;0;0;0;0;0;0;0;320 874;0;0;0;580;81;734;100;4;0;120 233;0;0;111 671;0;0;8 562;0;0;1 712;0;0;257;0;0;0;0;0;2;0;0;0;0;0;0;0;0;0;0;0;0;0;0;0;0;0;0;0;0;0;0;0;0;0;0;0;0;0;0;0;0;0;0;0;0;0;0;0;0;0;0;0;0;0;0;0;0;0;0;0;0;0;0;0;0;0;0;0;0;0;0;201;0;0;120;0;0;81;0;0;2;0;0;0;0;0;0;201 185;0;171 801;0;70 779;0;2 123;0;41 395;0;2;0;0;0;0;0;0;0;0;0;0;0;0;0;0;0;0;0;0;0;0;0;0;0;0;0;0;0;0;0;0;0;0;0;0;0;0;0;0;0;0;0;0;0;0;0;0;0;0;0;0;0;0;0;0;0;0;0;0;0;0;4;0;0;0;0;0;0;0;4 189 776;3 892 652;342 622;336 330;0;0;6 292;46;2 598 902;25 355;0;297 229;0;0;18 750;0;0;0;0;0;0;0;0;0;0;0;0;0;0;0;0;0;0;0;0;0;0;0;0;0;0;0;0;0;0;0;0;7;1 918;112 605;0;0;0;0;0;0;0;0;0;0;0;0;0;0;0;0;0;0;0;0;0;0;0;0;0;0;0;0;0;0;0;0;0;0;0;0;0;0;0;0;0;0;0;0;0;0;0;0;0;0;0;0;0;0;0;0;0;0;0;0;0;0;0;0;0;0;0;0;0;0;0;0;0;0;0;0;0;0;0;0;0;0;0;230;1;15;1;0;0;0;0;0;0;0;0;0;0;0;0;0;0;0;0;0;0;0;0;0;3 139 858;225;2 437;4;0;0;0;0;0;0;0;0;0;0;0;0;0;0;0;0;0;0;0;0;0;0;0;0;0;0;0;0;0;0;0;0;0;0;0;0;0;0;0;0;0;0;0;0;0;0;0;0;0;0;10 481;1;0;0;0;0;7 291;6;0;0;0;0;83 683;2;0;0;0;0;0;0;0;0;0;0;131;1;0;0;131 535;2;0;0;0;0;0;0;3 978;3;269;1;0;0;978;3;30 647;2;28 363;7;0;0;0;0;0;0;39 676;2;943;1;0;0;0;0;97;1;0;0;0;0;0;0;358;1;0;0;1 415;2;0;0;0;0;0;0;17 139;1;10 328;1;0;0;0;0;0;0;915;1;0;0;0;0;0;0;0;0;0;0;0;0;0;0;0;0;0;0;0;0;3 989;12;0;0;0;0;0;0;0;0;0;0;17 801;1;2 844;2;0;0;42;1;0;0;0;0;0;0;220 976;0;0;0;218 767;0;218 767;0;0;0;0;0;0;0;0;0;0;5;0;3;;;;;;;;;;;
  Республика Дагестан;213 426 606;11 597 796;7 070 439;2 295 545;200 414 845;14 747 688;5 102 709;2 843 441;59 861;29 464;1 148;207 810;0;0;15 038 205;520 872;43;14 517 333;3 876 132;435 517;0;0;0;0;85 608;2 386;45 039;358;104 174;45 692;3;0;0;0;0;0;0;0;149 866;0;0;0;1 870;326;1 342;880;46;1 072 681;1 422 475;0;1 091 715;3 167 839;0;14 147;245 747;0;2 829;49 149;0;425;7 372;0;33 181;1 991 111;0;49;33;0;5;3;0;0;0;264 734;0;0;272 088;0;0;20 269;0;0;0;0;0;1 013;0;0;3 040;0;0;608;0;0;27 624;0;0;5;0;0;2;0;0;0;0;0;0;0;0;0;0;0;0;0;0;0;0;0;0;0;0;0;0;0;0;0;0;0;0;17 715;0;0;17 715;0;0;0;0;0;0;0;0;0;0;0;0;1 467 321;0;1 072 404;0;394 917;0;11 848;0;0;0;0;0;0;0;0;0;0;0;0;0;0;0;0;0;0;0;0;0;0;0;0;0;0;0;0;0;0;0;0;0;0;0;0;0;0;0;0;0;0;0;0;0;0;0;0;0;0;0;0;0;0;0;0;0;0;0;0;0;0;0;0;0;0;0;0;0;0;0;0;0;0;0;0;0;0;0;0;310 809;546;0;7 396;0;0;0;0;0;0;0;0;0;0;0;0;0;0;0;0;0;0;0;0;0;0;0;0;0;0;0;0;0;0;0;0;0;0;0;16;67 875;944 785;79;1;16;0;0;0;0;0;0;0;0;0;0;0;0;0;0;0;0;0;0;0;0;0;0;0;0;0;0;0;0;0;0;0;0;0;0;0;0;0;0;0;0;0;0;0;0;0;0;0;0;0;0;0;0;0;0;0;0;0;0;0;0;0;0;0;0;0;0;0;0;0;0;0;217;1;0;0;0;0;0;0;0;0;0;0;0;0;0;0;0;0;0;0;0;0;0;0;0;0;0;0;0;0;0;0;0;0;4 711 466;708;0;0;0;0;0;0;0;0;0;0;0;0;0;0;0;0;0;358;2;72;0;0;0;0;0;0;0;0;0;0;3 684 114;1;0;0;0;0;0;0;0;0;0;0;0;0;0;0;0;0;0;0;0;0;4 669;6;0;0;0;0;17 486;4;0;0;0;0;9 330;1;292;1;0;0;0;0;0;0;0;0;6 505 764;22;4 153;1;665 897;1;0;0;0;0;0;0;5 507;4;0;0;0;0;4 977;5;977 973;6;1 844;3;0;0;2 000;1;0;0;895 665;4;398 245;11;61 724;1;0;0;26 715;3;0;0;5 276;1;0;0;29 371;1;2 717;8;7 546;5;0;0;0;0;16 841;1;0;0;0;0;0;0;0;0;0;0;4 493;3;0;0;0;0;0;0;0;0;0;0;0;0;0;0;0;0;0;0;0;0;0;0;0;0;0;0;0;0;45 073;2;0;0;0;0;0;0;0;0;0;0;0;0;0;0;0;0;0;0;0;0;0;0;0;0;0;0;0;0;0;0;0;0;0;0;0;0;;;;;;;;;;;
  Республика Ингушетия;30 762 907;7 941 106;804 787;253 924;29 359 909;9 157 143;818 203;625 338;1 452;114 868;0;0;0;0;1 391 035;14 268;4;1 376 767;1 472 583;41 303;0;0;0;0;17 086;1 381;1 756;207;2 854;0;0;0;0;0;0;0;0;0;2 854;0;0;0;431;31;589;136;2;0;51 709;0;0;50 498;0;0;1 211;0;0;242;0;0;36;0;0;0;0;0;3;0;0;0;0;0;0;0;0;0;0;0;0;0;0;0;0;0;0;0;0;0;0;0;0;0;0;0;0;0;0;0;0;0;0;0;0;0;0;0;0;0;0;0;0;0;0;0;0;0;0;0;0;0;0;0;0;0;0;0;0;0;0;0;0;0;0;0;0;0;0;0;0;0;0;0;0;0;0;695 977;0;970 955;0;0;0;0;0;274 978;0;2;0;0;0;0;0;0;0;0;0;0;0;0;0;0;0;0;0;0;0;0;0;0;0;0;0;0;0;0;0;0;0;0;0;0;0;0;0;0;0;0;0;0;0;0;0;0;0;0;0;0;0;0;0;0;0;0;0;0;0;0;0;0;0;0;0;0;0;0;0;0;0;0;0;0;0;0;0;0;0;0;0;0;0;0;0;0;0;0;0;0;0;0;0;0;0;0;0;0;0;0;0;0;0;0;0;0;0;0;0;0;0;0;0;0;0;3;241;6 996;0;0;0;0;0;0;0;0;0;0;0;0;0;0;0;0;0;0;0;0;0;0;0;0;0;0;0;0;0;0;0;0;0;0;0;0;0;0;0;0;0;0;0;0;0;0;0;0;0;0;0;0;0;0;0;0;0;0;0;0;0;0;0;0;0;0;0;0;0;0;0;0;0;0;0;0;0;0;0;0;0;0;0;0;0;0;0;0;0;0;0;0;0;0;0;0;0;0;0;0;0;0;0;0;0;0;0;0;1 135 576;66;0;0;0;0;0;0;0;0;0;0;0;0;0;0;0;0;0;0;0;0;0;0;0;0;0;0;0;0;0;0;0;0;0;0;0;0;0;0;0;0;0;0;0;0;0;0;0;0;0;0;0;0;0;0;0;0;0;0;1 998;2;0;0;0;0;3 000;1;0;0;0;0;0;0;0;0;0;0;61 768;1;0;0;0;0;0;0;0;0;0;0;0;0;0;0;0;0;0;0;4 820;1;3 182;1;0;0;0;0;0;0;0;0;0;0;0;0;0;0;0;0;0;0;0;0;0;0;0;0;0;0;0;0;0;0;0;0;0;0;0;0;0;0;0;0;0;0;0;0;0;0;0;0;0;0;0;0;0;0;0;0;0;0;0;0;0;0;0;0;0;0;0;0;0;0;0;0;0;0;0;0;0;0;0;0;0;0;0;0;0;0;0;0;0;0;0;0;0;0;0;0;0;0;0;0;0;0;0;0;0;0;0;0;0;0;0;0;;;;;;;;;;;
  Кабардино-Балкарская Республика;110 847 523;17 553 452;3 479 996;1 015 248;106 013 682;20 328 890;1 680 935;1 241 436;10 057;259 682;8 445;0;3 604;0;6 631 371;739 896;26;5 891 475;2 741 942;171 828;1 383;0;0;0;92 033;318;6 404;47;147 980;28 110;10;0;0;0;0;0;0;0;176 090;0;0;0;897;149;955;336;4;24 868;220 841;5 741;26 577;208 121;5 439;297;12 720;302;59;2 544;60;8;382;9;2 006;0;0;17;13;2;7;0;0;0;0;0;0;0;0;0;0;0;0;0;0;0;0;0;0;0;0;0;0;0;0;0;0;0;0;0;0;0;0;0;0;0;0;0;0;0;0;0;0;0;0;0;0;0;0;0;0;0;0;0;0;0;0;0;0;0;0;0;0;0;0;0;0;0;0;0;0;0;0;0;0;0;0;5 847 573;0;4 600 955;0;1 270 070;0;38 228;0;23 452;0;2;0;0;0;0;0;0;0;0;0;0;0;0;0;0;0;0;0;0;0;0;0;0;0;0;0;0;0;0;0;0;0;0;0;0;0;0;0;0;0;0;0;0;0;0;0;0;0;0;0;0;0;0;0;12 659;13 558;0;0;899;0;1;0;0;0;0;0;0;0;0;0;95;12 595;69 970;0;0;461;0;168 981;76 104;0;16 561;0;0;0;0;0;0;0;0;0;0;0;0;0;0;0;0;0;0;0;0;0;0;0;0;0;0;0;0;0;0;0;0;0;0;0;9;695;39 783;1 340;1;268;0;0;0;0;0;0;0;0;0;0;0;0;0;0;0;0;0;0;0;0;0;0;0;0;0;0;0;0;0;0;0;0;0;0;0;0;0;0;0;0;0;0;0;0;0;0;0;0;0;0;0;0;0;0;0;0;0;0;0;0;0;0;0;0;0;0;0;0;0;0;0;125;1;0;0;0;0;0;0;0;0;0;0;0;0;0;0;0;0;0;0;524;1;0;0;0;0;0;0;0;0;0;0;0;0;2 522 205;391;0;0;0;0;0;0;0;0;0;0;0;0;0;0;0;0;0;0;0;0;0;0;0;0;0;0;0;0;0;0;0;0;0;0;0;0;0;0;0;0;0;0;0;0;0;0;0;0;0;0;0;0;947;3;0;0;0;0;7 787;2;0;0;0;0;0;0;0;0;0;0;0;0;0;0;0;0;118 371;3;0;0;0;0;0;0;0;0;0;0;0;0;0;0;0;0;1 198;2;0;0;10 213;3;0;0;0;0;0;0;0;0;80 271;2;0;0;0;0;0;0;0;0;0;0;0;0;0;0;0;0;0;0;0;0;0;0;49;1;31 954;2;0;0;0;0;0;0;0;0;0;0;0;0;0;0;0;0;0;0;0;0;0;0;0;0;0;0;0;0;0;0;137;1;0;0;0;0;0;0;0;0;0;0;0;0;0;0;0;0;0;0;0;0;0;0;0;0;0;13 445;0;0;0;6 857;0;0;0;6 857;0;0;1 371;0;1 029;0;343;1;1;2;;;;;;;;;;;
  Республика Калмыкия;15 780 416;4 155 042;442 777;243 161;13 381 678;4 455 234;1 140 600;1 645 761;3 870;22 208;1 032;117;0;0;1 703 751;640 219;6;1 063 533;1 680 700;31 911;1;0;0;0;3 381;3 532;3 598;530;128 044;0;0;0;0;0;0;0;0;0;128 044;0;0;0;337;47;649;218;23;5 986;190 787;2 995;5 930;160 746;2 925;56;30 520;70;11;6 104;14;2;916;2;0;479;0;10;11;1;0;1;0;0;0;0;0;0;0;0;0;0;0;0;0;0;0;0;0;0;0;0;0;0;0;0;0;0;0;0;0;0;0;0;0;0;0;0;0;0;0;0;0;0;0;0;0;0;0;0;0;0;0;0;0;0;0;0;0;4 667;0;0;4 612;0;0;55;0;0;2;0;0;0;0;0;0;0;0;310;0;281;0;29;0;1;0;0;0;0;0;0;0;0;0;0;0;0;0;0;0;0;0;0;0;0;0;0;0;0;0;0;0;0;0;0;0;0;0;0;0;0;0;0;0;0;0;0;0;0;0;0;0;0;0;0;0;0;0;0;0;0;0;9 262;19 571;0;0;10 309;0;2;0;0;0;0;0;0;0;0;0;0;0;0;0;0;0;0;548 144;120;0;4 870;0;0;0;0;0;0;0;0;0;0;0;0;0;0;0;0;0;0;0;0;0;0;0;0;0;0;0;0;0;0;0;0;0;0;0;2;0;9 526;0;0;0;0;0;0;0;0;0;0;0;0;0;0;0;0;0;0;0;0;0;0;0;0;0;0;0;0;0;0;0;0;0;0;0;0;0;0;0;0;0;0;0;0;0;0;0;0;0;0;0;0;0;0;0;0;0;0;0;0;0;0;0;0;0;0;0;0;0;0;0;0;0;0;0;0;0;0;0;0;0;0;0;360;1;0;0;0;0;0;0;0;0;0;253;1;0;0;0;0;0;0;0;0;0;0;0;0;1 336 783;109;203;1;0;0;0;0;0;0;0;0;0;0;0;0;0;0;0;0;0;0;0;0;0;0;0;0;0;0;0;0;0;0;0;0;0;0;0;0;0;0;0;0;0;0;0;0;0;0;0;0;0;0;5 000;1;0;0;0;0;50 163;4;0;0;0;0;0;0;0;0;1 503;1;0;0;0;0;0;0;139 710;1;0;0;0;0;0;0;0;0;0;0;0;0;0;0;0;0;3 159;5;7 862;2;6 223;6;0;0;0;0;0;0;177 958;4;0;0;0;0;4 083 604;1;18 816;4;0;0;478;1;0;0;0;0;6 823;3;0;0;0;0;0;0;0;0;14 026;1;682;1;0;0;0;0;0;0;0;0;0;0;0;0;2 438;1;0;0;0;0;0;0;0;0;0;0;0;0;0;0;2 043;3;0;0;0;0;0;0;875;1;0;0;0;0;12 175;1;0;0;4 724;2;0;0;0;0;0;0;0;0;0;0;0;0;0;0;0;0;0;0;0;0;0;0;0;0;0;0;;;;;;;;;;;
  Карачаево-Черкесская Республика;96 006 950;11 394 496;3 283 391;1 176 543;90 482 939;14 080 618;4 211 519;1 395 496;43 557;829 359;0;0;2 754;1;4 636 686;135 120;16;4 501 566;2 075 715;135 041;6;0;3;1;17 493;641;12 384;104;27 024;136;6;0;0;1 101;2;0;0;0;28 264;0;0;0;576;85;786;150;10;230 317;76 747;3 919;215 107;73 957;3 915;15 210;3 238;4;3 042;648;1;456;97;0;0;448;0;14;8;2;0;2;0;0;0;0;0;0;0;0;0;0;0;0;0;0;0;0;0;0;0;0;0;0;0;0;0;0;0;0;0;0;0;0;0;0;0;0;0;0;0;0;0;0;0;0;0;0;0;0;0;0;0;0;0;0;0;0;0;14 716;0;248;14 716;0;248;0;0;0;0;0;0;0;0;0;0;0;0;1 955 978;0;1 438 762;0;555 024;0;16 651;0;37 808;0;4;0;0;0;0;0;0;0;0;0;0;0;0;0;0;0;0;0;0;0;0;0;0;0;0;0;0;0;0;0;0;0;0;0;0;0;0;0;0;0;0;0;0;0;0;0;0;0;0;0;0;0;0;0;33 793;30 409;0;3 384;0;102;0;0;0;0;0;0;0;0;0;0;0;0;0;0;0;0;0;0;0;0;0;0;0;0;0;0;0;0;0;0;0;0;0;0;0;0;0;0;0;0;0;0;0;0;0;0;0;0;0;0;0;0;0;0;0;0;5;4 666;33 460;391;1;78;996;1;199;0;0;0;0;0;0;0;0;0;0;0;0;0;0;0;0;0;0;0;0;0;0;0;0;0;0;0;0;0;0;0;0;0;0;0;0;0;0;0;0;0;0;0;0;0;0;0;0;0;0;0;0;0;0;0;0;0;0;0;0;0;0;0;0;6 495;1;0;0;694;1;0;0;0;0;0;0;0;2 897;1;0;0;0;0;0;0;0;0;0;0;0;0;0;0;0;0;0;0;0;0;0;0;0;2 821 568;241;0;0;0;0;0;0;0;0;0;0;0;0;0;0;0;0;0;0;0;0;0;0;0;0;0;0;0;0;0;0;0;0;0;0;0;0;0;0;0;0;0;0;0;0;0;0;0;0;0;0;0;0;0;0;0;0;0;0;450;1;0;0;0;0;0;0;0;0;2 000;1;0;0;0;0;0;0;73 532;1;283;1;0;0;0;0;0;0;0;0;0;0;0;0;0;0;1 389;5;2 386;7;73 378;4;0;0;0;0;0;0;62 658;4;31 484;3;6 595;2;140;1;878;3;0;0;0;0;0;0;0;0;0;0;483;1;0;0;0;0;0;0;19 631;1;0;0;0;0;0;0;0;0;0;0;0;0;0;0;0;0;0;0;0;0;0;0;0;0;0;0;0;0;0;0;2 435;1;0;0;0;0;0;0;0;0;0;0;0;0;0;0;0;0;6 164;3;0;0;0;0;0;0;0;0;0;0;0;0;0;0;0;0;0;0;0;0;0;0;0;1;0;1;;;;;;;;;;;
  Республика Карелия;267 572 464;24 740 395;13 002 301;2 752 574;237 536 988;34 206 161;12 583 801;3 711 933;225 513;41 022;50 900;20 032;9 838;0;30 618 763;2 275 595;162;28 343 168;10 404 135;849 994;0;0;0;0;110 838;17 443;82 560;2 606;455 119;256 495;10;0;0;0;0;0;0;0;711 614;0;0;0;1 742;511;593;363;747;35 807;1 831 190;0;35 520;1 668 377;0;287;167 634;0;57;33 527;0;9;5 029;0;0;5 325;0;14;36;0;0;2;0;8 931 206;0;3 528 521;7 119 072;0;3 225 823;0;0;605 139;0;0;0;0;0;11 344;0;0;109 684;0;0;18 154;0;0;308 766;1;0;16;0;0;8;0;0;1 361 497;0;0;1 215 058;0;0;0;0;0;146 438;0;0;0;0;7 322;0;0;0;0;0;0;0;0;0;94 557;0;10 600;91 721;0;9 843;2 836;0;775;85;0;23;0;0;18;0;0;1;6 440 724;0;4 873 693;0;1 681 391;0;50 442;0;114 359;0;8;0;0;0;0;0;0;0;0;0;0;0;0;0;0;0;0;0;0;0;0;0;0;0;0;0;0;0;0;866 696;91 520;0;823 490;88 319;0;0;0;0;46 714;3 200;0;96;0;0;1 401;7 941;544;0;3 507;0;0;1;0;0;52 904;51 924;1 584;2 148;690;64;1;0;0;0;0;0;0;0;0;70 922;2 286 318;2 518 136;9 539 920;0;0;10;0;22 009 793;22 203;0;210 416;1 552 100;0;1 610;1 610;1 552 100;0;0;0;0;0;0;0;0;0;0;0;0;0;0;0;0;0;0;0;0;0;1 583 402;0;0;0;0;0;0;0;0;56;88 300;1 618 448;2 100;1;420;259;1;0;0;0;0;0;0;0;0;0;0;0;0;0;0;0;0;0;0;0;0;0;0;0;0;0;0;0;0;0;0;0;0;0;0;0;0;0;0;0;0;0;0;0;0;1 781;1;0;0;0;0;0;0;0;0;0;0;0;0;0;0;0;0;0;2 576;3;9 011;2;3 670;10;11 599;13;0;0;0;0;0;702;1;21 870;8;136;2;305;1;0;0;0;0;0;17 478;22;0;0;0;0;0;0;200;1;0;0;0;0;10 521 964;1 075;193 262;8;0;0;0;261;1;52;0;0;0;0;0;0;0;0;0;0;0;0;0;0;0;0;0;0;0;0;35 753;1;647 098;1;0;0;0;0;0;0;0;0;0;0;0;0;0;0;0;0;0;0;0;0;98 584;4;0;0;0;0;98 227;23;203;1;0;0;3 596 189;4;0;0;23 425;1;0;0;0;0;0;0;4 968 686;15;15 624;1;3 440;1;0;0;0;0;0;0;80 862;3;0;0;791;1;35 024;21;279;1;400 275;88;168;1;0;0;0;0;27 741;4;14 714;4;22;1;0;0;3 832;1;0;0;0;0;820;1;2 482;10;8 565;11;87;1;0;0;0;0;0;0;42 577;1;0;0;0;0;0;0;0;0;0;0;0;0;0;0;0;0;0;0;0;0;0;0;0;0;0;0;0;0;0;0;22 189;4;0;0;0;0;0;0;99;1;0;0;0;0;0;0;773;1;5 392;1;0;0;0;0;0;0;0;0;0;0;0;0;0;0;0;0;0;0;0;0;0;0;0;4;0;1;;;;;;;;;;;
  Республика Коми;451 739 727;90 738 038;106 088 443;7 491 719;384 021 878;94 349 836;101 436 380;8 941 558;160 154;31 696;150 196;82 208;4 870;3 427;72 375 561;2 796 320;114;69 579 241;5 115 573;2 087 374;3 741;0;0;0;196 978;28 604;128 049;4 290;559 265;0;0;0;0;0;0;0;0;0;559 265;162;0;0;1 613;410;1 250;220;56;498 335;1 659 287;519 168;461 725;1 535 690;477 116;37 796;138 893;47 846;7 559;27 778;9 569;1 135;4 166;1 435;1 186;15 296;5 794;166;33;33;2;5;1;0;0;130 251;0;0;87 878;0;0;42 373;0;0;0;0;0;0;0;0;8 475;0;0;1 271;0;0;0;0;0;1;0;0;0;0;0;0;0;0;0;0;0;0;0;0;0;0;0;0;0;0;0;0;0;0;0;0;0;0;0;383 727;0;21 681;379 322;0;21 021;12 006;0;660;360;0;20;7 602;0;0;3;0;0;0;1 838 472;0;1 494 729;0;343 743;0;10 312;0;0;0;0;0;0;0;0;0;0;0;0;0;0;0;0;0;0;0;0;0;0;0;0;0;0;0;0;0;0;0;0;894 801;0;0;713 336;0;0;141;0;0;181 325;0;5 440;0;0;0;0;30 825;0;0;0;0;0;0;0;2 531 294;2 662 774;39 554;194 008;365 042;5 821;4;5;0;0;0;0;0;0;0;0;0;560;0;0;0;560;32 826 460;882 147;19 690;0;1 773 190;14 464 884;0;2 829 713;0;0;13 621;3 780 481;0;0;1 694 984;0;0;0;0;0;0;73 227;0;0;0;0;0;0;0;0;0;13 500 955;0;0;0;0;0;0;0;0;45;419 219;6 684 857;162;1;32;1 516;1;303;0;0;0;0;0;0;0;0;0;0;0;45 000;2;0;0;0;0;0;0;0;0;0;0;0;0;0;0;0;0;0;0;0;0;0;0;0;0;0;0;0;0;927;1;13 522;2;3 240;1;324;0;0;0;0;0;0;0;0;0;0;0;0;0;0;9 482;4;25 574;4;922;4;46 700;22;0;0;0;0;0;84 645;5;95 459;16;3 944;7;18 595;8;1;1;0;708;1;51 171;27;0;0;0;0;0;0;0;0;0;0;0;0;18 047 359;801;722 835;5;0;0;0;433;1;87;7 351;1;1 470;1 761;1;352;0;0;0;0;0;0;0;0;0;0;0;0;0;0;0;0;0;0;0;0;0;0;0;0;0;0;0;0;0;0;0;0;0;0;0;0;0;0;5 168;9;0;0;0;0;115 293;31;0;0;0;0;47 463;1;0;0;6 402;1;0;0;0;0;0;0;2 034 978;13;466;1;1 106;3;0;0;0;0;0;0;1 434;6;0;0;0;0;246 419;61;56 513;2;435 690;181;0;0;0;0;0;0;18 558;2;302 667;15;456 079;8;3 315;5;159;1;0;0;34 989;2;0;0;162;1;15 631;13;77 239;19;0;0;0;0;3 301;1;32 583;2;0;0;0;0;0;0;0;0;0;0;0;0;0;0;0;0;0;0;0;0;0;0;0;0;0;0;0;0;0;0;167;3;0;0;633 027;3;0;0;2 597;12;0;0;29 800;2;4 357;1;0;0;15 768;1;0;0;0;0;0;0;0;0;0;0;0;0;0;0;0;0;0;0;0;0;0;0;0;0;1;1;;;;;;;;;;;
  Республика Крым;606 110 445;54 363 456;110 124 772;6 814 985;599 135 120;62 849 769;83 063 367;4 474 363;354 643;86 857;4 747 473;96 605;15 507;162;29 758 642;2 878 093;168;26 880 549;6 052 037;806 138;9;0;0;0;100 194;5 508;114 008;826;575 619;0;0;0;0;0;0;0;0;0;575 619;0;0;0;4 684;494;3 421;361;449;1 053 083;3 054 636;0;926 727;2 741 636;0;130 565;316 295;0;26 113;63 259;0;3 917;9 489;0;4 210;3 294;0;340;38;0;6;1;0;0;0;0;0;0;0;0;0;0;0;0;0;0;0;0;0;0;0;0;0;0;0;0;0;0;0;0;0;0;0;0;271 894 187;0;0;241 551 417;0;0;4 015 777;0;0;27 728 814;0;0;0;0;1 706 314;0;0;831 865;0;0;1 461 943;0;0;45;0;11 397;0;141 742;8 572;0;115 998;2 825;0;26 200;85;0;786;0;0;456;0;0;1;13 400 376;0;11 774 098;0;2 150 360;0;64 511;0;524 082;0;4;0;0;0;0;0;0;0;0;0;0;0;0;0;0;0;0;0;0;0;0;0;0;0;0;0;0;0;0;0;34 958;0;0;25 173;0;0;0;0;0;9 785;0;294;0;0;0;0;1 663;0;0;0;0;0;0;0;281 658;195 471;0;88 308;2 121;2 649;2;13;0;0;0;0;0;0;0;48 431;48 406;1 971 540;2 015 543;2 500;2 500;183 857;1 795;4 500 409;361 412;0;240 958;608 647;0;827;0;0;0;608 647;0;0;604 377;0;0;0;0;0;0;0;0;0;0;0;0;0;0;0;0;0;0;4 128;0;0;0;0;0;0;42;30 813;544 795;7 000;1;1 400;696;1;139;219;3;44;0;0;0;0;0;0;0;0;0;0;0;0;0;0;0;0;0;0;0;0;0;0;0;0;0;0;0;0;0;0;0;0;0;0;0;0;0;0;0;0;0;0;0;0;0;0;0;0;0;0;0;0;0;0;0;0;0;0;0;0;0;0;0;50 544;4;9 074;2;0;0;0;0;0;0;0;2 039;2;0;0;0;0;0;0;0;0;0;3 673;2;0;0;0;0;0;0;0;0;0;0;0;0;23 244 222;2 493;303 837;7;0;0;0;0;0;0;0;0;0;0;0;0;0;0;0;0;0;0;0;0;0;0;0;0;0;0;0;0;0;0;0;0;209 202;1;0;0;0;0;0;0;0;0;0;0;0;0;0;0;0;0;134 189;34;0;0;0;0;130 306;14;1 300;1;0;0;3 599 094;7;0;0;0;0;0;0;0;0;0;0;7 692 826;16;115 492;2;1 923 947;17;0;0;0;0;0;0;15 198;1;39 445;1;4 271;2;244 361;54;17 276;34;506 315;49;0;0;17 511;3;0;0;337 581;2;3 571 639;15;946 993;55;19 537;2;511;5;0;0;168 762;3;0;0;1 031;2;18 765;10;12 015;6;0;0;0;0;3 260;3;1 450;2;0;0;0;0;0;0;0;0;267 664;1;0;0;0;0;0;1;0;0;0;0;0;0;0;0;0;1;0;0;0;0;6 500;29;0;0;102 433;27;0;0;99 637;23;0;0;1 462;1;400;1;0;0;107;1;0;0;0;0;0;0;0;0;0;0;0;0;0;0;0;0;0;0;0;0;0;0;0;0;0;1;;;;;;;;;;;
  Республика Марий-Эл;312 509 714;19 463 327;8 483 170;336 225;294 350 657;20 213 451;9 033 683;927 950;109 892;2 630;306 742;11 852;121 320;0;17 300 050;259 679;84;17 078 628;1 351 070;510 752;5 159;13;75;0;74 342;6 979;38 280;1 047;51 936;63 126;3;0;0;0;0;0;0;0;115 150;164;6 128;0;2 064;214;552;115;70;1 115 509;1 889 167;0;928 194;1 662 919;0;187 421;226 248;0;37 484;45 250;0;5 622;6 787;0;106;0;0;126;33;0;1;0;0;0;0;0;0;0;0;0;0;0;0;0;0;0;0;0;0;0;0;0;0;0;0;0;0;0;0;0;0;0;0;0;0;0;0;0;0;0;0;0;0;0;0;0;0;0;0;0;0;0;0;0;0;0;0;0;0;239 798;0;65 654;215 925;0;63 454;23 873;0;2 200;716;0;66;0;0;0;0;0;0;11 674 495;0;10 295 834;0;1 566 196;0;46 986;0;187 535;0;2;0;0;0;0;0;0;0;0;0;0;0;0;0;0;0;0;0;0;0;0;0;0;0;0;0;0;0;0;0;3 465 833;0;0;1 960 652;0;0;0;0;0;1 505 181;0;45 155;0;0;0;0;255 881;0;0;0;0;0;0;0;40 420;52 894;0;0;12 475;0;4;0;0;0;0;0;0;0;0;484 130;460 777;2 286;3 150;0;0;0;9 619;644 160;16 935;0;360 838;0;0;5 040;0;0;0;0;0;0;0;0;0;0;0;0;0;0;0;0;0;0;0;0;0;0;0;0;0;0;0;0;0;0;0;0;26;45 085;982 803;800;1;160;860;1;172;0;0;0;0;0;0;0;0;0;0;0;0;0;0;0;0;0;0;0;0;0;0;0;0;0;0;0;0;0;0;0;0;0;0;0;0;0;0;0;0;0;0;0;0;0;0;0;0;4 730;1;631;0;0;0;0;0;0;0;0;0;0;0;96;1;0;0;9 666;2;12 310;6;0;0;0;0;0;0;0;8 888;3;0;0;1 521;1;82 586;2;16 518;0;0;6 979;7;0;0;0;0;0;0;0;0;0;0;0;0;5 860 856;867;113 504;4;0;0;0;0;0;0;0;0;0;0;0;0;0;0;0;0;0;0;0;0;0;0;0;0;0;0;0;0;0;0;0;0;0;0;0;0;0;0;0;0;0;0;0;0;0;0;0;0;0;0;9 133;3;0;0;0;0;121 782;23;0;0;0;0;342 955;1;0;0;0;0;0;0;0;0;0;0;1 851 498;7;0;0;876 630;2;0;0;0;0;0;0;2 716;4;30 517;1;0;0;50 664;26;5 443;2;159 491;58;0;0;0;0;0;0;192 827;6;71 049;4;211;1;26 195;3;229;4;0;0;0;0;0;0;0;0;2 654;2;2 939;3;0;0;0;0;25 195;2;2 324;1;0;0;0;0;0;0;0;0;1 375;1;0;0;0;0;21 221;22;0;0;0;0;0;0;0;0;0;0;0;0;0;0;18 605;16;0;0;557 570;36;0;0;14 502;54;0;0;0;0;21 841;7;0;0;15 800;3;66;1;0;0;0;0;0;0;0;0;0;0;0;0;0;0;0;0;0;0;0;0;0;0;0;0;;;;;;;;;;;
  Республика Мордовия;427 984 127;33 674 464;14 996 906;2 356 947;387 274 023;35 687 729;28 889 484;3 014 581;167 246;125 247;414 611;51 082;49 883;19 746;26 698 631;1 424 334;104;25 274 297;2 616 482;758 227;0;0;0;0;152 556;9 546;60 170;1 438;284 867;149 349;8;0;0;0;0;0;0;0;434 216;0;4 095;0;2 088;329;2 016;471;26;149 878;595 851;0;149 218;548 152;0;659;47 699;0;132;9 540;0;20;1 431;0;0;0;0;24;22;0;0;0;0;0;0;3 453 253;0;0;2 795 409;0;0;695 050;0;0;0;0;0;34 753;0;0;104 258;0;0;20 852;0;0;37 207;0;0;16;0;0;6;0;0;0;0;0;0;0;0;0;0;0;0;0;0;0;0;0;0;0;0;0;0;0;0;0;0;39 608;0;14 349;37 217;0;10 840;2 391;0;3 509;72;0;105;0;0;0;0;0;0;45 536 070;0;34 052 169;0;11 503 728;0;345 112;0;19 826;0;3;0;0;0;0;0;0;0;0;0;0;0;0;0;0;0;0;0;0;0;0;0;0;0;0;0;0;0;0;0;603 455;0;0;437 685;0;0;0;0;0;184 104;0;5 523;0;0;0;0;31 298;0;0;18 334;0;0;1;0;60 949;66 189;0;14;5 253;0;4;0;0;0;0;0;0;0;0;22 746;21 267;204 226;39 556;0;0;178 354;54 050;3 019 315;132 464;0;163 483;30;0;5;0;0;0;5;0;0;0;0;0;0;0;0;0;0;0;0;0;0;0;0;0;0;0;0;0;0;0;0;0;0;0;0;45;82 490;1 041 415;0;0;0;0;0;0;1 181;1;236;0;0;0;0;0;0;0;0;106 851;2;0;0;0;0;0;0;0;0;0;0;0;0;0;0;0;0;0;2 166;1;289;0;0;0;0;0;0;0;0;0;0;47;1;0;0;0;0;0;0;0;0;0;0;0;0;0;0;0;0;0;4 704;1;4 040;1;4 840;4;6 260;6;0;0;0;0;0;0;0;0;0;0;0;8 679;2;74;1;15;0;0;8 305;7;0;0;0;0;0;0;0;0;34;1;0;0;12 027 749;1 000;8 663;4;0;0;0;0;0;0;0;0;0;0;0;0;0;0;0;435;1;87;0;0;0;0;0;0;0;0;0;0;0;0;0;0;0;0;0;0;0;0;0;0;0;0;0;0;0;0;0;0;0;0;68 615;24;0;0;0;0;104 831;16;0;0;0;0;631 739;1;0;0;0;0;0;0;0;0;0;0;1 343 178;3;0;0;965 218;2;0;0;0;0;0;0;0;0;0;0;0;0;951 097;40;133 799;4;353 831;56;0;0;0;0;0;0;13 855;9;702 336;19;68 080;2;0;0;42 700;2;0;0;0;0;0;0;70 825;4;1 490;2;9 724;7;0;0;424;1;145;1;91 943;3;0;0;0;0;0;0;0;0;0;0;0;0;0;0;0;0;0;0;0;0;0;0;0;0;0;0;0;0;0;0;0;0;0;0;0;0;0;0;6 400;3;0;0;0;0;29 412;9;0;0;12 352;4;0;0;0;0;0;0;0;0;0;0;0;0;0;0;0;0;0;0;0;0;0;0;0;0;0;1;;;;;;;;;;;
  Республика Саха (Якутия);994 181 260;125 239 337;190 486 216;33 651 708;698 918 598;150 488 958;121 653 841;21 772 199;416 714;409 419;68 062 320;1 694 052;186 823;67 372;296 266 496;7 735 709;105;288 530 787;14 721 290;8 642 634;0;0;0;0;609 793;19 620;176 328;2 943;1 547 143;2 228 567;1;0;0;0;0;0;0;0;3 775 710;0;227;1 780;2 173;626;2 678;350;46;464 948;1 221 381;0;455 422;1 068 313;0;9 871;179 877;0;1 974;35 975;0;296;5 396;0;344;26 809;0;113;29;0;2;2;0;28 995 790;73 015 690;78 151 427;19 939 548;52 582 192;53 621 397;10 478 635;22 072 132;24 792 985;0;0;1 051;1 029 524;2 027 033;5 955;1 066 203;2 027 033;4 951 590;314 359;608 110;742 738;3 661 531;7 030;253 662;10;8;22;1;1;6;0;0;0;0;0;0;0;0;0;0;0;0;0;0;0;0;0;0;0;0;0;0;0;0;0;0;46 225;0;13 262;46 934;0;14 382;64;0;71;2;0;2;773;0;1 190;1;0;1;234 194;555 204;230 336;519 971;8 798;35 234;264;1 057;4 940;0;1;0;0;0;0;0;0;0;0;0;0;0;0;0;0;0;0;0;0;0;0;0;0;0;0;0;0;0;0;2 694;3 813 476;0;45 794;3 405 183;0;0;0;0;0;408 293;0;12 248;0;0;0;0;69 410;0;43 100;0;0;1;0;0;1 739 299;1 463 219;0;280 299;4 219;8 409;1;2;0;0;0;0;0;0;0;12 106 630;12 332 224;3 993 459;3 853 412;0;0;232 624;43 729;103 133 564;2 383 637;0;2 558 970;32 615 245;5 855;44 098;0;19 539 494;13 069 896;44 098;0;0;16 860;0;0;0;0;13 069 896;0;0;0;0;0;0;0;0;0;0;0;19 539 494;0;4 370;0;0;0;0;0;0;59;471 506;13 779 178;0;0;0;0;0;0;14 933;1;2 987;0;0;0;0;0;0;0;0;1 826 324;3;70 240;1;0;0;0;0;0;0;0;0;0;149 338;1;14 934;0;0;0;0;0;0;0;0;0;0;0;0;0;0;0;0;0;0;0;0;0;0;0;0;0;0;0;0;0;0;0;0;0;0;0;58 723;6;3 162;2;14 906;5;266 889;18;0;0;0;0;0;739 700;3;55 918;8;6 434;7;23 713;5;28 969;4;5 794;1 974;2;197 418;21;0;0;0;0;0;0;0;0;0;0;0;0;59 315 098;1 019;4 429 141;10;0;0;0;0;0;0;4 500;1;900;384 051;2;76 811;0;0;0;64;1;13;0;0;0;0;0;0;0;0;0;0;0;0;0;0;0;0;0;0;0;0;0;0;0;0;0;0;0;0;0;0;0;0;1 497;5;0;0;0;0;293 350;30;0;0;0;0;629 180;5;824;1;0;0;0;0;0;0;0;0;44 782 015;18;102;1;0;0;0;0;0;0;0;0;285 342;3;0;0;0;0;1 356 950;34;6 421;6;3 302 611;33;0;0;780;1;0;0;556 360;8;988 090;12;1 275 303;13;5 543;4;1 152;4;0;0;25 341;2;0;0;0;0;1 293;1;3 885;7;0;0;0;0;50 618;8;34 609;2;3 851;1;0;0;0;0;0;0;0;0;0;0;0;0;0;0;0;0;0;0;0;0;0;0;0;0;0;0;0;0;17 966;24;0;0;15 352;1;0;0;28 287;6;0;0;977 549;3;9 207;2;0;0;19 155;2;0;0;0;0;0;0;3 146 036;0;2 051 576;0;3 146 036;0;0;0;3 146 036;0;0;629 207;0;402 087;0;227 120;0;13;1;2;;;;;;;;;;;
  Республика Северная Осетия-Алания;83 885 175;13 431 302;2 839 660;2 751 328;79 940 300;17 777 835;2 608 404;2 178 038;11 449;26 139;1 450;407;0;0;4 186 130;69 000;26;4 117 130;3 747 511;123 514;0;1 142;9 482;2;26 430;1 919;7 914;288;13 800;210;1;0;0;0;0;0;0;0;24 634;0;0;0;848;139;733;358;19;326 712;640 085;473 395;312 428;554 496;226 074;14 284;100 993;247 321;2 857;20 199;49 464;429;3 030;7 420;0;15 404;0;11;8;2;0;1;0;0;0;0;0;0;0;0;0;0;0;0;0;0;0;0;0;0;0;0;0;0;0;0;0;0;0;0;0;0;0;0;0;0;0;0;0;0;0;0;0;0;0;0;0;0;0;0;0;0;0;0;0;0;0;0;0;0;0;11 352;0;0;11 352;0;0;0;0;0;0;0;0;0;0;0;0;2 316 017;0;1 846 073;0;603 310;0;18 099;0;133 366;0;2;0;0;0;0;0;0;0;0;0;0;0;0;0;0;0;0;0;0;0;0;0;0;0;0;0;0;0;0;0;0;0;0;0;0;0;0;0;0;0;0;0;0;0;0;0;0;0;0;0;0;0;0;0;0;0;0;0;0;0;0;0;0;0;0;0;0;0;0;0;0;0;0;0;0;0;0;33 187;11 561;0;27 234;0;0;0;0;0;0;0;0;0;0;0;0;0;0;0;0;0;0;0;0;0;0;0;0;0;0;0;0;0;0;0;0;0;0;0;6;28 175;43 168;0;0;0;0;0;0;0;0;0;0;0;0;0;0;0;0;0;0;0;0;0;0;0;0;0;0;0;0;0;0;0;0;0;0;0;0;0;0;0;0;0;0;0;0;0;0;0;0;0;0;0;0;0;0;0;0;0;0;0;0;0;0;0;0;0;0;0;0;0;0;0;0;0;0;0;0;0;0;0;0;0;0;0;0;0;0;0;0;0;0;0;0;0;0;0;0;0;0;0;0;0;0;0;0;0;0;0;0;2 058 119;336;0;0;0;0;0;0;0;0;0;0;0;0;0;0;0;0;0;0;0;0;0;0;0;0;0;0;0;0;0;0;0;0;0;0;0;0;0;0;0;0;0;0;0;0;0;0;0;0;0;0;0;0;7 379;4;0;0;0;0;3 027;2;0;0;0;0;0;0;0;0;0;0;0;0;0;0;0;0;6 614;1;0;0;0;0;0;0;0;0;0;0;8 507;3;0;0;0;0;9 801;6;2 037;1;41 997;6;0;0;0;0;0;0;141 857;6;17 843;2;11 886;1;347;1;100;1;0;0;0;0;0;0;0;0;0;0;29 449;3;0;0;0;0;3 509;3;21 200;1;0;0;0;0;0;0;0;0;0;0;0;0;0;0;0;0;0;0;0;0;0;0;0;0;0;0;0;0;0;0;65;1;0;0;0;0;0;0;0;0;0;0;0;1;0;0;0;0;0;0;0;0;0;0;0;0;0;0;0;0;0;0;0;0;0;0;0;0;0;0;0;0;0;0;0;0;;;;;;;;;;;
  Республика Татарстан;7 327 613 997;673 906 686;512 607 895;463 179 330;6 783 342 391;730 732 410;344 037 255;393 680 782;4 522 395;1 886 445;47 925 681;77 624 684;2 306 400;14 257;667 365 784;30 719 823;805;636 645 961;62 985 549;18 845 741;399 542;0;0;0;2 522 396;296 479;483 620;44 541;6 143 964;38 722;2;0;252 988;3 834 769;47;0;0;0;10 270 443;0;432 902;45;29 325;2 626;13 134;1 928;67;4 696 130;13 836 061;0;4 151 123;11 881 740;0;555 753;2 016 095;0;111 150;403 218;0;16 672;60 482;0;10 744;61 774;0;228;126;0;3;8;0;0;0;70 024 426;0;0;62 478 374;0;0;8 505 520;0;0;719;0;0;426 475;0;0;1 273 910;0;0;254 447;0;0;1 191 655;0;0;80;0;0;23;0;0;350 010 387;0;0;343 998 156;0;0;0;0;0;6 012 231;0;0;0;0;347 129;0;0;180 367;0;0;0;0;0;0;45 231;0;317 385;43 854;0;301 395;1 377;0;15 990;41;0;480;0;0;0;0;0;0;108 464 923;0;97 909 704;0;12 654 770;0;379 643;0;2 099 552;0;27;0;0;0;0;0;0;0;0;0;0;0;0;0;0;0;0;0;0;0;0;0;0;0;0;0;0;0;0;0;11 948 073;0;0;11 513 395;0;0;24 847;0;0;1 451 281;0;43 538;0;0;0;0;246 718;0;0;1 041 450;0;0;7;0;14 220 756;14 697 082;1 031;652 062;1 129 419;19 562;14;6;0;0;0;0;0;0;0;13 748 335;13 279 398;22 993 124;23 415 932;2 700;0;328 627;123 114 397;92 433 368;42 781 076;0;37 550 868;22 453 964;5 672 249;404 044;0;11 661 064;1 712 920;2 593 950;0;477 814;2 413 191;0;0;0;19 465;0;53 760;10 279 000;146;796 040;7 169;71 232;369 760;0;0;5;0;3 938 208;24 284;448 471;322 347;2;228 018;10;0;0;444;6 125 308;32 834 428;78 044;2;15 609;0;0;0;0;0;0;0;0;1 133;1;227;0;0;0;106 950;16;1 505;2;0;0;0;528 997;3;52 900;0;0;0;81 805;1;8 181;0;0;0;16 660 377;8;2 221 384;0;0;0;0;0;0;0;0;0;0;3 656;4;0;0;0;0;0;0;0;0;21 062;1;4 212;0;0;0;0;0;0;165 880;16;40 859;14;451 063;29;365 892;83;4 499 870;4;98 893;23;19 779;427 858;59;1 030 038;119;36 898;39;44 248;15;86 078;11;17 215;67 064;10;347 309;145;0;0;0;0;215;1;34 620;1;1 935;2;0;0;183 455 829;11 556;8 343 206;44;0;0;0;13 841;8;2 768;9 748;3;1 950;96 160;3;19 232;1 000;2;200;31 623;2;6 325;0;0;693;1;0;0;0;0;0;0;0;0;0;0;181 700;1;0;0;0;0;0;0;0;0;0;0;0;0;0;0;0;0;125 904;71;0;0;0;0;2 051 319;62;665;1;0;0;1 837 013;8;0;0;534 445;4;1 624;1;0;0;0;0;15 367 495;40;51 343 951;11;48 043;6;0;0;0;0;0;0;13 093;11;293;1;0;0;865 132;62;25 257;16;18 767 821;123;0;0;764;5;0;0;2 874 348;34;1 244 198;33;271 903;16;62 700;5;78 938;33;0;0;91 137;6;0;0;1 644;14;25 483;24;13 387;7;0;0;0;0;25 440;3;1 207;3;526;2;0;0;333;1;0;0;112;2;0;0;0;0;995;1;0;0;0;0;0;0;0;0;0;0;0;0;0;0;438 154;24;0;0;268 026;4;0;0;347 708;148;0;0;103 195;2;13 717;3;136;1;12 852;1;0;0;0;0;668;1;516 369;0;1 146 822;0;515 796;0;261 407;0;254 389;0;0;50 853;0;390 166;0;0;0;69;1;52;;;;;;;;;;;
  Республика Тыва;21 921 635;4 487 364;4 542 400;1 455 498;19 644 165;5 871 130;3 549 880;1 351 615;6 030;554 103;0;0;0;0;3 276 019;179 689;8;3 096 330;725 779;92 890;0;0;0;0;33 903;700;6 029;105;35 938;0;0;0;0;0;0;0;0;0;35 938;0;0;0;336;47;796;44;62;237 111;32 149;0;237 111;34 040;0;0;0;0;0;0;0;0;0;0;0;1 891;0;52;3;0;0;1;0;16 694 169;3 950 974;0;9 607 704;3 424 326;0;4 958 659;1 062 853;0;0;0;0;495 866;180 685;0;495 866;31 886;0;148 760;31 886;0;0;787 182;0;1;2;0;0;1;0;0;0;0;0;0;0;0;0;0;0;0;0;0;0;0;0;0;0;0;0;0;0;0;0;0;0;0;0;0;0;0;0;0;0;0;0;0;0;0;0;0;0;0;0;0;0;0;0;0;0;0;0;0;0;0;0;0;0;0;0;0;0;0;0;0;0;0;0;0;0;0;0;0;0;0;0;0;0;0;0;0;0;0;0;0;0;0;0;0;0;0;0;0;0;0;0;0;0;0;0;0;0;0;0;0;0;0;0;0;0;0;0;0;0;0;0;0;0;0;0;0;0;0;0;0;0;0;0;0;0;0;200 000;0;0;0;0;0;0;0;0;0;0;0;0;0;0;0;0;0;0;0;0;0;0;0;0;0;0;0;0;0;1 324 902;3 986 041;0;0;0;0;0;0;0;4;15 627;77 766;0;0;0;0;0;0;0;0;0;0;0;0;0;0;0;0;0;0;0;0;0;0;0;0;0;0;0;0;0;0;0;0;0;0;0;0;0;0;0;0;0;0;0;0;0;0;0;0;0;0;0;0;0;0;0;0;0;0;0;0;0;0;0;0;0;0;0;0;7 389;2;0;0;222;1;1 133;2;0;0;0;0;0;0;0;99;1;0;0;0;0;0;0;0;0;0;1 704;1;0;0;0;0;0;0;0;0;0;0;0;0;2 302 168;70;189 117;4;0;0;0;0;0;0;0;0;0;0;0;0;0;0;0;0;0;0;0;0;0;0;0;0;0;0;0;0;0;0;0;0;0;0;0;0;0;0;0;0;0;0;0;0;0;0;0;0;0;0;13;1;0;0;0;0;7 558;5;0;0;0;0;0;0;0;0;0;0;0;0;0;0;0;0;0;0;0;0;0;0;0;0;0;0;0;0;0;0;0;0;0;0;1 756;2;3 557;1;1 000;2;0;0;0;0;0;0;0;0;0;0;0;0;0;0;0;0;0;0;0;0;0;0;0;0;242;2;58 924;2;0;0;0;0;24;1;0;0;0;0;0;0;0;0;0;0;0;0;0;0;0;0;0;0;0;0;0;0;0;0;0;0;0;0;0;0;0;0;0;0;0;0;0;0;0;0;0;0;0;0;0;0;0;0;0;0;308;1;0;0;0;0;0;0;0;0;0;0;0;0;0;0;0;0;0;0;0;0;0;0;0;0;0;0;;;;;;;;;;;
  Удмуртская Республика;1 285 354 220;50 741 534;204 966 179;4 488 321;1 178 552 503;55 047 533;193 022 437;5 502 797;128 729;66 221;5 377 143;1 882 388;115 296;6 000;113 832 325;5 847 362;267;107 984 963;7 142 634;3 238 993;1 125;35 091;164 966;7;422 470;14 329;133 335;2 149;1 169 472;20 198;2;0;0;0;0;0;0;0;1 389 727;0;15;421;8 544;822;3 402;630;104;986 844;4 298 708;103 603;919 078;3 686 066;86 963;68 232;622 816;16 766;13 647;124 563;3 353;2 047;18 684;503;466;10 175;125;153;56;3;1;5;1;0;0;2 509 685;0;0;2 285 285;0;0;325 579;0;0;194;0;0;17 055;0;0;47 867;0;0;9 573;0;0;103 631;0;0;33;0;0;13;0;0;9 597 621;0;0;9 416 250;0;0;0;0;0;181 370;0;0;0;0;24 485;0;0;5 441;0;0;0;0;0;0;66 003;0;207 205;18 999;0;179 633;48 066;0;27 571;1 442;0;827;1 063;0;0;1;0;0;27 764 915;0;25 520 422;0;2 617 257;0;78 517;0;372 764;0;4;0;0;0;0;0;0;0;0;0;0;0;0;0;0;0;0;0;0;0;0;0;0;0;0;0;0;0;0;0;2 423 872;201 056;0;1 976 838;199 692;0;1 541;0;0;445 493;1 363;13 365;41;0;0;0;75 734;232;0;0;0;0;0;0;51 679;57 628;0;263;6 212;8;6;2;0;0;0;0;0;0;0;52 511 177;51 652 229;767 634;1 086 820;0;33 994;13 454;0;4 981 252;418 781;0;1 247 940;124 153;0;118 496;0;0;0;235 117;0;0;117 019;0;0;0;0;0;0;0;0;0;0;0;0;0;0;13;0;0;0;1 222;0;0;22 078;5;0;0;124;637 613;5 414 598;0;0;0;34;1;7;0;0;0;0;0;462;1;92;0;0;0;28 596;4;0;0;0;0;0;0;0;0;0;0;0;93 458;1;9 346;0;0;0;2 070;1;276;0;0;0;0;0;0;0;0;27 946;1;1 653;4;0;0;0;0;0;0;0;0;0;0;0;0;0;0;76;1;15;5 071;11;11 849;2;15 683;13;87 825;43;0;0;0;0;0;152 009;11;275 038;31;9 263;22;60 376;22;25 379;6;5 076;5 971;4;95 301;52;0;0;0;0;0;0;0;0;3 144;1;0;0;24 976 018;3 003;409 704;18;0;0;0;10 253;3;2 050;0;0;0;0;0;0;0;0;0;2 187;1;437;0;0;0;0;0;0;0;0;0;0;0;0;0;0;0;0;0;0;0;0;0;0;99 592;1;0;0;0;0;0;0;0;0;79 285;19;0;0;0;0;104 855;45;459 616;2;0;0;2 187 726;6;0;0;33 391;4;20 109;2;0;0;0;0;6 190 207;15;488 958;3;59 981;1;0;0;0;0;0;0;22 280;4;0;0;0;0;466 077;28;27 601;7;242 799;183;0;0;1 633;12;0;0;311 027;15;638 845;58;151 823;110;23 066;2;21 576;64;0;0;0;0;0;0;16 478;4;21 676;12;32 045;6;0;0;0;0;150;3;801;5;14 640;1;0;0;0;0;0;0;0;0;0;0;0;0;0;0;0;0;0;0;0;0;0;0;0;0;0;0;0;0;30 583;33;0;0;749 082;5;0;0;13 491;33;0;0;0;0;332;2;5 815;1;16 545;2;0;0;0;0;0;0;0;0;583;0;0;0;0;0;0;0;0;0;0;0;0;0;0;4;0;3;;;;;;;;;;;
  Республика Хакасия;299 830 284;14 653 597;14 463 543;549 460;249 599 932;15 913 925;13 805 164;659 229;118 439;14 295;1 008 974;20;0;0;50 002 456;4 929 751;65;45 072 705;1 355 822;1 352 182;0;0;0;0;176 152;7 343;39 851;1 101;985 950;0;0;0;0;0;0;0;0;0;985 950;0;3 125;0;1 162;151;1 035;71;18;321 291;902 667;0;314 063;843 740;0;7 227;60 109;0;1 445;12 022;0;217;1 803;0;0;1 183;0;107;21;0;0;1;0;20 329;0;0;71 099;0;0;0;0;0;0;0;0;0;0;0;0;0;0;0;0;0;50 770;0;0;1;0;0;1;0;0;0;0;0;0;0;0;0;0;0;0;0;0;0;0;0;0;0;0;0;0;0;0;0;0;0;0;1 495;0;216;1 495;0;0;0;0;216;0;0;6;0;0;0;0;0;0;725 424;0;544 230;0;181 194;0;5 436;0;0;0;0;0;0;0;0;0;0;0;0;0;0;0;0;0;0;0;0;0;0;0;0;0;0;0;0;0;0;0;0;0;4 382;0;0;4 382;0;0;0;0;0;0;0;0;0;0;0;0;0;0;0;0;0;0;0;0;652;497;0;155;0;5;0;0;0;0;0;0;0;0;0;0;0;4 259;0;0;0;4 259;0;6 490 584;5 477;0;58 753;0;0;0;0;0;0;0;0;0;0;0;0;0;0;0;0;0;0;0;0;0;0;0;0;0;0;0;0;0;0;0;0;0;0;0;36;125 877;1 655 331;0;0;0;0;0;0;0;0;0;0;0;0;0;0;0;0;0;479 221;1;307;1;0;0;0;0;0;0;0;0;0;0;0;0;0;0;0;16 506;2;2 201;0;0;0;0;0;0;0;0;0;0;0;0;0;0;0;0;0;0;0;0;0;0;0;0;0;0;0;0;0;68 619;8;100 370;1;3 282;9;14 475;10;288;1;0;0;0;0;0;24 712;9;951;5;34 179;1;5 540;2;1 108;0;0;17 192;9;0;0;0;0;0;0;707;1;0;0;0;0;8 139 174;471;0;0;0;0;0;2 796;1;559;13 932;1;2 786;110 186;1;22 037;0;0;0;0;0;0;0;0;0;0;0;0;0;0;0;0;0;0;0;0;0;0;0;0;0;0;0;0;0;0;0;0;0;0;0;0;0;0;4 293;3;0;0;0;0;15 007;19;0;0;0;0;0;0;0;0;0;0;0;0;0;0;0;0;3 466 834;7;26 301;2;2 616;3;0;0;0;0;0;0;0;0;0;0;47;1;295 019;21;42 858;5;135 257;61;0;0;8 344;20;0;0;548 216;19;926 513;16;4 245 045;117;32 477;3;23 401;7;0;0;2 332 747;2;0;0;5 424;2;5 543;8;2 424;3;0;0;0;0;0;0;0;0;0;0;0;0;0;0;0;0;0;0;0;0;0;0;0;0;0;0;0;0;0;0;0;0;0;0;0;0;0;0;180;2;0;0;148 824;3;0;0;3 597;4;0;0;0;0;469;2;1 476;1;6 094;1;0;0;0;0;0;0;0;0;0;0;0;0;0;0;0;0;0;0;0;0;0;0;0;0;0;0;;;;;;;;;;;
  Чеченская Республика;217 410 423;30 512 228;6 934 129;1 462 637;213 318 231;35 654 209;5 793 432;2 308 675;9 598;2 489;84 954;0;0;0;5 527 938;78 360;16;5 449 577;5 985 529;163 481;914;141;690;1;37 383;80;17 860;12;15 672;1 832;6;0;0;0;0;0;0;0;18 335;0;0;0;1 250;86;1 270;525;4;729 346;130 380;0;687 770;122 290;0;47 771;8 089;0;9 248;1 599;0;1 387;240;0;6 196;0;0;89;7;0;2;0;0;93 791;0;0;158 083;0;0;221;0;0;7;0;0;30;0;0;8;0;0;0;0;0;64 513;0;0;2;0;0;1;0;0;0;0;0;0;0;0;0;0;0;0;0;0;0;0;0;0;0;0;0;0;0;0;0;0;0;0;0;0;49 143;0;0;49 122;0;0;21;0;0;0;0;0;0;0;0;0;2 408 456;0;2 452 565;0;185 402;0;5 560;0;229 511;0;3;0;2 547 177;0;0;2 357 556;0;0;0;0;0;189 621;0;0;5 689;0;0;25 599;0;0;6 636;0;0;0;0;0;0;0;0;0;0;0;0;0;0;0;0;0;0;0;0;0;0;0;0;0;0;0;0;0;0;0;0;0;0;0;0;0;0;0;0;1;0;0;0;0;0;0;0;0;0;366 086;0;0;0;366 086;0;2 920;0;0;0;0;0;0;0;0;0;0;0;0;1 106;0;0;0;0;0;0;0;0;0;0;0;0;0;0;0;0;0;0;0;0;0;0;0;0;0;3;0;14 018;0;0;0;0;0;0;0;0;0;0;0;0;0;0;0;0;0;0;0;0;0;0;0;0;0;0;0;0;0;0;0;0;0;0;0;0;0;0;0;0;0;0;0;0;0;0;0;0;0;0;0;0;0;0;0;0;0;0;0;0;0;0;0;0;0;0;0;0;0;0;0;0;0;0;0;0;0;0;0;0;0;0;0;0;0;0;0;0;0;0;0;0;0;0;0;0;0;0;0;0;0;0;0;0;0;0;0;0;4 280 888;264;17 030;1;0;0;0;0;0;0;0;0;0;0;0;0;0;0;0;0;0;0;0;0;0;0;0;0;0;0;0;0;0;0;0;0;0;0;0;0;0;0;0;0;0;0;0;0;0;0;0;0;0;0;422;1;0;0;0;0;29 985;3;0;0;0;0;0;0;0;0;0;0;0;0;0;0;0;0;150 744;1;0;0;0;0;0;0;0;0;0;0;0;0;0;0;0;0;474;1;1 972;1;52 953;2;0;0;0;0;0;0;0;0;0;0;0;0;0;0;2 000;1;0;0;0;0;0;0;0;0;0;0;0;0;0;0;0;0;0;0;0;0;0;0;0;0;0;0;0;0;0;0;0;0;0;0;0;0;0;0;0;0;0;0;0;0;0;0;0;0;0;0;0;0;0;0;0;0;0;0;0;0;0;0;0;0;0;0;0;0;0;0;0;0;0;0;0;0;0;0;3 465;0;0;0;0;0;0;0;0;0;0;0;0;0;0;7;0;4;;;;;;;;;;;
  Чувашская Республика;466 890 642;80 443 590;18 376 677;3 408 921;426 241 227;92 690 850;15 941 089;3 890 467;238 051;92 416;4 460 869;301 121;7 877;0;38 888 026;1 528 167;180;37 359 859;12 935 684;1 120 788;0;0;0;0;245 363;15 096;82 871;2 264;305 634;4 969;1;0;0;0;0;0;0;0;310 603;0;12 717;398 853;4 146;337;1 013;560;845;1 771 786;2 261 336;0;1 632 720;2 138 241;0;139 065;124 233;0;27 813;24 846;0;4 172;3 727;0;0;1 139;0;119;24;0;0;2;0;0;0;494 652;0;0;484 873;0;0;17 622;0;0;0;0;0;881;0;0;2 643;0;0;529;0;0;7 843;0;0;4;0;0;2;0;0;0;0;0;0;0;0;0;0;0;0;0;0;0;0;0;0;0;0;0;0;0;0;0;0;38 132;0;0;38 387;0;0;434;0;0;13;0;0;689;0;0;1;0;0;1 860 545;0;1 329 034;0;542 634;0;16 279;0;11 123;0;2;0;0;0;0;0;0;0;0;0;0;0;0;0;0;0;0;0;0;0;0;0;0;0;0;0;0;0;0;0;2 087 959;40 781;0;1 067 500;35 668;0;0;0;0;1 020 459;5 113;30 614;153;0;0;0;173 478;869;0;0;0;0;0;0;49 171;52 821;0;0;3 650;0;4;1;0;0;0;0;0;0;0;1 058 499;1 004 289;2 504 253;2 981 641;0;0;35 544;0;4 748 035;958 832;0;3 033 147;40 000;0;1 181;0;39 600;0;1 562;0;0;0;0;0;0;0;0;0;0;0;39 600;400;0;0;0;0;0;0;0;0;0;0;0;8 820;2;0;0;94;101 192;710 408;625;2;125;352;1;70;0;0;0;0;0;0;0;0;0;0;0;0;0;0;0;0;0;0;0;0;0;0;0;0;0;0;0;0;0;0;39 657;1;5 288;0;0;0;0;0;0;0;0;0;0;0;0;0;0;0;0;0;0;0;0;0;0;0;0;0;0;0;0;0;4 303;6;3 396;3;120 243;10;10 447;14;47;1;0;0;0;275;1;11 332;7;457;8;1 723;3;47;1;9;0;0;8 925;17;0;0;0;0;0;0;0;0;0;0;0;0;9 825 400;1 921;31 954;4;0;0;0;0;0;0;0;0;0;0;0;0;0;0;0;0;0;0;0;0;0;0;0;0;0;0;0;0;0;0;0;0;0;0;0;0;0;0;0;0;0;0;0;0;0;0;0;0;0;0;1 932;17;0;0;0;0;117 302;18;0;0;0;0;2 449 916;4;0;0;0;0;0;0;0;0;0;0;8 163 047;12;0;0;2 235;2;0;0;0;0;0;0;0;0;0;0;0;0;146 756;75;9 513;22;367 931;43;31 245;5;0;0;0;0;404 645;2;166 816;23;7 306;7;34 402;2;2 545;5;0;0;489 188;4;0;0;1 473;6;15 126;15;3 438;6;0;0;0;0;736;1;47 085;1;2 820;1;0;0;0;0;0;0;0;0;0;0;0;0;187;1;0;0;0;0;0;0;0;0;0;0;0;0;0;0;0;0;0;0;0;0;0;0;3 943;28;0;0;0;0;3 968;3;3 967;2;0;0;0;0;0;0;0;0;0;0;169;0;0;0;0;0;0;0;0;0;0;0;0;0;0;5;3;10;;;;;;;;;;;
  Алтайский край;1 306 162 866;88 029 443;39 418 022;3 385 155;1 229 913 708;92 932 022;35 825 344;4 191 516;758 740;45 508;2 171 984;130 136;24 737;238;78 407 698;3 932 845;269;74 474 854;5 793 806;2 234 246;704;0;0;0;325 819;47 210;140 462;7 081;786 569;0;0;0;0;0;0;0;0;0;786 569;0;3 171;0;10 131;813;4 862;393;67;1 572 474;4 016 937;0;1 537 482;3 487 980;0;34 992;528 969;0;6 998;105 794;0;1 050;15 870;0;0;13;0;135;76;0;0;1;0;0;0;3 210 379;0;0;2 750 981;0;0;576 794;0;0;0;0;0;28 840;0;0;86 519;0;0;17 304;0;0;117 396;0;0;11;0;0;2;0;0;0;0;0;0;0;0;0;0;0;0;0;0;0;0;0;0;0;0;0;0;0;0;0;0;71 640;0;11 615;69 462;0;11 461;2 179;0;154;65;0;5;0;0;0;0;0;0;63 187 732;0;39 928 316;0;23 420 958;0;702 629;0;161 542;0;12;0;0;0;0;0;0;0;0;0;0;0;0;0;0;0;0;0;0;0;0;0;0;0;0;0;0;0;0;0;381 296;0;0;232 924;0;0;0;0;0;148 372;0;4 451;0;0;0;0;25 223;0;0;0;0;0;0;0;57 243;55 277;0;7 115;5 148;213;4;1;0;0;0;0;0;0;0;2 603 172;2 617 846;594 844;591 002;0;0;3 842;226 956;38 084 889;700 184;0;1 693 092;119 144;0;337 039;0;0;0;119 153;0;0;60 549;0;0;0;0;0;0;0;0;1 004;0;0;0;0;0;0;0;0;0;58 595;0;0;0;0;0;0;126;356 690;1 097 615;340;1;68;210;1;42;0;0;0;0;0;0;0;0;0;0;0;233 952;2;0;0;0;0;0;0;0;0;0;0;0;2 552;1;255;0;0;0;18 838;1;2 512;0;0;0;0;0;0;0;0;0;0;1 025;3;0;0;0;0;0;0;0;0;0;0;0;0;0;0;0;0;0;38 236;11;23 040;4;15 472;13;13 397;25;0;0;0;0;0;3 239;1;54 163;19;330;2;550;1;379;2;76;0;0;27 037;24;0;0;0;0;0;0;0;0;0;0;0;0;22 699 644;3 410;356 450;23;0;0;0;944;1;189;1 273;1;255;0;0;0;0;0;0;0;0;0;0;0;0;0;0;0;0;0;0;0;0;0;0;0;0;0;0;0;0;0;0;0;0;0;0;0;0;0;0;0;0;0;75 426;38;0;0;0;0;113 414;46;0;0;0;0;7 906 675;10;0;0;2 500;1;0;0;0;0;0;0;13 969 841;48;23 310;3;1 318 168;2;0;0;0;0;0;0;160;1;0;0;0;0;226 667;65;26 198;11;331 524;145;0;0;0;0;0;0;88 930;6;211 708;14;83 354;8;15 426;5;2 980;8;0;0;119 607;2;0;0;0;0;50;1;30 839;7;0;0;0;0;0;0;74 524;1;0;0;0;0;10;1;0;0;0;0;0;0;0;0;5 471;2;0;0;0;0;0;0;0;0;0;0;0;0;0;0;0;0;0;0;152 072;1;0;0;215 985;41;0;0;0;0;91;1;1 745;2;7 584;2;0;0;0;0;0;0;21 084;0;5 039;0;8 991;0;0;0;8 991;0;0;0;0;0;0;0;0;7;0;6;;;;;;;;;;;
  Краснодарский край;6 661 594 078;466 018 126;421 191 479;179 660 979;6 194 212 229;496 332 308;315 664 390;183 216 986;1 561 477;417 607;37 522 790;15 702 105;243 768;11 494;537 064 104;34 085 103;1 150;502 983 604;47 704 420;15 089 353;27 186;256 960;1 541 562;15;1 531 387;322 593;834 740;48 374;6 817 020;391 174;5;0;0;0;0;0;0;0;9 006 716;108 653;19 613;166 203;18 923;3 744;9 580;1 928;184;5 169 693;23 988 863;367 584;4 801 954;19 359 469;281 854;382 581;4 732 014;85 730;76 516;946 403;17 146;11 477;141 961;2 572;14 842;103 251;0;946;182;1;46;19;0;0;0;0;0;0;0;0;0;0;0;0;0;0;0;0;0;0;0;0;0;0;0;0;0;0;0;0;0;0;0;0;0;0;0;0;0;0;0;0;0;0;0;0;0;0;0;0;0;0;0;0;0;0;0;0;0;1 416 584;0;233 455;1 218 151;0;175 767;199 668;0;57 778;5 990;0;1 733;1 234;0;87;6;0;1;148 134 317;0;96 879 103;0;52 701 588;0;1 581 048;0;1 446 375;0;21;0;0;0;0;0;0;0;0;0;0;0;0;0;0;0;0;0;0;0;0;0;0;0;0;0;0;0;0;0;7 430 969;0;0;6 192 440;0;0;0;0;0;1 274 179;0;38 226;0;0;0;0;216 610;0;0;35 649;0;0;2;0;13 417 384;7 067 287;3 100 639;3 304 034;63 218;216 878;21;21;0;0;0;0;0;0;0;237 156 469;234 089 616;1 403 377;1 974 066;23 159 611;21 415 680;1 467 036;10 477 617;164 461 081;9 993 183;0;12 002 712;69 755 918;0;73 200;0;19 830 153;27 365 808;21 582 456;0;0;7 712 165;0;13 594 667;6 644 957;1 550 490;1 792 374;0;3 842 406;12 625 418;2 042 043;963 224;683 846;0;0;0;78 460;0;2 896 684;19 034 697;41 399;0;0;560;1;0;0;294;1 548 649;14 519 025;29 166;5;5 833;13 808;8;2 762;691;2;138;0;0;0;0;0;0;0;0;329 599;4;21 635;3;0;0;0;0;0;0;0;0;0;31 136;2;3 114;48;1;5;21 328;5;2 844;0;0;0;0;0;0;0;0;70 391;2;209 225;6;0;0;0;0;0;0;0;0;0;0;0;0;0;0;1 457;1;291;846 114;13;20 594;6;123 839;18;58 691;38;0;0;10 380;1;2 076;201 932;10;170 678;34;22 963;19;11 865;9;11 665;4;2 333;5 317;1;245 259;57;0;0;0;0;0;0;1 074;1;120 950;5;0;0;121 567 253;10 599;1 617 832;33;0;0;0;0;0;0;3 697;1;739;0;0;0;0;0;0;0;0;0;0;0;0;0;0;0;0;0;0;0;681 762;4;730 000;1;184 280;3;0;0;0;0;0;0;0;0;0;0;0;0;0;0;0;0;134 329;78;0;0;0;0;266 573;23;500;1;0;0;22 141 940;23;0;0;600;1;0;0;0;0;0;0;13 483 713;41;119 970;2;58 614;37;0;0;0;0;0;0;10 201;6;0;0;0;0;354 535;157;122 710;68;2 216 739;573;0;0;2 840;36;0;0;955 863;14;3 241 516;133;799 372;145;10 454;12;50 033;45;510;2;288 296;10;0;0;110;2;34 869;16;70 749;34;0;0;0;0;510;5;157;3;6 706;4;0;0;88;1;0;0;0;0;0;0;0;0;5;1;0;0;0;0;0;0;0;0;0;0;0;0;0;0;35 061;10;0;0;74 367;20;0;0;153 001;89;0;0;3 138;1;8 078;5;50;1;2 008;4;0;0;0;0;0;0;228;0;12 558;0;223;0;109;0;114;0;0;23;0;0;0;23;0;57;0;26;;;;;;;;;;;
  Красноярский край;5 471 060 198;149 038 887;550 624 403;18 193 454;4 144 581 547;177 434 193;412 937 967;39 479 937;977 598;829 979;220 322 858;2 309 276;855 627;46 161;1 243 993 944;23 364 727;447;1 220 629 234;51 205 376;36 618 878;160;0;0;0;1 516 287;153 797;3 375 375;23 069;4 672 945;948 883;2;0;0;0;0;0;0;0;5 621 828;108;14 332 413;18;12 504;1 426;5 891;1 073;380;2 253 582;8 757 573;0;2 227 635;7 024 312;0;60 965;1 738 840;0;12 193;347 768;0;1 829;52 166;0;35 018;5 579;0;631;101;0;8;4;0;0;308 082;41 017;0;138 530;40 908;0;169 551;109;0;0;0;0;28 824;5;0;5 087;16;0;5 087;3;0;0;0;0;1;4;0;0;0;0;0;0;0;0;0;0;0;0;0;0;0;0;0;0;0;0;0;0;0;0;0;0;0;0;0;635 598;0;271 466;570 671;0;267 996;67 750;0;3 470;2 033;0;104;2 823;0;0;1;0;0;46 953 198;0;35 917 182;0;11 152 057;0;334 559;0;116 042;0;7;0;4 788;0;0;1 811 523;0;0;0;0;0;0;0;0;0;0;0;0;0;0;0;0;0;1 806 736;0;0;3;0;0;0;1 531 782;0;0;1 159 776;0;0;0;0;0;375 431;0;11 263;0;0;0;0;63 823;0;0;3 425;0;0;1;0;22 688 978;21 499 670;0;1 802 201;612 892;54 065;8;7;0;0;0;0;0;0;0;391 736;377 260;3 372 160;3 591 324;29 965 413;36 103 032;32 288;77 747;189 059 548;5 117 207;0;9 673 028;304 947;0;59 149;0;0;0;356 635;0;0;106 638;0;144 242;0;0;0;0;0;0;468;0;0;0;0;0;0;0;270 000;0;0;12 938;1;2 775;1;0;0;240;7 986 512;68 053 642;47;1;9;12 931;2;2 586;0;0;0;0;0;0;0;0;0;0;0;2 946 251;12;7 846 958;9;0;0;0;0;0;0;0;0;0;594 136;5;59 414;1 876 152;1;187 615;3 027 139;4;403 618;0;0;0;0;0;0;0;0;21 868;1;111;2;0;0;0;0;0;0;343 815;1;5 106;1;1 021;0;0;0;3 301;2;660;1 335 862;37;343 570;10;1 088 783;29;530 281;57;20 873;2;0;0;0;575 473;7;1 667 331;55;61 160;27;250 670;12;127 179;13;25 437;101;1;1 086 058;65;0;0;0;0;0;0;622 332;2;152 144 367;3;0;0;179 910 836;5 332;494 246;15;0;0;0;1 401;3;280;1 458 577;5;291 716;2 428 457;8;485 692;0;0;0;82 034;2;16 407;0;0;0;0;0;0;0;0;0;0;0;0;0;0;211 593;1;0;0;0;0;0;0;0;0;0;0;0;0;0;0;0;0;33 360;27;0;0;0;0;735 223;80;0;0;0;0;7 934 697;6;0;0;51 638;6;0;0;193 447;1;0;0;29 465 756;40;706 193;3;4 809 321;5;0;0;0;0;0;0;39;1;0;0;26 990;3;297 373;65;10 982;9;3 438 600;319;14;1;5 891;4;0;0;311 113;12;7 810 089;40;301 110;22;107 259;7;282 654;28;0;0;24 722;7;0;0;25 794;12;20 035;17;234 229;12;0;0;0;0;193 628;4;1 093;1;4 459;3;0;0;0;0;0;0;372 323;1;33;1;1 591;1;2 140 778;3;0;0;0;0;0;0;0;0;0;0;0;0;0;0;39 076;43;0;0;119 626;12;0;0;24 414;47;0;0;0;0;3 527;5;25;1;15 596;2;500;1;0;0;0;0;1 604 666;0;12 347 992;0;1 201 674;0;1 201 674;0;0;0;0;0;0;0;0;0;0;43;0;18;;;;;;;;;;;
  Приморский край;2 594 134 770;173 765 225;277 799 314;36 496 338;2 418 865 919;197 848 980;241 642 218;47 074 003;2 078 864;232 158;13 813 526;1 024 171;34 957;2;202 879 810;6 307 213;432;196 572 598;35 453 434;5 891 910;0;276 929;1 506 188;6;738 346;58 605;453 525;8 826;1 261 443;799 875;5;0;0;0;0;0;0;0;3 844 435;24 958;32 248;28 709;9 033;1 840;4 627;1 527;103;2 136 563;9 287 068;0;1 893 671;7 769 998;0;245 047;1 569 832;0;49 009;313 966;0;7 352;47 095;0;1 793;52 760;0;351;77;0;3;5;0;4 800 342;0;141 822 975;3 625 896;0;145 538 179;1 174 445;0;3 065 980;0;0;2 478;0;0;8 259;234 889;0;602 459;35 233;0;89 502;0;0;7 026 388;1;0;44;0;0;33;0;96 287 020;0;0;75 666 731;0;0;55 772;0;0;23 431 083;0;0;8 884;0;29 614;0;0;694 049;0;0;2 850 988;0;0;132;0;120 797;92 524;99 357;115 017;89 723;104 826;5 780;2 802;3 305;173;84;99;0;0;8 773;0;0;1;19 902 843;0;15 157 350;0;4 790 609;0;143 718;0;45 117;0;6;0;0;0;0;0;0;0;0;0;0;0;0;0;0;0;0;0;0;0;0;0;0;0;0;0;0;0;0;0;1 655 432;0;0;1 113 215;0;0;33 728;0;0;517 512;0;15 525;0;0;0;0;87 977;0;0;9 022;0;0;1;0;10 640 380;10 346 743;31 761;536 166;296 319;16 085;5;64;0;0;0;0;0;0;0;1 549 166;1 468 589;832 475;4 837 288;28 709 931;21 553 600;3 223 469;2 700 698;14 000 722;590 419;0;6 013 613;3 224 664;61 069;110 205;0;2 823 155;88 713;411 365;0;0;357 489;0;380 000;0;0;0;27 500;0;0;1 800 000;0;0;0;0;0;9 846;0;900 724;76 215;259 364;0;0;0;0;0;0;135;966 247;6 408 106;0;0;0;13 435;2;2 687;1 999;1;400;0;0;0;0;0;0;0;0;109 435;1;0;0;0;0;0;0;0;0;0;0;0;0;0;0;0;0;0;0;0;0;0;0;0;0;0;0;0;0;15 116;1;3 019;3;37 304;1;3 730;0;0;0;0;0;0;0;0;0;0;0;0;0;0;30 570;8;11 470;10;11 536;10;54 134;15;0;0;0;0;0;55 828;2;70 826;16;2 687;10;18 760;4;4 427;2;885;965;2;66 221;21;0;0;0;0;0;0;5;1;0;0;0;0;52 634 134;3 869;14 565;4;0;0;0;4 704;1;941;0;0;0;7 500;1;1 500;0;0;0;0;0;0;0;0;0;0;0;0;0;0;0;0;8 136 784;17;448 813;3;0;0;0;0;0;0;0;0;2 518;1;0;0;0;0;0;0;0;0;80 495;19;0;0;0;0;769 353;33;0;0;0;0;1 995 552;6;0;0;73 319;1;0;0;0;0;0;0;10 989 005;21;66 038;1;2 574 410;2;0;0;0;0;0;0;372 172;7;0;0;0;0;459 635;75;16 257;25;505 425;87;5 539;2;0;0;0;0;834 440;34;4 671 828;176;2 831 949;184;28 301;7;106 205;17;0;0;299 278;14;0;0;26 566;7;50 076;35;21 170;12;0;0;0;0;26 638;18;67 285;5;8 495;1;0;0;0;0;0;0;0;0;609;1;0;0;4 225 760;3;0;0;0;0;0;0;0;0;0;0;0;0;0;0;116 849;9;0;0;31 738;8;0;0;132 291;88;0;0;857 141;2;0;0;3 140;1;2 888;4;0;0;0;0;0;0;306 520;0;200 013;0;306 520;0;0;0;306 520;0;0;61 304;0;61 304;0;0;0;22;2;12;;;;;;;;;;;
  Ставропольский край;1 182 412 264;135 841 436;44 873 208;10 194 732;1 056 712 014;147 716 439;47 459 798;13 309 805;237 604;893 913;2 314 440;657 141;30 266;0;121 027 036;2 847 302;266;118 179 735;14 753 261;3 545 393;620;0;0;0;529 275;10 070;118 449;1 517;569 460;148 354;6;0;0;0;0;0;0;0;717 814;47;0;0;6 901;615;4 476;807;45;2 044 140;6 463 421;1 042 931;1 598 807;5 348 508;929 915;446 360;1 134 080;113 016;89 272;226 816;22 603;13 390;34 022;3 391;1 028;19 167;0;252;60;2;1;4;0;0;0;5 181 001;0;0;4 161 489;0;0;1 077 774;0;0;0;0;0;53 889;0;0;161 666;0;0;32 333;0;0;58 782;0;0;12;0;0;5;0;0;0;0;0;0;0;0;0;0;0;0;0;0;0;0;0;0;0;0;0;0;0;0;0;0;205 777;0;30 391;202 882;0;27 625;2 895;0;2 767;87;0;83;0;0;0;0;0;0;143 076 546;0;112 275 067;0;31 935 602;0;958 068;0;1 134 122;0;19;0;0;0;0;0;0;0;0;0;0;0;0;0;0;0;0;0;0;0;0;0;0;0;0;0;0;0;0;0;2 881 411;0;0;893 601;0;0;0;0;0;1 987 810;0;59 634;0;0;0;0;337 928;0;0;0;0;0;0;0;8 352 172;7 501 824;2 045;890 869;42 565;26 726;16;3;0;0;0;0;0;0;0;2 172 079;2 148 306;4 222 357;4 201 836;4 613;19 265;20 520;280 746;20 803 175;103 814;0;1 288 208;10 174;0;1 630;0;0;8 562;1 127;0;0;0;0;0;0;0;0;0;518 806;0;1 661;0;0;0;0;0;0;0;0;11 461;30 082;0;0;96 583;1;0;0;91;1 078 683;5 046 029;0;0;0;88 114;1;17 623;47;1;9;0;0;0;0;0;0;0;0;1 088 698;3;367 342;3;0;0;0;0;0;0;0;0;0;449 435;2;44 944;0;0;0;0;0;0;0;0;0;0;0;0;0;0;0;0;42 071;3;0;0;0;0;0;0;0;0;0;0;0;0;0;0;6 482;1;1 296;27 706;8;641;1;15 083;12;35 847;16;72;1;0;0;0;137 633;3;153 826;10;5 948;10;2 383;4;44 853;5;8 971;1 950;2;130 342;23;0;0;0;0;0;0;0;0;0;0;0;0;39 442 246;3 014;865 938;18;0;0;0;0;0;0;22 376;1;4 475;435;1;87;0;0;0;576;1;115;0;0;0;0;0;0;0;0;0;0;0;0;0;0;0;0;0;0;0;0;0;0;0;0;0;0;0;0;0;0;0;0;117 966;32;0;0;4 888;2;302 502;8;0;0;0;0;220 860;3;0;0;0;0;0;0;0;0;0;0;12 574 492;21;33 954;1;1 669 697;4;0;0;0;0;0;0;147 275;2;0;0;0;0;263 453;66;18 194;5;495 690;133;0;0;24 374;3;0;0;83 982;5;699 363;26;6 357;2;75;1;10 315;11;0;0;59 616;5;0;0;1 057;4;13 177;15;19 937;13;0;0;0;0;3 032;4;72 759;2;186;1;0;0;0;0;51;1;0;0;0;0;0;0;1 222;1;0;0;0;0;0;0;0;0;0;0;0;0;0;0;13 872;8;0;0;250 188;4;0;0;8 456;8;0;0;38 525;1;0;0;50;1;5;1;0;0;0;0;0;0;69 608;0;286 057;45 730;68 452;0;68 452;0;0;0;0;0;0;0;0;0;0;14;3;7;;;;;;;;;;;
  Хабаровский край;1 174 346 426;191 453 030;43 098 947;18 800 030;1 063 077 741;220 661 756;42 040 166;29 841 263;273 343;276 187;520 953;120 443;128 248;13 365;112 007 159;12 421 987;328;99 585 173;40 107 516;2 979 103;0;0;0;0;517 858;24 131;163 917;3 408;2 484 398;13 856;1;0;0;0;0;0;0;0;2 498 254;162;0;1 080;5 225;1 409;2 580;571;49;1 794 533;6 073 119;2 958;1 586 270;4 993 061;2 572;209 702;1 088 281;386;41 940;217 656;77;6 291;32 648;12;1 440;8 225;0;15;68;1;1;4;0;17 663 355;1 664 703;66 606 124;8 501 285;1 661 950;58 601 974;9 164 068;2 753;8 002 123;0;83;8 637;0;468;28 790;1 832 814;0;1 562 997;274 922;0;231 426;1 997;0;462 707;2;1;42;1;0;13;0;14 426 175;0;0;13 840 414;0;0;13 113;0;0;723 404;0;0;0;0;0;0;0;21 702;0;0;150 757;0;0;5;0;8 779;0;33 527;9 971;0;33 440;0;0;87;0;0;3;1 192;0;0;1;0;0;403 800;0;346 138;0;65 299;0;1 959;0;7 637;0;5;0;0;0;0;0;0;0;0;0;0;0;0;0;0;0;0;0;0;0;0;0;0;0;0;0;0;0;0;0;114 632;0;0;110 705;0;0;0;0;0;3 927;0;118;0;0;0;0;667;0;0;0;0;0;0;0;6 439 378;5 661 137;31 287;746 954;0;22 408;0;4;0;0;0;0;0;0;0;1 390 747;1 367 542;386 471;347 139;0;0;39 332;215 000;28 347 798;448 583;0;1 038 580;450 575;0;687;670;0;0;1;0;0;1 106 140;0;0;0;0;0;0;0;0;0;0;0;0;0;0;0;0;0;290 476;0;0;0;0;0;0;0;103;1 957 090;6 296 626;0;0;0;0;0;0;18 335;2;3 667;0;0;0;0;0;0;0;0;49 171;2;0;0;0;0;0;0;0;0;0;0;0;0;0;0;0;0;0;238 324;5;31 777;0;0;0;0;0;0;0;0;5 336;1;7 357;2;0;0;0;0;0;0;0;0;0;0;0;0;0;0;0;0;0;23 999;5;4 468;4;12 019;9;71 156;17;0;0;0;0;0;24 982;2;88 748;13;4 897;8;29 270;4;1 797;1;359;26 516;1;111 425;25;0;0;0;0;0;0;0;0;77 479;1;0;0;34 138 517;2 485;1 029 100;9;0;0;0;0;0;0;0;0;0;86 176;1;17 235;0;0;0;0;0;0;0;0;0;0;0;0;0;0;0;0;133 677;1;0;0;0;0;0;0;0;0;0;0;403;1;0;0;0;0;0;0;0;0;48 376;26;0;0;0;0;182 909;25;969;1;0;0;2 444 699;5;0;0;0;0;0;0;0;0;0;0;2 280 103;6;1 541;1;466 498;6;0;0;0;0;0;0;167;2;0;0;0;0;52 628;18;48 981;10;576 621;59;0;0;0;0;0;0;22 716;3;5 537 149;15;131 622;7;2 449;2;8 725;3;0;0;279 304;4;0;0;194;3;7 341;5;26 629;3;0;0;0;0;18 826;3;627;2;0;0;0;0;0;0;0;0;3 500;1;0;0;0;0;0;0;0;0;0;0;0;0;0;0;0;0;0;0;0;0;1 331;2;0;0;7 212;1;0;0;5 836;3;0;0;6 426;1;5;1;0;0;7 977;1;0;0;0;0;0;0;0;0;0;0;0;0;0;0;0;0;0;0;0;0;0;0;0;3;0;1;;;;;;;;;;;
  Забайкальский край;250 935 374;28 397 713;27 053 907;7 936 692;234 408 973;33 868 746;23 944 055;11 206 627;259 966;26 831;41 862;2 956;60;0;20 058 833;2 345 556;105;17 713 276;8 717 081;530 847;0;0;0;0;139 518;57 992;76 599;8 699;469 111;0;0;0;0;0;0;0;0;0;469 111;0;317;0;1 525;395;1 748;211;154;410 434;3 835 482;166 321;395 907;3 169 427;121 732;14 527;666 054;44 589;2 905;133 211;8 918;436;19 982;1 338;0;0;0;154;47;2;0;0;0;102 945 664;14 497 183;16 410 288;37 136 450;6 824 128;15 199 353;65 809 214;6 984 942;5 186 365;0;0;0;0;1 187 440;80 110;13 122 353;209 548;957 163;1 968 353;209 548;155 591;0;0;4 006 422;2;2;16;0;0;8;0;0;0;0;0;0;0;0;0;0;0;0;0;0;0;0;0;0;0;0;0;0;0;0;0;0;0;0;9 292;0;0;8 925;0;0;183;0;0;5;0;0;0;0;0;0;945 749;0;893 022;0;53 888;0;1 617;0;1 160;0;2;0;0;0;0;0;0;0;0;0;0;0;0;0;0;0;0;0;0;0;0;0;0;0;0;0;0;0;0;0;0;0;0;0;0;0;0;0;0;0;0;0;0;0;0;0;0;0;0;0;0;0;0;0;0;0;0;0;0;0;0;3;0;0;0;0;0;0;0;0;0;3 413;585 491;0;0;204 545;0;1 049 797;20 635;0;33 144;0;0;0;0;0;0;0;0;0;1 921;0;0;0;0;0;0;0;0;0;0;0;0;0;0;0;0;0;0;0;0;0;0;0;0;0;46;39 368;798 775;0;0;0;0;0;0;0;0;0;0;0;0;0;0;0;0;0;0;0;0;0;0;0;0;0;0;0;0;0;0;0;0;0;0;0;0;6 055;1;807;0;0;0;0;0;0;0;0;0;0;0;0;0;0;0;0;0;0;0;0;0;0;0;0;0;0;1 541;1;308;238 224;3;632;1;73;2;59 922;7;0;0;0;0;0;0;0;57 844;6;522;3;0;0;0;0;0;55;1;6 046;5;0;0;0;0;0;0;0;0;1 145;1;0;0;17 465 554;808;277 137;7;0;0;0;0;0;0;0;0;0;0;0;0;0;0;0;0;0;0;0;0;0;0;0;0;0;0;0;0;0;0;0;0;0;0;0;0;0;0;0;0;0;0;0;0;0;0;0;0;0;0;137 362;3;0;0;0;0;46 968;15;71 927;2;0;0;1 409 282;1;0;0;0;0;0;0;0;0;0;0;6 464 918;13;0;0;1 306;1;0;0;0;0;0;0;173 032;8;0;0;0;0;545 375;13;53 023;34;166 910;29;0;0;199 751;18;41 919;1;851 997;35;2 780 480;121;564 761;92;51 982;54;118 094;93;0;0;341 529;8;0;0;0;0;681;3;281 144;4;0;0;0;0;170 675;3;30 610;1;0;0;0;0;28;1;0;0;0;0;1 260;1;0;0;24;1;0;0;0;0;0;0;0;0;0;0;0;0;0;0;359 683;17;0;0;0;0;0;0;182 092;1;0;0;601;1;0;0;0;0;0;0;0;0;0;0;0;0;0;0;0;0;0;0;0;0;0;0;0;0;0;0;0;0;0;0;0;0;;;;;;;;;;;
  Амурская область;660 670 800;76 971 363;343 973 876;5 411 702;643 860 026;85 606 779;295 979 434;22 583 553;1 291 145;40 675;2 645 128;29 772;1 874;0;63 449 984;12 427 715;90;51 023 024;25 784 034;1 530 218;2 863;3 925;15 700;1;482 406;7 360;52 720;1 100;2 485 543;0;0;0;0;0;0;0;0;0;2 505 168;0;0;0;2 190;549;1 719;310;68;633 346;1 632 276;221 215;618 991;1 532 541;219 029;15 630;99 735;2 186;3 126;19 947;437;470;2 992;66;1 274;0;0;66;27;4;2;0;0;0;4 098 007;14 859 637;0;3 484 757;13 870 883;0;613 250;1 043 346;0;0;0;0;104 253;307;0;18 398;208 362;0;18 398;31 300;0;0;54 592;0;3;11;0;0;3;0;0;0;0;0;0;0;0;0;0;0;0;0;0;0;0;0;0;0;0;0;0;0;0;0;0;79 693;0;188;77 995;0;156;1 697;0;32;51;0;1;0;0;0;0;0;0;30 235 250;204 775;21 199 070;210 965;9 209 142;0;276 274;0;172 962;6 190;8;1;0;0;0;0;0;0;0;0;0;0;0;0;0;0;0;0;0;0;0;0;0;0;0;0;0;0;0;0;0;0;0;0;0;0;0;0;0;0;0;0;0;0;0;0;0;0;0;0;0;0;0;0;77 859 163;73 326 860;0;12 406 522;790 292;372 196;5;5;0;0;0;0;0;0;0;28 640;27 256;13 872;1 368;0;0;12 505;0;145 063;28 478;0;496 574;0;0;0;0;0;0;0;0;0;0;0;0;0;0;6 185 667;0;0;0;0;0;0;0;0;0;0;0;0;0;0;0;0;0;0;0;0;29;244 750;3 396 598;0;0;0;0;0;0;0;0;0;0;0;0;0;0;0;0;0;241 591;3;915 220;2;0;0;0;0;0;0;0;0;0;0;0;0;0;0;0;0;0;0;0;0;0;0;0;0;0;0;0;0;0;0;0;0;0;0;0;0;0;0;0;0;0;0;0;0;0;0;0;1 306;1;117 746;8;11;1;98 583;8;0;0;0;0;0;0;0;12 733;3;2;1;0;0;0;0;0;377;1;132 074;11;0;0;0;0;0;0;0;0;0;0;0;0;23 985 651;1 122;143 152;16;0;0;0;0;0;0;0;0;0;0;0;0;0;0;0;0;0;0;0;0;0;0;0;0;0;0;0;0;0;0;0;0;0;0;0;0;0;0;0;0;0;0;0;0;0;0;0;0;0;0;69 664;7;0;0;0;0;31 245;9;0;0;0;0;311 027;1;0;0;5 500;1;0;0;0;0;0;0;554 648;8;78 724;1;1 442;1;0;0;0;0;0;0;185;1;0;0;0;0;15 193;7;473;3;65 262;60;1 059;1;136;1;0;0;552;2;61 073;5;301 934;29;47 689;16;215;1;0;0;97 624;2;0;0;0;0;0;0;9 294;1;0;0;0;0;145;1;0;0;0;0;0;0;0;0;0;0;151;1;0;0;0;0;0;0;0;0;0;0;0;0;0;0;0;0;0;0;0;0;1 860;5;0;0;901;1;0;0;439;5;0;0;0;0;0;0;0;0;0;0;0;0;0;0;0;0;0;0;0;0;0;0;0;0;0;0;0;0;0;0;0;0;0;0;0;2;;;;;;;;;;;
  Архангельская область;796 172 785;25 932 554;103 163 168;4 095 929;683 302 021;30 732 244;99 903 605;4 207 984;485 988;62 022;3 215 342;10 918;22 269;137;113 389 609;11 342 034;205;102 047 579;4 860 777;3 061 417;0;23 172;0;0;960 780;22 095;176 451;3 314;2 268 406;660 026;3;0;0;0;0;0;0;0;2 951 604;216;110 454;0;2 398;461;985;249;341;865 632;2 151 531;45 411;832 368;1 886 478;38 138;33 481;265 053;7 299;6 695;53 011;1 459;1 004;7 952;219;217;0;27;130;30;5;1;0;1;0;0;0;0;0;0;0;0;0;0;0;0;0;0;0;0;0;0;0;0;0;0;0;0;0;0;0;0;0;0;0;0;0;0;0;0;0;0;0;0;0;0;0;0;0;0;0;0;0;0;0;0;0;0;0;0;460 542;0;46 727;459 329;0;42 169;11 572;0;4 558;347;0;137;10 358;0;0;3;0;0;5 561 633;0;4 847 208;0;731 085;0;21 933;0;16 660;0;1;0;0;0;0;0;0;0;0;0;0;0;0;0;0;0;0;0;0;0;0;0;0;0;0;0;0;0;0;2 171 153;59 093;0;1 367 937;52 422;0;0;0;0;862 195;6 132;0;184;0;43 110;25 866;103 463;1 042;0;58 978;0;0;3;0;0;584 449;492 578;0;132 759;40 889;3 983;4;4;0;0;0;0;0;0;0;0;0;16 459;5 994;3 708;2 368;10 905;20 039;5 038 672;30 784;0;247 858;3 662 705;0;3 926;0;3 601 773;0;3 920;0;0;0;0;0;0;0;0;0;0;0;0;0;0;0;0;0;60 932;0;1 905 038;77 088;0;0;0;0;0;0;0;76;922 724;9 528 448;0;0;0;0;0;0;490;1;98;0;0;0;0;0;0;0;0;207 430;3;0;0;0;0;0;0;0;0;0;0;0;0;0;0;0;0;0;350 621;5;46 750;0;0;0;0;0;0;0;0;3 446;1;1 149;2;0;0;0;0;0;0;0;0;0;0;0;0;0;0;4 250;1;850;135 295;6;0;0;27 061;8;337 094;23;9 550 066;3;0;0;0;37 577;2;210 176;14;3 877;8;2 247;4;744;2;149;0;0;131 960;22;0;0;0;0;0;0;2 900;1;73;1;0;0;33 251 009;1 212;1 520 436;6;0;0;0;0;0;0;0;0;0;0;0;0;1 446;2;290;665;1;133;0;0;0;0;0;0;62;1;0;0;2 544 922;1;1 508 689;1;0;0;0;0;0;0;0;0;0;0;0;0;0;0;0;0;0;0;6 217;11;0;0;0;0;135 346;54;14 605;1;0;0;927 732;3;0;0;60 010;2;0;0;0;0;244;1;6 767 509;14;48 594;3;18 744;8;0;0;0;0;0;0;684;2;0;1;0;0;48 063;35;5 583;7;932 688;117;709;1;6 466;2;0;0;320 355;13;584 929;20;36 525;18;10 773;1;56 252;32;0;0;47 584;5;0;0;16;1;4 500;11;4 346;3;0;0;0;0;50 240;4;0;0;0;0;0;0;37;2;0;0;157;1;0;0;0;0;14 344;1;0;0;0;0;0;0;0;0;0;0;0;0;0;0;94 601;44;0;0;539 850;2;0;0;23 961;26;0;0;0;0;1;1;0;0;1 502;2;0;0;0;0;0;0;0;0;0;0;0;0;0;0;0;0;0;0;0;0;0;0;0;8;0;2;;;;;;;;;;;
  Астраханская область;168 602 168;47 020 832;8 095 423;49 746 100;159 019 372;52 198 917;8 406 251;54 498 720;19 538;589 816;0;49 814;3 638;0;9 287 870;771 513;63;8 516 357;9 390 704;255 412;0;0;0;0;34 753;13 330;57 290;2 000;154 303;40;1;0;78;1 320;1;0;0;0;155 741;0;0;21 394;1 586;440;1 555;221;15;1 832 428;1 262 428;545 493;1 741 846;1 136 024;533 409;136 357;132 682;12 085;27 271;26 536;2 417;4 091;3 980;363;45 775;6 458;0;19;30;2;2;1;0;0;0;0;0;0;0;0;0;0;0;0;0;0;0;0;0;0;0;0;0;0;0;0;0;0;0;0;0;0;0;0;0;0;0;0;0;0;0;0;0;0;0;0;0;0;0;0;0;0;0;0;0;0;0;0;0;29 950;0;79 069;29 993;0;80 508;1 327;0;1 053;40;0;32;1 370;0;2 492;1;0;1;5 655 212;0;4 685 163;0;989 426;0;29 683;0;19 377;0;3;0;0;0;0;0;0;0;0;0;0;0;0;0;0;0;0;0;0;0;0;0;0;0;0;0;0;0;0;0;80 094;0;0;64 224;0;0;0;0;0;18 014;0;540;0;0;0;0;3 062;0;0;2 144;0;0;1;0;7 829 549;7 467 959;0;407 804;46 214;12 234;7;2;243 523 427;83 644 752;0;159 980 056;31 996 011;101 380;1;10 515;51 922;0;51 252;0;0;0;0;33 887 617;9 331;0;51 964;100 003;0;0;0;24 998;0;25 005;0;0;0;0;0;0;0;0;0;100 000;0;0;25 005;0;0;0;0;0;0;24 997;0;0;0;0;0;0;0;0;24;111 505;3 301 377;71;1;14;0;0;0;0;0;0;0;0;0;0;0;0;0;0;43 574;1;0;0;0;0;0;0;0;0;0;0;0;0;0;0;0;0;0;0;0;0;0;0;0;18 681 373;1;2 490 850;0;0;0;0;0;0;0;0;0;0;0;0;0;0;0;0;0;2 605 135;1;173 676;0;0;0;0;0;0;0;713;4;9 427;6;0;0;0;0;0;10 097;2;12 983;4;432;3;580;2;0;0;0;0;0;50 276;6;0;0;0;0;0;0;0;0;0;0;0;0;25 332 116;761;559;2;0;0;0;0;0;0;0;0;0;0;0;0;0;0;0;0;0;0;0;0;0;0;0;0;0;0;0;0;5 430 716;11;0;0;0;0;0;0;0;0;0;0;0;0;0;0;0;0;0;0;0;0;1 663;2;0;0;0;0;179 374;14;0;0;0;0;0;0;0;0;0;0;0;0;0;0;0;0;506 589;2;0;0;0;0;0;0;0;0;0;0;0;0;0;0;0;0;39 739;16;2 437;2;369 944;40;0;0;0;0;0;0;116 343;2;93 141;10;0;0;107;1;26 292;10;0;0;3 563 273;2;0;0;16 902;4;20 888;9;12 862;7;0;0;0;0;595;2;32 748;2;0;0;0;0;0;0;0;0;0;0;0;0;0;0;0;0;0;0;0;0;0;0;0;0;0;0;0;0;0;0;8 854;13;0;0;26;1;0;0;9 482;27;0;0;13;1;0;0;425;1;0;0;0;0;0;0;0;0;0;0;0;0;0;0;0;0;0;0;0;0;0;0;0;0;0;0;0;1;;;;;;;;;;;
  Белгородская область;2 115 207 237;67 955 722;231 206 848;4 700 196;1 806 242 389;72 974 268;132 626 733;7 160 944;1 507 201;317 778;100 601 523;40 590;8 883;0;342 224 315;4 973 689;304;337 250 626;7 202 105;10 117 274;40 441;0;0;0;723 410;18 807;110 132;2 831;994 738;235;2;0;0;0;0;0;0;0;994 973;238;0;0;8 029;750;3 875;410;100;2 017 155;2 642 364;0;1 955 867;2 378 461;0;61 587;271 402;0;12 317;54 280;0;1 848;8 142;0;299;7 500;0;173;25;0;1;2;0;0;0;1 184 629;0;0;1 246 409;0;0;40 874;0;0;0;0;0;2 044;0;0;6 131;0;0;1 226;0;0;109 596;0;0;31;0;0;10;0;0;0;0;0;0;0;0;0;0;0;0;0;0;0;0;0;0;0;0;0;0;0;0;0;0;21 461;0;160;16 465;0;153;4 995;0;6;150;0;0;0;0;0;0;0;0;259 892 224;0;200 061 066;0;61 327 298;0;1 839 819;0;1 496 139;0;12;0;0;0;0;0;0;0;0;0;0;0;0;0;0;0;0;0;0;0;0;0;0;0;0;0;0;0;0;0;4 906 475;0;0;3 960 024;0;0;37;0;0;946 414;0;28 392;0;0;0;0;160 890;0;0;0;0;0;0;0;727 415;673 730;0;71 372;17 687;2 141;12;1;0;0;0;0;0;0;0;3 109 335;2 958 215;70 846 824;37 773 822;0;0;33 697 527;325 900 421;549 695 321;468 137;0;2 794 557;2 701 349;0;17 433;0;888 976;40 005;174 087;397 125;0;2 125;0;0;0;0;0;0;94 550;46 481;0;0;0;0;0;0;0;0;441 851;382 894;156 010;12 771;1;0;0;0;0;133;446 624;3 198 945;0;0;0;0;0;0;1 875;1;375;0;0;0;0;0;0;0;0;5;1;0;0;0;0;0;0;0;0;0;0;0;0;0;0;0;0;0;371 151;2;49 487;0;0;0;0;0;0;0;0;0;0;571;2;0;0;0;0;0;0;0;0;0;0;0;0;0;0;714;1;143;49 427;4;8 902;4;74 301;8;49 133;12;13;1;14;1;3;309;1;205 089;12;40;1;91 876;4;1 754;2;351;0;0;56 596;21;0;0;0;0;0;0;0;0;0;0;0;0;40 637 457;3 494;335 412;6;0;0;0;0;0;0;135 282;1;27 056;276 534;4;55 307;5 400;1;1 080;423 903;2;84 781;0;0;0;0;0;0;0;0;0;0;0;0;0;0;0;0;0;0;0;0;0;0;0;0;0;0;0;0;0;0;0;0;34 423;32;0;0;0;0;740 920;40;0;0;0;0;283;1;0;0;0;0;0;0;0;0;0;0;1 304 350;6;310;1;1 795;1;0;0;0;0;0;0;495;3;0;0;2 214;1;63 969;55;1 699;3;481 545;86;0;0;4 400;1;0;0;10 289;12;123 789;35;15 392;27;1 254;2;33 449;22;0;0;32 318;2;0;0;0;0;4 163;7;3 373;2;0;0;0;0;2 618;1;0;0;143 353;4;0;0;0;0;0;0;0;0;0;0;463;1;0;0;0;0;0;0;0;0;0;0;0;0;0;0;0;0;236 148;119;0;0;926 330;2;0;0;368 133;54;0;0;1 982 846;1;2 470;2;0;0;1 833;4;446;1;0;0;0;0;19 592;0;5 308 131;0;12 938;0;0;0;12 938;0;0;2 587;0;2 261;0;326;0;11;0;13;;;;;;;;;;;
  Брянская область;511 889 761;94 243 008;24 564 039;2 382 519;477 025 262;95 833 264;21 098 978;4 214 796;210 684;120 581;5 157 920;58 150;13 078;0;33 370 246;1 112 391;149;32 257 855;3 360 102;967 736;62;0;0;0;162 256;40 265;43 190;6 054;222 478;297 189;19;0;0;0;0;0;0;0;519 667;141;0;0;3 374;382;2 302;423;4;832 552;2 177 769;0;752 458;1 867 990;0;80 094;321 921;0;16 019;64 384;0;2 403;9 658;0;0;12 140;0;213;53;0;0;1;0;0;0;0;0;0;0;0;0;0;0;0;0;0;0;0;0;0;0;0;0;0;0;0;0;0;0;0;0;0;0;0;0;0;0;0;0;0;0;0;0;0;0;0;0;0;0;0;0;0;0;0;0;0;0;0;0;72 726;0;24 859;69 088;0;25 398;3 638;0;144;109;0;4;0;0;683;0;0;1;86 404 531;0;75 286 627;0;11 136 584;0;334 097;0;18 680;0;1;0;0;0;0;0;0;0;0;0;0;0;0;0;0;0;0;0;0;0;0;0;0;0;0;0;0;0;0;0;97 215;0;0;75 980;0;0;0;0;0;21 235;0;637;0;0;0;0;3 610;0;0;0;0;0;0;0;329 285;290 947;1 469;53 187;16 318;1 596;3;2;0;0;0;0;0;0;0;242 282;233 414;282 300;281 300;0;0;1 000;4 109;2 592 929;199 048;0;314 751;35 641;0;379;0;0;0;20;0;0;144;0;0;0;0;0;0;0;0;0;0;0;0;0;0;0;0;67 716;131 890;300;0;0;0;0;0;0;50;167 318;1 491 864;2 169;2;434;0;0;0;0;0;0;0;0;0;0;0;0;0;0;0;0;0;0;0;0;0;0;0;0;0;0;0;0;0;0;0;0;0;0;0;0;0;0;0;0;0;0;0;0;0;0;0;0;0;0;0;0;0;0;0;0;0;0;0;0;0;0;0;0;0;1 142;2;0;0;2 848;6;6 902;10;171;1;0;0;0;40;1;5 921;3;338;1;1 486;2;0;0;0;3 695;1;7 834;10;0;0;0;0;0;0;0;0;342;1;0;0;19 537 668;1 572;57 099;8;0;0;0;0;0;0;0;0;0;90;1;18;0;0;0;0;0;0;0;0;0;0;0;0;7 579;4;0;0;0;0;0;0;0;0;0;0;0;0;0;0;0;0;0;0;0;0;0;0;0;0;14 951;22;0;0;0;0;34 493;13;78;1;0;0;440 988;5;0;0;1 835;1;0;0;0;0;0;0;1 600 269;5;0;0;42 184;2;0;0;0;0;0;0;0;0;0;0;0;0;594 876;25;15 175;5;144 758;96;0;0;0;0;0;0;969 854;4;307 058;13;14 143;2;17 720;3;102 391;8;0;0;46 914;1;1 984;2;14 058;2;2 691;2;1 688;2;0;0;0;0;1 045;2;36 497;3;4 637;6;0;0;0;0;0;0;1 181;3;0;0;0;0;1 156;2;0;0;0;0;0;0;0;0;0;0;0;0;0;0;415 574;12;0;0;4 156;1;0;0;7 894;27;0;0;111 655;1;47 582;10;0;0;401;1;0;0;0;0;0;0;0;0;77 066;0;0;0;0;0;0;0;0;0;0;0;0;0;0;2;8;6;;;;;;;;;;;
  Владимирская область;1 259 963 003;59 074 715;33 872 790;4 111 513;1 079 798 811;64 850 143;48 049 129;5 657 481;345 791;382 817;1 343 975;190 467;372 885;25;164 695 289;2 890 642;231;161 804 648;7 114 232;4 854 139;3 664;299 438;928 621;5;374 841;58 447;251 489;8 767;578 129;261 236;11;0;0;0;0;0;0;0;2 067 424;11 659;4 216;246 062;4 778;519;926;357;1 241;1 055 194;2 491 130;0;1 001 797;2 109 104;0;53 535;390 210;0;10 706;78 042;0;1 606;11 707;0;138;8 394;0;324;49;0;3;2;0;0;0;0;0;0;626;0;0;0;0;0;0;0;0;0;0;0;0;0;0;0;0;0;626;0;0;1;0;0;1;0;0;0;0;0;0;0;0;0;0;0;0;0;0;0;0;0;0;0;0;0;0;0;0;0;0;130 966;0;14 219;129 963;0;11 872;1 780;0;2 347;54;0;70;777;0;0;2;0;0;6 469 549;0;6 237 206;0;443 025;0;13 291;0;210 683;0;7;0;0;0;0;0;0;0;0;0;0;0;0;0;0;0;0;0;0;0;0;0;0;0;0;0;0;0;0;0;604 664;0;0;463 793;0;0;5 789;0;0;135 082;0;4 053;0;0;0;0;22 965;0;0;0;0;0;0;0;69;4 816;0;0;4 747;0;1;0;0;0;0;0;0;0;0;224 859;225 354;526 942;530 831;409 218;331 991;95 582;30 476;7 138 973;1 728 519;0;743 911;20 753 812;0;810;0;13 852 705;1 993;4 864 487;0;0;6 594 700;0;0;0;0;0;0;3 582 539;922 023;12 541 027;18 961;0;0;1 379 699;0;0;0;217 985;28 054;16 500;649 740;2;26 629;2;0;0;106;705 294;2 595 603;4 644;2;929;461;2;92;30;1;6;0;0;0;0;0;0;0;0;8 128;1;83;2;0;0;0;0;0;0;0;0;0;0;0;0;0;0;0;7 383;2;984;0;0;0;0;0;0;0;0;50 236;1;10 439;4;0;0;0;0;0;0;0;0;0;0;0;0;0;0;0;0;0;45 174;7;3 008;4;71 316;15;19 332;22;0;0;0;0;0;321;1;157 055;12;24 944;5;13 996;1;0;0;0;0;0;26 422;22;0;0;0;0;0;0;0;0;0;0;0;0;21 260 186;2 332;1 036 490;14;0;0;0;0;0;0;0;0;0;0;0;0;450;1;90;0;0;0;0;0;0;0;0;0;0;0;0;0;0;0;0;0;0;0;0;0;0;0;0;0;0;0;0;0;0;0;0;0;0;0;25 723;10;0;0;0;0;104 291;14;0;0;0;0;1 556 498;4;0;0;24 373;1;0;0;0;0;0;0;5 230 347;14;0;0;27 991;15;0;0;0;0;0;0;323;1;0;0;0;0;9 520;17;72 133;9;61 250;56;2 934;5;24 848;1;0;0;849;3;373 910;16;116 790;12;5 838;4;16 333;7;0;0;25 629;3;0;0;0;0;0;0;11 260;5;0;0;0;0;375;1;0;0;1 843;7;0;0;0;0;0;0;0;0;0;0;209;1;0;0;0;0;0;0;0;0;0;0;0;0;0;0;0;0;27 716;14;0;0;748 541;3;0;0;51 182;49;0;0;45 799;1;3 207;3;0;0;5 026;3;0;0;0;0;0;0;0;0;462;0;0;0;0;0;0;0;0;0;0;0;0;0;0;2;1;3;;;;;;;;;;;
  Волгоградская область;919 124 349;183 621 353;32 918 590;83 015 178;850 382 835;193 907 128;25 547 123;91 829 370;486 140;2 899 747;4 367 357;167 645;45 083;5 750;72 578 205;3 666 334;318;68 911 871;16 372 683;2 067 356;399;18 589;131 309;4;265 926;28 863;116 279;4 333;733 267;3 475;8;0;0;0;0;0;0;0;886 640;0;53 789;31 097;5 381;774;1 896;842;2 583;1 456 409;5 670 007;0;1 401 511;4 926 299;0;56 596;747 115;0;11 319;149 423;0;1 698;22 414;0;1 699;3 405;0;337;76;0;3;1;0;0;0;130 926;0;0;137 133;0;0;0;0;0;0;0;0;0;0;0;0;0;0;0;0;0;6 207;0;0;1;0;0;1;0;0;0;0;0;0;0;0;0;0;0;0;0;0;0;0;0;0;0;0;0;0;0;0;0;0;320 146;0;87 035;298 302;0;78 005;25 077;0;9 105;752;0;273;3 234;0;75;2;0;1;59 410 622;0;39 959 646;0;20 314 881;0;609 446;0;863 906;0;22;0;0;0;0;0;0;0;0;0;0;0;0;0;0;0;0;0;0;0;0;0;0;0;0;0;0;0;0;0;0;0;0;0;0;0;0;0;0;0;0;0;0;0;0;0;0;0;0;0;0;0;0;0;706 622;657 961;240;142 763;94 342;4 283;26;4;0;0;0;0;0;0;0;84 638;83 313;9 294 091;8 901 645;22 943 955;22 943 955;392 446;101;13 970 495;1 959 640;0;2 956 180;805 169;0;26 688;0;326 343;0;505 514;0;0;520 635;0;44 391;0;0;0;0;6 919 000;0;20 999;9 258;0;0;0;0;0;0;1 254 505;897;0;0;0;436;1;0;0;97;577 846;2 804 215;0;0;0;0;0;0;0;0;0;0;0;0;0;0;0;0;0;1 446;1;1 539;1;0;0;0;0;0;0;0;0;0;0;0;0;0;0;0;180 483;1;24 064;0;0;0;0;0;0;0;0;0;0;8 986;3;0;0;0;0;0;0;0;0;0;0;0;0;0;0;4 446;1;889;20 726;14;26 893;5;12 864;19;50 516;36;0;0;13 488;3;2 698;33 419;7;196 566;32;16 505;15;13 050;8;1 867;6;373;2 296;1;53 906;46;0;0;0;0;0;0;0;0;0;0;0;0;25 717 101;2 804;28 488;7;0;0;0;0;0;0;15 602;1;3 120;0;0;0;0;0;0;0;0;0;0;0;0;0;0;0;0;0;0;0;0;0;0;0;0;0;0;0;0;0;0;0;0;0;0;0;0;0;0;0;64;1;25 197;33;0;0;0;0;175 930;41;109 983;3;0;0;2 698 187;10;0;0;53 622;3;137 198;1;0;0;0;0;10 407 068;28;4 058;2;17 720;4;0;0;0;0;0;0;1 917;6;0;0;1 146;1;453 466;93;136 448;10;295 911;117;0;0;36 442;4;0;0;711 603;36;917 803;56;173 274;23;30 919;5;75 626;9;0;0;188 179;6;0;0;5 460;9;190 212;16;12 030;9;0;0;0;0;5 983;8;33 709;3;11 672;7;0;0;0;0;0;0;50;1;0;0;0;0;54 295;3;0;0;0;0;0;0;0;0;0;0;0;0;0;0;9 826;42;0;0;321 270;24;0;0;72 187;29;0;0;25 000;1;6 158;5;3 660;1;10 002;9;0;0;0;0;0;0;0;0;2 929;0;0;0;0;0;0;0;0;0;0;0;0;0;0;2;0;8;;;;;;;;;;;
  Вологодская область;2 497 939 004;38 834 218;1 112 616 874;62 375 309;1 888 078 119;42 904 434;700 811 576;61 484 888;721 837;502 415;421 875 901;722 339;21 690;868;600 533 299;4 557 581;266;595 975 718;3 400 585;17 879 034;4 042;77 736;621 884;1;1 260 990;28 936;172 440;4 340;911 516;9 892 210;3;1 375 503;237;0;3;0;0;0;12 879 086;18;643;0;7 722;669;2 754;751;6;1 036 843;2 253 174;0;1 013 340;2 025 734;0;24 054;227 457;0;4 811;45 491;0;722;6 824;0;551;18;0;152;40;0;1;2;0;0;0;4 028 000;0;0;3 813 281;0;0;641 177;0;0;0;0;0;0;0;0;128 235;0;0;19 235;0;0;433 510;0;0;12;0;0;3;0;0;0;0;0;0;0;0;0;0;0;0;0;0;0;0;0;0;0;0;0;0;0;0;0;0;569 753;0;52 074;555 857;0;44 291;16 917;0;7 783;508;0;233;3 023;0;0;8;0;0;23 467 424;0;20 535 002;0;3 037 782;0;91 133;0;105 360;0;8;0;0;0;0;0;0;0;0;0;0;0;0;0;0;0;0;0;0;0;0;0;0;0;0;0;0;0;0;0;3 695 371;0;0;3 097 690;0;0;0;0;0;597 681;0;17 930;0;0;0;0;101 606;0;0;0;0;0;0;0;1 072 245;964 251;0;142 603;34 609;4 278;11;3;0;0;0;0;0;0;0;593 595;655 996;3 418 628;38 888 968;0;0;42 871;9 876 794;167 055 044;1 057 094;0;12 045 511;166 628 445;163 159 950;6 141;163 159 950;727 603;27 750;2 514 953;0;0;2 508 813;0;0;0;0;0;0;0;0;0;0;0;0;0;0;0;0;727 603;27 750;50 000;15 938;1;66 830;2;0;0;97;3 417 420;29 072 553;0;0;0;0;0;0;0;0;0;0;0;0;0;0;0;0;0;3 665 354;2;174 777;2;0;0;0;0;0;0;0;0;0;1 760 758;1;176 076;30 780;1;3 078;1 542 337;7;205 644;0;0;0;0;0;0;0;0;0;0;3 430;2;332 567;1;33 257;0;0;0;0;0;0;0;0;0;0;0;0;0;0;215 668;5;13 033;5;146 049;11;227 655;25;0;0;0;0;0;954;2;1 067 406;31;18 161;7;2 650;1;19 316;8;3 864;58 001;2;236 389;36;0;0;0;0;0;0;0;0;0;0;0;0;44 892 905;4 618;27 153 930;27;0;0;0;0;0;0;1 183;2;237;7 791;2;1 558;0;0;0;384;1;77;0;0;0;0;0;0;0;0;0;0;0;0;0;0;0;0;0;0;0;0;0;0;0;0;0;0;163 159 950;1;0;0;0;0;35 624;20;0;0;0;0;177 279;72;0;0;0;0;265 198;4;946;1;0;0;0;0;0;0;0;0;13 965 395;58;15 275;18;16 377;6;0;0;0;0;0;0;2 357;3;0;0;0;0;139 888;31;6 639;5;1 080 032;293;121;1;39;1;0;0;6 056;2;72 250;6;6 508;3;186 381;35;106;1;0;0;1 286;2;0;0;0;0;10 571;8;147;2;0;0;0;0;8 628;2;30 558;2;4 388;11;0;0;0;0;0;0;0;0;0;0;0;0;0;0;0;0;0;0;0;0;0;0;0;0;0;0;0;0;47 235;16;0;0;993 305;71;0;0;45 783;35;0;0;1 492;1;22 819;18;0;0;5 266;1;0;0;0;0;0;0;802 267;0;76 211 268;0;675 555;0;29 579;0;645 975;0;0;129 195;0;129 195;0;0;0;120;4;11;;;;;;;;;;;
  Воронежская область;2 164 793 509;92 134 776;162 128 448;9 421 785;2 035 147 613;100 771 558;161 236 743;12 929 815;1 005 128;425 552;8 536 002;558 924;32 256;0;123 020 485;4 318 767;470;118 701 719;12 278 184;3 561 052;6 051;0;0;0;697 678;13 563;210 972;2 033;863 753;61 883;7;0;0;0;0;0;0;0;925 636;793;0;153 768;13 149;1 311;4 769;551;1 486;1 501 216;6 948 082;0;1 413 101;5 745 937;0;113 497;1 217 062;0;22 700;243 413;0;3 405;36 511;0;25 362;14 915;0;139;73;0;5;7;0;0;0;1 846 121;0;0;1 692 327;0;0;130 600;0;0;0;0;0;6 530;0;0;19 590;0;0;3 918;0;0;0;0;0;1;0;0;0;0;0;0;0;0;0;0;0;0;0;0;0;0;0;0;0;0;0;0;0;0;0;0;0;0;0;352 870;0;24 199;347 629;0;16 296;8 155;0;7 903;245;0;237;2 914;0;0;2;0;1;159 605 662;0;116 942 871;0;44 345 507;0;1 330 365;0;1 682 716;0;17;0;0;0;0;0;0;0;0;0;0;0;0;0;0;0;0;0;0;0;0;0;0;0;0;0;0;0;0;0;3 624 760;0;0;3 168 266;0;0;17;0;0;469 848;0;14 095;0;0;0;0;79 874;0;0;13 371;0;0;3;0;212 621;224 985;0;5 663;18 027;170;13;0;0;0;0;0;0;0;0;2 333 554;2 296 105;732 819;706 805;0;0;46 014;4 707;16 834 952;534 432;0;1 541 662;1 206 010;0;1 251 603;0;1 103 440;11 823;1 342 350;0;0;254;0;0;0;0;0;0;103 953;10;0;84 131;0;0;0;0;0;0;1 022 704;11 823;8 629;0;0;1 272;2;0;0;154;488 134;2 401 247;0;0;0;0;0;0;5 958;1;1 192;0;0;0;0;0;0;0;0;169 418;1;0;0;0;0;0;0;0;0;0;0;0;0;0;0;0;0;0;0;0;0;0;0;0;0;0;0;0;0;0;0;13 946;3;0;0;0;0;0;0;0;0;0;0;0;0;0;0;0;0;0;28 531;2;56 372;2;982;5;14 431;13;0;0;0;0;0;22 001;3;68 080;13;7 761;3;7 271;2;2 002;4;400;0;0;30 537;13;0;0;0;0;0;0;0;0;0;0;0;0;44 419 949;4 965;729 216;12;0;0;0;0;0;0;0;0;0;0;0;0;0;0;0;1 509;2;302;0;0;0;0;0;0;0;0;0;0;0;0;0;0;0;0;0;0;0;0;0;0;0;0;0;0;0;0;0;0;0;0;20 146;36;0;0;0;0;363 926;25;0;0;0;0;1 788 678;8;0;0;17 300;1;0;0;0;0;0;0;11 748 903;23;19 945 052;5;5 720;4;0;0;0;0;0;0;503 899;5;0;0;0;0;248 980;106;59 884;6;971 853;175;2 392;3;14 660;1;0;0;475 916;8;452 584;13;35 742;8;0;0;89 568;6;0;0;0;0;0;0;119;1;2 892;4;104 171;19;0;0;0;0;892;1;49 323;1;76 419;8;0;0;0;0;0;0;0;0;0;0;0;0;0;0;0;0;0;0;0;0;0;0;0;0;0;0;0;0;28 375;13;0;0;1 645 479;5;0;0;147 375;79;0;0;100 856;1;67 621;19;1;1;8 633;4;0;0;817;2;0;0;6 696;0;0;0;5 801;0;0;0;5 801;0;0;1 160;0;1 160;0;0;0;2;0;6;;;;;;;;;;;
  Ивановская область;557 026 580;28 371 361;22 854 033;2 271 950;528 726 111;32 506 418;22 638 917;2 995 136;179 262;468 883;1 349 722;157 200;20 462;0;27 324 678;658 077;164;26 666 600;4 546 504;799 510;630;0;0;0;116 680;17 814;48 404;2 658;131 615;47 436;4;0;0;0;0;0;0;0;179 051;0;0;0;5 752;545;2 809;625;95;646 329;1 673 728;127 248;601 846;1 419 963;101 461;74 785;272 493;25 787;14 957;54 499;5 157;2 244;8 175;774;30 302;18 729;0;118;29;1;53;1;0;0;0;6 101 646;0;0;5 408 797;0;0;698 742;0;0;0;0;0;20 962;0;0;118 786;0;0;20 962;0;0;6 502;0;0;20;0;0;4;0;0;0;0;0;0;0;0;0;0;0;0;0;0;0;0;0;0;0;0;0;0;0;0;0;0;277 298;0;46 953;260 683;0;32 096;17 091;0;14 858;513;0;446;476;0;0;3;0;0;2 191 946;0;1 906 735;0;293 558;0;8 807;0;8 347;0;1;0;0;0;0;0;0;0;0;0;0;0;0;0;0;0;0;0;0;0;0;0;0;0;0;0;0;0;0;0;941 282;0;0;838 890;0;0;0;0;0;106 705;0;3 201;0;0;0;0;18 140;0;0;4 314;0;0;1;0;2 397 534;2 102 645;0;300 716;5 827;9 021;5;0;0;0;0;0;0;0;0;36 502 518;36 599 943;102 081;101 997;0;0;84;214;2 122 887;4 371;0;138 525;611;0;0;0;0;0;0;0;0;0;0;0;0;0;0;0;0;0;0;0;0;0;0;0;0;0;0;5 500;1 373;0;0;11 023;2;0;0;51;25 564;592 142;3 789;1;758;98;1;20;1 316;1;263;0;0;0;0;0;0;0;0;0;0;0;0;0;0;0;0;0;0;0;0;0;0;0;0;0;0;0;22 400;1;2 987;0;0;0;0;0;0;0;0;0;0;0;0;0;0;0;0;0;0;0;0;0;0;0;0;0;0;0;0;0;343;1;5 093;2;3 320;5;3 210;9;0;0;0;0;0;2 499;1;14 195;4;0;0;781;1;794;1;159;0;0;15 747;12;0;0;0;0;0;0;0;0;0;0;0;0;7 307 169;1 608;10 917;5;0;0;0;0;0;0;0;0;0;0;0;0;0;0;0;0;0;0;0;0;0;0;0;0;0;0;0;0;0;0;0;0;0;0;0;0;0;0;0;0;71 773;1;0;0;0;0;0;0;0;0;16 216;15;0;0;0;0;82 490;19;0;0;0;0;77 788;1;0;0;14 200;3;0;0;0;0;28 634;1;2 486 518;9;970 995;4;13 846;21;0;0;0;0;0;0;12 776;3;0;0;64;1;4 437;13;17 316;5;187 810;108;10 737;12;626;2;0;0;19 782;8;128 900;7;20 229;10;1 533;2;272;2;0;0;0;0;1 247;1;6 938;9;13 533;15;1 401;3;0;0;0;0;103;1;33;1;900;1;0;0;0;0;0;0;0;0;0;0;2;1;0;0;0;0;0;0;0;0;0;0;0;0;0;0;0;0;4 394;5;0;0;204 433;3;0;0;4 581;31;0;0;1 370;1;4 151;5;0;0;11 593;2;0;0;0;0;0;0;0;0;0;0;0;0;0;0;0;0;0;0;0;0;0;0;0;3;0;3;;;;;;;;;;;
  Иркутская область;2 395 404 407;130 657 618;169 348 316;12 175 499;2 031 597 879;143 474 662;127 457 727;21 477 768;1 329 036;1 803 398;29 550 724;1 177 204;82 429;519 190;377 501 503;5 289 656;268;372 211 847;22 012 308;11 166 319;0;0;0;0;1 429 837;39 289;228 909;5 893;1 057 931;2 957 011;5;0;0;0;0;0;0;0;4 014 942;0;180;0;7 814;1 018;3 035;822;1 721;2 148 022;9 489 179;480 650;2 104 663;8 761 869;393 549;43 950;938 871;87 101;8 791;187 775;17 420;1 318;28 166;2 613;591;211 559;0;391;84;3;2;5;0;31 141 189;0;1 273 666;23 834 919;0;1 270 711;7 713 156;0;100 452;0;0;0;0;0;0;1 542 631;0;20 090;231 395;0;3 014;406 975;0;97 496;14;0;11;6;0;3;0;0;0;0;0;0;0;0;0;0;0;0;0;0;0;0;0;0;0;0;0;0;0;0;0;0;286 881;0;131 019;236 379;0;125 880;50 502;0;5 139;1 515;0;154;0;0;0;0;0;0;522 531;0;395 000;0;127 720;0;3 832;0;190;0;1;0;0;0;0;0;0;0;0;0;0;0;0;0;0;0;0;0;0;0;0;0;0;0;0;0;0;0;0;0;1 533 187;89 786;0;1 431 993;17 834;0;0;0;0;101 195;71 953;3 036;2 159;0;0;0;17 202;12 232;0;0;0;0;0;0;2 073 751;2 468 251;4 168;128 827;527 495;3 865;9;5;0;0;0;0;0;0;0;555 958;565 099;2 036 142;2 159 558;0;0;108 501;42 726;49 789 231;799 032;0;2 211 581;9 128 760;323;138 504;0;8 450 667;281 093;441 172;0;0;354 220;0;0;0;0;281 093;0;0;0;0;0;0;0;0;0;0;0;8 450 667;0;0;0;0;0;0;0;0;188;2 488 982;19 754 393;0;0;0;11 493;3;2 299;0;0;0;0;0;0;0;0;60;1;12;815 766;4;96 965;2;0;0;0;0;0;0;0;0;0;26 726;1;2 673;0;0;0;0;0;0;0;0;0;0;0;0;0;0;0;0;0;0;0;0;0;457 339;1;60 978;0;0;0;0;0;0;0;0;0;0;0;32 098;11;423 576;4;2 607;7;64 192;23;42;1;0;0;0;37 284;4;75 210;13;4 225;10;135 057;6;19 086;8;3 817;0;0;76 589;23;0;0;0;0;0;0;0;0;0;0;0;0;64 704 476;3 728;309 681;17;0;0;0;762;2;152;95 796;5;19 159;1 016 740;3;203 348;0;0;0;0;0;0;0;0;0;0;0;0;0;0;0;0;0;0;0;0;0;0;0;0;0;0;0;0;0;0;0;0;0;0;0;0;0;0;198 449;26;0;0;0;0;300 141;40;522;1;0;0;863 304;2;0;0;40 100;4;0;0;0;0;13;1;13 512 871;25;3 116 903;1;63 263;2;0;0;0;0;0;0;137 922;6;5;1;0;0;859 511;76;63 021;12;920 637;160;546;2;0;0;0;0;1 345 148;47;3 983 900;100;915 361;56;14 581;6;107 501;25;0;0;545 392;12;0;0;206;2;35 295;20;230 088;9;0;0;0;0;30 447;7;326;2;92;1;0;0;0;0;0;0;0;1;0;0;0;0;179;2;0;0;0;0;0;0;0;0;0;0;0;0;0;0;18 020;42;0;0;132 150;28;0;0;283 228;103;0;0;1 763;1;160 780;2;0;0;5 397;2;0;0;0;0;0;0;1 391 190;0;140 933 840;0;202 514;0;3 086;0;199 428;0;0;39 800;0;39 491;0;309;0;265;1;13;;;;;;;;;;;
  Калининградская область;1 199 348 574;76 534 015;238 272 620;350 105 055;1 150 799 208;88 363 402;125 956 270;57 453 793;1 105 126;161 240;109 122 673;309 284 954;1 176;0;52 858 874;4 155 383;296;48 703 491;28 301 654;1 460 951;1 618;0;0;0;370 929;59 058;87 953;8 861;831 077;0;0;0;0;0;0;0;0;0;831 077;9 151;207 847;0;3 097;1 031;1 828;375;27;962 899;3 116 409;75 420;912 644;2 635 877;75 299;54 833;513 094;122;10 967;102 619;24;1 645;15 393;4;2 217;32 562;1;67;28;3;5;4;1;0;0;0;0;0;0;0;0;0;0;0;0;0;0;0;0;0;0;0;0;0;0;0;0;0;0;0;0;0;0;629 478 141;0;0;581 970 228;0;0;1 796 680;0;0;50 550 861;0;0;262 118;0;1 485 336;0;0;1 254 408;0;0;4 839 628;0;0;76;0;0;44 693;0;22 023;43 983;0;17 987;710;0;4 036;21;0;121;0;0;0;0;0;0;5 151 477;0;5 403 634;0;629 666;0;18 890;0;881 822;0;9;0;0;0;0;0;0;0;0;0;0;0;0;0;0;0;0;0;0;0;0;0;0;0;0;0;0;0;0;0;2 746 140;0;0;2 393 446;0;0;7 925;0;0;344 769;0;10 343;0;0;0;0;58 611;0;0;0;0;0;0;0;105 029;188 627;116;7 567;91 282;227;4;16;2 847 094;2 282 584;329 118;329 118;65 824;94 880;1;256 293 148;255 042 263;11 666 592;11 390 255;0;37 096;12 063;37 325 972;46 844 249;1 002 067;172 203 041;3 856 592;18 078 167;0;102 270;5 520;18 010 463;38 678;34 181;0;0;166 398;0;0;0;0;0;0;6 760 463;41 076;0;1 625;0;0;0;0;0;0;11 930 863;3 109 238;32 888;0;0;2 988;1;0;0;47;104 600;647 803;0;0;0;544;1;109;0;0;0;0;0;0;0;0;0;0;0;2 840;1;0;0;0;0;0;0;0;0;0;0;0;0;0;0;0;0;0;3 175 808;2;423 441;0;0;0;998 328;1;133 110;0;0;0;0;0;0;3;1;0;0;0;0;0;0;0;0;0;0;0;0;122;1;24;377;3;21 382;2;4 411;6;5 457;8;0;0;0;0;0;17 451;3;42 480;14;1 630;7;2 085;5;0;0;0;378;2;14 919;12;0;0;0;0;0;0;0;0;0;0;0;0;23 921 282;1 921;6 732 714;3;0;0;0;0;0;0;0;0;0;0;0;0;0;0;0;0;0;0;0;0;0;0;0;0;0;0;0;0;1 236 142;4;0;0;0;0;0;0;0;0;0;0;0;0;0;0;0;0;0;0;0;0;17 678;16;0;0;0;0;143 023;20;35;1;0;0;978 552;4;0;0;0;0;0;0;0;0;0;0;1 265 552;6;2 031;1;0;0;0;0;0;0;0;0;895;1;0;0;0;0;40 715;41;20 507;3;247 841;42;0;0;6 146;5;0;0;21 992;9;717 566;19;271 799;28;0;0;5 174;9;0;0;7 210;3;2 334;1;12 729;4;4 053;5;3 870;3;0;0;0;0;11 875;3;65 003;1;8 632;1;0;0;0;0;0;0;0;0;0;0;0;0;0;0;0;0;0;0;0;0;0;0;0;0;0;0;0;0;3 167;4;0;0;3 641;2;0;0;5 244;3;0;0;285 119;4;65 007;9;0;0;325;8;0;0;0;0;0;0;13 086;0;5 897 299;0;10 685;0;0;0;10 685;0;0;229;0;79;0;150;0;65;0;40;;;;;;;;;;;
  Калужская область;1 523 203 403;200 459 926;109 713 271;50 450 976;1 391 035 882;217 985 069;123 528 269;50 272 456;519 335;630 058;701 539;1 064 636;19 730;0;118 155 302;13 259 142;268;104 896 163;17 781 202;3 144 145;16;30 022;98 790;2;490 227;224 570;281 716;33 630;2 651 829;443 469;17;0;2 740;48;2;0;0;0;3 226 898;470;0;439 988;4 419;730;2 428;638;21;837 299;3 561 254;0;804 470;2 690 613;0;34 508;878 454;0;6 901;175 691;0;1 035;26 353;0;1 680;7 813;0;46;35;0;2;3;0;0;0;18 674;0;0;23 686;0;0;0;0;0;0;0;0;0;0;0;0;0;0;0;0;0;5 012;0;0;1;0;0;1;0;0;255 656 126;0;0;255 564 014;0;0;92 113;0;0;0;0;0;0;0;0;0;0;0;0;0;0;0;0;0;228 501;0;65 621;226 645;0;49 138;1 856;0;16 483;55;0;494;0;0;0;0;0;0;34 595 862;0;33 964 027;0;1 151 039;0;34 531;0;519 203;0;17;0;0;0;0;0;0;0;0;0;0;0;0;0;0;0;0;0;0;0;0;0;0;0;0;0;0;0;0;0;826 029;0;0;778 174;0;0;0;0;0;47 855;0;1 436;0;0;0;0;8 136;0;0;0;0;0;0;0;4 666 285;4 407 044;5 010;259 361;5 130;7 772;4;7;0;0;0;0;0;0;0;68 923;69 887;12 740 614;12 735 974;0;0;4 712;4 627 908;6 205 020;269 149;0;412 854;18 166 615;0;7 238;0;18 041 910;41 878;90 065;0;0;41 215;0;0;0;0;0;0;0;0;4 655 494;2 000;0;0;11 036 925;0;16 082;0;2 349 492;41 878;23 530;0;0;24 166;2;0;0;100;895 167;2 219 591;570;2;114;154;1;31;0;0;0;0;0;0;0;0;0;0;0;0;0;0;0;0;0;0;0;0;0;0;0;0;0;0;0;0;0;0;0;0;0;0;0;0;0;0;0;0;0;0;0;0;0;0;0;0;196 561;1;26 208;28 412;2;0;0;0;0;0;0;0;0;0;2 986;4;0;0;3 974;7;29 722;20;0;0;0;0;0;6 760;2;159 878;17;13 445;8;75 329;5;25 786;7;5 157;11 932;1;65 612;25;0;0;0;0;0;0;65;1;0;0;0;0;44 724 265;2 748;918 091;11;0;0;0;0;0;0;0;0;0;0;0;0;0;0;0;0;0;0;0;0;0;0;0;0;0;0;0;0;0;0;0;0;0;0;0;0;0;0;0;0;0;0;0;0;0;0;0;0;0;0;130 368;16;0;0;0;0;739 449;16;0;0;0;0;0;0;0;0;11 572;1;0;0;657 899;2;0;0;11 095 118;12;124 142;1;0;0;0;0;0;0;0;0;1 333;2;0;0;0;0;1 363 977;71;0;0;417 870;79;0;0;0;0;30;1;9 184;6;1 186 818;10;1 894;6;66 408;3;42 808;2;0;0;45 873;2;1 678;3;9 801;5;8 374;11;1 848;3;0;0;0;0;0;0;26 520;3;39 544;7;0;0;0;0;0;0;0;0;0;0;0;0;1 603;1;0;0;0;0;0;0;0;0;0;0;0;0;0;0;6 337;3;0;0;98 815;16;0;0;14 629;4;0;0;617 848;3;262 369;6;0;0;3 290;1;2 746;1;0;0;0;0;1 786;0;136;0;557;0;0;0;557;0;0;0;0;0;0;0;0;4;3;20;;;;;;;;;;;
  Камчатский край;242 924 340;35 342 574;15 819 493;10 925 797;218 850 450;38 345 294;13 640 008;13 467 961;39 275;4 222;288 730;351 025;4 299;0;25 999 620;1 378 852;49;24 620 768;5 865 427;738 495;0;0;0;0;311 147;62 175;63 301;9 326;275 771;0;0;0;0;0;0;0;0;0;275 771;0;527;0;699;199;622;246;9;243 805;1 093 061;0;247 061;860 073;0;523;234 974;0;105;46 995;0;16;7 049;0;3 779;1 985;0;16;23;0;1;1;0;5 786 669;211 478;25 683 984;3 879 433;209 915;18 904 230;664 299;782;5 720 570;0;0;67;66 430;78;10 491;66 430;78;1 133 556;19 929;23;171 550;0;0;602 487;1;1;25;0;0;15;0;5 061 707;0;0;3 670 115;0;0;262 585;0;0;1 180 329;0;0;0;0;2 109;0;0;35 410;0;0;51 321;0;0;3;0;60 075;216 472;24 373;59 799;190 406;20 205;717;26 067;4 168;22;782;125;441;0;0;1;0;0;30 078 720;891 724;22 232 889;788 025;7 845 830;103 700;235 375;3 111;0;0;0;0;0;0;0;0;0;0;0;0;0;0;0;0;0;0;0;0;0;0;0;0;0;0;0;0;0;0;0;0;0;0;0;0;0;0;0;0;0;0;0;0;0;0;0;0;0;0;0;0;0;0;0;0;0;399;0;0;399;0;1;2;0;0;0;0;0;0;0;98 395;59 046;85 518;202 492;0;0;0;11 752 741;549 103;1 185 779;0;3 175 968;8;0;0;0;0;0;0;0;0;0;0;0;0;0;590 876;0;0;0;0;0;0;0;0;0;0;0;0;0;0;0;0;0;0;0;0;25;134 653;2 170 736;0;0;0;0;0;0;0;0;0;0;0;0;0;0;0;0;0;0;0;0;0;0;0;0;0;0;0;0;0;0;0;0;0;0;0;0;2 001;1;267;0;0;0;0;0;0;0;0;0;0;0;0;0;0;0;0;0;0;0;0;0;0;0;0;0;0;0;0;0;4 901;2;0;0;6;1;11;1;0;0;0;0;0;0;0;0;0;0;0;0;0;0;0;0;0;0;5 561;2;0;0;0;0;0;0;0;0;0;0;0;0;9 535 786;415;9 787;2;0;0;0;0;0;0;0;0;0;0;0;0;0;0;0;0;0;0;0;0;0;0;0;0;0;0;0;0;389 962;2;0;0;0;0;0;0;0;0;0;0;0;0;0;0;0;0;0;0;0;0;16 990;4;0;0;0;0;14 052;6;17 149;1;0;0;0;0;0;0;0;0;0;0;0;0;0;0;0;0;0;0;686 406;1;0;0;0;0;0;0;899;2;0;0;0;0;12 960;9;13 120;2;12 707;9;0;0;0;0;0;0;321 001;3;333 798;5;36 607;3;0;0;0;0;0;0;0;0;0;0;0;0;0;0;1 055;1;0;0;0;0;273;2;0;0;0;0;0;0;0;0;0;0;0;0;0;0;0;0;0;0;0;0;0;0;0;0;0;0;0;0;0;0;0;0;4 769;6;0;0;0;0;0;0;0;0;0;0;227 312;2;0;0;0;0;501;1;0;0;0;0;0;0;0;0;0;0;0;0;0;0;0;0;0;0;0;0;0;0;0;0;0;1;;;;;;;;;;;
  Кемеровская область - Кузбасс;4 172 282 043;231 457 083;522 285 505;33 728 864;3 447 002 250;265 648 479;474 914 823;31 246 291;1 024 869;2 813 587;63 946 893;430 746;251 423;65 000;709 802 966;79 881 679;305;629 921 872;29 239 171;18 894 758;38 111;35 230;180 234;8;3 708 249;49 471;311 006;7 420;15 976 335;22 227;86;0;0;0;0;0;0;0;16 214 026;0;256 716;15 191;7 463;700;3 128;552;87;976 967;4 371 364;1 150 907;953 239;4 126 721;1 098 038;23 728;250 635;52 870;4 745;50 127;10 574;712;7 519;1 586;0;5 992;0;341;70;83;0;1;0;733 794;0;9 195 063;707 092;0;9 013 859;26 701;0;406 719;401;0;0;2 270;0;20 336;0;0;61 008;0;0;12 201;0;0;261 030;1;0;39;0;0;7;0;0;0;0;0;0;0;0;0;0;0;0;0;0;0;0;0;0;0;0;0;0;0;0;0;0;484 509;0;228 898;474 304;0;219 298;13 779;0;9 723;414;0;292;3 573;0;124;1;0;1;11 008 955;0;8 655 325;0;2 484 982;0;74 549;0;131 353;0;2;0;0;0;0;0;0;0;0;0;0;0;0;0;0;0;0;0;0;0;0;0;0;0;0;0;0;0;0;0;553 648;0;0;514 839;0;0;0;0;0;39 266;0;1 178;0;0;0;0;6 675;0;0;0;0;0;0;0;714 872;658 046;0;64 205;7 380;1 926;5;0;0;0;0;0;0;0;0;1 443 201;1 423 951;24 801 406;24 537 766;2 598 796;10 661 011;340 309;396 529;107 855 255;512 255;0;3 038 624;18 403 000;0;4 237;0;389 277;3 696 653;910;0;0;576 103;0;0;0;0;35 196 082;0;0;0;689 206;0;0;0;0;0;0;0;42 317;16 020;0;0;0;0;0;0;0;212;3 435 562;26 583 658;0;0;0;5 996;2;1 199;0;0;0;0;0;0;0;0;0;0;0;2 615 201;13;63 480;5;0;0;0;0;0;0;0;0;0;76 159;1;7 616;0;0;0;105 268;3;14 036;0;0;0;0;0;0;0;0;482 824;2;23 921;3;0;0;0;0;0;0;0;0;0;0;0;0;0;0;75;1;15;385 829;38;451 342;5;130 017;26;195 095;48;68;1;0;0;0;1 965;1;233 928;30;25 161;24;202 229;16;12 590;10;2 517;19 461;3;371 358;56;0;0;0;0;0;0;0;0;185 458;1;0;0;82 135 912;3 028;13 550 341;40;0;0;0;94;2;18;4 708;6;942;183 957;2;36 793;0;0;0;356 635;2;71 327;0;0;0;0;0;0;5 625;2;0;0;0;0;0;0;0;0;0;0;0;0;0;0;0;0;0;0;0;0;0;0;0;0;17 622;12;0;0;0;0;164 549;56;29 494;1;0;0;778 042;3;0;0;21 049;1;0;0;0;0;0;0;10 930 541;18;2 173;1;6 618;4;0;0;0;0;0;0;45 924;3;0;0;0;0;157 029;56;544 030;22;832 007;590;3 699 245;3;16;1;0;0;632 985;45;3 437 977;123;3 981 535;227;26 957;20;374 757;69;0;0;590 060;4;0;0;21 906;13;64 533;59;25 320;15;0;0;46;1;12 553;8;92 385;1;1 182;2;0;0;0;0;0;0;30 236;1;0;0;0;0;104;1;0;0;18;1;0;0;0;0;0;0;0;0;0;0;22 131;8;0;0;159 827;3;0;0;303 735;374;0;0;25 700;1;11 079;9;0;0;15;1;0;0;0;0;0;0;188 720;0;17 118 964;0;188 720;0;0;0;188 720;0;0;37 744;0;32 467;0;5 277;0;23;2;14;;;;;;;;;;;
  Кировская область;551 784 155;53 563 623;21 568 436;10 061 912;510 154 976;56 429 005;21 241 025;9 168 687;370 626;95 027;1 058 329;629 567;37 898;461;41 231 044;4 779 099;145;36 451 945;2 507 153;1 093 165;0;0;0;0;171 677;20 175;71 379;3 026;955 820;1;1;0;0;0;0;0;0;0;955 821;634;0;7 353;3 973;441;1 448;241;2 038;239 531;4 298 286;0;222 883;3 363 543;0;17 167;939 274;0;3 433;187 855;0;515;28 178;0;519;4 531;0;76;31;0;2;3;0;0;0;3 043 755;0;0;2 770 885;0;0;383 704;0;0;0;0;0;19 185;0;0;57 556;0;0;11 511;0;0;110 843;0;0;4;0;0;2;0;0;0;0;0;0;0;0;0;0;0;0;0;0;0;0;0;0;0;0;0;0;0;0;0;0;396 221;0;34 964;393 517;0;28 681;5 876;0;6 283;177;0;188;3 180;0;0;3;0;0;32 989 782;0;27 885 607;0;5 442 648;0;163 279;0;338 474;0;14;0;0;0;0;0;0;0;0;0;0;0;0;0;0;0;0;0;0;0;0;0;0;0;0;0;0;0;0;0;167 649;0;0;148 848;0;0;0;0;0;18 801;0;564;0;0;0;0;3 196;0;0;0;0;0;0;0;40 905;45 831;0;0;4 926;0;4;0;0;0;0;0;0;0;0;23 985 630;23 954 001;50 246;53 432;0;0;54;368;1 527 347;140 890;0;459 079;403;0;1 095;0;0;1 489;1;0;0;0;0;0;0;0;0;0;0;0;0;0;0;0;0;0;0;0;0;363;0;975;1;452;1;0;0;96;192 438;1 850 783;2 119;1;424;14 033;3;2 807;0;0;0;0;0;0;0;0;0;0;0;0;0;9;1;0;0;0;0;0;0;0;0;0;8 395;1;840;0;0;0;483;1;64;0;0;0;0;0;0;0;0;0;0;53;2;0;0;0;0;0;0;0;0;0;0;0;0;0;0;0;0;0;2 473;3;140;1;47 881;14;41 270;30;0;0;0;0;0;1 444;1;68 704;22;506;5;6 532;5;10 124;3;2 025;12 606;4;49 111;36;0;0;0;0;0;0;0;0;0;0;0;0;17 231 573;1 757;51 772;7;0;0;0;0;0;0;0;0;0;0;0;0;0;0;0;0;0;0;0;0;0;0;0;0;0;0;0;0;0;0;0;0;0;0;0;0;0;0;0;0;0;0;0;0;0;0;0;0;0;0;29 924;21;0;0;0;0;596 624;21;0;0;0;0;1 315 727;3;0;0;0;0;0;0;0;0;0;0;12 578 753;35;351 309;5;5 476 619;41;0;0;0;0;0;0;1 050 587;4;0;0;0;0;76 146;71;6 686;1;263 279;150;2 052;7;0;0;0;0;48 126;10;167 694;18;7 460;10;64 468;12;1 704;8;0;0;19 737;2;0;0;18 484;5;6 770;5;1 472;3;0;0;1 973;1;240;1;1;1;1 488;1;0;0;0;0;0;0;0;0;0;0;0;0;81;1;0;0;0;0;0;0;0;0;0;0;0;0;0;0;9 957;7;0;0;389 772;9;0;0;59 114;61;0;0;0;0;2 020;3;0;0;11 275;8;0;0;0;0;0;0;0;0;0;0;0;0;0;0;0;0;0;0;0;0;0;0;0;0;0;0;;;;;;;;;;;
  Костромская область;1 092 662 387;27 578 717;1 304 395 636;1 873 360;1 005 061 645;30 259 872;1 304 569 224;1 934 220;54 910;41 343;28 801 980;181 428;40 449;0;58 650 463;893 182;152;57 757 282;2 882 100;1 732 718;164 297;8 944;44 722;1;100 239;7 545;235 019;1 149;178 636;1 003;2;0;0;0;0;0;0;0;233 305;172;1 126;0;1 936;327;1 372;113;54;395 157;1 953 319;5 732;394 995;1 602 430;4 353;790;353 873;1 379;158;70 775;276;24;10 616;41;628;2 984;0;166;24;2;8;3;0;0;0;355 836;0;0;1 036 888;0;0;123 470;0;0;0;0;0;6 174;0;0;18 521;0;0;3 704;0;0;804 522;0;0;2;0;0;1;0;0;0;0;0;0;0;0;0;0;0;0;0;0;0;0;0;0;0;0;0;0;0;0;0;0;200 511;0;42 158;204 743;0;34 218;1 714;0;7 940;51;0;238;5 946;0;0;2;0;0;488 081;0;472 811;0;35 362;0;1 061;0;20 092;0;3;0;0;0;0;0;0;0;0;0;0;0;0;0;0;0;0;0;0;0;0;0;0;0;0;0;0;0;0;0;778 319;0;0;800 223;0;0;2 684;0;0;5 189;0;156;0;0;0;0;882;0;0;29 776;0;0;1;0;19 846;22 078;0;0;2 232;0;2;0;0;0;0;0;0;0;0;5 088 496;4 687 940;160 690;149 648;10 682;124 382;10 828;1 001 121;1 392 864;69 206;8;1 657 863;681 589;8;63 268;0;324 223;6 358;414 276;0;0;3 280;0;0;0;0;0;0;0;0;0;0;257 138;153 959;0;0;192 150;0;0;5 352;159 231;0;0;0;0;0;0;44;68 255;632 650;150;1;30;4;1;1;0;0;0;0;0;0;0;0;0;0;0;0;0;0;0;0;0;0;0;0;0;0;0;0;0;0;0;0;0;0;133 233;2;17 764;0;0;0;0;0;0;0;0;0;0;0;0;0;0;0;0;0;0;0;0;0;0;0;0;0;0;0;0;0;2 074;2;1 204;1;1 582;4;2 234;5;15;1;0;0;0;0;0;17 218;5;5;1;3 247;1;0;0;0;0;0;5 319;7;0;0;0;0;0;0;0;0;0;0;0;0;8 039 073;887;62 505;8;0;0;0;0;0;0;0;0;0;0;0;0;0;0;0;0;0;0;0;0;0;0;0;0;0;0;0;0;0;0;0;0;0;0;0;0;0;0;0;0;0;0;0;0;0;0;0;0;0;0;3 299;9;0;0;0;0;80 191;9;0;0;0;0;30 535;1;0;0;0;0;0;0;0;0;0;0;749 642;10;12;2;675;2;0;0;0;0;0;0;5 065;2;0;0;0;0;54 881;17;116;1;148 992;202;0;0;0;0;0;0;490;2;3 041;11;2 201;9;883;2;5;1;0;0;26;1;0;0;0;0;8 057;4;5 297;3;0;0;0;0;925;1;731;2;6 503;2;0;0;0;0;0;0;0;0;3 800;1;0;0;0;0;0;0;0;0;0;0;0;0;0;0;0;0;0;0;27 553;3;0;0;3 954;5;0;0;5 984;7;0;0;25 401;1;762;2;0;0;2 435;2;188;1;0;0;0;0;162 859;0;0;0;162 859;0;0;0;162 859;0;0;32 572;0;32 341;0;230;0;14;0;6;;;;;;;;;;;
  Курганская область;315 410 979;13 209 008;11 556 712;2 570 977;295 235 712;15 291 184;15 704 509;1 148 553;213 824;217 342;244 183;1 728 250;2 824;348;15 998 680;1 040 985;93;14 957 695;2 148 239;448 728;1 247;0;20 700;2;97 077;7 116;42 896;1 067;208 198;13 717;8;0;0;0;0;0;0;0;242 615;0;0;0;1 547;292;1 403;141;262;687 522;910 731;0;647 480;806 380;0;40 042;104 549;0;8 008;20 910;0;1 201;3 136;0;0;169;0;68;19;0;0;3;0;0;0;724 360;0;0;696 073;0;0;78 316;0;0;0;0;0;3 916;0;0;11 747;0;0;2 349;0;0;50 030;0;0;7;0;0;3;0;0;0;0;0;0;0;0;0;0;0;0;0;0;0;0;0;0;0;0;0;0;0;0;0;0;169 820;0;2 335;164 304;0;1 909;6 253;0;426;188;0;13;737;0;0;2;0;0;11 320 599;0;8 790 688;0;2 647 460;0;79 424;0;117 548;0;11;0;0;0;0;0;0;0;0;0;0;0;0;0;0;0;0;0;0;0;0;0;0;0;0;0;0;0;0;0;108 798;0;0;82 746;0;0;0;0;0;26 052;0;782;0;0;0;0;4 429;0;0;0;0;0;0;0;11 959;12 875;0;1 267;2 183;38;3;0;0;0;0;0;0;0;0;15 219;7 185;1 784 224;1 757 063;0;0;27 162;0;474 592;340 684;0;166 999;18 214;0;43;0;0;0;43;0;0;0;0;0;0;0;0;0;0;0;12 700;0;0;0;0;0;0;0;18 213;0;0;0;0;0;0;0;0;34;86 266;544 551;0;0;0;0;0;0;0;0;0;0;0;0;0;0;0;0;0;0;0;0;0;0;0;0;0;0;0;0;0;0;0;0;0;0;0;0;29 556;3;3 941;0;0;0;0;0;0;0;0;0;0;10;1;0;0;0;0;0;0;0;0;0;0;0;0;0;0;0;0;0;209;1;8 960;1;7 059;8;14 735;9;0;0;0;0;0;0;0;16 793;4;1 625;3;1 400;1;0;0;0;0;0;17 314;7;0;0;0;0;0;0;0;0;0;0;0;0;6 017 661;772;170 674;5;0;0;0;0;0;0;0;0;0;0;0;0;0;0;0;0;0;0;0;0;0;0;0;0;0;0;0;0;0;0;0;0;0;0;0;0;0;0;0;0;0;0;0;0;0;0;0;0;0;0;22 083;6;0;0;0;0;24 714;13;0;0;0;0;0;0;0;0;0;0;0;0;0;0;0;0;5 925 911;16;0;0;616 118;11;0;0;0;0;0;0;799;4;43;2;0;0;37 683;54;34;1;54 681;50;2 784;3;0;0;0;0;1 017 835;8;1 328 357;10;301 880;10;6 530;1;14 612;41;0;0;8 600;1;0;0;9 648;2;10 523;5;1 930;1;0;0;0;0;15 879;3;25 158;3;0;0;0;0;0;0;0;0;0;0;0;0;0;0;0;0;0;0;0;0;0;0;0;0;0;0;0;0;0;0;34 760;8;0;0;169 004;1;0;0;514;27;0;0;0;0;442;1;0;0;1 953;2;0;0;0;0;0;0;0;0;0;0;0;0;0;0;0;0;0;0;0;0;0;0;0;2;1;2;;;;;;;;;;;
  Курская область;874 522 693;74 902 692;42 533 442;4 117 910;689 357 923;72 881 810;31 841 377;17 175 273;247 328;332 419;3 398 587;272 333;19 960;64;192 686 673;2 286 321;155;190 400 352;10 976 459;5 712 010;0;1 330;11 968;1;316 229;20 451;57 480;3 067;457 264;0;0;0;0;0;0;0;0;0;470 562;64;295 155;0;4 157;404;1 132;348;2 584;1 391 379;1 850 180;0;922 782;1 555 423;0;474 746;298 770;0;94 949;59 754;0;14 242;8 963;0;6 149;4 013;0;28;16;0;4;1;0;0;0;0;0;0;0;0;0;0;0;0;0;0;0;0;0;0;0;0;0;0;0;0;0;0;0;0;0;0;0;0;0;0;0;0;0;0;0;0;0;0;0;0;0;0;0;0;0;0;0;0;0;0;0;0;0;43 570;0;709;26 141;0;612;17 429;0;97;523;0;3;0;0;0;0;0;0;166 227 970;0;111 985 229;0;54 793 903;0;1 643 817;0;551 162;0;12;0;0;0;0;0;0;0;0;0;0;0;0;0;0;0;0;0;0;0;0;0;0;0;0;0;0;0;0;0;134 713;0;0;119 913;0;0;0;0;0;14 800;0;444;0;0;0;0;2 516;0;0;0;0;0;0;0;1 308 789;947 516;0;442 934;81 661;13 288;9;2;0;0;0;0;0;0;0;131 822;122 488;153 356;152 300;0;0;1 056;1 153 419;105 840 517;1 295 102;0;1 171 369;34 914;0;8 761;0;21 783;0;9;0;0;0;0;0;0;0;0;0;21 783;0;0;0;0;0;0;0;0;0;0;0;0;0;0;78 232;2;0;0;56;271 245;2 164 125;0;0;0;134;1;27;0;0;0;0;0;0;0;0;0;0;0;0;0;0;0;0;0;0;0;0;0;0;0;0;0;0;0;0;0;0;0;0;0;0;0;0;0;0;0;0;0;0;0;136;1;0;0;0;0;0;0;0;0;0;0;0;0;0;0;0;0;0;13 129;1;2 206;2;22 373;5;27 165;9;0;0;0;0;0;0;0;137 775;7;0;0;27;1;0;0;0;0;0;20 728;11;0;0;0;0;0;0;0;0;0;0;0;0;30 065 079;1 765;6 312;6;0;0;0;0;0;0;11 117;1;2 223;30 000;1;6 000;20 846;1;4 169;98 000;1;19 600;0;0;0;0;0;0;0;0;0;0;0;0;0;0;0;0;0;0;0;0;0;0;0;0;0;0;0;0;0;0;0;0;82 891;14;0;0;0;0;111 174;11;51;1;0;0;0;0;0;0;1 500;1;0;0;0;0;0;0;5 635 327;10;609 286;2;1 188 643;11;0;0;0;0;0;0;14 500;1;767;2;0;0;200 500;68;4 889;1;1 166 951;57;5 829;8;0;0;0;0;605 639;8;538 971;31;110 651;19;14 348;2;153 176;9;0;0;0;0;0;0;11 221;2;3 607;10;103 615;3;0;0;0;0;68 023;4;47 130;2;1 093;4;0;0;0;0;0;0;0;0;0;0;0;0;1 937;1;0;0;0;0;0;0;0;0;0;0;0;0;0;0;40 692;12;0;0;161 439;3;0;0;24 147;41;0;0;0;0;27 902;4;0;0;8 571;3;0;0;0;0;0;0;0;0;0;0;0;0;0;0;0;0;0;0;0;0;0;0;0;6;0;4;;;;;;;;;;;
  Ленинградская область;3 774 658 272;213 722 772;389 956 990;19 041 641;3 270 491 990;230 117 240;396 779 991;44 556 103;415 094;614 218;3 857 527;99 706;295 257;0;494 111 418;19 952 585;416;474 159 196;41 394 400;14 224 496;4 388;2 817;25 348;1;1 708 287;59 937;402 601;8 956;3 990 518;4 697 432;61;0;0;0;0;0;0;0;8 716 115;1 046;39 732;0;6 653;1 084;2 921;447;111;426 947;1 957 228;16 865;386 159;1 659 182;16 681;40 990;302 525;184;8 197;60 506;37;1 230;9 075;6;203;4 154;0;199;30;1;2;2;0;26 389 002;0;27 619;22 396 484;0;74 847;4 109 575;0;92;0;0;0;410 957;0;5;410 957;0;14;123 287;0;3;126 439;0;47 320;10;0;3;4;0;1;0;0;38 658 890;0;0;21 631 621;0;0;0;0;0;17 027 269;0;0;0;0;851 363;0;0;510 818;0;0;0;0;0;0;70 158;0;33 418;74 092;0;31 676;1 356;0;1 742;41;0;52;5 289;0;0;2;0;0;81 777 016;4 223 620;72 527 398;3 869 836;9 999 443;353 784;299 983;10 614;749 825;0;20;0;0;0;0;0;0;0;0;0;0;0;0;0;0;0;0;0;0;0;0;0;0;0;0;0;0;0;0;0;687 945;0;0;451 198;0;0;0;0;0;236 747;0;7 102;0;0;0;0;40 247;0;0;0;0;0;0;0;22 627 893;16 095 564;2 384 090;4 188 091;39 852;125 277;9;4;0;0;0;0;0;0;0;5 757 367;3 995 652;2 359 012;1 973 635;188 824;70 613;505 876;211 782;73 323 431;3 957 275;0;6 224 106;62 724 709;0;83 938;473 376;52 407 389;58 485;128 239;0;0;199 215;0;2 350 000;0;0;30 000;0;30 593 041;707;0;68 057;0;6 104;216 657;0;0;0;24 526 656;213 649;224 124;17 602;1;86 079;2;0;0;159;4 093 641;23 591 433;0;0;0;0;0;0;4 395;1;879;0;0;0;0;0;0;0;0;371 242;2;5 545;1;0;0;0;0;0;0;0;0;0;0;0;0;0;0;0;0;0;0;0;0;0;0;0;0;0;0;0;0;7 190;3;0;0;0;0;0;0;12 740;1;211 696;1;42 339;0;0;0;2 689;1;538;114 489;16;8 592;3;10 948;14;36 751;31;0;0;0;0;0;107 594;1;293 917;26;22 345;13;21 044;4;29 370;6;5 874;56;1;88 707;41;0;0;0;0;0;0;0;0;52 803;3;0;0;89 932 131;3 772;397 580;9;0;0;0;0;0;0;41 322;1;8 264;0;0;0;0;0;0;0;0;0;0;0;0;0;0;0;0;0;0;0;0;0;0;0;0;0;0;0;0;0;0;0;0;0;0;0;0;0;0;0;0;0;37 066;30;0;0;0;0;155 798;23;150;1;0;0;978 041;2;0;0;0;0;0;0;0;0;1;1;3 691 419;4;0;0;3 130 764;12;0;0;0;0;0;0;5 207;5;122 849;1;12 298;3;345 292;127;19 174;6;200 183;57;854;2;5 511;13;0;0;202 876;15;1 896 648;56;487 726;57;8 050;3;249;3;0;0;68 302;4;0;0;326;6;15 854;9;20 445;8;0;0;0;0;4 164;4;49 621;1;625;1;0;0;0;0;0;0;240;1;0;0;0;0;0;0;0;0;0;0;0;0;0;0;0;0;0;0;0;0;13 357;22;0;0;465 761;3;0;0;63;3;0;0;0;0;4 259;2;0;1;40 407;4;0;0;0;0;0;0;170 259;0;2 790 638;143 251;50 081;0;21 708;0;28 374;0;0;5 675;0;0;0;5 675;0;32;2;30;;;;;;;;;;;
  Липецкая область;2 261 730 238;63 197 549;831 989 777;9 969 311;1 783 265 306;66 545 104;764 601 995;8 691 376;708 386;189 354;78 562 832;3 143 602;2 223 946;0;468 819 452;3 423 319;120;465 396 133;5 013 317;13 913 258;284;991;3 881;3;586 966;9 613;128 076;1 421;684 664;1 003;4;0;46 892;771 382;26;0;0;0;1 508 813;0;32 287;0;5 349;265;2 847;228;21;586 604;2 141 645;0;554 546;1 829 316;0;32 058;327 643;0;6 412;65 528;0;962;9 829;0;0;18 406;0;163;36;0;0;2;0;236 096;0;0;162 554;0;0;73 542;0;0;0;0;0;7 354;0;0;7 354;0;0;2 206;0;0;0;0;0;3;0;0;0;0;0;0;0;0;0;0;0;0;0;0;0;0;0;0;0;0;0;0;0;0;0;0;0;0;0;0;0;266 456;0;5 933;231 646;0;5 575;34 808;0;358;1 044;0;11;0;0;0;0;0;0;203 236 892;0;160 350 946;0;44 303 922;0;1 329 118;0;1 417 977;0;13;0;0;0;0;0;0;0;0;0;0;0;0;0;0;0;0;0;0;0;0;0;0;0;0;0;0;0;0;0;1 175 975;0;0;1 161 870;0;0;0;0;0;14 105;0;423;0;0;0;0;2 398;0;0;0;0;0;0;0;2 462 429;2 015 615;0;451 869;2 956;13 556;7;6;0;0;0;0;0;0;0;1 060 841;931 531;66 508;86 792;0;13 375;2;537 539;17 940 707;134 087;0;6 283 486;200 326 813;0;10 164;118 800;297 622;0;199 798 743;0;0;199 793 519;0;0;0;0;0;0;2 401;41 200;2 364;37 640;0;0;0;0;0;110;960 724;170 977;0;0;0;0;0;0;0;71;2 302 676;12 240 361;12 384;1;2 477;0;0;0;0;0;0;0;0;0;0;0;0;0;0;5 431 405;1;5 674;1;0;0;0;0;0;0;0;0;0;295 514;1;29 551;0;1;0;3 988;1;532;0;0;0;0;0;0;0;0;0;0;2 370;1;0;0;0;0;0;0;0;0;0;0;0;0;0;0;0;0;0;764;2;147;1;209 566;7;185 438;17;0;0;2 865;1;573;6 481;2;275 044;13;7 137;7;22 927;3;0;0;0;376;1;102 289;19;0;0;0;0;0;0;0;0;0;0;0;0;42 119 635;2 037;16 834 987;11;0;0;0;0;0;0;0;0;0;0;0;0;0;0;0;0;0;0;0;0;0;0;0;0;0;0;0;0;0;0;0;0;0;0;0;0;0;0;0;0;0;0;0;0;0;0;0;0;0;0;54 318;12;0;0;0;0;108 550;15;238;1;0;0;497 935;2;0;0;0;0;0;0;0;0;0;0;464 295;2;39 628;1;0;0;0;0;0;0;0;0;12 506;3;0;0;0;0;455 732;32;183;4;405 557;42;116 453;1;5 443;8;0;0;132 135;3;409 454;13;13 808;7;0;0;933 779;34;0;0;1 731 778;7;0;0;9 185;3;10 606;8;721;1;0;0;0;0;6 140;4;37 383;3;0;0;0;0;0;0;0;0;0;0;0;0;700;1;118;1;0;0;0;0;0;0;0;0;1 169;1;0;0;0;0;12 163;24;0;0;28 860;1;0;0;11 646;6;0;0;0;0;0;0;0;0;697;3;0;0;0;0;0;0;269 736;0;2 498;0;161 842;0;0;0;161 842;0;0;32 368;0;0;0;32 368;0;13;0;7;;;;;;;;;;;
  Магаданская область;400 466 784;8 856 844;30 919 837;3 047 239;328 149 726;13 657 941;35 978 453;2 306 391;217 115;2 909;525 806;0;842;0;66 948 909;1 272 692;41;65 676 219;4 057 340;747 360;0;0;0;0;208 625;17 153;106 995;2 573;254 538;0;0;0;1 222 927;0;13;0;0;0;1 477 465;0;0;0;585;225;496;114;7;89 893;284 691;0;77 852;197 674;0;14 973;87 016;0;2 995;17 403;0;449;2 610;0;2 932;0;0;17;3;0;3;0;0;74 317 186;0;0;41 784 428;0;0;32 532 758;0;0;0;0;0;0;0;0;6 506 552;0;0;975 983;0;0;0;0;0;1;0;0;0;0;0;0;0;0;0;0;0;0;0;0;0;0;0;0;0;0;0;0;0;0;0;0;0;0;0;0;0;0;0;0;0;0;0;0;0;0;0;0;0;0;0;0;0;0;0;0;0;0;0;0;0;0;0;0;0;0;0;0;0;0;0;0;0;0;0;0;0;0;0;0;0;0;0;0;0;0;0;0;0;0;0;0;0;0;0;0;0;0;0;0;0;0;0;0;0;0;0;0;0;0;0;0;0;0;0;0;0;0;0;0;0;0;0;0;0;0;0;0;0;0;0;0;0;0;0;0;0;0;0;0;0;0;48 737 851;170 678;0;597 852;0;0;0;0;0;0;0;0;0;0;0;0;0;0;0;0;0;0;0;0;0;0;0;0;0;0;0;173 460;0;0;0;0;0;0;0;26;191 202;1 042 274;0;0;0;0;0;0;0;0;0;0;0;0;0;0;0;0;0;94 536;1;0;0;0;0;0;0;0;0;0;0;0;0;0;0;0;0;0;877 870;2;117 049;0;0;0;0;0;0;0;0;0;0;0;0;0;0;0;0;0;0;0;0;0;0;0;0;0;0;0;0;0;151 962;1;0;0;118;1;76 578;7;1 400;1;0;0;0;16 765;1;7 594;2;161;1;8 718;1;5 823;1;1 165;233;1;20 621;5;0;0;0;0;0;0;0;0;0;0;0;0;18 993 455;418;762 142;5;0;0;0;0;0;0;0;0;0;0;0;0;0;0;0;0;0;0;0;0;0;0;0;0;0;0;0;0;249 007;1;0;0;0;0;0;0;0;0;0;0;0;0;0;0;0;0;0;0;0;0;14 754;4;0;0;0;0;11 336;6;0;0;0;0;0;0;0;0;0;0;2 359;1;0;0;0;0;804 082;1;0;0;36;1;0;0;0;0;0;0;0;0;0;0;0;0;24 404;8;0;0;8 653;12;0;0;0;0;0;0;956;1;0;0;0;0;38 696;1;55;1;0;0;0;0;0;0;518;1;0;0;0;0;5 176;1;3 055;1;0;0;0;0;0;0;0;0;0;0;0;0;0;0;0;0;0;0;0;0;0;0;0;0;0;0;0;0;0;0;0;0;0;0;8 991;5;0;0;273;1;0;0;49;1;0;0;0;0;2 363;1;0;0;0;0;0;0;0;0;0;0;0;0;0;0;0;0;0;0;0;0;0;0;0;0;0;0;0;0;0;0;;;;;;;;;;;
  Московская область;19 937 244 770;1 119 451 463;1 217 795 212;141 685 093;18 501 145 195;1 200 821 562;1 146 214 933;201 012 068;13 333 468;8 113 643;78 552 865;12 507 011;1 952 871;207 780;1 449 733 738;74 923 382;2 292;1 374 810 597;138 755 979;41 106 026;284 209;37 744;172 746;10;6 109 610;269 235;2 218 087;41 105;14 984 677;5 834 884;69;0;117 482;1 947 242;54;0;127;1;23 094 902;395 408;832 784;66 030;45 307;6 324;15 297;3 500;465;19 369 958;28 719 734;10 935 380;17 476 860;22 584 434;8 735 931;1 961 722;6 117 329;2 199 449;392 344;1 223 466;439 890;58 852;183 520;65 983;99 056;9 776;0;2 217;250;9;10;4;0;25 433 444;0;0;24 035 480;0;0;1 606 360;0;0;6 421;0;0;160 636;0;0;154 215;0;0;41 770;0;0;574 574;0;0;16;0;0;4;0;0;0;0;7 030 160;0;0;6 428 920;0;0;68 453;0;0;532 787;0;0;0;0;66 598;0;0;0;0;0;0;0;0;0;1 540 085;0;295 113;1 600 563;0;260 537;67 890;0;34 576;2 037;0;1 037;128 368;0;0;5;0;0;40 030 881;0;35 960 153;0;5 418 128;0;162 544;0;1 347 400;0;29;0;0;0;0;0;0;0;0;0;0;0;0;0;0;0;0;0;0;0;0;0;0;0;0;0;0;0;0;0;22 221 874;0;0;20 132 256;0;0;121 890;0;0;1 976 170;0;59 285;0;0;0;0;335 949;0;0;8 442;0;0;1;0;31 250 055;26 784 590;538 443;4 537 258;610 239;135 897;34;31;0;0;0;0;0;0;0;161 888 353;161 099 587;65 172 846;55 539 717;277 524;1 677 620;9 701 652;1 254 407;146 086 569;7 248 358;0;31 676 932;137 853 067;191 939;1 509 612;5 973 897;105 765 139;7 993 254;4 291 903;559 630;113 653;23 068 076;0;4 918 376;2 954;2 537;576 160;10 733;88 503 098;4 651 900;20 501 918;448 386;560 794;11 781;6 457 682;1 313;137 260;10 500;13 756 335;28 105 922;2 832 988;13 710;2;90 369;12;0;0;763;11 676 127;50 518 271;2 127;2;425;4 884;3;977;7 148;2;1 430;0;0;0;0;0;0;0;0;2 211 912;8;487 131;4;0;0;0;0;0;0;0;0;0;421 165;2;42 116;727;1;73;5 506 389;6;734 185;0;0;0;0;0;0;0;0;1 556 767;7;366 690;19;553 233;1;55 323;0;0;0;33 807;4;0;0;0;0;0;0;955;2;191;177 664;34;97 030;19;626 518;37;146 207;73;76;1;21 979;2;4 396;163 644;19;1 773 913;138;73 817;49;102 665;20;51 836;14;10 368;34 808;9;500 552;127;0;0;0;0;0;0;705 481;2;40 818;4;0;0;10 386 137 414;24 543;3 248 685;56;0;0;0;2 384;6;477;3 695;3;739;131 523;2;26 305;500;1;100;14 290;3;2 858;0;0;0;0;0;0;0;0;415;1;0;0;0;0;0;0;0;0;0;0;0;0;0;0;0;0;0;0;0;0;0;0;240 791;172;0;0;0;0;1 367 792;90;4 450;3;0;0;22 087 307;20;0;0;12 581;2;100 000;1;140 130;2;0;0;14 106 263;37;211 255 080;11;15 122 109;25;0;0;0;0;0;0;593 756;15;548;1;2 268;3;2 776 134;491;246 845;18;4 162 427;277;2 757;5;56 691;3;0;0;1 539 436;19;6 360 857;54;1 547 344;80;73 278;11;146 948;28;0;0;1 450 309;10;0;0;114;3;90 674;28;108 866;21;0;0;0;0;1 246 594;13;959 053;5;38 443;10;0;0;0;0;0;0;14 545;2;0;0;0;0;148 874;5;0;0;0;0;0;0;0;0;0;0;0;0;0;0;19 558;16;0;0;688 478;8;0;0;275 800;39;0;0;441 709;4;31 883;6;45;1;5 390;2;0;0;0;0;0;0;423 932;0;12 741 697;1 596;957 875;0;12 083;0;945 792;0;0;77 612;0;73 349;0;4 263;0;179;6;136;;;;;;;;;;;
  Мурманская область;352 537 870;42 127 660;34 852 984;15 764 470;287 959 443;48 965 730;27 641 003;8 782 456;110 490;75 029;4 016 243;10 523 383;7 733;0;67 878 381;5 541 066;134;62 337 317;10 304 242;1 869 613;58 229;0;0;0;114 024;30 505;103 321;4 576;1 108 214;119 561;3;0;0;0;0;0;0;0;1 227 775;162;0;0;1 574;433;1 058;119;61;1 039 535;1 204 100;0;956 192;960 809;0;86 832;249 554;0;17 367;49 911;0;2 605;7 487;0;3 489;6 263;0;254;15;0;28;1;0;2 495 476;0;13 006 709;2 471 404;0;19 700 243;20 004;0;241 263;122;0;0;2 102;0;12 063;1 777;0;36 189;478;0;7 238;0;0;6 947 977;2;0;8;0;0;1;0;0;0;0;0;0;0;0;0;0;0;0;0;0;0;0;0;0;0;0;0;0;0;0;0;0;432 435;0;20 579;356 577;0;6 675;77 268;0;14 152;2 319;0;425;1 410;0;248;2;0;1;25 513 774;0;17 115 313;0;8 401 696;0;252 051;0;3 234;0;1;0;0;0;0;0;0;0;0;0;0;0;0;0;0;0;0;0;0;0;0;0;0;0;0;0;0;0;0;2 092 493;42 356;0;1 836 289;42 112;0;0;0;0;653 813;244;0;7;0;32 691;19 614;78 458;41;0;397 609;0;0;4;0;0;76 589 074;71 545 257;0;5 545 060;501 243;166 352;7;7;0;0;0;0;0;0;0;11 643 198;11 404 050;81 329;67 114;0;0;1 457;103 046;129 650 029;191 659;0;12 415 739;1 534 788;0;284 924;0;0;317 185;1 501 980;0;0;1 220 000;0;0;0;0;0;0;0;10;0;0;0;0;0;14 260;0;0;130 278;189 167;5 000;0;0;0;0;0;0;37;7 185 862;9 536 143;0;0;0;1 069;1;214;554;1;111;0;0;0;0;0;0;0;0;85 838;1;0;0;0;0;0;0;0;0;0;0;0;0;0;0;0;0;0;11 040;1;1 472;0;0;0;0;0;0;0;0;0;0;981;3;0;0;0;0;0;0;744 003;1;0;0;0;0;0;0;18 394;1;3 679;65 956;6;1 693;2;24 379;10;48 138;20;0;0;0;0;0;34 276;5;153 389;27;2 559;13;7 697;4;24 469;3;4 894;1 034;2;133 485;38;0;0;0;0;0;0;0;0;0;0;0;0;16 686 444;839;0;0;0;0;0;0;0;0;45 365;1;9 073;80 637;2;16 128;0;0;0;0;0;0;0;0;0;0;0;0;0;0;0;0;1 058 965;4;0;0;3 507 268;1;0;0;0;0;0;0;0;0;0;0;0;0;0;0;0;0;4 564;6;0;0;0;0;304 210;41;0;0;0;0;0;0;0;0;7 602;2;0;0;0;0;0;0;8 951 764;13;91 929;2;1 735 619;7;0;0;0;0;0;0;13 160;2;21 970;2;99;1;209 008;33;489;3;730 309;239;786;1;0;0;0;0;1 712 240;13;1 777 832;49;57 098;9;7 037;3;18 544;6;0;0;53 921;3;0;0;11 893;1;78 978;16;76 238;5;0;0;0;0;4 984;1;29 673;3;43 600;6;0;0;0;0;0;0;0;0;0;0;0;0;240;1;0;0;0;0;0;0;0;0;0;0;0;0;0;0;388;8;0;0;2 142;1;0;0;32 880;32;0;0;2 748 213;2;18 906;4;0;0;13 088;1;0;0;0;0;0;0;87 865;0;27 286;0;0;0;0;0;3 013;0;0;25 025;0;19 338;0;0;0;10;2;6;;;;;;;;;;;
  Нижегородская область;4 594 133 861;159 546 606;212 026 303;36 770 428;4 301 366 703;182 627 988;164 845 708;16 164 215;1 015 194;298 857;12 048 250;24 999 827;870 228;128;328 654 080;27 923 872;934;300 733 951;27 159 481;9 021 972;20 686;0;0;0;1 055 888;62 220;447 005;9 335;5 584 774;2 295 891;7;0;10;169;1;0;0;0;7 880 844;25 177;318 226;3 139 854;21 379;2 344;8 166;1 532;131;2 831 603;13 172 401;1 250 059;2 698 766;11 457 385;1 248 461;140 472;1 708 597;1 598;28 094;341 719;320;4 214;51 258;48;7 533;12 919;0;315;111;1;14;6;0;0;0;163 533;0;0;184 892;0;0;9 050;0;0;0;0;0;452;0;0;1 357;0;0;271;0;0;30 408;0;0;17;0;0;6;0;0;76 125;0;0;415 533;0;0;0;0;0;0;0;0;0;0;0;0;0;0;0;0;339 408;0;0;1;450 521;0;65 697;422 999;0;58 949;27 903;0;6 747;837;0;202;381;0;0;2;0;0;20 514 031;0;18 159 808;0;2 551 343;0;76 540;0;197 121;0;15;0;0;0;0;0;0;0;0;0;0;0;0;0;0;0;0;0;0;0;0;0;0;0;0;0;0;0;0;0;14 944 997;0;0;12 120 142;0;0;17 268;0;0;2 851 547;0;85 547;0;0;0;0;484 763;0;0;43 960;0;0;3;0;33 217 723;30 392 148;284 028;2 599 080;57 533;77 972;22;3;0;0;0;0;0;0;0;2 579 650;2 400 137;4 828 234;5 014 957;113 805;34 740;134 972;1 652 294;49 587 685;4 818 898;0;3 556 212;29 863 979;0;478 643;162 730;1 343 417;11 856 957;9 648 931;0;0;8 741 623;0;0;33 600;35 528;0;24 608;9 175 246;174 826;2 030 573;1 327;419 648;345;0;0;0;0;3 613 005;5 356 580;58 338;53 936;2;599 973;6;0;0;284;1 407 573;12 241 412;39 104;4;7 821;2 824;1;565;2 767;2;553;0;0;0;0;0;0;0;0;558 056;7;963 095;1;0;0;0;0;0;0;0;0;0;82 292;2;8 229;31;1;3;3 657;2;487;150 130;1;20 017;0;0;0;0;0;358 411;1;325 766;9;0;0;0;0;0;0;14 653;1;0;0;0;0;0;0;0;0;0;153 129;20;102 968;13;41 704;45;272 838;76;14 888;10;50 892;4;10 179;200 185;5;747 276;64;150 478;23;30 767;25;82 529;12;16 507;57 549;7;528 945;88;0;0;0;0;0;0;1 557;3;31 727;2;0;0;81 813 700;8 204;3 420 050;24;0;0;0;23;1;5;0;0;0;0;0;0;0;0;0;0;0;0;0;0;0;0;0;0;0;0;148;1;0;0;0;0;9 640 595;2;0;0;0;0;0;0;42 946;1;0;0;0;0;0;0;0;0;89 409;50;0;0;0;0;1 811 471;57;0;0;0;0;9 499 802;11;0;0;132 084;3;0;0;408 084;1;0;0;11 095 080;36;5 144;4;155 776;109;0;0;0;0;0;0;2 703 882;1;0;0;15;1;592 632;100;10 353;16;2 525 051;225;9 849;22;2 870;3;100;1;157 735;13;976 902;23;246 462;36;28 989;26;150 918;30;0;0;171 595;6;0;0;285;2;4 195;4;161 361;26;0;0;0;0;8 077;5;183;1;6 896;15;0;0;0;0;0;0;1 658;2;10 421;2;0;0;0;0;0;0;0;0;0;0;0;0;0;0;0;0;0;0;82 401;37;0;0;102 859;2;0;0;12 698;63;0;0;1 260 057;2;18 968;20;0;0;0;0;2 688;2;0;0;0;0;0;0;882 512;2 182;0;0;0;0;33 185;0;0;0;0;0;0;0;0;41;2;28;;;;;;;;;;;
  Новгородская область;562 743 853;24 330 790;75 549 971;939 466;447 940 404;26 323 728;38 507 491;1 470 916;474 215;40 152;40 880 534;133 726;93 981;0;111 352 550;1 978 767;134;109 374 371;2 617 962;3 277 698;0;0;0;0;624 372;5 955;77 772;893;395 753;972 074;10;0;0;0;0;0;0;0;1 367 827;0;984 648;9;2 103;369;1 150;200;15;88 540;1 855 568;0;88 718;1 782 256;0;78;73 311;0;16;14 662;0;1;2 199;0;257;0;0;23;23;0;3;0;0;0;0;3 800 860;0;0;3 612 931;0;0;187 930;0;0;0;0;0;9 396;0;0;10 639;0;0;5 638;0;0;0;0;0;5;0;0;0;0;0;0;0;0;0;0;0;0;0;0;0;0;0;0;0;0;0;0;0;0;0;0;0;0;0;0;0;4 246;0;0;3 681;0;0;565;0;0;17;0;0;0;0;0;0;14 152 747;0;13 070 997;0;1 145 265;0;34 358;0;63 515;0;5;0;0;0;0;0;0;0;0;0;0;0;0;0;0;0;0;0;0;0;0;0;0;0;0;0;0;0;0;0;19 174;0;0;16 112;0;0;461;0;0;2 600;0;78;0;0;0;0;442;0;0;0;0;0;0;0;734 956;534 664;0;224 905;240;6 016;1;0;0;0;0;0;0;0;0;6 971;0;502 726;517 106;0;0;6 912;101 620;17 282 032;1 554 859;0;804 071;11 281 724;0;17 490;0;1 609 624;0;9 439 502;0;0;0;0;0;0;0;0;0;250 000;0;0;0;0;0;0;0;0;0;1 609 624;0;26 448 284;0;0;12 099;1;0;0;51;72 140;1 215 411;84;1;17;0;0;0;0;0;0;0;0;0;0;0;0;0;0;0;0;8 322;1;0;0;0;0;0;0;0;0;0;0;0;0;0;0;0;1 197;1;160;0;0;0;0;0;0;0;0;0;0;0;0;0;0;0;0;0;0;0;0;0;0;0;0;0;0;0;0;0;2 173;3;14 397;3;5 587;5;21 109;11;0;0;444;1;89;18 378;4;16 674;6;877;3;0;0;0;0;0;107;1;18 678;18;0;0;0;0;0;0;0;0;0;0;0;0;11 134 867;1 103;60 993;3;0;0;0;1 957;1;391;0;0;0;0;0;0;0;0;0;1 740;1;348;0;0;0;0;0;0;0;0;0;0;0;0;0;0;0;0;0;0;0;0;0;0;0;0;0;0;0;0;0;0;0;0;72 558;22;0;0;0;0;165 016;21;0;0;0;0;0;0;0;0;6 450;1;0;0;0;0;0;0;997 329;7;1 368;2;11 995;3;0;0;0;0;0;0;26 105;1;0;0;0;0;31 284;23;200;2;404 771;111;632;1;0;0;0;0;98 102;5;652 303;28;232 078;21;0;0;3 931;5;0;0;2 005;1;0;0;0;0;2 933;7;6 607;3;0;0;0;0;10;1;0;0;1 614;2;0;0;0;0;0;0;0;0;0;0;21 760;1;0;0;0;0;0;0;0;0;0;0;0;0;0;0;0;0;66 681;30;0;0;38 085;2;0;0;13 699;12;0;0;0;0;15 268;5;0;0;1;1;0;0;0;0;0;0;63 041;0;55 092;0;59 399;0;27 878;0;31 521;0;0;5 576;0;5 576;0;0;0;22;0;6;;;;;;;;;;;
  Новосибирская область;3 541 130 218;142 260 987;356 770 350;46 490 780;3 318 900 916;163 043 080;289 609 686;28 837 744;1 321 522;555 112;17 701 020;19 459 235;385 486;14 347;272 638 757;8 955 597;739;263 683 160;21 688 651;7 910 485;26 205;129 842;660 868;22;1 417 261;45 449;572 733;6 928;1 791 120;82 605;116;0;0;0;0;0;0;0;2 664 435;5 580;212 604;19 917;21 562;2 877;8 346;1 482;687;1 400 963;18 051 687;1 790 426;1 216 019;15 080 566;1 316 385;186 132;3 011 648;474 041;37 226;602 330;94 808;5 584;90 350;14 221;1 188;40 526;0;40;112;5;4;6;0;0;0;349 341;0;0;340 498;0;0;8 843;0;0;0;0;0;0;0;0;1 769;0;0;265;0;0;0;0;0;3;0;0;0;0;0;0;0;0;0;0;0;0;0;0;0;0;0;0;0;0;0;0;0;0;0;0;0;0;0;387 636;0;205 020;382 701;0;168 646;6 157;0;36 375;185;0;1 091;1 222;0;0;2;0;0;46 999 823;0;38 899 276;0;8 406 141;0;251 555;0;305 594;0;19;0;0;0;0;0;0;0;0;0;0;0;0;0;0;0;0;0;0;0;0;0;0;0;0;0;0;0;0;0;23 206 065;24 824;0;17 540 572;23 202;0;9 672;811;0;5 732 652;811;171 979;24;0;0;0;974 551;138;0;76 831;0;0;5;0;4 142 764;3 233 945;4 336;959 507;64 222;28 785;9;8;0;0;0;0;0;0;0;69 181 714;74 309 584;2 009 583;1 958 888;26 074 299;25 755 582;377 773;165 953;33 250 004;1 448 769;0;10 536 360;6 674 953;0;110 336;0;9 269;33 826;6 665 277;0;0;6 262 500;0;0;0;0;2 569 632;349 144;0;0;0;0;0;0;0;0;0;0;27 934;17 532;196 988;32 211;2;3 534;3;0;0;254;1 115 099;3 417 420;0;0;0;856;1;171;11 615;2;2 323;0;0;263;1;53;0;0;0;269 438;3;279 461;1;0;0;0;0;0;0;0;0;0;0;0;0;0;0;0;1 308;1;174;0;0;0;0;0;0;0;0;0;0;213;4;0;0;0;0;0;0;131 761;1;0;0;0;0;0;0;0;0;0;29 471;7;103 086;3;20 919;18;40 602;29;4 481;1;10 073;1;2 015;18 839;3;77 747;25;3 145;9;12 743;8;20 300;7;4 060;17 328;3;91 061;36;0;0;0;0;0;0;0;0;71;1;0;0;46 453 383;7 960;2 501 315;35;0;0;0;43;1;9;0;0;0;1 226;1;245;1 023;1;205;104 000;1;20 800;0;0;0;0;0;0;0;0;367;1;0;0;0;0;0;0;0;0;0;0;0;0;0;0;0;0;0;0;0;0;0;0;188 483;88;0;0;0;0;2 340 245;63;0;0;0;0;13 146 092;25;4 144;1;920 350;9;60 300;2;272 364;1;0;0;9 313 730;26;556 116;3;123 083;28;0;0;0;0;0;0;224 652;11;2 234;2;607;1;361 775;102;1 265 389;5;1 266 783;129;662;2;0;0;0;0;1 043 334;27;858 536;43;1 920 981;75;9 363;2;158 937;19;0;0;468 905;31;0;0;707;3;17 281;19;94 777;23;0;0;0;0;4 825;4;34 970;3;15 690;3;0;0;0;0;0;0;71 632;4;0;0;20;1;0;0;0;0;0;0;0;0;0;0;0;0;0;0;0;0;12 539;19;0;0;2 936;2;0;0;21 872;30;0;0;446 518;4;5 586;2;0;0;0;0;318;1;0;0;0;0;0;0;9 861 743;0;0;0;0;0;0;0;0;0;0;0;0;0;0;43;1;34;;;;;;;;;;;
  Омская область;1 078 372 715;67 394 180;25 332 802;4 090 354;1 007 099 692;74 417 025;24 346 564;5 347 274;209 427;149 475;610 273;98 770;73 207;420;71 802 535;1 970 334;271;69 832 205;8 229 478;2 094 964;223;0;0;0;313 739;28 074;163 227;4 211;394 066;465 002;5;0;0;0;0;0;0;0;859 068;5 144;39 262;1;8 085;726;3 866;489;1 066;1 495 107;9 621 262;549 789;1 422 742;7 968 407;586 730;82 758;1 654 432;1 354;16 552;330 886;271;2 483;49 633;41;10 393;1 577;38 295;194;83;2;11;2;1;8 826 603;0;0;9 191 205;0;0;30 151;0;0;905;0;0;3 015;0;0;2 111;0;0;0;0;0;394 761;0;0;2;0;0;1;0;0;0;0;0;0;0;0;0;0;0;0;0;0;0;0;0;0;0;0;0;0;0;0;0;0;0;0;1 123 658;0;172 731;1 036 247;0;161 174;88 672;0;14 199;2 660;0;426;1 262;0;2 642;2;0;1;29 652 002;0;23 830 218;0;6 066 209;0;181 986;0;244 425;0;8;0;0;0;0;0;0;0;0;0;0;0;0;0;0;0;0;0;0;0;0;0;0;0;0;0;0;0;0;0;1 021 632;0;0;948 335;0;0;1 722;0;0;71 575;0;2 147;0;0;0;0;12 168;0;0;0;0;0;0;0;13 066 354;11 803 580;11 065;1 333 369;81 661;40 001;4;1;0;0;0;0;0;0;0;17 020 119;16 992 669;443 548;425 734;0;288;17 814;77 547;24 297 513;232 780;0;1 099 204;184 719;0;14 015;0;137 000;34;13 964;0;0;44 338;0;0;0;0;0;0;137 000;0;0;0;0;0;0;0;0;0;0;0;3 392;0;0;0;0;0;0;89;259 791;897 412;830;1;166;0;0;0;3 832;2;766;0;0;0;0;0;0;0;0;551 558;2;4 349;1;0;0;0;0;0;0;0;0;0;0;0;0;0;0;0;0;0;0;0;0;0;0;0;0;0;0;97 224;1;123;1;0;0;0;0;0;0;0;0;0;0;0;0;0;0;0;0;0;34 856;5;6 530;3;9 450;8;44 034;20;0;0;0;0;0;621;1;128 905;19;6 759;8;84 869;2;1 648;2;330;17;1;57 779;18;0;0;0;0;0;0;0;0;0;0;0;0;33 299 170;2 967;452 112;23;0;0;0;0;0;0;0;0;0;2 622;1;524;0;0;0;1 049;2;210;0;0;0;0;0;0;0;0;0;0;0;0;0;0;0;0;0;0;0;0;0;0;0;0;0;0;0;0;0;0;0;0;35 494;36;0;0;10 000;1;349 404;42;1 976;7;0;0;150 206;3;0;0;0;0;0;0;0;0;0;0;9 812 941;31;56 830;2;0;0;0;0;0;0;0;0;3 168;4;0;0;0;0;2 846 054;78;76 353;20;198 641;122;0;0;26 705;3;0;0;261 604;34;605 254;74;214 504;60;164 413;12;99 366;38;0;0;174 203;7;0;0;0;0;3 453;4;147 095;9;0;0;0;0;33 196;10;677;3;0;0;0;0;0;0;0;0;7 397;2;807;1;0;0;0;0;0;0;0;0;0;0;0;0;0;0;0;0;0;0;51 132;42;0;0;129 043;4;0;0;243 750;24;0;0;0;0;1 754;1;2 795;1;63;2;0;0;0;0;0;0;0;0;0;0;0;0;0;0;0;0;0;0;0;0;0;0;0;2;0;5;;;;;;;;;;;
  Оренбургская область;1 746 765 329;71 083 987;49 889 460;21 681 800;1 557 570 048;80 364 269;53 017 344;34 619 032;365 933;1 227 331;486 357;525 720;15 566;20 409;185 991 958;21 574 099;229;164 453 573;21 533 864;4 933 099;43 466;0;0;0;477 450;49 233;1 424 271;7 385;4 314 819;0;0;0;0;0;0;0;0;0;4 314 819;0;11 571;5 921;4 701;897;1 609;423;2 268;770 404;2 265 597;790 130;716 974;2 019 475;505 027;50 497;274 810;285 103;10 100;54 963;57 021;1 515;8 244;8 553;224;28 689;0;266;48;4;2;4;0;0;0;3 570 851;0;0;3 957 564;0;0;223 158;0;0;0;0;0;0;0;0;44 632;0;0;6 695;0;0;609 973;0;0;15;0;0;7;0;0;0;0;0;0;0;0;0;0;0;0;0;0;0;0;0;0;0;0;0;0;0;0;0;0;28 207;0;16 409;18 082;0;15 366;10 125;0;1 043;304;0;31;0;0;0;0;0;0;23 799 509;0;20 646 739;0;3 918 779;0;116 858;0;766 010;0;19;0;0;0;0;0;0;0;0;0;0;0;0;0;0;0;0;0;0;0;0;0;0;0;0;0;0;0;0;0;290;0;0;267;0;0;0;0;0;23;0;1;0;0;0;0;4;0;0;0;0;0;0;0;3 205 155;2 902 813;73 389;235 389;6 437;7 062;6;5;0;0;0;0;0;0;0;681 169;668 153;1 054 874;1 124 486;0;0;8 685;3 148 915;8 609 595;402 564;0;4 187 516;64 637;0;1 404;0;2 994;0;1 351;0;0;61 642;0;0;0;0;4 264;0;112 033;75;0;56 664;0;0;0;0;0;0;2 994;0;0;0;0;0;0;0;0;92;1 218 759;12 944 223;0;0;0;0;0;0;0;0;0;0;0;0;0;0;0;0;0;1 401 544;6;834;1;0;0;0;0;0;0;0;0;0;18 027;2;1 803;0;0;0;6 678;1;890;0;0;0;0;0;0;8 752;1;35 077;1;83;1;429 123;1;42 912;0;0;0;0;0;0;0;0;0;0;0;0;0;0;214 276;10;22 181;3;53 436;11;123 976;27;0;0;0;0;0;0;0;114 318;17;1 000;4;61 683;1;10 521;4;2 104;4 401;1;79 846;26;0;0;0;0;0;0;0;0;5 372;2;0;0;79 007 251;2 363;128 680;37;0;0;0;240;2;48;255 172;2;51 034;321 622;1;64 324;3 672;1;734;10 500;2;2 100;0;0;0;0;0;0;0;0;0;0;0;0;0;0;0;0;0;0;0;0;0;0;10 455;2;0;0;0;0;0;0;0;0;33 661;29;0;0;0;0;27 924;17;0;0;0;0;810 179;2;0;0;0;0;0;0;0;0;0;0;2 346 743;9;327 133;1;0;0;0;0;0;0;0;0;9;1;0;0;0;0;46 057;42;1 255;2;587 868;72;65;1;746;2;0;0;11 562;9;502 848;10;175 438;13;8 147;3;1 039 034;6;0;0;124 427;4;7;1;18 252;3;5 690;4;14 313;16;0;0;0;0;3 468;6;0;0;1 931;1;0;0;0;0;0;0;476;2;0;0;0;0;0;0;0;0;0;0;0;0;0;0;0;0;0;0;0;0;84 579;9;0;0;54 187;4;0;0;4 616;69;0;0;60 060;2;24 740;2;0;1;109;1;496;1;0;0;0;0;0;0;53 119;0;0;0;0;0;0;0;0;0;0;0;0;0;0;1;0;5;;;;;;;;;;;
  Орловская область;397 348 962;13 146 709;22 957 842;1 400 559;367 905 848;14 776 386;13 281 753;1 211 545;134 130;38 880;9 544 316;608 441;16 769;0;29 735 638;1 748 137;103;27 987 500;2 009 875;839 626;0;0;0;0;127 214;3 689;38 677;732;349 627;147 863;2;0;0;0;0;0;0;0;497 490;1 173;0;0;2 616;408;1 978;215;18;315 150;625 908;0;307 191;599 210;0;7 959;29 626;0;1 592;5 925;0;239;889;0;0;2 928;0;121;20;0;0;1;0;4 414 025;0;4 309 756;4 160 244;0;4 955 309;197 379;0;94 984;0;0;0;19 738;0;0;19 738;0;18 997;5 921;0;2 850;0;0;750 535;1;0;14;0;0;4;0;0;0;0;0;0;0;0;0;0;0;0;0;0;0;0;0;0;0;0;0;0;0;0;0;0;6 262;0;0;3 397;0;0;2 865;0;0;86;0;0;0;0;0;0;0;0;72 268 456;0;45 663 491;0;26 732 583;0;801 977;0;127 617;0;5;0;0;0;0;0;0;0;0;0;0;0;0;0;0;0;0;0;0;0;0;0;0;0;0;0;0;0;0;0;200 266;0;0;170 047;0;0;8 373;0;0;24 164;0;725;0;0;0;0;4 108;0;0;2 318;0;0;1;0;196 712;188 179;4 204;5 884;1 555;177;2;1;0;0;0;0;0;0;0;1 177;1 151;229 395;185 658;0;0;43 737;28 449;15 944 124;165 194;0;497 882;121 554;0;2 002 353;0;0;94 100;2 029 807;0;0;107;0;750;0;27 454;0;0;11 888 055;0;0;0;0;0;0;0;0;0;0;94 100;0;0;0;0;0;0;0;59;251 934;550 879;2 274;1;455;0;0;0;0;0;0;0;0;0;0;0;0;0;0;210 376;1;40 102;1;0;0;0;0;0;0;0;0;0;0;0;0;0;0;0;0;0;0;0;0;0;0;0;0;0;0;0;0;0;0;0;0;0;0;0;0;0;0;0;0;0;0;0;0;0;0;0;0;0;0;0;526;2;448;2;0;0;0;0;0;0;0;6 439;4;300;2;798;1;0;0;0;0;0;1 185;4;0;0;0;0;0;0;0;0;0;0;0;0;13 436 809;1 249;23 591;6;0;0;0;0;0;0;0;0;0;0;0;0;0;0;0;0;0;0;0;0;0;0;0;0;0;0;0;0;0;0;0;0;0;0;0;0;0;0;0;0;0;0;0;0;0;0;0;0;0;0;2 844;6;0;0;0;0;38 302;16;249 533;1;0;0;75 214;1;0;0;0;0;0;0;0;0;0;0;1 050 929;5;0;0;873 609;1;0;0;0;0;0;0;5 296;3;54 915;1;0;0;26 994;50;0;0;133 502;130;0;0;0;0;0;0;91 770;5;61 198;12;4 228;1;0;0;0;0;0;0;33 807;1;127;1;7 602;2;14 898;6;4 397;6;0;0;0;0;0;0;21;1;2 411;1;0;0;0;0;0;0;0;0;0;0;0;0;0;0;0;0;0;0;0;0;0;0;0;0;0;0;0;0;0;0;0;0;0;0;0;0;15 360;22;0;0;0;0;0;0;0;0;0;0;0;0;0;0;0;0;0;0;245 507;0;0;0;0;0;0;0;0;0;0;0;0;0;0;5;0;7;;;;;;;;;;;
  Пензенская область;741 718 073;48 171 057;18 499 067;2 260 900;693 842 955;52 585 086;20 555 068;2 928 365;140 124;159 404;890 981;400 163;35 984;0;46 810 364;3 101 181;134;43 709 182;5 322 251;1 311 274;0;1;0;0;351 696;44 516;101 340;6 678;620 236;0;0;0;0;0;0;0;0;0;620 237;22;0;0;4 441;293;2 676;503;20;256 343;2 161 987;1 210 516;252 369;1 903 920;1 076 907;4 085;258 066;133 609;817;51 613;26 722;123;7 742;4 008;111;0;0;32;31;1;1;0;0;0;0;1 102 321;0;0;991 162;0;0;6 324;0;0;1;0;0;320;0;0;944;0;0;189;0;0;17 261;0;0;16;0;0;6;0;0;0;0;0;0;0;0;0;0;0;0;0;0;0;0;0;0;0;0;0;0;0;0;0;0;81 231;0;11 282;76 762;0;10 857;4 469;0;425;134;0;13;0;0;0;0;0;0;79 839 801;0;63 554 060;0;16 730 941;0;501 928;0;445 199;0;5;0;0;0;0;0;0;0;0;0;0;0;0;0;0;0;0;0;0;0;0;0;0;0;0;0;0;0;0;0;346 354;0;0;303 779;0;0;0;0;0;42 576;0;1 277;0;0;0;0;7 238;0;0;0;0;0;0;0;44 481;48 874;0;0;4 393;0;5;0;0;0;0;0;0;0;0;10 752 877;1 050 253;889 470;892 953;0;18 861;72;99 803;4 744 287;367 103;0;567 414;66 865;0;1;0;0;0;0;0;0;0;0;0;0;0;0;0;11 982;0;0;66 865;0;0;0;0;0;0;0;0;0;0;0;924;2;0;0;79;121 561;999 812;0;0;0;103;1;21;0;0;0;0;0;0;0;0;0;0;0;0;0;0;0;0;0;0;0;0;0;0;0;0;0;0;0;0;0;0;0;0;0;0;0;0;0;0;0;0;0;0;0;0;0;0;0;0;0;0;0;289 179;1;0;0;0;0;0;0;0;0;0;0;0;20 649;2;4 574;5;5 407;8;0;0;0;0;0;34 567;2;7 537;6;195;4;1 395;1;4 986;1;997;0;0;6 805;6;0;0;0;0;0;0;0;0;0;0;0;0;18 790 299;1 753;186 650;8;0;0;0;689;2;138;0;0;0;0;0;0;0;0;0;601;1;120;0;0;0;0;0;0;0;0;0;0;0;0;0;0;0;0;0;0;0;0;0;0;0;0;0;0;0;0;0;0;0;0;4 611;12;0;0;0;0;72 888;12;0;0;0;0;8 796 256;2;0;0;0;0;0;0;0;0;0;0;2 017 883;7;44 549;1;894 797;35;0;0;0;0;0;0;41 316;5;2 564;1;0;0;105 691;80;2 589;2;34 023;81;19 237;11;0;0;0;0;22 990;2;153 206;7;17 270;2;0;0;11 064;2;0;0;10 279;1;0;0;492;1;19 796;3;13 175;9;0;0;0;0;0;0;724;2;5 432;5;0;0;0;0;0;0;0;0;0;0;0;0;0;0;0;0;0;0;0;0;0;0;0;0;0;0;0;0;0;0;0;0;1 103;3;0;0;9 121;6;0;0;0;0;14 053;6;0;0;6 264;2;0;0;0;0;0;0;0;0;16 264;0;0;0;0;0;0;0;0;0;0;0;0;0;0;2;1;5;;;;;;;;;;;
  Пермский край;2 580 863 472;147 752 619;164 660 561;14 024 401;2 145 429 079;162 152 110;175 061 152;26 631 924;958 573;988 225;8 206 237;2 188 576;317 522;1 284;420 125 686;7 517 443;597;412 608 243;28 160 190;12 377 523;50 927;432 125;2 100 434;3;1 490 698;71 424;526 998;10 827;1 503 487;6 365 897;16;0;0;0;0;0;0;0;10 401 943;5 473;700 262;181 035;11 440;1 655;4 675;687;70;1 054 457;7 094 087;671 923;1 016 282;6 094 705;660 935;47 039;1 112 660;10 989;9 408;222 531;2 198;1 412;33 380;330;8 864;113 277;0;91;66;3;4;6;0;0;0;3 552 520;0;0;3 219 677;0;0;370 667;0;0;0;0;0;18 561;0;0;55 572;0;0;11 120;0;0;37 824;0;0;20;0;0;3;0;0;54 899 950;0;0;25 529 061;0;0;0;0;0;29 760 850;0;0;0;0;0;0;0;892 826;0;0;367 576;0;0;1;1 090 839;0;244 087;942 307;0;220 520;149 784;0;24 079;4 494;0;722;1 252;0;512;1;0;2;21 959 799;3 205 490;19 635 015;3 222 457;2 530 986;0;75 930;0;206 202;16 967;14;1;0;0;0;0;0;0;0;0;0;0;0;0;0;0;0;0;0;0;0;0;0;0;0;0;0;0;0;0;7 791 723;0;0;6 279 720;0;0;34 032;0;0;1 487 213;0;44 616;0;0;0;0;252 826;0;0;9 242;0;0;1;0;4 593 507;4 220 580;20 523;389 266;36 861;11 678;10;9;0;0;0;0;0;0;0;3 368 696;3 109 404;23 589 370;20 987 949;21 459;33 114;2 705 524;909 612;79 993 157;1 352 164;0;7 635 009;11 953 880;2 590 026;135 379;0;5 853 908;1 012 139;4 889 827;0;0;4 735 187;17 603;0;0;0;0;15 313;0;4 500;2 304 791;0;3 997 782;32 500;0;0;0;0;39 335;1 025 738;35 227;238 812;1;28 404;4;0;0;253;3 966 120;19 534 788;275;1;55;620;1;124;19 028;1;3 806;0;0;0;0;0;0;0;0;2 151 500;9;33 260;1;0;0;0;0;0;0;0;0;0;449 111;1;44 911;0;0;0;67 547;5;9 006;0;0;0;0;0;0;0;0;456 731;2;38 498;12;0;0;0;0;0;0;0;0;0;0;0;0;0;0;0;0;0;60 381;24;31 773;12;66 863;42;268 254;85;28;1;1 232;1;246;106 170;7;520 064;79;17 422;37;73 946;17;125 008;17;25 002;71 625;10;292 333;96;0;0;0;0;0;0;713;3;4 695 617;3;0;0;73 074 211;5 435;9 278 454;28;0;0;0;24;1;5;27 389;3;5 478;116 292;3;23 259;64;2;13;1 537 472;1;307 494;0;0;268;2;0;0;0;0;0;0;0;0;0;0;0;0;0;0;0;0;0;0;178 788;1;0;0;0;0;0;0;0;0;90 222;44;0;0;294;1;963 382;74;873;1;0;0;7 577 805;11;0;0;344 033;4;0;0;0;0;0;0;11 699 911;26;0;0;2 301 710;18;0;0;348;1;0;0;43 811;9;2 088;4;0;0;324 721;39;28 736;15;644 012;184;2 809;7;9 003;2;0;0;402 720;11;1 138 437;29;19 989;32;206 783;4;30 883;17;0;0;214 871;3;0;0;0;0;3 388;6;28 141;4;0;0;0;0;4 214;3;35 341;2;8 789;7;0;0;0;0;0;0;0;0;0;0;0;0;0;0;0;0;0;0;0;0;0;0;0;0;0;0;0;0;21 947;5;0;0;105 433;4;0;0;61 510;14;0;0;0;0;5 651;5;0;0;24 214;3;0;0;0;0;0;0;0;0;8 174 477;0;0;0;0;0;0;0;0;0;0;0;0;0;0;30;1;24;;;;;;;;;;;
  Псковская область;304 319 501;17 260 796;11 103 381;1 727 492;289 355 587;19 807 190;11 841 749;2 287 314;50 455;63 920;7 895;16 353;38 542;214;14 274 038;1 183 338;123;13 090 700;3 058 862;392 241;26;4 621;22 922;1;65 941;3 938;23 672;591;236 668;93 703;17;0;479;5 747;1;0;0;0;364 140;0;0;0;2 192;455;615;147;407;21 365;1 238 567;0;21 528;1 003 279;0;176;242 956;0;35;48 591;0;5;7 289;0;339;7 669;0;2;30;0;1;3;0;0;0;0;0;0;0;0;0;0;0;0;0;0;0;0;0;0;0;0;0;0;0;0;0;0;0;0;0;0;0;0;0;0;0;0;0;0;0;0;0;0;0;0;0;0;0;0;0;0;0;0;0;0;0;0;0;0;0;595;0;0;546;0;0;49;0;0;1;0;0;0;0;0;0;55 376 180;0;44 307 774;0;11 380 047;0;341 401;0;311 642;0;8;0;0;0;0;0;0;0;0;0;0;0;0;0;0;0;0;0;0;0;0;0;0;0;0;0;0;0;0;0;2 683;0;0;2 668;0;0;0;0;0;15;0;0;0;0;0;0;3;0;0;0;0;0;0;0;62 936;60 154;0;5 104;2 322;153;2;2;0;0;0;0;0;0;0;247 047;246 608;0;0;51 871;7 398;44 473;0;404 465;16 536;0;128 285;0;0;25 811;0;0;6 681;19 130;0;0;0;0;0;0;0;0;0;0;0;0;0;0;0;0;0;0;0;259 342;0;0;0;0;0;0;0;0;39;109 363;441 496;0;0;0;0;0;0;0;0;0;0;0;0;0;0;0;0;0;0;0;1 914;1;0;0;0;0;0;0;0;0;0;0;0;0;0;0;0;3 476;1;464;0;0;0;0;0;0;0;0;0;0;156;1;0;0;0;0;0;0;0;0;0;0;0;0;0;0;0;0;0;153;1;84;1;87;3;2 217;6;0;0;0;0;0;0;0;1 378;3;0;0;0;0;0;0;0;0;0;164;3;0;0;0;0;0;0;0;0;0;0;0;0;9 286 663;1 028;7 948;2;0;0;0;0;0;0;0;0;0;0;0;0;0;0;0;0;0;0;0;0;0;0;0;0;0;0;0;0;0;0;0;0;0;0;0;0;0;0;0;0;0;0;0;0;0;0;0;0;0;0;14 586;20;0;0;0;0;337 581;13;0;0;0;0;894 430;4;0;0;0;0;0;0;0;0;0;0;5 977 440;20;0;0;641 326;3;0;0;0;0;0;0;2 697;2;0;0;775;1;59 311;43;444;1;73 701;50;0;0;0;0;0;0;4 046;2;180 198;14;1 770;6;41 144;2;4 525;7;0;0;43 364;3;0;0;7 664;4;6 430;5;14 850;7;0;0;0;0;167 895;5;5;1;312;2;0;0;0;0;0;0;89;1;0;0;0;0;0;0;0;0;0;0;0;0;0;0;0;0;0;0;0;0;78 552;9;0;0;110 802;3;0;0;127 548;48;0;0;68 247;2;1 976;1;0;0;2 084;1;0;0;0;0;0;0;0;0;0;0;0;0;0;0;0;0;0;0;0;0;0;0;0;2;0;2;;;;;;;;;;;
  Ростовская область;3 809 211 928;194 020 100;222 432 408;36 367 766;3 610 620 932;218 340 450;206 721 439;39 567 045;578 859;3 746 191;6 667 206;6 078 912;35 130;8;209 939 581;8 832 034;695;201 140 799;29 851 779;6 028 766;41 424;122 476;783 490;35;974 574;146 064;478 384;21 894;1 766 407;165 882;17;0;0;0;0;0;0;0;2 838 255;14 874;383 909;1 997;15 100;2 446;6 917;1 287;80;4 921 229;10 089 655;0;4 576 858;8 772 221;0;345 366;1 373 148;0;69 074;274 630;0;10 361;41 194;0;5 995;89 985;0;486;93;0;12;9;0;0;0;1 349 302;0;0;1 267 593;0;0;97 960;0;0;0;0;0;21;0;0;19 571;0;0;2 939;0;0;16 667;0;0;17;0;0;2;0;0;4 445 647;0;0;3 201 457;0;0;0;0;0;1 335 948;0;0;0;0;0;0;0;40 078;0;0;91 758;0;0;1;352 170;0;243 002;323 830;0;236 524;28 340;0;10 029;850;0;301;0;0;3 551;0;0;1;113 376 357;0;73 711 765;0;40 860 430;0;1 225 812;0;1 195 839;0;17;0;0;0;0;0;0;0;0;0;0;0;0;0;0;0;0;0;0;0;0;0;0;0;0;0;0;0;0;0;3 241 678;0;0;2 905 015;0;0;8 522;0;0;620 232;0;18 606;0;0;0;0;105 440;0;0;22 092;0;0;2;0;14 313 075;10 838 906;97 368;3 429 255;52 456;102 877;23;1;0;0;0;0;0;0;0;16 602 330;17 002 385;2 974 998;3 254 610;22 628 713;19 293 478;3 404 995;3 293 721;19 556 852;2 823 213;0;1 975 049;2 218 351;293 765;19 498;64 400;165 112;75 193;252 381;0;0;7 894 741;0;0;0;0;0;99 000;0;0;122 360;0;2 589 121;28 406;0;34;0;0;567 233;490 488;680 965;0;0;0;0;0;0;220;1 849 658;8 107 641;51 966;2;10 393;1 935;2;387;7 796;2;1 559;0;0;0;0;0;0;0;0;360 003;2;0;0;0;0;0;0;0;0;0;0;0;129 432;1;12 943;0;0;0;268 587;5;35 812;0;0;0;0;0;0;0;0;0;0;207 206;2;0;0;0;0;0;0;0;0;0;0;0;0;0;0;0;0;0;33 173;10;52 399;8;30 251;20;59 928;33;788;1;0;0;0;1 387;2;157 503;17;6 553;8;3 429;5;12 152;3;2 430;3 143;4;118 494;36;0;0;0;0;0;0;0;0;85 486;1;0;0;57 946 022;7 149;1 227 814;20;0;0;0;0;0;0;1 179;1;236;1 640;1;328;2 200;1;440;2 200;1;440;0;0;9;1;0;0;0;0;0;0;8 645 926;18;3 292 581;1;0;0;0;0;0;0;0;0;0;0;0;0;0;0;0;0;0;0;100 308;50;0;0;0;0;1 846 422;23;92 500;1;0;0;5 794 932;13;0;0;40 000;2;0;0;56;1;0;0;13 231 492;34;793 747;6;32 165;8;0;0;0;0;0;0;4 881;3;0;0;211;2;397 162;159;49 992;9;948 589;216;7 491;5;350;4;0;0;4 382 325;34;1 875 357;39;1 091 405;43;21 279;3;178 707;26;0;0;293 689;4;0;0;1 863;13;24 512;22;28 899;31;0;0;401;1;29 868;5;78 896;2;8 428;11;78;1;298;1;0;0;30 965;6;3 501;1;0;0;0;0;0;0;0;0;0;0;0;0;0;0;0;0;0;0;59 761;12;0;0;46 471;2;0;0;257 724;26;0;0;0;0;29 147;11;1 764;1;1 418;1;0;0;0;0;0;0;356 878;17 530;3 756 754;0;317 020;17 530;111 765;0;205 256;17 530;0;12 377;3 506;6 112;3 506;6 265;0;85;3;42;;;;;;;;;;;
  Рязанская область;934 007 199;15 771 977;34 852 136;7 303 563;869 081 641;17 698 414;34 456 386;8 771 366;206 997;378 883;3 355 135;60 663;21 852;189;62 157 806;2 682 250;137;59 475 556;3 076 203;1 784 266;114;25 076;153 757;6;227 026;1 588;131 657;238;536 450;234 185;11;0;0;0;0;0;0;0;949 468;656;0;0;5 518;343;3 330;487;47;701 302;2 931 369;1 120 805;693 465;2 737 471;955 697;7 847;218 727;165 108;1 569;43 745;33 022;236;6 562;4 953;10;29 638;0;225;44;1;2;1;0;15 068;0;913 552;48 037;0;848 201;0;0;68 138;0;0;0;0;0;2 044;0;0;11 583;0;0;2 044;32 969;0;2 787;2;0;7;2;0;2;0;0;0;0;0;0;0;0;0;0;0;0;0;0;0;0;0;0;0;0;0;0;0;0;0;0;152 479;0;31 432;135 930;0;26 071;17 147;0;5 361;514;0;161;598;0;0;1;0;0;59 000 101;0;44 441 705;0;14 976 510;0;450 138;0;418 113;0;9;0;0;0;0;0;0;0;0;0;0;0;0;0;0;0;0;0;0;0;0;0;0;0;0;0;0;0;0;0;176 717;0;0;145 882;0;0;0;0;0;30 835;0;925;0;0;0;0;5 242;0;0;0;0;0;0;0;1 211 931;1 095 368;63 628;66 658;13 723;2 000;10;3;0;0;0;0;0;0;0;946 901;974 170;236 617;230 127;0;3 880;6 490;980;6 480 263;2 138 497;0;759 796;7 519 597;5 000 000;124;0;28 305;0;10 825;0;0;10 758;0;0;0;0;0;0;0;0;76 958;0;0;0;0;0;0;0;2 505 862;7 312;2 443;0;0;138;1;0;0;83;104 911;1 688 944;0;0;0;0;0;0;0;0;0;0;0;0;0;0;0;0;0;0;0;0;0;0;0;0;0;0;0;0;0;0;0;0;0;0;0;0;140;1;19;0;0;0;0;0;0;0;0;0;0;9 901;2;0;0;0;0;0;0;0;0;0;0;0;0;0;0;0;0;0;10 685;4;5 510;2;2 313;4;1 973;7;36 750;1;0;0;0;3 854;2;6 371;5;273;5;190;1;325;1;65;436;1;6 012;10;0;0;0;0;0;0;0;0;0;0;0;0;19 720 360;2 127;248 220;4;0;0;0;0;0;0;0;0;0;0;0;0;0;0;0;0;0;0;0;0;0;0;0;0;0;0;0;0;0;0;0;0;101 033;1;0;0;0;0;0;0;0;0;0;0;0;0;0;0;0;0;192 815;23;0;0;0;0;114 783;13;7 700;1;0;0;944 866;1;0;0;0;0;0;0;0;0;0;0;2 255 253;12;187 253;1;14 532;7;0;0;0;0;0;0;12 519;2;0;0;0;0;99 312;93;8 019;5;304 445;162;3 731;5;236 658;2;0;0;56 634;27;70 885;21;67 483;16;16 756;3;11 066;7;0;0;6 958;1;0;0;164;2;19 006;30;10 361;3;0;0;0;0;310;2;28 601;3;97 433;8;0;0;0;0;0;0;0;0;0;0;0;0;24;1;0;0;0;0;0;0;0;0;0;0;0;0;0;0;15 040;25;0;0;2 482 234;3;0;0;8 429;5;0;0;754;1;41 545;15;0;0;10 878;5;790;3;0;0;0;0;0;0;7 048 971;0;0;0;-3 524 486;0;0;0;0;0;0;0;0;0;0;8;2;6;;;;;;;;;;;
  Самарская область;4 316 269 297;132 774 789;328 047 098;17 610 378;4 004 044 386;151 163 512;228 869 458;20 406 554;12 955 115;1 752 542;17 557 285;2 284 787;195 985;88;418 782 200;12 444 557;466;406 752 390;21 714 687;12 191 799;29 421;113 391;428 659;15;1 425 095;26 925;445 685;4 083;2 488 911;4 016 498;13;0;10 469;167 120;9;0;0;0;7 225 048;3 244;1 144 855;42 535;23 714;1 595;8 283;1 992;44;4 014 748;8 594 037;1 654 112;3 771 753;7 389 451;1 561 670;300 904;1 205 369;92 651;60 181;241 075;18 530;9 027;36 162;2 780;57 908;783;209;386;80;10;5;2;1;611 961;0;22 170 284;473 436;0;19 098 441;138 525;0;3 319 388;4 156;0;0;23 549;0;66 388;0;0;597 489;0;0;99 582;0;0;252 101;1;0;52;0;0;13;0;0;0;0;0;0;0;0;0;0;0;0;0;0;0;0;0;0;0;0;0;0;0;0;0;0;900 603;0;33 191;825 017;0;32 419;78 240;0;772;2 347;0;23;2 654;0;0;2;0;0;41 768 746;0;27 129 491;0;14 878 502;0;446 355;0;239 246;0;10;0;0;0;0;0;0;0;0;0;0;0;0;0;0;0;0;0;0;0;0;0;0;0;0;0;0;0;0;0;4 619 796;0;0;3 817 595;0;0;3 154;0;0;820 866;0;24 626;0;0;0;0;139 547;0;0;21 819;0;0;3;0;20 253 915;17 178 150;15 316;3 200 273;139 824;96 007;18;9;0;0;0;0;0;0;0;4 297 479;4 014 988;2 226 794;1 832 221;1 200 501;1 666 114;136 501;1 366 452;24 248 839;1 169 307;0;4 173 278;3 177 136;1 700 000;31 578;0;885 460;210 345;45 595;0;0;6 590;0;2 000;0;0;0;0;827 476;3 622;1 453 755;10 825;231 128;0;0;305 115;0;0;218 472;134 622;29 311;40 739;3;3 871;2;0;0;243;1 606 888;16 564 216;0;0;0;14 207;1;2 841;134;1;27;0;0;0;0;0;0;0;0;663 964;4;14 601;1;0;0;0;0;0;0;0;0;0;2 650;1;265;0;0;0;127 696;4;17 026;0;0;0;0;0;0;0;0;17 661;1;25 107;5;0;0;0;1;1;0;0;0;0;0;0;0;0;0;0;0;0;72 862;25;2 597;6;1 148 378;31;109 221;47;12;1;858;1;172;422 215;11;443 371;51;27 334;25;3 535;3;8 081;4;1 616;6;2;294 562;64;0;0;0;0;0;0;14 540;4;0;0;0;0;89 307 225;8 306;3 046 527;22;0;0;0;735;9;147;423;1;85;4 575;1;915;4 095;2;819;38;1;8;0;0;136;1;0;0;0;0;0;0;2 803 219;2;0;0;1 702 694;3;0;0;0;0;0;0;0;0;0;0;0;0;0;0;0;0;63 218;112;0;0;0;0;1 478 103;43;80 000;1;0;0;540 971;3;0;0;5 000;1;440 228;2;0;0;0;0;17 580 566;39;240 734;6;3 615 015;51;0;0;0;0;0;0;864 877;10;0;0;0;0;795 162;158;214 696;26;1 677 899;274;16 839;4;35 738;7;1 074;2;1 486 030;55;10 748 475;130;2 503 062;125;64 486;8;225 964;42;0;0;104 654;7;3 961;1;1 281;10;71 010;41;166 387;22;0;0;0;0;35 129;15;1 500;4;18 603;6;0;0;0;0;0;0;20 244;3;0;0;0;0;114 287;4;0;0;0;0;0;0;0;0;269;1;0;0;0;0;38 456;28;0;0;213 821;8;0;0;194 295;62;0;0;776;1;26 526;12;0;0;11 915;5;5 736;1;0;0;0;0;16 550;3 563;1 191 171;0;16 474;3 563;0;0;16 474;3 563;0;2 543;0;2 543;0;0;0;39;3;27;;;;;;;;;;;
  Саратовская область;1 160 706 912;246 477 780;43 280 287;10 332 016;1 055 178 727;264 823 083;49 629 679;23 857 108;780 263;66 336;1 358 775;8 860;16 747;37;98 607 564;8 646 610;237;89 960 954;31 812 920;2 698 827;35;0;0;0;440 555;209 828;164 508;31 474;1 729 322;0;0;0;0;0;0;0;0;0;1 729 322;0;1 846;25 893;8 885;815;2 516;804;1 384;2 374 436;6 640 126;0;2 221 262;5 627 518;0;165 827;1 024 135;0;33 165;204 827;0;4 975;30 724;0;12 652;11 527;0;165;105;0;2;5;0;27 001;0;103 910;135 605;0;93 623;655;0;10 521;0;0;0;65;0;526;65;0;1 578;20;0;316;109 258;0;234;3;0;7;2;0;1;0;0;0;0;0;0;0;0;0;0;0;0;0;0;0;0;0;0;0;0;0;0;0;0;0;0;241 490;0;45 283;228 994;0;45 233;13 220;0;1 822;396;0;55;724;0;1 772;2;0;1;44 021 979;0;29 174 674;0;14 982 689;0;449 480;0;135 384;0;8;0;0;0;0;0;0;0;0;0;0;0;0;0;0;0;0;0;0;0;0;0;0;0;0;0;0;0;0;0;930 737;0;0;815 389;0;0;4 251;0;0;117 866;0;3 536;0;0;0;0;20 037;0;0;6 769;0;0;1;0;1 598 810;1 815 194;0;3 400;219 784;102;8;3;0;0;0;0;0;0;0;6 836 163;6 660 939;175 077;174 374;2 434;0;3 137;126 400;8 328 283;374 123;0;1 173 737;237 941;0;448 079;0;217 781;0;467 548;0;0;0;0;0;0;0;0;0;0;12 534;17 781;0;200 000;0;0;0;6;0;0;0;19 474;0;0;729;1;0;0;114;709 491;7 857 118;0;0;0;0;0;0;0;0;0;0;0;0;0;0;0;0;0;594 103;3;17 300;2;0;0;0;0;0;0;0;0;0;11 871;2;1 187;81;1;8;0;0;0;0;0;0;0;0;0;0;0;0;0;2 985;1;0;0;0;0;0;0;0;0;0;0;0;0;0;0;0;0;0;46 638;6;1 537;3;15 233;17;52 113;33;19 982;2;736;1;147;101 562;4;201 412;10;7 784;4;4 360;3;664;3;133;8 465;2;106 838;33;0;0;0;0;0;0;147;1;608;2;0;0;30 309 106;3 551;171 358;13;0;0;0;0;0;0;0;0;0;26;1;5;0;0;0;0;0;0;0;0;0;0;0;0;0;0;0;0;0;0;0;0;0;0;0;0;0;0;0;0;0;0;0;0;0;0;0;0;0;0;19 481;22;0;0;0;0;232 607;21;0;0;0;0;423 107;5;0;0;29 121;1;0;0;0;0;0;0;9 381 361;24;184 837;2;2 020 629;8;0;0;0;0;0;0;507 990;6;128;1;0;0;326 229;101;207 678;10;307 980;113;1 470;5;1 334;1;0;0;26 872;5;1 067 120;27;57 963;6;33 080;1;41 648;42;0;0;152 762;6;0;0;7 985;2;11 377;5;28 198;21;0;0;0;0;8 891;4;10;1;2 650;6;0;0;0;0;0;0;0;0;0;0;510;1;0;0;0;0;0;0;0;0;0;0;0;0;0;0;0;0;56 220;37;0;0;13 135;2;0;0;299;2;0;0;0;0;273 807;12;30;1;0;0;758;1;0;0;0;0;0;0;61 811;0;0;0;0;0;0;0;0;0;0;0;0;0;0;10;0;11;;;;;;;;;;;
  Сахалинская область;414 891 896;41 473 978;46 740 419;22 305 737;347 120 608;58 675 971;27 861 437;19 118 148;126 097;274 962;6 794 911;174 022;6 745;7 357;79 974 809;3 441 160;130;76 533 649;13 908 333;2 294 876;63;247 996;2 340 406;1;442 680;113 528;210 270;17 027;688 232;0;0;0;0;0;0;0;0;0;3 276 634;0;0;916;1 365;553;894;127;30;10 492;708 548;10 157;10 531;641 532;10 105;0;65 121;52;0;13 024;10;0;1 954;2;39;53;0;1;17;9;1;2;0;408 738;0;17 452 419;236 141;0;15 839 771;172 597;0;1 891 173;0;0;0;0;0;266;34 519;0;377 968;5 178;0;56 735;0;0;278 525;1;0;10;0;0;5;0;11 564 602;0;0;10 826 276;0;0;7 160;0;0;1 094 839;0;0;0;0;0;0;0;32 845;0;0;277 459;0;0;8;0;228 811;195 367;62 226;225 308;177 030;47 243;3 503;18 337;13 693;105;550;411;0;0;892;0;0;1;10 018 641;0;7 540 100;0;2 596 734;0;77 902;0;118 192;0;2;0;0;0;0;0;0;0;0;0;0;0;0;0;0;0;0;0;0;0;0;0;0;0;0;0;0;0;0;0;129 963;0;0;117 770;0;0;0;0;0;12 193;0;366;0;0;0;0;2 073;0;0;0;0;0;0;0;28 994 848;25 207 340;13 983;3 910 019;151 217;117 301;13;28;2 196 976;2 491 990;0;0;0;295 014;1;0;0;124;0;0;0;124;137 602;23 483 924;6 072 343;0;3 725 164;8 452 036;0;878;2 850;3 014 127;283 813;4 986;0;0;2 366 203;0;15 483 444;32 285;0;496 541;0;0;0;0;0;2 808 193;0;0;0;1 700;2 850;225 066;182 600;222 844;0;0;0;0;0;0;59;188 795;1 579 667;951;1;190;0;0;0;0;0;0;0;0;0;0;0;0;0;0;64 277;1;0;0;0;0;0;0;0;0;0;0;0;0;0;0;0;0;0;96 128;1;12 817;0;0;0;0;0;0;0;0;0;0;0;0;0;0;0;0;0;0;0;0;0;0;0;0;0;0;0;0;0;47 185;10;5 544;3;1 762;6;21 206;20;0;0;0;0;0;127 845;6;23 205;11;1 447;11;9 333;3;336;1;67;0;0;11 470;13;0;0;0;0;0;0;0;0;0;0;0;0;18 016 423;910;363 174;2;0;0;0;0;0;0;0;0;0;0;0;0;0;0;0;0;0;0;0;0;0;0;0;0;0;0;0;0;5 827 302;3;25 000;1;0;0;0;0;0;0;0;0;0;0;0;0;0;0;0;0;0;0;39 720;6;0;0;0;0;23 787;23;0;0;0;0;20;1;0;0;0;0;0;0;0;0;0;0;2 816 385;4;0;0;0;0;0;0;0;0;0;0;0;0;0;0;0;0;82 737;16;8 114;3;33 639;40;0;0;937;3;0;0;40 528;2;356 420;3;107 668;2;6 742;1;1 373;3;0;0;147 196;1;716;1;7 370;10;10 196;9;36;1;0;0;0;0;519;1;807;1;0;0;0;0;0;0;0;0;20 200;1;0;0;0;0;4 406;1;0;0;0;0;0;0;0;0;0;0;0;0;0;0;6 450;3;0;0;0;0;0;0;8 699;3;0;0;164 609;1;0;0;0;0;314;1;0;0;0;0;0;0;31 956;0;3 696;0;19 735;0;0;0;19 735;0;0;2 348;0;517;0;1 832;0;5;0;5;;;;;;;;;;;
  Свердловская область;7 383 517 118;963 265 092;482 203 669;248 347 631;6 738 583 141;1 004 129 334;374 512 488;223 638 792;2 605 176;828 438;112 541 095;40 088 551;1 499 033;110;641 495 979;38 944 636;1 083;602 719 025;55 414 034;18 076 565;269 642;61 036;290 493;13;2 117 260;262 683;582 870;39 375;7 788 927;4 829 124;12;0;1;15;1;0;0;0;12 969 596;7 103;45 145;78 837;30 634;3 549;9 088;2 092;818;8 229 293;20 100 582;90 986;7 782 881;18 548 509;73 969;457 496;1 708 978;17 016;91 498;341 796;3 403;13 725;51 269;510;11 259;158 951;0;570;143;3;49;11;0;0;0;2 805 359;0;0;2 053 450;0;0;371 290;0;0;0;0;0;18 565;0;0;55 694;0;0;11 139;0;0;53 820;0;0;10;0;0;3;0;0;0;0;0;0;0;0;0;0;0;0;0;0;0;0;0;0;0;0;0;0;0;0;0;0;481 322;0;184 072;468 481;0;168 148;13 158;0;18 583;395;0;557;318;0;2 659;1;0;1;26 490 551;0;23 715 345;0;3 160 532;0;94 809;0;385 326;0;5;0;0;0;0;0;0;0;0;0;0;0;0;0;0;0;0;0;0;0;0;0;0;0;0;0;0;0;0;0;22 341 177;0;0;18 260 714;0;0;0;0;0;4 168 411;0;125 052;0;0;0;0;708 629;0;0;87 946;0;0;1;0;405 536;340 374;6 714;85 746;27 298;2 572;16;8;0;0;0;0;0;0;0;25 314 511;25 747 058;45 188 678;44 864 459;227 366;251 658;459 979;8 678 924;36 085 315;3 176 934;0;7 819 686;94 042 947;0;454 847;23 223;1 252 292;76 580 106;8 097 875;0;0;1 419 325;0;0;0;0;163 300 174;0;1 214 193;7 176;3 064 280;12 713;7 600;894;0;59;64;67 804;286 086;63 022;334 539;258 113;4;80 253;7;0;0;438;3 405 152;13 786 920;15 634;4;3 127;8 042;1;1 608;0;0;0;0;0;0;0;0;0;0;0;2 415 592;7;357 122;7;0;0;0;0;0;0;0;0;0;5 565;3;556;286;1;29;125 911;3;16 788;0;0;0;0;0;0;0;0;78 756;1;46 176;10;0;0;0;0;0;0;286 418;2;0;0;0;0;0;0;3 780;2;756;443 583;25;306 416;14;53 410;46;295 988;109;4 515;5;483;2;97;444 403;9;1 182 419;86;28 387;23;209 020;24;80 039;23;16 008;6 656;3;461 467;111;0;0;0;0;0;0;1 355;2;73 764;4;594 704;1;120 044 167;12 612;7 672 632;69;0;0;0;2 300;2;460;26 340;3;5 268;129 406;3;25 881;0;0;0;1 009;2;202;0;0;0;0;0;0;0;0;0;0;0;0;0;0;0;0;0;0;0;0;0;0;0;0;0;0;0;0;0;0;0;0;67 089;68;0;0;0;0;868 130;77;42 069;1;0;0;18 885 441;16;659;1;278 658;6;0;0;244 770;3;0;0;14 835 612;39;60 869 612;3;7 239 786;16;0;0;0;0;0;0;286 106;5;124 164;1;355;2;2 784 781;163;165 056;29;3 089 322;856;2 040;3;3 938;3;0;0;6 392 250;106;5 020 843;98;1 994 007;71;16 120;4;1 225 348;47;0;0;175 741;11;0;0;28 880;10;59 580;33;16 281;24;0;0;0;0;127 610;8;298;2;136 479;14;0;0;0;0;0;0;0;0;0;0;0;0;60;2;0;0;0;0;0;0;0;0;0;0;0;0;0;0;40 180;17;0;0;1 716 196;79;0;0;100 925;128;0;0;81 433;2;80;1;60;1;60;1;0;0;0;0;0;0;146 420;0;750 127;0;94 512;0;25 756;0;1 291 650;0;0;12 482;0;31 990;0;341;0;64;1;70;;;;;;;;;;;
  Смоленская область;962 635 028;65 383 034;42 673 110;6 495 014;893 202 393;68 840 279;43 498 827;7 385 843;159 693;819 335;612 608;478 411;31 126;0;68 122 877;5 101 618;301;63 021 261;4 007 151;1 890 638;8 745;8 378;64 667;4;217 937;6 812;93 006;1 028;1 020 324;240 794;6;0;0;0;0;0;0;0;1 334 163;0;41 532;14;5 915;982;2 919;911;42;695 515;1 803 627;0;527 465;1 526 504;0;173 961;280 327;0;34 792;56 066;0;5 219;8 409;0;5 911;3 204;0;14;40;0;1;4;0;0;0;79 522;0;0;64 805;0;0;16 743;0;0;0;0;0;0;0;0;3 349;0;0;502;0;0;2 025;0;0;8;0;0;3;0;0;0;0;0;0;0;0;0;0;0;0;0;0;0;0;0;0;0;0;0;0;0;0;0;0;28 934;0;13 150;28 710;0;12 233;224;0;916;7;0;27;0;0;0;0;0;0;7 711 093;1 325 416;7 633 654;1 209 410;913 166;116 006;27 395;3 480;835 727;0;8;0;0;0;0;0;0;0;0;0;0;0;0;0;0;0;0;0;0;0;0;0;0;0;0;0;0;0;0;0;742 124;0;0;734 730;0;0;0;0;0;30 542;0;917;0;0;0;0;5 192;0;0;23 148;0;0;1;0;401 787;448 494;294;10 438;57 439;313;5;2;0;0;0;0;0;0;0;19 995 387;17 003 521;464 065;463 305;10 000;10 000;852;1 943 642;6 153 525;44 437;0;1 271 540;1 433 550;0;651 288;0;348 397;60 924;870 324;0;40 744;0;0;0;0;2;0;0;0;102 984;773 674;2 652;0;0;0;0;0;2 142;794 688;71 691;133 165;3 592;1;0;0;0;0;55;61 417;609 253;15 735;1;3 147;0;0;0;0;0;0;0;0;0;0;0;0;0;0;49;1;931;1;0;0;0;0;0;0;0;0;0;0;0;0;0;0;0;0;0;0;0;1;0;0;0;0;0;0;0;0;0;0;0;0;0;0;0;0;0;0;0;0;0;0;0;0;0;0;0;7 870;5;1 018;1;3 770;8;12 564;15;0;0;0;0;0;40 442;2;27 459;8;770;5;2 195;3;0;0;0;0;0;14 196;14;0;0;0;0;0;0;0;0;960;1;0;0;16 531 239;2 303;184 883;11;0;0;0;0;0;0;0;0;0;0;0;0;0;0;0;0;0;0;0;0;0;0;0;0;0;0;0;0;0;0;0;0;0;0;0;0;0;0;0;0;0;0;0;0;0;0;0;0;0;0;79 236;66;0;0;0;0;31 414;6;0;0;0;0;0;0;0;0;0;0;0;0;0;0;0;0;1 011 100;4;0;0;5 898;5;0;0;0;0;0;0;77;4;0;0;2 231;2;186 371;45;579;4;209 745;29;0;0;0;0;0;0;59 773;10;1 307 681;9;4 685;14;2 007;1;111 758;19;0;0;0;0;0;0;1 292;2;5 236;14;105 621;7;0;0;0;0;108;1;21 596;2;0;0;0;0;556;1;0;0;0;0;0;0;0;0;0;0;0;0;0;0;0;0;0;0;0;0;0;0;0;0;2 354;3;0;0;0;0;0;0;4 055;5;0;0;7 629;3;577;1;0;0;1 526;8;0;0;0;0;0;0;20 202;0;106 672;0;20 202;0;0;0;20 202;0;0;4 040;0;3 834;0;206;0;20;3;45;;;;;;;;;;;
  Тамбовская область;499 539 909;21 548 319;83 333 693;2 630 454;467 693 317;23 457 370;46 723 645;4 914 131;303 344;216 137;32 159 382;254 646;474;4;36 600 141;2 556 614;67;34 043 527;4 231 241;1 021 305;0;4 812;43 304;1;97 473;45 857;72 237;6 878;511 322;347;1;0;0;0;0;0;0;0;559 785;0;46 021;0;2 913;217;1 571;202;329;1 395 697;943 664;0;1 313 599;804 649;0;82 679;139 015;0;16 536;27 803;0;2 480;4 170;0;581;0;0;132;18;0;2;0;0;0;0;242 923;0;0;225 004;0;0;17 919;0;0;0;0;0;0;0;0;3 584;0;0;538;0;0;0;0;0;5;0;0;0;0;0;0;0;0;0;0;0;0;0;0;0;0;0;0;0;0;0;0;0;0;0;0;0;0;0;107 050;0;15 074;106 552;0;14 253;498;0;821;15;0;25;0;0;0;0;0;0;161 643 006;0;119 974 433;0;42 600 868;0;1 278 026;0;932 295;0;6;0;0;0;0;0;0;0;0;0;0;0;0;0;0;0;0;0;0;0;0;0;0;0;0;0;0;0;0;0;40 349;0;0;23 471;0;0;0;0;0;16 878;0;506;0;0;0;0;2 869;0;0;0;0;0;0;0;59 914;59 671;0;8 294;8 051;249;6;1;0;0;0;0;0;0;0;100 000;100 024;2 693 524;2 694 159;6 624;6 612;12;0;15 152 202;158 801;0;4 778 545;3 909 935;0;0;0;3 896 155;0;0;3 552 145;0;0;0;0;0;0;0;0;0;13 780;45 745;0;0;0;0;0;0;0;305 359;0;0;0;0;0;1;0;0;28;43 802;506 761;0;0;0;1 668;1;334;0;0;0;0;0;0;0;0;0;0;0;0;1;0;0;0;0;0;0;0;0;0;0;0;0;0;0;0;0;0;6 317;1;842;0;0;0;0;0;0;0;0;39 425;1;0;0;0;0;0;0;0;0;0;0;0;0;0;0;0;0;0;0;0;1 710;1;9 329;1;3 776;3;11 987;5;29;1;0;0;0;1 222;1;15 923;4;566;4;5 842;3;6 686;3;1 337;0;0;35 761;12;0;0;0;0;0;0;0;0;0;0;0;0;22 126 460;1 479;296 457;7;0;0;0;0;0;0;0;0;0;0;0;0;0;0;0;0;0;0;0;0;0;0;0;0;0;0;0;0;0;0;0;0;0;0;0;0;0;0;0;0;0;0;0;0;0;0;0;0;0;0;384 054;5;0;0;0;0;174 498;18;550;1;0;0;547 731;2;0;0;21 175;1;0;0;0;0;0;0;7 467 431;19;0;0;263 952;7;0;0;0;0;0;0;0;0;0;0;0;0;129 204;19;4 477;1;106 419;72;0;0;0;0;0;0;297 106;6;173 778;9;210;5;14 722;5;5 871;4;0;0;0;0;0;0;11 470;1;10 424;13;5 440;7;0;0;0;0;0;0;58;2;0;0;0;0;0;0;0;0;0;0;0;0;0;0;0;0;0;0;0;0;0;0;0;0;0;0;0;0;0;0;0;0;0;0;672 725;2;0;0;35 923;29;0;0;0;0;4 679;1;0;0;8 761;2;0;0;0;0;0;0;0;0;0;0;0;0;0;0;0;0;0;0;0;0;0;0;0;1;0;3;;;;;;;;;;;
  Тверская область;770 569 315;199 845 219;34 049 198;24 271 775;723 046 758;208 175 413;34 487 086;19 142 414;173 911;1 184 969;33 316;11 018 158;61 537;8;47 163 726;3 496 245;245;43 667 481;12 777 404;1 309 975;64;9 761;40 805;1;140 183;19 832;122 396;2 962;699 249;0;0;0;0;0;0;0;0;0;749 815;1 177;15 625;0;5 673;838;3 438;551;24;571 702;4 712 558;2 718;552 424;4 398 895;2 718;20 949;313 835;0;4 190;62 767;0;628;9 415;0;1 671;172;0;99;49;3;10;1;0;0;0;0;0;0;0;0;0;0;0;0;0;0;0;0;0;0;0;0;0;0;0;0;0;0;0;0;0;0;0;0;0;0;0;0;0;0;0;0;0;0;0;0;0;0;0;0;0;0;0;0;0;0;0;0;0;457 126;0;39 837;441 524;0;34 977;19 954;0;4 860;599;0;146;4 352;0;0;2;0;0;26 209 764;0;24 911 580;0;2 554 696;0;76 641;0;1 256 512;0;17;0;0;0;0;0;0;0;0;0;0;0;0;0;0;0;0;0;0;0;0;0;0;0;0;0;0;0;0;0;1 602 114;0;0;1 397 292;0;0;0;0;0;247 127;0;7 414;0;0;0;0;42 012;0;0;42 305;0;0;1;0;876 223;677 226;0;199 545;548;5 986;1;1;0;0;0;0;0;0;0;73 217;67 088;115 923;115 022;0;3 480;256 628;320 433;1 451 916;133 445;0;628 054;1 048 441;0;1 267;0;1 022 406;17 211;4 574;0;0;86 301;0;0;0;0;14 881;0;394 807;0;0;0;88 842;0;0;0;0;0;2 244 633;17 417;1 571;0;0;0;0;0;0;72;81 632;1 293 011;460;1;92;1 733;1;347;144;1;29;0;0;0;0;0;0;0;0;13 786;1;0;0;0;0;0;0;0;0;0;0;0;0;0;0;0;0;0;2 241;1;299;0;0;0;0;0;0;0;0;0;0;6 425;6;0;0;0;0;0;0;0;0;0;0;0;0;0;0;0;0;0;6 378;2;2 881;2;3 417;8;5 179;13;0;0;51;1;10;51;1;42 657;10;2 686;3;194;1;1 269;1;254;100;1;12 257;12;0;0;0;0;0;0;0;0;0;0;0;0;17 385 013;2 389;111 880;8;0;0;0;0;0;0;0;0;0;128;1;26;0;0;0;0;0;0;0;0;24;1;0;0;113 198;2;208;1;0;0;0;0;0;0;0;0;0;0;0;0;0;0;0;0;0;0;0;0;0;0;9 071;22;0;0;0;0;53 371;11;0;0;0;0;1 015 170;5;0;0;0;0;0;0;0;0;0;0;886 836;9;1 919 733;2;51 836;19;0;0;0;0;0;0;2 596;1;0;0;0;0;72 049;47;1 513;2;308 494;44;3 032;9;21 860;2;0;0;12 137;4;200 266;15;14 081;21;25 808;2;34 847;8;0;0;70 168;3;0;0;179;1;2 477;6;10 451;8;0;0;0;0;8 988;5;61;2;104;1;0;0;0;0;0;0;7 827;1;0;0;130;1;0;0;0;0;0;0;0;0;0;0;0;0;0;0;0;0;75 381;15;0;0;463 765;3;0;0;887;3;0;0;0;0;4 320;7;0;0;9 820;5;0;0;0;0;0;0;0;0;0;0;0;0;0;0;0;0;0;0;0;0;0;0;0;8;0;5;;;;;;;;;;;
  Томская область;1 230 373 602;128 205 097;45 530 631;14 108 414;1 173 798 881;140 031 813;30 630 982;13 947 117;114 186;453 813;17 758 741;2 287 694;85 076;1 089;53 745 119;8 161 273;214;45 583 847;13 500 386;1 362 954;94;0;0;0;234 952;20 286;113 697;3 043;1 632 254;445;5;0;4 560;52 088;14;0;0;0;1 689 347;127;454;0;4 245;718;2 192;499;70;1 216 045;5 124 764;0;1 188 529;4 421 661;0;30 489;747 554;0;6 098;149 511;0;915;22 427;0;2 973;44 450;0;271;50;0;2;2;0;0;0;1 103 710;0;0;1 077 965;0;0;75 250;0;0;0;0;0;3 762;0;0;11 287;0;0;2 257;0;0;49 505;0;0;5;0;0;2;0;0;0;0;0;0;0;0;0;0;0;0;0;0;0;0;0;0;0;0;0;0;0;0;0;0;17 733;0;18 310;16 270;0;16 350;1 463;0;1 960;44;0;59;0;0;0;0;0;0;25 518 656;29 777;22 632 390;66 302;2 957 188;0;88 716;0;70 921;36 525;3;1;0;0;0;0;0;0;0;0;0;0;0;0;0;0;0;0;0;0;0;0;0;0;0;0;0;0;0;0;2 771 895;0;0;2 371 901;0;0;1 005;0;0;415 061;0;12 452;0;0;0;0;70 560;0;0;16 073;0;0;1;0;60 671;58 144;2 218;2 218;1 908;67;4;1;0;0;0;0;0;0;0;516 310;517 231;469 253;469 263;139 997;139 959;244;40 996;25 857 373;641 855;0;1 202 773;4 409 691;0;209 814;4 092 000;0;1 002;316 661;0;0;316 809;0;0;0;0;1 002;0;0;0;0;0;0;0;0;0;0;0;0;0;0;24 055;2;0;0;0;0;113;350 521;3 929 338;0;0;0;0;0;0;0;0;0;0;0;0;0;0;0;0;0;228 375;4;0;0;0;0;0;0;0;0;0;0;0;238 014;2;23 801;0;0;0;436 487;2;58 198;0;0;0;0;0;0;0;0;0;0;8 175;1;0;0;0;0;0;0;0;0;0;0;0;0;0;0;196;2;39;59 105;14;65 070;5;1 781;9;45 052;35;0;0;0;0;0;54 488;5;245 270;39;14 915;22;119 839;17;4 004;4;801;28 843;11;118 180;41;0;0;0;0;0;0;0;0;684;1;0;0;32 057 399;1 851;1 169 682;27;0;0;0;17;1;3;0;0;0;40;1;8;0;0;0;0;0;0;0;0;0;0;0;0;3;1;0;0;0;0;0;0;0;0;0;0;0;0;0;0;0;0;0;0;0;0;0;0;0;0;57 649;17;0;0;0;0;4 532 859;24;0;0;0;0;0;0;0;0;699 122;4;0;0;80 124;1;0;0;4 891 941;15;165 660;1;1 142 667;6;0;0;0;0;0;0;395 797;4;0;0;0;0;380 481;64;176;1;412 087;65;0;0;0;0;0;0;68 753;3;589 148;14;13 853;4;1 084;2;3 487;7;0;0;0;0;0;0;9 702;2;3 385;3;13 557;5;0;0;0;0;56 992;2;50;1;150;1;0;0;0;0;0;0;0;0;83;1;0;0;0;0;0;0;0;0;0;0;0;0;0;0;0;0;0;0;111 667;12;0;0;4 497;1;0;0;61 922;28;0;0;0;0;20 743;3;109;1;480;1;0;0;0;0;0;0;0;0;28 665;0;0;0;0;0;0;0;0;0;0;0;0;0;0;32;2;12;;;;;;;;;;;
  Тульская область;1 496 864 460;146 484 877;52 893 310;11 564 594;1 325 226 849;154 868 376;69 515 029;13 231 684;487 604;321 987;2 473 724;200 774;165 506;1 922;152 864 339;7 983 287;326;144 881 052;9 931 282;4 353 573;740;841 496;5 662 049;10;641 253;54 880;502 168;8 232;1 596 657;372 409;7;0;2 438;41 451;2;0;50 911;1;8 567 411;1 046;0;0;6 229;748;3 152;602;47;499 011;4 150 780;0;427 243;3 627 346;0;72 188;544 265;0;14 438;108 853;0;2 166;16 328;0;420;20 831;0;98;36;0;2;3;0;0;0;608 199;0;0;715 219;0;0;0;0;0;0;0;0;0;0;0;0;0;0;0;0;0;107 020;0;0;7;0;0;2;0;0;138 304 928;0;0;138 572 281;0;0;0;0;0;4 175 104;0;0;0;0;0;0;0;125 253;0;0;4 442 458;0;0;1;269 198;0;66;260 143;0;66;14 208;0;0;426;0;0;5 153;0;0;1;0;0;48 929 041;0;37 814 976;0;13 619 992;0;408 600;0;2 505 927;0;7;0;0;0;0;0;0;0;0;0;0;0;0;0;0;0;0;0;0;0;0;0;0;0;0;0;0;0;0;0;1 992 650;0;0;1 341 580;0;0;0;0;0;651 070;0;19 532;0;0;0;0;110 682;0;0;0;0;0;0;0;5 134 161;4 953 898;2 644;212 640;35 021;6 379;7;10;0;0;0;0;0;0;0;9 235;9 085;1 614 522;1 538 197;68 874;60 600;106 781;174 697;29 530 814;479 595;0;718 644;2 948 524;0;37;0;1 480 000;0;599 395;0;0;869 166;0;0;0;0;0;1 661 685;0;0;1 480 000;26 106;0;0;0;0;0;0;0;531;0;19 548;1;0;0;0;0;131;475 360;4 012 180;1 229;1;246;109;1;22;17;1;3;0;0;0;0;0;0;0;0;290 832;3;256;2;0;0;0;0;0;0;0;0;0;3 805;1;381;0;0;0;241 783;2;32 238;0;0;0;0;0;0;0;0;0;0;220;1;0;0;0;0;0;0;0;0;0;0;0;0;0;0;2 201;2;440;15 856;6;8 278;3;5 621;11;43 134;21;17 855;1;230;1;46;0;0;113 999;21;20 476;7;5 329;3;25 201;4;5 040;1 731;2;94 867;24;0;0;0;0;0;0;0;0;0;0;0;0;42 124 560;2 669;183 032;9;0;0;0;0;0;0;54 067;4;10 813;0;0;0;0;0;0;0;0;0;0;0;194;1;0;0;0;0;0;0;0;0;0;0;0;0;0;0;0;0;0;0;0;0;0;0;0;0;0;0;0;0;18 470;21;0;0;0;0;434 025;37;2 695 844;1;0;0;266 411;1;0;0;12 700;1;0;0;0;0;0;0;6 936 683;12;217 037;1;568;1;0;0;0;0;0;0;2 269;1;0;0;0;0;63 320;53;63 876;5;1 466 786;101;0;0;6 219;1;311;1;319 403;5;978 664;15;23 965;5;0;0;29 362;14;0;0;54 399;3;2 664;1;19 291;26;19 186;33;9 067;5;0;0;0;0;150 745;1;41 956;3;29 664;17;0;0;0;0;0;0;15;1;0;0;25;1;2 265;1;0;0;0;0;0;0;0;0;0;0;0;0;0;0;98 477;14;0;0;0;0;0;0;16 763;15;0;0;0;0;33 261;12;1 798;1;43;2;0;0;0;0;0;0;0;0;73 839;0;0;0;0;0;0;0;0;0;0;0;0;0;0;8;0;8;;;;;;;;;;;
  Тюменская область;2 641 520 260;105 183 523;153 046 113;10 829 077;2 152 695 979;115 402 717;115 164 404;15 265 458;2 926 451;1 125 764;31 945 129;615 496;89 344;0;497 940 809;49 127 609;329;448 813 201;13 683 762;13 464 394;65 822;0;0;0;1 295 409;59 251;1 131 529;8 898;9 825 522;408 502;11;0;0;0;0;0;0;0;10 234 024;0;314 613;0;6 315;1 505;2 993;510;80;4 465 374;6 924 231;0;4 637 763;5 922 888;0;11 991;1 017 490;0;2 398;203 498;0;360;30 525;0;184 380;16 147;0;82;54;0;14;4;0;357 493;0;0;368 580;0;0;0;0;0;0;0;0;0;0;0;0;0;0;0;0;0;11 087;0;0;1;0;0;1;0;0;0;0;0;0;0;0;0;0;0;0;0;0;0;0;0;0;0;0;0;0;0;0;0;0;0;0;307 358;0;0;300 257;0;0;7 630;0;0;229;0;0;530;0;0;1;0;0;54 734 925;0;48 407 363;0;7 667 904;0;230 037;0;1 340 342;0;21;0;0;0;0;0;0;0;0;0;0;0;0;0;0;0;0;0;0;0;0;0;0;0;0;0;0;0;0;0;8 198 867;0;0;6 454 955;0;0;0;0;0;1 744 002;0;52 320;0;0;0;0;296 480;0;0;90;0;0;1;0;5 432 999;3 370 861;74 277;2 223 241;235 381;66 697;8;5;0;0;0;0;0;0;0;2 344 767;2 342 595;4 171 185;3 449 824;0;0;804 380;14 414 538;109 250 881;8 120 955;0;2 119 433;2 645 981;0;100 216;0;2 616 585;0;129 611;0;0;0;0;0;0;0;0;0;2 597 400;29 150;19 185;194;0;0;0;0;0;0;0;0;0;2 088 100;2;2 147 443;1;2 075 065;1;135;1 140 470;15 621 117;3 668;2;734;0;0;0;0;0;0;0;0;0;0;0;0;0;0;60 618;4;144;1;0;0;0;0;0;0;0;0;0;178 967;1;17 897;3 655;1;365;740 570;6;98 743;0;0;0;0;0;0;0;0;0;0;14;1;0;0;0;0;0;0;0;0;1 101 105;1;220 221;0;0;0;0;0;0;910 312;11;143 235;8;4 539;10;36 267;20;178 262;2;0;0;0;146 813;7;632 811;23;27 153;16;97 399;6;37 490;8;7 498;543;2;246 017;26;0;0;0;0;0;0;256;1;0;0;0;0;101 023 226;3 820;1 020 705;20;0;0;0;0;0;0;0;0;0;59;1;12;46;1;9;0;0;0;0;0;0;0;0;0;0;0;217;1;0;0;831 688;1;0;0;0;0;0;0;0;0;0;0;0;0;0;0;0;0;0;0;115 755;39;0;0;0;0;622 326;17;0;0;0;0;7 827 605;3;0;0;0;0;0;0;0;0;0;0;12 553 381;17;60 527;1;110;1;0;0;0;0;0;0;149 613;7;0;0;0;0;231 175;46;201 061;8;549 543;59;2 682;2;690;1;0;0;710 003;14;2 805 884;32;394 724;9;43 589;2;15 738;9;0;0;419 481;4;0;0;0;0;13 489;4;68 959;10;0;0;0;0;276 158;8;39 110;2;242 640;9;0;0;0;0;0;0;16 802;3;557;2;16 556;1;13 375;3;0;0;0;0;0;0;0;0;0;0;0;0;0;0;889;3;0;0;1 746 520;9;0;0;18 245;9;0;0;0;0;18 640;3;654;1;1 012;1;2 014;1;0;0;0;0;21 597;0;2 468 887;0;21 381;0;0;0;21 381;0;0;4 276;0;1 682;0;2 594;0;12;0;12;;;;;;;;;;;
  Ульяновская область;741 929 404;53 473 667;50 195 492;3 473 990;709 904 260;60 375 831;35 063 250;28 286 563;244 475;117 187;1 358 703;274 760;192 401;0;45 857 086;2 498 438;118;43 358 649;8 477 898;1 292 353;9 437;0;0;0;435 048;31 562;99 024;4 734;499 688;154 357;11;0;8 408;141 773;13;0;0;0;804 226;388;2 992;167;5 714;260;1 946;437;1 301;1 582 240;1 595 017;0;1 384 391;1 421 087;0;197 849;173 930;0;39 570;34 786;0;5 935;5 218;0;0;0;0;28;30;0;0;0;0;8 470 696;0;3 126 104;7 575 271;0;2 961 885;895 051;0;231 489;15 853;0;0;111 881;0;0;51 276;0;46 298;10 998;0;6 945;0;0;74 999;2;0;28;0;0;6;0;0;4 548 820;0;0;4 308 272;0;0;0;0;0;251 958;0;0;0;0;0;0;0;7 559;0;0;11 410;0;0;1;192 236;0;10 931;175 343;0;9 476;16 893;0;1 455;507;0;44;0;0;0;0;0;0;11 457 969;0;8 661 124;0;3 104 068;0;93 122;0;307 223;0;4;0;0;0;0;0;0;0;0;0;0;0;0;0;0;0;0;0;0;0;0;0;0;0;0;0;0;0;0;0;5 164 506;0;0;4 030 272;0;0;0;0;0;1 176 542;0;35 296;0;0;0;0;200 012;0;0;42 307;0;0;1;0;604 015;497 867;0;108 030;1 881;3 241;4;2;0;0;0;0;0;0;0;358;354;45 655;41 478;0;0;4 181;125;2 163 194;142 380;0;1 214 295;806 707;0;70;0;798 000;8 707;70;0;0;0;0;0;0;0;0;0;798 000;0;0;0;0;0;0;0;0;0;0;8 707;0;0;0;564;1;0;0;77;150 114;867 384;11 345;2;2 269;84;1;17;0;0;0;0;0;0;0;0;0;0;0;0;0;0;0;0;0;0;0;0;0;0;0;0;15;1;3;0;0;0;0;0;0;0;0;0;0;0;0;0;0;0;0;270;1;0;0;0;44;1;9;78 428;1;0;0;0;5;1;1;0;0;0;4 442;5;6 474;5;17 413;18;27 086;23;0;0;121;1;24;661;1;10 746;15;330;3;61 519;2;971;3;194;3 394;2;21 535;24;0;0;0;0;0;0;0;0;0;0;0;0;16 771 592;2 037;178 992;7;0;0;0;26;1;5;0;0;0;0;0;0;0;0;0;0;0;0;0;0;0;0;0;0;0;0;0;0;0;0;0;0;0;0;0;0;0;0;0;0;0;0;0;0;0;0;0;0;0;0;23 386;15;0;0;0;0;428 397;36;18 373;3;0;0;3 401 828;18;0;0;0;0;0;0;1 119 013;1;0;0;2 428 694;7;22 045;1;121 700;4;0;0;0;0;0;0;22 265;9;0;0;0;0;217 463;75;55 024;6;262 391;62;0;0;0;0;0;0;24 054;10;337 865;19;29 835;7;21 521;2;31 300;5;0;0;26 863;2;0;0;8 273;1;102 962;4;2 323;5;0;0;0;0;730;2;0;0;0;0;0;0;0;0;0;0;0;0;0;0;0;0;0;0;0;0;0;0;0;0;0;0;0;0;0;0;0;0;115 172;11;0;0;0;0;0;0;986 218;10;0;0;0;0;2 748;3;0;0;12 763;2;0;0;0;0;0;0;0;0;3 232;76;0;0;0;0;0;0;0;0;0;0;0;0;0;7;2;7;;;;;;;;;;;
  Челябинская область;4 188 810 514;208 944 676;279 682 652;22 174 860;3 668 921 807;229 426 345;289 522 472;23 651 475;828 204;2 614 875;12 158 301;2 245 698;314 957;269;498 551 439;17 437 722;710;481 113 718;21 211 923;14 433 163;10 490;128 107;616 069;26;1 353 921;64 592;413 431;9 688;3 487 544;538 513;12;0;0;0;0;0;0;0;4 770 233;162;175 846;2 989 018;20 561;2 534;8 126;1 418;40;3 568 020;14 563 485;552 601;3 456 898;12 840 185;520 082;124 250;1 884 392;32 518;24 850;376 877;6 504;3 729;56 531;976;36 414;166 631;0;368;105;2;8;12;0;1 752 354;0;1 472 059;1 561 725;0;1 957 181;0;0;355 598;0;0;0;0;0;0;0;0;71 120;0;0;10 668;0;0;842 920;1;0;22;0;0;5;0;0;8 638 363;0;0;6 899 259;0;0;0;0;0;1 739 104;0;0;0;0;159 283;0;0;52 173;0;0;0;0;0;0;343 920;0;144 789;345 750;0;100 273;6 699;0;44 516;200;0;1 335;10 457;0;0;5;0;0;21 544 810;0;21 330 336;0;1 230 707;0;36 921;0;1 016 233;0;5;0;0;0;0;0;0;0;0;0;0;0;0;0;0;0;0;0;0;0;0;0;0;0;0;0;0;0;0;0;4 690 782;0;0;3 751 202;0;0;0;0;0;950 722;0;28 522;0;0;0;0;161 623;0;0;11 141;0;0;2;0;3 648 812;3 472 680;13 186;344 722;181 778;10 342;8;0;0;0;0;0;0;0;0;1 043 912;1 515 851;4 513 154;4 522 538;206;0;40 003;1 612 236;23 003 636;967 878;0;61 846 966;2 370 714;55 000;5 250;55 000;608 043;0;40 619;0;0;1 546 217;0;0;0;0;48 479;0;150 000;0;308 043;12 165;1 083;0;0;0;0;0;356 369;149 036;45 339;434 968;4;12 332;1;0;0;251;2 892 483;11 252 742;9 591;2;1 918;9 515;4;1 903;0;0;0;0;0;0;0;0;0;0;0;5 675 437;5;37 182;3;0;0;0;0;0;0;0;0;0;62 562;1;6 256;0;0;0;284 713;8;37 961;0;0;0;0;0;0;0;0;29 098;2;7 823;5;0;0;0;0;0;0;2 694 905;2;0;0;0;0;0;0;1 318;1;264;434 916;13;495 915;13;338 538;37;142 323;66;93;2;2 318;2;463;74 478;5;1 239 375;53;531 155;16;36 593;8;57 301;5;11 460;57 982;6;356 004;81;0;0;0;0;0;0;27;1;6 434;1;0;0;86 531 639;8 282;1 246 762;34;0;0;0;0;0;0;13;1;3;6 479;4;1 296;0;0;0;1 011;2;202;0;0;39 084;2;0;0;0;0;0;0;0;0;0;0;0;0;0;0;0;0;0;0;0;0;0;0;0;0;0;0;0;0;503 843;103;0;0;0;0;171 629;31;0;0;0;0;10 627 931;16;0;0;46 608;1;0;0;527 431;3;0;0;14 413 602;30;25 840 022;2;3 647 760;15;0;0;0;0;0;0;1 083;5;0;0;3 665;2;432 177;93;222 461;16;1 347 508;312;0;0;12 869;5;0;0;3 190 357;30;1 139 290;43;680 150;39;203 300;7;75 995;31;0;0;185 410;11;0;0;515;6;27 747;19;11 594;7;0;0;0;0;60 752;19;11 048;3;234;1;0;0;0;0;0;0;488;1;0;0;762;1;116 882;2;0;0;0;0;0;0;0;0;0;0;0;0;0;0;16 022;19;0;0;89 405;7;0;0;62 391;67;0;0;1 146 708;2;25 863;1;2 641;1;8 095;5;0;0;0;0;0;0;0;0;84 714;0;0;0;0;0;0;0;0;0;0;0;0;0;0;14;0;21;;;;;;;;;;;
  Ярославская область;1 328 732 095;72 485 062;78 872 048;17 501 068;1 237 272 698;79 576 571;73 900 940;14 943 796;185 379;809 873;11 572 549;9 606 564;215 691;39 247;84 832 617;5 736 864;350;79 095 753;13 369 350;2 372 863;7 207;0;0;0;371 300;20 030;130 102;3 002;1 147 373;35 905;8;0;0;0;0;0;0;0;1 183 278;108;98 223;2 135;8 498;1 154;2 902;543;20;1 284 392;3 912 664;9 948;1 255 886;3 318 327;9 939;32 000;605 391;9;6 400;121 078;2;960;18 162;0;3 494;11 055;0;327;46;8;11;4;0;0;0;4 598 576;0;0;3 743 975;0;0;1 065 823;0;0;0;0;0;0;0;0;213 165;0;0;31 975;0;0;216 935;0;0;22;0;0;5;0;0;0;0;0;0;0;0;0;0;0;0;0;0;0;0;0;0;0;0;0;0;0;0;0;0;95 878;0;165 253;91 507;0;142 704;5 262;0;23 434;158;0;703;891;0;885;1;0;1;32 586 687;0;28 706 834;0;4 174 515;0;125 235;0;294 662;0;14;0;0;0;0;0;0;0;0;0;0;0;0;0;0;0;0;0;0;0;0;0;0;0;0;0;0;0;0;0;10 732 696;0;0;9 494 442;0;0;0;0;0;1 238 254;0;37 148;0;0;0;0;210 503;0;0;0;0;0;0;0;147 901;150 993;1 763;5 565;10 420;167;9;1;0;0;0;0;0;0;0;700 002;720 317;1 005 996;1 005 027;388 786;590 792;6 041;-865;1 436 755;179 937;0;2 566 385;789 226;0;0;0;598 529;136 135;54 554;0;0;157 294;0;0;36 135;0;0;0;0;274 235;598 529;32 004;0;0;0;0;0;0;0;114 765;0;262 629;2;44 243;4;0;0;130;267 909;2 245 153;0;0;0;6 403;4;1 281;0;0;0;0;0;0;0;0;0;0;0;99 889;1;10 493;2;0;0;0;0;0;0;0;0;0;0;0;0;0;0;0;950 565;2;126 742;0;0;0;0;0;0;0;0;0;0;90;1;0;0;0;11 015;1;1 469;0;0;0;0;0;0;0;0;0;0;0;8 340;8;2 903;2;55 536;14;34 443;31;0;0;0;0;0;18 930;3;260 072;23;1 952;5;5 972;5;5 680;3;1 136;0;0;49 504;36;0;0;0;0;0;0;0;0;0;0;0;0;32 082 318;3 249;221 385;14;0;0;0;0;0;0;0;0;0;0;0;0;0;0;0;0;0;0;0;0;0;0;0;0;0;0;0;0;0;0;0;0;0;0;0;0;0;0;0;0;0;0;0;0;0;0;0;0;0;0;36 239;28;0;0;20 000;1;55 263;20;0;0;0;0;315 240;3;0;0;337 895;6;0;0;0;0;0;0;3 596 211;12;55 894;1;12 418;6;0;0;0;0;0;0;50 065;3;0;0;0;0;1 236 388;33;19 774;6;614 320;107;570;1;7 033;3;0;0;934 852;7;642 484;25;1 061 942;18;306;2;23 395;59;0;0;29 088;3;0;0;0;1;7 855;4;260 992;4;0;0;0;0;275;1;2 714;2;14 531;4;0;0;0;0;0;0;14 970;2;0;0;0;0;0;0;0;0;0;0;0;0;0;0;0;0;22;1;0;0;10 886;27;0;0;23 931;3;0;0;30 373;51;0;0;0;0;13 099;6;0;0;1 775;3;0;0;0;0;0;0;12;0;113;0;12;0;0;0;12;0;0;0;0;0;0;0;0;31;4;19;;;;;;;;;;;
  г. Москва;146 762 275 874;14 408 181 084;220 356 760 885;31 976 120 353;139 493 780 215;15 758 846 378;213 448 097 673;29 682 749 166;94 984 663;80 824 217;5 188 513 925;2 659 475 663;50 798 497;1 325 613;9 219 406 366;572 459 972;8 894;8 650 544 190;1 617 985 005;255 659 693;5 876 623;399 930;2 668 884;12;36 261 008;6 933 980;21 610 394;1 042 115;114 491 994;10 223 519;257;0;37 884;643 158;33;0;164 241;7;128 629 610;2 570 184;66 016 308;31 167 720;170 399;23 483;65 461;9 447;308;98 537 264;285 639 776;21 431 188;88 658 191;227 900 619;17 816 998;10 068 556;58 602 014;3 634 769;2 013 711;11 720 402;726 953;302 056;1 758 061;109 043;204 681;863 320;20 584;868;647;42;21;50;3;0;1 635 148;0;0;1 517 864;0;0;58 642;0;0;0;0;0;9 969;0;0;1 759;0;0;1 759;0;0;0;0;0;1;0;0;0;0;0;0;164 083 507;0;0;160 727 211;0;0;0;0;0;3 356 296;0;0;0;0;144 117;0;0;100 689;0;0;0;0;0;0;3 679 981;0;3 935 875;3 257 168;0;4 015 251;715 012;0;248 023;21 450;0;7 440;292 570;0;327 696;8;0;7;10 553 488;5 029 399;9 077 878;5 039 116;1 496 613;0;44 898;0;21 002;9 717;4;1;0;0;0;0;0;0;0;0;0;0;0;0;0;0;0;0;0;0;0;0;0;0;0;0;0;0;0;0;631 843 006;3 071 826;0;524 857 914;2 799 153;0;1 225 095;49 560;0;112 437 368;253 007;3 373 121;7 590;0;0;0;19 114 353;43 011;0;6 539 086;29 894;0;88;1;668 183 971;600 265 249;7 890 762;67 022 216;11 639 002;2 010 667;196;236;0;36 529;0;0;0;36 529;1;3 046 947 108;3 077 366 484;1 890 823 506;1 775 233 174;372 269 726;355 553 451;187 148 823;358 489 557;2 442 961 918;525 096 056;263 059;750 706 577;1 666 586 277;45 162 646;14 087 757;77 606 429;489 477 939;345 228 428;470 062 219;20 365 499;41 149 260;203 677 666;519 754;76 319 372;171 710 308;235 130 245;94 458 499;19 773 424;325 045 990;40 383 572;133 737 928;15 665 222;142 084 590;67 367 400;7 522 592;5 748 316;7 656 346;15 421 849;162 402 603;102 945 928;151 941 580;18 780 647;18;1 583 882;33;0;0;1 838;99 785 655;399 648 500;104 929;7;20 986;1 482 685;5;296 537;21 918;8;4 384;0;0;89 015;9;17 803;628;2;126;12 034 167;11;4 019 591;11;0;0;0;0;0;0;60 915;1;6 092;11 384 775;10;1 138 477;16 026;2;1 603;75 689 904;55;10 091 987;12 266;2;1 635;0;0;0;0;0;1 178 224;2;3 687 170;135;804 664;3;80 466;3 340 967;4;445 462;43 264 917;5;3 467 709;1;693 542;0;0;0;8 425;5;1 685;2 337 405;88;1 590 853;92;14 962 301;194;5 766 560;349;1 911 933;20;204 998;27;40 946;29 664 956;86;35 730 361;1 196;3 474 756;361;1 268 529;164;2 063 296;36;412 658;228 256;42;11 439 717;679;0;0;0;0;8 600;2;254 020;13;5 364 270;19;11 211 827;2;2 325 357 280;76 733;55 208 899;207;0;0;0;46 612 996;28;9 322 599;652 631;5;130 526;3 941 593;12;788 318;411 575;7;82 314;4 438 323;15;887 665;0;0;132 751;3;0;0;220 100 244;85;17 402;6;7 655 350;15;1 347 416;3;6 730 708;9;489 121;1;1 876 806 423;1;0;0;428 692;2;39 439;1;6 753 850;7;14 442;1;0;0;2 501 151;487;724 884;1;10 590;4;74 794 947;789;98 227;10;0;0;182 714 471;28;4 314 566;2;10 368 589;44;20 008;2;5 060 913;8;2 537 562;2;124 142 835;113;1 669 725 540;10;366 906;33;63 168;1;0;0;0;0;14 932 211;47;4 361;2;0;0;52 131 063;714;3 393 825;29;205 333 555;771;44 141;9;482 888;4;10 289;1;144 208 328;137;197 887 077;111;8 288 971;29;41 591;17;19 699 815;111;0;0;12 222 340;43;0;0;355 173;83;3 726 118;356;624 066;31;0;0;594 852;2;10 433 608;33;5 077;2;2 530 806;32;15 633 557;1;461 700;1;448 977;1;3 154 064;31;197 451;15;560 165;6;561 326;7;0;0;0;0;0;0;0;0;0;0;0;0;0;0;358 144;36;78 618;2;3 413 196;10;0;0;691 698;42;223 175;1;46 538 920;11;778 122;10;281 141;1;29 283;2;5 663;1;0;0;1 891 352;1;58 602 359;1 044 305;514 253 788;10 566 925;56 779 866;645 258;20 243 339;280 153;37 361 508;422 449;0;5 723 067;84 491;4 643 435;7 063;1 175 098;77 427;3 870;331;1 221;;;;;;;;;;;
  г.Санкт-Петербург;33 825 374 457;3 398 233 685;4 999 654 597;18 103 694 328;30 205 789 520;3 740 736 571;3 314 819 580;17 832 295 421;14 380 631;1 837 167;1 427 738 420;192 887 273;1 861 406;59 956;3 513 774 732;84 612 103;2 949;3 429 164 249;261 590 080;102 724 160;2 346 199;95 671;380 663;6;23 898 669;5 710 256;2 961 762;855 827;16 922 419;23 156 486;36;0;139 080;445 112;17;0;0;0;41 139 431;97 004;38 150 040;14 034 422;75 716;7 288;19 049;2 246;100;10 779 692;70 932 485;5 379 720;9 807 697;58 060 665;5 316 832;995 811;13 641 199;484 002;199 162;2 728 242;96 801;29 874;409 235;14 520;18 750;139 377;228 011;1 232;321;24;14;13;4;0;0;0;0;0;0;0;0;0;0;0;0;0;0;0;0;0;0;0;0;0;0;0;0;0;0;0;0;0;0;0;0;281 355 841;0;0;251 636 638;0;0;0;0;0;29 719 203;0;0;0;0;1 106 512;0;0;891 576;0;0;0;0;0;0;2 392 208;0;2 164 142;2 314 456;0;1 991 613;99 809;0;172 875;2 993;0;5 186;51 872;0;346;5;0;1;2 094 559;0;1 842 824;0;251 735;0;7 552;0;0;0;0;0;0;0;0;0;0;0;0;0;0;0;0;0;0;0;0;0;0;0;0;0;0;0;0;0;0;0;0;0;129 179 559;118 185;0;130 592 202;100 985;0;176 408;0;0;26 659 308;17 200;799 779;516;0;0;0;4 532 082;2 924;0;123 829;0;0;14;0;39 540 404;35 986 216;564 847;3 764 269;212 302;112 843;36;24;117 905 720;62 312 659;0;56 106 170;11 221 234;513 108;3;26 901 778;23 168 346;79 119 203;53 247 412;420 190;272 928;25 456 181;21 821 701;305 143 773;67 316 713;0;79 205 342;168 448 062;23 187 206;3 346 335;20 154 409;53 093 622;15 441 203;64 128 192;23 812 660;1 067 499;15 175 929;0;1 646 661;20 041 017;56 787 208;205 659;160 658;8 525 318;2 603 844;19 919 799;197 808;31 338 281;911 874;9 793 986;206 907;142 011;0;10 918 118;8 569 276;2 205 859;3 575 771;7;894 252;15;0;0;775;32 769 991;184 491 189;6 120;2;1 224;37 425;6;7 485;19 890;4;3 978;0;0;6 451;2;1 290;3 247;2;649;38 267 725;6;2 757 067;2;0;0;0;0;0;0;0;0;0;28 174;3;2 817;22;1;2;594 998;10;79 333;0;0;0;0;0;0;0;0;22 202;2;452 446;23;2 234 904;1;223 490;2 297 917;2;306 389;15 232;2;2 312 185;1;462 437;226 596;2;15 107;22 779;1;4 556;417 075;37;277 423;18;996 551;81;1 098 104;133;1 196;4;132 308;4;26 462;17 021 370;19;14 716 862;321;291 774;76;519 846;59;5 917 269;26;1 183 454;41 843;15;3 679 255;228;0;0;0;0;0;0;29 465;7;3 767 026;6;20 178 353;1;716 272 523;32 295;40 189 486;74;0;0;0;45 421;7;9 084;5 427;3;1 085;8 041 389;5;1 608 277;139 249;2;27 850;169 351;5;33 870;0;0;18;2;14 449 255;1;0;0;809;1;16 524 590;31;1 488 651;5;15 395 424;10;0;0;0;0;457 222;2;0;0;0;0;0;0;0;0;0;0;331 429;164;0;0;0;0;8 114 023;113;158 340;3;0;0;34 263 305;33;61 812;1;1 566 763;17;166;1;280 445;2;2 043 918;1;25 369 570;44;25 871 736;5;155 646;18;0;0;0;0;0;0;131 762;12;0;0;2 478;1;1 696 062;217;57 844;18;10 266 988;261;13 603;4;15 258;10;10 208;1;2 879 474;26;11 932 787;144;110 872;15;6 913;4;850 473;43;0;0;2 057 085;16;0;0;103 780;11;4 151 265;76;113 736;22;0;0;0;0;7 149 892;15;0;0;536 467;6;0;0;0;0;0;0;251 665;9;48 578;6;108 150;2;122;1;0;0;0;0;0;0;0;0;0;0;0;0;0;0;1 393 164;17;0;0;351 882;9;0;0;342 508;43;0;0;1 417 921;5;90 608;7;1 310;2;30 343;1;0;0;0;0;0;0;3 900 945;0;496 092 442;449 439;2 720 313;0;1 206 701;0;77 654;0;0;50 039;0;45 614;0;4 433;0;463;32;259;;;;;;;;;;;
  г.Севастополь;84 533 410;5 863 318;7 370 214;1 039 569;84 531 863;7 159 152;1 890 994;1 225 497;12 458;28 964;729 604;0;3 415;0;4 760 206;290 996;48;4 469 210;1 452 798;133 955;0;0;0;0;32 365;2 058;15 494;309;58 199;0;0;0;0;0;0;0;0;0;58 199;0;0;0;1 589;144;835;151;15;415 977;406 312;0;397 265;372 140;0;18 712;34 173;0;3 742;6 835;0;561;1 025;0;0;0;0;85;6;0;0;0;0;0;0;0;0;0;0;0;0;0;0;0;0;0;0;0;0;0;0;0;0;0;0;0;0;0;0;0;0;0;0;0;51 759 877;0;0;46 031 516;0;0;35 939;0;0;5 944 816;0;0;65;0;330 196;0;0;178 279;0;0;252 394;0;0;19;0;0;0;81 957;0;0;72 798;0;0;9 159;0;0;275;0;0;0;0;0;0;4 673;0;2 557;0;2 116;0;63;0;0;0;0;0;0;0;0;0;0;0;0;0;0;0;0;0;0;0;0;0;0;0;0;0;0;0;0;0;0;0;0;0;235 473;0;0;216 272;0;0;0;0;0;19 201;0;576;0;0;0;0;3 264;0;0;0;0;0;0;0;0;0;0;0;0;0;0;0;0;0;0;0;0;0;0;30 973;25 140;0;0;0;0;0;0;508 493;11 743;0;34 166;5;0;4 916;0;0;0;0;0;0;0;0;0;0;0;0;0;0;0;0;0;0;0;0;0;0;0;0;0;5;0;0;0;0;0;0;15;5 647;268 305;0;0;0;4 072;1;814;0;0;0;0;0;0;0;0;0;0;0;0;0;0;0;0;0;0;0;0;0;0;0;0;0;0;0;0;0;0;0;0;0;0;0;0;0;0;0;0;0;0;0;362;1;0;0;0;0;0;0;0;0;0;0;0;0;0;0;0;0;0;0;0;0;0;0;0;469;1;0;0;0;0;0;0;0;0;0;0;0;0;0;0;0;0;0;0;330;1;0;0;0;0;0;0;0;0;0;0;0;0;2 531 578;768;444;1;0;0;0;0;0;0;0;0;0;0;0;0;0;0;0;0;0;0;0;0;0;0;0;0;0;0;0;0;0;0;0;0;0;0;0;0;0;0;0;0;0;0;0;0;0;0;0;0;0;0;76 117;16;0;0;0;0;194 369;2;0;0;0;0;768 174;2;0;0;0;0;0;0;0;0;0;0;558 786;3;0;0;0;0;0;0;0;0;0;0;0;0;0;0;0;0;6 567;6;11 443;1;97 587;17;0;0;135 791;2;0;0;217 202;1;65 022;2;0;0;0;0;0;0;0;0;1 143;2;0;0;38;1;2 576;4;333;1;720;1;0;0;0;0;33 013;1;0;0;0;0;0;0;0;0;0;0;0;0;0;0;0;0;0;0;0;0;0;0;0;0;0;0;0;0;0;0;0;0;0;0;0;0;0;0;987;1;0;0;219 250;1;0;0;0;0;0;0;0;0;0;0;0;0;0;0;0;0;0;0;0;0;0;0;0;0;0;0;0;0;0;0;0;0;;;;;;;;;;;
  Еврейская автономная область;16 215 650;4 242 299;731 783;755 505;15 258 284;5 673 719;720 396;1 771 114;1 030;48 571;0;0;0;0;969 782;41 296;19;928 486;2 398 459;27 855;0;0;0;0;4 267;545;8 843;82;8 259;0;0;0;0;0;0;0;0;0;8 259;0;0;0;304;83;319;67;51;72 681;191 385;0;62 914;175 208;0;9 767;16 176;0;1 953;3 235;0;293;485;0;0;0;0;1;8;0;0;0;0;32 353 443;0;0;20 827 928;0;0;11 525 515;0;0;0;0;0;0;0;0;2 305 103;0;0;345 765;0;0;0;0;0;1;0;0;0;0;0;0;0;0;0;0;0;0;0;0;0;0;0;0;0;0;0;0;0;0;0;0;0;0;0;0;0;0;0;0;0;0;0;0;0;0;0;0;0;0;0;0;0;0;0;79 957;0;80 802;0;11 867;0;356;0;12 711;0;1;0;0;0;0;0;0;0;0;0;0;0;0;0;0;0;0;0;0;0;0;0;0;0;0;0;0;0;0;0;0;0;0;0;0;0;0;0;0;0;0;0;0;0;0;0;0;0;0;0;0;0;0;0;799;15 162;0;0;14 364;0;1;0;0;0;0;0;0;0;0;0;0;0;0;0;0;0;0;0;1 128;0;3 501;0;0;0;0;0;0;0;0;0;0;0;0;0;0;0;0;0;0;0;0;0;0;0;0;0;0;0;0;0;0;0;0;0;0;0;5;1 884;965;0;0;0;0;0;0;0;0;0;0;0;0;0;0;0;0;0;0;0;0;0;0;0;0;0;0;0;0;0;0;0;0;0;0;0;0;0;0;0;0;0;0;0;0;0;0;0;0;0;0;0;0;0;0;0;0;0;0;0;0;0;0;0;0;0;0;0;0;0;0;0;0;0;0;0;0;0;0;0;0;0;0;0;0;0;0;0;0;0;0;0;0;0;0;0;0;0;0;0;0;0;0;0;0;0;0;0;0;1 710 748;112;0;0;0;0;0;0;0;0;0;0;0;0;0;0;0;0;0;0;0;0;0;0;0;0;0;0;0;0;0;0;0;0;0;0;0;0;0;0;0;0;0;0;0;0;0;0;0;0;0;0;0;0;0;0;0;0;0;0;15 593;5;1 230 446;1;0;0;0;0;0;0;0;0;0;0;0;0;0;0;65 874;2;0;0;3 211;2;0;0;0;0;0;0;60;1;0;0;0;0;18 400;21;89;1;47 737;15;2 654;2;0;0;0;0;7 338;3;15 564;3;831;1;0;0;2 240;5;0;0;12 386;1;0;0;1 079;3;891;3;1;1;0;0;0;0;0;0;0;0;1 973;1;0;0;0;0;0;0;0;0;0;0;0;0;0;0;0;0;0;0;0;0;0;0;0;0;0;0;0;0;17 720;4;0;0;0;0;0;0;0;0;0;0;0;0;0;0;0;0;0;0;0;0;0;0;0;0;0;0;0;0;0;0;0;0;0;0;0;0;0;0;0;0;0;0;0;0;;;;;;;;;;;
  Ненецкий автономный округ;0;0;0;0;0;0;0;0;0;0;0;0;0;0;0;0;0;0;0;0;0;0;0;0;0;0;0;0;0;0;0;0;0;0;0;0;0;0;0;0;0;0;0;0;0;0;0;0;0;0;0;0;0;0;0;0;0;0;0;0;0;0;0;0;0;0;0;0;0;0;0;0;0;0;0;0;0;0;0;0;0;0;0;0;0;0;0;0;0;0;0;0;0;0;0;0;0;0;0;0;0;0;0;0;0;0;0;0;0;0;0;0;0;0;0;0;0;0;0;0;0;0;0;0;0;0;0;0;0;0;0;0;0;0;0;0;0;0;0;0;0;0;0;0;0;0;0;0;0;0;0;0;0;0;0;0;0;0;0;0;0;0;0;0;0;0;0;0;0;0;0;0;0;0;0;0;0;0;0;0;0;0;0;0;0;0;0;0;0;0;0;0;0;0;0;0;0;0;0;0;0;0;0;0;0;0;0;0;0;0;0;0;0;0;0;0;0;0;0;0;0;0;0;0;0;0;0;0;0;0;0;0;0;0;0;0;0;0;0;0;0;0;0;0;0;0;0;0;0;0;0;0;0;0;0;0;0;0;0;0;0;0;0;0;0;0;0;0;0;0;0;0;0;0;0;0;0;0;0;0;0;0;0;0;0;0;0;0;0;0;0;0;0;0;0;0;0;0;0;0;0;0;0;0;0;0;0;0;0;0;0;0;0;0;0;0;0;0;0;0;0;0;0;0;0;0;0;0;0;0;0;0;0;0;0;0;0;0;0;0;0;0;0;0;0;0;0;0;0;0;0;0;0;0;0;0;0;0;0;0;0;0;0;0;0;0;0;0;0;0;0;0;0;0;0;0;0;0;0;0;0;0;0;0;0;0;0;0;0;0;0;0;0;0;0;0;0;0;0;0;0;0;0;0;0;0;0;0;0;0;0;0;0;0;0;0;0;0;0;0;0;0;0;0;0;0;0;0;0;0;0;0;0;0;0;0;0;0;0;0;0;0;0;0;0;0;0;0;0;0;0;0;0;0;0;0;0;0;0;0;0;0;0;0;0;0;0;0;0;0;0;0;0;0;0;0;0;0;0;0;0;0;0;0;0;0;0;0;0;0;0;0;0;0;0;0;0;0;0;0;0;0;0;0;0;0;0;0;0;0;0;0;0;0;0;0;0;0;0;0;0;0;0;0;0;0;0;0;0;0;0;0;0;0;0;0;0;0;0;0;0;0;0;0;0;0;0;0;0;0;0;0;0;0;0;0;0;0;0;0;0;0;0;0;0;0;0;0;0;0;0;0;0;0;0;0;0;0;0;0;0;0;0;0;0;0;0;0;0;0;0;0;0;0;0;0;;;;;;;;;;;
  Ханты-Мансийский автономный округ - Югра;6 883 634 485;180 933 147;921 495 665;18 629 482;6 009 739 161;197 148 039;627 973 795;23 736 507;1 483 903;143 635;39 846 904;3 074 569;311 679;175;1 128 929 132;30 342 598;292;1 098 609 468;24 243 724;32 956 644;159;895;10 788;8;1 160 993;176 371;2 272 203;26 456;6 068 519;35 728 911;31;0;0;0;0;0;0;0;41 809 113;0;4 097;1 622 104;4 979;838;2 560;509;26;2 862 166;6 234 144;0;2 641 841;5 633 657;0;229 116;626 338;0;45 823;125 268;0;6 874;18 789;0;8 790;25 852;0;196;67;0;5;7;0;0;0;0;0;0;0;0;0;0;0;0;0;0;0;0;0;0;0;0;0;0;0;0;0;0;0;0;0;0;0;0;0;0;0;0;0;0;0;0;0;0;0;0;0;0;0;0;0;0;0;0;0;0;0;0;0;238 040;0;17 783;172 377;0;12 174;65 663;0;5 609;1 970;0;169;0;0;0;0;0;0;83;3 101 556;0;3 222 094;83;0;3;0;0;120 538;0;1;0;0;0;0;0;0;0;0;0;0;0;0;0;0;0;0;0;0;0;0;0;0;0;0;0;0;0;0;464 269;0;0;452 637;0;0;0;0;0;11 632;0;349;0;0;0;0;1 977;0;0;0;0;0;0;0;52 911 505;43 095 794;6 159;12 206 997;2 397 445;366 210;9;16;0;0;0;0;0;0;0;20 184 657;21 547 538;15 796 556;16 461 719;0;0;4 865;9 594;155 006 927;34 794 515;0;19 994 651;36 087 456;0;320 507;0;33 610 862;811 055;1 054 510;1 730 127;0;1 443 272;0;0;0;0;0;1 622 661;15 439 823;0;16 746 485;0;0;0;0;0;0;0;558 774;0;0;0;0;13 420;1;0;0;161;8 301 952;123 092 903;0;0;0;0;0;0;820;1;164;0;0;0;0;0;0;0;0;13 815 247;18;58 591;2;0;0;0;0;0;0;0;0;0;1 240 982;8;124 098;16 409;1;1 641;2 224;2;297;0;0;0;0;0;0;0;0;366 167;2;13 755;4;76 107;1;7 611;184 293;2;24 573;0;0;2 831 409;3;566 282;0;0;0;654;1;131;281 380;21;468 379;11;29 417;22;688 130;52;76 206;9;0;0;0;2 469 760;22;1 033 230;56;53 530;36;140 845;12;1 343;3;268;66 817;7;709 323;55;0;0;0;0;0;0;1 240;1;342 097;4;0;0;301 456 511;3 140;18 612 329;17;0;0;0;16 157;1;3 231;51 620;2;10 324;617 384;3;123 477;29 171;2;5 834;75 234;1;15 047;0;0;0;0;0;0;0;0;0;0;0;0;0;0;0;0;0;0;0;0;0;0;0;0;0;0;0;0;0;0;0;0;63 971;29;0;0;0;0;139 640;39;16 633;2;0;0;139 422;1;0;0;2 100;1;0;0;0;0;0;0;11 091 612;17;402;2;995;1;0;0;9;1;0;0;191 316;1;0;0;0;0;204 503;51;19 741;12;451 908;112;0;0;2 445;4;0;0;1 740 066;8;5 696 395;32;527 322;28;14 588;3;13 118;14;0;0;41;1;0;0;3 133;3;76 590;6;24 409;14;0;0;0;0;169 471;4;397 098;4;0;0;0;0;14;1;0;0;15 314;1;210;1;1 258;1;1 219;2;0;0;0;0;0;0;0;0;0;0;0;0;0;0;17 673;11;0;0;3 347 307;3;0;0;42;3;0;0;0;0;0;0;25 275;1;6 723;2;0;0;0;0;0;0;0;0;0;0;0;0;0;0;0;0;0;0;0;0;0;0;0;12;1;6;;;;;;;;;;;
  Чукотский автономный округ;147 824 276;8 975 252;35 487 257;11 637 447;100 324 372;14 502 081;23 744 734;12 031 301;29 530;592;360;0;10 061;0;59 261 536;3 467 491;20;55 794 045;5 920 091;1 673 702;0;0;0;0;79 345;8 854;37 384;1 328;693 499;0;0;0;0;0;0;0;0;0;693 499;0;0;0;147;48;20;5;207;3 272;0;0;3 272;0;0;0;0;0;0;0;0;0;0;0;0;0;0;1;0;0;0;0;0;0;0;12 085 379;0;0;9 240 197;0;0;2 448 224;0;0;0;0;0;1 882;0;0;487 762;0;0;73 447;0;0;39 604;0;0;13;0;0;5;0;3 167 951;0;0;4 261 684;0;0;0;0;0;48 052;0;0;0;0;0;0;0;1 442;0;0;1 141 785;0;0;2;0;0;0;0;0;0;0;0;0;0;0;0;0;0;0;0;0;0;0;0;0;0;0;0;0;0;0;0;0;0;0;0;0;0;0;0;0;0;0;0;0;0;0;0;0;0;0;0;0;0;0;0;0;0;0;0;0;0;187 570;0;0;317 211;0;0;0;0;0;1 213;0;0;0;0;0;36;206;0;0;130 853;0;0;1;0;0;1 304 580;1 233 727;0;70 853;0;2 126;0;0;0;0;0;0;0;0;0;0;0;0;0;0;0;0;0;42 143;3 674;0;51 326;4 161 963;0;0;0;0;4 161 963;0;0;0;0;0;0;0;0;0;0;0;0;0;0;0;0;0;0;0;0;0;0;0;0;0;0;0;0;0;12;84 639;1 119 597;0;0;0;0;0;0;0;0;0;0;0;0;0;0;0;0;0;167 039;2;0;0;0;0;0;0;0;0;0;0;0;0;0;0;0;0;0;0;0;0;0;0;0;0;0;0;0;0;0;0;185;1;0;0;0;0;0;0;0;0;0;0;0;0;0;0;0;0;0;7 369;2;0;0;266;1;16 011;3;0;0;0;0;0;153;1;16 062;4;0;0;0;0;6 671;1;1 334;0;0;10 525;3;0;0;0;0;0;0;0;0;0;0;0;0;4 969 150;110;718 434;2;0;0;0;0;0;0;0;0;0;0;0;0;0;0;0;0;0;0;0;0;0;0;0;0;0;0;0;0;0;0;0;0;0;0;0;0;0;0;0;0;0;0;0;0;0;0;0;0;0;0;0;0;0;0;0;0;46 180;47;0;0;0;0;0;0;0;0;0;0;0;0;0;0;0;0;3 442 597;2;0;0;0;0;0;0;0;0;0;0;174 397;2;0;0;0;0;15 999;8;18 785;1;73 934;16;0;0;8 573;2;0;0;10 864;3;206 876;13;67 601;12;0;0;35 175;3;0;0;15 632;1;0;0;2 312;1;0;0;1 424;2;0;0;0;0;0;0;21 548;1;982;1;0;0;0;0;0;0;0;0;0;0;0;0;0;0;0;0;0;0;0;0;0;0;0;0;0;0;0;0;977;1;0;0;0;0;0;0;8 574;2;0;0;0;0;0;0;0;0;0;0;0;0;0;0;0;0;0;0;0;0;0;0;0;0;0;0;0;0;0;0;0;0;0;0;0;0;;;;;;;;;;;
  Ямало-Ненецкий автономный округ;2 139 228 197;135 260 772;445 468 172;10 352 985;1 599 912 847;164 656 812;226 569 570;28 315 102;243 765;164 600;258 068 103;569;71 836;0;501 199 687;32 213 507;99;468 986 181;47 194 125;14 068 940;858;12 071;106 000;1;1 062 976;15 756;773 623;2 450;6 442 701;10 020 677;7;0;0;0;0;0;0;0;16 581 449;0;465;0;1 104;318;553;180;26;360 320;2 120 174;27 430;218 525;1 709 888;28 310;142 052;414 101;0;28 410;82 820;0;4 262;12 423;0;257;3 816;880;85;20;1;1;3;1;0;0;0;0;0;0;0;0;0;0;0;0;0;0;0;0;0;0;0;0;0;0;0;0;0;0;0;0;0;0;0;0;0;0;0;0;0;0;0;0;0;0;0;0;0;0;0;0;0;0;0;0;0;0;0;0;6 847;0;15 702;7 438;0;14 163;1 129;0;1 539;34;0;46;1 720;0;0;2;0;0;30 798;0;29 056;0;1 742;0;52;0;0;0;0;0;0;859 353 924;0;0;363 538 017;0;0;247 907 954;0;0;247 907 954;0;0;7 437 239;0;0;34 150 436;0;0;7 993 916;0;0;0;0;0;0;0;0;76 783;0;0;72 334;0;0;0;0;0;4 449;0;133;0;0;0;0;756;0;0;0;0;0;0;0;81 181 156;76 115 168;1 159 733;4 086 443;180 188;122 589;4;12;17;304 951;0;0;0;304 934;2;0;182 300;203 237;39 847;0;0;10 589;578 565;300 436 560;12 100 284;0;864 153;63 271 649;0;0;11 170 486;36 689 013;0;14 945 000;0;0;19 984 176;0;0;0;0;0;0;0;0;25 317 162;0;0;0;0;0;0;0;28 942 212;0;0;0;0;0;0;0;0;64;6 737 475;80 444 246;0;0;0;0;0;0;0;0;0;0;0;0;0;0;0;0;0;71 366;2;0;0;0;0;0;0;0;0;0;0;0;1 008 500;3;100 850;0;0;0;6 285 770;3;838 103;0;0;0;0;0;0;0;0;2 716;2;35 672;3;0;0;0;0;0;0;0;0;0;0;0;0;0;0;0;0;0;557 272;14;2 825;2;26 261;9;95 591;22;2 011;3;0;0;0;241 838;6;598 672;24;24 868;12;123 411;7;120 956;5;24 191;17 372;4;224 936;25;0;0;0;0;0;0;0;0;0;0;0;0;262 380 279;776;1 635 579;6;0;0;0;113;1;23;27 881;1;5 576;5 900;1;1 180;0;0;0;0;0;0;0;0;0;0;0;0;0;0;0;0;403 558;1;0;0;0;0;0;0;0;0;0;0;492 194;1;0;0;0;0;0;0;0;0;58 371;5;0;0;0;0;189 972;32;0;0;0;0;4 231;1;0;0;0;0;0;0;0;0;0;0;7 604 421;5;5 170 616;1;906 487;1;0;0;0;0;0;0;0;0;77 059;1;0;0;104 866;12;48 691;37;720 187;82;0;0;8 760;13;0;0;30 359;4;35 503 215;10;514 723;10;20 642;1;43 810;6;0;0;0;0;0;0;0;0;1 050;1;14 378;4;0;0;0;0;7 829;44;0;0;0;0;0;0;0;0;0;0;81 224;2;0;0;0;0;0;0;0;0;0;0;0;0;0;0;0;0;0;0;0;0;1 004;1;0;0;822 140;23;0;0;0;0;0;0;26 109;1;0;0;0;0;0;0;0;0;0;0;0;0;154 348;0;47 654;0;154 348;0;131 045;0;23 303;0;0;4 661;0;0;0;4 661;0;78;1;5;;;;;;;;;;;
;;;;;;;;;;;;;;;;;;;;;;;;;;;;;;;;;;;;;;;;;;;;;;;;;;;;;;;;;;;;;;;;;;;;;;;;;;;;;;;;;;;;;;;;;;;;;;;;;;;;;;;;;;;;;;;;;;;;;;;;;;;;;;;;;;;;;;;;;;;;;;;;;;;;;;;;;;;;;;;;;;;;;;;;;;;;;;;;;;;;;;;;;;;;;;;;;;;;;;;;;;;;;;;;;;;;;;;;;;;;;;;;;;;;;;;;;;;;;;;;;;;;;;;;;;;;;;;;;;;;;;;;;;;;;;;;;;;;;;;;;;;;;;;;;;;;;;;;;;;;;;;;;;;;;;;;;;;;;;;;;;;;;;;;;;;;;;;;;;;;;;;;;;;;;;;;;;;;;;;;;;;;;;;;;;;;;;;;;;;;;;;;;;;;;;;;;;;;;;;;;;;;;;;;;;;;;;;;;;;;;;;;;;;;;;;;;;;;;;;;;;;;;;;;;;;;;;;;;;;;;;;;;;;;;;;;;;;;;;;;;;;;;;;;;;;;;;;;;;;;;;;;;;;;;;;;;;;;;;;;;;;;;;;;;;;;;;;;;;;;;;;;;;;;;;;;;;;;;;;;;;;;;;;;;;;;;;;;;;;;;;;;;;;;;;;;;;;;;;;;;;;;;;;
;;;;;;;;;;;;;;;;;;;;;;;;;;;;;;;;;;;;;;;;;;;;;;;;;;;;;;;;;;;;;;;;;;;;;;;;;;;;;;;;;;;;;;;;;;;;;;;;;;;;;;;;;;;;;;;;;;;;;;;;;;;;;;;;;;;;;;;;;;;;;;;;;;;;;;;;;;;;;;;;;;;;;;;;;;;;;;;;;;;;;;;;;;;;;;;;;;;;;;;;;;;;;;;;;;;;;;;;;;;;;;;;;;;;;;;;;;;;;;;;;;;;;;;;;;;;;;;;;;;;;;;;;;;;;;;;;;;;;;;;;;;;;;;;;;;;;;;;;;;;;;;;;;;;;;;;;;;;;;;;;;;;;;;;;;;;;;;;;;;;;;;;;;;;;;;;;;;;;;;;;;;;;;;;;;;;;;;;;;;;;;;;;;;;;;;;;;;;;;;;;;;;;;;;;;;;;;;;;;;;;;;;;;;;;;;;;;;;;;;;;;;;;;;;;;;;;;;;;;;;;;;;;;;;;;;;;;;;;;;;;;;;;;;;;;;;;;;;;;;;;;;;;;;;;;;;;;;;;;;;;;;;;;;;;;;;;;;;;;;;;;;;;;;;;;;;;;;;;;;;;;;;;;;;;;;;;;;;;;;;;;;;;;;;;;;;;;;;;;;;;;;;;;;
;;;;;;;;;;;;;;;;;;;;;;;;;;;;;;;;;;;;;;;;;;;;;;;;;;;;;;;;;;;;;;;;;;;;;;;;;;;;;;;;;;;;;;;;;;;;;;;;;;;;;;;;;;;;;;;;;;;;;;;;;;;;;;;;;;;;;;;;;;;;;;;;;;;;;;;;;;;;;;;;;;;;;;;;;;;;;;;;;;;;;;;;;;;;;;;;;;;;;;;;;;;;;;;;;;;;;;;;;;;;;;;;;;;;;;;;;;;;;;;;;;;;;;;;;;;;;;;;;;;;;;;;;;;;;;;;;;;;;;;;;;;;;;;;;;;;;;;;;;;;;;;;;;;;;;;;;;;;;;;;;;;;;;;;;;;;;;;;;;;;;;;;;;;;;;;;;;;;;;;;;;;;;;;;;;;;;;;;;;;;;;;;;;;;;;;;;;;;;;;;;;;;;;;;;;;;;;;;;;;;;;;;;;;;;;;;;;;;;;;;;;;;;;;;;;;;;;;;;;;;;;;;;;;;;;;;;;;;;;;;;;;;;;;;;;;;;;;;;;;;;;;;;;;;;;;;;;;;;;;;;;;;;;;;;;;;;;;;;;;;;;;;;;;;;;;;;;;;;;;;;;;;;;;;;;;;;;;;;;;;;;;;;;;;;;;;;;;;;;;;;;;;;;;
;;;;;;;;;;;;;;;;;;;;;;;;;;;;;;;;;;;;;;;;;;;;;;;;;;;;;;;;;;;;;;;;;;;;;;;;;;;;;;;;;;;;;;;;;;;;;;;;;;;;;;;;;;;;;;;;;;;;;;;;;;;;;;;;;;;;;;;;;;;;;;;;;;;;;;;;;;;;;;;;;;;;;;;;;;;;;;;;;;;;;;;;;;;;;;;;;;;;;;;;;;;;;;;;;;;;;;;;;;;;;;;;;;;;;;;;;;;;;;;;;;;;;;;;;;;;;;;;;;;;;;;;;;;;;;;;;;;;;;;;;;;;;;;;;;;;;;;;;;;;;;;;;;;;;;;;;;;;;;;;;;;;;;;;;;;;;;;;;;;;;;;;;;;;;;;;;;;;;;;;;;;;;;;;;;;;;;;;;;;;;;;;;;;;;;;;;;;;;;;;;;;;;;;;;;;;;;;;;;;;;;;;;;;;;;;;;;;;;;;;;;;;;;;;;;;;;;;;;;;;;;;;;;;;;;;;;;;;;;;;;;;;;;;;;;;;;;;;;;;;;;;;;;;;;;;;;;;;;;;;;;;;;;;;;;;;;;;;;;;;;;;;;;;;;;;;;;;;;;;;;;;;;;;;;;;;;;;;;;;;;;;;;;;;;;;;;;;;;;;;;;;;;;;
;;;;;;;;;;;;;;;;;;;;;;;;;;;;;;;;;;;;;;;;;;;;;;;;;;;;;;;;;;;;;;;;;;;;;;;;;;;;;;;;;;;;;;;;;;;;;;;;;;;;;;;;;;;;;;;;;;;;;;;;;;;;;;;;;;;;;;;;;;;;;;;;;;;;;;;;;;;;;;;;;;;;;;;;;;;;;;;;;;;;;;;;;;;;;;;;;;;;;;;;;;;;;;;;;;;;;;;;;;;;;;;;;;;;;;;;;;;;;;;;;;;;;;;;;;;;;;;;;;;;;;;;;;;;;;;;;;;;;;;;;;;;;;;;;;;;;;;;;;;;;;;;;;;;;;;;;;;;;;;;;;;;;;;;;;;;;;;;;;;;;;;;;;;;;;;;;;;;;;;;;;;;;;;;;;;;;;;;;;;;;;;;;;;;;;;;;;;;;;;;;;;;;;;;;;;;;;;;;;;;;;;;;;;;;;;;;;;;;;;;;;;;;;;;;;;;;;;;;;;;;;;;;;;;;;;;;;;;;;;;;;;;;;;;;;;;;;;;;;;;;;;;;;;;;;;;;;;;;;;;;;;;;;;;;;;;;;;;;;;;;;;;;;;;;;;;;;;;;;;;;;;;;;;;;;;;;;;;;;;;;;;;;;;;;;;;;;;;;;;;;;;;;;;
;;;;;;;;;;;;;;;;;;;;;;;;;;;;;;;;;;;;;;;;;;;;;;;;;;;;;;;;;;;;;;;;;;;;;;;;;;;;;;;;;;;;;;;;;;;;;;;;;;;;;;;;;;;;;;;;;;;;;;;;;;;;;;;;;;;;;;;;;;;;;;;;;;;;;;;;;;;;;;;;;;;;;;;;;;;;;;;;;;;;;;;;;;;;;;;;;;;;;;;;;;;;;;;;;;;;;;;;;;;;;;;;;;;;;;;;;;;;;;;;;;;;;;;;;;;;;;;;;;;;;;;;;;;;;;;;;;;;;;;;;;;;;;;;;;;;;;;;;;;;;;;;;;;;;;;;;;;;;;;;;;;;;;;;;;;;;;;;;;;;;;;;;;;;;;;;;;;;;;;;;;;;;;;;;;;;;;;;;;;;;;;;;;;;;;;;;;;;;;;;;;;;;;;;;;;;;;;;;;;;;;;;;;;;;;;;;;;;;;;;;;;;;;;;;;;;;;;;;;;;;;;;;;;;;;;;;;;;;;;;;;;;;;;;;;;;;;;;;;;;;;;;;;;;;;;;;;;;;;;;;;;;;;;;;;;;;;;;;;;;;;;;;;;;;;;;;;;;;;;;;;;;;;;;;;;;;;;;;;;;;;;;;;;;;;;;;;;;;;;;;;;;;;;
;;;;;;;;;;;;;;;;;;;;;;;;;;;;;;;;;;;;;;;;;;;;;;;;;;;;;;;;;;;;;;;;;;;;;;;;;;;;;;;;;;;;;;;;;;;;;;;;;;;;;;;;;;;;;;;;;;;;;;;;;;;;;;;;;;;;;;;;;;;;;;;;;;;;;;;;;;;;;;;;;;;;;;;;;;;;;;;;;;;;;;;;;;;;;;;;;;;;;;;;;;;;;;;;;;;;;;;;;;;;;;;;;;;;;;;;;;;;;;;;;;;;;;;;;;;;;;;;;;;;;;;;;;;;;;;;;;;;;;;;;;;;;;;;;;;;;;;;;;;;;;;;;;;;;;;;;;;;;;;;;;;;;;;;;;;;;;;;;;;;;;;;;;;;;;;;;;;;;;;;;;;;;;;;;;;;;;;;;;;;;;;;;;;;;;;;;;;;;;;;;;;;;;;;;;;;;;;;;;;;;;;;;;;;;;;;;;;;;;;;;;;;;;;;;;;;;;;;;;;;;;;;;;;;;;;;;;;;;;;;;;;;;;;;;;;;;;;;;;;;;;;;;;;;;;;;;;;;;;;;;;;;;;;;;;;;;;;;;;;;;;;;;;;;;;;;;;;;;;;;;;;;;;;;;;;;;;;;;;;;;;;;;;;;;;;;;;;;;;;;;;;;;;;
;;;;;;;;;;;;;;;;;;;;;;;;;;;;;;;;;;;;;;;;;;;;;;;;;;;;;;;;;;;;;;;;;;;;;;;;;;;;;;;;;;;;;;;;;;;;;;;;;;;;;;;;;;;;;;;;;;;;;;;;;;;;;;;;;;;;;;;;;;;;;;;;;;;;;;;;;;;;;;;;;;;;;;;;;;;;;;;;;;;;;;;;;;;;;;;;;;;;;;;;;;;;;;;;;;;;;;;;;;;;;;;;;;;;;;;;;;;;;;;;;;;;;;;;;;;;;;;;;;;;;;;;;;;;;;;;;;;;;;;;;;;;;;;;;;;;;;;;;;;;;;;;;;;;;;;;;;;;;;;;;;;;;;;;;;;;;;;;;;;;;;;;;;;;;;;;;;;;;;;;;;;;;;;;;;;;;;;;;;;;;;;;;;;;;;;;;;;;;;;;;;;;;;;;;;;;;;;;;;;;;;;;;;;;;;;;;;;;;;;;;;;;;;;;;;;;;;;;;;;;;;;;;;;;;;;;;;;;;;;;;;;;;;;;;;;;;;;;;;;;;;;;;;;;;;;;;;;;;;;;;;;;;;;;;;;;;;;;;;;;;;;;;;;;;;;;;;;;;;;;;;;;;;;;;;;;;;;;;;;;;;;;;;;;;;;;;;;;;;;;;;;;;;;
;;;;;;;;;;;;;;;;;;;;;;;;;;;;;;;;;;;;;;;;;;;;;;;;;;;;;;;;;;;;;;;;;;;;;;;;;;;;;;;;;;;;;;;;;;;;;;;;;;;;;;;;;;;;;;;;;;;;;;;;;;;;;;;;;;;;;;;;;;;;;;;;;;;;;;;;;;;;;;;;;;;;;;;;;;;;;;;;;;;;;;;;;;;;;;;;;;;;;;;;;;;;;;;;;;;;;;;;;;;;;;;;;;;;;;;;;;;;;;;;;;;;;;;;;;;;;;;;;;;;;;;;;;;;;;;;;;;;;;;;;;;;;;;;;;;;;;;;;;;;;;;;;;;;;;;;;;;;;;;;;;;;;;;;;;;;;;;;;;;;;;;;;;;;;;;;;;;;;;;;;;;;;;;;;;;;;;;;;;;;;;;;;;;;;;;;;;;;;;;;;;;;;;;;;;;;;;;;;;;;;;;;;;;;;;;;;;;;;;;;;;;;;;;;;;;;;;;;;;;;;;;;;;;;;;;;;;;;;;;;;;;;;;;;;;;;;;;;;;;;;;;;;;;;;;;;;;;;;;;;;;;;;;;;;;;;;;;;;;;;;;;;;;;;;;;;;;;;;;;;;;;;;;;;;;;;;;;;;;;;;;;;;;;;;;;;;;;;;;;;;;;;;;;
;;;;;;;;;;;;;;;;;;;;;;;;;;;;;;;;;;;;;;;;;;;;;;;;;;;;;;;;;;;;;;;;;;;;;;;;;;;;;;;;;;;;;;;;;;;;;;;;;;;;;;;;;;;;;;;;;;;;;;;;;;;;;;;;;;;;;;;;;;;;;;;;;;;;;;;;;;;;;;;;;;;;;;;;;;;;;;;;;;;;;;;;;;;;;;;;;;;;;;;;;;;;;;;;;;;;;;;;;;;;;;;;;;;;;;;;;;;;;;;;;;;;;;;;;;;;;;;;;;;;;;;;;;;;;;;;;;;;;;;;;;;;;;;;;;;;;;;;;;;;;;;;;;;;;;;;;;;;;;;;;;;;;;;;;;;;;;;;;;;;;;;;;;;;;;;;;;;;;;;;;;;;;;;;;;;;;;;;;;;;;;;;;;;;;;;;;;;;;;;;;;;;;;;;;;;;;;;;;;;;;;;;;;;;;;;;;;;;;;;;;;;;;;;;;;;;;;;;;;;;;;;;;;;;;;;;;;;;;;;;;;;;;;;;;;;;;;;;;;;;;;;;;;;;;;;;;;;;;;;;;;;;;;;;;;;;;;;;;;;;;;;;;;;;;;;;;;;;;;;;;;;;;;;;;;;;;;;;;;;;;;;;;;;;;;;;;;;;;;;;;;;;;;;
