"field name","english description","russian description","format"
"GA","Subjects of the Russian Federation","Субъекты Российской Федерации","integer"
"GB","Sales revenues for profitable organizations (thousand rubles)","Доходы от реализации по прибыльным организациям (тыс. руб.)","integer"
"G1","Sales revenues for unprofitable organizations (thousand rubles)","Доходы от реализации по убыточным организациям (тыс. руб.)","integer"
"G2","Non-operating income for profitable organizations (thousand rubles)","Внереализационные доходы по прибыльным организациям (тыс. руб.)","integer"
"G3","Non-operating income for unprofitable organizations (thousand rubles)","Внереализационные доходы по убыточным организациям (тыс. руб.)","integer"
"G4","Expenses that reduce the amount of income from sales for profitable organizations (thousand rubles)","Расходы, уменьшающие сумму доходов от реализации по прибыльным организациям (тыс. руб.)","integer"
"G5","Expenses that reduce the amount of income from sales for unprofitable organizations (thousand rubles)","Расходы, уменьшающие сумму доходов от реализации по убыточным организациям (тыс. руб.)","integer"
"G6","Non-operating expenses for profitable organizations (thousand rubles)","Внереализационные расходы по прибыльным организациям (тыс. руб.)","integer"
"G7","Non-operating expenses for unprofitable organizations (thousand rubles)","Внереализационные расходы по убыточным организациям (тыс. руб.)","integer"
"G8","Losses reflected in Appendix No. 3 to Sheet 02 of the declaration for profitable organizations (thousand rubles)","Убытки, отраженные в Приложении № 3 к Листу 02 декларации по прибыльным организациям (тыс. руб.)","integer"
"G9","Losses reflected in Appendix No. 3 to Sheet 02 of the declaration for loss-making organizations (thousand rubles)","Убытки, отраженные в Приложении № 3 к Листу 02 декларации по убыточным организациям (тыс. руб.)","integer"
"G10","Income excluded from profit for profitable organizations (thousand rubles)","Доходы, исключаемые из прибыли по прибыльным организациям (тыс. руб.)","integer"
"G11","Income excluded from profits of loss-making organizations (thousand rubles)","Доходы, исключаемые из прибыли по убыточным организациям (тыс. руб.)","integer"
"G12","Adjustment of the tax base for identified errors (distortions) related to past tax periods that led to overpayment of tax by profitable organizations (thousand rubles)","Корректировка налоговой базы на выявленные ошибки (искажения), относящиеся к прошлым налоговым периодам, приведшие к излишней уплате налога по прибыльным организациям (тыс. руб.)","integer"
"G13","Adjustment of the tax base for identified errors (distortions) related to past tax periods that led to overpayment of tax by unprofitable organizations (thousand rubles)","Корректировка налоговой базы на выявленные ошибки (искажения), относящиеся к прошлым налоговым периодам, приведшие к излишней уплате налога  по убыточным организациям (тыс. руб.)","integer"
"G14","Tax base for profitable organizations (thousand rubles)","Налоговая база по прибыльным организациям (тыс. руб.)","integer"
"G15","The amount of loss or part of loss that reduces the tax base for the reporting (tax) period for profitable organizations (thousand rubles)","Сумма убытка или части убытка, уменьшающего налоговую базу за отчетный (налоговый) период по прибыльным организациям (тыс. руб.)","integer"
"G16","The number of taxpayers who reduced the tax base by the amounts of losses from previous years for profitable organizations (units)","Количество налогоплательщиков, уменьшивших налоговую базу на суммы убытков прошлых лет по прибыльным организациям (ед)","integer"
"G17","Tax base for calculating tax on profitable organizations (thousand rubles)","Налоговая база для исчисления налога по прибыльным организациям (тыс. руб.)","integer"
"G18","The amount of the organization's loss calculated for tax purposes for loss-making organizations (thousand rubles)","Сумма убытка организации, исчисленного при налогообложении по убыточным организациям (тыс. руб.)","integer"
"G19","The amount of calculated income tax to the federal budget for profitable organizations (thousand rubles)","Сумма исчисленного налога на прибыль в федеральный бюджет по прибыльным организациям (тыс. руб.)","integer"
"G20","The amount of tax paid outside the Russian Federation and credited towards the tax payment in accordance with the procedure established by Article 311 of the Tax Code of the Russian Federation for profitable organizations (thousand rubles)","Сумма налога, выплаченная за пределами Российской Федерации и засчитываемая в уплату налога согласно порядку, установленному ст.311 НК РФ по прибыльным организациям (тыс. руб.)","integer"
"G21","The amount of tax reduction when applying the federal investment tax deduction: to the federal budget for profitable organizations (thousand rubles)","Сумма уменьшения налога при применении федерального инвестиционного налогового вычета:  в федеральный бюджет  по прибыльным организациям (тыс.руб.)","integer"
"G22","Number of taxpayers who applied the federal investment tax deduction for profitable organizations (units)","Количество налогоплательщиков, применивших федеральный инвестиционный налоговый вычет  по прибыльным организациям (ед.)","integer"
"G23","The amount of tax reduction when applying the investment tax deduction established by the law of the constituent entity of the Russian Federation: to the federal budget for profitable organizations (thousand rubles)","Сумма уменьшения налога при применении инвестиционного налогового вычета, установленного законом субъекта РФ: в федеральный бюджет по прибыльным организациям (тыс.руб.)","integer"
"G24","The amount of tax reduction when applying the investment tax deduction established by the law of the constituent entity of the Russian Federation: to the federal budget for unprofitable organizations (thousand rubles)","Сумма уменьшения налога при применении инвестиционного налогового вычета, установленного законом субъекта РФ: в федеральный бюджет по убыточным организациям (тыс.руб.)","integer"
"G25","The amount of tax reduction when applying the investment tax deduction established by the law of the constituent entity of the Russian Federation to the budgets of the constituent entities of the Russian Federation for profitable organizations (thousand rubles)","Сумма уменьшения налога при применении инвестиционного налогового вычета, установленного законом субъекта РФ в бюджеты субъектов Российской Федерации по прибыльным организациям (тыс.руб.)","integer"
"G26","The amount of tax reduction when applying the investment tax deduction established by the law of the constituent entity of the Russian Federation to the budgets of constituent entities of the Russian Federation for unprofitable organizations (thousand rubles)","Сумма уменьшения налога при применении инвестиционного налогового вычета, установленного законом субъекта РФ в бюджеты субъектов Российской Федерации по убыточным организациям (тыс.руб.)","integer"
"G27","Number of taxpayers who applied the regional investment tax deduction for profitable organizations (units)","Количество налогоплательщиков, применивших региональный инвестиционный налоговый вычет по прибыльным организациям (ед.)","integer"
"G28","Number of taxpayers who applied the regional investment tax deduction for loss-making organizations (units)","Количество налогоплательщиков, применивших региональный инвестиционный налоговый вычет по убыточным организациям (ед.)","integer"
"G29","The amount of income tax to be paid to the federal budget by profitable organizations","Сумма налога на прибыль в федеральный бюджет к доплате  по прибыльным организациям","integer"
"G30","The amount of income tax to be reduced to the federal budget for profitable organizations (thousand rubles)","Сумма налога на прибыль в федеральный бюджет  к уменьшению по прибыльным организациям (тыс. руб.)","integer"
"G31","The amount of income tax to be reduced to the federal budget for unprofitable organizations (thousand rubles)","Сумма налога на прибыль в федеральный бюджет к уменьшению  по убыточным организациям (тыс. руб.)","integer"
"G32","The amount of tax shortfall due to a reduction in the tax base by the amount of loss or part of the loss for profitable organizations (thousand rubles)","Сумма недопоступления налога в связи с уменьшением налоговой базы на сумму убытка или части убытка по прибыльным организациям (тыс. руб.)","integer"
"G33","The amount of shortfall in income tax revenue due to the establishment by laws of constituent entities of the Russian Federation of a reduced tax rate for certain categories of taxpayers in accordance with paragraph 1 of Article 284 of the Tax Code of the Russian Federation (except for residents of special economic zones and participants in regional investment projects) for profitable organizations (thousand rubles)","Сумма недопоступления налога на прибыль в связи с установлением законами субъектов Российской Федерации пониженной ставки налога для отдельных категорий налогоплательщиков в соответствии с п.1 ст.284  НК РФ (кроме резидентов особых экономических зон и участников региональных инвестиционных проектов) по прибыльным организациям (тыс. руб.)","integer"
"G34","Number of taxpayers who applied reduced tax rates (to page 1160 of the report) by profitable organizations (units)","Количество налогоплательщиков, применивших пониженные налоговые ставки (к стр. 1160 отчета) по прибыльным организациям (ед)","integer"
"G35","The amount of shortfall in corporate income tax payments in accordance with paragraphs 1 and 1.2, 1.2-1, 1.10 of Article 284 of the Tax Code of the Russian Federation (thousand rubles) (in relation to residents of special economic zones) to the federal budget for profitable organizations (thousand rubles)","Сумма недопоступления налога на прибыль организаций в соответствии с п.1 и 1.2, 1.2-1, 1.10 ст.  284 НК РФ (тыс. руб.) (в части резидентов особых экономических зон) в федеральный бюджет по прибыльным организациям (тыс. руб.)","integer"
"G36","The amount of shortfall in corporate income tax in accordance with paragraphs 1 and 1.2, 1.2-1, 1.10. 284 of the Tax Code of the Russian Federation (thousand rubles) (in relation to residents of special economic zones) in the budgets of constituent entities of the Russian Federation for profitable organizations (thousand rubles)","Сумма недопоступления налога на прибыль организаций в соответствии с  п.1 и 1.2, 1.2-1, 1.10.  284 НК РФ (тыс. руб.) (в части резидентов особых экономических зон) в бюджеты субъектов Российской Федерации по прибыльным организациям (тыс. руб.)","integer"
"G37","Number of taxpayers who applied reduced tax rates (to lines 1170, 1171 of the report) for profitable organizations (units)","Количество налогоплательщиков, применивших пониженные налоговые ставки (к стр.1170, 1171 отчета) по прибыльным организациям (ед)","integer"
"G38","The amount of shortfall in corporate income tax in accordance with paragraph 5.1 of Article 284 of the Tax Code of the Russian Federation (thousand rubles) (in relation to participants in the Skolkovo project and INTC projects) for profitable organizations (thousand rubles)","Сумма недопоступления налога на прибыль организаций в соответствии с п. 5.1 ст.  284 НК РФ (тыс. руб.) (в части участников проекта «Сколково» и проектов ИНТЦ) по прибыльным организациям (тыс. руб.)","integer"
"G39","The number of taxpayers who applied the 0 percent tax rate (to line 1175 of the report) for profitable organizations (units)","Количество налогоплательщиков, применивших налоговую ставку 0 процентов (к стр.1175 отчета) по прибыльным организациям (ед)","integer"
"G40","Total amount of shortfall in corporate income tax receipts due to the provision of preferences [(line 1115 + line 1117+ line 1118+ line 1157 + line 1160 + line 1170+ line 1171+ line 1175)] (thousand rubles)","Всего сумма недопоступления налога на прибыль организаций в связи с предоставлением  преференций [(строка 1115 + строка 1117+ строка 1118+ строка 1157 + строка 1160 +строка 1170+строка 1171+ строка 1175)] (тыс.руб.)","integer"
"G41","The amount of trade tax by which the calculated advance payments (tax) to the budget of the constituent entity of the Russian Federation are reduced (thousand rubles)","Сумма торгового сбора, на которую уменьшены исчисленные авансовые платежи (налог) в бюджет субъекта Российской Федерации (тыс. руб.)","integer"
"G42","Reference - the number of taxpayers, data on which are provided in Section A of profitable organizations (units)","Справочно - количество налогоплательщиков, данные по которым приведены в Разделе А прибыльных организаций (ед)","integer"
"G43","For reference - the number of taxpayers, data on which are provided in Section A of unprofitable organizations (units)","Справочно - количество налогоплательщиков, данные по которым приведены в Разделе А убыточных организаций (ед)","integer"
"G44","The number of organizations that submitted zero reporting (no indicators in lines 010-120 of Sheet 02, no indicators in Appendices 1, 2, 5 to Sheet 02, Sheets 03, 04, 05, 07, 09) (units)","Количество организаций, представивших нулевую отчетность (отсутствуют показатели по строкам 010-120 Листа 02, отсутствуют показатели в приложениях 1, 2, 5  к Листу 02, Листах 03, 04, 05, 07, 09) (ед)","integer"
"G45","Number of organizations that submitted a single (simplified) tax return (units)","Количество организаций, представивших единую (упрощенную) налоговую декларацию (ед)","integer"
"G46","Reference: Number of non-profit organizations (including theaters, museums, libraries, concert organizations that are budgetary institutions) submitting declarations only for the tax period (units)","Справочно:
Количество некоммерческих организаций (в том числе театров, музеев, библиотек, концертных организаций, являющихся бюджетными учреждениями), представляющих декларации только за налоговый период (ед)","integer"
"G47","Revenues of organizations engaged in educational activities (thousand rubles)","Доходы организаций, осуществляющих образовательную деятельность (тыс. руб.)","integer"
"G48","Income of organizations engaged in medical activities (thousand rubles)","Доходы организаций, осуществляющих  медицинскую деятельность(тыс. руб.)","integer"
"G49","Revenues of organizations engaged in educational and medical activities (thousand rubles)","Доходы организаций, осуществляющих образовательную и  медицинскую деятельность(тыс. руб.)","integer"
"G50","Expenses of organizations engaged in educational activities (thousand rubles)","Расходы организаций, осуществляющих образовательную деятельность(тыс. руб.)","integer"
"G51","Expenses of organizations, medical activities (thousand rubles)","Расходы организаций, медицинскую деятельность(тыс. руб.)","integer"
"G52","Expenses of organizations engaged in educational and medical activities (thousand rubles)","Расходы организаций, осуществляющих образовательную и  медицинскую деятельность(тыс. руб.)","integer"
"G53","Tax base for calculating the tax of organizations engaged in educational activities (thousand rubles)","Налоговая база для исчисления налога организаций, осуществляющих образовательную деятельность(тыс. руб.)","integer"
"G54","Tax base for calculating the tax of organizations engaged in medical activities (thousand rubles)","Налоговая база для исчисления налога организаций, осуществляющих медицинскую деятельность(тыс. руб.)","integer"
"G55","Tax base for calculating the tax of organizations engaged in educational and medical activities (thousand rubles)","Налоговая база для исчисления налога организаций, осуществляющих образовательную и  медицинскую деятельность(тыс. руб.)","integer"
"G56","The amount of tax shortfall due to the application of the zero rate for organizations engaged in educational activities (thousand rubles)","Сумма недопоступления налога  в связи с применением нулевой ставки организаций, осуществляющих образовательную деятельность(тыс. руб.)","integer"
"G57","The amount of tax shortfall due to the application of the zero rate for organizations engaged in medical activities (thousand rubles)","Сумма недопоступления налога  в связи с применением нулевой ставки организаций, существляющих медицинскую деятельность (тыс. руб.)","integer"
"G58","The amount of tax shortfall due to the application of the zero rate for organizations engaged in educational and medical activities (thousand rubles)","Сумма недопоступления налога  в связи с применением нулевой ставки организаций, существляющих образовательную и  медицинскую деятельность(тыс. руб.)","integer"
"G59","The amount of tax shortfall in the federal budget due to the application of the zero rate for organizations engaged in educational activities (thousand rubles)","Сумма недопоступления налога в федеральный бюджет в связи с применением нулевой ставки организаций, существляющих образовательную деятельность(тыс. руб.)","integer"
"G60","The amount of tax shortfall in the federal budget due to the application of the zero rate for organizations engaged in medical activities (thousand rubles)","Сумма недопоступления налога в федеральный бюджет в связи с применением нулевой ставки организаций, существляющих медицинскую деятельность(тыс. руб.)","integer"
"G61","The amount of tax shortfall in the federal budget due to the application of the zero rate for organizations engaged in educational and medical activities (thousand rubles)","Сумма недопоступления налога в федеральный бюджет в связи с применением нулевой ставки организаций, существляющих образовательную и  медицинскую деятельность(тыс. руб.)","integer"
"G62","The amount of loss calculated for tax purposes by organizations engaged in educational activities (thousand rubles)","Сумма убытка, исчисленного при налогообложении организациями, осуществляющими образовательную деятельность(тыс. руб.)","integer"
"G63","The amount of loss calculated for tax purposes by organizations engaged in medical activities (thousand rubles)","Сумма убытка, исчисленного при налогообложении организациями, осуществляющими медицинскую деятельность (тыс. руб.)","integer"
"G64","The amount of loss calculated for tax purposes by organizations engaged in educational and medical activities (thousand rubles)","Сумма убытка, исчисленного при налогообложении организациями, осуществляющими образовательную и  медицинскую деятельность(тыс. руб.)","integer"
"G65","The number of taxpayers, data on which are provided in Section B for organizations carrying out educational activities, total (units)","Количество налогоплательщиков, данные по которым приведены в Разделе Б по организациям, осуществляющим образовательную  деятельность, всего (ед.)","integer"
"G66","The number of taxpayers, data on which are provided in Section B for organizations carrying out medical activities, total (units)","Количество налогоплательщиков, данные по которым приведены в Разделе Б по организациям, осуществляющим медицинскую деятельность, всего (ед.)","integer"
"G67","The number of taxpayers, data on which are provided in Section B for organizations carrying out educational and medical activities, total (units)","Количество налогоплательщиков, данные по которым приведены в Разделе Б по организациям, осуществляющим образовательную и  медицинскую деятельность, всего (ед.)","integer"
"G68","The number of taxpayers, data on which are provided in Section B, including unprofitable organizations engaged in educational activities (units)","Количество налогоплательщиков, данные по которым приведены в Разделе Б, в том числе убыточных организаций, осуществляющих образовательную деятельность(ед.)","integer"
"G69","The number of taxpayers, data on which are provided in Section B, including unprofitable organizations engaged in medical activities (units)","Количество налогоплательщиков, данные по которым приведены в Разделе Б, в том числе убыточных организаций, осуществляющих медицинскую деятельность (ед.)","integer"
"G70","The number of taxpayers, data on which are provided in Section B, including unprofitable organizations engaged in educational and medical activities (units)","Количество налогоплательщиков, данные по которым приведены в Разделе Б, в том числе убыточных организаций, осуществляющих образовательную и  медицинскую деятельность,  (ед.)","integer"
"G71","Income of organizations participating in regional investment projects included in the register of RIP participants (thousand rubles)","Доходы организаций - участников региональных инвестиционных проектов, включенных в реестр участников РИП (тыс. руб.)","integer"
"G72","Income of organizations participating in regional investment projects that applied for the benefit (thousand rubles)","Доходы организаций - участников региональных инвестиционных проектов, подавших заявление о применении льготы (тыс. руб.)","integer"
"G73","Income of organizations - residents of the territory of advanced socio-economic development (thousand rubles)","Доходы организаций - резидентов территоии опережающего социально-экономического развития (тыс. руб.)","integer"
"G74","Expenses of organizations participating in regional investment projects included in the register of RIP participants (thousand rubles)","Расходы организаций - участников региональных инвестиционных проектов, включенных в реестр участников РИП (тыс. руб.)","integer"
"G75","Expenses of organizations participating in regional investment projects that have applied for the benefit (thousand rubles)","Расходы организаций - участников региональных инвестиционных проектов, подавших заявление о применении льготы (тыс. руб.)","integer"
"G76","Expenses of organizations - residents of the territory of advanced socio-economic development (thousand rubles)","Расходы организаций - резидентов территоии опережающего социально-экономического развития (тыс. руб.)","integer"
"G77","Tax base for calculating taxes by organizations participating in regional investment projects included in the register of RIP participants (thousand rubles)","Налоговая база для исчисления налога организациями - участниками региональных инвестиционных проектов, включенных в реестр участников РИП (тыс. руб.)","integer"
"G78","Tax base for calculating the tax by organizations participating in regional investment projects that have submitted an application for the benefit (thousand rubles)","Налоговая база для исчисления налога организациями - участниками региональных инвестиционных проектов, подавших заявление о применении льготы(тыс. руб.)","integer"
"G79","Tax base for calculating taxes by organizations - residents of territories of advanced socio-economic development (thousand rubles)","Налоговая база для исчисления налога организациями - резидентами территорий опережающего социально-экономического развития (тыс. руб.)","integer"
"G80","The amount of calculated income tax to the federal budget by organizations participating in regional investment projects included in the register of participants in regional investment projects (thousand rubles)","Сумма исчисленного налога на прибыль в федеральный бюджет организациями - участниками региональных инвестиционных проектов, включенных в реестр участников РИП (тыс. руб.)","integer"
"G81","The amount of calculated income tax to the federal budget by organizations participating in regional investment projects that have submitted an application for the benefit (thousand rubles)","Сумма исчисленного налога на прибыль в в федеральный бюджет организациями - участниками региональных инвестиционных проектов, подавших заявление о применении льготы (тыс. руб.)","integer"
"G82","The amount of calculated income tax to the budgets of constituent entities of the Russian Federation by organizations - residents of territories of advanced socio-economic development (thousand rubles)","Сумма исчисленного налога на прибыль в бюджеты субъектов Российской Федерации организациями - резидентами территорий опережающего социально-экономического развития (тыс. руб.)","integer"
"G83","The amount of calculated income tax to the budgets of the constituent entities of the Russian Federation by organizations participating in regional investment projects included in the register of RIP participants (thousand rubles)","Сумма исчисленного налога на прибыль в бюджеты субъектов Российской Федерации организациями - участниками региональных инвестиционных проектов, включенных в реестр участников РИП (тыс. руб.)","integer"
"G84","The amount of calculated income tax to the budgets of the constituent entities of the Russian Federation by organizations participating in regional investment projects that submitted an application for the benefit (thousand rubles)","Сумма исчисленного налога на прибыль в бюджеты субъектов Российской Федерации организациями - участниками региональных инвестиционных проектов, подавших заявление о применении льготы (тыс. руб.)","integer"
"G85","The amount of calculated income tax to the budgets of constituent entities of the Russian Federation by organizations - residents of territories of advanced socio-economic development (thousand rubles)","Сумма исчисленного налога на прибыль в бюджеты субъектов Российской Федерации организациями - резидентами территорий опережающего социально-экономического развития (тыс. руб.)","integer"
"G86","The amount of tax shortfall due to the application of zero and reduced tax rates by organizations participating in regional investment projects included in the register of RIP participants (thousand rubles)","Сумма недопоступления налога в связи с применением нулевых и пониженных налоговых ставок организациями - участниками региональных инвестиционных проектов, включенных в реестр участников РИП (тыс. руб.)","integer"
"G87","The amount of tax shortfall due to the application of zero and reduced tax rates by organizations participating in regional investment projects that submitted an application for the benefit (thousand rubles)","Сумма недопоступления налога в связи с применением нулевых и пониженных налоговых ставок организациями - участниками региональных инвестиционных проектов, подавших заявление о применении льготы (тыс. руб.)","integer"
"G88","The amount of tax shortfall due to the application of zero and reduced tax rates by organizations - residents of territories of advanced socio-economic development (thousand rubles)","Сумма недопоступления налога в связи с применением нулевых и пониженных налоговых ставок организациями - резидентами территорий опережающего социально-экономического развития (тыс. руб.)","integer"
"G89","The amount of tax shortfall in the federal budget due to the application of zero and reduced tax rates by organizations participating in regional investment projects included in the register of RIP participants","Сумма недопоступления налога в федеральный бюджет в связи с применением нулевых и пониженных налоговых ставок организациями - участниками региональных инвестиционных проектов, включенные в реестр участников РИП","integer"
"G90","The amount of tax shortfall in the federal budget due to the application of zero and reduced tax rates by organizations participating in regional investment projects that submitted an application for the benefit (thousand rubles)","Сумма недопоступления налога в федеральный бюджет в связи с применением нулевых и пониженных налоговых ставок организациями - участниками региональных инвестиционных проектов, подавшие заявление о применении льготы (тыс. руб.)","integer"
"G91","The amount of tax shortfall in the federal budget due to the application of zero and reduced tax rates by organizations - residents of territories of advanced socio-economic development (thousand rubles)","Сумма недопоступления налога в федеральный бюджет в связи с применением нулевых и пониженных налоговых ставок организациями - резидентами территорий опережающего социально-экономического развития (тыс. руб.)","integer"
"G92","The amount of loss calculated for taxation by organizations participating in regional investment projects included in the register of RIP participants (thousand rubles)","Сумма убытка, исчисленного при налогообложении организациями - участниками региональных инвестиционных проектов, включенные в реестр участников РИП (тыс. руб.)","integer"
"G93","The amount of loss calculated for tax purposes by organizations participating in regional investment projects that have applied for the benefit (thousand rubles)","Сумма убытка, исчисленного при налогообложении организациями - участниками региональных инвестиционных проектов, подавшие заявление о применении льготы (тыс. руб.)","integer"
"G94","The amount of loss calculated for taxation by organizations - residents of territories of advanced socio-economic development (thousand rubles)","Сумма убытка, исчисленного при налогообложении организациями - резидентами территорий опережающего социально-экономического развития (тыс. руб.)","integer"
"G95","The number of taxpayers (loss-making organizations), data on which are provided in Section B - participants in regional investment projects included in the register of participants in RIP (units)","Количество налогоплательщиков (убыточных организаций), данные по которым приведены в Разделе В - участников региональных инвестиционных проектов, включенные в реестр участников РИП (ед.)","integer"
"G96","The number of taxpayers (loss-making organizations), data on which are provided in Section B - participants in regional investment projects who submitted an application for the benefit (units)","Количество налогоплательщиков (убыточных организаций), данные по которым приведены в Разделе В  - участников региональных инвестиционных проектов, подавшие заявление о применении льготы(ед.)","integer"
"G97","The number of taxpayers (loss-making organizations), data on which are provided in Section B - residents of territories of advanced socio-economic development (units)","Количество налогоплательщиков (убыточных организаций), данные по которым приведены в Разделе В   - резидентов территорий оопережающего социально-экономического развития (ед.)","integer"
"G98","Income of organizations – residents of the special economic zone in the Kaliningrad region (thousand rubles)","Доходы организаций – резидентов особой экономической зоны в Калининградской области (тыс. руб.)","integer"
"G99","Income of organizations participating in the free economic zone, residents of the free port of Vladivostok (thousand rubles)","Доходы организаций – участников свободной экономической зоны, резиденты свободного порта Владивосток (тыс. руб.)","integer"
"G100","Income of organizations participating in special investment contracts (thousand rubles)","Доходы организаций – участников специальных инвестиционных контрактов (тыс. руб.)","integer"
"G101","Expenses of organizations – residents of the special economic zone in the Kaliningrad region (thousand rubles)","Расходы организаций – резидентов особой экономической зоны в Калининградской области (тыс. руб.)","integer"
"G102","Expenses of organizations participating in the free economic zone, residents of the free port of Vladivostok (thousand rubles)","Расходы организаций – участников свободной экономической зоны, резиденты свободного порта Владивосток (тыс. руб.)","integer"
"G103","Expenses of organizations participating in special investment contracts (thousand rubles)","Расходы организаций – участников специальных инвестиционных контрактов (тыс. руб.)","integer"
"G104","The amount of losses from previous tax periods that reduced the tax base of organizations resident in the special economic zone in the Kaliningrad region (thousand rubles)","Сумма убытков предыдущих налоговых периодов, уменьшивших налоговую базу организациям-резидентам особой экономической зоны в Калининградской области (тыс. руб.)","integer"
"G105","The amount of losses from previous tax periods that reduced the tax base of organizations participating in the free economic zone, residents of the free port of Vladivostok (thousand rubles)","Сумма убытков предыдущих налоговых периодов, уменьшивших налоговую базу организациям-участникамм свободной экономической зоны, резиденты свободного порта Владивосток (тыс. руб.)","integer"
"G106","The amount of losses from previous tax periods that reduced the tax base of organizations participating in special investment contracts (thousand rubles)","Сумма убытков предыдущих налоговых периодов, уменьшивших налоговую базу организациям-участниками специальных инвестиционных контрактов (тыс. руб.)","integer"
"G107","Tax base for calculating taxes by organizations – residents of the special economic zone in the Kaliningrad region (thousand rubles)","Налоговая база для исчисления налога организациями – резидентами особой экономической зоны в Калининградской области (тыс. руб.)","integer"
"G108","Tax base for calculating taxes by organizations participating in the free economic zone, residents of the free port of Vladivostok (thousand rubles)","Налоговая база для исчисления налога организациями – участниками свободной экономической зоны, резиденты свободного порта Владивосток (тыс. руб.)","integer"
"G109","Tax base for calculating taxes by organizations participating in special investment contracts (thousand rubles)","Налоговая база для исчисления налога организациями – участниками специальных инвестиционных контрактов (тыс. руб.)","integer"
"G110","The amount of calculated income tax to the federal budget by organizations – residents of the special economic zone in the Kaliningrad region (thousand rubles)","Сумма исчисленного налога на прибыль в федеральный бюджет организациями – резидентами особой экономической зоны в Калининградской области (тыс. руб.)","integer"
"G111","The amount of calculated income tax to the federal budget by organizations participating in the free economic zone, residents of the free port of Vladivostok (thousand rubles)","Сумма исчисленного налога на прибыль в федеральный бюджет организациями – участниками свободной экономической зоны, резиденты свободного порта Владивосток (тыс. руб.)","integer"
"G112","The amount of calculated income tax to the budgets of the constituent entities of the Russian Federation by organizations - residents of the special economic zone in the Kaliningrad region (thousand rubles)","Сумма исчисленного налога на прибыль в  бюджеты субъектов Российской Федерации организациями – резидентами особой экономической зоны в Калининградской области (тыс. руб.)","integer"
"G113","The amount of calculated income tax to the budgets of the constituent entities of the Russian Federation by organizations participating in the free economic zone, residents of the free port of Vladivostok (thousand rubles)","Сумма исчисленного налога на прибыль в  бюджеты субъектов Российской Федерации организациями – участниками свободной экономической зоны, резиденты свободного порта Владивосток (тыс. руб.)","integer"
"G114","The amount of calculated income tax to the budgets of constituent entities of the Russian Federation by organizations participating in special investment contracts (thousand rubles)","Сумма исчисленного налога на прибыль в бюджеты субъектов Российской Федерации организациями – участниками специальных инвестиционных контрактов (тыс. руб.)","integer"
"G115","The amount of tax shortfall in the federal budget due to the application of zero and reduced tax rates by organizations – residents of the special economic zone in the Kaliningrad region (thousand rubles)","Сумма недопоступления налога  в федеральный бюджет в связи с применением нулевых и пониженных налоговых ставок организациями – резидентами особой экономической зоны в Калининградской области (тыс. руб.)","integer"
"G116","The amount of tax shortfall in the federal budget due to the application of zero and reduced tax rates by organizations participating in the free economic zone, residents of the free port of Vladivostok (thousand rubles)","Сумма недопоступления налога в федеральный бюджет в связи с применением нулевых и пониженных налоговых ставок организациями – участниками свободной экономической зоны, резиденты свободного порта Владивосток (тыс. руб.)","integer"
"G117","The amount of tax shortfall in the federal budget due to the application of zero and reduced tax rates by organizations participating in special investment contracts (thousand rubles)","Сумма недопоступления налога в федеральный бюджет в связи с применением нулевых и пониженных налоговых ставок организациями – участниками специальных инвестиционных контрактов (тыс. руб.)","integer"
"G118","The amount of loss calculated for tax purposes by organizations – residents of the special economic zone in the Kaliningrad region (thousand rubles)","Сумма убытка, исчисленного при налогообложении организациями – резидентами особой экономической зоны в Калининградской области (тыс. руб.)","integer"
"G119","The amount of loss calculated for taxation by organizations participating in the free economic zone, residents of the free port of Vladivostok (thousand rubles)","Сумма убытка, исчисленного при налогообложении организациями – участниками свободной экономической зоны, резиденты свободного порта Владивосток (тыс. руб.)","integer"
"G120","The amount of loss calculated for tax purposes by organizations participating in special investment contracts (thousand rubles)","Сумма убытка, исчисленного при налогообложении организациями – участниками специальных инвестиционных контрактов (тыс. руб.)","integer"
"G121","The number of taxpayers, data on which are provided in Section G (loss-making organizations) for organizations – residents of the special economic zone in the Kaliningrad region (units)","Количество налогоплательщиков, данные по которым приведены в Разделе Г (убыточных организаций) по организациям – резидентам особой экономической зоны в Калининградской области  (ед.)","integer"
"G122","The number of taxpayers, data on which are provided in Section G (loss-making organizations) by organizations – participants of the free economic zone, residents of the free port of Vladivostok (units)","Количество налогоплательщиков, данные по которым приведены в Разделе Г (убыточных организаций) по организациям – участникам свободной экономической зоны, резиденты свободного порта Владивосток (ед.)","integer"
"G123","The number of taxpayers, data on which are provided in Section G (loss-making organizations) by organizations participating in special investment contracts (units)","Количество налогоплательщиков, данные по которым приведены в Разделе Г (убыточных организаций) по организациям – участникам специальных инвестиционных контрактов (ед.)","integer"
"G124","Revenues of organizations providing social services to citizens (thousand rubles)","Доходы организаций, осуществляющих социальное обслуживание граждан (тыс. руб.)","integer"
"G125","Income of museums, theaters, libraries, whose founders are subjects of the Russian Federation or municipalities (thousand rubles)","Доходы Музеев, театров, библиотек, учредителями которых явля ются субъекты РФ или муниципальные образования (тыс. руб.)","integer"
"G126","Expenses of organizations providing social services to citizens (thousand rubles)","Расходы организаций, осуществляющих социальное обслуживание граждан (тыс. руб.)","integer"
"G127","Expenses of museums, theaters, libraries, whose founders are subjects of the Russian Federation or municipalities (thousand rubles)","Расходы Музеев, театров, библиотек, учредителями которых явля ются субъекты РФ или муниципальные образования(тыс. руб.)","integer"
"G128","Tax base for calculating the tax of organizations providing social services to citizens (thousand rubles)","Налоговая база для исчисления налога организаций, осуществляющих социальное обслуживание граждан (тыс. руб.)","integer"
"G129","Tax base for calculating the tax of museums, theaters, libraries, the founders of which are subjects of the Russian Federation or municipalities (thousand rubles)","Налоговая база для исчисления налога  Музеев, театров, библиотек, учредителями которых явля ются субъекты РФ или муниципальные образования (тыс. руб.)","integer"
"G130","The amount of tax shortfall due to the application of the zero rate to the federal budget of organizations providing social services to citizens (thousand rubles)","Сумма недопоступления налога в связи с применением нулевой ставки в федеральный бюджет организаций, осуществляющих социальное обслуживание граждан (тыс. руб.)","integer"
"G131","The amount of tax shortfall due to the application of the zero rate to the federal budget of museums, theaters, and libraries, the founders of which are constituent entities of the Russian Federation or municipalities (thousand rubles)","Сумма недопоступления налога в связи с применением нулевой ставки в федеральный бюджет Музеев, театров, библиотек, учредителями которых явля ются субъекты РФ или муниципальные образования (тыс. руб.)","integer"
"G132","The amount of loss calculated during taxation of organizations providing social services to citizens (thousand rubles)","Сумма убытка, исчисленного при налогообложении организаций, осуществляющих социальное обслуживание граждан (тыс. руб.)","integer"
"G133","The amount of loss calculated for taxation of museums, theaters, and libraries, the founders of which are constituent entities of the Russian Federation or municipal entities (thousand rubles)","Сумма убытка, исчисленного при налогообложении Музеев, театров, библиотек, учредителями которых явля ются субъекты РФ или муниципальные образования (тыс. руб.)","integer"
"G134","Number of unprofitable organizations providing social services to citizens (units)","Количество убыточных организаций, осуществляющих социальное обслуживание граждан (ед.)","integer"
"G135","Number of museums, theaters, libraries, the founders of which are subjects of the Russian Federation or municipalities (units)","Количество Музеев, театров, библиотек, учредителями которых явля ются субъекты РФ или муниципальные образования (ед)","integer"
"G136","Income of agricultural production organizations (thousand rubles)","Доходы организаций -сельскохозяйст венных товаропроизводителей (тыс. руб.)","integer"
"G137","Revenues of organizations - Regional operators for the handling of municipal solid waste (thousand rubles)","Доходы организаций -Региональных операторов по обращению с твердыми коммунальными отходами (тыс. руб.)","integer"
"G138","Expenses of agricultural producers (thousand rubles)","Расходы организаций -сельскохозяйст венных товаропроизводителей (тыс. руб.)","integer"
"G139","Expenses of organizations - Regional operators for handling municipal solid waste (thousand rubles)","Расходы организаций -Региональных операторов по обращению с твердыми коммунальными отходами (тыс. руб.)","integer"
"G140","Tax base for calculating the tax of organizations – agricultural producers (thousand rubles)","Налоговая база для исчисления налога организаций – сельскохозяйственных товаропроизводителей  (тыс. руб.)","integer"
"G141","Tax base for calculating the tax of organizations - Regional operators for the handling of municipal solid waste (thousand rubles)","Налоговая база для исчисления налога организаций – Региональных операторов по обращению с твердыми коммунальными отходами  (тыс. руб.)","integer"
"G142","The amount of tax shortfall in the federal budget due to the application of the zero rate for agricultural producer organizations (thousand rubles)","Сумма недопоступления налога в федеральный бюджет в связи с применением нулевой ставки организаций – сельскохозяйственных товаропроизводителей  (тыс. руб.)","integer"
"G143","The amount of tax shortfall to the federal budget due to the application of the zero rate for organizations – Regional Operators for the Management of Municipal Solid Waste (thousand rubles)","Сумма недопоступления налога в федеральный бюджет в связи с применением нулевой ставки организаций – Региональных операторов по обращению с твердыми коммунальными отходами  (тыс. руб.)","integer"
"G144","The amount of loss calculated for tax purposes by organizations – agricultural producers (thousand rubles)","Сумма убытка, исчисленного при налогообложении организациями – сельскохозяйственных товаропроизводителей  (тыс. руб.)","integer"
"G145","The amount of loss calculated for tax purposes by organizations – Regional operators for the handling of municipal solid waste (thousand rubles)","Сумма убытка, исчисленного при налогообложении организациями – Региональными операторами по обращению с твердыми коммунальными отходами  (тыс. руб.)","integer"
"G146","The number of taxpayers, data on which are provided in Section D on unprofitable organizations – agricultural producers (units)","Количество налогоплательщиков, данные по которым приведены в Разделе Д по убыточным организациям – сельскохозяйственных товаропроизводителей (ед.)","integer"
"G147","The number of taxpayers, data on which are provided in Section D on unprofitable organizations – Regional operators for the handling of municipal solid waste (units)","Количество налогоплательщиков, данные по которым приведены в Разделе Д по убыточным организациям – Региональным операторам по обращению с твердыми коммунальными отходами (ед.)","integer"
"G148","Income of organizations developing subsoil plots specified in paragraph 1.8-1 of Article 284 of the Tax Code of the Russian Federation (thousand rubles)","Доходы организаций,  осваивающих участки недр, указанные в п. 1.8-1 ст.  284 НК РФ (тыс. руб.)","integer"
"G149","Income of organizations producing liquefied gas and (or) processing hydrocarbon raw materials (clause 1.8-2 of Article 284 of the Tax Code of the Russian Federation (thousand rubles)","Доходы организаций  по производству сжиженного газа и (или) по переработке углеводородного сырья (п.1.8-2 ст.  284 НК РФ (тыс. руб.)","integer"
"G150","Income of organizations engaged in activities related to the provision of rights to use the results of intellectual activity under a license agreement, the exclusive rights to which they own (thousand rubles)","Доходы организаций,  осуществляющих деятельность по предоставлению по лицензионному договору прав использования результатов интеллектуальной деятельности, исключительные права на которые им принадлежат (тыс. руб.)","integer"
"G151","Expenses of organizations developing subsoil plots, specified in paragraph 1.8-1 of Article 284 of the Tax Code of the Russian Federation (thousand rubles)","Расходы организаций,  осваивающих участки недр, указанные в п. 1.8-1 ст.  284 НК РФ (тыс. руб.)","integer"
"G152","Expenses of organizations for the production of liquefied gas and (or) for the processing of hydrocarbon raw materials (clause 1.8-2 of Article 284 of the Tax Code of the Russian Federation (thousand rubles)","Расходы организаций  по производству сжиженного газа и (или) по переработке углеводородного сырья (п.1.8-2 ст.  284 НК РФ (тыс. руб.)","integer"
"G153","Expenses of organizations engaged in activities related to the provision of rights to use the results of intellectual activity under a license agreement, the exclusive rights to which they own (thousand rubles)","Расходы организаций,  осуществляющих деятельность по предоставлению по лицензионному договору прав использования результатов интеллектуальной деятельности, исключительные права на которые им принадлежат (тыс. руб.)","integer"
"G154","The amount of losses from previous tax periods that reduced the tax base of organizations developing subsoil plots specified in paragraph 1.8-1 of Article 284 of the Tax Code of the Russian Federation (thousand rubles)","Сумма убытков предыдущих налоговых периодов, уменьшивших налоговую базу организаций,  осваивающих участки недр, указанные в п. 1.8-1 ст.  284 НК РФ (тыс. руб.)","integer"
"G155","The amount of losses from previous tax periods that reduced the tax base of organizations producing liquefied gas and (or) processing hydrocarbon raw materials (clause 1.8-2 of Article 284 of the Tax Code of the Russian Federation (thousand rubles)","Сумма убытков предыдущих налоговых периодов, уменьшивших налоговую базу организаций  по производству сжиженного газа и (или) по переработке углеводородного сырья (п.1.8-2 ст.  284 НК РФ (тыс. руб.)","integer"
"G156","The amount of losses from previous tax periods that reduced the tax base of organizations engaged in activities related to the provision of rights to use the results of intellectual activity under a license agreement, the exclusive rights to which they own (thousand rubles)","Сумма убытков предыдущих налоговых периодов, уменьшивших налоговую базу организаций,  осуществляющих деятельность по предоставлению по лицензионному договору прав использования результатов интеллектуальной деятельности, исключительные права на которые им принадлежат (тыс. руб.)","integer"
"G157","Tax base for calculating the tax of organizations developing subsoil plots specified in paragraph 1.8-1 of Article 284 of the Tax Code of the Russian Federation (thousand rubles)","Налоговая база для исчисления налога организаций,  осваивающих участки недр, указанные в п. 1.8-1 ст.  284 НК РФ (тыс. руб.)","integer"
"G158","Tax base for calculating the tax of organizations producing liquefied gas and (or) processing hydrocarbon raw materials (clause 1.8-2 of Article 284 of the Tax Code of the Russian Federation (thousand rubles)","Налоговая база для исчисления налога организаций  по производству сжиженного газа и (или) по переработке углеводородного сырья (п.1.8-2 ст.  284 НК РФ (тыс. руб.)","integer"
"G159","Tax base for calculating the tax of organizations engaged in activities related to the provision of rights to use the results of intellectual activity under a license agreement, the exclusive rights to which they own (thousand rubles)","Налоговая база для исчисления налога организаций,  осуществляющих деятельность по предоставлению по лицензионному договору прав использования результатов интеллектуальной деятельности, исключительные права на которые им принадлежат (тыс. руб.)","integer"
"G160","The amount of calculated income tax to the federal budget of organizations developing subsoil plots specified in paragraph 1.8-1 of Article 284 of the Tax Code of the Russian Federation (thousand rubles)","Сумма исчисленного налога на прибыль в федеральный бюджет организаций,  осваивающих участки недр, указанные в п. 1.8-1 ст.  284 НК РФ (тыс. руб.)","integer"
"G161","The amount of calculated income tax to the federal budget of organizations producing liquefied gas and (or) processing hydrocarbon raw materials (clause 1.8-2 of Article 284 of the Tax Code of the Russian Federation (thousand rubles)","Сумма исчисленного налога на прибыль в федеральный бюджет организаций по производству сжиженного газа и (или) по переработке углеводородного сырья (п.1.8-2 ст.  284 НК РФ (тыс. руб.)","integer"
"G162","The amount of calculated income tax to the federal budget of organizations engaged in activities related to the provision of rights to use the results of intellectual activity under a license agreement, the exclusive rights to which they own (thousand rubles)","Сумма исчисленного налога на прибыль в федеральный бюджет организаций,  осуществляющих деятельность по предоставлению по лицензионному договору прав использования результатов интеллектуальной деятельности, исключительные права на которые им принадлежат (тыс. руб.)","integer"
"G163","The amount of calculated income tax to the budgets of constituent entities of the Russian Federation by organizations - organizations developing subsoil areas specified in paragraph 1.8-1 of Article 284 of the Tax Code of the Russian Federation (thousand rubles)","Сумма исчисленного налога на прибыль в бюджеты субъектов Российской Федерации организациями – организаций,  осваивающих участки недр, указанные в п. 1.8-1 ст.  284 НК РФ (тыс. руб.)","integer"
"G164","The amount of calculated income tax to the budgets of constituent entities of the Russian Federation by organizations - organizations producing liquefied gas and (or) processing hydrocarbon raw materials (clause 1.8-2 of Article 284 of the Tax Code of the Russian Federation (thousand rubles)","Сумма исчисленного налога на прибыль в бюджеты субъектов Российской Федерации организациями – организаций по производству сжиженного газа и (или) по переработке углеводородного сырья (п.1.8-2 ст.  284 НК РФ (тыс. руб.)","integer"
"G165","The amount of calculated income tax to the budgets of constituent entities of the Russian Federation by organizations - organizations that carry out activities to provide, under a license agreement, the rights to use the results of intellectual activity, the exclusive rights to which they own (thousand rubles)","Сумма исчисленного налога на прибыль в бюджеты субъектов Российской Федерации организациями – организаций,  осуществляющих деятельность по предоставлению по лицензионному договору прав использования результатов интеллектуальной деятельности, исключительные права на которые им принадлежат (тыс. руб.)","integer"
"G166","The amount of tax shortfall in the budgets of constituent entities of the Russian Federation due to the application of reduced tax rates for organizations developing subsoil plots specified in paragraph 1.8-1 of Article 284 of the Tax Code of the Russian Federation (thousand rubles)","Сумма недопоступления налога в бюджеты субъектов Российской Федерации в связи с применением  пониженных налоговых ставок– организациций,  осваивающих участки недр, указанные в п. 1.8-1 ст.  284 НК РФ (тыс. руб.)","integer"
"G167","The amount of tax shortfall in the budgets of constituent entities of the Russian Federation due to the application of reduced tax rates for organizations producing liquefied gas and (or) processing hydrocarbon raw materials (clause 1.8-2 of Article 284 of the Tax Code of the Russian Federation (thousand rubles)","Сумма недопоступления налога в бюджеты субъектов Российской Федерации в связи с применением  пониженных налоговых ставок– организациций по производству сжиженного газа и (или) по переработке углеводородного сырья (п.1.8-2 ст.  284 НК РФ (тыс. руб.)","integer"
"G168","The amount of tax shortfall in the budgets of constituent entities of the Russian Federation due to the application of reduced tax rates for organizations engaged in activities related to the provision of rights to use the results of intellectual activity under a license agreement, the exclusive rights to which they own (thousand rubles)","Сумма недопоступления налога в бюджеты субъектов Российской Федерации в связи с применением  пониженных налоговых ставок– организаций,  осуществляющих деятельность по предоставлению по лицензионному договору прав использования результатов интеллектуальной деятельности, исключительные права на которые им принадлежат (тыс. руб.)","integer"
"G169","The amount of loss of organizations calculated for tax purposes – organizations developing subsoil areas specified in paragraph 1.8-1 of Article 284 of the Tax Code of the Russian Federation (thousand rubles)","Сумма убытка организаций, исчисленного при налогообложении– организациций,  осваивающих участки недр, указанные в п. 1.8-1 ст.  284 НК РФ (тыс. руб.)","integer"
"G170","The amount of loss of organizations calculated for tax purposes – organizations producing liquefied gas and (or) processing hydrocarbon raw materials (clause 1.8-2 of Article 284 of the Tax Code of the Russian Federation (thousand rubles)","Сумма убытка организаций, исчисленного при налогообложениик– организациций   по производству сжиженного газа и (или) по переработке углеводородного сырья (п.1.8-2 ст.  284 НК РФ (тыс. руб.)","integer"
"G171","The amount of loss of organizations calculated for tax purposes – organizations that carry out activities to provide, under a license agreement, rights to use the results of intellectual activity, the exclusive rights to which they own (thousand rubles)","Сумма убытка организаций, исчисленного при налогообложениик– организаций,  осуществляющих деятельность по предоставлению по лицензионному договору прав использования результатов интеллектуальной деятельности, исключительные права на которые им принадлежат (тыс. руб.)","integer"
"G172","The total number of taxpayers, data on which are provided in Section D 1 (units) - unprofitable organizations developing subsoil areas specified in paragraph 1.8-1 of Article 284 of the Tax Code of the Russian Federation (units)","Количество налогоплательщиков, данные по которым приведены в Разделе Д 1 всего (ед.) - убыточных организаций,  осваивающих участки недр, указанные в п. 1.8-1 ст.  284 НК РФ (ед.)","integer"
"G173","The total number of taxpayers, data on which are provided in Section D 1 (units) - unprofitable organizations for the production of liquefied gas and (or) for the processing of hydrocarbon raw materials (clause 1.8-2 of Article 284 of the Tax Code of the Russian Federation (units)","Количество налогоплательщиков, данные по которым приведены в Разделе Д 1 всего (ед.) - убыточных организаций  по производству сжиженного газа и (или) по переработке углеводородного сырья (п.1.8-2 ст.  284 НК РФ (ед.)","integer"
"G174","The total number of taxpayers, data on which are provided in Section D 1 (units) - organizations engaged in activities to provide, under a license agreement, the rights to use the results of intellectual activity, the exclusive rights to which belong to them (units)","Количество налогоплательщиков, данные по которым приведены в Разделе Д 1 всего (ед.) - организаций,  осуществляющих деятельность по предоставлению по лицензионному договору прав использования результатов интеллектуальной деятельности, исключительные права на которые им принадлежат (ед.)","integer"
"G175","Income of organizations, residents of the Arctic zone of the Russian Federation (thousand rubles)","Доходы организаций, резидентов Арктической зоны РФ округе (тыс. руб.)","integer"
"G176","Revenues of organizations operating in the field of information technology (thousand rubles)","Доходы организаций, осуществляющих  деятельность в области информационных технологий (тыс. руб.)","integer"
"G177","Income of organizations engaged in the design and development of electronic component base products and electronic (radio-electronic) products (thousand rubles)","Доходы организаций по проектированию и разработке изделий электронной компонентной базы и электронной (радиоэлектрон ной) продукции (тыс. руб.)","integer"
"G178","Expenses of organizations, residents of the Arctic zone of the Russian Federation (thousand rubles)","Расходы организаций, резидентов Арктической зоны РФ (тыс. руб.)","integer"
"G179","Expenses of organizations operating in the field of information technology (thousand rubles)","Расходы организаций, осуществляющих осуществляющих  деятельность в области информационных технологий  (тыс. руб.)","integer"
"G180","Expenses of organizations for the design and development of electronic component base products and electronic (radio-electronic) products (thousand rubles)","Расходы организаций по проектированию и разработке изделий электронной компонентной базы и электронной (радиоэлектрон ной) продукции (тыс. руб.)","integer"
"G181","The amount of losses from previous tax periods that reduced the tax base of organizations, residents of the Arctic zone of the Russian Federation (thousand rubles)","Сумма убытков предыдущих налоговых периодов, уменьшивших налоговую базу, организаций, резидентов Арктической зоны РФ (тыс. руб.)","integer"
"G182","The amount of losses from previous tax periods that reduced the tax base of organizations operating in the field of information technology (thousand rubles)","Сумма убытков предыдущих налоговых периодов, уменьшивших налоговую базу,  организаций, осуществляющих деятельность в области информационных технологий   (тыс. руб.)","integer"
"G183","The amount of losses from previous tax periods that reduced the tax base of organizations designing and developing electronic component products and electronic (radio-electronic) products (thousand rubles)","Сумма убытков предыдущих налоговых периодов, уменьшивших налоговую базу, организаций по проектированию и разработке изделий электронной компонентной базы и электронной (радиоэлектрон ной) продукции (тыс. руб.)","integer"
"G184","Tax base for calculating the tax of organizations, residents of the Arctic zone of the Russian Federation (thousand rubles)","Налоговая база для исчисления налога организаций, резидентов Арктической зоны РФ (тыс. руб.)","integer"
"G185","Tax base for calculating the tax of organizations operating in the field of information technology (thousand rubles)","Налоговая база для исчисления налога организаций, осуществляющих деятельность в области информационных технологий (тыс. руб.)","integer"
"G186","Tax base for calculating the tax of organizations engaged in the design and development of electronic component products and electronic (radio-electronic) products (thousand rubles)","Налоговая база для исчисления налога  организаций по проектированию и разработке изделий электронной компонентной базы и электронной (радиоэлектрон ной) продукции (тыс. руб.)","integer"
"G187","The amount of calculated income tax to the federal budget of organizations operating in the field of information technology (thousand rubles)","Сумма исчисленного налога на прибыль в федеральный бюджет организаций,  осуществляющих деятельность в области информационных технологий (тыс. руб.)","integer"
"G188","The amount of calculated income tax to the federal budget of organizations engaged in the design and development of electronic component base products and electronic (radio-electronic) products (thousand rubles)","Сумма исчисленного налога на прибыль в федеральный бюджет организаций по проектированию и разработке изделий электронной компонентной базы и электронной (радиоэлектрон ной) продукции(тыс. руб.)","integer"
"G189","The amount of calculated income tax to the budgets of the constituent entities of the Russian Federation of organizations - residents of the Arctic zone of the Russian Federation (thousand rubles)","Сумма исчисленного налога на прибыль в бюджеты субъектов Российской Федерации организаций  -  резидентов Арктической зоны РФ (тыс. руб.)","integer"
"G190","The amount of tax shortfall in the federal budget due to the application of zero and reduced rates for organizations - residents of the Arctic zone of the Russian Federation (thousand rubles)","Сумма недопоступления налога в федеральный бюджет в связи с применением нулевых и пониженных ставок организаций -  резидентов Арктической зоны РФ (тыс. руб.)","integer"
"G191","The amount of tax shortfall in the federal budget due to the application of zero and reduced rates for organizations operating in the field of information technology (thousand rubles)","Сумма недопоступления налога в федеральный бюджет в связи с применением нулевых и пониженных ставок организаций -   осуществляющих деятельность в области информационных технологий  (тыс.руб.)","integer"
"G192","The amount of tax shortfall in the budgets of the constituent entities of the Russian Federation due to the application of zero and reduced rates for organizations - residents of the Arctic zone (thousand rubles)","Сумма недопоступления налога  в бюджеты субъектов Российской Федерации  в связи с применением нулевых и пониженных ставок организаций  -  резидентов Арктической зоны (тыс. руб.)","integer"
"G193","The amount of tax shortfall in the budgets of the constituent entities of the Russian Federation due to the application of zero and reduced rates for organizations operating in the field of information technology (thousand rubles)","Сумма недопоступления налога  в бюджеты субъектов Российской Федерации в связи с применением нулевых и пониженных ставок  организаций,  осуществляющих деятельность в области информационных технологий  (тыс. руб.)","integer"
"G194","The amount of tax shortfall in the budgets of constituent entities of the Russian Federation due to the application of zero and reduced rates for organizations designing and developing electronic component base products and electronic (radio-electronic) products (thousand rubles)","Сумма недопоступления налога  в бюджеты субъектов Российской Федерации в связи с применением нулевых и пониженных ставок  организаций по проектированию и разработке изделий электронной компонентной базы и электронной (радиоэлектрон ной) продукции  (тыс. руб.)","integer"
"G195","The amount of loss of organizations calculated for tax purposes – organizations - residents of the Arctic zone of the Russian Federation (thousand rubles)","Сумма убытка организаций, исчисленного при налогообложении– организациций  -  резидентов Арктической зоны РФ  (тыс. руб.)","integer"
"G196","The amount of loss of organizations calculated for tax purposes – organizations operating in the field of information technology (thousand rubles)","Сумма убытка организаций, исчисленного при налогообложениик – организаций,  осуществляющих деятельность в области информационных технологий   (тыс. руб.)","integer"
"G197","The amount of loss of organizations calculated for tax purposes – organizations designing and developing electronic component base products and electronic (radio-electronic) products (thousand rubles)","Сумма убытка организаций, исчисленного при налогообложении– организациций  по проектированию и разработке изделий электронной компонентной базы и электронной (радиоэлектрон ной) продукции  (тыс. руб.)","integer"
"G198","The number of taxpayers, data on which are provided in Section D 1, total (units) - unprofitable organizations - residents of the Arctic zone of the Russian Federation (units)","Количество налогоплательщиков, данные по которым приведены в Разделе Д 1 всего (ед.) - убыточных организаций   -  резидентов Арктической зоны РФ (ед.)","integer"
"G199","The total number of taxpayers, data on which are provided in Section D 1 (units) - unprofitable organizations operating in the field of information technology (units)","Количество налогоплательщиков, данные по которым приведены в Разделе Д 1 всего (ед.) - убыточных организациций,   осуществляющих деятельность в области информационных технологий  (ед.)","integer"
"G200","The number of taxpayers, data on which are provided in Section D 1, total (units) - unprofitable organizations for the design and development of electronic component base products and electronic (radio-electronic) products (units)","Количество налогоплательщиков, данные по которым приведены в Разделе Д 1 всего (ед.) - убыточных организаций  по проектированию и разработке изделий электронной компонентной базы и электронной (радиоэлектронной) продукции (ед.)","integer"
"G201","Revenues of organizations producing ammonia and hydrogen (thousand rubles)","Доходы организаций, по производству аммиака и водорода (тыс.руб.)","integer"
"G202","Revenues of organizations included in the register of small technology companies (thousand rubles)","Доходы организаций, включённых в реестр малых технологических компаний  (тыс.руб.)","integer"
"G203","Expenses of organizations for the production of ammonia and hydrogen (thousand rubles)","Расходы организаций, по производству аммиака и водорода (тыс.руб.)","integer"
"G204","Expenses of organizations included in the register of small technology companies (thousand rubles)","Расходы организаций, включённых в реестр малых технологических компаний  (тыс.руб.)","integer"
"G205","The amount of losses from previous tax periods that reduced the tax base of organizations producing ammonia and hydrogen (thousand rubles)","Сумма убытков предыдущих налоговых периодов, уменьшивших налоговую базу,  организаций, по производству аммиака и водорода  (тыс.руб.)","integer"
"G206","The amount of losses from previous tax periods that reduced the tax base of organizations included in the register of small technology companies (thousand rubles)","Сумма убытков предыдущих налоговых периодов, уменьшивших налоговую базу, организаций, включённых в реестр малых технологических компаний (тыс.руб.)","integer"
"G207","Tax base for calculating the tax of organizations producing ammonia and hydrogen (thousand rubles)","Налоговая база для исчисления налога организаций, по производству аммиака и водорода   (тыс.руб.)","integer"
"G208","Tax base for calculating the tax of organizations included in the register of small technology companies (thousand rubles)","Налоговая база для исчисления налога  организаций, включённых в реестр малых технологических компаний (тыс.руб.)","integer"
"G209","The amount of calculated income tax to the federal budget of organizations producing ammonia and hydrogen (thousand rubles)","Сумма исчисленного налога на прибыль в федеральный бюджет организаций,  по производству аммиака и водорода  (тыс.руб.)","integer"
"G210","The amount of calculated income tax to the federal budget of organizations included in the register of small technology companies (thousand rubles)","Сумма исчисленного налога на прибыль в федеральный бюджет организаций,  включённых в реестр малых технологических компаний (тыс.руб.)","integer"
"G211","The amount of calculated income tax in the budgets of constituent entities of the Russian Federation of organizations producing ammonia and hydrogen (thousand rubles)","Сумма исчисленного налога на прибыль в бюджеты субъектов Российской Федерации организаций,  по производству аммиака и водорода  (тыс.руб.)","integer"
"G212","The amount of calculated income tax in the budgets of constituent entities of the Russian Federation of organizations included in the register of small technology companies (thousand rubles)","Сумма исчисленного налога на прибыль в бюджеты субъектов Российской Федерации  организаций,  включённых в реестр малых технологических компаний (тыс.руб.)","integer"
"G213","The amount of tax shortfall in the budgets of the constituent entities of the Russian Federation due to the application of zero and reduced rates for organizations producing ammonia and hydrogen (thousand rubles)","Сумма недопоступления налога  в бюджеты субъектов Российской Федерации  в связи с применением нулевых и пониженных ставок организаций   по производству аммиака и водорода (тыс.руб.)","integer"
"G214","The amount of tax shortfall in the budgets of the constituent entities of the Russian Federation due to the application of zero and reduced rates for organizations included in the register of small technology companies (thousand rubles)","Сумма недопоступления налога  в бюджеты субъектов Российской Федерации в связи с применением нулевых и пониженных ставок  организаций,  включённых в реестр малых технологических компаний (тыс.руб.)","integer"
"G215","The amount of loss of organizations calculated for tax purposes – organizations producing ammonia and hydrogen (thousand rubles)","Сумма убытка организаций, исчисленного при налогообложении– организаций  по производству аммиака и водорода  (тыс.руб.)","integer"
"G216","The amount of loss of organizations calculated for tax purposes – organizations included in the register of small technology companies (thousand rubles)","Сумма убытка организаций, исчисленного при налогообложениик – организаций,  включённых в реестр малых технологических компаний (тыс.руб.)","integer"
"G217","The number of taxpayers, data on which are provided in Section D 3, total (units) - unprofitable organizations for the production of ammonia and hydrogen (units)","Количество налогоплательщиков, данные по которым приведены в Разделе Д 3 всего (ед.) - убыточных организаций   по производству аммиака и водорода   (ед.)","integer"
"G218","The number of taxpayers, data for which are provided in Section D 3, total (units) - unprofitable organizations included in the register of small technology companies (units)","Количество налогоплательщиковданные по которым приведены в Разделе Д 3 всего (ед.) - убыточных организациций,   включённых в реестр малых технологических компаний(ед.)","integer"
"G219","Income of foreign organizations operating in the Russian Federation through permanent establishments (thousand rubles)","Доходы иностранных организаций, осуществляющих деятельность в Российской Федерации через постоянные представительства (тыс. руб.)","integer"
"G220","Expenses of foreign organizations operating in the Russian Federation through permanent establishments (thousand rubles)","Расходы иностранных организаций, осуществляющих деятельность в Российской Федерации через постоянные представительства (тыс. руб.)","integer"
"G221","The amount of losses from previous tax periods that reduced the tax base of foreign organizations operating in the Russian Federation through permanent establishments (thousand rubles)","Сумма убытков предыдущих налоговых периодов, уменьшивших налоговую базу ингостранных организаций, осуществляющих деятельность в Российской Федерации через постоянные представительства (тыс. руб.)","integer"
"G222","Tax base for calculating tax to the federal budget of foreign organizations operating in the Russian Federation through permanent establishments (thousand rubles)","Налоговая база для исчисления налога в федеральный бюджет иностранных организаций, осуществляющих деятельность в Российской Федерации через постоянные представительства (тыс. руб.)","integer"
"G223","The amount of loss calculated for taxation of foreign organizations operating in the Russian Federation through permanent establishments (thousand rubles)","Сумма убытка, исчисленного при налогообложении  иностранных организаций, осуществляющих деятельность в Российской Федерации через постоянные представительства (тыс. руб.)","integer"
"G224","The amount of tax to the federal budget as calculated by foreign organizations operating in the Russian Federation through permanent establishments (thousand rubles)","Сумма налога в федеральный бюджет по расчету иностранных организаций, осуществляющих деятельность в Российской Федерации через постоянные представительства (тыс. руб.)","integer"
"G225","The number of tax returns indicating the losses of taxpayers, the data on which are provided in Section E (loss-making organizations) - foreign organizations operating in the Russian Federation through permanent establishments (units)","Количество налоговых деклараций, в которых указаны убытки налогоплательщиков, данные по которым приведены в Разделе Е (убыточных организаций) - иностранных организаций, осуществляющих деятельность в Российской Федерации через постоянные представительства (ед.)","integer"
"G226","Number of tax returns with zero indicators (units) - foreign organizations operating in the Russian Federation through permanent establishments (units)","Количество налоговых деклараций с нулевыми показателями  (ед.) - иностранных организаций, осуществляющих деятельность в Российской Федерации через постоянные представительства (ед.)","integer"
"G227","Revenues of organizations engaged in activities related to the extraction of hydrocarbon raw materials at new offshore hydrocarbon raw material deposits (thousand rubles)","Доходы организаций, осуществляющих деятельность, связанную с добычей углеводородного сырья на новых морских месторождениях углеводородного сырья (тыс. руб.)","integer"
"G228","Expenses of organizations engaged in activities related to the extraction of hydrocarbon raw materials at new offshore hydrocarbon raw material fields (thousand rubles)","Расходы организаций, осуществляющих деятельность, связанную с добычей углеводородного сырья на новых морских месторождениях углеводородного сырья  (тыс. руб.)","integer"
"G229","The amount of losses from previous tax periods that reduced the tax base of organizations engaged in activities related to the extraction of hydrocarbon raw materials at new offshore hydrocarbon deposits (thousand rubles)","Сумма убытков предыдущих налоговых периодов, уменьшивших налоговую базу  ораганизациям, осуществляющим деятельность,связанную с добычейуглеводородного сыфрья на новых морских месторождениях углеводородного сырья (тыс. руб.)","integer"
"G230","Tax base for calculating the tax of organizations engaged in activities related to the extraction of hydrocarbon raw materials at new offshore hydrocarbon raw material deposits (thousand rubles)","Налоговая база для исчисления налога организаций, осуществляющих деятельность, связанную с добычей углеводородного сырья на новых морских месторождениях углеводородного сырья  (тыс. руб.)","integer"
"G231","The amount of tax on the profit of organizations engaged in activities related to the extraction of hydrocarbon raw materials at new offshore hydrocarbon raw material fields (thousand rubles)","Сумма налога на прибыль организаций, осуществляющих деятельность, связанную с добычей углеводородного сырья на новых морских месторождениях углеводородного сырья  (тыс. руб.)","integer"
"G232","The amount of loss calculated in the taxation of organizations engaged in activities related to the extraction of hydrocarbon raw materials at new offshore hydrocarbon raw material fields (thousand rubles)","Сумма убытка, исчисленного при налогообложении организаций, осуществляющих деятельность, связанную с добычей углеводородного сырья на новых морских месторождениях углеводородного сырья  (тыс. руб.)","integer"
"G233","The number of taxpayers, data on which are provided in Section G - organizations carrying out activities related to the extraction of hydrocarbon raw materials at new offshore hydrocarbon raw material fields (units)","Количество налогоплательщиков, данные по которым приведены в Разделе Ж - организаций, осуществляющих деятельность, связанную с добычей углеводородного сырья на новых морских месторождениях углеводородного сырья (ед.)","integer"
"G234","Revenue from sales (disposal) of securities traded on the organized securities market (thousand rubles)","Выручка от реализации (выбытия) по операциям с ценными бумагами, обращающимися на организованном рынке ценных бумаг (тыс. руб.)","integer"
"G235","Expenses related to the acquisition and sale (disposal) of securities traded on the organized securities market (thousand rubles)","Расходы, связанные с приобретением и реализацией (выбытием) по операциям с ценными бумагами, обращающимися на организованном рынке ценных бумаг (тыс. руб.)","integer"
"G236","Income from disposal of securities not traded on the organized securities market (thousand rubles)","Доход от выбытия по операциям с ценными бумагами, не обращающимися на организованном рынке ценных бумаг (тыс. руб.)","integer"
"G237","Expenses related to the acquisition and sale (disposal) of securities not traded on the organized securities market (thousand rubles)","Расходы, связанные с приобретением и реализацией (выбытием) по операциям с ценными бумагами, не обращающимися на организованном рынке ценных бумаг (тыс. руб.)","integer"
"G238","Income from disposal of operations with financial instruments of futures transactions not traded on the organized market (thousand rubles)","Доход от выбытия по операциям с финансовыми инструментами срочных сделок, не обращающимися на организованном рынке (тыс. руб.)","integer"
"G239","Expenses related to the acquisition and sale (disposal) of financial instruments for futures transactions not traded on the organized market (thousand rubles)","Расходы, связанные с приобретением и реализацией (выбытием) по операциям с финансовыми инструментами срочных сделок, не обращающимися на организованном рынке (тыс. руб.)","integer"
"G240","Taxable base for transactions with non-negotiable securities and financial instruments of futures transactions (excluding the carry-forward of losses from previous years) (thousand rubles)","Налоговая база по операциям с необращающимися ценными бумагами и финансовыми инструментами срочных сделок (без учета переноса убытков прошлых лет) (тыс. руб.)","integer"
"G241","The taxable base for income from the sale or other disposal (including redemption) of shares (participatory interests), bonds, taxable at a tax rate of 0% in accordance with paragraph 4.1 of Article 284 of the Tax Code of the Russian Federation (thousand rubles)","Налоговая база по доходам от реализации или иного выбытия (в том числе погашения) акций (долей участия), облигаций, облагаемая по налоговой ставке 0% согласно пункту 4.1 статьи  284 НК РФ (тыс. руб.)","integer"
"G242","Dividends (income from equity participation in other organizations) - dividends payable to shareholders (participants) - Russian organizations, including dividends from which the tax is calculated at a rate of 0% (thousand rubles)","Дивиденды (доходы от долевого участия в других организациях) - 
дивиденды, подлежащие выплате акционерам (участникам) - российским организациям, в том числе дивиденты, с которых исчислеен налог по ставке 0% (тыс. руб.)","integer"
"G243","Dividends (income from equity participation in other organizations) - dividends payable to shareholders (participants) - Russian organizations, including dividends from which tax is calculated at a rate of 13% (thousand rubles)","Дивиденды (доходы от долевого участия в других организациях) - 
дивиденды, подлежащие выплате акционерам (участникам) - российским организациям, в том числе дивиденты, с которых исчислеен налог по ставке 13% (тыс. руб.)","integer"
"G244","Dividends (income from equity participation in other organizations) - dividends payable to shareholders (participants) - international holding companies, on whose dividends the tax is calculated at a rate of 0% (thousand rubles)","Дивиденды (доходы от долевого участия в других организациях) - 
дивиденды, подлежащие выплате акционерам (участникам) - международным холдинговым компаниям, с дивидендов которых исчислен налог по ставке 0% (тыс. руб.)","integer"
"G245","Dividends (income from equity participation in other organizations) - dividends payable to shareholders (participants) - individuals who are tax residents of the Russian Federation (thousand rubles)","Дивиденды (доходы от долевого участия в других организациях) - 
дивиденды, подлежащие выплате акционерам (участникам) - физическим лицам, являющимся налоговыми резидентами
     Российской Федерации
(тыс. руб.)","integer"
"G246","Dividends (income from equity participation in other organizations) - dividends payable to shareholders (participants) - foreign organizations (thousand rubles)","Дивиденды (доходы от долевого участия в других организациях) - 
дивиденды, подлежащие выплате акционерам (участникам) - иностранным организациям(тыс. руб.)","integer"
"G247","Dividends (income from equity participation in other organizations) - dividends payable to shareholders (participants) - foreign organizations, including Russian organizations that are the actual recipients of income (thousand rubles)","Дивиденды (доходы от долевого участия в других организациях) - 
дивиденды, подлежащие выплате акционерам (участникам) - иностранным организациям, в том числе фактическими получателями дохода являются российские организации (тыс. руб.)","integer"
"G248","Dividends (income from equity participation in other organizations) - dividends payable to shareholders (participants) - individuals who are not tax residents of the Russian Federation (thousand rubles)","Дивиденды (доходы от долевого участия в других организациях) - 
дивиденды, подлежащие выплате акционерам (участникам) - физическим лицам, не являющимся налоговыми резидентами
     Российской Федерации
(тыс. руб.)","integer"
"G249","Dividends (income from equity participation in other organizations) - dividends payable to shareholders (participants) - foreign organizations, individuals who are not tax residents of the Russian Federation, taxes on which, in accordance with international treaties, are calculated at a rate of 0% (thousand rubles).","Дивиденды (доходы от долевого участия в других организациях) - 
дивиденды, подлежащие выплате акционерам (участникам) - иностранным организациями физическим лицам, не являющимся налоговыми резидентами
     Российской Федерации, налоги с которых согласно международным договорам исчислены по ставке 0% (тыс. руб.)","integer"
"G250","Dividends (income from equity participation in other organizations) - dividends payable to shareholders (participants) - foreign organizations, individuals who are not tax residents of the Russian Federation, taxes on which, in accordance with international treaties, are calculated at a rate of up to 5% inclusive (thousand rubles).","Дивиденды (доходы от долевого участия в других организациях) - 
дивиденды, подлежащие выплате акционерам (участникам) - иностранным организациями физическим лицам, не являющимся налоговыми резидентами
     Российской Федерации, налоги с которых согласно международным договорам исчислены по ставке до 5% включительно(тыс. руб.)","integer"
"G251","Dividends (income from equity participation in other organizations) - dividends payable to shareholders (participants) - foreign organizations, individuals who are not tax residents of the Russian Federation, taxes on which, in accordance with international treaties, are calculated at a rate of over 5% to 10% inclusive (thousand rubles).","Дивиденды (доходы от долевого участия в других организациях) - 
дивиденды, подлежащие выплате акционерам (участникам) - иностранным организациями физическим лицам, не являющимся налоговыми резидентами
     Российской Федерации, налоги с которых согласно международным договорам исчислены по ставке свыше 5 до  10% включительно(тыс. руб.)","integer"
"G252","Dividends (income from equity participation in other organizations) - dividends payable to shareholders (participants) - foreign organizations, individuals who are not tax residents of the Russian Federation, taxes on which, in accordance with international treaties, are calculated at a rate exceeding 10% (thousand rubles).","Дивиденды (доходы от долевого участия в других организациях) - 
дивиденды, подлежащие выплате акционерам (участникам) - иностранным организациями физическим лицам, не являющимся налоговыми резидентами
     Российской Федерации, налоги с которых согласно международным договорам исчислены по ставке свыше   10% (тыс. руб.)","integer"
"G253","Dividends paid to foreign organizations that are residents of the Republic of Cyprus at rates of 5% (thousand rubles)","Дивиденды, выплаченные иностранным организациям, являющимся резидентами - Республика Кипр по ставкам
5 %
(тыс. руб.)","integer"
"G254","Dividends paid to foreign organizations that are residents of the Republic of Cyprus at rates of 15% (thousand rubles)","Дивиденды, выплаченные иностранным организациям, являющимся резидентами - Республика Кипр по ставкам 15 %(тыс. руб.)","integer"
"G255","Dividends paid to foreign organizations that are residents of the Cayman Islands at a rate of 15% (thousand rubles)","Дивиденды, выплаченные иностранным организациям, являющимся резидентами - Острова Кайман по ставке
15 %
(тыс. руб.)","integer"
"G256","Dividends paid to foreign organizations that are residents of the United States of America at rates of 5% (thousand rubles)","Дивиденды, выплаченные иностранным организациям, являющимся резидентами - Соединенные Штаты Америки по ставкам
5 %
(тыс. руб.)","integer"
"G257","Dividends paid to foreign organizations that are residents of the United States of America at rates of 10% (thousand rubles)","Дивиденды, выплаченные иностранным организациям, являющимся резидентами - Соединенные Штаты Америки по ставкам 10 %(тыс. руб.)","integer"
"G258","Dividends paid to foreign organizations that are residents of the United States of America at rates of 15% (thousand rubles)","Дивиденды, выплаченные иностранным организациям, являющимся резидентами - Соединенные Штаты Америки по ставкам 15 %(тыс. руб.)","integer"
"G259","Dividends paid to foreign organizations that are residents of the United Kingdom of Great Britain and Northern Ireland at rates of 10% (thousand rubles)","Дивиденды, выплаченные иностранным организациям, являющимся резидентами - Соединенное Королевство Великобритании и
Северной Ирландии по ставкам
10 %
(тыс. руб.)","integer"
"G260","Dividends paid to foreign organizations that are residents of the United Kingdom of Great Britain and Northern Ireland at rates of 15% (thousand rubles)","Дивиденды, выплаченные иностранным организациям, являющимся резидентами - Соединенное Королевство Великобритании и
Северной Ирландии по ставкам
15 % (тыс. руб.)","integer"
"G261","Dividends paid to foreign organizations that are residents of the Kingdom of the Netherlands at rates of 15% (thousand rubles)","Дивиденды, выплаченные иностранным организациям, являющимся резидентами - Королевство Нидерландов по ставкам
15 % (тыс. руб.)","integer"
"G262","Dividends paid to foreign organizations that are residents of the Federal Republic of Germany at rates of 5% (thousand rubles)","Дивиденды, выплаченные иностранным организациям, являющимся резидентами - Федеративная Республика Германия по ставкам
5 %
(тыс. руб.)","integer"
"G263","Dividends paid to foreign organizations that are residents of the Federal Republic of Germany at rates of 15% (thousand rubles)","Дивиденды, выплаченные иностранным организациям, являющимся резидентами - Федеративная Республика Германия по ставкам
15 % (тыс. руб.)","integer"
"G264","Dividends paid to foreign organizations that are residents of the Swiss Confederation at rates of 5% (thousand rubles)","Дивиденды, выплаченные иностранным организациям, являющимся резидентами - Швейцарская Конфедерация по ставкам
5 %
(тыс. руб.)","integer"
"G265","Dividends paid to foreign organizations that are residents of the Swiss Confederation at rates of 15% (thousand rubles)","Дивиденды, выплаченные иностранным организациям, являющимся резидентами - Швейцарская Конфедерация по ставкам
15 %(тыс. руб.)","integer"
"G266","Dividends paid to foreign organizations that are residents of the Kingdom of Sweden at rates of 5% (thousand rubles)","Дивиденды, выплаченные иностранным организациям, являющимся резидентами - Королевство Швеция по ставкам
5 %
(тыс. руб.)","integer"
"G267","Dividends paid to foreign organizations that are residents of the Kingdom of Sweden at rates of 15% (thousand rubles)","Дивиденды, выплаченные иностранным организациям, являющимся резидентами - Королевство Швеция по ставкам
15 %(тыс. руб.)","integer"
"G268","Dividends paid to foreign organizations that are residents of the British Virgin Islands at a rate of 15% (thousand rubles)","Дивиденды, выплаченные иностранным организациям, являющимся резидентами - Британские Виргинские острова по ставке
15 %
(тыс. руб.)","integer"
"G269","Dividends paid to foreign organizations that are residents of other countries at rates of 0% (thousand rubles)","Дивиденды, выплаченные иностранным организациям, являющимся резидентами - другие государства по ставкам
0 %
(тыс. руб.)","integer"
"G270","Dividends paid to foreign organizations that are residents of other countries at rates of 5% (thousand rubles)","Дивиденды, выплаченные иностранным организациям, являющимся резидентами - другие государства по ставкам
5 % (тыс. руб.)","integer"
"G271","Dividends paid to foreign organizations that are residents of other countries at rates of 10% (thousand rubles)","Дивиденды, выплаченные иностранным организациям, являющимся резидентами - другие государства по ставкам
10 % (тыс. руб.)","integer"
"G272","Dividends paid to foreign organizations that are residents of other countries at rates of 15% (thousand rubles)","Дивиденды, выплаченные иностранным организациям, являющимся резидентами - другие государства по ставкам
15 % (тыс. руб.)","integer"
"G273","R&D expenses according to the list established by the Government of the Russian Federation, taken into account for tax purposes by certain categories of taxpayers (thousand rubles)","Расходы на НИОКР по перечню, установленному Правительством РФ, учитываемые для целей налогообложения отдельными категориями налогоплательщиков  (тыс. руб.)","integer"
"G274","The number of taxpayers who incurred R&D expenses according to the list established by the Government of the Russian Federation, taken into account for tax purposes by certain categories of taxpayers (units)","Количество налогоплательщиков произведших расходы на НИОКР по перечню, установленному Правительством РФ, учитываемые для целей налогообложения отдельными категориями налогоплательщиков  (ед.)","integer"
"G275","R&D expenses that did not yield a positive result, taken into account for tax purposes by certain categories of taxpayers (thousand rubles)","Расходы на НИОКР , не давшие положительного результата , учитываемые для целей налогообложения отдельными категориями налогоплательщиков (тыс. руб.)","integer"
"G276","The number of taxpayers who incurred R&D expenses that did not yield a positive result, taken into account for tax purposes by certain categories of taxpayers (units)","Количество налогоплательщиков, произведших расходы на НИОКР,  не давшие положительного результата учитываемые для целей налогообложения отдельными категориями налогоплательщиков  (ед.)","integer"
"G277","R&D expenses on the list established by the Government of the Russian Federation that did not yield a positive result, taken into account for tax purposes by certain categories of taxpayers (thousand rubles)","Расходы на НИОКР  по перечню, установленному Приавительством РФ, не давшие положительного результата , учитываемые для целей налогообложения отдельными категориями налогоплательщиков (тыс. руб.)","integer"
"G278","The number of taxpayers who incurred R&D expenses on the list established by the Government of the Russian Federation that did not yield a positive result, taken into account for tax purposes by certain categories of taxpayers (units)","Количество налогоплательщиков, произведших расходы на НИОКР  по перечню, установленному Приавительством РФ, не давшие положительного результата, учитываемые для целей налогообложения отдельными категориями налогоплательщиков (ед.)","integer"
"G279","The number of taxpayers who applied the ""depreciation premium"" to capital investment expenses in accordance with the second paragraph of clause 9 of Article 258 of the Tax Code of the Russian Federation taken into account for tax purposes by certain categories of taxpayers (units)","Количество налогоплательщиков, применивших «амортизационную премию» по  расходам на капитальные вложения в соответствии с абзацем вторым п. 9 ст. 258 НК РФ учитываемые для целей налогообложения отдельными категориями налогоплательщиков (ед.)","integer"
"G280","the amount of the depreciation premium in the amount of no more than 10% of the expenses on capital investments in accordance with the second paragraph of clause 9 of Article 258 of the Tax Code of the Russian Federation taken into account for tax purposes by certain categories of taxpayers (thousand rubles)","сумма амортизационной премии в размере не более 10 % по расходам на капитальные вложения в соответствии с абзацем вторым п. 9 ст. 258 НК РФ учитываемые для целей налогообложения отдельными категориями налогоплательщиков  (тыс. руб.)","integer"
"G281","the amount of the depreciation premium in the amount of no more than 30% of the expenses on capital investments in accordance with the second paragraph of clause 9 of Article 258 of the Tax Code of the Russian Federation taken into account for tax purposes by certain categories of taxpayers (thousand rubles)","сумма амортизационной премии в размере не более 30 % по расходам на капитальные вложения в соответствии с абзацем вторым п. 9 ст. 258 НК РФучитываемые для целей налогообложения отдельными категориями налогоплательщиков (тыс. руб.)","integer"
"G282","expenses incurred by a taxpayer-organization employing disabled persons, in accordance with subparagraph 38 of paragraph 1 of Article 264 of the Tax Code of the Russian Federation, taken into account for tax purposes by certain categories of taxpayers (thousand rubles)","расходы, осуществленные налогоплательщиком-организацией, использующим труд инвалидов, согласно пп.38 п.1 ст.264 НК РФ учитываемые для целей налогообложения отдельными категориями налогоплательщиков (тыс. руб.)","integer"
"G283","The number of taxpayers who incurred expenses incurred by a taxpayer-organization employing disabled persons, in accordance with subparagraph 38 of paragraph 1 of Article 264 of the Tax Code of the Russian Federation, taken into account for tax purposes by certain categories of taxpayers (units)","Количество налогоплательщиков, произведших расходы, осуществленные налогоплательщиком-организацией, использующим труд инвалидов, согласно пп.38 п.1 ст.264 НК РФ учитываемые для целей налогообложения отдельными категориями налогоплательщиков (ед.)","integer"
"G284","The amount of tax expenses taken into account for tax purposes is expenses incurred by a taxpayer-organization using the labor of disabled persons, in accordance with subparagraph 38 of paragraph 1 of Article 264 of the Tax Code of the Russian Federation (thousand rubles).","Сумма налоговых расходов, учитываемых для целей налогообложения, -расходы, осуществленные налогоплательщиком-организацией, использующим труд инвалидов, согласно пп.38 п.1 ст.264 НК РФ (тыс. руб.)","integer"
"G285","expenses of taxpayers-public organizations of disabled people, as well as taxpayers-institutions whose sole owners of property are public organizations of disabled people, in accordance with subparagraph 39 of paragraph 1 of Article 264 of the Tax Code of the Russian Federation, taken into account for tax purposes by certain categories of taxpayers (thousand rubles)","расходы налогоплательщиков-общественных организаций инвалидов, а также налогоплательщиков-учреждений, единственными собственниками имущества которых являются общественные организации инвалидов, согласно пп.39 п.1 ст.264 НК РФ учитываемые для целей налогообложения отдельными категориями налогоплательщиков(тыс. руб.)","integer"
"G286","The number of taxpayers who incurred expenses of taxpayers-public organizations of disabled people, as well as taxpayers-institutions, the sole owners of property of which are public organizations of disabled people, in accordance with subparagraph 39 of paragraph 1 of Article 264 of the Tax Code of the Russian Federation, taken into account for tax purposes by certain categories of taxpayers (units)","Количество налогоплательщиков, произведших расходы налогоплательщиков-общественных организаций инвалидов, а также налогоплательщиков-учреждений, единственными собственниками имущества которых являются общественные организации инвалидов, согласно пп.39 п.1 ст.264 НК РФучитываемые для целей налогообложения отдельными категориями налогоплательщиков (ед.)","integer"
"G287","The amount of tax expenses taken into account for tax purposes are expenses of taxpayers who are public organizations of disabled people, as well as taxpayers who are institutions whose sole owners of property are public organizations of disabled people, according to subparagraph 39 of paragraph 1 of Article 264 of the Tax Code of the Russian Federation (thousand rubles).","Сумма налоговых расходов, учитываемых для целей налогообложения, -расходы, налогоплательщиков-общественных организаций инвалидов, а также налогоплательщиков-учреждений, единственными собственниками имущества которых являются общественные организации инвалидов, согласно пп.39 п.1 ст.264 НК РФ (тыс. руб.)","integer"
"G288","expenses for creating a reserve for future expenses allocated for purposes ensuring the social protection of disabled persons taken into account for tax purposes by certain categories of taxpayers (thousand rubles)","расходы по созданию резерва предстоящих расходов, направляемых на цели, обеспечивающие социальную защиту инвалидов учитываемые для целей налогообложения отдельными категориями налогоплательщиков (тыс. руб.)","integer"
"G289","The number of taxpayers who incurred expenses to create a reserve for future expenses directed towards the purposes of ensuring social protection of disabled persons taken into account for tax purposes by certain categories of taxpayers (units)","Количество налогоплательщиков, произведших расходы по созданию резерва предстоящих расходов, направляемых на цели, обеспечивающие социальную защиту инвалидов учитываемые для целей налогообложения отдельными категориями налогоплательщиков (ед.)","integer"
"G290","The amount of tax expenses taken into account for tax purposes is expenses for creating a reserve for future expenses allocated for purposes ensuring social protection of disabled people (thousand rubles).","Сумма налоговых расходов, учитываемых для целей налогообложения, -расходы, по созданию резерва предстоящих расходов, направляемых на цели, обеспечивающие социальную защиту инвалидов (тыс. руб.)","integer"
"G291","deductions for the formation of funds to support scientific, scientific-technical and innovative activities, created in accordance with the Federal Law ""On Science and State Scientific-Technical Policy"" (in an amount not exceeding 1.5 percent of sales revenue) taken into account for tax purposes by certain categories of taxpayers (650) (thousand rubles)","отчисления на формирование фондов поддержки научной, научно-технической и инновационной деятельности, созданных в соответствии с Федеральным законом «О науке и государственной научно-технической политике» (в сумме не более 1,5 процента доходов от реализации)  учитываемые для целей налогообложения отдельными категориями налогоплательщиков(650) (тыс. руб.)","integer"
"G292","The number of taxpayers who made contributions to the formation of funds to support scientific, scientific-technical and innovative activities, created in accordance with the Federal Law ""On Science and State Scientific-Technical Policy"" (in an amount not exceeding 1.5 percent of sales revenue) taken into account for tax purposes by certain categories of taxpayers (650) (units)","Количество налогоплательщиков, произведших отчисления на формирование фондов поддержки научной, научно-технической и инновационной деятельности, созданных в соответствии с Федеральным законом «О науке и государственной научно-технической политике» (в сумме не более 1,5 процента доходов от реализации) учитываемые для целей налогообложения отдельными категориями налогоплательщиков (650) (ед.)","integer"
"G293","expenses of theaters, museums, libraries, concert organizations, which are budgetary institutions, for the acquisition and (or) creation of depreciable property and expenses incurred in cases of completion, additional equipment, reconstruction, modernization, technical re-equipment of fixed assets, at the expense of funds from income-generating activities (with the exception of real estate) (661) (thousand rubles)","расходы театров, музеев, библиотек, концертных организаций, являющихся бюджетными учреждениями, по приобретению и (или) созданию амортизируемого имущества и расходы, осуществленные в случаях достройки, дооборудования, реконструкции, модернизации, технического перевооружения объектов основных средств, за счет средств от приносящей доход деятельности (за исключением объектов недвижимого имущества) (661) (тыс. руб.)","integer"
"G294","The number of taxpayers who incurred expenses of theaters, museums, libraries, concert organizations, which are budgetary institutions, for the acquisition and (or) creation of depreciable property and expenses incurred in cases of completion, additional equipment, reconstruction, modernization, technical re-equipment of fixed assets, at the expense of funds from income-generating activities (except for real estate) (661) (units)","Количество налогоплательщиков, произведших расходы театров, музеев, библиотек, концертных организаций, являющихся бюджетными учреждениями, по приобретению и (или) созданию амортизируемого имущества и расходы, осуществленные в случаях достройки, дооборудования, реконструкции, модернизации, технического перевооружения объектов основных средств, за счет средств от приносящей доход деятельности (за исключением объектов недвижимого имущества) (661) (ед.)","integer"
"G295","The amount of tax expenses taken into account for tax purposes is the expenses of theaters, museums, libraries, concert organizations, which are budgetary institutions, for the acquisition and (or) creation of depreciable property and expenses incurred in cases of completion, additional equipment, reconstruction, modernization, technical re-equipment of fixed assets, at the expense of funds from income-generating activities (with the exception of real estate) (661) (thousand rubles)","Сумма налоговых расходов, учитываемых для целей налогообложения,  - расходы театров, музеев, библиотек, концертных организаций, являющихся бюджетными учреждениями, по приобретению и (или) созданию амортизируемого имущества и расходы, осуществленные в случаях достройки, дооборудования, реконструкции, модернизации, технического перевооружения объектов основных средств, за счет средств от приносящей доход деятельности (за исключением объектов недвижимого имущества) (661) (тыс. руб.)","integer"
"G296","The amount of accrued depreciation when applying a special coefficient to the basic depreciation rate is no more than 2 in relation to depreciable fixed assets registered before January 1, 2014 and used for work in aggressive environments taken into account for tax purposes by certain categories of taxpayers (670) (thousand rubles)","Сумма начисленной амортизации при применении к основной норме амортизации специального коэффициента - не выше 2 в отношении амортизируемых основных средств, принятых на учет до 1 января 2014 г. и используемых для работы в условиях агрессивной среды учитываемые для целей налогообложения отдельными категориями налогоплательщиков (670) (тыс. руб.)","integer"
"G297","Number of taxpayers who incurred expenses - Amount of accrued depreciation when applying a special coefficient to the basic depreciation rate - no more than 2 in relation to depreciable fixed assets registered before January 1, 2014 and used for work in aggressive environments taken into account for tax purposes by certain categories of taxpayers (670) (units)","Количество налогоплательщиков, произведших расходы - Сумма начисленной амортизации при применении к основной норме амортизации специального коэффициента - не выше 2 в отношении амортизируемых основных средств, принятых на учет до 1 января 2014 г. и используемых для работы в условиях агрессивной среды учитываемые для целей налогообложения отдельными категориями налогоплательщиков (670) (ед.)","integer"
"G298","The amount of accrued depreciation when applying a special coefficient to the basic depreciation rate is no more than 2 in relation to depreciable fixed assets registered before January 1, 2014 and used for work under conditions of increased shift work (671) (thousand rubles)","Сумма начисленной амортизации при применении к основной норме амортизации специального коэффициента - не выше 2 в отношении амортизируемых основных средств, принятых на учет до 1 января 2014 г. и используемых для работы в условиях повышенной сменности (671) (тыс. руб.)","integer"
"G299","The number of taxpayers who incurred expenses - the amount of accrued depreciation when applying a special coefficient to the basic depreciation rate - no more than 2 in relation to depreciable fixed assets accepted for accounting before January 1, 2014 and used for work under conditions of increased shift work (671) (units)","Количество налогоплательщиков, произведших расходы - Сумма начисленной амортизации при применении к основной норме амортизации специального коэффициента - не выше 2 в отношении амортизируемых основных средств, принятых на учет до 1 января 2014 г. и используемых для работы в условиях повышенной сменности (671) (ед.)","integer"
"G300","The amount of accrued depreciation when applying a special coefficient to the basic depreciation rate - no more than 2 in relation to the taxpayers' own depreciable fixed assets - industrial agricultural organizations (poultry farms, livestock complexes, fur farms, greenhouse complexes) (672) (thousand rubles)","Сумма начисленной амортизации при применении к основной норме амортизации специального коэффициента - не выше 2 в отношении собственных амортизируемых основных средств налогоплательщиков - сельскохозяйственных организаций промышленного типа (птицефабрики, животноводческие комплексы, зверосовхозы, тепличные комбинаты) (672) (тыс. руб.)","integer"
"G301","Number of taxpayers who incurred expenses - Amount of accrued depreciation when applying a special coefficient to the basic depreciation rate - no higher than 2 in relation to own depreciable fixed assets of taxpayers - industrial agricultural organizations (poultry farms, livestock complexes, fur farms, greenhouse complexes) (672) (units)","Количество налогоплательщиков, произведших расходы - Сумма начисленной амортизации при применении к основной норме амортизации специального коэффициента - не выше 2 в отношении собственных амортизируемых основных средств налогоплательщиков - сельскохозяйственных организаций промышленного типа (птицефабрики, животноводческие комплексы, зверосовхозы, тепличные комбинаты) (672) (ед.)","integer"
"G302","The amount of tax expenses taken into account for taxation purposes by certain categories of taxpayers who have incurred expenses - for accrued depreciation when applying a special coefficient to the basic depreciation rate - no higher than 2 in relation to own depreciable fixed assets of taxpayers - agricultural organizations of an industrial type (poultry farms, livestock complexes, fur farms, greenhouse complexes) (672) (thousand rubles)","Сумма налоговых расходов, учитываемых для целей налогообложения отдельными категориями налогоплательщиков, произведших расходы  - по начисленной амортизации при применении к основной норме амортизации специального коэффициента - не выше 2 в отношении собственных амортизируемых основных средств налогоплательщиков - сельскохозяйственных организаций промышленного типа (птицефабрики, животноводческие комплексы, зверосовхозы, тепличные комбинаты) (672) (тыс. руб.)","integer"
"G303","The amount of accrued depreciation when applying a special coefficient to the basic depreciation rate - no more than 2 in relation to own depreciable fixed assets of taxpayers - organizations that have the status of a resident of an industrial-production or tourist-recreational special economic zone, a participant in a free economic zone (673) (thousand rubles)","Сумма начисленной амортизации при применении к основной норме амортизации специального коэффициента - не выше 2 в отношении собственных амортизируемых основных средств налогоплательщиков - организаций, имеющих статус резидента промышленно-производственной или туристско-рекреационной особой экономической зоны, участника свободной экономической зоны (673) (тыс. руб.)","integer"
"G304","Number of taxpayers who incurred expenses - Amount of accrued depreciation when applying a special coefficient to the basic depreciation rate - no higher than 2 in relation to own depreciable fixed assets of taxpayers - organizations that have the status of a resident of an industrial-production or tourist-recreational special economic zone, a participant in a free economic zone (673) (units)","Количество налогоплательщиков, произведших расходы - Сумма начисленной амортизации при применении к основной норме амортизации специального коэффициента - не выше 2 в отношении собственных амортизируемых основных средств налогоплательщиков - организаций, имеющих статус резидента промышленно-производственной или туристско-рекреационной особой экономической зоны, участника свободной экономической зоны (673) (ед.)","integer"
"G305","The amount of tax expenses taken into account for taxation purposes by certain categories of taxpayers who have incurred expenses - for accrued depreciation when applying a special coefficient to the basic depreciation rate - no higher than 2 in relation to own depreciable fixed assets of taxpayers - organizations that have the status of a resident of an industrial and production or tourist and recreational special economic zone, a participant in a free economic zone (673) (thousand rubles)","Сумма налоговых расходов, учитываемых для целей налогообложения отдельными категориями налогоплательщиков, произведших расходы  - по начисленной амортизации при применении к основной норме амортизации специального коэффициента - не выше 2 в отношении собственных амортизируемых основных средств налогоплательщиков - организаций, имеющих статус резидента промышленно-производственной или туристско-рекреационной особой экономической зоны, участника свободной экономической зоны (673) (тыс. руб.)","integer"
"G306","The amount of accrued depreciation when applying a special coefficient to the basic depreciation rate is no more than 2 in relation to depreciable fixed assets included in the first to seventh depreciation groups and produced in accordance with the terms of a special investment contract (674) (thousand rubles)","Сумма начисленной амортизации при применении к основной норме амортизации специального коэффициента - не выше 2 в отношении амортизируемых основных средств, включенных в первую – седьмую амортизационные группы и произведенных в соответствии с условиями специального инвестиционного контракта (674) (тыс. руб.)","integer"
"G307","The number of taxpayers who incurred expenses - The amount of accrued depreciation when applying a special coefficient to the basic depreciation rate - no higher than 2 in relation to depreciable fixed assets included in the first through seventh depreciation groups and produced in accordance with the terms of a special investment contract (674)","Количество налогоплательщиков, произведших расходы - Сумма начисленной амортизации при применении к основной норме амортизации специального коэффициента - не выше 2 в отношении амортизируемых основных средств, включенных в первую – седьмую амортизационные группы и произведенных в соответствии с условиями специального инвестиционного контракта (674)","integer"
"G308","The amount of tax expenses taken into account for tax purposes by certain categories of taxpayers who have incurred expenses - for accrued depreciation when applying a special coefficient to the basic depreciation rate - no higher than 2 in relation to depreciable fixed assets included in the first through seventh depreciation groups and incurred in accordance with the terms of a special investment contract (674) (thousand rubles)","Сумма налоговых расходов, учитываемых для целей налогообложения отдельными категориями налогоплательщиков, произведших расходы  - по начисленной амортизации при применении к основной норме амортизации специального коэффициента - не выше 2 в отношении амортизируемых основных средств, включенных в первую – седьмую амортизационные группы и произведенных в соответствии с условиями специального инвестиционного контракта (674) (тыс. руб.)","integer"
"G309","The amount of accrued depreciation when applying a special coefficient to the basic depreciation rate - no more than 2 in relation to depreciable fixed assets related to objects with high energy efficiency, in accordance with the list of such objects established by the Government of the Russian Federation, or to objects (except buildings) with a high energy efficiency class, if in relation to such objects, in accordance with the legislation of the Russian Federation, the definition of their energy efficiency classes is provided (675) (thousand rubles)","Сумма начисленной амортизации при применении к основной норме амортизации специального коэффициента - не выше 2 в отношении амортизируемых основных средств, относящихся к объектам имеющим высокую энергетическую эффективность, в соответствии с перечнем таких объектов, установленным Правительством Российскойили к объектам (за исключением зданий), имеющим высокий класс энергетической эффективности, если в отношении таких объектов в соответствии с законодательством Российской Федерации предусмотрено определение классов их энергетической эффективности (675) (тыс.руб.)","integer"
"G310","The number of taxpayers who incurred expenses - the amount of accrued depreciation when applying a special coefficient to the basic depreciation rate - no higher than 2 in relation to depreciable fixed assets related to objects with high energy efficiency, in accordance with the list of such objects established by the Government of the Russian Federation or to objects (except buildings) with a high energy efficiency class, if in relation to such objects, in accordance with the legislation of the Russian Federation, the definition of their energy efficiency classes is provided (675) (units)","Количество налогоплательщиков, произведших расходы - Сумма начисленной амортизации при применении к основной норме амортизации специального коэффициента - не выше 2 в отношении амортизируемых основных средств, относящихся к объектам имеющим высокую энергетическую эффективность, в соответствии с перечнем таких объектов, установленным Правительством Российской Федерацииили к объектам (за исключением зданий), имеющим высокий класс энергетической эффективности, если в отношении таких объектов в соответствии с законодательством Российской Федерации предусмотрено определение классов их энергетической эффективности (675) (ед.)","integer"
"G311","The amount of tax expenses taken into account for taxation purposes by certain categories of taxpayers who have incurred expenses - for accrued depreciation when applying a special coefficient to the basic depreciation rate - no higher than 2 in relation to depreciable fixed assets related to objects with high energy efficiency, in accordance with the list of such objects established by the Government of the Russian Federation or to objects (except buildings) with a high energy efficiency class, if in relation to such objects, in accordance with the legislation of the Russian Federation, the definition of their energy efficiency classes is provided (675) (thousand rubles)","Сумма налоговых расходов, учитываемых для целей налогообложения отдельными категориями налогоплательщиков, произведших расходы  - по начисленной амортизации при применении к основной норме амортизации специального коэффициента - не выше 2 в отношении амортизируемых основных средств, относящихся к объектам имеющим высокую энергетическую эффективность, в соответствии с перечнем таких объектов, установленным Правительством Российской Федерацииили к объектам (за исключением зданий), имеющим высокий класс энергетической эффективности, если в отношении таких объектов в соответствии с законодательством Российской Федерации предусмотрено определение классов их энергетической эффективности (675) (тыс.руб.)","integer"
"G312","The amount of accrued depreciation when applying a special coefficient to the basic depreciation rate is no more than 2 in relation to depreciable fixed assets related to objects with a high energy efficiency class, if in relation to such objects, in accordance with the legislation of the Russian Federation, the determination of their energy efficiency classes is provided (676) (thousand rubles)","Сумма начисленной амортизации при применении к основной норме амортизации специального коэффициента - не выше 2 в отношении амортизируемых основных средств, относящихся к объектам имеющим высокий класс энергетической эффективности, если в отношении таких объектов в соответствии с законодательством Российской Федерации предусмотрено определение классов их энергетической эффективности (676) (тыс. руб.)","integer"
"G313","The number of taxpayers who incurred expenses - the amount of accrued depreciation when applying a special coefficient to the basic depreciation rate - no higher than 2 in relation to depreciable fixed assets related to objects with a high energy efficiency class, if in relation to such objects, in accordance with the legislation of the Russian Federation, the determination of their energy efficiency classes is provided (676) (units)","Количество налогоплательщиков, произведших расходы - Сумма начисленной амортизации при применении к основной норме амортизации специального коэффициента - не выше 2 в отношении амортизируемых основных средств, относящихся к объектам имеющим высокий класс энергетической эффективности, если в отношении таких объектов в соответствии с законодательством Российской Федерации предусмотрено определение классов их энергетической эффективности (676) (ед.)","integer"
"G314","The amount of tax expenses taken into account for taxation purposes by certain categories of taxpayers who have incurred expenses - for accrued depreciation when applying a special coefficient to the basic depreciation rate - is not higher than 2 in relation to depreciable fixed assets related to objects with a high energy efficiency class, if in relation to such objects, in accordance with the legislation of the Russian Federation, the determination of their energy efficiency classes is provided (676) (thousand rubles)","Сумма налоговых расходов, учитываемых для целей налогообложения отдельными категориями налогоплательщиков,  произведших расходы - по начисленной амортизации при применении к основной норме амортизации специального коэффициента - не выше 2 в отношении амортизируемых основных средств, относящихся к объектам имеющим высокий класс энергетической эффективности, если в отношении таких объектов в соответствии с законодательством Российской Федерации предусмотрено определение классов их энергетической эффективности (676) (тыс руб.)","integer"
"G315","The amount of accrued depreciation when applying a special coefficient to the basic depreciation rate is no more than 3 in relation to depreciable fixed assets that are the subject of a financial lease agreement (leasing agreement), for taxpayers for whom these fixed assets must be accounted for in accordance with the terms of the financial lease agreement (leasing agreement) (677) (thousand rubles)","Сумма начисленной амортизации при применении к основной норме амортизации специального коэффициента - не выше 3 в отношении амортизируемых основных средств, являющихся предметом договора финансовой аренды (договора лизинга), налогоплательщиков, у которых данные основные средства должны учитываться в соответствии с условиями договора финансовой аренды (договора лизинга) (677) (тыс. руб.)","integer"
"G316","Number of taxpayers who incurred expenses - Amount of accrued depreciation when applying a special coefficient to the basic depreciation rate - no higher than 3 in relation to depreciable fixed assets that are the subject of a financial lease agreement (leasing agreement), taxpayers for whom these fixed assets must be accounted for in accordance with the terms of the financial lease agreement (leasing agreement) (677) (units)","Количество налогоплательщиков, произведших расходы - Сумма начисленной амортизации при применении к основной норме амортизации специального коэффициента - не выше 3 в отношении амортизируемых основных средств, являющихся предметом договора финансовой аренды (договора лизинга), налогоплательщиков, у которых данные основные средства должны учитываться в соответствии с условиями договора финансовой аренды (договора лизинга) (677) (ед.)","integer"
"G317","The amount of tax expenses taken into account for tax purposes by certain categories of taxpayers who have incurred expenses - for accrued depreciation when applying a special coefficient to the basic depreciation rate - no higher than 3 in relation to depreciable fixed assets that are the subject of a financial lease agreement (leasing agreement), taxpayers for whom these fixed assets must be taken into account in accordance with the terms of the financial lease agreement (leasing agreement) (677) (thousand rubles)","Сумма налоговых расходов, учитываемых для целей налогообложения отдельными категориями налогоплательщиков,  произведших расходы - по начисленной амортизации при применении к основной норме амортизации специального коэффициента - не выше 3 в отношении амортизируемых основных средств, являющихся предметом договора финансовой аренды (договора лизинга), налогоплательщиков, у которых данные основные средства должны учитываться в соответствии с условиями договора финансовой аренды (договора лизинга) (677) (тыс. руб.)","integer"
"G318","The amount of accrued depreciation when applying a special coefficient to the basic depreciation rate is no more than 3 in relation to depreciable fixed assets used only for the implementation of scientific and technical activities (678) (thousand units)","Сумма начисленной амортизации при применении к основной норме амортизации специального коэффициента - не выше 3 в отношении амортизируемых основных средств, используемых только для осуществления научно-технической деятельности (678) (тыс.ед.)","integer"
"G319","Number of taxpayers who incurred expenses - Amount of accrued depreciation when applying a special coefficient to the basic depreciation rate - no higher than 3 in relation to depreciable fixed assets used only for the implementation of scientific and technical activities (678) (units)","Количество налогоплательщиков, произведших расходы - Сумма начисленной амортизации при применении к основной норме амортизации специального коэффициента - не выше 3 в отношении амортизируемых основных средств, используемых только для осуществления научно-технической деятельности (678) (ед.)","integer"
"G320","The amount of tax expenses taken into account for taxation purposes by certain categories of taxpayers who have incurred expenses - for accrued depreciation when applying a special coefficient to the basic depreciation rate - no higher than 3 in relation to depreciable fixed assets used only for the implementation of scientific and technical activities (678) (thousand rubles)","Сумма налоговых расходов, учитываемых для целей налогообложения отдельными категориями налогоплательщиков,  произведших расходы  - по начисленной амортизации при применении к основной норме амортизации специального коэффициента - не выше 3 в отношении амортизируемых основных средств, используемых только для осуществления научно-технической деятельности (678) (тыс. руб.)","integer"
"G321","The amount of accrued depreciation when applying a special coefficient to the basic depreciation rate - no more than 3 in relation to depreciable fixed assets used by taxpayers specified in paragraph 1 of Article 275.2 of the Tax Code of the Russian Federation, exclusively when carrying out activities related to the extraction of hydrocarbon raw materials at a new offshore hydrocarbon raw material field (679) (thousand rubles)","Сумма начисленной амортизации при применении к основной норме амортизации специального коэффициента - не выше 3 в отношении амортизируемых основных средств, используемых налогоплательщиками, указанными в пункте 1 статьи 275.2 НК РФ, исключительно при осуществлении деятельности, связанной с добычей углеводородного сырья на новом морском месторождении углеводородного сырья (679) (тыс. руб.)","integer"
"G322","The number of taxpayers who incurred expenses - the amount of accrued depreciation when applying a special coefficient to the basic depreciation rate - no higher than 3 in relation to depreciable fixed assets used by taxpayers specified in paragraph 1 of Article 275.2 of the Tax Code of the Russian Federation, exclusively when carrying out activities related to the extraction of hydrocarbon raw materials at a new offshore hydrocarbon raw material field (679) (units)","Количество налогоплательщиков, произведших расходы - Сумма начисленной амортизации при применении к основной норме амортизации специального коэффициента - не выше 3 в отношении амортизируемых основных средств, используемых налогоплательщиками, указанными в пункте 1 статьи 275.2 НК РФ, исключительно при осуществлении деятельности, связанной с добычей углеводородного сырья на новом морском месторождении углеводородного сырья (679) (ед.)","integer"
"G323","The amount of tax expenses taken into account for tax purposes by certain categories of taxpayers who have incurred expenses - for accrued depreciation when applying a special coefficient to the basic depreciation rate - no higher than 3 in relation to depreciable fixed assets used by taxpayers specified in paragraph 1 of Article 275.2 of the Tax Code of the Russian Federation, exclusively when carrying out activities related to the extraction of hydrocarbon raw materials at a new offshore hydrocarbon raw material field (679) (thousand rubles)","Сумма налоговых расходов, учитываемых для целей налогообложения отдельными категориями налогоплательщиков,  произведших расходы - по  начисленной амортизации при применении к основной норме амортизации специального коэффициента - не выше 3 в отношении амортизируемых основных средств, используемых налогоплательщиками, указанными в пункте 1 статьи 275.2 НК РФ, исключительно при осуществлении деятельности, связанной с добычей углеводородного сырья на новом морском месторождении углеводородного сырья (679) (тыс. руб.)","integer"
"G324","The amount of accrued depreciation on property received by an organization from the owner of the property or created in accordance with the legislation of the Russian Federation on investment agreements in the field of public utility services or the legislation of the Russian Federation on concession agreements (during the term of the investment agreement or concession agreement) (690) (thousand rubles)","Сумма начисленной амортизации на  имущество, полученное организацией от собственника имущества или созданное в соответствии с законодательством Российской Федерации об инвестиционных соглашениях в сфере деятельности по оказанию коммунальных услуг или законодательством Российской Федерации о концессионных соглашениях (в течение срока действия инвестиционного соглашения или концессионного соглашения) (690) (тыс. руб.)","integer"
"G325","The number of taxpayers who incurred expenses is the amount of accrued depreciation on property received by the organization from the owner of the property or created in accordance with the legislation of the Russian Federation on investment agreements in the field of public utility services or the legislation of the Russian Federation on concession agreements (during the term of the investment agreement or concession agreement) (690) (units)","Количество налогоплательщиков, произведших расходы - сумма начисленной амортизации на  имущество, полученное организацией от собственника имущества или созданное в соответствии с законодательством Российской Федерации об инвестиционных соглашениях в сфере деятельности по оказанию коммунальных услуг или законодательством Российской Федерации о концессионных соглашениях (в течение срока действия инвестиционного соглашения или концессионного соглашения) (690) (ед.)","integer"
"G326","The amount of accrued depreciation on the amount of capital investments in fixed assets provided for lease in the form of inseparable improvements made by the lessee with the consent of the lessor, as well as capital investments in fixed assets provided under a gratuitous use agreement in the form of inseparable improvements made by the borrower organization with the consent of the lender organization (700) (thousand rubles)","Сумма начисленной амортизации на сумму капитальных вложения в предоставленные в аренду объекты основных средств в форме неотделимых улучшений, произведенных арендатором с согласия арендодателя, а также капитальные вложения в предоставленные по договору безвозмездного пользования объекты основных средств в форме неотделимых улучшений, произведенных организацией-ссудополучателем с согласия организации-ссудодателя (700) (тыс. руб.)","integer"
"G327","The number of taxpayers who incurred expenses is the amount of accrued depreciation on the amount of capital investments in fixed assets provided for lease in the form of inseparable improvements made by the lessee with the consent of the lessor, as well as capital investments in fixed assets provided under a gratuitous use agreement in the form of inseparable improvements made by the borrower organization with the consent of the lender organization (700) (units)","Количество налогоплательщиков, произведших расходы - сумма начисленной амортизации на сумму капитальных вложения в предоставленные в аренду объекты основных средств в форме неотделимых улучшений, произведенных арендатором с согласия арендодателя, а также капитальные вложения в предоставленные по договору безвозмездного пользования объекты основных средств в форме неотделимых улучшений, произведенных организацией-ссудополучателем с согласия организации-ссудодателя (700) (ед.)","integer"
"G328","The amount of accrued depreciation when applying a special coefficient to the basic depreciation rate: no more than 2 in relation to depreciable fixed assets related to the main technological equipment operated in the case of using the best available technologies, in accordance with the list of main technological equipment approved by the Government of the Russian Federation (669) (thousand rubles)","Сумма начисленной амортизации при применении к основной норме амортизации специального коэффициента:
не выше 2 в отношении амортизируемых основных средств,     относящихся к основному технологическому оборудованию, эксплуатируемому в случае применения наилучших доступных технологий, согласно утвержденному Правительством Российской Федерации перечню основного технологического оборудования (669)
(тыс. руб.)","integer"
"G329","The number of taxpayers who incurred expenses - the amounts of accrued depreciation when applying a special coefficient to the basic depreciation rate: no higher than 2 in relation to depreciable fixed assets related to the main technological equipment operated in the case of using the best available technologies, in accordance with the list of main technological equipment approved by the Government of the Russian Federation (669) (units)","Количество налогоплательщиков, произведших расходы - суммы начисленной амортизации при применении к основной норме амортизации специального коэффициента:
не выше 2 в отношении амортизируемых основных средств,     относящихся к основному технологическому оборудованию, эксплуатируемому в случае применения наилучших доступных технологий, согласно утвержденному Правительством Российской Федерации перечню основного технологического оборудования (669)
(ед.)","integer"
"G330","The amount of tax expenses taken into account for tax purposes by certain categories of taxpayers who have incurred expenses - for accrued depreciation when applying a special coefficient to the basic depreciation rate: no higher than 2 in relation to depreciable fixed assets related to the main technological equipment operated in the case of using the best available technologies, in accordance with the list of main technological equipment approved by the Government of the Russian Federation (669) (thousand rubles)","Сумма налоговых расходов, учитываемых для целей налогообложения отдельными категориями налогоплательщиков,  произведших расходы - по  начисленной амортизации при применении к основной норме амортизации специального коэффициента:
не выше 2 в отношении амортизируемых основных средств,     относящихся к основному технологическому оборудованию, эксплуатируемому в случае применения наилучших доступных технологий, согласно утвержденному Правительством Российской Федерации перечню основного технологического оборудования (669)
(тыс. руб.)","integer"
"G331","Contributions from enterprises and organizations operating particularly radiation-hazardous and nuclear-hazardous production facilities and objects, for the formation of reserves intended to ensure the safety of the said production facilities and objects at all stages of their life cycle and development in accordance with the legislation of the Russian Federation on the use of atomic energy and in the manner established by the Government of the Russian Federation (710) (thousand rubles)","Отчисления предприятий и организаций, эксплуатирующих особо радиационно опасные и ядерно опасные производства и объекты, для формирования резервов, предназначенных для обеспечения безопасности указанных производств и объектов на всех стадиях их жизненного цикла и развития в соответствии с законодательством Российской Федерации об использовании атомной энергии и в порядке, установленном Правительством Российской Федерации (710) (тыс. руб.)","integer"
"G332","The number of taxpayers who made contributions to enterprises and organizations operating particularly radiation-hazardous and nuclear-hazardous production facilities and objects, for the formation of reserves intended to ensure the safety of the said production facilities and objects at all stages of their life cycle and development in accordance with the legislation of the Russian Federation on the use of atomic energy and in the manner established by the Government of the Russian Federation (710) (units)","Количество налогоплательщиков, произведших  отчисления предприятий и организаций, эксплуатирующих особо радиационно опасные и ядерно опасные производства и объекты, для формирования резервов, предназначенных для обеспечения безопасности указанных производств и объектов на всех стадиях их жизненного цикла и развития в соответствии с законодательством Российской Федерации об использовании атомной энергии и в порядке, установленном Правительством Российской Федерации (710) (ед.)","integer"
"G333","Expenses for the construction (drilling) of an exploratory well at hydrocarbon deposits that turned out to be unproductive, conducting a range of geological work and testing using this well, as well as the subsequent liquidation of such a well (720) (thousand rubles)","Расходы на строительство (бурение) разведочной скважины на месторождениях углеводородного сырья, которая оказалась непродуктивной, проведение комплекса геологических работ и испытаний с использованием этой скважины, а также на последующую ликвидацию такой скважины (720) (тыс. руб.)","integer"
"G334","The number of taxpayers who contributed to the construction (drilling) of an exploratory well at hydrocarbon deposits that turned out to be unproductive, the implementation of a set of geological works and tests using this well, as well as the subsequent liquidation of such a well (720) (units)","Количество налогоплательщиков, произведших на строительство (бурение) разведочной скважины на месторождениях углеводородного сырья, которая оказалась непродуктивной, проведение комплекса геологических работ и испытаний с использованием этой скважины, а также на последующую ликвидацию такой скважины (720) (ед.)","integer"
"G335","The amount of tax expenses taken into account for tax purposes by certain categories of taxpayers who incurred expenses on the construction (drilling) of an exploratory well at hydrocarbon deposits that turned out to be unproductive, the implementation of a set of geological works and tests using this well, as well as the subsequent liquidation of such a well (720) (thousand rubles)","Сумма налоговых расходов, учитываемых для целей налогообложения отдельными категориями налогоплательщиков,  произведших расходы на  строительство (бурение) разведочной скважины на месторождениях углеводородного сырья, которая оказалась непродуктивной, проведение комплекса геологических работ и испытаний с использованием этой скважины, а также на последующую ликвидацию такой скважины (720) (тыс. руб.)","integer"
"G336","The expenses of a taxpayer who, in accordance with licenses for subsoil use obtained in the established manner, carries out activities on geological exploration, including the search for and evaluation of new offshore hydrocarbon deposits, for the search for and evaluation of such hydrocarbon deposits are recognized for tax purposes in the amount of actual costs using a coefficient of 1.5 (730) (thousand rubles).","Расходы налогоплательщика, осуществляющего в соответствии с полученными в установленном порядке лицензиями на пользование недрами деятельность по геологическому изучению, включающему поиски и оценку новых морских месторождений углеводородного сырья, на поиски и оценку таких месторождений углеводородного сырья признаются для целей налогообложения в размере фактических затрат с применением коэффициента 1,5 (730) (тыс. руб.)","integer"
"G337","The number of taxpayers carrying out activities on geological exploration, including prospecting and evaluation of new offshore hydrocarbon deposits, in accordance with licenses for subsoil use obtained in the established manner, for prospecting and evaluation of such hydrocarbon deposits shall be recognized for tax purposes in the amount of actual costs using a coefficient of 1.5 (730) (units)","Количество налогоплательщиков, осуществляющих  в соответствии с полученными в установленном порядке лицензиями на пользование недрами деятельность по геологическому изучению, включающему поиски и оценку новых морских месторождений углеводородного сырья, на поиски и оценку таких месторождений углеводородного сырья признаются для целей налогообложения в размере фактических затрат с применением коэффициента 1,5 (730) (ед.)","integer"
"G338","The amount of tax expenses taken into account for taxation purposes by certain categories of taxpayers who have incurred expenses in accordance with licenses obtained in the established manner for the use of subsoil activities for geological exploration, including the search for and evaluation of new offshore hydrocarbon deposits, for the search for and evaluation of such hydrocarbon deposits are recognized for taxation purposes in the amount of actual costs using a coefficient of 1.5 (730) (thousand rubles).","Сумма налоговых расходов, учитываемых для целей налогообложения отдельными категориями налогоплательщиков,  произведших расходы,  в соответствии с полученными в установленном порядке лицензиями на пользование недрами деятельность по геологическому изучению, включающему поиски и оценку новых морских месторождений углеводородного сырья, на поиски и оценку таких месторождений углеводородного сырья признаются для целей налогообложения в размере фактических затрат с применением коэффициента 1,5 (730) (тыс. руб.)","integer"
"G339","expenses for the acquisition of exclusive rights to inventions, utility models, industrial designs, selection achievements, computer programs and databases, topographies of integrated circuits under an agreement on the alienation of exclusive rights, rights to use the specified results of intellectual activity under a license agreement in the event of the use of the acquired rights exclusively in scientific research and (or) experimental design development (735) (thousand rubles)","расходы на приобретение исключительных прав на изобретения, полезные модели, промышленные образцы, селекционные достижения, программы для ЭВМ и базы данных, топологии интегральных микросхем по договору об отчуждении исключительных прав, прав использования указанных результатов интеллектуальной деятельности по лицензионному договору в случае использования приобретенных прав исключительно в научных исследованиях и (или) опытно-конструкторских разработках (735) (тыс.руб.)","integer"
"G340","The number of taxpayers incurring expenses on the acquisition of exclusive rights to inventions, utility models, industrial designs, selection achievements, computer programs and databases, topographies of integrated circuits under an agreement on the alienation of exclusive rights, rights to use the specified results of intellectual activity under a licensing agreement in the event of the use of the acquired rights exclusively in scientific research and (or) experimental design development (735) (units)","Количество налогоплательщиков, осуществляющих  расходы на приобретение исключительных прав на изобретения, полезные модели, промышленные образцы, селекционные достижения, программы для ЭВМ и базы данных, топологии интегральных микросхем по договору об отчуждении исключительных прав, прав использования указанных результатов интеллектуальной деятельности по лицензионному договору в случае использования приобретенных прав исключительно в научных исследованиях и (или) опытно-конструкторских разработках (735) (ед.)","integer"
"G341","The amount of tax expenses taken into account for tax purposes by certain categories of taxpayers who have incurred expenses, expenses for the acquisition of exclusive rights to inventions, utility models, industrial designs, selection achievements, computer programs and databases, topographies of integrated circuits under an agreement on the alienation of exclusive rights, rights to use the specified results of intellectual activity under a license agreement in the event of the use of the acquired rights exclusively in scientific research and (or) experimental design development (735) (thousand rubles)","Сумма налоговых расходов, учитываемых для целей налогообложения отдельными категориями налогоплательщиков,  произведших расходы, расходы на приобретение исключительных прав на изобретения, полезные модели, промышленные образцы, селекционные достижения, программы для ЭВМ и базы данных, топологии интегральных микросхем по договору об отчуждении исключительных прав, прав использования указанных результатов интеллектуальной деятельности по лицензионному договору в случае использования приобретенных прав исключительно в научных исследованиях и (или) опытно-конструкторских разработках (735)(тыс.руб.)","integer"
"G342","Expenses for payment of services for the organization of tourism, health resort treatment and recreation on the territory of the Russian Federation in accordance with the contract for the sale of a tourist product, provided to employees, their spouses, parents, children (including adopted children) under the age of 18, wards under the age of 18, as well as children (including adopted children) under the age of 24 studying full-time in educational organizations, former wards (after termination of guardianship or trusteeship) under the age of 24 studying full-time in educational organizations: for health resort treatment on the territory of the Russian Federation (clause 24.2 of Article 255 of the Code) (840) (thousand rubles)","Расходы на оплату услуг по организации туризма, санаторно-курортного лечения и отдыха на территории Российской Федерации в соответствии с договором о реализации туристского продукта, оказанных работникам, их супругам, родителям, детям (в том числе усыновленным) в возрасте до 18 лет, подопечным в возрасте до 18 лет, а также детям (в том числе усыновленным) в возрасте до 24 лет, обучающимся по очной форме обучения в образовательных организациях, бывшим подопечным (после прекращения опеки или попечительства) в возрасте до 24 лет, обучающимся по очной форме обучения в образовательных организациях: по санаторно-курортному лечению на территории Российской Федерации (пункт 24.2 статьи 255 Кодекса) (840) (тыс. руб.)","integer"
"G343","The number of taxpayers incurring expenses on payment for services related to the organization of tourism, spa treatment and recreation on the territory of the Russian Federation in accordance with the contract for the sale of a tourist product, provided to employees, their spouses, parents, children (including adopted children) under the age of 18, wards under the age of 18, as well as children (including adopted children) under the age of 24 studying full-time in educational organizations, former wards (after termination of guardianship or trusteeship) under the age of 24 studying full-time in educational organizations: for spa treatment on the territory of the Russian Federation (clause 24.2 of Article 255 of the Code) (840) (units)","Количество налогоплательщиков, осуществляющих расходы на оплату услуг по организации туризма, санаторно-курортного лечения и отдыха на территории Российской Федерации в соответствии с договором о реализации туристского продукта, оказанных работникам, их супругам, родителям, детям (в том числе усыновленным) в возрасте до 18 лет, подопечным в возрасте до 18 лет, а также детям (в том числе усыновленным) в возрасте до 24 лет, обучающимся по очной форме обучения в образовательных организациях, бывшим подопечным (после прекращения опеки или попечительства) в возрасте до 24 лет, обучающимся по очной форме обучения в образовательных организациях: по санаторно-курортному лечению на территории Российской Федерации (пункт 24.2 статьи 255 Кодекса) (840) (ед..)","integer"
"G344","The amount of tax expenses taken into account for taxation purposes by certain categories of taxpayers who have incurred expenses in accordance with licenses obtained in the established manner for the use of subsoil activities for geological exploration, including the search for and evaluation of new offshore hydrocarbon deposits, for the search for and evaluation of such hydrocarbon deposits are recognized for taxation purposes in the amount of actual costs using a coefficient of 1.5 (730) (thousand rubles).","Сумма налоговых расходов, учитываемых для целей налогообложения отдельными категориями налогоплательщиков,  произведших расходы,  в соответствии с полученными в установленном порядке лицензиями на пользование недрами деятельность по геологическому изучению, включающему поиски и оценку новых морских месторождений углеводородного сырья, на поиски и оценку таких месторождений углеводородного сырья признаются для целей налогообложения в размере фактических затрат с применением коэффициента 1,5 (730) (тыс. руб.)","integer"
"G345","The cost of utilities, food and products provided to employees of the taxpayer free of charge in accordance with the legislation of the Russian Federation, provided to employees of the taxpayer in accordance with the procedure for free housing established by the legislation of the Russian Federation (the amount of monetary compensation for failure to provide free housing, utilities and other similar services) (760) (thousand rubles)","Стоимость бесплатно предоставляемых работникам в соответствии с законодательством Российской Федерации коммунальных услуг, питания и продуктов, предоставляемого работникам налогоплательщика в соответствии с установленным законодательством Российской Федерации порядком бесплатного жилья (суммы денежной компенсации за непредоставление бесплатного жилья, коммунальных и иных подобных услуг) (760) (тыс. руб.)","integer"
"G346","The number of taxpayers who incurred expenses - the cost of utilities, food and products provided to employees of the taxpayer free of charge in accordance with the legislation of the Russian Federation, provided to employees of the taxpayer in accordance with the procedure for free housing established by the legislation of the Russian Federation (the amount of monetary compensation for failure to provide free housing, utilities and other similar services) (760) (units)","Количество налогоплательщиков, произведших расходы - стоимость бесплатно предоставляемых работникам в соответствии с законодательством Российской Федерации коммунальных услуг, питания и продуктов, предоставляемого работникам налогоплательщика в соответствии с установленным законодательством Российской Федерации порядком бесплатного жилья (суммы денежной компенсации за непредоставление бесплатного жилья, коммунальных и иных подобных услуг) (760) (ед.)","integer"
"G347","expenses for the acquisition (manufacturing) of uniforms and clothing issued to employees free of charge or sold to employees at reduced prices in accordance with the legislation of the Russian Federation (in the part of the cost not reimbursed by employees), which remain in the personal permanent use of employees; expenses for the acquisition or manufacture by the organization of uniforms and footwear, which indicate the affiliation of employees with this organization (770) (thousand rubles)","расходы на приобретение (изготовление) выдаваемых в соответствии с законодательством Российской Федерации работникам бесплатно либо продаваемых работникам по пониженным ценам форменной одежды и обмундирования (в части стоимости, не компенсируемой работниками), которые остаются в личном постоянном пользовании работников; расходы на приобретение или изготовление организацией форменной одежды и обуви, которые свидетельствуют о принадлежности работников к данной организации (770) (тыс. руб.)","integer"
"G348","The number of taxpayers who incurred expenses for the acquisition (manufacture) of uniforms and clothing issued to employees free of charge or sold to employees at reduced prices in accordance with the legislation of the Russian Federation (in the part of the cost not reimbursed by employees), which remain in the personal permanent use of employees; expenses for the acquisition or manufacture by an organization of uniforms and footwear, which indicate the affiliation of employees with this organization (770) (units)","Количество налогоплательщиков, произведших расходы на приобретение (изготовление) выдаваемых в соответствии с законодательством Российской Федерации работникам бесплатно либо продаваемых работникам по пониженным ценам форменной одежды и обмундирования (в части стоимости, не компенсируемой работниками), которые остаются в личном постоянном пользовании работников; расходы на приобретение или изготовление организацией форменной одежды и обуви, которые свидетельствуют о принадлежности работников к данной организации (770) (ед.)","integer"
"G349","The amount of average earnings accrued to employees, retained for the period of their performance of state and (or) public duties (780) (thousand rubles)","Сумма начисленного работникам среднего заработка, сохраняемого на время выполнения ими государственных и (или) общественных обязанностей (780) (тыс. руб.)","integer"
"G350","The number of taxpayers who incurred expenses is the amount of average earnings accrued to employees, retained for the period of their performance of state and (or) public duties (780) (units)","Количество налогоплательщиков, произведших расходы - сумма начисленного работникам среднего заработка, сохраняемого на время выполнения ими государственных и (или) общественных обязанностей (780) (ед.)","integer"
"G351","Expenses for wages retained by employees in accordance with the legislation of the Russian Federation during educational leave granted to employees of the taxpayer, as well as expenses for travel to the place of study and back (790) (thousand rubles)","Расходы на оплату труда, сохраняемую работникам в соответствии с законодательством Российской Федерации на время учебных отпусков, предоставляемых работникам налогоплательщика, а также расходы на оплату проезда к месту учебы и обратно (790) (тыс. руб.)","integer"
"G352","The number of taxpayers who incurred expenses on wages retained by employees in accordance with the legislation of the Russian Federation during educational leave granted to the taxpayer's employees, as well as expenses on travel to and from the place of study (790) (units)","Количество налогоплательщиков, произведших расходы на оплату труда, сохраняемую работникам в соответствии с законодательством Российской Федерации на время учебных отпусков, предоставляемых работникам налогоплательщика, а также расходы на оплату проезда к месту учебы и обратно (790) (ед.)","integer"
"G353","Amounts of employer contributions paid in accordance with Federal Law No. 56-FZ of April 30, 2008 “On additional insurance contributions for the funded portion of labor pensions and state support for the formation of pension savings” (800) (thousand rubles)","Суммы взносов работодателей, уплачиваемых в соответствии с Федеральным законом от 30 апреля 2008 г. № 56-ФЗ «О дополнительных страховых взносах на накопительную часть трудовой пенсии и государственной поддержке формирования пенсионных накоплений» (800) (тыс. руб.)","integer"
"G354","The number of taxpayers who incurred expenses - the amounts of employer contributions paid in accordance with the Federal Law of April 30, 2008 No. 56-FZ ""On additional insurance contributions for the funded portion of the labor pension and state support for the formation of pension savings"" (800) (units)","Количество налогоплательщиков, произведших расходы - суммы взносов работодателей, уплачиваемых в соответствии с Федеральным законом от 30 апреля 2008 г. № 56-ФЗ «О дополнительных страховых взносах на накопительную часть трудовой пенсии и государственной поддержке формирования пенсионных накоплений» (800) (ед.)","integer"
"G355","Amounts of payments (contributions) by employers under voluntary insurance contracts (non-state pension provision contracts) concluded in favor of employees with insurance organizations (non-state pension funds) licensed to conduct the relevant types of activities in the Russian Federation - - under life insurance contracts, if such contracts are concluded for a period of at least five years with Russian insurance organizations and during these five years do not provide for insurance payments, including in the form of annuities and (or) rents, with the exception of insurance payments in cases of death and (or) harm to the health of the insured person (810) (thousand rubles)","Суммы платежей (взносов) работодателей по договорам добровольного страхования (договорам негосударственного пенсионного обеспечения), заключенным в пользу работников со страховыми организациями (негосударственными пенсионными фондами), имеющими лицензии на ведение соответствующих видов деятельности в Российской Федерации - - по договорам страхования жизни, если такие договоры заключаются на срок не менее пяти лет с российскими страховыми организациями и в течение этих пяти лет не предусматривают страховых выплат, в том числе в виде рент и (или) аннуитетов, за исключением страховых выплат в случаях смерти и (или) причинения вреда здоровью застрахованного лица (810) (тыс. руб.)","integer"
"G356","The number of taxpayers who incurred expenses - the amounts of payments (contributions) of employers under voluntary insurance contracts (non-state pension provision contracts) concluded in favor of employees with insurance organizations (non-state pension funds) licensed to conduct the relevant types of activities in the Russian Federation - - under life insurance contracts, if such contracts are concluded for a period of at least five years with Russian insurance organizations and during these five years do not provide for insurance payments, including in the form of annuities and (or) rents, with the exception of insurance payments in cases of death and (or) harm to the health of the insured person (810) (units)","Количество налогоплательщиков, произведших расходы - суммы платежей (взносов) работодателей по договорам добровольного страхования (договорам негосударственного пенсионного обеспечения), заключенным в пользу работников со страховыми организациями (негосударственными пенсионными фондами), имеющими лицензии на ведение соответствующих видов деятельности в Российской Федерации - - по договорам страхования жизни, если такие договоры заключаются на срок не менее пяти лет с российскими страховыми организациями и в течение этих пяти лет не предусматривают страховых выплат, в том числе в виде рент и (или) аннуитетов, за исключением страховых выплат в случаях смерти и (или) причинения вреда здоровью застрахованного лица (810) (ед.)","integer"
"G357","The amount of tax expenses taken into account for tax purposes by certain categories of taxpayers who have incurred expenses - the amounts of payments (contributions) of employers under voluntary insurance contracts (non-state pension provision contracts) concluded in favor of employees with insurance organizations (non-state pension funds) licensed to conduct the relevant types of activities in the Russian Federation - - under life insurance contracts, if such contracts are concluded for a period of at least five years with Russian insurance organizations and during these five years do not provide for insurance payments, including in the form of annuities and (or) rents, with the exception of insurance payments in cases of death and (or) harm to the health of the insured person (810) (units)","Сумма налоговых расходов, учитываемых для целей налогообложения отдельными категориями налогоплательщиков,      произведших расходы - суммы платежей (взносов) работодателей по договорам добровольного страхования (договорам негосударственного пенсионного обеспечения), заключенным в пользу работников со страховыми организациями (негосударственными пенсионными фондами), имеющими лицензии на ведение соответствующих видов деятельности в Российской Федерации - - по договорам страхования жизни, если такие договоры заключаются на срок не менее пяти лет с российскими страховыми организациями и в течение этих пяти лет не предусматривают страховых выплат, в том числе в виде рент и (или) аннуитетов, за исключением страховых выплат в случаях смерти и (или) причинения вреда здоровью застрахованного лица (810) (ед.)","integer"
"G358","Amounts of payments (contributions) of employers under voluntary insurance contracts (non-state pension provision contracts) concluded in favor of employees with insurance organizations (non-state pension funds) licensed to carry out the relevant types of activities in the Russian Federation - under non-state pension provision contracts, subject to the use of a pension scheme that provides for the recording of pension contributions in the personal accounts of participants in non-state pension funds, and (or) voluntary pension insurance upon the occurrence of pension grounds for a participant and (or) an insured person, stipulated by the legislation of the Russian Federation, giving the right to establish a pension under state pension provision and (or) a labor pension, and during the period of validity of the pension grounds (811) (thousand rubles)","Суммы платежей (взносов) работодателей по договорам добровольного страхования (договорам негосударственного пенсионного обеспечения), заключенным в пользу работников со страховыми организациями (негосударственными пенсионными фондами), имеющими лицензии на ведение соответствующих видов деятельности в Российской Федерации - по договорам негосударственного пенсионного обеспечения при условии применения пенсионной схемы, предусматривающей учет пенсионных взносов на именных счетах участников негосударственных пенсионных фондов, и (или) добровольного пенсионного страхования при наступлении у участника и (или) застрахованного лица пенсионных оснований, предусмотренных законодательством Российской Федерации, дающих право на установление пенсии по государственному пенсионному обеспечению и (или) трудовой пенсии, и в течение периода действия пенсионных оснований (811) (тыс. руб.)","integer"
"G359","The number of taxpayers who incurred expenses - the amounts of payments (contributions) of employers under voluntary insurance contracts (non-state pension provision contracts) concluded in favor of employees with insurance organizations (non-state pension funds) licensed to carry out the relevant types of activities in the Russian Federation - under non-state pension provision contracts, subject to the use of a pension scheme that provides for the recording of pension contributions in the personal accounts of participants in non-state pension funds, and (or) voluntary pension insurance upon the occurrence of pension grounds for a participant and (or) insured person, stipulated by the legislation of the Russian Federation, giving the right to establish a pension under state pension provision and (or) a labor pension, and during the period of validity of the pension grounds (811) (units)","Количество налогоплательщиков, произведших расходы - суммы платежей (взносов) работодателей по договорам добровольного страхования (договорам негосударственного пенсионного обеспечения), заключенным в пользу работников со страховыми организациями (негосударственными пенсионными фондами), имеющими лицензии на ведение соответствующих видов деятельности в Российской Федерации - по договорам негосударственного пенсионного обеспечения при условии применения пенсионной схемы, предусматривающей учет пенсионных взносов на именных счетах участников негосударственных пенсионных фондов, и (или) добровольного пенсионного страхования при наступлении у участника и (или) застрахованного лица пенсионных оснований, предусмотренных законодательством Российской Федерации, дающих право на установление пенсии по государственному пенсионному обеспечению и (или) трудовой пенсии, и в течение периода действия пенсионных оснований (811) (ед.)","integer"
"G360","Amounts of payments (contributions) by employers under voluntary insurance contracts (non-state pension provision contracts) concluded in favor of employees with insurance organizations (non-state pension funds) licensed to conduct the relevant types of activities in the Russian Federation - under voluntary personal insurance contracts for employees concluded for a period of at least one year, providing for payment by insurers of medical expenses of insured employees (812) (thousand rubles)","Суммы платежей (взносов) работодателей по договорам добровольного страхования (договорам негосударственного пенсионного обеспечения), заключенным в пользу работников со страховыми организациями (негосударственными пенсионными фондами), имеющими лицензии на ведение соответствующих видов деятельности в Российской Федерации - по договорам добровольного личного страхования работников, заключаемым на срок не менее одного года, предусматривающим оплату страховщиками медицинских расходов застрахованных работников (812) (тыс. руб.)","integer"
"G361","The number of taxpayers who incurred expenses - the amounts of payments (contributions) of employers under voluntary insurance contracts (non-state pension provision contracts) concluded in favor of employees with insurance organizations (non-state pension funds) licensed to conduct the relevant types of activities in the Russian Federation - under voluntary personal insurance contracts for employees concluded for a period of at least one year, providing for payment by insurers of medical expenses of insured employees (812) (units)","Количество налогоплательщиков, произведших расходы - суммы платежей (взносов) работодателей по договорам добровольного страхования (договорам негосударственного пенсионного обеспечения), заключенным в пользу работников со страховыми организациями (негосударственными пенсионными фондами), имеющими лицензии на ведение соответствующих видов деятельности в Российской Федерации - по договорам добровольного личного страхования работников, заключаемым на срок не менее одного года, предусматривающим оплату страховщиками медицинских расходов застрахованных работников (812) (ед.)","integer"
"G362","Amounts of payments (contributions) by employers under voluntary insurance contracts (non-state pension provision contracts) concluded in favor of employees with insurance organizations (non-state pension funds) licensed to conduct the relevant types of activities in the Russian Federation - under voluntary personal insurance contracts providing for payments exclusively in cases of death and (or) harm to the health of the insured person (813) (thousand rubles)","Суммы платежей (взносов) работодателей по договорам добровольного страхования (договорам негосударственного пенсионного обеспечения), заключенным в пользу работников со страховыми организациями (негосударственными пенсионными фондами), имеющими лицензии на ведение соответствующих видов деятельности в Российской Федерации - по договорам добровольного личного страхования, предусматривающим выплаты исключительно в случаях смерти и (или) причинения вреда здоровью застрахованного лица (813) (тыс. руб.)","integer"
"G363","The number of taxpayers who incurred expenses - the amounts of payments (contributions) of employers under voluntary insurance contracts (non-state pension provision contracts) concluded in favor of employees with insurance organizations (non-state pension funds) licensed to conduct the relevant types of activities in the Russian Federation - under voluntary personal insurance contracts providing for payments exclusively in cases of death and (or) harm to the health of the insured person (813) (units)","Количество налогоплательщиков, произведших расходы - суммы платежей (взносов) работодателей по договорам добровольного страхования (договорам негосударственного пенсионного обеспечения), заключенным в пользу работников со страховыми организациями (негосударственными пенсионными фондами), имеющими лицензии на ведение соответствующих видов деятельности в Российской Федерации - по договорам добровольного личного страхования, предусматривающим выплаты исключительно в случаях смерти и (или) причинения вреда здоровью застрахованного лица (813) (ед.)","integer"
"G364","Expenses of employers under contracts for the provision of medical services concluded in favor of employees for a period of at least one year with medical organizations that have the appropriate licenses to carry out medical activities (820) (thousand rubles)","Расходы работодателей по договорам на оказание медицинских услуг, заключенным в пользу работников на срок не менее одного года с медицинскими организациями, имеющими соответствующие лицензии на осуществление медицинской деятельности (820) (тыс. руб.)","integer"
"G365","The number of taxpayers who incurred expenses for employers under contracts for the provision of medical services concluded in favor of employees for a period of at least one year with medical organizations that have the appropriate licenses to carry out medical activities (820) (units)","Количество налогоплательщиков, произведших расходы работодателей по договорам на оказание медицинских услуг, заключенным в пользу работников на срок не менее одного года с медицинскими организациями, имеющими соответствующие лицензии на осуществление медицинской деятельности (820) (ед.)","integer"
"G366","Expenses for reimbursement of employees’ expenses for payment of interest on loans (credits) for the acquisition and (or) construction of residential premises (in an amount not exceeding 3 percent of the total cost of labor costs) (830) (thousand rubles)","Расходы на возмещение затрат работников по уплате процентов по займам (кредитам) на приобретение и (или) строительство жилого помещения (в размере, не превышающем 3 процентов суммы расходов на оплату труда) (830) (тыс. руб.)","integer"
"G367","The number of taxpayers who incurred expenses to reimburse employees for the payment of interest on loans (credits) for the acquisition and (or) construction of residential premises (in an amount not exceeding 3 percent of the total cost of labor costs) (830) (units)","Количество налогоплательщиков, произведших расходы на возмещение затрат работников по уплате процентов по займам (кредитам) на приобретение и (или) строительство жилого помещения (в размере, не превышающем 3 процентов суммы расходов на оплату труда) (830) (ед.)","integer"
"G368","The amount of tax expenses taken into account for tax purposes by certain categories of taxpayers who incurred expenses to reimburse employees for the payment of interest on loans (credits) for the acquisition and (or) construction of residential premises (in an amount not exceeding 3 percent of the amount of labor costs) (830) (thousand rubles)","Сумма налоговых расходов, учитываемых для целей налогообложения отдельными категориями налогоплательщиков,  произведших расходы на возмещение затрат работников по уплате процентов по займам (кредитам) на приобретение и (или) строительство жилого помещения (в размере, не превышающем 3 процентов суммы расходов на оплату труда) (830) (тыс. руб.)","integer"
"G369","Payments (contributions) of employers under voluntary personal insurance contracts concluded with insurance organizations licensed to carry out the relevant type of activity, in favor of employees in the event of their temporary disability due to illness or injury (except for industrial accidents and occupational diseases) for days of temporary disability, which are paid for by the employer and the number of which is established by Federal Law No. 255-FZ of December 29, 2006 ""On Compulsory Social Insurance in Case of Temporary Disability and in Connection with Maternity"" (within the amounts stipulated by the Code) (880) (thousand rubles)","Платежи (взносы) работодателей по договорам добровольного личного страхования, заключенным со страховыми организациями, имеющими лицензии на осуществление соответствующего вида деятельности, в пользу работников на случай их временной нетрудоспособности вследствие заболевания или травмы (за исключением несчастных случаев на производстве и профессиональных заболеваний) за дни временной нетрудоспособности, которые оплачиваются за счет средств работодателя и число которых установлено Федеральным законом от 29 декабря 2006 г. № 255-ФЗ «Об обязательном социальном страховании на случай временной нетрудоспособности и в связи с материнством» (в пределах сумм, предусмотренных Кодексом) (880) (тыс. руб.)","integer"
"G370","The number of taxpayers who incurred expenses - payments (contributions) of employers under voluntary personal insurance contracts concluded with insurance organizations licensed to carry out the relevant type of activity, in favor of employees in the event of their temporary disability due to illness or injury (except for industrial accidents and occupational diseases) for days of temporary disability, which are paid for by the employer and the number of which is established by Federal Law No. 255-FZ of December 29, 2006 ""On Compulsory Social Insurance in Case of Temporary Disability and in Connection with Maternity"" (within the amounts stipulated by the Code) (880) (units)","Количество налогоплательщиков, произведших расходы - платежи (взносы) работодателей по договорам добровольного личного страхования, заключенным со страховыми организациями, имеющими лицензии на осуществление соответствующего вида деятельности, в пользу работников на случай их временной нетрудоспособности вследствие заболевания или травмы (за исключением несчастных случаев на производстве и профессиональных заболеваний) за дни временной нетрудоспособности, которые оплачиваются за счет средств работодателя и число которых установлено Федеральным законом от 29 декабря 2006 г. № 255-ФЗ «Об обязательном социальном страховании на случай временной нетрудоспособности и в связи с материнством» (в пределах сумм, предусмотренных Кодексом) (880) (ед.)","integer"
"G371","Expenses for training in basic and additional professional educational programs, professional training and retraining of the taxpayer's employees (890) (thousand rubles)","Расходы на обучение по основным и дополнительным профессиональным образовательным программам, профессиональную подготовку и переподготовку работников налогоплательщика (890) (тыс. руб.)","integer"
"G372","The number of taxpayers who incurred expenses on training in basic and additional professional educational programs, professional training and retraining of the taxpayer’s employees (890) (units)","Количество налогоплательщиков, произведших расходы на обучение по основным и дополнительным профессиональным образовательным программам, профессиональную подготовку и переподготовку работников налогоплательщика (890) (ед.)","integer"
"G373","Expenses of taxpayer organizations whose authorized (share) capital consists entirely of contributions from religious organizations, in the form of profits received from the sale of religious literature and religious items, subject to the transfer of these amounts to the implementation of the statutory activities of the said religious organizations (900) (thousand rubles)","Расходы налогоплательщиков-организаций, уставный (складочный) капитал которых состоит полностью из вклада религиозных организаций, в виде сумм прибыли, полученной от реализации религиозной литературы и предметов религиозного назначения, при условии перечисления этих сумм на осуществление уставной деятельности указанных религиозных организаций (900) (тыс. руб.)","integer"
"G374","The number of taxpayers who incurred expenses of taxpayer organizations whose authorized (contributed) capital consists entirely of contributions from religious organizations, in the form of profits received from the sale of religious literature and religious items, subject to the transfer of these amounts to the implementation of the statutory activities of the said religious organizations (900) (units)","Количество налогоплательщиков, произведших расходы налогоплательщиков-организаций, уставный (складочный) капитал которых состоит полностью из вклада религиозных организаций, в виде сумм прибыли, полученной от реализации религиозной литературы и предметов религиозного назначения, при условии перечисления этих сумм на осуществление уставной деятельности указанных религиозных организаций (900) (ед.)","integer"
"G375","Expenses in the form of deductions from organizations within the structure of DOSAAF Russia, for the accumulation and redistribution of funds to organizations within the structure of DOSAAF Russia, for the purpose of ensuring the training of citizens in military registration specialties in accordance with the legislation of the Russian Federation, military-patriotic education of youth, and the development of aviation, technical, and military-applied sports (910) (thousand rubles)","Расходы в виде отчислений организаций, входящих в структуру ДОСААФ России, для аккумулирования и перераспределения средств организациям, входящим в структуру ДОСААФ России, в целях обеспечения подготовки в соответствии с законодательством Российской Федерации граждан по военно-учетным специальностям, военно-патриотического воспитания молодежи, развития авиационных, технических и военно-прикладных видов спорта (910) (тыс. руб.)","integer"
"G376","The number of taxpayers who incurred expenses in the form of deductions from organizations included in the structure of DOSAAF Russia, for the accumulation and redistribution of funds to organizations included in the structure of DOSAAF Russia, for the purpose of ensuring the training of citizens in military registration specialties in accordance with the legislation of the Russian Federation, military-patriotic education of youth, the development of aviation, technical and military-applied sports (910) (units)","Количество налогоплательщиков, произведших расходы в виде отчислений организаций, входящих в структуру ДОСААФ России, для аккумулирования и перераспределения средств организациям, входящим в структуру ДОСААФ России, в целях обеспечения подготовки в соответствии с законодательством Российской Федерации граждан по военно-учетным специальностям, военно-патриотического воспитания молодежи, развития авиационных, технических и военно-прикладных видов спорта (910) (ед.)","integer"
"G377","Taxpayer expenses related to the gratuitous provision of airtime and/or print space in accordance with the legislation of the Russian Federation on elections and referendums (930) (thousand rubles)","Расходы налогоплательщиков, связанные с безвозмездным предоставлением эфирного времени и (или) печатной площади в соответствии с законодательством Российской Федерации о выборах и референдумах (930) (тыс. руб.)","integer"
"G378","The number of taxpayers who incurred taxpayer expenses related to the gratuitous provision of airtime and (or) print space in accordance with the legislation of the Russian Federation on elections and referendums (930) (units)","Количество налогоплательщиков, произведших расходы налогоплательщиков, связанные с безвозмездным предоставлением эфирного времени и (или) печатной площади в соответствии с законодательством Российской Федерации о выборах и референдумах (930) (ед.)","integer"
"G379","Expenses in the form of shortages of material assets in production and warehouses, at retail enterprises in the absence of guilty persons, as well as losses from theft, the perpetrators of which have not been identified (940) (thousand rubles)","Расходы в виде недостачи материальных ценностей в производстве и на складах, на предприятиях торговли в случае отсутствия виновных лиц, а также убытки от хищений, виновники которых не установлены (940) (тыс. руб.)","integer"
"G380","The number of taxpayers who incurred expenses in the form of shortages of material assets in production and warehouses, at retail enterprises in the absence of guilty persons, as well as losses from theft, the perpetrators of which have not been identified (940) (units)","Количество налогоплательщиков, произведших расходы в виде недостачи материальных ценностей в производстве и на складах, на предприятиях торговли в случае отсутствия виновных лиц, а также убытки от хищений, виновники которых не установлены (940) (ед.)","integer"
"G381","Losses from natural disasters, fires, accidents and other emergency situations, including costs associated with the prevention or elimination of the consequences of natural disasters or emergency situations (950) (thousand rubles)","Потери от стихийных бедствий, пожаров, аварий и других чрезвычайных ситуаций, включая затраты, связанные с предотвращением или ликвидацией последствий стихийных бедствий или чрезвычайных ситуаций (950) (тыс. руб.)","integer"
"G382","The number of taxpayers who incurred expenses - losses from natural disasters, fires, accidents and other emergency situations, including costs associated with the prevention or elimination of the consequences of natural disasters or emergency situations (950) (units)","Количество налогоплательщиков, произведших расходы - потери от стихийных бедствий, пожаров, аварий и других чрезвычайных ситуаций, включая затраты, связанные с предотвращением или ликвидацией последствий стихийных бедствий или чрезвычайных ситуаций (950) (ед.)","integer"
"G383","Loss arising for a taxpayer - participant (shareholder) of an organization upon its liquidation (including as a result of bankruptcy proceedings), withdrawal (retirement) from the organization and determined on the date of liquidation of the organization, withdrawal (retirement) from the organization as a negative difference between income in the form of the market price of the property (property rights) received by the said participant (shareholder) and the cost of the share (unit) actually paid (regardless of the form of payment) by the taxpayer - participant (shareholder) of this organization (951) (thousand rubles)","Убыток, возникающий у налогоплательщика - участника (пайщика) организации при ее ликвидации (в том числе в результате применения процедуры банкротства), выходе (выбытии) из организации и определяемый на дату ликвидации организации, выхода (выбытия) из организации как отрицательная разница между доходами в виде рыночной цены получаемого указанным участником (пайщиком) имущества (имущественных прав) и фактически оплаченной (вне зависимости от формы оплаты) налогоплательщиком - участником (пайщиком) этой организации стоимости доли (пая) (951) (тыс. руб.)","integer"
"G384","The number of taxpayers who incurred expenses is a loss incurred by a taxpayer - participant (shareholder) of an organization upon its liquidation (including as a result of bankruptcy proceedings), withdrawal (retirement) from the organization and determined on the date of liquidation of the organization, withdrawal (retirement) from the organization as a negative difference between income in the form of the market price of the property (property rights) received by the said participant (shareholder) and the cost of the share (unit) actually paid (regardless of the form of payment) by the taxpayer - participant (shareholder) of this organization (951) (thousand rubles)","Количество налогоплательщиков, произведших расходы -убыток, возникающий  у налогоплательщика - участника (пайщика) организации при ее ликвидации (в том числе в результате применения процедуры банкротства), выходе (выбытии) из организации и определяемый на дату ликвидации организации, выхода (выбытия) из организации как отрицательная разница между доходами в виде рыночной цены получаемого указанным участником (пайщиком) имущества (имущественных прав) и фактически оплаченной (вне зависимости от формы оплаты) налогоплательщиком - участником (пайщиком) этой организации стоимости доли (пая) (951) (тыс. руб.)","integer"
"G385","Amount of depreciation accrued: straight-line method (thousand rubles)","Сумма амортизации, начисленная: 
линейным методом (тыс. руб.)","integer"
"G386","The number of taxpayers who incurred expenses in the amount of depreciation calculated using the straight-line method (units)","Количество налогоплательщиков, произведших расходы по сумме амортизации, начисленной 
линейным методом (ед)","integer"
"G387","Amount of depreciation accrued: non-linear method (thousand rubles)","Сумма амортизации, начисленная: нелинейным методом (тыс. руб.)","integer"
"G388","Number of taxpayers who incurred expenses in the amount of depreciation calculated using the non-linear method (units)","Количество налогоплательщиков, произведших расходы по сумме амортизации, начисленной нелинейным методом (ед.)","integer"
"G389","Expenses for the acquisition of medical devices for the diagnosis (treatment) of a new coronavirus infection according to the list approved by the Government of the Russian Federation, as well as for the construction, manufacture, delivery and bringing of the said medical devices to a condition in which they are suitable for use (subparagraph 48.12 of paragraph 1 of Article 264 of the Code) (960) (thousand rubles)","Расходы на приобретение медицинских изделий для диагностики (лечения) новой коронавирусной инфекции по перечню, утверждаемому Правительством Российской Федерации, а также на сооружение, изготовление, доставку и доведение указанных медицинских изделий до состояния, в котором они пригодны для использования (подпункт 48.12 пункта 1 статьи 264 Кодекса) (960) (тыс.руб)","integer"
"G390","The number of taxpayers who incurred expenses for the acquisition of medical devices for the diagnosis (treatment) of the new coronavirus infection according to the list approved by the Government of the Russian Federation, as well as for the construction, manufacture, delivery and bringing of the said medical devices to a condition in which they are suitable for use (subparagraph 48.12 of paragraph 1 of Article 264 of the Code) (960) (units)","Количество налогоплательщиков, произведших расходы на приобретение медицинских изделий для диагностики (лечения) новой коронавирусной инфекции по перечню, утверждаемому Правительством Российской Федерации, а также на сооружение, изготовление, доставку и доведение указанных медицинских изделий до состояния, в котором они пригодны для использования (подпункт 48.12 пункта 1 статьи 264 Кодекса) (960) (ед)","integer"
"G391","The amount of tax expenses taken into account for tax purposes by certain categories of taxpayers who have incurred expenses for the acquisition of medical devices for the diagnosis (treatment) of a new coronavirus infection according to the list approved by the Government of the Russian Federation, as well as for the construction, manufacture, delivery and bringing of the said medical devices to a condition in which they are suitable for use (subparagraph 48.12 of paragraph 1 of Article 264 of the Code) (960)","Сумма налоговых расходов, учитываемых для целей налогообложения отдельными категориями налогоплательщиков,  произведших расходы на приобретение медицинских изделий для диагностики (лечения) новой коронавирусной инфекции по перечню, утверждаемому Правительством Российской Федерации, а также на сооружение, изготовление, доставку и доведение указанных медицинских изделий до состояния, в котором они пригодны для использования (подпункт 48.12 пункта 1 статьи 264 Кодекса) (960)","integer"
"G392","Expenses in the form of the value of property (including cash) intended for use for the purposes of preventing and preventing the spread, as well as the diagnosis and treatment of a new coronavirus infection, transferred free of charge to medical organizations that are non-profit organizations, state authorities and administration bodies and (or) local government bodies, state and municipal institutions, state and municipal unitary enterprises (subparagraph 19.5 of paragraph 1 of Article 265 of the Code) (961) (thousand rubles)","Расходы в виде стоимости имущества (включая денежные средства), предназначенного для использования в целях предупреждения и предотвращения распространения, а также диагностики и лечения новой коронавирусной инфекции, безвозмездно переданного медицинским организациям, являющимся некоммерческими организациями, органам государственной власти и управления и (или) органам местного самоуправления, государственным и муниципальным учреждениям, государственным и муниципальным унитарным предприятиям (подпункт 19.5пункта 1 статьи 265 Кодекса) (961) (тыс. руб.)","integer"
"G393","The number of taxpayers who incurred expenses in the form of the value of property (including cash) intended for use for the purposes of preventing and preventing the spread, as well as the diagnosis and treatment of a new coronavirus infection, transferred free of charge to medical organizations that are non-profit organizations, state authorities and administration bodies and (or) local government bodies, state and municipal institutions, state and municipal unitary enterprises (subparagraph 19.5 of paragraph 1 of Article 265 of the Code) (961) (units)","Количество налогоплательщиков, произведших расходы в виде стоимости имущества (включая денежные средства), предназначенного для использования в целях предупреждения и предотвращения распространения, а также диагностики и лечения новой коронавирусной инфекции, безвозмездно переданного медицинским организациям, являющимся некоммерческими организациями, органам государственной власти и управления и (или) органам местного самоуправления, государственным и муниципальным учреждениям, государственным и муниципальным унитарным предприятиям (подпункт 19.5пункта 1 статьи 265 Кодекса) (961) (ед.)","integer"
"G394","The amount of tax expenses taken into account for tax purposes by certain categories of taxpayers who incurred expenses in the form of the value of property (including cash) intended for use in the prevention and control of the spread, as well as the diagnosis and treatment of a new coronavirus infection, transferred free of charge to medical organizations that are non-profit organizations, state authorities and administration bodies and (or) local government bodies, state and municipal institutions, state and municipal unitary enterprises (subparagraph 19.5 of paragraph 1 of Article 265 of the Code) (961) (thousand rubles)","Сумма налоговых расходов, учитываемых для целей налогообложения отдельными категориями налогоплательщиков,  произведших расходы в виде стоимости имущества (включая денежные средства), предназначенного для использования в целях предупреждения и предотвращения распространения, а также диагностики и лечения новой коронавирусной инфекции, безвозмездно переданного медицинским организациям, являющимся некоммерческими организациями, органам государственной власти и управления и (или) органам местного самоуправления, государственным и муниципальным учреждениям, государственным и муниципальным унитарным предприятиям (подпункт 19.5пункта 1 статьи 265 Кодекса) (961) (тыс. руб.)","integer"
"G395","Expenses in the form of the value of property (including cash) transferred free of charge to non-profit organizations: non-profit organizations included in the register of socially oriented non-profit organizations. The procedure for maintaining the register of socially oriented non-profit organizations, the federal executive body authorized to maintain said register, and the criteria for including non-profit organizations in said register are established by the Government of the Russian Federation (paragraph two of subparagraph 19.6 of paragraph 1 of Article 265 of the Code) (965) (thousand rubles).","расходы в виде стоимости имущества (включая денежные средства), безвозмездно переданного некоммерческим организациям:
некоммерческим организациям, включенным в реестр социально ориентированных некоммерческих организаций. Порядок ведения реестра социально ориентированных некоммерческих организаций, федеральный орган исполнительной власти, уполномоченный на ведение указанного реестра, критерии включения некоммерческих организаций в указанный реестр устанавливаются Правительством Российской Федераци (абзац второй подпункта 19.6 пункта 1 статьи 265 Кодекса) (965) (тыс.руб.)","integer"
"G396","The number of taxpayers who incurred expenses in the form of expenses in the form of the value of property (including cash) transferred free of charge to non-profit organizations: non-profit organizations included in the register of socially oriented non-profit organizations. The procedure for maintaining the register of socially oriented non-profit organizations, the federal executive body authorized to maintain said register, and the criteria for including non-profit organizations in said register are established by the Government of the Russian Federation (paragraph two of subparagraph 19.6 of paragraph 1 of Article 265 of the Code) (965) (units)","Количество налогоплательщиков, произведших расходы в виде расходы в виде стоимости имущества (включая денежные средства), безвозмездно переданного некоммерческим организациям:
некоммерческим организациям, включенным в реестр социально ориентированных некоммерческих организаций. Порядок ведения реестра социально ориентированных некоммерческих организаций, федеральный орган исполнительной власти, уполномоченный на ведение указанного реестра, критерии включения некоммерческих организаций в указанный реестр устанавливаются Правительством Российской Федераци (абзац второй подпункта 19.6 пункта 1 статьи 265 Кодекса) (965) (ед)","integer"
"G397","The amount of tax expenses taken into account for tax purposes by certain categories of taxpayers who incurred expenses in the form of expenses in the form of the value of property (including cash) transferred free of charge to non-profit organizations: non-profit organizations included in the register of socially oriented non-profit organizations. The procedure for maintaining the register of socially oriented non-profit organizations, the federal executive body authorized to maintain said register, and the criteria for including non-profit organizations in said register are established by the Government of the Russian Federation (paragraph two of subparagraph 19.6 of paragraph 1 of Article 265 of the Code) (965) (thousand rubles).","Сумма налоговых расходов, учитываемых для целей налогообложения отдельными категориями налогоплательщиков,  произведших расходы в виде расходы в виде стоимости имущества (включая денежные средства), безвозмездно переданного некоммерческим организациям:
некоммерческим организациям, включенным в реестр социально ориентированных некоммерческих организаций. Порядок ведения реестра социально ориентированных некоммерческих организаций, федеральный орган исполнительной власти, уполномоченный на ведение указанного реестра, критерии включения некоммерческих организаций в указанный реестр устанавливаются Правительством Российской Федераци (абзац второй подпункта 19.6 пункта 1 статьи 265 Кодекса) (965) (тыс.руб.)","integer"
"G398","Centralized religious organizations, religious organizations that are part of the structure of centralized religious organizations, socially oriented non-profit organizations whose founders are centralized religious organizations or religious organizations that are part of the structure of centralized religious organizations (paragraph three of subparagraph 19.6 of paragraph 1 of Article 265 of the Code) (966) (thousand rubles)","Централизованным религиозным организациям, религиозным организациям, входящим в структуру централизованных религиозных организаций, социально ориентированным некоммерческим организациям, учредителями которых являются централизованные религиозные организации или религиозные организации, входящие в структуру централизованных религиозных организаций (абзац третий подпункта 19.6 пункта 1 статьи 265 Кодекса) (966)(тыс. руб.)","integer"
"G399","The number of taxpayers who incurred expenses to centralized religious organizations, religious organizations that are part of the structure of centralized religious organizations, socially oriented non-profit organizations whose founders are centralized religious organizations or religious organizations that are part of the structure of centralized religious organizations (paragraph three of subparagraph 19.6 of paragraph 1 of Article 265 of the Code) (966) (units)","Количество налогоплательщиков, произведших расходы централизованным религиозным организациям, религиозным организациям, входящим в структуру централизованных религиозных организаций, социально ориентированным некоммерческим организациям, учредителями которых являются централизованные религиозные организации или религиозные организации, входящие в структуру централизованных религиозных организаций (абзац третий подпункта 19.6 пункта 1 статьи 265 Кодекса) (966) (ед)","integer"
"G400","The amount of tax expenses taken into account for tax purposes by certain categories of taxpayers who incurred expenses to centralized religious organizations, religious organizations that are part of the structure of centralized religious organizations, socially oriented non-profit organizations whose founders are centralized religious organizations or religious organizations that are part of the structure of centralized religious organizations (paragraph three of subparagraph 19.6 of paragraph 1 of Article 265 of the Code) (966) (thousand rubles)","Сумма налоговых расходов, учитываемых для целей налогообложения отдельными категориями налогоплательщиков,  произведших расходы централизованным религиозным организациям, религиозным организациям, входящим в структуру централизованных религиозных организаций, социально ориентированным некоммерческим организациям, учредителями которых являются централизованные религиозные организации или религиозные организации, входящие в структуру централизованных религиозных организаций (абзац третий подпункта 19.6 пункта 1 статьи 265 Кодекса) (966)(тыс. руб.)","integer"
"G401","expenses taken into account by the taxpayer using the increasing coefficient of 2 when forming the initial cost of a fixed asset included in the list of Russian high-tech equipment approved by the Government of the Russian Federation of the initial cost of a fixed asset included in the list of Russian high-tech equipment approved by the Government of the Russian Federation (paragraph three of clause 1 of Article 257 of the Code) (623) (thousand rubles)","расходы, учтенные налогоплательщиком с применением повышающего коэффициента 2 при формировании первоначальной стоимости основного средства, включенного в перечень российского высокотехнологичного оборудования, утверждаемый Правительством Российской Федерации первоначальной стоимости основного средства, включенного в перечень российского высокотехнологичного оборудования, утверждаемый Правительством Российской Федерации (абзац третий пункта 1 статьи 257 Кодекса) (623)(тыс.руб.)","integer"
"G402","The number of taxpayers who incurred expenses expenses taken into account by the taxpayer using the increasing coefficient of 2 when forming the initial cost of a fixed asset included in the list of Russian high-tech equipment approved by the Government of the Russian Federation of the initial cost of a fixed asset included in the list of Russian high-tech equipment approved by the Government of the Russian Federation (paragraph three of clause 1 of Article 257 of the Code) (623) (units)","Количество налогоплательщиков, произведших расходы расходы, учтенные налогоплательщиком с применением повышающего коэффициента 2 при формировании первоначальной стоимости основного средства, включенного в перечень российского высокотехнологичного оборудования, утверждаемый Правительством Российской Федерации первоначальной стоимости основного средства, включенного в перечень российского высокотехнологичного оборудования, утверждаемый Правительством Российской Федерации (абзац третий пункта 1 статьи 257 Кодекса) (623) (ед)","integer"
"G403","The amount of tax expenses taken into account for tax purposes by certain categories of taxpayers who incurred expenses expenses taken into account by the taxpayer using the increasing coefficient of 2 when forming the initial cost of a fixed asset included in the list of Russian high-tech equipment approved by the Government of the Russian Federation the initial cost of a fixed asset included in the list of Russian high-tech equipment approved by the Government of the Russian Federation (paragraph three of clause 1 of Article 257 of the Code) (623) (thousand rubles)","Сумма налоговых расходов, учитываемых для целей налогообложения отдельными категориями налогоплательщиков,  произведших расходы расходы, учтенные налогоплательщиком с применением повышающего коэффициента 2 при формировании первоначальной стоимости основного средства, включенного в перечень российского высокотехнологичного оборудования, утверждаемый Правительством Российской Федерации первоначальной стоимости основного средства, включенного в перечень российского высокотехнологичного оборудования, утверждаемый Правительством Российской Федерации (абзац третий пункта 1 статьи 257 Кодекса) (623) (тыс.руб.)","integer"
"G404","The amount of tax expenses taken into account for tax purposes by certain categories of taxpayers, expenses taken into account by the taxpayer using a coefficient of 2 when forming the initial cost of a fixed asset included in the unified register of Russian radio-electronic products related to the field of artificial intelligence (clause 1 of Article 257 of the Tax Code of the Russian Federation) (620) (thousand rubles)","Сумма налоговых расходов, учитываемых для целей налогообложения отдельными категориями налогоплательщиков,        расходы, учтенные налогоплательщиком с применением коэффициента 2 при формировании первоначальной стоимости основного средства, включенного в единый реестр российской радиоэлектронной продукции, относящегося к сфере искусственного интеллекта (пункт 1 статьи 257 НК РФ) (620) (тыс. руб.)","integer"
"G405","The number of taxpayers who incurred expenses, expenses taken into account by the taxpayer using the coefficient 2 when forming the initial cost of a fixed asset included in the unified register of Russian radio-electronic products related to the field of artificial intelligence (clause 1 of Article 257 of the Tax Code of the Russian Federation) (620 (units)","Количество налогоплательщиков, произведших расходы, расходы, учтенные налогоплательщиком с применением коэффициента 2 при формировании первоначальной стоимости основного средства, включенного в единый реестр российской радиоэлектронной продукции, относящегося к сфере искусственного интеллекта (пункт 1 статьи 257 НК РФ) (620 (ед)","integer"
"G406","The amount of tax expenses taken into account for tax purposes by certain categories of taxpayers who incurred expenses, expenses taken into account by the taxpayer using the coefficient 2 when forming the initial cost of a fixed asset included in the unified register of Russian radio-electronic products related to the field of artificial intelligence (clause 1 of Article 257 of the Tax Code of the Russian Federation) (620) (thousand rubles)","Сумма налоговых расходов, учитываемых для целей налогообложения отдельными категориями налогоплательщиков,  произведших расходы, расходы, учтенные налогоплательщиком с применением коэффициента 2 при формировании первоначальной стоимости основного средства, включенного в единый реестр российской радиоэлектронной продукции, относящегося к сфере искусственного интеллекта (пункт 1 статьи 257 НК РФ) (620)(тыс. руб.)","integer"
"G407","The amount of tax expenses taken into account for tax purposes by certain categories of taxpayers, expenses taken into account by the taxpayer using a coefficient of 2 when forming the initial cost of a fixed asset included in the unified register of Russian radio-electronic products related to the field of artificial intelligence (clause 1 of Article 257 of the Tax Code of the Russian Federation) (620) (thousand rubles)","Сумма налоговых расходов, учитываемых для целей налогообложения отдельными категориями налогоплательщиков,        расходы, учтенные налогоплательщиком с применением коэффициента 2 при формировании первоначальной стоимости основного средства, включенного в единый реестр российской радиоэлектронной продукции, относящегося к сфере искусственного интеллекта (пункт 1 статьи 257 НК РФ) (620) (тыс. руб.)","integer"
"G408","The number of taxpayers who incurred expenses taken into account by the taxpayer using a coefficient of 2 when forming the initial cost of intangible assets in the form of exclusive rights to computer programs and databases included in the unified register of Russian programs for electronic computers and databases related to the field of artificial intelligence (clause 3 of Article 257 of the Tax Code of the Russian Federation) (621) (units)","Количество налогоплательщиков, произведших расходы, учтенных налогоплательщиком с применением коэффициента 2 при формировании первоначальной стоимости нематериальных активов в виде исключительных прав на программы для ЭВМ и базы данных, включенные в единый реестр российских программ для электронных вычислительных машин и баз данных, относящиеся к сфере искусственного интеллекта (пункт 3 статьи 257 НК РФ) (621) (ед)","integer"
"G409","The amount of tax expenses taken into account for tax purposes by certain categories of taxpayers who incurred expenses taken into account by the taxpayer using a coefficient of 2 when forming the initial cost of intangible assets in the form of exclusive rights to computer programs and databases included in the unified register of Russian programs for electronic computers and databases related to the field of artificial intelligence (clause 3 of Article 257 of the Tax Code of the Russian Federation) (621) (thousand rubles)","Сумма налоговых расходов, учитываемых для целей налогообложения отдельными категориями налогоплательщиков,  произведших расходы, учтенных налогоплательщиком с применением коэффициента 2 при формировании первоначальной стоимости нематериальных активов в виде исключительных прав на программы для ЭВМ и базы данных, включенные в единый реестр российских программ для электронных вычислительных машин и баз данных, относящиеся к сфере искусственного интеллекта (пункт 3 статьи 257 НК РФ) (621) (тыс. руб.)","integer"
"G410","The amount of tax expenses taken into account for tax purposes by certain categories of taxpayers, expenses related to the acquisition of the right to use, under agreements with the copyright holder (under license and sublicense agreements), computer programs and databases (including expenses for the acquisition of exclusive rights to computer programs worth less than the amount of the value of depreciable property), included in the unified register of Russian programs for electronic computers and databases related to the field of artificial intelligence, taken into account by the taxpayer using the coefficient 2 (subparagraph 26 of paragraph 1 of Article 264 of the Tax Code of the Russian Federation) (622) (thousand rubles)","Сумма налоговых расходов, учитываемых для целей налогообложения отдельными категориями налогоплательщиков,  расходов, связанных с приобретением права на использование по договорам с правообладателем (по лицензионным и сублицензионным соглашениям) программ для ЭВМ и баз данных (включая расходы на приобретение исключительных прав на программы для ЭВМ стоимостью менее суммы стоимости амортизируемого имущества), включенных в единый реестр российских программ для электронных вычислительных машин и баз данных, относящихся к сфере искусственного интеллекта, учтенных налогоплательщиком с применением коэффициента 2 (подпункт 26 пункта 1 статьи 264 НК РФ) (622)(тыс.руб.)","integer"
"G411","The number of taxpayers who incurred expenses related to the acquisition of the right to use, under contracts with the copyright holder (under license and sublicense agreements), computer programs and databases (including expenses for the acquisition of exclusive rights to computer programs worth less than the amount of the value of depreciable property), included in the unified register of Russian programs for electronic computers and databases related to the field of artificial intelligence, taken into account by the taxpayer using the coefficient 2 (subparagraph 26 of paragraph 1 of Article 264 of the Tax Code of the Russian Federation) (622) (units)","Количество налогоплательщиков, произведших расходырасходов, связанных с приобретением права на использование по договорам с правообладателем (по лицензионным и сублицензионным соглашениям) программ для ЭВМ и баз данных (включая расходы на приобретение исключительных прав на программы для ЭВМ стоимостью менее суммы стоимости амортизируемого имущества), включенных в единый реестр российских программ для электронных вычислительных машин и баз данных, относящихся к сфере искусственного интеллекта, учтенных налогоплательщиком с применением коэффициента 2 (подпункт 26 пункта 1 статьи 264 НК РФ) (622) (ед)","integer"
"G412","The amount of tax expenses taken into account for tax purposes by certain categories of taxpayers, expenses associated with the acquisition of the right to use, under agreements with the copyright holder (under license and sublicense agreements), computer programs and databases (including expenses for the acquisition of exclusive rights to computer programs worth less than the amount of the value of depreciable property), included in the unified register of Russian programs for electronic computers and databases related to the field of artificial intelligence, taken into account by the taxpayer using the coefficient 2 (subparagraph 26 of paragraph 1 of Article 264 of the Tax Code of the Russian Federation) (622) (thousand rubles)","Сумма налоговых расходов, учитываемых для целей налогообложения отдельными категориями налогоплательщиков,   расходов, связанных с приобретением права на использование по договорам с правообладателем (по лицензионным и сублицензионным соглашениям) программ для ЭВМ и баз данных (включая расходы на приобретение исключительных прав на программы для ЭВМ стоимостью менее суммы стоимости амортизируемого имущества), включенных в единый реестр российских программ для электронных вычислительных машин и баз данных, относящихся к сфере искусственного интеллекта, учтенных налогоплательщиком с применением коэффициента 2 (подпункт 26 пункта 1 статьи 264 НК РФ) (622) (тыс.руб.)","integer"
"G413","The amount of tax expenses taken into account for tax purposes by individual categories, the amount of accrued depreciation when applying a special coefficient (not higher than 3) to the basic depreciation rate in relation to depreciable fixed assets included on the date of their commissioning in the unified register of Russian radio-electronic products (subparagraph 5 of paragraph 2 of Article 259.3 of the Tax Code of the Russian Federation) (681) thousand rubles.","Сумма налоговых расходов, учитываемых для целей налогообложения отдельными категориями, сумма начисленной амортизации при применении к основной норме амортизации специального коэффициента (не выше 3) в отношении амортизируемых основных средств, включенных на дату их ввода в эксплуатацию в единый реестр российской радиоэлектронной продукции (подпункт 5 пункта 2 статьи 259.3 НК РФ) (681)тыс. руб.)","integer"
"G414","The number of taxpayers who incurred expenses, the amount of accrued depreciation when applying a special coefficient (not higher than 3) to the basic depreciation rate in relation to depreciable fixed assets included on the date of their commissioning in the unified register of Russian radio-electronic products (subparagraph 5 of paragraph 2 of Article 259.3 of the Tax Code of the Russian Federation) (681) (units)","Количество налогоплательщиков, произведших расходы,сумма начисленной амортизации при применении к основной норме амортизации специального коэффициента (не выше 3) в отношении амортизируемых основных средств, включенных на дату их ввода в эксплуатацию в единый реестр российской радиоэлектронной продукции (подпункт 5 пункта 2 статьи 259.3 НК РФ) (681) (ед)","integer"
"G415","The amount of tax expenses taken into account for tax purposes by certain categories of taxpayers, the amount of accrued depreciation when applying a special coefficient (not higher than 3) to the basic depreciation rate in relation to depreciable fixed assets included on the date of their commissioning in the unified register of Russian radio-electronic products (subparagraph 5 of paragraph 2 of Article 259.3 of the Tax Code of the Russian Federation) (681) (thousand rubles)","Сумма налоговых расходов, учитываемых для целей налогообложения отдельными категориями налогоплательщиков,   сумма начисленной амортизации при применении к основной норме амортизации специального коэффициента (не выше 3) в отношении амортизируемых основных средств, включенных на дату их ввода в эксплуатацию в единый реестр российской радиоэлектронной продукции (подпункт 5 пункта 2 статьи 259.3 НК РФ) (681) (тыс. руб.)","integer"
"G416","The amount of tax expenses taken into account for tax purposes by individual categories, the amount of accrued depreciation when applying a special coefficient (not higher than 3) to the basic depreciation rate in relation to intangible assets in the form of exclusive rights to programs for electronic computers and databases included in the unified register of Russian programs for electronic computers and databases (with the exception of intangible assets whose useful life is determined in the manner established by the second paragraph of clause 2 of Article 258 of the Tax Code of the Russian Federation) (subparagraph 6 of clause 2 of Article 259.3 of the Tax Code of the Russian Federation) (682) (thousand rubles)","Сумма налоговых расходов, учитываемых для целей налогообложения отдельными категориями, сумма начисленной амортизации при применении к основной норме амортизации специального коэффициента (не выше 3) в отношении нематериальных активов в виде исключительных прав на программы для электронных вычислительных машин и базы данных, включенные в единый реестр российских программ для электронных вычислительных машин и баз данных (за исключением нематериальных активов, срок полезного использования которых определен в порядке, установленном абзацем вторым пункта 2 статьи 258 НК РФ) (подпункт 6 пункта 2 статьи 259.3 НК РФ) (682) (тыс. руб.)","integer"
"G417","The number of taxpayers who have incurred expenses, the amount of accrued depreciation when applying a special coefficient (not higher than 3) to the basic depreciation rate in relation to intangible assets in the form of exclusive rights to programs for electronic computers and databases included in the unified register of Russian programs for electronic computers and databases (with the exception of intangible assets whose useful life is determined in the manner established by the second paragraph of clause 2 of Article 258 of the Tax Code of the Russian Federation) (subparagraph 6 of clause 2 of Article 259.3 of the Tax Code of the Russian Federation) (682) (units)","Количество налогоплательщиков, произведших расходы, сумма начисленной амортизации при применении к основной норме амортизации специального коэффициента (не выше 3) в отношении нематериальных активов в виде исключительных прав на программы для электронных вычислительных машин и базы данных, включенные в единый реестр российских программ для электронных вычислительных машин и баз данных (за исключением нематериальных активов, срок полезного использования которых определен в порядке, установленном абзацем вторым пункта 2 статьи 258 НК РФ) (подпункт 6 пункта 2 статьи 259.3 НК РФ) (682) (ед)","integer"
"G418","The amount of tax expenses taken into account for tax purposes by certain categories of taxpayers, the amount of accrued depreciation when applying a special coefficient (not higher than 3) to the basic depreciation rate in relation to intangible assets in the form of exclusive rights to programs for electronic computers and databases included in the unified register of Russian programs for electronic computers and databases (with the exception of intangible assets whose useful life is determined in the manner established by the second paragraph of clause 2 of Article 258 of the Tax Code of the Russian Federation) (subparagraph 6 of clause 2 of Article 259.3 of the Tax Code of the Russian Federation) (682) (thousand rubles)","Сумма налоговых расходов, учитываемых для целей налогообложения отдельными категориями налогоплательщиков,   сумма начисленной амортизации при применении к основной норме амортизации специального коэффициента (не выше 3) в отношении нематериальных активов в виде исключительных прав на программы для электронных вычислительных машин и базы данных, включенные в единый реестр российских программ для электронных вычислительных машин и баз данных (за исключением нематериальных активов, срок полезного использования которых определен в порядке, установленном абзацем вторым пункта 2 статьи 258 НК РФ) (подпункт 6 пункта 2 статьи 259.3 НК РФ) (682) (тыс. руб.)","integer"
"G419","Income not taken into account when determining the tax base: in the form of amounts of accounts payable of the taxpayer for the payment of taxes and fees, penalties and fines to budgets of various levels, for the payment of contributions, penalties and fines to the budgets of state extra-budgetary funds, written off and (or) reduced in another way in accordance with the legislation of the Russian Federation or by decision of the Government of the Russian Federation (520) (thousand rubles)","Доходы, не учитываемые при определении налоговой базы:     в виде сумм кредиторской задолженности налогоплательщика по уплате налогов и сборов, пеней и штрафов перед бюджетами разных уровней, по уплате взносов, пеней и штрафов перед бюджетами государственных внебюджетных фондов, списанных и (или) уменьшенных иным образом в соответствии с законодательством Российской Федерации или по решению Правительства Российской Федерации (520) (тыс. руб.)","integer"
"G420","The number of taxpayers who received income in the form of amounts of taxpayer accounts payable for the payment of taxes and fees, penalties and fines to budgets of various levels, for the payment of contributions, penalties and fines to the budgets of state extra-budgetary funds, written off and (or) reduced in another way in accordance with the legislation of the Russian Federation or by decision of the Government of the Russian Federation (520) (units)","Количество налогоплательщиков, получивших доходы в виде сумм кредиторской задолженности налогоплательщика по уплате налогов и сборов, пеней и штрафов перед бюджетами разных уровней, по уплате взносов, пеней и штрафов перед бюджетами государственных внебюджетных фондов, списанных и (или) уменьшенных иным образом в соответствии с законодательством Российской Федерации или по решению Правительства Российской Федерации (520) (ед.)","integer"
"G421","Income not taken into account when determining the tax base: in the form of amounts received by universal service operators from the universal service reserve in accordance with the legislation of the Russian Federation in the field of communications (530) (thousand rubles)","Доходы, не учитываемые при определении налоговой базы: в виде сумм, полученных операторами универсального обслуживания, из резерва универсального обслуживания в соответствии с законодательством Российской Федерации в области связи (530) (тыс. руб.)","integer"
"G422","The number of taxpayers who received income in the form of amounts received by universal service operators from the universal service reserve in accordance with the legislation of the Russian Federation in the field of communications (530) (units)","Количество налогоплательщиков, получивших доходы в виде сумм, полученных операторами универсального обслуживания, из резерва универсального обслуживания в соответствии с законодательством Российской Федерации в области связи (530) (ед.)","integer"
"G423","Income not taken into account when determining the tax base: in the form of property, including cash, and (or) property rights received by a mortgage agent or a specialized company in connection with their statutory activities (540) (thousand rubles)","Доходы, не учитываемые при определении налоговой базы: в виде имущества, включая денежные средства, и (или) имущественных прав, которые получены ипотечным агентом или специализированным обществом в связи с их уставной деятельностью (540) (тыс. руб.)","integer"
"G424","The number of taxpayers who received income in the form of property, including cash, and (or) property rights, which were received by a mortgage agent or a specialized company in connection with their statutory activities (540) (units)","Количество налогоплательщиков, получивших доходы в виде имущества, включая денежные средства, и (или) имущественных прав, которые получены ипотечным агентом или специализированным обществом в связи с их уставной деятельностью (540) (ед.)","integer"
"G425","Income not taken into account when determining the tax base: income of ship owners received from the operation of ships registered in the Russian Open Register of Ships by persons who have received the status of a participant in a special administrative region, or in the Russian International Register of Ships (560) (thousand rubles)","Доходы, не учитываемые при определении налоговой базы: доходы судовладельцев, полученные от эксплуатации судов, зарегистрированных в Российском открытом реестре судов лицами, получившими статус участника специального административного района, или в Российском международном реестре судов (560) (тыс. руб.)","integer"
"G426","The number of taxpayers who received shipowners' income from the operation of ships registered in the Russian Open Register of Ships by persons who have received the status of a participant in a special administrative region, or in the Russian International Register of Ships (560) (units)","Количество налогоплательщиков, получивших доходы судовладельцев, полученные от эксплуатации судов, зарегистрированных в Российском открытом реестре судов лицами, получившими статус участника специального административного района, или в Российском международном реестре судов (560) (ед.)","integer"
"G427","Income not taken into account when determining the tax base: income of ship owners received from the sale of ships registered in the Russian Open Register of Ships by persons who have received the status of a participant in a special administrative region, or in the Russian International Register of Ships (561) (thousand rubles)","Доходы, не учитываемые при определении налоговой базы: доходы судовладельцев, полученные от реализации судов, зарегистрированных в Российском открытом реестре судов лицами, получившими статус участника специального административного района, или в Российском международном реестре судов (561) (тыс. руб.)","integer"
"G428","The number of taxpayers who received income from shipowners received from the sale of ships registered in the Russian Open Register of Ships by persons who have received the status of a participant in a special administrative region, or in the Russian International Register of Ships (561) (units)","Количество налогоплательщиков, получивших доходы судовладельцев, полученные от реализации судов, зарегистрированных в Российском  открытом реестре судов лицами, получившими статус участника специального административного района, или в Российском международном реестре судов (561) (ед.)","integer"
"G429","Income not taken into account when determining the tax base: income of ship owners received from the operation of ships built by Russian shipbuilding organizations after January 1, 2010 and registered in the Russian Open Register of Ships by persons who have received the status of a participant in a special administrative region, or in the Russian International Register of Ships (562) (thousand rubles)","Доходы, не учитываемые при определении налоговой базы: доходы судовладельцев, полученные от эксплуатации судов, построенных российскими судостроительными организациями после 1 января 2010 года и зарегистрированных в Российском открытом реестре судов лицами, получившими статус участника специального административного района, или в Российском международном реестре судов (562) (тыс. руб.)","integer"
"G430","The number of taxpayers who received shipowners' income from the operation of ships built by Russian shipbuilding organizations after January 1, 2010 and registered in the Russian Open Register of Ships by persons who received the status of a participant in a special administrative region, or in the Russian International Register of Ships (562) (units)","Количество налогоплательщиков, получивших доходы судовладельцев, полученные от эксплуатации судов, построенных российскими судостроительными организациями после 1 января 2010 года и зарегистрированных в Российском открытом реестре судов лицами, получившими статус участника специального административного района, или в Российском международном реестре судов (562) (ед.)","integer"
"G431","Income not taken into account when determining the tax base: income of ship owners received from the sale of ships built by Russian shipbuilding organizations after January 1, 2010 and registered in the Russian Open Register of Ships by persons who have received the status of a participant in a special administrative region, or in the Russian International Register of Ships (563) (thousand rubles)","Доходы, не учитываемые при определении налоговой базы: доходы судовладельцев, полученные от реализации судов, построенных российскими судостроительными организациями после 1 января 2010 года и зарегистрированных в Российском открытом реестре судов лицами, получившими статус участника специального административного района, или в Российском международном реестре судов (563) (тыс. руб.)","integer"
"G432","The number of taxpayers who received shipowners' income from the sale of ships built by Russian shipbuilding organizations after January 1, 2010 and registered in the Russian Open Register of Ships by persons who received the status of a participant in a special administrative region, or in the Russian International Register of Ships (563) (units)","Количество налогоплательщиков, получивших доходы судовладельцев, полученные от реализации судов, построенных российскими судостроительными организациями после 1 января 2010 года и зарегистрированных в Российском открытом реестре судов лицами, получившими статус участника специального административного района, или в Российском международном реестре судов (563) (ед.)","integer"
"G433","Income not taken into account when determining the tax base: income of the development bank - a state corporation (570) (thousand rubles)","Доходы, не учитываемые при определении налоговой базы: доходы банка развития - государственной корпорации (570) (тыс. руб.)","integer"
"G434","Number of taxpayers who received income from the development bank - a state corporation (570) (units)","Количество налогоплательщиков, получивших доходы банка развития - государственной корпорации (570) (ед.)","integer"
"G435","Income not taken into account when determining the tax base: in the form of property and (or) property rights received under a concession agreement, a public-private partnership agreement, a municipal-private partnership agreement in accordance with the legislation of the Russian Federation, with the exception of funds received from the grantor or public partner under the said agreements (subparagraph 37 of paragraph 1 of Article 251 of the Code) (590) (thousand rubles)","Доходы, не учитываемые при определении налоговой базы: в виде имущества и (или) имущественных прав, полученных по концессионному соглашению, соглашению о государственно-частном партнерстве, соглашению о муниципально-частном партнерстве в соответствии с законодательством Российской Федерации, за исключением денежных средств, полученных от концедента или публичного партнера по указанным соглашениям (подпункт 37 пункта 1 статьи 251 Кодекса) (590) (тыс. руб.)","integer"
"G436","The number of taxpayers who received income in the form of property and (or) property rights received under a concession agreement, a public-private partnership agreement, a municipal-private partnership agreement in accordance with the legislation of the Russian Federation, with the exception of funds received from the grantor or public partner under the said agreements (subparagraph 37 of paragraph 1 of Article 251 of the Code) (590) (units)","Количество налогоплательщиков, получивших доходов в виде имущества и (или) имущественных прав, полученных по концессионному соглашению, соглашению о государственно-частном партнерстве, соглашению о муниципально-частном партнерстве в соответствии с законодательством Российской Федерации, за исключением денежных средств, полученных от концедента или публичного партнера по указанным соглашениям (подпункт 37 пункта 1 статьи 251 Кодекса) (590) (ед.)","integer"
"G437","Income not taken into account when determining the tax base: in the form of the cost of airtime and (or) print space, received free of charge by taxpayers in accordance with the legislation of the Russian Federation on elections and referendums (600) (thousand rubles)","Доходы, не учитываемые при определении налоговой базы: в виде стоимости эфирного времени и (или) печатной площади, безвозмездно полученных налогоплательщиками в соответствии с законодательством Российской Федерации о выборах и референдумах (600) (тыс. руб.)","integer"
"G438","The number of taxpayers who received income in the form of the cost of airtime and (or) print space, received free of charge by taxpayers in accordance with the legislation of the Russian Federation on elections and referendums (600) (units)","Количество налогоплательщиков, получивших доходов в виде стоимости эфирного времени и (или) печатной площади, безвозмездно полученных налогоплательщиками в соответствии с законодательством Российской Федерации о выборах и референдумах (600) (ед.)","integer"
"G439","Income not taken into account when determining the tax base: dividends received from foreign organizations, the actual source of payment of which are Russian organizations, to which the taxpayer has the actual right and to which the tax rate established by subparagraph 2 of paragraph 3 of Article 284 of the Code was applied, taking into account the procedure provided for in Article 312 of the Code (subparagraph 50 of paragraph 1 of Article 251 of the Code) (588)","Доходы, не учитываемые при определении налоговой базы: дивиденды, полученные от иностранных организаций, фактическим источником выплаты которых являются российские организации, на которые налогоплательщик имеет фактическое право и к которым применялась налоговая ставка, установленная подпунктом 2 пункта 3 статьи 284 Кодекса с учетом порядка, предусмотренного статьей 312 Кодекса (подпункт 50 пункта 1 статьи 251 Кодекса) (588)","integer"
"G440","The number of taxpayers who received income in the form of dividends from foreign organizations, the actual source of payment of which are Russian organizations to which the taxpayer has actual rights and to which the tax rate established by subparagraph 2 of paragraph 3 of Article 284 of the Code was applied, taking into account the procedure provided for in Article 312 of the Code (subparagraph 50 of paragraph 1 of Article 251 of the Code) (588) (units)","Количество налогоплательщиков, получивших доходов в виде дивиденды от иностранных организаций, фактическим источником выплаты которых являются российские организации, на которые налогоплательщик имеет фактическое право и к которым применялась налоговая ставка, установленная подпунктом 2 пункта 3 статьи 284 Кодекса с учетом порядка, предусмотренного статьей 312 Кодекса (подпункт 50 пункта 1 статьи 251 Кодекса) (588) (ед.)","integer"
"G441","Income not taken into account when determining the tax base: dividends received from a foreign organization, to which the taxpayer has the actual right in accordance with paragraph 1.6 of Article 312 of the Tax Code of the Russian Federation (589) (thousand rubles)","Доходы, не учитываемые при определении налоговой базы: дивиденды, полученные от иностранной организации, на которые налогоплательщик имеет фактическое право в соответствии с пунктом 1.6 статьи 312 Налогового кодекса Российской Федерации (589) (тыс. руб.)","integer"
"G442","The number of taxpayers who received income in the form of dividends received from a foreign organization, to which the taxpayer has the actual right in accordance with paragraph 1.6 of Article 312 of the Tax Code of the Russian Federation (589) (units)","Количество налогоплательщиков, получивших доходов в виде дивиденды, полученные от иностранной организации, на которые налогоплательщик имеет фактическое право в соответствии с пунктом 1.6 статьи 312 Налогового кодекса Российской Федерации (589) (ед.)","integer"
"G443","Income not taken into account when determining the tax base: in the form of funds received by all-Russian sports federations or professional sports leagues from organizers of gambling in bookmakers on the basis of agreements concluded in accordance with Federal Law No. 244-FZ of December 29, 2006 ""On state regulation of activities related to the organization and conduct of gambling and on amendments to certain legislative acts of the Russian Federation"", or from a public-law company that ensures the implementation of the norms of the legislation on state regulation of activities related to the organization and conduct of gambling, in the form of targeted deductions withheld from the organizers of gambling in accordance with Federal Law No. 493-FZ of December 30, 2020 ""On the public-law company ""Unified Regulator of Gambling"" and on amendments to certain legislative acts of the Russian Federation"" (610) (thousand rubles)","Доходы, не учитываемые при определении налоговой базы: в виде средств, полученных общероссийскими спортивными федерациями или профессиональными спортивными лигами от организаторов азартных игр в букмекерских конторах на основании соглашений, заключенных в соответствии с Федеральным законом от 29 декабря 2006 г. № 244-ФЗ «О государственном регулировании деятельности по организации и проведению азартных игр и о внесении изменений в некоторые законодательные акты Российской Федерации», либо от публично-правовой компании, обеспечивающей реализацию норм законодательства о государственном регулировании деятельности по организации и проведению азартных игр, в виде целевых отчислений, удержанных с организаторов азартных игр в соответствии с Федеральным законом от 30 декабря 2020 г. № 493-ФЗ «О публично-правовой компании «Единый регулятор азартных игр» и о внесении изменений в отдельные законодательные акты Российской Федерации» (610)(тыс.руб)","integer"
"G444","The number of taxpayers who received income in the form of funds received by all-Russian sports federations or professional sports leagues from organizers of gambling in bookmaker offices on the basis of agreements concluded in accordance with Federal Law No. 244-FZ of December 29, 2006 ""On state regulation of activities related to the organization and conduct of gambling and on amendments to certain legislative acts of the Russian Federation"", or from a public-law company that ensures the implementation of the norms of the legislation on state regulation of activities related to the organization and conduct of gambling, in the form of targeted deductions withheld from the organizers of gambling in accordance with Federal Law No. 493-FZ of December 30, 2020 ""On the public-law company ""Unified Regulator of Gambling"" and on amendments to certain legislative acts of the Russian Federation"" (610) (units)","Количество налогоплательщиков, получивших доходовв виде средств, полученных общероссийскими спортивными федерациями или профессиональными спортивными лигами от организаторов азартных игр в букмекерских конторах на основании соглашений, заключенных в соответствии с Федеральным законом от 29 декабря 2006 г. № 244-ФЗ «О государственном регулировании деятельности по организации и проведению азартных игр и о внесении изменений в некоторые законодательные акты Российской Федерации», либо от публично-правовой компании, обеспечивающей реализацию норм законодательства о государственном регулировании деятельности по организации и проведению азартных игр, в виде целевых отчислений, удержанных с организаторов азартных игр в соответствии с Федеральным законом от 30 декабря 2020 г. № 493-ФЗ «О публично-правовой компании «Единый регулятор азартных игр» и о внесении изменений в отдельные законодательные акты Российской Федерации» (610) (ед.)","integer"
"G445","Income not taken into account when determining the tax base: in the form of works (services), property rights received free of charge from government bodies, local government bodies, the corporation for the development of small and medium-sized businesses and its subsidiaries, organizations included in the unified register of support infrastructure organizations in accordance with Federal Law No. 209-FZ of July 24, 2007 ""On the Development of Small and Medium-Sized Entrepreneurship in the Russian Federation"", as part of the implementation of their powers to support small and medium-sized businesses in accordance with Federal Law No. 209-FZ, as well as from organizations performing export support functions in accordance with Federal Law No. 164-FZ of December 8, 2003 ""On the Fundamentals of State Regulation of Foreign Trade Activity"", as part of the implementation of their powers to support exports in accordance with Federal Law No. 164-FZ in the event that the performance of the specified works (provision of services), transfer property rights are exercised in accordance with the legislation of the Russian Federation, the legislation of the constituent entities of the Russian Federation, and acts of local government bodies (615) (thousand rubles)","Доходы, не учитываемые при определении налоговой базы: в виде работ (услуг), имущественных прав, полученных безвозмездно от органов государственной власти, органов местного самоуправления, корпорации развития малого и среднего предпринимательства и ее дочерних обществ, организаций, включенных в единый реестр организаций инфраструктуры поддержки в соответствии с Федеральным законом от 24 июля 2007 г. № 209-ФЗ «О развитии малого и среднего предпринимательства в Российской Федерации», в рамках выполнения ими возложенных на них полномочий по поддержке субъектов малого и среднего предпринимательства в соответствии с Федеральным законом № 209-ФЗ, а также от организаций, осуществляющих функции по поддержке экспорта в соответствии с Федеральным законом от 8 декабря 2003 г. № 164-ФЗ «Об основах государственного регулирования внешнеторговой деятельности», в рамках выполнения ими возложенных на них полномочий по поддержке экспорта в соответствии с Федеральным законом № 164-ФЗ в случае, если выполнение указанных работ (оказание услуг), передача имущественных прав осуществляются в соответствии с законодательством Российской Федерации, законодательством субъектов Российской Федерации, актами органов местного самоуправления (615) (тыс.руб)","integer"
"G446","The number of taxpayers who received income in the form of works (services), property rights received free of charge from government bodies, local government bodies, the corporation for the development of small and medium-sized businesses and its subsidiaries, organizations included in the unified register of support infrastructure organizations in accordance with Federal Law No. 209-FZ of July 24, 2007 ""On the Development of Small and Medium-Sized Entrepreneurship in the Russian Federation"", as part of the implementation of their powers to support small and medium-sized businesses in accordance with Federal Law No. 209-FZ, as well as from organizations performing export support functions in accordance with Federal Law No. 164-FZ of December 8, 2003 ""On the Fundamentals of State Regulation of Foreign Trade Activity"", as part of the implementation of their powers to support exports in accordance with Federal Law No. 164-FZ in the event that the performance of the specified works (provision of services), the transfer of property rights are exercised in accordance with the legislation of the Russian Federation, the legislation of the constituent entities of the Russian Federation, and acts of local government bodies (615) (units)","Количество налогоплательщиков, получивших доходовв в виде работ (услуг), имущественных прав, полученных безвозмездно от органов государственной власти, органов местного самоуправления, корпорации развития малого и среднего предпринимательства и ее дочерних обществ, организаций, включенных в единый реестр организаций инфраструктуры поддержки в соответствии с Федеральным законом от 24 июля 2007 г. № 209-ФЗ «О развитии малого и среднего предпринимательства в Российской Федерации», в рамках выполнения ими возложенных на них полномочий по поддержке субъектов малого и среднего предпринимательства в соответствии с Федеральным законом № 209-ФЗ, а также от организаций, осуществляющих функции по поддержке экспорта в соответствии с Федеральным законом от 8 декабря 2003 г. № 164-ФЗ «Об основах государственного регулирования внешнеторговой деятельности», в рамках выполнения ими возложенных на них полномочий по поддержке экспорта в соответствии с Федеральным законом № 164-ФЗ в случае, если выполнение указанных работ (оказание услуг), передача имущественных прав осуществляются в соответствии с законодательством Российской Федерации, законодательством субъектов Российской Федерации, актами органов местного самоуправления (615) (ед.)","integer"
"G447","The value of property, works, services or the amount of money received through charitable activities, targeted receipts, targeted financing in the form of: grants (code 010) (thousand rubles)","Стоимость имущества, работ, услуг или сумма денежных средств, полученные в рамках благотворительной деятельности, целевые поступления, целевое финансирование 
в виде:  грантов (код 010) (тыс. руб.)","integer"
"G448","Number of taxpayers who received income in the form of grants (code 010) (units)","Количество налогоплательщиков, получивших доходы в виде грантов (код 010) (ед.)","integer"
"G449","The value of property, works, services or the amount of money received through charitable activities, targeted receipts, targeted financing in the form of: investments received during investment competitions (auctions) in the manner established by the legislation of the Russian Federation (code 020) (thousand rubles)","Стоимость имущества, работ, услуг или сумма денежных средств, полученные в рамках благотворительной деятельности, целевые поступления, целевое финансирование 
в виде:  инвестиций, полученных при проведении инвестиционных конкурсов (торгов) в порядке, установленном законодательством Российской Федерации (код 020) (тыс. руб.)","integer"
"G450","The number of taxpayers who received income in the form of investments obtained during investment competitions (auctions) in the manner established by the legislation of the Russian Federation (code 020) (units)","Количество налогоплательщиков, получивших доходы в виде инвестиций, полученных при проведении инвестиционных конкурсов (торгов) в порядке, установленном законодательством Российской Федерации (код 020) (ед.)","integer"
"G451","The value of property, works, services or the amount of money received through charitable activities, targeted receipts, targeted financing in the form of: investments received from foreign investors to finance capital investments for production purposes, subject to their use within one calendar year from the date of receipt (code 030) (thousand rubles)","Стоимость имущества, работ, услуг или сумма денежных средств, полученные в рамках благотворительной деятельности, целевые поступления, целевое финансирование 
в виде:  инвестиций, полученных от иностранных инвесторов на финансирование капитальных вложений производственного назначения, при условии использования их в течение одного календарного года с момента получения (код 030) (тыс. руб.)","integer"
"G452","The number of taxpayers who received income in the form of investments received from foreign investors to finance capital investments for production purposes, subject to their use within one calendar year from the date of receipt (code 030) (units)","Количество налогоплательщиков, получивших доходы в виде инвестиций, полученных от иностранных инвесторов на финансирование капитальных вложений производственного назначения, при условии использования их в течение одного календарного года с момента получения (код 030) (ед.)","integer"
"G453","The value of property, works, services or the amount of money received through charitable activities, targeted receipts, targeted financing in the form of: funds of equity holders and (or) investors accumulated in the accounts of the developer organization; funds of participants in shared construction placed in escrow accounts in accordance with Federal Law No. 214-FZ of December 30, 2004 ""On Participation in Shared Construction of Apartment Buildings and Other Real Estate and on Amendments to Certain Legislative Acts of the Russian Federation"" (code 040) (thousand rubles)","Стоимость имущества, работ, услуг или сумма денежных средств, полученные в рамках благотворительной деятельности, целевые поступления, целевое финансирование 
в виде: средств  дольщиков и (или) инвесторов, аккумулированных на счетах организации-застройщика; средств участников долевого строительства, размещенных на счетах эскроу в соответствии с Федеральным законом от 30 декабря 2004 г. № 214-ФЗ «Об участии в долевом строительстве многоквартирных домов и иных объектов недвижимости и о внесении изменений в некоторые законодательные акты Российской Федерации»  (код 040) (тыс. руб.)","integer"
"G454","The number of taxpayers who received income in the form of funds from equity holders and/or investors accumulated in the accounts of the developer organization; funds from participants in shared construction placed in escrow accounts in accordance with Federal Law No. 214-FZ of December 30, 2004 ""On Participation in Shared Construction of Apartment Buildings and Other Real Estate and on Amendments to Certain Legislative Acts of the Russian Federation"" (code 040) (units)","Количество налогоплательщиков, получивших доходы в виде средств дольщиков и (или) инвесторов, аккумулированных на счетах организации-застройщика; средств участников долевого строительства, размещенных на счетах эскроу в соответствии с Федеральным законом от 30 декабря 2004 г. № 214-ФЗ «Об участии в долевом строительстве многоквартирных домов и иных объектов недвижимости и о внесении изменений в некоторые законодательные акты Российской Федерации»  (код 040) (ед.)","integer"
"G455","The value of property, works, services or the amount of money received through charitable activities, targeted receipts, targeted financing in the form of: funds received by a mutual insurance society from organizations - members of the mutual insurance society (code 050) (thousand rubles)","Стоимость имущества, работ, услуг или сумма денежных средств, полученные в рамках благотворительной деятельности, целевые поступления, целевое финансирование 
в виде:  средств, полученных обществом взаимного страхования от организаций - членов общества взаимного страхования (код 050) (тыс. руб.)","integer"
"G456","The number of taxpayers who received income in the form of funds received by a mutual insurance company from organizations - members of the mutual insurance company (code 050) (units)","Количество налогоплательщиков, получивших доходы в виде средств, полученных обществом взаимного страхования от организаций - членов общества взаимного страхования (код 050) (ед.)","integer"
"G457","The value of property, works, services or the amount of money received through charitable activities, targeted receipts, targeted financing in the form of: funds received from funds to support scientific, scientific-technical, and innovative activities created in accordance with Federal Law No. 127-FZ of August 23, 1996 ""On Science and State Scientific-Technical Policy"" for the implementation of specific scientific, scientific-technical programs and projects, innovative projects (code 060) (thousand rubles)","Стоимость имущества, работ, услуг или сумма денежных средств, полученные в рамках благотворительной деятельности, целевые поступления, целевое финансирование 
в виде:  средств, полученных из фондов поддержки научной, научно-технической, инновационной деятельности, созданных в соответствии с Федеральным законом от 23 августа 1996 г.  
№ 127-ФЗ «О науке и государственной научно-технической политике», на осуществление конкретных научных, научно-технических программ и проектов, инновационных проектов 
(код 060) (тыс. руб.)","integer"
"G458","The number of taxpayers who received income in the form of funds received from funds to support scientific, scientific-technical, and innovative activities, created in accordance with the Federal Law of August 23, 1996 No. 127-FZ ""On Science and State Scientific-Technical Policy"", for the implementation of specific scientific, scientific-technical programs and projects, and innovative projects (code 060) (units)","Количество налогоплательщиков, получивших доходы в виде средств, полученных из фондов поддержки научной, научно-технической, инновационной деятельности, созданных в соответствии с Федеральным законом от 23 августа 1996 г.  
№ 127-ФЗ «О науке и государственной научно-технической политике», на осуществление конкретных научных, научно-технических программ и проектов, инновационных проектов 
(код 060) (ед.)","integer"
"G459","The value of property, works, services or the amount of money received through charitable activities, targeted receipts, targeted financing in the form of: funds received for the formation of funds to support scientific, scientific and technical, and innovative activities created in accordance with the Federal Law ""On Science and State Scientific and Technical Policy"" (code 070) (thousand rubles)","Стоимость имущества, работ, услуг или сумма денежных средств, полученные в рамках благотворительной деятельности, целевые поступления, целевое финансирование 
в виде: средств, поступивших на формирование фондов поддержки научной, научно -технической, инновационной деятельности, созданных в соответствии с Федеральным законом «О науке и государственной научно-технической политике»  (код 070) (тыс. руб.)","integer"
"G460","The number of taxpayers who received income in the form of funds received for the formation of funds to support scientific, scientific and technical, and innovative activities, created in accordance with the Federal Law ""On Science and State Scientific and Technical Policy"" (code 070) (units)","Количество налогоплательщиков, получивших доходы в виде средств, поступивших на формирование фондов поддержки научной, научно -технической, инновационной деятельности, созданных в соответствии с Федеральным законом «О науке и государственной научно-технической политике»  (код 070) (ед.)","integer"
"G461","The value of property, works, services or the amount of money received through charitable activities, targeted receipts, targeted financing in the form of: funds received by enterprises and organizations that include particularly radiation-hazardous and nuclear-hazardous production facilities and objects, from reserves intended to ensure the safety of the said production facilities and objects at all stages of the life cycle and their development in accordance with the legislation of the Russian Federation on the use of atomic energy (code 080) (thousand rubles)","Стоимость имущества, работ, услуг или сумма денежных средств, полученные в рамках благотворительной деятельности, целевые поступления, целевое финансирование 
в виде:  средств, полученных предприятиями и организациями, в состав которых входят особо радиационно опасные и ядерно опасные производства и объекты, из резервов, предназначенных для обеспечения безопасности указанных производств и объектов на всех стадиях жизненного цикла и их развития в соответствии с законодательством Российской Федерации об использовании атомной энергии (код 080) (тыс. руб.)","integer"
"G462","The number of taxpayers who received income in the form of funds received by enterprises and organizations that include particularly radiation-hazardous and nuclear-hazardous production facilities and objects, from reserves intended to ensure the safety of the said production facilities and objects at all stages of the life cycle and their development in accordance with the legislation of the Russian Federation on the use of atomic energy (code 080) (units)","Количество налогоплательщиков, получивших доходы в виде средств, полученных предприятиями и организациями, в состав которых входят особо радиационно опасные и ядерно опасные производства и объекты, из резервов, предназначенных для обеспечения безопасности указанных производств и объектов на всех стадиях жизненного цикла и их развития в соответствии с законодательством Российской Федерации об использовании атомной энергии (код 080) (ед.)","integer"
"G463","The value of property, works, services or the amount of money received through charitable activities, targeted receipts, targeted financing in the form of: insurance premiums of banks to the deposit insurance fund in accordance with the federal law on the insurance of deposits of individuals in banks of the Russian Federation (code 100) (thousand rubles)","Стоимость имущества, работ, услуг или сумма денежных средств, полученные в рамках благотворительной деятельности, целевые поступления, целевое финансирование 
в виде: страховых взносов банков в фонд страхования вкладов в соответствии с федеральным законом о страховании вкладов физических лиц в банках Российской Федерации (код 100) (тыс. руб.)","integer"
"G464","The number of taxpayers who received income in the form of insurance premiums from banks to the deposit insurance fund in accordance with the federal law on the insurance of deposits of individuals in banks of the Russian Federation (code 100) (units)","Количество налогоплательщиков, получивших доходы в виде страховых взносов банков в фонд страхования вкладов в соответствии с федеральным законом о страховании вкладов физических лиц в банках Российской Федерации (код 100) (ед.)","integer"
"G465","The value of property, works, services or the amount of money received through charitable activities, targeted receipts, targeted financing in the form of: funds received by medical organizations carrying out medical activities in the compulsory medical insurance system for the provision of medical services to insured persons from insurance organizations carrying out compulsory medical insurance of these persons (code 110) (thousand rubles)","Стоимость имущества, работ, услуг или сумма денежных средств, полученные в рамках благотворительной деятельности, целевые поступления, целевое финансирование 
в виде:  средств, получаемых медицинскими организациями, осуществляющими медицинскую деятельность в системе обязательного медицинского страхования, за оказание медицинских услуг застрахованным лицам от страховых организаций, осуществляющих обязательное медицинское страхование этих лиц (код 110) (тыс. руб.)","integer"
"G466","The number of taxpayers who received income in the form of funds received by medical organizations carrying out medical activities in the compulsory medical insurance system for the provision of medical services to insured persons from insurance organizations providing compulsory medical insurance for these persons (code 110) (units)","Количество налогоплательщиков, получивших доходы в виде средств, получаемых медицинскими организациями, осуществляющими медицинскую деятельность в системе обязательного медицинского страхования, за оказание медицинских услуг застрахованным лицам от страховых организаций, осуществляющих обязательное медицинское страхование этих лиц (код 110) (ед.)","integer"
"G467","The value of property, works, services or the amount of money received through charitable activities, targeted receipts, targeted financing in the form of: targeted funds received by health insurance organizations - participants in compulsory health insurance from the territorial fund of compulsory health insurance in accordance with the agreement on financial support for compulsory health insurance (code 111) (thousand rubles)","Стоимость имущества, работ, услуг или сумма денежных средств, полученные в рамках благотворительной деятельности, целевые поступления, целевое финансирование 
в виде:  целевых средств, получаемых страховыми медицинскими организациями - участниками обязательного медицинского страхования от территориального фонда обязательного медицинского страхования в соответствии с договором о финансовом обеспечении обязательного медицинского страхования (код 111) (тыс. руб.)","integer"
"G468","The number of taxpayers who received income in the form of targeted funds received by medical insurance organizations participating in compulsory medical insurance from the territorial compulsory medical insurance fund in accordance with the agreement on financial support for compulsory medical insurance (code 111) (units)","Количество налогоплательщиков, получивших доходы в виде целевых средств, получаемых страховыми медицинскими организациями - участниками обязательного медицинского страхования от территориального фонда обязательного медицинского страхования в соответствии с договором о финансовом обеспечении обязательного медицинского страхования (код 111) (ед.)","integer"
"G469","The value of property, works, services or the amount of money received within the framework of charitable activities, targeted receipts, targeted financing in the form of: funds from owners of premises in apartment buildings, received into the accounts of homeowners' associations, housing, housing construction cooperatives and other specialized consumer cooperatives, management organizations that manage apartment buildings, as well as into the accounts of specialized non-profit organizations that carry out activities aimed at ensuring the implementation of major repairs of common property in apartment buildings, to finance the implementation of repairs, major repairs of common property in apartment buildings (112) (thousand rubles)","Стоимость имущества, работ, услуг или сумма денежных средств, полученные в рамках благотворительной деятельности, целевые поступления, целевое финансирование 
в виде: средств собственников помещений в многоквартирных домах, поступающих на счета осуществляющих управление многоквартирными домами товариществ собственников жилья, жилищных, жилищно-строительных кооперативов и иных специализированных потребительских кооперативов, управляющих организаций, а также на счета специализированных некоммерческих организаций, которые осуществляют деятельность, направленную на обеспечение проведения капитального ремонта общего имущества в многоквартирных домах, на финансирование проведения ремонта, капитального ремонта общего имущества многоквартирных домов (112) (тыс. руб.)","integer"
"G470","The number of taxpayers who received income in the form of funds from owners of premises in apartment buildings, transferred to the accounts of homeowners' associations, housing, housing construction cooperatives and other specialized consumer cooperatives, management organizations that manage apartment buildings, as well as to the accounts of specialized non-profit organizations that carry out activities aimed at ensuring the implementation of major repairs of common property in apartment buildings, to finance the implementation of repairs, major repairs of common property in apartment buildings (112) (units)","Количество налогоплательщиков, получивших доходы в виде средств собственников помещений в многоквартирных домах, поступающих на счета осуществляющих управление многоквартирными домами товариществ собственников жилья, жилищных, жилищно-строительных кооперативов и иных специализированных потребительских кооперативов, управляющих организаций, а также на счета специализированных некоммерческих организаций, которые осуществляют деятельность, направленную на обеспечение проведения капитального ремонта общего имущества в многоквартирных домах, на финансирование проведения ремонта, капитального ремонта общего имущества многоквартирных домов (112) (ед.)","integer"
"G471","The value of property, works, services or the amount of money received through charitable activities, targeted receipts, targeted financing in the form of: amounts of entrance and guarantee contributions of non-state pension funds, guarantee contributions of the Pension Fund of the Russian Federation paid to the pension savings guarantee fund in accordance with Federal Law No. 422-FZ of December 28, 2013 ""On Guaranteeing the Rights of Insured Persons in the Compulsory Pension Insurance System of the Russian Federation in the Formation and Investment of Pension Savings, Establishing and Making Payments from Pension Savings"" (113) (thousand rubles)","Стоимость имущества, работ, услуг или сумма денежных средств, полученные в рамках благотворительной деятельности, целевые поступления, целевое финансирование 
в виде:  сумм вступительных и гарантийных взносов негосударственных пенсионных фондов, гарантийных взносов Пенсионного фонда Российской Федерации, уплаченных в фонд гарантирования пенсионных накоплений в соответствии с Федеральным законом от 28 декабря 2013г. № 422-ФЗ «О гарантировании прав застрахованных лиц в системе обязательного пенсионного страхования Российской Федерации при формировании и инвестировании средств пенсионных накоплений, установлении и осуществлении выплат за счет средств пенсионных накоплений» (113) (тыс. руб.)","integer"
"G472","The number of taxpayers who received income in the form of amounts of entrance and guarantee contributions of non-state pension funds, guarantee contributions of the Pension Fund of the Russian Federation, paid to the pension savings guarantee fund in accordance with the Federal Law of December 28, 2013 No. 422-FZ ""On guaranteeing the rights of insured persons in the compulsory pension insurance system of the Russian Federation in the formation and investment of pension savings, establishment and implementation of payments from pension savings"" (113) (units)","Количество налогоплательщиков, получивших доходы в виде сумм вступительных и гарантийных взносов негосударственных пенсионных фондов, гарантийных взносов Пенсионного фонда Российской Федерации, уплаченных в фонд гарантирования пенсионных накоплений в соответствии с Федеральным законом от 28 декабря 2013г. № 422-ФЗ «О гарантировании прав застрахованных лиц в системе обязательного пенсионного страхования Российской Федерации при формировании и инвестировании средств пенсионных накоплений, установлении и осуществлении выплат за счет средств пенсионных накоплений» (113) (ед.)","integer"
"G473","The value of property, works, services or the amount of money received through charitable activities, targeted receipts, targeted financing in the form of: amounts of compensation received by non-state pension funds, the Pension Fund of the Russian Federation in accordance with Federal Law No. 422-FZ of December 28, 2013 ""On guaranteeing the rights of insured persons in the compulsory pension insurance system of the Russian Federation when forming and investing pension savings, establishing and making payments from pension savings"" (114) (thousand rubles)","Стоимость имущества, работ, услуг или сумма денежных средств, полученные в рамках благотворительной деятельности, целевые поступления, целевое финансирование 
в виде: сумм возмещений, полученных негосударственными пенсионными фондами, Пенсионным фондом Российской Федерации в соответствии с Федеральным законом от 28 декабря 2013г. № 422-ФЗ «О гарантировании прав застрахованных лиц в системе обязательного пенсионного страхования Российской Федерации при формировании и инвестировании средств пенсионных накоплений, установлении и осуществлении выплат за счет средств пенсионных накоплений» (114) (тыс. руб.)","integer"
"G474","The number of taxpayers who received income in the form of compensation amounts received by non-state pension funds, the Pension Fund of the Russian Federation in accordance with the Federal Law of December 28, 2013 No. 422-FZ ""On guaranteeing the rights of insured persons in the compulsory pension insurance system of the Russian Federation in the formation and investment of pension savings, establishment and implementation of payments from pension savings"" (114) (units)","Количество налогоплательщиков, получивших доходы в виде сумм возмещений, полученных негосударственными пенсионными фондами, Пенсионным фондом Российской Федерации в соответствии с Федеральным законом от 28 декабря 2013г. № 422-ФЗ «О гарантировании прав застрахованных лиц в системе обязательного пенсионного страхования Российской Федерации при формировании и инвестировании средств пенсионных накоплений, установлении и осуществлении выплат за счет средств пенсионных накоплений» (114) (ед.)","integer"
"G475","The value of property, works, services or the amount of money received through charitable activities, targeted receipts, targeted financing in the form of: amounts of mandatory deductions (contributions) of developers to the compensation fund formed in accordance with Federal Law No. 218-FZ of July 29, 2017 ""On the public-law company for the protection of the rights of citizens - participants in shared construction in the event of insolvency (bankruptcy) of developers and on amendments to certain legislative acts of the Russian Federation"" (115) (thousand rubles)","Стоимость имущества, работ, услуг или сумма денежных средств, полученные в рамках благотворительной деятельности, целевые поступления, целевое финансирование 
в виде:сумм обязательных отчислений (взносов) застройщиков в компенсационный фонд, формируемый в соответствии с Федеральным законом от 29 июля 2017 г. № 218-ФЗ «О публично-правовой компании по защите прав граждан - участников долевого строительства при несостоятельности (банкротстве) застройщиков и о внесении изменений в отдельные законодательные акты Российской Федерации» (115) (тыс. руб.)","integer"
"G476","The number of taxpayers who received income in the form of mandatory deductions (contributions) from developers to the compensation fund formed in accordance with Federal Law No. 218-FZ of July 29, 2017 “On the public-law company for the protection of the rights of citizens - participants in shared construction in the event of insolvency (bankruptcy) of developers and on amendments to certain legislative acts of the Russian Federation” (115) (units)","Количество налогоплательщиков, получивших доходы в виде сумм обязательных отчислений (взносов) застройщиков в компенсационный фонд, формируемый в соответствии с Федеральным законом от 29 июля 2017 г. № 218-ФЗ «О публично-правовой компании по защите прав граждан - участников долевого строительства при несостоятельности (банкротстве) застройщиков и о внесении изменений в отдельные законодательные акты Российской Федерации» (115) (ед.)","integer"
"G477","The value of property, works, services or the amount of money received through charitable activities, targeted receipts, targeted financing in the form of: amounts of subsidies received to reimburse expenses specified in Article 270 of the Code (except for expenses specified in paragraph 5 of the above article) (116) (thousand rubles)","Стоимость имущества, работ, услуг или сумма денежных средств, полученные в рамках благотворительной деятельности, целевые поступления, целевое финансирование 
в виде: сумм субсидий, полученных на возмещение расходов, указанных в статье 270 Кодекса (за исключением расходов, указанных в пункте 5 указанной выше статьи) (116) (тыс. руб.)","integer"
"G478","The number of taxpayers who received income in the form of: amounts of subsidies received to reimburse expenses specified in Article 270 of the Code (except for expenses specified in paragraph 5 of the above article) (116) (units)","Количество налогоплательщиков, получивших доходы в виде: сумм субсидий, полученных на возмещение расходов, указанных в статье 270 Кодекса (за исключением расходов, указанных в пункте 5 указанной выше статьи) (116) (ед.)","integer"
"G479","The value of property, works, services or the amount of money received within the framework of charitable activities, targeted receipts, targeted financing in the form of: in the form of interest accrued for the use of funds located in a special account, account, accounts of specialized non-profit organizations that carry out activities aimed at ensuring the implementation of major repairs of common property in apartment buildings, in which the formation of capital repair funds is carried out, as well as the income of the said specialized non-profit organizations received from the placement of funds from the fund for the major repair of common property of apartment buildings (117) (thousand rubles)","Стоимость имущества, работ, услуг или сумма денежных средств, полученные в рамках благотворительной деятельности, целевые поступления, целевое финансирование 
в виде: в виде процентов, начисленных за пользование денежными средствами, находящимися на специальном счете, счете, счетах специализированных некоммерческих организаций, которые осуществляют деятельность, направленную на обеспечение проведения капитального ремонта общего имущества в многоквартирных домах, на которых осуществляется формирование фондов капитального ремонта, а также доходов указанных специализированных некоммерческих организаций, полученных от размещения средств фонда капитального ремонта общего имущества многоквартирных домов (117)  (тыс. руб.)","integer"
"G480","The number of taxpayers who received income in the form of interest accrued for the use of funds located in a special account, account, or accounts of specialized non-profit organizations that carry out activities aimed at ensuring the implementation of major repairs of common property in apartment buildings, where capital repair funds are formed, as well as the income of the said specialized non-profit organizations received from the placement of funds from the capital repair fund for common property of apartment buildings (117) (units)","Количество налогоплательщиков, получивших доходы в виде процентов, начисленных за пользование денежными средствами, находящимися на специальном счете, счете, счетах специализированных некоммерческих организаций, которые осуществляют деятельность, направленную на обеспечение проведения капитального ремонта общего имущества в многоквартирных домах, на которых осуществляется формирование фондов капитального ремонта, а также доходов указанных специализированных некоммерческих организаций, полученных от размещения средств фонда капитального ремонта общего имущества многоквартирных домов (117) (ед.)","integer"
"G481","The value of property, works, services or the amount of money received within the framework of charitable activities, targeted receipts, targeted financing in the form of: fees paid by owners and other holders of rights to garden or vegetable garden land plots who are not members of the partnership, for the acquisition, creation, maintenance of common-use property, for current and major repairs of capital construction projects related to common-use property and located within the boundaries of the territory of gardening or vegetable gardening, for the services and work of the partnership in managing such property in the manner established by Federal Law No. 217-FZ of July 29, 2017 ""On the conduct of gardening and vegetable gardening by citizens for their own needs and on amendments to certain legislative acts of the Russian Federation"" (118) (thousand rubles)","Стоимость имущества, работ, услуг или сумма денежных средств, полученные в рамках благотворительной деятельности, целевые поступления, целевое финансирование 
в виде: платы, вносимой собственниками и иными правообладателями садовых или огородных земельных участков, не являющимися членами товарищества, за приобретение, создание, содержание имущества общего пользования, за текущий и капитальный ремонт объектов капитального строительства, относящихся к имуществу общего пользования и расположенных в границах территории садоводства или огородничества, за услуги и работы товарищества по управлению таким имуществом в порядке, установленном Федеральным законом от 29 июля 2017 г. № 217-ФЗ«О ведении гражданами садоводства и огородничества для собственных нужд и о внесении изменений в отдельные законодательные акты Российской Федерации» (118) (тыс. руб.)","integer"
"G482","The number of taxpayers who received income in the form of: fees paid by owners and other holders of rights to garden or vegetable garden plots who are not members of the partnership for the acquisition, creation, maintenance of common-use property, for routine and major repairs of capital construction projects related to common-use property and located within the boundaries of the gardening or vegetable gardening territory, for the services and work of the partnership in managing such property in the manner established by Federal Law No. 217-FZ of July 29, 2017 ""On the conduct of gardening and vegetable gardening by citizens for their own needs and on amendments to certain legislative acts of the Russian Federation"" (118) (units)","Количество налогоплательщиков, получивших доходы в виде:платы, вносимой собственниками и иными правообладателями садовых или огородных земельных участков, не являющимися членами товарищества, за приобретение, создание, содержание имущества общего пользования, за текущий и капитальный ремонт объектов капитального строительства, относящихся к имуществу общего пользования и расположенных в границах территории садоводства или огородничества, за услуги и работы товарищества по управлению таким имуществом в порядке, установленном Федеральным законом от 29 июля 2017 г. № 217-ФЗ«О ведении гражданами садоводства и огородничества для собственных нужд и о внесении изменений в отдельные законодательные акты Российской Федерации» (118) (ед.)","integer"
"G483","The cost of property, works, services or the amount of money - targeted receipts for the maintenance of non-profit organizations and the conduct of their statutory activities: contributions of founders (participants, members), made in accordance with the legislation of the Russian Federation on non-profit organizations (code 120) (thousand rubles)","Стоимость имущества, работ, услуг или сумма денежных средств - целевые поступления на содержание некоммерческих организаций и ведение ими уставной деятельности: взносы учредителей (участников, членов), осуществленные в соответствии с законодательством Российской Федерации о некоммерческих организациях  (код 120) (тыс. руб.)","integer"
"G484","The number of taxpayers who received income - contributions from founders (participants, members), made in accordance with the legislation of the Russian Federation on non-profit organizations (code 120) (units)","Количество налогоплательщиков, получивших доходы - взносы учредителей (участников, членов), осуществленные в соответствии с законодательством Российской Федерации о некоммерческих организациях  (код 120) (ед.)","integer"
"G485","The cost of property, works, services or the amount of money - targeted receipts for the maintenance of non-profit organizations and the conduct of their statutory activities: income in the form of works (services) received free of charge by non-profit organizations, performed (rendered) on the basis of relevant contracts (code 130) (thousand rubles)","Стоимость имущества, работ, услуг или сумма денежных средств - целевые поступления на содержание некоммерческих организаций и ведение ими уставной деятельности: доходы в виде безвозмездно полученных некоммерческими организациями работ (услуг), выполненных (оказанных) на основании соответствующих договоров (код 130) (тыс. руб.)","integer"
"G486","The number of taxpayers who received income in the form of work (services) received free of charge by non-profit organizations, performed (rendered) on the basis of relevant contracts (code 130) (units)","Количество налогоплательщиков, получивших доходы в виде безвозмездно полученных некоммерческими организациями работ (услуг), выполненных (оказанных) на основании соответствующих договоров (код 130) (ед.)","integer"
"G487","The cost of property, works, services or the amount of money - targeted receipts for the maintenance of non-profit organizations and the conduct of their statutory activities: donations recognized as such in accordance with the civil legislation of the Russian Federation (code 140) (thousand rubles)","Стоимость имущества, работ, услуг или сумма денежных средств -целевые поступления на содержание некоммерческих организаций и ведение ими уставной деятельности: пожертвования, признаваемые таковыми в соответствии с  гражданским законодательством Российской Федерации (код 140) (тыс. руб.)","integer"
"G488","The number of taxpayers who received income - donations recognized as such in accordance with the civil legislation of the Russian Federation (code 140) (units)","Количество налогоплательщиков, получивших доходы - пожертвования, признаваемые таковыми в соответствии с  гражданским законодательством Российской Федерации (код 140) (ед.)","integer"
"G489","The cost of property, works, services or the amount of money - targeted receipts for the maintenance of non-profit organizations and the implementation of their statutory activities: deductions for the formation, in the manner established by Article 324 of the Code, of a reserve for the repair and major repair of common property, which are made to a real estate owners' association, housing cooperative, garage construction cooperative, housing construction cooperative or other specialized consumer cooperative by their members (code 141) (thousand rubles)","Стоимость имущества, работ, услуг или сумма денежных средств -целевые поступления на содержание некоммерческих организаций и ведение ими уставной деятельности: отчисления на формирование в установленном статьей 324 Кодекса порядке резерва на проведение ремонта, капитального ремонта общего имущества, которые производятся товариществу собственников недвижимости  жилищному кооперативу, гаражно-строительному, жилищно-строительному кооперативам  или иному специализированному потребительскому кооперативу их членами (код 141) (тыс. руб.)","integer"
"G490","The number of taxpayers who received income - deductions for the formation, in accordance with the procedure established by Article 324 of the Code, of a reserve for the repair and major repair of common property, which are made to a real estate owners' association, housing cooperative, garage construction cooperative, housing construction cooperative or other specialized consumer cooperative by their members (code 141) (units)","Количество налогоплательщиков, получивших доходы - отчисления на формирование в установленном статьей 324 Кодекса порядке резерва на проведение ремонта, капитального ремонта общего имущества, которые производятся товариществу собственников недвижимости, жилищному кооперативу, гаражно-строительному, жилищно-строительному кооперативам  или иному специализированному потребительскому кооперативу их членами (код 141) (ед.)","integer"
"G491","The cost of property, works, services or the amount of money - targeted receipts for the maintenance of non-profit organizations and the implementation of their statutory activities: targeted receipts for the formation of funds to support scientific, scientific-technical, and innovative activities created in accordance with the Federal Law ""On Science and State Scientific-Technical Policy"" (code 150) (thousand rubles)","Стоимость имущества, работ, услуг или сумма денежных средств -целевые поступления на содержание некоммерческих организаций и ведение ими уставной деятельности:  целевые поступления на формирование фондов поддержки научной, научно-технической, инновационной деятельности, созданных в соответствии с Федеральным законом «О науке и государственной научно-технической политике» (код 150) (тыс. руб.)","integer"
"G492","The number of taxpayers who received income - targeted receipts for the formation of funds to support scientific, scientific-technical, and innovative activities, created in accordance with the Federal Law ""On Science and State Scientific-Technical Policy"" (code 150) (units)","Количество налогоплательщиков, получивших доходы - целевые поступления на формирование фондов поддержки научной, научно-технической, инновационной деятельности, созданных в соответствии с Федеральным законом «О науке и государственной научно-технической политике» (код 150) (ед.)","integer"
"G493","Targeted receipts for the maintenance of non-profit organizations and the conduct of their statutory activities: the value of property, works, services or the amount of money - property, property rights transferred to non-profit organizations by will through inheritance (code 160) (thousand rubles)","целевые поступления на содержание некоммерческих организаций и ведение ими уставной деятельности: стоимость имущества, работ, услуг или сумма денежных средств - имущество, имущественные права, переходящие некоммерческим организациям по завещанию в порядке наследования (код 160) (тыс. руб.)","integer"
"G494","Number of taxpayers who received income - property, property rights transferred to non-profit organizations by will through inheritance (code 160) (units)","Количество налогоплательщиков, получивших доходы - имущество, имущественные права, переходящие некоммерческим организациям по завещанию в порядке наследования (код 160) (ед.)","integer"
"G495","The cost of property, works, services or the amount of money - funds provided for the implementation of the statutory activities of non-profit organizations from the federal budget (code 170) (thousand rubles)","Стоимость имущества, работ, услуг или сумма денежных средств - средства, предоставленные на осуществление уставной деятельности некоммерческих организаций из федерального бюджета (код 170) (тыс. руб.)","integer"
"G496","Number of taxpayers who received income - funds provided for the implementation of statutory activities of non-profit organizations from the federal budget (code 170) (units)","Количество налогоплательщиков, получивших доходы - средства, предоставленные на осуществление уставной деятельности некоммерческих организаций из федерального бюджета (код 170) (ед.)","integer"
"G497","The cost of property, works, services or the amount of money - funds provided for the implementation of the statutory activities of non-profit organizations from the budgets of the constituent entities of the Russian Federation (code 171) (thousand rubles)","Стоимость имущества, работ, услуг или сумма денежных средств - средства, предоставленные на осуществление уставной деятельности некоммерческих организаций из бюджетов субъектов Российской Федерации (код 171) (тыс. руб.)","integer"
"G498","Number of taxpayers who received income - funds provided for the implementation of statutory activities of non-profit organizations from the budgets of constituent entities of the Russian Federation (code 171) (units)","Количество налогоплательщиков, получивших доходы - средства, предоставленные на осуществление уставной деятельности некоммерческих организаций из бюджетов субъектов Российской Федерации (код 171) (ед.)","integer"
"G499","The cost of property, works, services or the amount of money - funds provided for the implementation of the statutory activities of non-profit organizations from local budgets (code 172) (thousand rubles)","Стоимость имущества, работ, услуг или сумма денежных средств - средства, предоставленные на осуществление уставной деятельности некоммерческих организаций из местных бюджетов (код 172) (тыс. руб.)","integer"
"G500","Number of taxpayers who received income - funds provided for the implementation of statutory activities of non-profit organizations from local budgets (code 172) (units)","Количество налогоплательщиков, получивших доходы - средства, предоставленные на осуществление уставной деятельности некоммерческих организаций из местных бюджетов (код 172) (ед.)","integer"
"G501","The cost of property, works, services or the amount of money - funds provided for the implementation of the statutory activities of non-profit organizations from the budgets of state extra-budgetary funds (code 173) (thousand rubles)","Стоимость имущества, работ, услуг или сумма денежных средств - средства, предоставленные на осуществление уставной деятельности некоммерческих организаций из бюджетов государственных внебюджетных фондов (код 173) (тыс. руб.)","integer"
"G502","Number of taxpayers who received income - funds provided for the implementation of statutory activities of non-profit organizations from the budgets of state extra-budgetary funds (code 173) (units)","Количество налогоплательщиков, получивших доходы - средства, предоставленные на осуществление уставной деятельности некоммерческих организаций из бюджетов государственных внебюджетных фондов (код 173) (ед.)","integer"
"G503","The cost of property, works, services or the amount of money - funds and other property, property rights received for the implementation of charitable activities (code 180) (thousand rubles)","Стоимость имущества, работ, услуг или сумма денежных средств - средства и иное имущество, имущественные права, полученные на осуществление  благотворительной деятельности (код 180) (тыс. руб.)","integer"
"G504","Number of taxpayers who received income - funds and other property, property rights received for the implementation of charitable activities (code 180) (units)","Количество налогоплательщиков, получивших доходы - средства и иное имущество, имущественные права, полученные на осуществление  благотворительной деятельности (код 180) (ед.)","integer"
"G505","The value of property, works, services or the amount of money as the total contribution of the founders of non-state pension funds (code 190) (thousand rubles)","Стоимость имущества, работ, услуг или сумма денежных средств совокупный вклад учредителей негосударственных пенсионных
фондов (код 190) (тыс. руб.)","integer"
"G506","Number of taxpayers who received income - total contribution of founders of non-state pension funds (code 190) (units)","Количество налогоплательщиков, получивших доходы - совокупный вклад учредителей негосударственных пенсионных
фондов (код 190)
 (ед.)","integer"
"G507","The cost of property, works, services or the amount of money - receipts from owners to institutions they created (code 220) (thousand rubles)","Стоимость имущества, работ, услуг или сумма денежных средств - поступления от собственников созданным ими учреждениям (код 220) (тыс. руб.)","integer"
"G508","Number of taxpayers who received income - proceeds from owners to institutions they created (code 220) (units)","Количество налогоплательщиков, получивших доходы - поступления от собственников созданным ими учреждениям (код 220) (ед.)","integer"
"G509","The cost of property, works, services or the amount of money - deductions from the bar associations of the constituent entities of the Russian Federation for the general needs of the Federal Chamber of Advocates (code 230) (thousand rubles)","Стоимость имущества, работ, услуг или сумма денежных средств - отчисления адвокатских палат субъектов Российской Федерации на общие нужды Федеральной палаты адвокатов (код 230) (тыс. руб.)","integer"
"G510","Number of taxpayers who received income - deductions from bar associations of constituent entities of the Russian Federation for the general needs of the Federal Chamber of Advocates (code 230) (units)","Количество налогоплательщиков, получивших доходы - отчисления адвокатских палат субъектов Российской Федерации на общие нужды Федеральной палаты адвокатов (код 230) (ед.)","integer"
"G511","The cost of property, works, services or the amount of money - deductions of lawyers for the general needs of the bar association of the corresponding subject of the Russian Federation (code 240) (thousand rubles)","Стоимость имущества, работ, услуг или сумма денежных средств - отчисления адвокатов на общие нужды адвокатской палаты соответствующего субъекта Российской Федерации (код 240) (тыс. руб.)","integer"
"G512","The number of taxpayers who received income - deductions from lawyers for the general needs of the bar association of the relevant constituent entity of the Russian Federation (code 240) (units)","Количество налогоплательщиков, получивших доходы - отчисления адвокатов на общие нужды адвокатской палаты соответствующего субъекта Российской Федерации (код 240) (ед.)","integer"
"G513","The cost of property, works, services or the amount of money - deductions from lawyers for the maintenance of the relevant bar association or law firm (code 250) (thousand rubles)","Стоимость имущества, работ, услуг или сумма денежных средств - отчисления адвокатов на содержание соответствующей коллегии адвокатов или адвокатского бюро (код 250) (тыс. руб.)","integer"
"G514","Number of taxpayers who received income - deductions from lawyers for the maintenance of the relevant bar association or law firm (code 250) (units)","Количество налогоплательщиков, получивших доходы - отчисления адвокатов на содержание соответствующей коллегии адвокатов или адвокатского бюро (код 250) (ед.)","integer"
"G515","The cost of property, works, services or the amount of money - funds received by trade union organizations in accordance with collective agreements (contracts) for the conduct of social, cultural and other events by trade union organizations provided for by their statutory activities (code 260) (thousand rubles)","Стоимость имущества, работ, услуг или сумма денежных средств - средства, поступившие профсоюзным организациям в соответствии с коллективными договорами (соглашениями) на проведение профсоюзными организациями социально-культурных и других мероприятий, предусмотренных их уставной деятельностью (код 260) (тыс. руб.)","integer"
"G516","The number of taxpayers who received income - funds received by trade union organizations in accordance with collective agreements (contracts) for the conduct of socio-cultural and other events by trade union organizations provided for by their statutory activities (code 260) (units)","Количество налогоплательщиков, получивших доходы - средства, поступившие профсоюзным организациям в соответствии с коллективными договорами (соглашениями) на проведение профсоюзными организациями социально-культурных и других мероприятий, предусмотренных их уставной деятельностью (код 260) (ед.)","integer"
"G517","The cost of property, works, services or the amount of money - funds received by structural organizations of the All-Russian public-state organization ""Voluntary Society for Assistance to the Army, Aviation and Navy of Russia"" (DOSAAF of Russia) from the federal executive body authorized in the field of defense (code 270) (thousand rubles)","Стоимость имущества, работ, услуг или сумма денежных средств - средства, полученные структурными организациями Общероссийской общественно-государственной организации «Добровольное общество содействия армии, авиации и флоту России» (ДОСААФ  России) от федерального органа исполнительной власти, уполномоченного в области обороны  (код 270) (тыс. руб.)","integer"
"G518","The number of taxpayers who received income - funds received by structural organizations of the All-Russian public-state organization ""Voluntary Society for Assistance to the Army, Aviation and Navy of Russia"" (DOSAAF of Russia) from the federal executive body authorized in the field of defense (code 270) (units)","Количество налогоплательщиков, получивших доходы - средства, полученные структурными организациями Общероссийской общественно-государственной организации «Добровольное общество содействия армии, авиации и флоту России» (ДОСААФ  России) от федерального органа исполнительной власти, уполномоченного в области обороны  (код 270) (ед.)","integer"
"G519","The cost of property, works, services or the amount of money - targeted deductions from organizations included in the structure of DOSAAF of Russia, used in accordance with the constituent documents for the training of citizens in military registration specialties in accordance with the legislation of the Russian Federation, military-patriotic education of youth, the development of aviation, technical and military-applied sports (code 280) (thousand rubles)","Стоимость имущества, работ, услуг или сумма денежных средств - целевые отчисления от организаций, входящих в структуру ДОСААФ России, используемые в соответствии с учредительными документами на подготовку в соответствии с законодательством Российской Федерации граждан по военно-учетным специальностям, военно-патриотическое воспитание молодежи, развитие авиационных, технических и военно-прикладных видов спорта (код 280) (тыс. руб.)","integer"
"G520","The number of taxpayers who received income - targeted deductions from organizations included in the structure of DOSAAF of Russia, used in accordance with the constituent documents for the training of citizens in military registration specialties in accordance with the legislation of the Russian Federation, military-patriotic education of youth, the development of aviation, technical and military-applied sports (code 280) (units)","Количество налогоплательщиков, получивших доходы - целевые отчисления от организаций, входящих в структуру ДОСААФ России, используемые в соответствии с учредительными документами на подготовку в соответствии с законодательством Российской Федерации граждан по военно-учетным специальностям, военно-патриотическое воспитание молодежи, развитие авиационных, технических и военно-прикладных видов спорта (код 280) (ед.)","integer"
"G521","The cost of property, works, services or the amount of money - funds received by non-profit organizations free of charge to ensure the implementation of statutory activities not related to entrepreneurial activities from structural divisions (branches) created by them in accordance with the legislation of the Russian Federation, which are taxpayers (hereinafter referred to as structural divisions (branches), transferred by structural divisions (branches) at the expense of targeted receipts received by them for the maintenance and implementation of statutory activities (281) (thousand rubles)","Стоимость имущества, работ, услуг или сумма денежных средств - средства, полученные некоммерческими организациями безвозмездно на обеспечение ведения уставной деятельности, не связанной с предпринимательской деятельностью, от созданных ими в соответствии с законодательством Российской Федерации структурных подразделений (отделений), являющихся налогоплательщиками (далее - структурные подразделения (отделения), перечисленные структурными подразделениями (отделениями) за счет целевых поступлений, поступивших им на содержание и ведение уставной деятельности (281) (тыс. руб.)","integer"
"G522","The number of taxpayers who received income - funds received by non-profit organizations free of charge to ensure the implementation of statutory activities not related to entrepreneurial activities, from structural divisions (branches) created by them in accordance with the legislation of the Russian Federation, which are taxpayers (hereinafter referred to as structural divisions (branches), transferred by structural divisions (branches) at the expense of targeted receipts received by them for the maintenance and implementation of statutory activities (281) (units)","Количество налогоплательщиков, получивших доходы - средства, полученные некоммерческими организациями безвозмездно на обеспечение ведения уставной деятельности, не связанной с предпринимательской деятельностью, от созданных ими в соответствии с законодательством Российской Федерации структурных подразделений (отделений), являющихся налогоплательщиками (далее - структурные подразделения (отделения), перечисленные структурными подразделениями (отделениями) за счет целевых поступлений, поступивших им на содержание и ведение уставной деятельности (281) (ед.)","integer"
"G523","The cost of property, works, services or the amount of money - funds received by structural divisions (branches) from non-profit organizations that created them in accordance with the legislation of the Russian Federation, transferred by non-profit organizations from targeted receipts received by them for the maintenance and conduct of statutory activities (282) (thousand rubles)","Стоимость имущества, работ, услуг или сумма денежных средств - средства, полученные структурными подразделениями (отделениями) от создавших их в соответствии с законодательством Российской Федерации некоммерческих организаций, перечисленные некоммерческими организациями за счет целевых поступлений, полученных ими на содержание и ведение уставной деятельности (282) (тыс. руб.)","integer"
"G524","The number of taxpayers who received income - funds received by structural divisions (branches) from non-profit organizations that created them in accordance with the legislation of the Russian Federation, transferred by non-profit organizations from targeted receipts received by them for the maintenance and conduct of statutory activities (282) (units)","Количество налогоплательщиков, получивших доходы - средства, полученные структурными подразделениями (отделениями) от создавших их в соответствии с законодательством Российской Федерации некоммерческих организаций, перечисленные некоммерческими организациями за счет целевых поступлений, полученных ими на содержание и ведение уставной деятельности (282) (ед.)","integer"
"G525","The value of property, works, services or the amount of money - property (including money) and (or) property rights received by religious organizations to carry out statutory activities (code 290) (thousand rubles)","Стоимость имущества, работ, услуг или сумма денежных средств - имущество (включая денежные средства) и (или) имущественные права, которые получены религиозными организациями на осуществление уставной деятельности (код 290) (тыс. руб.)","integer"
"G526","The number of taxpayers who received income - property (including cash) and (or) property rights received by religious organizations for the implementation of statutory activities (code 290) (units)","Количество налогоплательщиков, получивших доходы - имущество (включая денежные средства) и (или) имущественные права, которые получены религиозными организациями на осуществление уставной деятельности (код 290) (ед.)","integer"
"G527","The cost of property, works, services or the amount of money - funds received by a professional association of insurers created in accordance with the Federal Law of April 25, 2002 No. 40-FZ ""On Compulsory Civil Liability Insurance of Vehicle Owners"" (hereinafter referred to as the Federal Law ""On Compulsory Civil Liability Insurance of Vehicle Owners"") and intended to finance compensation payments provided for by the legislation of the Russian Federation on compulsory civil liability insurance of vehicle owners for the purpose of forming funds in accordance with the requirements of international systems of compulsory civil liability insurance of vehicle owners, to which the Russian Federation has joined (code 300) (thousand rubles)","Стоимость имущества, работ, услуг или сумма денежных средств - средства, которые получены профессиональным объединением страховщиков, созданным в соответствии с Федеральным законом от 25 апреля 2002 г. № 40-ФЗ «Об обязательном страховании гражданской ответственности владельцев транспортных средств» (далее – Федеральный закон «Об обязательном страховании гражданской ответственности владельцев транспортных средств», и предназначены для финансирования предусмотренных законодательством Российской Федерации об обязательном страховании гражданской ответственности владельцев транспортных средств компенсационных выплат в целях формирования фондов в соответствии с требованиями международных систем обязательного страхования гражданской ответственности владельцев транспортных средств, к которым присоединилась Российская Федерация (код 300) (тыс. руб.)","integer"
"G528","The number of taxpayers who received income - funds received by the professional association of insurers created in accordance with the Federal Law of April 25, 2002 No. 40-FZ ""On Compulsory Insurance of Civil Liability of Vehicle Owners"" (hereinafter referred to as the Federal Law ""On Compulsory Insurance of Civil Liability of Vehicle Owners"", and intended to finance compensation payments provided for by the legislation of the Russian Federation on compulsory insurance of civil liability of vehicle owners for the purpose of forming funds in accordance with the requirements of international systems of compulsory insurance of civil liability of vehicle owners, to which the Russian Federation has joined (code 300) (units)","Количество налогоплательщиков, получивших доходы - средства, которые получены профессиональным объединением страховщиков, созданным в соответствии с Федеральным законом от 25 апреля 2002 г. № 40-ФЗ «Об обязательном страховании гражданской ответственности владельцев транспортных средств» (далее – Федеральный закон «Об обязательном страховании гражданской ответственности владельцев транспортных средств», и предназначены для финансирования предусмотренных законодательством Российской Федерации об обязательном страховании гражданской ответственности владельцев транспортных средств компенсационных выплат в целях формирования фондов в соответствии с требованиями международных систем обязательного страхования гражданской ответственности владельцев транспортных средств, к которым присоединилась Российская Федерация (код 300) (ед.)","integer"
"G529","The cost of property, works, services or the amount of money - funds received in accordance with the legislation of the Russian Federation on compulsory civil liability insurance of vehicle owners by a professional association of insurers created in accordance with the Federal Law ""On Compulsory Civil Liability Insurance of Vehicle Owners"" in the form of reimbursement amounts for compensation payments and expenses incurred in connection with the consideration of claims of victims for compensation payments (code 310) (thousand rubles)","Стоимость имущества, работ, услуг или сумма денежных средств - средства, полученные в соответствии с законодательством Российской Федерации об обязательном страховании гражданской ответственности владельцев транспортных средств профессиональным объединением страховщиков, созданным в соответствии с Федеральным законом «Об обязательном страховании гражданской ответственности владельцев транспортных средств»,  в виде сумм возмещения компенсационных выплат и расходов, понесенных в связи с рассмотрением требований потерпевших о компенсационных выплатах (код 310) (тыс. руб.)","integer"
"G530","The number of taxpayers who received income - funds received in accordance with the legislation of the Russian Federation on compulsory civil liability insurance of vehicle owners by a professional association of insurers created in accordance with the Federal Law ""On Compulsory Civil Liability Insurance of Vehicle Owners"" in the form of reimbursement amounts of compensation payments and expenses incurred in connection with the consideration of claims of victims for compensation payments (code 310) (units)","Количество налогоплательщиков, получивших доходы - средства, полученные в соответствии с законодательством Российской Федерации об обязательном страховании гражданской ответственности владельцев транспортных средств профессиональным объединением страховщиков, созданным в соответствии с Федеральным законом «Об обязательном страховании гражданской ответственности владельцев транспортных средств»,  в виде сумм возмещения компенсационных выплат и расходов, понесенных в связи с рассмотрением требований потерпевших о компенсационных выплатах (код 310) (ед.)","integer"
"G531","The cost of property, works, services or the amount of money - funds received by a professional association of insurers created in accordance with the Federal Law ""On Compulsory Civil Liability Insurance of Vehicle Owners"" as a fee for the accreditation of technical inspection operators in accordance with legislation in the field of technical inspection of vehicles (320) (thousand rubles)","Стоимость имущества, работ, услуг или сумма денежных средств - средства, полученные профессиональным объединением страховщиков, созданным в соответствии с Федеральным законом «Об обязательном страховании гражданской ответственности владельцев транспортных средств», в качестве платы за аккредитацию операторов технического осмотра в соответствии с законодательством в области технического осмотра транспортных средств (320) (тыс. руб.)","integer"
"G532","The number of taxpayers who received income - funds received by the professional association of insurers created in accordance with the Federal Law ""On Compulsory Insurance of Civil Liability of Vehicle Owners"" as payment for the accreditation of technical inspection operators in accordance with the legislation in the field of technical inspection of vehicles (320) (units)","Количество налогоплательщиков, получивших доходы - средства, полученные профессиональным объединением страховщиков, созданным в соответствии с Федеральным законом «Об обязательном страховании гражданской ответственности владельцев транспортных средств», в качестве платы за аккредитацию операторов технического осмотра в соответствии с законодательством в области технического осмотра транспортных средств (320) (ед.)","integer"
"G533","The cost of property, works, services or the amount of money - cash, real estate, securities received by non-profit organizations for the formation or replenishment of target capital, which are carried out in the manner established by Federal Law No. 275-FZ of December 30, 2006 ""On the procedure for the formation and use of target capital of non-profit organizations"" (code 321) (thousand rubles)","Стоимость имущества, работ, услуг или сумма денежных средств - денежные средства, недвижимое имущество, ценные бумаги, полученные некоммерческими организациями на формирование или пополнение целевого капитала, которые осуществляются в порядке, установленном Федеральным законом от 30 декабря 2006 г. № 275-ФЗ «О порядке формирования и использования целевого капитала некоммерческих организаций» (код 321) (тыс. руб.)","integer"
"G534","The number of taxpayers who received income - cash, real estate, securities received by non-profit organizations for the formation or replenishment of target capital, which are carried out in the manner established by Federal Law No. 275-FZ of December 30, 2006 ""On the procedure for the formation and use of target capital of non-profit organizations"" (code 321) (units)","Количество налогоплательщиков, получивших доходы - денежные средства, недвижимое имущество, ценные бумаги, полученные некоммерческими организациями на формирование или пополнение целевого капитала, которые осуществляются в порядке, установленном Федеральным законом от 30 декабря 2006 г. № 275-ФЗ «О порядке формирования и использования целевого капитала некоммерческих организаций» (код 321) (ед.)","integer"
"G535","The cost of property, works, services or the amount of money - funds received by non-profit organizations - owners of the endowment capital from management companies that carry out trust management of the property constituting the endowment capital, in accordance with the Federal Law ""On the procedure for the formation and use of the endowment capital of non-profit organizations"" (code 322) (thousand rubles)","Стоимость имущества, работ, услуг или сумма денежных средств - денежные средства, полученные некоммерческими организациями - собственниками целевого капитала от управляющих компаний, осуществляющих доверительное управление имуществом, составляющим целевой капитал, в соответствии с Федеральным законом ""О порядке формирования и использования целевого капитала некоммерческих организаций"" (код 322) (тыс. руб.)","integer"
"G536","The number of taxpayers who received income - funds received by non-profit organizations - owners of target capital from management companies that carry out trust management of property constituting the target capital, in accordance with the Federal Law ""On the procedure for the formation and use of target capital of non-profit organizations"" (code 322) (units)","Количество налогоплательщиков, получивших доходы - денежные средства, полученные некоммерческими организациями - собственниками целевого капитала от управляющих компаний, осуществляющих доверительное управление имуществом, составляющим целевой капитал, в соответствии с Федеральным законом ""О порядке формирования и использования целевого капитала некоммерческих организаций"" (код 322) (ед.)","integer"
"G537","The cost of property, works, services or the amount of money - funds received by non-profit organizations from specialized organizations for managing endowment capital in accordance with the Federal Law ""On the procedure for the formation and use of endowment capital of non-profit organizations"" (code 323) (thousand rubles)","Стоимость имущества, работ, услуг или сумма денежных средств - денежные средства, полученные некоммерческими организациями от специализированных организаций управления целевым капиталом в соответствии с Федеральным законом ""О порядке формирования и использования целевого капитала некоммерческих организаций"" (код 323) (тыс. руб.)","integer"
"G538","The number of taxpayers who received income - funds received by non-profit organizations from specialized organizations managing endowment capital in accordance with the Federal Law ""On the procedure for the formation and use of endowment capital of non-profit organizations"" (code 323) (units)","Количество налогоплательщиков, получивших доходы - денежные средства, полученные некоммерческими организациями от специализированных организаций управления целевым капиталом в соответствии с Федеральным законом ""О порядке формирования и использования целевого капитала некоммерческих организаций"" (код 323) (ед.)","integer"
"G539","The cost of property, works, services or the amount of money - property rights in the form of the right to gratuitous use of property received by non-profit organizations for the conduct of their statutory activities (subparagraph 16 of paragraph 2 of Article 251 of the Code) (code 324) (thousand rubles)","Стоимость имущества, работ, услуг или сумма денежных средств - имущественные права в виде права безвозмездного пользования имуществом, полученные некоммерческими организациями на ведение ими уставной деятельности (подпункт 16 пункта 2 статьи 251 Кодекса) (код 324) (тыс. руб.)","integer"
"G540","The number of taxpayers who received income - property rights in the form of the right to gratuitous use of property, received by non-profit organizations for the conduct of their statutory activities (subparagraph 16 of paragraph 2 of Article 251 of the Code) (code 324) (units)","Количество налогоплательщиков, получивших доходы - имущественные права в виде права безвозмездного пользования имуществом, полученные некоммерческими организациями на ведение ими уставной деятельности (подпункт 16 пункта 2 статьи 251 Кодекса) (код 324) (ед.)","integer"
"G541","The cost of property, works, services or the amount of money - funds received by a professional association of insurers created in accordance with the Federal Law of June 14, 2012 No. 67-FZ ""On compulsory insurance of civil liability of a carrier for harm to life, health, property of passengers and on the procedure for compensation for such harm caused during the transportation of passengers by metro"", and intended to finance compensation payments provided for by the said Federal Law (code 325) (thousand rubles)","Стоимость имущества, работ, услуг или сумма денежных средств - средства, полученные профессиональным объединением страховщиков, созданным в соответствии с Федеральным законом от 14 июня 2012 г. № 67-ФЗ «Об обязательном страховании гражданской ответственности перевозчика за причинение вреда жизни, здоровью, имуществу пассажиров и о порядке возмещения такого вреда, причиненного при перевозках пассажиров метрополитеном», и предназначены для финансирования компенсационных выплат, предусмотренных указанным Федеральным законом (код 325) (тыс. руб.)","integer"
"G542","The number of taxpayers who received income - funds received by the professional association of insurers created in accordance with the Federal Law of June 14, 2012 No. 67-FZ ""On compulsory insurance of civil liability of the carrier for damage to life, health, property of passengers and on the procedure for compensation for such damage caused during the transportation of passengers by metro"", and intended to finance compensation payments provided for by the said Federal Law (code 325) (units)","Количество налогоплательщиков, получивших доходы - средства, полученные профессиональным объединением страховщиков, созданным в соответствии с Федеральным законом от 14 июня 2012 г. № 67-ФЗ «Об обязательном страховании гражданской ответственности перевозчика за причинение вреда жизни, здоровью, имуществу пассажиров и о порядке возмещения такого вреда, причиненного при перевозках пассажиров метрополитеном», и предназначены для финансирования компенсационных выплат, предусмотренных указанным Федеральным законом (код 325) (ед.)","integer"
"G543","The cost of property, works, services or the amount of money - funds received in accordance with the Federal Law ""On Compulsory Insurance of Civil Liability of a Carrier for Damage to Life, Health, and Property of Passengers and on the Procedure for Compensation for Such Damage Caused During the Transportation of Passengers by Metro"" by a professional association of insurers in the form of reimbursement amounts for compensation payments and expenses incurred in connection with the consideration of claims of victims for compensation payments (code 326) (thousand rubles)","Стоимость имущества, работ, услуг или сумма денежных средств - средства, полученные в соответствии с Федеральным законом «Об обязательном страховании гражданской ответственности перевозчика за причинение вреда жизни, здоровью, имуществу пассажиров и о порядке возмещения такого вреда, причиненного при перевозках пассажиров метрополитеном», профессиональным объединением страховщиков в виде сумм возмещения компенсационных выплат и расходов, понесенных в связи с рассмотрением требований потерпевших о компенсационных выплатах (код 326) (тыс. руб.)","integer"
"G544","The number of taxpayers who received income - funds received in accordance with the Federal Law ""On Compulsory Insurance of Civil Liability of a Carrier for Damage to Life, Health, and Property of Passengers and on the Procedure for Compensation for Such Damage Caused During the Transportation of Passengers by Metro"", by a professional association of insurers in the form of reimbursement amounts for compensation payments and expenses incurred in connection with the consideration of claims of victims for compensation payments (code 326) (units)","Количество налогоплательщиков, получивших доходы - средства, полученные в соответствии с Федеральным законом «Об обязательном страховании гражданской ответственности перевозчика за причинение вреда жизни, здоровью, имуществу пассажиров и о порядке возмещения такого вреда, причиненного при перевозках пассажиров метрополитеном», профессиональным объединением страховщиков в виде сумм возмещения компенсационных выплат и расходов, понесенных в связи с рассмотрением требований потерпевших о компенсационных выплатах (код 326) (ед.)","integer"
"G545","The cost of property, works, services or the amount of money - funds received by an association of tour operators in the field of outbound tourism, created in accordance with the Federal Law of November 24, 1996 No. 132-FZ ""On the Fundamentals of Tourist Activity in the Russian Federation"", in the form of contributions transferred to the reserve fund of the association of tour operators in the field of outbound tourism and the personal liability funds of tour operators in the field of outbound tourism, intended to finance the expenses stipulated by the said Federal Law for the provision of emergency assistance to tourists and for compensation for actual damage to tourists arising as a result of the tour operator's failure to fulfill obligations under the contract for the sale of a tourist product in the field of outbound tourism (code 327) (thousand rubles)","Стоимость имущества, работ, услуг или сумма денежных средств - средства, полученные объединением туроператоров в сфере выездного туризма, созданным в соответствии с Федеральным законом от 24 ноября 1996 г. № 132-ФЗ «Об основах туристской деятельности в Российской Федерации», в виде взносов, перечисленных в резервный фонд объединения туроператоров в сфере выездного туризма и фонды персональной ответственности туроператоров в сфере выездного туризма, предназначенные для финансирования предусмотренных указанным Федеральным законом расходов на оказание экстренной помощи туристам и на возмещение реального ущерба туристам, возникшего в результате неисполнения туроператором обязательств по договору о реализации туристского продукта в сфере выездного туризма (код 327) (тыс. руб.)","integer"
"G546","The number of taxpayers who received income - funds received by the association of tour operators in the field of outbound tourism, created in accordance with the Federal Law of November 24, 1996 No. 132-FZ ""On the Fundamentals of Tourist Activity in the Russian Federation"", in the form of contributions transferred to the reserve fund of the association of tour operators in the field of outbound tourism and the personal liability funds of tour operators in the field of outbound tourism, intended to finance the expenses stipulated by the said Federal Law for the provision of emergency assistance to tourists and for compensation for actual damage to tourists arising as a result of the tour operator's failure to fulfill obligations under the contract for the sale of a tourist product in the field of outbound tourism (code 327) (units)","Количество налогоплательщиков, получивших доходы - средства, полученные объединением туроператоров в сфере выездного туризма, созданным созданным в соответствии с Федеральным законом от 24 ноября 1996 г. № 132-ФЗ «Об основах туристской деятельности в Российской Федерации», в виде взносов, перечисленных в резервный фонд объединения туроператоров в сфере выездного туризма и фонды персональной ответственности туроператоров в сфере выездного туризма, предназначенные для финансирования предусмотренных указанным Федеральным законом расходов на оказание экстренной помощи туристам и на возмещение реального ущерба туристам, возникшего в результате неисполнения туроператором обязательств по договору о реализации туристского продукта в сфере выездного туризма (код 327) (ед.)","integer"
"G547","The cost of property, works, services or the amount of money - funds received by the association of insurers created in accordance with the Federal Law of July 25, 2011 No. 260-FZ ""On state support in the field of agricultural insurance and on amendments to the Federal Law ""On the development of agriculture"", and intended for the formation of a compensation payment fund and the implementation of compensation payments provided for by the said Federal Law (code 328) (thousand rubles)","Стоимость имущества, работ, услуг или сумма денежных средств - средства, полученные объединением страховщиков, созданным в соответствии с Федеральным законом от 25 июля 2011г. № 260-ФЗ «О государственной поддержке в сфере сельскохозяйственного страхования и о внесении изменений в Федеральный закон «О развитии сельского хозяйства», и предназначенные для формирования фонда компенсационных выплат и осуществления компенсационных выплат, предусмотренных указанным Федеральным законом (код 328) (тыс. руб.)","integer"
"G548","Number of taxpayers who received income - funds received by the association of insurers created in accordance with the Federal Law of July 25, 2011 No. 260-FZ ""On state support in the field of agricultural insurance and on amendments to the Federal Law ""On the development of agriculture"", and intended for the formation of a compensation payment fund and the implementation of compensation payments provided for by the said Federal Law (code 328) (units)","Количество налогоплательщиков, получивших доходы - средства, полученные объединением страховщиков, созданным в соответствии с Федеральным законом от 25 июля 2011г. № 260-ФЗ «О государственной поддержке в сфере сельскохозяйственного страхования и о внесении изменений в Федеральный закон «О развитии сельского хозяйства», и предназначенные для формирования фонда компенсационных выплат и осуществления компенсационных выплат, предусмотренных указанным Федеральным законом (код 328) (ед.)","integer"
"G549","The cost of property, works, services or the amount of monetary funds - monetary funds in the form of deductions received by a non-profit organization founded by the Russian Federation represented by the Government of the Russian Federation, the main objectives of whose activities are to support domestic cinematography, increase its competitiveness, provide conditions for the creation of high-quality films that meet national interests, and popularize national films in the Russian Federation, within the limits of the amounts provided by the said non-profit organization on the terms of shared participation for the production of national films or in reimbursement of expenses for the specified purposes, the source of which are budgetary appropriations (code 329) (thousand rubles)","Стоимость имущества, работ, услуг или сумма денежных средств - денежные средства в виде отчислений, полученные некоммерческой организацией, учредителем которой выступает Российская Федерация в лице Правительства Российской Федерации, основными целями деятельности которой являются поддержка отечественной кинематографии, повышение ее конкурентоспособности, обеспечение условий для создания качественных фильмов, соответствующих национальным интересам, и популяризация национальных фильмов в Российской Федерации, в пределах предоставленных указанной некоммерческой организацией на условиях долевого участия на производство национальных фильмов или в возмещение расходов на указанные цели сумм, источником которых являются бюджетные ассигнования (код 329) (тыс. руб.)","integer"
"G550","The number of taxpayers who received income - monetary funds in the form of deductions received by a non-profit organization founded by the Russian Federation represented by the Government of the Russian Federation, the main objectives of which are to support domestic cinematography, increase its competitiveness, provide conditions for the creation of high-quality films that meet national interests, and popularize national films in the Russian Federation, within the limits of the amounts provided by the said non-profit organization on the terms of shared participation for the production of national films or in reimbursement of expenses for the said purposes, the source of which are budgetary appropriations (code 329) (units)","Количество налогоплательщиков, получивших доходы - денежные средства в виде отчислений, полученные некоммерческой организацией, учредителем которой выступает Российская Федерация в лице Правительства Российской Федерации, основными целями деятельности которой являются поддержка отечественной кинематографии, повышение ее конкурентоспособности, обеспечение условий для создания качественных фильмов, соответствующих национальным интересам, и популяризация национальных фильмов в Российской Федерации, в пределах предоставленных указанной некоммерческой организацией на условиях долевого участия на производство национальных фильмов или в возмещение расходов на указанные цели сумм, источником которых являются бюджетные ассигнования (код 329) (ед.)","integer"
"G551","The value of property, works, services or the amount of money in the form of funds received by a professional association of insurers created in accordance with the Federal Law of July 27, 2010 No. 225-FZ ""On Compulsory Insurance of Civil Liability of the Owner of a Hazardous Facility for Damage Caused by an Accident at a Hazardous Facility"" (hereinafter referred to as Federal Law No. 225-FZ) for the implementation of compensation payments provided for by the said Federal Law, compensation for the missing portion of assets upon transfer of the insurance portfolio (295) (thousand rubles)","Стоимость имущества, работ, услуг или сумма денежных средств  в виде средств, полученных профессиональным объединением страховщиков, созданным в соответствии с Федеральным законом от 27 июля 2010 г. № 225-ФЗ «Об обязательном страховании гражданской ответственности владельца опасного объекта за причинение вреда в результате аварии на опасном объекте» (далее – Федеральный закон № 225-ФЗ) для осуществления компенсационных выплат, предусмотренных указанным Федеральным законом, компенсации недостающей части активов при передаче страхового портфеля (295) (тыс. руб.)","integer"
"G552","The number of taxpayers who received income - monetary funds in the form of funds received by a professional association of insurers created in accordance with Federal Law No. 225-FZ of July 27, 2010 ""On Compulsory Insurance of Civil Liability of the Owner of a Hazardous Facility for Damage Caused by an Accident at a Hazardous Facility"" (hereinafter referred to as Federal Law No. 225-FZ) for the implementation of compensation payments provided for by the said Federal Law, compensation for the missing portion of assets upon transfer of the insurance portfolio (295) (units)","Количество налогоплательщиков, получивших доходы - денежные средства в виде средств, полученных профессиональным объединением страховщиков, созданным в соответствии с Федеральным законом от 27 июля 2010 г. № 225-ФЗ «Об обязательном страховании гражданской ответственности владельца опасного объекта за причинение вреда в результате аварии на опасном объекте» (далее – Федеральный закон № 225-ФЗ) для осуществления компенсационных выплат, предусмотренных указанным Федеральным законом, компенсации недостающей части активов при передаче страхового портфеля (295) (ед.)","integer"
"G553","The cost of property, works, services or the amount of money in the form of funds received by a professional association of insurers created in accordance with Federal Law No. 225-FZ in the form of reimbursement amounts for compensation payments and expenses incurred in connection with the consideration of claims of victims for compensation payments (296) (thousand rubles)","Стоимость имущества, работ, услуг или сумма денежных средств  в виде средств, полученных профессиональным объединением страховщиков, созданным в соответствии с Федеральным законом № 225-ФЗ в виде сумм возмещения компенсационных выплат и расходов, понесенных в связи с рассмотрением требований потерпевших о компенсационных выплатах (296) (тыс. руб.)","integer"
"G554","The number of taxpayers who received income - monetary funds in the form of funds received by the professional association of insurers created in accordance with Federal Law No. 225-FZ in the form of reimbursement amounts for compensation payments and expenses incurred in connection with the consideration of claims of victims for compensation payments (296) (units)","Количество налогоплательщиков, получивших доходы - денежные средства в виде средств, полученных профессиональным объединением страховщиков, созданным в соответствии с Федеральным законом № 225-ФЗ в виде сумм возмещения компенсационных выплат и расходов, понесенных в связи с рассмотрением требований потерпевших о компенсационных выплатах (296) (ед.)","integer"
"G555","The cost of property, works, services or the amount of money - Funds and other property received in the form of gratuitous aid (assistance) in the manner established by Federal Law No. 95-FZ of May 4, 1999 ""On gratuitous aid (assistance) of the Russian Federation and amendments and additions to certain legislative acts of the Russian Federation on taxes and on the establishment of benefits for payments to state extra-budgetary funds in connection with the implementation of gratuitous aid (assistance) of the Russian Federation"" (code 340) (thousand rubles)","Стоимость имущества, работ, услуг или сумма денежных средств - Средства и иное имущество, полученные в виде безвозмездной помощи (содействия) в порядке, установленном Федеральным законом от 4 мая 1999 г. N 95-ФЗ ""О безвозмездной помощи (содействии) Российской Федерации и внесении изменений и дополнений в отдельные законодательные акты Российской Федерации о налогах и об установлении льгот по платежам в государственные внебюджетные фонды в связи с осуществлением безвозмездной помощи (содействия) Российской Федерации"" (код 340) (тыс. руб.)","integer"
"G556","Number of taxpayers who received income - Funds and other property received in the form of gratuitous aid (assistance) in the manner established by Federal Law No. 95-FZ of May 4, 1999 ""On gratuitous aid (assistance) to the Russian Federation and amendments and additions to certain legislative acts of the Russian Federation on taxes and on the establishment of benefits for payments to state extra-budgetary funds in connection with the implementation of gratuitous aid (assistance) to the Russian Federation"" (code 340) (units)","Количество налогоплательщиков, получивших доходы - Средства и иное имущество, полученные в виде безвозмездной помощи (содействия) в порядке, установленном Федеральным законом от 4 мая 1999 г. N 95-ФЗ ""О безвозмездной помощи (содействии) Российской Федерации и внесении изменений и дополнений в отдельные законодательные акты Российской Федерации о налогах и об установлении льгот по платежам в государственные внебюджетные фонды в связи с осуществлением безвозмездной помощи (содействия) Российской Федерации"" (код 340) (ед.)","integer"
"G557","The cost of property, works, services or the amount of money - fixed assets and intangible assets received free of charge in accordance with international treaties of the Russian Federation, as well as in accordance with the legislation of the Russian Federation by nuclear power plants to improve their safety, used for production purposes (code 350) (thousand rubles)","Стоимость имущества, работ, услуг или сумма денежных средств - основные средства и нематериальные активы, безвозмездно полученные в соответствии с международными договорами Российской Федерации, а также в соответствии с законодательством Российской Федерации атомными станциями для повышения их безопасности, используемые для производственных целей (код 350) (тыс. руб.)","integer"
"G558","The number of taxpayers who received income - fixed assets and intangible assets received free of charge in accordance with international treaties of the Russian Federation, as well as in accordance with the legislation of the Russian Federation by nuclear power plants to improve their safety, used for production purposes (code 350) (units)","Количество налогоплательщиков, получивших доходы - основные средства и нематериальные активы, безвозмездно полученные в соответствии с международными договорами Российской Федерации, а также в соответствии с законодательством Российской Федерации атомными станциями для повышения их безопасности, используемые для производственных целей (код 350) (ед.)","integer"
"G559","The cost of property, works, services or the amount of money - Property received by state and municipal institutions by decision of executive authorities (code 360) (thousand rubles)","Стоимость имущества, работ, услуг или сумма денежных средств - Имущество, полученное государственными и муниципальными учреждениями по решению органов исполнительной власти (код 360) (тыс. руб.)","integer"
"G560","Number of taxpayers who received income - property received by state and municipal institutions by decision of executive authorities (code 360) (units)","Количество налогоплательщиков, получивших доходы - имущество, полученное государственными и муниципальными учреждениями по решению органов исполнительной власти (код 360) (ед.)","integer"
"G561","The cost of property, works, services or the amount of monetary funds - property and (or) property rights received by organizations of the state stockpile of special (radioactive) raw materials and fissile materials of the Russian Federation from operations with material assets of the state stockpile of special (radioactive) raw materials and fissile materials and aimed at the restoration and maintenance of the said stocks (code 370) (thousand rubles)","Стоимость имущества, работ, услуг или сумма денежных средств - имущество и (или) имущественные права, полученные организациями государственного запаса специального (радиоактивного) сырья и делящихся материалов Российской Федерации от операций с материальными ценностями государственных запасов специального (радиоактивного) сырья и делящихся материалов и направленные на восстановление и содержание указанных запасов (код 370) (тыс. руб.)","integer"
"G562","The number of taxpayers who received income - property and (or) property rights received by organizations of the state stockpile of special (radioactive) raw materials and fissile materials of the Russian Federation from operations with material assets of the state stockpile of special (radioactive) raw materials and fissile materials and directed to the restoration and maintenance of the said stocks (code 370) (units)","Количество налогоплательщиков, получивших доходы - имущество и (или) имущественные права, полученные организациями государственного запаса специального (радиоактивного) сырья и делящихся материалов Российской Федерации от операций с материальными ценностями государственных запасов специального (радиоактивного) сырья и делящихся материалов и направленные на восстановление и содержание указанных запасов (код 370) (ед.)","integer"
"G563","The cost of property, works, services or the amount of money - property received free of charge by state and municipal educational institutions, as well as non-state educational institutions that have licenses for the right to conduct educational activities, to conduct statutory activities (code 380) (thousand rubles)","Стоимость имущества, работ, услуг или сумма денежных средств - имущество, безвозмездно полученное государственными и муниципальными образовательными учреждениями, а также негосударственными образовательными учреждениями, имеющими лицензии на право ведения образовательной деятельности, на ведение уставной деятельности (код 380) (тыс. руб.)","integer"
"G564","The number of taxpayers who received income - property received free of charge by state and municipal educational institutions, as well as non-state educational institutions that have licenses for the right to conduct educational activities, to conduct statutory activities (code 380) (units)","Количество налогоплательщиков, получивших доходы - имущество, безвозмездно полученное государственными и муниципальными образовательными учреждениями, а также негосударственными образовательными учреждениями, имеющими лицензии на право ведения образовательной деятельности, на ведение уставной деятельности (код 380) (ед.)","integer"
"G565","The cost of property, works, services or the amount of money - fixed assets received by organizations within the structure of DOSAAF Russia (when transferred between two or more organizations within the structure of DOSAAF Russia), used for the training of citizens in military registration specialties, military-patriotic education of youth, development of aviation, technical and military-applied sports in accordance with the legislation of the Russian Federation (code 390) (thousand rubles)","Стоимость имущества, работ, услуг или сумма денежных средств - основные средства, полученные организациями, входящими в структуру ДОСААФ России (при передаче их между двумя и более организациями, входящими в структуру ДОСААФ России), использованные на подготовку граждан по военно-учетным специальностям, военно-патриотическое воспитание молодежи, развитие авиационных, технических и военно-прикладных видов спорта в соответствии с законодательством Российской Федерации (код 390) (тыс. руб.)","integer"
"G566","The number of taxpayers who received income - fixed assets received by organizations within the structure of DOSAAF Russia (when transferred between two or more organizations within the structure of DOSAAF Russia), used for training citizens in military registration specialties, military-patriotic education of youth, development of aviation, technical and military-applied sports in accordance with the legislation of the Russian Federation (code 390) (units)","Количество налогоплательщиков, получивших доходы - основные средства, полученные организациями, входящими в структуру ДОСААФ России (при передаче их между двумя и более организациями, входящими в структуру ДОСААФ России), использованные на подготовку граждан по военно-учетным специальностям, военно-патриотическое воспитание молодежи, развитие авиационных, технических и военно-прикладных видов спорта в соответствии с законодательством Российской Федерации (код 390) (ед.)","integer"
"G567","The cost of property, works, services or the amount of money - funds and other property received by unitary enterprises from the owner of the property of this enterprise or the body authorized by him (code 400) (thousand rubles)","Стоимость имущества, работ, услуг или сумма денежных средств - средства и иное имущество, полученные унитарными предприятиями от собственника имущества этого предприятия или уполномоченного им органа (код 400) (тыс. руб.)","integer"
"G568","The number of taxpayers who received income - funds and other property received by unitary enterprises from the owner of the property of this enterprise or the body authorized by him (code 400) (units)","Количество налогоплательщиков, получивших доходы - средства и иное имущество, полученные унитарными предприятиями от собственника имущества этого предприятия или уполномоченного им органа (код 400) (ед.)","integer"
"G569","The cost of property, works, services or the amount of money - property (including money) and (or) property rights received by a religious organization in connection with the performance of religious rites and ceremonies and from the sale of religious literature and religious items (code 410) (thousand rubles)","Стоимость имущества, работ, услуг или сумма денежных средств - имущество (включая денежные средства) и (или) имущественные права, полученные религиозной организацией в связи с совершением религиозных обрядов и церемоний и от реализации религиозной литературы и предметов религиозного назначения (код 410) (тыс. руб.)","integer"
"G570","The number of taxpayers who received income - property (including cash) and (or) property rights received by a religious organization in connection with the performance of religious rites and ceremonies and from the sale of religious literature and religious items (code 410) (units)","Количество налогоплательщиков, получивших доходы - имущество (включая денежные средства) и (или) имущественные права, полученные религиозной организацией в связи с совершением религиозных обрядов и церемоний и от реализации религиозной литературы и предметов религиозного назначения (код 410) (ед.)","integer"
"G571","The cost of property, works, services or the amount of money - funds received by public organizations of disabled people for the implementation of the activities of these organizations from organizations using the labor of disabled people, in which disabled people make up at least 50 percent of the total number of employees and the share of expenses on the remuneration of disabled people in the expenses on remuneration of labor is at least 25 percent (code 430) (thousand rubles)","Стоимость имущества, работ, услуг или сумма денежных средств - средства, поступившие общественным организациям инвалидов на осуществление деятельности этих организаций от организаций, использующих труд инвалидов, в которых инвалиды от общего числа работников составляют не менее 50 процентов и доля расходов на оплату труда инвалидов в расходах на оплату труда составляет не менее 25 процентов (код 430) (тыс. руб.)","integer"
"G572","The number of taxpayers who received income - funds received by public organizations of disabled people for the implementation of the activities of these organizations from organizations using the labor of disabled people, in which disabled people make up at least 50 percent of the total number of employees and the share of expenses on the remuneration of disabled people in the expenses on remuneration of labor is at least 25 percent (code 430) (units)","Количество налогоплательщиков, получивших доходы - средства, поступившие общественным организациям инвалидов на осуществление деятельности этих организаций от организаций, использующих труд инвалидов, в которых инвалиды от общего числа работников составляют не менее 50 процентов и доля расходов на оплату труда инвалидов в расходах на оплату труда составляет не менее 25 процентов (код 430) (ед.)","integer"
"G573","The cost of property, works, services or the amount of money - funds received by public organizations of disabled people for the implementation of the activities of these organizations from institutions whose sole owners of property are public organizations of disabled people (code 440) (thousand rubles)","Стоимость имущества, работ, услуг или сумма денежных средств - средства, поступившие общественным организациям инвалидов на осуществление деятельности этих организаций от учреждений, единственным собственником имущества которых являются общественные организации инвалидов (код 440) (тыс. руб.)","integer"
"G574","The number of taxpayers who received income - funds received by public organizations of disabled people for the implementation of the activities of these organizations from institutions whose sole owners of property are public organizations of disabled people (code 440) (units)","Количество налогоплательщиков, получивших доходы - средства, поступившие общественным организациям инвалидов на осуществление деятельности этих организаций от учреждений, единственным собственником имущества которых являются общественные организации инвалидов (код 440) (ед.)","integer"
"G575","The cost of property, works, services or the amount of money - funds in the form of profits received from the sale of religious literature and religious items received by religious organizations for the implementation of statutory activities from taxpayer organizations whose authorized (contributed) capital consists entirely of the contribution of these religious organizations (code 450) (thousand rubles)","Стоимость имущества, работ, услуг или сумма денежных средств - средства в виде сумм прибыли, полученной от реализации религиозной литературы и предметов религиозного назначения, поступившие религиозным организациям на осуществление уставной деятельности от налогоплательщиков-организаций, уставный (складочный) капитал которых состоит полностью из вклада этих религиозных организаций (код 450) (тыс. руб.)","integer"
"G576","The number of taxpayers who received income - funds in the form of profits from the sale of religious literature and religious items received by religious organizations for the implementation of statutory activities from taxpayer organizations whose authorized (contributed) capital consists entirely of the contribution of these religious organizations (code 450) (units)","Количество налогоплательщиков, получивших доходы - средства в виде сумм прибыли, полученной от реализации религиозной литературы и предметов религиозного назначения, поступившие религиозным организациям на осуществление уставной деятельности от налогоплательщиков-организаций, уставный (складочный) капитал которых состоит полностью из вклада этих религиозных организаций (код 450) (ед.)","integer"
"G577","The cost of property, works, services or the amount of money - funds received by structural organizations of DOSAAF of Russia of another executive body (except for that specified under code 270) under a general agreement (code 271) (thousand rubles)","Стоимость имущества, работ, услуг или сумма денежных средств - средства, полученные структурными организациями ДОСААФ  России другого органа исполнительной власти (кроме указанного по коду 270) по генеральному договору (код 271) (тыс. руб.)","integer"
"G578","The number of taxpayers who received income - funds received by structural organizations of DOSAAF of Russia of another executive body (except for that specified under code 270) under a general agreement (code 271) (units)","Количество налогоплательщиков, получивших доходы - средства, полученные структурными организациями ДОСААФ  России другого органа исполнительной власти (кроме указанного по коду 270) по генеральному договору (код 271) (ед.)","integer"
"G579","The cost of property, works, services or the amount of money - funds in the form of contributions from financial organizations received by the fund for financing the activities of the financial ombudsman, formed in accordance with Federal Law No. 123-FZ of June 4, 2018 ""On the Commissioner for the Rights of Consumers of Financial Services"" (code 330) (thousand rubles)","Стоимость имущества, работ, услуг или сумма денежных средств - средства в виде взносов финансовых организаций, поступающих в фонд финансирования деятельности финансового уполномоченного, образованный в соответствии с Федеральным законом от 4 июня 2018 г. № 123-ФЗ «Об уполномоченном по правам потребителей финансовых услуг» (код 330) (тыс. руб.)","integer"
"G580","The number of taxpayers who received income - funds in the form of contributions from financial institutions received by the fund for financing the activities of the financial ombudsman, formed in accordance with Federal Law No. 123-FZ of June 4, 2018 ""On the Commissioner for the Rights of Consumers of Financial Services"" (code 330) (units)","Количество налогоплательщиков, получивших доходы - средства в виде взносов финансовых организаций, поступающих в фонд финансирования деятельности финансового уполномоченного, образованный в соответствии с Федеральным законом от 4 июня 2018 г. № 123-ФЗ «Об уполномоченном по правам потребителей финансовых услуг» (код 330) (ед.)","integer"
"G581","Amount of profit (excluding income and expenses not taken into account when determining profit; taking into account the general adjustment of profit; excluding paid dividends and distributed profit) (controlled foreign companies whose income is determined in accordance with subparagraph 1 of paragraph 1 of Article 309.1 of the Tax Code of the Russian Federation) (thousand rubles)","Величина прибыли (без доходов и расходов, не учитываемых при определении прибыли; с учетом общей корректировки прибыли; без выплаченных дивидендов и распределенной прибыли) (контролируемые иностранные компании, доходы которых определены в соответствии с пп.1 п.1 ст.309.1 НК РФ) (тыс. руб.)","integer"
"G582","Amount of profit (excluding income and expenses not taken into account when determining profit; taking into account the general adjustment of profit; excluding paid dividends and distributed profit) (controlled foreign companies whose income is determined in accordance with subparagraph 2 of paragraph 1 of Article 309.1 of the Tax Code of the Russian Federation) (thousand rubles)","Величина прибыли (без доходов и расходов, не учитываемых при определении прибыли; с учетом общей корректировки прибыли; без выплаченных дивидендов и распределенной прибыли)  (контролируемая иностранные компании, доходы которых определены в соответствии с пп.2 п.1 ст.309.1 НК РФ) (тыс. руб.)","integer"
"G583","Amount of loss (excluding income and expenses not taken into account when determining profit; taking into account the general adjustment of profit; excluding paid dividends and distributed profit) (controlled foreign companies whose income is determined in accordance with subparagraph 1 of paragraph 1 of Article 309.1 of the Tax Code of the Russian Federation) (thousand rubles)","Величина убытка (без доходов и расходов, не учитываемых при определении прибыли; с учетом общей корректировки прибыли; без выплаченных дивидендов и распределенной прибыли) (контролируемые иностранные компании, доходы которых определены в соответствии с пп.1 п.1 ст.309.1 НК РФ) (тыс. руб.)","integer"
"G584","Amount of loss (excluding income and expenses not taken into account when determining profit; taking into account the general adjustment of profit; excluding paid dividends and distributed profit) (controlled foreign companies whose income is determined in accordance with subparagraph 2 of paragraph 1 of Article 309.1 of the Tax Code of the Russian Federation) (thousand rubles)","Величина убытка (без доходов и расходов, не учитываемых при определении прибыли; с учетом общей корректировки прибыли; без выплаченных дивидендов и распределенной прибыли) (контролируемые иностранные компании, доходы которых определены в соответствии с пп.2 п.1 ст.309.1 НК РФ) (тыс. руб.)","integer"
"G585","The amount of profit corresponding to the share of the controlling person (controlled foreign companies whose income is determined in accordance with subparagraph 1 of paragraph 1 of Article 309.1 of the Tax Code of the Russian Federation) (thousand rubles)","Величина прибыли, соответствующая доле контролирующего  лица (контролируемые иностранные компании, доходы которых определены в соответствии с пп.1 п.1 ст.309.1 НК РФ) (тыс. руб.)","integer"
"G586","The amount of profit corresponding to the share of the controlling person (controlled foreign companies whose income is determined in accordance with subparagraph 2 of paragraph 1 of Article 309.1 of the Tax Code of the Russian Federation) (thousand rubles)","Величина прибыли, соответствующая доле контролирующего  лица (контролируемые иностранные компании, доходы которых определены в соответствии с пп.2 п.1 ст.309.1 НК РФ) (тыс. руб.)","integer"
"G587","The amount of profit subject to accounting for other controlling persons through whom indirect participation is realized, corresponding to the taxpayer's share of participation (controlled foreign companies whose income is determined in accordance with subparagraph 1 of paragraph 1 of Article 309.1 of the Tax Code of the Russian Federation) (thousand rubles)","Величина прибыли, подлежащая учету у иных контролирующих лиц, через которых реализовано косвенное участие, соответствующая доле участия налогоплательщика  (контролируемые иностранные компании, доходы которых определены в соответствии с пп.1 п.1 ст.309.1 НК РФ) (тыс. руб.)","integer"
"G588","The amount of profit subject to accounting for other controlling persons through whom indirect participation is realized, corresponding to the taxpayer's share of participation (controlled foreign companies whose income is determined in accordance with subparagraph 2 of paragraph 1 of Article 309.1 of the Tax Code of the Russian Federation) (thousand rubles)","Величина прибыли, подлежащая учету у иных контролирующих лиц, через которых реализовано косвенное участие, соответствующая доле участия налогоплательщика  (контролируемые иностранные компании, доходы которых определены в соответствии с пп.2 п.1 ст.309.1 НК РФ) (тыс. руб.)","integer"
"G589","Tax base for calculating tax (controlled foreign companies whose income is determined in accordance with subparagraph 1 of paragraph 1 of Article 309.1 of the Tax Code of the Russian Federation) (thousand rubles)","Налоговая база для исчисления налога (контролируемые иностранные компании, доходы которых определены в соответствии с пп.1 п.1 ст.309.1 НК РФ) (тыс. руб.)","integer"
"G590","Tax base for calculating tax (controlled foreign companies whose income is determined in accordance with subparagraph 2 of paragraph 1 of Article 309.1 of the Tax Code of the Russian Federation) (thousand rubles)","Налоговая база для исчисления налога (контролируемые иностранные компании, доходы которых определены в соответствии с пп.2 п.1 ст.309.1 НК РФ) (тыс. руб.)","integer"
"G591","Tax base for calculating tax on transactions with securities and derivative financial instruments not traded on an organized market (controlled foreign companies whose income is determined in accordance with subparagraph 2 of paragraph 1 of Article 309.1 of the Tax Code of the Russian Federation) (thousand rubles)","Налоговая база для исчисления налога по операциям с ценными бумагами и производными финансовыми инструментами, не обращающимися на организованном рынке (контролируемые иностранные компании, доходы которых определены в соответствии с пп.2 п.1 ст.309.1 НК РФ) (тыс. руб.)","integer"
"G592","Amount of calculated tax (controlled foreign companies whose income is determined in accordance with subparagraph 1 of paragraph 1 of Article 309.1 of the Tax Code of the Russian Federation) (thousand rubles)","Сумма исчисленного налога (контролируемые иностранные компании, доходы которых определены в соответствии с пп.1 п.1 ст.309.1 НК РФ) (тыс. руб.)","integer"
"G593","Amount of calculated tax (controlled foreign companies whose income is determined in accordance with subparagraph 2 of paragraph 1 of Article 309.1 of the Tax Code of the Russian Federation) (thousand rubles)","Сумма исчисленного налога (контролируемые иностранные компании, доходы которых определены в соответствии с пп.2 п.1 ст.309.1 НК РФ) (тыс. руб.)","integer"
"G594","Tax amounts that reduce the amount of calculated tax (controlled foreign companies whose income is determined in accordance with subparagraph 1 of paragraph 1 of Article 309.1 of the Tax Code of the Russian Federation) (thousand rubles)","Суммы налога, уменьшающие сумму исчисленного налога (контролируемые иностранные компании, доходы которых определены в соответствии с пп.1 п.1 ст.309.1 НК РФ) (тыс. руб.)","integer"
"G595","Tax amounts that reduce the amount of calculated tax (controlled foreign companies whose income is determined in accordance with subparagraph 2 of paragraph 1 of Article 309.1 of the Tax Code of the Russian Federation) (thousand rubles)","Суммы налога, уменьшающие сумму исчисленного налога (контролируемые иностранные компании, доходы которых определены в соответствии с пп.2 п.1 ст.309.1 НК РФ) (тыс. руб.)","integer"
"G596","The amount of tax payable by controlled foreign companies whose income is determined in accordance with subparagraph 1 of paragraph 1 of Article 309.1 of the Tax Code of the Russian Federation (thousand rubles)","Сумма налога к уплате контролируемых иностранных компаний, доходы которых определены в соответствии с пп.1 п.1 ст.309.1 НК РФ) (тыс. руб.)","integer"
"G597","The amount of tax payable by controlled foreign companies whose income is determined in accordance with subparagraph 2 of paragraph 1 of Article 309.1 of the Tax Code of the Russian Federation (thousand rubles)","Сумма налога к уплате контролируемых иностранных компаний, доходы которых определены в соответствии с пп.2 п.1 ст.309.1 НК РФ) (тыс. руб.)","integer"
"G598","The number of controlled foreign companies, data on which are provided in Section H (units) (controlled foreign companies whose income is determined in accordance with subparagraph 1 of paragraph 1 of Article 309.1 of the Tax Code of the Russian Federation) (units)","Количество контролируемых иностранных компаний, данные по которым приведены в Разделе Н (ед.) (контролируемые иностранные компании, доходы которых определены в соответствии с пп.1 п.1 ст.309.1 НК РФ) (ед.)","integer"
"G599","The number of controlled foreign companies, data on which are provided in Section H (units) (controlled foreign companies whose income is determined in accordance with subparagraph 2 of paragraph 1 of Article 309.1 of the Tax Code of the Russian Federation) (units)","Количество контролируемых иностранных компаний, данные по которым приведены в Разделе Н (ед.) (контролируемые иностранные компании, доходы которых определены в соответствии с пп.2 п.1 ст.309.1 НК РФ) (ед.)","integer"
"G600","Reference. Number of taxpayers who are controlling persons of controlled foreign companies and who submitted Sheets 09 of the declaration (units)","Справочно.
Количество налогоплательщиков, являющихся контролирующими лицами контролируемых иностранных компаний, представивших Листы 09 декларации (ед.)","integer"
