metric_id,code,status,flags,themes,name_ru,freq,n_obs,period_max,source
1,kzsnns,archive_dead,"['dead', 'regional_panel']","['construction', 'housing_mortgage']","Количество зданий и сооружений, находящихся в незавершенном строительстве",A,2036,2021-01-01,rosstat
2,kzspz,archive_dead,"['dead', 'regional_panel']",['housing_mortgage'],Количество зданий и сооружений приостановленных или законсервированных,A,2035,2021-01-01,rosstat
3,pkzznns,archive_dead,"['dead', 'regional_panel']","['construction', 'housing_mortgage']","Площадь квартир в жилых зданиях, находящихся в незавершенном строительстве",A,2036,2021-01-01,rosstat
4,pkzznnspz,archive_dead,"['dead', 'regional_panel']","['construction', 'housing_mortgage']","Площадь квартир в жилых зданиях, находящихся в незавершенном строительстве, приостановленные или законсервированные",A,2019,2021-01-01,rosstat
5,srvossvedsrfpi,archive_dead,['dead'],['construction'],"Структура работ, выполненных организациями собственными силами по виду экономической деятельности ""Строительство"" в Российской Федерации 1) (в процентах к итогу)",A,75,2021-01-01,rosstat
7,vdzznnrf,archive_dead,['dead'],['housing_mortgage'],Ввод в действие зданий жилого и нежилого назначения в Российской Федерации,A,88,2021-01-01,rosstat
8,vdnztrf,archive_dead,['dead'],['housing_mortgage'],Ввод в действие нежилых зданий по типам в Российской Федерации,A,198,2021-01-01,rosstat
9,vdokrf,archive_dead,['dead'],[],Ввод в действие объектов культуры в Российской Федерации,A,24,2001-01-01,rosstat
10,czsnnsrf,archive_dead,['dead'],"['construction', 'housing_mortgage']","Число зданий и сооружений, находящихся в незавершенном строительстве в Российской Федерации",A,44,2021-01-01,rosstat
11,opnzdgvzbizd,archive_dead,"['dead', 'regional_panel']",['housing_mortgage'],Отношение общей площади незавершенных жилых домов к годовому вводу жилья (без индивидуальных жилых домов),A,2064,2021-01-01,rosstat
12,rorvvedsoofssrfp,archive_dead,"['dead', 'regional_panel']",['construction'],"Распределение объема работ, выполненных по виду экономической деятельности ""Строительство"", организациями отдельных форм собственности по субъектам Российской Федерации (в процентах)",A,2060,2021-01-01,rosstat
13,orvvedsfdtmr,archive_dead,"['dead', 'regional_panel']",['construction'],"Объем работ, выполненных по виду экономической деятельности ""Строительство"" (в фактически действующих ценах млн.рублей)",A,190,2021-01-01,rosstat
14,iforvvdssrfstppp,archive_dead,"['dead', 'regional_panel']",['construction'],"Индекс физического объема работ, выполненных по виду деятельности «Строительство», по субъектам Российской Федерации (в сопоставимых ценах; в процентах к предыдущему периоду)",A,190,2021-01-01,rosstat
15,szpsrrffspi,archive_dead,['dead'],[],Структура затрат на производство строительных работ в Российской Федерации (по фактической себестоимости; в процентах к итогу),A,102,2021-01-01,rosstat
17,vdopmrf,archive_dead,['dead'],[],Ввод в действие отдельных производственных мощностей в Российской Федерации1),A,1872,2021-01-01,rosstat
18,cpkrfisr,archive_dead,['dead'],['housing_mortgage'],Число построенных квартир в Российской Федерации и их средний размер,A,132,2021-01-01,rosstat
19,sfssokmpzpvvezzr,archive_dead,['dead'],"['construction', 'housing_mortgage']",Средняя фактическая стоимость строительства одного квадратного метра общей площади жилых помещений во введенных в эксплуатацию жилых зданиях в Российской Федерации,A,63,2020-01-01,rosstat
20,nszd,archive_dead,['dead'],['construction'],Незавершенные строительством жилые дома,A,66,2021-01-01,rosstat
21,ozs,archive_dead,"['dead', 'regional_panel']","['construction', 'housing_mortgage']",Объем жилищного строительства,A,938,2021-01-01,rosstat
22,vdpzd,archive_dead,"['dead', 'regional_panel']",['housing_mortgage'],Введено в действие общей площади жилых домов,A,2971,2021-01-01,rosstat
23,vdppnzd,archive_dead,"['dead', 'regional_panel']",['housing_mortgage'],Введено в действие общей площади построенных населением жилых домов,A,1204,2021-01-01,rosstat
24,vdpmzd,archive_dead,"['dead', 'regional_panel']",['housing_mortgage'],Введено в действие общей площади многоквартирных жилых домов,A,376,2021-01-01,rosstat
25,kpk,archive_dead,"['dead', 'regional_panel']",['housing_mortgage'],Количество построенных квартир,A,2042,2021-01-01,rosstat
26,kkpnzd,archive_dead,"['dead', 'regional_panel']",['housing_mortgage'],Количество квартир в построенных населением жилых домах,A,2013,2021-01-01,rosstat
27,kvzpn,archive_dead,"['dead', 'regional_panel']",['housing_mortgage'],"Количество введенных зданий, построенных населением",A,2009,2021-01-01,rosstat
28,kvzpkrcn,archive_dead,"['dead', 'regional_panel']",['housing_mortgage'],Количество введенных жилых помещений (квартир) в расчете на 1000 человек населения1),A,1122,2021-01-01,rosstat
30,uvvpzdopzf,archive_dead,"['dead', 'regional_panel']",['housing_mortgage'],Удельный вес введенной общей площади жилых домов по отношению к общей площади жилищного фонда с 2018 г.,A,376,2021-01-01,rosstat
31,dvmzoovz,archive_dead,"['dead', 'regional_panel']",['housing_mortgage'],Доля ввода малоэтажного жилья в общем объеме ввода жилья,A,936,2021-01-01,rosstat
32,vdpzdcn_2,archive_dead,"['dead', 'regional_panel']",['housing_mortgage'],Введено в действие общей площади жилых домов на 1000 человек населения 1),A,2084,2021-01-01,rosstat
33,sfssokmpzpvvezzb,archive_dead,"['dead', 'regional_panel']","['construction', 'housing_mortgage']","Средняя фактическая стоимость строительства одного квадратного метра общей площади жилых помещений во введенных в эксплуатацию жилых зданиях без пристроек, надстроек и встроенных помещений 1)",A,2003,2020-01-01,rosstat
34,pkguvsovdpnl,archive_dead,"['dead', 'regional_panel']",['housing_mortgage'],"Приобретение квартир для граждан, уволенных с военной службы, из органов внутренних дел, и приравненных к ним лиц",A,982,2010-01-01,rosstat
35,dvzse,archive_dead,['dead'],['housing_mortgage'],Доля ввода жилья по стандартам экономкласса,A,183,2014-01-01,rosstat
36,01_03_01,preliminary,['regional_panel'],"['construction', 'housing_mortgage']","Количество действующих договоров участия в долевом строительстве согласно данным проектных деклараций, на дату, шт.",M,6732,2026-08-01,domrf
37,01_03_02,preliminary,['regional_panel'],"['construction', 'housing_mortgage']","Общая площадь квартир, в отношении которых действуют договоры участия в долевом строительстве согласно данным проектных деклараций, на дату, кв. м",M,6732,2026-08-01,domrf
38,01_03_03,preliminary,['regional_panel'],"['construction', 'housing_mortgage']","Суммарная цена действующих договоров участия в долевом строительстве согласно данным проектных деклараций, на дату, руб.",M,6732,2026-08-01,domrf
39,01_03_04,preliminary,['regional_panel'],"['construction', 'housing_mortgage']","Количество действующих договоров участия в долевом строительстве в отношении жилых помещений, предусматривающих привлечение денежных средств участников долевого строительства на счета эскроу в порядке",M,6732,2026-08-01,domrf
40,01_03_05,preliminary,['regional_panel'],"['construction', 'housing_mortgage']","Общая площадь квартир, в отношении которых действуют договоры участия в долевом строительстве, в отношении жилых помещений, предусматривающие привлечение денежных средств участников долевого строитель",M,6732,2026-08-01,domrf
41,01_03_06,preliminary,['regional_panel'],"['construction', 'housing_mortgage']","Суммарная цена действующих договоров участия в долевом строительстве в отношении жилых помещений, предусматривающих привлечение денежных средств участников долевого строительства на счета эскроу в пор",M,6732,2026-08-01,domrf
42,01_02_01,preliminary,['regional_panel'],"['construction', 'housing_mortgage']","Количество многоквартирных домов в составе проектов строительства многоквартирных домов, в отношении которых размещены проектные декларации, за период, шт.",M,7821,2026-07-01,domrf
43,01_02_02,preliminary,['regional_panel'],"['construction', 'housing_mortgage']","Общая площадь многоквартирных домов в составе проектов строительства многоквартирных домов, в отношении которых размещены проектные декларации, за период, кв. м",M,7821,2026-07-01,domrf
44,01_02_03,preliminary,['regional_panel'],"['construction', 'housing_mortgage']","Жилая площадь многоквартирных домов в составе проектов строительства многоквартирных домов, в отношении которых размещены проектные декларации, за период, кв. м",M,7821,2026-07-01,domrf
45,01_02_04,preliminary,['regional_panel'],"['construction', 'housing_mortgage']","Количество квартир в многоквартирных домах в составе проектов строительства многоквартирных домов, в отношении которых размещены проектные декларации, за период, шт.",M,7821,2026-07-01,domrf
46,01_02_05,preliminary,['regional_panel'],"['construction', 'housing_mortgage']","Количество квартир в многоквартирных домах в составе проектов строительства групп компаний застройщиков с совокупной жилой площадью проектов строительства жилых домов до 10 тыс. кв. м, в отношении которых размещены проектные декларации, за период, шт.",M,7821,2026-07-01,domrf
47,01_02_06,preliminary,['regional_panel'],"['construction', 'housing_mortgage']","Общая площадь многоквартирных домов в составе проектов строительства групп компаний застройщиков с совокупной жилой площадью проектов строительства жилых домов до 10 тыс. кв. м, в отношении которых размещены проектные декларации, за период, кв. м",M,7821,2026-07-01,domrf
48,01_02_07,preliminary,['regional_panel'],"['construction', 'housing_mortgage']","Жилая площадь многоквартирных домов в составе проектов строительства групп компаний застройщиков с совокупной жилой площадью проектов строительства жилых домов до 10 тыс. кв. м, в отношении которых размещены проектные декларации, за период, кв. м",M,7821,2026-07-01,domrf
50,01_02_09,preliminary,['regional_panel'],"['construction', 'housing_mortgage']","Количество многоквартирных домов в составе проектов строительства групп компаний застройщиков с совокупной жилой площадью проектов строительства жилых домов от 10 до 50 тыс. кв. м, в отношении которых размещены проектные декларации, за период, шт.",M,15642,2026-07-01,domrf
51,01_02_10,preliminary,['regional_panel'],"['construction', 'housing_mortgage']","Общая площадь многоквартирных домов в составе проектов строительства групп компаний застройщиков с совокупной жилой площадью проектов строительства жилых домов от 10 до 50 тыс. кв. м, в отношении которых размещены проектные декларации, за период, кв. м",M,7821,2026-07-01,domrf
52,01_02_11,preliminary,['regional_panel'],"['construction', 'housing_mortgage']","Жилая площадь многоквартирных домов в составе проектов строительства групп компаний застройщиков с совокупной жилой площадью проектов строительства жилых домов от 10 до 50 тыс. кв. м, в отношении которых размещены проектные декларации, за период, кв. м",M,7821,2026-07-01,domrf
53,01_02_12,preliminary,['regional_panel'],"['construction', 'housing_mortgage']","Количество квартир в многоквартирных домах в составе проектов строительства групп компаний застройщиков с совокупной жилой площадью проектов строительства жилых домов от 10 до 50 тыс. кв. м, в отношении которых размещены проектные декларации, за период, шт.",M,7821,2026-07-01,domrf
54,01_02_13,preliminary,['regional_panel'],"['construction', 'housing_mortgage']","Количество многоквартирных домов в составе проектов строительства групп компаний застройщиков с совокупной жилой площадью проектов строительства жилых домов от 50 до 500 тыс. кв. м, за период, в отношении которых размещены проектные декларации, за период, шт.",M,7821,2026-07-01,domrf
55,01_02_14,preliminary,['regional_panel'],"['construction', 'housing_mortgage']","Общая площадь многоквартирных домов в составе проектов строительства групп компаний застройщиков с совокупной жилой площадью проектов строительства жилых домов от 50 до 500 тыс. кв. м, в отношении которых размещены проектные декларации, за период, кв. м",M,7821,2026-07-01,domrf
56,01_02_15,preliminary,['regional_panel'],"['construction', 'housing_mortgage']","Жилая площадь многоквартирных домов в составе проектов строительства групп компаний застройщиков с совокупной жилой площадью проектов строительства жилых домов от 50 до 500 тыс. кв. м, в отношении которых размещены проектные декларации, за период, кв. м",M,7821,2026-07-01,domrf
57,01_02_16,preliminary,['regional_panel'],"['construction', 'housing_mortgage']","Количество квартир в многоквартирных домах в составе проектов строительства групп компаний застройщиков с совокупной жилой площадью проектов строительства жилых домов от 50 до 500 тыс. кв. м, в отношении которых размещены проектные декларации, за период, шт.",M,7821,2026-07-01,domrf
58,01_02_17,preliminary,['regional_panel'],"['construction', 'housing_mortgage']","Количество многоквартирных домов в составе проектов строительства групп компаний застройщиков с совокупной жилой площадью проектов строительства жилых домов от 500 тыс. до 1 млн кв. м, за период, в отношении которых размещены проектные декларации, за период, шт.",M,7821,2026-07-01,domrf
59,01_02_18,preliminary,['regional_panel'],"['construction', 'housing_mortgage']","Общая площадь многоквартирных домов в составе проектов строительства групп компаний застройщиков с совокупной жилой площадью проектов строительства жилых домов от 500 тыс. до 1 млн кв. м, в отношении которых размещены проектные декларации, за период, кв. м",M,7821,2026-07-01,domrf
60,01_02_19,preliminary,['regional_panel'],"['construction', 'housing_mortgage']","Жилая площадь многоквартирных домов в составе проектов строительства групп компаний застройщиков с совокупной жилой площадью проектов строительства жилых домов от 500 тыс. до 1 млн кв. м, в отношении которых размещены проектные декларации, за период, кв. м",M,7821,2026-07-01,domrf
61,01_02_20,preliminary,['regional_panel'],"['construction', 'housing_mortgage']","Количество квартир в многоквартирных домах в составе проектов строительства групп компаний застройщиков с совокупной жилой площадью проектов строительства жилых домов от 500 тыс. до 1 млн кв. м, в отношении которых размещены проектные декларации, за период, шт.",M,7821,2026-07-01,domrf
62,01_02_21,preliminary,['regional_panel'],"['construction', 'housing_mortgage']","Количество многоквартирных домов в составе проектов строительства групп компаний застройщиков с совокупной жилой площадью проектов строительства жилых домов от 1 млн кв. м, за период, в отношении которых размещены проектные декларации, за период, шт.",M,7821,2026-07-01,domrf
63,01_02_22,preliminary,['regional_panel'],"['construction', 'housing_mortgage']","Общая площадь многоквартирных домов в составе проектов строительства групп компаний застройщиков с совокупной жилой площадью проектов строительства жилых домов от 1 млн кв. м, в отношении которых размещены проектные декларации, за период, кв. м",M,7821,2026-07-01,domrf
64,01_02_23,preliminary,['regional_panel'],"['construction', 'housing_mortgage']","Жилая площадь многоквартирных домов в составе проектов строительства групп компаний застройщиков с совокупной жилой площадью проектов строительства жилых домов от 1 млн кв. м, в отношении которых размещены проектные декларации, за период, кв. м",M,7821,2026-07-01,domrf
65,01_02_24,preliminary,['regional_panel'],"['construction', 'housing_mortgage']","Количество квартир в многоквартирных домах в составе проектов строительства групп компаний застройщиков с совокупной жилой площадью проектов строительства жилых домов от 1 млн кв. м, в отношении которых размещены проектные декларации, за период, шт.",M,7821,2026-07-01,domrf
66,01_02_25,preliminary,['regional_panel'],"['construction', 'housing_mortgage']","Количество многоквартирных домов в составе проектов строительства в населенных пунктах с численностью населения до 50 тыс. чел., в отношении которых размещены проектные декларации, за период, шт.",M,7821,2026-07-01,domrf
67,01_02_26,preliminary,['regional_panel'],"['construction', 'housing_mortgage']","Общая площадь многоквартирных домов в составе проектов строительства в населенных пунктах с численностью населения до 50 тыс. чел., в отношении которых размещены проектные декларации, за период, кв. м",M,7821,2026-07-01,domrf
68,01_02_27,preliminary,['regional_panel'],"['construction', 'housing_mortgage']","Жилая площадь многоквартирных домов в составе проектов строительства в населенных пунктах с численностью населения до 50 тыс. чел., в отношении которых размещены проектные декларации, за период, кв. м",M,7821,2026-07-01,domrf
69,01_02_28,preliminary,['regional_panel'],"['construction', 'housing_mortgage']","Количество квартир в многоквартирных домах в составе проектов строительства в населенных пунктах с численностью населения до 50 тыс. чел., в отношении которых размещены проектные декларации, за период, шт.",M,7821,2026-07-01,domrf
70,01_02_29,preliminary,['regional_panel'],"['construction', 'housing_mortgage']","Количество многоквартирных домов в составе проектов строительства в населенных пунктах с численностью населения от 50 до 250 тыс. чел., за период, в отношении которых размещены проектные декларации, за период, шт.",M,7821,2026-07-01,domrf
71,01_02_30,preliminary,['regional_panel'],"['construction', 'housing_mortgage']","Общая площадь многоквартирных домов в составе проектов строительства в населенных пунктах с численностью населения от 50 до 250 тыс. чел., в отношении которых размещены проектные декларации, за период, кв. м",M,7821,2026-07-01,domrf
72,01_02_31,preliminary,['regional_panel'],"['construction', 'housing_mortgage']","Жилая площадь многоквартирных домов в составе проектов строительства в населенных пунктах с численностью населения от 50 до 250 тыс. чел., в отношении которых размещены проектные декларации, за период, кв. м",M,7821,2026-07-01,domrf
73,01_02_32,preliminary,['regional_panel'],"['construction', 'housing_mortgage']","Количество квартир в многоквартирных домах в составе проектов строительства в населенных пунктах с численностью населения от 50 до 250 тыс. чел., в отношении которых размещены проектные декларации, за период, шт.",M,7821,2026-07-01,domrf
74,01_02_33,preliminary,['regional_panel'],"['construction', 'housing_mortgage']","Количество многоквартирных домов в составе проектов строительства в населенных пунктах с численностью населения от 250 тыс. до 1 млн чел., за период, в отношении которых размещены проектные декларации, за период, шт.",M,7821,2026-07-01,domrf
75,01_02_34,preliminary,['regional_panel'],"['construction', 'housing_mortgage']","Общая площадь многоквартирных домов в составе проектов строительства в населенных пунктах с численностью населения от 250 тыс. до 1 млн чел., в отношении которых размещены проектные декларации, за период, кв. м",M,7821,2026-07-01,domrf
76,01_02_35,preliminary,['regional_panel'],"['construction', 'housing_mortgage']","Жилая площадь многоквартирных домов в составе проектов строительства в населенных пунктах с численностью населения от 250 тыс. до 1 млн чел., в отношении которых размещены проектные декларации, за период, кв. м",M,7821,2026-07-01,domrf
77,01_02_36,preliminary,['regional_panel'],"['construction', 'housing_mortgage']","Количество квартир в многоквартирных домах в составе проектов строительства в населенных пунктах с численностью населения от 250 тыс. до 1 млн чел., в отношении которых размещены проектные декларации, за период, шт.",M,7821,2026-07-01,domrf
78,01_02_37,preliminary,['regional_panel'],"['construction', 'housing_mortgage']","Количество многоквартирных домов в составе проектов строительства в населенных пунктах с численностью населения от 1 млн чел., за период, в отношении которых размещены проектные декларации, за период, шт.",M,7821,2026-07-01,domrf
79,01_02_38,preliminary,['regional_panel'],"['construction', 'housing_mortgage']","Общая площадь многоквартирных домов в составе проектов строительства в населенных пунктах с численностью населения от 1 млн чел., в отношении которых размещены проектные декларации, за период, кв. м",M,7821,2026-07-01,domrf
80,01_02_39,preliminary,['regional_panel'],"['construction', 'housing_mortgage']","Жилая площадь многоквартирных домов в составе проектов строительства в населенных пунктах с численностью населения от 1 млн чел., в отношении которых размещены проектные декларации, за период, кв. м",M,7821,2026-07-01,domrf
81,01_02_40,preliminary,['regional_panel'],"['construction', 'housing_mortgage']","Количество квартир в многоквартирных домах в составе проектов строительства в населенных пунктах с численностью населения от 1 млн чел., в отношении которых размещены проектные декларации, за период, шт.",M,7821,2026-07-01,domrf
82,vsego,preliminary,[],[],Всего,M,56,2026-07-01,domrf
83,tpsoidbr,preliminary,[],['housing_mortgage'],Всего траншей на приобретение и создание объектов ИЖС (данные Банка России),M,32,2026-06-01,domrf
84,divpgd,preliminary,[],[],"Доля ИЖК, выданных на приобретение готовых домов",M,54,2026-06-01,domrf
85,divpsoi,preliminary,[],['housing_mortgage'],"Доля ИЖК, выданных на приобретение и создание объектов ИЖС",M,54,2026-06-01,domrf
86,divsi,preliminary,[],['construction'],"Доля ИЖК, выданных на строительство ИЖС",M,54,2026-06-01,domrf
87,dtpgvi,preliminary,[],[],Доля траншей на приобретение готовых в общей выдачи ИЖК,M,32,2026-06-01,domrf
88,dtpsoivi,preliminary,[],['housing_mortgage'],Доля траншей на приобретение и создание объектов ИЖС в общей выдачи ИЖК,M,32,2026-06-01,domrf
89,dtsoivi,preliminary,[],['construction'],Доля траншей на строительство объектов ИЖС в общей выдачи ИЖК,M,32,2026-06-01,domrf
90,tcnkodr,preliminary,[],[],"в том числе ""новых"" кредитов (оценки ДОМ.РФ)",M,330,2026-07-01,domrf
91,tpgddbr,preliminary,[],[],всего траншей на приобретение готовых домов (данные Банка России),M,32,2026-06-01,domrf
92,tsidbr,preliminary,[],['construction'],всего траншей на строительство ИЖС (данные Банка России),M,32,2026-06-01,domrf
93,izh,preliminary,[],[],на ИЖС,M,56,2026-07-01,domrf
94,pgd,preliminary,[],[],на приобретение готовых домов,M,56,2026-07-01,domrf
95,01_04_01,preliminary,['regional_panel'],"['construction', 'housing_mortgage']","Количество многоквартирных домов, в отношении которых выданы разрешения на строительство, за период, шт.",M,7852,2026-07-01,domrf
96,01_04_02,preliminary,['regional_panel'],"['construction', 'housing_mortgage']","Общая площадь многоквартирных домов, в отношении которых выданы разрешения на строительство, за период, кв. м",M,7852,2026-07-01,domrf
97,01_04_03,preliminary,['regional_panel'],"['construction', 'housing_mortgage']","Количество многоквартирных домов, в отношении которых выданы разрешения на строительство и предоставлены данные о жилой площади, за период, шт.",M,7852,2026-07-01,domrf
98,01_04_04,preliminary,['regional_panel'],"['construction', 'housing_mortgage']","Жилая площадь многоквартирных домов, в отношении которых выданы разрешения на строительство, за период, кв. м",M,7852,2026-07-01,domrf
99,01_04_01_2,preliminary,['regional_panel'],"['construction', 'housing_mortgage']","Количество многоквартирных домов, в отношении которых действуют разрешения на строительство, на дату, шт.",M,7940,2026-08-01,domrf
100,01_04_02_2,preliminary,['regional_panel'],"['construction', 'housing_mortgage']","Общая площадь многоквартирных домов, в отношении которых действуют разрешения на строительство, на дату, кв. м",M,7940,2026-08-01,domrf
101,01_04_03_2,preliminary,['regional_panel'],"['construction', 'housing_mortgage']","Количество многоквартирных домов, в отношении которых действуют разрешения на строительство и предоставлены данные о жилой площади, на дату, шт.",M,7940,2026-08-01,domrf
102,01_04_04_2,preliminary,['regional_panel'],"['construction', 'housing_mortgage']","Жилая площадь многоквартирных домов, в отношении которых действуют разрешения на строительство, на дату, кв. м",M,7940,2026-08-01,domrf
103,01_04_05,preliminary,[],"['construction', 'housing_mortgage']","Распределение общей площади многоквартирных домов, в отношении которых действуют разрешения на строительство, по периодам выдачи, на дату, кв. м. Суммарно по Российской Федерации",M,80,2026-08-01,domrf
107,usg_4,preliminary,[],[],Уровень строительной готовности,M,16909,2026-08-01,domrf
108,rrf,preliminary,[],[],1 РФ реализация,M,1159,2026-08-01,domrf
111,rkop_3,preliminary,['regional_panel'],['housing_mortgage'],"Реализация квартир (объём проданных), м²",M,33343,2026-08-01,domrf
114,rke_3,preliminary,['regional_panel'],['housing_mortgage'],"Реализация квартир, %",M,32714,2026-08-01,domrf
115,01_01_01,preliminary,['regional_panel'],['housing_mortgage'],"Количество многоквартирных домов, строящихся в соответствии с Федеральным законом от 30.12.2004 № 214-ФЗ, на дату, шт.",M,7920,2026-08-01,domrf
116,01_01_02,preliminary,['regional_panel'],['housing_mortgage'],"Общая площадь многоквартирных домов, строящихся в соответствии с Федеральным законом от 30.12.2004 № 214-ФЗ, на дату, кв. м",M,7920,2026-08-01,domrf
117,01_01_03,preliminary,['regional_panel'],['housing_mortgage'],"Жилая площадь многоквартирных домов, строящихся в соответствии с Федеральным законом от 30.12.2004 № 214-ФЗ, на дату, кв. м",M,7920,2026-08-01,domrf
118,01_01_04,preliminary,['regional_panel'],['housing_mortgage'],"Количество квартир в многоквартирных домах, строящихся в соответствии с Федеральным законом от 30.12.2004 № 214-ФЗ, на дату, шт.",M,7920,2026-08-01,domrf
119,01_01_05,preliminary,['regional_panel'],"['construction', 'housing_mortgage']","Количество многоквартирных домов, строящихся с привлечением денежных средств участников долевого строительства на счета эскроу в порядке, предусмотренном статьей 15.4 Федерального закона от 30.12.2004 № 214-ФЗ, на дату, шт.",M,7920,2026-08-01,domrf
120,01_01_06,preliminary,['regional_panel'],"['construction', 'housing_mortgage']","Общая площадь многоквартирных домов, строящихся с привлечением денежных средств участников долевого строительства на счета эскроу в порядке, предусмотренном статьей 15.4 Федерального закона от 30.12.2004 № 214-ФЗ, на дату, кв. м",M,7920,2026-08-01,domrf
121,01_01_07,preliminary,['regional_panel'],"['construction', 'housing_mortgage']","Жилая площадь многоквартирных домов, строящихся с привлечением денежных средств участников долевого строительства на счета эскроу в порядке, предусмотренном статьей 15.4 Федерального закона от 30.12.2004 № 214-ФЗ, на дату, кв. м",M,7920,2026-08-01,domrf
122,01_01_08,preliminary,['regional_panel'],"['construction', 'housing_mortgage']","Количество квартир в многоквартирных домах, строящихся с привлечением денежных средств участников долевого строительства на счета эскроу в порядке, предусмотренном статьей 15.4 Федерального закона от 30.12.2004 № 214-ФЗ, на дату, шт.",M,7920,2026-08-01,domrf
123,01_01_09,preliminary,['regional_panel'],[],"Индекс Херфиндаля-Хиршмана, пунктов1",M,7920,2026-08-01,domrf
124,01_01_10,preliminary,['regional_panel'],"['construction', 'housing_mortgage']","Количество многоквартирных домов, строящихся в соответствии с Федеральным законом от 30.12.2004 № 214-ФЗ группами компаний застройщиков с совокупной жилой площадью проектов строительства многоквартирных домов до 10 тыс. кв. м, на дату, шт.",M,7920,2026-08-01,domrf
125,01_01_11,preliminary,['regional_panel'],"['construction', 'housing_mortgage']","Общая площадь многоквартирных домов, строящихся в соответствии с Федеральным законом от 30.12.2004 № 214-ФЗ группами компаний застройщиков с совокупной жилой площадью проектов строительства многоквартирных домов до 10 тыс. кв. м, на дату, кв. м",M,7920,2026-08-01,domrf
126,01_01_12,preliminary,['regional_panel'],"['construction', 'housing_mortgage']","Жилая площадь многоквартирных домов, строящихся в соответствии с Федеральным законом от 30.12.2004 № 214-ФЗ группами компаний застройщиков с совокупной жилой площадью проектов строительства многоквартирных домов до 10 тыс. кв. м, на дату, кв. м",M,7920,2026-08-01,domrf
127,01_01_13,preliminary,['regional_panel'],"['construction', 'housing_mortgage']","Количество квартир в многоквартирных домах, строящихся в соответствии с Федеральным законом от 30.12.2004 № 214-ФЗ группами компаний застройщиков с совокупной жилой площадью проектов строительства многоквартирных домов до 10 тыс. кв. м, на дату, шт.",M,7920,2026-08-01,domrf
128,01_01_14,preliminary,['regional_panel'],"['construction', 'housing_mortgage']","Количество многоквартирных домов, строящихся в соответствии с Федеральным законом от 30.12.2004 № 214-ФЗ группами компаний застройщиков с совокупной жилой площадью проектов строительства многоквартирных домов от 10 до 50 тыс. кв. м, на дату, шт.",M,7920,2026-08-01,domrf
129,01_01_15,preliminary,['regional_panel'],"['construction', 'housing_mortgage']","Общая площадь многоквартирных домов, строящихся в соответствии с Федеральным законом от 30.12.2004 № 214-ФЗ группами компаний застройщиков с совокупной жилой площадью проектов строительства многоквартирных домов от 10 до 50 тыс. кв. м, на дату, кв. м",M,7920,2026-08-01,domrf
130,01_01_16,preliminary,['regional_panel'],"['construction', 'housing_mortgage']","Жилая площадь многоквартирных домов, строящихся в соответствии с Федеральным законом от 30.12.2004 № 214-ФЗ группами компаний застройщиков с совокупной жилой площадью проектов строительства многоквартирных домов от 10 до 50 тыс. кв. м, на дату, кв. м",M,7920,2026-08-01,domrf
131,01_01_17,preliminary,['regional_panel'],"['construction', 'housing_mortgage']","Количество квартир в многоквартирных домах, строящихся в соответствии с Федеральным законом от 30.12.2004 № 214-ФЗ группами компаний застройщиков с совокупной жилой площадью проектов строительства многоквартирных домов от 10 до 50 тыс. кв. м, на дату, шт.",M,7920,2026-08-01,domrf
132,01_01_18,preliminary,['regional_panel'],"['construction', 'housing_mortgage']","Количество многоквартирных домов, строящихся в соответствии с Федеральным законом от 30.12.2004 № 214-ФЗ группами компаний застройщиков с совокупной жилой площадью проектов строительства многоквартирных домов от 50 до 500 тыс. кв. м, на дату, шт.",M,7920,2026-08-01,domrf
133,01_01_19,preliminary,['regional_panel'],"['construction', 'housing_mortgage']","Общая площадь многоквартирных домов, строящихся в соответствии с Федеральным законом от 30.12.2004 № 214-ФЗ группами компаний застройщиков с совокупной жилой площадью проектов строительства многоквартирных домов от 50 до 500 тыс. кв. м, на дату, кв. м",M,7920,2026-08-01,domrf
134,01_01_20,preliminary,['regional_panel'],"['construction', 'housing_mortgage']","Жилая площадь многоквартирных домов, строящихся в соответствии с Федеральным законом от 30.12.2004 № 214-ФЗ группами компаний застройщиков с совокупной жилой площадью проектов строительства многоквартирных домов от 50 до 500 тыс. кв. м, на дату, кв. м",M,7920,2026-08-01,domrf
135,01_01_21,preliminary,['regional_panel'],"['construction', 'housing_mortgage']","Количество квартир в многоквартирных домах, строящихся в соответствии с Федеральным законом от 30.12.2004 № 214-ФЗ группами компаний застройщиков с совокупной жилой площадью проектов строительства многоквартирных домов от 50 до 500 тыс. кв. м, на дату, шт.",M,7920,2026-08-01,domrf
136,01_01_22,preliminary,['regional_panel'],"['construction', 'housing_mortgage']","Количество многоквартирных домов, строящихся в соответствии с Федеральным законом от 30.12.2004 № 214-ФЗ группами компаний застройщиков с совокупной жилой площадью проектов строительства многоквартирных домов от 500 тыс. до 1 млн кв. м, на дату, шт.",M,7920,2026-08-01,domrf
137,01_01_23,preliminary,['regional_panel'],"['construction', 'housing_mortgage']","Общая площадь многоквартирных домов, строящихся в соответствии с Федеральным законом от 30.12.2004 № 214-ФЗ группами компаний застройщиков с совокупной жилой площадью проектов строительства многоквартирных домов от 500 тыс. до 1 млн кв. м, на дату, кв. м",M,7920,2026-08-01,domrf
138,01_01_24,preliminary,['regional_panel'],"['construction', 'housing_mortgage']","Жилая площадь многоквартирных домов, строящихся в соответствии с Федеральным законом от 30.12.2004 № 214-ФЗ группами компаний застройщиков с совокупной жилой площадью проектов строительства многоквартирных домов от 500 тыс. до 1 млн кв. м, на дату, кв. м",M,7920,2026-08-01,domrf
139,01_01_25,preliminary,['regional_panel'],"['construction', 'housing_mortgage']","Количество квартир в многоквартирных домах, строящихся в соответствии с Федеральным законом от 30.12.2004 № 214-ФЗ группами компаний застройщиков с совокупной жилой площадью проектов строительства многоквартирных домов от 500 тыс. до 1 млн кв. м, на дату, шт.",M,7920,2026-08-01,domrf
140,01_01_26,preliminary,['regional_panel'],"['construction', 'housing_mortgage']","Количество многоквартирных домов, строящихся в соответствии с Федеральным законом от 30.12.2004 № 214-ФЗ группами компаний застройщиков с совокупной жилой площадью проектов строительства многоквартирных домов от 1 млн кв. м, на дату, шт.",M,7920,2026-08-01,domrf
141,01_01_27,preliminary,['regional_panel'],"['construction', 'housing_mortgage']","Общая площадь многоквартирных домов, строящихся в соответствии с Федеральным законом от 30.12.2004 № 214-ФЗ группами компаний застройщиков с совокупной жилой площадью проектов строительства многоквартирных домов от 1 млн кв. м, на дату, кв. м",M,7920,2026-08-01,domrf
142,01_01_28,preliminary,['regional_panel'],"['construction', 'housing_mortgage']","Жилая площадь многоквартирных домов, строящихся в соответствии с Федеральным законом от 30.12.2004 № 214-ФЗ группами компаний застройщиков с совокупной жилой площадью проектов строительства многоквартирных домов от 1 млн кв. м, на дату, кв. м",M,7920,2026-08-01,domrf
143,01_01_29,preliminary,['regional_panel'],"['construction', 'housing_mortgage']","Количество квартир в многоквартирных домах, строящихся в соответствии с Федеральным законом от 30.12.2004 № 214-ФЗ группами компаний застройщиков с совокупной жилой площадью проектов строительства многоквартирных домов от 1 млн кв. м, на дату, шт.",M,7920,2026-08-01,domrf
144,01_01_30,preliminary,['regional_panel'],['housing_mortgage'],"Количество многоквартирных домов, строящихся в соответствии с Федеральным законом от 30.12.2004 № 214-ФЗ в населенных пунктах с численностью населения до 50 тыс. чел., на дату, шт.",M,7920,2026-08-01,domrf
145,01_01_31,preliminary,['regional_panel'],['housing_mortgage'],"Общая площадь многоквартирных домов, строящихся в соответствии с Федеральным законом от 30.12.2004 № 214-ФЗ в населенных пунктах с численностью населения до 50 тыс. чел., на дату, кв. м",M,7920,2026-08-01,domrf
146,01_01_32,preliminary,['regional_panel'],['housing_mortgage'],"Жилая площадь многоквартирных домов, строящихся в соответствии с Федеральным законом от 30.12.2004 № 214-ФЗ в населенных пунктах с численностью населения до 50 тыс. чел., на дату, кв. м",M,7920,2026-08-01,domrf
147,01_01_33,preliminary,['regional_panel'],['housing_mortgage'],"Количество квартир в многоквартирных домах, строящихся в соответствии с Федеральным законом от 30.12.2004 № 214-ФЗ в населенных пунктах с численностью населения до 50 тыс. чел., на дату, шт.",M,7920,2026-08-01,domrf
148,01_01_34,preliminary,['regional_panel'],['housing_mortgage'],"Количество многоквартирных домов, строящихся в соответствии с Федеральным законом от 30.12.2004 № 214-ФЗ в населенных пунктах с численностью населения от 50 до 250 тыс. чел., на дату, шт.",M,7920,2026-08-01,domrf
149,01_01_35,preliminary,['regional_panel'],['housing_mortgage'],"Общая площадь многоквартирных домов, строящихся в соответствии с Федеральным законом от 30.12.2004 № 214-ФЗ в населенных пунктах с численностью населения от 50 до 250 тыс. чел., на дату, кв. м",M,7920,2026-08-01,domrf
150,01_01_36,preliminary,['regional_panel'],['housing_mortgage'],"Жилая площадь многоквартирных домов, строящихся в соответствии с Федеральным законом от 30.12.2004 № 214-ФЗ в населенных пунктах с численностью населения от 50 до 250 тыс. чел., на дату, кв. м",M,7920,2026-08-01,domrf
151,01_01_37,preliminary,['regional_panel'],['housing_mortgage'],"Количество квартир в многоквартирных домах, строящихся в соответствии с Федеральным законом от 30.12.2004 № 214-ФЗ в населенных пунктах с численностью населения от 50 до 250 тыс. чел., на дату, шт.",M,7920,2026-08-01,domrf
152,01_01_38,preliminary,['regional_panel'],['housing_mortgage'],"Количество многоквартирных домов, строящихся в соответствии с Федеральным законом от 30.12.2004 № 214-ФЗ в населенных пунктах с численностью населения от 250 тыс. до 1 млн чел., на дату, шт.",M,7920,2026-08-01,domrf
153,01_01_39,preliminary,['regional_panel'],['housing_mortgage'],"Общая площадь многоквартирных домов, строящихся в соответствии с Федеральным законом от 30.12.2004 № 214-ФЗ в населенных пунктах с численностью населения от 250 тыс. до 1 млн чел., на дату, кв. м",M,7920,2026-08-01,domrf
154,01_01_40,preliminary,['regional_panel'],['housing_mortgage'],"Жилая площадь многоквартирных домов, строящихся в соответствии с Федеральным законом от 30.12.2004 № 214-ФЗ в населенных пунктах с численностью населения от 250 тыс. до 1 млн чел., на дату, кв. м",M,7920,2026-08-01,domrf
155,01_01_41,preliminary,['regional_panel'],['housing_mortgage'],"Количество квартир в многоквартирных домах, строящихся в соответствии с Федеральным законом от 30.12.2004 № 214-ФЗ в населенных пунктах с численностью населения от 250 тыс. до 1 млн чел., на дату, шт.",M,7920,2026-08-01,domrf
156,01_01_42,preliminary,['regional_panel'],['housing_mortgage'],"Количество многоквартирных домов, строящихся в соответствии с Федеральным законом от 30.12.2004 № 214-ФЗ в населенных пунктах с численностью населения от 1 млн чел., на дату, шт.",M,7920,2026-08-01,domrf
157,01_01_43,preliminary,['regional_panel'],['housing_mortgage'],"Общая площадь многоквартирных домов, строящихся в соответствии с Федеральным законом от 30.12.2004 № 214-ФЗ в населенных пунктах с численностью населения от 1 млн чел., на дату, кв. м",M,7920,2026-08-01,domrf
158,01_01_44,preliminary,['regional_panel'],['housing_mortgage'],"Жилая площадь многоквартирных домов, строящихся в соответствии с Федеральным законом от 30.12.2004 № 214-ФЗ в населенных пунктах с численностью населения от 1 млн чел., на дату, кв. м",M,7920,2026-08-01,domrf
159,01_01_45,preliminary,['regional_panel'],['housing_mortgage'],"Количество квартир в многоквартирных домах, строящихся в соответствии с Федеральным законом от 30.12.2004 № 214-ФЗ в населенных пунктах с численностью населения от 1 млн чел., на дату, шт.",M,7920,2026-08-01,domrf
160,spv,quarantine_data_error,['known_defect'],[],Сводный показатель,A,5,2026-08-01,domrf
161,zipflrrivupptrsr,preliminary,['regional_panel'],[],"T_22: Задолженность по ИЖК, предоставленным физическим лицам-резидентам в рублях и в иностранной валюте, с учетом приобретенных прав требования, в разрезе субъектов Российской Федерации",M,1118,2026-08-01,cbr
162,zidpflrrivupptrs,preliminary,['regional_panel'],['housing_mortgage'],"T_23: Задолженность по ИЖК по ДДУ, предоставленным физическим лицам-резидентам в рублях и в иностранной валюте, с учетом приобретенных прав требования, в разрезе субъектов Российской Федерации",M,1118,2026-08-01,cbr
163,pzipflrrivrsrf,preliminary,['regional_panel'],[],"T_24: Просроченная задолженность по ИЖК, предоставленным физическим лицам-резидентам в рублях и в иностранной валюте, в разрезе субъектов Российской Федерации",M,1118,2026-08-01,cbr
164,pzidpflrrivrsrf,preliminary,['regional_panel'],['housing_mortgage'],"T_25: Просроченная задолженность по ИЖК по ДДУ, предоставленным физическим лицам-резидентам в рублях и в иностранной валюте, в разрезе субъектов Российской Федерации",M,1118,2026-08-01,cbr
165,dziszkpflrrivodr,preliminary,['regional_panel'],[],"T_31: Доля задолженности по ИЖК в общей сумме задолженнности по кредитам, предоставленным физическим лицам - резидентам в рублях и иностранной валюте на отчетную дату, в разрезе субъектов Российской Федерации",M,1118,2026-08-01,cbr
166,apspr,preliminary,['regional_panel'],['housing_mortgage'],avg_price_sqm_первичный_рынок,M,409,2026-01-01,cbr
167,deb,preliminary,['regional_panel'],[],debt,M,7462,2026-08-01,cbr
168,ias,preliminary,['regional_panel'],[],izhk_avg_size,M,984,2026-06-01,cbr
169,icz,preliminary,['regional_panel'],[],izhk_count,M,984,2026-06-01,cbr
170,idas,preliminary,['regional_panel'],[],izhk_ddu_avg_size,M,984,2026-06-01,cbr
171,idc,preliminary,['regional_panel'],[],izhk_ddu_count,M,984,2026-06-01,cbr
172,idd,preliminary,['regional_panel'],[],izhk_ddu_debt,M,1066,2026-07-01,cbr
173,ido,preliminary,['regional_panel'],[],izhk_ddu_overdue,M,1066,2026-07-01,cbr
174,idr,preliminary,['regional_panel'],[],izhk_ddu_rate,M,984,2026-06-01,cbr
175,idv,preliminary,['regional_panel'],[],izhk_ddu_volume,M,984,2026-06-01,cbr
176,idz,preliminary,['regional_panel'],[],izhk_debt,M,1066,2026-07-01,cbr
177,iic,preliminary,['regional_panel'],[],izhk_ijs_count,M,984,2026-06-01,cbr
178,iir,preliminary,['regional_panel'],[],izhk_ijs_rate,M,982,2026-06-01,cbr
179,iiv,preliminary,['regional_panel'],[],izhk_ijs_volume,M,984,2026-06-01,cbr
180,inr,preliminary,['regional_panel'],[],izhk_nonddu_rate,M,984,2026-06-01,cbr
181,ioz,preliminary,['regional_panel'],[],izhk_overdue,M,1066,2026-07-01,cbr
182,irz,preliminary,['regional_panel'],[],izhk_rate,M,984,2026-06-01,cbr
183,isd,preliminary,['regional_panel'],[],izhk_share_debt,M,1066,2026-07-01,cbr
184,isl,preliminary,['regional_panel'],[],izhk_share_loans,M,984,2026-06-01,cbr
185,ivz,preliminary,['regional_panel'],[],izhk_volume,M,984,2026-06-01,cbr
186,diook,preliminary,['regional_panel'],[],Доля ИЖК в общем объёме кредитов,M,1118,2026-06-01,cbr
187,dzi,preliminary,['regional_panel'],[],Доля задолженности по ИЖК,M,1118,2026-07-01,cbr
188,zia,preliminary,['regional_panel'],[],Задолженность по ИЖК,M,1118,2026-07-01,cbr
189,zid,preliminary,['regional_panel'],['housing_mortgage'],Задолженность по ИЖК по ДДУ,M,1118,2026-07-01,cbr
190,zkf,preliminary,['regional_panel'],[],Задолженность по кредитам физлицам,M,8008,2026-08-01,cbr
191,zkfi,preliminary,['regional_panel'],[],Задолженность по кредитам физлицам (в инвалюте),M,8008,2026-08-01,cbr
192,zkfr,preliminary,['regional_panel'],[],Задолженность по кредитам физлицам (в рублях),M,8008,2026-08-01,cbr
193,zkfpi,preliminary,['regional_panel'],[],Задолженность по кредитам физлицам (в т.ч. просроч. в инвалюте),M,8008,2026-08-01,cbr
194,zkfpr,preliminary,['regional_panel'],[],Задолженность по кредитам физлицам (в т.ч. просроч. в рублях),M,8008,2026-08-01,cbr
195,zkfp,preliminary,['regional_panel'],[],Задолженность по кредитам физлицам (в т.ч. просроч.),M,8008,2026-08-01,cbr
196,zkfi_2,preliminary,['regional_panel'],[],Задолженность по кредитам физлицам (итого),M,8008,2026-08-01,cbr
197,kio,preliminary,['regional_panel'],[],Количество ИЖК,M,1118,2026-06-01,cbr
198,kiti,preliminary,['regional_panel'],[],Количество ИЖК на цели ИЖС,M,1118,2026-06-01,cbr
199,kid,preliminary,['regional_panel'],['housing_mortgage'],Количество ИЖК по ДДУ,M,1118,2026-06-01,cbr
200,nikfi,preliminary,['regional_panel'],[],Новые ипотечные кредиты физлицам (в инвалюте),M,8008,2026-07-01,cbr
201,nikfr,preliminary,['regional_panel'],[],Новые ипотечные кредиты физлицам (в рублях),M,8008,2026-07-01,cbr
202,nikfi_2,preliminary,['regional_panel'],[],Новые ипотечные кредиты физлицам (итого),M,8008,2026-07-01,cbr
203,nkf,preliminary,['regional_panel'],[],Новые кредиты физлицам,M,8008,2026-07-01,cbr
204,oib,preliminary,['regional_panel'],[],Объём ИЖК,M,1118,2026-06-01,cbr
205,oiti,preliminary,['regional_panel'],[],Объём ИЖК на цели ИЖС,M,1118,2026-06-01,cbr
206,oid,preliminary,['regional_panel'],['housing_mortgage'],Объём ИЖК по ДДУ,M,1118,2026-06-01,cbr
207,pzi,preliminary,['regional_panel'],[],Просроченная задолженность по ИЖК,M,1118,2026-07-01,cbr
208,pzid,preliminary,['regional_panel'],['housing_mortgage'],Просроченная задолженность по ИЖК по ДДУ,M,1118,2026-07-01,cbr
209,sri,preliminary,['regional_panel'],[],Средний размер ИЖК,M,1118,2026-06-01,cbr
210,srid,preliminary,['regional_panel'],['housing_mortgage'],Средний размер ИЖК по ДДУ,M,1118,2026-06-01,cbr
211,sit,preliminary,['regional_panel'],[],Ставка по ИЖК,M,1118,2026-06-01,cbr
212,sibud,preliminary,['regional_panel'],['housing_mortgage'],Ставка по ИЖК без учёта ДДУ,M,1118,2026-06-01,cbr
213,siti,preliminary,['regional_panel'],[],Ставка по ИЖК на цели ИЖС,M,1113,2026-06-01,cbr
214,sid,preliminary,['regional_panel'],['housing_mortgage'],Ставка по ИЖК по ДДУ,M,1118,2026-06-01,cbr
215,kipflrrivrsrf,preliminary,['regional_panel'],[],"Т_16: Количество ИЖК, предоставленных физическим лицам-резидентам в рублях и в иностранной валюте, в разрезе субъектов Российской Федерации",M,1118,2026-07-01,cbr
216,kidpflrrivrsrf,preliminary,['regional_panel'],['housing_mortgage'],"Т_17: Количество ИЖК по ДДУ, предоставленных физическим лицам-резидентам в рублях и в иностранной валюте, в разрезе субъектов Российской Федерации",M,1118,2026-07-01,cbr
217,kitipflrrivrsrf,preliminary,['regional_panel'],[],"Т_18: Количество ИЖК на цели ИЖС, предоставленных физическим лицам-резидентам в рублях и в иностранной валюте, в разрезе субъектов Российской Федерации",M,1118,2026-07-01,cbr
218,oipflrrivrsrf,preliminary,['regional_panel'],[],"Т_19: Объем ИЖК, предоставленных физическим лицам-резидентам в рублях и в иностранной валюте, в разрезе субъектов Российской Федерации",M,1118,2026-07-01,cbr
219,oidpflrrivrsrf,preliminary,['regional_panel'],['housing_mortgage'],"Т_20: Объем ИЖК по ДДУ, предоставленных физическим лицам-резидентам в рублях и в иностранной валюте, в разрезе субъектов Российской Федерации",M,1118,2026-07-01,cbr
220,oitipflrrivrsrf,preliminary,['regional_panel'],[],"Т_21: Объем ИЖК на цели ИЖС, предоставленных физическим лицам-резидентам в рублях и в иностранной валюте, в разрезе субъектов Российской Федерации",M,1118,2026-07-01,cbr
221,spsipflrrtmrsrf,quarantine_data_error,['known_defect'],[],"Т_26: Средневзвешенная процентная ставка по ИЖК, предоставленным физическим лицам-резидентам  в рублях в течение месяца, в разрезе субъектов Российской Федерации",M,1118,2026-07-01,cbr
222,spsidpflrrtmrsrf,preliminary,['regional_panel'],['housing_mortgage'],"Т_27: Средневзвешенная процентная ставка по ИЖК по ДДУ, предоставленным физическим лицам-резидентам  в рублях в течение месяца, в разрезе субъектов Российской Федерации",M,1118,2026-07-01,cbr
223,spsipflrbuidrtmr,preliminary,['regional_panel'],['housing_mortgage'],"Т_28: Средневзвешенная процентная ставка по ИЖК, предоставленным физическим лицам-резидентам, без учета ИЖК по ДДУ в рублях в течение месяца, в разрезе субъектов Российской Федерации",M,1118,2026-07-01,cbr
224,spsitipflrrtmrsr,preliminary,['regional_panel'],[],"Т_29: Средневзвешенная процентная ставка по ИЖК на цели ИЖС, предоставленным физическим лицам-резидентам  в рублях в течение месяца, в разрезе субъектов Российской Федерации",M,1112,2026-07-01,cbr
225,diookpflrrivrsrf,preliminary,['regional_panel'],[],"Т_30: Доля ИЖК в общем объеме кредитов, предоставленных физическим лицам-резидентам  в рублях и в иностранной валюте, в разрезе субъектов Российской Федерации",M,1118,2026-07-01,cbr
226,sripflrrrsrf,preliminary,['regional_panel'],[],"Т_32: Средний размер ИЖК, предоставленных физическим лицам-резидентам в рублях, в разрезе субъектов Российской Федерации",M,1118,2026-07-01,cbr
227,sridpflrrrsrf,preliminary,['regional_panel'],['housing_mortgage'],"Т_33: Средний размер ИЖК по ДДУ, предоставленных физическим лицам-резидентам в рублях, в разрезе субъектов Российской Федерации",M,1118,2026-07-01,cbr
228,stkpk,preliminary,['regional_panel'],['housing_mortgage'],Т_34: Средняя цена 1 кв.м общей площади квартир,M,258,2025-04-01,cbr
229,acc,preliminary,['regional_panel'],[],active_contracts_count,M,4942,2026-07-01,cbr
230,acs,preliminary,['regional_panel'],[],active_contracts_sum,M,4933,2026-07-01,cbr
231,crr,preliminary,['regional_panel'],[],credit_rate,M,4464,2026-07-01,cbr
232,deb_2,preliminary,['regional_panel'],[],debt,M,4809,2026-07-01,cbr
233,dea,preliminary,['regional_panel'],[],disclosed_escrow_accounts,M,1890,2026-07-01,cbr
234,dfi,preliminary,['regional_panel'],[],disclosed_funds,M,540,2026-07-01,cbr
235,eas,preliminary,['regional_panel'],[],escrow_accounts,M,4950,2026-07-01,cbr
236,eawb,preliminary,['regional_panel'],['housing_mortgage'],escrow_accounts_with_balance,M,3965,2026-07-01,cbr
237,ebs,quarantine_data_error,['known_defect'],['housing_mortgage'],escrow_balance,M,7135,2026-07-01,cbr
238,zad,preliminary,['regional_panel'],[],Задолженность,M,4493,2026-07-01,cbr
239,kvdkd,preliminary,['regional_panel'],[],Кол-во действующих кредитных договоров,M,4658,2026-07-01,cbr
240,kvrse,preliminary,['regional_panel'],['housing_mortgage'],Кол-во раскрытых счетов эскроу,M,1783,2026-07-01,cbr
241,kvse,preliminary,['regional_panel'],['housing_mortgage'],Кол-во счетов эскроу,M,4675,2026-07-01,cbr
242,kvseo,preliminary,['regional_panel'],['housing_mortgage'],Кол-во счетов эскроу с остатком,M,1783,2026-07-01,cbr
243,osse,preliminary,['regional_panel'],['housing_mortgage'],Остатки средств на счетах эскроу,M,3400,2026-07-01,cbr
244,ssk,preliminary,['regional_panel'],[],Средневзвешенная ставка по кредитам,M,4165,2026-01-01,cbr
245,sdkd,preliminary,['regional_panel'],[],Сумма действующих кредитных договоров,M,4649,2026-07-01,cbr
246,ssrse,preliminary,['regional_panel'],['housing_mortgage'],Сумма средств с раскрытых счетов эскроу,M,510,2026-07-01,cbr
247,deb_3,preliminary,['regional_panel'],[],debt,M,7290,2026-07-01,cbr
248,zyli,preliminary,['regional_panel'],[],Задолженность юридических лиц (в инвалюте),M,7920,2026-07-01,cbr
249,zylr,preliminary,['regional_panel'],[],Задолженность юридических лиц (в рублях),M,7920,2026-07-01,cbr
250,zylpi,preliminary,['regional_panel'],[],Задолженность юридических лиц (в т.ч. просроч. итого),M,7920,2026-07-01,cbr
251,zylpr,preliminary,['regional_panel'],[],Задолженность юридических лиц (в т.ч. просроч. в рублях),M,7920,2026-07-01,cbr
252,zylpi_2,preliminary,['regional_panel'],[],Задолженность юридических лиц (в т.ч. просроч. в инвалюте),M,7920,2026-07-01,cbr
253,zyli_2,preliminary,['regional_panel'],[],Задолженность юридических лиц (итого),M,7920,2026-07-01,cbr
254,zyi,preliminary,['regional_panel'],[],Задолженность юрлицам и ИП,M,8008,2026-08-01,cbr
255,nkyli,preliminary,['regional_panel'],[],Новые кредиты юридическим лицам (в инвалюте),M,7920,2026-06-01,cbr
256,nkylr,preliminary,['regional_panel'],[],Новые кредиты юридическим лицам (в рублях),M,7920,2026-06-01,cbr
257,nkyli_2,preliminary,['regional_panel'],[],Новые кредиты юридическим лицам (итого),M,7920,2026-06-01,cbr
258,nkyi,preliminary,['regional_panel'],[],Новые кредиты юрлицам и ИП,M,8008,2026-07-01,cbr
259,y477030001,preliminary,['regional_panel'],['housing_mortgage'],Благоустройство жилищного фонда,A,1344,2024-01-01,rosstat
260,y477030002,preliminary,['regional_panel'],['housing_mortgage'],Благоустройство жилищного фонда в городских поселениях,A,1344,2024-01-01,rosstat
261,y477030003,preliminary,['regional_panel'],['housing_mortgage'],Благоустройство жилищного фонда в сельской местности,A,1302,2024-01-01,rosstat
262,y477030004,preliminary,['regional_panel'],[],Ввод в действие водопроводных сетей,A,864,2024-01-01,rosstat
263,y477030005,archive_dead,"['dead', 'regional_panel']",[],Ввод в действие газовых сетей,A,576,2021-01-01,rosstat
264,y477030006,preliminary,['regional_panel'],['housing_mortgage'],Ввод в действие жилых домов,A,864,2024-01-01,rosstat
265,y477030007,preliminary,['regional_panel'],['housing_mortgage'],Ввод в действие жилых домов на 1000 человек населения,A,864,2024-01-01,rosstat
266,y477030008,preliminary,['regional_panel'],['housing_mortgage'],"Ввод в действие индивидуальных жилых домов, построенных населением за счет собственных и привлеченных средств",A,864,2024-01-01,rosstat
267,y477030009,preliminary,['regional_panel'],[],Ввод в действие канализационных сетей,A,864,2024-01-01,rosstat
268,y477030010,preliminary,['regional_panel'],[],Ввод в действие распределительных газопроводов,A,576,2024-01-01,rosstat
269,y477030011,preliminary,['regional_panel'],[],Ввод в действие тепловых сетей,A,864,2024-01-01,rosstat
270,y477030012,preliminary,['regional_panel'],['housing_mortgage'],Городской жилищный фонд,A,864,2024-01-01,rosstat
271,y477030013,preliminary,['regional_panel'],['housing_mortgage'],"Городской жилищный фонд, находящийся в собственности граждан",A,864,2024-01-01,rosstat
272,y477030014,preliminary,['regional_panel'],['housing_mortgage'],Государственный жилищный фонд,A,864,2024-01-01,rosstat
273,y477030015,preliminary,['regional_panel'],[],Дорожное хозяйство городов и поселков городского типа,A,2592,2024-01-01,rosstat
274,y477030016,preliminary,['regional_panel'],['housing_mortgage'],Жилищный фонд,A,864,2024-01-01,rosstat
275,y477030017,archive_dead,"['dead', 'regional_panel']",['housing_mortgage'],"Жилищный фонд, находящийся в собственности граждан",A,576,2021-01-01,rosstat
276,y477030018,preliminary,['regional_panel'],['housing_mortgage'],"Жилищный фонд, находящийся в частной собственности граждан",A,576,2024-01-01,rosstat
277,y477030019,preliminary,['regional_panel'],['housing_mortgage'],"Задолженность по жилищным кредитам в иностранной валюте, предоставленным кредитными организациями физическим лицам",A,960,2025-01-01,rosstat
278,y477030020,preliminary,['regional_panel'],['housing_mortgage'],"Задолженность по жилищным кредитам в рублях, предоставленным кредитными организациями физическим лицам",A,960,2025-01-01,rosstat
279,y477030021,preliminary,['regional_panel'],['housing_mortgage'],"Задолженность по ипотечным жилищным кредитам в иностранной валюте, предоставленным кредитными организациями физическим лицам",A,960,2025-01-01,rosstat
280,y477030022,preliminary,['regional_panel'],['housing_mortgage'],"Задолженность по ипотечным жилищным кредитам в рублях, предоставленным кредитными организациями физическим лицам",A,960,2025-01-01,rosstat
281,y477030023,preliminary,['regional_panel'],[],Заменено водопроводных сетей,A,960,2024-01-01,rosstat
282,y477030024,preliminary,['regional_panel'],[],Заменено канализационных сетей,A,960,2024-01-01,rosstat
283,y477030025,preliminary,['regional_panel'],[],Заменено тепловых и паровых сетей в двухтрубном исчислении,A,576,2024-01-01,rosstat
284,y477030026,preliminary,['regional_panel'],[],Зеленые массивы и насаждения в городах,A,1728,2024-01-01,rosstat
285,y477030027,preliminary,['regional_panel'],"['construction', 'housing_mortgage']",Инвестиции в жилые здания и помещения,A,864,2024-01-01,rosstat
286,y477030028,preliminary,['regional_panel'],['construction'],"Инвестиции в основной капитал, направленные на развитие видов экономической деятельности, относящихся к коммунальному хозяйству",A,960,2024-01-01,rosstat
287,y477030031,preliminary,['regional_panel'],['housing_mortgage'],Индексы цен на первичном и вторичном рынках жилья,A,1722,2024-01-01,rosstat
288,y477030032,preliminary,['regional_panel'],['housing_mortgage'],Муниципальный жилищный фонд,A,864,2024-01-01,rosstat
289,y477030033,preliminary,['regional_panel'],['housing_mortgage'],"Наличие основных фондов организаций по видам экономической деятельности, относящихся к жилищно-коммунальному хозяйству и бытовому обслуживанию населения, на конец года",A,1536,2024-01-01,rosstat
290,y477030034,preliminary,['regional_panel'],['housing_mortgage'],"Общая площадь жилых помещений, приходящаяся в среднем на одного жителя",A,864,2024-01-01,rosstat
291,y477030035,preliminary,['regional_panel'],['housing_mortgage'],"Общая площадь жилых помещений, приходящаяся в среднем на одного жителя в городских поселениях",A,864,2024-01-01,rosstat
292,y477030036,preliminary,['regional_panel'],['housing_mortgage'],"Общая площадь жилых помещений, приходящаяся в среднем на одного жителя в сельской местности",A,837,2024-01-01,rosstat
293,y477030039,preliminary,['regional_panel'],[],Одиночное протяжение уличных водопроводных сетей,A,864,2024-01-01,rosstat
294,y477030040,preliminary,['regional_panel'],[],Одиночное протяжение уличных канализационных сетей,A,864,2024-01-01,rosstat
295,y477030041,preliminary,['regional_panel'],[],Потери тепла в сетях,A,864,2024-01-01,rosstat
296,y477030043,preliminary,['regional_panel'],['housing_mortgage'],"Предоставление детям-сиротам и детям, оставшимся без попечения родителей, жилых помещений",A,864,2024-01-01,rosstat
297,y477030044,preliminary,['regional_panel'],[],Протяженность тепловых и паровых сетей в двухтрубном исчислении,A,864,2024-01-01,rosstat
298,y477030045,preliminary,['regional_panel'],['housing_mortgage'],Распределение жилищного фонда по формам собственности,A,768,2024-01-01,rosstat
299,y477030046,preliminary,['regional_panel'],['housing_mortgage'],Распределение общей площади жилых помещений по годам постройки,A,960,2024-01-01,rosstat
300,y477030047,preliminary,['regional_panel'],['housing_mortgage'],Распределение общей площади жилых помещений по материалу стен,A,1536,2024-01-01,rosstat
301,y477030048,preliminary,['regional_panel'],['housing_mortgage'],Распределение общей площади жилых помещений по проценту износа,A,768,2024-01-01,rosstat
303,y477030049,preliminary,['regional_panel'],[],Распределение числа домов блокированной застройки по годам постройки,A,960,2024-01-01,rosstat
305,y477030050,preliminary,['regional_panel'],[],Распределение числа домов блокированной застройки по материалу стен,A,1536,2024-01-01,rosstat
307,y477030051,preliminary,['regional_panel'],[],Распределение числа домов блокированной застройки по проценту износа,A,768,2024-01-01,rosstat
309,y477030052,preliminary,['regional_panel'],['housing_mortgage'],Распределение числа жилых домов (индивидуально-определенных зданий) по годам постройки,A,960,2024-01-01,rosstat
311,y477030053,preliminary,['regional_panel'],['housing_mortgage'],Распределение числа жилых домов (индивидуально-определенных зданий) по материалу стен,A,1536,2024-01-01,rosstat
313,y477030054,preliminary,['regional_panel'],['housing_mortgage'],Распределение числа жилых домов (индивидуально-определенных зданий) по проценту износа,A,768,2024-01-01,rosstat
315,y477030055,preliminary,['regional_panel'],['housing_mortgage'],Распределение числа многоквартирных домов по годам постройки,A,960,2024-01-01,rosstat
317,y477030056,preliminary,['regional_panel'],['housing_mortgage'],Распределение числа многоквартирных домов по материалу стен,A,1536,2024-01-01,rosstat
319,y477030057,preliminary,['regional_panel'],['housing_mortgage'],Распределение числа многоквартирных домов по проценту износа,A,768,2024-01-01,rosstat
321,y477030058,preliminary,['regional_panel'],['housing_mortgage'],Расходы консолидированных бюджетов субъектов Российской Федерации на жилищно-коммунальное хозяйство,A,846,2024-01-01,rosstat
322,y477030060,preliminary,['regional_panel'],['housing_mortgage'],Сельский жилищный фонд,A,837,2024-01-01,rosstat
323,y477030061,preliminary,['regional_panel'],['housing_mortgage'],"Сельский жилищный фонд, находящийся в собственности граждан",A,837,2024-01-01,rosstat
324,y477030062,preliminary,['regional_panel'],['housing_mortgage'],Средние цены 1 кв. метра общей площади квартир среднего качества (типовых) на первичном и вторичном рынках жилья,A,1728,2024-01-01,rosstat
325,y477030063,preliminary,['regional_panel'],['housing_mortgage'],Средние цены 1 кв. метра общей площади элитных квартир на первичном и вторичном рынках жилья,A,1728,2024-01-01,rosstat
326,y477030064,preliminary,['regional_panel'],['housing_mortgage'],Средние цены на первичном и вторичном рынках жилья,A,1728,2024-01-01,rosstat
327,y477030065,preliminary,['regional_panel'],[],Степень износа основных фондов организаций на конец года,A,1536,2024-01-01,rosstat
328,y477030067,preliminary,['regional_panel'],['housing_mortgage'],Удельный вес введенной общей площади жилых домов по отношению к общей площади жилищного фонда,A,864,2024-01-01,rosstat
329,y477030069,preliminary,['regional_panel'],['housing_mortgage'],"Удельный вес приватизированных жилых помещений (с начала приватизации) в общем числе жилых помещений, подлежащих приватизации",A,864,2024-01-01,rosstat
330,y477030071,preliminary,['regional_panel'],[],Уличное освещение городов и поселков городского типа,A,1728,2024-01-01,rosstat
331,y477030072,preliminary,['regional_panel'],[],"Финансовые результаты деятельности организаций, осуществляющих деятельность по управлению эксплуатацией жилого фонда за вознаграждение или на договорной основе",A,1152,2024-01-01,rosstat
332,y477030073,preliminary,['regional_panel'],['housing_mortgage'],Частный жилищный фонд,A,864,2024-01-01,rosstat
333,y477030074,preliminary,['regional_panel'],[],Число зарегистрированных прав граждан и юридических лиц на жилые помещения на основании договоров купли-продажи,A,768,2024-01-01,rosstat
334,y477030079,preliminary,['regional_panel'],[],Число централизованных систем водоотведения (канализации),A,2592,2024-01-01,rosstat
335,y477030080,preliminary,['regional_panel'],[],Число централизованных систем водоснабжения,A,2592,2024-01-01,rosstat
336,y477050014,preliminary,['regional_panel'],['construction'],Видовая структура инвестиций в основной капитал,A,8448,2024-01-01,rosstat
337,y477050015,preliminary,['regional_panel'],['construction'],Инвестиции в основной капитал,A,1920,2024-01-01,rosstat
338,y477050016,preliminary,['regional_panel'],['construction'],Инвестиции в основной капитал по видам экономической деятельности,A,3648,2024-01-01,rosstat
339,y477050017,preliminary,['regional_panel'],['construction'],Инвестиции в основной капитал по направлениям,A,7488,2024-01-01,rosstat
340,y477050018,preliminary,['regional_panel'],['construction'],Индексы физического объема инвестиций в основной капитал,A,1920,2024-01-01,rosstat
341,y477050019,archive_dead,"['mostly_empty', 'dead', 'regional_panel']",[],"Общая стоимость договоров финансового лизинга заключенных организациями, осуществляющими деятельность в сфере финансового лизинга",A,6912,2022-01-01,rosstat
342,y477050020,preliminary,['regional_panel'],['construction'],Распределение инвестиций в основной капитал по отдельными формам собственности,A,8736,2024-01-01,rosstat
343,y477050021,archive_dead,"['dead', 'regional_panel']",[],Сведения о распределении договоров финансового лизинга по местонахождению лизингополучателей,A,5856,2022-01-01,rosstat
344,y477050022,preliminary,['regional_panel'],['construction'],Структура инвестиций в основной капитал по видам экономической деятельности,A,3648,2024-01-01,rosstat
345,y477110014,preliminary,"['mostly_empty', 'regional_panel']",['housing_mortgage'],"Ввод в действие жилых домов, построенных жилищно-строительными кооперативами",A,2304,2024-01-01,rosstat
346,y477110015,preliminary,['regional_panel'],['housing_mortgage'],"Ввод в действие жилых домов, построенных населением за счет собственных и привлеченных средств",A,2304,2024-01-01,rosstat
347,y477110016,preliminary,['regional_panel'],['housing_mortgage'],Ввод в действие жилых домов: Всего,A,2304,2024-01-01,rosstat
348,y477110017,preliminary,['regional_panel'],['housing_mortgage'],Ввод в действие жилых домов: На 1000 человек населения,A,2304,2024-01-01,rosstat
349,y477110018,preliminary,['regional_panel'],['housing_mortgage'],Ввод в действие зданий жилого и нежилого назначения: Общая площадь зданий,A,2304,2024-01-01,rosstat
350,y477110019,archive_dead,"['dead', 'regional_panel']",['housing_mortgage'],Ввод в действие зданий жилого и нежилого назначения: Общий строительный объем зданий,A,2112,2022-01-01,rosstat
351,y477110020,preliminary,['regional_panel'],['housing_mortgage'],Ввод в действие зданий жилого и нежилого назначения: Число зданий,A,2304,2024-01-01,rosstat
352,y477110021,preliminary,['regional_panel'],['housing_mortgage'],Ввод в действие квартир: Всего,A,2304,2024-01-01,rosstat
353,y477110022,preliminary,['regional_panel'],['housing_mortgage'],Ввод в действие квартир: На 1000 человек населения,A,2304,2024-01-01,rosstat
354,y477110023,preliminary,['regional_panel'],[],Ввод в действие мощностей амбулаторно-поликлинических организаций: Всего,A,2304,2024-01-01,rosstat
355,y477110024,preliminary,['regional_panel'],[],Ввод в действие мощностей амбулаторно-поликлинических организаций: На 100000 человек населения,A,2304,2024-01-01,rosstat
356,y477110025,preliminary,['regional_panel'],[],Ввод в действие мощностей больничных организаций: Всего,A,2304,2024-01-01,rosstat
357,y477110026,preliminary,['regional_panel'],[],Ввод в действие мощностей больничных организаций: На 100000 человек населения,A,2304,2024-01-01,rosstat
358,y477110027,preliminary,['regional_panel'],[],Ввод в действие мощностей общеобразовательных и дошкольных образовательных организаций: Ввод в действие мощностей дошкольных образовательных организаций,A,2304,2024-01-01,rosstat
359,y477110028,preliminary,['regional_panel'],[],Ввод в действие мощностей общеобразовательных организаций: Ввод в действие мощностей общеобразовательных организаций,A,2304,2024-01-01,rosstat
360,y477110075,preliminary,['regional_panel'],['construction'],"Жилые дома, находящиеся в незавершенном строительстве",A,4608,2024-01-01,rosstat
361,y477110107,preliminary,['regional_panel'],['construction'],Инвестиции в основной капитал,A,2304,2024-01-01,rosstat
362,y477110108,preliminary,['regional_panel'],['construction'],Инвестиции в основной капитал на душу населения,A,2304,2024-01-01,rosstat
363,y477110110,preliminary,['regional_panel'],['construction'],Индекс физического объема инвестиций в основной капитал,A,2304,2024-01-01,rosstat
364,y477110111,preliminary,['regional_panel'],['dkp_macro'],Индексы потребительских цен,A,2304,2024-01-01,rosstat
365,y477110112,preliminary,['regional_panel'],['dkp_macro'],Индексы потребительских цен (тарифов) на услуги,A,2304,2024-01-01,rosstat
366,y477110113,preliminary,['regional_panel'],['dkp_macro'],Индексы потребительских цен на непродовольственные товары,A,2304,2024-01-01,rosstat
367,y477110114,preliminary,['regional_panel'],['dkp_macro'],Индексы потребительских цен на продовольственные товары,A,2304,2024-01-01,rosstat
368,y477110127,preliminary,['regional_panel'],[],Индексы тарифов на грузовые перевозки,A,2304,2024-01-01,rosstat
369,y477110129,preliminary,['regional_panel'],['housing_mortgage'],Индексы цен на вторичном рынке жилья,A,2304,2024-01-01,rosstat
370,y477110130,preliminary,['regional_panel'],['housing_mortgage'],Индексы цен на первичном рынке жилья,A,2304,2024-01-01,rosstat
371,y477110131,preliminary,['regional_panel'],[],Индексы цен производителей на строительную продукцию,A,2304,2024-01-01,rosstat
372,y477110132,preliminary,['regional_panel'],"['dkp_macro', 'construction']","Индексы цен производителей промышленных товаров по видам экономической деятельности: Водоснабжение, водоотведение, организация сбора и утилизации отходов, деятельность по ликвидации загрязнений",A,864,2024-01-01,rosstat
373,y477110133,archive_dead,"['dead', 'regional_panel']",['dkp_macro'],Индексы цен производителей промышленных товаров по видам экономической деятельности: Добыча полезных ископаемых в соответствии с ОКВЭД,A,1440,2016-01-01,rosstat
374,y477110134,preliminary,['regional_panel'],['dkp_macro'],Индексы цен производителей промышленных товаров по видам экономической деятельности: Добыча полезных ископаемых в соответствии с ОКВЭД2,A,1152,2024-01-01,rosstat
375,y477110135,archive_dead,"['dead', 'regional_panel']",['dkp_macro'],Индексы цен производителей промышленных товаров по видам экономической деятельности: Индексы цен производителей промышленных товаров в соответствии с ОКВЭД — всего,A,1536,2016-01-01,rosstat
376,y477110136,preliminary,['regional_panel'],['dkp_macro'],Индексы цен производителей промышленных товаров по видам экономической деятельности: Индексы цен производителей промышленных товаров в соответствии с ОКВЭД2 — всего,A,1152,2024-01-01,rosstat
377,y477110137,preliminary,['regional_panel'],['dkp_macro'],"Индексы цен производителей промышленных товаров по видам экономической деятельности: Обеспечение электрической энергией, газом и паром, кондиционирование воздуха",A,1152,2024-01-01,rosstat
378,y477110138,archive_dead,"['dead', 'regional_panel']",['dkp_macro'],Индексы цен производителей промышленных товаров по видам экономической деятельности: Обрабатывающие производства в соответствии с ОКВЭД,A,1440,2016-01-01,rosstat
379,y477110139,preliminary,['regional_panel'],['dkp_macro'],Индексы цен производителей промышленных товаров по видам экономической деятельности: Обрабатывающие производства в соответствии с ОКВЭД2,A,1152,2024-01-01,rosstat
380,y477110140,archive_dead,"['dead', 'regional_panel']",['dkp_macro'],"Индексы цен производителей промышленных товаров по видам экономической деятельности: Производство и распределение электроэнергии, газа и воды в соответствии с ОКВЭД",A,1440,2016-01-01,rosstat
381,y477110141,preliminary,['regional_panel'],['dkp_macro'],Индексы цен производителей сельскохозяйственной продукции и приобретения товаров и услуг сельскохозяйственными организациями: Индекс цен приобретения промышленных товаров и услуг,A,2280,2024-01-01,rosstat
382,y477110142,preliminary,['regional_panel'],[],Индексы цен производителей сельскохозяйственной продукции и приобретения товаров и услуг сельскохозяйственными организациями: Индекс цен производителей сельскохозяйственной продукции,A,2280,2024-01-01,rosstat
383,y477110251,preliminary,['regional_panel'],['construction'],"Объем работ, выполненных по виду экономической деятельности строительство",A,2304,2024-01-01,rosstat
384,y477110311,archive_dead,"['dead', 'regional_panel']",['construction'],Поступление прямых иностранных инвестиций в российскую федерацию: Изъято,A,1056,2021-01-01,rosstat
385,y477110312,archive_dead,"['dead', 'regional_panel']",['construction'],Поступление прямых иностранных инвестиций в российскую федерацию: Поступило,A,1056,2021-01-01,rosstat
386,y477110313,archive_dead,"['dead', 'regional_panel']",['construction'],Поступление прямых иностранных инвестиций в российскую федерацию: Сальдо,A,1056,2021-01-01,rosstat
387,y477110379,preliminary,['regional_panel'],['housing_mortgage'],Средние цены на вторичном рынке жилья,A,2304,2024-01-01,rosstat
388,y477110380,preliminary,['regional_panel'],['housing_mortgage'],Средние цены на первичном рынке жилья,A,2304,2024-01-01,rosstat
389,y477110392,preliminary,['regional_panel'],[],Стоимость условного (минимального) набора продуктов питания: Изменение стоимости минимального набора,A,2304,2024-01-01,rosstat
390,y477110393,preliminary,['regional_panel'],[],Стоимость условного (минимального) набора продуктов питания: Стоимость минимального набора,A,4608,2024-01-01,rosstat
392,y477110394,preliminary,['regional_panel'],['dkp_macro'],Стоимость фиксированного набора потребительских товаров и услуг: Изменение стоимости фиксированного набора,A,2304,2024-01-01,rosstat
393,y477110395,preliminary,['regional_panel'],['dkp_macro'],Стоимость фиксированного набора потребительских товаров и услуг: Стоимость фиксированного набора,A,4608,2024-01-01,rosstat
395,y477110409,preliminary,['regional_panel'],['housing_mortgage'],"Удельный вес жилых домов, построенных населением за счет собственных и привлеченных средств, в общем вводе жилья",A,2304,2024-01-01,rosstat
396,y477110495,preliminary,['regional_panel'],"['construction', 'housing_mortgage']","Число зданий и сооружений, находящихся в незавершенном строительстве",A,2304,2024-01-01,rosstat
397,y477130006,preliminary,['regional_panel'],['housing_mortgage'],"Жилые помещения, купленные семьями, состоящими на учете в качестве нуждающихся в жилых помещениях",A,2304,2024-01-01,rosstat
398,y477130016,preliminary,['regional_panel'],['housing_mortgage'],"Общая площадь жилых помещений, приходящаяся в среднем на одного жителя",A,768,2024-01-01,rosstat
399,y477130030,preliminary,['regional_panel'],['housing_mortgage'],Распределение жилищного фонда по формам собственности,A,1536,2024-01-01,rosstat
400,y477130045,preliminary,['regional_panel'],['housing_mortgage'],Средние цены и индексы цен на рынке жилья,A,1536,2024-01-01,rosstat
401,y477130052,preliminary,['regional_panel'],['housing_mortgage'],Улучшение жилищных условий населения,A,1536,2024-01-01,rosstat
402,y477130054,preliminary,['regional_panel'],['housing_mortgage'],Установленный уровень возмещения населением затрат по предоставлению жилищно-коммунальных услуг,A,3840,2024-01-01,rosstat
403,y477140002,archive_dead,"['dead', 'regional_panel']",[],Ввод в действие водопроводных сетей,A,1440,2023-01-01,rosstat
404,y477140003,archive_dead,"['dead', 'regional_panel']",[],Ввод в действие газовых сетей,A,1335,2023-01-01,rosstat
405,y477140004,archive_dead,"['dead', 'regional_panel']",['housing_mortgage'],Ввод в действие жилых домов,A,1440,2023-01-01,rosstat
406,y477140005,archive_dead,"['dead', 'regional_panel']",['housing_mortgage'],Ввод в действие жилых домов в сельской местности,A,1410,2023-01-01,rosstat
407,y477140006,archive_dead,"['dead', 'regional_panel']",['housing_mortgage'],Ввод в действие жилых домов и объектов социального назначения,A,1152,2023-01-01,rosstat
408,y477140007,archive_dead,"['dead', 'regional_panel']",['housing_mortgage'],"Ввод в действие жилых домов, построенных населением",A,1440,2023-01-01,rosstat
409,y477140008,archive_dead,"['dead', 'regional_panel']",['housing_mortgage'],"Ввод в действие жилых домов, построенных населением в сельской местности",A,1410,2023-01-01,rosstat
410,y477140010,archive_dead,"['dead', 'regional_panel']",[],Ввод в действие канализационных сетей,A,1440,2023-01-01,rosstat
411,y477140011,archive_dead,"['dead', 'regional_panel']",[],Ввод в действие мощностей амбулаторно-поликлинических организаций,A,1440,2023-01-01,rosstat
412,y477140012,archive_dead,"['dead', 'regional_panel']",[],Ввод в действие мощностей амбулаторно-поликлинических организаций в сельской местности,A,1410,2023-01-01,rosstat
413,y477140013,archive_dead,"['mostly_empty', 'dead', 'regional_panel']",[],Ввод в действие мощностей больничных организаций,A,1440,2023-01-01,rosstat
414,y477140014,archive_dead,"['mostly_empty', 'dead']",[],Ввод в действие мощностей больничных организаций в сельской местности,A,1125,2023-01-01,rosstat
415,y477140015,archive_dead,"['dead', 'regional_panel']",[],Ввод в действие мощностей дошкольных образовательных организаций,A,1440,2023-01-01,rosstat
416,y477140016,archive_dead,"['dead', 'regional_panel']",[],Ввод в действие мощностей дошкольных образовательных организаций в сельской местности,A,1380,2023-01-01,rosstat
417,y477140017,archive_dead,"['dead', 'regional_panel']",[],Ввод в действие мощностей общеобразовательных организаций,A,1440,2023-01-01,rosstat
418,y477140018,archive_dead,"['dead', 'regional_panel']",[],Ввод в действие мощностей общеобразовательных организаций в сельской местности,A,1395,2023-01-01,rosstat
419,y477140019,archive_dead,"['mostly_empty', 'dead']",[],Ввод в действие объектов по охране материнства и детства и социальной защите взрослых и детей,A,192,2023-01-01,rosstat
420,y477140020,archive_dead,"['dead', 'regional_panel']",[],Ввод в действие тепловых сетей,A,1395,2023-01-01,rosstat
421,y477140021,archive_dead,"['dead', 'regional_panel']",['construction'],Затраты на производство работ по виду экономической деятельности строительство,A,1440,2023-01-01,rosstat
422,y477140024,archive_dead,"['dead', 'regional_panel']",['construction'],Индекс предпринимательской уверенности в строительстве,A,1365,2023-01-01,rosstat
423,y477140026,archive_dead,"['dead', 'regional_panel']",['construction'],"Индексы цен на продукцию (затраты, услуги) инвестиционного назначения",A,2880,2023-01-01,rosstat
424,y477140027,archive_dead,"['dead', 'regional_panel']",[],Наличие и состав парка основных строительных машин в строительных организациях: (без субъектов малого предпринимательства),A,1536,2023-01-01,rosstat
425,y477140028,archive_dead,"['dead', 'regional_panel']",['construction'],Наличие основных фондов в организациях основного вида экономической деятельности строительство,A,576,2023-01-01,rosstat
426,y477140029,archive_dead,"['dead', 'regional_panel']",['construction'],"Объем работ, выполненных по виду экономической деятельности строительство",A,1440,2023-01-01,rosstat
427,y477140030,archive_dead,['dead'],"['construction', 'housing_mortgage']","Производство блоков и прочих изделий сборных строительных для зданий и сооружений из цемента, бетона или искусственного камня",A,72,2023-01-01,rosstat
428,y477140031,archive_dead,['dead'],[],Производство блоков стеновых силикатных,A,72,2023-01-01,rosstat
429,y477140032,archive_dead,['dead'],['construction'],"Производство изделий аналогичных из цемента, бетона или искусственного камня",A,72,2023-01-01,rosstat
430,y477140033,archive_dead,['dead'],['construction'],Производство кирпича керамического неогнеупорного строительного,A,72,2023-01-01,rosstat
431,y477140034,archive_dead,['dead'],['construction'],Производство листов асбестоцементных (шифера),A,28,2019-01-01,rosstat
432,y477140035,archive_dead,['dead'],['construction'],Производство листов хризотилцементных волнистых (шифера),A,28,2023-01-01,rosstat
433,y477140036,archive_dead,['dead'],['construction'],Производство листов хризотилцементных плоских различного назначения,A,28,2023-01-01,rosstat
434,y477140037,archive_dead,['dead'],[],Производство материалов рулонных кровельных и гидроизоляционных,A,72,2023-01-01,rosstat
435,y477140038,archive_dead,['dead'],[],Производство пиломатериалов лиственных пород,A,72,2023-01-01,rosstat
436,y477140039,archive_dead,['dead'],[],Производство пиломатериалов хвойных пород,A,72,2023-01-01,rosstat
437,y477140040,archive_dead,['dead'],['construction'],"Производство портландцемента, цемента глиноземистого, цемента шлакового и аналогичных гидравлических цементов",A,72,2023-01-01,rosstat
438,y477140041,archive_dead,['dead'],[],"Производство стекла листового литого, прокатного, тянутого или выдувного, но не обработанного другим способом",A,56,2023-01-01,rosstat
439,y477140042,archive_dead,['dead'],[],"Производство стекла листового термически полированного и стекла листового с матовой или полированной поверхностью, но не обработанного другим способом",A,72,2023-01-01,rosstat
440,y477140043,archive_dead,"['dead', 'regional_panel']",['construction'],"Распределение объема работ, выполненных по виду экономической деятельности строительство, по отдельным формам собственности",A,4320,2023-01-01,rosstat
441,y477140044,archive_dead,"['dead', 'regional_panel']",['construction'],"Среднегодовая численность работников организаций, занятых в строительстве",A,1440,2023-01-01,rosstat
442,y477140045,archive_dead,"['dead', 'regional_panel']",['housing_mortgage'],Средние цены на первичном и вторичном рынках жилья,A,2880,2023-01-01,rosstat
443,y477140046,archive_dead,"['dead', 'regional_panel']",['housing_mortgage'],Средние цены по типам квартир на вторичном рынке жилья,A,960,2023-01-01,rosstat
444,y477140047,archive_dead,"['dead', 'regional_panel']",['housing_mortgage'],Средние цены по типам квартир на первичном рынке жилья,A,768,2023-01-01,rosstat
445,y477140048,archive_dead,"['dead', 'regional_panel']",[],Средняя начисленная заработная плата работников строительных организаций по категориям персонала,A,960,2023-01-01,rosstat
446,y477140049,archive_dead,"['dead', 'regional_panel']",['construction'],Структура затрат на производство работ по виду экономической деятельности строительство,A,7008,2023-01-01,rosstat
447,y477190003,archive_dead,"['dead', 'regional_panel']",['dkp_macro'],Индексы цен (тарифов) на товары и услуги: Индексы потребительских цен,A,576,2023-01-01,rosstat
448,y477190006,archive_dead,"['dead', 'regional_panel']",['construction'],Индексы цен на продукцию инвестиционного назначения,A,1152,2023-01-01,rosstat
449,y477190007,archive_dead,"['dead', 'regional_panel']",['housing_mortgage'],Индексы цен на рынке жилья: Индексы цен на вторичном рынке жилья,A,576,2023-01-01,rosstat
450,y477190008,archive_dead,"['dead', 'regional_panel']",['housing_mortgage'],Индексы цен на рынке жилья: Индексы цен на первичном рынке жилья,A,576,2023-01-01,rosstat
451,y477190012,archive_dead,"['dead', 'regional_panel']",['dkp_macro'],Средние потребительские цены (тарифы) на товары и услуги: Покупательная способность среднедушевых денежных доходов населения по продуктам питания,A,1536,2020-01-01,rosstat
452,y477190013,archive_dead,"['dead', 'regional_panel']",['dkp_macro'],Средние потребительские цены (тарифы) на товары и услуги: Соотношение стоимости условного (минимального) набора продуктов питания и среднедушевых денежных доходов населения,A,768,2021-01-01,rosstat
453,y477190014,archive_dead,"['dead', 'regional_panel']",['dkp_macro'],Средние потребительские цены (тарифы) на товары и услуги: Стоимость и изменение стоимости фиксированного набора потребительских товаров и услуг,A,1152,2021-01-01,rosstat
454,y477190015,archive_dead,"['dead', 'regional_panel']",['housing_mortgage'],Средние цены на рынке жилья: Средние цены на вторичном рынке жилья,A,576,2023-01-01,rosstat
455,y477190016,archive_dead,"['dead', 'regional_panel']",['housing_mortgage'],Средние цены на рынке жилья: Средние цены на первичном рынке жилья,A,576,2023-01-01,rosstat
456,y477190017,archive_dead,"['dead', 'regional_panel']",['housing_mortgage'],Средние цены на рынке жилья: Стоимость 1 кв. метра модельного жилья на первичном рынке,A,376,2021-01-01,rosstat
457,y477190018,archive_dead,"['dead', 'regional_panel']",['dkp_macro'],Стоимость наборов потребительских товаров и услуг: Покупательная способность среднедушевых денежных доходов населения по продуктам питания,A,1536,2022-01-01,rosstat
458,y477190019,archive_dead,"['dead', 'regional_panel']",['dkp_macro'],Стоимость наборов потребительских товаров и услуг: Соотношение стоимости условного (минимального) набора продуктов питания и среднедушевых денежных доходов населения,A,768,2023-01-01,rosstat
459,y477190020,archive_dead,"['dead', 'regional_panel']",['dkp_macro'],Стоимость наборов потребительских товаров и услуг: Стоимость и изменение стоимости фиксированного набора потребительских товаров и услуг для межрегиональных сопоставлений покупательной способности населения,A,1152,2023-01-01,rosstat
471,cvo,preliminary,['short'],[],construction_volume,M,7,2026-07-01,rosstat
472,hiic,preliminary,['regional_panel'],[],housing_input_individual_cumulative,M,1614,2026-07-01,rosstat
473,hiim,preliminary,['regional_panel'],[],housing_input_individual_monthly,M,1609,2026-07-01,rosstat
474,hir,preliminary,['short'],[],housing_input_rf,M,7,2026-07-01,rosstat
475,hitc,preliminary,['regional_panel'],[],housing_input_total_cumulative,M,1801,2026-07-01,rosstat
476,hitm,preliminary,['regional_panel'],[],housing_input_total_monthly,M,1798,2026-07-01,rosstat
479,ksddrk,preliminary,['regional_panel'],['housing_mortgage'],"Количество сделок (ДКП и ДДУ), регион, квартал",Q,840,2026-04-01,rosreestr
482,iokmrrk,preliminary,['regional_panel'],['construction'],"Инвестиции в основной капитал, млн руб., регион, квартал",Q,2400,2026-01-01,rosstat
711,mals,preliminary,['regional_panel'],[],mortgage_avg_loan_size,M,1222,2026-06-01,cbr
712,mdals,preliminary,['regional_panel'],[],mortgage_ddu_avg_loan_size,M,1222,2026-06-01,cbr
713,mdd,preliminary,['regional_panel'],[],mortgage_ddu_debt,M,1222,2026-07-01,cbr
714,mdlc,preliminary,['regional_panel'],[],mortgage_ddu_loans_count,M,1222,2026-06-01,cbr
715,mdlv,preliminary,['regional_panel'],[],mortgage_ddu_loans_volume,M,1222,2026-06-01,cbr
716,mdod,preliminary,['regional_panel'],[],mortgage_ddu_overdue_debt,M,1222,2026-07-01,cbr
717,mdr,preliminary,['regional_panel'],[],mortgage_ddu_rate,M,1222,2026-06-01,cbr
718,mdo,preliminary,['regional_panel'],[],mortgage_debt,M,1222,2026-07-01,cbr
719,mds,preliminary,['regional_panel'],[],mortgage_debt_share,M,1222,2026-07-01,cbr
720,milc,preliminary,['regional_panel'],[],mortgage_ijs_loans_count,M,1222,2026-06-01,cbr
721,milv,preliminary,['regional_panel'],[],mortgage_ijs_loans_volume,M,1222,2026-06-01,cbr
722,mir,preliminary,['regional_panel'],[],mortgage_ijs_rate,M,1217,2026-06-01,cbr
723,mlc,preliminary,['regional_panel'],[],mortgage_loans_count,M,1222,2026-06-01,cbr
724,mlv,preliminary,['regional_panel'],[],mortgage_loans_volume,M,1222,2026-06-01,cbr
725,mndr,preliminary,['regional_panel'],[],mortgage_non_ddu_rate,M,1222,2026-06-01,cbr
726,mod,preliminary,['regional_panel'],[],mortgage_overdue_debt,M,1222,2026-07-01,cbr
727,mro,preliminary,['regional_panel'],[],mortgage_rate,M,1222,2026-06-01,cbr
728,msil,preliminary,['regional_panel'],[],mortgage_share_in_loans,M,1222,2026-06-01,cbr
729,vhdf,preliminary,['regional_panel'],[],vfs_housing_debt_fx,M,6446,2026-07-01,cbr
730,vhdr,preliminary,['regional_panel'],[],vfs_housing_debt_rub,M,8640,2026-07-01,cbr
731,vhdt,preliminary,['regional_panel'],[],vfs_housing_debt_total,M,8640,2026-07-01,cbr
732,vhlcf,preliminary,[],[],vfs_housing_loans_count_fx,M,106,2025-02-01,cbr
733,vhlcr,preliminary,['regional_panel'],[],vfs_housing_loans_count_rub,M,8640,2026-06-01,cbr
734,vhlct,preliminary,['regional_panel'],[],vfs_housing_loans_count_total,M,8640,2026-06-01,cbr
735,vhlvf,preliminary,[],[],vfs_housing_loans_volume_fx,M,103,2025-02-01,cbr
736,vhlvr,preliminary,['regional_panel'],[],vfs_housing_loans_volume_rub,M,8640,2026-06-01,cbr
737,vhlvt,preliminary,['regional_panel'],[],vfs_housing_loans_volume_total,M,8640,2026-06-01,cbr
738,vhodf,preliminary,['regional_panel'],[],vfs_housing_overdue_debt_fx,M,4904,2026-07-01,cbr
739,vhodr,preliminary,['regional_panel'],[],vfs_housing_overdue_debt_rub,M,8640,2026-07-01,cbr
740,vhodt,preliminary,['regional_panel'],[],vfs_housing_overdue_debt_total,M,8640,2026-07-01,cbr
741,vhrf,preliminary,[],[],vfs_housing_rate_fx,M,106,2025-02-01,cbr
742,vhrr,preliminary,['regional_panel'],[],vfs_housing_rate_rub,M,8640,2026-06-01,cbr
743,vhtf,preliminary,[],[],vfs_housing_term_fx,M,106,2025-02-01,cbr
744,vhtr,preliminary,['regional_panel'],[],vfs_housing_term_rub,M,8640,2026-06-01,cbr
745,vicar,preliminary,['regional_panel'],[],vfs_ihc_count_acquire_rub,M,2880,2026-06-01,cbr
746,vicat,preliminary,['regional_panel'],[],vfs_ihc_count_acquire_total,M,2880,2026-06-01,cbr
747,viccr,preliminary,['regional_panel'],[],vfs_ihc_count_create_rub,M,2880,2026-06-01,cbr
748,vicct,preliminary,['regional_panel'],[],vfs_ihc_count_create_total,M,2880,2026-06-01,cbr
749,victr,preliminary,['regional_panel'],[],vfs_ihc_count_total_rub,M,2880,2026-06-01,cbr
750,victt,preliminary,['regional_panel'],[],vfs_ihc_count_total_total,M,2880,2026-06-01,cbr
751,virar,preliminary,['regional_panel'],[],vfs_ihc_rate_acquire_rub,M,2880,2026-06-01,cbr
752,vircr,preliminary,['regional_panel'],[],vfs_ihc_rate_create_rub,M,2880,2026-06-01,cbr
753,virtr,preliminary,['regional_panel'],[],vfs_ihc_rate_total_rub,M,2880,2026-06-01,cbr
754,visar,preliminary,['regional_panel'],[],vfs_ihc_share_acquire_rub,M,2880,2026-06-01,cbr
755,visat,preliminary,['regional_panel'],[],vfs_ihc_share_acquire_total,M,2880,2026-06-01,cbr
756,viscr,preliminary,['regional_panel'],[],vfs_ihc_share_create_rub,M,2880,2026-06-01,cbr
757,visct,preliminary,['regional_panel'],[],vfs_ihc_share_create_total,M,2880,2026-06-01,cbr
758,vistr,preliminary,['regional_panel'],[],vfs_ihc_share_total_rub,M,2880,2026-06-01,cbr
759,vistt,preliminary,['regional_panel'],[],vfs_ihc_share_total_total,M,2880,2026-06-01,cbr
760,vitar,preliminary,['regional_panel'],[],vfs_ihc_term_acquire_rub,M,2880,2026-06-01,cbr
761,vitcr,preliminary,['regional_panel'],[],vfs_ihc_term_create_rub,M,2880,2026-06-01,cbr
762,vittr,preliminary,['regional_panel'],[],vfs_ihc_term_total_rub,M,2880,2026-06-01,cbr
763,vivar,preliminary,['regional_panel'],[],vfs_ihc_volume_acquire_rub,M,2880,2026-06-01,cbr
764,vivat,preliminary,['regional_panel'],[],vfs_ihc_volume_acquire_total,M,2880,2026-06-01,cbr
765,vivcr,preliminary,['regional_panel'],[],vfs_ihc_volume_create_rub,M,2880,2026-06-01,cbr
766,vivct,preliminary,['regional_panel'],[],vfs_ihc_volume_create_total,M,2880,2026-06-01,cbr
767,vivtr,preliminary,['regional_panel'],[],vfs_ihc_volume_total_rub,M,2880,2026-06-01,cbr
768,vivtt,preliminary,['regional_panel'],[],vfs_ihc_volume_total_total,M,2880,2026-06-01,cbr
769,vmd,preliminary,['regional_panel'],[],vfs_mortgage_debt,M,8640,2026-07-01,cbr
770,vmnl,preliminary,['regional_panel'],[],vfs_mortgage_new_loans,M,8640,2026-06-01,cbr
771,vmod,preliminary,['regional_panel'],[],vfs_mortgage_overdue_debt,M,8640,2026-07-01,cbr
772,vscf,archive_dead,"['dead', 'short']",[],vfs_scpa_count_fx,M,6,2021-10-01,cbr
773,vscr,preliminary,['regional_panel'],[],vfs_scpa_count_rub,M,8640,2026-06-01,cbr
774,vsct,preliminary,['regional_panel'],[],vfs_scpa_count_total,M,8640,2026-06-01,cbr
775,vsdf,preliminary,[],[],vfs_scpa_debt_fx,M,1126,2026-07-01,cbr
776,vsdr,preliminary,['regional_panel'],[],vfs_scpa_debt_rub,M,8640,2026-07-01,cbr
777,vsdt,preliminary,['regional_panel'],[],vfs_scpa_debt_total,M,8640,2026-07-01,cbr
778,vsdwrf,preliminary,[],[],vfs_scpa_debt_with_rights_fx,M,583,2026-07-01,cbr
779,vsdwrr,preliminary,['regional_panel'],[],vfs_scpa_debt_with_rights_rub,M,6048,2026-07-01,cbr
780,vsdwrt,preliminary,['regional_panel'],[],vfs_scpa_debt_with_rights_total,M,6048,2026-07-01,cbr
781,vsof,preliminary,[],[],vfs_scpa_overdue_fx,M,935,2026-07-01,cbr
782,vsor,preliminary,['regional_panel'],[],vfs_scpa_overdue_rub,M,8640,2026-07-01,cbr
783,vsot,preliminary,['regional_panel'],[],vfs_scpa_overdue_total,M,8640,2026-07-01,cbr
784,vsprf,preliminary,[],[],vfs_scpa_purchased_rights_fx,M,189,2026-07-01,cbr
785,vsprr,preliminary,['regional_panel'],[],vfs_scpa_purchased_rights_rub,M,6048,2026-07-01,cbr
786,vsprt,preliminary,['regional_panel'],[],vfs_scpa_purchased_rights_total,M,6048,2026-07-01,cbr
787,vsrf,archive_dead,"['dead', 'short']",[],vfs_scpa_rate_fx,M,6,2021-10-01,cbr
788,vsrr,preliminary,['regional_panel'],[],vfs_scpa_rate_rub,M,8640,2026-06-01,cbr
789,vstf,archive_dead,"['dead', 'short']",[],vfs_scpa_term_fx,M,6,2021-10-01,cbr
790,vstr,preliminary,['regional_panel'],[],vfs_scpa_term_rub,M,8640,2026-06-01,cbr
791,vsvf,archive_dead,"['dead', 'short']",[],vfs_scpa_volume_fx,M,6,2021-10-01,cbr
792,vsvr,preliminary,['regional_panel'],[],vfs_scpa_volume_rub,M,8640,2026-06-01,cbr
793,vsvt,preliminary,['regional_panel'],[],vfs_scpa_volume_total,M,8640,2026-06-01,cbr
812,eccs,preliminary,['regional_panel'],[],escrow_credit_contracts_sum,M,4649,2026-07-01,cbr
813,edt,preliminary,['regional_panel'],[],escrow_disclosed_transferred,M,510,2026-07-01,cbr
814,ewr,preliminary,['regional_panel'],[],escrow_weighted_rate,M,4165,2026-01-01,cbr
815,eac,preliminary,['regional_panel'],[],escrow_accounts_count,M,4675,2026-07-01,cbr
816,ecd,preliminary,['regional_panel'],[],escrow_credit_debt,M,4493,2026-07-01,cbr
817,eda,preliminary,['regional_panel'],[],escrow_disclosed_accounts,M,1783,2026-07-01,cbr
818,eccc,preliminary,['regional_panel'],[],escrow_credit_contracts_count,M,4658,2026-07-01,cbr
831,cnl,preliminary,['regional_panel'],[],corporate_new_loans,M,21457,2026-06-01,cbr
832,cod,preliminary,['regional_panel'],[],corporate_overdue_debt,M,20574,2026-07-01,cbr
833,cdo,preliminary,['regional_panel'],[],corporate_debt,M,24214,2026-07-01,cbr
1099,tkzk,preliminary,['regional_panel'],['housing_mortgage'],"Цена 1 кв. м жилья, квартальная",Q,8815,2026-04-01,rosstat
1100,tkzg,archive_dead,"['dead', 'regional_panel']",['housing_mortgage'],"Цена 1 кв. м жилья, годовая",A,2919,2023-01-01,rosstat
1101,ucrubc,preliminary,['regional_panel'],[],unfinished_construction_regional: unfinished_buildings_count,A,2352,2024-01-01,rosstat
1102,ucruhc,preliminary,['regional_panel'],[],unfinished_construction_regional: unfinished_houses_count,A,2312,2024-01-01,rosstat
1103,ucruha,preliminary,['regional_panel'],[],unfinished_construction_regional: unfinished_houses_area,A,2306,2024-01-01,rosstat
1104,bcrbcc,preliminary,['regional_panel'],[],building_completions_regional: buildings_completed_count,A,2367,2024-01-01,rosstat
1105,ptvg,preliminary,[],['construction'],Производство: Цемент (все гидравлические),M,253,2026-07-01,rosstat
1106,psllp,preliminary,[],[],Производство: Стекло листовое литое/полированное,M,186,2025-12-01,rosstat
1107,ppkgs,preliminary,[],[],Производство: Плитка керамическая глазурованная (стены),M,186,2025-12-01,rosstat
1108,ppkp,preliminary,[],[],Производство: Плитка керамическая для полов,M,186,2025-12-01,rosstat
1109,pkstksn,archive_dead,['dead'],['construction'],"Производство: Кирпич строительный (из цемента/керамика, стар. номенкл.)",M,72,2016-12-01,rosstat
1110,pslkv,preliminary,[],['construction'],Производство: Шифер (листы хризотилцементные волнистые),M,186,2025-12-01,rosstat
1111,ptk,archive_dead,['dead'],['construction'],Производство: Трубы хризотилцементные,M,72,2016-12-01,rosstat
1112,ptb,preliminary,[],['construction'],Производство: Товарный бетон,M,114,2025-12-01,rosstat
1113,pkks,preliminary,[],['construction'],Производство: Кирпич керамический строительный,M,120,2025-12-01,rosstat
1114,pck,preliminary,[],[],Производство: Черепица кровельная,M,117,2025-12-01,rosstat
1115,pkt,preliminary,[],['construction'],Производство: Клинкер цементный,M,42,2025-12-01,rosstat
1116,pin,preliminary,[],[],Производство: Известь негашеная,M,120,2025-12-01,rosstat
1117,pgs,preliminary,[],[],Производство: Гипс строительный,M,114,2025-12-01,rosstat
1118,pks,preliminary,[],['construction'],Производство: Кирпич силикатный,M,42,2025-12-01,rosstat
1119,pbss,preliminary,[],[],Производство: Блоки стеновые силикатные,M,114,2025-12-01,rosstat
1120,pkf,preliminary,[],[],Производство: Конструкции фундаментов ж/б,M,114,2025-12-01,rosstat
1121,pkk,preliminary,[],[],Производство: Конструкции каркаса ж/б,M,114,2025-12-01,rosstat
1122,ppp,preliminary,[],[],Производство: Плиты перекрытий ж/б,M,114,2025-12-01,rosstat
1123,pags,preliminary,[],['construction'],Производство: Асфальтобетон (горячие смеси),M,120,2025-12-01,rosstat
1124,ptm,preliminary,[],[],Производство: Теплоизоляция минеральная,M,42,2025-12-01,rosstat
1125,pmrk,preliminary,[],[],Производство: Материалы рулонные кровельные,M,28,2025-12-01,rosstat
1126,snz,preliminary,['regional_panel'],['dkp_macro'],Среднемесячная начисленная зарплата,M,15120,2026-05-01,rosstat
1127,vrok,preliminary,[],['construction'],"ВДС по разделам ОКВЭД2, квартальная",Q,6248,2026-01-01,rosstat
1128,irzp,preliminary,['regional_panel'],[],Индекс реальной заработной платы,A,2415,2025-01-01,rosstat
1129,kko,preliminary,['regional_panel'],[],Количество кредитов,M,25920,2026-07-01,cbr
1130,zka,preliminary,['regional_panel'],[],Задолженность по кредитам,M,25920,2026-07-01,cbr
1131,ssk_2,preliminary,['regional_panel'],[],Средневзвешенный срок по кредитам,M,17280,2026-07-01,cbr
1132,pzk,preliminary,['regional_panel'],[],Просроченная задолженность по кредитам,M,25920,2026-07-01,cbr
1133,okb,preliminary,['regional_panel'],[],Объем кредитов,M,25920,2026-07-01,cbr
1134,sszkupkopt,preliminary,[],[],Сезонно скорректированная задолженность по кредитам с учетом приобретенных кредитными организациями прав требования,M,180,2026-07-01,cbr
1135,sszk,preliminary,[],[],Сезонно скорректированная задолженность по кредитам,M,180,2026-07-01,cbr
1136,drpotr,preliminary,['regional_panel'],[],Доходы от реализации по прибыльным организациям (тыс. руб.),Q,2630,2026-01-01,fns
1137,druotr,preliminary,['regional_panel'],[],Доходы от реализации по убыточным организациям (тыс. руб.),Q,2885,2026-01-01,fns
1141,ippsm,preliminary,['regional_panel'],['dkp_macro'],"Индекс промышленного производства, % к соответствующему месяцу",Q,7457,2026-07-01,rosstat
1142,itzdr,preliminary,[],['housing_mortgage'],Индекс цен на жильё ДОМ.РФ,Q,5025,2026-07-01,domrf
1143,itzdrpm,preliminary,[],['housing_mortgage'],"Индекс цен на жильё ДОМ.РФ, % к предыдущему месяцу",Q,5025,2026-07-01,domrf
1144,csdr,preliminary,[],[],"Число сделок, ДОМ.РФ",Q,5025,2026-07-01,domrf
1145,cou,archive_dead,"['dead', 'regional_panel']",[],count,Q,1523,2023-01-01,rosstat
1146,vol,archive_dead,"['dead', 'regional_panel']",[],volume,Q,1427,2022-01-01,rosstat
1147,ozszv,preliminary,['regional_panel'],['housing_mortgage'],"Отношение запаса строящегося жилья к вводу, %",Q,2372,2025-01-01,rosstat
1148,vztgr,preliminary,['regional_panel'],['housing_mortgage'],"Ввод жилья, тыс. м² (годовой ряд)",Q,2319,2025-01-01,rosstat
1149,rpe,preliminary,['regional_panel'],[],rev_profit,Q,700,2025-01-01,fns
1150,ndf,preliminary,['regional_panel'],[],ndfl,Q,170,2024-01-01,fns
1151,okv,preliminary,['regional_panel'],[],G53_okved_F,Q,759,2026-04-01,fns
1152,bci,preliminary,[],[],business_confidence_index,Q,82,2026-04-01,rosstat
1153,obl,preliminary,[],[],order_book_level,Q,82,2026-04-01,rosstat
1154,pvh,preliminary,[],[],physical_volume,Q,104,2026-04-01,rosstat
1155,emp,preliminary,[],[],employment,Q,164,2026-04-01,rosstat
1156,cua,preliminary,[],[],capacity_utilization,Q,82,2026-04-01,rosstat
1157,esc,preliminary,[],[],economic_situation,Q,104,2026-04-01,rosstat
1158,lfi,preliminary,[],[],limiting_factor,Q,246,2026-04-01,rosstat
1159,ksdrk,preliminary,['regional_panel'],[],"Количество сделок ДКП, регион, квартал",Q,854,2026-04-01,rosreestr
1160,mtsrk,preliminary,['regional_panel'],[],"Медианная цена сделки за м², регион, квартал",Q,854,2026-04-01,rosreestr
1161,mtdrk,preliminary,['regional_panel'],[],"Медианная цена ДКП за м², регион, квартал",Q,854,2026-04-01,rosreestr
1162,mtdrk_2,preliminary,['regional_panel'],['housing_mortgage'],"Медианная цена ДДУ за м², регион, квартал",Q,840,2026-04-01,rosreestr
1163,kdark,preliminary,['regional_panel'],[],"Количество договоров аренды, регион, квартал",Q,833,2026-04-01,rosreestr
1164,msark,preliminary,['regional_panel'],[],"Медианная ставка аренды за м², регион, квартал",Q,833,2026-04-01,rosreestr
1165,mpazrk,preliminary,['regional_panel'],['housing_mortgage'],"Медианная площадь арендуемого жилья, регион, квартал",Q,833,2026-04-01,rosreestr
1166,pste,archive_dead,"['dead', 'regional_panel']",[],"Парк строительной техники, единиц",Q,696,2023-01-01,rosstat
1167,dtiss,archive_dead,"['dead', 'regional_panel']",[],"Доля техники с истёкшим сроком службы, %",Q,662,2023-01-01,rosstat
1168,vvp,preliminary,[],[],Валовой внутренний продукт,Q,61,2026-01-01,rosstat
1169,imp,archive_dead,['dead'],[],импорт,Q,44,2021-10-01,rosstat
1170,rkp,preliminary,[],[],расходы на конечное потребление,Q,61,2026-01-01,rosstat
1171,dko,preliminary,[],[],домашних хозяйств,Q,61,2026-01-01,rosstat
1172,guo,preliminary,[],[],государственного управления,Q,61,2026-01-01,rosstat
1173,noodk,preliminary,[],[],"некоммерческих организаций, обслуживающих домашние хозяйства",Q,61,2026-01-01,rosstat
1174,vna,preliminary,[],[],валовое накопление,Q,61,2026-01-01,rosstat
1175,vnok,preliminary,[],[],валовое накопление основного капитала,Q,61,2026-01-01,rosstat
1176,eks,archive_dead,['dead'],[],экспорт,Q,44,2021-10-01,rosstat
1177,vvdsotrs,preliminary,[],['construction'],ВДС Валовая добавленная стоимость в основных ценах — Раздел F / Строительс,Q,61,2026-01-01,rosstat
1178,vvpi,preliminary,[],[],Валовой внутренний продукт (ИФО),Q,57,2026-01-01,rosstat
1179,rkpi,preliminary,[],[],расходы на конечное потребление (ИФО),Q,57,2026-01-01,rosstat
1180,dki,preliminary,[],[],домашних хозяйств (ИФО),Q,57,2026-01-01,rosstat
1181,gui,preliminary,[],[],государственного управления (ИФО),Q,57,2026-01-01,rosstat
1182,noodki,preliminary,[],[],"некоммерческих организаций, обслуживающих домашние хозяйства (ИФО)",Q,57,2026-01-01,rosstat
1183,eik,archive_dead,['dead'],[],экспорт (ИФО),Q,40,2021-10-01,rosstat
1184,vni,preliminary,[],[],валовое накопление (ИФО),Q,57,2026-01-01,rosstat
1185,vnoki,preliminary,[],[],валовое накопление основного капитала (ИФО),Q,57,2026-01-01,rosstat
1186,iim,archive_dead,['dead'],[],импорт (ИФО),Q,40,2021-10-01,rosstat
1187,vsii,preliminary,[],['construction'],ВДС F строительство ИФО (ИФО),Q,57,2026-01-01,rosstat
1188,mdrev,preliminary,[],[],МСФО девелоперов: revenue,Q,38,2026-04-01,smartlab
1189,mdop,preliminary,[],[],МСФО девелоперов: op_profit,Q,55,2026-04-01,smartlab
1190,mde,preliminary,[],[],МСФО девелоперов: ebitda,Q,38,2026-04-01,smartlab
1191,mdnp,preliminary,[],[],МСФО девелоперов: net_profit,Q,43,2026-04-01,smartlab
1192,mdocf,preliminary,[],[],МСФО девелоперов: ocf,Q,46,2026-04-01,smartlab
1193,mdc,preliminary,[],[],МСФО девелоперов: capex,Q,45,2026-04-01,smartlab
1194,mda,preliminary,[],[],МСФО девелоперов: assets,Q,55,2026-04-01,smartlab
1195,mdnd,preliminary,[],[],МСФО девелоперов: net_debt,Q,50,2026-04-01,smartlab
1196,mdroe,preliminary,[],[],МСФО девелоперов: roe,Q,46,2026-04-01,smartlab
1197,mdroa,preliminary,[],[],МСФО девелоперов: roa,Q,46,2026-04-01,smartlab
1198,mdne,preliminary,[],[],МСФО девелоперов: netdebt_ebitda,Q,50,2026-04-01,smartlab
1199,ppmf,preliminary,[],[],"Промпроизводство, % к предыдущему месяцу (факт)",Q,395,2026-07-01,rosstat
1200,ppms,preliminary,[],[],"Промпроизводство, % к предыдущему месяцу (SAAR)",Q,391,2026-07-01,rosstat
1201,pbpf,preliminary,[],[],"Промпроизводство, % к базовому периоду (факт)",Q,391,2026-07-01,rosstat
1202,pbps,preliminary,[],[],"Промпроизводство, % к базовому периоду (SAAR)",Q,391,2026-07-01,rosstat
1203,czstc,preliminary,[],['construction'],"Численность занятых в строительстве, тыс. чел.",Q,358,2024-01-01,rosstat
1204,dzs,preliminary,['short'],['construction'],"Доля занятых в строительстве, %",Q,3,2024-01-01,rosstat
1205,gb,preliminary,['regional_panel'],[],GB,Q,170,2025-01-01,fns
1206,g1,preliminary,['regional_panel'],[],G1,Q,170,2025-01-01,fns
1207,cto,preliminary,[],[],count_th,Q,26,2025-01-01,rosstat
1208,rce,preliminary,[],[],resid_count,Q,26,2025-01-01,rosstat
1209,nco,preliminary,[],[],nonres_count,Q,26,2025-01-01,rosstat
1210,atr,preliminary,[],[],area_total,Q,26,2025-01-01,rosstat
1211,arr,preliminary,[],[],area_resid,Q,26,2025-01-01,rosstat
1212,anr,preliminary,[],[],area_nonres,Q,26,2025-01-01,rosstat
1213,vnzts,preliminary,['short'],['housing_mortgage'],"Ввод нежилых зданий, тыс. шт.",Q,5,2024-01-01,rosstat
1214,vnzm,preliminary,[],['housing_mortgage'],"Ввод нежилых зданий, млн м²",Q,73,2024-01-01,rosstat
1215,prppm,archive_dead,"['dead', 'short']",[],"Производство (РФ): Пески природные, млн м3",Q,7,2023-01-01,rosstat
1216,prgkpggm,archive_dead,"['dead', 'short']",[],"Производство (РФ): Гранулы, крошка и порошок; галька, гравий, млн м3",Q,7,2023-01-01,rosstat
1217,prpkpm,archive_dead,"['dead', 'short']",[],"Производство (РФ): Пиломатериалы хвойных пород, млн м3",Q,7,2023-01-01,rosstat
1218,prplpt,archive_dead,"['dead', 'short']",[],"Производство (РФ): Пиломатериалы лиственных пород, тыс. м3",Q,7,2023-01-01,rosstat
1219,proikdt,archive_dead,"['dead', 'short']",[],"Производство (РФ): Окна и их коробки деревянные, тыс. м2",Q,7,2023-01-01,rosstat
1220,prdikpdm,archive_dead,"['dead', 'short']",[],"Производство (РФ): Двери, их коробки и пороги деревянные,  млн м2",Q,7,2023-01-01,rosstat
1221,prbopm,archive_dead,"['dead', 'short']",[],"Производство (РФ): Блоки оконные пластмассовые, млн м2",Q,7,2023-01-01,rosstat
1222,prbdppnt,archive_dead,"['dead', 'short']",[],"Производство (РФ): Блоки дверные пластмассовые и пороги  для них, тыс. м2",Q,7,2023-01-01,rosstat
1223,prsllptvnodsm,archive_dead,"['dead', 'short']",[],"Производство (РФ): Стекло листовое литое, прокатное, тянутое или выдувное, но не обработанное другим способом, млн м2",Q,7,2023-01-01,rosstat
1224,prsltpslmppnodsm,archive_dead,"['dead', 'short']",[],"Производство (РФ): Стекло листовое термически полированное  и стекло листовое с матовой или полированной поверхностью, но не обработанное другим способом, млн м2",Q,7,2023-01-01,rosstat
1225,pristkms,archive_dead,"['dead', 'short']",[],"Производство (РФ): Изделия санитарно-технические из керамики, млн шт.",Q,7,2023-01-01,rosstat
1226,prpkgvosm,archive_dead,"['dead', 'short']",[],"Производство (РФ): Плитки керамические глазурованные  для внутренней облицовки стен, млн м2",Q,7,2023-01-01,rosstat
1227,prpkfknt,archive_dead,"['dead', 'short']",[],"Производство (РФ): Плитки керамические фасадные и ковры  из них, тыс. м2",Q,7,2023-01-01,rosstat
1228,prpkpm_2,archive_dead,"['dead', 'short']",[],"Производство (РФ): Плитки керамические для полов, млн м2",Q,7,2023-01-01,rosstat
1229,prkknsmuk,archive_dead,"['dead', 'short']",['construction'],"Производство (РФ): Кирпич керамический неогнеупорный строительный, млн условных кирпичей",Q,7,2023-01-01,rosstat
1230,prptgtsagtm,archive_dead,"['dead', 'short']",['construction'],"Производство (РФ): Портландцемент, цемент глиноземистый, цемент шлаковый и аналогичные гидравлические цементы, млн т",Q,7,2023-01-01,rosstat
1231,prksvktbikmuk,archive_dead,"['dead', 'short']",['construction'],"Производство (РФ): Кирпич строительный (включая камни)  из цемента, бетона или искусственного камня, млн условных кирпичей",Q,7,2023-01-01,rosstat
1232,prbssmuk,archive_dead,"['dead', 'short']",['construction'],"Производство (РФ): Блоки стеновые силикатные,  млн условных кирпичей",Q,7,2023-01-01,rosstat
1233,priatbikmuk,archive_dead,"['dead', 'short']",['construction'],"Производство (РФ): Изделия аналогичные из цемента, бетона или искусственного камня, млн условных кирпичей",Q,7,2023-01-01,rosstat
1234,prbisszstbikm,archive_dead,"['dead', 'short']","['construction', 'housing_mortgage']","Производство (РФ): Блоки и прочие изделия сборные строительные для зданий и сооружений  из цемента, бетона или искусственного камня, млн м3",Q,7,2023-01-01,rosstat
1235,prlasmup,archive_dead,"['dead', 'short']",['construction'],"Производство (РФ): Листы асбестоцементные (шифер),  млн условных плиток1)",Q,3,2019-01-01,rosstat
1236,prlkvsmup,archive_dead,"['dead', 'short']",['construction'],"Производство (РФ): Листы хризотилцементные волнистые (шифер), млн условных плиток 2)",Q,4,2023-01-01,rosstat
1237,prlkprnmup,archive_dead,"['dead', 'short']",['construction'],"Производство (РФ): Листы хризотилцементные плоские различного назначения, млн условных плиток 2)",Q,4,2023-01-01,rosstat
1238,prtmakut,archive_dead,"['dead', 'short']",['construction'],"Производство (РФ): Трубы и муфты асбестоцементные, км условных труб",Q,7,2023-01-01,rosstat
1239,prmrkgm,archive_dead,"['dead', 'short']",[],"Производство (РФ): Материалы  рулонные кровельные  и гидроизоляционные, млн м2",Q,7,2023-01-01,rosstat
1240,prrtonnmtk,archive_dead,"['dead', 'short']",[],"Производство (РФ): Радиаторы центрального отопления  с неэлектрическим нагревом металлические, тыс. кВт",Q,7,2023-01-01,rosstat
1241,prvcts,archive_dead,"['dead', 'short']",[],"Производство (РФ): Ванны из чугуна, тыс. шт.",Q,7,2023-01-01,rosstat
1242,isggsdkt,archive_dead,"['dead', 'short']",['construction'],"Импорт стройматериалов: Галька, гравий, щебень или дробленный камень,  тыс. т",Q,6,2021-01-01,rosstat
1243,isptkt,archive_dead,"['dead', 'short']",['construction'],"Импорт стройматериалов: Портландцемент, цементы и клинкеры, тыс. т",Q,6,2021-01-01,rosstat
1244,isvdrbuipt,archive_dead,"['dead', 'short']",['construction'],"Импорт стройматериалов: Ванны, души, раковины, биде, унитазы и прочие изделия из пластмасс, тыс. т",Q,6,2021-01-01,rosstat
1245,isdpnoirp,archive_dead,"['dead', 'short']",['construction'],"Импорт стройматериалов: Двери и пороги для них, окна и их рамы из пластмасс, т",Q,6,2021-01-01,rosstat
1246,isln,archive_dead,"['dead', 'short']",['construction'],"Импорт стройматериалов: Лесоматериалы  необработанные, м3",Q,6,2021-01-01,rosstat
1247,isobdirdtp,archive_dead,"['dead', 'short']",['construction'],"Импорт стройматериалов: Окна, балконные двери и их рамы  из древесины тропических пород, т",Q,6,2021-01-01,rosstat
1248,isdirpdtp,archive_dead,"['dead', 'short']",['construction'],"Импорт стройматериалов: Двери и их рамы и пороги из древесины тропических пород, т",Q,6,2021-01-01,rosstat
1249,ispnst,archive_dead,"['dead', 'short']",['construction'],"Импорт стройматериалов: Панели напольные собранные, тыс. м2",Q,6,2021-01-01,rosstat
1250,isoanp,archive_dead,"['dead', 'short']",['construction'],"Импорт стройматериалов: Обои и аналогичные настенные покрытия, т",Q,6,2021-01-01,rosstat
1251,islt,archive_dead,"['dead', 'short']",['construction'],"Импорт стройматериалов: Линолеум, тыс. м2",Q,6,2021-01-01,rosstat
1252,isianbr,archive_dead,"['dead', 'short']",['construction'],"Импорт стройматериалов: Изделия из асфальта, нефтяного битума в рулонах, т",Q,6,2021-01-01,rosstat
1253,isssbtbt,archive_dead,"['dead', 'short']",['construction'],"Импорт стройматериалов: Сборные строительные блоки из цемента, бетона, тыс. т",Q,6,2021-01-01,rosstat
1254,isiatvtsa,archive_dead,"['dead', 'short']",['construction'],"Импорт стройматериалов: Изделия из асбоцемента, из цемента, с волокнами целлюлозы, содержащие асбест, т",Q,6,2021-01-01,rosstat
1255,iskskms,archive_dead,"['dead', 'short']",['construction'],"Импорт стройматериалов: Кирпичи строительные из керамики, млн шт.",Q,6,2021-01-01,rosstat
1256,isckts,archive_dead,"['dead', 'short']",['construction'],"Импорт стройматериалов: Черепица из керамики, тыс. шт.",Q,6,2021-01-01,rosstat
1257,ispmpoppkikm,archive_dead,"['dead', 'short']",['construction'],"Импорт стройматериалов: Плиты для мощения, плитки облицовочные  для полов, печей, каминов и прочие изделия из керамики, млн м2",Q,6,2021-01-01,rosstat
1258,isruvbukts,archive_dead,"['dead', 'short']",['construction'],"Импорт стройматериалов: Раковины, умывальники, ванны, биде, унитазы  и прочие из керамики, тыс. шт.",Q,6,2021-01-01,rosstat
1259,isvbkplsysp,archive_dead,"['dead', 'short']",['construction'],"Импорт стройматериалов: Витражи, блоки, кирпичи из прессованного или литого стекла, ячеистовое стекло или пеностекло, т",Q,6,2021-01-01,rosstat
1260,isrtovnncmt,archive_dead,"['dead', 'short']",['construction'],"Импорт стройматериалов: Радиаторы для центрального отопления  и воздухонагреватели с неэлектрическим нагревом из черных металлов, тыс. т",Q,6,2021-01-01,rosstat
1261,zmpp,archive_dead,"['dead', 'short']",[],Загрузка мощностей: Пески природные,Q,7,2023-01-01,rosstat
1262,zmgkkp,archive_dead,"['dead', 'short']",[],"Загрузка мощностей: Гранулы каменные, крошка и порошок",Q,7,2023-01-01,rosstat
1263,zmoikd,archive_dead,"['dead', 'short']",[],Загрузка мощностей: Окна и их коробки деревянные,Q,7,2023-01-01,rosstat
1264,zmdikpd,archive_dead,"['dead', 'short']",[],"Загрузка мощностей: Двери, их коробки и пороги деревянные",Q,7,2023-01-01,rosstat
1265,zmpkgvos,archive_dead,"['dead', 'short']",[],Загрузка мощностей: Плитки керамические глазурованные для внутренней облицовки стен,Q,7,2023-01-01,rosstat
1266,zmpkfk,archive_dead,"['dead', 'short']",[],Загрузка мощностей: Плитки керамические фасадные и ковры,Q,7,2023-01-01,rosstat
1267,zmpkp,archive_dead,"['dead', 'short']",[],Загрузка мощностей: плитки керамические для полов,Q,7,2023-01-01,rosstat
1268,zmkkns,archive_dead,"['dead', 'short']",['construction'],Загрузка мощностей: Кирпич керамический неогнеупорный строительный,Q,7,2023-01-01,rosstat
1269,zmptgtsagt,archive_dead,"['dead', 'short']",['construction'],"Загрузка мощностей: Портландцемент, цемент глиноземистый, цемент шлаковый и аналогичные гидравлические цементы",Q,7,2023-01-01,rosstat
1270,zmksvktbik,archive_dead,"['dead', 'short']",['construction'],"Загрузка мощностей: Кирпич строительный (включая камни)  из цемента, бетона или искусственного камня",Q,7,2023-01-01,rosstat
1271,zmbss,archive_dead,"['dead', 'short']",[],Загрузка мощностей: Блоки стеновые силикатные,Q,7,2023-01-01,rosstat
1272,zmiatbik,archive_dead,"['dead', 'short']",['construction'],"Загрузка мощностей: Изделия аналогичные из цемента, бетона  или искусственного камня",Q,7,2023-01-01,rosstat
1273,zmlas,archive_dead,"['dead', 'short']",['construction'],Загрузка мощностей: Листы асбестоцементные (шифер)2),Q,3,2019-01-01,rosstat
1274,zmlkvs,archive_dead,"['dead', 'short']",['construction'],Загрузка мощностей: Листы хризотилцементные волнистые (шифер)3),Q,4,2023-01-01,rosstat
1275,zmlkprn,archive_dead,"['dead', 'short']",['construction'],Загрузка мощностей: Листы хризотилцементные плоские различного назначения3),Q,4,2023-01-01,rosstat
1276,zmbisszstbik,archive_dead,"['dead', 'short']","['construction', 'housing_mortgage']","Загрузка мощностей: Блоки и прочие изделия сборные строительные для зданий и сооружений  из цемента, бетона или искусственного камня",Q,7,2023-01-01,rosstat
1277,zmmrkg,archive_dead,"['dead', 'short']",[],Загрузка мощностей: Материалы  рулонные кровельные  и гидроизоляционные,Q,7,2023-01-01,rosstat
1278,ptkme,archive_dead,"['dead', 'short']",[],Производство техники: Краны мостовые электрические,Q,7,2023-01-01,rosstat
1279,ptkbs,archive_dead,"['dead', 'short']",[],Производство техники: Краны башенные строительные,Q,7,2023-01-01,rosstat
1280,pta,archive_dead,"['dead', 'short']",[],Производство техники: Автокраны,Q,7,2023-01-01,rosstat
1281,pte,archive_dead,"['dead', 'short']",[],Производство техники: Эскалаторы,Q,7,2023-01-01,rosstat
1282,ptl,archive_dead,"['dead', 'short']",[],Производство техники: Лифты,Q,7,2023-01-01,rosstat
1283,pte_2,archive_dead,"['dead', 'short']",[],Производство техники: Экскаваторы,Q,7,2023-01-01,rosstat
1284,ptb_2,archive_dead,"['dead', 'short']",[],Производство техники: Бульдозеры,Q,7,2023-01-01,rosstat
1285,ptgs,archive_dead,"['dead', 'short']",[],Производство техники: Грейдеры самоходные,Q,7,2023-01-01,rosstat
1286,itb,archive_dead,"['dead', 'short']",['construction'],Импорт техники: Бетононасосы,Q,6,2021-01-01,rosstat
1287,itkb,archive_dead,"['dead', 'short']",[],Импорт техники: Краны башенные,Q,6,2021-01-01,rosstat
1288,ita,archive_dead,"['dead', 'short']",[],Импорт техники: Автопогрузчики,Q,6,2021-01-01,rosstat
1289,itbged,archive_dead,"['dead', 'short']",[],"Импорт техники: Бульдозеры, грейдеры, экскаваторы и др.",Q,6,2021-01-01,rosstat
1290,itb_2,archive_dead,"['dead', 'short']",['construction'],Импорт техники: Бетономешалки,Q,6,2021-01-01,rosstat
1291,poppkpfor,archive_dead,['dead'],[],Производство по округам: 8.1. ПРОИЗВОДСТВО ПИЛОМАТЕРИАЛОВ  ХВОЙНЫХ ПОРОД  ПО ФЕДЕРАЛЬНЫМ ОКРУГАМ РОССИЙСК,Q,72,2023-01-01,rosstat
1292,popplpfor,archive_dead,['dead'],[],Производство по округам: 8.2. ПРОИЗВОДСТВО ПИЛОМАТЕРИАЛОВ ЛИСТВЕННЫХ ПОРОД   ПО ФЕДЕРАЛЬНЫМ ОКРУГАМ РОССИ,Q,72,2023-01-01,rosstat
1293,popsllptv,archive_dead,['dead'],[],"Производство по округам: 8.3. ПРОИЗВОДСТВО СТЕКЛА ЛИСТОВОГО ЛИТОГО, ПРОКАТНОГО, ТЯНУТОГО ИЛИ ВЫДУВНОГО,  ",Q,47,2023-01-01,rosstat
1294,popsltpsl,archive_dead,['dead'],[],Производство по округам: 8.4. ПРОИЗВОДСТВО СТЕКЛА ЛИСТОВОГО ТЕРМИЧЕСКИ ПОЛИРОВАННОГО И СТЕКЛА ЛИСТОВОГО  ,Q,49,2023-01-01,rosstat
1295,popkknsf,archive_dead,['dead'],['construction'],Производство по округам: 8.5. ПРОИЗВОДСТВО КИРПИЧА КЕРАМИЧЕСКОГО НЕОГНЕУПОРНОГО СТРОИТЕЛЬНОГО  ПО ФЕДЕРАЛ,Q,72,2023-01-01,rosstat
1296,popptgts,archive_dead,['dead'],['construction'],"Производство по округам: 8.6. ПРОИЗВОДСТВО ПОРТЛАНДЦЕМЕНТА, ЦЕМЕНТА ГЛИНОЗЕМИСТОГО, ЦЕМЕНТА ШЛАКОВОГО  И ",Q,72,2023-01-01,rosstat
1297,popbssfor,archive_dead,['dead'],[],Производство по округам: 8.7. ПРОИЗВОДСТВО БЛОКОВ СТЕНОВЫХ СИЛИКАТНЫХ ПО ФЕДЕРАЛЬНЫМ ОКРУГАМ РОССИЙСКОЙ Ф,Q,72,2023-01-01,rosstat
1298,popiatbik,archive_dead,['dead'],['construction'],"Производство по округам: 8.8. ПРОИЗВОДСТВО ИЗДЕЛИЙ АНАЛОГИЧНЫХ ИЗ ЦЕМЕНТА, БЕТОНА ИЛИ ИСКУССТВЕННОГО КАМН",Q,72,2023-01-01,rosstat
1299,popbpisszs,archive_dead,['dead'],['housing_mortgage'],Производство по округам: 8.9. ПРОИЗВОДСТВО БЛОКОВ И ПРОЧИХ ИЗДЕЛИЙ СБОРНЫХ СТРОИТЕЛЬНЫХ ДЛЯ ЗДАНИЙ  И СОО,Q,72,2023-01-01,rosstat
1300,poplas,archive_dead,['dead'],['construction'],Производство по округам: 8.10.  ПРОИЗВОДСТВО ЛИСТОВ АСБЕСТОЦЕМЕНТНЫХ  (ШИФЕРА)1)                         ,Q,26,2019-01-01,rosstat
1301,poplkvsf,archive_dead,['dead'],['construction'],Производство по округам: 8.11. ПРОИЗВОДСТВО ЛИСТОВ ХРИЗОТИЛЦЕМЕНТНЫХ ВОЛНИСТЫХ (ШИФЕРА)1) ПО ФЕДЕРАЛЬНЫМ ,Q,28,2023-01-01,rosstat
1302,poplkprn,archive_dead,['dead'],['construction'],Производство по округам: 8.12. ПРОИЗВОДСТВО ЛИСТОВ ХРИЗОТИЛЦЕМЕНТНЫХ ПЛОСКИХ РАЗЛИЧНОГО НАЗНАЧЕНИЯ1) ПО Ф,Q,28,2023-01-01,rosstat
1303,popmrkgf,archive_dead,['dead'],[],Производство по округам: 8.13. ПРОИЗВОДСТВО МАТЕРИАЛОВ  РУЛОННЫХ КРОВЕЛЬНЫХ И ГИДРОИЗОЛЯЦИОННЫХ ПО ФЕДЕРА,Q,66,2023-01-01,rosstat
1304,natr,preliminary,['short'],[],nds_accrued_total (РФ),Q,10,2026-01-01,fns
1305,itr,preliminary,['short'],[],income_total (РФ),Q,5,2024-01-01,fns
1306,nwr,preliminary,['short'],[],ndfl_withheld (РФ),Q,5,2024-01-01,fns
1307,espr,preliminary,['short'],[],exp_sales_profit (РФ),Q,10,2025-01-01,fns
1308,nepr,preliminary,['short'],[],nonop_exp_profit (РФ),Q,10,2025-01-01,fns
1309,nipr,preliminary,['short'],[],nonop_inc_profit (РФ),Q,10,2025-01-01,fns
1310,rlr,preliminary,['short'],[],rev_loss (РФ),Q,10,2025-01-01,fns
1311,rpr,preliminary,['short'],[],rev_profit (РФ),Q,8,2025-01-01,fns
1312,trn,preliminary,['short'],[],tnpayers (РФ),Q,7,2026-01-01,fns
1313,uer,preliminary,['short'],[],usn_expense (РФ),Q,11,2026-01-01,fns
1314,uir,preliminary,['short'],[],usn_income (РФ),Q,11,2026-01-01,fns
1315,orsmr,quarantine_data_error,['known_defect'],"['dkp_macro', 'construction']","Объём работ «Строительство», млрд руб.",Q,19,2026-07-01,rosstat
1316,orssp,quarantine_data_error,['known_defect'],"['dkp_macro', 'construction']","Объём работ «Строительство», % к соотв. периоду",Q,19,2026-07-01,rosstat
1317,orspp,preliminary,['short'],"['dkp_macro', 'construction']","Объём работ «Строительство», % к пред. периоду",Q,19,2026-07-01,rosstat
1318,zdspmr,preliminary,['short'],[],"Заключено договоров строительного подряда, млрд руб.",Q,19,2026-07-01,rosstat
1319,odpm,preliminary,['short'],[],"Обеспеченность договорами подряда, месяцев",Q,19,2026-07-01,rosstat
1320,ksddrk_2,preliminary,['short'],['housing_mortgage'],"Количество сделок (ДКП и ДДУ), РФ, квартал",Q,10,2026-04-01,rosreestr
1321,ksdrk_2,preliminary,['short'],[],"Количество сделок ДКП, РФ, квартал",Q,10,2026-04-01,rosreestr
1322,kdark_2,preliminary,['short'],[],"Количество договоров аренды, РФ, квартал",Q,10,2026-04-01,rosreestr
1323,pmtmk,preliminary,['short'],['construction'],"Промпродукция, месяц: Трубы и муфты хризотилцементные",Q,1,2026-07-01,rosstat
1324,ppmtmk,preliminary,['short'],['construction'],"Промпродукция, пред. месяц: Трубы и муфты хризотилцементные",Q,1,2026-07-01,rosstat
1325,pnitmk,preliminary,['short'],['construction'],"Промпродукция, накопленным итогом: Трубы и муфты хризотилцементные",Q,1,2026-07-01,rosstat
1326,pmpkp,preliminary,['short'],[],"Промпродукция, месяц: Плитки керамические для полов",Q,1,2026-07-01,rosstat
1327,ppmpkp,preliminary,['short'],[],"Промпродукция, пред. месяц: Плитки керамические для полов",Q,1,2026-07-01,rosstat
1328,pnipkp,preliminary,['short'],[],"Промпродукция, накопленным итогом: Плитки керамические для полов",Q,1,2026-07-01,rosstat
1329,pmptg,preliminary,['short'],['construction'],"Промпродукция, месяц: Портландцемент, цемент глиноземистый",Q,1,2026-07-01,rosstat
1330,ppmptg,preliminary,['short'],['construction'],"Промпродукция, пред. месяц: Портландцемент, цемент глиноземистый",Q,1,2026-07-01,rosstat
1331,pniptg,preliminary,['short'],['construction'],"Промпродукция, накопленным итогом: Портландцемент, цемент глиноземистый",Q,1,2026-07-01,rosstat
1332,pmdik,preliminary,['short'],[],"Промпродукция, месяц: Двери, их коробки",Q,1,2026-07-01,rosstat
1333,ppmdik,preliminary,['short'],[],"Промпродукция, пред. месяц: Двери, их коробки",Q,1,2026-07-01,rosstat
1334,pnidik,preliminary,['short'],[],"Промпродукция, накопленным итогом: Двери, их коробки",Q,1,2026-07-01,rosstat
1335,pmbiss,preliminary,['short'],[],"Промпродукция, месяц: Блоки и прочие изделия сборные строительные",Q,1,2026-07-01,rosstat
1336,ppmbiss,preliminary,['short'],[],"Промпродукция, пред. месяц: Блоки и прочие изделия сборные строительные",Q,1,2026-07-01,rosstat
1337,pnibiss,preliminary,['short'],[],"Промпродукция, накопленным итогом: Блоки и прочие изделия сборные строительные",Q,1,2026-07-01,rosstat
1338,pmgkp,preliminary,['short'],[],"Промпродукция, месяц: Гранулы, крошка и порошок",Q,1,2026-07-01,rosstat
1339,ppmgkp,preliminary,['short'],[],"Промпродукция, пред. месяц: Гранулы, крошка и порошок",Q,1,2026-07-01,rosstat
1340,pnigkp,preliminary,['short'],[],"Промпродукция, накопленным итогом: Гранулы, крошка и порошок",Q,1,2026-07-01,rosstat
1341,pmpkg,preliminary,['short'],[],"Промпродукция, месяц: Плитки керамические глазурованные",Q,1,2026-07-01,rosstat
1342,ppmpkg,preliminary,['short'],[],"Промпродукция, пред. месяц: Плитки керамические глазурованные",Q,1,2026-07-01,rosstat
1343,pnipkg,preliminary,['short'],[],"Промпродукция, накопленным итогом: Плитки керамические глазурованные",Q,1,2026-07-01,rosstat
1344,pmoikd,preliminary,['short'],[],"Промпродукция, месяц: Окна и их коробки деревянные",Q,1,2026-07-01,rosstat
1345,ppmoikd,preliminary,['short'],[],"Промпродукция, пред. месяц: Окна и их коробки деревянные",Q,1,2026-07-01,rosstat
1346,pnioikd,preliminary,['short'],[],"Промпродукция, накопленным итогом: Окна и их коробки деревянные",Q,1,2026-07-01,rosstat
1347,pmsltp,preliminary,['short'],[],"Промпродукция, месяц: Стекло листовое термически полированное",Q,1,2026-07-01,rosstat
1348,ppmsltp,preliminary,['short'],[],"Промпродукция, пред. месяц: Стекло листовое термически полированное",Q,1,2026-07-01,rosstat
1349,pnisltp,preliminary,['short'],[],"Промпродукция, накопленным итогом: Стекло листовое термически полированное",Q,1,2026-07-01,rosstat
1350,pmbgz,preliminary,['short'],['construction'],"Промпродукция, месяц: Бетон, готовый для заливки",Q,1,2026-07-01,rosstat
1351,ppmbgz,preliminary,['short'],['construction'],"Промпродукция, пред. месяц: Бетон, готовый для заливки",Q,1,2026-07-01,rosstat
1352,pnibgz,preliminary,['short'],['construction'],"Промпродукция, накопленным итогом: Бетон, готовый для заливки",Q,1,2026-07-01,rosstat
1353,pmpg,preliminary,['short'],[],"Промпродукция, месяц: Прокат готовый",Q,1,2026-07-01,rosstat
1354,ppmpg,preliminary,['short'],[],"Промпродукция, пред. месяц: Прокат готовый",Q,1,2026-07-01,rosstat
1355,pnipg,preliminary,['short'],[],"Промпродукция, накопленным итогом: Прокат готовый",Q,1,2026-07-01,rosstat
1356,pmksvkt,preliminary,['short'],['construction'],"Промпродукция, месяц: Кирпич строительный (включая камни) из цемента",Q,1,2026-07-01,rosstat
1357,ppmksvkt,preliminary,['short'],['construction'],"Промпродукция, пред. месяц: Кирпич строительный (включая камни) из цемента",Q,1,2026-07-01,rosstat
1358,pniksvkt,preliminary,['short'],['construction'],"Промпродукция, накопленным итогом: Кирпич строительный (включая камни) из цемента",Q,1,2026-07-01,rosstat
1359,pmtpp,preliminary,['short'],[],"Промпродукция, месяц: Трубы, профили пустотелые",Q,1,2026-07-01,rosstat
1360,ppmtpp,preliminary,['short'],[],"Промпродукция, пред. месяц: Трубы, профили пустотелые",Q,1,2026-07-01,rosstat
1361,pnitpp,preliminary,['short'],[],"Промпродукция, накопленным итогом: Трубы, профили пустотелые",Q,1,2026-07-01,rosstat
1362,pmf,preliminary,['short'],[],"Промпродукция, месяц: Фанера",Q,1,2026-07-01,rosstat
1363,ppmf_2,preliminary,['short'],[],"Промпродукция, пред. месяц: Фанера",Q,1,2026-07-01,rosstat
1364,pnif,preliminary,['short'],[],"Промпродукция, накопленным итогом: Фанера",Q,1,2026-07-01,rosstat
1365,pmbss,preliminary,['short'],[],"Промпродукция, месяц: Блоки стеновые силикатные",Q,1,2026-07-01,rosstat
1366,ppmbss,preliminary,['short'],[],"Промпродукция, пред. месяц: Блоки стеновые силикатные",Q,1,2026-07-01,rosstat
1367,pnibss,preliminary,['short'],[],"Промпродукция, накопленным итогом: Блоки стеновые силикатные",Q,1,2026-07-01,rosstat
1368,pmkdkcm,preliminary,['short'],[],"Промпродукция, месяц: Конструкции и детали конструкций из черных металлов",Q,1,2026-07-01,rosstat
1369,ppmkdkcm,preliminary,['short'],[],"Промпродукция, пред. месяц: Конструкции и детали конструкций из черных металлов",Q,1,2026-07-01,rosstat
1370,pnikdkcm,preliminary,['short'],[],"Промпродукция, накопленным итогом: Конструкции и детали конструкций из черных металлов",Q,1,2026-07-01,rosstat
1371,pmkkn,preliminary,['short'],['construction'],"Промпродукция, месяц: Кирпич керамический неогнеупорный",Q,1,2026-07-01,rosstat
1372,ppmkkn,preliminary,['short'],['construction'],"Промпродукция, пред. месяц: Кирпич керамический неогнеупорный",Q,1,2026-07-01,rosstat
1373,pnikkn,preliminary,['short'],['construction'],"Промпродукция, накопленным итогом: Кирпич керамический неогнеупорный",Q,1,2026-07-01,rosstat
1374,pmpp,preliminary,['short'],[],"Промпродукция, месяц: Пески природные",Q,1,2026-07-01,rosstat
1375,ppmpp,preliminary,['short'],[],"Промпродукция, пред. месяц: Пески природные",Q,1,2026-07-01,rosstat
1376,pnipp,preliminary,['short'],[],"Промпродукция, накопленным итогом: Пески природные",Q,1,2026-07-01,rosstat
1377,pmlts,preliminary,['short'],[],"Промпродукция, месяц: Лифты (тыс. штук)",Q,1,2026-07-01,rosstat
1378,pnilts,preliminary,['short'],[],"Промпродукция, накопленным итогом: Лифты (тыс. штук)",Q,1,2026-07-01,rosstat
1379,pmpsrms,preliminary,['short'],[],"Промпродукция, месяц: Подшипники шариковые/роликовые (млн штук)",Q,1,2026-07-01,rosstat
1380,pnipsrms,preliminary,['short'],[],"Промпродукция, накопленным итогом: Подшипники шариковые/роликовые (млн штук)",Q,1,2026-07-01,rosstat
1381,ssptvg,preliminary,['short'],['construction'],"Стройматериалы, % к соотв. периоду: Цемент (все гидравлические)",Q,1,2026-07-01,rosstat
1382,spmtvg,preliminary,['short'],['construction'],"Стройматериалы, % к пред. месяцу: Цемент (все гидравлические)",Q,1,2026-07-01,rosstat
1383,ssptb,preliminary,['short'],['construction'],"Стройматериалы, % к соотв. периоду: Товарный бетон",Q,1,2026-07-01,rosstat
1384,spmtb,preliminary,['short'],['construction'],"Стройматериалы, % к пред. месяцу: Товарный бетон",Q,1,2026-07-01,rosstat
1385,sspkks,preliminary,['short'],['construction'],"Стройматериалы, % к соотв. периоду: Кирпич керамический строительный",Q,1,2026-07-01,rosstat
1386,spmkks,preliminary,['short'],['construction'],"Стройматериалы, % к пред. месяцу: Кирпич керамический строительный",Q,1,2026-07-01,rosstat
1387,sspbss,preliminary,['short'],['construction'],"Стройматериалы, % к соотв. периоду: Блоки стеновые силикатные",Q,1,2026-07-01,rosstat
1388,spmbss,preliminary,['short'],['construction'],"Стройматериалы, % к пред. месяцу: Блоки стеновые силикатные",Q,1,2026-07-01,rosstat
1389,sspbsz,preliminary,['short'],['construction'],"Стройматериалы, % к соотв. периоду: Блоки и прочие сборные ЖБИ",Q,1,2026-07-01,rosstat
1390,spmbsz,preliminary,['short'],['construction'],"Стройматериалы, % к пред. месяцу: Блоки и прочие сборные ЖБИ",Q,1,2026-07-01,rosstat
1391,sspksvknn,preliminary,['short'],['construction'],"Стройматериалы, % к соотв. периоду: Кирпич строительный (вкл. камни, новой номенкл.)",Q,1,2026-07-01,rosstat
1392,spmksvknn,preliminary,['short'],['construction'],"Стройматериалы, % к пред. месяцу: Кирпич строительный (вкл. камни, новой номенкл.)",Q,1,2026-07-01,rosstat
1393,sspsl,preliminary,['short'],['construction'],"Стройматериалы, % к соотв. периоду: Стекло листовое",Q,1,2026-07-01,rosstat
1394,spmsl,preliminary,['short'],['construction'],"Стройматериалы, % к пред. месяцу: Стекло листовое",Q,1,2026-07-01,rosstat
1395,ssppkg,preliminary,['short'],['construction'],"Стройматериалы, % к соотв. периоду: Плитка керамическая глазурованная",Q,1,2026-07-01,rosstat
1396,spmpkg,preliminary,['short'],['construction'],"Стройматериалы, % к пред. месяцу: Плитка керамическая глазурованная",Q,1,2026-07-01,rosstat
1397,ssppkp,preliminary,['short'],['construction'],"Стройматериалы, % к соотв. периоду: Плитка керамическая для полов",Q,1,2026-07-01,rosstat
1398,spmpkp,preliminary,['short'],['construction'],"Стройматериалы, % к пред. месяцу: Плитка керамическая для полов",Q,1,2026-07-01,rosstat
1399,ssptk,preliminary,['short'],['construction'],"Стройматериалы, % к соотв. периоду: Трубы хризотилцементные",Q,1,2026-07-01,rosstat
1400,spmtk,preliminary,['short'],['construction'],"Стройматериалы, % к пред. месяцу: Трубы хризотилцементные",Q,1,2026-07-01,rosstat
1401,vze,preliminary,['short'],['housing_mortgage'],"Введено зданий, единиц (Всего)",Q,1,2026-01-01,rosstat
1402,vzt,preliminary,['short'],['housing_mortgage'],"Введено зданий, тыс. м² (Всего)",Q,1,2026-01-01,rosstat
1403,vzezn,preliminary,['short'],['housing_mortgage'],"Введено зданий, единиц (Жилого назначения)",Q,1,2026-01-01,rosstat
1404,vztzn,preliminary,['short'],['housing_mortgage'],"Введено зданий, тыс. м² (Жилого назначения)",Q,1,2026-01-01,rosstat
1405,vzenn,preliminary,['short'],['housing_mortgage'],"Введено зданий, единиц (Нежилого назначения)",Q,1,2026-01-01,rosstat
1406,vztnn,preliminary,['short'],['housing_mortgage'],"Введено зданий, тыс. м² (Нежилого назначения)",Q,1,2026-01-01,rosstat
1407,vzep,preliminary,['short'],"['dkp_macro', 'housing_mortgage']","Введено зданий, единиц (Промышленные)",Q,1,2026-01-01,rosstat
1408,vztp,preliminary,['short'],"['dkp_macro', 'housing_mortgage']","Введено зданий, тыс. м² (Промышленные)",Q,1,2026-01-01,rosstat
1409,vzes,preliminary,['short'],['housing_mortgage'],"Введено зданий, единиц (Сельскохозяйственные)",Q,1,2026-01-01,rosstat
1410,vzts,preliminary,['short'],['housing_mortgage'],"Введено зданий, тыс. м² (Сельскохозяйственные)",Q,1,2026-01-01,rosstat
1411,vzek,preliminary,['short'],['housing_mortgage'],"Введено зданий, единиц (Коммерческие)",Q,1,2026-01-01,rosstat
1412,vztk,preliminary,['short'],['housing_mortgage'],"Введено зданий, тыс. м² (Коммерческие)",Q,1,2026-01-01,rosstat
1413,vzea,preliminary,['short'],['housing_mortgage'],"Введено зданий, единиц (Административные)",Q,1,2026-01-01,rosstat
1414,vzta,preliminary,['short'],['housing_mortgage'],"Введено зданий, тыс. м² (Административные)",Q,1,2026-01-01,rosstat
1415,vzeu,preliminary,['short'],['housing_mortgage'],"Введено зданий, единиц (Учебные)",Q,1,2026-01-01,rosstat
1416,vztu,preliminary,['short'],['housing_mortgage'],"Введено зданий, тыс. м² (Учебные)",Q,1,2026-01-01,rosstat
1417,vzez,preliminary,['short'],['housing_mortgage'],"Введено зданий, единиц (Здравоохранения)",Q,1,2026-01-01,rosstat
1418,vztz,preliminary,['short'],['housing_mortgage'],"Введено зданий, тыс. м² (Здравоохранения)",Q,1,2026-01-01,rosstat
1419,vzed,preliminary,['short'],['housing_mortgage'],"Введено зданий, единиц (Другие)",Q,1,2026-01-01,rosstat
1420,vztd,preliminary,['short'],['housing_mortgage'],"Введено зданий, тыс. м² (Другие)",Q,1,2026-01-01,rosstat
1421,iokmro,preliminary,['short'],['construction'],"Инвестиции в основной капитал, млрд руб. (оперативные)",Q,2,2026-04-01,rosstat
1422,iokspo,preliminary,['short'],['construction'],"Инвестиции в основной капитал, % к соотв. периоду (оперативные)",Q,2,2026-04-01,rosstat
1423,vzeznz,preliminary,['short'],['housing_mortgage'],"Ввод зданий, единиц (Жилые и нежилые здания)",Q,2,2026-06-01,rosstat
1424,vzezz,preliminary,['short'],['housing_mortgage'],"Ввод зданий, единиц (Жилые здания)",Q,2,2026-06-01,rosstat
1425,vzepyl,preliminary,['short'],['housing_mortgage'],"Ввод зданий, единиц (построенные юридическими лицами)",Q,2,2026-06-01,rosstat
1426,vzepn,preliminary,['short'],['housing_mortgage'],"Ввод зданий, единиц (построенные населением)",Q,2,2026-06-01,rosstat
1427,vzenz,preliminary,['short'],['housing_mortgage'],"Ввод зданий, единиц (Нежилые здания)",Q,2,2026-06-01,rosstat
1428,vzepz,preliminary,['short'],"['dkp_macro', 'housing_mortgage']","Ввод зданий, единиц (Промышленные здания)",Q,2,2026-06-01,rosstat
1429,vzesz,preliminary,['short'],['housing_mortgage'],"Ввод зданий, единиц (Сельскохозяйственные здания)",Q,2,2026-06-01,rosstat
1430,vzekz,preliminary,['short'],['housing_mortgage'],"Ввод зданий, единиц (Коммерческие здания)",Q,2,2026-06-01,rosstat
1431,vzeaz,preliminary,['short'],['housing_mortgage'],"Ввод зданий, единиц (Административные здания)",Q,2,2026-06-01,rosstat
1432,vzeuz,preliminary,['short'],['housing_mortgage'],"Ввод зданий, единиц (Учебные здания)",Q,2,2026-06-01,rosstat
1433,vzez_2,preliminary,['short'],['housing_mortgage'],"Ввод зданий, единиц (Здравоохранение)",Q,2,2026-06-01,rosstat
1434,vzedz,preliminary,['short'],['housing_mortgage'],"Ввод зданий, единиц (Другие здания)",Q,2,2026-06-01,rosstat
1435,vmrzopsueo,preliminary,['short'],[],"Ввод мощностей: Растениеводство и животноводство, охота и предоставление соответствующих услуг в этих областях",Q,2,2026-06-01,rosstat
1436,vmnsrzopsueo,preliminary,['short'],['construction'],"Ввод мощностей, новое строительство: Растениеводство и животноводство, охота и предоставление соответствующих услуг в этих областях",Q,2,2026-06-01,rosstat
1437,vmrrzopsueo,preliminary,['short'],[],"Ввод мощностей, реконструкция: Растениеводство и животноводство, охота и предоставление соответствующих услуг в этих областях",Q,2,2026-06-01,rosstat
1438,vmps,preliminary,['short'],[],Ввод мощностей: Помещения для свиней,Q,2,2026-06-01,rosstat
1439,vmnsps,preliminary,['short'],['construction'],"Ввод мощностей, новое строительство: Помещения для свиней",Q,2,2026-06-01,rosstat
1440,vmpo,preliminary,['short'],[],Ввод мощностей: Помещения для овец,Q,2,2026-06-01,rosstat
1441,vmnspo,preliminary,['short'],['construction'],"Ввод мощностей, новое строительство: Помещения для овец",Q,2,2026-06-01,rosstat
1442,vmpl,preliminary,['short'],[],Ввод мощностей: Помещения для лошадей,Q,2,2026-06-01,rosstat
1443,vmnspl,preliminary,['short'],['construction'],"Ввод мощностей, новое строительство: Помещения для лошадей",Q,2,2026-06-01,rosstat
1444,vmrpl,preliminary,['short'],[],"Ввод мощностей, реконструкция: Помещения для лошадей",Q,2,2026-06-01,rosstat
1445,vmpk,preliminary,['short'],[],Ввод мощностей: Помещения для кроликов,Q,2,2026-06-01,rosstat
1446,vmnspk,preliminary,['short'],['construction'],"Ввод мощностей, новое строительство: Помещения для кроликов",Q,2,2026-06-01,rosstat
1447,vmpp,preliminary,['short'],[],Ввод мощностей: Помещение для птицы,Q,2,2026-06-01,rosstat
1448,vmnspp,preliminary,['short'],['construction'],"Ввод мощностей, новое строительство: Помещение для птицы",Q,2,2026-06-01,rosstat
1449,vmrpp,preliminary,['short'],[],"Ввод мощностей, реконструкция: Помещение для птицы",Q,2,2026-06-01,rosstat
1450,vmpyn,preliminary,['short'],[],Ввод мощностей: Птицефабрики яичного направления,Q,2,2026-06-01,rosstat
1451,vmrpyn,preliminary,['short'],[],"Ввод мощностей, реконструкция: Птицефабрики яичного направления",Q,2,2026-06-01,rosstat
1452,vmkt,preliminary,['short'],[],Ввод мощностей: Комбинаты тепличные,Q,2,2026-06-01,rosstat
1453,vmnskt,preliminary,['short'],['construction'],"Ввод мощностей, новое строительство: Комбинаты тепличные",Q,2,2026-06-01,rosstat
1454,vmtps,preliminary,['short'],[],Ввод мощностей: Теплицы под стеклом,Q,2,2026-06-01,rosstat
1455,vmnstps,preliminary,['short'],['construction'],"Ввод мощностей, новое строительство: Теплицы под стеклом",Q,2,2026-06-01,rosstat
1456,vmtp,preliminary,['short'],[],Ввод мощностей: Теплицы пленочные,Q,2,2026-06-01,rosstat
1457,vmnstp,preliminary,['short'],['construction'],"Ввод мощностей, новое строительство: Теплицы пленочные",Q,2,2026-06-01,rosstat
1458,vmtppmp,preliminary,['short'],[],Ввод мощностей: Теплицы с покрытием из полимерных материалов (поликарбонат),Q,2,2026-06-01,rosstat
1459,vmnstppmp,preliminary,['short'],['construction'],"Ввод мощностей, новое строительство: Теплицы с покрытием из полимерных материалов (поликарбонат)",Q,2,2026-06-01,rosstat
1460,vmoz,preliminary,['short'],[],Ввод мощностей: Орошение земель,Q,2,2026-06-01,rosstat
1461,vmnsoz,preliminary,['short'],['construction'],"Ввод мощностей, новое строительство: Орошение земель",Q,2,2026-06-01,rosstat
1462,vmzs,preliminary,['short'],[],Ввод мощностей: Зерносушилки стационарные,Q,2,2026-06-01,rosstat
1463,vmnszs,preliminary,['short'],['construction'],"Ввод мощностей, новое строительство: Зерносушилки стационарные",Q,2,2026-06-01,rosstat
1464,vmrzs,preliminary,['short'],[],"Ввод мощностей, реконструкция: Зерносушилки стационарные",Q,2,2026-06-01,rosstat
1465,vmz,preliminary,['short'],[],Ввод мощностей: Зерносеменохранилища,Q,2,2026-06-01,rosstat
1466,vmnsz,preliminary,['short'],['construction'],"Ввод мощностей, новое строительство: Зерносеменохранилища",Q,2,2026-06-01,rosstat
1467,vmrz,preliminary,['short'],[],"Ввод мощностей, реконструкция: Зерносеменохранилища",Q,2,2026-06-01,rosstat
1468,vms,preliminary,['short'],[],Ввод мощностей: Семенохранилища,Q,2,2026-06-01,rosstat
1469,vmnss,preliminary,['short'],['construction'],"Ввод мощностей, новое строительство: Семенохранилища",Q,2,2026-06-01,rosstat
1470,vmrs,preliminary,['short'],[],"Ввод мощностей, реконструкция: Семенохранилища",Q,2,2026-06-01,rosstat
1471,vmkkofsk,preliminary,['short'],[],"Ввод мощностей: Хранилища для картофеля, овощей и фруктов в сельском хозяйстве",Q,2,2026-06-01,rosstat
1472,vmnskkofsk,preliminary,['short'],['construction'],"Ввод мощностей, новое строительство: Хранилища для картофеля, овощей и фруктов в сельском хозяйстве",Q,2,2026-06-01,rosstat
1473,vmkosk,preliminary,['short'],[],Ввод мощностей: Картофелехранилища для организаций сельского хозяйства,Q,2,2026-06-01,rosstat
1474,vmnskosk,preliminary,['short'],['construction'],"Ввод мощностей, новое строительство: Картофелехранилища для организаций сельского хозяйства",Q,2,2026-06-01,rosstat
1475,vmoosk,preliminary,['short'],[],Ввод мощностей: Овощехранилища для организаций сельского хозяйства,Q,2,2026-06-01,rosstat
1476,vmnsoosk,preliminary,['short'],['construction'],"Ввод мощностей, новое строительство: Овощехранилища для организаций сельского хозяйства",Q,2,2026-06-01,rosstat
1477,vmskoosk,preliminary,['short'],[],Ввод мощностей: Смешанные картофеле- и овощехранилища для организаций сельского хозяйства,Q,2,2026-06-01,rosstat
1478,vmnsskoosk,preliminary,['short'],['construction'],"Ввод мощностей, новое строительство: Смешанные картофеле- и овощехранилища для организаций сельского хозяйства",Q,2,2026-06-01,rosstat
1479,vmposk,preliminary,['short'],[],Ввод мощностей: Плодохранилища для организаций сельского хозяйства,Q,2,2026-06-01,rosstat
1480,vmnsposk,preliminary,['short'],['construction'],"Ввод мощностей, новое строительство: Плодохранилища для организаций сельского хозяйства",Q,2,2026-06-01,rosstat
1481,vmsss,preliminary,['short'],[],Ввод мощностей: Силосные и сенажные сооружения,Q,2,2026-06-01,rosstat
1482,vmnssss,preliminary,['short'],['construction'],"Ввод мощностей, новое строительство: Силосные и сенажные сооружения",Q,2,2026-06-01,rosstat
1483,vmrm,preliminary,['short'],[],Ввод мощностей: Ремонтные мастерские,Q,2,2026-06-01,rosstat
1484,vmnsrm,preliminary,['short'],['construction'],"Ввод мощностей, новое строительство: Ремонтные мастерские",Q,2,2026-06-01,rosstat
1485,vmrrm,preliminary,['short'],[],"Ввод мощностей, реконструкция: Ремонтные мастерские",Q,2,2026-06-01,rosstat
1486,vmmtbkm,preliminary,['short'],[],"Ввод мощностей: Материально-технические базы хранения 
машин",Q,2,2026-06-01,rosstat
1487,vmnsmtbkm,preliminary,['short'],['construction'],"Ввод мощностей, новое строительство: Материально-технические базы хранения 
машин",Q,2,2026-06-01,rosstat
1488,vmrr,preliminary,['short'],[],Ввод мощностей: Рыболовство и рыбоводство,Q,2,2026-06-01,rosstat
1489,vmnsrr,preliminary,['short'],['construction'],"Ввод мощностей, новое строительство: Рыболовство и рыбоводство",Q,2,2026-06-01,rosstat
1490,vmdnpg,preliminary,['short'],[],Ввод мощностей: Добыча нефти и природного газа,Q,2,2026-06-01,rosstat
1491,vmnsdnpg,preliminary,['short'],['construction'],"Ввод мощностей, новое строительство: Добыча нефти и природного газа",Q,2,2026-06-01,rosstat
1492,vmsneb,preliminary,['short'],[],Ввод мощностей: Скважины нефтяные эксплуатационного бурения,Q,2,2026-06-01,rosstat
1493,vmnssneb,preliminary,['short'],['construction'],"Ввод мощностей, новое строительство: Скважины нефтяные эксплуатационного бурения",Q,2,2026-06-01,rosstat
1494,vmrsneb,preliminary,['short'],[],"Ввод мощностей, реконструкция: Скважины нефтяные эксплуатационного бурения",Q,2,2026-06-01,rosstat
1495,vmsgeb,preliminary,['short'],[],Ввод мощностей: Скважины газовые эксплуатационного бурения,Q,2,2026-06-01,rosstat
1496,vmnssgeb,preliminary,['short'],['construction'],"Ввод мощностей, новое строительство: Скважины газовые эксплуатационного бурения",Q,2,2026-06-01,rosstat
1497,vmpuodpi,preliminary,['short'],[],Ввод мощностей: Предоставление услуг в области добычи полезных ископаемых,Q,2,2026-06-01,rosstat
1498,vmnspuodpi,preliminary,['short'],['construction'],"Ввод мощностей, новое строительство: Предоставление услуг в области добычи полезных ископаемых",Q,2,2026-06-01,rosstat
1499,vmsnrb,preliminary,['short'],[],Ввод мощностей: Скважины нефтяные разведочного бурения,Q,2,2026-06-01,rosstat
1500,vmnssnrb,preliminary,['short'],['construction'],"Ввод мощностей, новое строительство: Скважины нефтяные разведочного бурения",Q,2,2026-06-01,rosstat
1501,vmppp,preliminary,['short'],[],Ввод мощностей: Производство пищевых продуктов,Q,2,2026-06-01,rosstat
1502,vmnsppp,preliminary,['short'],['construction'],"Ввод мощностей, новое строительство: Производство пищевых продуктов",Q,2,2026-06-01,rosstat
1503,vmkm,preliminary,['short'],[],Ввод мощностей: Консервы мясные,Q,2,2026-06-01,rosstat
1504,vmnskm,preliminary,['short'],['construction'],"Ввод мощностей, новое строительство: Консервы мясные",Q,2,2026-06-01,rosstat
1505,vmtus,preliminary,['short'],[],Ввод мощностей: Цех убоя скота,Q,2,2026-06-01,rosstat
1506,vmnstus,preliminary,['short'],['construction'],"Ввод мощностей, новое строительство: Цех убоя скота",Q,2,2026-06-01,rosstat
1507,vmpr,preliminary,['short'],[],Ввод мощностей: Предприятия рыбообрабатывающие,Q,2,2026-06-01,rosstat
1508,vmnspr,preliminary,['short'],['construction'],"Ввод мощностей, новое строительство: Предприятия рыбообрабатывающие",Q,2,2026-06-01,rosstat
1509,vmmprm,preliminary,['short'],[],"Ввод мощностей: Мощности по производству растительного 
масла",Q,2,2026-06-01,rosstat
1510,vmnsmprm,preliminary,['short'],['construction'],"Ввод мощностей, новое строительство: Мощности по производству растительного 
масла",Q,2,2026-06-01,rosstat
1511,vmrmprm,preliminary,['short'],[],"Ввод мощностей, реконструкция: Мощности по производству растительного 
масла",Q,2,2026-06-01,rosstat
1512,vmmrme,preliminary,['short'],[],Ввод мощностей: Масло растительное методом экстракции,Q,2,2026-06-01,rosstat
1513,vmnsmrme,preliminary,['short'],['construction'],"Ввод мощностей, новое строительство: Масло растительное методом экстракции",Q,2,2026-06-01,rosstat
1514,vmrmrme,preliminary,['short'],[],"Ввод мощностей, реконструкция: Масло растительное методом экстракции",Q,2,2026-06-01,rosstat
1515,vmmrmo,preliminary,['short'],[],Ввод мощностей: Масло растительное методом отжима,Q,2,2026-06-01,rosstat
1516,vmnsmrmo,preliminary,['short'],['construction'],"Ввод мощностей, новое строительство: Масло растительное методом отжима",Q,2,2026-06-01,rosstat
1517,vmrmrmo,preliminary,['short'],[],"Ввод мощностей, реконструкция: Масло растительное методом отжима",Q,2,2026-06-01,rosstat
1518,vmtp_2,preliminary,['short'],[],Ввод мощностей: Цельномолочная продукция,Q,2,2026-06-01,rosstat
1519,vmnstp_2,preliminary,['short'],['construction'],"Ввод мощностей, новое строительство: Цельномолочная продукция",Q,2,2026-06-01,rosstat
1520,vmrtp,preliminary,['short'],[],"Ввод мощностей, реконструкция: Цельномолочная продукция",Q,2,2026-06-01,rosstat
1521,vmmsoztmss,preliminary,['short'],[],"Ввод мощностей: Молоко сухое обезжиренное, заменители цельного молока и сухая сыворотка",Q,2,2026-06-01,rosstat
1522,vmnsmsoztmss,preliminary,['short'],['construction'],"Ввод мощностей, новое строительство: Молоко сухое обезжиренное, заменители цельного молока и сухая сыворотка",Q,2,2026-06-01,rosstat
1523,vmmps,preliminary,['short'],[],Ввод мощностей: Мощности по производству сыра,Q,2,2026-06-01,rosstat
1524,vmnsmps,preliminary,['short'],['construction'],"Ввод мощностей, новое строительство: Мощности по производству сыра",Q,2,2026-06-01,rosstat
1525,vmrmps,preliminary,['short'],[],"Ввод мощностей, реконструкция: Мощности по производству сыра",Q,2,2026-06-01,rosstat
1526,vmsp,preliminary,['short'],[],Ввод мощностей: Сыр плавленый,Q,2,2026-06-01,rosstat
1527,vmrsp,preliminary,['short'],[],"Ввод мощностей, реконструкция: Сыр плавленый",Q,2,2026-06-01,rosstat
1528,vmpsbp,preliminary,['short'],[],Ввод мощностей: Производство сыра /без плавленых/,Q,2,2026-06-01,rosstat
1529,vmnspsbp,preliminary,['short'],['construction'],"Ввод мощностей, новое строительство: Производство сыра /без плавленых/",Q,2,2026-06-01,rosstat
1530,vmrpsbp,preliminary,['short'],[],"Ввод мощностей, реконструкция: Производство сыра /без плавленых/",Q,2,2026-06-01,rosstat
1531,vmstsbp,preliminary,['short'],[],Ввод мощностей: Сыр твердых сортов /без плавленых/,Q,2,2026-06-01,rosstat
1532,vmnsstsbp,preliminary,['short'],['construction'],"Ввод мощностей, новое строительство: Сыр твердых сортов /без плавленых/",Q,2,2026-06-01,rosstat
1533,vmkm_2,preliminary,['short'],[],Ввод мощностей: Консервы молочные,Q,2,2026-06-01,rosstat
1534,vmrkm,preliminary,['short'],[],"Ввод мощностей, реконструкция: Консервы молочные",Q,2,2026-06-01,rosstat
1535,vmpmsp,preliminary,['short'],[],Ввод мощностей: Предприятия мельничные сортового помола,Q,2,2026-06-01,rosstat
1536,vmnspmsp,preliminary,['short'],['construction'],"Ввод мощностей, новое строительство: Предприятия мельничные сортового помола",Q,2,2026-06-01,rosstat
1537,vmrpmsp,preliminary,['short'],[],"Ввод мощностей, реконструкция: Предприятия мельничные сортового помола",Q,2,2026-06-01,rosstat
1538,vmtk,preliminary,['short'],[],Ввод мощностей: Цехи комбикормовые,Q,2,2026-06-01,rosstat
1539,vmnstk,preliminary,['short'],['construction'],"Ввод мощностей, новое строительство: Цехи комбикормовые",Q,2,2026-06-01,rosstat
1540,vmmk,preliminary,['short'],[],Ввод мощностей: Мельницы-крупорушки,Q,2,2026-06-01,rosstat
1541,vmnsmk,preliminary,['short'],['construction'],"Ввод мощностей, новое строительство: Мельницы-крупорушки",Q,2,2026-06-01,rosstat
1542,vmki,preliminary,['short'],[],Ввод мощностей: Хлебобулочные изделия,Q,2,2026-06-01,rosstat
1543,vmnski,preliminary,['short'],['construction'],"Ввод мощностей, новое строительство: Хлебобулочные изделия",Q,2,2026-06-01,rosstat
1544,vmik,preliminary,['short'],[],Ввод мощностей: Изделия кондитерские,Q,2,2026-06-01,rosstat
1545,vmnsik,preliminary,['short'],['construction'],"Ввод мощностей, новое строительство: Изделия кондитерские",Q,2,2026-06-01,rosstat
1546,vmrik,preliminary,['short'],[],"Ввод мощностей, реконструкция: Изделия кондитерские",Q,2,2026-06-01,rosstat
1547,vmpk_2,preliminary,['short'],[],Ввод мощностей: Пищевые концентраты,Q,2,2026-06-01,rosstat
1548,vmrpk,preliminary,['short'],[],"Ввод мощностей, реконструкция: Пищевые концентраты",Q,2,2026-06-01,rosstat
1549,vmkz,preliminary,['short'],[],Ввод мощностей: Кормоцехи для животноводства,Q,2,2026-06-01,rosstat
1550,vmnskz,preliminary,['short'],['construction'],"Ввод мощностей, новое строительство: Кормоцехи для животноводства",Q,2,2026-06-01,rosstat
1551,vmpn,preliminary,['short'],[],Ввод мощностей: Производство напитков,Q,2,2026-06-01,rosstat
1552,vmnspn,preliminary,['short'],['construction'],"Ввод мощностей, новое строительство: Производство напитков",Q,2,2026-06-01,rosstat
1553,vmpti,preliminary,['short'],[],Ввод мощностей: Производство текстильных изделий,Q,2,2026-06-01,rosstat
1554,vmnspti,preliminary,['short'],['construction'],"Ввод мощностей, новое строительство: Производство текстильных изделий",Q,2,2026-06-01,rosstat
1555,vmtg,preliminary,['short'],[],Ввод мощностей: Ткани готовые,Q,2,2026-06-01,rosstat
1556,vmnstg,preliminary,['short'],['construction'],"Ввод мощностей, новое строительство: Ткани готовые",Q,2,2026-06-01,rosstat
1557,vmpkik,preliminary,['short'],[],Ввод мощностей: Производство кожи и изделий из кожи,Q,2,2026-06-01,rosstat
1558,vmnspkik,preliminary,['short'],['construction'],"Ввод мощностей, новое строительство: Производство кожи и изделий из кожи",Q,2,2026-06-01,rosstat
1559,vmok,preliminary,['short'],[],Ввод мощностей: Обувь кожаная,Q,2,2026-06-01,rosstat
1560,vmnsok,preliminary,['short'],['construction'],"Ввод мощностей, новое строительство: Обувь кожаная",Q,2,2026-06-01,rosstat
1561,vmodpidpkmpism,preliminary,['short'],[],"Ввод мощностей: Обработка древесины и производство изделий из дерева и пробки, кроме мебели, производство изделий из соломки и материало",Q,2,2026-06-01,rosstat
1562,vmnsodpidpkmpism,preliminary,['short'],['construction'],"Ввод мощностей, новое строительство: Обработка древесины и производство изделий из дерева и пробки, кроме мебели, производство изделий из соломки и материало",Q,2,2026-06-01,rosstat
1563,vmrodpidpkmpism,preliminary,['short'],[],"Ввод мощностей, реконструкция: Обработка древесины и производство изделий из дерева и пробки, кроме мебели, производство изделий из соломки и материало",Q,2,2026-06-01,rosstat
1564,vmis,preliminary,['short'],[],Ввод мощностей: Изделия столярные,Q,2,2026-06-01,rosstat
1565,vmnsis,preliminary,['short'],['construction'],"Ввод мощностей, новое строительство: Изделия столярные",Q,2,2026-06-01,rosstat
1566,vmpbbi,preliminary,['short'],[],Ввод мощностей: Производство бумаги и бумажных изделий,Q,2,2026-06-01,rosstat
1567,vmnspbbi,preliminary,['short'],['construction'],"Ввод мощностей, новое строительство: Производство бумаги и бумажных изделий",Q,2,2026-06-01,rosstat
1568,vmpkvkp,preliminary,['short'],[],Ввод мощностей: Производство химических веществ и химических продуктов,Q,2,2026-06-01,rosstat
1569,vmnspkvkp,preliminary,['short'],['construction'],"Ввод мощностей, новое строительство: Производство химических веществ и химических продуктов",Q,2,2026-06-01,rosstat
1570,vmlk,preliminary,['short'],[],Ввод мощностей: Лаки и краски,Q,2,2026-06-01,rosstat
1571,vmnslk,preliminary,['short'],['construction'],"Ввод мощностей, новое строительство: Лаки и краски",Q,2,2026-06-01,rosstat
1572,vmplsmpmtv,preliminary,['short'],[],"Ввод мощностей: Производство лекарственных средств и материалов, применяемых в медицинских целях и ветеринарии",Q,2,2026-06-01,rosstat
1573,vmnsplsmpmtv,preliminary,['short'],['construction'],"Ввод мощностей, новое строительство: Производство лекарственных средств и материалов, применяемых в медицинских целях и ветеринарии",Q,2,2026-06-01,rosstat
1574,vmrplsmpmtv,preliminary,['short'],[],"Ввод мощностей, реконструкция: Производство лекарственных средств и материалов, применяемых в медицинских целях и ветеринарии",Q,2,2026-06-01,rosstat
1575,vmprpi,preliminary,['short'],[],Ввод мощностей: Производство резиновых и пластмассовых изделий,Q,2,2026-06-01,rosstat
1576,vmnsprpi,preliminary,['short'],['construction'],"Ввод мощностей, новое строительство: Производство резиновых и пластмассовых изделий",Q,2,2026-06-01,rosstat
1577,vmppnmp,preliminary,['short'],[],Ввод мощностей: Производство прочей неметаллической минеральной продукции,Q,2,2026-06-01,rosstat
1578,vmnsppnmp,preliminary,['short'],['construction'],"Ввод мощностей, новое строительство: Производство прочей неметаллической минеральной продукции",Q,2,2026-06-01,rosstat
1579,vmbt,preliminary,['short'],['construction'],Ввод мощностей: Бетон товарный,Q,2,2026-06-01,rosstat
1580,vmnsbt,preliminary,['short'],['construction'],"Ввод мощностей, новое строительство: Бетон товарный",Q,2,2026-06-01,rosstat
1581,vmss,preliminary,['short'],[],Ввод мощностей: Сухие смеси,Q,2,2026-06-01,rosstat
1582,vmnsss,preliminary,['short'],['construction'],"Ввод мощностей, новое строительство: Сухие смеси",Q,2,2026-06-01,rosstat
1583,vmsmbszp,preliminary,['short'],['construction'],Ввод мощностей: Стеновые материалы (без стеновых железобетонных панелей),Q,2,2026-06-01,rosstat
1584,vmnssmbszp,preliminary,['short'],['construction'],"Ввод мощностей, новое строительство: Стеновые материалы (без стеновых железобетонных панелей)",Q,2,2026-06-01,rosstat
1585,vmks,preliminary,['short'],['construction'],Ввод мощностей: Кирпич строительный,Q,2,2026-06-01,rosstat
1586,vmnsks,preliminary,['short'],['construction'],"Ввод мощностей, новое строительство: Кирпич строительный",Q,2,2026-06-01,rosstat
1587,vmkg,preliminary,['short'],['construction'],Ввод мощностей: Кирпич глиняный,Q,2,2026-06-01,rosstat
1588,vmnskg,preliminary,['short'],['construction'],"Ввод мощностей, новое строительство: Кирпич глиняный",Q,2,2026-06-01,rosstat
1589,vmb,preliminary,['short'],[],Ввод мощностей: Блоки,Q,2,2026-06-01,rosstat
1590,vmnsb,preliminary,['short'],['construction'],"Ввод мощностей, новое строительство: Блоки",Q,2,2026-06-01,rosstat
1591,vmibyb,preliminary,['short'],['construction'],Ввод мощностей: Изделие (блоки) из ячеистого бетона,Q,2,2026-06-01,rosstat
1592,vmnsibyb,preliminary,['short'],['construction'],"Ввод мощностей, новое строительство: Изделие (блоки) из ячеистого бетона",Q,2,2026-06-01,rosstat
1593,vmmi,preliminary,['short'],[],Ввод мощностей: Минераловатные изделия,Q,2,2026-06-01,rosstat
1594,vmnsmi,preliminary,['short'],['construction'],"Ввод мощностей, новое строительство: Минераловатные изделия",Q,2,2026-06-01,rosstat
1595,vmpm,preliminary,['short'],[],Ввод мощностей: Производство металлургическое,Q,2,2026-06-01,rosstat
1596,vmnspm,preliminary,['short'],['construction'],"Ввод мощностей, новое строительство: Производство металлургическое",Q,2,2026-06-01,rosstat
1597,vmpgmikmo,preliminary,['short'],[],"Ввод мощностей: Производство готовых металлических изделий, кроме машин и оборудования",Q,2,2026-06-01,rosstat
1598,vmnspgmikmo,preliminary,['short'],['construction'],"Ввод мощностей, новое строительство: Производство готовых металлических изделий, кроме машин и оборудования",Q,2,2026-06-01,rosstat
1599,vmrpgmikmo,preliminary,['short'],[],"Ввод мощностей, реконструкция: Производство готовых металлических изделий, кроме машин и оборудования",Q,2,2026-06-01,rosstat
1600,vmpeo,preliminary,['short'],[],Ввод мощностей: Производство электрического оборудования,Q,2,2026-06-01,rosstat
1601,vmnspeo,preliminary,['short'],['construction'],"Ввод мощностей, новое строительство: Производство электрического оборудования",Q,1,2026-03-01,rosstat
1602,vmrpeo,preliminary,['short'],[],"Ввод мощностей, реконструкция: Производство электрического оборудования",Q,2,2026-06-01,rosstat
1603,vmko,preliminary,['short'],[],Ввод мощностей: Холодильное оборудование,Q,2,2026-06-01,rosstat
1604,vmnsko,preliminary,['short'],['construction'],"Ввод мощностей, новое строительство: Холодильное оборудование",Q,2,2026-06-01,rosstat
1605,vmpmovdg,preliminary,['short'],[],"Ввод мощностей: Производство машин и оборудования, не включенных в другие группировки",Q,2,2026-06-01,rosstat
1606,vmnspmovdg,preliminary,['short'],['construction'],"Ввод мощностей, новое строительство: Производство машин и оборудования, не включенных в другие группировки",Q,2,2026-06-01,rosstat
1607,vmotzcnptopp,preliminary,['short'],[],"Ввод мощностей: Оборудование технологическое и запасные части к нему для предприятий торговли, общественного питания и пищеблоков",Q,2,2026-06-01,rosstat
1608,vmnsotzcnptopp,preliminary,['short'],['construction'],"Ввод мощностей, новое строительство: Оборудование технологическое и запасные части к нему для предприятий торговли, общественного питания и пищеблоков",Q,2,2026-06-01,rosstat
1609,vmpaspp,preliminary,['short'],[],"Ввод мощностей: Производство автотранспортных средств, прицепов и полуприцепов",Q,2,2026-06-01,rosstat
1610,vmnspaspp,preliminary,['short'],['construction'],"Ввод мощностей, новое строительство: Производство автотранспортных средств, прицепов и полуприцепов",Q,2,2026-06-01,rosstat
1611,vmoeegpkv,preliminary,['short'],[],"Ввод мощностей: Обеспечение электрической энергией, газом и паром; кондиционирование воздуха",Q,2,2026-06-01,rosstat
1612,vmnsoeegpkv,preliminary,['short'],['construction'],"Ввод мощностей, новое строительство: Обеспечение электрической энергией, газом и паром; кондиционирование воздуха",Q,2,2026-06-01,rosstat
1613,vmderks,preliminary,['short'],[],Ввод мощностей: Дизельные электростанции в районах Крайнего Севера,Q,2,2026-06-01,rosstat
1614,vmnsderks,preliminary,['short'],['construction'],"Ввод мощностей, новое строительство: Дизельные электростанции в районах Крайнего Севера",Q,2,2026-06-01,rosstat
1615,vmlenkv,preliminary,['short'],[],"Ввод мощностей: Линии электропередачи напряжением 35 кВ 
и выше",Q,2,2026-06-01,rosstat
1616,vmnslenkv,preliminary,['short'],['construction'],"Ввод мощностей, новое строительство: Линии электропередачи напряжением 35 кВ 
и выше",Q,2,2026-06-01,rosstat
1617,vmrlenkv,preliminary,['short'],[],"Ввод мощностей, реконструкция: Линии электропередачи напряжением 35 кВ 
и выше",Q,2,2026-06-01,rosstat
1618,vmlenk,preliminary,['short'],[],"Ввод мощностей: Линии электропередачи напряжением 
35-110 кВ",Q,2,2026-06-01,rosstat
1619,vmnslenk,preliminary,['short'],['construction'],"Ввод мощностей, новое строительство: Линии электропередачи напряжением 
35-110 кВ",Q,2,2026-06-01,rosstat
1620,vmrlenk,preliminary,['short'],[],"Ввод мощностей, реконструкция: Линии электропередачи напряжением 
35-110 кВ",Q,2,2026-06-01,rosstat
1621,vmlenk_2,preliminary,['short'],[],Ввод мощностей: Линии электропередачи напряжением 220 кВ,Q,2,2026-06-01,rosstat
1622,vmnslenk_2,preliminary,['short'],['construction'],"Ввод мощностей, новое строительство: Линии электропередачи напряжением 220 кВ",Q,2,2026-06-01,rosstat
1623,vmrlenk_2,preliminary,['short'],[],"Ввод мощностей, реконструкция: Линии электропередачи напряжением 220 кВ",Q,2,2026-06-01,rosstat
1624,vmlenkv_2,preliminary,['short'],[],"Ввод мощностей: Линии электропередачи напряжением 500 кВ 
и выше",Q,2,2026-06-01,rosstat
1625,vmnslenkv_2,preliminary,['short'],['construction'],"Ввод мощностей, новое строительство: Линии электропередачи напряжением 500 кВ 
и выше",Q,2,2026-06-01,rosstat
1626,vmlenk_3,preliminary,['short'],[],Ввод мощностей: Линии электропередачи напряжением до 35 кВ,Q,2,2026-06-01,rosstat
1627,vmnslenk_3,preliminary,['short'],['construction'],"Ввод мощностей, новое строительство: Линии электропередачи напряжением до 35 кВ",Q,2,2026-06-01,rosstat
1628,vmrlenk_3,preliminary,['short'],[],"Ввод мощностей, реконструкция: Линии электропередачи напряжением до 35 кВ",Q,2,2026-06-01,rosstat
1629,vmlenk_4,preliminary,['short'],[],Ввод мощностей: Линии электропередачи напряжением 6-20 кВ,Q,2,2026-06-01,rosstat
1630,vmnslenk_4,preliminary,['short'],['construction'],"Ввод мощностей, новое строительство: Линии электропередачи напряжением 6-20 кВ",Q,2,2026-06-01,rosstat
1631,vmrlenk_4,preliminary,['short'],[],"Ввод мощностей, реконструкция: Линии электропередачи напряжением 6-20 кВ",Q,2,2026-06-01,rosstat
1632,vmleesknk,preliminary,['short'],[],Ввод мощностей: Линии электропередачи для электрификации сельского хозяйства напряжением 6-20 кВ,Q,2,2026-06-01,rosstat
1633,vmnsleesknk,preliminary,['short'],['construction'],"Ввод мощностей, новое строительство: Линии электропередачи для электрификации сельского хозяйства напряжением 6-20 кВ",Q,2,2026-06-01,rosstat
1634,vmrleesknk,preliminary,['short'],[],"Ввод мощностей, реконструкция: Линии электропередачи для электрификации сельского хозяйства напряжением 6-20 кВ",Q,2,2026-06-01,rosstat
1635,vmlenk_5,preliminary,['short'],[],"Ввод мощностей: Линии электропередачи напряжением 0,4 кВ",Q,2,2026-06-01,rosstat
1636,vmnslenk_5,preliminary,['short'],['construction'],"Ввод мощностей, новое строительство: Линии электропередачи напряжением 0,4 кВ",Q,2,2026-06-01,rosstat
1637,vmrlenk_5,preliminary,['short'],[],"Ввод мощностей, реконструкция: Линии электропередачи напряжением 0,4 кВ",Q,2,2026-06-01,rosstat
1638,vmleesknk_2,preliminary,['short'],[],"Ввод мощностей: Линии электропередачи для электрификации сельского хозяйства напряжением 0,4 кВ",Q,2,2026-06-01,rosstat
1639,vmnsleesknk_2,preliminary,['short'],['construction'],"Ввод мощностей, новое строительство: Линии электропередачи для электрификации сельского хозяйства напряжением 0,4 кВ",Q,2,2026-06-01,rosstat
1640,vmrleesknk_2,preliminary,['short'],[],"Ввод мощностей, реконструкция: Линии электропередачи для электрификации сельского хозяйства напряжением 0,4 кВ",Q,2,2026-06-01,rosstat
1641,vmlenkfk,preliminary,['short'],[],"Ввод мощностей: Линии электропередачи напряжением 
0,4 кВ для фермерских хозяйств",Q,2,2026-06-01,rosstat
1642,vmnslenkfk,preliminary,['short'],['construction'],"Ввод мощностей, новое строительство: Линии электропередачи напряжением 
0,4 кВ для фермерских хозяйств",Q,2,2026-06-01,rosstat
1643,vmtppnkv,preliminary,['short'],[],Ввод мощностей: Трансформаторные понизительные подстанции напряжением 35 кВ и выше,Q,2,2026-06-01,rosstat
1644,vmnstppnkv,preliminary,['short'],['construction'],"Ввод мощностей, новое строительство: Трансформаторные понизительные подстанции напряжением 35 кВ и выше",Q,2,2026-06-01,rosstat
1645,vmrtppnkv,preliminary,['short'],[],"Ввод мощностей, реконструкция: Трансформаторные понизительные подстанции напряжением 35 кВ и выше",Q,2,2026-06-01,rosstat
1646,vmtppnk,preliminary,['short'],[],Ввод мощностей: Трансформаторные понизительные подстанции напряжением до 35 кВ,Q,2,2026-06-01,rosstat
1647,vmnstppnk,preliminary,['short'],['construction'],"Ввод мощностей, новое строительство: Трансформаторные понизительные подстанции напряжением до 35 кВ",Q,2,2026-06-01,rosstat
1648,vmrtppnk,preliminary,['short'],[],"Ввод мощностей, реконструкция: Трансформаторные понизительные подстанции напряжением до 35 кВ",Q,2,2026-06-01,rosstat
1649,vmstm,preliminary,['short'],[],Ввод мощностей: Сети тепловые магистральные,Q,2,2026-06-01,rosstat
1650,vmnsstm,preliminary,['short'],['construction'],"Ввод мощностей, новое строительство: Сети тепловые магистральные",Q,2,2026-06-01,rosstat
1651,vmksmggppkg,preliminary,['short'],[],"Ввод мощностей: Компрессорные станции на магистральных газопроводах, газовых промыслах и подземных хранилищах газа",Q,2,2026-06-01,rosstat
1652,vmnsksmggppkg,preliminary,['short'],['construction'],"Ввод мощностей, новое строительство: Компрессорные станции на магистральных газопроводах, газовых промыслах и подземных хранилищах газа",Q,2,2026-06-01,rosstat
1653,vmgs,preliminary,['short'],[],Ввод мощностей: Газораспределительные станции,Q,2,2026-06-01,rosstat
1654,vmnsgs,preliminary,['short'],['construction'],"Ввод мощностей, новое строительство: Газораспределительные станции",Q,2,2026-06-01,rosstat
1655,vmrgs,preliminary,['short'],[],"Ввод мощностей, реконструкция: Газораспределительные станции",Q,2,2026-06-01,rosstat
1656,vmtspo,preliminary,['short'],[],Ввод мощностей: Тепловые сети к производственным объектам,Q,2,2026-06-01,rosstat
1657,vmnstspo,preliminary,['short'],['construction'],"Ввод мощностей, новое строительство: Тепловые сети к производственным объектам",Q,2,2026-06-01,rosstat
1658,vmrgopn,preliminary,['short'],[],Ввод мощностей: Распределительные газопроводы к объектам производственного назначения,Q,2,2026-06-01,rosstat
1659,vmnsrgopn,preliminary,['short'],['construction'],"Ввод мощностей, новое строительство: Распределительные газопроводы к объектам производственного назначения",Q,2,2026-06-01,rosstat
1660,vmrgosn,preliminary,['short'],[],Ввод мощностей: Распределительные газопроводы к объектам сельскохозяйственного назначения,Q,2,2026-06-01,rosstat
1661,vmnsrgosn,preliminary,['short'],['construction'],"Ввод мощностей, новое строительство: Распределительные газопроводы к объектам сельскохозяйственного назначения",Q,2,2026-06-01,rosstat
1662,vmzorv,preliminary,['short'],[],"Ввод мощностей: Забор, очистка и распределение воды",Q,2,2026-06-01,rosstat
1663,vmnszorv,preliminary,['short'],['construction'],"Ввод мощностей, новое строительство: Забор, очистка и распределение воды",Q,2,2026-06-01,rosstat
1664,vmsosv,preliminary,['short'],[],Ввод мощностей: Сбор и обработка сточных вод,Q,2,2026-06-01,rosstat
1665,vmnssosv,preliminary,['short'],['construction'],"Ввод мощностей, новое строительство: Сбор и обработка сточных вод",Q,2,2026-06-01,rosstat
1666,vmsis,preliminary,['short'],['construction'],Ввод мощностей: Строительство инженерных сооружений,Q,2,2026-06-01,rosstat
1667,vmnssis,preliminary,['short'],['construction'],"Ввод мощностей, новое строительство: Строительство инженерных сооружений",Q,2,2026-06-01,rosstat
1668,vmbk,preliminary,['short'],[],Ввод мощностей: Буровые колодцы,Q,2,2026-06-01,rosstat
1669,vmnsbk,preliminary,['short'],['construction'],"Ввод мощностей, новое строительство: Буровые колодцы",Q,2,2026-06-01,rosstat
1670,vmas,preliminary,['short'],[],Ввод мощностей: Артезианские скважины,Q,2,2026-06-01,rosstat
1671,vmnsas,preliminary,['short'],['construction'],"Ввод мощностей, новое строительство: Артезианские скважины",Q,2,2026-06-01,rosstat
1672,vmtorasmir,preliminary,['short'],[],Ввод мощностей: Торговля оптовая и розничная автотранспортными средствами и мотоциклами и их ремонт,Q,2,2026-06-01,rosstat
1673,vmnstorasmir,preliminary,['short'],['construction'],"Ввод мощностей, новое строительство: Торговля оптовая и розничная автотранспортными средствами и мотоциклами и их ремонт",Q,2,2026-06-01,rosstat
1674,vmrtorasmir,preliminary,['short'],[],"Ввод мощностей, реконструкция: Торговля оптовая и розничная автотранспортными средствами и мотоциклами и их ремонт",Q,2,2026-06-01,rosstat
1675,vmstoga,preliminary,['short'],[],Ввод мощностей: Станции технического обслуживания грузовых автомобилей,Q,2,2026-06-01,rosstat
1676,vmnsstoga,preliminary,['short'],['construction'],"Ввод мощностей, новое строительство: Станции технического обслуживания грузовых автомобилей",Q,2,2026-06-01,rosstat
1677,vma,preliminary,['short'],[],Ввод мощностей: Автоцентр,Q,2,2026-06-01,rosstat
1678,vmnsa,preliminary,['short'],['construction'],"Ввод мощностей, новое строительство: Автоцентр",Q,2,2026-06-01,rosstat
1679,vmkds,preliminary,['short'],[],Ввод мощностей: Комплексы дорожного сервиса,Q,2,2026-06-01,rosstat
1680,vmnskds,preliminary,['short'],['construction'],"Ввод мощностей, новое строительство: Комплексы дорожного сервиса",Q,2,2026-06-01,rosstat
1681,vmrkds,preliminary,['short'],[],"Ввод мощностей, реконструкция: Комплексы дорожного сервиса",Q,2,2026-06-01,rosstat
1682,vma_2,preliminary,['short'],[],Ввод мощностей: Автомойка,Q,1,2026-03-01,rosstat
1683,vmnsa_2,preliminary,['short'],['construction'],"Ввод мощностей, новое строительство: Автомойка",Q,1,2026-03-01,rosstat
1684,vmamp,preliminary,['short'],[],Ввод мощностей: Автомойка (моечных постов),Q,2,2026-06-01,rosstat
1685,vmnsamp,preliminary,['short'],['construction'],"Ввод мощностей, новое строительство: Автомойка (моечных постов)",Q,2,2026-06-01,rosstat
1686,vmramp,preliminary,['short'],[],"Ввод мощностей, реконструкция: Автомойка (моечных постов)",Q,2,2026-06-01,rosstat
1687,vmtrktasm,preliminary,['short'],[],"Ввод мощностей: Торговля розничная, кроме торговли автотранспортными средствами и мотоциклами",Q,2,2026-06-01,rosstat
1688,vmnstrktasm,preliminary,['short'],['construction'],"Ввод мощностей, новое строительство: Торговля розничная, кроме торговли автотранспортными средствами и мотоциклами",Q,2,2026-06-01,rosstat
1689,vmrtrktasm,preliminary,['short'],[],"Ввод мощностей, реконструкция: Торговля розничная, кроме торговли автотранспортными средствами и мотоциклами",Q,2,2026-06-01,rosstat
1690,vmrp,preliminary,['short'],[],Ввод мощностей: Рынки и павильоны,Q,2,2026-06-01,rosstat
1691,vmnsrp,preliminary,['short'],['construction'],"Ввод мощностей, новое строительство: Рынки и павильоны",Q,2,2026-06-01,rosstat
1692,vmas_2,preliminary,['short'],[],Ввод мощностей: Автозаправочные станции,Q,2,2026-06-01,rosstat
1693,vmnsas_2,preliminary,['short'],['construction'],"Ввод мощностей, новое строительство: Автозаправочные станции",Q,2,2026-06-01,rosstat
1694,vmras,preliminary,['short'],[],"Ввод мощностей, реконструкция: Автозаправочные станции",Q,2,2026-06-01,rosstat
1695,vmagssng,preliminary,['short'],[],Ввод мощностей: Автомобильные газозаправочные станции сжиженного нефтяного газа,Q,2,2026-06-01,rosstat
1696,vmnsagssng,preliminary,['short'],['construction'],"Ввод мощностей, новое строительство: Автомобильные газозаправочные станции сжиженного нефтяного газа",Q,2,2026-06-01,rosstat
1697,vmagks,preliminary,['short'],[],Ввод мощностей: Автомобильные газонаполнительные компрессорные станции,Q,2,2026-06-01,rosstat
1698,vmnsagks,preliminary,['short'],['construction'],"Ввод мощностей, новое строительство: Автомобильные газонаполнительные компрессорные станции",Q,2,2026-06-01,rosstat
1699,vmdstt,preliminary,['short'],[],Ввод мощностей: Деятельность сухопутного и трубопроводного транспорта,Q,2,2026-06-01,rosstat
1700,vmnsdstt,preliminary,['short'],['construction'],"Ввод мощностей, новое строительство: Деятельность сухопутного и трубопроводного транспорта",Q,2,2026-06-01,rosstat
1701,vmrdstt,preliminary,['short'],[],"Ввод мощностей, реконструкция: Деятельность сухопутного и трубопроводного транспорта",Q,2,2026-06-01,rosstat
1702,vmvp,preliminary,['short'],[],Ввод мощностей: Вторые пути,Q,2,2026-06-01,rosstat
1703,vmnsvp,preliminary,['short'],['construction'],"Ввод мощностей, новое строительство: Вторые пути",Q,2,2026-06-01,rosstat
1704,vmzppo,preliminary,['short'],[],Ввод мощностей: Железнодорожные пути к производственным объектам,Q,2,2026-06-01,rosstat
1705,vmnszppo,preliminary,['short'],['construction'],"Ввод мощностей, новое строительство: Железнодорожные пути к производственным объектам",Q,2,2026-06-01,rosstat
1706,vmrzppo,preliminary,['short'],[],"Ввод мощностей, реконструкция: Железнодорожные пути к производственным объектам",Q,2,2026-06-01,rosstat
1707,vmtpo,preliminary,['short'],[],Ввод мощностей: Трамвайные пути (одиночные),Q,2,2026-06-01,rosstat
1708,vmnstpo,preliminary,['short'],['construction'],"Ввод мощностей, новое строительство: Трамвайные пути (одиночные)",Q,2,2026-06-01,rosstat
1709,vmnmnmr,preliminary,['short'],[],Ввод мощностей: Нефтепроводы магистральные и нефтепродуктопроводы магистральные региональные,Q,2,2026-06-01,rosstat
1710,vmnsnmnmr,preliminary,['short'],['construction'],"Ввод мощностей, новое строительство: Нефтепроводы магистральные и нефтепродуктопроводы магистральные региональные",Q,2,2026-06-01,rosstat
1711,vmrnmnmr,preliminary,['short'],[],"Ввод мощностей, реконструкция: Нефтепроводы магистральные и нефтепродуктопроводы магистральные региональные",Q,2,2026-06-01,rosstat
1712,vmnm,preliminary,['short'],[],Ввод мощностей: Нефтепроводы магистральные,Q,2,2026-06-01,rosstat
1713,vmnsnm,preliminary,['short'],['construction'],"Ввод мощностей, новое строительство: Нефтепроводы магистральные",Q,2,2026-06-01,rosstat
1714,vmrnm,preliminary,['short'],[],"Ввод мощностей, реконструкция: Нефтепроводы магистральные",Q,2,2026-06-01,rosstat
1715,vmgmon,preliminary,['short'],[],Ввод мощностей: Газопроводы магистральные и отводы от них,Q,2,2026-06-01,rosstat
1716,vmnsgmon,preliminary,['short'],['construction'],"Ввод мощностей, новое строительство: Газопроводы магистральные и отводы от них",Q,2,2026-06-01,rosstat
1717,vmrgmon,preliminary,['short'],[],"Ввод мощностей, реконструкция: Газопроводы магистральные и отводы от них",Q,2,2026-06-01,rosstat
1718,vmadtp,preliminary,['short'],[],Ввод мощностей: Автомобильные дороги с твердым покрытием,Q,2,2026-06-01,rosstat
1719,vmnsadtp,preliminary,['short'],['construction'],"Ввод мощностей, новое строительство: Автомобильные дороги с твердым покрытием",Q,2,2026-06-01,rosstat
1720,vmradtp,preliminary,['short'],[],"Ввод мощностей, реконструкция: Автомобильные дороги с твердым покрытием",Q,2,2026-06-01,rosstat
1721,vmadtpnp,preliminary,['short'],[],Ввод мощностей: Автомобильные дороги с твердым покрытием необщего пользования,Q,2,2026-06-01,rosstat
1722,vmnsadtpnp,preliminary,['short'],['construction'],"Ввод мощностей, новое строительство: Автомобильные дороги с твердым покрытием необщего пользования",Q,2,2026-06-01,rosstat
1723,vmadtpop,preliminary,['short'],[],Ввод мощностей: Автомобильные дороги с твердым покрытием общего пользования,Q,2,2026-06-01,rosstat
1724,vmnsadtpop,preliminary,['short'],['construction'],"Ввод мощностей, новое строительство: Автомобильные дороги с твердым покрытием общего пользования",Q,2,2026-06-01,rosstat
1725,vmradtpop,preliminary,['short'],[],"Ввод мощностей, реконструкция: Автомобильные дороги с твердым покрытием общего пользования",Q,2,2026-06-01,rosstat
1726,vmadtpopfz,preliminary,['short'],[],Ввод мощностей: Автомобильные дороги с твердым покрытием общего пользования федерального значения,Q,2,2026-06-01,rosstat
1727,vmnsadtpopfz,preliminary,['short'],['construction'],"Ввод мощностей, новое строительство: Автомобильные дороги с твердым покрытием общего пользования федерального значения",Q,2,2026-06-01,rosstat
1728,vmadtpopmz,preliminary,['short'],[],Ввод мощностей: Автомобильные дороги с твердым покрытием общего пользования местного значения,Q,2,2026-06-01,rosstat
1729,vmnsadtpopmz,preliminary,['short'],['construction'],"Ввод мощностей, новое строительство: Автомобильные дороги с твердым покрытием общего пользования местного значения",Q,2,2026-06-01,rosstat
1730,vmradtpopmz,preliminary,['short'],[],"Ввод мощностей, реконструкция: Автомобильные дороги с твердым покрытием общего пользования местного значения",Q,2,2026-06-01,rosstat
1731,vmadtpoprmz,preliminary,['short'],[],Ввод мощностей: Автомобильные дороги с твердым покрытием общего пользования регионального или межмуниципального значения,Q,2,2026-06-01,rosstat
1732,vmnsadtpoprmz,preliminary,['short'],['construction'],"Ввод мощностей, новое строительство: Автомобильные дороги с твердым покрытием общего пользования регионального или межмуниципального значения",Q,2,2026-06-01,rosstat
1733,vmradtpoprmz,preliminary,['short'],[],"Ввод мощностей, реконструкция: Автомобильные дороги с твердым покрытием общего пользования регионального или межмуниципального значения",Q,2,2026-06-01,rosstat
1734,vmadopt,preliminary,['short'],['construction'],Ввод мощностей: Автомобильные дороги общего пользования цементнобетонные,Q,2,2026-06-01,rosstat
1735,vmnsadopt,preliminary,['short'],['construction'],"Ввод мощностей, новое строительство: Автомобильные дороги общего пользования цементнобетонные",Q,2,2026-06-01,rosstat
1736,vmadopa,preliminary,['short'],['construction'],Ввод мощностей: Автомобильные дороги общего пользования асфальтобетонные,Q,2,2026-06-01,rosstat
1737,vmnsadopa,preliminary,['short'],['construction'],"Ввод мощностей, новое строительство: Автомобильные дороги общего пользования асфальтобетонные",Q,2,2026-06-01,rosstat
1738,vmradopa,preliminary,['short'],['construction'],"Ввод мощностей, реконструкция: Автомобильные дороги общего пользования асфальтобетонные",Q,2,2026-06-01,rosstat
1739,vmadopsg,preliminary,['short'],[],Ввод мощностей: Автомобильные дороги общего пользования щебеночные и гравийные,Q,2,2026-06-01,rosstat
1740,vmnsadopsg,preliminary,['short'],['construction'],"Ввод мощностей, новое строительство: Автомобильные дороги общего пользования щебеночные и гравийные",Q,2,2026-06-01,rosstat
1741,vmnppp,preliminary,['short'],[],Ввод мощностей: Надземный (подземный) пешеходный переход,Q,2,2026-06-01,rosstat
1742,vmnsnppp,preliminary,['short'],['construction'],"Ввод мощностей, новое строительство: Надземный (подземный) пешеходный переход",Q,2,2026-06-01,rosstat
1743,vmrnppp,preliminary,['short'],[],"Ввод мощностей, реконструкция: Надземный (подземный) пешеходный переход",Q,2,2026-06-01,rosstat
1744,vmdvt,preliminary,['short'],[],Ввод мощностей: Деятельность водного транспорта,Q,2,2026-06-01,rosstat
1745,vmnsdvt,preliminary,['short'],['construction'],"Ввод мощностей, новое строительство: Деятельность водного транспорта",Q,2,2026-06-01,rosstat
1746,vmskvtd,preliminary,['short'],[],Ввод мощностей: Складское хозяйство и вспомогательная транспортная деятельность,Q,2,2026-06-01,rosstat
1747,vmnsskvtd,preliminary,['short'],['construction'],"Ввод мощностей, новое строительство: Складское хозяйство и вспомогательная транспортная деятельность",Q,2,2026-06-01,rosstat
1748,vmzm,preliminary,['short'],[],Ввод мощностей: Зерносклады механизированные,Q,2,2026-06-01,rosstat
1749,vmnszm,preliminary,['short'],['construction'],"Ввод мощностей, новое строительство: Зерносклады механизированные",Q,2,2026-06-01,rosstat
1750,vme,preliminary,['short'],[],Ввод мощностей: Элеваторы,Q,2,2026-06-01,rosstat
1751,vmnse,preliminary,['short'],['construction'],"Ввод мощностей, новое строительство: Элеваторы",Q,2,2026-06-01,rosstat
1752,vmkkofot,preliminary,['short'],[],"Ввод мощностей: Хранилища для картофеля, овощей и фруктов для организаций торговли",Q,2,2026-06-01,rosstat
1753,vmnskkofot,preliminary,['short'],['construction'],"Ввод мощностей, новое строительство: Хранилища для картофеля, овощей и фруктов для организаций торговли",Q,2,2026-06-01,rosstat
1754,vmkot,preliminary,['short'],[],Ввод мощностей: Картофелехранилища для организаций торговли,Q,2,2026-06-01,rosstat
1755,vmnskot,preliminary,['short'],['construction'],"Ввод мощностей, новое строительство: Картофелехранилища для организаций торговли",Q,2,2026-06-01,rosstat
1756,vmskoot,preliminary,['short'],[],Ввод мощностей: Смешанные картофеле- и овощехранилища для организаций торговли,Q,2,2026-06-01,rosstat
1757,vmnsskoot,preliminary,['short'],['construction'],"Ввод мощностей, новое строительство: Смешанные картофеле- и овощехранилища для организаций торговли",Q,2,2026-06-01,rosstat
1758,vmk,preliminary,['short'],[],"Ввод мощностей: Холодильники, всего",Q,2,2026-06-01,rosstat
1759,vmnsk,preliminary,['short'],['construction'],"Ввод мощностей, новое строительство: Холодильники, всего",Q,2,2026-06-01,rosstat
1760,vmkpmmp,preliminary,['short'],[],"Ввод мощностей: Холодильники для производства мясных 
и молочных продуктов",Q,2,2026-06-01,rosstat
1761,vmnskpmmp,preliminary,['short'],['construction'],"Ввод мощностей, новое строительство: Холодильники для производства мясных 
и молочных продуктов",Q,2,2026-06-01,rosstat
1762,vmapc,preliminary,['short'],[],Ввод мощностей: Автовокзал (пассажиров в час),Q,2,2026-06-01,rosstat
1763,vmnsapc,preliminary,['short'],['construction'],"Ввод мощностей, новое строительство: Автовокзал (пассажиров в час)",Q,2,2026-06-01,rosstat
1764,vmapspc,preliminary,['short'],[],"Ввод мощностей: Аэровокзалы, пропускная способность (пассажиров в час)",Q,2,2026-06-01,rosstat
1765,vmnsapspc,preliminary,['short'],['construction'],"Ввод мощностей, новое строительство: Аэровокзалы, пропускная способность (пассажиров в час)",Q,2,2026-06-01,rosstat
1766,vmmk_2,preliminary,['short'],[],"Ввод мощностей: Мосты, количество",Q,2,2026-06-01,rosstat
1767,vmnsmk_2,preliminary,['short'],['construction'],"Ввод мощностей, новое строительство: Мосты, количество",Q,2,2026-06-01,rosstat
1768,vmm,preliminary,['short'],[],Ввод мощностей: Мосты,Q,2,2026-06-01,rosstat
1769,vmnsm,preliminary,['short'],['construction'],"Ввод мощностей, новое строительство: Мосты",Q,2,2026-06-01,rosstat
1770,vmrm_2,preliminary,['short'],[],"Ввод мощностей, реконструкция: Мосты",Q,2,2026-06-01,rosstat
1771,vmos,preliminary,['short'],[],Ввод мощностей: Общетоварные склады,Q,2,2026-06-01,rosstat
1772,vmnsos,preliminary,['short'],['construction'],"Ввод мощностей, новое строительство: Общетоварные склады",Q,2,2026-06-01,rosstat
1773,vmros,preliminary,['short'],[],"Ввод мощностей, реконструкция: Общетоварные склады",Q,2,2026-06-01,rosstat
1774,vmn,preliminary,['short'],[],Ввод мощностей: Нефтеемкости,Q,2,2026-06-01,rosstat
1775,vmnsn,preliminary,['short'],['construction'],"Ввод мощностей, новое строительство: Нефтеемкости",Q,2,2026-06-01,rosstat
1776,vmdpppn,preliminary,['short'],[],Ввод мощностей: Деятельность по предоставлению продуктов питания и напитков,Q,2,2026-06-01,rosstat
1777,vmnsdpppn,preliminary,['short'],['construction'],"Ввод мощностей, новое строительство: Деятельность по предоставлению продуктов питания и напитков",Q,2,2026-06-01,rosstat
1778,vmrdpppn,preliminary,['short'],[],"Ввод мощностей, реконструкция: Деятельность по предоставлению продуктов питания и напитков",Q,2,2026-06-01,rosstat
1779,vmdst,preliminary,['short'],[],Ввод мощностей: Деятельность в сфере телекоммуникаций,Q,2,2026-06-01,rosstat
1780,vmnsdst,preliminary,['short'],['construction'],"Ввод мощностей, новое строительство: Деятельность в сфере телекоммуникаций",Q,2,2026-06-01,rosstat
1781,vmga,preliminary,['short'],[],Ввод мощностей: Городские АТС,Q,2,2026-06-01,rosstat
1782,vmnsga,preliminary,['short'],['construction'],"Ввод мощностей, новое строительство: Городские АТС",Q,2,2026-06-01,rosstat
1783,vmamsss,preliminary,['short'],[],Ввод мощностей: Антенно-мачтовые сооружения для сотовой связи,Q,2,2026-06-01,rosstat
1784,vmnsamsss,preliminary,['short'],['construction'],"Ввод мощностей, новое строительство: Антенно-мачтовые сооружения для сотовой связи",Q,2,2026-06-01,rosstat
1785,vmbss,preliminary,['short'],[],Ввод мощностей: Башня сотовой связи,Q,2,2026-06-01,rosstat
1786,vmnsbss,preliminary,['short'],['construction'],"Ввод мощностей, новое строительство: Башня сотовой связи",Q,2,2026-06-01,rosstat
1787,vmvolsp,preliminary,['short'],[],Ввод мощностей: Волоконно-оптические линии связи (передачи),Q,2,2026-06-01,rosstat
1788,vmnsvolsp,preliminary,['short'],['construction'],"Ввод мощностей, новое строительство: Волоконно-оптические линии связи (передачи)",Q,2,2026-06-01,rosstat
1789,vmoni,preliminary,['short'],[],Ввод мощностей: Операции с недвижимым имуществом,Q,2,2026-06-01,rosstat
1790,vmnsoni,preliminary,['short'],['construction'],"Ввод мощностей, новое строительство: Операции с недвижимым имуществом",Q,2,2026-06-01,rosstat
1791,vmkgkm,preliminary,['short'],[],"Ввод мощностей: Капитальные гаражи, количество машиномест",Q,2,2026-06-01,rosstat
1792,vmnskgkm,preliminary,['short'],['construction'],"Ввод мощностей, новое строительство: Капитальные гаражи, количество машиномест",Q,2,2026-06-01,rosstat
1793,vmrkgkm,preliminary,['short'],[],"Ввод мощностей, реконструкция: Капитальные гаражи, количество машиномест",Q,2,2026-06-01,rosstat
1794,vmdv,preliminary,['short'],[],Ввод мощностей: Деятельность ветеринарная,Q,2,2026-06-01,rosstat
1795,vmnsdv,preliminary,['short'],['construction'],"Ввод мощностей, новое строительство: Деятельность ветеринарная",Q,2,2026-06-01,rosstat
1796,vmpkrsmsd,preliminary,['short'],[],"Ввод мощностей: Помещения для крупного рогатого скота, 
с материалом стен из дерева",Q,1,2026-06-01,rosstat
1797,vmnspkrsmsd,preliminary,['short'],['construction'],"Ввод мощностей, новое строительство: Помещения для крупного рогатого скота, 
с материалом стен из дерева",Q,1,2026-06-01,rosstat
1798,vmpk_3,preliminary,['short'],[],Ввод мощностей: Помещения для коз,Q,1,2026-06-01,rosstat
1799,vmnspk_2,preliminary,['short'],['construction'],"Ввод мощностей, новое строительство: Помещения для коз",Q,1,2026-06-01,rosstat
1800,vmnspyn,preliminary,['short'],['construction'],"Ввод мощностей, новое строительство: Птицефабрики яичного направления",Q,1,2026-06-01,rosstat
1801,vmivt,preliminary,['short'],[],Ввод мощностей: Инкубатор по выведению цыплят,Q,1,2026-06-01,rosstat
1802,vmnsivt,preliminary,['short'],['construction'],"Ввод мощностей, новое строительство: Инкубатор по выведению цыплят",Q,1,2026-06-01,rosstat
1803,vmkroz,preliminary,['short'],[],"Ввод мощностей: Комплексная реконструкция орошаемых 
земель",Q,1,2026-06-01,rosstat
1804,vmrkroz,preliminary,['short'],[],"Ввод мощностей, реконструкция: Комплексная реконструкция орошаемых 
земель",Q,1,2026-06-01,rosstat
1805,vmkk,preliminary,['short'],[],Ввод мощностей: Корнеплодохранилища (для кормов),Q,1,2026-06-01,rosstat
1806,vmnskk,preliminary,['short'],['construction'],"Ввод мощностей, новое строительство: Корнеплодохранилища (для кормов)",Q,1,2026-06-01,rosstat
1807,vmkbgk,preliminary,['short'],[],Ввод мощностей: Хранилища для брикетированных и гранулированных кормосмесей,Q,1,2026-06-01,rosstat
1808,vmnskbgk,preliminary,['short'],['construction'],"Ввод мощностей, новое строительство: Хранилища для брикетированных и гранулированных кормосмесей",Q,1,2026-06-01,rosstat
1809,vms_2,preliminary,['short'],[],Ввод мощностей: Сенохранилища,Q,1,2026-06-01,rosstat
1810,vmnss_2,preliminary,['short'],['construction'],"Ввод мощностей, новое строительство: Сенохранилища",Q,1,2026-06-01,rosstat
1811,vmdmr,preliminary,['short'],[],Ввод мощностей: Добыча металлических руд,Q,1,2026-06-01,rosstat
1812,vmnsdmr,preliminary,['short'],['construction'],"Ввод мощностей, новое строительство: Добыча металлических руд",Q,1,2026-06-01,rosstat
1813,vmki_2,preliminary,['short'],[],Ввод мощностей: Колбасные изделия,Q,1,2026-06-01,rosstat
1814,vmnski_2,preliminary,['short'],['construction'],"Ввод мощностей, новое строительство: Колбасные изделия",Q,1,2026-06-01,rosstat
1815,vmrki,preliminary,['short'],[],"Ввод мощностей, реконструкция: Колбасные изделия",Q,1,2026-06-01,rosstat
1816,vmbmb,preliminary,['short'],[],Ввод мощностей: Быстрозамороженные мясные блюда,Q,1,2026-06-01,rosstat
1817,vmnsbmb,preliminary,['short'],['construction'],"Ввод мощностей, новое строительство: Быстрозамороженные мясные блюда",Q,1,2026-06-01,rosstat
1818,vmrbmb,preliminary,['short'],[],"Ввод мощностей, реконструкция: Быстрозамороженные мясные блюда",Q,1,2026-06-01,rosstat
1819,vmrtus,preliminary,['short'],[],"Ввод мощностей, реконструкция: Цех убоя скота",Q,1,2026-06-01,rosstat
1820,vmrpr,preliminary,['short'],[],"Ввод мощностей, реконструкция: Предприятия рыбообрабатывающие",Q,1,2026-06-01,rosstat
1821,vmkr,preliminary,['short'],[],Ввод мощностей: Консервы рыбные,Q,1,2026-06-01,rosstat
1822,vmnskr,preliminary,['short'],['construction'],"Ввод мощностей, новое строительство: Консервы рыбные",Q,1,2026-06-01,rosstat
1823,vmpk_4,preliminary,['short'],[],Ввод мощностей: Предприятия крупяные,Q,1,2026-06-01,rosstat
1824,vmnspk_3,preliminary,['short'],['construction'],"Ввод мощностей, новое строительство: Предприятия крупяные",Q,1,2026-06-01,rosstat
1825,vmrki_2,preliminary,['short'],[],"Ввод мощностей, реконструкция: Хлебобулочные изделия",Q,1,2026-06-01,rosstat
1826,vmkdz,preliminary,['short'],[],Ввод мощностей: Корма для домашних животных,Q,1,2026-06-01,rosstat
1827,vmnskdz,preliminary,['short'],['construction'],"Ввод мощностей, новое строительство: Корма для домашних животных",Q,1,2026-06-01,rosstat
1828,vmrpn,preliminary,['short'],[],"Ввод мощностей, реконструкция: Производство напитков",Q,1,2026-06-01,rosstat
1829,vmp,preliminary,['short'],[],Ввод мощностей: Пиво,Q,1,2026-06-01,rosstat
1830,vmnsp,preliminary,['short'],['construction'],"Ввод мощностей, новое строительство: Пиво",Q,1,2026-06-01,rosstat
1831,vmvlvi,preliminary,['short'],[],Ввод мощностей: Водка и ликеро-водочные изделия,Q,1,2026-06-01,rosstat
1832,vmnsvlvi,preliminary,['short'],['construction'],"Ввод мощностей, новое строительство: Водка и ликеро-водочные изделия",Q,1,2026-06-01,rosstat
1833,vmids,preliminary,['short'],[],Ввод мощностей: Изделия деревянные строительные,Q,1,2026-06-01,rosstat
1834,vmrids,preliminary,['short'],[],"Ввод мощностей, реконструкция: Изделия деревянные строительные",Q,1,2026-06-01,rosstat
1835,vmtd,preliminary,['short'],[],Ввод мощностей: Тара деревянная,Q,1,2026-06-01,rosstat
1836,vmnstd,preliminary,['short'],['construction'],"Ввод мощностей, новое строительство: Тара деревянная",Q,1,2026-06-01,rosstat
1837,vmtbp,preliminary,['short'],[],Ввод мощностей: Топливные брикеты/пеллеты,Q,1,2026-06-01,rosstat
1838,vmnstbp,preliminary,['short'],['construction'],"Ввод мощностей, новое строительство: Топливные брикеты/пеллеты",Q,1,2026-06-01,rosstat
1839,vmg,preliminary,['short'],[],Ввод мощностей: Гофрокартон,Q,1,2026-06-01,rosstat
1840,vmnsg,preliminary,['short'],['construction'],"Ввод мощностей, новое строительство: Гофрокартон",Q,1,2026-06-01,rosstat
1841,vmumppv,preliminary,['short'],[],Ввод мощностей: Удобрения минеральные /в перерасчете на 100% питательных веществ/,Q,1,2026-06-01,rosstat
1842,vmnsumppv,preliminary,['short'],['construction'],"Ввод мощностей, новое строительство: Удобрения минеральные /в перерасчете на 100% питательных веществ/",Q,1,2026-06-01,rosstat
1843,vmua,preliminary,['short'],[],Ввод мощностей: Удобрения азотные,Q,1,2026-06-01,rosstat
1844,vmnsua,preliminary,['short'],['construction'],"Ввод мощностей, новое строительство: Удобрения азотные",Q,1,2026-06-01,rosstat
1845,vmku,preliminary,['short'],[],Ввод мощностей: Комплексные удобрения,Q,1,2026-06-01,rosstat
1846,vmnsku,preliminary,['short'],['construction'],"Ввод мощностей, новое строительство: Комплексные удобрения",Q,1,2026-06-01,rosstat
1847,vmsspm,preliminary,['short'],[],Ввод мощностей: Смолы синтетические и пластические массы,Q,1,2026-06-01,rosstat
1848,vmnssspm,preliminary,['short'],['construction'],"Ввод мощностей, новое строительство: Смолы синтетические и пластические массы",Q,1,2026-06-01,rosstat
1849,vmk_2,preliminary,['short'],[],Ввод мощностей: Катализаторы,Q,1,2026-06-01,rosstat
1850,vmnsk_2,preliminary,['short'],['construction'],"Ввод мощностей, новое строительство: Катализаторы",Q,1,2026-06-01,rosstat
1851,vmkps,preliminary,['short'],[],Ввод мощностей: Косметические и парфюмерные средства,Q,1,2026-06-01,rosstat
1852,vmnskps,preliminary,['short'],['construction'],"Ввод мощностей, новое строительство: Косметические и парфюмерные средства",Q,1,2026-06-01,rosstat
1853,vmtbkmr,preliminary,['short'],[],Ввод мощностей: Товары бытовой химии /в мелкой расфасовке/,Q,1,2026-06-01,rosstat
1854,vmnstbkmr,preliminary,['short'],['construction'],"Ввод мощностей, новое строительство: Товары бытовой химии /в мелкой расфасовке/",Q,1,2026-06-01,rosstat
1855,vmpi,preliminary,['short'],[],Ввод мощностей: Прочие пластмассовые изделия,Q,1,2026-06-01,rosstat
1856,vmnspi,preliminary,['short'],['construction'],"Ввод мощностей, новое строительство: Прочие пластмассовые изделия",Q,1,2026-06-01,rosstat
1857,vmrpi,preliminary,['short'],[],"Ввод мощностей, реконструкция: Прочие пластмассовые изделия",Q,1,2026-06-01,rosstat
1858,vma_3,preliminary,['short'],['construction'],Ввод мощностей: Асфальтобетон,Q,1,2026-06-01,rosstat
1859,vmnsa_3,preliminary,['short'],['construction'],"Ввод мощностей, новое строительство: Асфальтобетон",Q,1,2026-06-01,rosstat
1860,vmkisz,preliminary,['short'],['construction'],Ввод мощностей: Конструкции и изделия сборные железобетонные,Q,1,2026-06-01,rosstat
1861,vmnskisz,preliminary,['short'],['construction'],"Ввод мощностей, новое строительство: Конструкции и изделия сборные железобетонные",Q,1,2026-06-01,rosstat
1862,vmpdkkd,preliminary,['short'],[],Ввод мощностей: Панели и другие конструкции для крупнопанельных домов,Q,1,2026-06-01,rosstat
1863,vmnspdkkd,preliminary,['short'],['construction'],"Ввод мощностей, новое строительство: Панели и другие конструкции для крупнопанельных домов",Q,1,2026-06-01,rosstat
1864,vmpdkkzskbn,preliminary,['short'],['housing_mortgage'],Ввод мощностей: Панели и другие конструкции для крупнопанельных зданий социального и культурно-бытового назначения,Q,1,2026-06-01,rosstat
1865,vmnspdkkzskbn,preliminary,['short'],"['construction', 'housing_mortgage']","Ввод мощностей, новое строительство: Панели и другие конструкции для крупнопанельных зданий социального и культурно-бытового назначения",Q,1,2026-06-01,rosstat
1866,vmkisaas,preliminary,['short'],[],Ввод мощностей: Конструкции и изделия строительные из алюминия и алюминиевых сплавов,Q,1,2026-06-01,rosstat
1867,vmnskisaas,preliminary,['short'],['construction'],"Ввод мощностей, новое строительство: Конструкции и изделия строительные из алюминия и алюминиевых сплавов",Q,1,2026-06-01,rosstat
1868,vmpkeoi,preliminary,['short'],[],"Ввод мощностей: Производство компьютеров, электронных и оптических изделий",Q,1,2026-06-01,rosstat
1869,vmnspkeoi,preliminary,['short'],['construction'],"Ввод мощностей, новое строительство: Производство компьютеров, электронных и оптических изделий",Q,1,2026-06-01,rosstat
1870,vmmtzcn,preliminary,['short'],[],Ввод мощностей: Медицинская техника и запасные части к ней,Q,1,2026-06-01,rosstat
1871,vmrmtzcn,preliminary,['short'],[],"Ввод мощностей, реконструкция: Медицинская техника и запасные части к ней",Q,1,2026-06-01,rosstat
1872,vmik_2,preliminary,['short'],[],Ввод мощностей: Изделия кабельные,Q,1,2026-06-01,rosstat
1873,vmnsik_2,preliminary,['short'],['construction'],"Ввод мощностей, новое строительство: Изделия кабельные",Q,1,2026-06-01,rosstat
1874,vmrik_2,preliminary,['short'],[],"Ввод мощностей, реконструкция: Изделия кабельные",Q,1,2026-06-01,rosstat
1875,vmppat,preliminary,['short'],[],Ввод мощностей: Прицепы и полуприцепы автомобильные и тракторные,Q,1,2026-06-01,rosstat
1876,vmnsppat,preliminary,['short'],['construction'],"Ввод мощностей, новое строительство: Прицепы и полуприцепы автомобильные и тракторные",Q,1,2026-06-01,rosstat
1877,vmg_2,preliminary,['short'],[],Ввод мощностей: Гидроэлектростанции,Q,1,2026-06-01,rosstat
1878,vmnsg_2,preliminary,['short'],['construction'],"Ввод мощностей, новое строительство: Гидроэлектростанции",Q,1,2026-06-01,rosstat
1879,vmevie,preliminary,['short'],[],Ввод мощностей: Электростанции возобновляемых источников энергии,Q,1,2026-06-01,rosstat
1880,vmnsevie,preliminary,['short'],['construction'],"Ввод мощностей, новое строительство: Электростанции возобновляемых источников энергии",Q,1,2026-06-01,rosstat
1881,vmkpt,preliminary,['short'],[],Ввод мощностей: Котлы паровые на теплоэлектроцентралях,Q,1,2026-06-01,rosstat
1882,vmnskpt,preliminary,['short'],['construction'],"Ввод мощностей, новое строительство: Котлы паровые на теплоэлектроцентралях",Q,1,2026-06-01,rosstat
1883,vmkvt,preliminary,['short'],[],Ввод мощностей: Котлы водогрейные на теплоэлектроцентралях,Q,1,2026-06-01,rosstat
1884,vmnskvt,preliminary,['short'],['construction'],"Ввод мощностей, новое строительство: Котлы водогрейные на теплоэлектроцентралях",Q,1,2026-06-01,rosstat
1885,vmmpg,preliminary,['short'],[],Ввод мощностей: Мощность по переработке газа,Q,1,2026-06-01,rosstat
1886,vmnsmpg,preliminary,['short'],['construction'],"Ввод мощностей, новое строительство: Мощность по переработке газа",Q,1,2026-06-01,rosstat
1887,vmrzorv,preliminary,['short'],[],"Ввод мощностей, реконструкция: Забор, очистка и распределение воды",Q,1,2026-06-01,rosstat
1888,vmrstoga,preliminary,['short'],[],"Ввод мощностей, реконструкция: Станции технического обслуживания грузовых автомобилей",Q,1,2026-06-01,rosstat
1889,vmae,preliminary,['short'],[],Ввод мощностей: Автомойка (единиц),Q,1,2026-06-01,rosstat
1890,vmnsae,preliminary,['short'],['construction'],"Ввод мощностей, новое строительство: Автомойка (единиц)",Q,1,2026-06-01,rosstat
1891,vmsnmnn,preliminary,['short'],[],Ввод мощностей: Станции насосные на магистральных нефтепроводах и нефтепродуктопроводах,Q,1,2026-06-01,rosstat
1892,vmnssnmnn,preliminary,['short'],['construction'],"Ввод мощностей, новое строительство: Станции насосные на магистральных нефтепроводах и нефтепродуктопроводах",Q,1,2026-06-01,rosstat
1893,vmrsnmnn,preliminary,['short'],[],"Ввод мощностей, реконструкция: Станции насосные на магистральных нефтепроводах и нефтепродуктопроводах",Q,1,2026-06-01,rosstat
1894,vmezd,preliminary,['short'],[],Ввод мощностей: Электрификация железных дорог,Q,1,2026-06-01,rosstat
1895,vmrezd,preliminary,['short'],[],"Ввод мощностей, реконструкция: Электрификация железных дорог",Q,1,2026-06-01,rosstat
1896,vmradtpnp,preliminary,['short'],[],"Ввод мощностей, реконструкция: Автомобильные дороги с твердым покрытием необщего пользования",Q,1,2026-06-01,rosstat
1897,vmadtpnpsk,preliminary,['short'],[],Ввод мощностей: Автомобильные дороги с твердым покрытием необщего пользования в сельском хозяйстве,Q,1,2026-06-01,rosstat
1898,vmnsadtpnpsk,preliminary,['short'],['construction'],"Ввод мощностей, новое строительство: Автомобильные дороги с твердым покрытием необщего пользования в сельском хозяйстве",Q,1,2026-06-01,rosstat
1899,vmradopsg,preliminary,['short'],[],"Ввод мощностей, реконструкция: Автомобильные дороги общего пользования щебеночные и гравийные",Q,1,2026-06-01,rosstat
1900,vmpmp,preliminary,['short'],[],Ввод мощностей: Причалы морских портов,Q,1,2026-06-01,rosstat
1901,vmnspmp,preliminary,['short'],['construction'],"Ввод мощностей, новое строительство: Причалы морских портов",Q,1,2026-06-01,rosstat
1902,vmpkmp,preliminary,['short'],[],Ввод мощностей: Перегрузочные комплексы морских портов,Q,1,2026-06-01,rosstat
1903,vmnspkmp,preliminary,['short'],['construction'],"Ввод мощностей, новое строительство: Перегрузочные комплексы морских портов",Q,1,2026-06-01,rosstat
1904,vmdvkt,preliminary,['short'],[],Ввод мощностей: Деятельность воздушного и космического транспорта,Q,1,2026-06-01,rosstat
1905,vmnsdvkt,preliminary,['short'],['construction'],"Ввод мощностей, новое строительство: Деятельность воздушного и космического транспорта",Q,1,2026-06-01,rosstat
1906,vmv,preliminary,['short'],[],Ввод мощностей: Вертодром,Q,1,2026-06-01,rosstat
1907,vmnsv,preliminary,['short'],['construction'],"Ввод мощностей, новое строительство: Вертодром",Q,1,2026-06-01,rosstat
1908,vmrkkofot,preliminary,['short'],[],"Ввод мощностей, реконструкция: Хранилища для картофеля, овощей и фруктов для организаций торговли",Q,1,2026-06-01,rosstat
1909,vmrkot,preliminary,['short'],[],"Ввод мощностей, реконструкция: Картофелехранилища для организаций 
торговли",Q,1,2026-06-01,rosstat
1910,vmpot,preliminary,['short'],[],Ввод мощностей: Плодохранилища для организаций торговли,Q,1,2026-06-01,rosstat
1911,vmnspot,preliminary,['short'],['construction'],"Ввод мощностей, новое строительство: Плодохранилища для организаций торговли",Q,1,2026-06-01,rosstat
1912,vmskpiufm,preliminary,['short'],[],"Ввод мощностей: Склады для хранения пылевидных, известковых удобрений и фосфоритной муки",Q,1,2026-06-01,rosstat
1913,vmnsskpiufm,preliminary,['short'],['construction'],"Ввод мощностей, новое строительство: Склады для хранения пылевидных, известковых удобрений и фосфоритной муки",Q,1,2026-06-01,rosstat
1914,vmskou,preliminary,['short'],[],Ввод мощностей: Склады для хранения органических удобрений,Q,1,2026-06-01,rosstat
1915,vmnsskou,preliminary,['short'],['construction'],"Ввод мощностей, новое строительство: Склады для хранения органических удобрений",Q,1,2026-06-01,rosstat
1916,vmkrp,preliminary,['short'],[],Ввод мощностей: Холодильники для рыбообрабатывающих производств,Q,1,2026-06-01,rosstat
1917,vmnskrp,preliminary,['short'],['construction'],"Ввод мощностей, новое строительство: Холодильники для рыбообрабатывающих производств",Q,1,2026-06-01,rosstat
1918,vmrapspc,preliminary,['short'],[],"Ввод мощностей, реконструкция: Аэровокзалы, пропускная способность (пассажиров в час)",Q,1,2026-06-01,rosstat
1919,vmrls,preliminary,['short'],[],Ввод мощностей: Радиорелейные линии связи,Q,1,2026-06-01,rosstat
1920,vmnsrls,preliminary,['short'],['construction'],"Ввод мощностей, новое строительство: Радиорелейные линии связи",Q,1,2026-06-01,rosstat
1921,vmrga,preliminary,['short'],[],"Ввод мощностей, реконструкция: Городские АТС",Q,1,2026-06-01,rosstat
1922,vmrvolsp,preliminary,['short'],[],"Ввод мощностей, реконструкция: Волоконно-оптические линии связи (передачи)",Q,1,2026-06-01,rosstat
1923,vmnir,preliminary,['short'],[],Ввод мощностей: Научные исследования и разработки,Q,1,2026-06-01,rosstat
1924,vmnsnir,preliminary,['short'],['construction'],"Ввод мощностей, новое строительство: Научные исследования и разработки",Q,1,2026-06-01,rosstat
1925,vmrnir,preliminary,['short'],[],"Ввод мощностей, реконструкция: Научные исследования и разработки",Q,1,2026-06-01,rosstat
1927,iokspr,preliminary,['regional_panel'],['construction'],"Инвестиции в основной капитал, % к соотв. периоду, регион",Q,672,2026-01-01,rosstat
1928,vdpotr,preliminary,['regional_panel'],[],Внереализационные доходы по прибыльным организациям (тыс. руб.),Q,2885,2026-01-01,fns
1929,rusdrpotr,preliminary,['regional_panel'],[],"Расходы, уменьшающие сумму доходов от реализации по прибыльным организациям (тыс. руб.)",Q,2885,2026-01-01,fns
1930,vrpotr,preliminary,['regional_panel'],[],Внереализационные расходы по прибыльным организациям (тыс. руб.),Q,2885,2026-01-01,fns
55837,kep1_1,archive_dead,"['dead', 'short']",['dkp_macro'],"1.1. Валовой внутренний продукт1) 2) || Объем ВВП, млрд рублей [подтаблица 1] — level (КЭП 1.1)",A,23,2021-01-01,rosstat
55838,kep1_12,preliminary,[],['dkp_macro'],"1.1. Валовой внутренний продукт1) 2) || Объем ВВП, млрд рублей [подтаблица 1] — level (КЭП 1.1)",Q,108,2025-10-01,rosstat
55839,kep1_1_y,archive_dead,"['dead', 'short']",['dkp_macro'],"1.1. Валовой внутренний продукт1) 2) || Объем ВВП, млрд рублей [подтаблица 1] — yoy (КЭП 1.1)",A,23,2021-01-01,rosstat
55840,kep1_1_y2,preliminary,[],['dkp_macro'],"1.1. Валовой внутренний продукт1) 2) || Объем ВВП, млрд рублей [подтаблица 1] — yoy (КЭП 1.1)",Q,107,2025-10-01,rosstat
55841,kep1_10,preliminary,[],[],"1.10.1. Официальный курс доллара США по отношению к рублю, на конец периода, руб./долл. (по данным Банка России) || 1.10.1. Официальный курс доллара США по отношению к рублю, на конец периода, руб./долл. (по данным Банка России) [подтаблица 1] — level (КЭП 1.10)",M,331,2026-07-01,rosstat
55842,kep1_102,preliminary,[],[],"1.10.2. Официальный курс евро по отношению к рублю,  на конец периода, руб./евро (по данным Банка России) || 1.10.2. Официальный курс евро по отношению к рублю,  на конец периода, руб./евро (по данным Банка России) [подтаблица 2] — level (КЭП 1.10)",M,331,2026-07-01,rosstat
55843,kep1_11,preliminary,[],[],"1.11. Дефицит ( – ), профицит консолидированного бюджета1)   (по данным Федерального казначейства), млрд рублей — level (КЭП 1.11)",A,27,2025-01-01,rosstat
55844,kep1_112,quarantine_data_error,['known_defect'],[],"1.11. Дефицит ( – ), профицит консолидированного бюджета1)   (по данным Федерального казначейства), млрд рублей — level (КЭП 1.11)",M,28,2026-01-01,rosstat
55845,kep1_11_s,preliminary,[],[],"1.11. Дефицит ( – ), профицит консолидированного бюджета1)   (по данным Федерального казначейства), млрд рублей — pct (КЭП 1.11)",A,27,2025-01-01,rosstat
55846,kep1_122,preliminary,[],[],"1.12. Оборот розничной торговли, млрд рублей — level (КЭП 1.12)",A,27,2025-01-01,rosstat
55847,kep1_123,preliminary,[],[],"1.12. Оборот розничной торговли, млрд рублей — level (КЭП 1.12)",M,331,2026-07-01,rosstat
55848,kep1_124,preliminary,[],[],"1.12. Оборот розничной торговли, млрд рублей — level (КЭП 1.12)",Q,110,2026-04-01,rosstat
55849,kep1_12_m,preliminary,[],[],"1.12. Оборот розничной торговли, млрд рублей — mom (КЭП 1.12)",M,330,2026-07-01,rosstat
55850,kep1_12_m2,preliminary,[],[],"1.12. Оборот розничной торговли, млрд рублей — mom (КЭП 1.12)",Q,109,2026-04-01,rosstat
55851,kep1_12_y,preliminary,[],[],"1.12. Оборот розничной торговли, млрд рублей — yoy (КЭП 1.12)",A,27,2025-01-01,rosstat
55852,kep1_12_y2,preliminary,[],[],"1.12. Оборот розничной торговли, млрд рублей — yoy (КЭП 1.12)",M,331,2026-07-01,rosstat
55853,kep1_12_y3,preliminary,[],[],"1.12. Оборот розничной торговли, млрд рублей — yoy (КЭП 1.12)",Q,110,2026-04-01,rosstat
55854,kep1_125,preliminary,[],[],"1.12.1. Оборот общественного питания, млрд рублей || 1.12.1. Оборот общественного питания, млрд рублей [подтаблица 1] [блок 2] — level (КЭП 1.12)",A,27,2025-01-01,rosstat
55855,kep1_126,preliminary,[],[],"1.12.1. Оборот общественного питания, млрд рублей || 1.12.1. Оборот общественного питания, млрд рублей [подтаблица 1] [блок 2] — level (КЭП 1.12)",M,331,2026-07-01,rosstat
55856,kep1_127,preliminary,[],[],"1.12.1. Оборот общественного питания, млрд рублей || 1.12.1. Оборот общественного питания, млрд рублей [подтаблица 1] [блок 2] — level (КЭП 1.12)",Q,110,2026-04-01,rosstat
55857,kep1_12_m3,preliminary,[],[],"1.12.1. Оборот общественного питания, млрд рублей || 1.12.1. Оборот общественного питания, млрд рублей [подтаблица 1] [блок 2] — mom (КЭП 1.12)",M,330,2026-07-01,rosstat
55858,kep1_12_m4,preliminary,[],[],"1.12.1. Оборот общественного питания, млрд рублей || 1.12.1. Оборот общественного питания, млрд рублей [подтаблица 1] [блок 2] — mom (КЭП 1.12)",Q,109,2026-04-01,rosstat
55859,kep1_12_y4,preliminary,[],[],"1.12.1. Оборот общественного питания, млрд рублей || 1.12.1. Оборот общественного питания, млрд рублей [подтаблица 1] [блок 2] — yoy (КЭП 1.12)",A,27,2025-01-01,rosstat
55860,kep1_12_y5,preliminary,[],[],"1.12.1. Оборот общественного питания, млрд рублей || 1.12.1. Оборот общественного питания, млрд рублей [подтаблица 1] [блок 2] — yoy (КЭП 1.12)",M,331,2026-07-01,rosstat
55861,kep1_12_y6,preliminary,[],[],"1.12.1. Оборот общественного питания, млрд рублей || 1.12.1. Оборот общественного питания, млрд рублей [подтаблица 1] [блок 2] — yoy (КЭП 1.12)",Q,110,2026-04-01,rosstat
55862,kep1_128,preliminary,[],[],"1.12.2. Товарные запасы в организациях розничной торговли, на конец периода4),  млрд рублей || 1.12.2. Товарные запасы в организациях розничной торговли, на конец периода4),  млрд рублей [подтаблица 2] [блок 2] — level (КЭП 1.12)",M,259,2026-07-01,rosstat
55863,kep1_12_s,preliminary,[],[],"1.12.2. Товарные запасы в организациях розничной торговли, на конец периода4),  млрд рублей || 1.12.2. Товарные запасы в организациях розничной торговли, на конец периода4),  млрд рублей [подтаблица 2] [блок 2] — pct (КЭП 1.12)",M,258,2026-07-01,rosstat
55864,kep1_129,preliminary,[],[],"1.12.2. Товарные запасы в организациях розничной торговли, на конец периода4),  млрд рублей || Обеспеченность оборота розничной торговли запасами, дней торговли [подтаблица 2] [блок 3] — level (КЭП 1.12)",M,259,2026-07-01,rosstat
55865,kep1_1210,preliminary,[],[],"food products, including beverages, and tobacco2), bln rubles [блок 1] — level (КЭП 1.12)",A,27,2025-01-01,rosstat
55866,kep1_1211,preliminary,[],[],"food products, including beverages, and tobacco2), bln rubles [блок 1] — level (КЭП 1.12)",M,331,2026-07-01,rosstat
55867,kep1_1212,preliminary,[],[],"food products, including beverages, and tobacco2), bln rubles [блок 1] — level (КЭП 1.12)",Q,110,2026-04-01,rosstat
55868,kep1_12_m5,preliminary,[],[],"food products, including beverages, and tobacco2), bln rubles [блок 1] — mom (КЭП 1.12)",M,330,2026-07-01,rosstat
55869,kep1_12_m6,preliminary,[],[],"food products, including beverages, and tobacco2), bln rubles [блок 1] — mom (КЭП 1.12)",Q,109,2026-04-01,rosstat
55870,kep1_12_y7,preliminary,[],[],"food products, including beverages, and tobacco2), bln rubles [блок 1] — yoy (КЭП 1.12)",A,27,2025-01-01,rosstat
55871,kep1_12_y8,preliminary,[],[],"food products, including beverages, and tobacco2), bln rubles [блок 1] — yoy (КЭП 1.12)",M,331,2026-07-01,rosstat
55872,kep1_12_y9,preliminary,[],[],"food products, including beverages, and tobacco2), bln rubles [блок 1] — yoy (КЭП 1.12)",Q,110,2026-04-01,rosstat
55873,kep1_1213,preliminary,[],[],"непродовольственные товары3),  млрд рублей [блок 2] — level (КЭП 1.12)",A,27,2025-01-01,rosstat
55874,kep1_1214,preliminary,[],[],"непродовольственные товары3),  млрд рублей [блок 2] — level (КЭП 1.12)",M,331,2026-07-01,rosstat
55875,kep1_1215,preliminary,[],[],"непродовольственные товары3),  млрд рублей [блок 2] — level (КЭП 1.12)",Q,110,2026-04-01,rosstat
55876,kep1_12_m7,preliminary,[],[],"непродовольственные товары3),  млрд рублей [блок 2] — mom (КЭП 1.12)",M,330,2026-07-01,rosstat
55877,kep1_12_m8,preliminary,[],[],"непродовольственные товары3),  млрд рублей [блок 2] — mom (КЭП 1.12)",Q,109,2026-04-01,rosstat
55878,kep1_12_y10,preliminary,[],[],"непродовольственные товары3),  млрд рублей [блок 2] — yoy (КЭП 1.12)",A,27,2025-01-01,rosstat
55879,kep1_12_y11,preliminary,[],[],"непродовольственные товары3),  млрд рублей [блок 2] — yoy (КЭП 1.12)",M,331,2026-07-01,rosstat
55880,kep1_12_y12,preliminary,[],[],"непродовольственные товары3),  млрд рублей [блок 2] — yoy (КЭП 1.12)",Q,110,2026-04-01,rosstat
55881,kep1_13,preliminary,[],[],"1.13. Объем платных услуг населению (по данным оперативной отчетности), млрд рублей — level (КЭП 1.13)",A,27,2025-01-01,rosstat
55882,kep1_132,preliminary,[],[],"1.13. Объем платных услуг населению (по данным оперативной отчетности), млрд рублей — level (КЭП 1.13)",M,330,2026-07-01,rosstat
55883,kep1_133,preliminary,[],[],"1.13. Объем платных услуг населению (по данным оперативной отчетности), млрд рублей — level (КЭП 1.13)",Q,109,2026-01-01,rosstat
55884,kep1_13_m,preliminary,[],[],"1.13. Объем платных услуг населению (по данным оперативной отчетности), млрд рублей — mom (КЭП 1.13)",M,318,2026-07-01,rosstat
55885,kep1_13_m2,preliminary,[],[],"1.13. Объем платных услуг населению (по данным оперативной отчетности), млрд рублей — mom (КЭП 1.13)",Q,105,2026-04-01,rosstat
55886,kep1_13_y,preliminary,[],[],"1.13. Объем платных услуг населению (по данным оперативной отчетности), млрд рублей — yoy (КЭП 1.13)",A,27,2025-01-01,rosstat
55887,kep1_13_y2,preliminary,[],[],"1.13. Объем платных услуг населению (по данным оперативной отчетности), млрд рублей — yoy (КЭП 1.13)",M,330,2026-07-01,rosstat
55888,kep1_13_y3,preliminary,[],[],"1.13. Объем платных услуг населению (по данным оперативной отчетности), млрд рублей — yoy (КЭП 1.13)",Q,109,2026-01-01,rosstat
55889,kep1_14,preliminary,[],['dkp_macro'],1.14. Индекс потребительских цен в % к предыдущему месяцу — level (КЭП 1.14),M,331,2026-07-01,rosstat
55890,kep1_14_s,preliminary,[],['dkp_macro'],1.14. Индекс потребительских цен в % к предыдущему месяцу — pct (КЭП 1.14),M,331,2026-07-01,rosstat
55891,kep1_142,preliminary,[],[],"1.14.1. Стоимость и изменение стоимости условного (минимального) набора продуктов питания  в расчете на месяц, рублей || 1.14.1. Стоимость и изменение стоимости условного (минимального) набора продуктов питания  в расчете на месяц, рублей [подтаблица 1] — level (КЭП 1.14)",M,319,2026-07-01,rosstat
55892,kep1_14_s2,preliminary,[],[],"1.14.1. Стоимость и изменение стоимости условного (минимального) набора продуктов питания  в расчете на месяц, рублей || 1.14.1. Стоимость и изменение стоимости условного (минимального) набора продуктов питания  в расчете на месяц, рублей [подтаблица 1] — pct (КЭП 1.14)",M,319,2026-07-01,rosstat
55893,kep1_14_s3,preliminary,[],[],"1.14.1. Стоимость и изменение стоимости условного (минимального) набора продуктов питания  в расчете на месяц, рублей || 1.14.1. Стоимость и изменение стоимости условного (минимального) набора продуктов питания  в расчете на месяц, рублей [подтаблица 1] — pct (КЭП 1.14)",M,319,2026-07-01,rosstat
55894,kep1_143,preliminary,[],['dkp_macro'],"1.14.2. Стоимость и изменение стоимости фиксированного набора потребительских товаров и услуг  в расчете на месяц, рублей || 1.14.2. Стоимость и изменение стоимости фиксированного набора потребительских товаров и услуг  в расчете на месяц, рублей [подтаблица 2] — level (КЭП 1.14)",M,307,2026-07-01,rosstat
55895,kep1_14_s4,preliminary,[],['dkp_macro'],"1.14.2. Стоимость и изменение стоимости фиксированного набора потребительских товаров и услуг  в расчете на месяц, рублей || 1.14.2. Стоимость и изменение стоимости фиксированного набора потребительских товаров и услуг  в расчете на месяц, рублей [подтаблица 2] — pct (КЭП 1.14)",M,307,2026-07-01,rosstat
55896,kep1_14_s5,preliminary,[],['dkp_macro'],"1.14.2. Стоимость и изменение стоимости фиксированного набора потребительских товаров и услуг  в расчете на месяц, рублей || 1.14.2. Стоимость и изменение стоимости фиксированного набора потребительских товаров и услуг  в расчете на месяц, рублей [подтаблица 2] — pct (КЭП 1.14)",M,307,2026-07-01,rosstat
55897,kep1_15,preliminary,[],[],"1.15. Оборот оптовой торговли, млрд рублей — level (КЭП 1.15)",A,25,2025-01-01,rosstat
55898,kep1_152,preliminary,[],[],"1.15. Оборот оптовой торговли, млрд рублей — level (КЭП 1.15)",M,307,2026-07-01,rosstat
55899,kep1_153,preliminary,[],[],"1.15. Оборот оптовой торговли, млрд рублей — level (КЭП 1.15)",Q,101,2026-04-01,rosstat
55900,kep1_15_m,preliminary,[],[],Индекс физического объема оборота оптовой торговли [блок 1] — mom (КЭП 1.15),M,295,2026-07-01,rosstat
55901,kep1_15_m2,preliminary,[],[],Индекс физического объема оборота оптовой торговли [блок 1] — mom (КЭП 1.15),Q,98,2026-04-01,rosstat
55902,kep1_15_y,preliminary,[],[],Индекс физического объема оборота оптовой торговли [блок 1] — yoy (КЭП 1.15),A,25,2025-01-01,rosstat
55903,kep1_15_y2,preliminary,[],[],Индекс физического объема оборота оптовой торговли [блок 1] — yoy (КЭП 1.15),M,307,2026-07-01,rosstat
55904,kep1_15_y3,preliminary,[],[],Индекс физического объема оборота оптовой торговли [блок 1] — yoy (КЭП 1.15),Q,102,2026-04-01,rosstat
55905,kep1_2__1999_2013_m,archive_dead,['dead'],['dkp_macro'],1.2. Индекс промышленного производства1)  (без исключения сезонности и фактора времени) — mom (КЭП 1.2 (1999-2013)),Q,24,2013-10-01,rosstat
55906,kep1_2__1999_2013_y,archive_dead,"['dead', 'short']",['dkp_macro'],1.2. Индекс промышленного производства1)  (без исключения сезонности и фактора времени) — yoy (КЭП 1.2 (1999-2013)),A,15,2013-01-01,rosstat
55907,kep1_2__1999_2013_y2,archive_dead,['dead'],['dkp_macro'],1.2. Индекс промышленного производства1)  (без исключения сезонности и фактора времени) — yoy (КЭП 1.2 (1999-2013)),Q,24,2013-10-01,rosstat
55908,kep1_2__1999_2013,archive_dead,['dead'],[],1.2.1. Индексы производства по видам деятельности2)  (без исключения сезонности и фактора времени) || отчетный месяц в % к предыдущему месяцу [подтаблица 1] [блок 2] — level (КЭП 1.2 (1999-2013)),Q,24,2013-10-01,rosstat
55909,kep1_2__1999_20132,archive_dead,['dead'],[],1.2.1. Индексы производства по видам деятельности2)  (без исключения сезонности и фактора времени) || отчетный месяц в % к предыдущему месяцу [подтаблица 1] [блок 4] — level (КЭП 1.2 (1999-2013)),Q,24,2013-10-01,rosstat
55910,kep1_2__1999_20133,archive_dead,['dead'],[],1.2.1. Индексы производства по видам деятельности2)  (без исключения сезонности и фактора времени) || отчетный месяц в % к предыдущему месяцу [подтаблица 1] [блок 6] — level (КЭП 1.2 (1999-2013)),Q,24,2013-10-01,rosstat
55911,kep1_2__1999_20134,archive_dead,['dead'],[],1.2.1. Индексы производства по видам деятельности2)  (без исключения сезонности и фактора времени) || отчетный месяц в % к соответствующему месяцу предыдущего года [подтаблица 1] [блок 1] — level (КЭП 1.2 (1999-2013)),Q,24,2013-10-01,rosstat
55912,kep1_2__1999_20135,archive_dead,['dead'],[],1.2.1. Индексы производства по видам деятельности2)  (без исключения сезонности и фактора времени) || отчетный месяц в % к соответствующему месяцу предыдущего года [подтаблица 1] [блок 3] — level (КЭП 1.2 (1999-2013)),Q,24,2013-10-01,rosstat
55913,kep1_2__1999_20136,archive_dead,['dead'],[],1.2.1. Индексы производства по видам деятельности2)  (без исключения сезонности и фактора времени) || отчетный месяц в % к соответствующему месяцу предыдущего года [подтаблица 1] [блок 5] — level (КЭП 1.2 (1999-2013)),Q,24,2013-10-01,rosstat
55914,kep1_2__2014_2026_m,preliminary,[],['dkp_macro'],1.2. Индекс промышленного производства1)  (без исключения сезонности и фактора времени) — mom (КЭП 1.2 (2014-2026)),Q,36,2025-10-01,rosstat
55915,kep1_2__2014_2026_y,preliminary,['short'],['dkp_macro'],1.2. Индекс промышленного производства1)  (без исключения сезонности и фактора времени) — yoy (КЭП 1.2 (2014-2026)),A,12,2025-01-01,rosstat
55916,kep1_2__2014_2026_y2,preliminary,[],['dkp_macro'],1.2. Индекс промышленного производства1)  (без исключения сезонности и фактора времени) — yoy (КЭП 1.2 (2014-2026)),Q,36,2025-10-01,rosstat
55917,kep1_2__2014_2026,preliminary,[],[],1.2.1. Индексы производства по видам деятельности3)  (без исключения сезонности и фактора времени) || отчетный месяц в % к предыдущему месяцу [подтаблица 1] [блок 2] — level (КЭП 1.2 (2014-2026)),Q,36,2025-10-01,rosstat
55918,kep1_2__2014_20262,preliminary,[],[],1.2.1. Индексы производства по видам деятельности3)  (без исключения сезонности и фактора времени) || отчетный месяц в % к предыдущему месяцу [подтаблица 1] [блок 4] — level (КЭП 1.2 (2014-2026)),Q,36,2025-10-01,rosstat
55919,kep1_2__2014_20263,preliminary,[],[],1.2.1. Индексы производства по видам деятельности3)  (без исключения сезонности и фактора времени) || отчетный месяц в % к предыдущему месяцу [подтаблица 1] [блок 6] — level (КЭП 1.2 (2014-2026)),Q,36,2025-10-01,rosstat
55920,kep1_2__2014_20264,preliminary,[],[],1.2.1. Индексы производства по видам деятельности3)  (без исключения сезонности и фактора времени) || отчетный месяц в % к предыдущему месяцу [подтаблица 1] [блок 8] — level (КЭП 1.2 (2014-2026)),Q,36,2025-10-01,rosstat
55921,kep1_2__2014_20265,preliminary,[],[],1.2.1. Индексы производства по видам деятельности3)  (без исключения сезонности и фактора времени) || отчетный месяц в % к соответствующему месяцу предыдущего года [подтаблица 1] [блок 1] — level (КЭП 1.2 (2014-2026)),Q,36,2025-10-01,rosstat
55922,kep1_2__2014_20266,preliminary,[],[],1.2.1. Индексы производства по видам деятельности3)  (без исключения сезонности и фактора времени) || отчетный месяц в % к соответствующему месяцу предыдущего года [подтаблица 1] [блок 3] — level (КЭП 1.2 (2014-2026)),Q,36,2025-10-01,rosstat
55923,kep1_2__2014_20267,preliminary,[],[],1.2.1. Индексы производства по видам деятельности3)  (без исключения сезонности и фактора времени) || отчетный месяц в % к соответствующему месяцу предыдущего года [подтаблица 1] [блок 5] — level (КЭП 1.2 (2014-2026)),Q,36,2025-10-01,rosstat
55924,kep1_2__2014_20268,preliminary,[],[],1.2.1. Индексы производства по видам деятельности3)  (без исключения сезонности и фактора времени) || отчетный месяц в % к соответствующему месяцу предыдущего года [подтаблица 1] [блок 7] — level (КЭП 1.2 (2014-2026)),Q,36,2025-10-01,rosstat
55925,kep1_3_y,preliminary,[],[],1.3. Индекс производства продукции сельского хозяйства в хозяйствах всех категорий — yoy (КЭП 1.3),A,27,2025-01-01,rosstat
55926,kep1_3_y2,preliminary,[],[],1.3. Индекс производства продукции сельского хозяйства в хозяйствах всех категорий — yoy (КЭП 1.3),Q,110,2026-04-01,rosstat
55927,kep1_4,preliminary,[],[],"Молоко, тыс.тонн [блок 1] — level (КЭП 1.4)",A,27,2025-01-01,rosstat
55928,kep1_42,preliminary,[],[],"Молоко, тыс.тонн [блок 1] — level (КЭП 1.4)",M,331,2026-07-01,rosstat
55929,kep1_43,preliminary,[],[],"Молоко, тыс.тонн [блок 1] — level (КЭП 1.4)",Q,110,2026-04-01,rosstat
55930,kep1_4_y,preliminary,[],[],"Молоко, тыс.тонн [блок 1] — yoy (КЭП 1.4)",A,27,2025-01-01,rosstat
55931,kep1_4_y2,preliminary,[],[],"Молоко, тыс.тонн [блок 1] — yoy (КЭП 1.4)",M,328,2026-07-01,rosstat
55932,kep1_4_y3,preliminary,[],[],"Молоко, тыс.тонн [блок 1] — yoy (КЭП 1.4)",Q,109,2026-04-01,rosstat
55933,kep1_44,preliminary,[],[],"Скот и птица  на убой в живом весе, тыс.тонн — level (КЭП 1.4)",A,27,2025-01-01,rosstat
55934,kep1_45,preliminary,[],[],"Скот и птица  на убой в живом весе, тыс.тонн — level (КЭП 1.4)",M,331,2026-07-01,rosstat
55935,kep1_46,preliminary,[],[],"Скот и птица  на убой в живом весе, тыс.тонн — level (КЭП 1.4)",Q,110,2026-04-01,rosstat
55936,kep1_4_y4,preliminary,[],[],"Скот и птица  на убой в живом весе, тыс.тонн — yoy (КЭП 1.4)",A,27,2025-01-01,rosstat
55937,kep1_4_y5,preliminary,[],[],"Скот и птица  на убой в живом весе, тыс.тонн — yoy (КЭП 1.4)",M,327,2026-07-01,rosstat
55938,kep1_4_y6,preliminary,[],[],"Скот и птица  на убой в живом весе, тыс.тонн — yoy (КЭП 1.4)",Q,109,2026-04-01,rosstat
55939,kep1_47,preliminary,[],[],"Яйца, млн штук [блок 2] — level (КЭП 1.4)",A,27,2025-01-01,rosstat
55940,kep1_48,preliminary,[],[],"Яйца, млн штук [блок 2] — level (КЭП 1.4)",M,324,2025-12-01,rosstat
55941,kep1_49,preliminary,[],[],"Яйца, млн штук [блок 2] — level (КЭП 1.4)",Q,108,2025-10-01,rosstat
55942,kep1_4_y7,preliminary,[],[],"Яйца, млн штук [блок 2] — yoy (КЭП 1.4)",A,27,2025-01-01,rosstat
55943,kep1_4_y8,preliminary,[],[],"Яйца, млн штук [блок 2] — yoy (КЭП 1.4)",M,328,2026-07-01,rosstat
55944,kep1_4_y9,preliminary,[],[],"Яйца, млн штук [блок 2] — yoy (КЭП 1.4)",Q,108,2026-04-01,rosstat
55945,kep1_5,preliminary,[],[],"1.5. Грузооборот транспорта, включая коммерческий и некоммерческий грузооборот, млрд тонно-км — level (КЭП 1.5)",A,27,2025-01-01,rosstat
55946,kep1_52,preliminary,[],[],"1.5. Грузооборот транспорта, включая коммерческий и некоммерческий грузооборот, млрд тонно-км — level (КЭП 1.5)",M,324,2025-12-01,rosstat
55947,kep1_53,preliminary,[],[],"1.5. Грузооборот транспорта, включая коммерческий и некоммерческий грузооборот, млрд тонно-км — level (КЭП 1.5)",Q,108,2025-10-01,rosstat
55948,kep1_5_m,preliminary,[],[],"1.5. Грузооборот транспорта, включая коммерческий и некоммерческий грузооборот, млрд тонно-км — mom (КЭП 1.5)",M,322,2025-12-01,rosstat
55949,kep1_5_m2,preliminary,[],[],"1.5. Грузооборот транспорта, включая коммерческий и некоммерческий грузооборот, млрд тонно-км — mom (КЭП 1.5)",Q,106,2025-10-01,rosstat
55950,kep1_5_y,preliminary,[],[],"1.5. Грузооборот транспорта, включая коммерческий и некоммерческий грузооборот, млрд тонно-км — yoy (КЭП 1.5)",A,26,2025-01-01,rosstat
55951,kep1_5_y2,preliminary,[],[],"1.5. Грузооборот транспорта, включая коммерческий и некоммерческий грузооборот, млрд тонно-км — yoy (КЭП 1.5)",M,312,2025-12-01,rosstat
55952,kep1_5_y3,preliminary,[],[],"1.5. Грузооборот транспорта, включая коммерческий и некоммерческий грузооборот, млрд тонно-км — yoy (КЭП 1.5)",Q,104,2025-10-01,rosstat
55953,kep1_54,preliminary,['short'],[],"Грузооборот автомобильного транспорта, включая коммерческий и некоммерческий грузооборот, млрд тонно-км [блок 3] — level (КЭП 1.5)",A,10,2025-01-01,rosstat
55954,kep1_55,preliminary,[],[],"Грузооборот автомобильного транспорта, включая коммерческий и некоммерческий грузооборот, млрд тонно-км [блок 3] — level (КЭП 1.5)",M,120,2025-12-01,rosstat
55955,kep1_56,preliminary,[],[],"Грузооборот автомобильного транспорта, включая коммерческий и некоммерческий грузооборот, млрд тонно-км [блок 3] — level (КЭП 1.5)",Q,40,2025-10-01,rosstat
55956,kep1_5_m3,preliminary,[],[],"Грузооборот автомобильного транспорта, включая коммерческий и некоммерческий грузооборот, млрд тонно-км [блок 3] — mom (КЭП 1.5)",M,120,2025-12-01,rosstat
55957,kep1_5_m4,preliminary,[],[],"Грузооборот автомобильного транспорта, включая коммерческий и некоммерческий грузооборот, млрд тонно-км [блок 3] — mom (КЭП 1.5)",Q,40,2025-10-01,rosstat
55958,kep1_5_y4,preliminary,['short'],[],"Грузооборот автомобильного транспорта, включая коммерческий и некоммерческий грузооборот, млрд тонно-км [блок 3] — yoy (КЭП 1.5)",A,10,2025-01-01,rosstat
55959,kep1_5_y5,preliminary,[],[],"Грузооборот автомобильного транспорта, включая коммерческий и некоммерческий грузооборот, млрд тонно-км [блок 3] — yoy (КЭП 1.5)",M,120,2025-12-01,rosstat
55960,kep1_5_y6,preliminary,[],[],"Грузооборот автомобильного транспорта, включая коммерческий и некоммерческий грузооборот, млрд тонно-км [блок 3] — yoy (КЭП 1.5)",Q,40,2025-10-01,rosstat
55961,kep1_57,preliminary,['short'],[],"Грузооборот внутреннего водного транспорта3), млрд тонно-км [блок 7] — level (КЭП 1.5)",A,10,2025-01-01,rosstat
55962,kep1_58,preliminary,[],[],"Грузооборот внутреннего водного транспорта3), млрд тонно-км [блок 7] — level (КЭП 1.5)",M,127,2026-07-01,rosstat
55963,kep1_59,preliminary,[],[],"Грузооборот внутреннего водного транспорта3), млрд тонно-км [блок 7] — level (КЭП 1.5)",Q,42,2026-04-01,rosstat
55964,kep1_5_m5,preliminary,[],[],"Грузооборот внутреннего водного транспорта3), млрд тонно-км [блок 7] — mom (КЭП 1.5)",M,127,2026-07-01,rosstat
55965,kep1_5_m6,preliminary,[],[],"Грузооборот внутреннего водного транспорта3), млрд тонно-км [блок 7] — mom (КЭП 1.5)",Q,42,2026-04-01,rosstat
55966,kep1_5_y7,preliminary,['short'],[],"Грузооборот внутреннего водного транспорта3), млрд тонно-км [блок 7] — yoy (КЭП 1.5)",A,10,2025-01-01,rosstat
55967,kep1_5_y8,preliminary,[],[],"Грузооборот внутреннего водного транспорта3), млрд тонно-км [блок 7] — yoy (КЭП 1.5)",M,127,2026-07-01,rosstat
55968,kep1_5_y9,preliminary,[],[],"Грузооборот внутреннего водного транспорта3), млрд тонно-км [блок 7] — yoy (КЭП 1.5)",Q,42,2026-04-01,rosstat
55969,kep1_510,preliminary,['short'],[],"Грузооборот воздушного транспорта4), млрд тонно-км [блок 9] — level (КЭП 1.5)",A,10,2025-01-01,rosstat
55970,kep1_511,preliminary,[],[],"Грузооборот воздушного транспорта4), млрд тонно-км [блок 9] — level (КЭП 1.5)",M,126,2026-07-01,rosstat
55971,kep1_512,preliminary,[],[],"Грузооборот воздушного транспорта4), млрд тонно-км [блок 9] — level (КЭП 1.5)",Q,42,2026-04-01,rosstat
55972,kep1_5_m7,preliminary,[],[],"Грузооборот воздушного транспорта4), млрд тонно-км [блок 9] — mom (КЭП 1.5)",M,125,2026-07-01,rosstat
55973,kep1_5_m8,preliminary,[],[],"Грузооборот воздушного транспорта4), млрд тонно-км [блок 9] — mom (КЭП 1.5)",Q,41,2026-01-01,rosstat
55974,kep1_5_y10,preliminary,['short'],[],"Грузооборот воздушного транспорта4), млрд тонно-км [блок 9] — yoy (КЭП 1.5)",A,10,2025-01-01,rosstat
55975,kep1_5_y11,preliminary,[],[],"Грузооборот воздушного транспорта4), млрд тонно-км [блок 9] — yoy (КЭП 1.5)",M,126,2026-07-01,rosstat
55976,kep1_5_y12,preliminary,[],[],"Грузооборот воздушного транспорта4), млрд тонно-км [блок 9] — yoy (КЭП 1.5)",Q,41,2026-01-01,rosstat
55977,kep1_513,preliminary,['short'],[],"Грузооборот железнодорожного транспорта, млрд тонно-км [блок 2] — level (КЭП 1.5)",A,10,2025-01-01,rosstat
55978,kep1_514,preliminary,[],[],"Грузооборот железнодорожного транспорта, млрд тонно-км [блок 2] — level (КЭП 1.5)",M,125,2026-07-01,rosstat
55979,kep1_515,preliminary,[],[],"Грузооборот железнодорожного транспорта, млрд тонно-км [блок 2] — level (КЭП 1.5)",Q,41,2026-01-01,rosstat
55980,kep1_5_m9,preliminary,[],[],"Грузооборот железнодорожного транспорта, млрд тонно-км [блок 2] — mom (КЭП 1.5)",M,125,2026-07-01,rosstat
55981,kep1_5_m10,preliminary,[],[],"Грузооборот железнодорожного транспорта, млрд тонно-км [блок 2] — mom (КЭП 1.5)",Q,42,2026-04-01,rosstat
55982,kep1_5_y13,preliminary,['short'],[],"Грузооборот железнодорожного транспорта, млрд тонно-км [блок 2] — yoy (КЭП 1.5)",A,10,2025-01-01,rosstat
55983,kep1_5_y14,preliminary,[],[],"Грузооборот железнодорожного транспорта, млрд тонно-км [блок 2] — yoy (КЭП 1.5)",M,125,2026-07-01,rosstat
55984,kep1_5_y15,preliminary,[],[],"Грузооборот железнодорожного транспорта, млрд тонно-км [блок 2] — yoy (КЭП 1.5)",Q,42,2026-04-01,rosstat
55985,kep1_516,preliminary,['short'],[],"Грузооборот морского транспорта3), млрд тонно-км [блок 5] — level (КЭП 1.5)",A,10,2025-01-01,rosstat
55986,kep1_517,preliminary,[],[],"Грузооборот морского транспорта3), млрд тонно-км [блок 5] — level (КЭП 1.5)",M,127,2026-07-01,rosstat
55987,kep1_518,preliminary,[],[],"Грузооборот морского транспорта3), млрд тонно-км [блок 5] — level (КЭП 1.5)",Q,42,2026-04-01,rosstat
55988,kep1_5_m11,preliminary,[],[],"Грузооборот морского транспорта3), млрд тонно-км [блок 5] — mom (КЭП 1.5)",M,127,2026-07-01,rosstat
55989,kep1_5_m12,preliminary,[],[],"Грузооборот морского транспорта3), млрд тонно-км [блок 5] — mom (КЭП 1.5)",Q,42,2026-04-01,rosstat
55990,kep1_5_y16,preliminary,['short'],[],"Грузооборот морского транспорта3), млрд тонно-км [блок 5] — yoy (КЭП 1.5)",A,10,2025-01-01,rosstat
55991,kep1_5_y17,preliminary,[],[],"Грузооборот морского транспорта3), млрд тонно-км [блок 5] — yoy (КЭП 1.5)",M,127,2026-07-01,rosstat
55992,kep1_5_y18,preliminary,[],[],"Грузооборот морского транспорта3), млрд тонно-км [блок 5] — yoy (КЭП 1.5)",Q,42,2026-04-01,rosstat
55993,kep1_519,preliminary,['short'],[],"Грузооборот трубопроводного транспорта, млрд тонно-км [блок 11] — level (КЭП 1.5)",A,10,2025-01-01,rosstat
55994,kep1_520,preliminary,[],[],"Грузооборот трубопроводного транспорта, млрд тонно-км [блок 11] — level (КЭП 1.5)",M,127,2026-07-01,rosstat
55995,kep1_521,preliminary,[],[],"Грузооборот трубопроводного транспорта, млрд тонно-км [блок 11] — level (КЭП 1.5)",Q,42,2026-04-01,rosstat
55996,kep1_5_m13,preliminary,[],[],"Грузооборот трубопроводного транспорта, млрд тонно-км [блок 11] — mom (КЭП 1.5)",M,127,2026-07-01,rosstat
55997,kep1_5_m14,preliminary,[],[],"Грузооборот трубопроводного транспорта, млрд тонно-км [блок 11] — mom (КЭП 1.5)",Q,42,2026-04-01,rosstat
55998,kep1_5_y19,preliminary,['short'],[],"Грузооборот трубопроводного транспорта, млрд тонно-км [блок 11] — yoy (КЭП 1.5)",A,10,2025-01-01,rosstat
55999,kep1_5_y20,preliminary,[],[],"Грузооборот трубопроводного транспорта, млрд тонно-км [блок 11] — yoy (КЭП 1.5)",M,127,2026-07-01,rosstat
56000,kep1_5_y21,preliminary,[],[],"Грузооборот трубопроводного транспорта, млрд тонно-км [блок 11] — yoy (КЭП 1.5)",Q,42,2026-04-01,rosstat
56001,kep1_522,preliminary,['short'],[],"Коммерческая перевозка грузов транспортом, млн тонн [блок 14] — level (КЭП 1.5)",A,10,2025-01-01,rosstat
56002,kep1_523,preliminary,[],[],"Коммерческая перевозка грузов транспортом, млн тонн [блок 14] — level (КЭП 1.5)",M,120,2025-12-01,rosstat
56003,kep1_524,preliminary,[],[],"Коммерческая перевозка грузов транспортом, млн тонн [блок 14] — level (КЭП 1.5)",Q,40,2025-10-01,rosstat
56004,kep1_5_m15,preliminary,[],[],"Коммерческая перевозка грузов транспортом, млн тонн [блок 14] — mom (КЭП 1.5)",M,120,2025-12-01,rosstat
56005,kep1_5_m16,preliminary,[],[],"Коммерческая перевозка грузов транспортом, млн тонн [блок 14] — mom (КЭП 1.5)",Q,40,2025-10-01,rosstat
56006,kep1_5_y22,preliminary,['short'],[],"Коммерческая перевозка грузов транспортом, млн тонн [блок 14] — yoy (КЭП 1.5)",A,10,2025-01-01,rosstat
56007,kep1_5_y23,preliminary,[],[],"Коммерческая перевозка грузов транспортом, млн тонн [блок 14] — yoy (КЭП 1.5)",M,120,2025-12-01,rosstat
56008,kep1_5_y24,preliminary,[],[],"Коммерческая перевозка грузов транспортом, млн тонн [блок 14] — yoy (КЭП 1.5)",Q,40,2025-10-01,rosstat
56009,kep1_525,preliminary,['short'],[],"Коммерческий грузооборот автомобильного транспорта, млрд тонно-км [блок 15] — level (КЭП 1.5)",A,10,2025-01-01,rosstat
56010,kep1_526,preliminary,[],[],"Коммерческий грузооборот автомобильного транспорта, млрд тонно-км [блок 15] — level (КЭП 1.5)",M,120,2025-12-01,rosstat
56011,kep1_527,preliminary,[],[],"Коммерческий грузооборот автомобильного транспорта, млрд тонно-км [блок 15] — level (КЭП 1.5)",Q,40,2025-10-01,rosstat
56012,kep1_5_m17,preliminary,[],[],"Коммерческий грузооборот автомобильного транспорта, млрд тонно-км [блок 15] — mom (КЭП 1.5)",M,120,2025-12-01,rosstat
56013,kep1_5_m18,preliminary,[],[],"Коммерческий грузооборот автомобильного транспорта, млрд тонно-км [блок 15] — mom (КЭП 1.5)",Q,40,2025-10-01,rosstat
56014,kep1_5_y25,preliminary,['short'],[],"Коммерческий грузооборот автомобильного транспорта, млрд тонно-км [блок 15] — yoy (КЭП 1.5)",A,10,2025-01-01,rosstat
56015,kep1_5_y26,preliminary,[],[],"Коммерческий грузооборот автомобильного транспорта, млрд тонно-км [блок 15] — yoy (КЭП 1.5)",M,120,2025-12-01,rosstat
56016,kep1_5_y27,preliminary,[],[],"Коммерческий грузооборот автомобильного транспорта, млрд тонно-км [блок 15] — yoy (КЭП 1.5)",Q,40,2025-10-01,rosstat
56017,kep1_528,preliminary,[],[],"Коммерческий грузооборот транспорта, млрд тонно-км [блок 13] — level (КЭП 1.5)",A,27,2025-01-01,rosstat
56018,kep1_529,preliminary,[],[],"Коммерческий грузооборот транспорта, млрд тонно-км [блок 13] — level (КЭП 1.5)",M,324,2025-12-01,rosstat
56019,kep1_530,preliminary,[],[],"Коммерческий грузооборот транспорта, млрд тонно-км [блок 13] — level (КЭП 1.5)",Q,108,2025-10-01,rosstat
56020,kep1_5_m19,preliminary,[],[],"Коммерческий грузооборот транспорта, млрд тонно-км [блок 13] — mom (КЭП 1.5)",M,323,2025-12-01,rosstat
56021,kep1_5_m20,preliminary,[],[],"Коммерческий грузооборот транспорта, млрд тонно-км [блок 13] — mom (КЭП 1.5)",Q,107,2025-10-01,rosstat
56022,kep1_5_y28,preliminary,[],[],"Коммерческий грузооборот транспорта, млрд тонно-км [блок 13] — yoy (КЭП 1.5)",A,27,2025-01-01,rosstat
56023,kep1_5_y29,preliminary,[],[],"Коммерческий грузооборот транспорта, млрд тонно-км [блок 13] — yoy (КЭП 1.5)",M,324,2025-12-01,rosstat
56024,kep1_5_y30,preliminary,[],[],"Коммерческий грузооборот транспорта, млрд тонно-км [блок 13] — yoy (КЭП 1.5)",Q,108,2025-10-01,rosstat
56025,kep1_531,preliminary,['short'],[],"Перевезено грузов автомобильным транспортом на коммерческой основе, млн тонн [блок 16] — level (КЭП 1.5)",A,10,2025-01-01,rosstat
56026,kep1_532,preliminary,[],[],"Перевезено грузов автомобильным транспортом на коммерческой основе, млн тонн [блок 16] — level (КЭП 1.5)",M,120,2025-12-01,rosstat
56027,kep1_533,preliminary,[],[],"Перевезено грузов автомобильным транспортом на коммерческой основе, млн тонн [блок 16] — level (КЭП 1.5)",Q,40,2025-10-01,rosstat
56028,kep1_5_m21,preliminary,[],[],"Перевезено грузов автомобильным транспортом на коммерческой основе, млн тонн [блок 16] — mom (КЭП 1.5)",M,120,2025-12-01,rosstat
56029,kep1_5_m22,preliminary,[],[],"Перевезено грузов автомобильным транспортом на коммерческой основе, млн тонн [блок 16] — mom (КЭП 1.5)",Q,40,2025-10-01,rosstat
56030,kep1_5_y31,preliminary,['short'],[],"Перевезено грузов автомобильным транспортом на коммерческой основе, млн тонн [блок 16] — yoy (КЭП 1.5)",A,10,2025-01-01,rosstat
56031,kep1_5_y32,preliminary,[],[],"Перевезено грузов автомобильным транспортом на коммерческой основе, млн тонн [блок 16] — yoy (КЭП 1.5)",M,120,2025-12-01,rosstat
56032,kep1_5_y33,preliminary,[],[],"Перевезено грузов автомобильным транспортом на коммерческой основе, млн тонн [блок 16] — yoy (КЭП 1.5)",Q,40,2025-10-01,rosstat
56033,kep1_534,preliminary,['short'],[],"Перевезено грузов автомобильным транспортом, млн тонн [блок 4] — level (КЭП 1.5)",A,10,2025-01-01,rosstat
56034,kep1_535,preliminary,[],[],"Перевезено грузов автомобильным транспортом, млн тонн [блок 4] — level (КЭП 1.5)",M,120,2025-12-01,rosstat
56035,kep1_536,preliminary,[],[],"Перевезено грузов автомобильным транспортом, млн тонн [блок 4] — level (КЭП 1.5)",Q,40,2025-10-01,rosstat
56036,kep1_5_m23,preliminary,[],[],"Перевезено грузов автомобильным транспортом, млн тонн [блок 4] — mom (КЭП 1.5)",M,120,2025-12-01,rosstat
56037,kep1_5_m24,preliminary,[],[],"Перевезено грузов автомобильным транспортом, млн тонн [блок 4] — mom (КЭП 1.5)",Q,40,2025-10-01,rosstat
56038,kep1_5_y34,preliminary,['short'],[],"Перевезено грузов автомобильным транспортом, млн тонн [блок 4] — yoy (КЭП 1.5)",A,10,2025-01-01,rosstat
56039,kep1_5_y35,preliminary,[],[],"Перевезено грузов автомобильным транспортом, млн тонн [блок 4] — yoy (КЭП 1.5)",M,120,2025-12-01,rosstat
56040,kep1_5_y36,preliminary,[],[],"Перевезено грузов автомобильным транспортом, млн тонн [блок 4] — yoy (КЭП 1.5)",Q,40,2025-10-01,rosstat
56041,kep1_537,preliminary,['short'],[],"Перевезено грузов внутренним водным транспортом3), млн тонн [блок 8] — level (КЭП 1.5)",A,10,2025-01-01,rosstat
56042,kep1_538,preliminary,[],[],"Перевезено грузов внутренним водным транспортом3), млн тонн [блок 8] — level (КЭП 1.5)",M,127,2026-07-01,rosstat
56043,kep1_539,preliminary,[],[],"Перевезено грузов внутренним водным транспортом3), млн тонн [блок 8] — level (КЭП 1.5)",Q,42,2026-04-01,rosstat
56044,kep1_5_m25,preliminary,[],[],"Перевезено грузов внутренним водным транспортом3), млн тонн [блок 8] — mom (КЭП 1.5)",M,127,2026-07-01,rosstat
56045,kep1_5_m26,preliminary,[],[],"Перевезено грузов внутренним водным транспортом3), млн тонн [блок 8] — mom (КЭП 1.5)",Q,42,2026-04-01,rosstat
56046,kep1_5_y37,preliminary,['short'],[],"Перевезено грузов внутренним водным транспортом3), млн тонн [блок 8] — yoy (КЭП 1.5)",A,10,2025-01-01,rosstat
56047,kep1_5_y38,preliminary,[],[],"Перевезено грузов внутренним водным транспортом3), млн тонн [блок 8] — yoy (КЭП 1.5)",M,127,2026-07-01,rosstat
56048,kep1_5_y39,preliminary,[],[],"Перевезено грузов внутренним водным транспортом3), млн тонн [блок 8] — yoy (КЭП 1.5)",Q,42,2026-04-01,rosstat
56049,kep1_540,preliminary,['short'],[],"Перевезено грузов воздушным транспортом5), тыс тонн [блок 10] — level (КЭП 1.5)",A,10,2025-01-01,rosstat
56050,kep1_541,preliminary,[],[],"Перевезено грузов воздушным транспортом5), тыс тонн [блок 10] — level (КЭП 1.5)",M,120,2025-12-01,rosstat
56051,kep1_542,preliminary,[],[],"Перевезено грузов воздушным транспортом5), тыс тонн [блок 10] — level (КЭП 1.5)",Q,40,2025-10-01,rosstat
56052,kep1_5_m27,preliminary,[],[],"Перевезено грузов воздушным транспортом5), тыс тонн [блок 10] — mom (КЭП 1.5)",M,120,2025-12-01,rosstat
56053,kep1_5_m28,preliminary,[],[],"Перевезено грузов воздушным транспортом5), тыс тонн [блок 10] — mom (КЭП 1.5)",Q,40,2025-10-01,rosstat
56054,kep1_5_y40,preliminary,['short'],[],"Перевезено грузов воздушным транспортом5), тыс тонн [блок 10] — yoy (КЭП 1.5)",A,10,2025-01-01,rosstat
56055,kep1_5_y41,preliminary,[],[],"Перевезено грузов воздушным транспортом5), тыс тонн [блок 10] — yoy (КЭП 1.5)",M,120,2025-12-01,rosstat
56056,kep1_5_y42,preliminary,[],[],"Перевезено грузов воздушным транспортом5), тыс тонн [блок 10] — yoy (КЭП 1.5)",Q,40,2025-10-01,rosstat
56057,kep1_543,preliminary,['short'],[],"Перевезено грузов морским транспортом3), млн тонн [блок 6] — level (КЭП 1.5)",A,10,2025-01-01,rosstat
56058,kep1_544,preliminary,[],[],"Перевезено грузов морским транспортом3), млн тонн [блок 6] — level (КЭП 1.5)",M,127,2026-07-01,rosstat
56059,kep1_545,preliminary,[],[],"Перевезено грузов морским транспортом3), млн тонн [блок 6] — level (КЭП 1.5)",Q,42,2026-04-01,rosstat
56060,kep1_5_m29,preliminary,[],[],"Перевезено грузов морским транспортом3), млн тонн [блок 6] — mom (КЭП 1.5)",M,127,2026-07-01,rosstat
56061,kep1_5_m30,preliminary,[],[],"Перевезено грузов морским транспортом3), млн тонн [блок 6] — mom (КЭП 1.5)",Q,42,2026-04-01,rosstat
56062,kep1_5_y43,preliminary,['short'],[],"Перевезено грузов морским транспортом3), млн тонн [блок 6] — yoy (КЭП 1.5)",A,10,2025-01-01,rosstat
56063,kep1_5_y44,preliminary,[],[],"Перевезено грузов морским транспортом3), млн тонн [блок 6] — yoy (КЭП 1.5)",M,127,2026-07-01,rosstat
56064,kep1_5_y45,preliminary,[],[],"Перевезено грузов морским транспортом3), млн тонн [блок 6] — yoy (КЭП 1.5)",Q,42,2026-04-01,rosstat
56065,kep1_546,preliminary,['short'],[],"Перевезено грузов трубопроводным транспортом, млн тонн [блок 12] — level (КЭП 1.5)",A,10,2025-01-01,rosstat
56066,kep1_547,preliminary,[],[],"Перевезено грузов трубопроводным транспортом, млн тонн [блок 12] — level (КЭП 1.5)",M,127,2026-07-01,rosstat
56067,kep1_548,preliminary,[],[],"Перевезено грузов трубопроводным транспортом, млн тонн [блок 12] — level (КЭП 1.5)",Q,42,2026-04-01,rosstat
56068,kep1_5_m31,preliminary,[],[],"Перевезено грузов трубопроводным транспортом, млн тонн [блок 12] — mom (КЭП 1.5)",M,127,2026-07-01,rosstat
56069,kep1_5_m32,preliminary,[],[],"Перевезено грузов трубопроводным транспортом, млн тонн [блок 12] — mom (КЭП 1.5)",Q,42,2026-04-01,rosstat
56070,kep1_5_y46,preliminary,['short'],[],"Перевезено грузов трубопроводным транспортом, млн тонн [блок 12] — yoy (КЭП 1.5)",A,10,2025-01-01,rosstat
56071,kep1_5_y47,preliminary,[],[],"Перевезено грузов трубопроводным транспортом, млн тонн [блок 12] — yoy (КЭП 1.5)",M,127,2026-07-01,rosstat
56072,kep1_5_y48,preliminary,[],[],"Перевезено грузов трубопроводным транспортом, млн тонн [блок 12] — yoy (КЭП 1.5)",Q,42,2026-04-01,rosstat
56073,kep1_549,preliminary,['short'],[],"Перевозка грузов транспортом, включая коммерческую и некомерческую перевозку грузов, млн тонн [блок 1] — level (КЭП 1.5)",A,10,2025-01-01,rosstat
56074,kep1_550,preliminary,[],[],"Перевозка грузов транспортом, включая коммерческую и некомерческую перевозку грузов, млн тонн [блок 1] — level (КЭП 1.5)",M,120,2025-12-01,rosstat
56075,kep1_551,preliminary,[],[],"Перевозка грузов транспортом, включая коммерческую и некомерческую перевозку грузов, млн тонн [блок 1] — level (КЭП 1.5)",Q,40,2025-10-01,rosstat
56076,kep1_5_m33,preliminary,[],[],"Перевозка грузов транспортом, включая коммерческую и некомерческую перевозку грузов, млн тонн [блок 1] — mom (КЭП 1.5)",M,120,2025-12-01,rosstat
56077,kep1_5_m34,preliminary,[],[],"Перевозка грузов транспортом, включая коммерческую и некомерческую перевозку грузов, млн тонн [блок 1] — mom (КЭП 1.5)",Q,40,2025-10-01,rosstat
56078,kep1_5_y49,preliminary,['short'],[],"Перевозка грузов транспортом, включая коммерческую и некомерческую перевозку грузов, млн тонн [блок 1] — yoy (КЭП 1.5)",A,10,2025-01-01,rosstat
56079,kep1_5_y50,preliminary,[],[],"Перевозка грузов транспортом, включая коммерческую и некомерческую перевозку грузов, млн тонн [блок 1] — yoy (КЭП 1.5)",M,120,2025-12-01,rosstat
56080,kep1_5_y51,preliminary,[],[],"Перевозка грузов транспортом, включая коммерческую и некомерческую перевозку грузов, млн тонн [блок 1] — yoy (КЭП 1.5)",Q,40,2025-10-01,rosstat
56081,kep1_552,preliminary,[],[],"Погрузка грузов на железнодорожном транспорте6),  млн тонн [блок 17] — level (КЭП 1.5)",A,27,2025-01-01,rosstat
56082,kep1_553,preliminary,[],[],"Погрузка грузов на железнодорожном транспорте6),  млн тонн [блок 17] — level (КЭП 1.5)",M,331,2026-07-01,rosstat
56083,kep1_554,preliminary,[],[],"Погрузка грузов на железнодорожном транспорте6),  млн тонн [блок 17] — level (КЭП 1.5)",Q,110,2026-04-01,rosstat
56084,kep1_5_m35,preliminary,[],[],"Погрузка грузов на железнодорожном транспорте6),  млн тонн [блок 17] — mom (КЭП 1.5)",M,330,2026-07-01,rosstat
56085,kep1_5_m36,preliminary,[],[],"Погрузка грузов на железнодорожном транспорте6),  млн тонн [блок 17] — mom (КЭП 1.5)",Q,109,2026-04-01,rosstat
56086,kep1_5_y52,preliminary,[],[],"Погрузка грузов на железнодорожном транспорте6),  млн тонн [блок 17] — yoy (КЭП 1.5)",A,27,2025-01-01,rosstat
56087,kep1_5_y53,preliminary,[],[],"Погрузка грузов на железнодорожном транспорте6),  млн тонн [блок 17] — yoy (КЭП 1.5)",M,331,2026-07-01,rosstat
56088,kep1_5_y54,preliminary,[],[],"Погрузка грузов на железнодорожном транспорте6),  млн тонн [блок 17] — yoy (КЭП 1.5)",Q,110,2026-04-01,rosstat
56089,kep1_5_1,preliminary,['short'],[],"1.5.1. Пассажирооборот транспорта, млрд пасс-км — level (КЭП 1.5.1)",A,10,2025-01-01,rosstat
56090,kep1_5_12,preliminary,[],[],"1.5.1. Пассажирооборот транспорта, млрд пасс-км — level (КЭП 1.5.1)",M,126,2026-07-01,rosstat
56091,kep1_5_13,preliminary,[],[],"1.5.1. Пассажирооборот транспорта, млрд пасс-км — level (КЭП 1.5.1)",Q,41,2026-01-01,rosstat
56092,kep1_5_1_m,preliminary,[],[],"1.5.1. Пассажирооборот транспорта, млрд пасс-км — mom (КЭП 1.5.1)",M,126,2026-07-01,rosstat
56093,kep1_5_1_m2,preliminary,[],[],"1.5.1. Пассажирооборот транспорта, млрд пасс-км — mom (КЭП 1.5.1)",Q,42,2026-04-01,rosstat
56094,kep1_5_1_y,preliminary,['short'],[],"1.5.1. Пассажирооборот транспорта, млрд пасс-км — yoy (КЭП 1.5.1)",A,10,2025-01-01,rosstat
56095,kep1_5_1_y2,preliminary,[],[],"1.5.1. Пассажирооборот транспорта, млрд пасс-км — yoy (КЭП 1.5.1)",M,126,2026-07-01,rosstat
56096,kep1_5_1_y3,preliminary,[],[],"1.5.1. Пассажирооборот транспорта, млрд пасс-км — yoy (КЭП 1.5.1)",Q,41,2026-01-01,rosstat
56097,kep1_5_14,preliminary,['short'],[],"Пассажирооборот автобусов по маршрутам регулярных перевозок, млрд. пасс-км [блок 4] — level (КЭП 1.5.1)",A,10,2025-01-01,rosstat
56098,kep1_5_15,preliminary,[],[],"Пассажирооборот автобусов по маршрутам регулярных перевозок, млрд. пасс-км [блок 4] — level (КЭП 1.5.1)",M,127,2026-07-01,rosstat
56099,kep1_5_16,preliminary,[],[],"Пассажирооборот автобусов по маршрутам регулярных перевозок, млрд. пасс-км [блок 4] — level (КЭП 1.5.1)",Q,42,2026-04-01,rosstat
56100,kep1_5_1_m3,preliminary,[],[],"Пассажирооборот автобусов по маршрутам регулярных перевозок, млрд. пасс-км [блок 4] — mom (КЭП 1.5.1)",M,127,2026-07-01,rosstat
56101,kep1_5_1_m4,preliminary,[],[],"Пассажирооборот автобусов по маршрутам регулярных перевозок, млрд. пасс-км [блок 4] — mom (КЭП 1.5.1)",Q,42,2026-04-01,rosstat
56102,kep1_5_1_y4,preliminary,['short'],[],"Пассажирооборот автобусов по маршрутам регулярных перевозок, млрд. пасс-км [блок 4] — yoy (КЭП 1.5.1)",A,10,2025-01-01,rosstat
56103,kep1_5_1_y5,preliminary,[],[],"Пассажирооборот автобусов по маршрутам регулярных перевозок, млрд. пасс-км [блок 4] — yoy (КЭП 1.5.1)",M,127,2026-07-01,rosstat
56104,kep1_5_1_y6,preliminary,[],[],"Пассажирооборот автобусов по маршрутам регулярных перевозок, млрд. пасс-км [блок 4] — yoy (КЭП 1.5.1)",Q,42,2026-04-01,rosstat
56105,kep1_5_17,preliminary,['short'],[],"Пассажирооборот внутреннего водного транспорта2), млрд пасс-км [блок 8] — level (КЭП 1.5.1)",A,10,2025-01-01,rosstat
56106,kep1_5_18,preliminary,[],[],"Пассажирооборот внутреннего водного транспорта2), млрд пасс-км [блок 8] — level (КЭП 1.5.1)",M,127,2026-07-01,rosstat
56107,kep1_5_19,preliminary,[],[],"Пассажирооборот внутреннего водного транспорта2), млрд пасс-км [блок 8] — level (КЭП 1.5.1)",Q,42,2026-04-01,rosstat
56108,kep1_5_1_m5,preliminary,[],[],"Пассажирооборот внутреннего водного транспорта2), млрд пасс-км [блок 8] — mom (КЭП 1.5.1)",M,127,2026-07-01,rosstat
56109,kep1_5_1_m6,preliminary,[],[],"Пассажирооборот внутреннего водного транспорта2), млрд пасс-км [блок 8] — mom (КЭП 1.5.1)",Q,42,2026-04-01,rosstat
56110,kep1_5_1_y7,preliminary,['short'],[],"Пассажирооборот внутреннего водного транспорта2), млрд пасс-км [блок 8] — yoy (КЭП 1.5.1)",A,10,2025-01-01,rosstat
56111,kep1_5_1_y8,preliminary,[],[],"Пассажирооборот внутреннего водного транспорта2), млрд пасс-км [блок 8] — yoy (КЭП 1.5.1)",M,127,2026-07-01,rosstat
56112,kep1_5_1_y9,preliminary,[],[],"Пассажирооборот внутреннего водного транспорта2), млрд пасс-км [блок 8] — yoy (КЭП 1.5.1)",Q,42,2026-04-01,rosstat
56113,kep1_5_110,preliminary,['short'],[],"Пассажирооборот воздушного транспорта3), млрд пасс-км [блок 10] — level (КЭП 1.5.1)",A,10,2025-01-01,rosstat
56114,kep1_5_111,preliminary,[],[],"Пассажирооборот воздушного транспорта3), млрд пасс-км [блок 10] — level (КЭП 1.5.1)",M,127,2026-07-01,rosstat
56115,kep1_5_112,preliminary,[],[],"Пассажирооборот воздушного транспорта3), млрд пасс-км [блок 10] — level (КЭП 1.5.1)",Q,42,2026-04-01,rosstat
56116,kep1_5_1_m7,preliminary,[],[],"Пассажирооборот воздушного транспорта3), млрд пасс-км [блок 10] — mom (КЭП 1.5.1)",M,127,2026-07-01,rosstat
56117,kep1_5_1_m8,preliminary,[],[],"Пассажирооборот воздушного транспорта3), млрд пасс-км [блок 10] — mom (КЭП 1.5.1)",Q,42,2026-04-01,rosstat
56118,kep1_5_1_y10,preliminary,['short'],[],"Пассажирооборот воздушного транспорта3), млрд пасс-км [блок 10] — yoy (КЭП 1.5.1)",A,10,2025-01-01,rosstat
56119,kep1_5_1_y11,preliminary,[],[],"Пассажирооборот воздушного транспорта3), млрд пасс-км [блок 10] — yoy (КЭП 1.5.1)",M,127,2026-07-01,rosstat
56120,kep1_5_1_y12,preliminary,[],[],"Пассажирооборот воздушного транспорта3), млрд пасс-км [блок 10] — yoy (КЭП 1.5.1)",Q,42,2026-04-01,rosstat
56121,kep1_5_113,preliminary,['short'],[],"Пассажирооборот железнодорожного транспорта, млрд пасс-км [блок 2] — level (КЭП 1.5.1)",A,10,2025-01-01,rosstat
56122,kep1_5_114,preliminary,[],[],"Пассажирооборот железнодорожного транспорта, млрд пасс-км [блок 2] — level (КЭП 1.5.1)",M,126,2026-07-01,rosstat
56123,kep1_5_115,preliminary,[],[],"Пассажирооборот железнодорожного транспорта, млрд пасс-км [блок 2] — level (КЭП 1.5.1)",Q,41,2026-01-01,rosstat
56124,kep1_5_1_m9,preliminary,[],[],"Пассажирооборот железнодорожного транспорта, млрд пасс-км [блок 2] — mom (КЭП 1.5.1)",M,126,2026-07-01,rosstat
56125,kep1_5_1_m10,preliminary,[],[],"Пассажирооборот железнодорожного транспорта, млрд пасс-км [блок 2] — mom (КЭП 1.5.1)",Q,41,2026-01-01,rosstat
56126,kep1_5_1_y13,preliminary,['short'],[],"Пассажирооборот железнодорожного транспорта, млрд пасс-км [блок 2] — yoy (КЭП 1.5.1)",A,10,2025-01-01,rosstat
56127,kep1_5_1_y14,preliminary,[],[],"Пассажирооборот железнодорожного транспорта, млрд пасс-км [блок 2] — yoy (КЭП 1.5.1)",M,126,2026-07-01,rosstat
56128,kep1_5_1_y15,preliminary,[],[],"Пассажирооборот железнодорожного транспорта, млрд пасс-км [блок 2] — yoy (КЭП 1.5.1)",Q,41,2026-01-01,rosstat
56129,kep1_5_116,preliminary,['short'],[],"Пассажирооборот морского транспорта2), млрд пасс-км [блок 6] — level (КЭП 1.5.1)",A,10,2025-01-01,rosstat
56130,kep1_5_117,preliminary,[],[],"Пассажирооборот морского транспорта2), млрд пасс-км [блок 6] — level (КЭП 1.5.1)",M,127,2026-07-01,rosstat
56131,kep1_5_118,preliminary,[],[],"Пассажирооборот морского транспорта2), млрд пасс-км [блок 6] — level (КЭП 1.5.1)",Q,42,2026-04-01,rosstat
56132,kep1_5_1_m11,preliminary,[],[],"Пассажирооборот морского транспорта2), млрд пасс-км [блок 6] — mom (КЭП 1.5.1)",M,127,2026-07-01,rosstat
56133,kep1_5_1_m12,preliminary,[],[],"Пассажирооборот морского транспорта2), млрд пасс-км [блок 6] — mom (КЭП 1.5.1)",Q,42,2026-04-01,rosstat
56134,kep1_5_1_y16,preliminary,['short'],[],"Пассажирооборот морского транспорта2), млрд пасс-км [блок 6] — yoy (КЭП 1.5.1)",A,10,2025-01-01,rosstat
56135,kep1_5_1_y17,preliminary,[],[],"Пассажирооборот морского транспорта2), млрд пасс-км [блок 6] — yoy (КЭП 1.5.1)",M,127,2026-07-01,rosstat
56136,kep1_5_1_y18,preliminary,[],[],"Пассажирооборот морского транспорта2), млрд пасс-км [блок 6] — yoy (КЭП 1.5.1)",Q,42,2026-04-01,rosstat
56137,kep1_5_119,preliminary,['short'],[],"Перевезено пассажиров внутренним водным транспортом2), млн чел [блок 9] — level (КЭП 1.5.1)",A,10,2025-01-01,rosstat
56138,kep1_5_120,preliminary,[],[],"Перевезено пассажиров внутренним водным транспортом2), млн чел [блок 9] — level (КЭП 1.5.1)",M,127,2026-07-01,rosstat
56139,kep1_5_121,preliminary,[],[],"Перевезено пассажиров внутренним водным транспортом2), млн чел [блок 9] — level (КЭП 1.5.1)",Q,42,2026-04-01,rosstat
56140,kep1_5_1_m13,preliminary,[],[],"Перевезено пассажиров внутренним водным транспортом2), млн чел [блок 9] — mom (КЭП 1.5.1)",M,127,2026-07-01,rosstat
56141,kep1_5_1_m14,preliminary,[],[],"Перевезено пассажиров внутренним водным транспортом2), млн чел [блок 9] — mom (КЭП 1.5.1)",Q,42,2026-04-01,rosstat
56142,kep1_5_1_y19,preliminary,['short'],[],"Перевезено пассажиров внутренним водным транспортом2), млн чел [блок 9] — yoy (КЭП 1.5.1)",A,10,2025-01-01,rosstat
56143,kep1_5_1_y20,preliminary,[],[],"Перевезено пассажиров внутренним водным транспортом2), млн чел [блок 9] — yoy (КЭП 1.5.1)",M,127,2026-07-01,rosstat
56144,kep1_5_1_y21,preliminary,[],[],"Перевезено пассажиров внутренним водным транспортом2), млн чел [блок 9] — yoy (КЭП 1.5.1)",Q,42,2026-04-01,rosstat
56145,kep1_5_122,preliminary,['short'],[],"Перевезено пассажиров воздушным транспортом4), млн чел [блок 11] — level (КЭП 1.5.1)",A,10,2025-01-01,rosstat
56146,kep1_5_123,preliminary,[],[],"Перевезено пассажиров воздушным транспортом4), млн чел [блок 11] — level (КЭП 1.5.1)",M,127,2026-07-01,rosstat
56147,kep1_5_124,preliminary,[],[],"Перевезено пассажиров воздушным транспортом4), млн чел [блок 11] — level (КЭП 1.5.1)",Q,42,2026-04-01,rosstat
56148,kep1_5_1_m15,preliminary,[],[],"Перевезено пассажиров воздушным транспортом4), млн чел [блок 11] — mom (КЭП 1.5.1)",M,127,2026-07-01,rosstat
56149,kep1_5_1_m16,preliminary,[],[],"Перевезено пассажиров воздушным транспортом4), млн чел [блок 11] — mom (КЭП 1.5.1)",Q,42,2026-04-01,rosstat
56150,kep1_5_1_y22,preliminary,['short'],[],"Перевезено пассажиров воздушным транспортом4), млн чел [блок 11] — yoy (КЭП 1.5.1)",A,10,2025-01-01,rosstat
56151,kep1_5_1_y23,preliminary,[],[],"Перевезено пассажиров воздушным транспортом4), млн чел [блок 11] — yoy (КЭП 1.5.1)",M,127,2026-07-01,rosstat
56152,kep1_5_1_y24,preliminary,[],[],"Перевезено пассажиров воздушным транспортом4), млн чел [блок 11] — yoy (КЭП 1.5.1)",Q,42,2026-04-01,rosstat
56153,kep1_5_125,preliminary,['short'],[],"Перевезено пассажиров железнодорожным транспортом, млн чел [блок 3] — level (КЭП 1.5.1)",A,10,2025-01-01,rosstat
56154,kep1_5_126,preliminary,[],[],"Перевезено пассажиров железнодорожным транспортом, млн чел [блок 3] — level (КЭП 1.5.1)",M,126,2026-07-01,rosstat
56155,kep1_5_127,preliminary,[],[],"Перевезено пассажиров железнодорожным транспортом, млн чел [блок 3] — level (КЭП 1.5.1)",Q,41,2026-01-01,rosstat
56156,kep1_5_1_m17,preliminary,[],[],"Перевезено пассажиров железнодорожным транспортом, млн чел [блок 3] — mom (КЭП 1.5.1)",M,126,2026-07-01,rosstat
56157,kep1_5_1_m18,preliminary,[],[],"Перевезено пассажиров железнодорожным транспортом, млн чел [блок 3] — mom (КЭП 1.5.1)",Q,41,2026-01-01,rosstat
56158,kep1_5_1_y25,preliminary,['short'],[],"Перевезено пассажиров железнодорожным транспортом, млн чел [блок 3] — yoy (КЭП 1.5.1)",A,10,2025-01-01,rosstat
56159,kep1_5_1_y26,preliminary,[],[],"Перевезено пассажиров железнодорожным транспортом, млн чел [блок 3] — yoy (КЭП 1.5.1)",M,126,2026-07-01,rosstat
56160,kep1_5_1_y27,preliminary,[],[],"Перевезено пассажиров железнодорожным транспортом, млн чел [блок 3] — yoy (КЭП 1.5.1)",Q,41,2026-01-01,rosstat
56161,kep1_5_128,preliminary,['short'],[],"Перевезено пассажиров морским транспортом2), млн чел [блок 7] — level (КЭП 1.5.1)",A,10,2025-01-01,rosstat
56162,kep1_5_129,preliminary,[],[],"Перевезено пассажиров морским транспортом2), млн чел [блок 7] — level (КЭП 1.5.1)",M,127,2026-07-01,rosstat
56163,kep1_5_130,preliminary,[],[],"Перевезено пассажиров морским транспортом2), млн чел [блок 7] — level (КЭП 1.5.1)",Q,42,2026-04-01,rosstat
56164,kep1_5_1_m19,preliminary,[],[],"Перевезено пассажиров морским транспортом2), млн чел [блок 7] — mom (КЭП 1.5.1)",M,127,2026-07-01,rosstat
56165,kep1_5_1_m20,preliminary,[],[],"Перевезено пассажиров морским транспортом2), млн чел [блок 7] — mom (КЭП 1.5.1)",Q,42,2026-04-01,rosstat
56166,kep1_5_1_y28,preliminary,['short'],[],"Перевезено пассажиров морским транспортом2), млн чел [блок 7] — yoy (КЭП 1.5.1)",A,10,2025-01-01,rosstat
56167,kep1_5_1_y29,preliminary,[],[],"Перевезено пассажиров морским транспортом2), млн чел [блок 7] — yoy (КЭП 1.5.1)",M,127,2026-07-01,rosstat
56168,kep1_5_1_y30,preliminary,[],[],"Перевезено пассажиров морским транспортом2), млн чел [блок 7] — yoy (КЭП 1.5.1)",Q,42,2026-04-01,rosstat
56169,kep1_5_131,preliminary,['short'],[],"Перевозка пассажиров автобусами по маршрутам регулярных перевозок, млн. человек [блок 5] — level (КЭП 1.5.1)",A,10,2025-01-01,rosstat
56170,kep1_5_132,preliminary,[],[],"Перевозка пассажиров автобусами по маршрутам регулярных перевозок, млн. человек [блок 5] — level (КЭП 1.5.1)",M,126,2026-07-01,rosstat
56171,kep1_5_133,preliminary,[],[],"Перевозка пассажиров автобусами по маршрутам регулярных перевозок, млн. человек [блок 5] — level (КЭП 1.5.1)",Q,41,2026-01-01,rosstat
56172,kep1_5_1_m21,preliminary,[],[],"Перевозка пассажиров автобусами по маршрутам регулярных перевозок, млн. человек [блок 5] — mom (КЭП 1.5.1)",M,126,2026-07-01,rosstat
56173,kep1_5_1_m22,preliminary,[],[],"Перевозка пассажиров автобусами по маршрутам регулярных перевозок, млн. человек [блок 5] — mom (КЭП 1.5.1)",Q,41,2026-01-01,rosstat
56174,kep1_5_1_y31,preliminary,['short'],[],"Перевозка пассажиров автобусами по маршрутам регулярных перевозок, млн. человек [блок 5] — yoy (КЭП 1.5.1)",A,10,2025-01-01,rosstat
56175,kep1_5_1_y32,preliminary,[],[],"Перевозка пассажиров автобусами по маршрутам регулярных перевозок, млн. человек [блок 5] — yoy (КЭП 1.5.1)",M,126,2026-07-01,rosstat
56176,kep1_5_1_y33,preliminary,[],[],"Перевозка пассажиров автобусами по маршрутам регулярных перевозок, млн. человек [блок 5] — yoy (КЭП 1.5.1)",Q,41,2026-01-01,rosstat
56177,kep1_5_134,preliminary,['short'],[],"Перевозка пассажиров транспортом, млн чел [блок 1] — level (КЭП 1.5.1)",A,10,2025-01-01,rosstat
56178,kep1_5_135,preliminary,[],[],"Перевозка пассажиров транспортом, млн чел [блок 1] — level (КЭП 1.5.1)",M,126,2026-07-01,rosstat
56179,kep1_5_136,preliminary,[],[],"Перевозка пассажиров транспортом, млн чел [блок 1] — level (КЭП 1.5.1)",Q,41,2026-01-01,rosstat
56180,kep1_5_1_m23,preliminary,[],[],"Перевозка пассажиров транспортом, млн чел [блок 1] — mom (КЭП 1.5.1)",M,127,2026-07-01,rosstat
56181,kep1_5_1_m24,preliminary,[],[],"Перевозка пассажиров транспортом, млн чел [блок 1] — mom (КЭП 1.5.1)",Q,42,2026-04-01,rosstat
56182,kep1_5_1_y34,preliminary,['short'],[],"Перевозка пассажиров транспортом, млн чел [блок 1] — yoy (КЭП 1.5.1)",A,10,2025-01-01,rosstat
56183,kep1_5_1_y35,preliminary,[],[],"Перевозка пассажиров транспортом, млн чел [блок 1] — yoy (КЭП 1.5.1)",M,126,2026-07-01,rosstat
56184,kep1_5_1_y36,preliminary,[],[],"Перевозка пассажиров транспортом, млн чел [блок 1] — yoy (КЭП 1.5.1)",Q,41,2026-01-01,rosstat
56185,kep1_6,preliminary,[],['construction'],"1.6. Инвестиции в основной капитал1), млрд рублей — level (КЭП 1.6)",A,27,2025-01-01,rosstat
56186,kep1_62,archive_dead,['dead'],['construction'],"1.6. Инвестиции в основной капитал1), млрд рублей — level (КЭП 1.6)",M,204,2015-12-01,rosstat
56187,kep1_63,preliminary,[],['construction'],"1.6. Инвестиции в основной капитал1), млрд рублей — level (КЭП 1.6)",Q,110,2026-04-01,rosstat
56188,kep1_6_m,archive_dead,['dead'],['construction'],"1.6. Инвестиции в основной капитал1), млрд рублей — mom (КЭП 1.6)",M,204,2015-12-01,rosstat
56189,kep1_6_m2,preliminary,[],['construction'],"1.6. Инвестиции в основной капитал1), млрд рублей — mom (КЭП 1.6)",Q,86,2026-04-01,rosstat
56190,kep1_6_y,preliminary,[],['construction'],"1.6. Инвестиции в основной капитал1), млрд рублей — yoy (КЭП 1.6)",A,27,2025-01-01,rosstat
56191,kep1_6_y2,archive_dead,['dead'],['construction'],"1.6. Инвестиции в основной капитал1), млрд рублей — yoy (КЭП 1.6)",M,204,2015-12-01,rosstat
56192,kep1_6_y3,preliminary,[],['construction'],"1.6. Инвестиции в основной капитал1), млрд рублей — yoy (КЭП 1.6)",Q,110,2026-04-01,rosstat
56193,kep1_6_1,preliminary,[],[],из бюджетов субъектов Российской Федерации [блок 4] — level (КЭП 1.6.1),A,26,2025-01-01,rosstat
56194,kep1_6_12,preliminary,[],[],из бюджетов субъектов Российской Федерации [блок 4] — level (КЭП 1.6.1),Q,106,2026-04-01,rosstat
56195,kep1_6_13,preliminary,[],[],из них бюджетные средства [блок 2] — level (КЭП 1.6.1),A,26,2025-01-01,rosstat
56196,kep1_6_14,preliminary,[],[],из них бюджетные средства [блок 2] — level (КЭП 1.6.1),Q,106,2026-04-01,rosstat
56197,kep1_6_15,preliminary,[],[],из федерального бюджета [блок 3] — level (КЭП 1.6.1),A,26,2025-01-01,rosstat
56198,kep1_6_16,preliminary,[],[],из федерального бюджета [блок 3] — level (КЭП 1.6.1),Q,106,2026-04-01,rosstat
56199,kep1_6_17,preliminary,[],[],привлеченные средства [блок 1] — level (КЭП 1.6.1),A,26,2025-01-01,rosstat
56200,kep1_6_18,preliminary,[],[],привлеченные средства [блок 1] — level (КЭП 1.6.1),Q,106,2026-04-01,rosstat
56201,kep1_6_19,preliminary,[],[],собственные средства предприятий — level (КЭП 1.6.1),A,26,2025-01-01,rosstat
56202,kep1_6_110,preliminary,[],[],собственные средства предприятий — level (КЭП 1.6.1),Q,106,2026-04-01,rosstat
56203,kep1_7,preliminary,[],['construction'],"1.7. Объем работ по виду деятельности ""Строительство"" (в фактических ценах соответствующих лет), млрд рублей — level (КЭП 1.7)",A,27,2025-01-01,rosstat
56204,kep1_72,preliminary,[],['construction'],"1.7. Объем работ по виду деятельности ""Строительство"" (в фактических ценах соответствующих лет), млрд рублей — level (КЭП 1.7)",M,331,2026-07-01,rosstat
56205,kep1_73,preliminary,[],['construction'],"1.7. Объем работ по виду деятельности ""Строительство"" (в фактических ценах соответствующих лет), млрд рублей — level (КЭП 1.7)",Q,110,2026-04-01,rosstat
56206,kep1_7_m,preliminary,[],['construction'],"1.7. Объем работ по виду деятельности ""Строительство"" (в фактических ценах соответствующих лет), млрд рублей — mom (КЭП 1.7)",M,328,2026-07-01,rosstat
56207,kep1_7_m2,preliminary,[],['construction'],"1.7. Объем работ по виду деятельности ""Строительство"" (в фактических ценах соответствующих лет), млрд рублей — mom (КЭП 1.7)",Q,109,2026-04-01,rosstat
56208,kep1_7_y,preliminary,[],['construction'],"1.7. Объем работ по виду деятельности ""Строительство"" (в фактических ценах соответствующих лет), млрд рублей — yoy (КЭП 1.7)",A,27,2025-01-01,rosstat
56209,kep1_7_y2,preliminary,[],['construction'],"1.7. Объем работ по виду деятельности ""Строительство"" (в фактических ценах соответствующих лет), млрд рублей — yoy (КЭП 1.7)",M,331,2026-07-01,rosstat
56210,kep1_7_y3,preliminary,[],['construction'],"1.7. Объем работ по виду деятельности ""Строительство"" (в фактических ценах соответствующих лет), млрд рублей — yoy (КЭП 1.7)",Q,110,2026-04-01,rosstat
56211,kep1_8,preliminary,['short'],['housing_mortgage'],"1.8. Ввод в действие жилых домов организациями  всех форм собственности, млн кв.м общей площади жилых помещений — level (КЭП 1.8)",A,20,2025-01-01,rosstat
56212,kep1_82,preliminary,[],['housing_mortgage'],"1.8. Ввод в действие жилых домов организациями  всех форм собственности, млн кв.м общей площади жилых помещений — level (КЭП 1.8)",M,254,2026-07-01,rosstat
56213,kep1_83,preliminary,[],['housing_mortgage'],"1.8. Ввод в действие жилых домов организациями  всех форм собственности, млн кв.м общей площади жилых помещений — level (КЭП 1.8)",Q,84,2026-04-01,rosstat
56214,kep1_8_m,preliminary,[],['housing_mortgage'],"1.8. Ввод в действие жилых домов организациями  всех форм собственности, млн кв.м общей площади жилых помещений — mom (КЭП 1.8)",M,263,2026-07-01,rosstat
56215,kep1_8_m2,preliminary,[],['housing_mortgage'],"1.8. Ввод в действие жилых домов организациями  всех форм собственности, млн кв.м общей площади жилых помещений — mom (КЭП 1.8)",Q,69,2026-04-01,rosstat
56216,kep1_8_y,preliminary,[],['housing_mortgage'],"1.8. Ввод в действие жилых домов организациями  всех форм собственности, млн кв.м общей площади жилых помещений — yoy (КЭП 1.8)",A,27,2025-01-01,rosstat
56217,kep1_8_y2,preliminary,[],['housing_mortgage'],"1.8. Ввод в действие жилых домов организациями  всех форм собственности, млн кв.м общей площади жилых помещений — yoy (КЭП 1.8)",M,331,2026-07-01,rosstat
56218,kep1_8_y3,preliminary,[],['housing_mortgage'],"1.8. Ввод в действие жилых домов организациями  всех форм собственности, млн кв.м общей площади жилых помещений — yoy (КЭП 1.8)",Q,110,2026-04-01,rosstat
56219,kep1_9,archive_dead,"['dead', 'short']",[],"1.9. Внешнеторговый оборот – всего1), млрд долларов США — level (КЭП 1.9)",A,23,2021-01-01,rosstat
56220,kep1_92,archive_dead,['dead'],[],"1.9. Внешнеторговый оборот – всего1), млрд долларов США — level (КЭП 1.9)",M,275,2021-12-01,rosstat
56221,kep1_93,archive_dead,['dead'],[],"1.9. Внешнеторговый оборот – всего1), млрд долларов США — level (КЭП 1.9)",Q,92,2021-10-01,rosstat
56222,kep1_9_m,archive_dead,['dead'],[],"1.9. Внешнеторговый оборот – всего1), млрд долларов США — mom (КЭП 1.9)",M,276,2021-12-01,rosstat
56223,kep1_9_m2,archive_dead,['dead'],[],"1.9. Внешнеторговый оборот – всего1), млрд долларов США — mom (КЭП 1.9)",Q,92,2021-10-01,rosstat
56224,kep1_9_y,archive_dead,"['dead', 'short']",[],"1.9. Внешнеторговый оборот – всего1), млрд долларов США — yoy (КЭП 1.9)",A,23,2021-01-01,rosstat
56225,kep1_9_y2,archive_dead,['dead'],[],"1.9. Внешнеторговый оборот – всего1), млрд долларов США — yoy (КЭП 1.9)",M,276,2021-12-01,rosstat
56226,kep1_9_y3,archive_dead,['dead'],[],"1.9. Внешнеторговый оборот – всего1), млрд долларов США — yoy (КЭП 1.9)",Q,92,2021-10-01,rosstat
56227,kep1_94,archive_dead,"['dead', 'short']",[],"1.9.1. Внешнеторговый оборот со странами дальнего зарубежья – всего, млрд долларов США || 1.9.1. Внешнеторговый оборот со странами дальнего зарубежья – всего, млрд долларов США [подтаблица 1] [блок 2] — level (КЭП 1.9)",A,23,2021-01-01,rosstat
56228,kep1_95,archive_dead,['dead'],[],"1.9.1. Внешнеторговый оборот со странами дальнего зарубежья – всего, млрд долларов США || 1.9.1. Внешнеторговый оборот со странами дальнего зарубежья – всего, млрд долларов США [подтаблица 1] [блок 2] — level (КЭП 1.9)",M,276,2021-12-01,rosstat
56229,kep1_96,archive_dead,['dead'],[],"1.9.1. Внешнеторговый оборот со странами дальнего зарубежья – всего, млрд долларов США || 1.9.1. Внешнеторговый оборот со странами дальнего зарубежья – всего, млрд долларов США [подтаблица 1] [блок 2] — level (КЭП 1.9)",Q,92,2021-10-01,rosstat
56230,kep1_9_m3,archive_dead,['dead'],[],"1.9.1. Внешнеторговый оборот со странами дальнего зарубежья – всего, млрд долларов США || 1.9.1. Внешнеторговый оборот со странами дальнего зарубежья – всего, млрд долларов США [подтаблица 1] [блок 2] — mom (КЭП 1.9)",M,276,2021-12-01,rosstat
56231,kep1_9_m4,archive_dead,['dead'],[],"1.9.1. Внешнеторговый оборот со странами дальнего зарубежья – всего, млрд долларов США || 1.9.1. Внешнеторговый оборот со странами дальнего зарубежья – всего, млрд долларов США [подтаблица 1] [блок 2] — mom (КЭП 1.9)",Q,92,2021-10-01,rosstat
56232,kep1_9_y4,archive_dead,"['dead', 'short']",[],"1.9.1. Внешнеторговый оборот со странами дальнего зарубежья – всего, млрд долларов США || 1.9.1. Внешнеторговый оборот со странами дальнего зарубежья – всего, млрд долларов США [подтаблица 1] [блок 2] — yoy (КЭП 1.9)",A,23,2021-01-01,rosstat
56233,kep1_9_y5,archive_dead,['dead'],[],"1.9.1. Внешнеторговый оборот со странами дальнего зарубежья – всего, млрд долларов США || 1.9.1. Внешнеторговый оборот со странами дальнего зарубежья – всего, млрд долларов США [подтаблица 1] [блок 2] — yoy (КЭП 1.9)",M,276,2021-12-01,rosstat
56234,kep1_9_y6,archive_dead,['dead'],[],"1.9.1. Внешнеторговый оборот со странами дальнего зарубежья – всего, млрд долларов США || 1.9.1. Внешнеторговый оборот со странами дальнего зарубежья – всего, млрд долларов США [подтаблица 1] [блок 2] — yoy (КЭП 1.9)",Q,92,2021-10-01,rosstat
56235,kep1_97,archive_dead,"['dead', 'short']",[],"1.9.1. Внешнеторговый оборот со странами дальнего зарубежья – всего, млрд долларов США || export of goods, bln US dollars [подтаблица 1] [блок 3] — level (КЭП 1.9)",A,23,2021-01-01,rosstat
56236,kep1_98,archive_dead,['dead'],[],"1.9.1. Внешнеторговый оборот со странами дальнего зарубежья – всего, млрд долларов США || export of goods, bln US dollars [подтаблица 1] [блок 3] — level (КЭП 1.9)",M,276,2021-12-01,rosstat
56237,kep1_99,archive_dead,['dead'],[],"1.9.1. Внешнеторговый оборот со странами дальнего зарубежья – всего, млрд долларов США || export of goods, bln US dollars [подтаблица 1] [блок 3] — level (КЭП 1.9)",Q,92,2021-10-01,rosstat
56238,kep1_9_m5,archive_dead,['dead'],[],"1.9.1. Внешнеторговый оборот со странами дальнего зарубежья – всего, млрд долларов США || export of goods, bln US dollars [подтаблица 1] [блок 3] — mom (КЭП 1.9)",M,276,2021-12-01,rosstat
56239,kep1_9_m6,archive_dead,['dead'],[],"1.9.1. Внешнеторговый оборот со странами дальнего зарубежья – всего, млрд долларов США || export of goods, bln US dollars [подтаблица 1] [блок 3] — mom (КЭП 1.9)",Q,92,2021-10-01,rosstat
56240,kep1_9_y7,archive_dead,"['dead', 'short']",[],"1.9.1. Внешнеторговый оборот со странами дальнего зарубежья – всего, млрд долларов США || export of goods, bln US dollars [подтаблица 1] [блок 3] — yoy (КЭП 1.9)",A,23,2021-01-01,rosstat
56241,kep1_9_y8,archive_dead,['dead'],[],"1.9.1. Внешнеторговый оборот со странами дальнего зарубежья – всего, млрд долларов США || export of goods, bln US dollars [подтаблица 1] [блок 3] — yoy (КЭП 1.9)",M,276,2021-12-01,rosstat
56242,kep1_9_y9,archive_dead,['dead'],[],"1.9.1. Внешнеторговый оборот со странами дальнего зарубежья – всего, млрд долларов США || export of goods, bln US dollars [подтаблица 1] [блок 3] — yoy (КЭП 1.9)",Q,92,2021-10-01,rosstat
56243,kep1_910,archive_dead,"['dead', 'short']",[],"1.9.1. Внешнеторговый оборот со странами дальнего зарубежья – всего, млрд долларов США || импорт товаров, млрд долларов США [подтаблица 1] [блок 4] — level (КЭП 1.9)",A,23,2021-01-01,rosstat
56244,kep1_911,archive_dead,['dead'],[],"1.9.1. Внешнеторговый оборот со странами дальнего зарубежья – всего, млрд долларов США || импорт товаров, млрд долларов США [подтаблица 1] [блок 4] — level (КЭП 1.9)",M,276,2021-12-01,rosstat
56245,kep1_912,archive_dead,['dead'],[],"1.9.1. Внешнеторговый оборот со странами дальнего зарубежья – всего, млрд долларов США || импорт товаров, млрд долларов США [подтаблица 1] [блок 4] — level (КЭП 1.9)",Q,92,2021-10-01,rosstat
56246,kep1_9_m7,archive_dead,['dead'],[],"1.9.1. Внешнеторговый оборот со странами дальнего зарубежья – всего, млрд долларов США || импорт товаров, млрд долларов США [подтаблица 1] [блок 4] — mom (КЭП 1.9)",M,276,2021-12-01,rosstat
56247,kep1_9_m8,archive_dead,['dead'],[],"1.9.1. Внешнеторговый оборот со странами дальнего зарубежья – всего, млрд долларов США || импорт товаров, млрд долларов США [подтаблица 1] [блок 4] — mom (КЭП 1.9)",Q,92,2021-10-01,rosstat
56248,kep1_9_y10,archive_dead,"['dead', 'short']",[],"1.9.1. Внешнеторговый оборот со странами дальнего зарубежья – всего, млрд долларов США || импорт товаров, млрд долларов США [подтаблица 1] [блок 4] — yoy (КЭП 1.9)",A,23,2021-01-01,rosstat
56249,kep1_9_y11,archive_dead,['dead'],[],"1.9.1. Внешнеторговый оборот со странами дальнего зарубежья – всего, млрд долларов США || импорт товаров, млрд долларов США [подтаблица 1] [блок 4] — yoy (КЭП 1.9)",M,276,2021-12-01,rosstat
56250,kep1_9_y12,archive_dead,['dead'],[],"1.9.1. Внешнеторговый оборот со странами дальнего зарубежья – всего, млрд долларов США || импорт товаров, млрд долларов США [подтаблица 1] [блок 4] — yoy (КЭП 1.9)",Q,92,2021-10-01,rosstat
56251,kep1_913,archive_dead,"['dead', 'short']",[],"1.9.2.Внешнеторговый оборот с государствами-участниками СНГ – всего, млрд долларов США || 1.9.2.Внешнеторговый оборот с государствами-участниками СНГ – всего, млрд долларов США [подтаблица 2] [блок 4] — level (КЭП 1.9)",A,23,2021-01-01,rosstat
56252,kep1_914,archive_dead,['dead'],[],"1.9.2.Внешнеторговый оборот с государствами-участниками СНГ – всего, млрд долларов США || 1.9.2.Внешнеторговый оборот с государствами-участниками СНГ – всего, млрд долларов США [подтаблица 2] [блок 4] — level (КЭП 1.9)",M,276,2021-12-01,rosstat
56253,kep1_915,archive_dead,['dead'],[],"1.9.2.Внешнеторговый оборот с государствами-участниками СНГ – всего, млрд долларов США || 1.9.2.Внешнеторговый оборот с государствами-участниками СНГ – всего, млрд долларов США [подтаблица 2] [блок 4] — level (КЭП 1.9)",Q,92,2021-10-01,rosstat
56254,kep1_9_m9,archive_dead,['dead'],[],"1.9.2.Внешнеторговый оборот с государствами-участниками СНГ – всего, млрд долларов США || 1.9.2.Внешнеторговый оборот с государствами-участниками СНГ – всего, млрд долларов США [подтаблица 2] [блок 4] — mom (КЭП 1.9)",M,276,2021-12-01,rosstat
56255,kep1_9_m10,archive_dead,['dead'],[],"1.9.2.Внешнеторговый оборот с государствами-участниками СНГ – всего, млрд долларов США || 1.9.2.Внешнеторговый оборот с государствами-участниками СНГ – всего, млрд долларов США [подтаблица 2] [блок 4] — mom (КЭП 1.9)",Q,92,2021-10-01,rosstat
56256,kep1_9_y13,archive_dead,"['dead', 'short']",[],"1.9.2.Внешнеторговый оборот с государствами-участниками СНГ – всего, млрд долларов США || 1.9.2.Внешнеторговый оборот с государствами-участниками СНГ – всего, млрд долларов США [подтаблица 2] [блок 4] — yoy (КЭП 1.9)",A,23,2021-01-01,rosstat
56257,kep1_9_y14,archive_dead,['dead'],[],"1.9.2.Внешнеторговый оборот с государствами-участниками СНГ – всего, млрд долларов США || 1.9.2.Внешнеторговый оборот с государствами-участниками СНГ – всего, млрд долларов США [подтаблица 2] [блок 4] — yoy (КЭП 1.9)",M,276,2021-12-01,rosstat
56258,kep1_9_y15,archive_dead,['dead'],[],"1.9.2.Внешнеторговый оборот с государствами-участниками СНГ – всего, млрд долларов США || 1.9.2.Внешнеторговый оборот с государствами-участниками СНГ – всего, млрд долларов США [подтаблица 2] [блок 4] — yoy (КЭП 1.9)",Q,92,2021-10-01,rosstat
56259,kep1_916,archive_dead,"['dead', 'short']",[],"1.9.2.Внешнеторговый оборот с государствами-участниками СНГ – всего, млрд долларов США || export of goods,bln US dollars [подтаблица 2] [блок 5] — level (КЭП 1.9)",A,23,2021-01-01,rosstat
56260,kep1_917,archive_dead,['dead'],[],"1.9.2.Внешнеторговый оборот с государствами-участниками СНГ – всего, млрд долларов США || export of goods,bln US dollars [подтаблица 2] [блок 5] — level (КЭП 1.9)",M,276,2021-12-01,rosstat
56261,kep1_918,archive_dead,['dead'],[],"1.9.2.Внешнеторговый оборот с государствами-участниками СНГ – всего, млрд долларов США || export of goods,bln US dollars [подтаблица 2] [блок 5] — level (КЭП 1.9)",Q,92,2021-10-01,rosstat
56262,kep1_9_m11,archive_dead,['dead'],[],"1.9.2.Внешнеторговый оборот с государствами-участниками СНГ – всего, млрд долларов США || export of goods,bln US dollars [подтаблица 2] [блок 5] — mom (КЭП 1.9)",M,276,2021-12-01,rosstat
56263,kep1_9_m12,archive_dead,['dead'],[],"1.9.2.Внешнеторговый оборот с государствами-участниками СНГ – всего, млрд долларов США || export of goods,bln US dollars [подтаблица 2] [блок 5] — mom (КЭП 1.9)",Q,92,2021-10-01,rosstat
56264,kep1_9_y16,archive_dead,"['dead', 'short']",[],"1.9.2.Внешнеторговый оборот с государствами-участниками СНГ – всего, млрд долларов США || export of goods,bln US dollars [подтаблица 2] [блок 5] — yoy (КЭП 1.9)",A,23,2021-01-01,rosstat
56265,kep1_9_y17,archive_dead,['dead'],[],"1.9.2.Внешнеторговый оборот с государствами-участниками СНГ – всего, млрд долларов США || export of goods,bln US dollars [подтаблица 2] [блок 5] — yoy (КЭП 1.9)",M,276,2021-12-01,rosstat
56266,kep1_9_y18,archive_dead,['dead'],[],"1.9.2.Внешнеторговый оборот с государствами-участниками СНГ – всего, млрд долларов США || export of goods,bln US dollars [подтаблица 2] [блок 5] — yoy (КЭП 1.9)",Q,92,2021-10-01,rosstat
56267,kep1_919,archive_dead,"['dead', 'short']",[],"1.9.2.Внешнеторговый оборот с государствами-участниками СНГ – всего, млрд долларов США || импорт товаров, млрд долларов США [подтаблица 2] [блок 6] — level (КЭП 1.9)",A,23,2021-01-01,rosstat
56268,kep1_920,archive_dead,['dead'],[],"1.9.2.Внешнеторговый оборот с государствами-участниками СНГ – всего, млрд долларов США || импорт товаров, млрд долларов США [подтаблица 2] [блок 6] — level (КЭП 1.9)",M,276,2021-12-01,rosstat
56269,kep1_921,archive_dead,['dead'],[],"1.9.2.Внешнеторговый оборот с государствами-участниками СНГ – всего, млрд долларов США || импорт товаров, млрд долларов США [подтаблица 2] [блок 6] — level (КЭП 1.9)",Q,92,2021-10-01,rosstat
56270,kep1_9_m13,archive_dead,['dead'],[],"1.9.2.Внешнеторговый оборот с государствами-участниками СНГ – всего, млрд долларов США || импорт товаров, млрд долларов США [подтаблица 2] [блок 6] — mom (КЭП 1.9)",M,276,2021-12-01,rosstat
56271,kep1_9_m14,archive_dead,['dead'],[],"1.9.2.Внешнеторговый оборот с государствами-участниками СНГ – всего, млрд долларов США || импорт товаров, млрд долларов США [подтаблица 2] [блок 6] — mom (КЭП 1.9)",Q,92,2021-10-01,rosstat
56272,kep1_9_y19,archive_dead,"['dead', 'short']",[],"1.9.2.Внешнеторговый оборот с государствами-участниками СНГ – всего, млрд долларов США || импорт товаров, млрд долларов США [подтаблица 2] [блок 6] — yoy (КЭП 1.9)",A,23,2021-01-01,rosstat
56273,kep1_9_y20,archive_dead,['dead'],[],"1.9.2.Внешнеторговый оборот с государствами-участниками СНГ – всего, млрд долларов США || импорт товаров, млрд долларов США [подтаблица 2] [блок 6] — yoy (КЭП 1.9)",M,276,2021-12-01,rosstat
56274,kep1_9_y21,archive_dead,['dead'],[],"1.9.2.Внешнеторговый оборот с государствами-участниками СНГ – всего, млрд долларов США || импорт товаров, млрд долларов США [подтаблица 2] [блок 6] — yoy (КЭП 1.9)",Q,92,2021-10-01,rosstat
56275,kep1_922,archive_dead,"['dead', 'short']",[],"export of goods – total,bln US dollars [блок 1] — level (КЭП 1.9)",A,23,2021-01-01,rosstat
56276,kep1_923,archive_dead,['dead'],[],"export of goods – total,bln US dollars [блок 1] — level (КЭП 1.9)",M,276,2021-12-01,rosstat
56277,kep1_924,archive_dead,['dead'],[],"export of goods – total,bln US dollars [блок 1] — level (КЭП 1.9)",Q,92,2021-10-01,rosstat
56278,kep1_9_m15,archive_dead,['dead'],[],"export of goods – total,bln US dollars [блок 1] — mom (КЭП 1.9)",M,276,2021-12-01,rosstat
56279,kep1_9_m16,archive_dead,['dead'],[],"export of goods – total,bln US dollars [блок 1] — mom (КЭП 1.9)",Q,92,2021-10-01,rosstat
56280,kep1_9_y22,archive_dead,"['dead', 'short']",[],"export of goods – total,bln US dollars [блок 1] — yoy (КЭП 1.9)",A,23,2021-01-01,rosstat
56281,kep1_9_y23,archive_dead,['dead'],[],"export of goods – total,bln US dollars [блок 1] — yoy (КЭП 1.9)",M,276,2021-12-01,rosstat
56282,kep1_9_y24,archive_dead,['dead'],[],"export of goods – total,bln US dollars [блок 1] — yoy (КЭП 1.9)",Q,92,2021-10-01,rosstat
56283,kep1_925,archive_dead,"['dead', 'short']",[],"импорт товаров – всего, млрд долларов США [блок 2] — level (КЭП 1.9)",A,23,2021-01-01,rosstat
56284,kep1_926,archive_dead,['dead'],[],"импорт товаров – всего, млрд долларов США [блок 2] — level (КЭП 1.9)",M,276,2021-12-01,rosstat
56285,kep1_927,archive_dead,['dead'],[],"импорт товаров – всего, млрд долларов США [блок 2] — level (КЭП 1.9)",Q,92,2021-10-01,rosstat
56286,kep1_9_m17,archive_dead,['dead'],[],"импорт товаров – всего, млрд долларов США [блок 2] — mom (КЭП 1.9)",M,276,2021-12-01,rosstat
56287,kep1_9_m18,archive_dead,['dead'],[],"импорт товаров – всего, млрд долларов США [блок 2] — mom (КЭП 1.9)",Q,92,2021-10-01,rosstat
56288,kep1_9_y25,archive_dead,"['dead', 'short']",[],"импорт товаров – всего, млрд долларов США [блок 2] — yoy (КЭП 1.9)",A,23,2021-01-01,rosstat
56289,kep1_9_y26,archive_dead,['dead'],[],"импорт товаров – всего, млрд долларов США [блок 2] — yoy (КЭП 1.9)",M,276,2021-12-01,rosstat
56290,kep1_9_y27,archive_dead,['dead'],[],"импорт товаров – всего, млрд долларов США [блок 2] — yoy (КЭП 1.9)",Q,92,2021-10-01,rosstat
56291,kep2_1,preliminary,[],[],"2.1.1. Доходы (по данным Федерального казначейства) || Консолидированные бюджеты субъектов Российской Федерации, млрд рублей [подтаблица 1] [блок 2] — level (КЭП 2.1)",A,27,2025-01-01,rosstat
56292,kep2_12,preliminary,[],[],"2.1.1. Доходы (по данным Федерального казначейства) || Консолидированные бюджеты субъектов Российской Федерации, млрд рублей [подтаблица 1] [блок 2] — level (КЭП 2.1)",M,28,2026-01-01,rosstat
56293,kep2_13,preliminary,[],[],"2.1.1. Доходы (по данным Федерального казначейства) || Консолидированный бюджет1), млрд рублей [подтаблица 1] — level (КЭП 2.1)",A,27,2025-01-01,rosstat
56294,kep2_14,preliminary,[],[],"2.1.1. Доходы (по данным Федерального казначейства) || Консолидированный бюджет1), млрд рублей [подтаблица 1] — level (КЭП 2.1)",M,28,2026-01-01,rosstat
56295,kep2_15,preliminary,[],[],"2.1.1. Доходы (по данным Федерального казначейства) || Федеральный бюджет, млрд рублей [подтаблица 1] [блок 1] — level (КЭП 2.1)",A,27,2025-01-01,rosstat
56296,kep2_16,preliminary,[],[],"2.1.1. Доходы (по данным Федерального казначейства) || Федеральный бюджет, млрд рублей [подтаблица 1] [блок 1] — level (КЭП 2.1)",M,28,2026-01-01,rosstat
56297,kep2_17,preliminary,['short'],[],2.1.1. Доходы (по данным Федерального казначейства) || консолидированные бюджеты  субъектов Российской Федерации [подтаблица 1] [блок 11] — level (КЭП 2.1),A,23,2025-01-01,rosstat
56298,kep2_18,preliminary,[],[],2.1.1. Доходы (по данным Федерального казначейства) || консолидированные бюджеты  субъектов Российской Федерации [подтаблица 1] [блок 11] — level (КЭП 2.1),M,28,2026-01-01,rosstat
56299,kep2_19,preliminary,[],[],2.1.1. Доходы (по данным Федерального казначейства) || консолидированные бюджеты  субъектов Российской Федерации [подтаблица 1] [блок 5] — level (КЭП 2.1),A,27,2025-01-01,rosstat
56300,kep2_110,preliminary,[],[],2.1.1. Доходы (по данным Федерального казначейства) || консолидированные бюджеты  субъектов Российской Федерации [подтаблица 1] [блок 5] — level (КЭП 2.1),M,28,2026-01-01,rosstat
56301,kep2_111,preliminary,[],[],2.1.1. Доходы (по данным Федерального казначейства) || консолидированные бюджеты субъектов Российской Федерации [подтаблица 1] [блок 14] — level (КЭП 2.1),A,27,2025-01-01,rosstat
56302,kep2_112,preliminary,[],[],2.1.1. Доходы (по данным Федерального казначейства) || консолидированные бюджеты субъектов Российской Федерации [подтаблица 1] [блок 14] — level (КЭП 2.1),M,28,2026-01-01,rosstat
56303,kep2_113,preliminary,[],[],2.1.1. Доходы (по данным Федерального казначейства) || консолидированные бюджеты субъектов Российской Федерации [подтаблица 1] [блок 8] — level (КЭП 2.1),A,27,2025-01-01,rosstat
56304,kep2_114,preliminary,[],[],2.1.1. Доходы (по данным Федерального казначейства) || консолидированные бюджеты субъектов Российской Федерации [подтаблица 1] [блок 8] — level (КЭП 2.1),M,28,2026-01-01,rosstat
56305,kep2_115,preliminary,['short'],[],2.1.1. Доходы (по данным Федерального казначейства) || консолидированный  бюджет [подтаблица 1] [блок 15] — level (КЭП 2.1),A,21,2025-01-01,rosstat
56306,kep2_116,preliminary,['short'],[],2.1.1. Доходы (по данным Федерального казначейства) || консолидированный  бюджет [подтаблица 1] [блок 15] — level (КЭП 2.1),M,22,2026-01-01,rosstat
56307,kep2_117,preliminary,[],[],2.1.1. Доходы (по данным Федерального казначейства) || консолидированный  бюджет [подтаблица 1] [блок 9] — level (КЭП 2.1),A,27,2025-01-01,rosstat
56308,kep2_118,preliminary,[],[],2.1.1. Доходы (по данным Федерального казначейства) || консолидированный  бюджет [подтаблица 1] [блок 9] — level (КЭП 2.1),M,28,2026-01-01,rosstat
56309,kep2_119,preliminary,[],[],2.1.1. Доходы (по данным Федерального казначейства) || консолидированный бюджет [подтаблица 1] [блок 12] — level (КЭП 2.1),A,24,2025-01-01,rosstat
56310,kep2_120,preliminary,[],[],2.1.1. Доходы (по данным Федерального казначейства) || консолидированный бюджет [подтаблица 1] [блок 12] — level (КЭП 2.1),M,26,2026-01-01,rosstat
56311,kep2_121,preliminary,[],[],2.1.1. Доходы (по данным Федерального казначейства) || консолидированный бюджет [подтаблица 1] [блок 3] — level (КЭП 2.1),A,27,2025-01-01,rosstat
56312,kep2_122,preliminary,[],[],2.1.1. Доходы (по данным Федерального казначейства) || консолидированный бюджет [подтаблица 1] [блок 3] — level (КЭП 2.1),M,28,2026-01-01,rosstat
56313,kep2_123,preliminary,[],[],2.1.1. Доходы (по данным Федерального казначейства) || консолидированный бюджет [подтаблица 1] [блок 6] — level (КЭП 2.1),A,27,2025-01-01,rosstat
56314,kep2_124,preliminary,[],[],2.1.1. Доходы (по данным Федерального казначейства) || консолидированный бюджет [подтаблица 1] [блок 6] — level (КЭП 2.1),M,28,2026-01-01,rosstat
56315,kep2_125,preliminary,[],[],2.1.1. Доходы (по данным Федерального казначейства) || федеральный бюджет [подтаблица 1] [блок 10] — level (КЭП 2.1),A,27,2025-01-01,rosstat
56316,kep2_126,preliminary,[],[],2.1.1. Доходы (по данным Федерального казначейства) || федеральный бюджет [подтаблица 1] [блок 10] — level (КЭП 2.1),M,28,2026-01-01,rosstat
56317,kep2_127,archive_dead,"['dead', 'short']",[],2.1.1. Доходы (по данным Федерального казначейства) || федеральный бюджет [подтаблица 1] [блок 13] — level (КЭП 2.1),A,22,2020-01-01,rosstat
56318,kep2_128,preliminary,[],[],2.1.1. Доходы (по данным Федерального казначейства) || федеральный бюджет [подтаблица 1] [блок 13] — level (КЭП 2.1),M,24,2026-01-01,rosstat
56319,kep2_129,preliminary,['short'],[],2.1.1. Доходы (по данным Федерального казначейства) || федеральный бюджет [подтаблица 1] [блок 16] — level (КЭП 2.1),A,21,2025-01-01,rosstat
56320,kep2_130,preliminary,['short'],[],2.1.1. Доходы (по данным Федерального казначейства) || федеральный бюджет [подтаблица 1] [блок 16] — level (КЭП 2.1),M,22,2026-01-01,rosstat
56321,kep2_131,preliminary,[],[],2.1.1. Доходы (по данным Федерального казначейства) || федеральный бюджет [подтаблица 1] [блок 4] — level (КЭП 2.1),A,27,2025-01-01,rosstat
56322,kep2_132,preliminary,[],[],2.1.1. Доходы (по данным Федерального казначейства) || федеральный бюджет [подтаблица 1] [блок 4] — level (КЭП 2.1),M,27,2026-01-01,rosstat
56323,kep2_133,preliminary,['short'],[],2.1.1. Доходы (по данным Федерального казначейства) || федеральный бюджет [подтаблица 1] [блок 7] — level (КЭП 2.1),A,16,2025-01-01,rosstat
56324,kep2_134,preliminary,['short'],[],2.1.1. Доходы (по данным Федерального казначейства) || федеральный бюджет [подтаблица 1] [блок 7] — level (КЭП 2.1),M,16,2026-01-01,rosstat
56325,kep2_135,preliminary,[],[],"2.1.2. Расходы (по данным Федерального казначейства) || Консолидированные бюджеты субъектов Российской Федерации, млрд рублей [подтаблица 2] [блок 19] — level (КЭП 2.1)",A,27,2025-01-01,rosstat
56326,kep2_136,preliminary,[],[],"2.1.2. Расходы (по данным Федерального казначейства) || Консолидированные бюджеты субъектов Российской Федерации, млрд рублей [подтаблица 2] [блок 19] — level (КЭП 2.1)",M,28,2026-01-01,rosstat
56327,kep2_137,preliminary,[],[],"2.1.2. Расходы (по данным Федерального казначейства) || Консолидированный бюджет, млрд рублей1) [подтаблица 2] [блок 17] — level (КЭП 2.1)",A,27,2025-01-01,rosstat
56328,kep2_138,preliminary,[],[],"2.1.2. Расходы (по данным Федерального казначейства) || Консолидированный бюджет, млрд рублей1) [подтаблица 2] [блок 17] — level (КЭП 2.1)",M,28,2026-01-01,rosstat
56329,kep2_139,preliminary,[],[],"2.1.2. Расходы (по данным Федерального казначейства) || Федеральный бюджет, млрд рублей [подтаблица 2] [блок 18] — level (КЭП 2.1)",A,27,2025-01-01,rosstat
56330,kep2_140,preliminary,[],[],"2.1.2. Расходы (по данным Федерального казначейства) || Федеральный бюджет, млрд рублей [подтаблица 2] [блок 18] — level (КЭП 2.1)",M,28,2026-01-01,rosstat
56331,kep2_141,archive_dead,"['dead', 'short']",[],2.1.2. Расходы (по данным Федерального казначейства) || консолидированные бюджеты  субъектов Российской Федерации [подтаблица 2] [блок 33] — level (КЭП 2.1),A,17,2021-01-01,rosstat
56332,kep2_142,archive_dead,"['dead', 'short']",[],2.1.2. Расходы (по данным Федерального казначейства) || консолидированные бюджеты  субъектов Российской Федерации [подтаблица 2] [блок 33] — level (КЭП 2.1),M,18,2022-01-01,rosstat
56333,kep2_143,archive_dead,"['dead', 'short']",[],2.1.2. Расходы (по данным Федерального казначейства) || консолидированные бюджеты субъектов Российской Федерации [подтаблица 2] [блок 22] — level (КЭП 2.1),A,17,2021-01-01,rosstat
56334,kep2_144,archive_dead,"['dead', 'short']",[],2.1.2. Расходы (по данным Федерального казначейства) || консолидированные бюджеты субъектов Российской Федерации [подтаблица 2] [блок 22] — level (КЭП 2.1),M,18,2022-01-01,rosstat
56335,kep2_145,archive_dead,"['dead', 'short']",[],2.1.2. Расходы (по данным Федерального казначейства) || консолидированные бюджеты субъектов Российской Федерации [подтаблица 2] [блок 27] — level (КЭП 2.1),A,17,2021-01-01,rosstat
56336,kep2_146,archive_dead,"['dead', 'short']",[],2.1.2. Расходы (по данным Федерального казначейства) || консолидированные бюджеты субъектов Российской Федерации [подтаблица 2] [блок 27] — level (КЭП 2.1),M,18,2022-01-01,rosstat
56337,kep2_147,archive_dead,"['dead', 'short']",[],2.1.2. Расходы (по данным Федерального казначейства) || консолидированные бюджеты субъектов Российской Федерации [подтаблица 2] [блок 30] — level (КЭП 2.1),A,17,2021-01-01,rosstat
56338,kep2_148,archive_dead,"['dead', 'short']",[],2.1.2. Расходы (по данным Федерального казначейства) || консолидированные бюджеты субъектов Российской Федерации [подтаблица 2] [блок 30] — level (КЭП 2.1),M,18,2022-01-01,rosstat
56339,kep2_149,archive_dead,"['dead', 'short']",[],2.1.2. Расходы (по данным Федерального казначейства) || консолидированный бюджет [подтаблица 2] [блок 20] — level (КЭП 2.1),A,17,2021-01-01,rosstat
56340,kep2_150,archive_dead,"['dead', 'short']",[],2.1.2. Расходы (по данным Федерального казначейства) || консолидированный бюджет [подтаблица 2] [блок 20] — level (КЭП 2.1),M,18,2022-01-01,rosstat
56341,kep2_151,archive_dead,"['dead', 'short']",[],2.1.2. Расходы (по данным Федерального казначейства) || консолидированный бюджет [подтаблица 2] [блок 23] — level (КЭП 2.1),A,17,2021-01-01,rosstat
56342,kep2_152,archive_dead,"['dead', 'short']",[],2.1.2. Расходы (по данным Федерального казначейства) || консолидированный бюджет [подтаблица 2] [блок 23] — level (КЭП 2.1),M,18,2022-01-01,rosstat
56343,kep2_153,archive_dead,"['dead', 'short']",[],2.1.2. Расходы (по данным Федерального казначейства) || консолидированный бюджет [подтаблица 2] [блок 25] — level (КЭП 2.1),A,17,2021-01-01,rosstat
56344,kep2_154,archive_dead,"['dead', 'short']",[],2.1.2. Расходы (по данным Федерального казначейства) || консолидированный бюджет [подтаблица 2] [блок 25] — level (КЭП 2.1),M,18,2022-01-01,rosstat
56345,kep2_155,archive_dead,"['dead', 'short']",[],2.1.2. Расходы (по данным Федерального казначейства) || консолидированный бюджет [подтаблица 2] [блок 28] — level (КЭП 2.1),A,17,2021-01-01,rosstat
56346,kep2_156,archive_dead,"['dead', 'short']",[],2.1.2. Расходы (по данным Федерального казначейства) || консолидированный бюджет [подтаблица 2] [блок 28] — level (КЭП 2.1),M,18,2022-01-01,rosstat
56347,kep2_157,archive_dead,"['dead', 'short']",[],2.1.2. Расходы (по данным Федерального казначейства) || консолидированный бюджет [подтаблица 2] [блок 31] — level (КЭП 2.1),A,17,2021-01-01,rosstat
56348,kep2_158,archive_dead,"['dead', 'short']",[],2.1.2. Расходы (по данным Федерального казначейства) || консолидированный бюджет [подтаблица 2] [блок 31] — level (КЭП 2.1),M,18,2022-01-01,rosstat
56349,kep2_159,archive_dead,"['dead', 'short']",[],2.1.2. Расходы (по данным Федерального казначейства) || федеральный бюджет [подтаблица 2] [блок 21] — level (КЭП 2.1),A,17,2021-01-01,rosstat
56350,kep2_160,archive_dead,"['dead', 'short']",[],2.1.2. Расходы (по данным Федерального казначейства) || федеральный бюджет [подтаблица 2] [блок 21] — level (КЭП 2.1),M,18,2022-01-01,rosstat
56351,kep2_161,archive_dead,"['dead', 'short']",[],2.1.2. Расходы (по данным Федерального казначейства) || федеральный бюджет [подтаблица 2] [блок 24] — level (КЭП 2.1),A,17,2021-01-01,rosstat
56352,kep2_162,archive_dead,"['dead', 'short']",[],2.1.2. Расходы (по данным Федерального казначейства) || федеральный бюджет [подтаблица 2] [блок 24] — level (КЭП 2.1),M,18,2022-01-01,rosstat
56353,kep2_163,archive_dead,"['dead', 'short']",[],2.1.2. Расходы (по данным Федерального казначейства) || федеральный бюджет [подтаблица 2] [блок 26] — level (КЭП 2.1),A,17,2021-01-01,rosstat
56354,kep2_164,archive_dead,"['dead', 'short']",[],2.1.2. Расходы (по данным Федерального казначейства) || федеральный бюджет [подтаблица 2] [блок 26] — level (КЭП 2.1),M,18,2022-01-01,rosstat
56355,kep2_165,archive_dead,"['dead', 'short']",[],2.1.2. Расходы (по данным Федерального казначейства) || федеральный бюджет [подтаблица 2] [блок 29] — level (КЭП 2.1),A,17,2021-01-01,rosstat
56356,kep2_166,archive_dead,"['dead', 'short']",[],2.1.2. Расходы (по данным Федерального казначейства) || федеральный бюджет [подтаблица 2] [блок 29] — level (КЭП 2.1),M,18,2022-01-01,rosstat
56357,kep2_167,archive_dead,"['dead', 'short']",[],2.1.2. Расходы (по данным Федерального казначейства) || федеральный бюджет [подтаблица 2] [блок 32] — level (КЭП 2.1),A,17,2021-01-01,rosstat
56358,kep2_168,archive_dead,"['dead', 'short']",[],2.1.2. Расходы (по данным Федерального казначейства) || федеральный бюджет [подтаблица 2] [блок 32] — level (КЭП 2.1),M,18,2022-01-01,rosstat
56359,kep2_169,preliminary,[],[],"2.1.3. Превышение доходов над расходами /профицит /, расходов над доходами /дефицит "" - ""/ || Консолидированные бюджеты субъектов Российской Федерации, млрд рублей [подтаблица 3] [блок 35] — level (КЭП 2.1)",A,27,2025-01-01,rosstat
56360,kep2_170,preliminary,[],[],"2.1.3. Превышение доходов над расходами /профицит /, расходов над доходами /дефицит "" - ""/ || Консолидированные бюджеты субъектов Российской Федерации, млрд рублей [подтаблица 3] [блок 35] — level (КЭП 2.1)",M,28,2026-01-01,rosstat
56361,kep2_171,preliminary,[],[],"2.1.3. Превышение доходов над расходами /профицит /, расходов над доходами /дефицит "" - ""/ || Федеральный бюджет, млрд рублей [подтаблица 3] [блок 34] — level (КЭП 2.1)",A,27,2025-01-01,rosstat
56362,kep2_172,preliminary,[],[],"2.1.3. Превышение доходов над расходами /профицит /, расходов над доходами /дефицит "" - ""/ || Федеральный бюджет, млрд рублей [подтаблица 3] [блок 34] — level (КЭП 2.1)",M,28,2026-01-01,rosstat
56363,kep2_2,preliminary,['short'],[],Всего — level (КЭП 2.2),A,21,2025-01-01,rosstat
56364,kep2_22,preliminary,['short'],[],Всего — level (КЭП 2.2),M,22,2026-01-01,rosstat
56365,kep2_23,preliminary,['short'],[],Добыча полезных ископаемых [блок 1] — level (КЭП 2.2),A,9,2025-01-01,rosstat
56366,kep2_24,preliminary,['short'],[],Добыча полезных ископаемых [блок 1] — level (КЭП 2.2),M,10,2026-01-01,rosstat
56367,kep2_25,preliminary,['short'],[],"Обеспечение электрической энергией,  газом и паром; кондиционирование воздуха [блок 3] — level (КЭП 2.2)",A,9,2025-01-01,rosstat
56368,kep2_26,preliminary,['short'],[],"Обеспечение электрической энергией,  газом и паром; кондиционирование воздуха [блок 3] — level (КЭП 2.2)",M,10,2026-01-01,rosstat
56369,kep2_27,preliminary,['short'],[],Обрабатывающие производства [блок 2] — level (КЭП 2.2),A,9,2025-01-01,rosstat
56370,kep2_28,preliminary,['short'],[],Обрабатывающие производства [блок 2] — level (КЭП 2.2),M,10,2026-01-01,rosstat
56371,kep2_29,preliminary,['short'],['construction'],Строительство [блок 4] — level (КЭП 2.2),A,9,2025-01-01,rosstat
56372,kep2_210,preliminary,['short'],['construction'],Строительство [блок 4] — level (КЭП 2.2),M,10,2026-01-01,rosstat
56373,kep2_211,preliminary,['short'],[],Транспортировка  и хранение [блок 5] — level (КЭП 2.2),A,9,2025-01-01,rosstat
56374,kep2_212,preliminary,['short'],[],Транспортировка  и хранение [блок 5] — level (КЭП 2.2),M,10,2026-01-01,rosstat
56375,kep2_213,preliminary,['short'],[],"количество организаций, единиц [блок 10] — level (КЭП 2.2)",A,9,2025-01-01,rosstat
56376,kep2_214,preliminary,['short'],[],"количество организаций, единиц [блок 10] — level (КЭП 2.2)",M,10,2026-01-01,rosstat
56377,kep2_215,preliminary,['short'],[],"количество организаций, единиц [блок 12] — level (КЭП 2.2)",A,9,2025-01-01,rosstat
56378,kep2_216,preliminary,['short'],[],"количество организаций, единиц [блок 12] — level (КЭП 2.2)",M,10,2026-01-01,rosstat
56379,kep2_217,preliminary,['short'],[],"количество организаций, единиц [блок 14] — level (КЭП 2.2)",A,9,2025-01-01,rosstat
56380,kep2_218,preliminary,['short'],[],"количество организаций, единиц [блок 14] — level (КЭП 2.2)",M,10,2026-01-01,rosstat
56381,kep2_219,preliminary,['short'],[],"количество организаций, единиц [блок 6] — level (КЭП 2.2)",A,9,2025-01-01,rosstat
56382,kep2_220,preliminary,['short'],[],"количество организаций, единиц [блок 6] — level (КЭП 2.2)",M,10,2026-01-01,rosstat
56383,kep2_221,preliminary,['short'],[],"количество организаций, единиц [блок 8] — level (КЭП 2.2)",A,9,2025-01-01,rosstat
56384,kep2_222,preliminary,['short'],[],"количество организаций, единиц [блок 8] — level (КЭП 2.2)",M,10,2026-01-01,rosstat
56385,kep2_223,preliminary,['short'],[],"удельный вес в общем  количестве организаций, процентов [блок 11] — level (КЭП 2.2)",A,9,2025-01-01,rosstat
56386,kep2_224,preliminary,['short'],[],"удельный вес в общем  количестве организаций, процентов [блок 11] — level (КЭП 2.2)",M,10,2026-01-01,rosstat
56387,kep2_225,preliminary,['short'],[],"удельный вес в общем количестве организаций, процентов [блок 13] — level (КЭП 2.2)",A,9,2025-01-01,rosstat
56388,kep2_226,preliminary,['short'],[],"удельный вес в общем количестве организаций, процентов [блок 13] — level (КЭП 2.2)",M,10,2026-01-01,rosstat
56389,kep2_227,preliminary,['short'],[],"удельный вес в общем количестве организаций, процентов [блок 15] — level (КЭП 2.2)",A,9,2025-01-01,rosstat
56390,kep2_228,preliminary,['short'],[],"удельный вес в общем количестве организаций, процентов [блок 15] — level (КЭП 2.2)",M,10,2026-01-01,rosstat
56391,kep2_229,preliminary,['short'],[],"удельный вес в общем количестве организаций, процентов [блок 7] — level (КЭП 2.2)",A,9,2025-01-01,rosstat
56392,kep2_230,preliminary,['short'],[],"удельный вес в общем количестве организаций, процентов [блок 7] — level (КЭП 2.2)",M,10,2026-01-01,rosstat
56393,kep2_231,preliminary,['short'],[],"удельный вес в общем количестве организаций, процентов [блок 9] — level (КЭП 2.2)",A,9,2025-01-01,rosstat
56394,kep2_232,preliminary,['short'],[],"удельный вес в общем количестве организаций, процентов [блок 9] — level (КЭП 2.2)",M,10,2026-01-01,rosstat
56395,kep2_3,preliminary,[],[],"2.3. Кредиты, депозиты и прочие средства, предоставленные  корпоративным клиентам, физическим лицам и кредитным организациям  (в рублях и иностранной валюте)1), включая  кредиты, предоставленные иностранным государствам и юридическим  лицам-нерезидентам (на начало периода), млрд рублей  (по данным Б",M,318,2026-07-01,rosstat
56396,kep2_32,archive_dead,"['dead', 'short']",[],до 1 года [блок 1] — level (КЭП 2.3),M,12,2014-12-01,rosstat
56397,kep2_33,archive_dead,"['dead', 'short']",[],до 1 года [блок 1] — level (КЭП 2.3),M,12,2007-12-01,rosstat
56398,kep2_34,archive_dead,"['dead', 'short']",[],до 1 года [блок 1] — level (КЭП 2.3),M,12,2007-12-01,rosstat
56399,kep2_35,archive_dead,"['dead', 'short']",[],до 1 года [блок 1] — level (КЭП 2.3),M,12,2014-12-01,rosstat
56400,kep2_36,archive_dead,"['dead', 'short']",[],до 1 года [блок 1] — level (КЭП 2.3),M,12,2007-12-01,rosstat
56401,kep2_37,archive_dead,"['dead', 'short']",[],до 1 года [блок 1] — level (КЭП 2.3),M,12,2007-12-01,rosstat
56402,kep2_38,archive_dead,"['dead', 'short']",[],до 1 года [блок 1] — level (КЭП 2.3),M,12,2007-12-01,rosstat
56403,kep2_39,archive_dead,"['dead', 'short']",[],до 1 года [блок 1] — level (КЭП 2.3),M,12,2014-12-01,rosstat
56404,kep2_310,archive_dead,"['dead', 'short']",[],до 1 года [блок 1] — level (КЭП 2.3),M,12,2014-12-01,rosstat
56405,kep2_311,archive_dead,"['dead', 'short']",[],до 1 года [блок 1] — level (КЭП 2.3),M,12,2014-12-01,rosstat
56406,kep2_312,archive_dead,"['dead', 'short']",[],до 1 года [блок 1] — level (КЭП 2.3),M,12,2014-12-01,rosstat
56407,kep2_313,archive_dead,"['dead', 'short']",[],до 1 года [блок 1] — level (КЭП 2.3),M,12,2014-12-01,rosstat
56408,kep2_314,archive_dead,"['dead', 'short']",[],до 1 года [блок 1] — level (КЭП 2.3),M,12,2007-12-01,rosstat
56409,kep2_315,archive_dead,"['dead', 'short']",[],до 1 года [блок 1] — level (КЭП 2.3),M,12,2014-12-01,rosstat
56410,kep2_316,archive_dead,"['dead', 'short']",[],до 1 года [блок 1] — level (КЭП 2.3),M,12,2014-12-01,rosstat
56411,kep2_317,archive_dead,"['dead', 'short']",[],до 1 года [блок 1] — level (КЭП 2.3),M,12,2014-12-01,rosstat
56412,kep2_318,archive_dead,"['dead', 'short']",[],до 1 года [блок 1] — level (КЭП 2.3),M,12,2014-12-01,rosstat
56413,kep2_319,archive_dead,"['dead', 'short']",[],до 1 года [блок 1] — level (КЭП 2.3),M,7,2014-07-01,rosstat
56414,kep2_320,archive_dead,"['dead', 'short']",[],до 1 года [блок 1] — level (КЭП 2.3),M,12,2007-12-01,rosstat
56415,kep2_321,archive_dead,"['dead', 'short']",[],до 1 года [блок 1] — level (КЭП 2.3),M,12,2014-12-01,rosstat
56416,kep2_322,archive_dead,"['dead', 'short']",[],свыше 1 года [блок 1] — level (КЭП 2.3),M,12,2007-12-01,rosstat
56417,kep2_323,archive_dead,"['dead', 'short']",[],свыше 1 года [блок 1] — level (КЭП 2.3),M,12,2014-12-01,rosstat
56418,kep2_324,archive_dead,"['dead', 'short']",[],свыше 1 года [блок 1] — level (КЭП 2.3),M,12,2014-12-01,rosstat
56419,kep2_325,archive_dead,"['dead', 'short']",[],свыше 1 года [блок 1] — level (КЭП 2.3),M,12,2014-12-01,rosstat
56420,kep2_326,archive_dead,"['dead', 'short']",[],свыше 1 года [блок 1] — level (КЭП 2.3),M,12,2007-12-01,rosstat
56421,kep2_327,archive_dead,"['dead', 'short']",[],свыше 1 года [блок 1] — level (КЭП 2.3),M,12,2007-12-01,rosstat
56422,kep2_328,archive_dead,"['dead', 'short']",[],свыше 1 года [блок 1] — level (КЭП 2.3),M,12,2014-12-01,rosstat
56423,kep2_329,archive_dead,"['dead', 'short']",[],свыше 1 года [блок 1] — level (КЭП 2.3),M,12,2007-12-01,rosstat
56424,kep2_330,archive_dead,"['dead', 'short']",[],свыше 1 года [блок 1] — level (КЭП 2.3),M,12,2014-12-01,rosstat
56425,kep2_331,archive_dead,"['dead', 'short']",[],свыше 1 года [блок 1] — level (КЭП 2.3),M,12,2007-12-01,rosstat
56426,kep2_332,archive_dead,"['dead', 'short']",[],свыше 1 года [блок 1] — level (КЭП 2.3),M,12,2007-12-01,rosstat
56427,kep2_333,archive_dead,"['dead', 'short']",[],свыше 1 года [блок 1] — level (КЭП 2.3),M,7,2014-07-01,rosstat
56428,kep2_334,archive_dead,"['dead', 'short']",[],свыше 1 года [блок 1] — level (КЭП 2.3),M,12,2014-12-01,rosstat
56429,kep2_335,archive_dead,"['dead', 'short']",[],свыше 1 года [блок 1] — level (КЭП 2.3),M,12,2014-12-01,rosstat
56430,kep2_336,archive_dead,"['dead', 'short']",[],свыше 1 года [блок 1] — level (КЭП 2.3),M,12,2014-12-01,rosstat
56431,kep2_337,archive_dead,"['dead', 'short']",[],свыше 1 года [блок 1] — level (КЭП 2.3),M,12,2014-12-01,rosstat
56432,kep2_338,archive_dead,"['dead', 'short']",[],свыше 1 года [блок 1] — level (КЭП 2.3),M,12,2014-12-01,rosstat
56433,kep2_339,archive_dead,"['dead', 'short']",[],свыше 1 года [блок 1] — level (КЭП 2.3),M,12,2014-12-01,rosstat
56434,kep2_340,archive_dead,"['dead', 'short']",[],свыше 1 года [блок 1] — level (КЭП 2.3),M,12,2014-12-01,rosstat
56435,kep2_341,archive_dead,"['dead', 'short']",[],свыше 1 года [блок 1] — level (КЭП 2.3),M,12,2007-12-01,rosstat
56436,kep2_4,preliminary,[],[],"2.4.1. Кредиторская задолженность, млрд рублей || 2.4.1. Кредиторская задолженность, млрд рублей [подтаблица 1] — level (КЭП 2.4)",M,329,2026-06-01,rosstat
56437,kep2_42,preliminary,[],[],"2.4.1. Кредиторская задолженность, млрд рублей || В бюджеты всех уровней, млрд рублей [подтаблица 1] [блок 3] — level (КЭП 2.4)",M,330,2026-06-01,rosstat
56438,kep2_4_m,preliminary,[],[],"2.4.1. Кредиторская задолженность, млрд рублей || В бюджеты всех уровней, млрд рублей [подтаблица 1] [блок 3] — mom (КЭП 2.4)",M,329,2026-06-01,rosstat
56439,kep2_43,preliminary,[],[],"2.4.1. Кредиторская задолженность, млрд рублей || Поставщикам, млрд рублей [подтаблица 1] [блок 2] — level (КЭП 2.4)",M,329,2026-06-01,rosstat
56440,kep2_4_m2,preliminary,[],[],"2.4.1. Кредиторская задолженность, млрд рублей || Поставщикам, млрд рублей [подтаблица 1] [блок 2] — mom (КЭП 2.4)",M,330,2026-06-01,rosstat
56441,kep2_44,preliminary,[],[],"2.4.1. Кредиторская задолженность, млрд рублей || в том числе просроченная, млрд рублей [подтаблица 1] [блок 1] — level (КЭП 2.4)",M,330,2026-06-01,rosstat
56442,kep2_4_m3,preliminary,[],[],"2.4.1. Кредиторская задолженность, млрд рублей || в том числе просроченная, млрд рублей [подтаблица 1] [блок 1] — mom (КЭП 2.4)",M,330,2026-06-01,rosstat
56443,kep2_45,preliminary,[],[],"2.4.2. Дебиторская задолженность, млрд рублей || 2.4.2. Дебиторская задолженность, млрд рублей [подтаблица 2] [блок 3] — level (КЭП 2.4)",M,330,2026-06-01,rosstat
56444,kep2_46,preliminary,[],[],"2.4.2. Дебиторская задолженность, млрд рублей || Из просроченной дебиторской задолженности – задолженность покупателей,  млрд рублей [подтаблица 2] [блок 5] — level (КЭП 2.4)",M,329,2026-06-01,rosstat
56445,kep2_4_m4,preliminary,[],[],"2.4.2. Дебиторская задолженность, млрд рублей || Из просроченной дебиторской задолженности – задолженность покупателей,  млрд рублей [подтаблица 2] [блок 5] — mom (КЭП 2.4)",M,330,2026-06-01,rosstat
56446,kep2_47,preliminary,[],[],"2.4.2. Дебиторская задолженность, млрд рублей || в том числе просроченная, млрд рублей [подтаблица 2] [блок 4] — level (КЭП 2.4)",M,330,2026-06-01,rosstat
56447,kep2_4_m5,preliminary,[],[],"2.4.2. Дебиторская задолженность, млрд рублей || в том числе просроченная, млрд рублей [подтаблица 2] [блок 4] — mom (КЭП 2.4)",M,330,2026-06-01,rosstat
56448,kep2_5,preliminary,[],[],"2.5. Просроченная задолженность по заработной плате на начало месяца, всего1), млн рублей — level (КЭП 2.5)",M,319,2026-07-01,rosstat
56449,kep2_5_m,preliminary,[],[],"2.5. Просроченная задолженность по заработной плате на начало месяца, всего1), млн рублей — mom (КЭП 2.5)",M,314,2026-07-01,rosstat
56450,kep3_1,preliminary,['short'],['dkp_macro'],"3.1. Индексы цен производителей промышленных товаров1),2) (на конец периода, в % к концу предыдущего периода) — level (КЭП 3.1)",A,10,2025-01-01,rosstat
56451,kep3_12,preliminary,[],['dkp_macro'],"3.1. Индексы цен производителей промышленных товаров1),2) (на конец периода, в % к концу предыдущего периода) — level (КЭП 3.1)",M,127,2026-07-01,rosstat
56452,kep3_13,preliminary,[],['dkp_macro'],"3.1. Индексы цен производителей промышленных товаров1),2) (на конец периода, в % к концу предыдущего периода) — level (КЭП 3.1)",Q,42,2026-04-01,rosstat
56453,kep3_14,preliminary,['short'],['construction'],"Водоснабжение; водоотведение,организация сбора и утилизация отходов, деятельность по ликвидации загрязнений [блок 4] — level (КЭП 3.1)",A,10,2025-01-01,rosstat
56454,kep3_15,preliminary,[],['construction'],"Водоснабжение; водоотведение,организация сбора и утилизация отходов, деятельность по ликвидации загрязнений [блок 4] — level (КЭП 3.1)",M,127,2026-07-01,rosstat
56455,kep3_16,preliminary,[],['construction'],"Водоснабжение; водоотведение,организация сбора и утилизация отходов, деятельность по ликвидации загрязнений [блок 4] — level (КЭП 3.1)",Q,42,2026-04-01,rosstat
56456,kep3_17,preliminary,['short'],[],Добыча полезных ископаемых [блок 1] — level (КЭП 3.1),A,10,2025-01-01,rosstat
56457,kep3_18,preliminary,[],[],Добыча полезных ископаемых [блок 1] — level (КЭП 3.1),M,127,2026-07-01,rosstat
56458,kep3_19,preliminary,[],[],Добыча полезных ископаемых [блок 1] — level (КЭП 3.1),Q,42,2026-04-01,rosstat
56459,kep3_110,preliminary,['short'],[],"Обеспечение электрической энергией, газом и паром; кондиционирование воздуха [блок 3] — level (КЭП 3.1)",A,10,2025-01-01,rosstat
56460,kep3_111,preliminary,[],[],"Обеспечение электрической энергией, газом и паром; кондиционирование воздуха [блок 3] — level (КЭП 3.1)",M,127,2026-07-01,rosstat
56461,kep3_112,preliminary,[],[],"Обеспечение электрической энергией, газом и паром; кондиционирование воздуха [блок 3] — level (КЭП 3.1)",Q,42,2026-04-01,rosstat
56462,kep3_113,preliminary,['short'],[],Обрабатывающие производства [блок 2] — level (КЭП 3.1),A,10,2025-01-01,rosstat
56463,kep3_114,preliminary,[],[],Обрабатывающие производства [блок 2] — level (КЭП 3.1),M,127,2026-07-01,rosstat
56464,kep3_115,preliminary,[],[],Обрабатывающие производства [блок 2] — level (КЭП 3.1),Q,42,2026-04-01,rosstat
56465,kep3_1_1,preliminary,[],[],"Dehydrated, desalted and stabilized oil1) rubles per ton — level (КЭП 3.1.1)",A,27,2025-01-01,rosstat
56466,kep3_1_12,preliminary,[],[],"Dehydrated, desalted and stabilized oil1) rubles per ton — level (КЭП 3.1.1)",M,331,2026-07-01,rosstat
56467,kep3_1_1_s,preliminary,[],[],"Dehydrated, desalted and stabilized oil1) rubles per ton — pct (КЭП 3.1.1)",A,27,2025-01-01,rosstat
56468,kep3_1_1_s2,preliminary,[],[],"Dehydrated, desalted and stabilized oil1) rubles per ton — pct (КЭП 3.1.1)",M,331,2026-07-01,rosstat
56469,kep3_1_13,preliminary,[],[],"Бензин автомобильный, рублей за тонну [блок 3] — level (КЭП 3.1.1)",A,27,2025-01-01,rosstat
56470,kep3_1_14,preliminary,[],[],"Бензин автомобильный, рублей за тонну [блок 3] — level (КЭП 3.1.1)",M,331,2026-07-01,rosstat
56471,kep3_1_1_s3,preliminary,[],[],"Бензин автомобильный, рублей за тонну [блок 3] — pct (КЭП 3.1.1)",A,27,2025-01-01,rosstat
56472,kep3_1_1_s4,preliminary,[],[],"Бензин автомобильный, рублей за тонну [блок 3] — pct (КЭП 3.1.1)",M,331,2026-07-01,rosstat
56473,kep3_1_15,preliminary,[],[],"Газ горючий природный (газ естественный), рублей за тыс.куб.м [блок 2] — level (КЭП 3.1.1)",A,27,2025-01-01,rosstat
56474,kep3_1_16,preliminary,[],[],"Газ горючий природный (газ естественный), рублей за тыс.куб.м [блок 2] — level (КЭП 3.1.1)",M,331,2026-07-01,rosstat
56475,kep3_1_1_s5,preliminary,[],[],"Газ горючий природный (газ естественный), рублей за тыс.куб.м [блок 2] — pct (КЭП 3.1.1)",A,27,2025-01-01,rosstat
56476,kep3_1_1_s6,preliminary,[],[],"Газ горючий природный (газ естественный), рублей за тыс.куб.м [блок 2] — pct (КЭП 3.1.1)",M,331,2026-07-01,rosstat
56477,kep3_1_17,preliminary,[],[],"Мазут топочный, рублей за тонну [блок 5] — level (КЭП 3.1.1)",A,27,2025-01-01,rosstat
56478,kep3_1_18,preliminary,[],[],"Мазут топочный, рублей за тонну [блок 5] — level (КЭП 3.1.1)",M,331,2026-07-01,rosstat
56479,kep3_1_1_s7,preliminary,[],[],"Мазут топочный, рублей за тонну [блок 5] — pct (КЭП 3.1.1)",A,27,2025-01-01,rosstat
56480,kep3_1_1_s8,preliminary,[],[],"Мазут топочный, рублей за тонну [блок 5] — pct (КЭП 3.1.1)",M,331,2026-07-01,rosstat
56481,kep3_1_19,preliminary,[],[],"Топливо дизельное, рублей за тонну [блок 4] — level (КЭП 3.1.1)",A,27,2025-01-01,rosstat
56482,kep3_1_110,preliminary,[],[],"Топливо дизельное, рублей за тонну [блок 4] — level (КЭП 3.1.1)",M,331,2026-07-01,rosstat
56483,kep3_1_1_s9,preliminary,[],[],"Топливо дизельное, рублей за тонну [блок 4] — pct (КЭП 3.1.1)",A,27,2025-01-01,rosstat
56484,kep3_1_1_s10,preliminary,[],[],"Топливо дизельное, рублей за тонну [блок 4] — pct (КЭП 3.1.1)",M,331,2026-07-01,rosstat
56485,kep3_1_111,preliminary,[],[],"Уголь,  за исключением антрацита, угля коксующегося и угля бурого, рублей за тонну [блок 1] — level (КЭП 3.1.1)",A,27,2025-01-01,rosstat
56486,kep3_1_112,preliminary,[],[],"Уголь,  за исключением антрацита, угля коксующегося и угля бурого, рублей за тонну [блок 1] — level (КЭП 3.1.1)",M,331,2026-07-01,rosstat
56487,kep3_1_1_s11,preliminary,[],[],"Уголь,  за исключением антрацита, угля коксующегося и угля бурого, рублей за тонну [блок 1] — pct (КЭП 3.1.1)",A,27,2025-01-01,rosstat
56488,kep3_1_1_s12,preliminary,[],[],"Уголь,  за исключением антрацита, угля коксующегося и угля бурого, рублей за тонну [блок 1] — pct (КЭП 3.1.1)",M,331,2026-07-01,rosstat
56489,kep3_2,preliminary,[],[],"3.2.  Индексы цен производителей на продукцию животноводства  (на конец периода, в % к концу предыдущего периода) — level (КЭП 3.2)",A,27,2025-01-01,rosstat
56490,kep3_22,preliminary,[],[],"3.2.  Индексы цен производителей на продукцию животноводства  (на конец периода, в % к концу предыдущего периода) — level (КЭП 3.2)",M,331,2026-07-01,rosstat
56491,kep3_23,preliminary,[],[],"3.2.1. Средние цены производителей на продукцию животноводства || Молоко сырое крупного рогатого скота, рублей за тонну [подтаблица 1] [блок 5] — level (КЭП 3.2)",A,27,2025-01-01,rosstat
56492,kep3_24,preliminary,[],[],"3.2.1. Средние цены производителей на продукцию животноводства || Молоко сырое крупного рогатого скота, рублей за тонну [подтаблица 1] [блок 5] — level (КЭП 3.2)",M,331,2026-07-01,rosstat
56493,kep3_25,preliminary,[],[],"3.2.1. Средние цены производителей на продукцию животноводства || Птица сельскохозяйственная (в живом весе), рублей за тонну [подтаблица 1] [блок 3] — level (КЭП 3.2)",A,27,2025-01-01,rosstat
56494,kep3_26,preliminary,[],[],"3.2.1. Средние цены производителей на продукцию животноводства || Птица сельскохозяйственная (в живом весе), рублей за тонну [подтаблица 1] [блок 3] — level (КЭП 3.2)",M,331,2026-07-01,rosstat
56495,kep3_27,preliminary,[],[],"3.2.1. Средние цены производителей на продукцию животноводства || Скот крупный рогатый (в живом весе), рублей за тонну [подтаблица 1] [блок 1] — level (КЭП 3.2)",A,27,2025-01-01,rosstat
56496,kep3_28,preliminary,[],[],"3.2.1. Средние цены производителей на продукцию животноводства || Скот крупный рогатый (в живом весе), рублей за тонну [подтаблица 1] [блок 1] — level (КЭП 3.2)",M,331,2026-07-01,rosstat
56497,kep3_29,preliminary,[],[],"3.2.1. Средние цены производителей на продукцию животноводства || Яйца куриные в скорлупе свежие, рублей за тыс.штук [подтаблица 1] [блок 7] — level (КЭП 3.2)",A,27,2025-01-01,rosstat
56498,kep3_210,preliminary,[],[],"3.2.1. Средние цены производителей на продукцию животноводства || Яйца куриные в скорлупе свежие, рублей за тыс.штук [подтаблица 1] [блок 7] — level (КЭП 3.2)",M,331,2026-07-01,rosstat
56499,kep3_211,preliminary,[],[],3.2.1. Средние цены производителей на продукцию животноводства || на конец периода в % к концу предыдущего периода [подтаблица 1] [блок 2] — level (КЭП 3.2),A,27,2025-01-01,rosstat
56500,kep3_212,preliminary,[],[],3.2.1. Средние цены производителей на продукцию животноводства || на конец периода в % к концу предыдущего периода [подтаблица 1] [блок 2] — level (КЭП 3.2),M,331,2026-07-01,rosstat
56501,kep3_213,preliminary,[],[],3.2.1. Средние цены производителей на продукцию животноводства || на конец периода в % к концу предыдущего периода [подтаблица 1] [блок 4] — level (КЭП 3.2),A,27,2025-01-01,rosstat
56502,kep3_214,preliminary,[],[],3.2.1. Средние цены производителей на продукцию животноводства || на конец периода в % к концу предыдущего периода [подтаблица 1] [блок 4] — level (КЭП 3.2),M,331,2026-07-01,rosstat
56503,kep3_215,preliminary,[],[],3.2.1. Средние цены производителей на продукцию животноводства || на конец периода в % к концу предыдущего периода [подтаблица 1] [блок 6] — level (КЭП 3.2),A,27,2025-01-01,rosstat
56504,kep3_216,preliminary,[],[],3.2.1. Средние цены производителей на продукцию животноводства || на конец периода в % к концу предыдущего периода [подтаблица 1] [блок 6] — level (КЭП 3.2),M,331,2026-07-01,rosstat
56505,kep3_217,preliminary,[],[],3.2.1. Средние цены производителей на продукцию животноводства || на конец периода в % к концу предыдущего периода [подтаблица 1] [блок 8] — level (КЭП 3.2),A,27,2025-01-01,rosstat
56506,kep3_218,preliminary,[],[],3.2.1. Средние цены производителей на продукцию животноводства || на конец периода в % к концу предыдущего периода [подтаблица 1] [блок 8] — level (КЭП 3.2),M,331,2026-07-01,rosstat
56507,kep3_3,preliminary,[],['construction'],"3.3. Сводный индекс цен на продукцию (затраты, услуги) инвестиционного назначения (на конец периода, в % к концу предыдущего периода) — level (КЭП 3.3)",A,27,2025-01-01,rosstat
56508,kep3_32,preliminary,[],['construction'],"3.3. Сводный индекс цен на продукцию (затраты, услуги) инвестиционного назначения (на конец периода, в % к концу предыдущего периода) — level (КЭП 3.3)",M,331,2026-07-01,rosstat
56509,kep3_33,preliminary,[],[],в том числе индекс цен производителей на строительную продукцию [блок 1] — level (КЭП 3.3),A,27,2025-01-01,rosstat
56510,kep3_34,preliminary,[],[],в том числе индекс цен производителей на строительную продукцию [блок 1] — level (КЭП 3.3),M,331,2026-07-01,rosstat
56511,kep3_4,preliminary,[],[],"3.4. Индексы тарифов на грузовые перевозки  (на конец периода, в % к концу предыдущего периода) — level (КЭП 3.4)",A,27,2025-01-01,rosstat
56512,kep3_42,preliminary,[],[],"3.4. Индексы тарифов на грузовые перевозки  (на конец периода, в % к концу предыдущего периода) — level (КЭП 3.4)",M,331,2026-07-01,rosstat
56513,kep3_5,preliminary,[],['dkp_macro'],"3.5. Индекс потребительских цен  (на конец периода, в % к концу предыдущего периода) — level (КЭП 3.5)",A,27,2025-01-01,rosstat
56514,kep3_52,preliminary,[],['dkp_macro'],"3.5. Индекс потребительских цен  (на конец периода, в % к концу предыдущего периода) — level (КЭП 3.5)",M,331,2026-07-01,rosstat
56515,kep3_53,preliminary,[],['dkp_macro'],"3.5. Индекс потребительских цен  (на конец периода, в % к концу предыдущего периода) — level (КЭП 3.5)",Q,110,2026-04-01,rosstat
56516,kep3_54,preliminary,[],[],алкогольные напитки [блок 2] — level (КЭП 3.5),A,27,2025-01-01,rosstat
56517,kep3_55,preliminary,[],[],алкогольные напитки [блок 2] — level (КЭП 3.5),M,331,2026-07-01,rosstat
56518,kep3_56,preliminary,[],[],алкогольные напитки [блок 2] — level (КЭП 3.5),Q,110,2026-04-01,rosstat
56519,kep3_57,preliminary,[],[],непродовольственные товары [блок 3] — level (КЭП 3.5),A,27,2025-01-01,rosstat
56520,kep3_58,preliminary,[],[],непродовольственные товары [блок 3] — level (КЭП 3.5),M,331,2026-07-01,rosstat
56521,kep3_59,preliminary,[],[],непродовольственные товары [блок 3] — level (КЭП 3.5),Q,110,2026-04-01,rosstat
56522,kep3_510,preliminary,[],[],продукты питания [блок 1] — level (КЭП 3.5),A,27,2025-01-01,rosstat
56523,kep3_511,preliminary,[],[],продукты питания [блок 1] — level (КЭП 3.5),M,331,2026-07-01,rosstat
56524,kep3_512,preliminary,[],[],продукты питания [блок 1] — level (КЭП 3.5),Q,110,2026-04-01,rosstat
56525,kep3_513,preliminary,[],[],услуги [блок 4] — level (КЭП 3.5),A,27,2025-01-01,rosstat
56526,kep3_514,preliminary,[],[],услуги [блок 4] — level (КЭП 3.5),M,331,2026-07-01,rosstat
56527,kep3_515,preliminary,[],[],услуги [блок 4] — level (КЭП 3.5),Q,110,2026-04-01,rosstat
56528,kep4_1,archive_dead,"['dead', 'short']",[],"4.1.1. Численность занятых в возрасте 15-72 лет, млн человек || 4.1.1. Численность занятых в возрасте 15-72 лет, млн человек [подтаблица 2] — level (КЭП 4.1)",A,18,2017-01-01,rosstat
56529,kep4_12,archive_dead,['dead'],[],"4.1.1. Численность занятых в возрасте 15-72 лет, млн человек || 4.1.1. Численность занятых в возрасте 15-72 лет, млн человек [подтаблица 2] — level (КЭП 4.1)",M,216,2017-12-01,rosstat
56530,kep4_13,archive_dead,['dead'],[],"4.1.1. Численность занятых в возрасте 15-72 лет, млн человек || 4.1.1. Численность занятых в возрасте 15-72 лет, млн человек [подтаблица 2] — level (КЭП 4.1)",Q,72,2017-10-01,rosstat
56531,kep4_1_y,archive_dead,"['dead', 'short']",[],"4.1.1. Численность занятых в возрасте 15-72 лет, млн человек || 4.1.1. Численность занятых в возрасте 15-72 лет, млн человек [подтаблица 2] — yoy (КЭП 4.1)",A,19,2017-01-01,rosstat
56532,kep4_1_y2,archive_dead,['dead'],[],"4.1.1. Численность занятых в возрасте 15-72 лет, млн человек || 4.1.1. Численность занятых в возрасте 15-72 лет, млн человек [подтаблица 2] — yoy (КЭП 4.1)",M,228,2017-12-01,rosstat
56533,kep4_1_y3,archive_dead,['dead'],[],"4.1.1. Численность занятых в возрасте 15-72 лет, млн человек || 4.1.1. Численность занятых в возрасте 15-72 лет, млн человек [подтаблица 2] — yoy (КЭП 4.1)",Q,76,2017-10-01,rosstat
56534,kep4_14,preliminary,['short'],[],"4.1.2. Численность занятых в возрасте 15 лет и старше6), млн человек || 4.1.2. Численность занятых в возрасте 15 лет и старше6), млн человек [подтаблица 3] — level (КЭП 4.1)",A,9,2025-01-01,rosstat
56535,kep4_15,preliminary,[],[],"4.1.2. Численность занятых в возрасте 15 лет и старше6), млн человек || 4.1.2. Численность занятых в возрасте 15 лет и старше6), млн человек [подтаблица 3] — level (КЭП 4.1)",M,115,2026-07-01,rosstat
56536,kep4_16,preliminary,[],[],"4.1.2. Численность занятых в возрасте 15 лет и старше6), млн человек || 4.1.2. Численность занятых в возрасте 15 лет и старше6), млн человек [подтаблица 3] — level (КЭП 4.1)",Q,38,2026-04-01,rosstat
56537,kep4_1_y4,preliminary,['short'],[],"4.1.2. Численность занятых в возрасте 15 лет и старше6), млн человек || 4.1.2. Численность занятых в возрасте 15 лет и старше6), млн человек [подтаблица 3] — yoy (КЭП 4.1)",A,8,2025-01-01,rosstat
56538,kep4_1_y5,preliminary,[],[],"4.1.2. Численность занятых в возрасте 15 лет и старше6), млн человек || 4.1.2. Численность занятых в возрасте 15 лет и старше6), млн человек [подтаблица 3] — yoy (КЭП 4.1)",M,103,2026-07-01,rosstat
56539,kep4_1_y6,preliminary,[],[],"4.1.2. Численность занятых в возрасте 15 лет и старше6), млн человек || 4.1.2. Численность занятых в возрасте 15 лет и старше6), млн человек [подтаблица 3] — yoy (КЭП 4.1)",Q,34,2026-04-01,rosstat
56540,kep4_17,archive_dead,"['dead', 'short']",[],"4.1.3. Общая численность безработных в возрасте 15-72 лет, млн.человек || 4.1.3. Общая численность безработных в возрасте 15-72 лет, млн.человек [подтаблица 4] — level (КЭП 4.1)",A,18,2017-01-01,rosstat
56541,kep4_18,archive_dead,['dead'],[],"4.1.3. Общая численность безработных в возрасте 15-72 лет, млн.человек || 4.1.3. Общая численность безработных в возрасте 15-72 лет, млн.человек [подтаблица 4] — level (КЭП 4.1)",M,216,2017-12-01,rosstat
56542,kep4_19,archive_dead,['dead'],[],"4.1.3. Общая численность безработных в возрасте 15-72 лет, млн.человек || 4.1.3. Общая численность безработных в возрасте 15-72 лет, млн.человек [подтаблица 4] — level (КЭП 4.1)",Q,72,2017-10-01,rosstat
56543,kep4_1_y7,archive_dead,"['dead', 'short']",[],"4.1.3. Общая численность безработных в возрасте 15-72 лет, млн.человек || 4.1.3. Общая численность безработных в возрасте 15-72 лет, млн.человек [подтаблица 4] — yoy (КЭП 4.1)",A,19,2017-01-01,rosstat
56544,kep4_1_y8,archive_dead,['dead'],[],"4.1.3. Общая численность безработных в возрасте 15-72 лет, млн.человек || 4.1.3. Общая численность безработных в возрасте 15-72 лет, млн.человек [подтаблица 4] — yoy (КЭП 4.1)",M,228,2017-12-01,rosstat
56545,kep4_1_y9,archive_dead,['dead'],[],"4.1.3. Общая численность безработных в возрасте 15-72 лет, млн.человек || 4.1.3. Общая численность безработных в возрасте 15-72 лет, млн.человек [подтаблица 4] — yoy (КЭП 4.1)",Q,76,2017-10-01,rosstat
56546,kep4_110,preliminary,['short'],[],"4.1.4. Общая численность безработных в возрасте 15 лет и старше6), млн человек || 4.1.4. Общая численность безработных в возрасте 15 лет и старше6), млн человек [подтаблица 5] — level (КЭП 4.1)",A,9,2025-01-01,rosstat
56547,kep4_111,preliminary,[],[],"4.1.4. Общая численность безработных в возрасте 15 лет и старше6), млн человек || 4.1.4. Общая численность безработных в возрасте 15 лет и старше6), млн человек [подтаблица 5] — level (КЭП 4.1)",M,115,2026-07-01,rosstat
56548,kep4_112,preliminary,[],[],"4.1.4. Общая численность безработных в возрасте 15 лет и старше6), млн человек || 4.1.4. Общая численность безработных в возрасте 15 лет и старше6), млн человек [подтаблица 5] — level (КЭП 4.1)",Q,38,2026-04-01,rosstat
56549,kep4_1_y10,preliminary,['short'],[],"4.1.4. Общая численность безработных в возрасте 15 лет и старше6), млн человек || 4.1.4. Общая численность безработных в возрасте 15 лет и старше6), млн человек [подтаблица 5] — yoy (КЭП 4.1)",A,8,2025-01-01,rosstat
56550,kep4_1_y11,preliminary,[],[],"4.1.4. Общая численность безработных в возрасте 15 лет и старше6), млн человек || 4.1.4. Общая численность безработных в возрасте 15 лет и старше6), млн человек [подтаблица 5] — yoy (КЭП 4.1)",M,103,2026-07-01,rosstat
56551,kep4_1_y12,preliminary,[],[],"4.1.4. Общая численность безработных в возрасте 15 лет и старше6), млн человек || 4.1.4. Общая численность безработных в возрасте 15 лет и старше6), млн человек [подтаблица 5] — yoy (КЭП 4.1)",Q,34,2026-04-01,rosstat
56552,kep4_113,archive_dead,"['dead', 'short']",['dkp_macro'],"4.1.5. Уровень безработицы в возрасте 15-72 лет, % || 4.1.5. Уровень безработицы в возрасте 15-72 лет, % [подтаблица 6] — level (КЭП 4.1)",A,19,2017-01-01,rosstat
56553,kep4_114,archive_dead,['dead'],['dkp_macro'],"4.1.5. Уровень безработицы в возрасте 15-72 лет, % || 4.1.5. Уровень безработицы в возрасте 15-72 лет, % [подтаблица 6] — level (КЭП 4.1)",M,228,2017-12-01,rosstat
56554,kep4_115,archive_dead,['dead'],['dkp_macro'],"4.1.5. Уровень безработицы в возрасте 15-72 лет, % || 4.1.5. Уровень безработицы в возрасте 15-72 лет, % [подтаблица 6] — level (КЭП 4.1)",Q,76,2017-10-01,rosstat
56555,kep4_116,preliminary,['short'],['dkp_macro'],"4.1.6. Уровень безработицы в возрасте 15 лет и старше6), % || 4.1.6. Уровень безработицы в возрасте 15 лет и старше6), % [подтаблица 7] — level (КЭП 4.1)",A,9,2025-01-01,rosstat
56556,kep4_117,preliminary,[],['dkp_macro'],"4.1.6. Уровень безработицы в возрасте 15 лет и старше6), % || 4.1.6. Уровень безработицы в возрасте 15 лет и старше6), % [подтаблица 7] — level (КЭП 4.1)",M,115,2026-07-01,rosstat
56557,kep4_118,preliminary,[],['dkp_macro'],"4.1.6. Уровень безработицы в возрасте 15 лет и старше6), % || 4.1.6. Уровень безработицы в возрасте 15 лет и старше6), % [подтаблица 7] — level (КЭП 4.1)",Q,38,2026-04-01,rosstat
56558,kep4_119,preliminary,[],['dkp_macro'],"4.1.7. Численность официально зарегистрированных безработных в органах службы занятости населения, на конец месяца7)  (по данным Федеральной службы по труду и занятости),  тыс.человек || 4.1.7. Численность официально зарегистрированных безработных в органах службы занятости населения, на конец месяц",A,27,2025-01-01,rosstat
56559,kep4_120,preliminary,[],['dkp_macro'],"4.1.7. Численность официально зарегистрированных безработных в органах службы занятости населения, на конец месяца7)  (по данным Федеральной службы по труду и занятости),  тыс.человек || 4.1.7. Численность официально зарегистрированных безработных в органах службы занятости населения, на конец месяц",M,331,2026-07-01,rosstat
56560,kep4_121,preliminary,[],['dkp_macro'],"4.1.7. Численность официально зарегистрированных безработных в органах службы занятости населения, на конец месяца7)  (по данным Федеральной службы по труду и занятости),  тыс.человек || 4.1.7. Численность официально зарегистрированных безработных в органах службы занятости населения, на конец месяц",Q,110,2026-04-01,rosstat
56561,kep4_122,preliminary,[],['dkp_macro'],"4.1.7. Численность официально зарегистрированных безработных в органах службы занятости населения, на конец месяца7)  (по данным Федеральной службы по труду и занятости),  тыс.человек || в том числе получают пособие по безработице [подтаблица 8] [блок 1] — level (КЭП 4.1)",A,27,2025-01-01,rosstat
56562,kep4_123,preliminary,[],['dkp_macro'],"4.1.7. Численность официально зарегистрированных безработных в органах службы занятости населения, на конец месяца7)  (по данным Федеральной службы по труду и занятости),  тыс.человек || в том числе получают пособие по безработице [подтаблица 8] [блок 1] — level (КЭП 4.1)",M,331,2026-07-01,rosstat
56563,kep4_124,preliminary,[],['dkp_macro'],"4.1.7. Численность официально зарегистрированных безработных в органах службы занятости населения, на конец месяца7)  (по данным Федеральной службы по труду и занятости),  тыс.человек || в том числе получают пособие по безработице [подтаблица 8] [блок 1] — level (КЭП 4.1)",Q,110,2026-04-01,rosstat
56564,kep4_125,preliminary,[],[],"4.1.8. Потребность в трудоустройстве населения,7) на конец месяца || Нагрузка не занятого трудовой деятельностью населения на 100 заявленных вакансий, человек [подтаблица 9] [блок 4] — level (КЭП 4.1)",A,27,2025-01-01,rosstat
56565,kep4_126,preliminary,[],[],"4.1.8. Потребность в трудоустройстве населения,7) на конец месяца || Нагрузка не занятого трудовой деятельностью населения на 100 заявленных вакансий, человек [подтаблица 9] [блок 4] — level (КЭП 4.1)",M,331,2026-07-01,rosstat
56566,kep4_127,preliminary,[],[],"4.1.8. Потребность в трудоустройстве населения,7) на конец месяца || Нагрузка не занятого трудовой деятельностью населения на 100 заявленных вакансий, человек [подтаблица 9] [блок 4] — level (КЭП 4.1)",Q,110,2026-04-01,rosstat
56567,kep4_128,preliminary,[],['dkp_macro'],"4.1.8. Потребность в трудоустройстве населения,7) на конец месяца || Потребность работодателей в работниках, заявленная  в органы службы занятости населения, тыс.человек [подтаблица 9] [блок 3] — level (КЭП 4.1)",A,27,2025-01-01,rosstat
56568,kep4_129,preliminary,[],['dkp_macro'],"4.1.8. Потребность в трудоустройстве населения,7) на конец месяца || Потребность работодателей в работниках, заявленная  в органы службы занятости населения, тыс.человек [подтаблица 9] [блок 3] — level (КЭП 4.1)",M,326,2026-07-01,rosstat
56569,kep4_130,preliminary,[],['dkp_macro'],"4.1.8. Потребность в трудоустройстве населения,7) на конец месяца || Потребность работодателей в работниках, заявленная  в органы службы занятости населения, тыс.человек [подтаблица 9] [блок 3] — level (КЭП 4.1)",Q,110,2026-04-01,rosstat
56570,kep4_131,preliminary,[],['dkp_macro'],"4.1.8. Потребность в трудоустройстве населения,7) на конец месяца || Численность граждан, не занятых трудовой деятельностью, состоящих  на учете в органах службы занятости населения (по данным Федеральной службы по труду и занятости), тыс.человек [подтаблица 9] [блок 2] — level (КЭП 4.1)",A,27,2025-01-01,rosstat
56571,kep4_132,preliminary,[],['dkp_macro'],"4.1.8. Потребность в трудоустройстве населения,7) на конец месяца || Численность граждан, не занятых трудовой деятельностью, состоящих  на учете в органах службы занятости населения (по данным Федеральной службы по труду и занятости), тыс.человек [подтаблица 9] [блок 2] — level (КЭП 4.1)",M,329,2026-07-01,rosstat
56572,kep4_133,preliminary,[],['dkp_macro'],"4.1.8. Потребность в трудоустройстве населения,7) на конец месяца || Численность граждан, не занятых трудовой деятельностью, состоящих  на учете в органах службы занятости населения (по данным Федеральной службы по труду и занятости), тыс.человек [подтаблица 9] [блок 2] — level (КЭП 4.1)",Q,110,2026-04-01,rosstat
56573,kep4_2,preliminary,[],[],"4.2.1. Среднемесячная номинальная начисленная заработная плата работников организаций, рублей1) || 4.2.1. Среднемесячная номинальная начисленная заработная плата работников организаций, рублей1) [подтаблица 1] — level (КЭП 4.2)",A,27,2025-01-01,rosstat
56574,kep4_22,preliminary,[],[],"4.2.1. Среднемесячная номинальная начисленная заработная плата работников организаций, рублей1) || 4.2.1. Среднемесячная номинальная начисленная заработная плата работников организаций, рублей1) [подтаблица 1] — level (КЭП 4.2)",M,330,2026-06-01,rosstat
56575,kep4_23,preliminary,[],[],"4.2.1. Среднемесячная номинальная начисленная заработная плата работников организаций, рублей1) || 4.2.1. Среднемесячная номинальная начисленная заработная плата работников организаций, рублей1) [подтаблица 1] — level (КЭП 4.2)",Q,110,2026-04-01,rosstat
56576,kep4_2_m,preliminary,[],[],"4.2.1. Среднемесячная номинальная начисленная заработная плата работников организаций, рублей1) || 4.2.1. Среднемесячная номинальная начисленная заработная плата работников организаций, рублей1) [подтаблица 1] — mom (КЭП 4.2)",M,329,2026-06-01,rosstat
56577,kep4_2_m2,preliminary,[],[],"4.2.1. Среднемесячная номинальная начисленная заработная плата работников организаций, рублей1) || 4.2.1. Среднемесячная номинальная начисленная заработная плата работников организаций, рублей1) [подтаблица 1] — mom (КЭП 4.2)",Q,109,2026-04-01,rosstat
56578,kep4_2_y,preliminary,[],[],"4.2.1. Среднемесячная номинальная начисленная заработная плата работников организаций, рублей1) || 4.2.1. Среднемесячная номинальная начисленная заработная плата работников организаций, рублей1) [подтаблица 1] — yoy (КЭП 4.2)",A,27,2025-01-01,rosstat
56579,kep4_2_y2,preliminary,[],[],"4.2.1. Среднемесячная номинальная начисленная заработная плата работников организаций, рублей1) || 4.2.1. Среднемесячная номинальная начисленная заработная плата работников организаций, рублей1) [подтаблица 1] — yoy (КЭП 4.2)",M,330,2026-06-01,rosstat
56580,kep4_2_y3,preliminary,[],[],"4.2.1. Среднемесячная номинальная начисленная заработная плата работников организаций, рублей1) || 4.2.1. Среднемесячная номинальная начисленная заработная плата работников организаций, рублей1) [подтаблица 1] — yoy (КЭП 4.2)",Q,110,2026-04-01,rosstat
56581,kep4_24,preliminary,[],[],4.2.2. Реальная начисленная заработная плата работников организаций  в % к соответствующему периоду предыдущего года || 4.2.2. Реальная начисленная заработная плата работников организаций  в % к соответствующему периоду предыдущего года [подтаблица 2] — level (КЭП 4.2),A,27,2025-01-01,rosstat
56582,kep4_25,preliminary,[],[],4.2.2. Реальная начисленная заработная плата работников организаций  в % к соответствующему периоду предыдущего года || 4.2.2. Реальная начисленная заработная плата работников организаций  в % к соответствующему периоду предыдущего года [подтаблица 2] — level (КЭП 4.2),M,330,2026-06-01,rosstat
56583,kep4_26,preliminary,[],[],4.2.2. Реальная начисленная заработная плата работников организаций  в % к соответствующему периоду предыдущего года || 4.2.2. Реальная начисленная заработная плата работников организаций  в % к соответствующему периоду предыдущего года [подтаблица 2] — level (КЭП 4.2),Q,110,2026-04-01,rosstat
56584,kep4_2_m3,preliminary,[],[],4.2.2. Реальная начисленная заработная плата работников организаций  в % к соответствующему периоду предыдущего года || 4.2.2. Реальная начисленная заработная плата работников организаций  в % к соответствующему периоду предыдущего года [подтаблица 2] — mom (КЭП 4.2),M,329,2026-06-01,rosstat
56585,kep4_2_m4,preliminary,[],[],4.2.2. Реальная начисленная заработная плата работников организаций  в % к соответствующему периоду предыдущего года || 4.2.2. Реальная начисленная заработная плата работников организаций  в % к соответствующему периоду предыдущего года [подтаблица 2] — mom (КЭП 4.2),Q,109,2026-04-01,rosstat
56586,kep4_3,preliminary,[],[],"4.3.1. Средний размер назначенных пенсий (до 2001 г. – с учетом компенсации), рублей — level (КЭП 4.3)",A,25,2025-01-01,rosstat
56587,kep4_32,preliminary,[],[],"4.3.1. Средний размер назначенных пенсий (до 2001 г. – с учетом компенсации), рублей — level (КЭП 4.3)",M,326,2026-07-01,rosstat
56588,kep4_33,preliminary,[],[],"4.3.1. Средний размер назначенных пенсий (до 2001 г. – с учетом компенсации), рублей — level (КЭП 4.3)",Q,108,2026-04-01,rosstat
56589,kep4_3_m,preliminary,['short'],[],"4.3.1. Средний размер назначенных пенсий (до 2001 г. – с учетом компенсации), рублей — mom (КЭП 4.3)",A,22,2025-01-01,rosstat
56590,kep4_3_m2,preliminary,[],[],"4.3.1. Средний размер назначенных пенсий (до 2001 г. – с учетом компенсации), рублей — mom (КЭП 4.3)",M,326,2026-07-01,rosstat
56591,kep4_3_m3,preliminary,[],[],"4.3.1. Средний размер назначенных пенсий (до 2001 г. – с учетом компенсации), рублей — mom (КЭП 4.3)",Q,105,2026-04-01,rosstat
56592,kep4_3_s,preliminary,[],[],"4.3.1. Средний размер назначенных пенсий (до 2001 г. – с учетом компенсации), рублей — pct (КЭП 4.3)",A,24,2025-01-01,rosstat
56593,kep4_3_s2,archive_dead,"['dead', 'short']",[],"4.3.1. Средний размер назначенных пенсий (до 2001 г. – с учетом компенсации), рублей — pct (КЭП 4.3)",M,12,1999-12-01,rosstat
56594,kep4_3_s3,archive_dead,['dead'],[],"4.3.1. Средний размер назначенных пенсий (до 2001 г. – с учетом компенсации), рублей — pct (КЭП 4.3)",Q,87,2020-10-01,rosstat
56595,kep4_3_m4,preliminary,[],[],4.3.2. Реальный размер назначенных пенсий11) || 201510) [подтаблица 1] — mom (КЭП 4.3),M,302,2026-07-01,rosstat
56596,kep4_3_m5,preliminary,[],[],4.3.2. Реальный размер назначенных пенсий11) || 201510) [подтаблица 1] — mom (КЭП 4.3),Q,97,2026-04-01,rosstat
56597,kep4_3_y,preliminary,['short'],[],4.3.2. Реальный размер назначенных пенсий11) || 201510) [подтаблица 1] — yoy (КЭП 4.3),A,7,2025-01-01,rosstat
56598,kep4_3_y2,preliminary,[],[],4.3.2. Реальный размер назначенных пенсий11) || 201510) [подтаблица 1] — yoy (КЭП 4.3),M,124,2026-07-01,rosstat
56599,kep4_3_y3,preliminary,[],[],4.3.2. Реальный размер назначенных пенсий11) || 201510) [подтаблица 1] — yoy (КЭП 4.3),Q,39,2026-04-01,rosstat
56600,kep4_3_y4,archive_dead,"['dead', 'short']",[],4.3.2. Реальный размер назначенных пенсий11) || 4.3.2. Реальный размер назначенных пенсий11) [подтаблица 1] — yoy (КЭП 4.3),A,16,2014-01-01,rosstat
56601,kep4_3_y5,archive_dead,['dead'],[],4.3.2. Реальный размер назначенных пенсий11) || 4.3.2. Реальный размер назначенных пенсий11) [подтаблица 1] — yoy (КЭП 4.3),M,192,2014-12-01,rosstat
56602,kep4_3_y6,archive_dead,['dead'],[],4.3.2. Реальный размер назначенных пенсий11) || 4.3.2. Реальный размер назначенных пенсий11) [подтаблица 1] — yoy (КЭП 4.3),Q,64,2014-10-01,rosstat
56603,kep4_4,preliminary,[],[],"4.4.1. Денежные доходы (в среднем на душу населения)1),  рублей || 4.4.1. Денежные доходы (в среднем на душу населения)1),  рублей [подтаблица 1] — level (КЭП 4.4)",A,27,2025-01-01,rosstat
56604,kep4_42,archive_dead,['dead'],[],"4.4.1. Денежные доходы (в среднем на душу населения)1),  рублей || 4.4.1. Денежные доходы (в среднем на душу населения)1),  рублей [подтаблица 1] — level (КЭП 4.4)",M,168,2012-12-01,rosstat
56605,kep4_43,preliminary,[],[],"4.4.1. Денежные доходы (в среднем на душу населения)1),  рублей || 4.4.1. Денежные доходы (в среднем на душу населения)1),  рублей [подтаблица 1] — level (КЭП 4.4)",Q,108,2025-10-01,rosstat
56606,kep4_4_m,archive_dead,['dead'],[],"4.4.1. Денежные доходы (в среднем на душу населения)1),  рублей || 4.4.1. Денежные доходы (в среднем на душу населения)1),  рублей [подтаблица 1] — mom (КЭП 4.4)",M,180,2013-12-01,rosstat
56607,kep4_4_m2,preliminary,[],[],"4.4.1. Денежные доходы (в среднем на душу населения)1),  рублей || 4.4.1. Денежные доходы (в среднем на душу населения)1),  рублей [подтаблица 1] — mom (КЭП 4.4)",Q,104,2024-10-01,rosstat
56608,kep4_4_y,preliminary,[],[],"4.4.1. Денежные доходы (в среднем на душу населения)1),  рублей || 4.4.1. Денежные доходы (в среднем на душу населения)1),  рублей [подтаблица 1] — yoy (КЭП 4.4)",A,27,2025-01-01,rosstat
56609,kep4_4_y2,archive_dead,['dead'],[],"4.4.1. Денежные доходы (в среднем на душу населения)1),  рублей || 4.4.1. Денежные доходы (в среднем на душу населения)1),  рублей [подтаблица 1] — yoy (КЭП 4.4)",M,180,2013-12-01,rosstat
56610,kep4_4_y3,preliminary,[],[],"4.4.1. Денежные доходы (в среднем на душу населения)1),  рублей || 4.4.1. Денежные доходы (в среднем на душу населения)1),  рублей [подтаблица 1] — yoy (КЭП 4.4)",Q,108,2025-10-01,rosstat
56611,kep4_4_m3,archive_dead,['dead'],[],4.4.2. Реальные денежные доходы1) || 4.4.2. Реальные денежные доходы1) [подтаблица 2] — mom (КЭП 4.4),M,180,2013-12-01,rosstat
56612,kep4_4_m4,preliminary,[],[],4.4.2. Реальные денежные доходы1) || 4.4.2. Реальные денежные доходы1) [подтаблица 2] — mom (КЭП 4.4),Q,104,2024-10-01,rosstat
56613,kep4_4_y4,preliminary,[],[],4.4.2. Реальные денежные доходы1) || 4.4.2. Реальные денежные доходы1) [подтаблица 2] — yoy (КЭП 4.4),A,27,2025-01-01,rosstat
56614,kep4_4_y5,archive_dead,['dead'],[],4.4.2. Реальные денежные доходы1) || 4.4.2. Реальные денежные доходы1) [подтаблица 2] — yoy (КЭП 4.4),M,180,2013-12-01,rosstat
56615,kep4_4_y6,preliminary,[],[],4.4.2. Реальные денежные доходы1) || 4.4.2. Реальные денежные доходы1) [подтаблица 2] — yoy (КЭП 4.4),Q,108,2025-10-01,rosstat
56616,kep4_4_m5,archive_dead,['dead'],['dkp_macro'],"4.4.3. Реальные располагаемые денежные доходы1)  (доходы за вычетом обязательных платежей,  скорректированные на индекс потребительских цен) || 4.4.3. Реальные располагаемые денежные доходы1)  (доходы за вычетом обязательных платежей,  скорректированные на индекс потребительских цен) [подтаблица 3] ",M,180,2013-12-01,rosstat
56617,kep4_4_m6,preliminary,[],['dkp_macro'],"4.4.3. Реальные располагаемые денежные доходы1)  (доходы за вычетом обязательных платежей,  скорректированные на индекс потребительских цен) || 4.4.3. Реальные располагаемые денежные доходы1)  (доходы за вычетом обязательных платежей,  скорректированные на индекс потребительских цен) [подтаблица 3] ",Q,104,2024-10-01,rosstat
56618,kep4_4_y7,preliminary,[],['dkp_macro'],"4.4.3. Реальные располагаемые денежные доходы1)  (доходы за вычетом обязательных платежей,  скорректированные на индекс потребительских цен) || 4.4.3. Реальные располагаемые денежные доходы1)  (доходы за вычетом обязательных платежей,  скорректированные на индекс потребительских цен) [подтаблица 3] ",A,27,2025-01-01,rosstat
56619,kep4_4_y8,archive_dead,['dead'],['dkp_macro'],"4.4.3. Реальные располагаемые денежные доходы1)  (доходы за вычетом обязательных платежей,  скорректированные на индекс потребительских цен) || 4.4.3. Реальные располагаемые денежные доходы1)  (доходы за вычетом обязательных платежей,  скорректированные на индекс потребительских цен) [подтаблица 3] ",M,180,2013-12-01,rosstat
56620,kep4_4_y9,preliminary,[],['dkp_macro'],"4.4.3. Реальные располагаемые денежные доходы1)  (доходы за вычетом обязательных платежей,  скорректированные на индекс потребительских цен) || 4.4.3. Реальные располагаемые денежные доходы1)  (доходы за вычетом обязательных платежей,  скорректированные на индекс потребительских цен) [подтаблица 3] ",Q,108,2025-10-01,rosstat
56621,kep4_44,preliminary,['short'],[],"4.4.4. Структура использования денежных доходов населения1), в процентах || всего [подтаблица 4] [блок 1] — level (КЭП 4.4)",A,1,2026-01-01,rosstat
56622,kep4_45,quarantine_data_error,['known_defect'],[],"4.4.4. Структура использования денежных доходов населения1), в процентах || всего [подтаблица 4] [блок 1] — level (КЭП 4.4)",M,12,2026-12-01,rosstat
56623,kep4_46,quarantine_data_error,['known_defect'],[],"4.4.4. Структура использования денежных доходов населения1), в процентах || всего [подтаблица 4] [блок 1] — level (КЭП 4.4)",Q,4,2026-10-01,rosstat
56624,kep4_47,preliminary,[],[],"4.4.4. Структура использования денежных доходов населения1), в процентах || оплату обязательных платежей и взносов, прочие расходы [подтаблица 4] [блок 3] — level (КЭП 4.4)",A,27,2025-01-01,rosstat
56625,kep4_48,archive_dead,['dead'],[],"4.4.4. Структура использования денежных доходов населения1), в процентах || оплату обязательных платежей и взносов, прочие расходы [подтаблица 4] [блок 3] — level (КЭП 4.4)",M,168,2012-12-01,rosstat
56626,kep4_49,preliminary,[],[],"4.4.4. Структура использования денежных доходов населения1), в процентах || оплату обязательных платежей и взносов, прочие расходы [подтаблица 4] [блок 3] — level (КЭП 4.4)",Q,108,2025-10-01,rosstat
56627,kep4_410,archive_dead,"['dead', 'short']",[],"4.4.4. Структура использования денежных доходов населения1), в процентах || покупку валюты, в процентах4) [подтаблица 4] [блок 5] — level (КЭП 4.4)",A,14,2012-01-01,rosstat
56628,kep4_411,archive_dead,['dead'],[],"4.4.4. Структура использования денежных доходов населения1), в процентах || покупку валюты, в процентах4) [подтаблица 4] [блок 5] — level (КЭП 4.4)",M,168,2012-12-01,rosstat
56629,kep4_412,archive_dead,['dead'],[],"4.4.4. Структура использования денежных доходов населения1), в процентах || покупку валюты, в процентах4) [подтаблица 4] [блок 5] — level (КЭП 4.4)",Q,56,2012-10-01,rosstat
56630,kep4_413,preliminary,[],[],"4.4.4. Структура использования денежных доходов населения1), в процентах || покупку товаров и оплату услуг [подтаблица 4] [блок 2] — level (КЭП 4.4)",A,27,2025-01-01,rosstat
56631,kep4_414,archive_dead,['dead'],[],"4.4.4. Структура использования денежных доходов населения1), в процентах || покупку товаров и оплату услуг [подтаблица 4] [блок 2] — level (КЭП 4.4)",M,168,2012-12-01,rosstat
56632,kep4_415,preliminary,[],[],"4.4.4. Структура использования денежных доходов населения1), в процентах || покупку товаров и оплату услуг [подтаблица 4] [блок 2] — level (КЭП 4.4)",Q,108,2025-10-01,rosstat
56633,kep4_416,preliminary,[],[],"4.4.4. Структура использования денежных доходов населения1), в процентах || прирост, уменьшение (-) денег на руках, в процентах [подтаблица 4] [блок 6] — level (КЭП 4.4)",A,27,2025-01-01,rosstat
56634,kep4_417,archive_dead,['dead'],[],"4.4.4. Структура использования денежных доходов населения1), в процентах || прирост, уменьшение (-) денег на руках, в процентах [подтаблица 4] [блок 6] — level (КЭП 4.4)",M,168,2012-12-01,rosstat
56635,kep4_418,preliminary,[],[],"4.4.4. Структура использования денежных доходов населения1), в процентах || прирост, уменьшение (-) денег на руках, в процентах [подтаблица 4] [блок 6] — level (КЭП 4.4)",Q,108,2025-10-01,rosstat
56636,kep4_419,preliminary,[],[],"4.4.4. Структура использования денежных доходов населения1), в процентах || сбережения во вкладах и ценных бумагах, изменение средств на счетах индивидуальных предпринимателей,  изменение задолженности по кредитам, приобретение недвижимости, в процентах [подтаблица 4] [блок 4] — level (КЭП 4.4)",A,27,2025-01-01,rosstat
56637,kep4_420,archive_dead,['dead'],[],"4.4.4. Структура использования денежных доходов населения1), в процентах || сбережения во вкладах и ценных бумагах, изменение средств на счетах индивидуальных предпринимателей,  изменение задолженности по кредитам, приобретение недвижимости, в процентах [подтаблица 4] [блок 4] — level (КЭП 4.4)",M,168,2012-12-01,rosstat
56638,kep4_421,preliminary,[],[],"4.4.4. Структура использования денежных доходов населения1), в процентах || сбережения во вкладах и ценных бумагах, изменение средств на счетах индивидуальных предпринимателей,  изменение задолженности по кредитам, приобретение недвижимости, в процентах [подтаблица 4] [блок 4] — level (КЭП 4.4)",Q,108,2025-10-01,rosstat
56639,kep4_5,preliminary,[],[],"4.5. Объем вкладов (депозитов) и прочих привлеченных средств физических лиц – всего1), млрд рублей (по данным Банка России) — level (КЭП 4.5)",M,306,2026-07-01,rosstat
56640,kep4_52,archive_dead,['dead'],[],"Средний размер вклада (депозита) на рублевых и валютных счетах в учреждениях ПАО Сбербанк6) (по данным ПАО Сбербанк), рублей [блок 2] — level (КЭП 4.5)",M,180,2015-12-01,rosstat
56641,kep4_53,preliminary,[],[],"в учреждениях ПАО Сбербанк (по данным ПАО Сбербанк), млрд рублей [блок 1] — level (КЭП 4.5)",M,306,2026-07-01,rosstat
56642,kep4_6__2010_2012,archive_dead,"['dead', 'short']",[],"10000,1-14000,0 — level (КЭП 4.6 (2010-2012))",A,3,2012-01-01,rosstat
56643,kep4_6__2010_20122,archive_dead,"['dead', 'short']",[],"14000,1-19000,0 — level (КЭП 4.6 (2010-2012))",A,3,2012-01-01,rosstat
56644,kep4_6__2010_20123,archive_dead,"['dead', 'short']",[],"19000,1-27000,0 — level (КЭП 4.6 (2010-2012))",A,3,2012-01-01,rosstat
56645,kep4_6__2010_20124,archive_dead,"['dead', 'short']",[],"27000,1-45000,0 — level (КЭП 4.6 (2010-2012))",A,3,2012-01-01,rosstat
56646,kep4_6__2010_20125,archive_dead,"['dead', 'short']",[],"5000,1-7000,0 — level (КЭП 4.6 (2010-2012))",A,3,2012-01-01,rosstat
56647,kep4_6__2010_20126,archive_dead,"['dead', 'short']",[],"7000,1-10000,0 — level (КЭП 4.6 (2010-2012))",A,3,2012-01-01,rosstat
56648,kep4_6__2010_20127,archive_dead,"['dead', 'short']",[],"до/up to 5000,0 — level (КЭП 4.6 (2010-2012))",A,3,2012-01-01,rosstat
56649,kep4_6__2010_20128,archive_dead,"['dead', 'short']",[],"свыше/over 45000,0 — level (КЭП 4.6 (2010-2012))",A,3,2012-01-01,rosstat
56650,kep4_6__2013_2025,preliminary,['short'],[],"10000,1-14000,0 — level (КЭП 4.6 (2013-2025))",A,13,2025-01-01,rosstat
56651,kep4_6__2013_20252,preliminary,['short'],[],"10000,1-14000,0 | I квартал — level (КЭП 4.6 (2013-2025))",A,8,2025-01-01,rosstat
56652,kep4_6__2013_20253,preliminary,['short'],[],"10000,1-14000,0 | I полугодие — level (КЭП 4.6 (2013-2025))",A,8,2025-01-01,rosstat
56653,kep4_6__2013_20254,preliminary,['short'],[],"10000,1-14000,0 | январь-сентябрь — level (КЭП 4.6 (2013-2025))",A,8,2025-01-01,rosstat
56654,kep4_6__2013_20255,preliminary,['short'],[],"14000,1-19000,0 — level (КЭП 4.6 (2013-2025))",A,13,2025-01-01,rosstat
56655,kep4_6__2013_20256,preliminary,['short'],[],"14000,1-19000,0 | I квартал — level (КЭП 4.6 (2013-2025))",A,8,2025-01-01,rosstat
56656,kep4_6__2013_20257,preliminary,['short'],[],"14000,1-19000,0 | I полугодие — level (КЭП 4.6 (2013-2025))",A,8,2025-01-01,rosstat
56657,kep4_6__2013_20258,preliminary,['short'],[],"14000,1-19000,0 | январь-сентябрь — level (КЭП 4.6 (2013-2025))",A,8,2025-01-01,rosstat
56658,kep4_6__2013_20259,preliminary,['short'],[],"19000,1-27000,0 — level (КЭП 4.6 (2013-2025))",A,13,2025-01-01,rosstat
56659,kep4_6__2013_202510,preliminary,['short'],[],"19000,1-27000,0 | I квартал — level (КЭП 4.6 (2013-2025))",A,8,2025-01-01,rosstat
56660,kep4_6__2013_202511,preliminary,['short'],[],"19000,1-27000,0 | I полугодие — level (КЭП 4.6 (2013-2025))",A,8,2025-01-01,rosstat
56661,kep4_6__2013_202512,preliminary,['short'],[],"19000,1-27000,0 | январь-сентябрь — level (КЭП 4.6 (2013-2025))",A,8,2025-01-01,rosstat
56662,kep4_6__2013_202513,preliminary,['short'],[],"27000,1-45000,0 — level (КЭП 4.6 (2013-2025))",A,13,2025-01-01,rosstat
56663,kep4_6__2013_202514,preliminary,['short'],[],"27000,1-45000,0 | I квартал — level (КЭП 4.6 (2013-2025))",A,8,2025-01-01,rosstat
56664,kep4_6__2013_202515,preliminary,['short'],[],"27000,1-45000,0 | I полугодие — level (КЭП 4.6 (2013-2025))",A,8,2025-01-01,rosstat
56665,kep4_6__2013_202516,preliminary,['short'],[],"27000,1-45000,0 | январь-сентябрь — level (КЭП 4.6 (2013-2025))",A,8,2025-01-01,rosstat
56666,kep4_6__2013_202517,preliminary,['short'],[],"45000,1-60000,0 — level (КЭП 4.6 (2013-2025))",A,13,2025-01-01,rosstat
56667,kep4_6__2013_202518,preliminary,['short'],[],"45000,1-60000,0 | I квартал — level (КЭП 4.6 (2013-2025))",A,8,2025-01-01,rosstat
56668,kep4_6__2013_202519,preliminary,['short'],[],"45000,1-60000,0 | I полугодие — level (КЭП 4.6 (2013-2025))",A,8,2025-01-01,rosstat
56669,kep4_6__2013_202520,preliminary,['short'],[],"45000,1-60000,0 | январь-сентябрь — level (КЭП 4.6 (2013-2025))",A,8,2025-01-01,rosstat
56670,kep4_6__2013_202521,preliminary,['short'],[],"60000,1 -75000,0 — level (КЭП 4.6 (2013-2025))",A,13,2025-01-01,rosstat
56671,kep4_6__2013_202522,preliminary,['short'],[],"60000,1 -75000,0 | I квартал — level (КЭП 4.6 (2013-2025))",A,8,2025-01-01,rosstat
56672,kep4_6__2013_202523,preliminary,['short'],[],"60000,1 -75000,0 | I полугодие — level (КЭП 4.6 (2013-2025))",A,8,2025-01-01,rosstat
56673,kep4_6__2013_202524,preliminary,['short'],[],"60000,1 -75000,0 | январь-сентябрь — level (КЭП 4.6 (2013-2025))",A,8,2025-01-01,rosstat
56674,kep4_6__2013_202525,preliminary,['short'],[],"7000,1-10000,0 — level (КЭП 4.6 (2013-2025))",A,13,2025-01-01,rosstat
56675,kep4_6__2013_202526,preliminary,['short'],[],"7000,1-10000,0 | I квартал — level (КЭП 4.6 (2013-2025))",A,8,2025-01-01,rosstat
56676,kep4_6__2013_202527,preliminary,['short'],[],"7000,1-10000,0 | I полугодие — level (КЭП 4.6 (2013-2025))",A,8,2025-01-01,rosstat
56677,kep4_6__2013_202528,preliminary,['short'],[],"7000,1-10000,0 | январь-сентябрь — level (КЭП 4.6 (2013-2025))",A,8,2025-01-01,rosstat
56678,kep4_6__2013_202529,preliminary,['short'],[],"75000,1 - 100000,0 — level (КЭП 4.6 (2013-2025))",A,13,2025-01-01,rosstat
56679,kep4_6__2013_202530,preliminary,['short'],[],"75000,1 - 100000,0 | I квартал — level (КЭП 4.6 (2013-2025))",A,8,2025-01-01,rosstat
56680,kep4_6__2013_202531,preliminary,['short'],[],"75000,1 - 100000,0 | I полугодие — level (КЭП 4.6 (2013-2025))",A,8,2025-01-01,rosstat
56681,kep4_6__2013_202532,preliminary,['short'],[],"75000,1 - 100000,0 | январь-сентябрь — level (КЭП 4.6 (2013-2025))",A,8,2025-01-01,rosstat
56682,kep4_6__2013_202533,preliminary,['short'],[],"до/up to 7000,0 — level (КЭП 4.6 (2013-2025))",A,13,2025-01-01,rosstat
56683,kep4_6__2013_202534,preliminary,['short'],[],"до/up to 7000,0 | I квартал — level (КЭП 4.6 (2013-2025))",A,8,2025-01-01,rosstat
56684,kep4_6__2013_202535,preliminary,['short'],[],"до/up to 7000,0 | I полугодие — level (КЭП 4.6 (2013-2025))",A,8,2025-01-01,rosstat
56685,kep4_6__2013_202536,preliminary,['short'],[],"до/up to 7000,0 | январь-сентябрь — level (КЭП 4.6 (2013-2025))",A,8,2025-01-01,rosstat
56686,kep4_6__2013_202537,preliminary,['short'],[],"свыше 100000,0 — level (КЭП 4.6 (2013-2025))",A,13,2025-01-01,rosstat
56687,kep4_6__2013_202538,preliminary,['short'],[],"свыше 100000,0 | I квартал — level (КЭП 4.6 (2013-2025))",A,8,2025-01-01,rosstat
56688,kep4_6__2013_202539,preliminary,['short'],[],"свыше 100000,0 | I полугодие — level (КЭП 4.6 (2013-2025))",A,8,2025-01-01,rosstat
56689,kep4_6__2013_202540,preliminary,['short'],[],"свыше 100000,0 | январь-сентябрь — level (КЭП 4.6 (2013-2025))",A,8,2025-01-01,rosstat
56690,kep4_6__2025_2026,preliminary,['short'],[],"10000,1-14000,0 | I квартал — level (КЭП 4.6 (2025-2026))",A,2,2026-01-01,rosstat
56691,kep4_6__2025_20262,preliminary,['short'],[],"10000,1-14000,0 | I полугодие — level (КЭП 4.6 (2025-2026))",A,2,2026-01-01,rosstat
56692,kep4_6__2025_20263,preliminary,['short'],[],"100000,1-130000,0 | I квартал — level (КЭП 4.6 (2025-2026))",A,2,2026-01-01,rosstat
56693,kep4_6__2025_20264,preliminary,['short'],[],"100000,1-130000,0 | I полугодие — level (КЭП 4.6 (2025-2026))",A,2,2026-01-01,rosstat
56694,kep4_6__2025_20265,preliminary,['short'],[],"14000,1-19000,0 | I квартал — level (КЭП 4.6 (2025-2026))",A,2,2026-01-01,rosstat
56695,kep4_6__2025_20266,preliminary,['short'],[],"14000,1-19000,0 | I полугодие — level (КЭП 4.6 (2025-2026))",A,2,2026-01-01,rosstat
56696,kep4_6__2025_20267,preliminary,['short'],[],"19000,1-27000,0 | I квартал — level (КЭП 4.6 (2025-2026))",A,2,2026-01-01,rosstat
56697,kep4_6__2025_20268,preliminary,['short'],[],"19000,1-27000,0 | I полугодие — level (КЭП 4.6 (2025-2026))",A,2,2026-01-01,rosstat
56698,kep4_6__2025_20269,preliminary,['short'],[],"27000,1-45000,0 | I квартал — level (КЭП 4.6 (2025-2026))",A,2,2026-01-01,rosstat
56699,kep4_6__2025_202610,preliminary,['short'],[],"27000,1-45000,0 | I полугодие — level (КЭП 4.6 (2025-2026))",A,2,2026-01-01,rosstat
56700,kep4_6__2025_202611,preliminary,['short'],[],"45000,1-60000,0 | I квартал — level (КЭП 4.6 (2025-2026))",A,2,2026-01-01,rosstat
56701,kep4_6__2025_202612,preliminary,['short'],[],"45000,1-60000,0 | I полугодие — level (КЭП 4.6 (2025-2026))",A,2,2026-01-01,rosstat
56702,kep4_6__2025_202613,preliminary,['short'],[],"60000,1 -75000,0 | I квартал — level (КЭП 4.6 (2025-2026))",A,2,2026-01-01,rosstat
56703,kep4_6__2025_202614,preliminary,['short'],[],"60000,1 -75000,0 | I полугодие — level (КЭП 4.6 (2025-2026))",A,2,2026-01-01,rosstat
56704,kep4_6__2025_202615,preliminary,['short'],[],"75000,1 - 100000,0 | I квартал — level (КЭП 4.6 (2025-2026))",A,2,2026-01-01,rosstat
56705,kep4_6__2025_202616,preliminary,['short'],[],"75000,1 - 100000,0 | I полугодие — level (КЭП 4.6 (2025-2026))",A,2,2026-01-01,rosstat
56706,kep4_6__2025_202617,preliminary,['short'],[],до/up to 10000 | I квартал — level (КЭП 4.6 (2025-2026)),A,2,2026-01-01,rosstat
56707,kep4_6__2025_202618,preliminary,['short'],[],до/up to 10000 | I полугодие — level (КЭП 4.6 (2025-2026)),A,2,2026-01-01,rosstat
56708,kep4_6__2025_202619,preliminary,['short'],[],"свыше 130000,0 | I квартал — level (КЭП 4.6 (2025-2026))",A,2,2026-01-01,rosstat
56709,kep4_6__2025_202620,preliminary,['short'],[],"свыше 130000,0 | I полугодие — level (КЭП 4.6 (2025-2026))",A,2,2026-01-01,rosstat
56710,kep4_7,archive_dead,"['dead', 'short']",[],Все население — level (КЭП 4.7),A,1,1999-01-01,rosstat
56711,kep4_72,archive_dead,"['dead', 'short']",[],Все население — level (КЭП 4.7),Q,4,1999-10-01,rosstat
56712,kep4_73,archive_dead,"['dead', 'short']",[],Все население [блок 10] — level (КЭП 4.7),A,1,2005-01-01,rosstat
56713,kep4_74,archive_dead,"['dead', 'short']",[],Все население [блок 10] — level (КЭП 4.7),Q,4,2005-10-01,rosstat
56714,kep4_75,archive_dead,"['dead', 'short']",[],Все население [блок 11] — level (КЭП 4.7),A,1,2005-01-01,rosstat
56715,kep4_76,archive_dead,"['dead', 'short']",[],Все население [блок 11] — level (КЭП 4.7),Q,4,2005-10-01,rosstat
56716,kep4_77,archive_dead,"['dead', 'short']",[],Все население [блок 12] — level (КЭП 4.7),A,1,2005-01-01,rosstat
56717,kep4_78,archive_dead,"['dead', 'short']",[],Все население [блок 12] — level (КЭП 4.7),Q,4,2005-10-01,rosstat
56718,kep4_79,archive_dead,"['dead', 'short']",[],Все население [блок 13] — level (КЭП 4.7),A,1,2005-01-01,rosstat
56719,kep4_710,archive_dead,"['dead', 'short']",[],Все население [блок 13] — level (КЭП 4.7),Q,4,2005-10-01,rosstat
56720,kep4_711,archive_dead,"['dead', 'short']",[],Все население [блок 14] — level (КЭП 4.7),A,1,2013-01-01,rosstat
56721,kep4_712,archive_dead,"['dead', 'short']",[],Все население [блок 14] — level (КЭП 4.7),Q,4,2013-10-01,rosstat
56722,kep4_713,archive_dead,"['dead', 'short']",[],Все население [блок 15] — level (КЭП 4.7),A,1,2013-01-01,rosstat
56723,kep4_714,archive_dead,"['dead', 'short']",[],Все население [блок 15] — level (КЭП 4.7),Q,4,2013-10-01,rosstat
56724,kep4_715,archive_dead,"['dead', 'short']",[],Все население [блок 16] — level (КЭП 4.7),A,1,2013-01-01,rosstat
56725,kep4_716,archive_dead,"['dead', 'short']",[],Все население [блок 16] — level (КЭП 4.7),Q,4,2013-10-01,rosstat
56726,kep4_717,archive_dead,"['dead', 'short']",[],Все население [блок 17] — level (КЭП 4.7),A,1,2013-01-01,rosstat
56727,kep4_718,archive_dead,"['dead', 'short']",[],Все население [блок 17] — level (КЭП 4.7),Q,4,2013-10-01,rosstat
56728,kep4_719,archive_dead,"['dead', 'short']",[],Все население [блок 18] — level (КЭП 4.7),A,1,2017-01-01,rosstat
56729,kep4_720,archive_dead,"['dead', 'short']",[],Все население [блок 18] — level (КЭП 4.7),Q,4,2017-10-01,rosstat
56730,kep4_721,archive_dead,"['dead', 'short']",[],Все население [блок 19] — level (КЭП 4.7),A,1,2017-01-01,rosstat
56731,kep4_722,archive_dead,"['dead', 'short']",[],Все население [блок 19] — level (КЭП 4.7),Q,4,2017-10-01,rosstat
56732,kep4_723,archive_dead,"['dead', 'short']",[],Все население [блок 1] — level (КЭП 4.7),A,1,2000-01-01,rosstat
56733,kep4_724,archive_dead,"['dead', 'short']",[],Все население [блок 1] — level (КЭП 4.7),Q,4,2000-10-01,rosstat
56734,kep4_725,archive_dead,"['dead', 'short']",[],Все население [блок 20] — level (КЭП 4.7),A,1,2017-01-01,rosstat
56735,kep4_726,archive_dead,"['dead', 'short']",[],Все население [блок 20] — level (КЭП 4.7),Q,4,2017-10-01,rosstat
56736,kep4_727,archive_dead,"['dead', 'short']",[],Все население [блок 21] — level (КЭП 4.7),A,1,2017-01-01,rosstat
56737,kep4_728,archive_dead,"['dead', 'short']",[],Все население [блок 21] — level (КЭП 4.7),Q,4,2017-10-01,rosstat
56738,kep4_729,archive_dead,"['dead', 'short']",[],Все население [блок 22] — level (КЭП 4.7),A,1,2021-01-01,rosstat
56739,kep4_730,archive_dead,"['dead', 'short']",[],Все население [блок 25] — level (КЭП 4.7),A,1,2021-01-01,rosstat
56740,kep4_731,archive_dead,"['dead', 'short']",[],Все население [блок 27] — level (КЭП 4.7),A,1,2021-01-01,rosstat
56741,kep4_732,archive_dead,"['dead', 'short']",[],Все население [блок 28] — level (КЭП 4.7),A,1,2021-01-01,rosstat
56742,kep4_733,archive_dead,"['dead', 'short']",[],Все население [блок 2] — level (КЭП 4.7),A,1,2000-01-01,rosstat
56743,kep4_734,archive_dead,"['dead', 'short']",[],Все население [блок 2] — level (КЭП 4.7),Q,4,2000-10-01,rosstat
56744,kep4_735,archive_dead,"['dead', 'short']",[],Все население [блок 30] — level (КЭП 4.7),A,1,2021-01-01,rosstat
56745,kep4_736,archive_dead,"['dead', 'short']",[],Все население [блок 3] — level (КЭП 4.7),A,1,2000-01-01,rosstat
56746,kep4_737,archive_dead,"['dead', 'short']",[],Все население [блок 3] — level (КЭП 4.7),Q,4,2000-10-01,rosstat
56747,kep4_738,archive_dead,"['dead', 'short']",[],Все население [блок 4] — level (КЭП 4.7),A,1,2000-01-01,rosstat
56748,kep4_739,archive_dead,"['dead', 'short']",[],Все население [блок 4] — level (КЭП 4.7),Q,4,2000-10-01,rosstat
56749,kep4_740,archive_dead,"['dead', 'short']",[],Все население [блок 5] — level (КЭП 4.7),A,1,2000-01-01,rosstat
56750,kep4_741,archive_dead,"['dead', 'short']",[],Все население [блок 5] — level (КЭП 4.7),Q,4,2000-10-01,rosstat
56751,kep4_742,archive_dead,"['dead', 'short']",[],Все население [блок 6] — level (КЭП 4.7),A,1,2005-01-01,rosstat
56752,kep4_743,archive_dead,"['dead', 'short']",[],Все население [блок 6] — level (КЭП 4.7),Q,4,2005-10-01,rosstat
56753,kep4_744,archive_dead,"['dead', 'short']",[],Все население [блок 7] — level (КЭП 4.7),A,1,2005-01-01,rosstat
56754,kep4_745,archive_dead,"['dead', 'short']",[],Все население [блок 7] — level (КЭП 4.7),Q,4,2005-10-01,rosstat
56755,kep4_746,archive_dead,"['dead', 'short']",[],Все население [блок 8] — level (КЭП 4.7),A,1,2005-01-01,rosstat
56756,kep4_747,archive_dead,"['dead', 'short']",[],Все население [блок 8] — level (КЭП 4.7),Q,4,2005-10-01,rosstat
56757,kep4_748,archive_dead,"['dead', 'short']",[],Все население [блок 9] — level (КЭП 4.7),A,1,2005-01-01,rosstat
56758,kep4_749,archive_dead,"['dead', 'short']",[],Все население [блок 9] — level (КЭП 4.7),Q,4,2005-10-01,rosstat
56759,kep4_750,archive_dead,"['dead', 'short']",[],дети [блок 10] — level (КЭП 4.7),A,1,2005-01-01,rosstat
56760,kep4_751,archive_dead,"['dead', 'short']",[],дети [блок 10] — level (КЭП 4.7),Q,4,2005-10-01,rosstat
56761,kep4_752,archive_dead,"['dead', 'short']",[],дети [блок 11] — level (КЭП 4.7),A,1,2005-01-01,rosstat
56762,kep4_753,archive_dead,"['dead', 'short']",[],дети [блок 11] — level (КЭП 4.7),Q,4,2005-10-01,rosstat
56763,kep4_754,archive_dead,"['dead', 'short']",[],дети [блок 12] — level (КЭП 4.7),A,1,2005-01-01,rosstat
56764,kep4_755,archive_dead,"['dead', 'short']",[],дети [блок 12] — level (КЭП 4.7),Q,4,2005-10-01,rosstat
56765,kep4_756,archive_dead,"['dead', 'short']",[],дети [блок 13] — level (КЭП 4.7),A,1,2005-01-01,rosstat
56766,kep4_757,archive_dead,"['dead', 'short']",[],дети [блок 13] — level (КЭП 4.7),Q,4,2005-10-01,rosstat
56767,kep4_758,archive_dead,"['dead', 'short']",[],дети [блок 14] — level (КЭП 4.7),A,1,2005-01-01,rosstat
56768,kep4_759,archive_dead,"['dead', 'short']",[],дети [блок 14] — level (КЭП 4.7),Q,4,2005-10-01,rosstat
56769,kep4_760,archive_dead,"['dead', 'short']",[],дети [блок 15] — level (КЭП 4.7),A,1,2013-01-01,rosstat
56770,kep4_761,archive_dead,"['dead', 'short']",[],дети [блок 15] — level (КЭП 4.7),Q,4,2013-10-01,rosstat
56771,kep4_762,archive_dead,"['dead', 'short']",[],дети [блок 16] — level (КЭП 4.7),A,1,2013-01-01,rosstat
56772,kep4_763,archive_dead,"['dead', 'short']",[],дети [блок 16] — level (КЭП 4.7),Q,4,2013-10-01,rosstat
56773,kep4_764,archive_dead,"['dead', 'short']",[],дети [блок 17] — level (КЭП 4.7),A,1,2013-01-01,rosstat
56774,kep4_765,archive_dead,"['dead', 'short']",[],дети [блок 17] — level (КЭП 4.7),Q,4,2013-10-01,rosstat
56775,kep4_766,archive_dead,"['dead', 'short']",[],дети [блок 18] — level (КЭП 4.7),A,1,2013-01-01,rosstat
56776,kep4_767,archive_dead,"['dead', 'short']",[],дети [блок 18] — level (КЭП 4.7),Q,4,2013-10-01,rosstat
56777,kep4_768,archive_dead,"['dead', 'short']",[],дети [блок 19] — level (КЭП 4.7),A,1,2017-01-01,rosstat
56778,kep4_769,archive_dead,"['dead', 'short']",[],дети [блок 19] — level (КЭП 4.7),Q,4,2017-10-01,rosstat
56779,kep4_770,archive_dead,"['dead', 'short']",[],дети [блок 1] — level (КЭП 4.7),A,1,1999-01-01,rosstat
56780,kep4_771,archive_dead,"['dead', 'short']",[],дети [блок 1] — level (КЭП 4.7),Q,4,1999-10-01,rosstat
56781,kep4_772,archive_dead,"['dead', 'short']",[],дети [блок 20] — level (КЭП 4.7),A,1,2017-01-01,rosstat
56782,kep4_773,archive_dead,"['dead', 'short']",[],дети [блок 20] — level (КЭП 4.7),Q,4,2017-10-01,rosstat
56783,kep4_774,archive_dead,"['dead', 'short']",[],дети [блок 21] — level (КЭП 4.7),A,1,2017-01-01,rosstat
56784,kep4_775,archive_dead,"['dead', 'short']",[],дети [блок 21] — level (КЭП 4.7),Q,4,2017-10-01,rosstat
56785,kep4_776,archive_dead,"['dead', 'short']",[],дети [блок 22] — level (КЭП 4.7),A,1,2017-01-01,rosstat
56786,kep4_777,archive_dead,"['dead', 'short']",[],дети [блок 22] — level (КЭП 4.7),Q,4,2017-10-01,rosstat
56787,kep4_778,archive_dead,"['dead', 'short']",[],дети [блок 23] — level (КЭП 4.7),A,1,2021-01-01,rosstat
56788,kep4_779,archive_dead,"['dead', 'short']",[],дети [блок 26] — level (КЭП 4.7),A,1,2021-01-01,rosstat
56789,kep4_780,archive_dead,"['dead', 'short']",[],дети [блок 28] — level (КЭП 4.7),A,1,2021-01-01,rosstat
56790,kep4_781,archive_dead,"['dead', 'short']",[],дети [блок 29] — level (КЭП 4.7),A,1,2021-01-01,rosstat
56791,kep4_782,archive_dead,"['dead', 'short']",[],дети [блок 2] — level (КЭП 4.7),A,1,2000-01-01,rosstat
56792,kep4_783,archive_dead,"['dead', 'short']",[],дети [блок 2] — level (КЭП 4.7),Q,4,2000-10-01,rosstat
56793,kep4_784,archive_dead,"['dead', 'short']",[],дети [блок 31] — level (КЭП 4.7),A,1,2021-01-01,rosstat
56794,kep4_785,archive_dead,"['dead', 'short']",[],дети [блок 3] — level (КЭП 4.7),A,1,2000-01-01,rosstat
56795,kep4_786,archive_dead,"['dead', 'short']",[],дети [блок 3] — level (КЭП 4.7),Q,4,2000-10-01,rosstat
56796,kep4_787,archive_dead,"['dead', 'short']",[],дети [блок 4] — level (КЭП 4.7),A,1,2000-01-01,rosstat
56797,kep4_788,archive_dead,"['dead', 'short']",[],дети [блок 4] — level (КЭП 4.7),Q,4,2000-10-01,rosstat
56798,kep4_789,archive_dead,"['dead', 'short']",[],дети [блок 5] — level (КЭП 4.7),A,1,2000-01-01,rosstat
56799,kep4_790,archive_dead,"['dead', 'short']",[],дети [блок 5] — level (КЭП 4.7),Q,4,2000-10-01,rosstat
56800,kep4_791,archive_dead,"['dead', 'short']",[],дети [блок 6] — level (КЭП 4.7),A,1,2000-01-01,rosstat
56801,kep4_792,archive_dead,"['dead', 'short']",[],дети [блок 6] — level (КЭП 4.7),Q,4,2000-10-01,rosstat
56802,kep4_793,archive_dead,"['dead', 'short']",[],дети [блок 7] — level (КЭП 4.7),A,1,2005-01-01,rosstat
56803,kep4_794,archive_dead,"['dead', 'short']",[],дети [блок 7] — level (КЭП 4.7),Q,4,2005-10-01,rosstat
56804,kep4_795,archive_dead,"['dead', 'short']",[],дети [блок 8] — level (КЭП 4.7),A,1,2005-01-01,rosstat
56805,kep4_796,archive_dead,"['dead', 'short']",[],дети [блок 8] — level (КЭП 4.7),Q,4,2005-10-01,rosstat
56806,kep4_797,archive_dead,"['dead', 'short']",[],дети [блок 9] — level (КЭП 4.7),A,1,2005-01-01,rosstat
56807,kep4_798,archive_dead,"['dead', 'short']",[],дети [блок 9] — level (КЭП 4.7),Q,4,2005-10-01,rosstat
56808,kep4_799,archive_dead,"['dead', 'short']",[],пенсионеры [блок 10] — level (КЭП 4.7),A,1,2005-01-01,rosstat
56809,kep4_7100,archive_dead,"['dead', 'short']",[],пенсионеры [блок 10] — level (КЭП 4.7),Q,4,2005-10-01,rosstat
56810,kep4_7101,archive_dead,"['dead', 'short']",[],пенсионеры [блок 11] — level (КЭП 4.7),A,1,2005-01-01,rosstat
56811,kep4_7102,archive_dead,"['dead', 'short']",[],пенсионеры [блок 11] — level (КЭП 4.7),Q,4,2005-10-01,rosstat
56812,kep4_7103,archive_dead,"['dead', 'short']",[],пенсионеры [блок 12] — level (КЭП 4.7),A,1,2005-01-01,rosstat
56813,kep4_7104,archive_dead,"['dead', 'short']",[],пенсионеры [блок 12] — level (КЭП 4.7),Q,4,2005-10-01,rosstat
56814,kep4_7105,archive_dead,"['dead', 'short']",[],пенсионеры [блок 13] — level (КЭП 4.7),A,1,2005-01-01,rosstat
56815,kep4_7106,archive_dead,"['dead', 'short']",[],пенсионеры [блок 13] — level (КЭП 4.7),Q,4,2005-10-01,rosstat
56816,kep4_7107,archive_dead,"['dead', 'short']",[],пенсионеры [блок 14] — level (КЭП 4.7),A,1,2005-01-01,rosstat
56817,kep4_7108,archive_dead,"['dead', 'short']",[],пенсионеры [блок 14] — level (КЭП 4.7),Q,4,2005-10-01,rosstat
56818,kep4_7109,archive_dead,"['dead', 'short']",[],пенсионеры [блок 15] — level (КЭП 4.7),A,1,2013-01-01,rosstat
56819,kep4_7110,archive_dead,"['dead', 'short']",[],пенсионеры [блок 15] — level (КЭП 4.7),Q,4,2013-10-01,rosstat
56820,kep4_7111,archive_dead,"['dead', 'short']",[],пенсионеры [блок 16] — level (КЭП 4.7),A,1,2013-01-01,rosstat
56821,kep4_7112,archive_dead,"['dead', 'short']",[],пенсионеры [блок 16] — level (КЭП 4.7),Q,4,2013-10-01,rosstat
56822,kep4_7113,archive_dead,"['dead', 'short']",[],пенсионеры [блок 17] — level (КЭП 4.7),A,1,2013-01-01,rosstat
56823,kep4_7114,archive_dead,"['dead', 'short']",[],пенсионеры [блок 17] — level (КЭП 4.7),Q,4,2013-10-01,rosstat
56824,kep4_7115,archive_dead,"['dead', 'short']",[],пенсионеры [блок 18] — level (КЭП 4.7),A,1,2013-01-01,rosstat
56825,kep4_7116,archive_dead,"['dead', 'short']",[],пенсионеры [блок 18] — level (КЭП 4.7),Q,4,2013-10-01,rosstat
56826,kep4_7117,archive_dead,"['dead', 'short']",[],пенсионеры [блок 19] — level (КЭП 4.7),A,1,2017-01-01,rosstat
56827,kep4_7118,archive_dead,"['dead', 'short']",[],пенсионеры [блок 19] — level (КЭП 4.7),Q,4,2017-10-01,rosstat
56828,kep4_7119,archive_dead,"['dead', 'short']",[],пенсионеры [блок 1] — level (КЭП 4.7),A,1,1999-01-01,rosstat
56829,kep4_7120,archive_dead,"['dead', 'short']",[],пенсионеры [блок 1] — level (КЭП 4.7),Q,4,1999-10-01,rosstat
56830,kep4_7121,archive_dead,"['dead', 'short']",[],пенсионеры [блок 20] — level (КЭП 4.7),A,1,2017-01-01,rosstat
56831,kep4_7122,archive_dead,"['dead', 'short']",[],пенсионеры [блок 20] — level (КЭП 4.7),Q,4,2017-10-01,rosstat
56832,kep4_7123,archive_dead,"['dead', 'short']",[],пенсионеры [блок 21] — level (КЭП 4.7),A,1,2017-01-01,rosstat
56833,kep4_7124,archive_dead,"['dead', 'short']",[],пенсионеры [блок 21] — level (КЭП 4.7),Q,4,2017-10-01,rosstat
56834,kep4_7125,archive_dead,"['dead', 'short']",[],пенсионеры [блок 22] — level (КЭП 4.7),A,1,2017-01-01,rosstat
56835,kep4_7126,archive_dead,"['dead', 'short']",[],пенсионеры [блок 22] — level (КЭП 4.7),Q,4,2017-10-01,rosstat
56836,kep4_7127,archive_dead,"['dead', 'short']",[],пенсионеры [блок 23] — level (КЭП 4.7),A,1,2021-01-01,rosstat
56837,kep4_7128,archive_dead,"['dead', 'short']",[],пенсионеры [блок 26] — level (КЭП 4.7),A,1,2021-01-01,rosstat
56838,kep4_7129,archive_dead,"['dead', 'short']",[],пенсионеры [блок 28] — level (КЭП 4.7),A,1,2021-01-01,rosstat
56839,kep4_7130,archive_dead,"['dead', 'short']",[],пенсионеры [блок 29] — level (КЭП 4.7),A,1,2021-01-01,rosstat
56840,kep4_7131,archive_dead,"['dead', 'short']",[],пенсионеры [блок 2] — level (КЭП 4.7),A,1,2000-01-01,rosstat
56841,kep4_7132,archive_dead,"['dead', 'short']",[],пенсионеры [блок 2] — level (КЭП 4.7),Q,4,2000-10-01,rosstat
56842,kep4_7133,archive_dead,"['dead', 'short']",[],пенсионеры [блок 31] — level (КЭП 4.7),A,1,2021-01-01,rosstat
56843,kep4_7134,archive_dead,"['dead', 'short']",[],пенсионеры [блок 3] — level (КЭП 4.7),A,1,2000-01-01,rosstat
56844,kep4_7135,archive_dead,"['dead', 'short']",[],пенсионеры [блок 3] — level (КЭП 4.7),Q,4,2000-10-01,rosstat
56845,kep4_7136,archive_dead,"['dead', 'short']",[],пенсионеры [блок 4] — level (КЭП 4.7),A,1,2000-01-01,rosstat
56846,kep4_7137,archive_dead,"['dead', 'short']",[],пенсионеры [блок 4] — level (КЭП 4.7),Q,4,2000-10-01,rosstat
56847,kep4_7138,archive_dead,"['dead', 'short']",[],пенсионеры [блок 5] — level (КЭП 4.7),A,1,2000-01-01,rosstat
56848,kep4_7139,archive_dead,"['dead', 'short']",[],пенсионеры [блок 5] — level (КЭП 4.7),Q,4,2000-10-01,rosstat
56849,kep4_7140,archive_dead,"['dead', 'short']",[],пенсионеры [блок 6] — level (КЭП 4.7),A,1,2000-01-01,rosstat
56850,kep4_7141,archive_dead,"['dead', 'short']",[],пенсионеры [блок 6] — level (КЭП 4.7),Q,4,2000-10-01,rosstat
56851,kep4_7142,archive_dead,"['dead', 'short']",[],пенсионеры [блок 7] — level (КЭП 4.7),A,1,2005-01-01,rosstat
56852,kep4_7143,archive_dead,"['dead', 'short']",[],пенсионеры [блок 7] — level (КЭП 4.7),Q,4,2005-10-01,rosstat
56853,kep4_7144,archive_dead,"['dead', 'short']",[],пенсионеры [блок 8] — level (КЭП 4.7),A,1,2005-01-01,rosstat
56854,kep4_7145,archive_dead,"['dead', 'short']",[],пенсионеры [блок 8] — level (КЭП 4.7),Q,4,2005-10-01,rosstat
56855,kep4_7146,archive_dead,"['dead', 'short']",[],пенсионеры [блок 9] — level (КЭП 4.7),A,1,2005-01-01,rosstat
56856,kep4_7147,archive_dead,"['dead', 'short']",[],пенсионеры [блок 9] — level (КЭП 4.7),Q,4,2005-10-01,rosstat
56857,kep4_7148,archive_dead,"['dead', 'short']",[],трудоспособное [блок 10] — level (КЭП 4.7),A,1,2005-01-01,rosstat
56858,kep4_7149,archive_dead,"['dead', 'short']",[],трудоспособное [блок 10] — level (КЭП 4.7),Q,4,2005-10-01,rosstat
56859,kep4_7150,archive_dead,"['dead', 'short']",[],трудоспособное [блок 11] — level (КЭП 4.7),A,1,2005-01-01,rosstat
56860,kep4_7151,archive_dead,"['dead', 'short']",[],трудоспособное [блок 11] — level (КЭП 4.7),Q,4,2005-10-01,rosstat
56861,kep4_7152,archive_dead,"['dead', 'short']",[],трудоспособное [блок 12] — level (КЭП 4.7),A,1,2005-01-01,rosstat
56862,kep4_7153,archive_dead,"['dead', 'short']",[],трудоспособное [блок 12] — level (КЭП 4.7),Q,4,2005-10-01,rosstat
56863,kep4_7154,archive_dead,"['dead', 'short']",[],трудоспособное [блок 13] — level (КЭП 4.7),A,1,2005-01-01,rosstat
56864,kep4_7155,archive_dead,"['dead', 'short']",[],трудоспособное [блок 13] — level (КЭП 4.7),Q,4,2005-10-01,rosstat
56865,kep4_7156,archive_dead,"['dead', 'short']",[],трудоспособное [блок 14] — level (КЭП 4.7),A,1,2005-01-01,rosstat
56866,kep4_7157,archive_dead,"['dead', 'short']",[],трудоспособное [блок 14] — level (КЭП 4.7),Q,4,2005-10-01,rosstat
56867,kep4_7158,archive_dead,"['dead', 'short']",[],трудоспособное [блок 15] — level (КЭП 4.7),A,1,2013-01-01,rosstat
56868,kep4_7159,archive_dead,"['dead', 'short']",[],трудоспособное [блок 15] — level (КЭП 4.7),Q,4,2013-10-01,rosstat
56869,kep4_7160,archive_dead,"['dead', 'short']",[],трудоспособное [блок 16] — level (КЭП 4.7),A,1,2013-01-01,rosstat
56870,kep4_7161,archive_dead,"['dead', 'short']",[],трудоспособное [блок 16] — level (КЭП 4.7),Q,4,2013-10-01,rosstat
56871,kep4_7162,archive_dead,"['dead', 'short']",[],трудоспособное [блок 17] — level (КЭП 4.7),A,1,2013-01-01,rosstat
56872,kep4_7163,archive_dead,"['dead', 'short']",[],трудоспособное [блок 17] — level (КЭП 4.7),Q,4,2013-10-01,rosstat
56873,kep4_7164,archive_dead,"['dead', 'short']",[],трудоспособное [блок 18] — level (КЭП 4.7),A,1,2013-01-01,rosstat
56874,kep4_7165,archive_dead,"['dead', 'short']",[],трудоспособное [блок 18] — level (КЭП 4.7),Q,4,2013-10-01,rosstat
56875,kep4_7166,archive_dead,"['dead', 'short']",[],трудоспособное [блок 19] — level (КЭП 4.7),A,1,2017-01-01,rosstat
56876,kep4_7167,archive_dead,"['dead', 'short']",[],трудоспособное [блок 19] — level (КЭП 4.7),Q,4,2017-10-01,rosstat
56877,kep4_7168,archive_dead,"['dead', 'short']",[],трудоспособное [блок 1] — level (КЭП 4.7),A,1,1999-01-01,rosstat
56878,kep4_7169,archive_dead,"['dead', 'short']",[],трудоспособное [блок 1] — level (КЭП 4.7),Q,4,1999-10-01,rosstat
56879,kep4_7170,archive_dead,"['dead', 'short']",[],трудоспособное [блок 20] — level (КЭП 4.7),A,1,2017-01-01,rosstat
56880,kep4_7171,archive_dead,"['dead', 'short']",[],трудоспособное [блок 20] — level (КЭП 4.7),Q,4,2017-10-01,rosstat
56881,kep4_7172,archive_dead,"['dead', 'short']",[],трудоспособное [блок 21] — level (КЭП 4.7),A,1,2017-01-01,rosstat
56882,kep4_7173,archive_dead,"['dead', 'short']",[],трудоспособное [блок 21] — level (КЭП 4.7),Q,4,2017-10-01,rosstat
56883,kep4_7174,archive_dead,"['dead', 'short']",[],трудоспособное [блок 22] — level (КЭП 4.7),A,1,2017-01-01,rosstat
56884,kep4_7175,archive_dead,"['dead', 'short']",[],трудоспособное [блок 22] — level (КЭП 4.7),Q,4,2017-10-01,rosstat
56885,kep4_7176,archive_dead,"['dead', 'short']",[],трудоспособное [блок 23] — level (КЭП 4.7),A,1,2021-01-01,rosstat
56886,kep4_7177,archive_dead,"['dead', 'short']",[],трудоспособное [блок 26] — level (КЭП 4.7),A,1,2021-01-01,rosstat
56887,kep4_7178,archive_dead,"['dead', 'short']",[],трудоспособное [блок 28] — level (КЭП 4.7),A,1,2021-01-01,rosstat
56888,kep4_7179,archive_dead,"['dead', 'short']",[],трудоспособное [блок 29] — level (КЭП 4.7),A,1,2021-01-01,rosstat
56889,kep4_7180,archive_dead,"['dead', 'short']",[],трудоспособное [блок 2] — level (КЭП 4.7),A,1,2000-01-01,rosstat
56890,kep4_7181,archive_dead,"['dead', 'short']",[],трудоспособное [блок 2] — level (КЭП 4.7),Q,4,2000-10-01,rosstat
56891,kep4_7182,archive_dead,"['dead', 'short']",[],трудоспособное [блок 31] — level (КЭП 4.7),A,1,2021-01-01,rosstat
56892,kep4_7183,archive_dead,"['dead', 'short']",[],трудоспособное [блок 3] — level (КЭП 4.7),A,1,2000-01-01,rosstat
56893,kep4_7184,archive_dead,"['dead', 'short']",[],трудоспособное [блок 3] — level (КЭП 4.7),Q,4,2000-10-01,rosstat
56894,kep4_7185,archive_dead,"['dead', 'short']",[],трудоспособное [блок 4] — level (КЭП 4.7),A,1,2000-01-01,rosstat
56895,kep4_7186,archive_dead,"['dead', 'short']",[],трудоспособное [блок 4] — level (КЭП 4.7),Q,4,2000-10-01,rosstat
56896,kep4_7187,archive_dead,"['dead', 'short']",[],трудоспособное [блок 5] — level (КЭП 4.7),A,1,2000-01-01,rosstat
56897,kep4_7188,archive_dead,"['dead', 'short']",[],трудоспособное [блок 5] — level (КЭП 4.7),Q,4,2000-10-01,rosstat
56898,kep4_7189,archive_dead,"['dead', 'short']",[],трудоспособное [блок 6] — level (КЭП 4.7),A,1,2000-01-01,rosstat
56899,kep4_7190,archive_dead,"['dead', 'short']",[],трудоспособное [блок 6] — level (КЭП 4.7),Q,4,2000-10-01,rosstat
56900,kep4_7191,archive_dead,"['dead', 'short']",[],трудоспособное [блок 7] — level (КЭП 4.7),A,1,2005-01-01,rosstat
56901,kep4_7192,archive_dead,"['dead', 'short']",[],трудоспособное [блок 7] — level (КЭП 4.7),Q,4,2005-10-01,rosstat
56902,kep4_7193,archive_dead,"['dead', 'short']",[],трудоспособное [блок 8] — level (КЭП 4.7),A,1,2005-01-01,rosstat
56903,kep4_7194,archive_dead,"['dead', 'short']",[],трудоспособное [блок 8] — level (КЭП 4.7),Q,4,2005-10-01,rosstat
56904,kep4_7195,archive_dead,"['dead', 'short']",[],трудоспособное [блок 9] — level (КЭП 4.7),A,1,2005-01-01,rosstat
56905,kep4_7196,archive_dead,"['dead', 'short']",[],трудоспособное [блок 9] — level (КЭП 4.7),Q,4,2005-10-01,rosstat
56906,kep4_8,archive_dead,"['dead', 'short']",[],"4.8. Численность населения с денежными доходами ниже величины прожиточного минимума1), млн человек — level (КЭП 4.8)",A,22,2020-01-01,rosstat
56907,kep4_8_s,archive_dead,"['dead', 'short']",[],"4.8. Численность населения с денежными доходами ниже величины прожиточного минимума1), млн человек — pct (КЭП 4.8)",A,22,2020-01-01,rosstat
56908,kep4_82,preliminary,['short'],[],"4.8. Численность населения с денежными доходами ниже границы бедности2), млн человек || 4.8. Численность населения с денежными доходами ниже границы бедности2), млн человек [подтаблица 1] [блок 1] — level (КЭП 4.8)",A,5,2025-01-01,rosstat
56909,kep4_8_s2,preliminary,['short'],[],"4.8. Численность населения с денежными доходами ниже границы бедности2), млн человек || 4.8. Численность населения с денежными доходами ниже границы бедности2), млн человек [подтаблица 1] [блок 1] — pct (КЭП 4.8)",A,5,2025-01-01,rosstat
