date,phrase,group,count,share
2018-01-01,строительство домов под ключ,S1_ihb,14512,0.000987431755372639
2018-01-08,строительство домов под ключ,S1_ihb,18423,0.0010652592632973508
2018-01-15,строительство домов под ключ,S1_ihb,18584,0.0010068257645436736
2018-01-22,строительство домов под ключ,S1_ihb,18553,0.0009785761705641861
2018-01-29,строительство домов под ключ,S1_ihb,19291,0.0010210831795080335
2018-02-05,строительство домов под ключ,S1_ihb,18381,0.0009528499523054302
2018-02-12,строительство домов под ключ,S1_ihb,17999,0.0009548046707588865
2018-02-19,строительство домов под ключ,S1_ihb,18826,0.0009615529125505907
2018-02-26,строительство домов под ключ,S1_ihb,21055,0.0010401489804767218
2018-03-05,строительство домов под ключ,S1_ihb,19751,0.001070243793543614
2018-03-12,строительство домов под ключ,S1_ihb,21424,0.0010820216004511494
2018-03-19,строительство домов под ключ,S1_ihb,21915,0.001163847048702554
2018-03-26,строительство домов под ключ,S1_ihb,20252,0.001099485188699406
2018-04-02,строительство домов под ключ,S1_ihb,19301,0.0010885292497633866
2018-04-09,строительство домов под ключ,S1_ihb,18411,0.0010414901339663935
2018-04-16,строительство домов под ключ,S1_ihb,19833,0.0011102830679865499
2018-04-23,строительство домов под ключ,S1_ihb,19364,0.00107568007495177
2018-04-30,строительство домов под ключ,S1_ihb,18931,0.001198017590533226
2018-05-07,строительство домов под ключ,S1_ihb,18582,0.0011077382700398143
2018-05-14,строительство домов под ключ,S1_ihb,20225,0.0011539323991289095
2018-05-21,строительство домов под ключ,S1_ihb,18681,0.0011152888928622146
2018-05-28,строительство домов под ключ,S1_ihb,18883,0.0011239492440592255
2018-06-04,строительство домов под ключ,S1_ihb,18439,0.0010925467858393719
2018-06-11,строительство домов под ключ,S1_ihb,17721,0.0011290163042002009
2018-06-18,строительство домов под ключ,S1_ihb,17156,0.001049303621816467
2018-06-25,строительство домов под ключ,S1_ihb,16954,0.001058006645922976
2018-07-02,строительство домов под ключ,S1_ihb,18865,0.0011801793501886454
2018-07-09,строительство домов под ключ,S1_ihb,19623,0.001279915528992891
2018-07-16,строительство домов под ключ,S1_ihb,19993,0.0012761563150689402
2018-07-23,строительство домов под ключ,S1_ihb,21101,0.0013320860455921357
2018-07-30,строительство домов под ключ,S1_ihb,22840,0.0014385865146281601
2018-08-06,строительство домов под ключ,S1_ihb,21852,0.0013729724977976456
2018-08-13,строительство домов под ключ,S1_ihb,21945,0.001365719013421612
2018-08-20,строительство домов под ключ,S1_ihb,21124,0.0013517219330962055
2018-08-27,строительство домов под ключ,S1_ihb,18688,0.0011592955144035851
2018-09-03,строительство домов под ключ,S1_ihb,17371,0.000994304891636001
2018-09-10,строительство домов под ключ,S1_ihb,16537,0.0009133582811391816
2018-09-17,строительство домов под ключ,S1_ihb,18044,0.0009369660552059631
2018-09-24,строительство домов под ключ,S1_ihb,18078,0.000887190447073655
2018-10-01,строительство домов под ключ,S1_ihb,17741,0.0008619622470320998
2018-10-08,строительство домов под ключ,S1_ihb,17975,0.0008627974270690486
2018-10-15,строительство домов под ключ,S1_ihb,17148,0.0008221875611979366
2018-10-22,строительство домов под ключ,S1_ihb,18482,0.0008905474360217787
2018-10-29,строительство домов под ключ,S1_ihb,16477,0.0008133162893461376
2018-11-05,строительство домов под ключ,S1_ihb,14024,0.0007247430747686852
2018-11-12,строительство домов под ключ,S1_ihb,13569,0.0006763487123805403
2018-11-19,строительство домов под ключ,S1_ihb,14116,0.0007079605295193488
2018-11-26,строительство домов под ключ,S1_ihb,12526,0.0006343822342526492
2018-12-03,строительство домов под ключ,S1_ihb,12572,0.0006122509111626222
2018-12-10,строительство домов под ключ,S1_ihb,11442,0.0005723485924567762
2018-12-17,строительство домов под ключ,S1_ihb,9512,0.00048077658057860926
2018-12-24,строительство домов под ключ,S1_ihb,7190,0.00039814570884682236
2018-12-31,строительство домов под ключ,S1_ihb,10495,0.000656321094247145
2019-01-07,строительство домов под ключ,S1_ihb,15788,0.0008211044492774577
2019-01-14,строительство домов под ключ,S1_ihb,15761,0.0007563878979608336
2019-01-21,строительство домов под ключ,S1_ihb,16379,0.0007682030856891131
2019-01-28,строительство домов под ключ,S1_ihb,16753,0.0007969768650922005
2019-02-04,строительство домов под ключ,S1_ihb,18071,0.0008476935104880769
2019-02-11,строительство домов под ключ,S1_ihb,16080,0.0007650168893963307
2019-02-18,строительство домов под ключ,S1_ihb,14830,0.0007224398932213183
2019-02-25,строительство домов под ключ,S1_ihb,15867,0.0007617518953193219
2019-03-04,строительство домов под ключ,S1_ihb,13936,0.0007227129036836582
2019-03-11,строительство домов под ключ,S1_ihb,16659,0.0008086286661726991
2019-03-18,строительство домов под ключ,S1_ihb,16076,0.0007988533820276111
2019-03-25,строительство домов под ключ,S1_ihb,15276,0.000782874159351652
2019-04-01,строительство домов под ключ,S1_ihb,16093,0.0008230236221270735
2019-04-08,строительство домов под ключ,S1_ihb,15389,0.0007842392584383602
2019-04-15,строительство домов под ключ,S1_ihb,14730,0.0007504428644568184
2019-04-22,строительство домов под ключ,S1_ihb,13152,0.000713327729881507
2019-04-29,строительство домов под ключ,S1_ihb,14298,0.0008462714389289824
2019-05-06,строительство домов под ключ,S1_ihb,13384,0.000802820998780871
2019-05-13,строительство домов под ключ,S1_ihb,14839,0.0007851167829919021
2019-05-20,строительство домов под ключ,S1_ihb,14228,0.0007607533729744941
2019-05-27,строительство домов под ключ,S1_ihb,13076,0.0007380077053840324
2019-06-03,строительство домов под ключ,S1_ihb,12961,0.0007450224293310616
2019-06-10,строительство домов под ключ,S1_ihb,12903,0.0007602230880455324
2019-06-17,строительство домов под ключ,S1_ihb,12195,0.0007296139324965785
2019-06-24,строительство домов под ключ,S1_ihb,12278,0.0007231156074015795
2019-07-01,строительство домов под ключ,S1_ihb,12207,0.0007295242336562624
2019-07-08,строительство домов под ключ,S1_ihb,11555,0.0007009284309342982
2019-07-15,строительство домов под ключ,S1_ihb,11327,0.0006906208444579516
2019-07-22,строительство домов под ключ,S1_ihb,11013,0.0006728720425777592
2019-07-29,строительство домов под ключ,S1_ihb,11494,0.0006919954255164971
2019-08-05,строительство домов под ключ,S1_ihb,10963,0.0006516494782461429
2019-08-12,строительство домов под ключ,S1_ihb,11185,0.0006791957698815458
2019-08-19,строительство домов под ключ,S1_ihb,10661,0.0006581987499019633
2019-08-26,строительство домов под ключ,S1_ihb,10543,0.0006490712434775073
2019-09-02,строительство домов под ключ,S1_ihb,10461,0.0006126694016253744
2019-09-09,строительство домов под ключ,S1_ihb,10667,0.0005890695477564365
2019-09-16,строительство домов под ключ,S1_ihb,10727,0.0005619057346604287
2019-09-23,строительство домов под ключ,S1_ihb,11525,0.0005972517513262335
2019-09-30,строительство домов под ключ,S1_ihb,12195,0.0006228721949050301
2019-10-07,строительство домов под ключ,S1_ihb,11256,0.0005655491923098357
2019-10-14,строительство домов под ключ,S1_ihb,10857,0.0005399190016467693
2019-10-21,строительство домов под ключ,S1_ihb,11312,0.0005634780526588631
2019-10-28,строительство домов под ключ,S1_ihb,10522,0.0005393140625586712
2019-11-04,строительство домов под ключ,S1_ihb,11408,0.000567306408376435
2019-11-11,строительство домов под ключ,S1_ihb,11683,0.0005666469706362041
2019-11-18,строительство домов под ключ,S1_ihb,11004,0.0005172641133141818
2019-11-25,строительство домов под ключ,S1_ihb,12777,0.0005793977355938427
2019-12-02,строительство домов под ключ,S1_ihb,13214,0.0006098235711137905
2019-12-09,строительство домов под ключ,S1_ihb,15534,0.000717547914117615
2019-12-16,строительство домов под ключ,S1_ihb,16504,0.0007617832585036832
2019-12-23,строительство домов под ключ,S1_ihb,16377,0.0008177627998950327
2019-12-30,строительство домов под ключ,S1_ihb,14502,0.0008283859237867128
2020-01-06,строительство домов под ключ,S1_ihb,20606,0.0010137461777695615
2020-01-13,строительство домов под ключ,S1_ihb,20229,0.00087286503771531
2020-01-20,строительство домов под ключ,S1_ihb,19119,0.0007851052910561583
2020-01-27,строительство домов под ключ,S1_ihb,17029,0.000760771619564349
2020-02-03,строительство домов под ключ,S1_ihb,18251,0.0008212501204055451
2020-02-10,строительство домов под ключ,S1_ihb,17358,0.0007667307903707068
2020-02-17,строительство домов под ключ,S1_ihb,16166,0.0007222950515548593
2020-02-24,строительство домов под ключ,S1_ihb,16925,0.0007636992000394595
2020-03-02,строительство домов под ключ,S1_ihb,15956,0.0007403060739229808
2020-03-09,строительство домов под ключ,S1_ihb,17849,0.0008083530301017775
2020-03-16,строительство домов под ключ,S1_ihb,16594,0.0007404989790744057
2020-03-23,строительство домов под ключ,S1_ihb,15485,0.0006945755781979599
2020-03-30,строительство домов под ключ,S1_ihb,16348,0.0006934226623017658
2020-04-06,строительство домов под ключ,S1_ihb,18627,0.0006621131547464306
2020-04-13,строительство домов под ключ,S1_ihb,20571,0.0007191668166419592
2020-04-20,строительство домов под ключ,S1_ihb,24406,0.000850348625776989
2020-04-27,строительство домов под ключ,S1_ihb,25687,0.0009869059666144007
2020-05-04,строительство домов под ключ,S1_ihb,28471,0.0012308079788921503
2020-05-11,строительство домов под ключ,S1_ihb,30256,0.001153252694374847
2020-05-18,строительство домов под ключ,S1_ihb,29113,0.00111810859448967
2020-05-25,строительство домов под ключ,S1_ihb,27736,0.001208564522642818
2020-06-01,строительство домов под ключ,S1_ihb,26981,0.001223998981278636
2020-06-08,строительство домов под ключ,S1_ihb,25563,0.00125597443746176
2020-06-15,строительство домов под ключ,S1_ihb,25498,0.0012383385701048384
2020-06-22,строительство домов под ключ,S1_ihb,23280,0.0011593146443562672
2020-06-29,строительство домов под ключ,S1_ihb,24687,0.0012596730697877418
2020-07-06,строительство домов под ключ,S1_ihb,20788,0.0010954015400088375
2020-07-13,строительство домов под ключ,S1_ihb,21576,0.0011428558134904568
2020-07-20,строительство домов под ключ,S1_ihb,20705,0.0010928440704333416
2020-07-27,строительство домов под ключ,S1_ihb,20359,0.0010768687825423245
2020-08-03,строительство домов под ключ,S1_ihb,20212,0.0010741404119343787
2020-08-10,строительство домов под ключ,S1_ihb,19592,0.0010316333560898565
2020-08-17,строительство домов под ключ,S1_ihb,19774,0.0010372098041613138
2020-08-24,строительство домов под ключ,S1_ihb,18006,0.0009375696260066056
2020-08-31,строительство домов под ключ,S1_ihb,18541,0.0009270462195055169
2020-09-07,строительство домов под ключ,S1_ihb,17577,0.0008117703611759337
2020-09-14,строительство домов под ключ,S1_ihb,16769,0.0007424400901674429
2020-09-21,строительство домов под ключ,S1_ihb,15824,0.0006907993146495484
2020-09-28,строительство домов под ключ,S1_ihb,17461,0.0007565246623530478
2020-10-05,строительство домов под ключ,S1_ihb,19248,0.000813680776761043
2020-10-12,строительство домов под ключ,S1_ihb,20176,0.0008228971752431996
2020-10-19,строительство домов под ключ,S1_ihb,18788,0.0007474314670597765
2020-10-26,строительство домов под ключ,S1_ihb,20100,0.0008000115870334934
2020-11-02,строительство домов под ключ,S1_ihb,21407,0.0008544034023792301
2020-11-09,строительство домов под ключ,S1_ihb,18677,0.0006955395435627005
2020-11-16,строительство домов под ключ,S1_ihb,18708,0.0006820867131901845
2020-11-23,строительство домов под ключ,S1_ihb,20051,0.000721715388483182
2020-11-30,строительство домов под ключ,S1_ihb,21046,0.0007951711693370777
2020-12-07,строительство домов под ключ,S1_ihb,19326,0.0007420938847326051
2020-12-14,строительство домов под ключ,S1_ihb,16238,0.0006273431438344682
2020-12-21,строительство домов под ключ,S1_ihb,16611,0.0006726072647359515
2020-12-28,строительство домов под ключ,S1_ihb,16317,0.0008183944033402814
2021-01-04,строительство домов под ключ,S1_ihb,33759,0.0015712427196643817
2021-01-11,строительство домов под ключ,S1_ihb,39689,0.001602159603767397
2021-01-18,строительство домов под ключ,S1_ihb,44185,0.0017727873297985592
2021-01-25,строительство домов под ключ,S1_ihb,46182,0.0018552054771286497
2021-02-01,строительство домов под ключ,S1_ihb,48069,0.0019576464236780357
2021-02-08,строительство домов под ключ,S1_ihb,42251,0.0016686746284643571
2021-02-15,строительство домов под ключ,S1_ihb,28026,0.0010935057752116933
2021-02-22,строительство домов под ключ,S1_ihb,35857,0.0014660197006472404
2021-03-01,строительство домов под ключ,S1_ihb,35586,0.0014704215622631113
2021-03-08,строительство домов под ключ,S1_ihb,33714,0.001365682439146525
2021-03-15,строительство домов под ключ,S1_ihb,28597,0.0011393062877199692
2021-03-22,строительство домов под ключ,S1_ihb,32158,0.0013485571991045514
2021-03-29,строительство домов под ключ,S1_ihb,29327,0.0011891528751819885
2021-04-05,строительство домов под ключ,S1_ihb,27784,0.0010902364622707654
2021-04-12,строительство домов под ключ,S1_ihb,28907,0.0011571738357859763
2021-04-19,строительство домов под ключ,S1_ihb,33334,0.001313356211133835
2021-04-26,строительство домов под ключ,S1_ihb,27690,0.0011621081281212133
2021-05-03,строительство домов под ключ,S1_ihb,31034,0.0014164718852750409
2021-05-10,строительство домов под ключ,S1_ihb,29253,0.0012282866172344644
2021-05-17,строительство домов под ключ,S1_ihb,30581,0.0012385512098395507
2021-05-24,строительство домов под ключ,S1_ihb,30311,0.001278400993868941
2021-05-31,строительство домов под ключ,S1_ihb,28910,0.0012373657615440982
2021-06-07,строительство домов под ключ,S1_ihb,27218,0.0011513211895407892
2021-06-14,строительство домов под ключ,S1_ihb,23413,0.001032420913804204
2021-06-21,строительство домов под ключ,S1_ihb,20946,0.0009198538894701616
2021-06-28,строительство домов под ключ,S1_ihb,21892,0.0009737646038135782
2021-07-05,строительство домов под ключ,S1_ihb,24006,0.0011005922097517822
2021-07-12,строительство домов под ключ,S1_ihb,25426,0.0011707173591660445
2021-07-19,строительство домов под ключ,S1_ihb,24599,0.001119124779728751
2021-07-26,строительство домов под ключ,S1_ihb,24687,0.001111554164875488
2021-08-02,строительство домов под ключ,S1_ihb,25411,0.0011370691006647347
2021-08-09,строительство домов под ключ,S1_ihb,23562,0.0010524991724176942
2021-08-16,строительство домов под ключ,S1_ihb,24872,0.0010990816101551421
2021-08-23,строительство домов под ключ,S1_ihb,23690,0.001028028969443238
2021-08-30,строительство домов под ключ,S1_ihb,22509,0.0009502392546370738
2021-09-06,строительство домов под ключ,S1_ihb,22240,0.0009272804525301722
2021-09-13,строительство домов под ключ,S1_ihb,20919,0.0008304063055907828
2021-09-20,строительство домов под ключ,S1_ihb,20031,0.000773285466838115
2021-09-27,строительство домов под ключ,S1_ihb,18404,0.0007307501325412745
2021-10-04,строительство домов под ключ,S1_ihb,20857,0.000826360804266063
2021-10-11,строительство домов под ключ,S1_ihb,20454,0.0007766454506828556
2021-10-18,строительство домов под ключ,S1_ihb,19645,0.0007405468017093209
2021-10-25,строительство домов под ключ,S1_ihb,20001,0.0007769805390883584
2021-11-01,строительство домов под ключ,S1_ihb,23181,0.0009353453696160026
2021-11-08,строительство домов под ключ,S1_ihb,19534,0.0007134529167007116
2021-11-15,строительство домов под ключ,S1_ihb,18262,0.0006579568980376831
2021-11-22,строительство домов под ключ,S1_ihb,18628,0.0006737066923188097
2021-11-29,строительство домов под ключ,S1_ihb,19402,0.0007091879184364751
2021-12-06,строительство домов под ключ,S1_ihb,18466,0.0006685080330540491
2021-12-13,строительство домов под ключ,S1_ihb,17234,0.000618751251877143
2021-12-20,строительство домов под ключ,S1_ihb,15650,0.0005722877601289401
2021-12-27,строительство домов под ключ,S1_ihb,11714,0.0005141033239839763
2022-01-03,строительство домов под ключ,S1_ihb,22962,0.0009758787739910099
2022-01-10,строительство домов под ключ,S1_ihb,24695,0.0008974042482367792
2022-01-17,строительство домов под ключ,S1_ihb,23964,0.0008428899347517192
2022-01-24,строительство домов под ключ,S1_ihb,24886,0.0008538103171877229
2022-01-31,строительство домов под ключ,S1_ihb,26822,0.0009042585484900441
2022-02-07,строительство домов под ключ,S1_ihb,26391,0.0008696769244538691
2022-02-14,строительство домов под ключ,S1_ihb,25217,0.0008502651962209968
2022-02-21,строительство домов под ключ,S1_ihb,20064,0.0007055622986229146
2022-02-28,строительство домов под ключ,S1_ihb,15856,0.0005481443873505457
2022-03-07,строительство домов под ключ,S1_ihb,20057,0.0007160457358750101
2022-03-14,строительство домов под ключ,S1_ihb,24852,0.0008488216570797626
2022-03-21,строительство домов под ключ,S1_ihb,25602,0.0008971527640714231
2022-03-28,строительство домов под ключ,S1_ihb,28240,0.0009878441278106216
2022-04-04,строительство домов под ключ,S1_ihb,26122,0.0009128971885855247
2022-04-11,строительство домов под ключ,S1_ihb,22613,0.0008043806256554534
2022-04-18,строительство домов под ключ,S1_ihb,23069,0.0008289494502697695
2022-04-25,строительство домов под ключ,S1_ihb,20976,0.0007869649313779787
2022-05-02,строительство домов под ключ,S1_ihb,25030,0.0009952268423623302
2022-05-09,строительство домов под ключ,S1_ihb,24867,0.0009166187649779987
2022-05-16,строительство домов под ключ,S1_ihb,24212,0.0008487224574187097
2022-05-23,строительство домов под ключ,S1_ihb,23161,0.0008436090483388851
2022-05-30,строительство домов под ключ,S1_ihb,24233,0.0009480962696005347
2022-06-06,строительство домов под ключ,S1_ihb,20645,0.0008324120604286481
2022-06-13,строительство домов под ключ,S1_ihb,21548,0.0008712140427564593
2022-06-20,строительство домов под ключ,S1_ihb,19135,0.0007491183431061638
2022-06-27,строительство домов под ключ,S1_ihb,17682,0.0007369955491062364
2022-07-04,строительство домов под ключ,S1_ihb,19504,0.0008310047436988041
2022-07-11,строительство домов под ключ,S1_ihb,21560,0.0009044875643303197
2022-07-18,строительство домов под ключ,S1_ihb,24793,0.0010445870129393278
2022-07-25,строительство домов под ключ,S1_ihb,23116,0.0009740453226979877
2022-08-01,строительство домов под ключ,S1_ihb,20060,0.0008469661668315255
2022-08-08,строительство домов под ключ,S1_ihb,20242,0.0008491896899368771
2022-08-15,строительство домов под ключ,S1_ihb,21841,0.0008949609434491825
2022-08-22,строительство домов под ключ,S1_ihb,25746,0.0010493590573080586
2022-08-29,строительство домов под ключ,S1_ihb,22096,0.000871132864011528
2022-09-05,строительство домов под ключ,S1_ihb,19808,0.0007286307179901161
2022-09-12,строительство домов под ключ,S1_ihb,16634,0.0006051361646100344
2022-09-19,строительство домов под ключ,S1_ihb,12410,0.00044446985495597674
2022-09-26,строительство домов под ключ,S1_ihb,8692,0.00031829788272232627
2022-10-03,строительство домов под ключ,S1_ihb,10408,0.0003801373852376401
2022-10-10,строительство домов под ключ,S1_ihb,11449,0.0004140044801171719
2022-10-17,строительство домов под ключ,S1_ihb,13845,0.0004748249347473505
2022-10-24,строительство домов под ключ,S1_ihb,12867,0.00045376112716918773
2022-10-31,строительство домов под ключ,S1_ihb,13014,0.00046882986278406894
2022-11-07,строительство домов под ключ,S1_ihb,12115,0.00041984066163544797
2022-11-14,строительство домов под ключ,S1_ihb,10294,0.00034130823702553366
2022-11-21,строительство домов под ключ,S1_ihb,10164,0.00033874214069700207
2022-11-28,строительство домов под ключ,S1_ihb,9619,0.0003220795575080249
2022-12-05,строительство домов под ключ,S1_ihb,9792,0.00032849662830668197
2022-12-12,строительство домов под ключ,S1_ihb,9454,0.00032033998027045915
2022-12-19,строительство домов под ключ,S1_ihb,8995,0.0003092855525089609
2022-12-26,строительство домов под ключ,S1_ihb,7611,0.0003150575043093469
2023-01-02,строительство домов под ключ,S1_ihb,15814,0.0006466003270922655
2023-01-09,строительство домов под ключ,S1_ihb,17396,0.000609889786187776
2023-01-16,строительство домов под ключ,S1_ihb,18197,0.000623568569683396
2023-01-23,строительство домов под ключ,S1_ihb,18985,0.0006509539077535586
2023-01-30,строительство домов под ключ,S1_ihb,19006,0.0006555347857904383
2023-02-06,строительство домов под ключ,S1_ihb,17869,0.0006164163629068549
2023-02-13,строительство домов под ключ,S1_ihb,18168,0.000628915717991402
2023-02-20,строительство домов под ключ,S1_ihb,19064,0.0006979525275938729
2023-02-27,строительство домов под ключ,S1_ihb,17505,0.0006058622743577752
2023-03-06,строительство домов под ключ,S1_ihb,19392,0.0007041860307733079
2023-03-13,строительство домов под ключ,S1_ihb,19413,0.0006767799588241328
2023-03-20,строительство домов под ключ,S1_ihb,19805,0.000713935007070644
2023-03-27,строительство домов под ключ,S1_ihb,19920,0.0007254989213469967
2023-04-03,строительство домов под ключ,S1_ihb,18518,0.0006720923884052951
2023-04-10,строительство домов под ключ,S1_ihb,17165,0.0006330877989808674
2023-04-17,строительство домов под ключ,S1_ihb,18111,0.000669938154957555
2023-04-24,строительство домов под ключ,S1_ihb,16758,0.0006322207316493595
2023-05-01,строительство домов под ключ,S1_ihb,16808,0.0006601225058629713
2023-05-08,строительство домов под ключ,S1_ihb,16404,0.0006507532339357304
2023-05-15,строительство домов под ключ,S1_ihb,16562,0.00063350637631531
2023-05-22,строительство домов под ключ,S1_ihb,16191,0.000643817137450708
2023-05-29,строительство домов под ключ,S1_ihb,16061,0.0006539835414448818
2023-06-05,строительство домов под ключ,S1_ihb,14857,0.000616182132529003
2023-06-12,строительство домов под ключ,S1_ihb,14637,0.0006225367908333996
2023-06-19,строительство домов под ключ,S1_ihb,13793,0.0005744483966306255
2023-06-26,строительство домов под ключ,S1_ihb,13890,0.0005933477021015801
2023-07-03,строительство домов под ключ,S1_ihb,15154,0.000668650147274872
2023-07-10,строительство домов под ключ,S1_ihb,16093,0.0006983333798512842
2023-07-17,строительство домов под ключ,S1_ihb,15633,0.0006850888617311537
2023-07-24,строительство домов под ключ,S1_ihb,16728,0.000727070885996829
2023-07-31,строительство домов под ключ,S1_ihb,15537,0.0006904865263258039
2023-08-07,строительство домов под ключ,S1_ihb,16218,0.0007057150905860577
2023-08-14,строительство домов под ключ,S1_ihb,16112,0.0007132942255725502
2023-08-21,строительство домов под ключ,S1_ihb,15421,0.0006865184935503484
2023-08-28,строительство домов под ключ,S1_ihb,14055,0.0006268327387349461
2023-09-04,строительство домов под ключ,S1_ihb,13829,0.0005644804817499219
2023-09-11,строительство домов под ключ,S1_ihb,12985,0.0005122521159345873
2023-09-18,строительство домов под ключ,S1_ihb,13552,0.0005230358546801983
2023-09-25,строительство домов под ключ,S1_ihb,13963,0.0005324936568499824
2023-10-02,строительство домов под ключ,S1_ihb,13377,0.0005052570742706008
2023-10-09,строительство домов под ключ,S1_ihb,12434,0.00046154114549093635
2023-10-16,строительство домов под ключ,S1_ihb,11749,0.0004260534159467769
2023-10-23,строительство домов под ключ,S1_ihb,10899,0.000402844195934796
2023-10-30,строительство домов под ключ,S1_ihb,10601,0.00041489132531683453
2023-11-06,строительство домов под ключ,S1_ihb,11462,0.00042860362891879525
2023-11-13,строительство домов под ключ,S1_ihb,10619,0.00038323818943330893
2023-11-20,строительство домов под ключ,S1_ihb,9913,0.00035355675410768134
2023-11-27,строительство домов под ключ,S1_ihb,9886,0.0003492020624431909
2023-12-04,строительство домов под ключ,S1_ihb,9133,0.0003192987435763302
2023-12-11,строительство домов под ключ,S1_ihb,8633,0.00030747950860638703
2023-12-18,строительство домов под ключ,S1_ihb,7986,0.0002907862868478768
2023-12-25,строительство домов под ключ,S1_ihb,6522,0.0002724351658149109
2024-01-01,строительство домов под ключ,S1_ihb,14148,0.0006029621433286821
2024-01-08,строительство домов под ключ,S1_ihb,16763,0.0006179576369598564
2024-01-15,строительство домов под ключ,S1_ihb,16428,0.00057814470200604
2024-01-22,строительство домов под ключ,S1_ihb,16037,0.0005613050144111537
2024-01-29,строительство домов под ключ,S1_ihb,16786,0.0006055091443281435
2024-02-05,строительство домов под ключ,S1_ihb,17247,0.0006361050082457422
2024-02-12,строительство домов под ключ,S1_ihb,16644,0.000613855553889344
2024-02-19,строительство домов под ключ,S1_ihb,13996,0.000538668319559911
2024-02-26,строительство домов под ключ,S1_ihb,15673,0.0005447253846355277
2024-03-04,строительство домов под ключ,S1_ihb,14540,0.0005397685705501986
2024-03-11,строительство домов под ключ,S1_ihb,13544,0.0005175033572161043
2024-03-18,строительство домов под ключ,S1_ihb,13202,0.0005081043349585236
2024-03-25,строительство домов под ключ,S1_ihb,13205,0.0005327482377096784
2024-04-01,строительство домов под ключ,S1_ihb,13595,0.0005275133670432134
2024-04-08,строительство домов под ключ,S1_ihb,14152,0.0005558570716196353
2024-04-15,строительство домов под ключ,S1_ihb,14518,0.0005647280190798966
2024-04-22,строительство домов под ключ,S1_ihb,13860,0.0005436318810445584
2024-04-29,строительство домов под ключ,S1_ihb,14798,0.0006450485915151938
2024-05-06,строительство домов под ключ,S1_ihb,14892,0.0006198541901904131
2024-05-13,строительство домов под ключ,S1_ihb,13860,0.0005546504473066972
2024-05-20,строительство домов под ключ,S1_ihb,13287,0.0005647504055638555
2024-05-27,строительство домов под ключ,S1_ihb,12860,0.0005666361010111458
2024-06-03,строительство домов под ключ,S1_ihb,12814,0.0005699223511218548
2024-06-10,строительство домов под ключ,S1_ihb,12738,0.0005832638082309188
2024-06-17,строительство домов под ключ,S1_ihb,12667,0.000570629748472511
2024-06-24,строительство домов под ключ,S1_ihb,11051,0.000520141388973337
2024-07-01,строительство домов под ключ,S1_ihb,11151,0.0005291469292177028
2024-07-08,строительство домов под ключ,S1_ihb,12150,0.0005889481015263522
2024-07-15,строительство домов под ключ,S1_ihb,12831,0.0006193639509605551
2024-07-22,строительство домов под ключ,S1_ihb,12893,0.000611504334874454
2024-07-29,строительство домов под ключ,S1_ihb,12613,0.0005932666209337577
2024-08-05,строительство домов под ключ,S1_ihb,11469,0.0005338435265692008
2024-08-12,строительство домов под ключ,S1_ihb,11299,0.0005425489034105666
2024-08-19,строительство домов под ключ,S1_ihb,11807,0.0005611506280752191
2024-08-26,строительство домов под ключ,S1_ihb,11868,0.0005594786001507324
2024-09-02,строительство домов под ключ,S1_ihb,8911,0.0004152850802517795
2024-09-09,строительство домов под ключ,S1_ihb,9819,0.0004260027191937087
2024-09-16,строительство домов под ключ,S1_ihb,9428,0.0003950630933003155
2024-09-23,строительство домов под ключ,S1_ihb,8824,0.00036150268469124845
2024-09-30,строительство домов под ключ,S1_ihb,8465,0.0003388608219879501
2024-10-07,строительство домов под ключ,S1_ihb,8658,0.0003338600087440474
2024-10-14,строительство домов под ключ,S1_ihb,7843,0.00032123777394344746
2024-10-21,строительство домов под ключ,S1_ihb,8607,0.00033289715348748734
2024-10-28,строительство домов под ключ,S1_ihb,9011,0.0003582518669542051
2024-11-04,строительство домов под ключ,S1_ihb,8456,0.0003179556952840987
2024-11-11,строительство домов под ключ,S1_ihb,10929,0.0003978269015095834
2024-11-18,строительство домов под ключ,S1_ihb,11328,0.00042495968014029156
2024-11-25,строительство домов под ключ,S1_ihb,10754,0.00037334294736670183
2024-12-02,строительство домов под ключ,S1_ihb,8265,0.00029998416399386915
2024-12-09,строительство домов под ключ,S1_ihb,9289,0.0003352149906954401
2024-12-16,строительство домов под ключ,S1_ihb,11071,0.00038753871220669606
2024-12-23,строительство домов под ключ,S1_ihb,12069,0.00045158063763421006
2024-12-30,строительство домов под ключ,S1_ihb,10661,0.0004930325533046855
2025-01-06,строительство домов под ключ,S1_ihb,14337,0.000574672010198992
2025-01-13,строительство домов под ключ,S1_ihb,14689,0.0005265498330457773
2025-01-20,строительство домов под ключ,S1_ihb,14141,0.0004940849506079652
2025-01-27,строительство домов под ключ,S1_ihb,13881,0.00048081366865756824
2025-02-03,строительство домов под ключ,S1_ihb,15785,0.0005438194230948237
2025-02-10,строительство домов под ключ,S1_ihb,16101,0.000561314575154291
2025-02-17,строительство домов под ключ,S1_ihb,12806,0.0004551730253315831
2025-02-24,строительство домов под ключ,S1_ihb,10849,0.0003884747121866895
2025-03-03,строительство домов под ключ,S1_ihb,10189,0.00037651461414979487
2025-03-10,строительство домов под ключ,S1_ihb,11782,0.0004220338087351118
2025-03-17,строительство домов под ключ,S1_ihb,12240,0.000444728623289488
2025-03-24,строительство домов под ключ,S1_ihb,12178,0.0004652241393498112
2025-03-31,строительство домов под ключ,S1_ihb,12068,0.00044674417579399606
2025-04-07,строительство домов под ключ,S1_ihb,11031,0.0004078421298551691
2025-04-14,строительство домов под ключ,S1_ihb,9939,0.0003819434970152632
2025-04-21,строительство домов под ключ,S1_ihb,10579,0.0004008870208344452
2025-04-28,строительство домов под ключ,S1_ihb,10432,0.0004298111253062361
2025-05-05,строительство домов под ключ,S1_ihb,10341,0.0004356313418817183
2025-05-12,строительство домов под ключ,S1_ihb,10997,0.0004263343205958656
2025-05-19,строительство домов под ключ,S1_ihb,11080,0.00045910342643207193
2025-05-26,строительство домов под ключ,S1_ihb,12507,0.0005368280671390582
2025-06-02,строительство домов под ключ,S1_ihb,15672,0.0006796461429642298
2025-06-09,строительство домов под ключ,S1_ihb,14590,0.0006141244016765161
2025-06-16,строительство домов под ключ,S1_ihb,14171,0.0005639834169995031
2025-06-23,строительство домов под ключ,S1_ihb,15139,0.000609335006585481
2025-06-30,строительство домов под ключ,S1_ihb,30249,0.001250410801430211
2025-07-07,строительство домов под ключ,S1_ihb,37239,0.0015672562463234644
2025-07-14,строительство домов под ключ,S1_ihb,43209,0.0018211454061768343
2025-07-21,строительство домов под ключ,S1_ihb,30243,0.0012723250449444626
2025-07-28,строительство домов под ключ,S1_ihb,23398,0.0009871836217726392
2025-08-04,строительство домов под ключ,S1_ihb,30263,0.0012695186308111649
2025-08-11,строительство домов под ключ,S1_ihb,27380,0.0011591131450571176
2025-08-18,строительство домов под ключ,S1_ihb,16490,0.0007014757104042754
2025-08-25,строительство домов под ключ,S1_ihb,16087,0.0006842790285449675
2025-09-01,строительство домов под ключ,S1_ihb,14251,0.0005874494197846462
2025-09-08,строительство домов под ключ,S1_ihb,18520,0.000728884478191488
2025-09-15,строительство домов под ключ,S1_ihb,21287,0.0008320388306280107
2025-09-22,строительство домов под ключ,S1_ihb,20272,0.0007779477502875463
2025-09-29,строительство домов под ключ,S1_ihb,14155,0.0005463997018018706
2025-10-06,строительство домов под ключ,S1_ihb,12151,0.00046305649077075443
2025-10-13,строительство домов под ключ,S1_ihb,10525,0.0003838288815764991
2025-10-20,строительство домов под ключ,S1_ihb,12797,0.00047223846649275435
2025-10-27,строительство домов под ключ,S1_ihb,14879,0.0005703561881103018
2025-11-03,строительство домов под ключ,S1_ihb,18867,0.0007209743367100301
2025-11-10,строительство домов под ключ,S1_ihb,16935,0.0006224770025678428
2025-11-17,строительство домов под ключ,S1_ihb,19722,0.0007131554176542524
2025-11-24,строительство домов под ключ,S1_ihb,18112,0.0006466922912917082
2025-12-01,строительство домов под ключ,S1_ihb,17629,0.000631443323663488
2025-12-08,строительство домов под ключ,S1_ihb,16550,0.0006069602397162145
2025-12-15,строительство домов под ключ,S1_ihb,13944,0.0005352242635628977
2025-12-22,строительство домов под ключ,S1_ihb,21649,0.0009057887793559574
2025-12-29,строительство домов под ключ,S1_ihb,15014,0.0007455465848087303
2026-01-05,строительство домов под ключ,S1_ihb,13338,0.0006269019668921839
2026-01-12,строительство домов под ключ,S1_ihb,18026,0.0007419706635781412
2026-01-19,строительство домов под ключ,S1_ihb,18789,0.0007483885890003346
2026-01-26,строительство домов под ключ,S1_ihb,18481,0.0007483425026454005
2026-02-02,строительство домов под ключ,S1_ihb,19080,0.0007769922125430174
2026-02-09,строительство домов под ключ,S1_ihb,18974,0.0007912449218951583
2026-02-16,строительство домов под ключ,S1_ihb,19085,0.000830855818654258
2026-02-23,строительство домов под ключ,S1_ihb,25369,0.0011248303389588413
2026-03-02,строительство домов под ключ,S1_ihb,19165,0.0008722064515301271
2026-03-09,строительство домов под ключ,S1_ihb,22116,0.0008934360083007525
2026-03-16,строительство домов под ключ,S1_ihb,23004,0.000876925414898215
2026-03-23,строительство домов под ключ,S1_ihb,24206,0.0009307042118205518
2026-03-30,строительство домов под ключ,S1_ihb,23807,0.000933319522802286
2026-04-06,строительство домов под ключ,S1_ihb,26361,0.0009964889740526857
2026-04-13,строительство домов под ключ,S1_ihb,21471,0.0008090911310881594
2026-04-20,строительство домов под ключ,S1_ihb,21207,0.0008012361825612248
2026-04-27,строительство домов под ключ,S1_ihb,28181,0.0011357882096575851
2026-05-04,строительство домов под ключ,S1_ihb,26487,0.0011439070065163148
2026-05-11,строительство домов под ключ,S1_ihb,22437,0.0009291647375776063
2026-05-18,строительство домов под ключ,S1_ihb,34791,0.0014357988416447396
2026-05-25,строительство домов под ключ,S1_ihb,33958,0.00139987347754046
2026-06-01,строительство домов под ключ,S1_ihb,29448,0.0012245361119096734
2026-06-08,строительство домов под ключ,S1_ihb,19483,0.0008136920366203114
2026-06-15,строительство домов под ключ,S1_ihb,17044,0.0006994265979364065
2026-06-22,строительство домов под ключ,S1_ihb,12487,0.0005110368600377474
2026-06-29,строительство домов под ключ,S1_ihb,13464,0.0005690833844048406
2026-07-06,строительство домов под ключ,S1_ihb,10199,0.00042101559543355777
2026-07-13,строительство домов под ключ,S1_ihb,7894,0.00030674439463933295
2026-07-20,строительство домов под ключ,S1_ihb,14112,0.0005286380455328438
2026-07-27,строительство домов под ключ,S1_ihb,9572,0.00037039603126364
2026-08-03,строительство домов под ключ,S1_ihb,11266,0.0004441621550696669
2026-08-10,строительство домов под ключ,S1_ihb,16669,0.0006469822906978056
2026-08-17,строительство домов под ключ,S1_ihb,16939,0.0006625793517200486
2018-01-01,проектирование дома,S1_ihb,7661,0.0005212730621492412
2018-01-08,проектирование дома,S1_ihb,11116,0.0006427521017648239
2018-01-15,проектирование дома,S1_ihb,11176,0.0006054823904724547
2018-01-22,проектирование дома,S1_ihb,12123,0.000639426449401694
2018-01-29,проектирование дома,S1_ihb,11772,0.0006230983976553094
2018-02-05,проектирование дома,S1_ihb,12117,0.0006281313787108916
2018-02-12,проектирование дома,S1_ihb,10774,0.0005715353921193536
2018-02-19,проектирование дома,S1_ihb,10875,0.000555449268245388
2018-02-26,проектирование дома,S1_ihb,11929,0.0005893107189791885
2018-03-05,проектирование дома,S1_ihb,10924,0.0005919367728555739
2018-03-12,проектирование дома,S1_ihb,11955,0.0006037886591389791
2018-03-19,проектирование дома,S1_ihb,11643,0.0006183285963059017
2018-03-26,проектирование дома,S1_ihb,11694,0.0006348696324635026
2018-04-02,проектирование дома,S1_ihb,10373,0.0005850118598930423
2018-04-09,проектирование дома,S1_ihb,9589,0.0005424392425508526
2018-04-16,проектирование дома,S1_ihb,9677,0.0005417339408514013
2018-04-23,проектирование дома,S1_ihb,9420,0.0005232858038651969
2018-04-30,проектирование дома,S1_ihb,8430,0.0005334788594472082
2018-05-07,проектирование дома,S1_ihb,8854,0.0005278180305097683
2018-05-14,проектирование дома,S1_ihb,9585,0.0005468698168430456
2018-05-21,проектирование дома,S1_ihb,9510,0.0005677638976028939
2018-05-28,проектирование дома,S1_ihb,9832,0.0005852178662071867
2018-06-04,проектирование дома,S1_ihb,8862,0.0005250908192477094
2018-06-11,проектирование дома,S1_ihb,7939,0.0005057987945965462
2018-06-18,проектирование дома,S1_ihb,8554,0.0005231839112274457
2018-06-25,проектирование дома,S1_ihb,7771,0.0004849457146082013
2018-07-02,проектирование дома,S1_ihb,7860,0.0004917153295776705
2018-07-09,проектирование дома,S1_ihb,7665,0.0004999517163395255
2018-07-16,проектирование дома,S1_ihb,8443,0.0005389180097097514
2018-07-23,проектирование дома,S1_ihb,8628,0.0005446774276749418
2018-07-30,проектирование дома,S1_ihb,8541,0.0005379582934080173
2018-08-06,проектирование дома,S1_ihb,8297,0.0005213048148557143
2018-08-13,проектирование дома,S1_ihb,8752,0.0005446695286154453
2018-08-20,проектирование дома,S1_ihb,9942,0.0006361872495191477
2018-08-27,проектирование дома,S1_ihb,8587,0.000532687852214447
2018-09-03,проектирование дома,S1_ihb,8641,0.0004946052943772197
2018-09-10,проектирование дома,S1_ihb,8700,0.00048051140145799595
2018-09-17,проектирование дома,S1_ihb,9353,0.0004856707777843811
2018-09-24,проектирование дома,S1_ihb,9688,0.0004754453507716323
2018-10-01,проектирование дома,S1_ihb,9472,0.00046020553542010315
2018-10-08,проектирование дома,S1_ihb,9947,0.0004774545761922574
2018-10-15,проектирование дома,S1_ihb,9728,0.00046642410749554047
2018-10-22,проектирование дома,S1_ihb,10432,0.000502661554624997
2018-10-29,проектирование дома,S1_ihb,10047,0.0004959269745136034
2018-11-05,проектирование дома,S1_ihb,9269,0.0004790105219645567
2018-11-12,проектирование дома,S1_ihb,9017,0.00044945363251052637
2018-11-19,проектирование дома,S1_ihb,8503,0.0004264514297607696
2018-11-26,проектирование дома,S1_ihb,8291,0.0004198996570484365
2018-12-03,проектирование дома,S1_ihb,8549,0.0004163325675731194
2018-12-10,проектирование дома,S1_ihb,7976,0.00039897328906093746
2018-12-17,проектирование дома,S1_ihb,8175,0.0004131989640696101
2018-12-24,проектирование дома,S1_ihb,5895,0.0003264351813146061
2018-12-31,проектирование дома,S1_ihb,6185,0.000386788562926974
2019-01-07,проектирование дома,S1_ihb,10367,0.0005391683446705982
2019-01-14,проектирование дома,S1_ihb,10484,0.0005031388060542719
2019-01-21,проектирование дома,S1_ihb,10997,0.0005157780898298539
2019-01-28,проектирование дома,S1_ihb,11382,0.0005414666434954591
2019-02-04,проектирование дома,S1_ihb,12058,0.0005656293702321527
2019-02-11,проектирование дома,S1_ihb,13054,0.0006210528901853048
2019-02-18,проектирование дома,S1_ihb,10278,0.0005006903049581059
2019-02-25,проектирование дома,S1_ihb,10628,0.000510235025112104
2019-03-04,проектирование дома,S1_ihb,9331,0.00048390026580598556
2019-03-11,проектирование дома,S1_ihb,11108,0.0005391828575452513
2019-03-18,проектирование дома,S1_ihb,11040,0.0005486029694939554
2019-03-25,проектирование дома,S1_ihb,10241,0.0005248372784708215
2019-04-01,проектирование дома,S1_ihb,9987,0.0005107523093384131
2019-04-08,проектирование дома,S1_ihb,10494,0.0005347850268407402
2019-04-15,проектирование дома,S1_ihb,9953,0.0005070711357731645
2019-04-22,проектирование дома,S1_ihb,8246,0.00044723999852516017
2019-04-29,проектирование дома,S1_ihb,7379,0.0004367489822252735
2019-05-06,проектирование дома,S1_ihb,7077,0.0004245041996691739
2019-05-13,проектирование дома,S1_ihb,8218,0.00043480623509855465
2019-05-20,проектирование дома,S1_ihb,8532,0.0004561953737853798
2019-05-27,проектирование дома,S1_ihb,8436,0.0004761267209100411
2019-06-03,проектирование дома,S1_ihb,7719,0.00044370250227655767
2019-06-10,проектирование дома,S1_ihb,7865,0.000463392589899877
2019-06-17,проектирование дома,S1_ihb,7519,0.0004498538055302807
2019-06-24,проектирование дома,S1_ihb,9339,0.000550022532784114
2019-07-01,проектирование дома,S1_ihb,8060,0.00048168799240349587
2019-07-08,проектирование дома,S1_ihb,7342,0.0004453670739869855
2019-07-15,проектирование дома,S1_ihb,7049,0.00042978602741980225
2019-07-22,проектирование дома,S1_ihb,7170,0.000438072509332837
2019-07-29,проектирование дома,S1_ihb,7033,0.00042342124827366665
2019-08-05,проектирование дома,S1_ihb,7683,0.0004566836578824333
2019-08-12,проектирование дома,S1_ihb,7103,0.00043132119387292084
2019-08-19,проектирование дома,S1_ihb,6835,0.00042198559755932076
2019-08-26,проектирование дома,S1_ihb,6630,0.0004081705723471378
2019-09-02,проектирование дома,S1_ihb,7336,0.0004296475222563566
2019-09-09,проектирование дома,S1_ihb,7284,0.0004022482971648902
2019-09-16,проектирование дома,S1_ihb,7763,0.00040664437570326354
2019-09-23,проектирование дома,S1_ihb,7561,0.00039182824223667255
2019-09-30,проектирование дома,S1_ihb,8132,0.00041535028199817176
2019-10-07,проектирование дома,S1_ihb,8029,0.0004034110221264811
2019-10-14,проектирование дома,S1_ihb,7554,0.00037566069249697853
2019-10-21,проектирование дома,S1_ihb,7994,0.0003982004555299639
2019-10-28,проектирование дома,S1_ihb,7636,0.00039138967702889303
2019-11-04,проектирование дома,S1_ihb,8192,0.0004073785148509604
2019-11-11,проектирование дома,S1_ihb,8612,0.00041769782685260545
2019-11-18,проектирование дома,S1_ihb,8744,0.0004110284811722288
2019-11-25,проектирование дома,S1_ihb,9448,0.0004284378027620432
2019-12-02,проектирование дома,S1_ihb,8843,0.00040810275763275686
2019-12-09,проектирование дома,S1_ihb,9623,0.00044450647467193306
2019-12-16,проектирование дома,S1_ihb,9512,0.00043905006997618974
2019-12-23,проектирование дома,S1_ihb,8823,0.0004405642781629037
2019-12-30,проектирование дома,S1_ihb,8532,0.0004873664806060015
2020-01-06,проектирование дома,S1_ihb,11418,0.0005617273540606063
2020-01-13,проектирование дома,S1_ihb,13206,0.0005698282509302676
2020-01-20,проектирование дома,S1_ihb,11963,0.0004912503058164559
2020-01-27,проектирование дома,S1_ihb,11237,0.000502013664281202
2020-02-03,проектирование дома,S1_ihb,11510,0.0005179216966669127
2020-02-10,проектирование дома,S1_ihb,11650,0.0005145992457551983
2020-02-17,проектирование дома,S1_ihb,11004,0.0004916574753995838
2020-02-24,проектирование дома,S1_ihb,10899,0.0004917906990387043
2020-03-02,проектирование дома,S1_ihb,9465,0.0004391449604964286
2020-03-09,проектирование дома,S1_ihb,10481,0.00047466794265766873
2020-03-16,проектирование дома,S1_ihb,10279,0.0004586952516515497
2020-03-23,проектирование дома,S1_ihb,10552,0.00047330716830125104
2020-03-30,проектирование дома,S1_ihb,11800,0.000500513054511918
2020-04-06,проектирование дома,S1_ihb,12878,0.00045775987581599467
2020-04-13,проектирование дома,S1_ihb,13509,0.00047227769802227535
2020-04-20,проектирование дома,S1_ihb,13771,0.0004798062331219748
2020-04-27,проектирование дома,S1_ihb,12169,0.00046753839326237566
2020-05-04,проектирование дома,S1_ihb,12877,0.0005566757171927301
2020-05-11,проектирование дома,S1_ihb,14409,0.0005492205867678202
2020-05-18,проектирование дома,S1_ihb,15160,0.0005822322087199326
2020-05-25,проектирование дома,S1_ihb,14803,0.0006450238184554959
2020-06-01,проектирование дома,S1_ihb,13680,0.0006205961996920699
2020-06-08,проектирование дома,S1_ihb,12667,0.0006223615459581472
2020-06-15,проектирование дома,S1_ihb,11416,0.0005544306657901339
2020-06-22,проектирование дома,S1_ihb,10506,0.0005231855521308825
2020-06-29,проектирование дома,S1_ihb,10544,0.0005380156701033722
2020-07-06,проектирование дома,S1_ihb,9563,0.0005039121092507463
2020-07-13,проектирование дома,S1_ihb,10025,0.0005310126775232587
2020-07-20,проектирование дома,S1_ihb,9799,0.0005172073917496409
2020-07-27,проектирование дома,S1_ihb,9154,0.0004841916025046632
2020-08-03,проектирование дома,S1_ihb,9045,0.00048068474302129694
2020-08-10,проектирование дома,S1_ihb,8815,0.0004641612920545164
2020-08-17,проектирование дома,S1_ihb,8515,0.00044663909590541043
2020-08-24,проектирование дома,S1_ihb,8600,0.00044780066553686595
2020-08-31,проектирование дома,S1_ihb,8560,0.00042799825462311764
2020-09-07,проектирование дома,S1_ihb,9442,0.0004360662086944966
2020-09-14,проектирование дома,S1_ihb,9483,0.0004198556488197186
2020-09-21,проектирование дома,S1_ihb,8941,0.0003903208210491413
2020-09-28,проектирование дома,S1_ihb,9190,0.0003981708749226568
2020-10-05,проектирование дома,S1_ihb,10075,0.00042590574739544406
2020-10-12,проектирование дома,S1_ihb,10587,0.0004318007729133502
2020-10-19,проектирование дома,S1_ihb,9903,0.0003939649679738645
2020-10-26,проектирование дома,S1_ihb,10666,0.00042452356155717614
2020-11-02,проектирование дома,S1_ihb,11739,0.00046853092635725614
2020-11-09,проектирование дома,S1_ihb,11334,0.0004220830533136825
2020-11-16,проектирование дома,S1_ihb,11619,0.0004236244131150713
2020-11-23,проектирование дома,S1_ihb,11138,0.0004009010022904434
2020-11-30,проектирование дома,S1_ihb,11014,0.00041613680790072093
2020-12-07,проектирование дома,S1_ihb,10984,0.0004217716666616441
2020-12-14,проектирование дома,S1_ihb,9846,0.00038039294212305547
2020-12-21,проектирование дома,S1_ihb,8989,0.00036397969434178964
2020-12-28,проектирование дома,S1_ihb,7158,0.0003590161879701988
2021-01-04,проектирование дома,S1_ihb,12085,0.000562471289645548
2021-01-11,проектирование дома,S1_ihb,14407,0.0005815796168076013
2021-01-18,проектирование дома,S1_ihb,14120,0.0005665216045435251
2021-01-25,проектирование дома,S1_ihb,14749,0.0005924911346882
2021-02-01,проектирование дома,S1_ihb,14669,0.0005974061326204644
2021-02-08,проектирование дома,S1_ihb,15107,0.0005966407330527335
2021-02-15,проектирование дома,S1_ihb,13848,0.000540314992333245
2021-02-22,проектирование дома,S1_ihb,13242,0.000541401480212253
2021-03-01,проектирование дома,S1_ihb,12133,0.0005013383019990537
2021-03-08,проектирование дома,S1_ihb,12832,0.0005197970296947324
2021-03-15,проектирование дома,S1_ihb,13521,0.0005386774947113929
2021-03-22,проектирование дома,S1_ihb,12752,0.0005347596679825001
2021-03-29,проектирование дома,S1_ihb,13823,0.0005604957954663154
2021-04-05,проектирование дома,S1_ihb,13558,0.0005320121636721507
2021-04-12,проектирование дома,S1_ihb,12889,0.0005159585418564862
2021-04-19,проектирование дома,S1_ihb,13585,0.0005352476188952164
2021-04-26,проектирование дома,S1_ihb,12060,0.0005061402681524678
2021-05-03,проектирование дома,S1_ihb,11871,0.0005418230891957212
2021-05-10,проектирование дома,S1_ihb,11400,0.000478667741307657
2021-05-17,проектирование дома,S1_ihb,12114,0.0004906252037538445
2021-05-24,проектирование дома,S1_ihb,12929,0.0005452953201719355
2021-05-31,проектирование дома,S1_ihb,12583,0.0005385601306644548
2021-06-07,проектирование дома,S1_ihb,12471,0.0005275232035698134
2021-06-14,проектирование дома,S1_ihb,11204,0.0004940521897348611
2021-06-21,проектирование дома,S1_ihb,10037,0.00044077979034717906
2021-06-28,проектирование дома,S1_ihb,9649,0.0004291912416497906
2021-07-05,проектирование дома,S1_ihb,9834,0.0004508549442097403
2021-07-12,проектирование дома,S1_ihb,9558,0.0004400895350786224
2021-07-19,проектирование дома,S1_ihb,10199,0.00046400071663293344
2021-07-26,проектирование дома,S1_ihb,9940,0.00044755735402691093
2021-08-02,проектирование дома,S1_ihb,10565,0.00047275333707933267
2021-08-09,проектирование дома,S1_ihb,10132,0.000452589831717854
2021-08-16,проектирование дома,S1_ihb,10154,0.00044870033248292515
2021-08-23,проектирование дома,S1_ihb,10456,0.0004537387464963485
2021-08-30,проектирование дома,S1_ihb,10621,0.0004483758107201724
2021-09-06,проектирование дома,S1_ihb,10902,0.00045455087650557273
2021-09-13,проектирование дома,S1_ihb,11224,0.00044555095243324
2021-09-20,проектирование дома,S1_ihb,11179,0.00043155899524653223
2021-09-27,проектирование дома,S1_ihb,10122,0.00040190463168782766
2021-10-04,проектирование дома,S1_ihb,9957,0.0003944994259997694
2021-10-11,проектирование дома,S1_ihb,11503,0.0004367728864380995
2021-10-18,проектирование дома,S1_ihb,11103,0.0004185437077820611
2021-10-25,проектирование дома,S1_ihb,10448,0.0004058743399027633
2021-11-01,проектирование дома,S1_ihb,11685,0.0004714857272750524
2021-11-08,проектирование дома,S1_ihb,11181,0.0004083708949334829
2021-11-15,проектирование дома,S1_ihb,11226,0.000404458664843447
2021-11-22,проектирование дома,S1_ihb,10852,0.0003924771862273847
2021-11-29,проектирование дома,S1_ihb,11892,0.0004346800704075127
2021-12-06,проектирование дома,S1_ihb,11903,0.0004309136314005386
2021-12-13,проектирование дома,S1_ihb,11414,0.0004097961465083968
2021-12-20,проектирование дома,S1_ihb,10372,0.0003792823417289052
2021-12-27,проектирование дома,S1_ihb,7621,0.0003344699873725357
2022-01-03,проектирование дома,S1_ihb,12120,0.000515096713734476
2022-01-10,проектирование дома,S1_ihb,14591,0.0005302298192355879
2022-01-17,проектирование дома,S1_ihb,15278,0.0005373757479192441
2022-01-24,проектирование дома,S1_ihb,15878,0.000544756096452088
2022-01-31,проектирование дома,S1_ihb,16604,0.0005597758906542648
2022-02-07,проектирование дома,S1_ihb,15961,0.0005259714823693003
2022-02-14,проектирование дома,S1_ihb,14636,0.0004934957136808703
2022-02-21,проектирование дома,S1_ihb,11601,0.0004079559522689609
2022-02-28,проектирование дома,S1_ihb,10508,0.00036326319514881015
2022-03-07,проектирование дома,S1_ihb,9844,0.0003514361182606372
2022-03-14,проектирование дома,S1_ihb,11446,0.00039093886556152265
2022-03-21,проектирование дома,S1_ihb,12575,0.0004406568240058646
2022-03-28,проектирование дома,S1_ihb,13546,0.0004738433624406048
2022-04-04,проектирование дома,S1_ihb,12708,0.0004441121457983634
2022-04-11,проектирование дома,S1_ihb,12157,0.00043244395993867897
2022-04-18,проектирование дома,S1_ihb,12560,0.0004513245088815426
2022-04-25,проектирование дома,S1_ihb,11006,0.0004129164776290061
2022-05-02,проектирование дома,S1_ihb,10490,0.000417096667054768
2022-05-09,проектирование дома,S1_ihb,12170,0.0004485965484289317
2022-05-16,проектирование дома,S1_ihb,12851,0.0004504763051498364
2022-05-23,проектирование дома,S1_ihb,13132,0.0004783158768095609
2022-05-30,проектирование дома,S1_ihb,12142,0.0004750458014067467
2022-06-06,проектирование дома,S1_ihb,11811,0.0004762227583299958
2022-06-13,проектирование дома,S1_ihb,11409,0.00046128090838168015
2022-06-20,проектирование дома,S1_ihb,11454,0.00044841397971978055
2022-06-27,проектирование дома,S1_ihb,9948,0.0004146381474102952
2022-07-04,проектирование дома,S1_ihb,9923,0.0004227881496986892
2022-07-11,проектирование дома,S1_ihb,10547,0.00044246893974915974
2022-07-18,проектирование дома,S1_ihb,10288,0.0004334574754616144
2022-07-25,проектирование дома,S1_ihb,10149,0.00042765123637575174
2022-08-01,проектирование дома,S1_ihb,10330,0.00043614957643916543
2022-08-08,проектирование дома,S1_ihb,13559,0.0005688253633956188
2022-08-15,проектирование дома,S1_ihb,11512,0.0004717178875045551
2022-08-22,проектирование дома,S1_ihb,13879,0.0005656822169027634
2022-08-29,проектирование дома,S1_ihb,13464,0.0005308170203227377
2022-09-05,проектирование дома,S1_ihb,12983,0.0004775753539815064
2022-09-12,проектирование дома,S1_ihb,10546,0.00038365792905960223
2022-09-19,проектирование дома,S1_ihb,8568,0.0003068668587641264
2022-09-26,проектирование дома,S1_ihb,7084,0.00025941350681143115
2022-10-03,проектирование дома,S1_ihb,8513,0.0003109252075834003
2022-10-10,проектирование дома,S1_ihb,8634,0.0003122119557456252
2022-10-17,проектирование дома,S1_ihb,10363,0.0003554070638343657
2022-10-24,проектирование дома,S1_ihb,9787,0.00034514340185006924
2022-10-31,проектирование дома,S1_ihb,10119,0.0003645373737138461
2022-11-07,проектирование дома,S1_ihb,10077,0.0003492145561122913
2022-11-14,проектирование дома,S1_ihb,11045,0.00036620842023965604
2022-11-21,проектирование дома,S1_ihb,11698,0.00038986674162470777
2022-11-28,проектирование дома,S1_ihb,11248,0.0003766244789323489
2022-12-05,проектирование дома,S1_ihb,11188,0.0003753288682082474
2022-12-12,проектирование дома,S1_ihb,10536,0.0003570025420065113
2022-12-19,проектирование дома,S1_ihb,9812,0.0003373774142543551
2022-12-26,проектирование дома,S1_ihb,6971,0.00028856469091321206
2023-01-02,проектирование дома,S1_ihb,11361,0.0004645267684390558
2023-01-09,проектирование дома,S1_ihb,14952,0.0005242051093975412
2023-01-16,проектирование дома,S1_ihb,14989,0.0005136379233381559
2023-01-23,проектирование дома,S1_ihb,15790,0.0005414043825877635
2023-01-30,проектирование дома,S1_ihb,15345,0.000529263458273928
2023-02-06,проектирование дома,S1_ihb,15873,0.0005475615271375292
2023-02-13,проектирование дома,S1_ihb,14948,0.0005174500304125647
2023-02-20,проектирование дома,S1_ihb,13690,0.0005012048941859065
2023-02-27,проектирование дома,S1_ihb,14469,0.0005007838473397686
2023-03-06,проектирование дома,S1_ihb,13321,0.0004837284506977741
2023-03-13,проектирование дома,S1_ihb,14518,0.0005061294721170742
2023-03-20,проектирование дома,S1_ihb,14076,0.000507414751806432
2023-03-27,проектирование дома,S1_ihb,13949,0.0005080313480858061
2023-04-03,проектирование дома,S1_ihb,13313,0.0004831820913079001
2023-04-10,проектирование дома,S1_ihb,12598,0.0004646455048972308
2023-04-17,проектирование дома,S1_ihb,12348,0.00045676088219401956
2023-04-24,проектирование дома,S1_ihb,11837,0.00044656861203803966
2023-05-01,проектирование дома,S1_ihb,11278,0.0004429356033509394
2023-05-08,проектирование дома,S1_ihb,11180,0.00044351506677648534
2023-05-15,проектирование дома,S1_ihb,11858,0.00045357557120800305
2023-05-22,проектирование дома,S1_ihb,12164,0.000483687953798432
2023-05-29,проектирование дома,S1_ihb,11731,0.00047767143544548337
2023-06-05,проектирование дома,S1_ihb,10676,0.000442778518333421
2023-06-12,проектирование дома,S1_ihb,10632,0.0004521972508123731
2023-06-19,проектирование дома,S1_ihb,10621,0.0004423415080558162
2023-06-26,проектирование дома,S1_ihb,10324,0.00044101667937341345
2023-07-03,проектирование дома,S1_ihb,10051,0.00044348704172230026
2023-07-10,проектирование дома,S1_ihb,10572,0.0004587572541967176
2023-07-17,проектирование дома,S1_ihb,10036,0.00043981013345703693
2023-07-24,проектирование дома,S1_ihb,10607,0.0004610258780349333
2023-07-31,проектирование дома,S1_ihb,9448,0.0004198826479195595
2023-08-07,проектирование дома,S1_ihb,10332,0.0004495898579316283
2023-08-14,проектирование дома,S1_ihb,10611,0.00046975949773773144
2023-08-21,проектирование дома,S1_ihb,10406,0.0004632586371755998
2023-08-28,проектирование дома,S1_ihb,9970,0.00044464762754801935
2023-09-04,проектирование дома,S1_ihb,10246,0.0004182274217954805
2023-09-11,проектирование дома,S1_ihb,10242,0.0004040420617175236
2023-09-18,проектирование дома,S1_ihb,10470,0.00040408688005472815
2023-09-25,проектирование дома,S1_ihb,11044,0.0004211745288441742
2023-10-02,проектирование дома,S1_ihb,10991,0.00041513646582254414
2023-10-09,проектирование дома,S1_ihb,11006,0.0004085348115870392
2023-10-16,проектирование дома,S1_ihb,10776,0.00039076956423886864
2023-10-23,проектирование дома,S1_ihb,10918,0.00040354646584238026
2023-10-30,проектирование дома,S1_ihb,10512,0.0004114081324149198
2023-11-06,проектирование дома,S1_ihb,11943,0.00044658987438293244
2023-11-13,проектирование дома,S1_ihb,11329,0.0004088619877662639
2023-11-20,проектирование дома,S1_ihb,10699,0.00038159020601211363
2023-11-27,проектирование дома,S1_ihb,10472,0.0003699012743177317
2023-12-04,проектирование дома,S1_ihb,10450,0.0003653423705652743
2023-12-11,проектирование дома,S1_ihb,9549,0.00034010446283822427
2023-12-18,проектирование дома,S1_ihb,9352,0.00034052508822956975
2023-12-25,проектирование дома,S1_ihb,7157,0.00029896020879137034
2024-01-01,проектирование дома,S1_ihb,10933,0.00046594466447642645
2024-01-08,проектирование дома,S1_ihb,13971,0.0005150322821670436
2024-01-15,проектирование дома,S1_ihb,14002,0.0004927673555812377
2024-01-22,проектирование дома,S1_ihb,14357,0.0005025039653239965
2024-01-29,проектирование дома,S1_ihb,14887,0.0005370079013233094
2024-02-05,проектирование дома,S1_ihb,14248,0.0005254956895393596
2024-02-12,проектирование дома,S1_ihb,15016,0.0005538124848114871
2024-02-19,проектирование дома,S1_ihb,12828,0.0004937151474217304
2024-02-26,проектирование дома,S1_ihb,13363,0.0004644398210224307
2024-03-04,проектирование дома,S1_ihb,11638,0.0004320375945022842
2024-03-11,проектирование дома,S1_ihb,11678,0.0004462052721182565
2024-03-18,проектирование дома,S1_ihb,10890,0.0004191225729206425
2024-03-25,проектирование дома,S1_ihb,10465,0.0004222044913011575
2024-04-01,проектирование дома,S1_ihb,11207,0.00043485415994507474
2024-04-08,проектирование дома,S1_ihb,10969,0.00043083636366561475
2024-04-15,проектирование дома,S1_ihb,11270,0.0004383857814458215
2024-04-22,проектирование дома,S1_ihb,10525,0.00041282291111067657
2024-04-29,проектирование дома,S1_ihb,10434,0.00045482071927757347
2024-05-06,проектирование дома,S1_ihb,10137,0.0004219353965861011
2024-05-13,проектирование дома,S1_ihb,10425,0.0004171883775737604
2024-05-20,проектирование дома,S1_ihb,9501,0.00040383033064365106
2024-05-27,проектирование дома,S1_ihb,8472,0.0003732924609460674
2024-06-03,проектирование дома,S1_ihb,8722,0.0003879243598005945
2024-06-10,проектирование дома,S1_ihb,8637,0.0003954819839606253
2024-06-17,проектирование дома,S1_ihb,8142,0.0003667851434485817
2024-06-24,проектирование дома,S1_ihb,6966,0.00032787122573416577
2024-07-01,проектирование дома,S1_ihb,6853,0.0003251945032668744
2024-07-08,проектирование дома,S1_ihb,6731,0.00032627240093612155
2024-07-15,проектирование дома,S1_ihb,7003,0.00033804113074403926
2024-07-22,проектирование дома,S1_ihb,7663,0.0003634497570885706
2024-07-29,проектирование дома,S1_ihb,7744,0.0003642477374542948
2024-08-05,проектирование дома,S1_ihb,7074,0.0003292710006932188
2024-08-12,проектирование дома,S1_ihb,7059,0.0003389550145300637
2024-08-19,проектирование дома,S1_ihb,7004,0.0003328787159345163
2024-08-26,проектирование дома,S1_ihb,7495,0.00035332761275107337
2024-09-02,проектирование дома,S1_ihb,7197,0.0003354064327877968
2024-09-09,проектирование дома,S1_ihb,7529,0.00032664980882059604
2024-09-16,проектирование дома,S1_ihb,7772,0.00032567144263152863
2024-09-23,проектирование дома,S1_ihb,7715,0.0003160690403890505
2024-09-30,проектирование дома,S1_ihb,8053,0.0003223681275214368
2024-10-07,проектирование дома,S1_ihb,8553,0.00032981111743911264
2024-10-14,проектирование дома,S1_ihb,7962,0.0003261118393647493
2024-10-21,проектирование дома,S1_ihb,9094,0.0003517330909509945
2024-10-28,проектирование дома,S1_ihb,10101,0.000401587183232097
2024-11-04,проектирование дома,S1_ihb,9831,0.0003696573368422391
2024-11-11,проектирование дома,S1_ihb,10453,0.0003805000092853578
2024-11-18,проектирование дома,S1_ihb,10131,0.0003800553071593656
2024-11-25,проектирование дома,S1_ihb,11016,0.00038243871193896104
2024-12-02,проектирование дома,S1_ihb,10102,0.000366659410122936
2024-12-09,проектирование дома,S1_ihb,9993,0.00036062045451819714
2024-12-16,проектирование дома,S1_ihb,10774,0.00037714227127765725
2024-12-23,проектирование дома,S1_ihb,8929,0.00033409259370584656
2024-12-30,проектирование дома,S1_ihb,7520,0.00034777270432897805
2025-01-06,проектирование дома,S1_ihb,12095,0.0004848056053119068
2025-01-13,проектирование дома,S1_ihb,13234,0.0004743931166538101
2025-01-20,проектирование дома,S1_ihb,13316,0.00046525954333467677
2025-01-27,проектирование дома,S1_ihb,13306,0.0004608966699198619
2025-02-03,проектирование дома,S1_ihb,13454,0.0004635126080657433
2025-02-10,проектирование дома,S1_ihb,13188,0.0004597612953937513
2025-02-17,проектирование дома,S1_ihb,11639,0.0004136934906945413
2025-02-24,проектирование дома,S1_ihb,11038,0.0003952423147863101
2025-03-03,проектирование дома,S1_ihb,10423,0.00038516162756730907
2025-03-10,проектирование дома,S1_ihb,11055,0.00039599251023312345
2025-03-17,проектирование дома,S1_ihb,11665,0.0004238365515254802
2025-03-24,проектирование дома,S1_ihb,10857,0.00041475927746106915
2025-03-31,проектирование дома,S1_ihb,10757,0.00039821238805237116
2025-04-07,проектирование дома,S1_ihb,11052,0.0004086185494659894
2025-04-14,проектирование дома,S1_ihb,9684,0.0003721441618971535
2025-04-21,проектирование дома,S1_ihb,9313,0.00035291245155791556
2025-04-28,проектирование дома,S1_ihb,8605,0.0003545364966698774
2025-05-05,проектирование дома,S1_ihb,8231,0.00034674418093302617
2025-05-12,проектирование дома,S1_ihb,10006,0.00038791499607913345
2025-05-19,проектирование дома,S1_ihb,8714,0.00036106744205136054
2025-05-26,проектирование дома,S1_ihb,8442,0.00036234928782185417
2025-06-02,проектирование дома,S1_ihb,8371,0.0003630243659235303
2025-06-09,проектирование дома,S1_ihb,8237,0.0003467130018238152
2025-06-16,проектирование дома,S1_ihb,9495,0.00037788600271048496
2025-06-23,проектирование дома,S1_ihb,8946,0.0003600707423815122
2025-06-30,проектирование дома,S1_ihb,8693,0.00035934480798812605
2025-07-07,проектирование дома,S1_ihb,8215,0.00034573995175883506
2025-07-14,проектирование дома,S1_ihb,8476,0.0003572410484564523
2025-07-21,проектирование дома,S1_ihb,8464,0.0003560810495126122
2025-07-28,проектирование дома,S1_ihb,8586,0.00036225141364816993
2025-08-04,проектирование дома,S1_ihb,8442,0.00035413793349330384
2025-08-11,проектирование дома,S1_ihb,8521,0.00036073057374111394
2025-08-18,проектирование дома,S1_ihb,8353,0.000355332116980407
2025-08-25,проектирование дома,S1_ihb,8423,0.0003582819828081221
2025-09-01,проектирование дома,S1_ihb,7885,0.00032503253631337696
2025-09-08,проектирование дома,S1_ihb,8153,0.00032087446818008646
2025-09-15,проектирование дома,S1_ihb,7812,0.00030534539131235117
2025-09-22,проектирование дома,S1_ihb,8117,0.00031149377905899834
2025-09-29,проектирование дома,S1_ihb,7914,0.00030548973790604057
2025-10-06,проектирование дома,S1_ihb,8359,0.00031854902529443967
2025-10-13,проектирование дома,S1_ihb,8312,0.00030312452861414355
2025-10-20,проектирование дома,S1_ihb,8139,0.0003003476501355417
2025-10-27,проектирование дома,S1_ihb,8434,0.0003233002278729945
2025-11-03,проектирование дома,S1_ihb,8095,0.0003093383821311122
2025-11-10,проектирование дома,S1_ihb,8368,0.00030758119619059396
2025-11-17,проектирование дома,S1_ihb,7900,0.00028566716354672925
2025-11-24,проектирование дома,S1_ihb,7578,0.00027057388380126793
2025-12-01,проектирование дома,S1_ihb,7214,0.0002583942445350504
2025-12-08,проектирование дома,S1_ihb,6617,0.00024267407288230763
2025-12-15,проектирование дома,S1_ihb,6170,0.0002368282921818043
2025-12-22,проектирование дома,S1_ihb,5487,0.00022957471626061884
2025-12-29,проектирование дома,S1_ihb,3991,0.00019818012654666597
2026-01-05,проектирование дома,S1_ihb,6366,0.00029920962072541924
2026-01-12,проектирование дома,S1_ihb,7908,0.0003255022749126784
2026-01-19,проектирование дома,S1_ihb,9438,0.00037592695209884286
2026-01-26,проектирование дома,S1_ihb,8529,0.0003453608140827131
2026-02-02,проектирование дома,S1_ihb,8075,0.0003288371130128336
2026-02-09,проектирование дома,S1_ihb,7287,0.0003038790843180151
2026-02-16,проектирование дома,S1_ihb,6408,0.00027896903777503197
2026-02-23,проектирование дома,S1_ihb,6438,0.00028545302227983056
2026-03-02,проектирование дома,S1_ihb,5717,0.000260182848077106
2026-03-09,проектирование дома,S1_ihb,7747,0.0003129611483227496
2026-03-16,проектирование дома,S1_ihb,8972,0.00034201768485771103
2026-03-23,проектирование дома,S1_ihb,9049,0.00034792788617550086
2026-03-30,проектирование дома,S1_ihb,8379,0.0003284867594220337
2026-04-06,проектирование дома,S1_ihb,9030,0.00034134878933635875
2026-04-13,проектирование дома,S1_ihb,8523,0.00032117198594682975
2026-04-20,проектирование дома,S1_ihb,8371,0.00031627048070071264
2026-04-27,проектирование дома,S1_ihb,7326,0.0002952622129786547
2026-05-04,проектирование дома,S1_ihb,7097,0.00030650160551388554
2026-05-11,проектирование дома,S1_ihb,7181,0.0002973807541357931
2026-05-18,проектирование дома,S1_ihb,6512,0.000268745424299116
2026-05-25,проектирование дома,S1_ihb,6929,0.00028563882813704717
2026-06-01,проектирование дома,S1_ihb,6910,0.0002873385130839392
2026-06-08,проектирование дома,S1_ihb,6138,0.0002563486999320162
2026-06-15,проектирование дома,S1_ihb,6481,0.00026595774355936695
2026-06-22,проектирование дома,S1_ihb,5824,0.00023835017801392174
2026-06-29,проектирование дома,S1_ihb,5138,0.00021716803543316032
2026-07-06,проектирование дома,S1_ihb,5813,0.00023996113896021878
2026-07-13,проектирование дома,S1_ihb,5625,0.00021857578158680617
2026-07-20,проектирование дома,S1_ihb,6107,0.00022876931293006498
2026-07-27,проектирование дома,S1_ihb,5860,0.00022675728616850503
2026-08-03,проектирование дома,S1_ihb,5597,0.00022066177719908803
2026-08-10,проектирование дома,S1_ihb,5807,0.00022539001512281225
2026-08-17,проектирование дома,S1_ihb,5818,0.00022757463063387704
2018-01-01,смета на строительство,S1_ihb,1182,8.04261531732676e-05
2018-01-08,смета на строительство,S1_ihb,2180,0.00012605249926658115
2018-01-15,смета на строительство,S1_ihb,2420,0.00013110839163773624
2018-01-22,смета на строительство,S1_ihb,2791,0.00014721102204735858
2018-01-29,смета на строительство,S1_ihb,2967,0.00015704493253850685
2018-02-05,смета на строительство,S1_ihb,3028,0.0001569680461117917
2018-02-12,смета на строительство,S1_ihb,2922,0.00015500523628854195
2018-02-19,смета на строительство,S1_ihb,2542,0.00012983467033377252
2018-02-26,смета на строительство,S1_ihb,3051,0.00015072403416929367
2018-03-05,смета на строительство,S1_ihb,2201,0.00011926518098270944
2018-03-12,смета на строительство,S1_ihb,3230,0.0001631315239664494
2018-03-19,смета на строительство,S1_ihb,3220,0.00017100558963368577
2018-03-26,смета на строительство,S1_ihb,3171,0.0001721542333283536
2018-04-02,смета на строительство,S1_ihb,2910,0.0001641168911875786
2018-04-09,смета на строительство,S1_ihb,3430,0.00019403134862336263
2018-04-16,смета на строительство,S1_ihb,2994,0.00016760890967335907
2018-04-23,смета на строительство,S1_ihb,3198,0.00017765053086633755
2018-04-30,смета на строительство,S1_ihb,2197,0.0001390335770113305
2018-05-07,смета на строительство,S1_ihb,2720,0.00016214875118438784
2018-05-14,смета на строительство,S1_ihb,3193,0.0001821758294397334
2018-05-21,смета на строительство,S1_ihb,3267,0.00019504570488629384
2018-05-28,смета на строительство,S1_ihb,3238,0.0001927314331548892
2018-06-04,смета на строительство,S1_ihb,3319,0.0001966572364120004
2018-06-11,смета на строительство,S1_ihb,2724,0.00017354779147008337
2018-06-18,смета на строительство,S1_ihb,2903,0.00017755469888862226
2018-06-25,смета на строительство,S1_ihb,2533,0.00015807071098990788
2018-07-02,смета на строительство,S1_ihb,2504,0.00015664824239980748
2018-07-09,смета на строительство,S1_ihb,2352,0.00015340984172610095
2018-07-16,смета на строительство,S1_ihb,2585,0.00016500095405658032
2018-07-23,смета на строительство,S1_ihb,2549,0.00016091594380429145
2018-07-30,смета на строительство,S1_ihb,2647,0.00016672235132314975
2018-08-06,смета на строительство,S1_ihb,2488,0.00015632233088598492
2018-08-13,смета на строительство,S1_ihb,2526,0.00015720237994545417
2018-08-20,смета на строительство,S1_ihb,2172,0.0001389859893336943
2018-08-27,смета на строительство,S1_ihb,2236,0.00013870851724135362
2018-09-03,смета на строительство,S1_ihb,2267,0.0001297616250842677
2018-09-10,смета на строительство,S1_ihb,2131,0.00011769767775942407
2018-09-17,смета на строительство,S1_ihb,2536,0.00013168620682788308
2018-09-24,смета на строительство,S1_ihb,2682,0.00013162101886555715
2018-10-01,смета на строительство,S1_ihb,2456,0.00011932694203882741
2018-10-08,смета на строительство,S1_ihb,2681,0.00012868761624323336
2018-10-15,смета на строительство,S1_ihb,2478,0.00011881156850061155
2018-10-22,смета на строительство,S1_ihb,2876,0.000138578856508962
2018-10-29,смета на строительство,S1_ihb,2209,0.0001090377910521101
2018-11-05,смета на строительство,S1_ihb,2145,0.00011085096230596333
2018-11-12,смета на строительство,S1_ihb,2241,0.00011170296001509255
2018-11-19,смета на строительство,S1_ihb,2251,0.00011289452762454337
2018-11-26,смета на строительство,S1_ihb,2089,0.00010579789935763886
2018-12-03,смета на строительство,S1_ihb,2314,0.00011269078972560512
2018-12-10,смета на строительство,S1_ihb,2155,0.00010779682020139423
2018-12-17,смета на строительство,S1_ihb,1961,9.911720716091809e-05
2018-12-24,смета на строительство,S1_ihb,1523,8.433601037186516e-05
2018-12-31,смета на строительство,S1_ihb,803,5.021684980280681e-05
2019-01-07,смета на строительство,S1_ihb,1919,9.980361275420834e-05
2019-01-14,смета на строительство,S1_ihb,2487,0.00011935389266090943
2019-01-21,смета на строительство,S1_ihb,2753,0.00012912040386483473
2019-01-28,смета на строительство,S1_ihb,2824,0.00013434385883247027
2019-02-04,смета на строительство,S1_ihb,2964,0.000139038435343183
2019-02-11,смета на строительство,S1_ihb,2918,0.00013882582607328934
2019-02-18,смета на строительство,S1_ihb,2756,0.0001342578790099766
2019-02-25,смета на строительство,S1_ihb,3137,0.00015060286731056362
2019-03-04,смета на строительство,S1_ihb,2541,0.00013177479106344544
2019-03-11,смета на строительство,S1_ihb,3320,0.00016115296066350688
2019-03-18,смета на строительство,S1_ihb,3174,0.00015772335372951217
2019-03-25,смета на строительство,S1_ihb,3194,0.00016368814250911082
2019-04-01,смета на строительство,S1_ihb,3225,0.00016493203140246143
2019-04-08,смета на строительство,S1_ihb,3287,0.00016750889872551108
2019-04-15,смета на строительство,S1_ihb,2877,0.00014657326008433582
2019-04-22,смета на строительство,S1_ihb,2910,0.00015783026870097214
2019-04-29,смета на строительство,S1_ihb,1948,0.00011529841677393044
2019-05-06,смета на строительство,S1_ihb,2056,0.00012332635785217207
2019-05-13,смета на строительство,S1_ihb,3001,0.00015877993569369218
2019-05-20,смета на строительство,S1_ihb,2829,0.000151263093347262
2019-05-27,смета на строительство,S1_ihb,3110,0.00017552798743838643
2019-06-03,смета на строительство,S1_ihb,3031,0.00017422752745177437
2019-06-10,смета на строительство,S1_ihb,2719,0.00016019891315165486
2019-06-17,смета на строительство,S1_ihb,2870,0.0001717090599643444
2019-06-24,смета на строительство,S1_ihb,2492,0.00014676690777363873
2019-07-01,смета на строительство,S1_ihb,2473,0.0001477933505228096
2019-07-08,смета на строительство,S1_ihb,2420,0.00014679764628827363
2019-07-15,смета на строительство,S1_ihb,2229,0.0001359048170121633
2019-07-22,смета на строительство,S1_ihb,2396,0.00014639075765153102
2019-07-29,смета на строительство,S1_ihb,2349,0.00014142137241502102
2019-08-05,смета на строительство,S1_ihb,2259,0.00013427676469561587
2019-08-12,смета на строительство,S1_ihb,2256,0.00013699290628992107
2019-08-19,смета на строительство,S1_ihb,2233,0.00013786303428675394
2019-08-26,смета на строительство,S1_ihb,1994,0.00012275899264859618
2019-09-02,смета на строительство,S1_ihb,2151,0.00012597762000728232
2019-09-09,смета на строительство,S1_ihb,2294,0.00012668281077653185
2019-09-16,смета на строительство,S1_ihb,2389,0.00012514149343747217
2019-09-23,смета на строительство,S1_ihb,2427,0.00012577266815347234
2019-09-30,смета на строительство,S1_ihb,2505,0.00012794545701001232
2019-10-07,смета на строительство,S1_ihb,2512,0.0001262135368765376
2019-10-14,смета на строительство,S1_ihb,2377,0.0001182082957460045
2019-10-21,смета на строительство,S1_ihb,2515,0.00012527822687739045
2019-10-28,смета на строительство,S1_ihb,2111,0.0001082011011272909
2019-11-04,смета на строительство,S1_ihb,2260,0.00011238713910683234
2019-11-11,смета на строительство,S1_ihb,2487,0.00012062407052745354
2019-11-18,смета на строительство,S1_ihb,2795,0.00013138433267113217
2019-11-25,смета на строительство,S1_ihb,3202,0.00014520087261262303
2019-12-02,смета на строительство,S1_ihb,3243,0.00014966382935689592
2019-12-09,смета на строительство,S1_ihb,3707,0.00017123407478009518
2019-12-16,смета на строительство,S1_ihb,3972,0.0001833375607596116
2019-12-23,смета на строительство,S1_ihb,3422,0.00017087282782199438
2019-12-30,смета на строительство,S1_ihb,2367,0.00013520821139174934
2020-01-06,смета на строительство,S1_ihb,3199,0.0001573800845717183
2020-01-13,смета на строительство,S1_ihb,4324,0.00018657711320782048
2020-01-20,смета на строительство,S1_ihb,3538,0.00014528492702320663
2020-01-27,смета на строительство,S1_ihb,3610,0.0001612769714385636
2020-02-03,смета на строительство,S1_ihb,3900,0.00017549040981763335
2020-02-10,смета на строительство,S1_ihb,3811,0.00016833800219511253
2020-02-17,смета на строительство,S1_ihb,3627,0.0001620539497704735
2020-02-24,смета на строительство,S1_ihb,3513,0.00015851552672015487
2020-03-02,смета на строительство,S1_ihb,3413,0.0001583520074140846
2020-03-09,смета на строительство,S1_ihb,3406,0.0001542523626268505
2020-03-16,смета на строительство,S1_ihb,3657,0.00016319180224629997
2020-03-23,смета на строительство,S1_ihb,3131,0.0001404401766443534
2020-03-30,смета на строительство,S1_ihb,2861,0.00012135320753886422
2020-04-06,смета на строительство,S1_ihb,3471,0.00012337975842190691
2020-04-13,смета на строительство,S1_ihb,3257,0.00011386545728466583
2020-04-20,смета на строительство,S1_ihb,3650,0.00012717251840063958
2020-04-27,смета на строительство,S1_ihb,3329,0.00012790166087356795
2020-05-04,смета на строительство,S1_ihb,3850,0.00016643639909854865
2020-05-11,смета на строительство,S1_ihb,4424,0.0001686273770463486
2020-05-18,смета на строительство,S1_ihb,4375,0.0001680254560125135
2020-05-25,смета на строительство,S1_ihb,4446,0.00019372937221192563
2020-06-01,смета на строительство,S1_ihb,4481,0.00020328154757457353
2020-06-08,смета на строительство,S1_ihb,4183,0.00020552130312962257
2020-06-15,смета на строительство,S1_ihb,3904,0.0001896020777194011
2020-06-22,смета на строительство,S1_ihb,3734,0.00018594849149597515
2020-06-29,смета на строительство,S1_ihb,3051,0.00015567961015604975
2020-07-06,смета на строительство,S1_ihb,3428,0.0001806348123508897
2020-07-13,смета на строительство,S1_ihb,3163,0.00016754045875372244
2020-07-20,смета на строительство,S1_ihb,2872,0.0001515888997964046
2020-07-27,смета на строительство,S1_ihb,2918,0.0001543446685720567
2020-08-03,смета на строительство,S1_ihb,2927,0.00015555160230219304
2020-08-10,смета на строительство,S1_ihb,2709,0.0001426446897533392
2020-08-17,смета на строительство,S1_ihb,2819,0.0001478656032128423
2020-08-24,смета на строительство,S1_ihb,2692,0.000140172022282005
2020-08-31,смета на строительство,S1_ihb,2718,0.00013589944580206002
2020-09-07,смета на строительство,S1_ihb,2912,0.00013448684597737494
2020-09-14,смета на строительство,S1_ihb,2740,0.00012131229334240526
2020-09-21,смета на строительство,S1_ihb,2697,0.00011773797722509048
2020-09-28,смета на строительство,S1_ihb,2611,0.00011312558807650236
2020-10-05,смета на строительство,S1_ihb,3058,0.00012927243429630453
2020-10-12,смета на строительство,S1_ihb,2853,0.00011636229386245281
2020-10-19,смета на строительство,S1_ihb,3000,0.00011934715782304286
2020-10-26,смета на строительство,S1_ihb,3155,0.00012557395806421252
2020-11-02,смета на строительство,S1_ihb,2969,0.00011849972913831616
2020-11-09,смета на строительство,S1_ihb,3181,0.00011846181335722816
2020-11-16,смета на строительство,S1_ihb,3288,0.00011987925555747951
2020-11-23,смета на строительство,S1_ihb,3200,0.00011518075124164291
2020-11-30,смета на строительство,S1_ihb,3151,0.00011905275846151915
2020-12-07,смета на строительство,S1_ihb,3092,0.00011872887776017878
2020-12-14,смета на строительство,S1_ihb,2729,0.0001054329005742249
2020-12-21,смета на строительство,S1_ihb,2607,0.00010556180477795589
2020-12-28,смета на строительство,S1_ihb,1397,7.006784221770994e-05
2021-01-04,смета на строительство,S1_ihb,2074,9.653003348985244e-05
2021-01-11,смета на строительство,S1_ihb,3426,0.0001383002545417396
2021-01-18,смета на строительство,S1_ihb,4102,0.00016458014318962747
2021-01-25,смета на строительство,S1_ihb,4355,0.00017494737891159476
2021-02-01,смета на строительство,S1_ihb,4827,0.00019658323008787113
2021-02-08,смета на строительство,S1_ihb,4561,0.00018013360584189563
2021-02-15,смета на строительство,S1_ihb,3869,0.0001509588897557283
2021-02-22,смета на строительство,S1_ihb,3475,0.00014207598125189392
2021-03-01,смета на строительство,S1_ihb,3776,0.00015602517335765493
2021-03-08,смета на строительство,S1_ihb,3672,0.0001487449106171335
2021-03-15,смета на строительство,S1_ihb,4223,0.0001682445869511288
2021-03-22,смета на строительство,S1_ihb,4021,0.00016862206908387962
2021-03-29,смета на строительство,S1_ihb,4348,0.0001763029529543181
2021-04-05,смета на строительство,S1_ihb,4250,0.00016676882251118457
2021-04-12,смета на строительство,S1_ihb,4044,0.00016188504486520523
2021-04-19,смета на строительство,S1_ihb,4502,0.00017737834230888958
2021-04-26,смета на строительство,S1_ihb,3955,0.00016598546936509204
2021-05-03,смета на строительство,S1_ihb,3006,0.00013720160105486798
2021-05-10,смета на строительство,S1_ihb,3527,0.00014809308101685145
2021-05-17,смета на строительство,S1_ihb,4611,0.00018674862262745392
2021-05-24,смета на строительство,S1_ihb,4155,0.00017524186366419615
2021-05-31,смета на строительство,S1_ihb,4258,0.00018224501600327812
2021-06-07,смета на строительство,S1_ihb,4076,0.00017241476848292516
2021-06-14,смета на строительство,S1_ihb,3701,0.00016319949609146025
2021-06-21,смета на строительство,S1_ihb,3458,0.00015185977035175305
2021-06-28,смета на строительство,S1_ihb,3085,0.00013722198989424853
2021-07-05,смета на строительство,S1_ihb,2937,0.00013465130884116405
2021-07-12,смета на строительство,S1_ihb,2776,0.00012781842952273026
2021-07-19,смета на строительство,S1_ihb,3117,0.00014180706282428216
2021-07-26,смета на строительство,S1_ihb,2981,0.0001342221803173261
2021-08-02,смета на строительство,S1_ihb,3067,0.0001372394211852639
2021-08-09,смета на строительство,S1_ihb,3051,0.00013628618008006046
2021-08-16,смета на строительство,S1_ihb,2788,0.00012320036704376554
2021-08-23,смета на строительство,S1_ihb,2833,0.00012293820474599802
2021-08-30,смета на строительство,S1_ihb,2933,0.0001238194381736433
2021-09-06,смета на строительство,S1_ihb,3071,0.00012804308766727336
2021-09-13,смета на строительство,S1_ihb,2691,0.00010682266687436286
2021-09-20,смета на строительство,S1_ihb,2807,0.00010836265315833402
2021-09-27,смета на строительство,S1_ihb,2556,0.00010148866218080295
2021-10-04,смета на строительство,S1_ihb,2771,0.00010978787882347704
2021-10-11,смета на строительство,S1_ihb,2761,0.00010483612444193626
2021-10-18,смета на строительство,S1_ihb,2695,0.00010159193843759837
2021-10-25,смета на строительство,S1_ihb,2843,0.00011044226151833423
2021-11-01,смета на строительство,S1_ihb,2263,9.131127093054717e-05
2021-11-08,смета на строительство,S1_ihb,3078,0.00011241978486765589
2021-11-15,смета на строительство,S1_ihb,2943,0.00010603258958081816
2021-11-22,смета на строительство,S1_ihb,2831,0.00010238692537870679
2021-11-29,смета на строительство,S1_ihb,2938,0.00010739068675220925
2021-12-06,смета на строительство,S1_ihb,2972,0.00010759264996407637
2021-12-13,смета на строительство,S1_ihb,2919,0.00010480067913597426
2021-12-20,смета на строительство,S1_ihb,2681,9.803856133582674e-05
2021-12-27,смета на строительство,S1_ihb,1609,7.061569474903687e-05
2022-01-03,смета на строительство,S1_ihb,1923,8.17269785900493e-05
2022-01-10,смета на строительство,S1_ihb,3109,0.00011297954273205693
2022-01-17,смета на строительство,S1_ihb,3278,0.0001152976634166306
2022-01-24,смета на строительство,S1_ihb,3527,0.00012100735307888366
2022-01-31,смета на строительство,S1_ihb,3745,0.00012625636656831015
2022-02-07,смета на строительство,S1_ihb,3637,0.0001198520319138616
2022-02-14,смета на строительство,S1_ihb,3671,0.00012377854365417293
2022-02-21,смета на строительство,S1_ihb,2865,0.00010074940119391199
2022-02-28,смета на строительство,S1_ihb,3180,0.00010993309483947624
2022-03-07,смета на строительство,S1_ihb,3117,0.00011127858397180069
2022-03-14,смета на строительство,S1_ihb,4031,0.00013767906404669734
2022-03-21,смета на строительство,S1_ihb,4405,0.00015436129699768062
2022-03-28,смета на строительство,S1_ihb,4478,0.0001566418556776191
2022-04-04,смета на строительство,S1_ihb,4623,0.00016156204359661896
2022-04-11,смета на строительство,S1_ihb,4254,0.0001513215929570733
2022-04-18,смета на строительство,S1_ihb,3997,0.0001436261195859495
2022-04-25,смета на строительство,S1_ihb,3856,0.0001446670850206658
2022-05-02,смета на строительство,S1_ihb,3073,0.00012218665947181145
2022-05-09,смета на строительство,S1_ihb,3197,0.00011784413848211131
2022-05-16,смета на строительство,S1_ihb,4050,0.00014196786521335596
2022-05-23,смета на строительство,S1_ihb,4128,0.00015035698594805568
2022-05-30,смета на строительство,S1_ihb,4191,0.00016396944108842658
2022-06-06,смета на строительство,S1_ihb,4279,0.00017253045321260284
2022-06-13,смета на строительство,S1_ihb,3979,0.00016087621478225135
2022-06-20,смета на строительство,S1_ihb,3943,0.000154364966128435
2022-06-27,смета на строительство,S1_ihb,3448,0.0001437145488812523
2022-07-04,смета на строительство,S1_ihb,3465,0.00014763286694608062
2022-07-11,смета на строительство,S1_ihb,3594,0.0001507758954639689
2022-07-18,смета на строительство,S1_ihb,3677,0.0001549206004347158
2022-07-25,смета на строительство,S1_ihb,3490,0.0001470591008918488
2022-08-01,смета на строительство,S1_ihb,3443,0.00014536911826525136
2022-08-08,смета на строительство,S1_ihb,3684,0.00015455067768636773
2022-08-15,смета на строительство,S1_ihb,3493,0.00014312982809706488
2022-08-22,смета на строительство,S1_ihb,4008,0.00016335862276434005
2022-08-29,смета на строительство,S1_ihb,4502,0.00017749095554760584
2022-09-05,смета на строительство,S1_ihb,3852,0.0001416945439063978
2022-09-12,смета на строительство,S1_ihb,3349,0.00012183485723692469
2022-09-19,смета на строительство,S1_ihb,2851,0.00010210987562284365
2022-09-26,смета на строительство,S1_ihb,2789,0.00010213216692505383
2022-10-03,смета на строительство,S1_ihb,4132,0.0001509154185051815
2022-10-10,смета на строительство,S1_ihb,4411,0.00015950508881097436
2022-10-17,смета на строительство,S1_ihb,6146,0.00021078180201930058
2022-10-24,смета на строительство,S1_ihb,3542,0.00012491038411698631
2022-10-31,смета на строительство,S1_ihb,3042,0.00010958816986238956
2022-11-07,смета на строительство,S1_ihb,4094,0.00014187599411766603
2022-11-14,смета на строительство,S1_ihb,3494,0.00011584719061270786
2022-11-21,смета на строительство,S1_ihb,3827,0.00012754488119317463
2022-11-28,смета на строительство,S1_ihb,3522,0.00011792953545516827
2022-12-05,смета на строительство,S1_ihb,3827,0.0001283860903318701
2022-12-12,смета на строительство,S1_ihb,3516,0.00011913638360809546
2022-12-19,смета на строительство,S1_ihb,2785,9.575989591300234e-05
2022-12-26,смета на строительство,S1_ihb,1672,6.921247499740218e-05
2023-01-02,смета на строительство,S1_ihb,1191,4.869741934784926e-05
2023-01-09,смета на строительство,S1_ihb,3118,0.00010931457538132247
2023-01-16,смета на строительство,S1_ihb,3475,0.00011908011098806403
2023-01-23,смета на строительство,S1_ihb,3713,0.00012731060624118846
2023-01-30,смета на строительство,S1_ihb,3888,0.00013410077065943515
2023-02-06,смета на строительство,S1_ihb,3992,0.00013770967153865156
2023-02-13,смета на строительство,S1_ihb,3788,0.0001311279579343588
2023-02-20,смета на строительство,S1_ihb,2677,9.800770648178755e-05
2023-02-27,смета на строительство,S1_ihb,3647,0.00012622563350944335
2023-03-06,смета на строительство,S1_ihb,3250,0.00011801797648583182
2023-03-13,смета на строительство,S1_ihb,4333,0.000151057928274093
2023-03-20,смета на строительство,S1_ihb,4676,0.00016856147907408893
2023-03-27,смета на строительство,S1_ihb,4612,0.00016797193901869223
2023-04-03,смета на строительство,S1_ihb,4307,0.00015631828042237856
2023-04-10,смета на строительство,S1_ihb,4247,0.00015663989992844416
2023-04-17,смета на строительство,S1_ihb,4315,0.00015961477216287613
2023-04-24,смета на строительство,S1_ihb,3922,0.00014796334344962332
2023-05-01,смета на строительство,S1_ihb,3318,0.00013031214150721908
2023-05-08,смета на строительство,S1_ihb,3129,0.00012412868013806998
2023-05-15,смета на строительство,S1_ihb,4020,0.0001537673972218057
2023-05-22,смета на строительство,S1_ihb,4228,0.00016812172547350958
2023-05-29,смета на строительство,S1_ihb,4284,0.00017443904436522466
2023-06-05,смета на строительство,S1_ihb,4040,0.00016755575253531483
2023-06-12,смета на строительство,S1_ihb,3495,0.00014864836264007187
2023-06-19,смета на строительство,S1_ihb,3725,0.00015513813365106065
2023-06-26,смета на строительство,S1_ihb,3349,0.00014306129980836514
2023-07-03,смета на строительство,S1_ihb,3084,0.00013607740888185992
2023-07-10,смета на строительство,S1_ihb,3185,0.0001382086506447735
2023-07-17,смета на строительство,S1_ihb,3039,0.00013317885567715575
2023-07-24,смета на строительство,S1_ihb,2983,0.00012965402038071143
2023-07-31,смета на строительство,S1_ihb,3026,0.00013447977271428734
2023-08-07,смета на строительство,S1_ihb,3025,0.00013163078980286253
2023-08-14,смета на строительство,S1_ihb,2993,0.00013250307951456324
2023-08-21,смета на строительство,S1_ihb,2925,0.00013021636687859212
2023-08-28,смета на строительство,S1_ihb,2731,0.00012179866307258183
2023-09-04,смета на строительство,S1_ihb,2941,0.00012004751585989734
2023-09-11,смета на строительство,S1_ihb,3123,0.00012320087470648567
2023-09-18,смета на строительство,S1_ihb,2961,0.00011427901163725406
2023-09-25,смета на строительство,S1_ihb,3320,0.00012661168378872315
2023-10-02,смета на строительство,S1_ihb,3065,0.0001157668335680191
2023-10-09,смета на строительство,S1_ihb,3013,0.00011184039499470737
2023-10-16,смета на строительство,S1_ihb,3216,0.00011662165168821471
2023-10-23,смета на строительство,S1_ihb,3011,0.0001112912995650675
2023-10-30,смета на строительство,S1_ihb,2918,0.00011420176278412634
2023-11-06,смета на строительство,S1_ihb,2838,0.00010612258758258076
2023-11-13,смета на строительство,S1_ihb,3243,0.00011703940562503256
2023-11-20,смета на строительство,S1_ihb,3004,0.00010714057190956064
2023-11-27,смета на строительство,S1_ihb,3202,0.00011310388467965785
2023-12-04,смета на строительство,S1_ihb,3093,0.00010813434948884149
2023-12-11,смета на строительство,S1_ihb,2739,9.755431183515512e-05
2023-12-18,смета на строительство,S1_ihb,2100,7.646521442280757e-05
2023-12-25,смета на строительство,S1_ihb,1433,5.985887651223051e-05
2024-01-01,смета на строительство,S1_ihb,904,3.8526843198270324e-05
2024-01-08,смета на строительство,S1_ihb,2134,7.866859137817417e-05
2024-01-15,смета на строительство,S1_ihb,2589,9.111374686472106e-05
2024-01-22,смета на строительство,S1_ihb,2707,9.474669040412751e-05
2024-01-29,смета на строительство,S1_ihb,2945,0.00010623283867784955
2024-02-05,смета на строительство,S1_ihb,3020,0.00011138384211179576
2024-02-12,смета на строительство,S1_ihb,2865,0.0001056654747592508
2024-02-19,смета на строительство,S1_ihb,2384,9.17537349121769e-05
2024-02-26,смета на строительство,S1_ihb,3089,0.00010736021904798985
2024-03-04,смета на строительство,S1_ihb,2241,8.319266620378232e-05
2024-03-11,смета на строительство,S1_ihb,2861,0.00010931608867360268
2024-03-18,смета на строительство,S1_ihb,3063,0.00011788543993167384
2024-03-25,смета на строительство,S1_ihb,2930,0.00011820918867772494
2024-04-01,смета на строительство,S1_ihb,2979,0.00011559119679453715
2024-04-08,смета на строительство,S1_ihb,3032,0.00011908978527068502
2024-04-15,смета на строительство,S1_ihb,3171,0.00012334705527637088
2024-04-22,смета на строительство,S1_ihb,3175,0.00012453327722341075
2024-04-29,смета на строительство,S1_ihb,1977,8.61779338711676e-05
2024-05-06,смета на строительство,S1_ihb,2295,9.552547451564584e-05
2024-05-13,смета на строительство,S1_ihb,2970,0.00011885366728000655
2024-05-20,смета на строительство,S1_ihb,3211,0.00013648028541172124
2024-05-27,смета на строительство,S1_ihb,3108,0.00013694440139522867
2024-06-03,смета на строительство,S1_ihb,3242,0.00014419293447300244
2024-06-10,смета на строительство,S1_ihb,2917,0.00013356732050632676
2024-06-17,смета на строительство,S1_ihb,2780,0.00012523491756166264
2024-06-24,смета на строительство,S1_ihb,2400,0.000112961662612977
2024-07-01,смета на строительство,S1_ihb,2397,0.00011374452419826323
2024-07-08,смета на строительство,S1_ihb,2292,0.0001111003332262057
2024-07-15,смета на строительство,S1_ihb,2075,0.00010016212284647744
2024-07-22,смета на строительство,S1_ihb,2096,9.941154780864467e-05
2024-07-29,смета на строительство,S1_ihb,2131,0.00010023397837230142
2024-08-05,смета на строительство,S1_ihb,2082,9.691012488596006e-05
2024-08-12,смета на строительство,S1_ihb,2036,9.776348060393961e-05
2024-08-19,смета на строительство,S1_ihb,2104,9.999669022361826e-05
2024-08-26,смета на строительство,S1_ihb,2259,0.00010649327247560703
2024-09-02,смета на строительство,S1_ihb,2131,9.931236741292136e-05
2024-09-09,смета на строительство,S1_ihb,1826,7.922201499620248e-05
2024-09-16,смета на строительство,S1_ihb,2107,8.828998065165092e-05
2024-09-23,смета на строительство,S1_ihb,2137,8.754887094120556e-05
2024-09-30,смета на строительство,S1_ihb,2058,8.238341070894286e-05
2024-10-07,смета на строительство,S1_ihb,2283,8.803446523015248e-05
2024-10-14,смета на строительство,S1_ihb,2141,8.769221905048081e-05
2024-10-21,смета на строительство,S1_ihb,2389,9.240052279326214e-05
2024-10-28,смета на строительство,S1_ihb,2422,9.629186791289367e-05
2024-11-04,смета на строительство,S1_ihb,2152,8.091776918772237e-05
2024-11-11,смета на строительство,S1_ihb,2856,0.00010396135334535366
2024-11-18,смета на строительство,S1_ihb,2618,9.82119034787503e-05
2024-11-25,смета на строительство,S1_ihb,2777,9.640816113421341e-05
2024-12-02,смета на строительство,S1_ihb,2676,9.712735908621826e-05
2024-12-09,смета на строительство,S1_ihb,2678,9.66418069848626e-05
2024-12-16,смета на строительство,S1_ihb,2660,9.31129052903813e-05
2024-12-23,смета на строительство,S1_ihb,2230,8.343896113383781e-05
2024-12-30,смета на строительство,S1_ihb,715,3.3066154733406824e-05
2025-01-06,смета на строительство,S1_ihb,1537,6.160778961260032e-05
2025-01-13,смета на строительство,S1_ihb,2610,9.355947064126072e-05
2025-01-20,смета на строительство,S1_ihb,2743,9.584011169773342e-05
2025-01-27,смета на строительство,S1_ihb,2814,9.747205990940112e-05
2025-02-03,смета на строительство,S1_ihb,2749,9.470760811451824e-05
2025-02-10,смета на строительство,S1_ihb,2836,9.88688985241643e-05
2025-02-17,смета на строительство,S1_ihb,2656,9.440415081061101e-05
2025-02-24,смета на строительство,S1_ihb,2682,9.603550355652144e-05
2025-03-03,смета на строительство,S1_ihb,2564,9.474761710472804e-05
2025-03-10,смета на строительство,S1_ihb,2866,0.00010266074485102957
2025-03-17,смета на строительство,S1_ihb,2754,0.00010006394024013481
2025-03-24,смета на строительство,S1_ihb,2712,0.00010360386483139169
2025-03-31,смета на строительство,S1_ihb,2881,0.00010665147252755241
2025-04-07,смета на строительство,S1_ihb,2987,0.00011043644654858036
2025-04-14,смета на строительство,S1_ihb,2509,9.641777180916543e-05
2025-04-21,смета на строительство,S1_ihb,2745,0.00010402068930811533
2025-04-28,смета на строительство,S1_ihb,1852,7.630465913220371e-05
2025-05-05,смета на строительство,S1_ihb,1663,7.00565633448697e-05
2025-05-12,смета на строительство,S1_ihb,2645,0.0001025419912681699
2025-05-19,смета на строительство,S1_ihb,2648,0.00010972074667798976
2025-05-26,смета на строительство,S1_ihb,2530,0.00010859318860332753
2025-06-02,смета на строительство,S1_ihb,2526,0.0001095448032878793
2025-06-09,смета на строительство,S1_ihb,1955,8.229014429592798e-05
2025-06-16,смета на строительство,S1_ihb,2608,0.00010379428068130014
2025-06-23,смета на строительство,S1_ihb,2309,9.293576393459777e-05
2025-06-30,смета на строительство,S1_ihb,2117,8.7510981077978e-05
2025-07-07,смета на строительство,S1_ihb,2088,8.787644787248298e-05
2025-07-14,смета на строительство,S1_ihb,1925,8.11336736997016e-05
2025-07-21,смета на строительство,S1_ihb,1989,8.367736383277241e-05
2025-07-28,смета на строительство,S1_ihb,1994,8.412873501216525e-05
2025-08-04,смета на строительство,S1_ihb,1901,7.97460568077198e-05
2025-08-11,смета на строительство,S1_ihb,1927,8.157819687819816e-05
2025-08-18,смета на строительство,S1_ihb,1931,8.214369901701975e-05
2025-08-25,смета на строительство,S1_ihb,1853,7.881948404884843e-05
2025-09-01,смета на строительство,S1_ihb,1874,7.724933076109936e-05
2025-09-08,смета на строительство,S1_ihb,2099,8.260953130258818e-05
2025-09-15,смета на строительство,S1_ihb,2173,8.493542438834345e-05
2025-09-22,смета на строительство,S1_ihb,2521,9.674458753329242e-05
2025-09-29,смета на строительство,S1_ihb,2061,7.955703182010987e-05
2025-10-06,смета на строительство,S1_ihb,2080,7.926569836253553e-05
2025-10-13,смета на строительство,S1_ihb,2188,7.979264540516675e-05
2025-10-20,смета на строительство,S1_ihb,2082,7.683054522449906e-05
2025-10-27,смета на строительство,S1_ihb,2109,8.084422345081163e-05
2025-11-03,смета на строительство,S1_ihb,1555,5.9422011638527417e-05
2025-11-10,смета на строительство,S1_ihb,2150,7.902719548395997e-05
2025-11-17,смета на строительство,S1_ihb,2212,7.998680579308418e-05
2025-11-24,смета на строительство,S1_ihb,1954,6.976792939399282e-05
2025-12-01,смета на строительство,S1_ihb,1784,6.390010150409341e-05
2025-12-08,смета на строительство,S1_ihb,1909,7.001130499203948e-05
2025-12-15,смета на строительство,S1_ihb,1756,6.740202286405969e-05
2025-12-22,смета на строительство,S1_ihb,1497,6.263410793551056e-05
2025-12-29,смета на строительство,S1_ihb,566,2.810572578937934e-05
2026-01-05,смета на строительство,S1_ihb,628,2.951675177749973e-05
2026-01-12,смета на строительство,S1_ihb,1612,6.635175356085453e-05
2026-01-19,смета на строительство,S1_ihb,1670,6.651811930547442e-05
2026-01-26,смета на строительство,S1_ihb,1802,7.296754449256056e-05
2026-02-02,смета на строительство,S1_ihb,1763,7.179440622187314e-05
2026-02-09,смета на строительство,S1_ihb,1613,6.72645756834031e-05
2026-02-16,смета на строительство,S1_ihb,1689,7.352976042478605e-05
2026-02-23,смета на строительство,S1_ihb,1685,7.471083295146233e-05
2026-03-02,смета на строительство,S1_ihb,1547,7.040455937996905e-05
2026-03-09,смета на строительство,S1_ihb,1837,7.421061436283606e-05
2026-03-16,смета на строительство,S1_ihb,2162,8.241665566901151e-05
2026-03-23,смета на строительство,S1_ihb,1974,7.589895538848918e-05
2026-03-30,смета на строительство,S1_ihb,2336,9.157955245373799e-05
2026-04-06,смета на строительство,S1_ihb,2013,7.609469689192583e-05
2026-04-13,смета на строительство,S1_ihb,2017,7.60065582136285e-05
2026-04-20,смета на строительство,S1_ihb,2030,7.66968194746681e-05
2026-04-27,смета на строительство,S1_ihb,1639,6.605716176249182e-05
2026-05-04,смета на строительство,S1_ihb,1537,6.637916974423589e-05
2026-05-11,смета на строительство,S1_ihb,1585,6.563828092260579e-05
2026-05-18,смета на строительство,S1_ihb,1754,7.238628289629138e-05
2026-05-25,смета на строительство,S1_ihb,1910,7.873721485665465e-05
2026-06-01,смета на строительство,S1_ihb,1956,8.133634321160422e-05
2026-06-08,смета на строительство,S1_ihb,1623,6.778330726452627e-05
2026-06-15,смета на строительство,S1_ihb,1741,7.144459675001665e-05
2026-06-22,смета на строительство,S1_ihb,1556,6.368009563696123e-05
2026-06-29,смета на строительство,S1_ihb,1498,6.331602122983148e-05
2026-07-06,смета на строительство,S1_ihb,1569,6.47684546754831e-05
2026-07-13,смета на строительство,S1_ihb,1386,5.385707258298904e-05
2026-07-20,смета на строительство,S1_ihb,1475,5.525376397115537e-05
2026-07-27,смета на строительство,S1_ihb,1474,5.703758358572977e-05
2026-08-03,смета на строительство,S1_ihb,1309,5.160733720807687e-05
2026-08-10,смета на строительство,S1_ihb,1380,5.3562634900892175e-05
2026-08-17,смета на строительство,S1_ihb,1344,5.2571382532129727e-05
2018-01-01,доставка бетона,S2_mat,4138,0.0002815595785372092
2018-01-08,доставка бетона,S2_mat,6050,0.00034982459658844774
2018-01-15,доставка бетона,S2_mat,7257,0.000393162643849195
2018-01-22,доставка бетона,S2_mat,6977,0.00036800118266729515
2018-01-29,доставка бетона,S2_mat,8230,0.0004356184006713554
2018-02-05,доставка бетона,S2_mat,8393,0.00043508349108859563
2018-02-12,доставка бетона,S2_mat,7393,0.00039218128401135894
2018-02-19,доставка бетона,S2_mat,7516,0.0003838856735753872
2018-02-26,доставка бетона,S2_mat,8842,0.00043680823012943125
2018-03-05,доставка бетона,S2_mat,7948,0.00043067680983669906
2018-03-12,доставка бетона,S2_mat,11367,0.0005740916510608763
2018-03-19,доставка бетона,S2_mat,11335,0.0006019715399061578
2018-03-26,доставка бетона,S2_mat,11247,0.0006106019117767242
2018-04-02,доставка бетона,S2_mat,13482,0.0007603518649453385
2018-04-09,доставка бетона,S2_mat,18874,0.0010676815375852322
2018-04-16,доставка бетона,S2_mat,20710,0.0011593789309737026
2018-04-23,доставка бетона,S2_mat,20933,0.001162838825086005
2018-04-30,доставка бетона,S2_mat,18614,0.00117795676034998
2018-05-07,доставка бетона,S2_mat,21246,0.0012665486645821705
2018-05-14,доставка бетона,S2_mat,23593,0.001346092810514134
2018-05-21,доставка бетона,S2_mat,24717,0.0014756488177761018
2018-05-28,доставка бетона,S2_mat,31199,0.0018570191423716454
2018-06-04,доставка бетона,S2_mat,35894,0.0021267896486207717
2018-06-11,доставка бетона,S2_mat,35031,0.002231847534136744
2018-06-18,доставка бетона,S2_mat,24584,0.0015036185730202857
2018-06-25,доставка бетона,S2_mat,24285,0.0015154943609908854
2018-07-02,доставка бетона,S2_mat,29778,0.0018628879241938765
2018-07-09,доставка бетона,S2_mat,32756,0.002136519037236464
2018-07-16,доставка бетона,S2_mat,34259,0.0021867573249610773
2018-07-23,доставка бетона,S2_mat,29656,0.0018721550527501245
2018-07-30,доставка бетона,S2_mat,28800,0.0018139794930512702
2018-08-06,доставка бетона,S2_mat,35209,0.0022121997380082975
2018-08-13,доставка бетона,S2_mat,39642,0.0024670691788589447
2018-08-20,доставка бетона,S2_mat,36044,0.0023064507364381572
2018-08-27,доставка бетона,S2_mat,23036,0.0014290203055330152
2018-09-03,доставка бетона,S2_mat,25971,0.0014865633723262096
2018-09-10,доставка бетона,S2_mat,26964,0.0014892539573463683
2018-09-17,доставка бетона,S2_mat,25167,0.0013068402079011567
2018-09-24,доставка бетона,S2_mat,23403,0.001148518532628872
2018-10-01,доставка бетона,S2_mat,24498,0.001190257095304232
2018-10-08,доставка бетона,S2_mat,34179,0.0016405871076379981
2018-10-15,доставка бетона,S2_mat,46278,0.0022188707696010096
2018-10-22,доставка бетона,S2_mat,40590,0.001955812164707499
2018-10-29,доставка бетона,S2_mat,41888,0.002067621091711538
2018-11-05,доставка бетона,S2_mat,20636,0.0010664431040307036
2018-11-12,доставка бетона,S2_mat,23766,0.0011846196107624675
2018-11-19,доставка бетона,S2_mat,18292,0.0009173996887197457
2018-11-26,доставка бетона,S2_mat,12729,0.0006446632172921901
2018-12-03,доставка бетона,S2_mat,13855,0.0006747324510148051
2018-12-10,доставка бетона,S2_mat,14747,0.000737670397916455
2018-12-17,доставка бетона,S2_mat,13288,0.000671631539395349
2018-12-24,доставка бетона,S2_mat,11511,0.000637420758628063
2018-12-31,доставка бетона,S2_mat,12180,0.000761695181317792
2019-01-07,доставка бетона,S2_mat,15852,0.0008244329699737938
2019-01-14,доставка бетона,S2_mat,13248,0.0006357862364180651
2019-01-21,доставка бетона,S2_mat,13992,0.0006562487071837151
2019-01-28,доставка бетона,S2_mat,14792,0.0007036878044794264
2019-02-04,доставка бетона,S2_mat,25923,0.001216023400607737
2019-02-11,доставка бетона,S2_mat,25207,0.0011992400952122702
2019-02-18,доставка бетона,S2_mat,20889,0.0010176026250505812
2019-02-25,доставка бетона,S2_mat,19908,0.0009557545050744981
2019-03-04,доставка бетона,S2_mat,17606,0.0009130369820791107
2019-03-11,доставка бетона,S2_mat,19901,0.0009659955030615815
2019-03-18,доставка бетона,S2_mat,26153,0.0012996026685847296
2019-03-25,доставка бетона,S2_mat,66029,0.00338389616835757
2019-04-01,доставка бетона,S2_mat,53144,0.0027178753106519103
2019-04-08,доставка бетона,S2_mat,23853,0.0012155733986308535
2019-04-15,доставка бетона,S2_mat,19028,0.0009694111897409601
2019-04-22,доставка бетона,S2_mat,15847,0.0008594969993485586
2019-04-29,доставка бетона,S2_mat,16786,0.0009935314291412713
2019-05-06,доставка бетона,S2_mat,22319,0.0013387747961588657
2019-05-13,доставка бетона,S2_mat,23603,0.0012488113369470899
2019-05-20,доставка бетона,S2_mat,22873,0.0012229907154937872
2019-05-27,доставка бетона,S2_mat,21139,0.0011930823557749358
2019-06-03,доставка бетона,S2_mat,25002,0.001437161544490024
2019-06-10,доставка бетона,S2_mat,19863,0.0011702945979887166
2019-06-17,доставка бетона,S2_mat,18632,0.001114732824130894
2019-06-24,доставка бетона,S2_mat,18170,0.0010701262898262503
2019-07-01,доставка бетона,S2_mat,17099,0.0010218837446783345
2019-07-08,доставка бетона,S2_mat,18982,0.0011514516205966983
2019-07-15,доставка бетона,S2_mat,15951,0.0009725516985917529
2019-07-22,доставка бетона,S2_mat,16494,0.0010077500654024844
2019-07-29,доставка бетона,S2_mat,16305,0.0009816413270442392
2019-08-05,доставка бетона,S2_mat,18052,0.0010730253015870995
2019-08-12,доставка бетона,S2_mat,21256,0.001290745219901845
2019-08-19,доставка бетона,S2_mat,15962,0.0009854768263704284
2019-08-26,доставка бетона,S2_mat,18524,0.001140415035016347
2019-09-02,доставка бетона,S2_mat,20675,0.0012108727539054216
2019-09-09,доставка бетона,S2_mat,19479,0.0010756994207131926
2019-09-16,доставка бетона,S2_mat,22421,0.0011744652257687583
2019-09-23,доставка бетона,S2_mat,21545,0.0011165109746050933
2019-09-30,доставка бетона,S2_mat,17223,0.0008796824774784201
2019-10-07,доставка бетона,S2_mat,18207,0.0009147969211429619
2019-10-14,доставка бетона,S2_mat,14295,0.0007108908656664427
2019-10-21,доставка бетона,S2_mat,23263,0.0011587862393036715
2019-10-28,доставка бетона,S2_mat,18204,0.0009330615087262924
2019-11-04,доставка бетона,S2_mat,15972,0.0007942687547851001
2019-11-11,доставка бетона,S2_mat,25916,0.0012569736275792063
2019-11-18,доставка бетона,S2_mat,31646,0.0014875808914886041
2019-11-25,доставка бетона,S2_mat,34851,0.0015803858873899203
2019-12-02,доставка бетона,S2_mat,34415,0.0015882456636810277
2019-12-09,доставка бетона,S2_mat,37953,0.00175312836259211
2019-12-16,доставка бетона,S2_mat,44079,0.0020345761180067773
2019-12-23,доставка бетона,S2_mat,45049,0.002249459386485396
2019-12-30,доставка бетона,S2_mat,30759,0.001757021281875293
2020-01-06,доставка бетона,S2_mat,31709,0.0015599765869598675
2020-01-13,доставка бетона,S2_mat,45228,0.0019515517289924384
2020-01-20,доставка бетона,S2_mat,26313,0.0010805207136126728
2020-01-27,доставка бетона,S2_mat,23158,0.0010345850705191844
2020-02-03,доставка бетона,S2_mat,22121,0.0009953906039938119
2020-02-10,доставка бетона,S2_mat,23481,0.0010371935527534602
2020-02-17,доставка бетона,S2_mat,23607,0.0010547580899452904
2020-02-24,доставка бетона,S2_mat,25504,0.0011508055774183974
2020-03-02,доставка бетона,S2_mat,20817,0.0009658405327685318
2020-03-09,доставка бетона,S2_mat,18597,0.000842228769163693
2020-03-16,доставка бетона,S2_mat,19026,0.0008490257668958444
2020-03-23,доставка бетона,S2_mat,17254,0.000773923605180988
2020-03-30,доставка бетона,S2_mat,16485,0.0006992337036973703
2020-04-06,доставка бетона,S2_mat,19928,0.0007083583479780356
2020-04-13,доставка бетона,S2_mat,19183,0.0006706420224414321
2020-04-20,доставка бетона,S2_mat,25863,0.0009011131077796554
2020-04-27,доставка бетона,S2_mat,24882,0.0009559775085179087
2020-05-04,доставка бетона,S2_mat,27604,0.0011933273664198277
2020-05-11,доставка бетона,S2_mat,30124,0.0011482213169403718
2020-05-18,доставка бетона,S2_mat,33370,0.0012816021639171602
2020-05-25,доставка бетона,S2_mat,32976,0.0014368915380252945
2020-06-01,доставка бетона,S2_mat,31348,0.0014221088938557755
2020-06-08,доставка бетона,S2_mat,27604,0.001356253897104973
2020-06-15,доставка бетона,S2_mat,31256,0.0015179822082985659
2020-06-22,доставка бетона,S2_mat,27511,0.001370013109144556
2020-06-29,доставка бетона,S2_mat,28576,0.001458112271327197
2020-07-06,доставка бетона,S2_mat,30020,0.0015818719564684096
2020-07-13,доставка бетона,S2_mat,31718,0.0016800658459533884
2020-07-20,доставка бетона,S2_mat,31126,0.0016428816486987778
2020-07-27,доставка бетона,S2_mat,31402,0.0016609771358806458
2020-08-03,доставка бетона,S2_mat,33293,0.001769313117679164
2020-08-10,доставка бетона,S2_mat,30524,0.001607267076423376
2020-08-17,доставка бетона,S2_mat,30547,0.0016022882516291924
2020-08-24,доставка бетона,S2_mat,29114,0.0015159614623767809
2020-08-31,доставка бетона,S2_mat,29742,0.0014870939356309305
2020-09-07,доставка бетона,S2_mat,25439,0.001174866371846992
2020-09-14,доставка бетона,S2_mat,22122,0.0009794418077812735
2020-09-21,доставка бетона,S2_mat,26225,0.0011448566750938071
2020-09-28,доставка бетона,S2_mat,23008,0.0009968569630272564
2020-10-05,доставка бетона,S2_mat,20415,0.0008630139784692795
2020-10-12,доставка бетона,S2_mat,22369,0.0009123407470764834
2020-10-19,доставка бетона,S2_mat,19991,0.0007952896773468167
2020-10-26,доставка бетона,S2_mat,21292,0.0008474550602545842
2020-11-02,доставка бетона,S2_mat,15798,0.0006305351030404577
2020-11-09,доставка бетона,S2_mat,12036,0.00044822583639346063
2020-11-16,доставка бетона,S2_mat,11912,0.0004343070840026448
2020-11-23,доставка бетона,S2_mat,10669,0.00038401982343659006
2020-11-30,доставка бетона,S2_mat,7940,0.0002999933044063669
2020-12-07,доставка бетона,S2_mat,7935,0.00030469393435543935
2020-12-14,доставка бетона,S2_mat,8955,0.0003459698148194152
2020-12-21,доставка бетона,S2_mat,7717,0.0003124742798126144
2020-12-28,доставка бетона,S2_mat,6242,0.00031307335083961737
2021-01-04,доставка бетона,S2_mat,9114,0.0004241922493859764
2021-01-11,доставка бетона,S2_mat,10772,0.0004348424815889139
2021-01-18,доставка бетона,S2_mat,13696,0.0005495099076365524
2021-01-25,доставка бетона,S2_mat,13209,0.0005306268491488531
2021-02-01,доставка бетона,S2_mat,10387,0.0004230184402160177
2021-02-08,доставка бетона,S2_mat,10202,0.0004029210802014951
2021-02-15,доставка бетона,S2_mat,10461,0.0004081625602829346
2021-02-22,доставка бетона,S2_mat,11250,0.00045995821268598753
2021-03-01,доставка бетона,S2_mat,12302,0.0005083214201922327
2021-03-08,доставка бетона,S2_mat,12616,0.0005110473290701952
2021-03-15,доставка бетона,S2_mat,15081,0.0006008279933246444
2021-03-22,доставка бетона,S2_mat,16354,0.0006858108226306312
2021-03-29,доставка бетона,S2_mat,17933,0.0007271483107934192
2021-04-05,доставка бетона,S2_mat,19326,0.0007583468856120361
2021-04-12,доставка бетона,S2_mat,22475,0.0008996949513712878
2021-04-19,доставка бетона,S2_mat,25334,0.0009981570244454482
2021-04-26,доставка бетона,S2_mat,23833,0.0010002355730412739
2021-05-03,доставка бетона,S2_mat,26084,0.001190541105094869
2021-05-10,доставка бетона,S2_mat,25494,0.0010704522277980185
2021-05-17,доставка бетона,S2_mat,28198,0.0011420380960418446
2021-05-24,доставка бетона,S2_mat,31253,0.0013181309181942533
2021-05-31,доставка бетона,S2_mat,30428,0.0013023370941633975
2021-06-07,доставка бетона,S2_mat,30746,0.0013005555622610443
2021-06-14,доставка бетона,S2_mat,28143,0.0012409952495276862
2021-06-21,доставка бетона,S2_mat,29354,0.0012890953438130014
2021-06-28,доставка бетона,S2_mat,29170,0.0012974928509611764
2021-07-05,доставка бетона,S2_mat,38994,0.0017877402577297756
2021-07-12,доставка бетона,S2_mat,33634,0.0015486473553917542
2021-07-19,доставка бетона,S2_mat,31746,0.0014442755907666542
2021-07-26,доставка бетона,S2_mat,33253,0.0014972459450157817
2021-08-02,доставка бетона,S2_mat,31919,0.0014282833664207495
2021-08-09,доставка бетона,S2_mat,31318,0.0013989546338077133
2021-08-16,доставка бетона,S2_mat,36496,0.00161274052927879
2021-08-23,доставка бетона,S2_mat,32701,0.0014190618543589416
2021-08-30,доставка бетона,S2_mat,30882,0.001303713566204723
2021-09-06,доставка бетона,S2_mat,31899,0.001330005357700538
2021-09-13,доставка бетона,S2_mat,36969,0.001467531464763404
2021-09-20,доставка бетона,S2_mat,47087,0.0018177670998455555
2021-09-27,доставка бетона,S2_mat,38081,0.0015120460659261176
2021-10-04,доставка бетона,S2_mat,32863,0.001302042245317909
2021-10-11,доставка бетона,S2_mat,32774,0.0012444401095472722
2021-10-18,доставка бетона,S2_mat,22388,0.0008439481698482197
2021-10-25,доставка бетона,S2_mat,19485,0.0007569354434346615
2021-11-01,доставка бетона,S2_mat,19409,0.0007831464681798453
2021-11-08,доставка бетона,S2_mat,15908,0.0005810181733835835
2021-11-15,доставка бетона,S2_mat,17292,0.0006230090176797511
2021-11-22,доставка бетона,S2_mat,12788,0.0004624952319826572
2021-11-29,доставка бетона,S2_mat,11575,0.0004230929881405113
2021-12-06,доставка бетона,S2_mat,10712,0.0003877969267884206
2021-12-13,доставка бетона,S2_mat,9941,0.0003569111172630079
2021-12-20,доставка бетона,S2_mat,7873,0.0002878991396482521
2021-12-27,доставка бетона,S2_mat,4633,0.0002033328239728327
2022-01-03,доставка бетона,S2_mat,10882,0.0004624820494107729
2022-01-10,доставка бетона,S2_mat,11045,0.00040136990977020557
2022-01-17,доставка бетона,S2_mat,8945,0.00031462403882298986
2022-01-24,доставка бетона,S2_mat,10365,0.00035561134524032584
2022-01-31,доставка бетона,S2_mat,11288,0.000380555905426725
2022-02-07,доставка бетона,S2_mat,12697,0.0004184111215865551
2022-02-14,доставка бетона,S2_mat,16090,0.0005425215928617931
2022-02-21,доставка бетона,S2_mat,13079,0.0004599306869860994
2022-02-28,доставка бетона,S2_mat,15503,0.0005359411224202516
2022-03-07,доставка бетона,S2_mat,13948,0.000497951135463162
2022-03-14,доставка бетона,S2_mat,21243,0.0007255560301523175
2022-03-21,доставка бетона,S2_mat,20506,0.0007185772431860247
2022-03-28,доставка бетона,S2_mat,22856,0.0007995101057096163
2022-04-04,доставка бетона,S2_mat,20647,0.0007215599208607813
2022-04-11,доставка бетона,S2_mat,22762,0.0008096807942851205
2022-04-18,доставка бетона,S2_mat,23432,0.0008419933035121263
2022-04-25,доставка бетона,S2_mat,25349,0.0009510285109410936
2022-05-02,доставка бетона,S2_mat,31521,0.0012533178305274874
2022-05-09,доставка бетона,S2_mat,28329,0.001044231028795662
2022-05-16,доставка бетона,S2_mat,28793,0.0010093038871822613
2022-05-23,доставка бетона,S2_mat,27039,0.0009848601121728387
2022-05-30,доставка бетона,S2_mat,26696,0.0010444591265322443
2022-06-06,доставка бетона,S2_mat,25965,0.001046915919061751
2022-06-13,доставка бетона,S2_mat,24668,0.00099735975527735
2022-06-20,доставка бетона,S2_mat,23024,0.0009013692569467633
2022-06-27,доставка бетона,S2_mat,22681,0.0009453566366518804
2022-07-04,доставка бетона,S2_mat,22341,0.000951880484976158
2022-07-11,доставка бетона,S2_mat,23391,0.0009813018839169997
2022-07-18,доставка бетона,S2_mat,22983,0.000968327484305432
2022-07-25,доставка бетона,S2_mat,22946,0.0009668819854052616
2022-08-01,доставка бетона,S2_mat,22583,0.000953491373158342
2022-08-08,доставка бетона,S2_mat,22282,0.0009347714984276997
2022-08-15,доставка бетона,S2_mat,22757,0.0009324951325522203
2022-08-22,доставка бетона,S2_mat,23582,0.0009611584436199269
2022-08-29,доставка бетона,S2_mat,21014,0.0008284751088132806
2022-09-05,доставка бетона,S2_mat,19830,0.0007294399807019388
2022-09-12,доставка бетона,S2_mat,17813,0.0006480275640374259
2022-09-19,доставка бетона,S2_mat,15731,0.0005634129966408114
2022-09-26,доставка бетона,S2_mat,12093,0.0004428412673448104
2022-10-03,доставка бетона,S2_mat,12718,0.0004645068471802755
2022-10-10,доставка бетона,S2_mat,12388,0.0004479594287441284
2022-10-17,доставка бетона,S2_mat,11188,0.0003837010740305784
2022-10-24,доставка бетона,S2_mat,9718,0.0003427100826789591
2022-10-31,доставка бетона,S2_mat,8960,0.0003227843530463545
2022-11-07,доставка бетона,S2_mat,8034,0.0002784151775137589
2022-11-14,доставка бетона,S2_mat,6757,0.00022403533685462707
2022-11-21,доставка бетона,S2_mat,5841,0.00019466674968626418
2022-11-28,доставка бетона,S2_mat,5253,0.0001758897926592842
2022-12-05,доставка бетона,S2_mat,4982,0.00016713339483495607
2022-12-12,доставка бетона,S2_mat,4553,0.00015427416227749107
2022-12-19,доставка бетона,S2_mat,5091,0.00017504977741224234
2022-12-26,доставка бетона,S2_mat,3311,0.00013705891430406615
2023-01-02,доставка бетона,S2_mat,4368,0.0001785980921170492
2023-01-09,доставка бетона,S2_mat,5371,0.000188302945597525
2023-01-16,доставка бетона,S2_mat,6413,0.00021975848971696535
2023-01-23,доставка бетона,S2_mat,7945,0.0002724165813590742
2023-01-30,доставка бетона,S2_mat,8569,0.0002955528559106738
2023-02-06,доставка бетона,S2_mat,7963,0.0002746949184524755
2023-02-13,доставка бетона,S2_mat,8572,0.00029673412233720265
2023-02-20,доставка бетона,S2_mat,8629,0.0003159165107326652
2023-02-27,доставка бетона,S2_mat,9627,0.00033319829278733517
2023-03-06,доставка бетона,S2_mat,10125,0.00036767138828278377
2023-03-13,доставка бетона,S2_mat,12399,0.000432256462651853
2023-03-20,доставка бетона,S2_mat,13362,0.00048167632236697524
2023-03-27,доставка бетона,S2_mat,15356,0.0005592751725002251
2023-04-03,доставка бетона,S2_mat,18082,0.0006562682021354654
2023-04-10,доставка бетона,S2_mat,17721,0.0006535944588255142
2023-04-17,доставка бетона,S2_mat,18116,0.0006701231083436069
2023-04-24,доставка бетона,S2_mat,18794,0.0007090318910739983
2023-05-01,доставка бетона,S2_mat,19709,0.0007740572624972215
2023-05-08,доставка бетона,S2_mat,19724,0.0007824589603845614
2023-05-15,доставка бетона,S2_mat,21548,0.0008242238495859376
2023-05-22,доставка бетона,S2_mat,21229,0.0008441476135470991
2023-05-29,доставка бетона,S2_mat,22339,0.0009096157357784206
2023-06-05,доставка бетона,S2_mat,21918,0.000909031431700255
2023-06-12,доставка бетона,S2_mat,21684,0.0009222578241737678
2023-06-19,доставка бетона,S2_mat,21408,0.0008915965544166193
2023-06-26,доставка бетона,S2_mat,19429,0.0008299605834507991
2023-07-03,доставка бетона,S2_mat,19784,0.0008729427552914128
2023-07-10,доставка бетона,S2_mat,19788,0.0008586727720435724
2023-07-17,доставка бетона,S2_mat,20409,0.0008943887020451042
2023-07-24,доставка бетона,S2_mat,19517,0.0008482928313008196
2023-07-31,доставка бетона,S2_mat,19228,0.0008545198512063175
2023-08-07,доставка бетона,S2_mat,19604,0.0008530545465439064
2023-08-14,доставка бетона,S2_mat,19083,0.0008448233432597428
2023-08-21,доставка бетона,S2_mat,18608,0.0008283986854279803
2023-08-28,доставка бетона,S2_mat,17145,0.000764642284283931
2023-09-04,доставка бетона,S2_mat,17753,0.000724652685841808
2023-09-11,доставка бетона,S2_mat,17590,0.0006939171905498183
2023-09-18,доставка бетона,S2_mat,17791,0.0006866389382095195
2023-09-25,доставка бетона,S2_mat,18978,0.0007237459442597554
2023-10-02,доставка бетона,S2_mat,16985,0.0006415333338182069
2023-10-09,доставка бетона,S2_mat,14010,0.0005200411330487389
2023-10-16,доставка бетона,S2_mat,12390,0.00044929796779134953
2023-10-23,доставка бетона,S2_mat,8973,0.00033165620425019954
2023-10-30,доставка бетона,S2_mat,10677,0.0004178657372330763
2023-11-06,доставка бетона,S2_mat,9337,0.00034914256527785646
2023-11-13,доставка бетона,S2_mat,8866,0.0003199726704506749
2023-11-20,доставка бетона,S2_mat,7045,0.0002512667540289131
2023-11-27,доставка бетона,S2_mat,6187,0.0002185427028460472
2023-12-04,доставка бетона,S2_mat,5696,0.00019913781270237344
2023-12-11,доставка бетона,S2_mat,5746,0.00020465391595648097
2023-12-18,доставка бетона,S2_mat,6211,0.0002261549746571704
2023-12-25,доставка бетона,S2_mat,3715,0.00015518194434259338
2024-01-01,доставка бетона,S2_mat,4500,0.00019178185220377925
2024-01-08,доставка бетона,S2_mat,4290,0.0001581481991623089
2024-01-15,доставка бетона,S2_mat,4679,0.00016466636600232903
2024-01-22,доставка бетона,S2_mat,5566,0.0001948134757256645
2024-01-29,доставка бетона,S2_mat,6893,0.0002486461653672044
2024-02-05,доставка бетона,S2_mat,7184,0.0002649607687851459
2024-02-12,доставка бетона,S2_mat,8045,0.00029671160364334127
2024-02-19,доставка бетона,S2_mat,6482,0.0002494747104449374
2024-02-26,доставка бетона,S2_mat,7987,0.00027759341843195046
2024-03-04,доставка бетона,S2_mat,8327,0.0003091233072194982
2024-03-11,доставка бетона,S2_mat,9129,0.00034881040667644834
2024-03-18,доставка бетона,S2_mat,10308,0.0003967231847259856
2024-03-25,доставка бетона,S2_mat,11453,0.00046206479110101834
2024-04-01,доставка бетона,S2_mat,13746,0.0005333724710096366
2024-04-08,доставка бетона,S2_mat,16957,0.0006660308340484848
2024-04-15,доставка бетона,S2_mat,18598,0.0007234337855660502
2024-04-22,доставка бетона,S2_mat,19192,0.0007527693406210077
2024-04-29,доставка бетона,S2_mat,19757,0.0008612126653984107
2024-05-06,доставка бетона,S2_mat,19770,0.0008228926497491584
2024-05-13,доставка бетона,S2_mat,20853,0.0008344968093568944
2024-05-20,доставка бетона,S2_mat,20833,0.0008854854518786636
2024-05-27,доставка бетона,S2_mat,19468,0.0008577971706442446
2024-06-03,доставка бетона,S2_mat,20579,0.0009152826645650577
2024-06-10,доставка бетона,S2_mat,19488,0.0008923414268177221
2024-06-17,доставка бетона,S2_mat,18783,0.0008461465671081688
2024-06-24,доставка бетона,S2_mat,16544,0.0007786823942787882
2024-07-01,доставка бетона,S2_mat,15630,0.0007416883242464975
2024-07-08,доставка бетона,S2_mat,15942,0.000772758076916305
2024-07-15,доставка бетона,S2_mat,16587,0.0008006694610383234
2024-07-22,доставка бетона,S2_mat,17908,0.0008493616403421798
2024-07-29,доставка бетона,S2_mat,17438,0.0008202159149958667
2024-08-05,доставка бетона,S2_mat,21200,0.0009867889757840314
2024-08-12,доставка бетона,S2_mat,20234,0.0009715846102849283
2024-08-19,доставка бетона,S2_mat,19212,0.0009130876485628109
2024-08-26,доставка бетона,S2_mat,20665,0.0009741848055371489
2024-09-02,доставка бетона,S2_mat,18152,0.0008459493633408486
2024-09-09,доставка бетона,S2_mat,18303,0.0007940857286284195
2024-09-16,доставка бетона,S2_mat,17569,0.0007361968059178238
2024-09-23,доставка бетона,S2_mat,16679,0.0006833072617821093
2024-09-30,доставка бетона,S2_mat,16117,0.0006451765939728047
2024-10-07,доставка бетона,S2_mat,15345,0.0005917165435640341
2024-10-14,доставка бетона,S2_mat,12168,0.0004983834289613501
2024-10-21,доставка бетона,S2_mat,12227,0.0004729096660499021
2024-10-28,доставка бетона,S2_mat,10490,0.0004170527227110878
2024-11-04,доставка бетона,S2_mat,10018,0.00037668876009414623
2024-11-11,доставка бетона,S2_mat,14245,0.0005185327305338106
2024-11-18,доставка бетона,S2_mat,10451,0.0003920598178977919
2024-11-25,доставка бетона,S2_mat,12377,0.00042968808439256727
2024-12-02,доставка бетона,S2_mat,9120,0.0003310170085449591
2024-12-09,доставка бетона,S2_mat,9896,0.0003571199857812548
2024-12-16,доставка бетона,S2_mat,14605,0.0005112458578067741
2024-12-23,доставка бетона,S2_mat,14538,0.0005439621600734233
2024-12-30,доставка бетона,S2_mat,8937,0.00041330381098245703
2025-01-06,доставка бетона,S2_mat,11291,0.0004525787589563241
2025-01-13,доставка бетона,S2_mat,11272,0.00040406220424072444
2025-01-20,доставка бетона,S2_mat,10241,0.00035781938895241997
2025-01-27,доставка бетона,S2_mat,11718,0.0004058911151451181
2025-02-03,доставка бетона,S2_mat,12272,0.0004227907481925674
2025-02-10,доставка бетона,S2_mat,10008,0.0003488998365408449
2025-02-17,доставка бетона,S2_mat,8714,0.0003097280761158375
2025-02-24,доставка бетона,S2_mat,11331,0.0004057338891867802
2025-03-03,доставка бетона,S2_mat,7949,0.0002937397848539326
2025-03-10,доставка бетона,S2_mat,10022,0.0003589902250164056
2025-03-17,доставка бетона,S2_mat,10740,0.00039022756651381545
2025-03-24,доставка бетона,S2_mat,12760,0.0004874577121123001
2025-03-31,доставка бетона,S2_mat,14500,0.0005367741588509234
2025-04-07,доставка бетона,S2_mat,14368,0.0005312189032507542
2025-04-14,доставка бетона,S2_mat,14371,0.0005522597842445263
2025-04-21,доставка бетона,S2_mat,16291,0.0006173410016460862
2025-04-28,доставка бетона,S2_mat,15778,0.0006500728465377484
2025-05-05,доставка бетона,S2_mat,14351,0.0006045590743007968
2025-05-12,доставка бетона,S2_mat,17498,0.0006783666401551747
2025-05-19,доставка бетона,S2_mat,15634,0.000647799906934929
2025-05-26,доставка бетона,S2_mat,14647,0.0006286815942580785
2025-06-02,доставка бетона,S2_mat,15209,0.0006595672657186683
2025-06-09,доставка бетона,S2_mat,14798,0.0006228795679238578
2025-06-16,доставка бетона,S2_mat,16386,0.0006521369184216963
2025-06-23,доставка бетона,S2_mat,17337,0.0006978030919593423
2025-06-30,доставка бетона,S2_mat,16154,0.0006677621106913825
2025-07-07,доставка бетона,S2_mat,18837,0.0007927819198151158
2025-07-14,доставка бетона,S2_mat,16164,0.0006812699748997281
2025-07-21,доставка бетона,S2_mat,17802,0.000748931337833592
2025-07-28,доставка бетона,S2_mat,16333,0.0006891046283619333
2025-08-04,доставка бетона,S2_mat,16486,0.0006915799539884633
2025-08-11,доставка бетона,S2_mat,15471,0.0006549539615477965
2025-08-18,доставка бетона,S2_mat,14452,0.0006147802890698962
2025-08-25,доставка бетона,S2_mat,14169,0.0006026946948128081
2025-09-01,доставка бетона,S2_mat,12547,0.0005172077657734864
2025-09-08,доставка бетона,S2_mat,12249,0.00048207915622934863
2025-09-15,доставка бетона,S2_mat,11961,0.00046751615789644544
2025-09-22,доставка бетона,S2_mat,10454,0.00040117727809323254
2025-09-29,доставка бетона,S2_mat,9117,0.00035192695735271313
2025-10-06,доставка бетона,S2_mat,8623,0.0003286096716250692
2025-10-13,доставка бетона,S2_mat,7400,0.0002698654369278949
2025-10-20,доставка бетона,S2_mat,6610,0.00024392406529007626
2025-10-27,доставка бетона,S2_mat,9171,0.0003515516231708836
2025-11-03,доставка бетона,S2_mat,9272,0.00035431568611731586
2025-11-10,доставка бетона,S2_mat,7666,0.0002817778979442033
2025-11-17,доставка бетона,S2_mat,7711,0.0002788328478618771
2025-11-24,доставка бетона,S2_mat,7070,0.0002524356503661869
2025-12-01,доставка бетона,S2_mat,5139,0.00018407097624973995
2025-12-08,доставка бетона,S2_mat,4789,0.0001756333890030786
2025-12-15,доставка бетона,S2_mat,4218,0.00016190303669738257
2025-12-22,доставка бетона,S2_mat,2965,0.00012405486307868324
2025-12-29,доставка бетона,S2_mat,1537,7.632243911356191e-05
2026-01-05,доставка бетона,S2_mat,2528,0.0001188190262635658
2026-01-12,доставка бетона,S2_mat,2805,0.00011545699053238024
2026-01-19,доставка бетона,S2_mat,3409,0.00013578459204333071
2026-01-26,доставка бетона,S2_mat,3334,0.00013500210507114144
2026-02-02,доставка бетона,S2_mat,3521,0.0001433851981322832
2026-02-09,доставка бетона,S2_mat,3785,0.00015784030933768176
2026-02-16,доставка бетона,S2_mat,3400,0.0001480172797183378
2026-02-23,доставка бетона,S2_mat,3650,0.00016183652241711423
2026-03-02,доставка бетона,S2_mat,3726,0.00016957167954089505
2026-03-09,доставка бетона,S2_mat,5182,0.00020934099272085818
2026-03-16,доставка бетона,S2_mat,7083,0.000270007942693621
2026-03-23,доставка бетона,S2_mat,8393,0.00032270513301701614
2026-03-30,доставка бетона,S2_mat,9712,0.00038074512561245863
2026-04-06,доставка бетона,S2_mat,9732,0.00036788553907214216
2026-04-13,доставка бетона,S2_mat,10373,0.000390885487530971
2026-04-20,доставка бетона,S2_mat,10269,0.0003879801178253038
2026-04-27,доставка бетона,S2_mat,9873,0.0003979148005375728
2026-05-04,доставка бетона,S2_mat,9866,0.0004260877610257848
2026-05-11,доставка бетона,S2_mat,10877,0.0004504401145710934
2026-05-18,доставка бетона,S2_mat,11106,0.00045833640698187685
2026-05-25,доставка бетона,S2_mat,11304,0.0004659923961987561
2026-06-01,доставка бетона,S2_mat,12128,0.0005043185943099876
2026-06-08,доставка бетона,S2_mat,12142,0.0005071009961835354
2026-06-15,доставка бетона,S2_mat,12417,0.000509550578888545
2026-06-22,доставка бетона,S2_mat,12134,0.0004965901545365602
2026-06-29,доставка бетона,S2_mat,11465,0.0004845915777036168
2026-07-06,доставка бетона,S2_mat,11127,0.00045932351508865546
2026-07-13,доставка бетона,S2_mat,16541,0.000642748800573753
2026-07-20,доставка бетона,S2_mat,17689,0.000662633105685266
2026-07-27,доставка бетона,S2_mat,17070,0.0006605370093679832
2026-08-03,доставка бетона,S2_mat,17811,0.0007021988411100513
2026-08-10,доставка бетона,S2_mat,17855,0.0006930151059097318
2026-08-17,доставка бетона,S2_mat,16993,0.0006646915947682146
2018-01-01,бетон с доставкой цена,S2_mat,1802,0.00012261246025230813
2018-01-08,бетон с доставкой цена,S2_mat,2800,0.00016190229263597582
2018-01-15,бетон с доставкой цена,S2_mat,3217,0.00017428747764404855
2018-01-22,бетон с доставкой цена,S2_mat,3107,0.00016387841114336908
2018-01-29,бетон с доставкой цена,S2_mat,3491,0.00018478053909400991
2018-02-05,бетон с доставкой цена,S2_mat,3587,0.00018594596479623406
2018-02-12,бетон с доставкой цена,S2_mat,3272,0.00017357191414651242
2018-02-19,бетон с доставкой цена,S2_mat,3343,0.00017074638195350178
2018-02-26,бетон с доставкой цена,S2_mat,4108,0.00020294143964846227
2018-03-05,бетон с доставкой цена,S2_mat,3685,0.00019967841523002466
2018-03-12,бетон с доставкой цена,S2_mat,5261,0.0002657074141137741
2018-03-19,бетон с доставкой цена,S2_mat,5248,0.0002787072467073239
2018-03-26,бетон с доставкой цена,S2_mat,5430,0.00029479580163133394
2018-04-02,бетон с доставкой цена,S2_mat,6036,0.0003404156547107301
2018-04-09,бетон с доставкой цена,S2_mat,8235,0.0004658449434149829
2018-04-16,бетон с доставкой цена,S2_mat,9153,0.0005123995825785756
2018-04-23,бетон с доставкой цена,S2_mat,9326,0.0005180640559285379
2018-04-30,бетон с доставкой цена,S2_mat,8885,0.0005622727955146434
2018-05-07,бетон с доставкой цена,S2_mat,10220,0.0006092500871707513
2018-05-14,бетон с доставкой цена,S2_mat,11225,0.0006404396133607915
2018-05-21,бетон с доставкой цена,S2_mat,10966,0.0006546896846596566
2018-05-28,бетон с доставкой цена,S2_mat,11592,0.0006899761498244211
2018-06-04,бетон с доставкой цена,S2_mat,12363,0.0007325319113472615
2018-06-11,бетон с доставкой цена,S2_mat,11282,0.0007187834740695596
2018-06-18,бетон с доставкой цена,S2_mat,11510,0.000703980221911141
2018-06-25,бетон с доставкой цена,S2_mat,10974,0.0006848274703526447
2018-07-02,бетон с доставкой цена,S2_mat,11107,0.0006948450592390822
2018-07-09,бетон с доставкой цена,S2_mat,10978,0.0007160430452674899
2018-07-16,бетон с доставкой цена,S2_mat,11849,0.0007563235220953269
2018-07-23,бетон с доставкой цена,S2_mat,12330,0.0007783811640278202
2018-07-30,бетон с доставкой цена,S2_mat,11477,0.0007228834250607441
2018-08-06,бетон с доставкой цена,S2_mat,11494,0.0007221739836026973
2018-08-13,бетон с доставкой цена,S2_mat,11599,0.000721848933090785
2018-08-20,бетон с доставкой цена,S2_mat,11321,0.0007244292749754848
2018-08-27,бетон с доставкой цена,S2_mat,10853,0.000673257396073529
2018-09-03,бетон с доставкой цена,S2_mat,10740,0.0006147507072805625
2018-09-10,бетон с доставкой цена,S2_mat,11544,0.0006375889216587477
2018-09-17,бетон с доставкой цена,S2_mat,11741,0.0006096718274314571
2018-09-24,бетон с доставкой цена,S2_mat,10432,0.0005119576692041358
2018-10-01,бетон с доставкой цена,S2_mat,9338,0.000453695026367496
2018-10-08,бетон с доставкой цена,S2_mat,11756,0.000564286317253059
2018-10-15,бетон с доставкой цена,S2_mat,16098,0.0007718436762400504
2018-10-22,бетон с доставкой цена,S2_mat,13440,0.0006476007758972355
2018-10-29,бетон с доставкой цена,S2_mat,17130,0.0008455488278509035
2018-11-05,бетон с доставкой цена,S2_mat,8669,0.00044800325978107045
2018-11-12,бетон с доставкой цена,S2_mat,9332,0.0004651548517897562
2018-11-19,бетон с доставкой цена,S2_mat,7041,0.0003531276628184851
2018-11-26,бетон с доставкой цена,S2_mat,4690,0.0002375261598790456
2018-12-03,бетон с доставкой цена,S2_mat,5385,0.0002622471489509004
2018-12-10,бетон с доставкой цена,S2_mat,5269,0.00026356447593556666
2018-12-17,бетон с доставкой цена,S2_mat,5144,0.0002599994460151773
2018-12-24,бетон с доставкой цена,S2_mat,4223,0.00023384830715718094
2018-12-31,бетон с доставкой цена,S2_mat,5633,0.0003522683872219312
2019-01-07,бетон с доставкой цена,S2_mat,6978,0.00036291277217241575
2019-01-14,бетон с доставкой цена,S2_mat,5541,0.00026591874516851595
2019-01-21,бетон с доставкой цена,S2_mat,5919,0.0002776112133948263
2019-01-28,бетон с доставкой цена,S2_mat,6406,0.00030474743614759364
2019-02-04,бетон с доставкой цена,S2_mat,11772,0.0005522133808569332
2019-02-11,бетон с доставкой цена,S2_mat,11454,0.0005449318066632818
2019-02-18,бетон с доставкой цена,S2_mat,8209,0.0003998994661802968
2019-02-25,бетон с доставкой цена,S2_mat,8304,0.00039866312086290096
2019-03-04,бетон с доставкой цена,S2_mat,6686,0.0003467320948643039
2019-03-11,бетон с доставкой цена,S2_mat,7642,0.0003709430498164216
2019-03-18,бетон с доставкой цена,S2_mat,9594,0.000476747906641758
2019-03-25,бетон с доставкой цена,S2_mat,27754,0.0014223546359417225
2019-04-01,бетон с доставкой цена,S2_mat,21664,0.0011079341173032325
2019-04-08,бетон с доставкой цена,S2_mat,10318,0.0005258158859293651
2019-04-15,бетон с доставкой цена,S2_mat,9082,0.00046269667990474027
2019-04-22,бетон с доставкой цена,S2_mat,7597,0.0004120400520004417
2019-04-29,бетон с доставкой цена,S2_mat,7892,0.00046711247699171413
2019-05-06,бетон с доставкой цена,S2_mat,10109,0.0006063745873188751
2019-05-13,бетон с доставкой цена,S2_mat,11119,0.0005882952699027536
2019-05-20,бетон с доставкой цена,S2_mat,10857,0.0005805102172043915
2019-05-27,бетон с доставкой цена,S2_mat,10417,0.0005879340981175792
2019-06-03,бетон с доставкой цена,S2_mat,11139,0.0006402904745250131
2019-06-10,бетон с доставкой цена,S2_mat,9456,0.0005571316376469467
2019-06-17,бетон с доставкой цена,S2_mat,8677,0.0005191357189235598
2019-06-24,бетон с доставкой цена,S2_mat,8442,0.0004971935134129447
2019-07-01,бетон с доставкой цена,S2_mat,7781,0.00046501417728183643
2019-07-08,бетон с доставкой цена,S2_mat,8145,0.0004940772020735491
2019-07-15,бетон с доставкой цена,S2_mat,7175,0.0004374683993101264
2019-07-22,бетон с доставкой цена,S2_mat,7337,0.0004482758718235739
2019-07-29,бетон с доставкой цена,S2_mat,7291,0.0004389541193179729
2019-08-05,бетон с доставкой цена,S2_mat,8063,0.0004792711614611558
2019-08-12,бетон с доставкой цена,S2_mat,9414,0.0005716539094917186
2019-08-19,бетон с доставкой цена,S2_mat,7320,0.0004519289793905235
2019-08-26,бетон с доставкой цена,S2_mat,7876,0.00048487955170528765
2019-09-02,бетон с доставкой цена,S2_mat,8885,0.0005203678074219913
2019-09-09,бетон с доставкой цена,S2_mat,8582,0.0004739284577524832
2019-09-16,бетон с доставкой цена,S2_mat,8632,0.00045216465941911254
2019-09-23,бетон с доставкой цена,S2_mat,8546,0.0004428731858424288
2019-09-30,бетон с доставкой цена,S2_mat,6888,0.000351811699754477
2019-10-07,бетон с доставкой цена,S2_mat,6871,0.00034522818944215364
2019-10-14,бетон с доставкой цена,S2_mat,5412,0.00026913895522817687
2019-10-21,бетон с доставкой цена,S2_mat,8897,0.00044318106740681625
2019-10-28,бетон с доставкой цена,S2_mat,7484,0.00038359878770092144
2019-11-04,бетон с доставкой цена,S2_mat,6763,0.0003363160273360651
2019-11-11,бетон с доставкой цена,S2_mat,11175,0.0005420080370503793
2019-11-18,бетон с доставкой цена,S2_mat,13686,0.0006433366643782164
2019-11-25,бетон с доставкой цена,S2_mat,15936,0.0007226486901795005
2019-12-02,бетон с доставкой цена,S2_mat,14728,0.0006796943813655144
2019-12-09,бетон с доставкой цена,S2_mat,15462,0.0007142220836929677
2019-12-16,бетон с доставкой цена,S2_mat,16540,0.0007634449282386646
2019-12-23,бетон с доставкой цена,S2_mat,17837,0.0008906658766396592
2019-12-30,бетон с доставкой цена,S2_mat,11888,0.0006790685327524784
2020-01-06,бетон с доставкой цена,S2_mat,11778,0.0005794381481980926
2020-01-13,бетон с доставкой цена,S2_mat,19580,0.0008448612110566894
2020-01-20,бетон с доставкой цена,S2_mat,10967,0.00045035042246000765
2020-01-27,бетон с доставкой цена,S2_mat,9836,0.0004394239033434104
2020-02-03,бетон с доставкой цена,S2_mat,8915,0.00040115307782671823
2020-02-10,бетон с доставкой цена,S2_mat,9745,0.00043045233046218095
2020-02-17,бетон с доставкой цена,S2_mat,10354,0.00046261554891742
2020-02-24,бетон с доставкой цена,S2_mat,10835,0.0004889028556825728
2020-03-02,бетон с доставкой цена,S2_mat,8410,0.0003901964202614859
2020-03-09,бетон с доставкой цена,S2_mat,8120,0.00036774198019084726
2020-03-16,бетон с доставкой цена,S2_mat,8809,0.00039309723434171625
2020-03-23,бетон с доставкой цена,S2_mat,7681,0.0003445292228697791
2020-03-30,бетон с доставкой цена,S2_mat,7260,0.0003079427776064852
2020-04-06,бетон с доставкой цена,S2_mat,8647,0.000307365246636194
2020-04-13,бетон с доставкой цена,S2_mat,8262,0.00028884139026279064
2020-04-20,бетон с доставкой цена,S2_mat,10923,0.0003805768269836127
2020-04-27,бетон с доставкой цена,S2_mat,10719,0.00041182874824384946
2020-05-04,бетон с доставкой цена,S2_mat,11981,0.0005179414279479769
2020-05-11,бетон с доставкой цена,S2_mat,12495,0.0004762656139679307
2020-05-18,бетон с доставкой цена,S2_mat,13961,0.0005361836323178746
2020-05-25,бетон с доставкой цена,S2_mat,13789,0.0006008399265475129
2020-06-01,бетон с доставкой цена,S2_mat,13480,0.0006115231558369228
2020-06-08,бетон с доставкой цена,S2_mat,12281,0.0006033963958247419
2020-06-15,бетон с доставкой цена,S2_mat,13592,0.0006601105123878329
2020-06-22,бетон с доставкой цена,S2_mat,11507,0.0005730340898886412
2020-06-29,бетон с доставкой цена,S2_mat,13641,0.0006960424654666255
2020-07-06,бетон с доставкой цена,S2_mat,13336,0.00070272632949576
2020-07-13,бетон с доставкой цена,S2_mat,13909,0.0007367436739821453
2020-07-20,бетон с доставкой цена,S2_mat,13528,0.000714030165893371
2020-07-27,бетон с доставкой цена,S2_mat,13539,0.0007161317572985181
2020-08-03,бетон с доставкой цена,S2_mat,13887,0.0007380065258525982
2020-08-10,бетон с доставкой цена,S2_mat,12840,0.0006761010765717516
2020-08-17,бетон с доставкой цена,S2_mat,13033,0.0006836227054533429
2020-08-24,бетон с доставкой цена,S2_mat,12746,0.0006636822422014993
2020-08-31,бетон с доставкой цена,S2_mat,13406,0.0006702972665277472
2020-09-07,бетон с доставкой цена,S2_mat,11511,0.0005316202211694928
2020-09-14,бетон с доставкой цена,S2_mat,9922,0.00043929218049027185
2020-09-21,бетон с доставкой цена,S2_mat,11943,0.0005213736232848556
2020-09-28,бетон с доставкой цена,S2_mat,10585,0.0004586113940213625
2020-10-05,бетон с доставкой цена,S2_mat,9263,0.00039157964646392045
2020-10-12,бетон с доставкой цена,S2_mat,9945,0.00040561619784861317
2020-10-19,бетон с доставкой цена,S2_mat,8364,0.0003327398760106435
2020-10-26,бетон с доставкой цена,S2_mat,8752,0.00034834335371727035
2020-11-02,бетон с доставкой цена,S2_mat,6693,0.0002671332728604749
2020-11-09,бетон с доставкой цена,S2_mat,5287,0.00019689016259656248
2020-11-16,бетон с доставкой цена,S2_mat,5492,0.00020023627479369752
2020-11-23,бетон с доставкой цена,S2_mat,4684,0.00016859582462995482
2020-11-30,бетон с доставкой цена,S2_mat,3703,0.00013990871614820864
2020-12-07,бетон с доставкой цена,S2_mat,3556,0.00013654588917050314
2020-12-14,бетон с доставкой цена,S2_mat,4029,0.0001556574409723533
2020-12-21,бетон с доставкой цена,S2_mat,3805,0.00015407083512854707
2020-12-28,бетон с доставкой цена,S2_mat,2902,0.00014555252549448407
2021-01-04,бетон с доставкой цена,S2_mat,4309,0.0002005534784511929
2021-01-11,бетон с доставкой цена,S2_mat,5207,0.00021019539562137715
2021-01-18,бетон с доставкой цена,S2_mat,6633,0.00026612873958478764
2021-01-25,бетон с доставкой цена,S2_mat,6358,0.00025541112172673236
2021-02-01,бетон с доставкой цена,S2_mat,5426,0.00022097795866102935
2021-02-08,бетон с доставкой цена,S2_mat,5529,0.00021836411021702276
2021-02-15,бетон с доставкой цена,S2_mat,5410,0.00021108492984711554
2021-02-22,бетон с доставкой цена,S2_mat,5674,0.0002319824798915816
2021-03-01,бетон с доставкой цена,S2_mat,6449,0.0002664741374426686
2021-03-08,бетон с доставкой цена,S2_mat,6606,0.000267595010767098
2021-03-15,бетон с доставкой цена,S2_mat,7775,0.00030975649148591675
2021-03-22,бетон с доставкой цена,S2_mat,8801,0.0003690730738640201
2021-03-29,бетон с доставкой цена,S2_mat,9251,0.0003751100776863838
2021-04-05,бетон с доставкой цена,S2_mat,10055,0.0003945554141999908
2021-04-12,бетон с доставкой цена,S2_mat,11604,0.00046451880826306664
2021-04-19,бетон с доставкой цена,S2_mat,13643,0.0005375328129987073
2021-04-26,бетон с доставкой цена,S2_mat,12558,0.0005270405876831418
2021-05-03,бетон с доставкой цена,S2_mat,13902,0.0006345231729423735
2021-05-10,бетон с доставкой цена,S2_mat,13860,0.0005819592012740462
2021-05-17,бетон с доставкой цена,S2_mat,15288,0.0006191743532267439
2021-05-24,бетон с доставкой цена,S2_mat,16907,0.0007130720069724583
2021-05-31,бетон с доставкой цена,S2_mat,17039,0.0007292796683137285
2021-06-07,бетон с доставкой цена,S2_mat,16878,0.0007139392694933295
2021-06-14,бетон с доставкой цена,S2_mat,15356,0.0006771390062092579
2021-06-21,бетон с доставкой цена,S2_mat,15842,0.0006957092197549079
2021-06-28,бетон с доставкой цена,S2_mat,15819,0.0007036352214382876
2021-07-05,бетон с доставкой цена,S2_mat,20160,0.0009242663895940985
2021-07-12,бетон с доставкой цена,S2_mat,17548,0.000807981916882158
2021-07-19,бетон с доставкой цена,S2_mat,16869,0.0007674505430807878
2021-07-26,бетон с доставкой цена,S2_mat,17225,0.0007755709681200746
2021-08-02,бетон с доставкой цена,S2_mat,17285,0.0007734539925618802
2021-08-09,бетон с доставкой цена,S2_mat,16712,0.0007465141401173289
2021-08-16,бетон с доставкой цена,S2_mat,18016,0.0007961182972239885
2021-08-23,бетон с доставкой цена,S2_mat,16717,0.0007254352166391983
2021-08-30,бетон с доставкой цена,S2_mat,15110,0.0006378832972396012
2021-09-06,бетон с доставкой цена,S2_mat,15313,0.000638464279208387
2021-09-13,бетон с доставкой цена,S2_mat,16649,0.0006609032258607459
2021-09-20,бетон с доставкой цена,S2_mat,19913,0.0007687301433351996
2021-09-27,бетон с доставкой цена,S2_mat,16620,0.0006599145404714182
2021-10-04,бетон с доставкой цена,S2_mat,15424,0.0006111036604017719
2021-10-11,бетон с доставкой цена,S2_mat,14806,0.0005621889382424151
2021-10-18,бетон с доставкой цена,S2_mat,11119,0.0004191468510158279
2021-10-25,бетон с доставкой цена,S2_mat,9584,0.00037231045880820095
2021-11-01,бетон с доставкой цена,S2_mat,9612,0.00038784089093434347
2021-11-08,бетон с доставкой цена,S2_mat,8338,0.0003045341670651445
2021-11-15,бетон с доставкой цена,S2_mat,8100,0.00029183281536005
2021-11-22,бетон с доставкой цена,S2_mat,6301,0.00022788414581816728
2021-11-29,бетон с доставкой цена,S2_mat,5869,0.00021452550733448475
2021-12-06,бетон с доставкой цена,S2_mat,5322,0.0001926675918939483
2021-12-13,бетон с доставкой цена,S2_mat,4923,0.00017675016902583121
2021-12-20,бетон с доставкой цена,S2_mat,3980,0.00014554027382192853
2021-12-27,бетон с доставкой цена,S2_mat,2333,0.00010239056298912555
2022-01-03,бетон с доставкой цена,S2_mat,5116,0.00021742861282719302
2022-01-10,бетон с доставкой цена,S2_mat,5533,0.00020106651976084628
2022-01-17,бетон с доставкой цена,S2_mat,4936,0.00017361478542540835
2022-01-24,бетон с доставкой цена,S2_mat,5765,0.00019779058420747497
2022-01-31,бетон с доставкой цена,S2_mat,6268,0.0002113150615888299
2022-02-07,бетон с доставкой цена,S2_mat,6756,0.00022263412912016745
2022-02-14,бетон с доставкой цена,S2_mat,8688,0.00029294142938367056
2022-02-21,бетон с доставкой цена,S2_mat,6966,0.0002449634655206949
2022-02-28,бетон с доставкой цена,S2_mat,8093,0.000279776269350906
2022-03-07,бетон с доставкой цена,S2_mat,8019,0.00028628263229703874
2022-03-14,бетон с доставкой цена,S2_mat,10924,0.0003731099220159072
2022-03-21,бетон с доставкой цена,S2_mat,11243,0.0003939804908388021
2022-03-28,бетон с доставкой цена,S2_mat,12052,0.00042158277012654434
2022-04-04,бетон с доставкой цена,S2_mat,11965,0.00041814619330165386
2022-04-11,бетон с доставкой цена,S2_mat,13342,0.00047459630776522615
2022-04-18,бетон с доставкой цена,S2_mat,13328,0.0004789214215265287
2022-04-25,бетон с доставкой цена,S2_mat,14088,0.0005285450969323495
2022-05-02,бетон с доставкой цена,S2_mat,15775,0.0006272354549846488
2022-05-09,бетон с доставкой цена,S2_mat,15307,0.0005642290358916727
2022-05-16,бетон с доставкой цена,S2_mat,15817,0.0005544458577974447
2022-05-23,бетон с доставкой цена,S2_mat,15546,0.0005662426607433318
2022-05-30,бетон с доставкой цена,S2_mat,14743,0.0005768077952676385
2022-06-06,бетон с доставкой цена,S2_mat,14498,0.0005845633350493844
2022-06-13,бетон с доставкой цена,S2_mat,14151,0.0005721435826548475
2022-06-20,бетон с доставкой цена,S2_mat,12852,0.0005031444445048558
2022-06-27,бетон с доставкой цена,S2_mat,12375,0.0005157968510456778
2022-07-04,бетон с доставкой цена,S2_mat,12213,0.0005203579232359257
2022-07-11,бетон с доставкой цена,S2_mat,12743,0.0005345957807171274
2022-07-18,бетон с доставкой цена,S2_mat,12655,0.0005331847153933447
2022-07-25,бетон с доставкой цена,S2_mat,12725,0.0005361968649996493
2022-08-01,бетон с доставкой цена,S2_mat,12279,0.0005184395594478715
2022-08-08,бетон с доставкой цена,S2_mat,12215,0.0005124420542722535
2022-08-15,бетон с доставкой цена,S2_mat,12233,0.0005012617197570554
2022-08-22,бетон с доставкой цена,S2_mat,12356,0.0005036075705778906
2022-08-29,бетон с доставкой цена,S2_mat,11044,0.0004354087323562325
2022-09-05,бетон с доставкой цена,S2_mat,10947,0.0004026817684691943
2022-09-12,бетон с доставкой цена,S2_mat,9731,0.0003540086580389711
2022-09-19,бетон с доставкой цена,S2_mat,8275,0.0002963729290701618
2022-09-26,бетон с доставкой цена,S2_mat,6092,0.00022308682714500827
2022-10-03,бетон с доставкой цена,S2_mat,6604,0.00024120169985678084
2022-10-10,бетон с доставкой цена,S2_mat,6303,0.00022792123663014543
2022-10-17,бетон с доставкой цена,S2_mat,5427,0.00018612314343617706
2022-10-24,бетон с доставкой цена,S2_mat,4865,0.00017156663431088044
2022-10-31,бетон с доставкой цена,S2_mat,4570,0.00016463443006940179
2022-11-07,бетон с доставкой цена,S2_mat,4114,0.00014256908641916904
2022-11-14,бетон с доставкой цена,S2_mat,3410,0.0001130620835687847
2022-11-21,бетон с доставкой цена,S2_mat,2897,9.65501752852435e-05
2022-11-28,бетон с доставкой цена,S2_mat,2697,9.03054960597924e-05
2022-12-05,бетон с доставкой цена,S2_mat,2636,8.843107763648017e-05
2022-12-12,бетон с доставкой цена,S2_mat,2413,8.176225644093696e-05
2022-12-19,бетон с доставкой цена,S2_mat,2672,9.187448541455735e-05
2022-12-26,бетон с доставкой цена,S2_mat,1731,7.165478123235836e-05
2023-01-02,бетон с доставкой цена,S2_mat,2426,9.919390372618163e-05
2023-01-09,бетон с доставкой цена,S2_mat,2970,0.00010412581426636553
2023-01-16,бетон с доставкой цена,S2_mat,3528,0.00012089629685349349
2023-01-23,бетон с доставкой цена,S2_mat,4221,0.00014472880930354337
2023-01-30,бетон с доставкой цена,S2_mat,4896,0.00016886763712669608
2023-02-06,бетон с доставкой цена,S2_mat,4322,0.00014909348707165633
2023-02-13,бетон с доставкой цена,S2_mat,4377,0.0001515171784262641
2023-02-20,бетон с доставкой цена,S2_mat,4320,0.00015815961598854023
2023-02-27,бетон с доставкой цена,S2_mat,4813,0.00016658184098737345
2023-03-06,бетон с доставкой цена,S2_mat,5607,0.00020360824435571048
2023-03-13,бетон с доставкой цена,S2_mat,6912,0.00024096755140330734
2023-03-20,бетон с доставкой цена,S2_mat,7435,0.00026801851944308194
2023-03-27,бетон с доставкой цена,S2_mat,8407,0.0003061882244861547
2023-04-03,бетон с доставкой цена,S2_mat,10013,0.00036341187412799547
2023-04-10,бетон с доставкой цена,S2_mat,9909,0.0003654685115118797
2023-04-17,бетон с доставкой цена,S2_mat,10021,0.00037068357632541866
2023-04-24,бетон с доставкой цена,S2_mat,10236,0.00038616848127239785
2023-05-01,бетон с доставкой цена,S2_mat,10854,0.00042628329834820856
2023-05-08,бетон с доставкой цена,S2_mat,10676,0.000423521185411964
2023-05-15,бетон с доставкой цена,S2_mat,11702,0.00044760847818148513
2023-05-22,бетон с доставкой цена,S2_mat,11315,0.0004499284114788933
2023-05-29,бетон с доставкой цена,S2_mat,11723,0.00047734568559606186
2023-06-05,бетон с доставкой цена,S2_mat,11510,0.0004773679979409588
2023-06-12,бетон с доставкой цена,S2_mat,11485,0.0004884768082750287
2023-06-19,бетон с доставкой цена,S2_mat,11255,0.0004687462266423323
2023-06-26,бетон с доставкой цена,S2_mat,10228,0.00043691578812778695
2023-07-03,бетон с доставкой цена,S2_mat,10543,0.0004651958890536476
2023-07-10,бетон с доставкой цена,S2_mat,10567,0.0004585402861423302
2023-07-17,бетон с доставкой цена,S2_mat,10946,0.00047968929063578377
2023-07-24,бетон с доставкой цена,S2_mat,10292,0.0004473346221113919
2023-07-31,бетон с доставкой цена,S2_mat,9945,0.00044197003953852867
2023-08-07,бетон с доставкой цена,S2_mat,9455,0.00041142780746646784
2023-08-14,бетон с доставкой цена,S2_mat,9443,0.00041805097890278
2023-08-21,бетон с доставкой цена,S2_mat,9324,0.0004150897110345275
2023-08-28,бетон с доставкой цена,S2_mat,8948,0.00039906790083246507
2023-09-04,бетон с доставкой цена,S2_mat,9280,0.0003787966498401385
2023-09-11,бетон с доставкой цена,S2_mat,9246,0.0003647503322241967
2023-09-18,бетон с доставкой цена,S2_mat,9683,0.0003737128232636039
2023-09-25,бетон с доставкой цена,S2_mat,9996,0.00038120794914219176
2023-10-02,бетон с доставкой цена,S2_mat,8770,0.00033124800339038413
2023-10-09,бетон с доставкой цена,S2_mat,7169,0.0002661081286813996
2023-10-16,бетон с доставкой цена,S2_mat,6166,0.00022359735830520267
2023-10-23,бетон с доставкой цена,S2_mat,4438,0.00016403546578205565
2023-10-30,бетон с доставкой цена,S2_mat,5134,0.00020092935234191384
2023-11-06,бетон с доставкой цена,S2_mat,4560,0.0001705140942130262
2023-11-13,бетон с доставкой цена,S2_mat,4285,0.0001546450364179046
2023-11-20,бетон с доставкой цена,S2_mat,2980,0.00010628458864530318
2023-11-27,бетон с доставкой цена,S2_mat,2914,0.00010293089317817707
2023-12-04,бетон с доставкой цена,S2_mat,2425,8.478040656658281e-05
2023-12-11,бетон с доставкой цена,S2_mat,2691,9.584470724658725e-05
2023-12-18,бетон с доставкой цена,S2_mat,2698,9.823959452987372e-05
2023-12-25,бетон с доставкой цена,S2_mat,1709,7.138787156971523e-05
2024-01-01,бетон с доставкой цена,S2_mat,2249,9.584830791251103e-05
2024-01-08,бетон с доставкой цена,S2_mat,2346,8.648384038106682e-05
2024-01-15,бетон с доставкой цена,S2_mat,2525,8.886141785763642e-05
2024-01-22,бетон с доставкой цена,S2_mat,2991,0.0001046868677498136
2024-01-29,бетон с доставкой цена,S2_mat,3755,0.00013545137834815793
2024-02-05,бетон с доставкой цена,S2_mat,3848,0.0001419221935252285
2024-02-12,бетон с доставкой цена,S2_mat,4293,0.00015833224542459467
2024-02-19,бетон с доставкой цена,S2_mat,3479,0.00013389733379172124
2024-02-26,бетон с доставкой цена,S2_mat,4487,0.0001559486250787732
2024-03-04,бетон с доставкой цена,S2_mat,4463,0.00016567999521083468
2024-03-11,бетон с доставкой цена,S2_mat,4962,0.00018959330024411622
2024-03-18,бетон с доставкой цена,S2_mat,5711,0.0002197988075252332
2024-03-25,бетон с доставкой цена,S2_mat,6334,0.0002555416385954641
2024-04-01,бетон с доставкой цена,S2_mat,7568,0.00029365363455557475
2024-04-08,бетон с доставкой цена,S2_mat,8900,0.0003495709396138182
2024-04-15,бетон с доставкой цена,S2_mat,9667,0.0003760315305445213
2024-04-22,бетон с доставкой цена,S2_mat,10043,0.0003939173868203824
2024-04-29,бетон с доставкой цена,S2_mat,9997,0.0004357717779008915
2024-05-06,бетон с доставкой цена,S2_mat,9482,0.0003946721347962327
2024-05-13,бетон с доставкой цена,S2_mat,10569,0.0004229509796237001
2024-05-20,бетон с доставкой цена,S2_mat,10550,0.0004484170075034753
2024-05-27,бетон с доставкой цена,S2_mat,9890,0.00043577224253501016
2024-06-03,бетон с доставкой цена,S2_mat,10208,0.00045401649447884303
2024-06-10,бетон с доставкой цена,S2_mat,9960,0.00045606119720363874
2024-06-17,бетон с доставкой цена,S2_mat,9421,0.0004244022152332459
2024-06-24,бетон с доставкой цена,S2_mat,8504,0.00040026082452531515
2024-07-01,бетон с доставкой цена,S2_mat,8142,0.00038636124990498933
2024-07-08,бетон с доставкой цена,S2_mat,8330,0.000403780879482676
2024-07-15,бетон с доставкой цена,S2_mat,8406,0.000405765207059031
2024-07-22,бетон с доставкой цена,S2_mat,9127,0.00043288606719918887
2024-07-29,бетон с доставкой цена,S2_mat,8703,0.0004093553795279865
2024-08-05,бетон с доставкой цена,S2_mat,10054,0.00046798001710059677
2024-08-12,бетон с доставкой цена,S2_mat,9825,0.0004717712165686182
2024-08-19,бетон с доставкой цена,S2_mat,8624,0.0004098723652511805
2024-08-26,бетон с доставкой цена,S2_mat,9711,0.00045779378884932274
2024-09-02,бетон с доставкой цена,S2_mat,8670,0.000404053601816062
2024-09-09,бетон с доставкой цена,S2_mat,8691,0.000377063818363634
2024-09-16,бетон с доставкой цена,S2_mat,8112,0.0003399185206673907
2024-09-23,бетон с доставкой цена,S2_mat,6835,0.0002800170954062424
2024-09-30,бетон с доставкой цена,S2_mat,7114,0.00028477919523003866
2024-10-07,бетон с доставкой цена,S2_mat,6225,0.00024004141307827382
2024-10-14,бетон с доставкой цена,S2_mat,5000,0.00020479266476058103
2024-10-21,бетон с доставкой цена,S2_mat,5230,0.00020228327091199706
2024-10-28,бетон с доставкой цена,S2_mat,4457,0.00017719771068859088
2024-11-04,бетон с доставкой цена,S2_mat,4337,0.00016307637777284012
2024-11-11,бетон с доставкой цена,S2_mat,5628,0.0002048650198276087
2024-11-18,бетон с доставкой цена,S2_mat,4613,0.00017305252511362685
2024-11-25,бетон с доставкой цена,S2_mat,5489,0.00019055973945469838
2024-12-02,бетон с доставкой цена,S2_mat,3675,0.0001333867879827549
2024-12-09,бетон с доставкой цена,S2_mat,3642,0.00013142997051488782
2024-12-16,бетон с доставкой цена,S2_mat,5592,0.00019574713021947832
2024-12-23,бетон с доставкой цена,S2_mat,5682,0.00021260097630603874
2024-12-30,бетон с доставкой цена,S2_mat,3750,0.0001734238884619239
2025-01-06,бетон с доставкой цена,S2_mat,4599,0.00018434237113100122
2025-01-13,бетон с доставкой цена,S2_mat,4498,0.00016123773905915353
2025-01-20,бетон с доставкой цена,S2_mat,4511,0.00015761383298158057
2025-01-27,бетон с доставкой цена,S2_mat,5205,0.00018029213639958523
2025-02-03,бетон с доставкой цена,S2_mat,5486,0.00018900179633184687
2025-02-10,бетон с доставкой цена,S2_mat,4257,0.00014840793406818313
2025-02-17,бетон с доставкой цена,S2_mat,3764,0.0001337866052903388
2025-02-24,бетон с доставкой цена,S2_mat,3725,0.000133382643828502
2025-03-03,бетон с доставкой цена,S2_mat,3507,0.00012959434211633433
2025-03-10,бетон с доставкой цена,S2_mat,4820,0.00017265345086600226
2025-03-17,бетон с доставкой цена,S2_mat,5188,0.00018850098836812614
2025-03-24,бетон с доставкой цена,S2_mat,5845,0.00022329077800128483
2025-03-31,бетон с доставкой цена,S2_mat,6618,0.0002449911298810628
2025-04-07,бетон с доставкой цена,S2_mat,6799,0.00025137509209367185
2025-04-14,бетон с доставкой цена,S2_mat,6481,0.0002490568270606621
2025-04-21,бетон с доставкой цена,S2_mat,7220,0.0002735990443732578
2025-04-28,бетон с доставкой цена,S2_mat,6852,0.00028231075830122024
2025-05-05,бетон с доставкой цена,S2_mat,6514,0.00027441278029373493
2025-05-12,бетон с доставкой цена,S2_mat,7598,0.00029456107737450095
2025-05-19,бетон с доставкой цена,S2_mat,7092,0.0002938593411783623
2025-05-26,бетон с доставкой цена,S2_mat,6467,0.00027757792517696405
2025-06-02,бетон с доставкой цена,S2_mat,7042,0.00030538974851672445
2025-06-09,бетон с доставкой цена,S2_mat,6921,0.000291319738451211
2025-06-16,бетон с доставкой цена,S2_mat,7519,0.0002992443237893772
2025-06-23,бетон с доставкой цена,S2_mat,7890,0.0003175674220199118
2025-06-30,бетон с доставкой цена,S2_mat,7447,0.000307838581052292
2025-07-07,бетон с доставкой цена,S2_mat,8170,0.00034384606279606606
2025-07-14,бетон с доставкой цена,S2_mat,7144,0.0003011007609925549
2025-07-21,бетон с доставкой цена,S2_mat,8139,0.00034240827764451214
2025-07-28,бетон с доставкой цена,S2_mat,7474,0.00031533508800447494
2025-08-04,бетон с доставкой цена,S2_mat,7773,0.00032607369782556867
2025-08-11,бетон с доставкой цена,S2_mat,7068,0.00029921883525433555
2025-08-18,бетон с доставкой цена,S2_mat,6493,0.0002762087196879903
2025-08-25,бетон с доставкой цена,S2_mat,6412,0.00027274178722137946
2025-09-01,бетон с доставкой цена,S2_mat,5818,0.00023982743135969904
2025-09-08,бетон с доставкой цена,S2_mat,5558,0.00021874405668403295
2025-09-15,бетон с доставкой цена,S2_mat,5478,0.00021411700635036606
2025-09-22,бетон с доставкой цена,S2_mat,4532,0.00017391767977028216
2025-09-29,бетон с доставкой цена,S2_mat,4246,0.00016390060995059996
2025-10-06,бетон с доставкой цена,S2_mat,3858,0.00014702262705897215
2025-10-13,бетон с доставкой цена,S2_mat,3249,0.00011848551413226087
2025-10-20,бетон с доставкой цена,S2_mat,2954,0.00010900933265762258
2025-10-27,бетон с доставкой цена,S2_mat,4135,0.00015850681079616221
2025-11-03,бетон с доставкой цена,S2_mat,4012,0.0001533126113786315
2025-11-10,бетон с доставкой цена,S2_mat,3418,0.00012563486240194194
2025-11-17,бетон с доставкой цена,S2_mat,3323,0.00012016101069187104
2025-11-24,бетон с доставкой цена,S2_mat,3090,0.00011032901833543389
2025-12-01,бетон с доставкой цена,S2_mat,2250,8.059149573105952e-05
2025-12-08,бетон с доставкой цена,S2_mat,2057,7.543910653149565e-05
2025-12-15,бетон с доставкой цена,S2_mat,1860,7.139394221363955e-05
2025-12-22,бетон с доставкой цена,S2_mat,1299,5.434983714644504e-05
2025-12-29,бетон с доставкой цена,S2_mat,767,3.808673441776317e-05
2026-01-05,бетон с доставкой цена,S2_mat,1289,6.058454305923113e-05
2026-01-12,бетон с доставкой цена,S2_mat,1360,5.597914692479042e-05
2026-01-19,бетон с доставкой цена,S2_mat,1647,6.560200149468046e-05
2026-01-26,бетон с доставкой цена,S2_mat,1586,6.422115736137683e-05
2026-02-02,бетон с доставкой цена,S2_mat,1781,7.252741774314013e-05
2026-02-09,бетон с доставкой цена,S2_mat,1836,7.656401795085437e-05
2026-02-16,бетон с доставкой цена,S2_mat,1614,7.026467337217565e-05
2026-02-23,бетон с доставкой цена,S2_mat,1785,7.914471027795861e-05
2026-03-02,бетон с доставкой цена,S2_mat,1653,7.52286597641169e-05
2026-03-09,бетон с доставкой цена,S2_mat,2447,9.885322446698958e-05
2026-03-16,бетон с доставкой цена,S2_mat,3432,0.0001308297697761552
2026-03-23,бетон с доставкой цена,S2_mat,4071,0.00015652717699419426
2026-03-30,бетон с доставкой цена,S2_mat,4524,0.00017735697572804398
2026-04-06,бетон с доставкой цена,S2_mat,4504,0.00017025857665237652
2026-04-13,бетон с доставкой цена,S2_mat,4849,0.00018272474009810836
2026-04-20,бетон с доставкой цена,S2_mat,4805,0.0001815409938796947
2026-04-27,бетон с доставкой цена,S2_mat,4653,0.00018753140554049694
2026-05-04,бетон с доставкой цена,S2_mat,4533,0.0001957688851337809
2026-05-11,бетон с доставкой цена,S2_mat,4907,0.00020320949179004829
2026-05-18,бетон с доставкой цена,S2_mat,4727,0.00019507979432769058
2026-05-25,бетон с доставкой цена,S2_mat,5259,0.00021679529472834908
2026-06-01,бетон с доставкой цена,S2_mat,5295,0.00022018197203754823
2026-06-08,бетон с доставкой цена,S2_mat,5377,0.0002245661387315821
2026-06-15,бетон с доставкой цена,S2_mat,5485,0.00022508536081208575
2026-06-22,бетон с доставкой цена,S2_mat,4980,0.00020380904644734377
2026-06-29,бетон с доставкой цена,S2_mat,4685,0.00019802106773148234
2026-07-06,бетон с доставкой цена,S2_mat,4828,0.00019930025441251267
2026-07-13,бетон с доставкой цена,S2_mat,7736,0.0003006048437965391
2026-07-20,бетон с доставкой цена,S2_mat,7823,0.0002930509800314227
2026-07-27,бетон с доставкой цена,S2_mat,7435,0.0002877031437991186
2026-08-03,бетон с доставкой цена,S2_mat,7849,0.0003094468982018299
2026-08-10,бетон с доставкой цена,S2_mat,8138,0.00031586429190105835
2026-08-17,бетон с доставкой цена,S2_mat,7261,0.00028401845875431094
2018-01-01,блоки бетонные купить,S2_mat,481,3.2728409201642733e-05
2018-01-08,блоки бетонные купить,S2_mat,704,4.070686214847392e-05
2018-01-15,блоки бетонные купить,S2_mat,686,3.716543663780457e-05
2018-01-22,блоки бетонные купить,S2_mat,752,3.966416645632879e-05
2018-01-29,блоки бетонные купить,S2_mat,642,3.398141108517742e-05
2018-02-05,блоки бетонные купить,S2_mat,722,3.7427651681873706e-05
2018-02-12,блоки бетонные купить,S2_mat,711,3.771687987719142e-05
2018-02-19,блоки бетонные купить,S2_mat,663,3.386325193992572e-05
2018-02-26,блоки бетонные купить,S2_mat,802,3.9620018159217806e-05
2018-03-05,блоки бетонные купить,S2_mat,620,3.359582562893224e-05
2018-03-12,блоки бетонные купить,S2_mat,742,3.7474795908082185e-05
2018-03-19,блоки бетонные купить,S2_mat,823,4.370732927593894e-05
2018-03-26,блоки бетонные купить,S2_mat,875,4.750392751886137e-05
2018-04-02,блоки бетонные купить,S2_mat,965,5.4423642610313876e-05
2018-04-09,блоки бетонные купить,S2_mat,1103,6.239550365351866e-05
2018-04-16,блоки бетонные купить,S2_mat,1274,7.132055809080141e-05
2018-04-23,блоки бетонные купить,S2_mat,1420,7.888172414953074e-05
2018-04-30,блоки бетонные купить,S2_mat,1408,8.91029933691185e-05
2018-05-07,блоки бетонные купить,S2_mat,1572,9.37124400227418e-05
2018-05-14,блоки бетонные купить,S2_mat,1493,8.518274768353334e-05
2018-05-21,блоки бетонные купить,S2_mat,1468,8.764220837865912e-05
2018-05-28,блоки бетонные купить,S2_mat,1397,8.315188762117981e-05
2018-06-04,блоки бетонные купить,S2_mat,1416,8.390076732732526e-05
2018-06-11,блоки бетонные купить,S2_mat,1236,7.874635471990566e-05
2018-06-18,блоки бетонные купить,S2_mat,1226,7.498520869357592e-05
2018-06-25,блоки бетонные купить,S2_mat,1212,7.563430782462232e-05
2018-07-02,блоки бетонные купить,S2_mat,1174,7.344450342546884e-05
2018-07-09,блоки бетонные купить,S2_mat,1293,8.433627778564988e-05
2018-07-16,блоки бетонные купить,S2_mat,1263,8.061748741719958e-05
2018-07-23,блоки бетонные купить,S2_mat,1256,7.92900845108631e-05
2018-07-30,блоки бетонные купить,S2_mat,1093,6.884304117725828e-05
2018-08-06,блоки бетонные купить,S2_mat,1200,7.53966226138191e-05
2018-08-13,блоки бетонные купить,S2_mat,1287,8.009479928337273e-05
2018-08-20,блоки бетонные купить,S2_mat,1056,6.757329868157513e-05
2018-08-27,блоки бетонные купить,S2_mat,1086,6.736916356176656e-05
2018-09-03,блоки бетонные купить,S2_mat,927,5.306088506974688e-05
2018-09-10,блоки бетонные купить,S2_mat,944,5.2138248617971053e-05
2018-09-17,блоки бетонные купить,S2_mat,1011,5.249793182294551e-05
2018-09-24,блоки бетонные купить,S2_mat,980,4.809418288152351e-05
2018-10-01,блоки бетонные купить,S2_mat,919,4.46504314876557e-05
2018-10-08,блоки бетонные купить,S2_mat,952,4.569586373127868e-05
2018-10-15,блоки бетонные купить,S2_mat,949,4.5501282690508626e-05
2018-10-22,блоки бетонные купить,S2_mat,794,3.825855774273847e-05
2018-10-29,блоки бетонные купить,S2_mat,901,4.4473992638275775e-05
2018-11-05,блоки бетонные купить,S2_mat,744,3.844900510752294e-05
2018-11-12,блоки бетонные купить,S2_mat,536,2.671699534497528e-05
2018-11-19,блоки бетонные купить,S2_mat,536,2.6882037675146712e-05
2018-11-26,блоки бетонные купить,S2_mat,480,2.4309713591032388e-05
2018-12-03,блоки бетонные купить,S2_mat,515,2.508027515500719e-05
2018-12-10,блоки бетонные купить,S2_mat,540,2.7011732208237993e-05
2018-12-17,блоки бетонные купить,S2_mat,403,2.0369318962697598e-05
2018-12-24,блоки бетонные купить,S2_mat,527,2.918258533550423e-05
2018-12-31,блоки бетонные купить,S2_mat,298,1.8635891956707882e-05
2019-01-07,блоки бетонные купить,S2_mat,508,2.6420133027169275e-05
2019-01-14,блоки бетонные купить,S2_mat,612,2.9370559834530183e-05
2019-01-21,блоки бетонные купить,S2_mat,681,3.194006357862421e-05
2019-01-28,блоки бетонные купить,S2_mat,767,3.648786817439967e-05
2019-02-04,блоки бетонные купить,S2_mat,720,3.377451870684607e-05
2019-02-11,блоки бетонные купить,S2_mat,862,4.1010233747489865e-05
2019-02-18,блоки бетонные купить,S2_mat,837,4.077425425665836e-05
2019-02-25,блоки бетонные купить,S2_mat,924,4.435991373763493e-05
2019-03-04,блоки бетонные купить,S2_mat,852,4.4184227464012404e-05
2019-03-11,блоки бетонные купить,S2_mat,952,4.6210126069776675e-05
2019-03-18,блоки бетонные купить,S2_mat,1096,5.4462758565704264e-05
2019-03-25,блоки бетонные купить,S2_mat,1539,7.887165038244256e-05
2019-04-01,блоки бетонные купить,S2_mat,1294,6.617737942163879e-05
2019-04-08,блоки бетонные купить,S2_mat,1493,7.608481466297171e-05
2019-04-15,блоки бетонные купить,S2_mat,1517,7.728593519219237e-05
2019-04-22,блоки бетонные купить,S2_mat,1334,7.235243245604702e-05
2019-04-29,блоки бетонные купить,S2_mat,1457,8.623706018460813e-05
2019-05-06,блоки бетонные купить,S2_mat,1539,9.231481747786615e-05
2019-05-13,блоки бетонные купить,S2_mat,1668,8.825222683674727e-05
2019-05-20,блоки бетонные купить,S2_mat,1542,8.244881228048004e-05
2019-05-27,блоки бетонные купить,S2_mat,1456,8.217644685218349e-05
2019-06-03,блоки бетонные купить,S2_mat,1408,8.093446342860386e-05
2019-06-10,блоки бетонные купить,S2_mat,1321,7.78311012406532e-05
2019-06-17,блоки бетонные купить,S2_mat,1512,9.046135842023998e-05
2019-06-24,блоки бетонные купить,S2_mat,1448,8.52802899102042e-05
2019-07-01,блоки бетонные купить,S2_mat,1295,7.739279778691404e-05
2019-07-08,блоки бетонные купить,S2_mat,1434,8.698670445346462e-05
2019-07-15,блоки бетонные купить,S2_mat,1314,8.011616399909493e-05
2019-07-22,блоки бетонные купить,S2_mat,1317,8.046603832515289e-05
2019-07-29,блоки бетонные купить,S2_mat,1194,7.188468227481274e-05
2019-08-05,блоки бетонные купить,S2_mat,1144,6.800027393173287e-05
2019-08-12,блоки бетонные купить,S2_mat,1330,8.076266195283468e-05
2019-08-19,блоки бетонные купить,S2_mat,1062,6.556674537059234e-05
2019-08-26,блоки бетонные купить,S2_mat,1132,6.969066182457918e-05
2019-09-02,блоки бетонные купить,S2_mat,1045,6.120251646099955e-05
2019-09-09,блоки бетонные купить,S2_mat,1312,7.245329020872266e-05
2019-09-16,блоки бетонные купить,S2_mat,1048,5.4896728808066486e-05
2019-09-23,блоки бетонные купить,S2_mat,1091,5.653810504962437e-05
2019-09-30,блоки бетонные купить,S2_mat,999,5.102495471177737e-05
2019-10-07,блоки бетонные купить,S2_mat,1135,5.702721510942284e-05
2019-10-14,блоки бетонные купить,S2_mat,988,4.913327564032496e-05
2019-10-21,блоки бетонные купить,S2_mat,1102,5.489328271128599e-05
2019-10-28,блоки бетонные купить,S2_mat,878,4.5002637039204835e-05
2019-11-04,блоки бетонные купить,S2_mat,576,2.864380182545815e-05
2019-11-11,блоки бетонные купить,S2_mat,952,4.6173749554537904e-05
2019-11-18,блоки бетонные купить,S2_mat,670,3.149463430757014e-05
2019-11-25,блоки бетонные купить,S2_mat,731,3.314860645840956e-05
2019-12-02,блоки бетонные купить,S2_mat,635,2.9305128474137807e-05
2019-12-09,блоки бетонные купить,S2_mat,632,2.9193400394124668e-05
2019-12-16,блоки бетонные купить,S2_mat,692,3.194098490575308e-05
2019-12-23,блоки бетонные купить,S2_mat,905,4.518992085882669e-05
2019-12-30,блоки бетонные купить,S2_mat,420,2.3991317610703306e-05
2020-01-06,блоки бетонные купить,S2_mat,743,3.655311123375639e-05
2020-01-13,блоки бетонные купить,S2_mat,1084,4.67737258828116e-05
2020-01-20,блоки бетонные купить,S2_mat,992,4.073562679678377e-05
2020-01-27,блоки бетонные купить,S2_mat,789,3.524862339751432e-05
2020-02-03,блоки бетонные купить,S2_mat,805,3.6223020487998676e-05
2020-02-10,блоки бетонные купить,S2_mat,859,3.794341219774381e-05
2020-02-17,блоки бетонные купить,S2_mat,978,4.3696929383932474e-05
2020-02-24,блоки бетонные купить,S2_mat,1032,4.656647411762022e-05
2020-03-02,блоки бетонные купить,S2_mat,1100,5.1036392662025505e-05
2020-03-09,блоки бетонные купить,S2_mat,1340,6.068648441573096e-05
2020-03-16,блоки бетонные купить,S2_mat,1183,5.279078535886597e-05
2020-03-23,блоки бетонные купить,S2_mat,1212,5.436393934620131e-05
2020-03-30,блоки бетонные купить,S2_mat,1159,4.9160561879602806e-05
2020-04-06,блоки бетонные купить,S2_mat,1480,5.2607906212740495e-05
2020-04-13,блоки бетонные купить,S2_mat,1743,6.0935674561612696e-05
2020-04-20,блоки бетонные купить,S2_mat,1784,6.215774597992905e-05
2020-04-27,блоки бетонные купить,S2_mat,2154,8.27576381861416e-05
2020-05-04,блоки бетонные купить,S2_mat,2216,9.579819750711268e-05
2020-05-11,блоки бетонные купить,S2_mat,2311,8.808722159903064e-05
2020-05-18,блоки бетонные купить,S2_mat,2424,9.309570408556177e-05
2020-05-25,блоки бетонные купить,S2_mat,2381,0.00010374935565375503
2020-06-01,блоки бетонные купить,S2_mat,2273,0.00010311514341374817
2020-06-08,блоки бетонные купить,S2_mat,1898,9.325351024145916e-05
2020-06-15,блоки бетонные купить,S2_mat,1978,9.606375761500393e-05
2020-06-22,блоки бетонные купить,S2_mat,1885,9.38706230503249e-05
2020-06-29,блоки бетонные купить,S2_mat,1869,9.536715548399116e-05
2020-07-06,блоки бетонные купить,S2_mat,1864,9.822149656419439e-05
2020-07-13,блоки бетонные купить,S2_mat,1742,9.227172910179718e-05
2020-07-20,блоки бетонные купить,S2_mat,1668,8.803979277869182e-05
2020-07-27,блоки бетонные купить,S2_mat,1672,8.843875457590089e-05
2020-08-03,блоки бетонные купить,S2_mat,1636,8.694308895332689e-05
2020-08-10,блоки бетонные купить,S2_mat,1571,8.272233577057802e-05
2020-08-17,блоки бетонные купить,S2_mat,1519,7.967642826545138e-05
2020-08-24,блоки бетонные купить,S2_mat,1373,7.149189695140894e-05
2020-08-31,блоки бетонные купить,S2_mat,1519,7.594969027716305e-05
2020-09-07,блоки бетонные купить,S2_mat,1409,6.507279051583837e-05
2020-09-14,блоки бетонные купить,S2_mat,1519,6.725305605369108e-05
2020-09-21,блоки бетонные купить,S2_mat,1319,5.758116127545211e-05
2020-09-28,блоки бетонные купить,S2_mat,1290,5.589123271493223e-05
2020-10-05,блоки бетонные купить,S2_mat,1291,5.457511859925741e-05
2020-10-12,блоки бетонные купить,S2_mat,1218,4.967727792655715e-05
2020-10-19,блоки бетонные купить,S2_mat,1056,4.2010199553711086e-05
2020-10-26,блоки бетонные купить,S2_mat,1015,4.0398595066616705e-05
2020-11-02,блоки бетонные купить,S2_mat,944,3.767724631410255e-05
2020-11-09,блоки бетонные купить,S2_mat,892,3.3218465109917485e-05
2020-11-16,блоки бетонные купить,S2_mat,833,3.0370869792998912e-05
2020-11-23,блоки бетонные купить,S2_mat,788,2.836325999325457e-05
2020-11-30,блоки бетонные купить,S2_mat,728,2.750568332592381e-05
2020-12-07,блоки бетонные купить,S2_mat,766,2.9413428319630314e-05
2020-12-14,блоки бетонные купить,S2_mat,686,2.65031036254739e-05
2020-12-21,блоки бетонные купить,S2_mat,605,2.4497465243829426e-05
2020-12-28,блоки бетонные купить,S2_mat,352,1.7654889377690693e-05
2021-01-04,блоки бетонные купить,S2_mat,656,3.0532161026684274e-05
2021-01-11,блоки бетонные купить,S2_mat,894,3.608885801527005e-05
2021-01-18,блоки бетонные купить,S2_mat,841,3.37425403272737e-05
2021-01-25,блоки бетонные купить,S2_mat,932,3.7439944235500876e-05
2021-02-01,блоки бетонные купить,S2_mat,935,3.807858299816853e-05
2021-02-08,блоки бетонные купить,S2_mat,827,3.266180487420471e-05
2021-02-15,блоки бетонные купить,S2_mat,893,3.48426695662614e-05
2021-02-22,блоки бетонные купить,S2_mat,879,3.593806835119849e-05
2021-03-01,блоки бетонные купить,S2_mat,953,3.937817537337001e-05
2021-03-08,блоки бетонные купить,S2_mat,991,4.014330240239088e-05
2021-03-15,блоки бетонные купить,S2_mat,1330,5.298728407411824e-05
2021-03-22,блоки бетонные купить,S2_mat,1291,5.413854543329734e-05
2021-03-29,блоки бетонные купить,S2_mat,1686,6.836402453564405e-05
2021-04-05,блоки бетонные купить,S2_mat,1802,7.070998074474226e-05
2021-04-12,блоки бетонные купить,S2_mat,2302,9.215118033622712e-05
2021-04-19,блоки бетонные купить,S2_mat,2381,9.381115793813107e-05
2021-04-26,блоки бетонные купить,S2_mat,2145,9.002246062910807e-05
2021-05-03,блоки бетонные купить,S2_mat,2121,9.680791611356454e-05
2021-05-10,блоки бетонные купить,S2_mat,2021,8.485855308620832e-05
2021-05-17,блоки бетонные купить,S2_mat,2348,9.50955900952639e-05
2021-05-24,блоки бетонные купить,S2_mat,2255,9.510719676600778e-05
2021-05-31,блоки бетонные купить,S2_mat,2406,0.0001029782781831581
2021-06-07,блоки бетонные купить,S2_mat,2426,0.00010261978124130924
2021-06-14,блоки бетонные купить,S2_mat,1816,8.007843418051657e-05
2021-06-21,блоки бетонные купить,S2_mat,2044,8.976326506621839e-05
2021-06-28,блоки бетонные купить,S2_mat,1920,8.540234055006716e-05
2021-07-05,блоки бетонные купить,S2_mat,1979,9.073031671660321e-05
2021-07-12,блоки бетонные купить,S2_mat,1976,9.098314723952269e-05
2021-07-19,блоки бетонные купить,S2_mat,1869,8.502964402264464e-05
2021-07-26,блоки бетонные купить,S2_mat,1999,9.00067556036011e-05
2021-08-02,блоки бетонные купить,S2_mat,1837,8.220046192283332e-05
2021-08-09,блоки бетонные купить,S2_mat,2046,9.139348556007988e-05
2021-08-16,блоки бетонные купить,S2_mat,2141,9.460975101890316e-05
2021-08-23,блоки бетонные купить,S2_mat,1955,8.483734213851964e-05
2021-08-30,блоки бетонные купить,S2_mat,1992,8.409421099280513e-05
2021-09-06,блоки бетонные купить,S2_mat,1845,7.692591883624856e-05
2021-09-13,блоки бетонные купить,S2_mat,1876,7.447020552073754e-05
2021-09-20,блоки бетонные купить,S2_mat,1745,6.736474163209578e-05
2021-09-27,блоки бетонные купить,S2_mat,1475,5.85664228156042e-05
2021-10-04,блоки бетонные купить,S2_mat,1475,5.843995715071404e-05
2021-10-11,блоки бетонные купить,S2_mat,1451,5.509497159190493e-05
2021-10-18,блоки бетонные купить,S2_mat,1484,5.594153493187234e-05
2021-10-25,блоки бетонные купить,S2_mat,1432,5.562902514746909e-05
2021-11-01,блоки бетонные купить,S2_mat,1451,5.854735047292264e-05
2021-11-08,блоки бетонные купить,S2_mat,1233,4.503365651131245e-05
2021-11-15,блоки бетонные купить,S2_mat,1105,3.981176061393274e-05
2021-11-22,блоки бетонные купить,S2_mat,1174,4.2459290142918325e-05
2021-11-29,блоки бетонные купить,S2_mat,875,3.198327124172332e-05
2021-12-06,блоки бетонные купить,S2_mat,846,3.06269790947539e-05
2021-12-13,блоки бетонные купить,S2_mat,1043,3.744676544666706e-05
2021-12-20,блоки бетонные купить,S2_mat,756,2.7645338444567328e-05
2021-12-27,блоки бетонные купить,S2_mat,541,2.3743375300950246e-05
2022-01-03,блоки бетонные купить,S2_mat,867,3.684726491813455e-05
2022-01-10,блоки бетонные купить,S2_mat,1026,3.7284339286938054e-05
2022-01-17,блоки бетонные купить,S2_mat,1196,4.206711575542715e-05
2022-01-24,блоки бетонные купить,S2_mat,1230,4.219989914574054e-05
2022-01-31,блоки бетонные купить,S2_mat,1290,4.349017700216825e-05
2022-02-07,блоки бетонные купить,S2_mat,1425,4.6958797216731594e-05
2022-02-14,блоки бетонные купить,S2_mat,1329,4.4811137160554577e-05
2022-02-21,блоки бетонные купить,S2_mat,1225,4.30778416972224e-05
2022-02-28,блоки бетонные купить,S2_mat,1256,4.342011544603212e-05
2022-03-07,блоки бетонные купить,S2_mat,1337,4.773162231963347e-05
2022-03-14,блоки бетонные купить,S2_mat,1571,5.365760595816461e-05
2022-03-21,блоки бетонные купить,S2_mat,1967,6.892818869340244e-05
2022-03-28,блоки бетонные купить,S2_mat,2022,7.073019923629875e-05
2022-04-04,блоки бетонные купить,S2_mat,2223,7.76881728131698e-05
2022-04-11,блоки бетонные купить,S2_mat,2597,9.237944920299e-05
2022-04-18,блоки бетонные купить,S2_mat,2864,0.00010291348673859379
2022-04-25,блоки бетонные купить,S2_mat,2974,0.00011157674036604254
2022-05-02,блоки бетонные купить,S2_mat,2845,0.00011312106937758009
2022-05-09,блоки бетонные купить,S2_mat,3126,0.00011522701810918985
2022-05-16,блоки бетонные купить,S2_mat,3199,0.00011213708662161128
2022-05-23,блоки бетонные купить,S2_mat,2789,0.00010158566710492426
2022-05-30,блоки бетонные купить,S2_mat,2776,0.00010860872547398524
2022-06-06,блоки бетонные купить,S2_mat,2761,0.00011132427700864604
2022-06-13,блоки бетонные купить,S2_mat,2774,0.00011215647645286886
2022-06-20,блоки бетонные купить,S2_mat,2493,9.759874728840692e-05
2022-06-27,блоки бетонные купить,S2_mat,2116,8.819605145960843e-05
2022-07-04,блоки бетонные купить,S2_mat,2589,0.00011030923305148709
2022-07-11,блоки бетонные купить,S2_mat,2383,9.997188616879185e-05
2022-07-18,блоки бетонные купить,S2_mat,2418,0.00010187598908108317
2022-07-25,блоки бетонные купить,S2_mat,2332,9.826413274492591e-05
2022-08-01,блоки бетонные купить,S2_mat,2196,9.271872893130758e-05
2022-08-08,блоки бетонные купить,S2_mat,2037,8.545595289010072e-05
2022-08-15,блоки бетонные купить,S2_mat,2078,8.514852069444628e-05
2022-08-22,блоки бетонные купить,S2_mat,2131,8.68555950875271e-05
2022-08-29,блоки бетонные купить,S2_mat,2139,8.432988758692335e-05
2022-09-05,блоки бетонные купить,S2_mat,1666,6.128325808620424e-05
2022-09-12,блоки бетонные купить,S2_mat,1638,5.958957783042182e-05
2022-09-19,блоки бетонные купить,S2_mat,1279,4.58079729644395e-05
2022-09-26,блоки бетонные купить,S2_mat,1213,4.441961939049492e-05
2022-10-03,блоки бетонные купить,S2_mat,1182,4.317086753947834e-05
2022-10-10,блоки бетонные купить,S2_mat,1339,4.841925049147464e-05
2022-10-17,блоки бетонные купить,S2_mat,1283,4.400147282635253e-05
2022-10-24,блоки бетонные купить,S2_mat,1152,4.062585050896901e-05
2022-10-31,блоки бетонные купить,S2_mat,1200,4.3230047282993904e-05
2022-11-07,блоки бетонные купить,S2_mat,1088,3.770422120176372e-05
2022-11-14,блоки бетонные купить,S2_mat,991,3.285763191104564e-05
2022-11-21,блоки бетонные купить,S2_mat,834,2.7795252394854363e-05
2022-11-28,блоки бетонные купить,S2_mat,816,2.732268623833541e-05
2022-12-05,блоки бетонные купить,S2_mat,708,2.37515944486449e-05
2022-12-12,блоки бетонные купить,S2_mat,702,2.3786615839841585e-05
2022-12-19,блоки бетонные купить,S2_mat,618,2.1249413168486694e-05
2022-12-26,блоки бетонные купить,S2_mat,413,1.709614364469324e-05
2023-01-02,блоки бетонные купить,S2_mat,685,2.8008171497293658e-05
2023-01-09,блоки бетонные купить,S2_mat,990,3.470860475545517e-05
2023-01-16,блоки бетонные купить,S2_mat,1017,3.485020802154276e-05
2023-01-23,блоки бетонные купить,S2_mat,1084,3.7167976613371484e-05
2023-01-30,блоки бетонные купить,S2_mat,1173,4.045787139493761e-05
2023-02-06,блоки бетонные купить,S2_mat,1175,4.053328257963817e-05
2023-02-13,блоки бетонные купить,S2_mat,1196,4.140154110071096e-05
2023-02-20,блоки бетонные купить,S2_mat,927,3.393841759754093e-05
2023-02-27,блоки бетонные купить,S2_mat,1162,4.0217764227576965e-05
2023-03-06,блоки бетонные купить,S2_mat,1218,4.4229506264536355e-05
2023-03-13,блоки бетонные купить,S2_mat,1478,5.152633694648268e-05
2023-03-20,блоки бетонные купить,S2_mat,1775,6.398559139360732e-05
2023-03-27,блоки бетонные купить,S2_mat,1878,6.839794047638856e-05
2023-04-03,блоки бетонные купить,S2_mat,2326,8.441985610922975e-05
2023-04-10,блоки бетонные купить,S2_mat,2418,8.918184083517258e-05
2023-04-17,блоки бетонные купить,S2_mat,2513,9.295757182973527e-05
2023-04-24,блоки бетонные купить,S2_mat,2606,9.831526594332443e-05
2023-05-01,блоки бетонные купить,S2_mat,2471,9.704680580600915e-05
2023-05-08,блоки бетонные купить,S2_mat,2498,9.909665803288555e-05
2023-05-15,блоки бетонные купить,S2_mat,2522,9.646800392870496e-05
2023-05-22,блоки бетонные купить,S2_mat,2438,9.694436298590738e-05
2023-05-29,блоки бетонные купить,S2_mat,2585,0.00010525792009432908
2023-06-05,блоки бетонные купить,S2_mat,2404,9.970396759774674e-05
2023-06-12,блоки бетонные купить,S2_mat,2314,9.841840090103757e-05
2023-06-19,блоки бетонные купить,S2_mat,2153,8.966775885925735e-05
2023-06-26,блоки бетонные купить,S2_mat,2238,9.560202716366712e-05
2023-07-03,блоки бетонные купить,S2_mat,1993,8.793848116133165e-05
2023-07-10,блоки бетонные купить,S2_mat,2053,8.908708313146625e-05
2023-07-17,блоки бетонные купить,S2_mat,2117,9.277381950264519e-05
2023-07-24,блоки бетонные купить,S2_mat,2086,9.066653922700772e-05
2023-07-31,блоки бетонные купить,S2_mat,1977,8.786071072575878e-05
2023-08-07,блоки бетонные купить,S2_mat,2056,8.946542275526788e-05
2023-08-14,блоки бетонные купить,S2_mat,1817,8.044039274238603e-05
2023-08-21,блоки бетонные купить,S2_mat,1686,7.50580494213013e-05
2023-08-28,блоки бетонные купить,S2_mat,1763,7.862725851225256e-05
2023-09-04,блоки бетонные купить,S2_mat,1697,6.926917185115463e-05
2023-09-11,блоки бетонные купить,S2_mat,1665,6.56834634602301e-05
2023-09-18,блоки бетонные купить,S2_mat,1755,6.773376069685271e-05
2023-09-25,блоки бетонные купить,S2_mat,1632,6.22380325130109e-05
2023-10-02,блоки бетонные купить,S2_mat,1514,5.718466101859082e-05
2023-10-09,блоки бетонные купить,S2_mat,1345,4.992543354393674e-05
2023-10-16,блоки бетонные купить,S2_mat,1290,4.677920730031e-05
2023-10-23,блоки бетонные купить,S2_mat,1155,4.269061806630786e-05
2023-10-30,блоки бетонные купить,S2_mat,1092,4.273760279652705e-05
2023-11-06,блоки бетонные купить,S2_mat,1115,4.1693687510421974e-05
2023-11-13,блоки бетонные купить,S2_mat,953,3.439363353705089e-05
2023-11-20,блоки бетонные купить,S2_mat,840,2.9959414249011635e-05
2023-11-27,блоки бетонные купить,S2_mat,765,2.7022008675808325e-05
2023-12-04,блоки бетонные купить,S2_mat,621,2.1710776279524915e-05
2023-12-11,блоки бетонные купить,S2_mat,590,2.1013889734480292e-05
2023-12-18,блоки бетонные купить,S2_mat,536,1.9516835681249933e-05
2023-12-25,блоки бетонные купить,S2_mat,521,2.1763066757063566e-05
2024-01-01,блоки бетонные купить,S2_mat,558,2.3780949673268633e-05
2024-01-08,блоки бетонные купить,S2_mat,712,2.6247440047450797e-05
2024-01-15,блоки бетонные купить,S2_mat,845,2.9737781421664466e-05
2024-01-22,блоки бетонные купить,S2_mat,814,2.849050830770587e-05
2024-01-29,блоки бетонные купить,S2_mat,1104,3.9823787402494364e-05
2024-02-05,блоки бетонные купить,S2_mat,1017,3.750906206215108e-05
2024-02-12,блоки бетонные купить,S2_mat,1048,3.8651803681568886e-05
2024-02-19,блоки бетонные купить,S2_mat,1000,3.848730491282588e-05
2024-02-26,блоки бетонные купить,S2_mat,1300,4.5182351816894406e-05
2024-03-04,блоки бетонные купить,S2_mat,1275,4.733183820161645e-05
2024-03-11,блоки бетонные купить,S2_mat,1322,5.051236253984716e-05
2024-03-18,блоки бетонные купить,S2_mat,1412,5.4343532870885876e-05
2024-03-25,блоки бетонные купить,S2_mat,1775,7.161136856756375e-05
2024-04-01,блоки бетонные купить,S2_mat,2186,8.482120046755898e-05
2024-04-08,блоки бетонные купить,S2_mat,2437,9.571959324032302e-05
2024-04-15,блоки бетонные купить,S2_mat,2423,9.425099808724271e-05
2024-04-22,блоки бетонные купить,S2_mat,2535,9.94305063815264e-05
2024-04-29,блоки бетонные купить,S2_mat,2314,0.00010086784976119463
2024-05-06,блоки бетонные купить,S2_mat,2196,9.140476777183368e-05
2024-05-13,блоки бетонные купить,S2_mat,2525,0.00010104562622290119
2024-05-20,блоки бетонные купить,S2_mat,2390,0.00010158451639178255
2024-05-27,блоки бетонные купить,S2_mat,2238,9.861054386181526e-05
2024-06-03,блоки бетонные купить,S2_mat,2171,9.655856284419751e-05
2024-06-10,блоки бетонные купить,S2_mat,1980,9.066276811879567e-05
2024-06-17,блоки бетонные купить,S2_mat,1964,8.847531586010985e-05
2024-06-24,блоки бетонные купить,S2_mat,1780,8.377989977129127e-05
2024-07-01,блоки бетонные купить,S2_mat,1866,8.854705137837263e-05
2024-07-08,блоки бетонные купить,S2_mat,1848,8.957827914573653e-05
2024-07-15,блоки бетонные купить,S2_mat,1958,9.45144272450134e-05
2024-07-22,блоки бетонные купить,S2_mat,1899,9.006800061479781e-05
2024-07-29,блоки бетонные купить,S2_mat,1852,8.711090002135251e-05
2024-08-05,блоки бетонные купить,S2_mat,1717,7.992059770854632e-05
2024-08-12,блоки бетонные купить,S2_mat,1619,7.774021370224864e-05
2024-08-19,блоки бетонные купить,S2_mat,1546,7.347665545898947e-05
2024-08-26,блоки бетонные купить,S2_mat,1659,7.820820674503412e-05
2024-09-02,блоки бетонные купить,S2_mat,1582,7.372696632906691e-05
2024-09-09,блоки бетонные купить,S2_mat,1629,7.067506157109192e-05
2024-09-16,блоки бетонные купить,S2_mat,1573,6.591368750120879e-05
2024-09-23,блоки бетонные купить,S2_mat,1464,5.9977326653217095e-05
2024-09-30,блоки бетонные купить,S2_mat,1338,5.356122620435644e-05
2024-10-07,блоки бетонные купить,S2_mat,1227,4.731418696338024e-05
2024-10-14,блоки бетонные купить,S2_mat,986,4.0385113490786586e-05
2024-10-21,блоки бетонные купить,S2_mat,1156,4.4711178044793236e-05
2024-10-28,блоки бетонные купить,S2_mat,1117,4.4408759892114875e-05
2024-11-04,блоки бетонные купить,S2_mat,900,3.38410744744192e-05
2024-11-11,блоки бетонные купить,S2_mat,1059,3.854869509549353e-05
2024-11-18,блоки бетонные купить,S2_mat,821,3.079907286327502e-05
2024-11-25,блоки бетонные купить,S2_mat,897,3.114084282945244e-05
2024-12-02,блоки бетонные купить,S2_mat,815,2.9581015566243603e-05
2024-12-09,блоки бетонные купить,S2_mat,780,2.814809912180464e-05
2024-12-16,блоки бетонные купить,S2_mat,721,2.5238498012919143e-05
2024-12-23,блоки бетонные купить,S2_mat,521,1.9494035314228477e-05
2024-12-30,блоки бетонные купить,S2_mat,456,2.1088344836969948e-05
2025-01-06,блоки бетонные купить,S2_mat,839,3.362975633374864e-05
2025-01-13,блоки бетонные купить,S2_mat,991,3.552392161129861e-05
2025-01-20,блоки бетонные купить,S2_mat,1119,3.909773422886026e-05
2025-01-27,блоки бетонные купить,S2_mat,1211,4.194693125454327e-05
2025-02-03,блоки бетонные купить,S2_mat,1277,4.399476739259359e-05
2025-02-10,блоки бетонные купить,S2_mat,1268,4.4205135165246936e-05
2025-02-17,блоки бетонные купить,S2_mat,1118,3.973789179452678e-05
2025-02-24,блоки бетонные купить,S2_mat,1099,3.935235585705334e-05
2025-03-03,блоки бетонные купить,S2_mat,1184,4.375240977067005e-05
2025-03-10,блоки бетонные купить,S2_mat,1705,6.107347172749665e-05
2025-03-17,блоки бетонные купить,S2_mat,1742,6.329389393548106e-05
2025-03-24,блоки бетонные купить,S2_mat,1962,7.495235353952452e-05
2025-03-31,блоки бетонные купить,S2_mat,1961,7.259407762114901e-05
2025-04-07,блоки бетонные купить,S2_mat,2051,7.583031532344772e-05
2025-04-14,блоки бетонные купить,S2_mat,1987,7.635795639091739e-05
2025-04-21,блоки бетонные купить,S2_mat,1937,7.340184888518011e-05
2025-04-28,блоки бетонные купить,S2_mat,1899,7.824111646439246e-05
2025-05-05,блоки бетонные купить,S2_mat,1958,8.248391523106126e-05
2025-05-12,блоки бетонные купить,S2_mat,2220,8.606548983566623e-05
2025-05-19,блоки бетонные купить,S2_mat,2044,8.469380899162049e-05
2025-05-26,блоки бетонные купить,S2_mat,1940,8.326908533219581e-05
2025-06-02,блоки бетонные купить,S2_mat,1988,8.621340812996992e-05
2025-06-09,блоки бетонные купить,S2_mat,1987,8.363709294936516e-05
2025-06-16,блоки бетонные купить,S2_mat,2136,8.500942620216914e-05
2025-06-23,блоки бетонные купить,S2_mat,1905,7.667502394777338e-05
2025-06-30,блоки бетонные купить,S2_mat,1910,7.895416809586113e-05
2025-07-07,блоки бетонные купить,S2_mat,1883,7.924873148653519e-05
2025-07-14,блоки бетонные купить,S2_mat,1842,7.763544257394823e-05
2025-07-21,блоки бетонные купить,S2_mat,1900,7.993312784427731e-05
2025-07-28,блоки бетонные купить,S2_mat,1680,7.088077974946721e-05
2025-08-04,блоки бетонные купить,S2_mat,1716,7.198539373069289e-05
2025-08-11,блоки бетонные купить,S2_mat,1626,6.883557245664256e-05
2025-08-18,блоки бетонные купить,S2_mat,1750,7.444405659232758e-05
2025-08-25,блоки бетонные купить,S2_mat,1521,6.46974825894757e-05
2025-09-01,блоки бетонные купить,S2_mat,1623,6.690270214795317e-05
2025-09-08,блоки бетонные купить,S2_mat,1400,5.509925861058764e-05
2025-09-15,блоки бетонные купить,S2_mat,1519,5.937271497740161e-05
2025-09-22,блоки бетонные купить,S2_mat,1213,4.654945842042195e-05
2025-09-29,блоки бетонные купить,S2_mat,1360,5.249760469449269e-05
2025-10-06,блоки бетонные купить,S2_mat,1205,4.592075313791121e-05
2025-10-13,блоки бетонные купить,S2_mat,1089,3.971398119114561e-05
2025-10-20,блоки бетонные купить,S2_mat,1045,3.856288172891524e-05
2025-10-27,блоки бетонные купить,S2_mat,1034,3.9636285940322064e-05
2025-11-03,блоки бетонные купить,S2_mat,981,3.748745557388771e-05
2025-11-10,блоки бетонные купить,S2_mat,809,2.973627960303424e-05
2025-11-17,блоки бетонные купить,S2_mat,910,3.2905964408547295e-05
2025-11-24,блоки бетонные купить,S2_mat,876,3.1277741120336594e-05
2025-12-01,блоки бетонные купить,S2_mat,702,2.514454666809057e-05
2025-12-08,блоки бетонные купить,S2_mat,694,2.5451988299882345e-05
2025-12-15,блоки бетонные купить,S2_mat,521,1.999798058779903e-05
2025-12-22,блоки бетонные купить,S2_mat,440,1.8409490642367835e-05
2025-12-29,блоки бетонные купить,S2_mat,328,1.6287417065223362e-05
2026-01-05,блоки бетонные купить,S2_mat,464,2.1808555453439295e-05
2026-01-12,блоки бетонные купить,S2_mat,585,2.4079265405148818e-05
2026-01-19,блоки бетонные купить,S2_mat,622,2.4775012100601848e-05
2026-01-26,блоки бетонные купить,S2_mat,703,2.846625070936186e-05
2026-02-02,блоки бетонные купить,S2_mat,631,2.5696126106637522e-05
2026-02-09,блоки бетонные купить,S2_mat,688,2.8690655964154575e-05
2026-02-16,блоки бетонные купить,S2_mat,649,2.82538866285886e-05
2026-02-23,блоки бетонные купить,S2_mat,634,2.8110782249986415e-05
2026-03-02,блоки бетонные купить,S2_mat,616,2.8034394685236543e-05
2026-03-09,блоки бетонные купить,S2_mat,994,4.0155335153325554e-05
2026-03-16,блоки бетонные купить,S2_mat,1278,4.871807860545639e-05
2026-03-23,блоки бетонные купить,S2_mat,1600,6.151891014264575e-05
2026-03-30,блоки бетонные купить,S2_mat,1873,7.342829698024456e-05
2026-04-06,блоки бетонные купить,S2_mat,1848,6.985742665488272e-05
2026-04-13,блоки бетонные купить,S2_mat,2022,7.619497308277482e-05
2026-04-20,блоки бетонные купить,S2_mat,2052,7.752801653301426e-05
2026-04-27,блоки бетонные купить,S2_mat,2071,8.346820134845673e-05
2026-05-04,блоки бетонные купить,S2_mat,2083,8.995953843672306e-05
2026-05-11,блоки бетонные купить,S2_mat,2012,8.332127521532039e-05
2026-05-18,блоки бетонные купить,S2_mat,2033,8.390040657249736e-05
2026-05-25,блоки бетонные купить,S2_mat,2145,8.842477794111216e-05
2026-06-01,блоки бетонные купить,S2_mat,2360,9.813587422258996e-05
2026-06-08,блоки бетонные купить,S2_mat,2492,0.00010407640277461459
2026-06-15,блоки бетонные купить,S2_mat,2428,9.963669207871363e-05
2026-06-22,блоки бетонные купить,S2_mat,2352,9.62568026594684e-05
2026-06-29,блоки бетонные купить,S2_mat,2300,9.721418479880669e-05
2026-07-06,блоки бетонные купить,S2_mat,2195,9.060978840833997e-05
2026-07-13,блоки бетонные купить,S2_mat,2764,0.00010740328183216572
2026-07-20,блоки бетонные купить,S2_mat,2808,0.00010518818252949443
2026-07-27,блоки бетонные купить,S2_mat,3000,0.00011608734786783534
2026-08-03,блоки бетонные купить,S2_mat,3041,0.00011989145336116253
2026-08-10,блоки бетонные купить,S2_mat,2941,0.00011415051394458253
2026-08-17,блоки бетонные купить,S2_mat,2639,0.0001032261000761089
2018-01-01,аренда бетононасоса,S2_mat,375,2.5515911539742256e-05
2018-01-08,аренда бетононасоса,S2_mat,904,5.2271311622472186e-05
2018-01-15,аренда бетононасоса,S2_mat,1135,6.149091921852505e-05
2018-01-22,аренда бетононасоса,S2_mat,1806,9.525729337783217e-05
2018-01-29,аренда бетононасоса,S2_mat,1369,7.246191865359484e-05
2018-02-05,аренда бетононасоса,S2_mat,1477,7.656598550433167e-05
2018-02-12,аренда бетононасоса,S2_mat,1341,7.113690002153825e-05
2018-02-19,аренда бетононасоса,S2_mat,1416,7.23233254101581e-05
2018-02-26,аренда бетононасоса,S2_mat,1261,6.229531533512924e-05
2018-03-05,аренда бетононасоса,S2_mat,1417,7.678271760676933e-05
2018-03-12,аренда бетононасоса,S2_mat,1930,9.747487345363696e-05
2018-03-19,аренда бетононасоса,S2_mat,1694,8.99638101985912e-05
2018-03-26,аренда бетононасоса,S2_mat,1680,9.120754083621382e-05
2018-04-02,аренда бетононасоса,S2_mat,1626,9.170242785945115e-05
2018-04-09,аренда бетононасоса,S2_mat,1968,0.00011132760760664071
2018-04-16,аренда бетононасоса,S2_mat,2072,0.00011599387469712758
2018-04-23,аренда бетононасоса,S2_mat,1958,0.0001087678985104093
2018-04-30,аренда бетононасоса,S2_mat,1480,9.365939643913024e-05
2018-05-07,аренда бетононасоса,S2_mat,1643,9.794499933674603e-05
2018-05-14,аренда бетононасоса,S2_mat,2151,0.0001227247757985802
2018-05-21,аренда бетононасоса,S2_mat,2095,0.00012507522244774582
2018-05-28,аренда бетононасоса,S2_mat,2293,0.00013648337746268094
2018-06-04,аренда бетононасоса,S2_mat,2215,0.00013124307883476374
2018-06-11,аренда бетононасоса,S2_mat,1610,0.00010257413519340463
2018-06-18,аренда бетононасоса,S2_mat,2014,0.0001231812482127748
2018-06-25,аренда бетононасоса,S2_mat,2042,0.00012743007968471848
2018-07-02,аренда бетононасоса,S2_mat,1959,0.00012255347718099954
2018-07-09,аренда бетононасоса,S2_mat,1869,0.00012190603494306237
2018-07-16,аренда бетононасоса,S2_mat,1751,0.00011176660369557915
2018-07-23,аренда бетононасоса,S2_mat,2041,0.00012884638733015255
2018-07-30,аренда бетононасоса,S2_mat,2020,0.00012723050610984605
2018-08-06,аренда бетононасоса,S2_mat,1982,0.00012453008835049123
2018-08-13,аренда бетононасоса,S2_mat,1836,0.00011426111226439187
2018-08-20,аренда бетононасоса,S2_mat,1958,0.00012529215797208723
2018-08-27,аренда бетононасоса,S2_mat,1885,0.00011693450581393182
2018-09-03,аренда бетононасоса,S2_mat,2027,0.00011602417911151772
2018-09-10,аренда бетононасоса,S2_mat,2138,0.00011808429612841326
2018-09-17,аренда бетононасоса,S2_mat,2373,0.00012322214858145368
2018-09-24,аренда бетононасоса,S2_mat,2428,0.00011915579187381536
2018-10-01,аренда бетононасоса,S2_mat,2191,0.00010645168159897022
2018-10-08,аренда бетононасоса,S2_mat,2455,0.00011783964859274073
2018-10-15,аренда бетононасоса,S2_mat,2122,0.00010174259417203299
2018-10-22,аренда бетононасоса,S2_mat,2070,9.974208378774385e-05
2018-10-29,аренда бетононасоса,S2_mat,3127,0.0001543509156269571
2018-11-05,аренда бетононасоса,S2_mat,1380,7.131670302201836e-05
2018-11-12,аренда бетононасоса,S2_mat,1540,7.676151647623494e-05
2018-11-19,аренда бетононасоса,S2_mat,1366,6.850907362733285e-05
2018-11-26,аренда бетононасоса,S2_mat,1049,5.3126853243735356e-05
2018-12-03,аренда бетононасоса,S2_mat,1128,5.4933107523976916e-05
2018-12-10,аренда бетононасоса,S2_mat,1066,5.332316024811427e-05
2018-12-17,аренда бетононасоса,S2_mat,881,4.4529454109520054e-05
2018-12-24,аренда бетононасоса,S2_mat,828,4.5850437680830174e-05
2018-12-31,аренда бетононасоса,S2_mat,365,2.282584081945764e-05
2019-01-07,аренда бетононасоса,S2_mat,799,4.1554500568323326e-05
2019-01-14,аренда бетононасоса,S2_mat,1024,4.914289750091324e-05
2019-01-21,аренда бетононасоса,S2_mat,1109,5.201399487326616e-05
2019-01-28,аренда бетононасоса,S2_mat,1395,6.636320222071389e-05
2019-02-04,аренда бетононасоса,S2_mat,1289,6.046577029600637e-05
2019-02-11,аренда бетононасоса,S2_mat,1683,8.00698647297279e-05
2019-02-18,аренда бетононасоса,S2_mat,1460,7.112354983837659e-05
2019-02-25,аренда бетононасоса,S2_mat,1471,7.06205986017976e-05
2019-03-04,аренда бетононасоса,S2_mat,1272,6.59651846645819e-05
2019-03-11,аренда бетононасоса,S2_mat,1464,7.106263084679942e-05
2019-03-18,аренда бетононасоса,S2_mat,2013,0.00010003059579631634
2019-03-25,аренда бетононасоса,S2_mat,2198,0.0001126445013259316
2019-04-01,аренда бетононасоса,S2_mat,2212,0.00011312547394178131
2019-04-08,аренда бетононасоса,S2_mat,2445,0.0001245997132290461
2019-04-15,аренда бетононасоса,S2_mat,1799,9.1652865794828e-05
2019-04-22,аренда бетононасоса,S2_mat,1826,9.903713767971654e-05
2019-04-29,аренда бетононасоса,S2_mat,1466,8.676975307524745e-05
2019-05-06,аренда бетононасоса,S2_mat,2021,0.00012122693055410493
2019-05-13,аренда бетононасоса,S2_mat,2374,0.00012560598711656957
2019-05-20,аренда бетононасоса,S2_mat,2495,0.00013340453089481045
2019-05-27,аренда бетононасоса,S2_mat,2122,0.0001197653985029762
2019-06-03,аренда бетононасоса,S2_mat,2304,0.00013243821288316996
2019-06-10,аренда бетононасоса,S2_mat,1784,0.00010511028358313803
2019-06-17,аренда бетононасоса,S2_mat,1963,0.00011744421070035126
2019-06-24,аренда бетононасоса,S2_mat,1914,0.00011272546608296328
2019-07-01,аренда бетононасоса,S2_mat,1924,0.00011498358528341515
2019-07-08,аренда бетононасоса,S2_mat,1914,0.00011610359297345277
2019-07-15,аренда бетононасоса,S2_mat,1824,0.00011121147879326421
2019-07-22,аренда бетононасоса,S2_mat,1806,0.00011034295004952628
2019-07-29,аренда бетононасоса,S2_mat,1843,0.00011095767959169169
2019-08-05,аренда бетононасоса,S2_mat,1839,0.00010931162916123842
2019-08-12,аренда бетононасоса,S2_mat,1984,0.0001204760310634767
2019-08-19,аренда бетононасоса,S2_mat,1791,0.00011057442651481251
2019-08-26,аренда бетононасоса,S2_mat,2037,0.00012540625277090796
2019-09-02,аренда бетононасоса,S2_mat,1806,0.00010577200452494275
2019-09-09,аренда бетононасоса,S2_mat,1930,0.00010658144062716061
2019-09-16,аренда бетононасоса,S2_mat,2012,0.00010539333813151695
2019-09-23,аренда бетононасоса,S2_mat,1451,7.519412504766723e-05
2019-09-30,аренда бетононасоса,S2_mat,1545,7.891246749719324e-05
2019-10-07,аренда бетононасоса,S2_mat,1892,9.506210659650046e-05
2019-10-14,аренда бетононасоса,S2_mat,2062,0.00010254333438294542
2019-10-21,аренда бетононасоса,S2_mat,2545,0.0001267725993649935
2019-10-28,аренда бетононасоса,S2_mat,1550,7.944656880497436e-05
2019-11-04,аренда бетононасоса,S2_mat,1482,7.369811511341838e-05
2019-11-11,аренда бетононасоса,S2_mat,1930,9.360854689102748e-05
2019-11-18,аренда бетононасоса,S2_mat,2441,0.00011474388409668465
2019-11-25,аренда бетононасоса,S2_mat,1656,7.509451750359267e-05
2019-12-02,аренда бетононасоса,S2_mat,1982,9.14689206862065e-05
2019-12-09,аренда бетононасоса,S2_mat,1879,8.679493566544345e-05
2019-12-16,аренда бетононасоса,S2_mat,2885,0.00013316436626170178
2019-12-23,аренда бетононасоса,S2_mat,2081,0.00010391185116819706
2019-12-30,аренда бетононасоса,S2_mat,690,3.9414307503298296e-05
2020-01-06,аренда бетононасоса,S2_mat,978,4.8114324073504374e-05
2020-01-13,аренда бетононасоса,S2_mat,2712,0.00011702061309426668
2020-01-20,аренда бетононасоса,S2_mat,1711,7.026074339646878e-05
2020-01-27,аренда бетононасоса,S2_mat,1850,8.264886347959631e-05
2020-02-03,аренда бетононасоса,S2_mat,1344,6.047669507561518e-05
2020-02-10,аренда бетононасоса,S2_mat,1592,7.03212016516975e-05
2020-02-17,аренда бетононасоса,S2_mat,1580,7.059422129510563e-05
2020-02-24,аренда бетононасоса,S2_mat,1447,6.529233338003533e-05
2020-03-02,аренда бетононасоса,S2_mat,1505,6.982706450577127e-05
2020-03-09,аренда бетононасоса,S2_mat,1372,6.213571389431557e-05
2020-03-16,аренда бетононасоса,S2_mat,1415,6.314366972341112e-05
2020-03-23,аренда бетононасоса,S2_mat,1297,5.817659185810487e-05
2020-03-30,аренда бетононасоса,S2_mat,1171,4.966955820622509e-05
2020-04-06,аренда бетононасоса,S2_mat,1472,5.232353915213108e-05
2020-04-13,аренда бетононасоса,S2_mat,1240,4.3350680697877076e-05
2020-04-20,аренда бетононасоса,S2_mat,1653,5.75934720318513e-05
2020-04-27,аренда бетононасоса,S2_mat,1686,6.477687000085177e-05
2020-05-04,аренда бетононасоса,S2_mat,2324,0.00010046706272857846
2020-05-11,аренда бетононасоса,S2_mat,2466,9.399527843496737e-05
2020-05-18,аренда бетононасоса,S2_mat,2327,8.937033968939862e-05
2020-05-25,аренда бетононасоса,S2_mat,2375,0.00010348791250637052
2020-06-01,аренда бетононасоса,S2_mat,2195,9.957665631024076e-05
2020-06-08,аренда бетононасоса,S2_mat,2238,0.00010995856476311149
2020-06-15,аренда бетононасоса,S2_mat,2286,0.00011102211825475176
2020-06-22,аренда бетононасоса,S2_mat,2426,0.00012081174085946323
2020-06-29,аренда бетононасоса,S2_mat,2334,0.00011909413638289746
2020-07-06,аренда бетононасоса,S2_mat,2298,0.0001210906647556431
2020-07-13,аренда бетононасоса,S2_mat,2548,0.0001349646186862108
2020-07-20,аренда бетононасоса,S2_mat,2687,0.00014182429448222116
2020-07-27,аренда бетононасоса,S2_mat,2358,0.00012472403306816647
2020-08-03,аренда бетононасоса,S2_mat,2558,0.00013594157796003068
2020-08-10,аренда бетононасоса,S2_mat,2483,0.000130744468312123
2020-08-17,аренда бетононасоса,S2_mat,2354,0.00012347485986627553
2020-08-24,аренда бетононасоса,S2_mat,2622,0.00013652713314391424
2020-08-31,аренда бетононасоса,S2_mat,2936,0.00014679940135204128
2020-09-07,аренда бетононасоса,S2_mat,2494,0.00011518207206990835
2020-09-14,аренда бетононасоса,S2_mat,2431,0.00010763145442167416
2020-09-21,аренда бетононасоса,S2_mat,3060,0.00013358480174593135
2020-09-28,аренда бетононасоса,S2_mat,2917,0.00012638350839492814
2020-10-05,аренда бетононасоса,S2_mat,3080,0.0001302024518092276
2020-10-12,аренда бетононасоса,S2_mat,2857,0.00011652543763232656
2020-10-19,аренда бетононасоса,S2_mat,3313,0.00013179904462258036
2020-10-26,аренда бетононасоса,S2_mat,2995,0.00011920570662513993
2020-11-02,аренда бетононасоса,S2_mat,2040,8.142116788217075e-05
2020-11-09,аренда бетононасоса,S2_mat,1659,6.178187625263802e-05
2020-11-16,аренда бетононасоса,S2_mat,1583,5.771559049497873e-05
2020-11-23,аренда бетононасоса,S2_mat,1453,5.229925986065849e-05
2020-11-30,аренда бетононасоса,S2_mat,1272,4.805938075628447e-05
2020-12-07,аренда бетононасоса,S2_mat,1075,4.127863634935064e-05
2020-12-14,аренда бетононасоса,S2_mat,1327,5.1267665467935676e-05
2020-12-21,аренда бетононасоса,S2_mat,1317,5.33275400431791e-05
2020-12-28,аренда бетононасоса,S2_mat,833,4.1779894464819176e-05
2021-01-04,аренда бетононасоса,S2_mat,773,3.5977683648821565e-05
2021-01-11,аренда бетононасоса,S2_mat,1031,4.161925348293448e-05
2021-01-18,аренда бетононасоса,S2_mat,1190,4.774509273419227e-05
2021-01-25,аренда бетононасоса,S2_mat,1181,4.7442676118161516e-05
2021-02-01,аренда бетононасоса,S2_mat,1235,5.0296310163356296e-05
2021-02-08,аренда бетононасоса,S2_mat,1331,5.256694351579984e-05
2021-02-15,аренда бетононасоса,S2_mat,1185,4.623579332141071e-05
2021-02-22,аренда бетононасоса,S2_mat,953,3.8963571261310763e-05
2021-03-01,аренда бетононасоса,S2_mat,1234,5.098915887800482e-05
2021-03-08,аренда бетононасоса,S2_mat,1333,5.399699505790822e-05
2021-03-15,аренда бетононасоса,S2_mat,1742,6.94013901181308e-05
2021-03-22,аренда бетононасоса,S2_mat,1491,6.252561676301034e-05
2021-03-29,аренда бетононасоса,S2_mat,1670,6.77152556195288e-05
2021-04-05,аренда бетононасоса,S2_mat,1632,6.403922784429488e-05
2021-04-12,аренда бетононасоса,S2_mat,1901,7.609878098139345e-05
2021-04-19,аренда бетононасоса,S2_mat,2080,8.19517885389805e-05
2021-04-26,аренда бетононасоса,S2_mat,2082,8.737844430293846e-05
2021-05-03,аренда бетононасоса,S2_mat,1992,9.09200230543237e-05
2021-05-10,аренда бетононасоса,S2_mat,2149,9.023306807632939e-05
2021-05-17,аренда бетононасоса,S2_mat,2394,9.695862124704505e-05
2021-05-24,аренда бетононасоса,S2_mat,2617,0.00011037495961713631
2021-05-31,аренда бетононасоса,S2_mat,2711,0.00011603246556714113
2021-06-07,аренда бетононасоса,S2_mat,2584,0.0001093031800195973
2021-06-14,аренда бетононасоса,S2_mat,2535,0.0001117834970526484
2021-06-21,аренда бетононасоса,S2_mat,2762,0.0001212945881178548
2021-06-28,аренда бетононасоса,S2_mat,2955,0.00013143953975283773
2021-07-05,аренда бетононасоса,S2_mat,3174,0.00014551694050454704
2021-07-12,аренда бетононасоса,S2_mat,3044,0.0001401582490876048
2021-07-19,аренда бетононасоса,S2_mat,2905,0.00013216218078426038
2021-07-26,аренда бетононасоса,S2_mat,3061,0.00013782425157710004
2021-08-02,аренда бетононасоса,S2_mat,2797,0.00012515769842034012
2021-08-09,аренда бетононасоса,S2_mat,2837,0.00012672693965491035
2021-08-16,аренда бетононасоса,S2_mat,3038,0.00013424774572416058
2021-08-23,аренда бетононасоса,S2_mat,3117,0.00013526240176254
2021-08-30,аренда бетононасоса,S2_mat,2852,0.00012039994465435754
2021-09-06,аренда бетононасоса,S2_mat,2755,0.00011486769994247413
2021-09-13,аренда бетононасоса,S2_mat,2525,0.00010023308578883915
2021-09-20,аренда бетононасоса,S2_mat,2390,9.226460315226873e-05
2021-09-27,аренда бетононасоса,S2_mat,2549,0.00010121071983523736
2021-10-04,аренда бетононасоса,S2_mat,2690,0.00010657863371892935
2021-10-11,аренда бетононасоса,S2_mat,2571,9.762175876139736e-05
2021-10-18,аренда бетононасоса,S2_mat,2285,8.613639307232366e-05
2021-10-25,аренда бетононасоса,S2_mat,2278,8.849365871922807e-05
2021-11-01,аренда бетононасоса,S2_mat,1618,6.52857429808331e-05
2021-11-08,аренда бетононасоса,S2_mat,1603,5.8547405829386745e-05
2021-11-15,аренда бетононасоса,S2_mat,1566,5.642101096960966e-05
2021-11-22,аренда бетононасоса,S2_mat,1351,4.8860733375709244e-05
2021-11-29,аренда бетононасоса,S2_mat,1356,4.956493234717351e-05
2021-12-06,аренда бетононасоса,S2_mat,1289,4.666451070110849e-05
2021-12-13,аренда бетононасоса,S2_mat,1434,5.1484814621783865e-05
2021-12-20,аренда бетононасоса,S2_mat,1398,5.112193537765228e-05
2021-12-27,аренда бетононасоса,S2_mat,1271,5.578157117838772e-05
2022-01-03,аренда бетононасоса,S2_mat,531,2.2567356022525313e-05
2022-01-10,аренда бетононасоса,S2_mat,1008,3.663022807137774e-05
2022-01-17,аренда бетононасоса,S2_mat,1257,4.4212679351648764e-05
2022-01-24,аренда бетононасоса,S2_mat,1362,4.6728668810161486e-05
2022-01-31,аренда бетононасоса,S2_mat,1561,5.262648550417414e-05
2022-02-07,аренда бетононасоса,S2_mat,1431,4.715651846817046e-05
2022-02-14,аренда бетононасоса,S2_mat,2192,7.390971606917654e-05
2022-02-21,аренда бетононасоса,S2_mat,1467,5.158791328149001e-05
2022-02-28,аренда бетононасоса,S2_mat,1311,4.5321474004576524e-05
2022-03-07,аренда бетононасоса,S2_mat,1130,4.0341610487049976e-05
2022-03-14,аренда бетононасоса,S2_mat,1676,5.7243887705845884e-05
2022-03-21,аренда бетононасоса,S2_mat,1983,6.948886536808188e-05
2022-03-28,аренда бетононасоса,S2_mat,1594,5.5758623928120775e-05
2022-04-04,аренда бетононасоса,S2_mat,1632,5.703423213274543e-05
2022-04-11,аренда бетононасоса,S2_mat,2027,7.210363632439766e-05
2022-04-18,аренда бетононасоса,S2_mat,1774,6.374599353151725e-05
2022-04-25,аренда бетононасоса,S2_mat,2025,7.59727300743901e-05
2022-05-02,аренда бетононасоса,S2_mat,1533,6.095416497568726e-05
2022-05-09,аренда бетононасоса,S2_mat,1905,7.021991986500533e-05
2022-05-16,аренда бетононасоса,S2_mat,2118,7.424393543750319e-05
2022-05-23,аренда бетононасоса,S2_mat,2311,8.417514402276083e-05
2022-05-30,аренда бетононасоса,S2_mat,2535,9.91797979382394e-05
2022-06-06,аренда бетононасоса,S2_mat,2589,0.00010438918984983143
2022-06-13,аренда бетононасоса,S2_mat,2326,9.404324593704865e-05
2022-06-20,аренда бетононасоса,S2_mat,2184,8.550167030801472e-05
2022-06-27,аренда бетононасоса,S2_mat,2209,9.207234294625474e-05
2022-07-04,аренда бетононасоса,S2_mat,2136,9.100831278407741e-05
2022-07-11,аренда бетононасоса,S2_mat,2241,9.401468606977026e-05
2022-07-18,аренда бетононасоса,S2_mat,2213,9.323886014740986e-05
2022-07-25,аренда бетононасоса,S2_mat,2203,9.282842385809253e-05
2022-08-01,аренда бетононасоса,S2_mat,2174,9.178985277625804e-05
2022-08-08,аренда бетононасоса,S2_mat,2219,9.309119266722313e-05
2022-08-15,аренда бетононасоса,S2_mat,2631,0.00010780835319879121
2022-08-22,аренда бетононасоса,S2_mat,2697,0.00010992470199486655
2022-08-29,аренда бетононасоса,S2_mat,2315,9.126867216630553e-05
2022-09-05,аренда бетононасоса,S2_mat,2325,8.552435477216377e-05
2022-09-12,аренда бетононасоса,S2_mat,1905,6.930289729362244e-05
2022-09-19,аренда бетононасоса,S2_mat,1754,6.282031632496238e-05
2022-09-26,аренда бетононасоса,S2_mat,1545,5.657733879498322e-05
2022-10-03,аренда бетононасоса,S2_mat,1541,5.628283153835543e-05
2022-10-10,аренда бетононасоса,S2_mat,1512,5.467506104787877e-05
2022-10-17,аренда бетононасоса,S2_mat,1305,4.47559797649182e-05
2022-10-24,аренда бетононасоса,S2_mat,1288,4.5421957860722296e-05
2022-10-31,аренда бетононасоса,S2_mat,1153,4.1536870431076646e-05
2022-11-07,аренда бетононасоса,S2_mat,1238,4.2902413463036287e-05
2022-11-14,аренда бетононасоса,S2_mat,845,2.8016850620417325e-05
2022-11-21,аренда бетононасоса,S2_mat,931,3.1028033548692336e-05
2022-11-28,аренда бетононасоса,S2_mat,692,2.3170709408000127e-05
2022-12-05,аренда бетононасоса,S2_mat,792,2.6569580230687515e-05
2022-12-12,аренда бетононасоса,S2_mat,698,2.3651079567249895e-05
2022-12-19,аренда бетононасоса,S2_mat,652,2.2418474734390492e-05
2022-12-26,аренда бетононасоса,S2_mat,434,1.7965439084253916e-05
2023-01-02,аренда бетононасоса,S2_mat,342,1.3983641827845884e-05
2023-01-09,аренда бетононасоса,S2_mat,525,1.840607827940805e-05
2023-01-16,аренда бетононасоса,S2_mat,605,2.0731932992166542e-05
2023-01-23,аренда бетононасоса,S2_mat,763,2.6161592394836197e-05
2023-01-30,аренда бетононасоса,S2_mat,800,2.7592751164492826e-05
2023-02-06,аренда бетононасоса,S2_mat,697,2.40439982621343e-05
2023-02-13,аренда бетононасоса,S2_mat,726,2.5131704714980063e-05
2023-02-20,аренда бетононасоса,S2_mat,587,2.14906700428873e-05
2023-02-27,аренда бетононасоса,S2_mat,808,2.7965536571327186e-05
2023-03-06,аренда бетононасоса,S2_mat,826,2.9994722639168337e-05
2023-03-13,аренда бетононасоса,S2_mat,1002,3.4931928024611396e-05
2023-03-20,аренда бетононасоса,S2_mat,1137,4.098682671241213e-05
2023-03-27,аренда бетононасоса,S2_mat,1107,4.031763583991594e-05
2023-04-03,аренда бетононасоса,S2_mat,1319,4.787179286675582e-05
2023-04-10,аренда бетононасоса,S2_mat,1294,4.7725931365059275e-05
2023-04-17,аренда бетононасоса,S2_mat,1225,4.5313579582740035e-05
2023-04-24,аренда бетононасоса,S2_mat,1222,4.6101786255848986e-05
2023-05-01,аренда бетононасоса,S2_mat,1482,5.820451890105446e-05
2023-05-08,аренда бетононасоса,S2_mat,1250,4.9587999415975554e-05
2023-05-15,аренда бетононасоса,S2_mat,1584,6.058894457695031e-05
2023-05-22,аренда бетононасоса,S2_mat,1571,6.246907065252687e-05
2023-05-29,аренда бетононасоса,S2_mat,1799,7.325299738866462e-05
2023-06-05,аренда бетононасоса,S2_mat,1688,7.000844313851767e-05
2023-06-12,аренда бетононасоса,S2_mat,1419,6.035251118347982e-05
2023-06-19,аренда бетононасоса,S2_mat,1626,6.771935713197977e-05
2023-06-26,аренда бетононасоса,S2_mat,1490,6.364924954149418e-05
2023-07-03,аренда бетононасоса,S2_mat,1635,7.214220607063586e-05
2023-07-10,аренда бетононасоса,S2_mat,1674,7.264090460890137e-05
2023-07-17,аренда бетононасоса,S2_mat,1668,7.30971804111536e-05
2023-07-24,аренда бетононасоса,S2_mat,1673,7.271578146058672e-05
2023-07-31,аренда бетононасоса,S2_mat,1421,6.315127462888378e-05
2023-08-07,аренда бетононасоса,S2_mat,1703,7.41048710857107e-05
2023-08-14,аренда бетононасоса,S2_mat,1841,8.15028965540631e-05
2023-08-21,аренда бетононасоса,S2_mat,2007,8.934846096592629e-05
2023-08-28,аренда бетононасоса,S2_mat,1999,8.915251830175433e-05
2023-09-04,аренда бетононасоса,S2_mat,1546,6.310556257035067e-05
2023-09-11,аренда бетононасоса,S2_mat,1570,6.193575833787464e-05
2023-09-18,аренда бетононасоса,S2_mat,1611,6.217611879352121e-05
2023-09-25,аренда бетононасоса,S2_mat,1663,6.342025004236343e-05
2023-10-02,аренда бетононасоса,S2_mat,1511,5.707134927284725e-05
2023-10-09,аренда бетононасоса,S2_mat,1476,5.478805941327184e-05
2023-10-16,аренда бетононасоса,S2_mat,1374,4.9825295217539486e-05
2023-10-23,аренда бетононасоса,S2_mat,1111,4.1064308806638984e-05
2023-10-30,аренда бетононасоса,S2_mat,1365,5.3422003495658825e-05
2023-11-06,аренда бетононасоса,S2_mat,1038,3.8814392498491484e-05
2023-11-13,аренда бетононасоса,S2_mat,955,3.4465813250664845e-05
2023-11-20,аренда бетононасоса,S2_mat,800,2.8532775475249177e-05
2023-11-27,аренда бетононасоса,S2_mat,650,2.2959876652647595e-05
2023-12-04,аренда бетононасоса,S2_mat,690,2.4123084755027682e-05
2023-12-11,аренда бетононасоса,S2_mat,611,2.1761841741978742e-05
2023-12-18,аренда бетононасоса,S2_mat,680,2.4760164670242452e-05
2023-12-25,аренда бетононасоса,S2_mat,453,1.8922589713915154e-05
2024-01-01,аренда бетононасоса,S2_mat,294,1.252974767731358e-05
2024-01-08,аренда бетононасоса,S2_mat,457,1.6847022614726145e-05
2024-01-15,аренда бетононасоса,S2_mat,615,2.164347405245402e-05
2024-01-22,аренда бетононасоса,S2_mat,888,3.1080554517497316e-05
2024-01-29,аренда бетононасоса,S2_mat,1193,4.303421953910849e-05
2024-02-05,аренда бетононасоса,S2_mat,1326,4.890562074180171e-05
2024-02-12,аренда бетононасоса,S2_mat,1349,4.975313279240116e-05
2024-02-19,аренда бетононасоса,S2_mat,788,3.032799627130679e-05
2024-02-26,аренда бетононасоса,S2_mat,992,3.44776100018148e-05
2024-03-04,аренда бетононасоса,S2_mat,1044,3.875642280979418e-05
2024-03-11,аренда бетононасоса,S2_mat,905,3.4579189181967986e-05
2024-03-18,аренда бетононасоса,S2_mat,901,3.4676716088291906e-05
2024-03-25,аренда бетононасоса,S2_mat,1003,4.046546629479799e-05
2024-04-01,аренда бетононасоса,S2_mat,1077,4.178976802541675e-05
2024-04-08,аренда бетононасоса,S2_mat,1128,4.430517077352662e-05
2024-04-15,аренда бетононасоса,S2_mat,1111,4.321620258973448e-05
2024-04-22,аренда бетононасоса,S2_mat,1348,5.287271108571896e-05
2024-04-29,аренда бетононасоса,S2_mat,1112,4.847236341160261e-05
2024-05-06,аренда бетононасоса,S2_mat,1178,4.903224792132061e-05
2024-05-13,аренда бетононасоса,S2_mat,1599,6.398889359620555e-05
2024-05-20,аренда бетононасоса,S2_mat,1731,7.357439241597305e-05
2024-05-27,аренда бетононасоса,S2_mat,1891,8.332106275366069e-05
2024-06-03,аренда бетононасоса,S2_mat,2091,9.30004398467144e-05
2024-06-10,аренда бетононасоса,S2_mat,1847,8.457279430071494e-05
2024-06-17,аренда бетононасоса,S2_mat,1721,7.752852270633863e-05
2024-06-24,аренда бетононасоса,S2_mat,1965,9.248736126437493e-05
2024-07-01,аренда бетононасоса,S2_mat,1902,9.025535462039911e-05
2024-07-08,аренда бетононасоса,S2_mat,1692,8.201647636070682e-05
2024-07-15,аренда бетононасоса,S2_mat,1904,9.190779850587617e-05
2024-07-22,аренда бетононасоса,S2_mat,1774,8.413935391819449e-05
2024-07-29,аренда бетононасоса,S2_mat,1710,8.043177053807387e-05
2024-08-05,аренда бетононасоса,S2_mat,2556,0.00011897323689169738
2024-08-12,аренда бетононасоса,S2_mat,2191,0.00010520618173046743
2024-08-19,аренда бетононасоса,S2_mat,2814,0.00013374082047968718
2024-08-26,аренда бетононасоса,S2_mat,2655,0.00012516141585778518
2024-09-02,аренда бетононасоса,S2_mat,2633,0.00012270739718358607
2024-09-09,аренда бетононасоса,S2_mat,2870,0.00012451652959425032
2024-09-16,аренда бетононасоса,S2_mat,2655,0.00011125291819180502
2024-09-23,аренда бетононасоса,S2_mat,2796,0.00011454686155901299
2024-09-30,аренда бетононасоса,S2_mat,2688,0.000107602822150456
2024-10-07,аренда бетононасоса,S2_mat,1940,7.480808696736566e-05
2024-10-14,аренда бетононасоса,S2_mat,1514,6.201121888950395e-05
2024-10-21,аренда бетононасоса,S2_mat,2014,7.789646417146503e-05
2024-10-28,аренда бетононасоса,S2_mat,1883,7.486275279933063e-05
2024-11-04,аренда бетононасоса,S2_mat,1384,5.204005230288465e-05
2024-11-11,аренда бетононасоса,S2_mat,2000,7.280206816901516e-05
2024-11-18,аренда бетононасоса,S2_mat,1772,6.647497821403572e-05
2024-11-25,аренда бетононасоса,S2_mat,1836,6.373978532316017e-05
2024-12-02,аренда бетононасоса,S2_mat,1482,5.3790263888555855e-05
2024-12-09,аренда бетононасоса,S2_mat,1405,5.070266572581477e-05
2024-12-16,аренда бетононасоса,S2_mat,1095,3.833031251615321e-05
2024-12-23,аренда бетононасоса,S2_mat,1582,5.9193020858175525e-05
2024-12-30,аренда бетононасоса,S2_mat,1114,5.1518456465755524e-05
2025-01-06,аренда бетононасоса,S2_mat,1277,5.118617263193923e-05
2025-01-13,аренда бетононасоса,S2_mat,1294,4.638542337539899e-05
2025-01-20,аренда бетононасоса,S2_mat,1321,4.615559152486542e-05
2025-01-27,аренда бетононасоса,S2_mat,1346,4.662309617556998e-05
2025-02-03,аренда бетононасоса,S2_mat,1438,4.9541484346554094e-05
2025-02-10,аренда бетононасоса,S2_mat,4059,0.00014150523946036066
2025-02-17,аренда бетононасоса,S2_mat,7626,0.0002710564962657077
2025-02-24,аренда бетононасоса,S2_mat,6305,0.000225765790426498
2025-03-03,аренда бетононасоса,S2_mat,1194,4.4121940258598005e-05
2025-03-10,аренда бетононасоса,S2_mat,1140,4.083504854507108e-05
2025-03-17,аренда бетононасоса,S2_mat,1191,4.3273839079884e-05
2025-03-24,аренда бетононасоса,S2_mat,1680,6.417938529378246e-05
2025-03-31,аренда бетононасоса,S2_mat,1770,6.55234662873196e-05
2025-04-07,аренда бетононасоса,S2_mat,1783,6.59217221948841e-05
2025-04-14,аренда бетононасоса,S2_mat,1573,6.044844761092755e-05
2025-04-21,аренда бетононасоса,S2_mat,1795,6.802081504847616e-05
2025-04-28,аренда бетононасоса,S2_mat,1476,6.081300047469368e-05
2025-05-05,аренда бетононасоса,S2_mat,1156,4.869836874724557e-05
2025-05-12,аренда бетононасоса,S2_mat,1495,5.795851680374821e-05
2025-05-19,аренда бетононасоса,S2_mat,1526,6.323030945264817e-05
2025-05-26,аренда бетононасоса,S2_mat,1518,6.515591316199652e-05
2025-06-02,аренда бетононасоса,S2_mat,1316,5.7070847635332205e-05
2025-06-09,аренда бетононасоса,S2_mat,1309,5.5098618354664815e-05
2025-06-16,аренда бетононасоса,S2_mat,1528,6.081198653413597e-05
2025-06-23,аренда бетононасоса,S2_mat,1715,6.902764623119756e-05
2025-06-30,аренда бетононасоса,S2_mat,1671,6.907456276868268e-05
2025-07-07,аренда бетононасоса,S2_mat,1891,7.958542285769412e-05
2025-07-14,аренда бетононасоса,S2_mat,1568,6.608706512266603e-05
2025-07-21,аренда бетононасоса,S2_mat,1913,8.048003871900131e-05
2025-07-28,аренда бетононасоса,S2_mat,1550,6.539595750694891e-05
2025-08-04,аренда бетононасоса,S2_mat,1742,7.307608151449127e-05
2025-08-11,аренда бетононасоса,S2_mat,1559,6.599917432958533e-05
2025-08-18,аренда бетононасоса,S2_mat,1589,6.759520338583344e-05
2025-08-25,аренда бетононасоса,S2_mat,1408,5.989089775541209e-05
2025-09-01,аренда бетононасоса,S2_mat,1256,5.177436469367171e-05
2025-09-08,аренда бетононасоса,S2_mat,1250,4.9195766616596104e-05
2025-09-15,аренда бетононасоса,S2_mat,1190,4.651318684865564e-05
2025-09-22,аренда бетононасоса,S2_mat,1080,4.1445519450993985e-05
2025-09-29,аренда бетононасоса,S2_mat,875,3.3776032432118456e-05
2025-10-06,аренда бетононасоса,S2_mat,979,3.73082301427511e-05
2025-10-13,аренда бетононасоса,S2_mat,922,3.3623774709124197e-05
2025-10-20,аренда бетононасоса,S2_mat,897,3.310134441228418e-05
2025-10-27,аренда бетононасоса,S2_mat,853,3.26980192525094e-05
2025-11-03,аренда бетононасоса,S2_mat,685,2.617625593079825e-05
2025-11-10,аренда бетононасоса,S2_mat,652,2.3965456490949718e-05
2025-11-17,аренда бетононасоса,S2_mat,689,2.4914515909328664e-05
2025-11-24,аренда бетононасоса,S2_mat,648,2.3136959184906523e-05
2025-12-01,аренда бетононасоса,S2_mat,596,2.1347791758093988e-05
2025-12-08,аренда бетононасоса,S2_mat,579,2.1234439806385992e-05
2025-12-15,аренда бетононасоса,S2_mat,516,1.9806061388299998e-05
2025-12-22,аренда бетононасоса,S2_mat,384,1.606646456061193e-05
2025-12-29,аренда бетононасоса,S2_mat,149,7.3988571424337835e-06
2026-01-05,аренда бетононасоса,S2_mat,196,9.212234631194183e-06
2026-01-12,аренда бетононасоса,S2_mat,384,1.5805876778764357e-05
2026-01-19,аренда бетононасоса,S2_mat,305,1.2148518795311196e-05
2026-01-26,аренда бетононасоса,S2_mat,356,1.4415341753247258e-05
2026-02-02,аренда бетононасоса,S2_mat,435,1.771444509728577e-05
2026-02-09,аренда бетононасоса,S2_mat,488,2.035034899783057e-05
2026-02-16,аренда бетононасоса,S2_mat,462,2.0112936244080018e-05
2026-02-23,аренда бетононасоса,S2_mat,483,2.1415627486977035e-05
2026-03-02,аренда бетононасоса,S2_mat,494,2.2482128205368267e-05
2026-03-09,аренда бетононасоса,S2_mat,585,2.3632667067098038e-05
2026-03-16,аренда бетононасоса,S2_mat,573,2.1843082191648287e-05
2026-03-23,аренда бетононасоса,S2_mat,870,3.345090739006362e-05
2026-03-30,аренда бетононасоса,S2_mat,755,2.9598699530210694e-05
2026-04-06,аренда бетононасоса,S2_mat,1034,3.90868934854701e-05
2026-04-13,аренда бетононасоса,S2_mat,842,3.1729063964241544e-05
2026-04-20,аренда бетононасоса,S2_mat,918,3.4683586343716906e-05
2026-04-27,аренда бетононасоса,S2_mat,781,3.147690258481154e-05
2026-05-04,аренда бетононасоса,S2_mat,896,3.869598964920973e-05
2026-05-11,аренда бетононасоса,S2_mat,925,3.8306252273445015e-05
2026-05-18,аренда бетононасоса,S2_mat,1207,4.9811997409249534e-05
2026-05-25,аренда бетононасоса,S2_mat,1219,5.025165702107958e-05
2026-06-01,аренда бетононасоса,S2_mat,1319,5.484797377101532e-05
2026-06-08,аренда бетононасоса,S2_mat,1270,5.304054234500824e-05
2026-06-15,аренда бетононасоса,S2_mat,1258,5.162395330931702e-05
2026-06-22,аренда бетононасоса,S2_mat,1205,4.931524115844363e-05
2026-06-29,аренда бетононасоса,S2_mat,1150,4.8607092399403345e-05
2026-07-06,аренда бетононасоса,S2_mat,1180,4.8710501285576836e-05
2026-07-13,аренда бетононасоса,S2_mat,1074,4.173340256430752e-05
2026-07-20,аренда бетононасоса,S2_mat,1125,4.214270133393206e-05
2026-07-27,аренда бетононасоса,S2_mat,1237,4.786668310417077e-05
2026-08-03,аренда бетононасоса,S2_mat,971,3.8281684055800334e-05
2026-08-10,аренда бетононасоса,S2_mat,1325,5.142789220556676e-05
2026-08-17,аренда бетононасоса,S2_mat,1069,4.1814589231284726e-05
2018-01-01,аренда спецтехники,S3_mach,1961,0.00013343120674515882
2018-01-08,аренда спецтехники,S3_mach,5291,0.0003059375108346243
2018-01-15,аренда спецтехники,S3_mach,6574,0.0003561597382754041
2018-01-22,аренда спецтехники,S3_mach,7473,0.00039416265415976736
2018-01-29,аренда спецтехники,S3_mach,6568,0.000347647831787298
2018-02-05,аренда спецтехники,S3_mach,7230,0.00037479490534618687
2018-02-12,аренда спецтехники,S3_mach,7917,0.0004199782531472918
2018-02-19,аренда спецтехники,S3_mach,6654,0.00033985833847400567
2018-02-26,аренда спецтехники,S3_mach,7179,0.00035465350419579126
2018-03-05,аренда спецтехники,S3_mach,5282,0.00028621475963229047
2018-03-12,аренда спецтехники,S3_mach,8252,0.00041676821540902187
2018-03-19,аренда спецтехники,S3_mach,8334,0.0004425964546606016
2018-03-26,аренда спецтехники,S3_mach,7278,0.00039512409655116914
2018-04-02,аренда спецтехники,S3_mach,6852,0.00038643606131178305
2018-04-09,аренда спецтехники,S3_mach,6867,0.00038845867959085457
2018-04-16,аренда спецтехники,S3_mach,7475,0.00041846245818582465
2018-04-23,аренда спецтехники,S3_mach,7652,0.00042507250224803464
2018-04-30,аренда спецтехники,S3_mach,7690,0.00048664916122764297
2018-05-07,аренда спецтехники,S3_mach,7218,0.0004302903257532763
2018-05-14,аренда спецтехники,S3_mach,7639,0.0004358412656091837
2018-05-21,аренда спецтехники,S3_mach,8351,0.0004985695382630671
2018-05-28,аренда спецтехники,S3_mach,7819,0.00046540057931997484
2018-06-04,аренда спецтехники,S3_mach,9636,0.0005709518318969678
2018-06-11,аренда спецтехники,S3_mach,5716,0.0003641700352580751
2018-06-18,аренда спецтехники,S3_mach,7482,0.00045761772548559137
2018-06-25,аренда спецтехники,S3_mach,7599,0.00047421213296972356
2018-07-02,аренда спецтехники,S3_mach,7613,0.00047626320662529325
2018-07-09,аренда спецтехники,S3_mach,7728,0.0005040609085286174
2018-07-16,аренда спецтехники,S3_mach,7365,0.0004701091012095605
2018-07-23,аренда спецтехники,S3_mach,8072,0.0005095776768882859
2018-07-30,аренда спецтехники,S3_mach,8692,0.0005474690886667237
2018-08-06,аренда спецтехники,S3_mach,8628,0.0005421017165933593
2018-08-13,аренда спецтехники,S3_mach,9112,0.00056707366827513
2018-08-20,аренда спецтехники,S3_mach,8900,0.0005695098089640329
2018-08-27,аренда спецтехники,S3_mach,10746,0.0006666197344702979
2018-09-03,аренда спецтехники,S3_mach,8354,0.0004781775985681396
2018-09-10,аренда спецтехники,S3_mach,7754,0.00042826269044888513
2018-09-17,аренда спецтехники,S3_mach,8102,0.0004207104289114782
2018-09-24,аренда спецтехники,S3_mach,7986,0.0003919185147875986
2018-10-01,аренда спецтехники,S3_mach,8488,0.0004123970211830485
2018-10-08,аренда спецтехники,S3_mach,9102,0.0004368946971450616
2018-10-15,аренда спецтехники,S3_mach,8006,0.000383860136164607
2018-10-22,аренда спецтехники,S3_mach,8689,0.0004186758290008243
2018-10-29,аренда спецтехники,S3_mach,10780,0.0005321083691904693
2018-11-05,аренда спецтехники,S3_mach,6073,0.00031384517206718666
2018-11-12,аренда спецтехники,S3_mach,7438,0.000370748155552101
2018-11-19,аренда спецтехники,S3_mach,6900,0.00034605608201214986
2018-11-26,аренда спецтехники,S3_mach,6656,0.0003370946951289824
2018-12-03,аренда спецтехники,S3_mach,6027,0.0002935122686586958
2018-12-10,аренда спецтехники,S3_mach,6391,0.0003196888528571278
2018-12-17,аренда спецтехники,S3_mach,5499,0.000277942642620035
2018-12-24,аренда спецтехники,S3_mach,4118,0.00022803394005997424
2018-12-31,аренда спецтехники,S3_mach,1882,0.00011769378745813501
2019-01-07,аренда спецтехники,S3_mach,4417,0.00022971993618308402
2019-01-14,аренда спецтехники,S3_mach,6455,0.00030978262047694823
2019-01-21,аренда спецтехники,S3_mach,6924,0.00032474743057032897
2019-01-28,аренда спецтехники,S3_mach,6739,0.00032058897474221567
2019-02-04,аренда спецтехники,S3_mach,6705,0.000314525205457504
2019-02-11,аренда спецтехники,S3_mach,6709,0.00031918521834328246
2019-02-18,аренда спецтехники,S3_mach,6021,0.0002933115709430585
2019-02-25,аренда спецтехники,S3_mach,6475,0.00031085545611600235
2019-03-04,аренда спецтехники,S3_mach,5653,0.0002931613120352842
2019-03-11,аренда спецтехники,S3_mach,6788,0.00032948984848912193
2019-03-18,аренда спецтехники,S3_mach,8253,0.0004101105350755086
2019-03-25,аренда спецтехники,S3_mach,6980,0.0003577154773680631
2019-04-01,аренда спецтехники,S3_mach,7255,0.0003710331435115838
2019-04-08,аренда спецтехники,S3_mach,8068,0.0004111535731418994
2019-04-15,аренда спецтехники,S3_mach,7941,0.0004045666521827288
2019-04-22,аренда спецтехники,S3_mach,6652,0.0003607858925769301
2019-04-29,аренда спецтехники,S3_mach,5501,0.00032559373237853764
2019-05-06,аренда спецтехники,S3_mach,4678,0.000280603454295944
2019-05-13,аренда спецтехники,S3_mach,7722,0.0004085633666866682
2019-05-20,аренда спецтехники,S3_mach,7098,0.00037952118648952485
2019-05-27,аренда спецтехники,S3_mach,6780,0.0003826623005891511
2019-06-03,аренда спецтехники,S3_mach,6983,0.0004013958509388784
2019-06-10,аренда спецтехники,S3_mach,6516,0.00038391177568818796
2019-06-17,аренда спецтехники,S3_mach,7208,0.0004312470049557472
2019-06-24,аренда спецтехники,S3_mach,6712,0.0003953047692522725
2019-07-01,аренда спецтехники,S3_mach,6715,0.0004013070557058902
2019-07-08,аренда спецтехники,S3_mach,6212,0.00037682106559618
2019-07-15,аренда спецтехники,S3_mach,6330,0.0003859477306805714
2019-07-22,аренда спецтехники,S3_mach,6658,0.0004067903440917753
2019-07-29,аренда спецтехники,S3_mach,6442,0.00038784013669543023
2019-08-05,аренда спецтехники,S3_mach,6318,0.0003755469673957066
2019-08-12,аренда спецтехники,S3_mach,6328,0.0003842602442387503
2019-08-19,аренда спецтехники,S3_mach,6295,0.00038864657448952803
2019-08-26,аренда спецтехники,S3_mach,6391,0.0003934567312021957
2019-09-02,аренда спецтехники,S3_mach,6904,0.00040434657765238354
2019-09-09,аренда спецтехники,S3_mach,7699,0.00042516606807694804
2019-09-16,аренда спецтехники,S3_mach,7557,0.0003958536064909909
2019-09-23,аренда спецтехники,S3_mach,7508,0.00038908166151473855
2019-09-30,аренда спецтехники,S3_mach,7079,0.0003615672216262983
2019-10-07,аренда спецтехники,S3_mach,6550,0.0003290997876358763
2019-10-14,аренда спецтехники,S3_mach,7279,0.0003619849325768476
2019-10-21,аренда спецтехники,S3_mach,7835,0.00039028028134566764
2019-10-28,аренда спецтехники,S3_mach,6847,0.000350948810714619
2019-11-04,аренда спецтехники,S3_mach,5400,0.00026853564211367015
2019-11-11,аренда спецтехники,S3_mach,6295,0.00030531906874560515
2019-11-18,аренда спецтехники,S3_mach,6548,0.00030780129171040194
2019-11-25,аренда спецтехники,S3_mach,8084,0.0003665845890694705
2019-12-02,аренда спецтехники,S3_mach,7489,0.0003456159167603434
2019-12-09,аренда спецтехники,S3_mach,7497,0.0003463020929663808
2019-12-16,аренда спецтехники,S3_mach,8528,0.0003936310972200322
2019-12-23,аренда спецтехники,S3_mach,6601,0.00032961178739128726
2019-12-30,аренда спецтехники,S3_mach,6031,0.000344503896452742
2020-01-06,аренда спецтехники,S3_mach,5777,0.0002842090492562728
2020-01-13,аренда спецтехники,S3_mach,7786,0.0003359596215162096
2020-01-20,аренда спецтехники,S3_mach,7305,0.00029997354208720307
2020-01-27,аренда спецтехники,S3_mach,9504,0.00042459178297842346
2020-02-03,аренда спецтехники,S3_mach,7658,0.00034459116881626565
2020-02-10,аренда спецтехники,S3_mach,7732,0.00034153488138877197
2020-02-17,аренда спецтехники,S3_mach,6652,0.0002972106076297738
2020-02-24,аренда спецтехники,S3_mach,11159,0.0005035225626729885
2020-03-02,аренда спецтехники,S3_mach,11842,0.0005494299653670056
2020-03-09,аренда спецтехники,S3_mach,6427,0.00029106868308947974
2020-03-16,аренда спецтехники,S3_mach,6436,0.0002872032921129851
2020-03-23,аренда спецтехники,S3_mach,5603,0.0002513210826375957
2020-03-30,аренда спецтехники,S3_mach,4041,0.000171404512990056
2020-04-06,аренда спецтехники,S3_mach,4753,0.00016894957988456457
2020-04-13,аренда спецтехники,S3_mach,5049,0.00017651418293837206
2020-04-20,аренда спецтехники,S3_mach,5539,0.0001929886518962035
2020-04-27,аренда спецтехники,S3_mach,5084,0.00019532954156840476
2020-05-04,аренда спецтехники,S3_mach,5060,0.00021874498167237822
2020-05-11,аренда спецтехники,S3_mach,6755,0.0002574769285596936
2020-05-18,аренда спецтехники,S3_mach,7541,0.0002896182774377976
2020-05-25,аренда спецтехники,S3_mach,7485,0.0003261503263621825
2020-06-01,аренда спецтехники,S3_mach,7282,0.00033034952676591037
2020-06-08,аренда спецтехники,S3_mach,6880,0.0003380316914969647
2020-06-15,аренда спецтехники,S3_mach,7633,0.0003707050868934909
2020-06-22,аренда спецтехники,S3_mach,7479,0.00037244476912115645
2020-06-29,аренда спецтехники,S3_mach,7687,0.00039223505842987693
2020-07-06,аренда спецтехники,S3_mach,8289,0.00043678003488230007
2020-07-13,аренда спецтехники,S3_mach,8332,0.0004413364218577348
2020-07-20,аренда спецтехники,S3_mach,7955,0.0004198780285098881
2020-07-27,аренда спецтехники,S3_mach,8013,0.00042383955766548683
2020-08-03,аренда спецтехники,S3_mach,7562,0.0004018726397708178
2020-08-10,аренда спецтехники,S3_mach,7234,0.0003809123978130881
2020-08-17,аренда спецтехники,S3_mach,7060,0.00037031967317583065
2020-08-24,аренда спецтехники,S3_mach,6972,0.0003630309581538406
2020-08-31,аренда спецтехники,S3_mach,6707,0.00033534863244827687
2020-09-07,аренда спецтехники,S3_mach,7248,0.0003347392375151146
2020-09-14,аренда спецтехники,S3_mach,6526,0.0002889357760410718
2020-09-21,аренда спецтехники,S3_mach,7744,0.0003380655897779387
2020-09-28,аренда спецтехники,S3_mach,7007,0.0003035890446771551
2020-10-05,аренда спецтехники,S3_mach,6511,0.00027524291030190935
2020-10-12,аренда спецтехники,S3_mach,6924,0.0002824018656514628
2020-10-19,аренда спецтехники,S3_mach,7076,0.0002815001629186171
2020-10-26,аренда спецтехники,S3_mach,6456,0.00025695894556657876
2020-11-02,аренда спецтехники,S3_mach,7244,0.0002891249706561005
2020-11-09,аренда спецтехники,S3_mach,9378,0.0003492407688349845
2020-11-16,аренда спецтехники,S3_mach,7863,0.0002866820518395564
2020-11-23,аренда спецтехники,S3_mach,7449,0.0002681191924996869
2020-11-30,аренда спецтехники,S3_mach,7255,0.00027411226995821054
2020-12-07,аренда спецтехники,S3_mach,6900,0.00026495124726559947
2020-12-14,аренда спецтехники,S3_mach,7315,0.000282609625394084
2020-12-21,аренда спецтехники,S3_mach,6296,0.00025493560524818195
2020-12-28,аренда спецтехники,S3_mach,4268,0.00021406553370449967
2021-01-04,аренда спецтехники,S3_mach,3917,0.00018230865052061326
2021-01-11,аренда спецтехники,S3_mach,6890,0.00027813448738837876
2021-01-18,аренда спецтехники,S3_mach,8212,0.00032948126179259407
2021-01-25,аренда спецтехники,S3_mach,6977,0.0002802773507844309
2021-02-01,аренда спецтехники,S3_mach,8664,0.00035284796053062264
2021-02-08,аренда спецтехники,S3_mach,8159,0.000322234178922172
2021-02-15,аренда спецтехники,S3_mach,7685,0.0002998498495148028
2021-02-22,аренда спецтехники,S3_mach,6002,0.00024539281711478196
2021-03-01,аренда спецтехники,S3_mach,6563,0.0002711846432061148
2021-03-08,аренда спецтехники,S3_mach,5886,0.00023842934201864048
2021-03-15,аренда спецтехники,S3_mach,7072,0.00028174892704673995
2021-03-22,аренда спецтехники,S3_mach,7260,0.0003044506892685815
2021-03-29,аренда спецтехники,S3_mach,7292,0.0002956764335195234
2021-04-05,аренда спецтехники,S3_mach,7352,0.00028849044308287743
2021-04-12,аренда спецтехники,S3_mach,7225,0.00028922340483459637
2021-04-19,аренда спецтехники,S3_mach,7707,0.0003036550164759244
2021-04-26,аренда спецтехники,S3_mach,7066,0.0002965495136621341
2021-05-03,аренда спецтехники,S3_mach,5268,0.00024044512120992834
2021-05-10,аренда спецтехники,S3_mach,6887,0.0002891740995075293
2021-05-17,аренда спецтехники,S3_mach,8025,0.00032501793463138534
2021-05-24,аренда спецтехники,S3_mach,7734,0.0003261902704160994
2021-05-31,аренда спецтехники,S3_mach,7822,0.00033478640563119807
2021-06-07,аренда спецтехники,S3_mach,8362,0.000353712535342056
2021-06-14,аренда спецтехники,S3_mach,7090,0.00031264102331490226
2021-06-21,аренда спецтехники,S3_mach,6935,0.0003045539350460981
2021-06-28,аренда спецтехники,S3_mach,6926,0.000308071151380086
2021-07-05,аренда спецтехники,S3_mach,7272,0.00033339609053215693
2021-07-12,аренда спецтехники,S3_mach,7325,0.0003372730534056193
2021-07-19,аренда спецтехники,S3_mach,6953,0.0003163248340767513
2021-07-26,аренда спецтехники,S3_mach,6751,0.0003039697884341726
2021-08-02,аренда спецтехники,S3_mach,6746,0.0003018640806376884
2021-08-09,аренда спецтехники,S3_mach,7178,0.00032063657837255787
2021-08-16,аренда спецтехники,S3_mach,7103,0.000313878123067384
2021-08-23,аренда спецтехники,S3_mach,6890,0.0002989919628308953
2021-08-30,аренда спецтехники,S3_mach,8314,0.0003509835693745893
2021-09-06,аренда спецтехники,S3_mach,8387,0.00034968980015155377
2021-09-13,аренда спецтехники,S3_mach,8249,0.00032745454442460764
2021-09-20,аренда спецтехники,S3_mach,7932,0.0003062103900434291
2021-09-27,аренда спецтехники,S3_mach,7226,0.00028691591272241083
2021-10-04,аренда спецтехники,S3_mach,7629,0.0003022633444764729
2021-10-11,аренда спецтехники,S3_mach,8357,0.0003173181789066502
2021-10-18,аренда спецтехники,S3_mach,7514,0.0002832511411577418
2021-10-25,аренда спецтехники,S3_mach,7504,0.0002915085228398101
2021-11-01,аренда спецтехники,S3_mach,5905,0.00023826471712102564
2021-11-08,аренда спецтехники,S3_mach,7204,0.0002631163515875871
2021-11-15,аренда спецтехники,S3_mach,7127,0.00025677684877420696
2021-11-22,аренда спецтехники,S3_mach,6799,0.000245894986100257
2021-11-29,аренда спецтехники,S3_mach,7018,0.00025652411151361627
2021-12-06,аренда спецтехники,S3_mach,7276,0.00026340650105606317
2021-12-13,аренда спецтехники,S3_mach,7667,0.0002752678338251163
2021-12-20,аренда спецтехники,S3_mach,7049,0.0002577671834599935
2021-12-27,аренда спецтехники,S3_mach,3768,0.00016536975625504717
2022-01-03,аренда спецтехники,S3_mach,2868,0.00012188922235895027
2022-01-10,аренда спецтехники,S3_mach,7164,0.0002603362637930061
2022-01-17,аренда спецтехники,S3_mach,7606,0.0002675271592272399
2022-01-24,аренда спецтехники,S3_mach,7524,0.0002581398708719934
2022-01-31,аренда спецтехники,S3_mach,7540,0.00025419839891189816
2022-02-07,аренда спецтехники,S3_mach,8025,0.00026445217379948845
2022-02-14,аренда спецтехники,S3_mach,8827,0.00029762822251031993
2022-02-21,аренда спецтехники,S3_mach,6527,0.00022952577367981272
2022-02-28,аренда спецтехники,S3_mach,6852,0.0002368747062390224
2022-03-07,аренда спецтехники,S3_mach,5751,0.0002053138070009066
2022-03-14,аренда спецтехники,S3_mach,7062,0.0002412030638297635
2022-03-21,аренда спецтехники,S3_mach,7556,0.0002647795596173609
2022-03-28,аренда спецтехники,S3_mach,7532,0.0002634717411710199
2022-04-04,аренда спецтехники,S3_mach,7001,0.0002446670705645532
2022-04-11,аренда спецтехники,S3_mach,6716,0.00023889887595197567
2022-04-18,аренда спецтехники,S3_mach,7336,0.0002636080093276271
2022-04-25,аренда спецтехники,S3_mach,6633,0.0002488528980658911
2022-05-02,аренда спецтехники,S3_mach,4675,0.00018588435829180558
2022-05-09,аренда спецтехники,S3_mach,5051,0.00018618415498065192
2022-05-16,аренда спецтехники,S3_mach,6898,0.00024180107018314308
2022-05-23,аренда спецтехники,S3_mach,6686,0.0002435287810195495
2022-05-30,аренда спецтехники,S3_mach,6440,0.00025195972336183897
2022-06-06,аренда спецтехники,S3_mach,6593,0.00026583156766316675
2022-06-13,аренда спецтехники,S3_mach,5901,0.00023858520820056929
2022-06-20,аренда спецтехники,S3_mach,6719,0.00026304291336975776
2022-06-27,аренда спецтехники,S3_mach,6256,0.0002607535434457988
2022-07-04,аренда спецтехники,S3_mach,6184,0.00026348099543854617
2022-07-11,аренда спецтехники,S3_mach,6631,0.00027818446377895876
2022-07-18,аренда спецтехники,S3_mach,6448,0.0002716693042162218
2022-07-25,аренда спецтехники,S3_mach,6015,0.00025345572832792854
2022-08-01,аренда спецтехники,S3_mach,6219,0.00026257640037513744
2022-08-08,аренда спецтехники,S3_mach,6125,0.00025695518480700386
2022-08-15,аренда спецтехники,S3_mach,6040,0.00024749618142177836
2022-08-22,аренда спецтехники,S3_mach,7045,0.0002871410921593751
2022-08-29,аренда спецтехники,S3_mach,6627,0.0002612688943611692
2022-09-05,аренда спецтехники,S3_mach,7215,0.0002654013848091018
2022-09-12,аренда спецтехники,S3_mach,6130,0.00022300617344351995
2022-09-19,аренда спецтехники,S3_mach,4522,0.00016195750879217783
2022-09-26,аренда спецтехники,S3_mach,4546,0.00016647286871326452
2022-10-03,аренда спецтехники,S3_mach,4818,0.00017597059205178229
2022-10-10,аренда спецтехники,S3_mach,4928,0.00017820019897086414
2022-10-17,аренда спецтехники,S3_mach,5304,0.00018190476373419626
2022-10-24,аренда спецтехники,S3_mach,4551,0.0001604932688075677
2022-10-31,аренда спецтехники,S3_mach,5136,0.0001850246023712139
2022-11-07,аренда спецтехники,S3_mach,5062,0.0001754216615104117
2022-11-14,аренда спецтехники,S3_mach,5155,0.0001709193668026643
2022-11-21,аренда спецтехники,S3_mach,5301,0.0001766698236752074
2022-11-28,аренда спецтехники,S3_mach,4860,0.0001627307048018506
2022-12-05,аренда спецтехники,S3_mach,4759,0.00015965231353262863
2022-12-12,аренда спецтехники,S3_mach,4773,0.000161728657270034
2022-12-19,аренда спецтехники,S3_mach,5072,0.00017439647830188432
2022-12-26,аренда спецтехники,S3_mach,3129,0.00012952502049454033
2023-01-02,аренда спецтехники,S3_mach,1656,6.771026569272745e-05
2023-01-09,аренда спецтехники,S3_mach,4367,0.00015310351208795228
2023-01-16,аренда спецтехники,S3_mach,4971,0.00017034452711414856
2023-01-23,аренда спецтехники,S3_mach,5513,0.0001890286485881153
2023-01-30,аренда спецтехники,S3_mach,5551,0.0001914592021426246
2023-02-06,аренда спецтехники,S3_mach,5347,0.00018445230804538324
2023-02-13,аренда спецтехники,S3_mach,5429,0.0001879339185917724
2023-02-20,аренда спецтехники,S3_mach,3947,0.0001445037047006408
2023-02-27,аренда спецтехники,S3_mach,5330,0.00018447563109551225
2023-03-06,аренда спецтехники,S3_mach,4761,0.0001728872572458601
2023-03-13,аренда спецтехники,S3_mach,5474,0.00019083570260151975
2023-03-20,аренда спецтехники,S3_mach,5852,0.00021095418638613522
2023-03-27,аренда спецтехники,S3_mach,6031,0.00021965281097609124
2023-04-03,аренда спецтехники,S3_mach,5832,0.0002116666383615769
2023-04-10,аренда спецтехники,S3_mach,6029,0.00022236448238017182
2023-04-17,аренда спецтехники,S3_mach,6089,0.0002252362335341258
2023-04-24,аренда спецтехники,S3_mach,5575,0.0002103252523538119
2023-05-01,аренда спецтехники,S3_mach,6348,0.00024931328338994175
2023-05-08,аренда спецтехники,S3_mach,6013,0.0002385381123906088
2023-05-15,аренда спецтехники,S3_mach,7158,0.00027379776848599136
2023-05-22,аренда спецтехники,S3_mach,6402,0.00025456842158973707
2023-05-29,аренда спецтехники,S3_mach,7160,0.00029154611523226156
2023-06-05,аренда спецтехники,S3_mach,6908,0.00028650374715691947
2023-06-12,аренда спецтехники,S3_mach,5361,0.0002280125528221531
2023-06-19,аренда спецтехники,S3_mach,5582,0.00023247813746046195
2023-06-26,аренда спецтехники,S3_mach,5164,0.00022059377492099062
2023-07-03,аренда спецтехники,S3_mach,4972,0.00021938290433223335
2023-07-10,аренда спецтехники,S3_mach,5503,0.00023879504065877196
2023-07-17,аренда спецтехники,S3_mach,5534,0.00024251786354635734
2023-07-24,аренда спецтехники,S3_mach,6203,0.0002696090809324683
2023-07-31,аренда спецтехники,S3_mach,5301,0.00023558403012506187
2023-08-07,аренда спецтехники,S3_mach,6257,0.00027226904191620196
2023-08-14,аренда спецтехники,S3_mach,7039,0.00031162351376645854
2023-08-21,аренда спецтехники,S3_mach,5954,0.00026506264902397865
2023-08-28,аренда спецтехники,S3_mach,6118,0.0002728539804753041
2023-09-04,аренда спецтехники,S3_mach,6079,0.0002481362968079959
2023-09-11,аренда спецтехники,S3_mach,6109,0.00024099716413125867
2023-09-18,аренда спецтехники,S3_mach,5900,0.00022770893909483246
2023-09-25,аренда спецтехники,S3_mach,6037,0.00023022732982907278
2023-10-02,аренда спецтехники,S3_mach,5619,0.0002122328997777159
2023-10-09,аренда спецтехники,S3_mach,5589,0.00020745966399781594
2023-10-16,аренда спецтехники,S3_mach,5850,0.00021213826566419654
2023-10-23,аренда спецтехники,S3_mach,5676,0.00020979389449728432
2023-10-30,аренда спецтехники,S3_mach,5206,0.00020374721626256398
2023-11-06,аренда спецтехники,S3_mach,4993,0.000186705454474921
2023-11-13,аренда спецтехники,S3_mach,5435,0.0001961483717459303
2023-11-20,аренда спецтехники,S3_mach,5581,0.00019905177490920706
2023-11-27,аренда спецтехники,S3_mach,6018,0.00021257313491635882
2023-12-04,аренда спецтехники,S3_mach,5704,0.0001994175006415622
2023-12-11,аренда спецтехники,S3_mach,5544,0.00019745932997959108
2023-12-18,аренда спецтехники,S3_mach,4846,0.00017645258528234547
2023-12-25,аренда спецтехники,S3_mach,3881,0.00016211605006557331
2024-01-01,аренда спецтехники,S3_mach,1632,6.955288506590396e-05
2024-01-08,аренда спецтехники,S3_mach,4504,0.0001660371769293798
2024-01-15,аренда спецтехники,S3_mach,5741,0.00020204095046363988
2024-01-22,аренда спецтехники,S3_mach,5661,0.0001981385350490454
2024-01-29,аренда спецтехники,S3_mach,5866,0.00021159994284694923
2024-02-05,аренда спецтехники,S3_mach,6242,0.00023021786174232752
2024-02-12,аренда спецтехники,S3_mach,6721,0.00024788050815250425
2024-02-19,аренда спецтехники,S3_mach,5191,0.00019978759980247913
2024-02-26,аренда спецтехники,S3_mach,6133,0.00021315643361001027
2024-03-04,аренда спецтехники,S3_mach,4706,0.00017470088672690747
2024-03-11,аренда спецтехники,S3_mach,5570,0.00021282440192658752
2024-03-18,аренда спецтехники,S3_mach,5617,0.00021618103692334703
2024-03-25,аренда спецтехники,S3_mach,5416,0.00021850544910530998
2024-04-01,аренда спецтехники,S3_mach,5548,0.00021527356824977914
2024-04-08,аренда спецтехники,S3_mach,5662,0.0002223899618082515
2024-04-15,аренда спецтехники,S3_mach,6082,0.00023658050778646724
2024-04-22,аренда спецтехники,S3_mach,5740,0.00022514047598815048
2024-04-29,аренда спецтехники,S3_mach,3477,0.00015156331617099126
2024-05-06,аренда спецтехники,S3_mach,3984,0.0001658272289631081
2024-05-13,аренда спецтехники,S3_mach,5858,0.00023442585283713074
2024-05-20,аренда спецтехники,S3_mach,5845,0.0002484357733514515
2024-05-27,аренда спецтехники,S3_mach,5966,0.00026287332648775236
2024-06-03,аренда спецтехники,S3_mach,6143,0.0002732193696692332
2024-06-10,аренда спецтехники,S3_mach,4877,0.00022331430308856893
2024-06-17,аренда спецтехники,S3_mach,5581,0.00025141585428476224
2024-06-24,аренда спецтехники,S3_mach,4984,0.00023458371935961556
2024-07-01,аренда спецтехники,S3_mach,5263,0.0002497444434107048
2024-07-08,аренда спецтехники,S3_mach,5363,0.0002599612072827841
2024-07-15,аренда спецтехники,S3_mach,4970,0.0002399063858057797
2024-07-22,аренда спецтехники,S3_mach,6148,0.0002915945591257383
2024-07-29,аренда спецтехники,S3_mach,5811,0.0002733269114600861
2024-08-05,аренда спецтехники,S3_mach,5339,0.0002485125632882521
2024-08-12,аренда спецтехники,S3_mach,5242,0.00025170735035650856
2024-08-19,аренда спецтехники,S3_mach,6262,0.00029761372346972316
2024-08-26,аренда спецтехники,S3_mach,7820,0.0003686486900218004
2024-09-02,аренда спецтехники,S3_mach,5665,0.0002640096487068041
2024-09-09,аренда спецтехники,S3_mach,4753,0.00020621152096218532
2024-09-16,аренда спецтехники,S3_mach,5035,0.0002109824644428393
2024-09-23,аренда спецтехники,S3_mach,5835,0.00023904897610759686
2024-09-30,аренда спецтехники,S3_mach,8296,0.0003320956147917347
2024-10-07,аренда спецтехники,S3_mach,7825,0.0003017388043915651
2024-10-14,аренда спецтехники,S3_mach,4901,0.00020073776999832157
2024-10-21,аренда спецтехники,S3_mach,5682,0.00021976549623746987
2024-10-28,аренда спецтехники,S3_mach,5315,0.0002113093633183443
2024-11-04,аренда спецтехники,S3_mach,4994,0.00018778036213916614
2024-11-11,аренда спецтехники,S3_mach,7322,0.00026652837156676453
2024-11-18,аренда спецтехники,S3_mach,5594,0.00020985385334611504
2024-11-25,аренда спецтехники,S3_mach,5731,0.00019896117085350273
2024-12-02,аренда спецтехники,S3_mach,6233,0.00022623125156367652
2024-12-09,аренда спецтехники,S3_mach,6128,0.0002211430146389985
2024-12-16,аренда спецтехники,S3_mach,8979,0.00031430856263245626
2024-12-23,аренда спецтехники,S3_mach,8042,0.0003009040921248088
2024-12-30,аренда спецтехники,S3_mach,2807,0.00012981356131003212
2025-01-06,аренда спецтехники,S3_mach,3571,0.00014313690091515664
2025-01-13,аренда спецтехники,S3_mach,6460,0.00023156865147223917
2025-01-20,аренда спецтехники,S3_mach,7576,0.00026470458848779744
2025-01-27,аренда спецтехники,S3_mach,7620,0.00026394353109795185
2025-02-03,аренда спецтехники,S3_mach,8379,0.00028867044321264035
2025-02-10,аренда спецтехники,S3_mach,7851,0.0002737022998283547
2025-02-17,аренда спецтехники,S3_mach,7080,0.000251649618877683
2025-02-24,аренда спецтехники,S3_mach,6547,0.00023443118634770542
2025-03-03,аренда спецтехники,S3_mach,6854,0.00025327619642582133
2025-03-10,аренда спецтехники,S3_mach,6825,0.0002444729880000966
2025-03-17,аренда спецтехники,S3_mach,6835,0.00024834314870781455
2025-03-24,аренда спецтехники,S3_mach,6568,0.00025091083488664476
2025-03-31,аренда спецтехники,S3_mach,6774,0.0002507660794521486
2025-04-07,аренда спецтехники,S3_mach,6304,0.00023307377269576518
2025-04-14,аренда спецтехники,S3_mach,6234,0.00023956492206390488
2025-04-21,аренда спецтехники,S3_mach,6449,0.0002443823043162243
2025-04-28,аренда спецтехники,S3_mach,5372,0.00022133295294719132
2025-05-05,аренда спецтехники,S3_mach,4656,0.00019614152671900984
2025-05-12,аренда спецтехники,S3_mach,6235,0.00024171996807449502
2025-05-19,аренда спецтехники,S3_mach,5508,0.00022822578274258595
2025-05-26,аренда спецтехники,S3_mach,5058,0.00021710053278878685
2025-06-02,аренда спецтехники,S3_mach,5019,0.00021765849869432547
2025-06-09,аренда спецтехники,S3_mach,4237,0.00017834442014416716
2025-06-16,аренда спецтехники,S3_mach,5214,0.000207508964521587
2025-06-23,аренда спецтехники,S3_mach,6090,0.00024511858049445666
2025-06-30,аренда спецтехники,S3_mach,5273,0.00021797137610967315
2025-07-07,аренда спецтехники,S3_mach,5636,0.00023719907098147225
2025-07-14,аренда спецтехники,S3_mach,5087,0.0002144036353820166
2025-07-21,аренда спецтехники,S3_mach,5280,0.00022212995527251804
2025-07-28,аренда спецтехники,S3_mach,5372,0.0002266497314369868
2025-08-04,аренда спецтехники,S3_mach,5222,0.00021906044642288944
2025-08-11,аренда спецтехники,S3_mach,5260,0.00022267842012419425
2025-08-18,аренда спецтехники,S3_mach,5212,0.00022171567026240652
2025-08-25,аренда спецтехники,S3_mach,4761,0.0002025146052652819
2025-09-01,аренда спецтехники,S3_mach,5020,0.00020693257226292355
2025-09-08,аренда спецтехники,S3_mach,4912,0.00019331968449657608
2025-09-15,аренда спецтехники,S3_mach,5045,0.0001971924602113174
2025-09-22,аренда спецтехники,S3_mach,4711,0.0001807868908644747
2025-09-29,аренда спецтехники,S3_mach,4546,0.00017548096392732627
2025-10-06,аренда спецтехники,S3_mach,4983,0.000189894699490632
2025-10-13,аренда спецтехники,S3_mach,4706,0.00017161983056522613
2025-10-20,аренда спецтехники,S3_mach,4543,0.0001676470542530736
2025-10-27,аренда спецтехники,S3_mach,4815,0.00018457322708186728
2025-11-03,аренда спецтехники,S3_mach,3656,0.00013970860099707798
2025-11-10,аренда спецтехники,S3_mach,4747,0.00017448469626156184
2025-11-17,аренда спецтехники,S3_mach,4911,0.0001775837266048085
2025-11-24,аренда спецтехники,S3_mach,4431,0.00015820966998197656
2025-12-01,аренда спецтехники,S3_mach,3906,0.00013990683658911932
2025-12-08,аренда спецтехники,S3_mach,4157,0.0001524552094562117
2025-12-15,аренда спецтехники,S3_mach,3755,0.0001441313188237723
2025-12-22,аренда спецтехники,S3_mach,3212,0.00013438928168928518
2025-12-29,аренда спецтехники,S3_mach,1349,6.69869683566656e-05
2026-01-05,аренда спецтехники,S3_mach,1986,9.334437743648801e-05
2026-01-12,аренда спецтехники,S3_mach,4367,0.0001797506872209998
2026-01-19,аренда спецтехники,S3_mach,4215,0.00016788854663028424
2026-01-26,аренда спецтехники,S3_mach,4246,0.00017193129518058386
2026-02-02,аренда спецтехники,S3_mach,3941,0.00016048880029517984
2026-02-09,аренда спецтехники,S3_mach,3793,0.00015817392161633474
2026-02-16,аренда спецтехники,S3_mach,3777,0.0001644297839694594
2026-02-23,аренда спецтехники,S3_mach,3546,0.0001572252899975581
2026-03-02,аренда спецтехники,S3_mach,3341,0.00015205018286262222
2026-03-09,аренда спецтехники,S3_mach,3635,0.0001468457175878656
2026-03-16,аренда спецтехники,S3_mach,4764,0.00018160635874522242
2026-03-23,аренда спецтехники,S3_mach,4891,0.00018805561844230023
2026-03-30,аренда спецтехники,S3_mach,4867,0.00019080380213713308
2026-04-06,аренда спецтехники,S3_mach,4959,0.00018745832185149537
2026-04-13,аренда спецтехники,S3_mach,4611,0.00017375619232674316
2026-04-20,аренда спецтехники,S3_mach,4272,0.0001614033560570355
2026-04-27,аренда спецтехники,S3_mach,3566,0.00014372168324896026
2026-05-04,аренда спецтехники,S3_mach,4215,0.00018203526380738727
2026-05-11,аренда спецтехники,S3_mach,4724,0.00019563106566459918
2026-05-18,аренда спецтехники,S3_mach,5164,0.00021311446116103116
2026-05-25,аренда спецтехники,S3_mach,5930,0.00024445637910992774
2026-06-01,аренда спецтехники,S3_mach,5474,0.00022762532859934637
2026-06-08,аренда спецтехники,S3_mach,5352,0.00022352203356731031
2026-06-15,аренда спецтехники,S3_mach,5448,0.0002235670092441647
2026-06-22,аренда спецтехники,S3_mach,4995,0.0002044229291173659
2026-06-29,аренда спецтехники,S3_mach,5261,0.00022236688096805303
2026-07-06,аренда спецтехники,S3_mach,5174,0.0002135831641115039
2026-07-13,аренда спецтехники,S3_mach,4909,0.00019075351321060115
2026-07-20,аренда спецтехники,S3_mach,5386,0.00020176052389738497
2026-07-27,аренда спецтехники,S3_mach,5326,0.00020609373824803035
2026-08-03,аренда спецтехники,S3_mach,4691,0.00018494271874949471
2026-08-10,аренда спецтехники,S3_mach,4906,0.00019041904842302684
2026-08-17,аренда спецтехники,S3_mach,4381,0.00017136549618546157
2018-01-01,экскаватор аренда,S3_mach,3293,0.00022406372453432337
2018-01-08,экскаватор аренда,S3_mach,6315,0.00036514749214149544
2018-01-15,экскаватор аренда,S3_mach,7576,0.00041044511365598746
2018-01-22,экскаватор аренда,S3_mach,8512,0.00044896460754823226
2018-01-29,экскаватор аренда,S3_mach,7983,0.0004225445555965286
2018-02-05,экскаватор аренда,S3_mach,8965,0.00046473531485872273
2018-02-12,экскаватор аренда,S3_mach,8519,0.00045191293906300103
2018-02-19,экскаватор аренда,S3_mach,7331,0.000374436651540868
2018-02-26,экскаватор аренда,S3_mach,8400,0.0004149727587748498
2018-03-05,экскаватор аренда,S3_mach,7614,0.0004125784134495001
2018-03-12,экскаватор аренда,S3_mach,10317,0.0005210612794928355
2018-03-19,экскаватор аренда,S3_mach,11243,0.000597085665916624
2018-03-26,экскаватор аренда,S3_mach,10121,0.0005494711433353095
2018-04-02,экскаватор аренда,S3_mach,9437,0.0005322237464388933
2018-04-09,экскаватор аренда,S3_mach,10804,0.0006111704637104402
2018-04-16,экскаватор аренда,S3_mach,11531,0.0006455238268014373
2018-04-23,экскаватор аренда,S3_mach,10881,0.0006044450989232705
2018-04-30,экскаватор аренда,S3_mach,10069,0.0006372003126659476
2018-05-07,экскаватор аренда,S3_mach,10490,0.0006253457352662604
2018-05-14,экскаватор аренда,S3_mach,12200,0.000696067998485671
2018-05-21,экскаватор аренда,S3_mach,12966,0.0007740932383090559
2018-05-28,экскаватор аренда,S3_mach,12930,0.0007696162540743413
2018-06-04,экскаватор аренда,S3_mach,13797,0.0008174992138524765
2018-06-11,экскаватор аренда,S3_mach,9759,0.0006217521648151775
2018-06-18,экскаватор аренда,S3_mach,11177,0.0006836131138402105
2018-06-25,экскаватор аренда,S3_mach,11623,0.0007253280196745752
2018-07-02,экскаватор аренда,S3_mach,10941,0.000684460231667849
2018-07-09,экскаватор аренда,S3_mach,11190,0.0007298708031101487
2018-07-16,экскаватор аренда,S3_mach,11521,0.0007353872308262521
2018-07-23,экскаватор аренда,S3_mach,12758,0.000805400396647764
2018-07-30,экскаватор аренда,S3_mach,13975,0.000880220951923316
2018-08-06,экскаватор аренда,S3_mach,14082,0.0008847793663731671
2018-08-13,экскаватор аренда,S3_mach,14159,0.0008811672595596537
2018-08-20,экскаватор аренда,S3_mach,14112,0.0009030249914719585
2018-08-27,экскаватор аренда,S3_mach,18661,0.0011576205904476296
2018-09-03,экскаватор аренда,S3_mach,13618,0.000779485580237123
2018-09-10,экскаватор аренда,S3_mach,12018,0.000663768508358873
2018-09-17,экскаватор аренда,S3_mach,13215,0.0006862118388132788
2018-09-24,экскаватор аренда,S3_mach,13196,0.0006476028952087593
2018-10-01,экскаватор аренда,S3_mach,13054,0.0006342401878562105
2018-10-08,экскаватор аренда,S3_mach,14124,0.0006779499782989287
2018-10-15,экскаватор аренда,S3_mach,12635,0.0006058047489932312
2018-10-22,экскаватор аренда,S3_mach,11687,0.000563133204457663
2018-10-29,экскаватор аренда,S3_mach,14325,0.0007070920583166487
2018-11-05,экскаватор аренда,S3_mach,8138,0.0004205618327486851
2018-11-12,экскаватор аренда,S3_mach,9664,0.0004817034384586588
2018-11-19,экскаватор аренда,S3_mach,9276,0.0004652197415572032
2018-11-26,экскаватор аренда,S3_mach,7962,0.0004032373741912497
2018-12-03,экскаватор аренда,S3_mach,7487,0.000364613631234056
2018-12-10,экскаватор аренда,S3_mach,6376,0.0003189385269624545
2018-12-17,экскаватор аренда,S3_mach,5962,0.0003013446145300325
2018-12-24,экскаватор аренда,S3_mach,4280,0.00023700467786709316
2018-12-31,экскаватор аренда,S3_mach,2656,0.00016609707730542327
2019-01-07,экскаватор аренда,S3_mach,5043,0.00026227702924412334
2019-01-14,экскаватор аренда,S3_mach,6797,0.00032619558038447983
2019-01-21,экскаватор аренда,S3_mach,8330,0.00039069123290740043
2019-01-28,экскаватор аренда,S3_mach,8261,0.00039299384483535294
2019-02-04,экскаватор аренда,S3_mach,7799,0.0003658437102704062
2019-02-11,экскаватор аренда,S3_mach,7079,0.0003367882189077503
2019-02-18,экскаватор аренда,S3_mach,7003,0.0003411494654233912
2019-02-25,экскаватор аренда,S3_mach,8181,0.00039275806741081315
2019-03-04,экскаватор аренда,S3_mach,7042,0.00036519404906288185
2019-03-11,экскаватор аренда,S3_mach,9643,0.0004680716866500593
2019-03-18,экскаватор аренда,S3_mach,11245,0.0005587898905760443
2019-03-25,экскаватор аренда,S3_mach,11968,0.0006133436723697677
2019-04-01,экскаватор аренда,S3_mach,11351,0.0005805096088215007
2019-04-08,экскаватор аренда,S3_mach,12302,0.0006269225652939572
2019-04-15,экскаватор аренда,S3_mach,11588,0.0005903687653309987
2019-04-22,экскаватор аренда,S3_mach,11753,0.0006374498790524143
2019-04-29,экскаватор аренда,S3_mach,9451,0.0005593867232702344
2019-05-06,экскаватор аренда,S3_mach,9679,0.0005805816233711933
2019-05-13,экскаватор аренда,S3_mach,12189,0.0006449079094203313
2019-05-20,экскаватор аренда,S3_mach,11382,0.0006085813108796523
2019-05-27,экскаватор аренда,S3_mach,12055,0.0006803826008262856
2019-06-03,экскаватор аренда,S3_mach,11375,0.0006538561942474211
2019-06-10,экскаватор аренда,S3_mach,10509,0.0006191726290219716
2019-06-17,экскаватор аренда,S3_mach,10880,0.0006509388754049014
2019-06-24,экскаватор аренда,S3_mach,10509,0.0006189299493552043
2019-07-01,экскаватор аренда,S3_mach,10660,0.0006370712157594623
2019-07-08,экскаватор аренда,S3_mach,10278,0.0006234653754342464
2019-07-15,экскаватор аренда,S3_mach,9898,0.0006034929918287987
2019-07-22,экскаватор аренда,S3_mach,10571,0.0006458667358657489
2019-07-29,экскаватор аренда,S3_mach,9281,0.0005587619231093275
2019-08-05,экскаватор аренда,S3_mach,9932,0.0005903660145891354
2019-08-12,экскаватор аренда,S3_mach,10597,0.0006434901719655557
2019-08-19,экскаватор аренда,S3_mach,10297,0.0006357257787956586
2019-08-26,экскаватор аренда,S3_mach,9757,0.0006006817910092041
2019-09-02,экскаватор аренда,S3_mach,10211,0.0005980276512758529
2019-09-09,экскаватор аренда,S3_mach,11012,0.000608121670562846
2019-09-16,экскаватор аренда,S3_mach,10507,0.00055038161220072
2019-09-23,экскаватор аренда,S3_mach,10175,0.0005272916763335727
2019-09-30,экскаватор аренда,S3_mach,11255,0.0005748607260070614
2019-10-07,экскаватор аренда,S3_mach,12045,0.0006051918995533023
2019-10-14,экскаватор аренда,S3_mach,10904,0.0005422563133422099
2019-10-21,экскаватор аренда,S3_mach,10654,0.0005307014827641025
2019-10-28,экскаватор аренда,S3_mach,13898,0.0007123538150009895
2019-11-04,экскаватор аренда,S3_mach,8392,0.0004173242793736889
2019-11-11,экскаватор аренда,S3_mach,8523,0.0004133811632913094
2019-11-18,экскаватор аренда,S3_mach,8947,0.00042057088529825386
2019-11-25,экскаватор аренда,S3_mach,11208,0.0005082484010750402
2019-12-02,экскаватор аренда,S3_mach,8933,0.00041225624040861896
2019-12-09,экскаватор аренда,S3_mach,11208,0.0005177209361034008
2019-12-16,экскаватор аренда,S3_mach,13954,0.0006440816522758359
2019-12-23,экскаватор аренда,S3_mach,9532,0.00047596721063683533
2019-12-30,экскаватор аренда,S3_mach,15092,0.0008620880128112721
2020-01-06,экскаватор аренда,S3_mach,13354,0.0006569720691999769
2020-01-13,экскаватор аренда,S3_mach,11320,0.0004884488717651545
2020-01-20,экскаватор аренда,S3_mach,9947,0.0004084649997455727
2020-01-27,экскаватор аренда,S3_mach,10053,0.0004491183916542603
2020-02-03,экскаватор аренда,S3_mach,10410,0.00046842440159014433
2020-02-10,экскаватор аренда,S3_mach,11994,0.000529794279277927
2020-02-17,экскаватор аренда,S3_mach,9400,0.00041999093681898287
2020-02-24,экскаватор аренда,S3_mach,16777,0.0007570210622784054
2020-03-02,экскаватор аренда,S3_mach,23691,0.001099184707778224
2020-03-09,экскаватор аренда,S3_mach,9621,0.0004357199004207071
2020-03-16,экскаватор аренда,S3_mach,9456,0.00042196928685835723
2020-03-23,экскаватор аренда,S3_mach,8584,0.0003850330489668252
2020-03-30,экскаватор аренда,S3_mach,7847,0.00033284118125042554
2020-04-06,экскаватор аренда,S3_mach,8914,0.00031685599728403297
2020-04-13,экскаватор аренда,S3_mach,10060,0.00035169987727471237
2020-04-20,экскаватор аренда,S3_mach,10380,0.0003616577372599011
2020-04-27,экскаватор аренда,S3_mach,11269,0.0004329599929060491
2020-05-04,экскаватор аренда,S3_mach,12489,0.000539902386582279
2020-05-11,экскаватор аренда,S3_mach,14741,0.0005618752633454395
2020-05-18,экскаватор аренда,S3_mach,14902,0.0005723235075425089
2020-05-25,экскаватор аренда,S3_mach,15094,0.0006577038111036449
2020-06-01,экскаватор аренда,S3_mach,14330,0.0006500835922212985
2020-06-08,экскаватор аренда,S3_mach,14053,0.0006904592093905299
2020-06-15,экскаватор аренда,S3_mach,14931,0.0007251405282859574
2020-06-22,экскаватор аренда,S3_mach,19395,0.0009658465432684622
2020-06-29,экскаватор аренда,S3_mach,13968,0.000712727890743921
2020-07-06,экскаватор аренда,S3_mach,14661,0.000772545794596381
2020-07-13,экскаватор аренда,S3_mach,15368,0.0008140252197683232
2020-07-20,экскаватор аренда,S3_mach,15474,0.0008167432574685113
2020-07-27,экскаватор аренда,S3_mach,14834,0.0007846294769012643
2020-08-03,экскаватор аренда,S3_mach,15452,0.0008211764122902244
2020-08-10,экскаватор аренда,S3_mach,14705,0.0007743042313853276
2020-08-17,экскаватор аренда,S3_mach,15712,0.0008241448590564661
2020-08-24,экскаватор аренда,S3_mach,16014,0.0008338464951055083
2020-08-31,экскаватор аренда,S3_mach,15836,0.0007917967710527676
2020-09-07,экскаватор аренда,S3_mach,13538,0.0006252345195198152
2020-09-14,экскаватор аренда,S3_mach,12359,0.0005471892822696301
2020-09-21,экскаватор аренда,S3_mach,14732,0.0006431278755951179
2020-09-28,экскаватор аренда,S3_mach,12887,0.0005583490821684741
2020-10-05,экскаватор аренда,S3_mach,12709,0.0005372542078063225
2020-10-12,экскаватор аренда,S3_mach,11978,0.000488534018886947
2020-10-19,экскаватор аренда,S3_mach,10810,0.0004300475920223644
2020-10-26,экскаватор аренда,S3_mach,10950,0.00043582720786153
2020-11-02,экскаватор аренда,S3_mach,10565,0.0004216738424878108
2020-11-09,экскаватор аренда,S3_mach,10546,0.0003927375931044729
2020-11-16,экскаватор аренда,S3_mach,10171,0.00037083087234644893
2020-11-23,экскаватор аренда,S3_mach,9123,0.00032837312299297135
2020-11-30,экскаватор аренда,S3_mach,8792,0.0003321840217053876
2020-12-07,экскаватор аренда,S3_mach,8978,0.00034474381129718146
2020-12-14,экскаватор аренда,S3_mach,8910,0.000344231273036403
2020-12-21,экскаватор аренда,S3_mach,7495,0.0003034851272768621
2020-12-28,экскаватор аренда,S3_mach,5027,0.0002521338889251452
2021-01-04,экскаватор аренда,S3_mach,4921,0.00022903775062852643
2021-01-11,экскаватор аренда,S3_mach,7328,0.00029581560574485336
2021-01-18,экскаватор аренда,S3_mach,8002,0.0003210556571924425
2021-01-25,экскаватор аренда,S3_mach,8336,0.00033487057419220525
2021-02-01,экскаватор аренда,S3_mach,10063,0.00040982329487761486
2021-02-08,экскаватор аренда,S3_mach,9344,0.0003690349513235415
2021-02-15,экскаватор аренда,S3_mach,9253,0.00036102936337807027
2021-02-22,экскаватор аренда,S3_mach,7942,0.0003247100555690767
2021-03-01,экскаватор аренда,S3_mach,8165,0.0003373796452503317
2021-03-08,экскаватор аренда,S3_mach,7792,0.0003156373484555295
2021-03-15,экскаватор аренда,S3_mach,8781,0.0003498355950788212
2021-03-22,экскаватор аренда,S3_mach,9409,0.00039456977070634753
2021-03-29,экскаватор аренда,S3_mach,10453,0.0004238488425095417
2021-04-05,экскаватор аренда,S3_mach,11627,0.00045624025866765724
2021-04-12,экскаватор аренда,S3_mach,13606,0.0005446607122739817
2021-04-19,экскаватор аренда,S3_mach,14236,0.0005608969527119839
2021-04-26,экскаватор аренда,S3_mach,13067,0.0005484025608580677
2021-05-03,экскаватор аренда,S3_mach,11646,0.0005315535082784406
2021-05-10,экскаватор аренда,S3_mach,12950,0.0005437497587661543
2021-05-17,экскаватор аренда,S3_mach,17054,0.0006906985491842549
2021-05-24,экскаватор аренда,S3_mach,16375,0.0006906343002409656
2021-05-31,экскаватор аренда,S3_mach,17197,0.0007360421653847754
2021-06-07,экскаватор аренда,S3_mach,16365,0.000692239373460027
2021-06-14,экскаватор аренда,S3_mach,14756,0.0006506813737707614
2021-06-21,экскаватор аренда,S3_mach,16475,0.0007235077260107378
2021-06-28,экскаватор аренда,S3_mach,14900,0.0006627577469770836
2021-07-05,экскаватор аренда,S3_mach,15455,0.0007085583854750393
2021-07-12,экскаватор аренда,S3_mach,15644,0.0007203139450481239
2021-07-19,экскаватор аренда,S3_mach,13680,0.0006223678599410266
2021-07-26,экскаватор аренда,S3_mach,13835,0.0006229331984871541
2021-08-02,экскаватор аренда,S3_mach,13093,0.0005858740598561006
2021-08-09,экскаватор аренда,S3_mach,13231,0.0005910201404914061
2021-08-16,экскаватор аренда,S3_mach,14731,0.0006509557413635976
2021-08-23,экскаватор аренда,S3_mach,15223,0.0006606029971226008
2021-08-30,экскаватор аренда,S3_mach,13982,0.0005902636837858442
2021-09-06,экскаватор аренда,S3_mach,14596,0.0006085694912378775
2021-09-13,экскаватор аренда,S3_mach,14461,0.0005740477836009518
2021-09-20,экскаватор аренда,S3_mach,12606,0.00048664752608263583
2021-09-27,экскаватор аренда,S3_mach,12366,0.0004910050064662791
2021-10-04,экскаватор аренда,S3_mach,12936,0.0005125283292892454
2021-10-11,экскаватор аренда,S3_mach,13751,0.0005221302235425808
2021-10-18,экскаватор аренда,S3_mach,11470,0.00043237830570658746
2021-10-25,экскаватор аренда,S3_mach,11561,0.0004491111450627724
2021-11-01,экскаватор аренда,S3_mach,10090,0.0004071280263761471
2021-11-08,экскаватор аренда,S3_mach,11997,0.0004381741907268576
2021-11-15,экскаватор аренда,S3_mach,11175,0.0004026211989689579
2021-11-22,экскаватор аренда,S3_mach,9623,0.00034802874705732795
2021-11-29,экскаватор аренда,S3_mach,10646,0.00038913589215929873
2021-12-06,экскаватор аренда,S3_mach,11077,0.0004010106943647624
2021-12-13,экскаватор аренда,S3_mach,11030,0.0003960094179067475
2021-12-20,экскаватор аренда,S3_mach,8940,0.0003269170974794073
2021-12-27,экскаватор аренда,S3_mach,5360,0.00023523935603159577
2022-01-03,экскаватор аренда,S3_mach,4386,0.00018640381076232771
2022-01-10,экскаватор аренда,S3_mach,7644,0.0002777792295412812
2022-01-17,экскаватор аренда,S3_mach,7863,0.0002765666648703375
2022-01-24,экскаватор аренда,S3_mach,7748,0.00026582505575707135
2022-01-31,экскаватор аренда,S3_mach,8549,0.00028821513425700496
2022-02-07,экскаватор аренда,S3_mach,10269,0.00033839992183762573
2022-02-14,экскаватор аренда,S3_mach,13778,0.00046456572445306314
2022-02-21,экскаватор аренда,S3_mach,11528,0.000405388864559657
2022-02-28,экскаватор аренда,S3_mach,14432,0.0004989164857620507
2022-03-07,экскаватор аренда,S3_mach,7542,0.0002692534745958681
2022-03-14,экскаватор аренда,S3_mach,11219,0.0003831856659736784
2022-03-21,экскаватор аренда,S3_mach,13097,0.00045894890051728106
2022-03-28,экскаватор аренда,S3_mach,12341,0.0004316920814911785
2022-04-04,экскаватор аренда,S3_mach,10393,0.0003632088079384947
2022-04-11,экскаватор аренда,S3_mach,9921,0.0003529058588921308
2022-04-18,экскаватор аренда,S3_mach,9593,0.00034470987370228013
2022-04-25,экскаватор аренда,S3_mach,9781,0.00036695766560869604
2022-05-02,экскаватор аренда,S3_mach,8753,0.0003480311846263474
2022-05-09,экскаватор аренда,S3_mach,9495,0.00034999377381534155
2022-05-16,экскаватор аренда,S3_mach,10747,0.000376723122826651
2022-05-23,экскаватор аренда,S3_mach,10309,0.00037549180429711875
2022-05-30,экскаватор аренда,S3_mach,10427,0.0004079478315984309
2022-06-06,экскаватор аренда,S3_mach,11107,0.0004478372853078709
2022-06-13,экскаватор аренда,S3_mach,10266,0.00041506791177546923
2022-06-20,экскаватор аренда,S3_mach,9834,0.0003849924110847146
2022-06-27,экскаватор аренда,S3_mach,10090,0.0004205567860243143
2022-07-04,экскаватор аренда,S3_mach,10671,0.00045465810192831923
2022-07-11,экскаватор аренда,S3_mach,10733,0.0004502720328366105
2022-07-18,экскаватор аренда,S3_mach,9765,0.00041142226359668196
2022-07-25,экскаватор аренда,S3_mach,9934,0.0004185917215643628
2022-08-01,экскаватор аренда,S3_mach,9944,0.0004198520220823873
2022-08-08,экскаватор аренда,S3_mach,10305,0.0004323139884793755
2022-08-15,экскаватор аренда,S3_mach,11280,0.00046221141166186423
2022-08-22,экскаватор аренда,S3_mach,13074,0.0005328719146758937
2022-08-29,экскаватор аренда,S3_mach,10850,0.000427760299353959
2022-09-05,экскаватор аренда,S3_mach,12047,0.00044314490406032565
2022-09-12,экскаватор аренда,S3_mach,8925,0.0003246868022811445
2022-09-19,экскаватор аренда,S3_mach,6965,0.000249454676854825
2022-09-26,экскаватор аренда,S3_mach,5776,0.00021151502192868807
2022-10-03,экскаватор аренда,S3_mach,6492,0.00023711105927774398
2022-10-10,экскаватор аренда,S3_mach,6410,0.00023179043737890404
2022-10-17,экскаватор аренда,S3_mach,6478,0.00022216799763765524
2022-10-24,экскаватор аренда,S3_mach,5824,0.0002053862442397878
2022-10-31,экскаватор аренда,S3_mach,6316,0.00022753414886615792
2022-11-07,экскаватор аренда,S3_mach,6082,0.00021076936888706518
2022-11-14,экскаватор аренда,S3_mach,5638,0.00018693373230522234
2022-11-21,экскаватор аренда,S3_mach,5307,0.0001768697895197747
2022-11-28,экскаватор аренда,S3_mach,4713,0.00015780860323685636
2022-12-05,экскаватор аренда,S3_mach,5149,0.00017273581894925507
2022-12-12,экскаватор аренда,S3_mach,5331,0.00018063596729657477
2022-12-19,экскаватор аренда,S3_mach,4587,0.00015772015890590368
2022-12-26,экскаватор аренда,S3_mach,2647,0.0001095726204055763
2023-01-02,экскаватор аренда,S3_mach,1999,8.173479536217521e-05
2023-01-09,экскаватор аренда,S3_mach,4029,0.00014125350359568578
2023-01-16,экскаватор аренда,S3_mach,4691,0.00016074958291942685
2023-01-23,экскаватор аренда,S3_mach,5326,0.00018261682974429568
2023-01-30,экскаватор аренда,S3_mach,6058,0.0002089461081931219
2023-02-06,экскаватор аренда,S3_mach,7087,0.0002444760626739538
2023-02-13,экскаватор аренда,S3_mach,7392,0.0002558864480070698
2023-02-20,экскаватор аренда,S3_mach,6822,0.00024976039358190315
2023-02-27,экскаватор аренда,S3_mach,8190,0.00028346255509798223
2023-03-06,экскаватор аренда,S3_mach,8721,0.00031668762244090444
2023-03-13,экскаватор аренда,S3_mach,8160,0.0002844755815177934
2023-03-20,экскаватор аренда,S3_mach,8692,0.000313331132615907
2023-03-27,экскаватор аренда,S3_mach,8393,0.00030567833568601125
2023-04-03,экскаватор аренда,S3_mach,7894,0.00028650487709641425
2023-04-10,экскаватор аренда,S3_mach,8472,0.0003124683852587188
2023-04-17,экскаватор аренда,S3_mach,9820,0.0003632484502061283
2023-04-24,экскаватор аренда,S3_mach,9003,0.00033965170348724096
2023-05-01,экскаватор аренда,S3_mach,8518,0.0003345385236161821
2023-05-08,экскаватор аренда,S3_mach,7416,0.00029419568293509977
2023-05-15,экскаватор аренда,S3_mach,8931,0.000341616075768146
2023-05-22,экскаватор аренда,S3_mach,8829,0.0003510753817894078
2023-05-29,экскаватор аренда,S3_mach,8742,0.0003559631479553674
2023-06-05,экскаватор аренда,S3_mach,8849,0.0003670051619269804
2023-06-12,экскаватор аренда,S3_mach,8127,0.00034565529132356623
2023-06-19,экскаватор аренда,S3_mach,7838,0.0003264356218945003
2023-06-26,экскаватор аренда,S3_mach,7259,0.00031008718283335996
2023-07-03,экскаватор аренда,S3_mach,7706,0.000340017027510899
2023-07-10,экскаватор аренда,S3_mach,7588,0.0003292707193383176
2023-07-17,экскаватор аренда,S3_mach,8005,0.00035080511342403155
2023-07-24,экскаватор аренда,S3_mach,8270,0.0003594497983736116
2023-07-31,экскаватор аренда,S3_mach,7960,0.00035375379735813855
2023-08-07,экскаватор аренда,S3_mach,8648,0.0003763117587488116
2023-08-14,экскаватор аренда,S3_mach,9696,0.0004292515399175426
2023-08-21,экскаватор аренда,S3_mach,9567,0.00042590768612905673
2023-08-28,экскаватор аренда,S3_mach,8685,0.00038733847996535087
2023-09-04,экскаватор аренда,S3_mach,9135,0.00037287795218638635
2023-09-11,экскаватор аренда,S3_mach,9632,0.0003799778498792411
2023-09-18,экскаватор аренда,S3_mach,8855,0.0003417563823194477
2023-09-25,экскаватор аренда,S3_mach,8827,0.00033662690747080095
2023-10-02,экскаватор аренда,S3_mach,8160,0.0003082079484225239
2023-10-09,экскаватор аренда,S3_mach,7499,0.00027835749155835063
2023-10-16,экскаватор аренда,S3_mach,6657,0.000241402467440437
2023-10-23,экскаватор аренда,S3_mach,6619,0.00024464865885791493
2023-10-30,экскаватор аренда,S3_mach,5694,0.00022284607172474823
2023-11-06,экскаватор аренда,S3_mach,5187,0.00019395978216731727
2023-11-13,экскаватор аренда,S3_mach,5844,0.00021090912317998467
2023-11-20,экскаватор аренда,S3_mach,5222,0.000186247691914689
2023-11-27,экскаватор аренда,S3_mach,6279,0.00022179240846457575
2023-12-04,экскаватор аренда,S3_mach,6214,0.0002172476067648435
2023-12-11,экскаватор аренда,S3_mach,6138,0.00021861568676311872
2023-12-18,экскаватор аренда,S3_mach,6361,0.00023161677568737092
2023-12-25,экскаватор аренда,S3_mach,4757,0.00019870807785672055
2024-01-01,экскаватор аренда,S3_mach,4017,0.00017119726673390698
2024-01-08,экскаватор аренда,S3_mach,8593,0.0003167756352917763
2024-01-15,экскаватор аренда,S3_mach,12592,0.00044314573214390414
2024-01-22,экскаватор аренда,S3_mach,10525,0.00036838157240614774
2024-01-29,экскаватор аренда,S3_mach,9762,0.00035213751143401263
2024-02-05,экскаватор аренда,S3_mach,10036,0.00037014842365363647
2024-02-12,экскаватор аренда,S3_mach,12979,0.00047868488548004064
2024-02-19,экскаватор аренда,S3_mach,9170,0.00035292858605061333
2024-02-26,экскаватор аренда,S3_mach,9063,0.0003149905034742415
2024-03-04,экскаватор аренда,S3_mach,9533,0.0003538936577066742
2024-03-11,экскаватор аренда,S3_mach,5819,0.00022233845508273117
2024-03-18,экскаватор аренда,S3_mach,5746,0.00022114584977061633
2024-03-25,экскаватор аренда,S3_mach,6025,0.00024307520879975858
2024-04-01,экскаватор аренда,S3_mach,6282,0.00024375424580841973
2024-04-08,экскаватор аренда,S3_mach,6485,0.00025471545431411354
2024-04-15,экскаватор аренда,S3_mach,6963,0.0002708500617752666
2024-04-22,экскаватор аренда,S3_mach,7759,0.0003043318733784076
2024-04-29,экскаватор аренда,S3_mach,6526,0.00028447000325909947
2024-05-06,экскаватор аренда,S3_mach,7360,0.0003063474912571475
2024-05-13,экскаватор аренда,S3_mach,8551,0.0003421945147849616
2024-05-20,экскаватор аренда,S3_mach,8610,0.0003659592829009405
2024-05-27,экскаватор аренда,S3_mach,8899,0.00039210689447108756
2024-06-03,экскаватор аренда,S3_mach,9481,0.00042168205173921533
2024-06-10,экскаватор аренда,S3_mach,8463,0.0003875146497926099
2024-06-17,экскаватор аренда,S3_mach,7648,0.00034453116888906324
2024-06-24,экскаватор аренда,S3_mach,7276,0.00034246210715500864
2024-07-01,экскаватор аренда,S3_mach,7906,0.000375162373096149
2024-07-08,экскаватор аренда,S3_mach,7618,0.000369268036002284
2024-07-15,экскаватор аренда,S3_mach,7560,0.00036492802347921416
2024-07-22,экскаватор аренда,S3_mach,8316,0.00039442100743162644
2024-07-29,экскаватор аренда,S3_mach,8071,0.00037962854971508434
2024-08-05,экскаватор аренда,S3_mach,7449,0.0003467259943686439
2024-08-12,экскаватор аренда,S3_mach,8086,0.00038826891167163835
2024-08-19,экскаватор аренда,S3_mach,8528,0.00040530977862500786
2024-08-26,экскаватор аренда,S3_mach,8743,0.000412160549470665
2024-09-02,экскаватор аренда,S3_mach,7033,0.0003277634350141135
2024-09-09,экскаватор аренда,S3_mach,7268,0.0003153261801710841
2024-09-16,экскаватор аренда,S3_mach,7943,0.0003328368848201534
2024-09-23,экскаватор аренда,S3_mach,7678,0.0003145532199750006
2024-09-30,экскаватор аренда,S3_mach,7171,0.00028706095150331836
2024-10-07,экскаватор аренда,S3_mach,6996,0.00026977184351736607
2024-10-14,экскаватор аренда,S3_mach,7563,0.00030976938471685494
2024-10-21,экскаватор аренда,S3_mach,11034,0.00042676742088775823
2024-10-28,экскаватор аренда,S3_mach,10811,0.00042981477456907244
2024-11-04,экскаватор аренда,S3_mach,6326,0.00023786515236130657
2024-11-11,экскаватор аренда,S3_mach,7426,0.0002703140791115533
2024-11-18,экскаватор аренда,S3_mach,6135,0.000230148979313267
2024-11-25,экскаватор аренда,S3_mach,7751,0.000269088821372448
2024-12-02,экскаватор аренда,S3_mach,9468,0.000343647920713122
2024-12-09,экскаватор аренда,S3_mach,8507,0.0003069947169605027
2024-12-16,экскаватор аренда,S3_mach,13538,0.00047389568113578276
2024-12-23,экскаватор аренда,S3_mach,13296,0.0004974907745450706
2024-12-30,экскаватор аренда,S3_mach,7902,0.000365438817766966
2025-01-06,экскаватор аренда,S3_mach,5595,0.0002242651807953798
2025-01-13,экскаватор аренда,S3_mach,8252,0.00029580565200447646
2025-01-20,экскаватор аренда,S3_mach,7858,0.00027455763679212146
2025-01-27,экскаватор аренда,S3_mach,8251,0.0002858002723214175
2025-02-03,экскаватор аренда,S3_mach,10273,0.0003539218836523994
2025-02-10,экскаватор аренда,S3_mach,11175,0.00038958390021422287
2025-02-17,экскаватор аренда,S3_mach,7620,0.00027084323387682827
2025-02-24,экскаватор аренда,S3_mach,7251,0.0002596396108457632
2025-03-03,экскаватор аренда,S3_mach,6902,0.00025504994276787557
2025-03-10,экскаватор аренда,S3_mach,7180,0.0002571891653979038
2025-03-17,экскаватор аренда,S3_mach,7054,0.00025630030299706277
2025-03-24,экскаватор аренда,S3_mach,7565,0.0002889982438973002
2025-03-31,экскаватор аренда,S3_mach,7172,0.0002654996046399188
2025-04-07,экскаватор аренда,S3_mach,7151,0.00026438936366551667
2025-04-14,экскаватор аренда,S3_mach,7614,0.00029259661799720436
2025-04-21,экскаватор аренда,S3_mach,8395,0.00031812520464175894
2025-04-28,экскаватор аренда,S3_mach,7081,0.00029174583764316115
2025-05-05,экскаватор аренда,S3_mach,6387,0.0002690626999901881
2025-05-12,экскаватор аренда,S3_mach,11330,0.0004392441440712155
2025-05-19,экскаватор аренда,S3_mach,8253,0.0003419657561682211
2025-05-26,экскаватор аренда,S3_mach,8473,0.00036367987629881194
2025-06-02,экскаватор аренда,S3_mach,8251,0.00035782033726377356
2025-06-09,экскаватор аренда,S3_mach,6828,0.00028740516892715917
2025-06-16,экскаватор аренда,S3_mach,6953,0.00027671841778262264
2025-06-23,экскаватор аренда,S3_mach,8619,0.0003469092028377212
2025-06-30,экскаватор аренда,S3_mach,8243,0.000340743040635698
2025-07-07,экскаватор аренда,S3_mach,8222,0.00034603455670859914
2025-07-14,экскаватор аренда,S3_mach,7778,0.0003278221891097553
2025-07-21,экскаватор аренда,S3_mach,7554,0.000317797288281932
2025-07-28,экскаватор аренда,S3_mach,8683,0.0003663439348598951
2025-08-04,экскаватор аренда,S3_mach,8379,0.00035149511309410007
2025-08-11,экскаватор аренда,S3_mach,7964,0.0003371503684161755
2025-08-18,экскаватор аренда,S3_mach,7141,0.00030377429035760643
2025-08-25,экскаватор аренда,S3_mach,6562,0.00027912220956748156
2025-09-01,экскаватор аренда,S3_mach,6799,0.0002802658483696449
2025-09-08,экскаватор аренда,S3_mach,6948,0.0002734497491616878
2025-09-15,экскаватор аренда,S3_mach,6113,0.0002389370682401949
2025-09-22,экскаватор аренда,S3_mach,5532,0.00021229316074342476
2025-09-29,экскаватор аренда,S3_mach,5246,0.00020250178987302105
2025-10-06,экскаватор аренда,S3_mach,5382,0.0002050999945130607
2025-10-13,экскаватор аренда,S3_mach,4844,0.00017665245628090847
2025-10-20,экскаватор аренда,S3_mach,4651,0.0001716325004030476
2025-10-27,экскаватор аренда,S3_mach,4380,0.00016789838725204124
2025-11-03,экскаватор аренда,S3_mach,3686,0.00014085500636631002
2025-11-10,экскаватор аренда,S3_mach,3810,0.00014004354176459883
2025-11-17,экскаватор аренда,S3_mach,3859,0.00013954298533250988
2025-11-24,экскаватор аренда,S3_mach,3887,0.0001387860499255118
2025-12-01,экскаватор аренда,S3_mach,3753,0.00013442661487940725
2025-12-08,экскаватор аренда,S3_mach,3162,0.0001159642464037867
2025-12-15,экскаватор аренда,S3_mach,3165,0.00012148485328288663
2025-12-22,экскаватор аренда,S3_mach,2527,0.00010572905193923526
2025-12-29,экскаватор аренда,S3_mach,1152,5.720458676566254e-05
2026-01-05,экскаватор аренда,S3_mach,1901,8.9349275683164e-05
2026-01-12,экскаватор аренда,S3_mach,2979,0.00012261902844775785
2026-01-19,экскаватор аренда,S3_mach,3097,0.00012335725478386484
2026-01-26,экскаватор аренда,S3_mach,2879,0.00011657800254943498
2026-02-02,экскаватор аренда,S3_mach,3032,0.00012347171847119646
2026-02-09,экскаватор аренда,S3_mach,2948,0.0001229361246836158
2026-02-16,экскаватор аренда,S3_mach,2806,0.0001221577902616635
2026-02-23,экскаватор аренда,S3_mach,2731,0.00012108918978661342
2026-03-02,экскаватор аренда,S3_mach,2872,0.00013070581418181713
2026-03-09,экскаватор аренда,S3_mach,3605,0.000145633785943399
2026-03-16,экскаватор аренда,S3_mach,4354,0.00016597692820669572
2026-03-23,экскаватор аренда,S3_mach,4806,0.00018478742634097216
2026-03-30,экскаватор аренда,S3_mach,4931,0.00019331283097148204
2026-04-06,экскаватор аренда,S3_mach,5033,0.0001902556430487147
2026-04-13,экскаватор аренда,S3_mach,5012,0.00018886706483227866
2026-04-20,экскаватор аренда,S3_mach,4888,0.0001846768736907279
2026-04-27,экскаватор аренда,S3_mach,4599,0.0001853550255922513
2026-05-04,экскаватор аренда,S3_mach,4743,0.00020483825770781442
2026-05-11,экскаватор аренда,S3_mach,5164,0.00021385241809737305
2026-05-18,экскаватор аренда,S3_mach,5857,0.00024171405867934927
2026-05-25,экскаватор аренда,S3_mach,6376,0.0002628421371340471
2026-06-01,экскаватор аренда,S3_mach,6342,0.00026371937047443454
2026-06-08,экскаватор аренда,S3_mach,6524,0.000272469683668373
2026-06-15,экскаватор аренда,S3_mach,6018,0.000246957830695922
2026-06-22,экскаватор аренда,S3_mach,5906,0.000241706069943376
2026-06-29,экскаватор аренда,S3_mach,6185,0.0002614216230350519
2026-07-06,экскаватор аренда,S3_mach,6986,0.000288382679644949
2026-07-13,экскаватор аренда,S3_mach,6426,0.0002497009728847673
2026-07-20,экскаватор аренда,S3_mach,6692,0.00025068351762370965
2026-07-27,экскаватор аренда,S3_mach,6494,0.0002512904123512409
2026-08-03,экскаватор аренда,S3_mach,5674,0.0002236975029172102
2026-08-10,экскаватор аренда,S3_mach,5806,0.00022535120161926086
2026-08-17,экскаватор аренда,S3_mach,4905,0.00019186207687507166
2018-01-01,аренда крана,S3_mach,1594,0.00010845963465159775
2018-01-08,аренда крана,S3_mach,4336,0.00025071726459628257
2018-01-15,аренда крана,S3_mach,5497,0.00029781108629447773
2018-01-22,аренда крана,S3_mach,7282,0.00038408837783907745
2018-01-29,аренда крана,S3_mach,6226,0.00032954558476061465
2018-02-05,аренда крана,S3_mach,5871,0.0003043459044657625
2018-02-12,аренда крана,S3_mach,6350,0.0003368525839946069
2018-02-19,аренда крана,S3_mach,5981,0.0003054843285862681
2018-02-26,аренда крана,S3_mach,6292,0.0003108343569299232
2018-03-05,аренда крана,S3_mach,4599,0.00024920516462493446
2018-03-12,аренда крана,S3_mach,6664,0.00033656609155183247
2018-03-19,аренда крана,S3_mach,9045,0.00048035576342754277
2018-03-26,аренда крана,S3_mach,8242,0.0004474598521262347
2018-04-02,аренда крана,S3_mach,7126,0.0004018889919596857
2018-04-09,аренда крана,S3_mach,6857,0.00038789299052781275
2018-04-16,аренда крана,S3_mach,7429,0.0004158873045969888
2018-04-23,аренда крана,S3_mach,8610,0.00047828989079398574
2018-04-30,аренда крана,S3_mach,5114,0.0003236311847227784
2018-05-07,аренда крана,S3_mach,6254,0.0003728229007011623
2018-05-14,аренда крана,S3_mach,8557,0.00048821752975753167
2018-05-21,аренда крана,S3_mach,9210,0.000549853364555484
2018-05-28,аренда крана,S3_mach,8141,0.0004845665834817643
2018-06-04,аренда крана,S3_mach,8883,0.0005263351102885807
2018-06-11,аренда крана,S3_mach,6315,0.0004023327104014598
2018-06-18,аренда крана,S3_mach,6877,0.0004206144210323994
2018-06-25,аренда крана,S3_mach,6083,0.00037960684364453596
2018-07-02,аренда крана,S3_mach,6978,0.0004365381132052143
2018-07-09,аренда крана,S3_mach,6759,0.0004408576191440121
2018-07-16,аренда крана,S3_mach,7191,0.0004590026540119416
2018-07-23,аренда крана,S3_mach,8687,0.0005484020415174107
2018-07-30,аренда крана,S3_mach,9022,0.0005682542703579362
2018-08-06,аренда крана,S3_mach,8255,0.0005186659330642306
2018-08-13,аренда крана,S3_mach,11350,0.0007063527364928364
2018-08-20,аренда крана,S3_mach,8217,0.0005258047303660064
2018-08-27,аренда крана,S3_mach,8547,0.0005302064833908092
2018-09-03,аренда крана,S3_mach,8265,0.00047308329568657815
2018-09-10,аренда крана,S3_mach,7658,0.0004229604956741762
2018-09-17,аренда крана,S3_mach,9185,0.00047694708584941094
2018-09-24,аренда крана,S3_mach,9199,0.0004514473350276885
2018-10-01,аренда крана,S3_mach,9407,0.0004570474526707042
2018-10-08,аренда крана,S3_mach,9320,0.0004473586659406695
2018-10-15,аренда крана,S3_mach,8708,0.0004175186192507367
2018-10-22,аренда крана,S3_mach,10358,0.000499095895591039
2018-10-29,аренда крана,S3_mach,11846,0.0005847268776837013
2018-11-05,аренда крана,S3_mach,5808,0.00030015029793614684
2018-11-12,аренда крана,S3_mach,7138,0.0003557946133814059
2018-11-19,аренда крана,S3_mach,6565,0.00032925480846518316
2018-11-26,аренда крана,S3_mach,6239,0.00031597563144677304
2018-12-03,аренда крана,S3_mach,6674,0.00032502088618353007
2018-12-10,аренда крана,S3_mach,6443,0.00032228998262532856
2018-12-17,аренда крана,S3_mach,5975,0.00030200168933528074
2018-12-24,аренда крана,S3_mach,5119,0.00028346423972001167
2018-12-31,аренда крана,S3_mach,2056,0.00012857514719124633
2019-01-07,аренда крана,S3_mach,4024,0.00020928073878214402
2019-01-14,аренда крана,S3_mach,5593,0.00026841428293223414
2019-01-21,аренда крана,S3_mach,7296,0.0003421948661815599
2019-01-28,аренда крана,S3_mach,6249,0.0002972786026360151
2019-02-04,аренда крана,S3_mach,5978,0.00028042232337434136
2019-02-11,аренда крана,S3_mach,6065,0.00028854648222566824
2019-02-18,аренда крана,S3_mach,5669,0.00027616397536558686
2019-02-25,аренда крана,S3_mach,7068,0.00033932453495411655
2019-03-04,аренда крана,S3_mach,5324,0.0002760995622281714
2019-03-11,аренда крана,S3_mach,6915,0.00033565443463498497
2019-03-18,аренда крана,S3_mach,7190,0.0003572876223425307
2019-03-25,аренда крана,S3_mach,7066,0.00036212286004050625
2019-04-01,аренда крана,S3_mach,7201,0.0003682714908927519
2019-04-08,аренда крана,S3_mach,9798,0.0004993161514184842
2019-04-15,аренда крана,S3_mach,7112,0.0003623319519359737
2019-04-22,аренда крана,S3_mach,10108,0.0005482296756114867
2019-04-29,аренда крана,S3_mach,5802,0.00034340935016547456
2019-05-06,аренда крана,S3_mach,6013,0.00036068160980793317
2019-05-13,аренда крана,S3_mach,8953,0.00047369435663632993
2019-05-20,аренда крана,S3_mach,8316,0.0004446461238161297
2019-05-27,аренда крана,S3_mach,7398,0.00041754213860745426
2019-06-03,аренда крана,S3_mach,6981,0.0004012808872124173
2019-06-10,аренда крана,S3_mach,7243,0.00042674539461472454
2019-06-17,аренда крана,S3_mach,9670,0.0005785458570924079
2019-06-24,аренда крана,S3_mach,8347,0.0004915984667682834
2019-07-01,аренда крана,S3_mach,7498,0.00044810131104732165
2019-07-08,аренда крана,S3_mach,7758,0.00047060171070430857
2019-07-15,аренда крана,S3_mach,7567,0.0004613691118578016
2019-07-22,аренда крана,S3_mach,7463,0.0004559742171758664
2019-07-29,аренда крана,S3_mach,6673,0.0004017474747234718
2019-08-05,аренда крана,S3_mach,8315,0.0004942502427817822
2019-08-12,аренда крана,S3_mach,7312,0.000444012469322652
2019-08-19,аренда крана,S3_mach,7319,0.00045186724045891277
2019-08-26,аренда крана,S3_mach,7481,0.00046056169709335413
2019-09-02,аренда крана,S3_mach,9010,0.000527688682596752
2019-09-09,аренда крана,S3_mach,9460,0.0005224147297061862
2019-09-16,аренда крана,S3_mach,9049,0.00047400810971774205
2019-09-23,аренда крана,S3_mach,7754,0.0004018299418467345
2019-09-30,аренда крана,S3_mach,7329,0.0003743362293119283
2019-10-07,аренда крана,S3_mach,7261,0.0003648234439731447
2019-10-14,аренда крана,S3_mach,8628,0.000429070751239599
2019-10-21,аренда крана,S3_mach,11621,0.0005788700892811747
2019-10-28,аренда крана,S3_mach,9610,0.0004925687265908411
2019-11-04,аренда крана,S3_mach,6005,0.000298621579794924
2019-11-11,аренда крана,S3_mach,7375,0.00035770105353436665
2019-11-18,аренда крана,S3_mach,8334,0.000391755645252671
2019-11-25,аренда крана,S3_mach,8272,0.0003751098120710861
2019-12-02,аренда крана,S3_mach,7532,0.000347600358531033
2019-12-09,аренда крана,S3_mach,8403,0.000388152125809857
2019-12-16,аренда крана,S3_mach,10343,0.00047740694635867647
2019-12-23,аренда крана,S3_mach,7347,0.00036686226359093887
2019-12-30,аренда крана,S3_mach,3676,0.00020998115127844136
2020-01-06,аренда крана,S3_mach,12842,0.0006317833842044409
2020-01-13,аренда крана,S3_mach,11519,0.0004970355612953015
2020-01-20,аренда крана,S3_mach,12254,0.0005031999705320447
2020-01-27,аренда крана,S3_mach,10979,0.0004904874984553989
2020-02-03,аренда крана,S3_mach,16294,0.0007331899327098763
2020-02-10,аренда крана,S3_mach,12696,0.000560802748850472
2020-02-17,аренда крана,S3_mach,16400,0.0007327501450884382
2020-02-24,аренда крана,S3_mach,12547,0.00056615266545909
2020-03-02,аренда крана,S3_mach,11423,0.000529989739434834
2020-03-09,аренда крана,S3_mach,6123,0.00027730100304292586
2020-03-16,аренда крана,S3_mach,6119,0.00027305732511487816
2020-03-23,аренда крана,S3_mach,5840,0.0002619516549354915
2020-03-30,аренда крана,S3_mach,5141,0.00021806250959709923
2020-04-06,аренда крана,S3_mach,5253,0.00018672252117265257
2020-04-13,аренда крана,S3_mach,6860,0.00023982715289309415
2020-04-20,аренда крана,S3_mach,6676,0.00023260376242264933
2020-04-27,аренда крана,S3_mach,6358,0.0002442771882950271
2020-05-04,аренда крана,S3_mach,5890,0.0002546260755040134
2020-05-11,аренда крана,S3_mach,7946,0.00030287367495711705
2020-05-18,аренда крана,S3_mach,8316,0.00031938278678858567
2020-05-25,аренда крана,S3_mach,10271,0.0004475470944643922
2020-06-01,аренда крана,S3_mach,8602,0.000390231616209882
2020-06-08,аренда крана,S3_mach,7159,0.0003517396627073794
2020-06-15,аренда крана,S3_mach,8401,0.00040800385628091406
2020-06-22,аренда крана,S3_mach,8015,0.0003991368932352011
2020-06-29,аренда крана,S3_mach,7407,0.0003779478441251591
2020-07-06,аренда крана,S3_mach,7966,0.0004197598935785261
2020-07-13,аренда крана,S3_mach,8112,0.00042968327581732415
2020-07-20,аренда крана,S3_mach,7739,0.0004084771920349496
2020-07-27,аренда крана,S3_mach,7464,0.0003948007560732801
2020-08-03,аренда крана,S3_mach,7585,0.00040309494481111525
2020-08-10,аренда крана,S3_mach,7950,0.0004186139843259677
2020-08-17,аренда крана,S3_mach,7800,0.00040913504968434543
2020-08-24,аренда крана,S3_mach,7921,0.0004124452408973854
2020-08-31,аренда крана,S3_mach,8106,0.0004052983471933401
2020-09-07,аренда крана,S3_mach,7833,0.0003617566842516408
2020-09-14,аренда крана,S3_mach,7678,0.0003399400687164188
2020-09-21,аренда крана,S3_mach,7672,0.0003349224179721521
2020-09-28,аренда крана,S3_mach,6590,0.00028552187875302586
2020-10-05,аренда крана,S3_mach,7347,0.0003105835757929854
2020-10-12,аренда крана,S3_mach,7206,0.0002939035014275622
2020-10-19,аренда крана,S3_mach,7326,0.00029144575940387066
2020-10-26,аренда крана,S3_mach,6964,0.00027717814388563425
2020-11-02,аренда крана,S3_mach,6543,0.0002611464222809035
2020-11-09,аренда крана,S3_mach,6248,0.00023267821749637272
2020-11-16,аренда крана,S3_mach,6332,0.00023086236197991493
2020-11-23,аренда крана,S3_mach,6874,0.0002474226512609542
2020-11-30,аренда крана,S3_mach,6548,0.0002474000198051499
2020-12-07,аренда крана,S3_mach,6408,0.00024605907137361754
2020-12-14,аренда крана,S3_mach,6383,0.0002466024933548104
2020-12-21,аренда крана,S3_mach,5689,0.00023035715664817457
2020-12-28,аренда крана,S3_mach,2944,0.00014765907479523125
2021-01-04,аренда крана,S3_mach,3077,0.0001432125906693712
2021-01-11,аренда крана,S3_mach,6691,0.0002701012852127202
2021-01-18,аренда крана,S3_mach,7017,0.00028153555942506483
2021-01-25,аренда крана,S3_mach,8185,0.00032880466048023033
2021-02-01,аренда крана,S3_mach,7319,0.0002980718170733641
2021-02-08,аренда крана,S3_mach,8151,0.0003219182243405594
2021-02-15,аренда крана,S3_mach,9427,0.00036781841657463184
2021-02-22,аренда крана,S3_mach,7131,0.0002915521790812246
2021-03-01,аренда крана,S3_mach,7544,0.0003117197849073487
2021-03-08,аренда крана,S3_mach,6313,0.0002557262039014063
2021-03-15,аренда крана,S3_mach,8077,0.0003217881905764308
2021-03-22,аренда крана,S3_mach,8331,0.00034936345623919453
2021-03-29,аренда крана,S3_mach,8568,0.0003474157545797142
2021-04-05,аренда крана,S3_mach,8462,0.00033204653555050445
2021-04-12,аренда крана,S3_mach,12205,0.0004885773918347749
2021-04-19,аренда крана,S3_mach,8309,0.00032737375527422554
2021-04-26,аренда крана,S3_mach,11776,0.0004942212104281477
2021-05-03,аренда крана,S3_mach,6196,0.00028280143717097873
2021-05-10,аренда крана,S3_mach,7657,0.00032150516624497637
2021-05-17,аренда крана,S3_mach,9341,0.00037831682584321127
2021-05-24,аренда крана,S3_mach,9364,0.00039493737938665045
2021-05-31,аренда крана,S3_mach,10534,0.000450861671812713
2021-06-07,аренда крана,S3_mach,10835,0.0004583204162199446
2021-06-14,аренда крана,S3_mach,10159,0.00044797181323781273
2021-06-21,аренда крана,S3_mach,9516,0.00041789981916347073
2021-06-28,аренда крана,S3_mach,10084,0.0004485402094306652
2021-07-05,аренда крана,S3_mach,9564,0.0004384763764919622
2021-07-12,аренда крана,S3_mach,10334,0.00047581975889333375
2021-07-19,аренда крана,S3_mach,8721,0.00039675951071240444
2021-07-26,аренда крана,S3_mach,7645,0.0003442229347621463
2021-08-02,аренда крана,S3_mach,7586,0.0003394516625730069
2021-08-09,аренда крана,S3_mach,8372,0.00037397177962316167
2021-08-16,аренда крана,S3_mach,8180,0.00036147023042252586
2021-08-23,аренда крана,S3_mach,7519,0.00032628745551894074
2021-08-30,аренда крана,S3_mach,7398,0.0003123137414280986
2021-09-06,аренда крана,S3_mach,7891,0.0003290094447354132
2021-09-13,аренда крана,S3_mach,7620,0.0003024855895884968
2021-09-20,аренда крана,S3_mach,7392,0.00028536399435212154
2021-09-27,аренда крана,S3_mach,7378,0.00029295123222612056
2021-10-04,аренда крана,S3_mach,7515,0.0002977466291441465
2021-10-11,аренда крана,S3_mach,7827,0.0002971938956925154
2021-10-18,аренда крана,S3_mach,7624,0.0002873977508898887
2021-10-25,аренда крана,S3_mach,7631,0.00029644210258403394
2021-11-01,аренда крана,S3_mach,6422,0.0002591254891365329
2021-11-08,аренда крана,S3_mach,7471,0.00027286816528468395
2021-11-15,аренда крана,S3_mach,7621,0.0002745750476369063
2021-11-22,аренда крана,S3_mach,7296,0.0002638696600363987
2021-11-29,аренда крана,S3_mach,7782,0.00028445007634638955
2021-12-06,аренда крана,S3_mach,7927,0.0002869740700757851
2021-12-13,аренда крана,S3_mach,7390,0.00026532271970361416
2021-12-20,аренда крана,S3_mach,6735,0.00024628486034941925
2021-12-27,аренда крана,S3_mach,3545,0.0001555827457335834
2022-01-03,аренда крана,S3_mach,2175,9.243691026175622e-05
2022-01-10,аренда крана,S3_mach,5441,0.00019772328465909354
2022-01-17,аренда крана,S3_mach,6380,0.00022440484826055619
2022-01-24,аренда крана,S3_mach,6397,0.00021947378441894495
2022-01-31,аренда крана,S3_mach,6032,0.00020335871912951852
2022-02-07,аренда крана,S3_mach,6880,0.00022672036831657076
2022-02-14,аренда крана,S3_mach,6873,0.00023174337524792444
2022-02-21,аренда крана,S3_mach,6124,0.00021535404290105306
2022-02-28,аренда крана,S3_mach,5869,0.00020289224327449246
2022-03-07,аренда крана,S3_mach,4770,0.00017029157701170655
2022-03-14,аренда крана,S3_mach,5957,0.00020346171781845102
2022-03-21,аренда крана,S3_mach,6592,0.00023099878996792525
2022-03-28,аренда крана,S3_mach,6936,0.00024262347275122063
2022-04-04,аренда крана,S3_mach,6204,0.00021681395597521612
2022-04-11,аренда крана,S3_mach,6766,0.00024067745602904513
2022-04-18,аренда крана,S3_mach,6185,0.00022224857384015454
2022-04-25,аренда крана,S3_mach,5852,0.0002195518105655955
2022-05-02,аренда крана,S3_mach,4718,0.00018759409677448957
2022-05-09,аренда крана,S3_mach,4937,0.00018198201804384847
2022-05-16,аренда крана,S3_mach,6657,0.00023335310585810136
2022-05-23,аренда крана,S3_mach,6738,0.00024542281281928277
2022-05-30,аренда крана,S3_mach,6657,0.00026044967056207483
2022-06-06,аренда крана,S3_mach,6555,0.00026429939724435884
2022-06-13,аренда крана,S3_mach,5996,0.00024242618342155793
2022-06-20,аренда крана,S3_mach,6260,0.0002450734689231558
2022-06-27,аренда крана,S3_mach,5954,0.0002481660162526033
2022-07-04,аренда крана,S3_mach,5971,0.00025440572829294296
2022-07-11,аренда крана,S3_mach,6572,0.00027570928908992866
2022-07-18,аренда крана,S3_mach,6373,0.0002685093789965852
2022-07-25,аренда крана,S3_mach,6304,0.000265633401725563
2022-08-01,аренда крана,S3_mach,6264,0.0002644763743286478
2022-08-08,аренда крана,S3_mach,5935,0.00024898433009462335
2022-08-15,аренда крана,S3_mach,6738,0.0002760975613278051
2022-08-22,аренда крана,S3_mach,6984,0.00028465484565522723
2022-08-29,аренда крана,S3_mach,6825,0.00026907502701297424
2022-09-05,аренда крана,S3_mach,6526,0.00024005674806156592
2022-09-12,аренда крана,S3_mach,5686,0.00020685368714516385
2022-09-19,аренда крана,S3_mach,5217,0.00018684925328810078
2022-09-26,аренда крана,S3_mach,4775,0.00017485876553142063
2022-10-03,аренда крана,S3_mach,5170,0.00018882689101446957
2022-10-10,аренда крана,S3_mach,5038,0.00018217788198360662
2022-10-17,аренда крана,S3_mach,5006,0.0001716846242936249
2022-10-24,аренда крана,S3_mach,4751,0.00016754636785426368
2022-10-31,аренда крана,S3_mach,4877,0.00017569411716596774
2022-11-07,аренда крана,S3_mach,4678,0.0001621142893215539
2022-11-14,аренда крана,S3_mach,4910,0.00016279613792455512
2022-11-21,аренда крана,S3_mach,4394,0.00014644165350478423
2022-11-28,аренда крана,S3_mach,4308,0.00014424771117003548
2022-12-05,аренда крана,S3_mach,4139,0.00013885289466517126
2022-12-12,аренда крана,S3_mach,4551,0.00015420639414119523
2022-12-19,аренда крана,S3_mach,4269,0.00014678599484833284
2022-12-26,аренда крана,S3_mach,2618,0.00010837216479856395
2023-01-02,аренда крана,S3_mach,1104,4.514017712848496e-05
2023-01-09,аренда крана,S3_mach,3582,0.0001255820426606469
2023-01-16,аренда крана,S3_mach,4213,0.00014436964247272336
2023-01-23,аренда крана,S3_mach,4199,0.0001439744776748587
2023-01-30,аренда крана,S3_mach,4429,0.0001527603686344234
2023-02-06,аренда крана,S3_mach,4345,0.00014988690451789606
2023-02-13,аренда крана,S3_mach,4346,0.0001504440615582691
2023-02-20,аренда крана,S3_mach,3413,0.0001249534188353907
2023-02-27,аренда крана,S3_mach,4311,0.00014920721306805877
2023-03-06,аренда крана,S3_mach,4008,0.00014554339992468122
2023-03-13,аренда крана,S3_mach,5258,0.0001833054666201664
2023-03-20,аренда крана,S3_mach,4972,0.00017923175234310737
2023-03-27,аренда крана,S3_mach,4690,0.000170812748048063
2023-04-03,аренда крана,S3_mach,4829,0.0001752637511399271
2023-04-10,аренда крана,S3_mach,5159,0.0001902767232707425
2023-04-17,аренда крана,S3_mach,5395,0.00019956470355010815
2023-04-24,аренда крана,S3_mach,5354,0.00020198769526498812
2023-05-01,аренда крана,S3_mach,4418,0.00017351387618411512
2023-05-08,аренда крана,S3_mach,4301,0.00017062238839048868
2023-05-15,аренда крана,S3_mach,5707,0.00021829615322011076
2023-05-22,аренда крана,S3_mach,6997,0.0002782279359361747
2023-05-29,аренда крана,S3_mach,8354,0.0003401642802584237
2023-06-05,аренда крана,S3_mach,6456,0.00026775741048712685
2023-06-12,аренда крана,S3_mach,5208,0.00022150519960786674
2023-06-19,аренда крана,S3_mach,5511,0.00022952114216134105
2023-06-26,аренда крана,S3_mach,5260,0.0002246946661666171
2023-07-03,аренда крана,S3_mach,5243,0.00023134041983384943
2023-07-10,аренда крана,S3_mach,5543,0.00024053078509387116
2023-07-17,аренда крана,S3_mach,5565,0.00024387638428541354
2023-07-24,аренда крана,S3_mach,6495,0.00028230065785206864
2023-07-31,аренда крана,S3_mach,5629,0.000250160819764945
2023-08-07,аренда крана,S3_mach,5711,0.0002485102282856687
2023-08-14,аренда крана,S3_mach,6293,0.0002785973536201625
2023-08-21,аренда крана,S3_mach,6307,0.0002807776498814634
2023-08-28,аренда крана,S3_mach,5642,0.00025162506666258025
2023-09-04,аренда крана,S3_mach,6670,0.00027226009207259957
2023-09-11,аренда крана,S3_mach,5963,0.00023523753310111236
2023-09-18,аренда крана,S3_mach,5765,0.0002224986498104592
2023-09-25,аренда крана,S3_mach,6335,0.00024159187253059068
2023-10-02,аренда крана,S3_mach,6202,0.00023425314903388394
2023-10-09,аренда крана,S3_mach,6219,0.00023084481130835878
2023-10-16,аренда крана,S3_mach,5775,0.00020941854430952733
2023-10-23,аренда крана,S3_mach,5835,0.00021567078477654233
2023-10-30,аренда крана,S3_mach,5039,0.00019721133744661157
2023-11-06,аренда крана,S3_mach,4861,0.00018176952016875445
2023-11-13,аренда крана,S3_mach,5200,0.00018766725539629027
2023-11-20,аренда крана,S3_mach,4998,0.00017825851478161923
2023-11-27,аренда крана,S3_mach,5143,0.00018166560865317936
2023-12-04,аренда крана,S3_mach,4946,0.00017291706840343032
2023-12-11,аренда крана,S3_mach,4858,0.000173026231067975
2023-12-18,аренда крана,S3_mach,4948,0.00018016660998288183
2023-12-25,аренда крана,S3_mach,3355,0.0001401441247023959
2024-01-01,аренда крана,S3_mach,1577,6.720888465007998e-05
2024-01-08,аренда крана,S3_mach,3489,0.00012861982910892673
2024-01-15,аренда крана,S3_mach,4401,0.0001548828118778051
2024-01-22,аренда крана,S3_mach,4921,0.00017223807295113094
2024-01-29,аренда крана,S3_mach,5292,0.000190894459179348
2024-02-05,аренда крана,S3_mach,5416,0.00019975327446274365
2024-02-12,аренда крана,S3_mach,5412,0.00019960263504260572
2024-02-19,аренда крана,S3_mach,4374,0.0001683434716887004
2024-02-26,аренда крана,S3_mach,5523,0.0001919554839113137
2024-03-04,аренда крана,S3_mach,4770,0.00017707675938957685
2024-03-11,аренда крана,S3_mach,4971,0.00018993718168349488
2024-03-18,аренда крана,S3_mach,4947,0.00019039479965458388
2024-03-25,аренда крана,S3_mach,4918,0.00019841392147339632
2024-04-01,аренда крана,S3_mach,4818,0.00018694809874322926
2024-04-08,аренда крана,S3_mach,4942,0.00019411006556983027
2024-04-15,аренда крана,S3_mach,5035,0.00019585380741612342
2024-04-22,аренда крана,S3_mach,5888,0.00023094549174533624
2024-04-29,аренда крана,S3_mach,3821,0.00016655836384508416
2024-05-06,аренда крана,S3_mach,4280,0.00017814772589410207
2024-05-13,аренда крана,S3_mach,6289,0.00025167364091715865
2024-05-20,аренда крана,S3_mach,6114,0.00025986934444324625
2024-05-27,аренда крана,S3_mach,6429,0.000283273988600362
2024-06-03,аренда крана,S3_mach,6069,0.00026992810589656133
2024-06-10,аренда крана,S3_mach,5209,0.00023851634299535687
2024-06-17,аренда крана,S3_mach,5826,0.00026245274450152747
2024-06-24,аренда крана,S3_mach,5440,0.00025604643525608124
2024-07-01,аренда крана,S3_mach,5766,0.0002736132359312415
2024-07-08,аренда крана,S3_mach,5745,0.0002784779294871517
2024-07-15,аренда крана,S3_mach,5424,0.0002618213755755632
2024-07-22,аренда крана,S3_mach,5786,0.00027442519829237505
2024-07-29,аренда крана,S3_mach,5771,0.00027144546653521886
2024-08-05,аренда крана,S3_mach,5413,0.0002519570153735359
2024-08-12,аренда крана,S3_mach,5493,0.00026375972443882134
2024-08-19,аренда крана,S3_mach,5710,0.0002713788503692302
2024-08-26,аренда крана,S3_mach,5872,0.00027681650994987366
2024-09-02,аренда крана,S3_mach,5148,0.00023991556426171713
2024-09-09,аренда крана,S3_mach,4851,0.00021046330489954992
2024-09-16,аренда крана,S3_mach,5250,0.00021999164614198733
2024-09-23,аренда крана,S3_mach,5526,0.00022638982724431538
2024-09-30,аренда крана,S3_mach,5747,0.00023005707548313633
2024-10-07,аренда крана,S3_mach,5805,0.00022384584785853487
2024-10-14,аренда крана,S3_mach,4734,0.00019389769499531816
2024-10-21,аренда крана,S3_mach,5192,0.0002008135263049883
2024-10-28,аренда крана,S3_mach,5195,0.00020653850281068646
2024-11-04,аренда крана,S3_mach,3985,0.00014984075753395615
2024-11-11,аренда крана,S3_mach,5624,0.00020471941569127065
2024-11-18,аренда крана,S3_mach,4839,0.00018153071082264042
2024-11-25,аренда крана,S3_mach,5655,0.0001963227047943741
2024-12-02,аренда крана,S3_mach,5223,0.00018957256969630716
2024-12-09,аренда крана,S3_mach,5410,0.00019523232852431167
2024-12-16,аренда крана,S3_mach,6074,0.0002126194686969083
2024-12-23,аренда крана,S3_mach,5738,0.0002146963044780096
2024-12-30,аренда крана,S3_mach,2248,0.00010396184033664133
2025-01-06,аренда крана,S3_mach,2860,0.0001146377867872719
2025-01-13,аренда крана,S3_mach,4817,0.00017267278547086317
2025-01-20,аренда крана,S3_mach,5177,0.0001808837981258352
2025-01-27,аренда крана,S3_mach,5544,0.0001920345060901634
2025-02-03,аренда крана,S3_mach,6090,0.00020981059782372355
2025-02-10,аренда крана,S3_mach,5650,0.00019697083098079275
2025-02-17,аренда крана,S3_mach,5229,0.00018585817190839042
2025-02-24,аренда крана,S3_mach,5581,0.00019984121750519989
2025-03-03,аренда крана,S3_mach,5035,0.00018605860067172608
2025-03-10,аренда крана,S3_mach,5033,0.0001802831573046866
2025-03-17,аренда крана,S3_mach,4927,0.0001790178044891591
2025-03-24,аренда крана,S3_mach,5060,0.00019330219618246384
2025-03-31,аренда крана,S3_mach,5024,0.0001859829913149682
2025-04-07,аренда крана,S3_mach,4750,0.0001756187214950642
2025-04-14,аренда крана,S3_mach,5238,0.00020128987195552355
2025-04-21,аренда крана,S3_mach,5128,0.00019432353179308392
2025-04-28,аренда крана,S3_mach,3888,0.00016019034271382723
2025-05-05,аренда крана,S3_mach,3794,0.00015982838324139244
2025-05-12,аренда крана,S3_mach,7289,0.0002825816916271041
2025-05-19,аренда крана,S3_mach,5784,0.00023966193307609245
2025-05-26,аренда крана,S3_mach,5391,0.0002313936283638493
2025-06-02,аренда крана,S3_mach,5150,0.00022333956331455993
2025-06-09,аренда крана,S3_mach,3721,0.00015662487310749257
2025-06-16,аренда крана,S3_mach,4775,0.0001900374579191749
2025-06-23,аренда крана,S3_mach,5823,0.00023437200233484746
2025-06-30,аренда крана,S3_mach,5106,0.00021106805355888318
2025-07-07,аренда крана,S3_mach,5787,0.00024355412061209723
2025-07-14,аренда крана,S3_mach,5658,0.00023846977963268135
2025-07-21,аренда крана,S3_mach,5410,0.00022759906401975804
2025-07-28,аренда крана,S3_mach,6000,0.0002531456419623829
2025-08-04,аренда крана,S3_mach,5966,0.00025027089685158147
2025-08-11,аренда крана,S3_mach,5544,0.0002347013614388846
2025-08-18,аренда крана,S3_mach,5214,0.0002218007491842263
2025-08-25,аренда крана,S3_mach,5314,0.0002260370956479118
2025-09-01,аренда крана,S3_mach,4752,0.0001958851759747834
2025-09-08,аренда крана,S3_mach,4572,0.00017993843597686194
2025-09-15,аренда крана,S3_mach,4404,0.0001721378780516634
2025-09-22,аренда крана,S3_mach,4538,0.00017414793265612102
2025-09-29,аренда крана,S3_mach,4312,0.00016644828782547976
2025-10-06,аренда крана,S3_mach,4272,0.00016279954971382298
2025-10-13,аренда крана,S3_mach,4215,0.0001537138941420374
2025-10-20,аренда крана,S3_mach,3988,0.00014716628931570714
2025-10-27,аренда крана,S3_mach,4257,0.0001631834325415387
2025-11-03,аренда крана,S3_mach,2950,0.00011272986130781727
2025-11-10,аренда крана,S3_mach,3869,0.00014221219503601911
2025-11-17,аренда крана,S3_mach,3767,0.0001362162284912062
2025-11-24,аренда крана,S3_mach,3991,0.0001424993890539536
2025-12-01,аренда крана,S3_mach,3536,0.00012665401284667842
2025-12-08,аренда крана,S3_mach,3432,0.00012586631677982164
2025-12-15,аренда крана,S3_mach,3111,0.00011941212592829709
2025-12-22,аренда крана,S3_mach,2536,0.00010610560970237461
2025-12-29,аренда крана,S3_mach,993,4.930916202977683e-05
2026-01-05,аренда крана,S3_mach,1037,4.87402413905529e-05
2026-01-12,аренда крана,S3_mach,2450,0.00010084478673951216
2026-01-19,аренда крана,S3_mach,2964,0.00011805970396492585
2026-01-26,аренда крана,S3_mach,3305,0.000133827821613714
2026-02-02,аренда крана,S3_mach,2827,0.00011512353170121122
2026-02-09,аренда крана,S3_mach,3011,0.00012556332137800787
2026-02-16,аренда крана,S3_mach,2917,0.00012699011909952687
2026-02-23,аренда крана,S3_mach,2641,0.00011709870019276676
2026-03-02,аренда крана,S3_mach,2589,0.00011782637636376203
2026-03-09,аренда крана,S3_mach,3034,0.00012256668697705205
2026-03-16,аренда крана,S3_mach,4037,0.00015389270996105434
2026-03-23,аренда крана,S3_mach,4169,0.00016029521024043132
2026-03-30,аренда крана,S3_mach,4161,0.0001631260778082208
2026-04-06,аренда крана,S3_mach,4115,0.0001555537395480749
2026-04-13,аренда крана,S3_mach,3956,0.0001490738444685743
2026-04-20,аренда крана,S3_mach,3900,0.0001473485694340914
2026-04-27,аренда крана,S3_mach,3143,0.00012667337365436962
2026-05-04,аренда крана,S3_mach,3387,0.00014627602337262651
2026-05-11,аренда крана,S3_mach,3439,0.00014241643412797557
2026-05-18,аренда крана,S3_mach,4033,0.00016643892754888433
2026-05-25,аренда крана,S3_mach,4119,0.00016980030785055522
2026-06-01,аренда крана,S3_mach,4225,0.00017568816465696717
2026-06-08,аренда крана,S3_mach,3742,0.00015628166098820536
2026-06-15,аренда крана,S3_mach,3784,0.0001552822252165784
2026-06-22,аренда крана,S3_mach,3926,0.00016067355750045616
2026-06-29,аренда крана,S3_mach,3646,0.0001541056164245431
2026-07-06,аренда крана,S3_mach,3934,0.00016239585767581296
2026-07-13,аренда крана,S3_mach,4095,0.00015912316899519487
2026-07-20,аренда крана,S3_mach,4220,0.0001580819552259496
2026-07-27,аренда крана,S3_mach,4431,0.00017146101280079282
2026-08-03,аренда крана,S3_mach,4025,0.00015868566253820427
2026-08-10,аренда крана,S3_mach,4104,0.00015929061857482719
2026-08-17,аренда крана,S3_mach,3950,0.00015450666741213722
2018-01-01,аренда гусеничного экскаватора,S3_mach,258,1.755494713934267e-05
2018-01-08,аренда гусеничного экскаватора,S3_mach,539,3.1166191332425346e-05
2018-01-15,аренда гусеничного экскаватора,S3_mach,686,3.716543663780457e-05
2018-01-22,аренда гусеничного экскаватора,S3_mach,778,4.1035533913595474e-05
2018-01-29,аренда гусеничного экскаватора,S3_mach,682,3.60986329596433e-05
2018-02-05,аренда гусеничного экскаватора,S3_mach,725,3.758316824010864e-05
2018-02-12,аренда гусеничного экскаватора,S3_mach,700,3.713335571594092e-05
2018-02-19,аренда гусеничного экскаватора,S3_mach,602,3.0747628458273434e-05
2018-02-26,аренда гусеничного экскаватора,S3_mach,666,3.290141158857738e-05
2018-03-05,аренда гусеничного экскаватора,S3_mach,588,3.186184753195509e-05
2018-03-12,аренда гусеничного экскаватора,S3_mach,883,4.459601723293338e-05
2018-03-19,аренда гусеничного экскаватора,S3_mach,1046,5.555026296796128e-05
2018-03-26,аренда гусеничного экскаватора,S3_mach,1015,5.5104555921879175e-05
2018-04-02,аренда гусеничного экскаватора,S3_mach,728,4.105742157544922e-05
2018-04-09,аренда гусеничного экскаватора,S3_mach,869,4.915837957833881e-05
2018-04-16,аренда гусеничного экскаватора,S3_mach,756,4.232208941651952e-05
2018-04-23,аренда гусеничного экскаватора,S3_mach,738,4.09962763537702e-05
2018-04-30,аренда гусеничного экскаватора,S3_mach,1232,7.79651191979787e-05
2018-05-07,аренда гусеничного экскаватора,S3_mach,530,3.159516107636969e-05
2018-05-14,аренда гусеничного экскаватора,S3_mach,812,4.6328460227079083e-05
2018-05-21,аренда гусеничного экскаватора,S3_mach,1000,5.9701776824699676e-05
2018-05-28,аренда гусеничного экскаватора,S3_mach,768,4.571270557842955e-05
2018-06-04,аренда гусеничного экскаватора,S3_mach,932,5.522282143295703e-05
2018-06-11,аренда гусеничного экскаватора,S3_mach,506,3.22375853464986e-05
2018-06-18,аренда гусеничного экскаватора,S3_mach,792,4.8440689465996845e-05
2018-06-25,аренда гусеничного экскаватора,S3_mach,834,5.2045390037735156e-05
2018-07-02,аренда гусеничного экскаватора,S3_mach,785,4.910897375553071e-05
2018-07-09,аренда гусеничного экскаватора,S3_mach,758,4.944075681478933e-05
2018-07-16,аренда гусеничного экскаватора,S3_mach,758,4.838325848158138e-05
2018-07-23,аренда гусеничного экскаватора,S3_mach,978,6.174020911753513e-05
2018-07-30,аренда гусеничного экскаватора,S3_mach,1265,7.967652981631448e-05
2018-08-06,аренда гусеничного экскаватора,S3_mach,1056,6.63490279001608e-05
2018-08-13,аренда гусеничного экскаватора,S3_mach,1016,6.322946081733232e-05
2018-08-20,аренда гусеничного экскаватора,S3_mach,959,6.136628166252893e-05
2018-08-27,аренда гусеничного экскаватора,S3_mach,1300,8.064448676822884e-05
2018-09-03,аренда гусеничного экскаватора,S3_mach,845,4.8367257695723965e-05
2018-09-10,аренда гусеничного экскаватора,S3_mach,722,3.987692320145668e-05
2018-09-17,аренда гусеничного экскаватора,S3_mach,838,4.351460619943456e-05
2018-09-24,аренда гусеничного экскаватора,S3_mach,793,3.891702757657973e-05
2018-10-01,аренда гусеничного экскаватора,S3_mach,994,4.829437312157754e-05
2018-10-08,аренда гусеничного экскаватора,S3_mach,990,4.751985829198099e-05
2018-10-15,аренда гусеничного экскаватора,S3_mach,938,4.497387056237839e-05
2018-10-22,аренда гусеничного экскаватора,S3_mach,862,4.153510928745662e-05
2018-10-29,аренда гусеничного экскаватора,S3_mach,980,4.837348810822448e-05
2018-11-05,аренда гусеничного экскаватора,S3_mach,769,3.97409743651682e-05
2018-11-12,аренда гусеничного экскаватора,S3_mach,627,3.12529031367528e-05
2018-11-19,аренда гусеничного экскаватора,S3_mach,781,3.916953623934624e-05
2018-11-26,аренда гусеничного экскаватора,S3_mach,758,3.838908937917198e-05
2018-12-03,аренда гусеничного экскаватора,S3_mach,665,3.238520966617433e-05
2018-12-10,аренда гусеничного экскаватора,S3_mach,431,2.1559364040278846e-05
2018-12-17,аренда гусеничного экскаватора,S3_mach,568,2.8709114567772294e-05
2018-12-24,аренда гусеничного экскаватора,S3_mach,368,2.0377972302591188e-05
2018-12-31,аренда гусеничного экскаватора,S3_mach,195,1.2194627287107505e-05
2019-01-07,аренда гусеничного экскаватора,S3_mach,472,2.454784013548011e-05
2019-01-14,аренда гусеничного экскаватора,S3_mach,604,2.89866309478043e-05
2019-01-21,аренда гусеничного экскаватора,S3_mach,797,3.738066177997577e-05
2019-01-28,аренда гусеничного экскаватора,S3_mach,820,3.900919413690708e-05
2019-02-04,аренда гусеничного экскаватора,S3_mach,734,3.443124545947919e-05
2019-02-11,аренда гусеничного экскаватора,S3_mach,708,3.368357945849515e-05
2019-02-18,аренда гусеничного экскаватора,S3_mach,724,3.526948635820866e-05
2019-02-25,аренда гусеничного экскаватора,S3_mach,825,3.9607065837174046e-05
2019-03-04,аренда гусеничного экскаватора,S3_mach,550,2.852268204836481e-05
2019-03-11,аренда гусеничного экскаватора,S3_mach,1092,5.300573284474383e-05
2019-03-18,аренда гусеничного экскаватора,S3_mach,1123,5.580445061066231e-05
2019-03-25,аренда гусеничного экскаватора,S3_mach,1001,5.129988436180962e-05
2019-04-01,аренда гусеничного экскаватора,S3_mach,868,4.4391008761964816e-05
2019-04-08,аренда гусеничного экскаватора,S3_mach,1052,5.3611001356628425e-05
2019-04-15,аренда гусеничного экскаватора,S3_mach,931,4.743124961366585e-05
2019-04-22,аренда гусеничного экскаватора,S3_mach,982,5.32609360358607e-05
2019-04-29,аренда гусеничного экскаватора,S3_mach,777,4.598915289186035e-05
2019-05-06,аренда гусеничного экскаватора,S3_mach,921,5.524492975770937e-05
2019-05-13,аренда гусеничного экскаватора,S3_mach,1105,5.846445482890032e-05
2019-05-20,аренда гусеничного экскаватора,S3_mach,806,4.30958123852574e-05
2019-05-27,аренда гусеничного экскаватора,S3_mach,1158,6.535736638381076e-05
2019-06-03,аренда гусеничного экскаватора,S3_mach,1022,5.874646422161445e-05
2019-06-10,аренда гусеничного экскаватора,S3_mach,866,5.102326546132148e-05
2019-06-17,аренда гусеничного экскаватора,S3_mach,915,5.474348079002619e-05
2019-06-24,аренда гусеничного экскаватора,S3_mach,903,5.3182390738200544e-05
2019-07-01,аренда гусеничного экскаватора,S3_mach,865,5.169480315496575e-05
2019-07-08,аренда гусеничного экскаватора,S3_mach,779,4.725428366056411e-05
2019-07-15,аренда гусеничного экскаватора,S3_mach,824,5.024027331450093e-05
2019-07-22,аренда гусеничного экскаватора,S3_mach,915,5.590465077260053e-05
2019-07-29,аренда гусеничного экскаватора,S3_mach,688,4.1420989451483386e-05
2019-08-05,аренда гусеничного экскаватора,S3_mach,949,5.640931814791477e-05
2019-08-12,аренда гусеничного экскаватора,S3_mach,886,5.380129209790341e-05
2019-08-19,аренда гусеничного экскаватора,S3_mach,717,4.426681396489144e-05
2019-08-26,аренда гусеничного экскаватора,S3_mach,795,4.894353016832195e-05
2019-09-02,аренда гусеничного экскаватора,S3_mach,752,4.4042385051360435e-05
2019-09-09,аренда гусеничного экскаватора,S3_mach,830,4.583554182411571e-05
2019-09-16,аренда гусеничного экскаватора,S3_mach,929,4.8663226204860464e-05
2019-09-23,аренда гусеничного экскаватора,S3_mach,888,4.6018182661839077e-05
2019-09-30,аренда гусеничного экскаватора,S3_mach,1206,6.159769307547899e-05
2019-10-07,аренда гусеничного экскаватора,S3_mach,927,4.657641269289425e-05
2019-10-14,аренда гусеничного экскаватора,S3_mach,956,4.7541914485982454e-05
2019-10-21,аренда гусеничного экскаватора,S3_mach,1127,5.613859311762188e-05
2019-10-28,аренда гусеничного экскаватора,S3_mach,875,4.4848869486679075e-05
2019-11-04,аренда гусеничного экскаватора,S3_mach,903,4.490512682011929e-05
2019-11-11,аренда гусеничного экскаватора,S3_mach,967,4.6901277121048484e-05
2019-11-18,аренда гусеничного экскаватора,S3_mach,1125,5.288278148659166e-05
2019-11-25,аренда гусеничного экскаватора,S3_mach,1217,5.5187214856203066e-05
2019-12-02,аренда гусеничного экскаватора,S3_mach,1058,4.882649752068945e-05
2019-12-09,аренда гусеничного экскаватора,S3_mach,1558,7.196727502222506e-05
2019-12-16,аренда гусеничного экскаватора,S3_mach,2002,9.240730026201975e-05
2019-12-23,аренда гусеничного экскаватора,S3_mach,1549,7.734716840919616e-05
2019-12-30,аренда гусеничного экскаватора,S3_mach,2177,0.00012435499628214548
2020-01-06,аренда гусеничного экскаватора,S3_mach,1693,8.328992909656739e-05
2020-01-13,аренда гусеничного экскаватора,S3_mach,1756,7.576998399466529e-05
2020-01-20,аренда гусеничного экскаватора,S3_mach,1521,6.245855681240738e-05
2020-01-27,аренда гусеничного экскаватора,S3_mach,1381,6.169625971098513e-05
2020-02-03,аренда гусеничного экскаватора,S3_mach,1156,5.2017157371585666e-05
2020-02-10,аренда гусеничного экскаватора,S3_mach,1538,6.793593476150172e-05
2020-02-17,аренда гусеничного экскаватора,S3_mach,1132,5.057763196586049e-05
2020-02-24,аренда гусеничного экскаватора,S3_mach,1409,6.357767638733226e-05
2020-03-02,аренда гусеничного экскаватора,S3_mach,2347,0.0001088931032525217
2020-03-09,аренда гусеничного экскаватора,S3_mach,1092,4.945495595670015e-05
2020-03-16,аренда гусеничного экскаватора,S3_mach,1039,4.636485713259657e-05
2020-03-23,аренда гусеничного экскаватора,S3_mach,939,4.211859657267577e-05
2020-03-30,аренда гусеничного экскаватора,S3_mach,1067,4.525825670883192e-05
2020-04-06,аренда гусеничного экскаватора,S3_mach,1091,3.878055789060803e-05
2020-04-13,аренда гусеничного экскаватора,S3_mach,1126,3.936521489178192e-05
2020-04-20,аренда гусеничного экскаватора,S3_mach,940,3.2751278711397594e-05
2020-04-27,аренда гусеничного экскаватора,S3_mach,919,3.530838880829347e-05
2020-05-04,аренда гусеничного экскаватора,S3_mach,1395,6.0306175777266333e-05
2020-05-11,аренда гусеничного экскаватора,S3_mach,1541,5.873751989792567e-05
2020-05-18,аренда гусеничного экскаватора,S3_mach,1335,5.1271767720389835e-05
2020-05-25,аренда гусеничного экскаватора,S3_mach,1517,6.610154243038488e-05
2020-06-01,аренда гусеничного экскаватора,S3_mach,1535,6.963561158825493e-05
2020-06-08,аренда гусеничного экскаватора,S3_mach,1463,7.188086695640397e-05
2020-06-15,аренда гусеничного экскаватора,S3_mach,1369,6.648699907732072e-05
2020-06-22,аренда гусеничного экскаватора,S3_mach,1295,6.44893670292683e-05
2020-06-29,аренда гусеничного экскаватора,S3_mach,1276,6.510887661721386e-05
2020-07-06,аренда гусеничного экскаватора,S3_mach,1290,6.797517734324613e-05
2020-07-13,аренда гусеничного экскаватора,S3_mach,1333,7.060747123576098e-05
2020-07-20,аренда гусеничного экскаватора,S3_mach,1285,6.782442069581474e-05
2020-07-27,аренда гусеничного экскаватора,S3_mach,1265,6.691089984360923e-05
2020-08-03,аренда гусеничного экскаватора,S3_mach,1236,6.568560999163329e-05
2020-08-10,аренда гусеничного экскаватора,S3_mach,1188,6.255514633701254e-05
2020-08-17,аренда гусеничного экскаватора,S3_mach,1189,6.236686847111369e-05
2020-08-24,аренда гусеничного экскаватора,S3_mach,1121,5.8370296054282176e-05
2020-08-31,аренда гусеничного экскаватора,S3_mach,1048,5.239978631367141e-05
2020-09-07,аренда гусеничного экскаватора,S3_mach,829,3.828626212748758e-05
2020-09-14,аренда гусеничного экскаватора,S3_mach,768,3.4002861783564686e-05
2020-09-21,аренда гусеничного экскаватора,S3_mach,1180,5.151309348372517e-05
2020-09-28,аренда гусеничного экскаватора,S3_mach,955,4.137684282384517e-05
2020-10-05,аренда гусеничного экскаватора,S3_mach,925,3.9103009066082955e-05
2020-10-12,аренда гусеничного экскаватора,S3_mach,951,3.8787431287484275e-05
2020-10-19,аренда гусеничного экскаватора,S3_mach,981,3.902652060813502e-05
2020-10-26,аренда гусеничного экскаватора,S3_mach,1269,5.050819422614443e-05
2020-11-02,аренда гусеничного экскаватора,S3_mach,938,3.743777229091969e-05
2020-11-09,аренда гусеничного экскаватора,S3_mach,1017,3.787351907711444e-05
2020-11-16,аренда гусеничного экскаватора,S3_mach,1038,3.7845093451540066e-05
2020-11-23,аренда гусеничного экскаватора,S3_mach,900,3.239458628671207e-05
2020-11-30,аренда гусеничного экскаватора,S3_mach,872,3.294636793984281e-05
2020-12-07,аренда гусеничного экскаватора,S3_mach,877,3.367568751477257e-05
2020-12-14,аренда гусеничного экскаватора,S3_mach,894,3.453903008917445e-05
2020-12-21,аренда гусеничного экскаватора,S3_mach,786,3.1826458977933774e-05
2020-12-28,аренда гусеничного экскаватора,S3_mach,517,2.5930618773483204e-05
2021-01-04,аренда гусеничного экскаватора,S3_mach,510,2.3736893481111252e-05
2021-01-11,аренда гусеничного экскаватора,S3_mach,707,2.8540070041158753e-05
2021-01-18,аренда гусеничного экскаватора,S3_mach,765,3.0693273900552174e-05
2021-01-25,аренда гусеничного экскаватора,S3_mach,788,3.1655231821432074e-05
2021-02-01,аренда гусеничного экскаватора,S3_mach,1115,4.540921929728119e-05
2021-02-08,аренда гусеничного экскаватора,S3_mach,1224,4.834105098673104e-05
2021-02-15,аренда гусеничного экскаватора,S3_mach,1290,5.033263576761165e-05
2021-02-22,аренда гусеничного экскаватора,S3_mach,978,3.998570062283518e-05
2021-03-01,аренда гусеничного экскаватора,S3_mach,927,3.830384949749632e-05
2021-03-08,аренда гусеничного экскаватора,S3_mach,702,2.843652702974611e-05
2021-03-15,аренда гусеничного экскаватора,S3_mach,999,3.980022315040911e-05
2021-03-22,аренда гусеничного экскаватора,S3_mach,1071,4.491276697061306e-05
2021-03-29,аренда гусеничного экскаватора,S3_mach,1144,4.638697750224009e-05
2021-04-05,аренда гусеничного экскаватора,S3_mach,1529,5.999753638108264e-05
2021-04-12,аренда гусеничного экскаватора,S3_mach,1357,5.432195991149444e-05
2021-04-19,аренда гусеничного экскаватора,S3_mach,1345,5.299286326198499e-05
2021-04-26,аренда гусеничного экскаватора,S3_mach,1384,5.8084422149503764e-05
2021-05-03,аренда гусеничного экскаватора,S3_mach,1088,4.965912905778322e-05
2021-05-10,аренда гусеничного экскаватора,S3_mach,1169,4.908443768321501e-05
2021-05-17,аренда гусеничного экскаватора,S3_mach,1528,6.188503478090427e-05
2021-05-24,аренда гусеничного экскаватора,S3_mach,1801,7.595922899138804e-05
2021-05-31,аренда гусеничного экскаватора,S3_mach,1823,7.80255200032823e-05
2021-06-07,аренда гусеничного экскаватора,S3_mach,1504,6.36191883705396e-05
2021-06-14,аренда гусеничного экскаватора,S3_mach,1329,5.860365585127011e-05
2021-06-21,аренда гусеничного экскаватора,S3_mach,1528,6.710287134108694e-05
2021-06-28,аренда гусеничного экскаватора,S3_mach,1498,6.663161778333364e-05
2021-07-05,аренда гусеничного экскаватора,S3_mach,1275,5.845434755617438e-05
2021-07-12,аренда гусеничного экскаватора,S3_mach,1282,5.9028539858840125e-05
2021-07-19,аренда гусеничного экскаватора,S3_mach,1105,5.0271672897283216e-05
2021-07-26,аренда гусеничного экскаватора,S3_mach,1115,5.020386818309917e-05
2021-08-02,аренда гусеничного экскаватора,S3_mach,1331,5.955841851893912e-05
2021-08-09,аренда гусеничного экскаватора,S3_mach,1192,5.324586255504164e-05
2021-08-16,аренда гусеничного экскаватора,S3_mach,1609,7.11009291870225e-05
2021-08-23,аренда гусеничного экскаватора,S3_mach,997,4.326487473764914e-05
2021-08-30,аренда гусеничного экскаватора,S3_mach,1077,4.546659901568832e-05
2021-09-06,аренда гусеничного экскаватора,S3_mach,1280,5.3368659138427177e-05
2021-09-13,аренда гусеничного экскаватора,S3_mach,1110,4.406286147548969e-05
2021-09-20,аренда гусеничного экскаватора,S3_mach,970,3.744630337142287e-05
2021-09-27,аренда гусеничного экскаватора,S3_mach,1007,3.9983991712076906e-05
2021-10-04,аренда гусеничного экскаватора,S3_mach,889,3.5222455530159176e-05
2021-10-11,аренда гусеничного экскаватора,S3_mach,987,3.74767311931152e-05
2021-10-18,аренда гусеничного экскаватора,S3_mach,991,3.735718404143227e-05
2021-10-25,аренда гусеничного экскаватора,S3_mach,876,3.403004610976461e-05
2021-11-01,аренда гусеничного экскаватора,S3_mach,769,3.102888526097692e-05
2021-11-08,аренда гусеничного экскаватора,S3_mach,963,3.517227187379877e-05
2021-11-15,аренда гусеничного экскаватора,S3_mach,970,3.494788035793191e-05
2021-11-22,аренда гусеничного экскаватора,S3_mach,821,2.969257002328445e-05
2021-11-29,аренда гусеничного экскаватора,S3_mach,917,3.3518468261326036e-05
2021-12-06,аренда гусеничного экскаватора,S3_mach,1051,3.804841019927465e-05
2021-12-13,аренда гусеничного экскаватора,S3_mach,989,3.5508006737060135e-05
2021-12-20,аренда гусеничного экскаватора,S3_mach,796,2.9108054764385707e-05
2021-12-27,аренда гусеничного экскаватора,S3_mach,623,2.7342186344717194e-05
2022-01-03,аренда гусеничного экскаватора,S3_mach,441,1.8742380425487124e-05
2022-01-10,аренда гусеничного экскаватора,S3_mach,714,2.5946411550559235e-05
2022-01-17,аренда гусеничного экскаватора,S3_mach,676,2.377706542698056e-05
2022-01-24,аренда гусеничного экскаватора,S3_mach,707,2.4256364793527287e-05
2022-01-31,аренда гусеничного экскаватора,S3_mach,859,2.895973801927328e-05
2022-02-07,аренда гусеничного экскаватора,S3_mach,1474,4.8573520770149034e-05
2022-02-14,аренда гусеничного экскаватора,S3_mach,2065,6.962753817648247e-05
2022-02-21,аренда гусеничного экскаватора,S3_mach,870,3.059405900129264e-05
2022-02-28,аренда гусеничного экскаватора,S3_mach,1003,3.4673866076727884e-05
2022-03-07,аренда гусеничного экскаватора,S3_mach,663,2.366945818841959e-05
2022-03-14,аренда гусеничного экскаватора,S3_mach,957,3.268639650029506e-05
2022-03-21,аренда гусеничного экскаватора,S3_mach,1153,4.0403762869086436e-05
2022-03-28,аренда гусеничного экскаватора,S3_mach,1129,3.94927769227405e-05
2022-04-04,аренда гусеничного экскаватора,S3_mach,835,2.9181117543408357e-05
2022-04-11,аренда гусеничного экскаватора,S3_mach,714,2.53981235005525e-05
2022-04-18,аренда гусеничного экскаватора,S3_mach,661,2.3752030284291377e-05
2022-04-25,аренда гусеничного экскаватора,S3_mach,617,2.3148234299209228e-05
2022-05-02,аренда гусеничного экскаватора,S3_mach,557,2.2147077554766997e-05
2022-05-09,аренда гусеничного экскаватора,S3_mach,648,2.388583100919866e-05
2022-05-16,аренда гусеничного экскаватора,S3_mach,776,2.7201744050756597e-05
2022-05-23,аренда гусеничного экскаватора,S3_mach,825,3.0049542976537294e-05
2022-05-30,аренда гусеничного экскаватора,S3_mach,754,2.949963220727121e-05
2022-06-06,аренда гусеничного экскаватора,S3_mach,794,3.2014297698248806e-05
2022-06-13,аренда гусеничного экскаватора,S3_mach,747,3.0202194632405566e-05
2022-06-20,аренда гусеничного экскаватора,S3_mach,699,2.736523239253768e-05
2022-06-27,аренда гусеничного экскаватора,S3_mach,655,2.7300762621003554e-05
2022-07-04,аренда гусеничного экскаватора,S3_mach,692,2.9483966501208597e-05
2022-07-11,аренда гусеничного экскаватора,S3_mach,812,3.4065116059193865e-05
2022-07-18,аренда гусеничного экскаватора,S3_mach,611,2.5742857455972628e-05
2022-07-25,аренда гусеничного экскаватора,S3_mach,629,2.6504347983086793e-05
2022-08-01,аренда гусеничного экскаватора,S3_mach,689,2.909071231041481e-05
2022-08-08,аренда гусеничного экскаватора,S3_mach,634,2.6597483619206605e-05
2022-08-15,аренда гусеничного экскаватора,S3_mach,924,3.786199861485484e-05
2022-08-22,аренда гусеничного экскаватора,S3_mach,1169,4.764626497293251e-05
2022-08-29,аренда гусеничного экскаватора,S3_mach,954,3.7611366413242104e-05
2022-09-05,аренда гусеничного экскаватора,S3_mach,1179,4.3369124419948856e-05
2022-09-12,аренда гусеничного экскаватора,S3_mach,562,2.0445264188459742e-05
2022-09-19,аренда гусеничного экскаватора,S3_mach,356,1.275030365546557e-05
2022-09-26,аренда гусеничного экскаватора,S3_mach,399,1.4611235067442267e-05
2022-10-03,аренда гусеничного экскаватора,S3_mach,395,1.4426812756424659e-05
2022-10-10,аренда гусеничного экскаватора,S3_mach,428,1.5476802995034465e-05
2022-10-17,аренда гусеничного экскаватора,S3_mach,388,1.3306758734703649e-05
2022-10-24,аренда гусеничного экскаватора,S3_mach,438,1.5446286912264262e-05
2022-10-31,аренда гусеничного экскаватора,S3_mach,626,2.2551674665961818e-05
2022-11-07,аренда гусеничного экскаватора,S3_mach,463,1.6045086779794667e-05
2022-11-14,аренда гусеничного экскаватора,S3_mach,520,1.7241138843333738e-05
2022-11-21,аренда гусеничного экскаватора,S3_mach,409,1.3631005071337451e-05
2022-11-28,аренда гусеничного экскаватора,S3_mach,415,1.3895728907976954e-05
2022-12-05,аренда гусеничного экскаватора,S3_mach,389,1.3049957966840206e-05
2022-12-12,аренда гусеничного экскаватора,S3_mach,379,1.2842061828062623e-05
2022-12-19,аренда гусеничного экскаватора,S3_mach,365,1.255021975161431e-05
2022-12-26,аренда гусеничного экскаватора,S3_mach,179,7.409708746731454e-06
2023-01-02,аренда гусеничного экскаватора,S3_mach,110,4.497662576207741e-06
2023-01-09,аренда гусеничного экскаватора,S3_mach,346,1.2130482066047971e-05
2023-01-16,аренда гусеничного экскаватора,S3_mach,369,1.2644765742329677e-05
2023-01-23,аренда гусеничного экскаватора,S3_mach,478,1.6389569023239455e-05
2023-01-30,аренда гусеничного экскаватора,S3_mach,629,2.1694800603082482e-05
2023-02-06,аренда гусеничного экскаватора,S3_mach,861,2.970140961793061e-05
2023-02-13,аренда гусеничного экскаватора,S3_mach,951,3.292045617623422e-05
2023-02-20,аренда гусеничного экскаватора,S3_mach,877,3.210786648656245e-05
2023-02-27,аренда гусеничного экскаватора,S3_mach,929,3.2153444894508605e-05
2023-03-06,аренда гусеничного экскаватора,S3_mach,941,3.417074334559008e-05
2023-03-13,аренда гусеничного экскаватора,S3_mach,741,2.583289288047609e-05
2023-03-20,аренда гусеничного экскаватора,S3_mach,906,3.2659687776117316e-05
2023-03-27,аренда гусеничного экскаватора,S3_mach,834,3.0374804237118237e-05
2023-04-03,аренда гусеничного экскаватора,S3_mach,682,2.475251155051362e-05
2023-04-10,аренда гусеничного экскаватора,S3_mach,935,3.44851204222028e-05
2023-04-17,аренда гусеничного экскаватора,S3_mach,882,3.2625777299572825e-05
2023-04-24,аренда гусеничного экскаватора,S3_mach,548,2.067412346006976e-05
2023-05-01,аренда гусеничного экскаватора,S3_mach,442,1.7359242479261856e-05
2023-05-08,аренда гусеничного экскаватора,S3_mach,370,1.4678047827128763e-05
2023-05-15,аренда гусеничного экскаватора,S3_mach,511,1.954605472147829e-05
2023-05-22,аренда гусеничного экскаватора,S3_mach,589,2.3420931008490336e-05
2023-05-29,аренда гусеничного экскаватора,S3_mach,527,2.145877133064272e-05
2023-06-05,аренда гусеничного экскаватора,S3_mach,517,2.144215942097964e-05
2023-06-12,аренда гусеничного экскаватора,S3_mach,439,1.8671425235762958e-05
2023-06-19,аренда гусеничного экскаватора,S3_mach,440,1.8325041290326628e-05
2023-06-26,аренда гусеничного экскаватора,S3_mach,418,1.785596396533193e-05
2023-07-03,аренда гусеничного экскаватора,S3_mach,400,1.764946937507911e-05
2023-07-10,аренда гусеничного экскаватора,S3_mach,583,2.529847514157079e-05
2023-07-17,аренда гусеничного экскаватора,S3_mach,471,2.0640750583725028e-05
2023-07-24,аренда гусеничного экскаватора,S3_mach,520,2.260143834997316e-05
2023-07-31,аренда гусеничного экскаватора,S3_mach,470,2.0887472959588582e-05
2023-08-07,аренда гусеничного экскаватора,S3_mach,506,2.2018241203387912e-05
2023-08-14,аренда гусеничного экскаватора,S3_mach,535,2.3684980801968368e-05
2023-08-21,аренда гусеничного экскаватора,S3_mach,652,2.9026007249518653e-05
2023-08-28,аренда гусеничного экскаватора,S3_mach,537,2.3949425876959516e-05
2023-09-04,аренда гусеничного экскаватора,S3_mach,612,2.4980985959284995e-05
2023-09-11,аренда гусеничного экскаватора,S3_mach,605,2.386696420026379e-05
2023-09-18,аренда гусеничного экскаватора,S3_mach,575,2.2191972877886214e-05
2023-09-25,аренда гусеничного экскаватора,S3_mach,521,1.9868881702989384e-05
2023-10-02,аренда гусеничного экскаватора,S3_mach,635,2.3984319515723368e-05
2023-10-09,аренда гусеничного экскаватора,S3_mach,547,2.030424695058245e-05
2023-10-16,аренда гусеничного экскаватора,S3_mach,461,1.6717220593366598e-05
2023-10-23,аренда гусеничного экскаватора,S3_mach,469,1.7334978245106828e-05
2023-10-30,аренда гусеничного экскаватора,S3_mach,393,1.538084056688199e-05
2023-11-06,аренда гусеничного экскаватора,S3_mach,323,1.2078081673422688e-05
2023-11-13,аренда гусеничного экскаватора,S3_mach,480,1.732313126734987e-05
2023-11-20,аренда гусеничного экскаватора,S3_mach,383,1.3660066258775543e-05
2023-11-27,аренда гусеничного экскаватора,S3_mach,448,1.582465344674788e-05
2023-12-04,аренда гусеничного экскаватора,S3_mach,498,1.741057421449824e-05
2023-12-11,аренда гусеничного экскаватора,S3_mach,404,1.4389171953779724e-05
2023-12-18,аренда гусеничного экскаватора,S3_mach,383,1.3945798630445382e-05
2023-12-25,аренда гусеничного экскаватора,S3_mach,299,1.2489744645608459e-05
2024-01-01,аренда гусеничного экскаватора,S3_mach,189,8.054837792558731e-06
2024-01-08,аренда гусеничного экскаватора,S3_mach,413,1.522498980280503e-05
2024-01-15,аренда гусеничного экскаватора,S3_mach,473,1.664611906798496e-05
2024-01-22,аренда гусеничного экскаватора,S3_mach,611,2.1385381543007725e-05
2024-01-29,аренда гусеничного экскаватора,S3_mach,1446,5.2160504152180115e-05
2024-02-05,аренда гусеничного экскаватора,S3_mach,2525,9.312721898420008e-05
2024-02-12,аренда гусеничного экскаватора,S3_mach,3230,0.0001191272193620873
2024-02-19,аренда гусеничного экскаватора,S3_mach,2328,8.959844583705864e-05
2024-02-26,аренда гусеничного экскаватора,S3_mach,1096,3.809219814716636e-05
2024-03-04,аренда гусеничного экскаватора,S3_mach,1397,5.186084546482995e-05
2024-03-11,аренда гусеничного экскаватора,S3_mach,505,1.9295569654026337e-05
2024-03-18,аренда гусеничного экскаватора,S3_mach,518,1.9936225231670598e-05
2024-03-25,аренда гусеничного экскаватора,S3_mach,437,1.7630517219169213e-05
2024-04-01,аренда гусеничного экскаватора,S3_mach,397,1.540439917000042e-05
2024-04-08,аренда гусеничного экскаватора,S3_mach,370,1.4532724455855361e-05
2024-04-15,аренда гусеничного экскаватора,S3_mach,422,1.641515525910707e-05
2024-04-22,аренда гусеничного экскаватора,S3_mach,432,1.694437031827195e-05
2024-04-29,аренда гусеничного экскаватора,S3_mach,375,1.6346345574955918e-05
2024-05-06,аренда гусеничного экскаватора,S3_mach,516,2.1477623028354362e-05
2024-05-13,аренда гусеничного экскаватора,S3_mach,694,2.7772540435126112e-05
2024-05-20,аренда гусеничного экскаватора,S3_mach,557,2.3674717836913338e-05
2024-05-27,аренда гусеничного экскаватора,S3_mach,594,2.6172771695227105e-05
2024-06-03,аренда гусеничного экскаватора,S3_mach,694,3.086671700316585e-05
2024-06-10,аренда гусеничного экскаватора,S3_mach,639,2.925934789288406e-05
2024-06-17,аренда гусеничного экскаватора,S3_mach,586,2.6398439457242552e-05
2024-06-24,аренда гусеничного экскаватора,S3_mach,418,1.9674156238426827e-05
2024-07-01,аренда гусеничного экскаватора,S3_mach,546,2.5909265837401638e-05
2024-07-08,аренда гусеничного экскаватора,S3_mach,462,2.2394569786434132e-05
2024-07-15,аренда гусеничного экскаватора,S3_mach,512,2.47147021192272e-05
2024-07-22,аренда гусеничного экскаватора,S3_mach,533,2.5279749514316605e-05
2024-07-29,аренда гусеничного экскаватора,S3_mach,520,2.4458784023273924e-05
2024-08-05,аренда гусеничного экскаватора,S3_mach,550,2.5600657390623456e-05
2024-08-12,аренда гусеничного экскаватора,S3_mach,500,2.4008713311380064e-05
2024-08-19,аренда гусеничного экскаватора,S3_mach,614,2.9181543629896206e-05
2024-08-26,аренда гусеничного экскаватора,S3_mach,566,2.6682245339173788e-05
2024-09-02,аренда гусеничного экскаватора,S3_mach,433,2.017937826832236e-05
2024-09-09,аренда гусеничного экскаватора,S3_mach,345,1.49680148815388e-05
2024-09-16,аренда гусеничного экскаватора,S3_mach,433,1.814407291037724e-05
2024-09-23,аренда гусеничного экскаватора,S3_mach,416,1.7042737628236554e-05
2024-09-30,аренда гусеничного экскаватора,S3_mach,333,1.3330260333371222e-05
2024-10-07,аренда гусеничного экскаватора,S3_mach,329,1.2686526088795515e-05
2024-10-14,аренда гусеничного экскаватора,S3_mach,1998,8.18351488383282e-05
2024-10-21,аренда гусеничного экскаватора,S3_mach,5182,0.00020042675140840703
2024-10-28,аренда гусеничного экскаватора,S3_mach,4946,0.0001966389672572965
2024-11-04,аренда гусеничного экскаватора,S3_mach,1167,4.3880593235163575e-05
2024-11-11,аренда гусеничного экскаватора,S3_mach,620,2.25686411323947e-05
2024-11-18,аренда гусеничного экскаватора,S3_mach,406,1.5230722999378387e-05
2024-11-25,аренда гусеничного экскаватора,S3_mach,878,3.048122631467028e-05
2024-12-02,аренда гусеничного экскаватора,S3_mach,3713,0.0001347660255183589
2024-12-09,аренда гусеничного экскаватора,S3_mach,2227,8.036643172340889e-05
2024-12-16,аренда гусеничного экскаватора,S3_mach,1697,5.940323318713424e-05
2024-12-23,аренда гусеничного экскаватора,S3_mach,1907,7.135340757050615e-05
2024-12-30,аренда гусеничного экскаватора,S3_mach,975,4.5090211000100215e-05
2025-01-06,аренда гусеничного экскаватора,S3_mach,537,2.1524647379288464e-05
2025-01-13,аренда гусеничного экскаватора,S3_mach,824,2.9537549351876945e-05
2025-01-20,аренда гусеничного экскаватора,S3_mach,746,2.606515615257351e-05
2025-01-27,аренда гусеничного экскаватора,S3_mach,896,3.103587977214762e-05
2025-02-03,аренда гусеничного экскаватора,S3_mach,1070,3.686327416607294e-05
2025-02-10,аренда гусеничного экскаватора,S3_mach,1046,3.646575030193084e-05
2025-02-17,аренда гусеничного экскаватора,S3_mach,538,1.9122527536185512e-05
2025-02-24,аренда гусеничного экскаватора,S3_mach,551,1.9729889060269693e-05
2025-03-03,аренда гусеничного экскаватора,S3_mach,527,1.9474256713803308e-05
2025-03-10,аренда гусеничного экскаватора,S3_mach,462,1.6548940726160383e-05
2025-03-17,аренда гусеничного экскаватора,S3_mach,458,1.664098933550535e-05
2025-03-24,аренда гусеничного экскаватора,S3_mach,438,1.673248259445043e-05
2025-03-31,аренда гусеничного экскаватора,S3_mach,422,1.5621978967937218e-05
2025-04-07,аренда гусеничного экскаватора,S3_mach,598,2.210947272716808e-05
2025-04-14,аренда гусеничного экскаватора,S3_mach,535,2.0559389365445797e-05
2025-04-21,аренда гусеничного экскаватора,S3_mach,542,2.0538875630236253e-05
2025-04-28,аренда гусеничного экскаватора,S3_mach,623,2.5668359956459454e-05
2025-05-05,аренда гусеничного экскаватора,S3_mach,413,1.7398292640668183e-05
2025-05-12,аренда гусеничного экскаватора,S3_mach,1334,5.1716830378729174e-05
2025-05-19,аренда гусеничного экскаватора,S3_mach,740,3.066214219853188e-05
2025-05-26,аренда гусеничного экскаватора,S3_mach,773,3.317886750607596e-05
2025-06-02,аренда гусеничного экскаватора,S3_mach,996,4.319343787598091e-05
2025-06-09,аренда гусеничного экскаватора,S3_mach,558,2.3487417144310902e-05
2025-06-16,аренда гусеничного экскаватора,S3_mach,487,1.938183078673051e-05
2025-06-23,аренда гусеничного экскаватора,S3_mach,632,2.543759324671537e-05
2025-06-30,аренда гусеничного экскаватора,S3_mach,613,2.533974086008527e-05
2025-07-07,аренда гусеничного экскаватора,S3_mach,564,2.373674166670517e-05
2025-07-14,аренда гусеничного экскаватора,S3_mach,601,2.5330565139491248e-05
2025-07-21,аренда гусеничного экскаватора,S3_mach,566,2.3811658084137347e-05
2025-07-28,аренда гусеничного экскаватора,S3_mach,710,2.995556763221531e-05
2025-08-04,аренда гусеничного экскаватора,S3_mach,708,2.9700267343432728e-05
2025-08-11,аренда гусеничного экскаватора,S3_mach,632,2.675527785522638e-05
2025-08-18,аренда гусеничного экскаватора,S3_mach,513,2.1822743446779456e-05
2025-08-25,аренда гусеничного экскаватора,S3_mach,474,2.016213461368276e-05
2025-09-01,аренда гусеничного экскаватора,S3_mach,486,2.0033711179239213e-05
2025-09-08,аренда гусеничного экскаватора,S3_mach,551,2.1685493924595563e-05
2025-09-15,аренда гусеничного экскаватора,S3_mach,302,1.1804186914532777e-05
2025-09-22,аренда гусеничного экскаватора,S3_mach,174,6.677333689326808e-06
2025-09-29,аренда гусеничного экскаватора,S3_mach,243,9.380086721148325e-06
2025-10-06,аренда гусеничного экскаватора,S3_mach,274,1.044173141891093e-05
2025-10-13,аренда гусеничного экскаватора,S3_mach,205,7.4760019689484385e-06
2025-10-20,аренда гусеничного экскаватора,S3_mach,207,7.638771787450194e-06
2025-10-27,аренда гусеничного экскаватора,S3_mach,265,1.0158235758399756e-05
2025-11-03,аренда гусеничного экскаватора,S3_mach,181,6.916645727699976e-06
2025-11-10,аренда гусеничного экскаватора,S3_mach,198,7.2778533515460805e-06
2025-11-17,аренда гусеничного экскаватора,S3_mach,248,8.967779311340362e-06
2025-11-24,аренда гусеничного экскаватора,S3_mach,202,7.212447153319626e-06
2025-12-01,аренда гусеничного экскаватора,S3_mach,192,6.877140969050412e-06
2025-12-08,аренда гусеничного экскаватора,S3_mach,207,7.5915872882934375e-06
2025-12-15,аренда гусеничного экскаватора,S3_mach,218,8.36767709815775e-06
2025-12-22,аренда гусеничного экскаватора,S3_mach,127,5.313648435410715e-06
2025-12-29,аренда гусеничного экскаватора,S3_mach,63,3.12837583874717e-06
2026-01-05,аренда гусеничного экскаватора,S3_mach,70,3.290083796855066e-06
2026-01-12,аренда гусеничного экскаватора,S3_mach,176,7.244360190266995e-06
2026-01-19,аренда гусеничного экскаватора,S3_mach,213,8.484047552135361e-06
2026-01-26,аренда гусеничного экскаватора,S3_mach,208,8.422446867065814e-06
2026-02-02,аренда гусеничного экскаватора,S3_mach,182,7.411560937255197e-06
2026-02-09,аренда гусеничного экскаватора,S3_mach,228,9.507949941609365e-06
2026-02-16,аренда гусеничного экскаватора,S3_mach,142,6.181898152942344e-06
2026-02-23,аренда гусеничного экскаватора,S3_mach,130,5.764040524445164e-06
2026-03-02,аренда гусеничного экскаватора,S3_mach,200,9.10207619650537e-06
2026-03-09,аренда гусеничного экскаватора,S3_mach,184,7.433180752728272e-06
2026-03-16,аренда гусеничного экскаватора,S3_mach,256,9.758863946006914e-06
2026-03-23,аренда гусеничного экскаватора,S3_mach,241,9.266285840236016e-06
2026-03-30,аренда гусеничного экскаватора,S3_mach,241,9.4480617043454e-06
2026-04-06,аренда гусеничного экскаватора,S3_mach,281,1.0622260221873401e-05
2026-04-13,аренда гусеничного экскаватора,S3_mach,242,9.11927966668225e-06
2026-04-20,аренда гусеничного экскаватора,S3_mach,241,9.105385957337443e-06
2026-04-27,аренда гусеничного экскаватора,S3_mach,238,9.592193105230662e-06
2026-05-04,аренда гусеничного экскаватора,S3_mach,191,8.248810293525734e-06
2026-05-11,аренда гусеничного экскаватора,S3_mach,221,9.152088381006864e-06
2026-05-18,аренда гусеничного экскаватора,S3_mach,259,1.0688738466442113e-05
2026-05-25,аренда гусеничного экскаватора,S3_mach,325,1.3397693627441236e-05
2026-06-01,аренда гусеничного экскаватора,S3_mach,321,1.3348142214174312e-05
2026-06-08,аренда гусеничного экскаватора,S3_mach,356,1.4868057539230654e-05
2026-06-15,аренда гусеничного экскаватора,S3_mach,292,1.1982666427917782e-05
2026-06-22,аренда гусеничного экскаватора,S3_mach,324,1.3259865672477787e-05
2026-06-29,аренда гусеничного экскаватора,S3_mach,334,1.4117190314261492e-05
2026-07-06,аренда гусеничного экскаватора,S3_mach,390,1.6099233475741496e-05
2026-07-13,аренда гусеничного экскаватора,S3_mach,353,1.371684460446979e-05
2026-07-20,аренда гусеничного экскаватора,S3_mach,407,1.5246292838142533e-05
2026-07-27,аренда гусеничного экскаватора,S3_mach,331,1.28083040480845e-05
2026-08-03,аренда гусеничного экскаватора,S3_mach,323,1.2734278012382603e-05
2026-08-10,аренда гусеничного экскаватора,S3_mach,352,1.3662353250082644e-05
2026-08-17,аренда гусеничного экскаватора,S3_mach,278,1.0874140136854213e-05
2018-01-01,аренда экскаватора погрузчика,S3_mach,969,6.593311541869399e-05
2018-01-08,аренда экскаватора погрузчика,S3_mach,1666,9.633186411840561e-05
2018-01-15,аренда экскаватора погрузчика,S3_mach,2016,0.00010922087501722159
2018-01-22,аренда экскаватора погрузчика,S3_mach,2341,0.00012347581605620436
2018-01-29,аренда экскаватора погрузчика,S3_mach,2065,0.00010930157926930119
2018-02-05,аренда экскаватора погрузчика,S3_mach,2993,0.00015515368626571748
2018-02-12,аренда экскаватора погрузчика,S3_mach,2209,0.00011718226110930499
2018-02-19,аренда экскаватора погрузчика,S3_mach,2189,0.0001118049147760142
2018-02-26,аренда экскаватора погрузчика,S3_mach,2382,0.00011767441802401098
2018-03-05,аренда экскаватора погрузчика,S3_mach,2299,0.00012457548890470197
2018-03-12,аренда экскаватора погрузчика,S3_mach,2939,0.00014843453527473523
2018-03-19,аренда экскаватора погрузчика,S3_mach,2903,0.00015417056730018317
2018-03-26,аренда экскаватора погрузчика,S3_mach,2586,0.00014039446464431484
2018-04-02,аренда экскаватора погрузчика,S3_mach,2484,0.00014009153185908773
2018-04-09,аренда экскаватора погрузчика,S3_mach,2768,0.00015658273264999062
2018-04-16,аренда экскаватора погрузчика,S3_mach,2805,0.00015702838731922918
2018-04-23,аренда экскаватора погрузчика,S3_mach,2776,0.00015420821566133617
2018-04-30,аренда экскаватора погрузчика,S3_mach,2142,0.0001355529913328493
2018-05-07,аренда экскаватора погрузчика,S3_mach,2475,0.00014754344087549996
2018-05-14,аренда экскаватора погрузчика,S3_mach,2844,0.00016226372030272526
2018-05-21,аренда экскаватора погрузчика,S3_mach,3340,0.00019940393459449691
2018-05-28,аренда экскаватора погрузчика,S3_mach,3309,0.0001969574775508117
2018-06-04,аренда экскаватора погрузчика,S3_mach,3290,0.00019493892973651138
2018-06-11,аренда экскаватора погрузчика,S3_mach,2575,0.00016405490566647013
2018-06-18,аренда экскаватора погрузчика,S3_mach,3029,0.00018526117221275812
2018-06-25,аренда экскаватора погрузчика,S3_mach,2824,0.0001762304334131464
2018-07-02,аренда экскаватора погрузчика,S3_mach,2629,0.0001644681426793506
2018-07-09,аренда экскаватора погрузчика,S3_mach,2567,0.0001674332753872879
2018-07-16,аренда экскаватора погрузчика,S3_mach,2696,0.00017208610140678548
2018-07-23,аренда экскаватора погрузчика,S3_mach,2925,0.00018465246591900845
2018-07-30,аренда экскаватора погрузчика,S3_mach,3327,0.0002095524226868603
2018-08-06,аренда экскаватора погрузчика,S3_mach,3832,0.00024076654821346234
2018-08-13,аренда экскаватора погрузчика,S3_mach,3619,0.0002252238373011079
2018-08-20,аренда экскаватора погрузчика,S3_mach,3694,0.0002363785656531615
2018-08-27,аренда экскаватора погрузчика,S3_mach,4884,0.0003029751333661767
2018-09-03,аренда экскаватора погрузчика,S3_mach,3448,0.00019736130714184167
2018-09-10,аренда экскаватора погрузчика,S3_mach,3240,0.00017894907364642609
2018-09-17,аренда экскаватора погрузчика,S3_mach,3345,0.00017369493763378114
2018-09-24,аренда экскаватора погрузчика,S3_mach,3582,0.00017578914600165018
2018-10-01,аренда экскаватора погрузчика,S3_mach,3343,0.0001624226250960098
2018-10-08,аренда экскаватора погрузчика,S3_mach,3488,0.00016742350072972696
2018-10-15,аренда экскаватора погрузчика,S3_mach,3153,0.00015117549454496702
2018-10-22,аренда экскаватора погрузчика,S3_mach,2818,0.00013578415077964356
2018-10-29,аренда экскаватора погрузчика,S3_mach,3337,0.00016471666307871948
2018-11-05,аренда экскаватора погрузчика,S3_mach,2050,0.00010594147912691133
2018-11-12,аренда экскаватора погрузчика,S3_mach,2706,0.00013488095037967
2018-11-19,аренда экскаватора погрузчика,S3_mach,2481,0.0001244297303582817
2018-11-26,аренда экскаватора погрузчика,S3_mach,1967,9.96191804865848e-05
2018-12-03,аренда экскаватора погрузчика,S3_mach,1950,9.496414864517287e-05
2018-12-10,аренда экскаватора погрузчика,S3_mach,1720,8.603736925586917e-05
2018-12-17,аренда экскаватора погрузчика,S3_mach,1469,7.424945299305898e-05
2018-12-24,аренда экскаватора погрузчика,S3_mach,1217,6.73912834028627e-05
2018-12-31,аренда экскаватора погрузчика,S3_mach,906,5.6658114472407185e-05
2019-01-07,аренда экскаватора погрузчика,S3_mach,1474,7.665999228749509e-05
2019-01-14,аренда экскаватора погрузчика,S3_mach,1957,9.391860391531956e-05
2019-01-21,аренда экскаватора погрузчика,S3_mach,2120,9.94316223005629e-05
2019-01-28,аренда экскаватора погрузчика,S3_mach,2334,0.00011103348672626969
2019-02-04,аренда экскаватора погрузчика,S3_mach,2123,9.958792113143639e-05
2019-02-11,аренда экскаватора погрузчика,S3_mach,1675,7.968925931211777e-05
2019-02-18,аренда экскаватора погрузчика,S3_mach,1625,7.91614852653164e-05
2019-02-25,аренда экскаватора погрузчика,S3_mach,2131,0.00010230625127153684
2019-03-04,аренда экскаватора погрузчика,S3_mach,1670,8.66052345832168e-05
2019-03-11,аренда экскаватора погрузчика,S3_mach,2544,0.00012348588311083178
2019-03-18,аренда экскаватора погрузчика,S3_mach,3168,0.00015742519994174374
2019-03-25,аренда экскаватора погрузчика,S3_mach,3251,0.00016660931474549759
2019-04-01,аренда экскаватора погрузчика,S3_mach,2530,0.00012938853936379145
2019-04-08,аренда экскаватора погрузчика,S3_mach,2662,0.00013565825628454836
2019-04-15,аренда экскаватора погрузчика,S3_mach,2626,0.00013378567291674168
2019-04-22,аренда экскаватора погрузчика,S3_mach,2616,0.00014188453021365743
2019-04-29,аренда экскаватора погрузчика,S3_mach,2160,0.00012784629375343416
2019-05-06,аренда экскаватора погрузчика,S3_mach,2005,0.00012026719236070278
2019-05-13,аренда экскаватора погрузчика,S3_mach,2695,0.00014258977897184288
2019-05-20,аренда экскаватора погрузчика,S3_mach,2459,0.0001314796558999354
2019-05-27,аренда экскаватора погрузчика,S3_mach,2253,0.00012715902112497897
2019-06-03,аренда экскаватора погрузчика,S3_mach,2430,0.00013968092765021832
2019-06-10,аренда экскаватора погрузчика,S3_mach,2189,0.00012897220334276297
2019-06-17,аренда экскаватора погрузчика,S3_mach,2487,0.0001487945756555138
2019-06-24,аренда экскаватора погрузчика,S3_mach,2387,0.00014058290885059216
2019-07-01,аренда экскаватора погрузчика,S3_mach,2355,0.00014074134269357726
2019-07-08,аренда экскаватора погрузчика,S3_mach,2415,0.0001464943453661904
2019-07-15,аренда экскаватора погрузчика,S3_mach,2106,0.00012840535873827542
2019-07-22,аренда экскаватора погрузчика,S3_mach,2398,0.00014651295360950393
2019-07-29,аренда экскаватора погрузчика,S3_mach,2042,0.00012293845997082714
2019-08-05,аренда экскаватора погрузчика,S3_mach,2105,0.00012512288166634415
2019-08-12,аренда экскаватора погрузчика,S3_mach,2436,0.00014792319136624457
2019-08-19,аренда экскаватора погрузчика,S3_mach,2461,0.00015193951069399975
2019-08-26,аренда экскаватора погрузчика,S3_mach,2412,0.00014849282360502206
2019-09-02,аренда экскаватора погрузчика,S3_mach,2370,0.00013880379331346308
2019-09-09,аренда экскаватора погрузчика,S3_mach,2422,0.00013375142445543162
2019-09-16,аренда экскаватора погрузчика,S3_mach,2307,0.00012084613870248987
2019-09-23,аренда экскаватора погрузчика,S3_mach,2384,0.00012354431020926166
2019-09-30,аренда экскаватора погрузчика,S3_mach,2558,0.00013065248663936588
2019-10-07,аренда экскаватора погрузчика,S3_mach,2556,0.0001284242835415725
2019-10-14,аренда экскаватора погрузчика,S3_mach,2562,0.00012740835241954713
2019-10-21,аренда экскаватора погрузчика,S3_mach,2155,0.00010734575702615365
2019-10-28,аренда экскаватора погрузчика,S3_mach,5496,0.0002817021562271865
2019-11-04,аренда экскаватора погрузчика,S3_mach,1849,9.19485930126252e-05
2019-11-11,аренда экскаватора погрузчика,S3_mach,1931,9.365704872879483e-05
2019-11-18,аренда экскаватора погрузчика,S3_mach,1810,8.508251954731637e-05
2019-11-25,аренда экскаватора погрузчика,S3_mach,3079,0.00013962320011688515
2019-12-02,аренда экскаватора погрузчика,S3_mach,2061,9.511475556724097e-05
2019-12-09,аренда экскаватора погрузчика,S3_mach,2772,0.0001280444713489139
2019-12-16,аренда экскаватора погрузчика,S3_mach,3500,0.00016155122423430025
2019-12-23,аренда экскаватора погрузчика,S3_mach,2286,0.00011414824208096995
2019-12-30,аренда экскаватора погрузчика,S3_mach,2374,0.00013560806668526108
2020-01-06,аренда экскаватора погрузчика,S3_mach,3316,0.00016313609266640133
2020-01-13,аренда экскаватора погрузчика,S3_mach,2548,0.00010994414534077857
2020-01-20,аренда экскаватора погрузчика,S3_mach,2282,9.370836728856911e-05
2020-01-27,аренда экскаватора погрузчика,S3_mach,2365,0.0001056565200698623
2020-02-03,аренда экскаватора погрузчика,S3_mach,2495,0.00011226886474230644
2020-02-10,аренда экскаватора погрузчика,S3_mach,2918,0.00012889275528872693
2020-02-17,аренда экскаватора погрузчика,S3_mach,2466,0.00011018060108463955
2020-02-24,аренда экскаватора погрузчика,S3_mach,4314,0.00019465869122423804
2020-03-02,аренда экскаватора погрузчика,S3_mach,5218,0.0002420980881004083
2020-03-09,аренда экскаватора погрузчика,S3_mach,2349,0.00010638250141235226
2020-03-16,аренда экскаватора погрузчика,S3_mach,2392,0.00010674180775858613
2020-03-23,аренда экскаватора погрузчика,S3_mach,2139,9.594427909366718e-05
2020-03-30,аренда экскаватора погрузчика,S3_mach,1933,8.199082494674048e-05
2020-04-06,аренда экскаватора погрузчика,S3_mach,2235,7.944504755775339e-05
2020-04-13,аренда экскаватора погрузчика,S3_mach,2744,9.593086115723764e-05
2020-04-20,аренда экскаватора погрузчика,S3_mach,2837,9.8846146493867e-05
2020-04-27,аренда экскаватора погрузчика,S3_mach,3031,0.00011645236831113982
2020-05-04,аренда экскаватора погрузчика,S3_mach,3197,0.0001382070566020935
2020-05-11,аренда экскаватора погрузчика,S3_mach,3524,0.0001343225309021999
2020-05-18,аренда экскаватора погрузчика,S3_mach,3948,0.0001516261715056922
2020-05-25,аренда экскаватора погрузчика,S3_mach,3811,0.00016605997244706445
2020-06-01,аренда экскаватора погрузчика,S3_mach,3301,0.00014975058882920489
2020-06-08,аренда экскаватора погрузчика,S3_mach,3277,0.00016100724608074902
2020-06-15,аренда экскаватора погрузчика,S3_mach,3469,0.00016847582162105596
2020-06-22,аренда экскаватора погрузчика,S3_mach,3059,0.00015233434265832566
2020-06-29,аренда экскаватора погрузчика,S3_mach,3098,0.0001580778211286274
2020-07-06,аренда экскаватора погрузчика,S3_mach,3334,0.00017568158237394
2020-07-13,аренда экскаватора погрузчика,S3_mach,3327,0.0001762273494383922
2020-07-20,аренда экскаватора погрузчика,S3_mach,3288,0.00017354606634073063
2020-07-27,аренда экскаватора погрузчика,S3_mach,3251,0.00017195836789847717
2020-08-03,аренда экскаватора погрузчика,S3_mach,3477,0.00018478063587452177
2020-08-10,аренда экскаватора погрузчика,S3_mach,3361,0.00017697630205277704
2020-08-17,аренда экскаватора погрузчика,S3_mach,3924,0.00020582640191812453
2020-08-24,аренда экскаватора погрузчика,S3_mach,3870,0.0002015102994915897
2020-08-31,аренда экскаватора погрузчика,S3_mach,4196,0.00020979914443908896
2020-09-07,аренда экскаватора погрузчика,S3_mach,3346,0.00015453055859900294
2020-09-14,аренда экскаватора погрузчика,S3_mach,3119,0.0001380923514361175
2020-09-21,аренда экскаватора погрузчика,S3_mach,4044,0.00017654148309168184
2020-09-28,аренда экскаватора погрузчика,S3_mach,3389,0.00014683363385341495
2020-10-05,аренда экскаватора погрузчика,S3_mach,3118,0.0001318088456951856
2020-10-12,аренда экскаватора погрузчика,S3_mach,2938,0.00011982909897227002
2020-10-19,аренда экскаватора погрузчика,S3_mach,2303,9.161883482215592e-05
2020-10-26,аренда экскаватора погрузчика,S3_mach,2390,9.512575587114673e-05
2020-11-02,аренда экскаватора погрузчика,S3_mach,2624,0.00010472997280530198
2020-11-09,аренда экскаватора погрузчика,S3_mach,2539,9.45534561817046e-05
2020-11-16,аренда экскаватора погрузчика,S3_mach,2319,8.454987641052158e-05
2020-11-23,аренда экскаватора погрузчика,S3_mach,2176,7.832291084431719e-05
2020-11-30,аренда экскаватора погрузчика,S3_mach,1888,7.133342049360462e-05
2020-12-07,аренда экскаватора погрузчика,S3_mach,2200,8.447720927308969e-05
2020-12-14,аренда экскаватора погрузчика,S3_mach,2082,8.043653316069485e-05
2020-12-21,аренда экскаватора погрузчика,S3_mach,1839,7.446419600562366e-05
2020-12-28,аренда экскаватора погрузчика,S3_mach,1197,6.0036655071294774e-05
2021-01-04,аренда экскаватора погрузчика,S3_mach,1212,5.641002921393498e-05
2021-01-11,аренда экскаватора погрузчика,S3_mach,1680,6.781798821661485e-05
2021-01-18,аренда экскаватора погрузчика,S3_mach,1987,7.972226828810088e-05
2021-01-25,аренда экскаватора погрузчика,S3_mach,2059,8.27133531983866e-05
2021-02-01,аренда экскаватора погрузчика,S3_mach,2540,0.00010344342333192306
2021-02-08,аренда экскаватора погрузчика,S3_mach,2464,9.731401113668733e-05
2021-02-15,аренда экскаватора погрузчика,S3_mach,2487,9.703663965430246e-05
2021-02-22,аренда экскаватора погрузчика,S3_mach,2100,8.585886636805101e-05
2021-03-01,аренда экскаватора погрузчика,S3_mach,2092,8.644191278183636e-05
2021-03-08,аренда экскаватора погрузчика,S3_mach,1816,7.356229784333182e-05
2021-03-15,аренда экскаватора погрузчика,S3_mach,2059,8.20306901568492e-05
2021-03-22,аренда экскаватора погрузчика,S3_mach,2326,9.754163956456207e-05
2021-03-29,аренда экскаватора погрузчика,S3_mach,2335,9.467971369556871e-05
2021-04-05,аренда экскаватора погрузчика,S3_mach,2422,9.50386089699033e-05
2021-04-12,аренда экскаватора погрузчика,S3_mach,3094,0.00012385566983505068
2021-04-19,аренда экскаватора погрузчика,S3_mach,3266,0.00012868006796553383
2021-04-26,аренда экскаватора погрузчика,S3_mach,2943,0.0001235133340939231
2021-05-03,аренда экскаватора погрузчика,S3_mach,2472,0.00011282846234452218
2021-05-10,аренда экскаватора погрузчика,S3_mach,2995,0.00012575525308916079
2021-05-17,аренда экскаватора погрузчика,S3_mach,4120,0.0001668627901160508
2021-05-24,аренда экскаватора погрузчика,S3_mach,3901,0.00016452912398412254
2021-05-31,аренда экскаватора погрузчика,S3_mach,4103,0.00017561092077535232
2021-06-07,аренда экскаватора погрузчика,S3_mach,3905,0.0001651814698051577
2021-06-14,аренда экскаватора погрузчика,S3_mach,3657,0.00016125926971263718
2021-06-21,аренда экскаватора погрузчика,S3_mach,4162,0.00018277627651937424
2021-06-28,аренда экскаватора погрузчика,S3_mach,3423,0.0001522563602619166
2021-07-05,аренда экскаватора погрузчика,S3_mach,3805,0.0001744461117264655
2021-07-12,аренда экскаватора погрузчика,S3_mach,3629,0.00016709404925720032
2021-07-19,аренда экскаватора погрузчика,S3_mach,3637,0.00016546432065829775
2021-07-26,аренда экскаватора погрузчика,S3_mach,3505,0.00015781574706884538
2021-08-02,аренда экскаватора погрузчика,S3_mach,3109,0.00013911880028202983
2021-08-09,аренда экскаватора погрузчика,S3_mach,3042,0.00013588415595003076
2021-08-16,аренда экскаватора погрузчика,S3_mach,3225,0.00014251118497709606
2021-08-23,аренда экскаватора погрузчика,S3_mach,3794,0.00016464085732662072
2021-08-30,аренда экскаватора погрузчика,S3_mach,3298,0.00013922826699511615
2021-09-06,аренда экскаватора погрузчика,S3_mach,3373,0.000140634755682746
2021-09-13,аренда экскаватора погрузчика,S3_mach,3440,0.0001365551743024185
2021-09-20,аренда экскаватора погрузчика,S3_mach,3134,0.00012098630388251473
2021-09-27,аренда экскаватора погрузчика,S3_mach,2761,0.00010962840230093776
2021-10-04,аренда экскаватора погрузчика,S3_mach,3160,0.00012520017938729246
2021-10-11,аренда экскаватора погрузчика,S3_mach,3302,0.00012537808145862857
2021-10-18,аренда экскаватора погрузчика,S3_mach,2877,0.00010845269272169591
2021-10-25,аренда экскаватора погрузчика,S3_mach,2880,0.00011187960364854119
2021-11-01,аренда экскаватора погрузчика,S3_mach,2625,0.00010591784630697583
2021-11-08,аренда экскаватора погрузчика,S3_mach,2690,9.824860990708069e-05
2021-11-15,аренда экскаватора погрузчика,S3_mach,2672,9.626880032617945e-05
2021-11-22,аренда экскаватора погрузчика,S3_mach,2178,7.877030147468153e-05
2021-11-29,аренда экскаватора погрузчика,S3_mach,2552,9.328149509586046e-05
2021-12-06,аренда экскаватора погрузчика,S3_mach,2574,9.318421299042145e-05
2021-12-13,аренда экскаватора погрузчика,S3_mach,2922,0.00010490838795317465
2021-12-20,аренда экскаватора погрузчика,S3_mach,2449,8.955480668088014e-05
2021-12-27,аренда экскаватора погрузчика,S3_mach,1215,5.332384656313225e-05
2022-01-03,аренда экскаватора погрузчика,S3_mach,1247,5.2997161883406895e-05
2022-01-10,аренда экскаватора погрузчика,S3_mach,2007,7.293340053497532e-05
2022-01-17,аренда экскаватора погрузчика,S3_mach,2212,7.780306024331508e-05
2022-01-24,аренда экскаватора погрузчика,S3_mach,1963,6.734829432771439e-05
2022-01-31,аренда экскаватора погрузчика,S3_mach,2032,6.850545710729139e-05
2022-02-07,аренда экскаватора погрузчика,S3_mach,2039,6.719227194730927e-05
2022-02-14,аренда экскаватора погрузчика,S3_mach,2451,8.264266153537943e-05
2022-02-21,аренда экскаватора погрузчика,S3_mach,2508,8.819528732786432e-05
2022-02-28,аренда экскаватора погрузчика,S3_mach,2276,7.868167416812828e-05
2022-03-07,аренда экскаватора погрузчика,S3_mach,1886,6.733121891909403e-05
2022-03-14,аренда экскаватора погрузчика,S3_mach,2667,9.10915563911044e-05
2022-03-21,аренда экскаватора погрузчика,S3_mach,3351,0.00011742672105317317
2022-03-28,аренда экскаватора погрузчика,S3_mach,2556,8.940968805538061e-05
2022-04-04,аренда экскаватора погрузчика,S3_mach,2328,8.135765465994569e-05
2022-04-11,аренда экскаватора погрузчика,S3_mach,2301,8.185025514673853e-05
2022-04-18,аренда экскаватора погрузчика,S3_mach,2240,8.049099521454262e-05
2022-04-25,аренда экскаватора погрузчика,S3_mach,2347,8.805333209115731e-05
2022-05-02,аренда экскаватора погрузчика,S3_mach,1967,7.82105952427768e-05
2022-05-09,аренда экскаватора погрузчика,S3_mach,2115,7.79606984328012e-05
2022-05-16,аренда экскаватора погрузчика,S3_mach,2409,8.444458945653692e-05
2022-05-23,аренда экскаватора погрузчика,S3_mach,2367,8.621487057631973e-05
2022-05-30,аренда экскаватора погрузчика,S3_mach,2329,9.112021672511226e-05
2022-06-06,аренда экскаватора погрузчика,S3_mach,2497,0.0001006797246253492
2022-06-13,аренда экскаватора погрузчика,S3_mach,2345,9.481144098124639e-05
2022-06-20,аренда экскаватора погрузчика,S3_mach,2205,8.63238017532841e-05
2022-06-27,аренда экскаватора погрузчика,S3_mach,2430,0.00010128374529624219
2022-07-04,аренда экскаватора погрузчика,S3_mach,2322,9.89331939534774e-05
2022-07-11,аренда экскаватора погрузчика,S3_mach,2520,0.00010571932570094647
2022-07-18,аренда экскаватора погрузчика,S3_mach,2183,9.197489005955523e-05
2022-07-25,аренда экскаватора погрузчика,S3_mach,2276,9.590444516614553e-05
2022-08-01,аренда экскаватора погрузчика,S3_mach,2262,9.550535739645617e-05
2022-08-08,аренда экскаватора погрузчика,S3_mach,2514,0.00010546699340486657
2022-08-15,аренда экскаватора погрузчика,S3_mach,2924,0.00011981437656908608
2022-08-22,аренда экскаватора погрузчика,S3_mach,3015,0.00012288579032796538
2022-08-29,аренда экскаватора погрузчика,S3_mach,2625,0.00010349039500499008
2022-09-05,аренда экскаватора погрузчика,S3_mach,2806,0.00010321778042610391
2022-09-12,аренда экскаватора погрузчика,S3_mach,1852,6.737478519044029e-05
2022-09-19,аренда экскаватора погрузчика,S3_mach,1623,5.812849110342871e-05
2022-09-26,аренда экскаватора погрузчика,S3_mach,1284,4.7019613600490904e-05
2022-10-03,аренда экскаватора погрузчика,S3_mach,1472,5.376270475305594e-05
2022-10-10,аренда экскаватора погрузчика,S3_mach,1453,5.254157652286233e-05
2022-10-17,аренда экскаватора погрузчика,S3_mach,1294,4.437872629563536e-05
2022-10-24,аренда экскаватора погрузчика,S3_mach,1208,4.2600718242043896e-05
2022-10-31,аренда экскаватора погрузчика,S3_mach,1333,4.802137752352573e-05
2022-11-07,аренда экскаватора погрузчика,S3_mach,1461,5.0630392624794847e-05
2022-11-14,аренда экскаватора погрузчика,S3_mach,1244,4.124610907905225e-05
2022-11-21,аренда экскаватора погрузчика,S3_mach,1354,4.512562559068682e-05
2022-11-28,аренда экскаватора погрузчика,S3_mach,979,3.278052674917937e-05
2022-12-05,аренда экскаватора погрузчика,S3_mach,1280,4.294073572636366e-05
2022-12-12,аренда экскаватора погрузчика,S3_mach,1427,4.8352565247085385e-05
2022-12-19,аренда экскаватора погрузчика,S3_mach,1222,4.201744804513065e-05
2022-12-26,аренда экскаватора погрузчика,S3_mach,639,2.6451418375203345e-05
2023-01-02,аренда экскаватора погрузчика,S3_mach,491,2.007593022652728e-05
2023-01-09,аренда экскаватора погрузчика,S3_mach,890,3.1202685083186975e-05
2023-01-16,аренда экскаватора погрузчика,S3_mach,1032,3.5364222889117145e-05
2023-01-23,аренда экскаватора погрузчика,S3_mach,1129,3.871092767204465e-05
2023-01-30,аренда экскаватора погрузчика,S3_mach,1351,4.659725852903726e-05
2023-02-06,аренда экскаватора погрузчика,S3_mach,1708,5.891986948597617e-05
2023-02-13,аренда экскаватора погрузчика,S3_mach,1773,6.137536151468272e-05
2023-02-20,аренда экскаватора погрузчика,S3_mach,1761,6.44720101286619e-05
2023-02-27,аренда экскаватора погрузчика,S3_mach,2277,7.880882026350495e-05
2023-03-06,аренда экскаватора погрузчика,S3_mach,2419,8.784168772899298e-05
2023-03-13,аренда экскаватора погрузчика,S3_mach,2177,7.589501727502896e-05
2023-03-20,аренда экскаватора погрузчика,S3_mach,2089,7.530473263168772e-05
2023-03-27,аренда экскаватора погрузчика,S3_mach,1924,7.007328939114567e-05
2023-04-03,аренда экскаватора погрузчика,S3_mach,1615,5.86148184077412e-05
2023-04-10,аренда экскаватора погрузчика,S3_mach,1893,6.981853792431005e-05
2023-04-17,аренда экскаватора погрузчика,S3_mach,2295,8.489360419786806e-05
2023-04-24,аренда экскаватора погрузчика,S3_mach,2008,7.575481735003663e-05
2023-05-01,аренда экскаватора погрузчика,S3_mach,2260,8.875992760889547e-05
2023-05-08,аренда экскаватора погрузчика,S3_mach,1832,7.267617194405377e-05
2023-05-15,аренда экскаватора погрузчика,S3_mach,2141,8.189452672932488e-05
2023-05-22,аренда экскаватора погрузчика,S3_mach,1973,7.845415429499395e-05
2023-05-29,аренда экскаватора погрузчика,S3_mach,2042,8.314764906484332e-05
2023-06-05,аренда экскаватора погрузчика,S3_mach,1951,8.091615673178198e-05
2023-06-12,аренда экскаватора погрузчика,S3_mach,1760,7.485582782447108e-05
2023-06-19,аренда экскаватора погрузчика,S3_mach,1777,7.400817812025096e-05
2023-06-26,аренда экскаватора погрузчика,S3_mach,1631,6.967243355850807e-05
2023-07-03,аренда экскаватора погрузчика,S3_mach,1743,7.690756280190722e-05
2023-07-10,аренда экскаватора погрузчика,S3_mach,1703,7.389931932434829e-05
2023-07-17,аренда экскаватора погрузчика,S3_mach,1770,7.756715187514501e-05
2023-07-24,аренда экскаватора погрузчика,S3_mach,1879,8.166942819153764e-05
2023-07-31,аренда экскаватора погрузчика,S3_mach,1785,7.93279558146077e-05
2023-08-07,аренда экскаватора погрузчика,S3_mach,2070,9.007462310476874e-05
2023-08-14,аренда экскаватора погрузчика,S3_mach,2145,9.496127816863953e-05
2023-08-21,аренда экскаватора погрузчика,S3_mach,2146,9.553652079366109e-05
2023-08-28,аренда экскаватора погрузчика,S3_mach,2009,8.959850388605524e-05
2023-09-04,аренда экскаватора погрузчика,S3_mach,2016,8.22903066894094e-05
2023-09-11,аренда экскаватора погрузчика,S3_mach,2231,8.801189608394796e-05
2023-09-18,аренда экскаватора погрузчика,S3_mach,2178,8.405933378788901e-05
2023-09-25,аренда экскаватора погрузчика,S3_mach,1982,7.558564977989436e-05
2023-10-02,аренда экскаватора погрузчика,S3_mach,1862,7.032882352484552e-05
2023-10-09,аренда экскаватора погрузчика,S3_mach,1751,6.499586181073104e-05
2023-10-16,аренда экскаватора погрузчика,S3_mach,1564,5.671525598270143e-05
2023-10-23,аренда экскаватора погрузчика,S3_mach,1540,5.6920824088410485e-05
2023-10-30,аренда экскаватора погрузчика,S3_mach,1235,4.833419363892941e-05
2023-11-06,аренда экскаватора погрузчика,S3_mach,1156,4.322681862067067e-05
2023-11-13,аренда экскаватора погрузчика,S3_mach,1257,4.536495000637247e-05
2023-11-20,аренда экскаватора погрузчика,S3_mach,1455,5.1893985395609435e-05
2023-11-27,аренда экскаватора погрузчика,S3_mach,2188,7.72864771015276e-05
2023-12-04,аренда экскаватора погрузчика,S3_mach,2278,7.964114068398995e-05
2023-12-11,аренда экскаватора погрузчика,S3_mach,2536,9.032410909600343e-05
2023-12-18,аренда экскаватора погрузчика,S3_mach,3178,0.00011571735782651545
2023-12-25,аренда экскаватора погрузчика,S3_mach,2493,0.00010413690100836752
2024-01-01,аренда экскаватора погрузчика,S3_mach,2576,0.00010978445583931899
2024-01-08,аренда экскаватора погрузчика,S3_mach,5632,0.00020762019992590298
2024-01-15,аренда экскаватора погрузчика,S3_mach,8857,0.00031170121899607356
2024-01-22,аренда экскаватора погрузчика,S3_mach,6250,0.000218753902854007
2024-01-29,аренда экскаватора погрузчика,S3_mach,3921,0.00014143937536701125
2024-02-05,аренда экскаватора погрузчика,S3_mach,1923,7.092421469568982e-05
2024-02-12,аренда экскаватора погрузчика,S3_mach,2138,7.885263002976552e-05
2024-02-19,аренда экскаватора погрузчика,S3_mach,1552,5.973229722470577e-05
2024-02-26,аренда экскаватора погрузчика,S3_mach,2096,7.284785339093127e-05
2024-03-04,аренда экскаватора погрузчика,S3_mach,2772,0.00010290498470186729
2024-03-11,аренда экскаватора погрузчика,S3_mach,1313,5.0168481100468476e-05
2024-03-18,аренда экскаватора погрузчика,S3_mach,1360,5.234221296345949e-05
2024-03-25,аренда экскаватора погрузчика,S3_mach,1340,5.4061540214386146e-05
2024-04-01,аренда экскаватора погрузчика,S3_mach,1558,6.0453536289321543e-05
2024-04-08,аренда экскаватора погрузчика,S3_mach,1586,6.229432699185568e-05
2024-04-15,аренда экскаватора погрузчика,S3_mach,1788,6.955046825422615e-05
2024-04-22,аренда экскаватора погрузчика,S3_mach,2014,7.899528199305488e-05
2024-04-29,аренда экскаватора погрузчика,S3_mach,1937,8.443432367650563e-05
2024-05-06,аренда экскаватора погрузчика,S3_mach,1888,7.858479123552914e-05
2024-05-13,аренда экскаватора погрузчика,S3_mach,2135,8.543857900431447e-05
2024-05-20,аренда экскаватора погрузчика,S3_mach,2214,9.410381560309899e-05
2024-05-27,аренда экскаватора погрузчика,S3_mach,2208,9.728868670549066e-05
2024-06-03,аренда экскаватора погрузчика,S3_mach,2211,9.833762434293905e-05
2024-06-10,аренда экскаватора погрузчика,S3_mach,2218,0.00010156061600378221
2024-06-17,аренда экскаватора погрузчика,S3_mach,1941,8.743919963567883e-05
2024-06-24,аренда экскаватора погрузчика,S3_mach,1880,8.848663571349865e-05
2024-07-01,аренда экскаватора погрузчика,S3_mach,1961,9.305507382260918e-05
2024-07-08,аренда экскаватора погрузчика,S3_mach,1781,8.633058179575583e-05
2024-07-15,аренда экскаватора погрузчика,S3_mach,1754,8.466716311938381e-05
2024-07-22,аренда экскаватора погрузчика,S3_mach,2072,9.827324764289682e-05
2024-07-29,аренда экскаватора погрузчика,S3_mach,1864,8.767533349881269e-05
2024-08-05,аренда экскаватора погрузчика,S3_mach,2053,9.556027204172718e-05
2024-08-12,аренда экскаватора погрузчика,S3_mach,2125,0.00010203703157336525
2024-08-19,аренда экскаватора погрузчика,S3_mach,2367,0.00011249627650157054
2024-08-26,аренда экскаватора погрузчика,S3_mach,2202,0.00010380619123120261
2024-09-02,аренда экскаватора погрузчика,S3_mach,1783,8.30942989663251e-05
2024-09-09,аренда экскаватора погрузчика,S3_mach,1834,7.956909939925265e-05
2024-09-16,аренда экскаватора погрузчика,S3_mach,1931,8.091502260955763e-05
2024-09-23,аренда экскаватора погрузчика,S3_mach,2075,8.500884754468954e-05
2024-09-30,аренда экскаватора погрузчика,S3_mach,1928,7.717940517339253e-05
2024-10-07,аренда экскаватора погрузчика,S3_mach,1788,6.894683479260299e-05
2024-10-14,аренда экскаватора погрузчика,S3_mach,1559,6.385435287234917e-05
2024-10-21,аренда экскаватора погрузчика,S3_mach,1668,6.451405274975357e-05
2024-10-28,аренда экскаватора погрузчика,S3_mach,1524,6.058992844725432e-05
2024-11-04,аренда экскаватора погрузчика,S3_mach,1381,5.192724872130325e-05
2024-11-11,аренда экскаватора погрузчика,S3_mach,1958,7.127322473746585e-05
2024-11-18,аренда экскаватора погрузчика,S3_mach,1479,5.5483348069164125e-05
2024-11-25,аренда экскаватора погрузчика,S3_mach,2115,7.342573309285608e-05
2024-12-02,аренда экскаватора погрузчика,S3_mach,1647,5.977905845104689e-05
2024-12-09,аренда экскаватора погрузчика,S3_mach,2038,7.354593078235622e-05
2024-12-16,аренда экскаватора погрузчика,S3_mach,3190,0.00011166547664523172
2024-12-23,аренда экскаватора погрузчика,S3_mach,3061,0.00011453213454290472
2024-12-30,аренда экскаватора погрузчика,S3_mach,1896,8.768311800634873e-05
2025-01-06,аренда экскаватора погрузчика,S3_mach,1494,5.9884214496567905e-05
2025-01-13,аренда экскаватора погрузчика,S3_mach,2027,7.266093754399827e-05
2025-01-20,аренда экскаватора погрузчика,S3_mach,1758,6.142432240780728e-05
2025-01-27,аренда экскаватора погрузчика,S3_mach,1846,6.394222551270593e-05
2025-02-03,аренда экскаватора погрузчика,S3_mach,2177,7.500125968181382e-05
2025-02-10,аренда экскаватора погрузчика,S3_mach,2558,8.917723639802971e-05
2025-02-17,аренда экскаватора погрузчика,S3_mach,1954,6.945245131172211e-05
2025-02-24,аренда экскаватора погрузчика,S3_mach,1984,7.10419235854357e-05
2025-03-03,аренда экскаватора погрузчика,S3_mach,1893,6.995212136476216e-05
2025-03-10,аренда экскаватора погрузчика,S3_mach,1978,7.085239124750052e-05
2025-03-17,аренда экскаватора погрузчика,S3_mach,2003,7.277707781444808e-05
2025-03-24,аренда экскаватора погрузчика,S3_mach,2084,7.961299937633491e-05
2025-03-31,аренда экскаватора погрузчика,S3_mach,1914,7.085418896832188e-05
2025-04-07,аренда экскаватора погрузчика,S3_mach,1857,6.86576770139651e-05
2025-04-14,аренда экскаватора погрузчика,S3_mach,2022,7.77029631718344e-05
2025-04-21,аренда экскаватора погрузчика,S3_mach,2190,8.298918381958928e-05
2025-04-28,аренда экскаватора погрузчика,S3_mach,1901,7.832351890406008e-05
2025-05-05,аренда экскаватора погрузчика,S3_mach,1843,7.763935432627472e-05
2025-05-12,аренда экскаватора погрузчика,S3_mach,2931,0.00011362970752627825
2025-05-19,аренда экскаватора погрузчика,S3_mach,1993,8.258060729955952e-05
2025-05-26,аренда экскаватора погрузчика,S3_mach,1943,8.339785195899818e-05
2025-06-02,аренда экскаватора погрузчика,S3_mach,2109,9.146080369522464e-05
2025-06-09,аренда экскаватора погрузчика,S3_mach,1596,6.717906409017956e-05
2025-06-16,аренда экскаватора погрузчика,S3_mach,1666,6.630416856405138e-05
2025-06-23,аренда экскаватора погрузчика,S3_mach,2283,9.188928066811897e-05
2025-06-30,аренда экскаватора погрузчика,S3_mach,2245,9.28021504582242e-05
2025-07-07,аренда экскаватора погрузчика,S3_mach,2188,9.208509001196972e-05
2025-07-14,аренда экскаватора погрузчика,S3_mach,1817,7.658175849992612e-05
2025-07-21,аренда экскаватора погрузчика,S3_mach,1901,7.997519791156378e-05
2025-07-28,аренда экскаватора погрузчика,S3_mach,2137,9.016203947893537e-05
2025-08-04,аренда экскаватора погрузчика,S3_mach,2226,9.337965410519952e-05
2025-08-11,аренда экскаватора погрузчика,S3_mach,2205,9.334713239046545e-05
2025-08-18,аренда экскаватора погрузчика,S3_mach,1829,7.78046740042098e-05
2025-08-25,аренда экскаватора погрузчика,S3_mach,1549,6.58884947607481e-05
2025-09-01,аренда экскаватора погрузчика,S3_mach,1441,5.9400365862723676e-05
2025-09-08,аренда экскаватора погрузчика,S3_mach,1634,6.430870612121443e-05
2025-09-15,аренда экскаватора погрузчика,S3_mach,1484,5.800468007008822e-05
2025-09-22,аренда экскаватора погрузчика,S3_mach,1332,5.1116140656225914e-05
2025-09-29,аренда экскаватора погрузчика,S3_mach,1334,5.1493974016509744e-05
2025-10-06,аренда экскаватора погрузчика,S3_mach,1390,5.297082727111749e-05
2025-10-13,аренда экскаватора погрузчика,S3_mach,1268,4.624180730061766e-05
2025-10-20,аренда экскаватора погрузчика,S3_mach,1037,3.8267663495583824e-05
2025-10-27,аренда экскаватора погрузчика,S3_mach,1033,3.959795297519603e-05
2025-11-03,аренда экскаватора погрузчика,S3_mach,818,3.125865306772696e-05
2025-11-10,аренда экскаватора погрузчика,S3_mach,957,3.517629119913939e-05
2025-11-17,аренда экскаватора погрузчика,S3_mach,1130,4.086125250731697e-05
2025-11-24,аренда экскаватора погрузчика,S3_mach,1166,4.163224445926081e-05
2025-12-01,аренда экскаватора погрузчика,S3_mach,1202,4.305376794165935e-05
2025-12-08,аренда экскаватора погрузчика,S3_mach,1025,3.759119309420663e-05
2025-12-15,аренда экскаватора погрузчика,S3_mach,951,3.6503031744715695e-05
2025-12-22,аренда экскаватора погрузчика,S3_mach,793,3.3178922907722026e-05
2025-12-29,аренда экскаватора погрузчика,S3_mach,414,2.0557898368909974e-05
2026-01-05,аренда экскаватора погрузчика,S3_mach,565,2.6555676360330172e-05
2026-01-12,аренда экскаватора погрузчика,S3_mach,1031,4.243713270548451e-05
2026-01-19,аренда экскаватора погрузчика,S3_mach,1029,4.098631423073843e-05
2026-01-26,аренда экскаватора погрузчика,S3_mach,885,3.583589171804445e-05
2026-02-02,аренда экскаватора погрузчика,S3_mach,727,2.9605520886728175e-05
2026-02-09,аренда экскаватора погрузчика,S3_mach,822,3.4278661631591656e-05
2026-02-16,аренда экскаватора погрузчика,S3_mach,830,3.613363004888835e-05
2026-02-23,аренда экскаватора погрузчика,S3_mach,669,2.9662639314260116e-05
2026-03-02,аренда экскаватора погрузчика,S3_mach,673,3.062848640124057e-05
2026-03-09,аренда экскаватора погрузчика,S3_mach,763,3.082346149093299e-05
2026-03-16,аренда экскаватора погрузчика,S3_mach,750,2.859042171681713e-05
2026-03-23,аренда экскаватора погрузчика,S3_mach,821,3.15668907669451e-05
2026-03-30,аренда экскаватора погрузчика,S3_mach,877,3.438153574568845e-05
2026-04-06,аренда экскаватора погрузчика,S3_mach,1005,3.7990645989262523e-05
2026-04-13,аренда экскаватора погрузчика,S3_mach,1100,4.145127121219204e-05
2026-04-20,аренда экскаватора погрузчика,S3_mach,939,3.5477001717592776e-05
2026-04-27,аренда экскаватора погрузчика,S3_mach,894,3.603117914317736e-05
2026-05-04,аренда экскаватора погрузчика,S3_mach,1069,4.616742515067544e-05
2026-05-11,аренда экскаватора погрузчика,S3_mach,1100,4.5553381081934606e-05
2026-05-18,аренда экскаватора погрузчика,S3_mach,1299,5.360876937416334e-05
2026-05-25,аренда экскаватора погрузчика,S3_mach,1469,6.055757519603438e-05
2026-06-01,аренда экскаватора погрузчика,S3_mach,1608,6.68654600635274e-05
2026-06-08,аренда экскаватора погрузчика,S3_mach,1450,6.0558099527765314e-05
2026-06-15,аренда экскаватора погрузчика,S3_mach,1374,5.638419065739395e-05
2026-06-22,аренда экскаватора погрузчика,S3_mach,1314,5.37761218939377e-05
2026-06-29,аренда экскаватора погрузчика,S3_mach,1354,5.72295679206888e-05
2026-07-06,аренда экскаватора погрузчика,S3_mach,1726,7.124942815161493e-05
2026-07-13,аренда экскаватора погрузчика,S3_mach,1561,6.065720801013411e-05
2026-07-20,аренда экскаватора погрузчика,S3_mach,1522,5.7014392382439644e-05
2026-07-27,аренда экскаватора погрузчика,S3_mach,1367,5.28971348451103e-05
2026-08-03,аренда экскаватора погрузчика,S3_mach,1035,4.08048846526811e-05
2026-08-10,аренда экскаватора погрузчика,S3_mach,1081,4.1957397339032206e-05
2026-08-17,аренда экскаватора погрузчика,S3_mach,1007,3.9389421287094225e-05
2018-01-01,строительная компания,S4_b2b,74341,0.005058342346069278
2018-01-08,строительная компания,S4_b2b,142678,0.008249962610255627
2018-01-15,строительная компания,S4_b2b,162271,0.008791359429523592
2018-01-22,строительная компания,S4_b2b,170473,0.008991581713177843
2018-01-29,строительная компания,S4_b2b,166949,0.008836701868005116
2018-02-05,строительная компания,S4_b2b,167901,0.008703795214734456
2018-02-12,строительная компания,S4_b2b,152692,0.008099951929969216
2018-02-19,строительная компания,S4_b2b,147145,0.007515547823077481
2018-02-26,строительная компания,S4_b2b,167696,0.00828443711375086
2018-03-05,строительная компания,S4_b2b,132734,0.007192432772630149
2018-03-12,строительная компания,S4_b2b,175542,0.008865769034092403
2018-03-19,строительная компания,S4_b2b,168787,0.008963826229037552
2018-03-26,строительная компания,S4_b2b,163167,0.00885836953310863
2018-04-02,строительная компания,S4_b2b,157837,0.008901621221434312
2018-04-09,строительная компания,S4_b2b,152081,0.008603055839647118
2018-04-16,строительная компания,S4_b2b,154615,0.008655595046475088
2018-04-23,строительная компания,S4_b2b,161042,0.008945965225696288
2018-04-30,строительная компания,S4_b2b,112320,0.007107988789218317
2018-05-07,строительная компания,S4_b2b,130375,0.00777211155722962
2018-05-14,строительная компания,S4_b2b,151073,0.008619432847149654
2018-05-21,строительная компания,S4_b2b,140492,0.008387622029655706
2018-05-28,строительная компания,S4_b2b,143814,0.008560061250073265
2018-06-04,строительная компания,S4_b2b,150459,0.008914989796117254
2018-06-11,строительная компания,S4_b2b,114633,0.007303342136413387
2018-06-18,строительная компания,S4_b2b,130399,0.007975527103126922
2018-06-25,строительная компания,S4_b2b,124146,0.007747274570293368
2018-07-02,строительная компания,S4_b2b,127826,0.007996692585063015
2018-07-09,строительная компания,S4_b2b,125595,0.008191968142682676
2018-07-16,строительная компания,S4_b2b,127994,0.008169877026505973
2018-07-23,строительная компания,S4_b2b,137035,0.008650889116995323
2018-07-30,строительная компания,S4_b2b,134629,0.008479661290624982
2018-08-06,строительная компания,S4_b2b,135690,0.008525473102057595
2018-08-13,строительная компания,S4_b2b,138068,0.00859248542925929
2018-08-20,строительная компания,S4_b2b,134443,0.00860298957826421
2018-08-27,строительная компания,S4_b2b,127489,0.007908680748919022
2018-09-03,строительная компания,S4_b2b,138222,0.007911738571856043
2018-09-10,строительная компания,S4_b2b,139347,0.007696301409076709
2018-09-17,строительная компания,S4_b2b,146172,0.007590235104276549
2018-09-24,строительная компания,S4_b2b,155222,0.007617627811465143
2018-10-01,строительная компания,S4_b2b,156746,0.00761564367134285
2018-10-08,строительная компания,S4_b2b,155420,0.007460137753272409
2018-10-15,строительная компания,S4_b2b,153434,0.0073566320425031625
2018-10-22,строительная компания,S4_b2b,158059,0.007616006773626572
2018-10-29,строительная компания,S4_b2b,149715,0.007390037522574314
2018-11-05,строительная компания,S4_b2b,134191,0.006934825866107005
2018-11-12,строительная компания,S4_b2b,144202,0.0071877689603285925
2018-11-19,строительная компания,S4_b2b,135055,0.006773420892195781
2018-11-26,строительная компания,S4_b2b,132001,0.006685221882770554
2018-12-03,строительная компания,S4_b2b,136979,0.006670817496034428
2018-12-10,строительная компания,S4_b2b,124454,0.006225403926377873
2018-12-17,строительная компания,S4_b2b,114213,0.0057728065178327065
2018-12-24,строительная компания,S4_b2b,93663,0.005186581575482604
2018-12-31,строительная компания,S4_b2b,60349,0.0037740182674341075
2019-01-07,строительная компания,S4_b2b,120404,0.006261987592526159
2019-01-14,строительная компания,S4_b2b,153244,0.007354349789677685
2019-01-21,строительная компания,S4_b2b,155148,0.007276706290890439
2019-01-28,строительная компания,S4_b2b,152071,0.007234350197065363
2019-02-04,строительная компания,S4_b2b,156661,0.0073488192710183505
2019-02-11,строительная компания,S4_b2b,149798,0.0071267412933949965
2019-02-18,строительная компания,S4_b2b,144396,0.007034216508535771
2019-02-25,строительная компания,S4_b2b,151477,0.007272193347657713
2019-03-04,строительная компания,S4_b2b,121721,0.006312380693834569
2019-03-11,строительная компания,S4_b2b,156043,0.007574334771330002
2019-03-18,строительная компания,S4_b2b,153311,0.007618375892761577
2019-03-25,строительная компания,S4_b2b,150727,0.007724553117085394
2019-04-01,строительная компания,S4_b2b,148817,0.0076107566254946055
2019-04-08,строительная компания,S4_b2b,145655,0.007422728519581477
2019-04-15,строительная компания,S4_b2b,139599,0.007112089167366422
2019-04-22,строительная компания,S4_b2b,126831,0.006878959041104122
2019-04-29,строительная компания,S4_b2b,93655,0.00554326140809161
2019-05-06,строительная компания,S4_b2b,96173,0.005768806329628863
2019-05-13,строительная компания,S4_b2b,135594,0.007174144152099467
2019-05-20,строительная компания,S4_b2b,133438,0.007134763043503693
2019-05-27,строительная компания,S4_b2b,129031,0.007282492523203356
2019-06-03,строительная компания,S4_b2b,122885,0.007063658763085217
2019-06-10,строительная компания,S4_b2b,113383,0.006680335921248283
2019-06-17,строительная компания,S4_b2b,119869,0.007171635299256446
2019-06-24,строительная компания,S4_b2b,120147,0.007076084939116922
2019-07-01,строительная компания,S4_b2b,117820,0.0070412505291538325
2019-07-08,строительная компания,S4_b2b,116647,0.007075828531648037
2019-07-15,строительная компания,S4_b2b,113423,0.006915537039017766
2019-07-22,строительная компания,S4_b2b,113928,0.006960770549968125
2019-07-29,строительная компания,S4_b2b,116773,0.007030309885491379
2019-08-05,строительная компания,S4_b2b,120665,0.00717242399822775
2019-08-12,строительная компания,S4_b2b,117362,0.007126667317374875
2019-08-19,строительная компания,S4_b2b,114596,0.007075034606862899
2019-08-26,строительная компания,S4_b2b,111149,0.006842798031042536
2019-09-02,строительная компания,S4_b2b,113097,0.006623752157119297
2019-09-09,строительная компания,S4_b2b,113714,0.006279690124081318
2019-09-16,строительная компания,S4_b2b,117150,0.006136595209794837
2019-09-23,строительная компания,S4_b2b,115102,0.0059648478161520285
2019-09-30,строительная компания,S4_b2b,115206,0.005884265197722747
2019-10-07,строительная компания,S4_b2b,118179,0.005937814321071791
2019-10-14,строительная компания,S4_b2b,128153,0.006373053312889236
2019-10-21,строительная компания,S4_b2b,118322,0.005893904715939003
2019-10-28,строительная компания,S4_b2b,108753,0.0055742275466112105
2019-11-04,строительная компания,S4_b2b,108353,0.0053882671166560194
2019-11-11,строительная компания,S4_b2b,117723,0.005709781847488304
2019-11-18,строительная компания,S4_b2b,115997,0.005452661336977931
2019-11-25,строительная компания,S4_b2b,118391,0.0053686684914057
2019-12-02,строительная компания,S4_b2b,116160,0.005360761769379287
2019-12-09,строительная компания,S4_b2b,112830,0.005211853427957415
2019-12-16,строительная компания,S4_b2b,107268,0.004951221920332835
2019-12-23,строительная компания,S4_b2b,85551,0.004271870629164069
2019-12-30,строительная компания,S4_b2b,53548,0.003058778750995097
2020-01-06,строительная компания,S4_b2b,97055,0.004774780902815917
2020-01-13,строительная компания,S4_b2b,150717,0.006503317014649185
2020-01-20,строительная компания,S4_b2b,157728,0.00647696466068862
2020-01-27,строительная компания,S4_b2b,137769,0.006154838525794867
2020-02-03,строительная компания,S4_b2b,140470,0.006320804581303322
2020-02-10,строительная компания,S4_b2b,150579,0.0066513167233109025
2020-02-17,строительная компания,S4_b2b,137496,0.0061433057286024335
2020-02-24,строительная компания,S4_b2b,128103,0.005780334335164247
2020-03-02,строительная компания,S4_b2b,126849,0.005885377611622976
2020-03-09,строительная компания,S4_b2b,127860,0.005790577535369671
2020-03-16,строительная компания,S4_b2b,126723,0.005654950712621785
2020-03-23,строительная компания,S4_b2b,119419,0.005356507650811893
2020-03-30,строительная компания,S4_b2b,89680,0.0038038992142905774
2020-04-06,строительная компания,S4_b2b,109899,0.003906456949239167
2020-04-13,строительная компания,S4_b2b,111712,0.003905476808162293
2020-04-20,строительная компания,S4_b2b,127269,0.004434279245022192
2020-04-27,строительная компания,S4_b2b,126309,0.004852847967341392
2020-05-04,строительная компания,S4_b2b,118241,0.0051115860430679195
2020-05-11,строительная компания,S4_b2b,136570,0.005205569819895983
2020-05-18,строительная компания,S4_b2b,146600,0.005630292994613596
2020-05-25,строительная компания,S4_b2b,141433,0.006162781444005685
2020-06-01,строительная компания,S4_b2b,139853,0.006344462011369521
2020-06-08,строительная компания,S4_b2b,117524,0.005774249492949024
2020-06-15,строительная компания,S4_b2b,129794,0.006303589158686461
2020-06-22,строительная компания,S4_b2b,123583,0.006154277564152945
2020-06-29,строительная компания,S4_b2b,121245,0.006186618922769667
2020-07-06,строительная компания,S4_b2b,121355,0.00639467259417801
2020-07-13,строительная компания,S4_b2b,122874,0.00650849393895191
2020-07-20,строительная компания,S4_b2b,124379,0.006564928888501744
2020-07-27,строительная компания,S4_b2b,123628,0.006539178439419543
2020-08-03,строительная компания,S4_b2b,124101,0.00659518599156285
2020-08-10,строительная компания,S4_b2b,122202,0.006434649825484516
2020-08-17,строительная компания,S4_b2b,119709,0.006279121495213244
2020-08-24,строительная компания,S4_b2b,120307,0.006264366821946945
2020-08-31,строительная компания,S4_b2b,116864,0.005843176171527573
2020-09-07,строительная компания,S4_b2b,124812,0.005764276174494547
2020-09-14,строительная компания,S4_b2b,124287,0.00550275219074727
2020-09-21,строительная компания,S4_b2b,125628,0.005484310939130021
2020-09-28,строительная компания,S4_b2b,126511,0.005481283520929295
2020-10-05,строительная компания,S4_b2b,130142,0.0055015608712196415
2020-10-12,строительная компания,S4_b2b,130753,0.005332884335575637
2020-10-19,строительная компания,S4_b2b,126989,0.0050519254082634635
2020-10-26,строительная компания,S4_b2b,156403,0.006225085186407934
2020-11-02,строительная компания,S4_b2b,126273,0.005039850554894779
2020-11-09,строительная компания,S4_b2b,131564,0.004899500161122404
2020-11-16,строительная компания,S4_b2b,132795,0.004841656247492546
2020-11-23,строительная компания,S4_b2b,132136,0.00475610117064554
2020-11-30,строительная компания,S4_b2b,129960,0.004910217864061894
2020-12-07,строительная компания,S4_b2b,125819,0.004831289997059487
2020-12-14,строительная компания,S4_b2b,116960,0.004518663265357766
2020-12-21,строительная компания,S4_b2b,106688,0.004319976151956486
2020-12-28,строительная компания,S4_b2b,66077,0.003314153765368375
2021-01-04,строительная компания,S4_b2b,89137,0.004148697008285909
2021-01-11,строительная компания,S4_b2b,140681,0.005678989523989045
2021-01-18,строительная компания,S4_b2b,142428,0.005714485771382804
2021-01-25,строительная компания,S4_b2b,151080,0.006069127441093855
2021-02-01,строительная компания,S4_b2b,148047,0.00602932617874851
2021-02-08,строительная компания,S4_b2b,145906,0.005762458648096388
2021-02-15,строительная компания,S4_b2b,147096,0.005739325109203569
2021-02-22,строительная компания,S4_b2b,125635,0.005136608893404803
2021-03-01,строительная компания,S4_b2b,136618,0.005645086635004264
2021-03-08,строительная компания,S4_b2b,134948,0.005466456480926181
2021-03-15,строительная компания,S4_b2b,153453,0.006113577220320049
2021-03-22,строительная компания,S4_b2b,150706,0.006319909859078628
2021-03-29,строительная компания,S4_b2b,150539,0.006104063991442063
2021-04-05,строительная компания,S4_b2b,147697,0.00579558935963163
2021-04-12,строительная компания,S4_b2b,141519,0.0056651359209394115
2021-04-19,строительная компания,S4_b2b,147246,0.005801477430389772
2021-04-26,строительная компания,S4_b2b,127608,0.005355518021426211
2021-05-03,строительная компания,S4_b2b,105289,0.004805661800886892
2021-05-10,строительная компания,S4_b2b,124538,0.0052291511549976315
2021-05-17,строительная компания,S4_b2b,136255,0.005518419773607403
2021-05-24,строительная компания,S4_b2b,136018,0.005736714274819888
2021-05-31,строительная компания,S4_b2b,138402,0.005923690630550892
2021-06-07,строительная компания,S4_b2b,138086,0.005841036732270167
2021-06-14,строительная компания,S4_b2b,116725,0.005147111910639206
2021-06-21,строительная компания,S4_b2b,118307,0.005195510078370401
2021-06-28,строительная компания,S4_b2b,116712,0.005191394776187207
2021-07-05,строительная компания,S4_b2b,112304,0.0051487506258420445
2021-07-12,строительная компания,S4_b2b,111836,0.005149388286781002
2021-07-19,строительная компания,S4_b2b,116338,0.00529276550364175
2021-07-26,строительная компания,S4_b2b,117110,0.005272982065401563
2021-08-02,строительная компания,S4_b2b,116607,0.0052178275794424744
2021-08-09,строительная компания,S4_b2b,117941,0.005268347546647791
2021-08-16,строительная компания,S4_b2b,120873,0.005341319212941561
2021-08-23,строительная компания,S4_b2b,122879,0.00533234156759036
2021-08-30,строительная компания,S4_b2b,123318,0.005205988911250374
2021-09-06,строительная компания,S4_b2b,121784,0.005077694362901732
2021-09-13,строительная компания,S4_b2b,121574,0.004826034523442508
2021-09-20,строительная компания,S4_b2b,125153,0.004831461036952255
2021-09-27,строительная компания,S4_b2b,119332,0.00473820228300453
2021-10-04,строительная компания,S4_b2b,114565,0.004539100807438343
2021-10-11,строительная компания,S4_b2b,116575,0.0044263930484674825
2021-10-18,строительная компания,S4_b2b,115113,0.004339351691787481
2021-10-25,строительная компания,S4_b2b,118164,0.0045903269046966046
2021-11-01,строительная компания,S4_b2b,105864,0.0042715759548349296
2021-11-08,строительная компания,S4_b2b,128573,0.004695954840737206
2021-11-15,строительная компания,S4_b2b,125022,0.004504385461968416
2021-11-22,строительная компания,S4_b2b,120942,0.004374030211639547
2021-11-29,строительная компания,S4_b2b,119575,0.0043707424671189325
2021-12-06,строительная компания,S4_b2b,117386,0.004249620056757425
2021-12-13,строительная компания,S4_b2b,113910,0.004089703789098605
2021-12-20,строительная компания,S4_b2b,104374,0.003816738829118083
2021-12-27,строительная компания,S4_b2b,69915,0.0030684252942069063
2022-01-03,строительная компания,S4_b2b,76451,0.0032491467707685172
2022-01-10,строительная компания,S4_b2b,131403,0.004775120892126239
2022-01-17,строительная компания,S4_b2b,142229,0.005002645323393519
2022-01-24,строительная компания,S4_b2b,144634,0.00496222781548377
2022-01-31,строительная компания,S4_b2b,144586,0.004874473435686433
2022-02-07,строительная компания,S4_b2b,149942,0.004941119980541171
2022-02-14,строительная компания,S4_b2b,141934,0.004785721551351508
2022-02-21,строительная компания,S4_b2b,112624,0.003960488851679981
2022-02-28,строительная компания,S4_b2b,115093,0.0039787829196100116
2022-03-07,строительная компания,S4_b2b,98914,0.0035312832386867805
2022-03-14,строительная компания,S4_b2b,123138,0.004205786303295019
2022-03-21,строительная компания,S4_b2b,122859,0.004305260973402507
2022-03-28,строительная компания,S4_b2b,124054,0.004339448138506333
2022-04-04,строительная компания,S4_b2b,124740,0.004359344433969771
2022-04-11,строительная компания,S4_b2b,124441,0.004426565667412121
2022-04-18,строительная компания,S4_b2b,117985,0.004239611638565987
2022-04-25,строительная компания,S4_b2b,112169,0.00420828896776013
2022-05-02,строительная компания,S4_b2b,89009,0.003539118897795791
2022-05-09,строительная компания,S4_b2b,100659,0.003710376332646494
2022-05-16,строительная компания,S4_b2b,124128,0.0043511573267169005
2022-05-23,строительная компания,S4_b2b,121533,0.0044266801291727356
2022-05-30,строительная компания,S4_b2b,117071,0.004580306952436933
2022-06-06,строительная компания,S4_b2b,114292,0.0046082847764839455
2022-06-13,строительная компания,S4_b2b,107548,0.004348307400704088
2022-06-20,строительная компания,S4_b2b,114283,0.0044740784742723656
2022-06-27,строительная компания,S4_b2b,108806,0.004535094317161699
2022-07-04,строительная компания,S4_b2b,107475,0.0045791752886089505
2022-07-11,строительная компания,S4_b2b,111118,0.004661634933824512
2022-07-18,строительная компания,S4_b2b,114383,0.004819223018635872
2022-07-25,строительная компания,S4_b2b,112230,0.00472906673154504
2022-08-01,строительная компания,S4_b2b,108000,0.004559937488424963
2022-08-08,строительная компания,S4_b2b,110440,0.00463316418123845
2022-08-15,строительная компания,S4_b2b,109885,0.004502668525750351
2022-08-22,строительная компания,S4_b2b,110360,0.004498068265537067
2022-08-29,строительная компания,S4_b2b,107458,0.004236522234836657
2022-09-05,строительная компания,S4_b2b,109506,0.004028141932765836
2022-09-12,строительная компания,S4_b2b,106082,0.0038592073232031785
2022-09-19,строительная компания,S4_b2b,92546,0.003314577533985159
2022-09-26,строительная компания,S4_b2b,83796,0.0030685790819834392
2022-10-03,строительная компания,S4_b2b,91322,0.003335406062132184
2022-10-10,строительная компания,S4_b2b,92972,0.0033619376823699637
2022-10-17,строительная компания,S4_b2b,102731,0.0035232387411722695
2022-10-24,строительная компания,S4_b2b,104035,0.003668845796615097
2022-10-31,строительная компания,S4_b2b,100129,0.0036071511703324143
2022-11-07,строительная компания,S4_b2b,104281,0.003613817914651766
2022-11-14,строительная компания,S4_b2b,108459,0.003596070534248334
2022-11-21,строительная компания,S4_b2b,105646,0.003520931935859453
2022-11-28,строительная компания,S4_b2b,103420,0.0034628826112360887
2022-12-05,строительная компания,S4_b2b,102332,0.00343297763152363
2022-12-12,строительная компания,S4_b2b,95520,0.0032366061894895555
2022-12-19,строительная компания,S4_b2b,88249,0.0030343680626307157
2022-12-26,строительная компания,S4_b2b,60958,0.0025233576859399775
2023-01-02,строительная компания,S4_b2b,58209,0.0023800403718043307
2023-01-09,строительная компания,S4_b2b,105456,0.003697202649587153
2023-01-16,строительная компания,S4_b2b,118080,0.004046325037545496
2023-01-23,строительная компания,S4_b2b,123549,0.004236223563289145
2023-01-30,строительная компания,S4_b2b,123577,0.004262286763318162
2023-02-06,строительная компания,S4_b2b,121765,0.004200455449625227
2023-02-13,строительная компания,S4_b2b,121911,0.0042201532417464665
2023-02-20,строительная компания,S4_b2b,93499,0.0034230939665075284
2023-02-27,строительная компания,S4_b2b,116209,0.004022087920070991
2023-03-06,строительная компания,S4_b2b,99769,0.0036229339987738324
2023-03-13,строительная компания,S4_b2b,119625,0.004170391107728681
2023-03-20,строительная компания,S4_b2b,118896,0.004285989224977091
2023-03-27,строительная компания,S4_b2b,120400,0.004385043681233856
2023-04-03,строительная компания,S4_b2b,115821,0.004203607976967798
2023-04-10,строительная компания,S4_b2b,109052,0.00402210839816263
2023-04-17,строительная компания,S4_b2b,109148,0.004037458436160742
2023-04-24,строительная компания,S4_b2b,104845,0.003955435171844916
2023-05-01,строительная компания,S4_b2b,92288,0.003624546990783073
2023-05-08,строительная компания,S4_b2b,86623,0.0034363690187280403
2023-05-15,строительная компания,S4_b2b,108173,0.004137681756137908
2023-05-22,строительная компания,S4_b2b,100937,0.004013647730397266
2023-05-29,строительная компания,S4_b2b,99924,0.004068778494199512
2023-06-05,строительная компания,S4_b2b,103257,0.0042825010741433175
2023-06-12,строительная компания,S4_b2b,91453,0.0038896534216087244
2023-06-19,строительная компания,S4_b2b,97208,0.004048501394886525
2023-06-26,строительная компания,S4_b2b,96365,0.00411648317588328
2023-07-03,строительная компания,S4_b2b,95997,0.004235740278998673
2023-07-10,строительная компания,S4_b2b,99325,0.004310070400405692
2023-07-17,строительная компания,S4_b2b,98141,0.004300857543603732
2023-07-24,строительная компания,S4_b2b,98432,0.004278278422431843
2023-07-31,строительная компания,S4_b2b,94736,0.004210203485743796
2023-08-07,строительная компания,S4_b2b,101277,0.004406998842599838
2023-08-14,строительная компания,S4_b2b,98652,0.0043674219178986605
2023-08-21,строительная компания,S4_b2b,94783,0.004219589026274734
2023-08-28,строительная компания,S4_b2b,89911,0.004009900987008021
2023-09-04,строительная компания,S4_b2b,97372,0.003974589158214867
2023-09-11,строительная компания,S4_b2b,98377,0.0038809261770733072
2023-09-18,строительная компания,S4_b2b,99469,0.003838979739461677
2023-09-25,строительная компания,S4_b2b,100934,0.0038492240034731875
2023-10-02,строительная компания,S4_b2b,99955,0.0037753585152663447
2023-10-09,строительная компания,S4_b2b,98944,0.00367273018332437
2023-10-16,строительная компания,S4_b2b,101711,0.0036883410493967683
2023-10-23,строительная компания,S4_b2b,97975,0.003621310220819491
2023-10-30,строительная компания,S4_b2b,95225,0.003726820720054294
2023-11-06,строительная компания,S4_b2b,95787,0.0035818056013998114
2023-11-13,строительная компания,S4_b2b,101322,0.003656696471396716
2023-11-20,строительная компания,S4_b2b,97935,0.0034929467077106594
2023-11-27,строительная компания,S4_b2b,96407,0.0034053735822335337
2023-12-04,строительная компания,S4_b2b,91186,0.0031879530528579046
2023-12-11,строительная компания,S4_b2b,87609,0.0031203489249967526
2023-12-18,строительная компания,S4_b2b,83042,0.003023725874332755
2023-12-25,строительная компания,S4_b2b,59786,0.002497364125024573
2024-01-01,строительная компания,S4_b2b,45787,0.0019513590370787647
2024-01-08,строительная компания,S4_b2b,95203,0.0035095997680301386
2024-01-15,строительная компания,S4_b2b,109119,0.0038401857644385856
2024-01-22,строительная компания,S4_b2b,112345,0.003932145154581346
2024-01-29,строительная компания,S4_b2b,112348,0.0040526475245429685
2024-02-05,строительная компания,S4_b2b,109968,0.004055847135546343
2024-02-12,строительная компания,S4_b2b,107234,0.003954949919837174
2024-02-19,строительная компания,S4_b2b,93502,0.0035986399839590456
2024-02-26,строительная компания,S4_b2b,111756,0.0038841530074221926
2024-03-04,строительная компания,S4_b2b,93005,0.0034526255779932058
2024-03-11,строительная компания,S4_b2b,108725,0.004154278832938641
2024-03-18,строительная компания,S4_b2b,108887,0.004190725399229569
2024-03-25,строительная компания,S4_b2b,108040,0.004358812540867373
2024-04-01,строительная компания,S4_b2b,108630,0.004215062674652759
2024-04-08,строительная компания,S4_b2b,108384,0.0042570670470903444
2024-04-15,строительная компания,S4_b2b,108894,0.004235810229348827
2024-04-22,строительная компания,S4_b2b,109661,0.004301242114518566
2024-04-29,строительная компания,S4_b2b,76351,0.0033281595493158916
2024-05-06,строительная компания,S4_b2b,83574,0.0034786257111854403
2024-05-13,строительная компания,S4_b2b,104921,0.004198735900567531
2024-05-20,строительная компания,S4_b2b,101372,0.00430871363835472
2024-05-27,строительная компания,S4_b2b,98191,0.004326482534555631
2024-06-03,строительная компания,S4_b2b,98144,0.004365105293312261
2024-06-10,строительная компания,S4_b2b,86570,0.003963977694971788
2024-06-17,строительная компания,S4_b2b,92758,0.004178611684598814
2024-06-24,строительная компания,S4_b2b,85641,0.004030895728265818
2024-07-01,строительная компания,S4_b2b,86262,0.004093379285102455
2024-07-08,строительная компания,S4_b2b,85080,0.00412409090352774
2024-07-15,строительная компания,S4_b2b,89810,0.00433520976040585
2024-07-22,строительная компания,S4_b2b,93250,0.004422770435666085
2024-07-29,строительная компания,S4_b2b,91177,0.004288612597865474
2024-08-05,строительная компания,S4_b2b,88968,0.00414116233950725
2024-08-12,строительная компания,S4_b2b,82118,0.003943095039407815
2024-08-19,строительная компания,S4_b2b,83859,0.0039855619987939185
2024-08-26,строительная компания,S4_b2b,86022,0.0040552298737922396
2024-09-02,строительная компания,S4_b2b,82986,0.003867450080773671
2024-09-09,строительная компания,S4_b2b,86509,0.0037532405779334504
2024-09-16,строительная компания,S4_b2b,88199,0.0036958177520146933
2024-09-23,строительная компания,S4_b2b,87818,0.003597738300568456
2024-09-30,строительная компания,S4_b2b,88906,0.0035589793549510563
2024-10-07,строительная компания,S4_b2b,94629,0.0036489765266158997
2024-10-14,строительная компания,S4_b2b,86311,0.003535171937630102
2024-10-21,строительная компания,S4_b2b,93256,0.0036069079755581645
2024-10-28,строительная компания,S4_b2b,96437,0.00383406228980831
2024-11-04,строительная компания,S4_b2b,87804,0.003301535225724338
2024-11-11,строительная компания,S4_b2b,100453,0.0036565930768910405
2024-11-18,строительная компания,S4_b2b,95265,0.003573780360925572
2024-11-25,строительная компания,S4_b2b,102294,0.003551305882269797
2024-12-02,строительная компания,S4_b2b,98509,0.003575455536705633
2024-12-09,строительная компания,S4_b2b,97706,0.0035259463753782617
2024-12-16,строительная компания,S4_b2b,94302,0.003301027516802082
2024-12-23,строительная компания,S4_b2b,84289,0.0031538056479865715
2024-12-30,строительная компания,S4_b2b,39916,0.0018459701151589745
2025-01-06,строительная компания,S4_b2b,73764,0.002956692903698015
2025-01-13,строительная компания,S4_b2b,105849,0.003794320462799543
2025-01-20,строительная компания,S4_b2b,110548,0.003862534694845437
2025-01-27,строительная компания,S4_b2b,115309,0.003994102969471619
2025-02-03,строительная компания,S4_b2b,115780,0.003988812974717687
2025-02-10,строительная компания,S4_b2b,113436,0.003954616492590656
2025-02-17,строительная компания,S4_b2b,107586,0.0038240078949963842
2025-02-24,строительная компания,S4_b2b,103697,0.0037131221522373613
2025-03-03,строительная компания,S4_b2b,96122,0.0035520009560611036
2025-03-10,строительная компания,S4_b2b,107360,0.0038456586068410796
2025-03-17,строительная компания,S4_b2b,107537,0.003907253428323666
2025-03-24,строительная компания,S4_b2b,105267,0.004021411518881309
2025-03-31,строительная компания,S4_b2b,103372,0.0038267185068094926
2025-04-07,строительная компания,S4_b2b,103289,0.003818838342000776
2025-04-14,строительная компания,S4_b2b,93593,0.0035966634184676047
2025-04-21,строительная компания,S4_b2b,93414,0.0035398865832525633
2025-04-28,строительная компания,S4_b2b,74059,0.0030513211396716385
2025-05-05,строительная компания,S4_b2b,68628,0.0028910654415103534
2025-05-12,строительная компания,S4_b2b,95739,0.003711632401521103
2025-05-19,строительная компания,S4_b2b,92708,0.00384138632289391
2025-05-26,строительная компания,S4_b2b,90021,0.003863900170458556
2025-06-02,строительная компания,S4_b2b,89256,0.0038707565171270603
2025-06-09,строительная компания,S4_b2b,76225,0.0032084737846327926
2025-06-16,строительная компания,S4_b2b,98662,0.003926591764025473
2025-06-23,строительная компания,S4_b2b,98899,0.0039806210989033275
2025-06-30,строительная компания,S4_b2b,95189,0.003934852516689489
2025-07-07,строительная компания,S4_b2b,94301,0.003968791623957383
2025-07-14,строительная компания,S4_b2b,94844,0.003997424492662076
2025-07-21,строительная компания,S4_b2b,93556,0.003935907215052215
2025-07-28,строительная компания,S4_b2b,93364,0.003939114952695986
2025-08-04,строительная компания,S4_b2b,98262,0.004122044731215236
2025-08-11,строительная компания,S4_b2b,96258,0.004075015088272755
2025-08-18,строительная компания,S4_b2b,92084,0.003917203718427367
2025-08-25,строительная компания,S4_b2b,91829,0.0039060520241347555
2025-09-01,строительная компания,S4_b2b,91826,0.0037852172072938683
2025-09-08,строительная компания,S4_b2b,93197,0.0036679182890935256
2025-09-15,строительная компания,S4_b2b,93144,0.0036406926687656987
2025-09-22,строительная компания,S4_b2b,93725,0.003596741954207788
2025-09-29,строительная компания,S4_b2b,91446,0.003529923499185719
2025-10-06,строительная компания,S4_b2b,98238,0.0037437036902590215
2025-10-13,строительная компания,S4_b2b,95537,0.003484072195645986
2025-10-20,строительная компания,S4_b2b,96260,0.0035522133925601725
2025-10-27,строительная компания,S4_b2b,96876,0.0037135443295499425
2025-11-03,строительная компания,S4_b2b,81699,0.0031220057420296154
2025-11-10,строительная компания,S4_b2b,92986,0.003417871069428605
2025-11-17,строительная компания,S4_b2b,95589,0.003456536518514975
2025-11-24,строительная компания,S4_b2b,95579,0.0034126657745897847
2025-12-01,строительная компания,S4_b2b,90487,0.003241103410762837
2025-12-08,строительная компания,S4_b2b,84787,0.003109506818418047
2025-12-15,строительная компания,S4_b2b,76877,0.0029508344599774015
2025-12-22,строительная компания,S4_b2b,64768,0.002709877022556545
2025-12-29,строительная компания,S4_b2b,36868,0.0018307454035385823
2026-01-05,строительная компания,S4_b2b,47584,0.0022365049627078777
2026-01-12,строительная компания,S4_b2b,85193,0.003506640782326228
2026-01-19,строительная компания,S4_b2b,90859,0.0036190238335186233
2026-01-26,строительная компания,S4_b2b,89619,0.0036289003162479384
2026-02-02,строительная компания,S4_b2b,92992,0.003786900410314479
2026-02-09,строительная компания,S4_b2b,90538,0.0037755735605852136
2026-02-16,строительная компания,S4_b2b,82099,0.0035741384257634754
2026-02-23,строительная компания,S4_b2b,74318,0.0032951689515055057
2026-03-02,строительная компания,S4_b2b,73638,0.0033512934347913127
2026-03-09,строительная компания,S4_b2b,83839,0.0033869045713477482
2026-03-16,строительная компания,S4_b2b,94064,0.003585772571160915
2026-03-23,строительная компания,S4_b2b,96469,0.003709167339094308
2026-03-30,строительная компания,S4_b2b,94034,0.003686469022018321
2026-04-06,строительная компания,S4_b2b,94533,0.0035735022261720933
2026-04-13,строительная компания,S4_b2b,94487,0.0035605511482058086
2026-04-20,строительная компания,S4_b2b,93087,0.0035169836622849404
2026-04-27,строительная компания,S4_b2b,79584,0.0032075004037255333
2026-05-04,строительная компания,S4_b2b,76261,0.0032935210565160525
2026-05-11,строительная компания,S4_b2b,77736,0.003219216028895699
2026-05-18,строительная компания,S4_b2b,80363,0.0033165215806126936
2026-05-25,строительная компания,S4_b2b,83399,0.0034380130794922203
2026-06-01,строительная компания,S4_b2b,82942,0.003448976982953414
2026-06-08,строительная компания,S4_b2b,74666,0.0031183662478207756
2026-06-15,строительная компания,S4_b2b,81788,0.003356295622625136
2026-06-22,строительная компания,S4_b2b,78605,0.0032169498184725824
2026-06-29,строительная компания,S4_b2b,74255,0.0031385388227110397
2026-07-06,строительная компания,S4_b2b,75225,0.0031052944569555235
2026-07-13,строительная компания,S4_b2b,75397,0.0029297703474311866
2026-07-20,строительная компания,S4_b2b,78569,0.0029432088009828518
2026-07-27,строительная компания,S4_b2b,81428,0.003150920187394032
2026-08-03,строительная компания,S4_b2b,79436,0.003131765040840943
2026-08-10,строительная компания,S4_b2b,79583,0.00308889505312877
2026-08-17,строительная компания,S4_b2b,76774,0.0030030619959239046
2018-01-01,строительная фирма,S4_b2b,7135,0.0004854827435628294
2018-01-08,строительная фирма,S4_b2b,13684,0.0007912396330109619
2018-01-15,строительная фирма,S4_b2b,15553,0.0008426152128684758
2018-01-22,строительная фирма,S4_b2b,15512,0.0008181789229661864
2018-01-29,строительная фирма,S4_b2b,15884,0.0008407488063504021
2018-02-05,строительная фирма,S4_b2b,16478,0.0008542006155317383
2018-02-12,строительная фирма,S4_b2b,14835,0.0007869619029228336
2018-02-19,строительная фирма,S4_b2b,14379,0.0007344188531586606
2018-02-26,строительная фирма,S4_b2b,17193,0.0008493603144780943
2018-03-05,строительная фирма,S4_b2b,13051,0.0007071921294890236
2018-03-12,строительная фирма,S4_b2b,17244,0.0008709102164945676
2018-03-19,строительная фирма,S4_b2b,16048,0.0008522663672178227
2018-03-26,строительная фирма,S4_b2b,15437,0.0008380778618384719
2018-04-02,строительная фирма,S4_b2b,15483,0.0008732033767207146
2018-04-09,строительная фирма,S4_b2b,14940,0.0008451394601845591
2018-04-16,строительная фирма,S4_b2b,14732,0.0008247209276245577
2018-04-23,строительная фирма,S4_b2b,14845,0.000824647320422383
2018-04-30,строительная фирма,S4_b2b,10686,0.0006762461556409093
2018-05-07,строительная фирма,S4_b2b,12830,0.0007648413520940059
2018-05-14,строительная фирма,S4_b2b,14770,0.0008426987161994559
2018-05-21,строительная фирма,S4_b2b,13735,0.0008200039046872501
2018-05-28,строительная фирма,S4_b2b,13777,0.0008200311780651353
2018-06-04,строительная фирма,S4_b2b,13417,0.0007949834712081377
2018-06-11,строительная фирма,S4_b2b,10580,0.0006740586026995161
2018-06-18,строительная фирма,S4_b2b,12278,0.00075095301169635
2018-06-25,строительная фирма,S4_b2b,11584,0.0007228942424425948
2018-07-02,строительная фирма,S4_b2b,11805,0.0007385113824000508
2018-07-09,строительная фирма,S4_b2b,11250,0.0007337843194807125
2018-07-16,строительная фирма,S4_b2b,11719,0.0007480256017752668
2018-07-23,строительная фирма,S4_b2b,11595,0.0007319813136174026
2018-07-30,строительная фирма,S4_b2b,11522,0.0007257177680186367
2018-08-06,строительная фирма,S4_b2b,12259,0.000770239330519007
2018-08-13,строительная фирма,S4_b2b,12350,0.0007685864577697384
2018-08-20,строительная фирма,S4_b2b,12373,0.0007917466141923571
2018-08-27,строительная фирма,S4_b2b,11296,0.0007007385557953178
2018-09-03,строительная фирма,S4_b2b,13162,0.000753384432888898
2018-09-10,строительная фирма,S4_b2b,13190,0.0007284994695667778
2018-09-17,строительная фирма,S4_b2b,13152,0.000682940454337665
2018-09-24,строительная фирма,S4_b2b,14517,0.0007124318907051803
2018-10-01,строительная фирма,S4_b2b,14137,0.0006868587050500419
2018-10-08,строительная фирма,S4_b2b,14634,0.000702429905297828
2018-10-15,строительная фирма,S4_b2b,14677,0.0007037116185970443
2018-10-22,строительная фирма,S4_b2b,14870,0.0007165047274993966
2018-10-29,строительная фирма,S4_b2b,13825,0.000682411707241024
2018-11-05,строительная фирма,S4_b2b,12813,0.0006621600839283488
2018-11-12,строительная фирма,S4_b2b,13833,0.000689507829490752
2018-11-19,строительная фирма,S4_b2b,13147,0.0006593622188715557
2018-11-26,строительная фирма,S4_b2b,12339,0.0006249115749994762
2018-12-03,строительная фирма,S4_b2b,13286,0.0006470223994357778
2018-12-10,строительная фирма,S4_b2b,12368,0.0006186687110212732
2018-12-17,строительная фирма,S4_b2b,12495,0.0006315499762752022
2018-12-24,строительная фирма,S4_b2b,10060,0.0005570717428371395
2018-12-31,строительная фирма,S4_b2b,6635,0.0004149300105126067
2019-01-07,строительная фирма,S4_b2b,12006,0.0006244096793783352
2019-01-14,строительная фирма,S4_b2b,14984,0.0007190988048375822
2019-01-21,строительная фирма,S4_b2b,15479,0.0007259915479200062
2019-01-28,строительная фирма,S4_b2b,15234,0.0007247147115629787
2019-02-04,строительная фирма,S4_b2b,15901,0.0007459008638299435
2019-02-11,строительная фирма,S4_b2b,15881,0.000755549329633279
2019-02-18,строительная фирма,S4_b2b,14916,0.0007266293625953597
2019-02-25,строительная фирма,S4_b2b,15399,0.0007392838870625977
2019-03-04,строительная фирма,S4_b2b,12535,0.0006500578535931871
2019-03-11,строительная фирма,S4_b2b,16117,0.0007823199599438978
2019-03-18,строительная фирма,S4_b2b,15553,0.0007728643101937942
2019-03-25,строительная фирма,S4_b2b,15765,0.0008079347422217068
2019-04-01,строительная фирма,S4_b2b,14890,0.0007615001387853181
2019-04-08,строительная фирма,S4_b2b,14636,0.0007458656044254882
2019-04-15,строительная фирма,S4_b2b,14032,0.0007148821638871741
2019-04-22,строительная фирма,S4_b2b,12904,0.0006998769028581939
2019-04-29,строительная фирма,S4_b2b,9578,0.0005669036118381447
2019-05-06,строительная фирма,S4_b2b,9911,0.000594497827175524
2019-05-13,строительная фирма,S4_b2b,14732,0.0007794555190401445
2019-05-20,строительная фирма,S4_b2b,14629,0.0007821943416674075
2019-05-27,строительная фирма,S4_b2b,14724,0.0008310206067661742
2019-06-03,строительная фирма,S4_b2b,12330,0.0007087513736325893
2019-06-10,строительная фирма,S4_b2b,11069,0.0006521668884426876
2019-06-17,строительная фирма,S4_b2b,11512,0.0006887507659615097
2019-06-24,строительная фирма,S4_b2b,11937,0.0007030323347086378
2019-07-01,строительная фирма,S4_b2b,11228,0.0006710164737849196
2019-07-08,строительная фирма,S4_b2b,11149,0.0006763003960611416
2019-07-15,строительная фирма,S4_b2b,11057,0.0006741586189786855
2019-07-22,строительная фирма,S4_b2b,10581,0.0006464777156556134
2019-07-29,строительная фирма,S4_b2b,10558,0.0006356436142859906
2019-08-05,строительная фирма,S4_b2b,10815,0.0006428522400102195
2019-08-12,строительная фирма,S4_b2b,10360,0.0006290986299483965
2019-08-19,строительная фирма,S4_b2b,10412,0.0006428257559308921
2019-08-26,строительная фирма,S4_b2b,10316,0.0006350961725992569
2019-09-02,строительная фирма,S4_b2b,10942,0.0006408401292978536
2019-09-09,строительная фирма,S4_b2b,10841,0.0005986784444761908
2019-09-16,строительная фирма,S4_b2b,11134,0.0005832253612108896
2019-09-23,строительная фирма,S4_b2b,11240,0.0005824824021611163
2019-09-30,строительная фирма,S4_b2b,11700,0.0005975895596874827
2019-10-07,строительная фирма,S4_b2b,11760,0.0005908722904729627
2019-10-14,строительная фирма,S4_b2b,11967,0.0005951193416880252
2019-10-21,строительная фирма,S4_b2b,12103,0.0006028796739153306
2019-10-28,строительная фирма,S4_b2b,11246,0.0005764232985682204
2019-11-04,строительная фирма,S4_b2b,11909,0.00059222054850587
2019-11-11,строительная фирма,S4_b2b,12301,0.0005966211063764399
2019-11-18,строительная фирма,S4_b2b,12715,0.0005976929480906782
2019-11-25,строительная фирма,S4_b2b,12490,0.000566383166437121
2019-12-02,строительная фирма,S4_b2b,12306,0.0005679195448862045
2019-12-09,строительная фирма,S4_b2b,12765,0.0005896420190363946
2019-12-16,строительная фирма,S4_b2b,12476,0.0005758608781563228
2019-12-23,строительная фирма,S4_b2b,10281,0.000513367487679113
2019-12-30,строительная фирма,S4_b2b,6170,0.0003524438801381891
2020-01-06,строительная фирма,S4_b2b,10714,0.0005270929121917443
2020-01-13,строительная фирма,S4_b2b,15639,0.0006748102390048807
2020-01-20,строительная фирма,S4_b2b,15982,0.0006562870841393128
2020-01-27,строительная фирма,S4_b2b,14919,0.0006665072401362688
2020-02-03,строительная фирма,S4_b2b,14930,0.0006718132868146835
2020-02-10,строительная фирма,S4_b2b,15254,0.0006737937248712271
2020-02-17,строительная фирма,S4_b2b,13985,0.0006248482182354761
2020-02-24,строительная фирма,S4_b2b,13342,0.0006020250946485358
2020-03-02,строительная фирма,S4_b2b,13714,0.0006362846263336526
2020-03-09,строительная фирма,S4_b2b,13723,0.000621493004206773
2020-03-16,строительная фирма,S4_b2b,13461,0.0006006904156514749
2020-03-23,строительная фирма,S4_b2b,12853,0.000576517914535252
2020-03-30,строительная фирма,S4_b2b,10763,0.0004565272886196419
2020-04-06,строительная фирма,S4_b2b,14720,0.0005232353915213109
2020-04-13,строительная фирма,S4_b2b,15473,0.0005409395826114935
2020-04-20,строительная фирма,S4_b2b,16488,0.0005744713653122591
2020-04-27,строительная фирма,S4_b2b,14445,0.0005549833257190415
2020-05-04,строительная фирма,S4_b2b,12626,0.0005458249285761755
2020-05-11,строительная фирма,S4_b2b,17944,0.0006839623991228931
2020-05-18,строительная фирма,S4_b2b,19660,0.0007550583920470893
2020-05-25,строительная фирма,S4_b2b,16640,0.000725068995413055
2020-06-01,строительная фирма,S4_b2b,15326,0.0006952673506199316
2020-06-08,строительная фирма,S4_b2b,12539,0.000616072584255878
2020-06-15,строительная фирма,S4_b2b,13952,0.0006775943105381875
2020-06-22,строительная фирма,S4_b2b,13758,0.000685131051419825
2020-06-29,строительная фирма,S4_b2b,12951,0.000660834687358571
2020-07-06,строительная фирма,S4_b2b,12664,0.000667316004554162
2020-07-13,строительная фирма,S4_b2b,11935,0.0006321831726922786
2020-07-20,строительная фирма,S4_b2b,12193,0.0006435666626802094
2020-07-27,строительная фирма,S4_b2b,12196,0.0006450951260811527
2020-08-03,строительная фирма,S4_b2b,11726,0.0006231629957620484
2020-08-10,строительная фирма,S4_b2b,10952,0.0005766868372752199
2020-08-17,строительная фирма,S4_b2b,11350,0.0005953439505022207
2020-08-24,строительная фирма,S4_b2b,10640,0.0005540231489897969
2020-08-31,строительная фирма,S4_b2b,11168,0.0005583977228540862
2020-09-07,строительная фирма,S4_b2b,11863,0.0005478768728810436
2020-09-14,строительная фирма,S4_b2b,12073,0.0005345267582200214
2020-09-21,строительная фирма,S4_b2b,12225,0.0005336843795241865
2020-09-28,строительная фирма,S4_b2b,13630,0.0005905406991507955
2020-10-05,строительная фирма,S4_b2b,13474,0.000569593453142056
2020-10-12,строительная фирма,S4_b2b,13618,0.0005554229645351849
2020-10-19,строительная фирма,S4_b2b,13569,0.0005398071948336229
2020-10-26,строительная фирма,S4_b2b,14099,0.0005611623564967772
2020-11-02,строительная фирма,S4_b2b,13375,0.0005338275100117814
2020-11-09,строительная фирма,S4_b2b,14473,0.0005389807685379324
2020-11-16,строительная фирма,S4_b2b,15220,0.000554915532112177
2020-11-23,строительная фирма,S4_b2b,15091,0.0005431852240586354
2020-11-30,строительная фирма,S4_b2b,15135,0.0005718386224421112
2020-12-07,строительная фирма,S4_b2b,14200,0.0005452619871263062
2020-12-14,строительная фирма,S4_b2b,15058,0.0005817547148577056
2020-12-21,строительная фирма,S4_b2b,13138,0.0005319796667329438
2020-12-28,строительная фирма,S4_b2b,7479,0.00037511624334019515
2021-01-04,строительная фирма,S4_b2b,9592,0.0004464397691584688
2021-01-11,строительная фирма,S4_b2b,14094,0.000568944479717244
2021-01-18,строительная фирма,S4_b2b,15167,0.0006085292617642808
2021-01-25,строительная фирма,S4_b2b,16106,0.0006470040148680012
2021-02-01,строительная фирма,S4_b2b,15144,0.0006167508672986783
2021-02-08,строительная фирма,S4_b2b,15137,0.0005978255627337808
2021-02-15,строительная фирма,S4_b2b,15066,0.0005878383647091762
2021-02-22,строительная фирма,S4_b2b,13005,0.0005317116938650015
2021-03-01,строительная фирма,S4_b2b,13976,0.0005774914785081
2021-03-08,строительная фирма,S4_b2b,14338,0.0005808018868269227
2021-03-15,строительная фирма,S4_b2b,16245,0.0006472018269053012
2021-03-22,строительная фирма,S4_b2b,15452,0.0006479851309336255
2021-03-29,строительная фирма,S4_b2b,14908,0.0006044904375903804
2021-04-05,строительная фирма,S4_b2b,14885,0.0005840832760185841
2021-04-12,строительная фирма,S4_b2b,14707,0.0005887347563878767
2021-04-19,строительная фирма,S4_b2b,15315,0.0006034094430165801
2021-04-26,строительная фирма,S4_b2b,13280,0.0005573418541513078
2021-05-03,строительная фирма,S4_b2b,11200,0.0005111969167712979
2021-05-10,строительная фирма,S4_b2b,13874,0.0005825470388510907
2021-05-17,строительная фирма,S4_b2b,15643,0.0006335520936372287
2021-05-24,строительная фирма,S4_b2b,14037,0.0005920264838157212
2021-05-31,строительная фирма,S4_b2b,13653,0.0005843567880443298
2021-06-07,строительная фирма,S4_b2b,13046,0.0005518456991237099
2021-06-14,строительная фирма,S4_b2b,11914,0.0005253603881204155
2021-06-21,строительная фирма,S4_b2b,12528,0.0005501732802101684
2021-06-28,строительная фирма,S4_b2b,11128,0.0004949777321047643
2021-07-05,строительная фирма,S4_b2b,10288,0.00047166927659444865
2021-07-12,строительная фирма,S4_b2b,10236,0.0004713074368136408
2021-07-19,строительная фирма,S4_b2b,10831,0.0004927533838465833
2021-07-26,строительная фирма,S4_b2b,10864,0.0004891612770772998
2021-08-02,строительная фирма,S4_b2b,11029,0.0004935160013864609
2021-08-09,строительная фирма,S4_b2b,10904,0.0004870745682048441
2021-08-16,строительная фирма,S4_b2b,10863,0.0004800306984205255
2021-08-23,строительная фирма,S4_b2b,10689,0.00046384979545710303
2021-08-30,строительная фирма,S4_b2b,11689,0.0004934624660114956
2021-09-06,строительная фирма,S4_b2b,12591,0.0005249724900093255
2021-09-13,строительная фирма,S4_b2b,12569,0.0004989424377346216
2021-09-20,строительная фирма,S4_b2b,12651,0.0004883847257235781
2021-09-27,строительная фирма,S4_b2b,11426,0.00045368132006175834
2021-10-04,строительная фирма,S4_b2b,11630,0.0004607842045171555
2021-10-11,строительная фирма,S4_b2b,11998,0.0004555682075531877
2021-10-18,строительная фирма,S4_b2b,12075,0.0004551846592333953
2021-10-25,строительная фирма,S4_b2b,12116,0.00047067127701587674
2021-11-01,строительная фирма,S4_b2b,10717,0.0004324272605226133
2021-11-08,строительная фирма,S4_b2b,12970,0.0004737116990687125
2021-11-15,строительная фирма,S4_b2b,13043,0.00046992289021495455
2021-11-22,строительная фирма,S4_b2b,12909,0.00046687135984236174
2021-11-29,строительная фирма,S4_b2b,12747,0.00046593229544942524
2021-12-06,строительная фирма,S4_b2b,12753,0.0004616854189070881
2021-12-13,строительная фирма,S4_b2b,12846,0.0004612091552520471
2021-12-20,строительная фирма,S4_b2b,11854,0.0004334759813781761
2021-12-27,строительная фирма,S4_b2b,7159,0.000314193759296678
2022-01-03,строительная фирма,S4_b2b,8238,0.0003501127663155622
2022-01-10,строительная фирма,S4_b2b,13410,0.000487312855592436
2022-01-17,строительная фирма,S4_b2b,14907,0.0005243265004733717
2022-01-24,строительная фирма,S4_b2b,14616,0.0005014583137513364
2022-01-31,строительная фирма,S4_b2b,15060,0.0005077225315136851
2022-02-07,строительная фирма,S4_b2b,15366,0.0005063641249349457
2022-02-14,строительная фирма,S4_b2b,14331,0.000483211743151172
2022-02-21,строительная фирма,S4_b2b,11751,0.0004132307900278044
2022-02-28,строительная фирма,S4_b2b,12421,0.00042939590283054546
2022-03-07,строительная фирма,S4_b2b,11246,0.00040148827569678233
2022-03-14,строительная фирма,S4_b2b,14126,0.0004824744377880543
2022-03-21,строительная фирма,S4_b2b,13710,0.0004804298256159367
2022-03-28,строительная фирма,S4_b2b,14587,0.0005102578715429723
2022-04-04,строительная фирма,S4_b2b,13373,0.00046735219749461076
2022-04-11,строительная фирма,S4_b2b,13728,0.0004883269459602027
2022-04-18,строительная фирма,S4_b2b,13276,0.00047705288056619103
2022-04-25,строительная фирма,S4_b2b,12610,0.0004730943833274366
2022-05-02,строительная фирма,S4_b2b,10950,0.0004353868926834804
2022-05-09,строительная фирма,S4_b2b,12408,0.00045736943080576704
2022-05-16,строительная фирма,S4_b2b,14971,0.0005247903481750992
2022-05-23,строительная фирма,S4_b2b,14916,0.0005432957370157943
2022-05-30,строительная фирма,S4_b2b,13234,0.0005177694066724498
2022-06-06,строительная фирма,S4_b2b,12292,0.0004956168102101692
2022-06-13,строительная фирма,S4_b2b,12414,0.0005019143830879286
2022-06-20,строительная фирма,S4_b2b,12818,0.0005018133745458483
2022-06-27,строительная фирма,S4_b2b,11221,0.0004676974921683678
2022-07-04,строительная фирма,S4_b2b,10461,0.0004457106554467387
2022-07-11,строительная фирма,S4_b2b,11095,0.0004654586978777782
2022-07-18,строительная фирма,S4_b2b,10946,0.00046118055272189267
2022-07-25,строительная фирма,S4_b2b,10552,0.00044463255948733204
2022-08-01,строительная фирма,S4_b2b,9967,0.00042082311988084816
2022-08-08,строительная фирма,S4_b2b,10855,0.00045538751527837175
2022-08-15,строительная фирма,S4_b2b,10669,0.0004371749601968466
2022-08-22,строительная фирма,S4_b2b,10954,0.00044646465912190136
2022-08-29,строительная фирма,S4_b2b,10545,0.00041573570107718874
2022-09-05,строительная фирма,S4_b2b,11583,0.0004260768177746121
2022-09-12,строительная фирма,S4_b2b,11245,0.0004090871811374196
2022-09-19,строительная фирма,S4_b2b,10391,0.0003721584418088279
2022-09-26,строительная фирма,S4_b2b,9883,0.00036191187010409004
2022-10-03,строительная фирма,S4_b2b,10578,0.0003863463932593925
2022-10-10,строительная фирма,S4_b2b,10737,0.0003882580227983295
2022-10-17,строительная фирма,S4_b2b,12532,0.0004297945888229539
2022-10-24,строительная фирма,S4_b2b,12238,0.00043157913066732876
2022-10-31,строительная фирма,S4_b2b,11599,0.0004178544320295386
2022-11-07,строительная фирма,S4_b2b,12483,0.0004325935599831034
2022-11-14,строительная фирма,S4_b2b,13048,0.00043261996082272816
2022-11-21,строительная фирма,S4_b2b,13332,0.00044432410662853517
2022-11-28,строительная фирма,S4_b2b,12541,0.00041991888249382896
2022-12-05,строительная фирма,S4_b2b,12634,0.0004238384805991238
2022-12-12,строительная фирма,S4_b2b,12150,0.0004116914279972582
2022-12-19,строительная фирма,S4_b2b,10237,0.0003519906838281526
2022-12-26,строительная фирма,S4_b2b,6334,0.0002621960625798717
2023-01-02,строительная фирма,S4_b2b,5697,0.00023293803360595908
2023-01-09,строительная фирма,S4_b2b,10731,0.0003762202400311005
2023-01-16,строительная фирма,S4_b2b,11701,0.0004009658643658524
2023-01-23,строительная фирма,S4_b2b,12865,0.00044111256377400753
2023-01-30,строительная фирма,S4_b2b,12761,0.00044013887201261616
2023-02-06,строительная фирма,S4_b2b,12576,0.0004338268610395997
2023-02-13,строительная фирма,S4_b2b,12412,0.0004296621472759402
2023-02-20,строительная фирма,S4_b2b,9733,0.00035633507926306995
2023-02-27,строительная фирма,S4_b2b,12494,0.00043242749247792306
2023-03-06,строительная фирма,S4_b2b,10780,0.00039145654969762063
2023-03-13,строительная фирма,S4_b2b,12853,0.000448083903094142
2023-03-20,строительная фирма,S4_b2b,12537,0.00045193654045163663
2023-03-27,строительная фирма,S4_b2b,12235,0.00044560639069681255
2023-04-03,строительная фирма,S4_b2b,12039,0.0004369435286754157
2023-04-10,строительная фирма,S4_b2b,11469,0.00042300518301844264
2023-04-17,строительная фирма,S4_b2b,11428,0.0004227294591604515
2023-04-24,строительная фирма,S4_b2b,10975,0.00041404836674136056
2023-05-01,строительная фирма,S4_b2b,10423,0.0004093560732157157
2023-05-08,строительная фирма,S4_b2b,9852,0.0003908327761969529
2023-05-15,строительная фирма,S4_b2b,12050,0.0004609196857021788
2023-05-22,строительная фирма,S4_b2b,11225,0.00044634966140968426
2023-05-29,строительная фирма,S4_b2b,10587,0.00043108920697820574
2023-06-05,строительная фирма,S4_b2b,10398,0.00043124869179757513
2023-06-12,строительная фирма,S4_b2b,9282,0.00039477942833337544
2023-06-19,строительная фирма,S4_b2b,9926,0.0004133962723813231
2023-06-26,строительная фирма,S4_b2b,9191,0.00039261761915159273
2023-07-03,строительная фирма,S4_b2b,8706,0.0003841407009485968
2023-07-10,строительная фирма,S4_b2b,8709,0.0003779149571319725
2023-07-17,строительная фирма,S4_b2b,8743,0.0003831466716634988
2023-07-24,строительная фирма,S4_b2b,8772,0.0003812688792422396
2023-07-31,строительная фирма,S4_b2b,8472,0.0003765078104545414
2023-08-07,строительная фирма,S4_b2b,8815,0.0003835786486321432
2023-08-14,строительная фирма,S4_b2b,8814,0.0003902045248384097
2023-08-21,строительная фирма,S4_b2b,7883,0.0003509386735398091
2023-08-28,строительная фирма,S4_b2b,7657,0.00034149116189921607
2023-09-04,строительная фирма,S4_b2b,9262,0.00037806191495898305
2023-09-11,строительная фирма,S4_b2b,9841,0.00038822280114842307
2023-09-18,строительная фирма,S4_b2b,10654,0.0004111883113756517
2023-09-25,строительная фирма,S4_b2b,11156,0.0004254457663695769
2023-10-02,строительная фирма,S4_b2b,10421,0.0003936072341312649
2023-10-09,строительная фирма,S4_b2b,10637,0.00039483779673372125
2023-10-16,строительная фирма,S4_b2b,10939,0.0003966804253163497
2023-10-23,строительная фирма,S4_b2b,10711,0.00039589542000711985
2023-10-30,строительная фирма,S4_b2b,9494,0.0003715666675368387
2023-11-06,строительная фирма,S4_b2b,10214,0.00038193661366049333
2023-11-13,строительная фирма,S4_b2b,10619,0.00038323818943330893
2023-11-20,строительная фирма,S4_b2b,10092,0.0003599409626202683
2023-11-27,строительная фирма,S4_b2b,10287,0.0003633665401935166
2023-12-04,строительная фирма,S4_b2b,9690,0.00033877201634234527
2023-12-11,строительная фирма,S4_b2b,9527,0.000339320894068464
2023-12-18,строительная фирма,S4_b2b,9739,0.00035461653488748715
2023-12-25,строительная фирма,S4_b2b,6868,0.00028688818135798956
2024-01-01,строительная фирма,S4_b2b,5195,0.0002214014938219185
2024-01-08,строительная фирма,S4_b2b,9326,0.0003437972273630985
2024-01-15,строительная фирма,S4_b2b,11044,0.00038866752428504424
2024-01-22,строительная фирма,S4_b2b,11559,0.0004045722180943147
2024-01-29,строительная фирма,S4_b2b,11885,0.0004287189431871789
2024-02-05,строительная фирма,S4_b2b,11024,0.0004065879057749789
2024-02-12,строительная фирма,S4_b2b,10794,0.0003980988253233345
2024-02-19,строительная фирма,S4_b2b,9541,0.0003672073761732717
2024-02-26,строительная фирма,S4_b2b,11851,0.00041188927029385807
2024-03-04,строительная фирма,S4_b2b,14560,0.0005405110307572827
2024-03-11,строительная фирма,S4_b2b,12018,0.0004591963487170069
2024-03-18,строительная фирма,S4_b2b,11748,0.000452144351393178
2024-03-25,строительная фирма,S4_b2b,10584,0.00042700547882765894
2024-04-01,строительная фирма,S4_b2b,10957,0.000425153656689407
2024-04-08,строительная фирма,S4_b2b,10658,0.0004186210195959634
2024-04-15,строительная фирма,S4_b2b,11546,0.0004491217597669436
2024-04-22,строительная фирма,S4_b2b,10748,0.0004215696578258957
2024-04-29,строительная фирма,S4_b2b,8628,0.00037609671898858576
2024-05-06,строительная фирма,S4_b2b,9082,0.0003780228146192138
2024-05-13,строительная фирма,S4_b2b,11734,0.000469572030930504
2024-05-20,строительная фирма,S4_b2b,11093,0.0004714966695958342
2024-05-27,строительная фирма,S4_b2b,9707,0.0004277089138814301
2024-06-03,строительная фирма,S4_b2b,9322,0.0004146102822817177
2024-06-10,строительная фирма,S4_b2b,8924,0.00040862350641016797
2024-06-17,строительная фирма,S4_b2b,9463,0.0004262942535561199
2024-06-24,строительная фирма,S4_b2b,8622,0.00040581477293711985
2024-07-01,строительная фирма,S4_b2b,7639,0.0003624924573844526
2024-07-08,строительная фирма,S4_b2b,7767,0.0003764905271238829
2024-07-15,строительная фирма,S4_b2b,8009,0.0003866016587361146
2024-07-22,строительная фирма,S4_b2b,7793,0.00036961554965303815
2024-07-29,строительная фирма,S4_b2b,7864,0.00036989207222889645
2024-08-05,строительная фирма,S4_b2b,7603,0.0003538941784380184
2024-08-12,строительная фирма,S4_b2b,6981,0.0003352096552534884
2024-08-19,строительная фирма,S4_b2b,7149,0.00033977012281779796
2024-08-26,строительная фирма,S4_b2b,7310,0.00034460638415081344
2024-09-02,строительная фирма,S4_b2b,7725,0.0003600131573274601
2024-09-09,строительная фирма,S4_b2b,8531,0.0003701221303026305
2024-09-16,строительная фирма,S4_b2b,9314,0.00039028613184123237
2024-09-23,строительная фирма,S4_b2b,9351,0.0003830928835616347
2024-09-30,строительная фирма,S4_b2b,9742,0.0003899801686717791
2024-10-07,строительная фирма,S4_b2b,9698,0.00037396331309768666
2024-10-14,строительная фирма,S4_b2b,8595,0.00035203859072343885
2024-10-21,строительная фирма,S4_b2b,9110,0.00035235193078552454
2024-10-28,строительная фирма,S4_b2b,8800,0.00034986310389490685
2024-11-04,строительная фирма,S4_b2b,9393,0.00035318801393135514
2024-11-11,строительная фирма,S4_b2b,9990,0.0003636463305042308
2024-11-18,строительная фирма,S4_b2b,9650,0.0003620110269556686
2024-11-25,строительная фирма,S4_b2b,10460,0.00036313624971691475
2024-12-02,строительная фирма,S4_b2b,9843,0.00035725881744605616
2024-12-09,строительная фирма,S4_b2b,10053,0.00036278569291218213
2024-12-16,строительная фирма,S4_b2b,10066,0.0003523588363357061
2024-12-23,строительная фирма,S4_b2b,8484,0.0003174422180535785
2024-12-30,строительная фирма,S4_b2b,4151,0.00019196868293478562
2025-01-06,строительная фирма,S4_b2b,7605,0.00030483229668433666
2025-01-13,строительная фирма,S4_b2b,10606,0.000380188408283989
2025-01-20,строительная фирма,S4_b2b,11276,0.0003939821726225454
2025-01-27,строительная фирма,S4_b2b,11319,0.00039207044993408365
2025-02-03,строительная фирма,S4_b2b,11160,0.00038448050438633086
2025-02-10,строительная фирма,S4_b2b,11037,0.0003847729312451344
2025-02-17,строительная фирма,S4_b2b,10584,0.0003761948539832481
2025-02-24,строительная фирма,S4_b2b,10239,0.0003666321852778609
2025-03-03,строительная фирма,S4_b2b,9650,0.000356596920850478
2025-03-10,строительная фирма,S4_b2b,11412,0.00040878032806697465
2025-03-17,строительная фирма,S4_b2b,10966,0.00039843905906801675
2025-03-24,строительная фирма,S4_b2b,9825,0.00037533479792345995
2025-03-31,строительная фирма,S4_b2b,10178,0.00037677844060584123
2025-04-07,строительная фирма,S4_b2b,10143,0.0003750106720261971
2025-04-14,строительная фирма,S4_b2b,9870,0.0003792919122185982
2025-04-21,строительная фирма,S4_b2b,9715,0.00036814608256041545
2025-04-28,строительная фирма,S4_b2b,7908,0.0003258192464457165
2025-05-05,строительная фирма,S4_b2b,7668,0.0003230268958078538
2025-05-12,строительная фирма,S4_b2b,10833,0.0004199763294548524
2025-05-19,строительная фирма,S4_b2b,10289,0.0004263280825414791
2025-05-26,строительная фирма,S4_b2b,9085,0.00038994826816649437
2025-06-02,строительная фирма,S4_b2b,8505,0.00036883553126025863
2025-06-09,строительная фирма,S4_b2b,7712,0.0003246146254783614
2025-06-16,строительная фирма,S4_b2b,9526,0.0003791197537461906
2025-06-23,строительная фирма,S4_b2b,9237,0.0003717833050947941
2025-06-30,строительная фирма,S4_b2b,8291,0.00034272722915329034
2025-07-07,строительная фирма,S4_b2b,8160,0.0003434251985821174
2025-07-14,строительная фирма,S4_b2b,7991,0.0003367995774204236
2025-07-21,строительная фирма,S4_b2b,7890,0.00033193283089018316
2025-07-28,строительная фирма,S4_b2b,7858,0.0003315364090900675
2025-08-04,строительная фирма,S4_b2b,8322,0.0003491039898757729
2025-08-11,строительная фирма,S4_b2b,7689,0.0003255084358051197
2025-08-18,строительная фирма,S4_b2b,7674,0.0003264478230225839
2025-08-25,строительная фирма,S4_b2b,7306,0.0003107691044041482
2025-09-01,строительная фирма,S4_b2b,8383,0.00034556090702790604
2025-09-08,строительная фирма,S4_b2b,8605,0.00033866365738864765
2025-09-15,строительная фирма,S4_b2b,9156,0.00035787793175318577
2025-09-22,строительная фирма,S4_b2b,9566,0.0003670998509890819
2025-09-29,строительная фирма,S4_b2b,8798,0.00033961318095746077
2025-10-06,строительная фирма,S4_b2b,8868,0.000337946256287964
2025-10-13,строительная фирма,S4_b2b,8738,0.0003186600253886413
2025-10-20,строительная фирма,S4_b2b,9195,0.00033931645693528766
2025-10-27,строительная фирма,S4_b2b,8810,0.00033771342276038433
2025-11-03,строительная фирма,S4_b2b,7799,0.0002980271824880227
2025-11-10,строительная фирма,S4_b2b,8689,0.0003193801402605247
2025-11-17,строительная фирма,S4_b2b,8883,0.00032121283718805014
2025-11-24,строительная фирма,S4_b2b,8990,0.00032098960350665067
2025-12-01,строительная фирма,S4_b2b,8632,0.00030918479606689144
2025-12-08,строительная фирма,S4_b2b,8137,0.0002984190616659116
2025-12-15,строительная фирма,S4_b2b,7573,0.00029068081956123233
2025-12-22,строительная фирма,S4_b2b,6646,0.00027806698820267414
2025-12-29,строительная фирма,S4_b2b,3355,0.0001665984276031231
2026-01-05,строительная фирма,S4_b2b,4827,0.00022687477839170573
2026-01-12,строительная фирма,S4_b2b,7615,0.00031344206164138165
2026-01-19,строительная фирма,S4_b2b,9098,0.0003623843409827583
2026-01-26,строительная фирма,S4_b2b,9194,0.00037228834853751485
2026-02-02,строительная фирма,S4_b2b,8455,0.00034431180068402573
2026-02-09,строительная фирма,S4_b2b,8722,0.0003637207868013898
2026-02-16,строительная фирма,S4_b2b,8228,0.0003582018169183775
2026-02-23,строительная фирма,S4_b2b,7102,0.0003148939677277658
2026-03-02,строительная фирма,S4_b2b,7095,0.000322896153071028
2026-03-09,строительная фирма,S4_b2b,7927,0.000320232738189549
2026-03-16,строительная фирма,S4_b2b,8880,0.00033851059312711484
2026-03-23,строительная фирма,S4_b2b,9486,0.00036473023850821097
2026-03-30,строительная фирма,S4_b2b,9918,0.00038882106217301947
2026-04-06,строительная фирма,S4_b2b,8732,0.0003300839012718809
2026-04-13,строительная фирма,S4_b2b,8895,0.0003351900522113165
2026-04-20,строительная фирма,S4_b2b,8798,0.00033240325996952214
2026-04-27,строительная фирма,S4_b2b,7534,0.00030364530611263785
2026-05-04,строительная фирма,S4_b2b,7165,0.0003094383547283345
2026-05-11,строительная фирма,S4_b2b,8299,0.0003436795541808867
2026-05-18,строительная фирма,S4_b2b,8356,0.00034484594063934477
2026-05-25,строительная фирма,S4_b2b,7533,0.0003105379264477379
2026-06-01,строительная фирма,S4_b2b,7824,0.0003253453728464169
2026-06-08,строительная фирма,S4_b2b,7162,0.00029911524746058975
2026-06-15,строительная фирма,S4_b2b,7785,0.00031946937719636964
2026-06-22,строительная фирма,S4_b2b,7508,0.0003072687391017384
2026-06-29,строительная фирма,S4_b2b,6583,0.00027824390370893235
2026-07-06,строительная фирма,S4_b2b,6625,0.00027348056865842925
2026-07-13,строительная фирма,S4_b2b,6613,0.00025696740331263094
2026-07-20,строительная фирма,S4_b2b,6960,0.0002607228455859263
2026-07-27,строительная фирма,S4_b2b,7161,0.00027710049936052294
2026-08-03,строительная фирма,S4_b2b,9327,0.00036771706198604503
2026-08-10,строительная фирма,S4_b2b,7670,0.00029769957223901665
2026-08-17,строительная фирма,S4_b2b,6985,0.0002732225498414629
2018-01-01,строительный подрядчик,S4_b2b,389,2.6468505570559302e-05
2018-01-08,строительный подрядчик,S4_b2b,1552,8.97401279182266e-05
2018-01-15,строительный подрядчик,S4_b2b,1837,9.952318819773614e-05
2018-01-22,строительный подрядчик,S4_b2b,1723,9.087946649501928e-05
2018-01-29,строительный подрядчик,S4_b2b,1770,9.368706794511531e-05
2018-02-05,строительный подрядчик,S4_b2b,1960,0.00010160415138015576
2018-02-12,строительный подрядчик,S4_b2b,1786,9.474310472667212e-05
2018-02-19,строительный подрядчик,S4_b2b,1698,8.672669953845231e-05
2018-02-26,строительный подрядчик,S4_b2b,2174,0.00010739890209244327
2018-03-05,строительный подрядчик,S4_b2b,1315,7.125566242265466e-05
2018-03-12,строительный подрядчик,S4_b2b,2123,0.00010722236079900065
2018-03-19,строительный подрядчик,S4_b2b,1992,0.00010578979333860312
2018-03-26,строительный подрядчик,S4_b2b,2003,0.00010874327636603349
2018-04-02,строительный подрядчик,S4_b2b,2009,0.0001133026922322493
2018-04-09,строительный подрядчик,S4_b2b,1853,0.00010482218338165918
2018-04-16,строительный подрядчик,S4_b2b,1868,0.00010457362834663818
2018-04-23,строительный подрядчик,S4_b2b,2147,0.00011926694489369191
2018-04-30,строительный подрядчик,S4_b2b,1308,8.277465577187997e-05
2018-05-07,строительный подрядчик,S4_b2b,1716,0.00010229678567367998
2018-05-14,строительный подрядчик,S4_b2b,2195,0.00012523518497344654
2018-05-21,строительный подрядчик,S4_b2b,2112,0.0001260901526537657
2018-05-28,строительный подрядчик,S4_b2b,1850,0.00011011524130220661
2018-06-04,строительный подрядчик,S4_b2b,1768,0.00010475745525050217
2018-06-11,строительный подрядчик,S4_b2b,1382,8.804810859458708e-05
2018-06-18,строительный подрядчик,S4_b2b,1612,9.859392855957943e-05
2018-06-25,строительный подрядчик,S4_b2b,1462,9.123544392706091e-05
2018-07-02,строительный подрядчик,S4_b2b,1297,8.113928530053927e-05
2018-07-09,строительный подрядчик,S4_b2b,1415,9.229376107246295e-05
2018-07-16,строительный подрядчик,S4_b2b,1446,9.229840602159192e-05
2018-07-23,строительный подрядчик,S4_b2b,1424,8.989576460467282e-05
2018-07-30,строительный подрядчик,S4_b2b,1335,8.40855077508141e-05
2018-08-06,строительный подрядчик,S4_b2b,1404,8.821404845816835e-05
2018-08-13,строительный подрядчик,S4_b2b,1419,8.830965049192378e-05
2018-08-20,строительный подрядчик,S4_b2b,1345,8.606637000636227e-05
2018-08-27,строительный подрядчик,S4_b2b,1237,7.67363308709993e-05
2018-09-03,строительный подрядчик,S4_b2b,1688,9.662003667500833e-05
2018-09-10,строительный подрядчик,S4_b2b,2130,0.0001176424465638542
2018-09-17,строительный подрядчик,S4_b2b,2533,0.00013153042661475864
2018-09-24,строительный подрядчик,S4_b2b,2524,0.00012386705876833194
2018-10-01,строительный подрядчик,S4_b2b,2367,0.00011500279796657348
2018-10-08,строительный подрядчик,S4_b2b,2327,0.0001116956669145856
2018-10-15,строительный подрядчик,S4_b2b,2299,0.00011022913477921953
2018-10-22,строительный подрядчик,S4_b2b,2456,0.00011834133226217338
2018-10-29,строительный подрядчик,S4_b2b,2203,0.0001087416268392026
2018-11-05,строительный подрядчик,S4_b2b,1970,0.00010180717750244651
2018-11-12,строительный подрядчик,S4_b2b,2221,0.00011070605720371287
2018-11-19,строительный подрядчик,S4_b2b,2205,0.00011058748707779572
2018-11-26,строительный подрядчик,S4_b2b,2289,0.0001159269466872357
2018-12-03,строительный подрядчик,S4_b2b,2212,0.00010772343425801148
2018-12-10,строительный подрядчик,S4_b2b,2177,0.00010889729818024837
2018-12-17,строительный подрядчик,S4_b2b,2129,0.00010760863541335777
2018-12-24,строительный подрядчик,S4_b2b,1316,7.287340095165762e-05
2018-12-31,строительный подрядчик,S4_b2b,459,2.8704276537345362e-05
2019-01-07,строительный подрядчик,S4_b2b,1267,6.589430816028242e-05
2019-01-14,строительный подрядчик,S4_b2b,2073,9.948557277284487e-05
2019-01-21,строительный подрядчик,S4_b2b,2278,0.00010684209226447277
2019-01-28,строительный подрядчик,S4_b2b,2479,0.00011793145398218616
2019-02-04,строительный подрядчик,S4_b2b,2355,0.00011047082160364234
2019-02-11,строительный подрядчик,S4_b2b,2253,0.00010718800073444856
2019-02-18,строительный подрядчик,S4_b2b,2028,9.879353361111486e-05
2019-02-25,строительный подрядчик,S4_b2b,2197,0.00010547481653851077
2019-03-04,строительный подрядчик,S4_b2b,1839,9.536947688535072e-05
2019-03-11,строительный подрядчик,S4_b2b,2317,0.00011246729212570647
2019-03-18,строительный подрядчик,S4_b2b,2537,0.00012606935992809465
2019-03-25,строительный подрядчик,S4_b2b,2158,0.00011059455589688826
2019-04-01,строительный подрядчик,S4_b2b,2344,0.00011987618034337042
2019-04-08,строительный подрядчик,S4_b2b,2356,0.00012006418174545302
2019-04-15,строительный подрядчик,S4_b2b,2473,0.00012599084886637555
2019-04-22,строительный подрядчик,S4_b2b,2231,0.00012100320600407864
2019-04-29,строительный подрядчик,S4_b2b,1285,7.605670716350135e-05
2019-05-06,строительный подрядчик,S4_b2b,1371,8.223756644714392e-05
2019-05-13,строительный подрядчик,S4_b2b,2605,0.00013782796817129894
2019-05-20,строительный подрядчик,S4_b2b,2407,0.00012869928090733816
2019-05-27,строительный подрядчик,S4_b2b,2668,0.000150581566072545
2019-06-03,строительный подрядчик,S4_b2b,1755,0.00010088066996960212
2019-06-10,строительный подрядчик,S4_b2b,1571,9.256068133918712e-05
2019-06-17,строительный подрядчик,S4_b2b,1735,0.0001038032122084103
2019-06-24,строительный подрядчик,S4_b2b,1435,8.45146519483032e-05
2019-07-01,строительный подрядчик,S4_b2b,1406,8.402646616864952e-05
2019-07-08,строительный подрядчик,S4_b2b,1429,8.66834035313814e-05
2019-07-15,строительный подрядчик,S4_b2b,1397,8.517677405383227e-05
2019-07-22,строительный подрядчик,S4_b2b,1496,9.14025765637272e-05
2019-07-29,строительный подрядчик,S4_b2b,1252,7.537656801345522e-05
2019-08-05,строительный подрядчик,S4_b2b,1294,7.691639376543911e-05
2019-08-12,строительный подрядчик,S4_b2b,1285,7.803009068375381e-05
2019-08-19,строительный подрядчик,S4_b2b,1397,8.624928746018597e-05
2019-08-26,строительный подрядчик,S4_b2b,1201,7.393859085805619e-05
2019-09-02,строительный подрядчик,S4_b2b,1478,8.656202806637064e-05
2019-09-09,строительный подрядчик,S4_b2b,1620,8.946214187357524e-05
2019-09-16,строительный подрядчик,S4_b2b,1762,9.229774442730263e-05
2019-09-23,строительный подрядчик,S4_b2b,1835,9.509387971224629e-05
2019-09-30,строительный подрядчик,S4_b2b,1750,8.938305379940981e-05
2019-10-07,строительный подрядчик,S4_b2b,1848,9.285135993146557e-05
2019-10-14,строительный подрядчик,S4_b2b,1983,9.861466153316236e-05
2019-10-21,строительный подрядчик,S4_b2b,1882,9.374696738896572e-05
2019-10-28,строительный подрядчик,S4_b2b,1974,0.000101179049561948
2019-11-04,строительный подрядчик,S4_b2b,1950,9.697120409660312e-05
2019-11-11,строительный подрядчик,S4_b2b,2380,0.00011543437388634476
2019-11-18,строительный подрядчик,S4_b2b,2413,0.00011342769042412949
2019-11-25,строительный подрядчик,S4_b2b,2295,0.00010407120632291375
2019-12-02,строительный подрядчик,S4_b2b,2371,0.0001094211962396547
2019-12-09,строительный подрядчик,S4_b2b,2362,0.00010910571476411784
2019-12-16,строительный подрядчик,S4_b2b,2374,0.00010957788752349395
2019-12-23,строительный подрядчик,S4_b2b,1821,9.09291114739485e-05
2019-12-30,строительный подрядчик,S4_b2b,460,2.6276205002198865e-05
2020-01-06,строительный подрядчик,S4_b2b,1224,6.021670006745333e-05
2020-01-13,строительный подрядчик,S4_b2b,2239,9.661104451256013e-05
2020-01-20,строительный подрядчик,S4_b2b,2420,9.937521859699266e-05
2020-01-27,строительный подрядчик,S4_b2b,2353,0.00010512041933377843
2020-02-03,строительный подрядчик,S4_b2b,2205,9.921957785843114e-05
2020-02-10,строительный подрядчик,S4_b2b,2421,0.00010693946557711033
2020-02-17,строительный подрядчик,S4_b2b,2421,0.00010817000617433592
2020-02-24,строительный подрядчик,S4_b2b,2311,0.0001042782186878104
2020-03-02,строительный подрядчик,S4_b2b,2612,0.00012118823421200967
2020-03-09,строительный подрядчик,S4_b2b,3065,0.00013880901099568312
2020-03-16,строительный подрядчик,S4_b2b,3429,0.00015301741588804005
2020-03-23,строительный подрядчик,S4_b2b,3237,0.0001451947786003743
2020-03-30,строительный подрядчик,S4_b2b,2446,0.00010375041790984336
2020-04-06,строительный подрядчик,S4_b2b,4620,0.00016422197750193317
2020-04-13,строительный подрядчик,S4_b2b,4526,0.0001582299845472513
2020-04-20,строительный подрядчик,S4_b2b,4681,0.0001630943996255874
2020-04-27,строительный подрядчик,S4_b2b,3509,0.00013481734094483326
2020-05-04,строительный подрядчик,S4_b2b,2691,0.00011633255843485569
2020-05-11,строительный подрядчик,S4_b2b,4074,0.00015528660354584633
2020-05-18,строительный подрядчик,S4_b2b,4415,0.00016956168875319934
2020-05-25,строительный подрядчик,S4_b2b,4217,0.00018375095875341663
2020-06-01,строительный подрядчик,S4_b2b,3123,0.00014167557979812386
2020-06-08,строительный подрядчик,S4_b2b,2670,0.00013118381050826973
2020-06-15,строительный подрядчик,S4_b2b,2532,0.00012296938032416074
2020-06-22,строительный подрядчик,S4_b2b,2286,0.00011383991739683963
2020-06-29,строительный подрядчик,S4_b2b,2414,0.0001231761976128168
2020-07-06,строительный подрядчик,S4_b2b,1625,8.562764587812011e-05
2020-07-13,строительный подрядчик,S4_b2b,1578,8.358483841712741e-05
2020-07-20,строительный подрядчик,S4_b2b,1410,7.442212698918192e-05
2020-07-27,строительный подрядчик,S4_b2b,1451,7.674918235025849e-05
2020-08-03,строительный подрядчик,S4_b2b,1525,8.104413854145692e-05
2020-08-10,строительный подрядчик,S4_b2b,1492,7.856252385086085e-05
2020-08-17,строительный подрядчик,S4_b2b,1393,7.306732361670426e-05
2020-08-24,строительный подрядчик,S4_b2b,1413,7.357469074460367e-05
2020-08-31,строительный подрядчик,S4_b2b,1598,7.989967416912873e-05
2020-09-07,строительный подрядчик,S4_b2b,2080,9.60620328409821e-05
2020-09-14,строительный подрядчик,S4_b2b,2113,9.35521444644169e-05
2020-09-21,строительный подрядчик,S4_b2b,2437,0.00010638763459308324
2020-09-28,строительный подрядчик,S4_b2b,2148,9.30654014509104e-05
2020-10-05,строительный подрядчик,S4_b2b,2462,0.0001040774144007527
2020-10-12,строительный подрядчик,S4_b2b,2701,0.0001101628306072503
2020-10-19,строительный подрядчик,S4_b2b,2971,0.00011819346863075345
2020-10-26,строительный подрядчик,S4_b2b,3045,0.00012119578519985012
2020-11-02,строительный подрядчик,S4_b2b,2926,0.00011678349863883904
2020-11-09,строительный подрядчик,S4_b2b,3711,0.00013819924217814324
2020-11-16,строительный подрядчик,S4_b2b,3777,0.00013770801345517036
2020-11-23,строительный подрядчик,S4_b2b,4050,0.00014577563829020433
2020-11-30,строительный подрядчик,S4_b2b,4122,0.00015573959707343126
2020-12-07,строительный подрядчик,S4_b2b,4424,0.0001698759881018858
2020-12-14,строительный подрядчик,S4_b2b,6480,0.00025035001675374763
2020-12-21,строительный подрядчик,S4_b2b,4825,0.0001953723467793008
2020-12-28,строительный подрядчик,S4_b2b,1155,5.793010577054759e-05
2021-01-04,строительный подрядчик,S4_b2b,994,4.626367082396977e-05
2021-01-11,строительный подрядчик,S4_b2b,2867,0.00011573462631966356
2021-01-18,строительный подрядчик,S4_b2b,3130,0.0001255816304689259
2021-01-25,строительный подрядчик,S4_b2b,3011,0.00012095672971361927
2021-02-01,строительный подрядчик,S4_b2b,3046,0.00012405065648387307
2021-02-08,строительный подрядчик,S4_b2b,3021,0.00011931234888146606
2021-02-15,строительный подрядчик,S4_b2b,3437,0.0001341033094056444
2021-02-22,строительный подрядчик,S4_b2b,2388,9.763379661281227e-05
2021-03-01,строительный подрядчик,S4_b2b,2890,0.00011941545312595941
2021-03-08,строительный подрядчик,S4_b2b,3170,0.00012840995823973673
2021-03-15,строительный подрядчик,S4_b2b,3390,0.00013505781429418105
2021-03-22,строительный подрядчик,S4_b2b,2907,0.0001219060817773783
2021-03-29,строительный подрядчик,S4_b2b,3209,0.000130118715738364
2021-04-05,строительный подрядчик,S4_b2b,3100,0.00012164314112580522
2021-04-12,строительный подрядчик,S4_b2b,3259,0.00013046077181397227
2021-04-19,строительный подрядчик,S4_b2b,3674,0.00014475522648664153
2021-04-26,строительный подрядчик,S4_b2b,3052,0.00012808790202332768
2021-05-03,строительный подрядчик,S4_b2b,2013,9.187851727326988e-05
2021-05-10,строительный подрядчик,S4_b2b,2742,0.00011513218830399963
2021-05-17,строительный подрядчик,S4_b2b,3646,0.0001476654691172624
2021-05-24,строительный подрядчик,S4_b2b,3333,0.0001405730761956115
2021-05-31,строительный подрядчик,S4_b2b,2991,0.0001280166375917813
2021-06-07,строительный подрядчик,S4_b2b,2603,0.00011010687987268257
2021-06-14,строительный подрядчик,S4_b2b,2443,0.00010772666007874559
2021-06-21,строительный подрядчик,S4_b2b,2491,0.00010939348986298924
2021-06-28,строительный подрядчик,S4_b2b,2040,9.073998683444634e-05
2021-07-05,строительный подрядчик,S4_b2b,1806,8.279886406780465e-05
2021-07-12,строительный подрядчик,S4_b2b,1692,7.7906622028984e-05
2021-07-19,строительный подрядчик,S4_b2b,1865,8.484766511622914e-05
2021-07-26,строительный подрядчик,S4_b2b,1708,7.690422139617343e-05
2021-08-02,строительный подрядчик,S4_b2b,1637,7.32510376525194e-05
2021-08-09,строительный подрядчик,S4_b2b,1570,7.013087601628808e-05
2021-08-16,строительный подрядчик,S4_b2b,1696,7.494541696779999e-05
2021-08-23,строительный подрядчик,S4_b2b,1671,7.251314512197766e-05
2021-08-30,строительный подрядчик,S4_b2b,1805,7.619982471988618e-05
2021-09-06,строительный подрядчик,S4_b2b,2041,8.509799476682022e-05
2021-09-13,строительный подрядчик,S4_b2b,2554,0.00010138427766522584
2021-09-20,строительный подрядчик,S4_b2b,2981,0.00011507982510331093
2021-09-27,строительный подрядчик,S4_b2b,3586,0.0001423858930283096
2021-10-04,строительный подрядчик,S4_b2b,3242,0.00012844904480177285
2021-10-11,строительный подрядчик,S4_b2b,3248,0.00012332768279152805
2021-10-18,строительный подрядчик,S4_b2b,3229,0.00012172184386456591
2021-10-25,строительный подрядчик,S4_b2b,3283,0.0001275349787424169
2021-11-01,строительный подрядчик,S4_b2b,2939,0.00011858763820807693
2021-11-08,строительный подрядчик,S4_b2b,4021,0.00014686158380534253
2021-11-15,строительный подрядчик,S4_b2b,3952,0.00014238559090159477
2021-11-22,строительный подрядчик,S4_b2b,3763,0.00013609395980221606
2021-11-29,строительный подрядчик,S4_b2b,3855,0.00014090915501353528
2021-12-06,строительный подрядчик,S4_b2b,3793,0.00013731457648510822
2021-12-13,строительный подрядчик,S4_b2b,3974,0.00014267827985144286
2021-12-20,строительный подрядчик,S4_b2b,3413,0.00012480626998850303
2021-12-27,строительный подрядчик,S4_b2b,1368,6.003870131552668e-05
2022-01-03,строительный подрядчик,S4_b2b,1086,4.615470553759414e-05
2022-01-10,строительный подрядчик,S4_b2b,2879,0.00010462145497767512
2022-01-17,строительный подрядчик,S4_b2b,2750,9.672622769851561e-05
2022-01-24,строительный подрядчик,S4_b2b,3390,0.00011630703910899223
2022-01-31,строительный подрядчик,S4_b2b,4340,0.00014631578929411645
2022-02-07,строительный подрядчик,S4_b2b,3891,0.0001282222315581071
2022-02-14,строительный подрядчик,S4_b2b,3884,0.00013096046405688033
2022-02-21,строительный подрядчик,S4_b2b,3156,0.0001109825864460685
2022-02-28,строительный подрядчик,S4_b2b,3421,0.0001182645023414617
2022-03-07,строительный подрядчик,S4_b2b,2819,0.00010063982297610078
2022-03-14,строительный подрядчик,S4_b2b,3880,0.00013252164934288906
2022-03-21,строительный подрядчик,S4_b2b,3533,0.00012380441822765166
2022-03-28,строительный подрядчик,S4_b2b,4011,0.0001403060480399576
2022-04-04,строительный подрядчик,S4_b2b,4079,0.0001425506328857038
2022-04-11,строительный подрядчик,S4_b2b,3811,0.00013556337347423751
2022-04-18,строительный подрядчик,S4_b2b,3768,0.00013539735266446278
2022-04-25,строительный подрядчик,S4_b2b,3623,0.00013592553138741498
2022-05-02,строительный подрядчик,S4_b2b,2752,0.00010942326289177517
2022-05-09,строительный подрядчик,S4_b2b,3525,0.000129934497388002
2022-05-16,строительный подрядчик,S4_b2b,4030,0.00014126678933575913
2022-05-23,строительный подрядчик,S4_b2b,3143,0.00011447965281849299
2022-05-30,строительный подрядчик,S4_b2b,3269,0.00012789694653258566
2022-06-06,строительный подрядчик,S4_b2b,2376,9.580097144967148e-05
2022-06-13,строительный подрядчик,S4_b2b,2351,9.505402888994041e-05
2022-06-20,строительный подрядчик,S4_b2b,2584,0.0001011613168845742
2022-06-27,строительный подрядчик,S4_b2b,1930,8.044346848631582e-05
2022-07-04,строительный подрядчик,S4_b2b,1922,8.189043875046665e-05
2022-07-11,строительный подрядчик,S4_b2b,1879,7.882802102860255e-05
2022-07-18,строительный подрядчик,S4_b2b,1800,7.583820527127779e-05
2022-07-25,строительный подрядчик,S4_b2b,1762,7.424588417519702e-05
2022-08-01,строительный подрядчик,S4_b2b,1793,7.570340663653665e-05
2022-08-08,строительный подрядчик,S4_b2b,1836,7.702362764174027e-05
2022-08-15,строительный подрядчик,S4_b2b,1651,6.765168800121789e-05
2022-08-22,строительный подрядчик,S4_b2b,1594,6.496847422314322e-05
2022-08-29,строительный подрядчик,S4_b2b,1807,7.124081667581603e-05
2022-09-05,строительный подрядчик,S4_b2b,2222,8.173553389408513e-05
2022-09-12,строительный подрядчик,S4_b2b,2501,9.098506358601034e-05
2022-09-19,строительный подрядчик,S4_b2b,2318,8.302023559935166e-05
2022-09-26,строительный подрядчик,S4_b2b,2417,8.850966205014526e-05
2022-10-03,строительный подрядчик,S4_b2b,2410,8.802181960248968e-05
2022-10-10,строительный подрядчик,S4_b2b,2669,9.651305419099764e-05
2022-10-17,строительный подрядчик,S4_b2b,3106,0.00010652266141749878
2022-10-24,строительный подрядчик,S4_b2b,3156,0.00011129790295686302
2022-10-31,строительный подрядчик,S4_b2b,3074,0.00011074097112326939
2022-11-07,строительный подрядчик,S4_b2b,3657,0.00012673192732982528
2022-11-14,строительный подрядчик,S4_b2b,3935,0.00013046900259330434
2022-11-21,строительный подрядчик,S4_b2b,4125,0.00013747651814001707
2022-11-28,строительный подрядчик,S4_b2b,4188,0.00014022966907616263
2022-12-05,строительный подрядчик,S4_b2b,3486,0.00011694640995476852
2022-12-12,строительный подрядчик,S4_b2b,4182,0.00014170317299461185
2022-12-19,строительный подрядчик,S4_b2b,3291,0.00011315828274674711
2022-12-26,строительный подрядчик,S4_b2b,1792,7.417987750917746e-05
2023-01-02,строительный подрядчик,S4_b2b,832,3.401868421277127e-05
2023-01-09,строительный подрядчик,S4_b2b,2687,9.420406159384653e-05
2023-01-16,строительный подрядчик,S4_b2b,2903,9.94790107045611e-05
2023-01-23,строительный подрядчик,S4_b2b,3109,0.00010660077425366415
2023-01-30,строительный подрядчик,S4_b2b,3064,0.00010568023696000752
2023-02-06,строительный подрядчик,S4_b2b,3286,0.00011335520558016257
2023-02-13,строительный подрядчик,S4_b2b,3359,0.00011627740514823421
2023-02-20,строительный подрядчик,S4_b2b,2186,8.003169457197893e-05
2023-02-27,строительный подрядчик,S4_b2b,3672,0.0001270909038241503
2023-03-06,строительный подрядчик,S4_b2b,2957,0.0001073782019903399
2023-03-13,строительный подрядчик,S4_b2b,3971,0.00013843781056460265
2023-03-20,строительный подрядчик,S4_b2b,3513,0.00012663739862858733
2023-03-27,строительный подрядчик,S4_b2b,3306,0.00012040659809102266
2023-04-03,строительный подрядчик,S4_b2b,3717,0.00013490481735081985
2023-04-10,строительный подрядчик,S4_b2b,3846,0.00014185002475271868
2023-04-17,строительный подрядчик,S4_b2b,3867,0.0001430429487726169
2023-04-24,строительный подрядчик,S4_b2b,3733,0.00014083303444605914
2023-05-01,строительный подрядчик,S4_b2b,3120,0.00012253582926537783
2023-05-08,строительный подрядчик,S4_b2b,3064,0.00012155010416843928
2023-05-15,строительный подрядчик,S4_b2b,3936,0.00015055434713060378
2023-05-22,строительный подрядчик,S4_b2b,3148,0.000125176724643001
2023-05-29,строительный подрядчик,S4_b2b,3303,0.00013449396907991063
2023-06-05,строительный подрядчик,S4_b2b,2244,9.306809621020951e-05
2023-06-12,строительный подрядчик,S4_b2b,2090,8.889129554155942e-05
2023-06-19,строительный подрядчик,S4_b2b,2338,9.737260576541742e-05
2023-06-26,строительный подрядчик,S4_b2b,1990,8.50080581124654e-05
2023-07-03,строительный подрядчик,S4_b2b,1795,7.92019938206675e-05
2023-07-10,строительный подрядчик,S4_b2b,1785,7.745759541630165e-05
2023-07-17,строительный подрядчик,S4_b2b,1665,7.296571066221267e-05
2023-07-24,строительный подрядчик,S4_b2b,1623,7.054256623462778e-05
2023-07-31,строительный подрядчик,S4_b2b,1579,7.017302085785186e-05
2023-08-07,строительный подрядчик,S4_b2b,1837,7.993578871664743e-05
2023-08-14,строительный подрядчик,S4_b2b,1650,7.304713705279963e-05
2023-08-21,строительный подрядчик,S4_b2b,1645,7.323279436419967e-05
2023-08-28,строительный подрядчик,S4_b2b,1547,6.899396989135265e-05
2023-09-04,строительный подрядчик,S4_b2b,2155,8.796409271610976e-05
2023-09-11,строительный подрядчик,S4_b2b,2500,9.862381900935451e-05
2023-09-18,строительный подрядчик,S4_b2b,2589,9.992177005364767e-05
2023-09-25,строительный подрядчик,S4_b2b,2936,0.00011196744084448527
2023-10-02,строительный подрядчик,S4_b2b,2643,9.982764800008953e-05
2023-10-09,строительный подрядчик,S4_b2b,4620,0.0001714910802773143
2023-10-16,строительный подрядчик,S4_b2b,3313,0.00012013915797358684
2023-10-23,строительный подрядчик,S4_b2b,3064,0.00011325026299148683
2023-10-30,строительный подрядчик,S4_b2b,2598,0.00010167792313679239
2023-11-06,строительный подрядчик,S4_b2b,3145,0.00011760237418858932
2023-11-13,строительный подрядчик,S4_b2b,3765,0.00013587831087827557
2023-11-20,строительный подрядчик,S4_b2b,3665,0.00013071577764598528
2023-11-27,строительный подрядчик,S4_b2b,3593,0.0001269151335584043
2023-12-04,строительный подрядчик,S4_b2b,3116,0.00010893845231400908
2023-12-11,строительный подрядчик,S4_b2b,3531,0.00012576278754652527
2023-12-18,строительный подрядчик,S4_b2b,3679,0.00013395977326738527
2023-12-25,строительный подрядчик,S4_b2b,2123,8.868136415594233e-05
2024-01-01,строительный подрядчик,S4_b2b,672,2.863942326243104e-05
2024-01-08,строительный подрядчик,S4_b2b,2298,8.471435004078923e-05
2024-01-15,строительный подрядчик,S4_b2b,3054,0.00010747832480682044
2024-01-22,строительный подрядчик,S4_b2b,2967,0.00010384685276285421
2024-01-29,строительный подрядчик,S4_b2b,3446,0.00012430504654800325
2024-02-05,строительный подрядчик,S4_b2b,3370,0.00012429256553534823
2024-02-12,строительный подрядчик,S4_b2b,3344,0.0001233317094572198
2024-02-19,строительный подрядчик,S4_b2b,2674,0.0001029150533368964
2024-02-26,строительный подрядчик,S4_b2b,3849,0.0001337745170332512
2024-03-04,строительный подрядчик,S4_b2b,3220,0.00011953609334055291
2024-03-11,строительный подрядчик,S4_b2b,3907,0.00014928275373917008
2024-03-18,строительный подрядчик,S4_b2b,3984,0.00015333189444589898
2024-03-25,строительный подрядчик,S4_b2b,3464,0.00013975311589748776
2024-04-01,строительный подрядчик,S4_b2b,3563,0.00013825157239977706
2024-04-08,строительный подрядчик,S4_b2b,3792,0.00014894078685568523
2024-04-15,строительный подрядчик,S4_b2b,4309,0.00016761351661491079
2024-04-22,строительный подрядчик,S4_b2b,4515,0.00017709220367360617
2024-04-29,строительный подрядчик,S4_b2b,2640,0.00011507827284768966
2024-05-06,строительный подрядчик,S4_b2b,2845,0.00011841828975904682
2024-05-13,строительный подрядчик,S4_b2b,4593,0.00018380299455120205
2024-05-20,строительный подрядчик,S4_b2b,4284,0.0001820870578336387
2024-05-27,строительный подрядчик,S4_b2b,3832,0.0001688452207678624
2024-06-03,строительный подрядчик,S4_b2b,2732,0.00012150990036404771
2024-06-10,строительный подрядчик,S4_b2b,2097,9.602011350763358e-05
2024-06-17,строительный подрядчик,S4_b2b,2537,0.00011428812440789139
2024-06-24,строительный подрядчик,S4_b2b,2173,0.00010227737202416627
2024-07-01,строительный подрядчик,S4_b2b,2144,0.0001017389486362438
2024-07-08,строительный подрядчик,S4_b2b,1893,9.175956841064894e-05
2024-07-15,строительный подрядчик,S4_b2b,1806,8.717725005336782e-05
2024-07-22,строительный подрядчик,S4_b2b,1983,9.405205119491525e-05
2024-07-29,строительный подрядчик,S4_b2b,1768,8.315986567913135e-05
2024-08-05,строительный подрядчик,S4_b2b,1711,7.964131780973952e-05
2024-08-12,строительный подрядчик,S4_b2b,1671,8.023711988663217e-05
2024-08-19,строительный подрядчик,S4_b2b,1632,7.756397264493584e-05
2024-08-26,строительный подрядчик,S4_b2b,1652,7.787821431151077e-05
2024-09-02,строительный подрядчик,S4_b2b,2011,9.371993001754334e-05
2024-09-09,строительный подрядчик,S4_b2b,2450,0.00010629459843411613
2024-09-16,строительный подрядчик,S4_b2b,2796,0.0001171612652596184
2024-09-23,строительный подрядчик,S4_b2b,2915,0.00011942206775555182
2024-09-30,строительный подрядчик,S4_b2b,2999,0.00012005240462396485
2024-10-07,строительный подрядчик,S4_b2b,3594,0.0001385877652374805
2024-10-14,строительный подрядчик,S4_b2b,3122,0.0001278725398765068
2024-10-21,строительный подрядчик,S4_b2b,3348,0.00012949223537540462
2024-10-28,строительный подрядчик,S4_b2b,3303,0.0001313179354732815
2024-11-04,строительный подрядчик,S4_b2b,3405,0.000128032065094886
2024-11-11,строительный подрядчик,S4_b2b,4154,0.0001512098955870445
2024-11-18,строительный подрядчик,S4_b2b,4099,0.0001537702797400296
2024-11-25,строительный подрядчик,S4_b2b,4532,0.00015733589710488122
2024-12-02,строительный подрядчик,S4_b2b,3954,0.0001435132951520579
2024-12-09,строительный подрядчик,S4_b2b,4237,0.00015290191792190547
2024-12-16,строительный подрядчик,S4_b2b,4392,0.00015374130828396792
2024-12-23,строительный подрядчик,S4_b2b,3240,0.00012122970137831144
2024-12-30,строительный подрядчик,S4_b2b,461,2.131957668825251e-05
2025-01-06,строительный подрядчик,S4_b2b,1669,6.689876438739748e-05
2025-01-13,строительный подрядчик,S4_b2b,3372,0.00012087453448365178
2025-01-20,строительный подрядчик,S4_b2b,3441,0.00012022815324531561
2025-01-27,строительный подрядчик,S4_b2b,3844,0.00013314946634390118
2025-02-03,строительный подрядчик,S4_b2b,3903,0.00013446482156091838
2025-02-10,строительный подрядчик,S4_b2b,4001,0.00013948323800958438
2025-02-17,строительный подрядчик,S4_b2b,3719,0.00013218713737374338
2025-02-24,строительный подрядчик,S4_b2b,4561,0.00016331764791994568
2025-03-03,строительный подрядчик,S4_b2b,4171,0.00015413116651475067
2025-03-10,строительный подрядчик,S4_b2b,4891,0.0001751966863455637
2025-03-17,строительный подрядчик,S4_b2b,4788,0.00017396737322794678
2025-03-24,строительный подрядчик,S4_b2b,4250,0.00016235856398724732
2025-03-31,строительный подрядчик,S4_b2b,4234,0.0001567380543844696
2025-04-07,строительный подрядчик,S4_b2b,4606,0.00017029470130658226
2025-04-14,строительный подрядчик,S4_b2b,4321,0.00016605069429549775
2025-04-21,строительный подрядчик,S4_b2b,4243,0.00016078680682489376
2025-04-28,строительный подрядчик,S4_b2b,2786,0.000114786598456976
2025-05-05,строительный подрядчик,S4_b2b,2785,0.00011732262712896098
2025-05-12,строительный подрядчик,S4_b2b,4225,0.00016379580835841883
2025-05-19,строительный подрядчик,S4_b2b,4002,0.00016582417983584404
2025-05-26,строительный подрядчик,S4_b2b,3417,0.00014666518792789336
2025-06-02,строительный подрядчик,S4_b2b,2792,0.00012108040015034005
2025-06-09,строительный подрядчик,S4_b2b,2245,9.449686646770245e-05
2025-06-16,строительный подрядчик,S4_b2b,3175,0.00012635998510856134
2025-06-23,строительный подрядчик,S4_b2b,2821,0.00011354343441294947
2025-06-30,строительный подрядчик,S4_b2b,2241,9.26368014150915e-05
2025-07-07,строительный подрядчик,S4_b2b,2197,9.246386780452351e-05
2025-07-14,строительный подрядчик,S4_b2b,2362,9.955207131360788e-05
2025-07-21,строительный подрядчик,S4_b2b,2304,9.692943502800787e-05
2025-07-28,строительный подрядчик,S4_b2b,2130,8.986670289664593e-05
2025-08-04,строительный подрядчик,S4_b2b,2163,9.073683370599575e-05
2025-08-11,строительный подрядчик,S4_b2b,2102,8.898669944887002e-05
2025-08-18,строительный подрядчик,S4_b2b,2040,8.6780500256199e-05
2025-08-25,строительный подрядчик,S4_b2b,1973,8.392382192573014e-05
2025-09-01,строительный подрядчик,S4_b2b,2371,9.773647984768761e-05
2025-09-08,строительный подрядчик,S4_b2b,2848,0.00011208763465925257
2025-09-15,строительный подрядчик,S4_b2b,3261,0.00012746176664997147
2025-09-22,строительный подрядчик,S4_b2b,3309,0.00012698446654012878
2025-09-29,строительный подрядчик,S4_b2b,3197,0.00012340797221198024
2025-10-06,строительный подрядчик,S4_b2b,3208,0.00012225209632067978
2025-10-13,строительный подрядчик,S4_b2b,4852,0.0001769442026992089
2025-10-20,строительный подрядчик,S4_b2b,3391,0.00012513562865335077
2025-10-27,строительный подрядчик,S4_b2b,3483,0.00013351371753398623
2025-11-03,строительный подрядчик,S4_b2b,2828,0.00010806781280627366
2025-11-10,строительный подрядчик,S4_b2b,4088,0.00015026194192485038
2025-11-17,строительный подрядчик,S4_b2b,4075,0.00014735363182948375
2025-11-24,строительный подрядчик,S4_b2b,4072,0.0001453915089520669
2025-12-01,строительный подрядчик,S4_b2b,3620,0.00012966276202063798
2025-12-08,строительный подрядчик,S4_b2b,3696,0.0001355483411475002
2025-12-15,строительный подрядчик,S4_b2b,3599,0.00013814343979940254
2025-12-22,строительный подрядчик,S4_b2b,2705,0.00011317652769910226
2025-12-29,строительный подрядчик,S4_b2b,648,3.217758005568518e-05
2026-01-05,строительный подрядчик,S4_b2b,650,3.055077811365418e-05
2026-01-12,строительный подрядчик,S4_b2b,2617,0.00010771869669277685
2026-01-19,строительный подрядчик,S4_b2b,3315,0.00013204045838182497
2026-01-26,строительный подрядчик,S4_b2b,3095,0.00012532438968061873
2026-02-02,строительный подрядчик,S4_b2b,3110,0.00012664810173002012
2026-02-09,строительный подрядчик,S4_b2b,3239,0.00013507127131961725
2026-02-16,строительный подрядчик,S4_b2b,2767,0.0001204599449943061
2026-02-23,строительный подрядчик,S4_b2b,2446,0.00010845263940609902
2026-03-02,строительный подрядчик,S4_b2b,2885,0.00013129744913458998
2026-03-09,строительный подрядчик,S4_b2b,3203,0.00012939390190754705
2026-03-16,строительный подрядчик,S4_b2b,3592,0.0001369290597424095
2026-03-23,строительный подрядчик,S4_b2b,3391,0.00013038164018356984
2026-03-30,строительный подрядчик,S4_b2b,3130,0.00012270719142988012
2026-04-06,строительный подрядчик,S4_b2b,3654,0.0001381271845221545
2026-04-13,строительный подрядчик,S4_b2b,3722,0.00014025602859252617
2026-04-20,строительный подрядчик,S4_b2b,3499,0.00013219811396150919
2026-04-27,строительный подрядчик,S4_b2b,2862,0.00011534813725701746
2026-05-04,строительный подрядчик,S4_b2b,3019,0.00013038302762384394
2026-05-11,строительный подрядчик,S4_b2b,3161,0.0001309038523636321
2026-05-18,строительный подрядчик,S4_b2b,3333,0.0001375504452071489
2026-05-25,строительный подрядчик,S4_b2b,2993,0.00012338245239055883
2026-06-01,строительный подрядчик,S4_b2b,3301,0.00013726547491897008
2026-06-08,строительный подрядчик,S4_b2b,2161,9.025245039965574e-05
2026-06-15,строительный подрядчик,S4_b2b,2556,0.00010488936777314334
2026-06-22,строительный подрядчик,S4_b2b,2306,9.437422913806723e-05
2026-06-29,строительный подрядчик,S4_b2b,2185,9.235347555886635e-05
2026-07-06,строительный подрядчик,S4_b2b,2146,8.858706420241347e-05
2026-07-13,строительный подрядчик,S4_b2b,2135,8.296165221116998e-05
2026-07-20,строительный подрядчик,S4_b2b,2242,8.398572123615617e-05
2026-07-27,строительный подрядчик,S4_b2b,1993,7.712069476686528e-05
2026-08-03,строительный подрядчик,S4_b2b,1961,7.731244328879965e-05
2026-08-10,строительный подрядчик,S4_b2b,2083,8.08485278975061e-05
2026-08-17,строительный подрядчик,S4_b2b,1913,7.48281657618781e-05
2018-01-01,подряд на строительство,S4_procure,293,1.993643221638528e-05
2018-01-08,подряд на строительство,S4_procure,609,3.521374864832474e-05
2018-01-15,подряд на строительство,S4_procure,667,3.613607323238432e-05
2018-01-22,подряд на строительство,S4_procure,796,4.198494215324164e-05
2018-01-29,подряд на строительство,S4_procure,936,4.954299186250166e-05
2018-02-05,подряд на строительство,S4_procure,841,4.3596475158526024e-05
2018-02-12,подряд на строительство,S4_procure,758,4.021011947526174e-05
2018-02-19,подряд на строительство,S4_procure,748,3.820469449632646e-05
2018-02-26,подряд на строительство,S4_procure,918,4.535059435182287e-05
2018-03-05,подряд на строительство,S4_procure,636,3.446281467742081e-05
2018-03-12,подряд на строительство,S4_procure,877,4.429298653825886e-05
2018-03-19,подряд на строительство,S4_procure,932,4.949602780701712e-05
2018-03-26,подряд на строительство,S4_procure,872,4.7341056910225264e-05
2018-04-02,подряд на строительство,S4_procure,823,4.641518950081691e-05
2018-04-09,подряд на строительство,S4_procure,835,4.723503676399645e-05
2018-04-16,подряд на строительство,S4_procure,895,5.010353178278436e-05
2018-04-23,подряд на строительство,S4_procure,883,4.9051100298616656e-05
2018-04-30,подряд на строительство,S4_procure,631,3.993181023857513e-05
2018-05-07,подряд на строительство,S4_procure,695,4.1431390468069685e-05
2018-05-14,подряд на строительство,S4_procure,872,4.97517454655332e-05
2018-05-21,подряд на строительство,S4_procure,924,5.5164441786022494e-05
2018-05-28,подряд на строительство,S4_procure,838,4.9879228222296836e-05
2018-06-04,подряд на строительство,S4_procure,805,4.769782323340172e-05
2018-06-11,подряд на строительство,S4_procure,532,3.389406206390761e-05
2018-06-18,подряд на строительство,S4_procure,653,3.99391038147676e-05
2018-06-25,подряд на строительство,S4_procure,705,4.399520380887684e-05
2018-07-02,подряд на строительство,S4_procure,724,4.529286241911366e-05
2018-07-09,подряд на строительство,S4_procure,602,3.9265614251323455e-05
2018-07-16,подряд на строительство,S4_procure,683,4.359599675846977e-05
2018-07-23,подряд на строительство,S4_procure,654,4.1286397508044965e-05
2018-07-30,подряд на строительство,S4_procure,558,3.5145852677868366e-05
2018-08-06,подряд на строительство,S4_procure,611,3.838944701420289e-05
2018-08-13,подряд на строительство,S4_procure,670,4.1696593255524264e-05
2018-08-20,подряд на строительство,S4_procure,579,3.705013251575e-05
2018-08-27,подряд на строительство,S4_procure,541,3.356051333970139e-05
2018-09-03,подряд на строительство,S4_procure,656,3.754901899218334e-05
2018-09-10,подряд на строительство,S4_procure,703,3.882753048562887e-05
2018-09-17,подряд на строительство,S4_procure,840,4.3618459674850865e-05
2018-09-24,подряд на строительство,S4_procure,820,4.0242071390662525e-05
2018-10-01,подряд на строительство,S4_procure,822,3.9937600307783443e-05
2018-10-08,подряд на строительство,S4_procure,893,4.286387217650406e-05
2018-10-15,подряд на строительство,S4_procure,874,4.1905290907802465e-05
2018-10-22,подряд на строительство,S4_procure,999,4.8136396958432895e-05
2018-10-29,подряд на строительство,S4_procure,731,3.608267327256336e-05
2018-11-05,подряд на строительство,S4_procure,697,3.602010290314985e-05
2018-11-12,подряд на строительство,S4_procure,910,4.5359077917775195e-05
2018-11-19,подряд на строительство,S4_procure,735,3.686249569259857e-05
2018-11-26,подряд на строительство,S4_procure,927,4.6948134372681295e-05
2018-12-03,подряд на строительство,S4_procure,815,3.9690144177341474e-05
2018-12-10,подряд на строительство,S4_procure,771,3.856675098620647e-05
2018-12-17,подряд на строительство,S4_procure,779,3.937394409911025e-05
2018-12-24,подряд на строительство,S4_procure,526,2.9127210410768928e-05
2018-12-31,подряд на строительство,S4_procure,241,1.5071308595861072e-05
2019-01-07,подряд на строительство,S4_procure,495,2.5744027260725967e-05
2019-01-14,подряд на строительство,S4_procure,637,3.057033760554857e-05
2019-01-21,подряд на строительство,S4_procure,816,3.8271794243990245e-05
2019-01-28,подряд на строительство,S4_procure,788,3.748688412180827e-05
2019-02-04,подряд на строительство,S4_procure,659,3.0913066427516056e-05
2019-02-11,подряд на строительство,S4_procure,691,3.287479294607366e-05
2019-02-18,подряд на строительство,S4_procure,724,3.526948635820866e-05
2019-02-25,подряд на строительство,S4_procure,833,3.999113435438301e-05
2019-03-04,подряд на строительство,S4_procure,762,3.9516879492461795e-05
2019-03-11,подряд на строительство,S4_procure,926,4.4948084811568485e-05
2019-03-18,подряд на строительство,S4_procure,900,4.4723068165268106e-05
2019-03-25,подряд на строительство,S4_procure,1045,5.355482433375729e-05
2019-04-01,подряд на строительство,S4_procure,969,4.955632199348376e-05
2019-04-08,подряд на строительство,S4_procure,858,4.3724561942953606e-05
2019-04-15,подряд на строительство,S4_procure,882,4.493486805505186e-05
2019-04-22,подряд на строительство,S4_procure,818,4.4366034294637525e-05
2019-04-29,подряд на строительство,S4_procure,504,2.9830801875801305e-05
2019-05-06,подряд на строительство,S4_procure,480,2.8792145802063516e-05
2019-05-13,подряд на строительство,S4_procure,819,4.333247828494965e-05
2019-05-20,подряд на строительство,S4_procure,830,4.437906238184075e-05
2019-05-27,подряд на строительство,S4_procure,630,3.5557116426425547e-05
2019-06-03,подряд на строительство,S4_procure,673,3.868529395415512e-05
2019-06-10,подряд на строительство,S4_procure,655,3.8591499858158856e-05
2019-06-17,подряд на строительство,S4_procure,704,4.211957429090539e-05
2019-06-24,подряд на строительство,S4_procure,637,3.7516260133149225e-05
2019-07-01,подряд на строительство,S4_procure,506,3.0239965776199617e-05
2019-07-08,подряд на строительство,S4_procure,564,3.421234401098608e-05
2019-07-15,подряд на строительство,S4_procure,530,3.231473890374453e-05
2019-07-22,подряд на строительство,S4_procure,534,3.262632077876359e-05
2019-07-29,подряд на строительство,S4_procure,462,2.781467605608332e-05
2019-08-05,подряд на строительство,S4_procure,488,2.9007109858990945e-05
2019-08-12,подряд на строительство,S4_procure,496,3.0119007765869176e-05
2019-08-19,подряд на строительство,S4_procure,524,3.2351200164021076e-05
2019-08-26,подряд на строительство,S4_procure,440,2.7088243112027246e-05
2019-09-02,подряд на строительство,S4_procure,596,3.490593283325907e-05
2019-09-09,подряд на строительство,S4_procure,591,3.263711472054505e-05
2019-09-16,подряд на строительство,S4_procure,642,3.362948463242241e-05
2019-09-23,подряд на строительство,S4_procure,599,3.104154438563244e-05
2019-09-30,подряд на строительство,S4_procure,787,4.0196836194363154e-05
2019-10-07,подряд на строительство,S4_procure,840,4.220516360521162e-05
2019-10-14,подряд на строительство,S4_procure,854,4.246945080651571e-05
2019-10-21,подряд на строительство,S4_procure,784,3.9052934342693484e-05
2019-10-28,подряд на строительство,S4_procure,807,4.136347162942859e-05
2019-11-04,подряд на строительство,S4_procure,723,3.5953938749663615e-05
2019-11-11,подряд на строительство,S4_procure,822,3.986851064477957e-05
2019-11-18,подряд на строительство,S4_procure,972,4.5690723204415195e-05
2019-11-25,подряд на строительство,S4_procure,846,3.836350350727017e-05
2019-12-02,подряд на строительство,S4_procure,958,4.42115166586205e-05
2019-12-09,подряд на строительство,S4_procure,1028,4.74854677296838e-05
2019-12-16,подряд на строительство,S4_procure,817,3.771067148554952e-05
2019-12-23,подряд на строительство,S4_procure,614,3.065923912411004e-05
2019-12-30,подряд на строительство,S4_procure,237,1.3537957794611151e-05
2020-01-06,подряд на строительство,S4_procure,521,2.5631454848973192e-05
2020-01-13,подряд на строительство,S4_procure,864,3.728090328666903e-05
2020-01-20,подряд на строительство,S4_procure,862,3.5397288607689125e-05
2020-01-27,подряд на строительство,S4_procure,831,3.712497597380785e-05
2020-02-03,подряд на строительство,S4_procure,907,4.081276966784447e-05
2020-02-10,подряд на строительство,S4_procure,850,3.754586771604452e-05
2020-02-17,подряд на строительство,S4_procure,778,3.476095200480518e-05
2020-02-24,подряд на строительство,S4_procure,726,3.275897307111655e-05
2020-03-02,подряд на строительство,S4_procure,804,3.730296336388046e-05
2020-03-09,подряд на строительство,S4_procure,775,3.509852643447126e-05
2020-03-16,подряд на строительство,S4_procure,1100,4.9086951728446795e-05
2020-03-23,подряд на строительство,S4_procure,1362,6.109214966132523e-05
2020-03-30,подряд на строительство,S4_procure,737,3.126085772671895e-05
2020-04-06,подряд на строительство,S4_procure,1562,5.552266858398693e-05
2020-04-13,подряд на строительство,S4_procure,1590,5.558675992711657e-05
2020-04-20,подряд на строительство,S4_procure,1534,5.344729951413181e-05
2020-04-27,подряд на строительство,S4_procure,1228,4.718030626396559e-05
2020-05-04,подряд на строительство,S4_procure,943,4.0766110220761394e-05
2020-05-11,подряд на строительство,S4_procure,1581,6.0262179726554494e-05
2020-05-18,подряд на строительство,S4_procure,1672,6.421452856066803e-05
2020-05-25,подряд на строительство,S4_procure,1610,7.015391121484485e-05
2020-06-01,подряд на строительство,S4_procure,1579,7.163168123638732e-05
2020-06-08,подряд на строительство,S4_procure,1109,5.4487957248565965e-05
2020-06-15,подряд на строительство,S4_procure,1075,5.220856392119779e-05
2020-06-22,подряд на строительство,S4_procure,1113,5.542599652785762e-05
2020-06-29,подряд на строительство,S4_procure,718,3.663649953852629e-05
2020-07-06,подряд на строительство,S4_procure,737,3.883543077672278e-05
2020-07-13,подряд на строительство,S4_procure,671,3.5542095423252524e-05
2020-07-20,подряд на строительство,S4_procure,616,3.251349661371352e-05
2020-07-27,подряд на строительство,S4_procure,747,3.951181200251075e-05
2020-08-03,подряд на строительство,S4_procure,660,3.5074840286794474e-05
2020-08-10,подряд на строительство,S4_procure,623,3.280459273397206e-05
2020-08-17,подряд на строительство,S4_procure,549,2.879681311239816e-05
2020-08-24,подряд на строительство,S4_procure,621,3.233537363934811e-05
2020-08-31,подряд на строительство,S4_procure,644,3.219986868893548e-05
2020-09-07,подряд на строительство,S4_procure,747,3.44992012174104e-05
2020-09-14,подряд на строительство,S4_procure,906,4.0112751010298964e-05
2020-09-21,подряд на строительство,S4_procure,1084,4.732219774267634e-05
2020-09-28,подряд на строительство,S4_procure,971,4.207006741565829e-05
2020-10-05,подряд на строительство,S4_procure,1099,4.645860212283802e-05
2020-10-12,подряд на строительство,S4_procure,1377,5.616224277903874e-05
2020-10-19,подряд на строительство,S4_procure,1374,5.466099828295363e-05
2020-10-26,подряд на строительство,S4_procure,1384,5.5085374947977857e-05
2020-11-02,подряд на строительство,S4_procure,1222,4.877287605490816e-05
2020-11-09,подряд на строительство,S4_procure,1341,4.9939418960088956e-05
2020-11-16,подряд на строительство,S4_procure,1451,5.290291965143028e-05
2020-11-23,подряд на строительство,S4_procure,1535,5.5250766611225585e-05
2020-11-30,подряд на строительство,S4_procure,1452,5.4860236523683214e-05
2020-12-07,подряд на строительство,S4_procure,1513,5.809728074099304e-05
2020-12-14,подряд на строительство,S4_procure,1610,6.220116156998978e-05
2020-12-21,подряд на строительство,S4_procure,1097,4.441937086360476e-05
2020-12-28,подряд на строительство,S4_procure,454,2.2770794822362427e-05
2021-01-04,подряд на строительство,S4_procure,532,2.4760837905786642e-05
2021-01-11,подряд на строительство,S4_procure,1078,4.3516542438994534e-05
2021-01-18,подряд на строительство,S4_procure,1091,4.3773021994120815e-05
2021-01-25,подряд на строительство,S4_procure,1102,4.4269118613221e-05
2021-02-01,подряд на строительство,S4_procure,1111,4.524631626841202e-05
2021-02-08,подряд на строительство,S4_procure,1178,4.6524312142458464e-05
2021-02-15,подряд на строительство,S4_procure,1113,4.3426529929730056e-05
2021-02-22,подряд на строительство,S4_procure,933,3.814586777209123e-05
2021-03-01,подряд на строительство,S4_procure,1106,4.5700169950626685e-05
2021-03-08,подряд на строительство,S4_procure,1220,4.9419605379330855e-05
2021-03-15,подряд на строительство,S4_procure,1250,4.980007901702842e-05
2021-03-22,подряд на строительство,S4_procure,1519,6.369980674917015e-05
2021-03-29,подряд на строительство,S4_procure,1464,5.9362355824545005e-05
2021-04-05,подряд на строительство,S4_procure,1303,5.1129358995782e-05
2021-04-12,подряд на строительство,S4_procure,1492,5.9726134257884816e-05
2021-04-19,подряд на строительство,S4_procure,1696,6.682222757793796e-05
2021-04-26,подряд на строительство,S4_procure,1445,6.0644501449445766e-05
2021-05-03,подряд на строительство,S4_procure,930,4.244760112475956e-05
2021-05-10,подряд на строительство,S4_procure,1281,5.378713829957094e-05
2021-05-17,подряд на строительство,S4_procure,1411,5.7146455547026125e-05
2021-05-24,подряд на строительство,S4_procure,1591,6.710223949211458e-05
2021-05-31,подряд на строительство,S4_procure,1539,6.587014552114726e-05
2021-06-07,подряд на строительство,S4_procure,1171,4.953329094541348e-05
2021-06-14,подряд на строительство,S4_procure,1023,4.5110263307636816e-05
2021-06-21,подряд на строительство,S4_procure,945,4.1500139671025626e-05
2021-06-28,подряд на строительство,S4_procure,785,3.491710277698058e-05
2021-07-05,подряд на строительство,S4_procure,781,3.580615328735074e-05
2021-07-12,подряд на строительство,S4_procure,716,3.2967577643470774e-05
2021-07-19,подряд на строительство,S4_procure,638,2.902563557327302e-05
2021-07-26,подряд на строительство,S4_procure,693,3.1202942287791676e-05
2021-08-02,подряд на строительство,S4_procure,633,2.8324927815543543e-05
2021-08-09,подряд на строительство,S4_procure,740,3.305531735799566e-05
2021-08-16,подряд на строительство,S4_procure,706,3.11977973934356e-05
2021-08-23,подряд на строительство,S4_procure,809,3.510660347317769e-05
2021-08-30,подряд на строительство,S4_procure,756,3.191527284666701e-05
2021-09-06,подряд на строительство,S4_procure,871,3.631570477310162e-05
2021-09-13,подряд на строительство,S4_procure,1000,3.969627159954026e-05
2021-09-20,подряд на строительство,S4_procure,1001,3.8643040901849794e-05
2021-09-27,подряд на строительство,S4_procure,1115,4.4272245043660126e-05
2021-10-04,подряд на строительство,S4_procure,1067,4.2274870698177554e-05
2021-10-11,подряд на строительство,S4_procure,1305,4.9551301121596096e-05
2021-10-18,подряд на строительство,S4_procure,1166,4.3954063160756843e-05
2021-10-25,подряд на строительство,S4_procure,1101,4.277064014480689e-05
2021-11-01,подряд на строительство,S4_procure,1001,4.039000539172678e-05
2021-11-08,подряд на строительство,S4_procure,1284,4.689636249839837e-05
2021-11-15,подряд на строительство,S4_procure,1202,4.3306548649725934e-05
2021-11-22,подряд на строительство,S4_procure,1181,4.271245456455412e-05
2021-11-29,подряд на строительство,S4_procure,1404,5.131944322671947e-05
2021-12-06,подряд на строительство,S4_procure,1503,5.441176073216917e-05
2021-12-13,подряд на строительство,S4_procure,1297,4.656611196963296e-05
2021-12-20,подряд на строительство,S4_procure,1005,3.675074753543673e-05
2021-12-27,подряд на строительство,S4_procure,530,2.3260607965810776e-05
2022-01-03,подряд на строительство,S4_procure,493,2.0952366325998075e-05
2022-01-10,подряд на строительство,S4_procure,993,3.6085135391744146e-05
2022-01-17,подряд на строительство,S4_procure,1049,3.689665922027013e-05
2022-01-24,подряд на строительство,S4_procure,1179,4.045014722994154e-05
2022-01-31,подряд на строительство,S4_procure,1160,3.910744598644587e-05
2022-02-07,подряд на строительство,S4_procure,1288,4.2444161975544064e-05
2022-02-14,подряд на строительство,S4_procure,1173,3.955113911913508e-05
2022-02-21,подряд на строительство,S4_procure,1001,3.5200750644016016e-05
2022-02-28,подряд на строительство,S4_procure,1245,4.3039843734323245e-05
2022-03-07,подряд на строительство,S4_procure,1076,3.841378131333255e-05
2022-03-14,подряд на строительство,S4_procure,1397,4.7714624776292785e-05
2022-03-21,подряд на строительство,S4_procure,1347,4.720196754957453e-05
2022-03-28,подряд на строительство,S4_procure,1356,4.743330868665733e-05
2022-04-04,подряд на строительство,S4_procure,1491,5.2106642224217795e-05
2022-04-11,подряд на строительство,S4_procure,1417,5.040495938414971e-05
2022-04-18,подряд на строительство,S4_procure,1248,4.4844983048102325e-05
2022-04-25,подряд на строительство,S4_procure,1253,4.700929915220286e-05
2022-05-02,подряд на строительство,S4_procure,843,3.351882653261863e-05
2022-05-09,подряд на строительство,S4_procure,1041,3.837214518607378e-05
2022-05-16,подряд на строительство,S4_procure,1214,4.2555305770126946e-05
2022-05-23,подряд на строительство,S4_procure,1402,5.106601121588519e-05
2022-05-30,подряд на строительство,S4_procure,1604,6.275518575658225e-05
2022-06-06,подряд на строительство,S4_procure,1126,4.5400628725728156e-05
2022-06-13,подряд на строительство,S4_procure,985,3.982484834393505e-05
2022-06-20,подряд на строительство,S4_procure,1134,4.439509804454611e-05
2022-06-27,подряд на строительство,S4_procure,868,3.617872054203219e-05
2022-07-04,подряд на строительство,S4_procure,789,3.36168346379387e-05
2022-07-11,подряд на строительство,S4_procure,943,3.956084291110814e-05
2022-07-18,подряд на строительство,S4_procure,844,3.555969180497692e-05
2022-07-25,подряд на строительство,S4_procure,834,3.514249001255069e-05
2022-08-01,подряд на строительство,S4_procure,796,3.360842815542843e-05
2022-08-08,подряд на строительство,S4_procure,910,3.8176198885612e-05
2022-08-15,подряд на строительство,S4_procure,796,3.261704642578404e-05
2022-08-22,подряд на строительство,S4_procure,804,3.276954408745743e-05
2022-08-29,подряд на строительство,S4_procure,953,3.757194150085925e-05
2022-09-05,подряд на строительство,S4_procure,866,3.185552311083606e-05
2022-09-12,подряд на строительство,S4_procure,1025,3.7288960486069815e-05
2022-09-19,подряд на строительство,S4_procure,1021,3.6567584360197605e-05
2022-09-26,подряд на строительство,S4_procure,910,3.332386945206131e-05
2022-10-03,подряд на строительство,S4_procure,1364,4.981815848041325e-05
2022-10-10,подряд на строительство,S4_procure,1464,5.2939344824136586e-05
2022-10-17,подряд на строительство,S4_procure,2171,7.445611652845779e-05
2022-10-24,подряд на строительство,S4_procure,1120,3.949735466149765e-05
2022-10-31,подряд на строительство,S4_procure,1045,3.7646166175607195e-05
2022-11-07,подряд на строительство,S4_procure,1541,5.3402761830806875e-05
2022-11-14,подряд на строительство,S4_procure,1196,3.96546193396676e-05
2022-11-21,подряд на строительство,S4_procure,1211,4.035977296183289e-05
2022-11-28,подряд на строительство,S4_procure,1182,3.9577714624647615e-05
2022-12-05,подряд на строительство,S4_procure,1196,4.0122749944321046e-05
2022-12-12,подряд на строительство,S4_procure,1170,3.964435973306931e-05
2022-12-19,подряд на строительство,S4_procure,942,3.238988220827584e-05
2022-12-26,подряд на строительство,S4_procure,532,2.202215113553706e-05
2023-01-02,подряд на строительство,S4_procure,371,1.516938923430065e-05
2023-01-09,подряд на строительство,S4_procure,867,3.0396323558565294e-05
2023-01-16,подряд на строительство,S4_procure,1032,3.5364222889117145e-05
2023-01-23,подряд на строительство,S4_procure,966,3.312201605951739e-05
2023-01-30,подряд на строительство,S4_procure,1003,3.459441177248288e-05
2023-02-06,подряд на строительство,S4_procure,1140,3.9325908204925545e-05
2023-02-13,подряд на строительство,S4_procure,1344,4.652480872855814e-05
2023-02-20,подряд на строительство,S4_procure,872,3.1924811375464606e-05
2023-02-27,подряд на строительство,S4_procure,1247,4.315968329758044e-05
2023-03-06,подряд на строительство,S4_procure,1171,4.252278475843356e-05
2023-03-13,подряд на строительство,S4_procure,1654,5.766208478314097e-05
2023-03-20,подряд на строительство,S4_procure,1348,4.8593001238638126e-05
2023-03-27,подряд на строительство,S4_procure,1357,4.942279298533507e-05
2023-04-03,подряд на строительство,S4_procure,1340,4.863396697608248e-05
2023-04-10,подряд на строительство,S4_procure,1355,4.997576275089282e-05
2023-04-17,подряд на строительство,S4_procure,1393,5.152801335408724e-05
2023-04-24,подряд на строительство,S4_procure,1359,5.127031712086643e-05
2023-05-01,подряд на строительство,S4_procure,1041,4.088455072604433e-05
2023-05-08,подряд на строительство,S4_procure,998,3.959105873371488e-05
2023-05-15,подряд на строительство,S4_procure,1397,5.343608306439368e-05
2023-05-22,подряд на строительство,S4_procure,1291,5.133518154832093e-05
2023-05-29,подряд на строительство,S4_procure,1254,5.106128889682347e-05
2023-06-05,подряд на строительство,S4_procure,1126,4.669994488979319e-05
2023-06-12,подряд на строительство,S4_procure,1017,4.325475960084494e-05
2023-06-19,подряд на строительство,S4_procure,1122,4.6728855290332905e-05
2023-06-26,подряд на строительство,S4_procure,1068,4.56224151075945e-05
2023-07-03,подряд на строительство,S4_procure,939,4.143212935799821e-05
2023-07-10,подряд на строительство,S4_procure,936,4.061641978132119e-05
2023-07-17,подряд на строительство,S4_procure,988,4.3297370651210884e-05
2023-07-24,подряд на строительство,S4_procure,983,4.272541134235311e-05
2023-07-31,подряд на строительство,S4_procure,891,3.959731575956049e-05
2023-08-07,подряд на строительство,S4_procure,827,3.598633493122886e-05
2023-08-14,подряд на строительство,S4_procure,887,3.926837003989896e-05
2023-08-21,подряд на строительство,S4_procure,812,3.614895381381771e-05
2023-08-28,подряд на строительство,S4_procure,804,3.585724097779414e-05
2023-09-04,подряд на строительство,S4_procure,853,3.481826964586618e-05
2023-09-11,подряд на строительство,S4_procure,959,3.783209697198839e-05
2023-09-18,подряд на строительство,S4_procure,1245,4.805044562255364e-05
2023-09-25,подряд на строительство,S4_procure,1252,4.774633376610884e-05
2023-10-02,подряд на строительство,S4_procure,1346,5.083920325695063e-05
2023-10-09,подряд на строительство,S4_procure,1389,5.1558681927530215e-05
2023-10-16,подряд на строительство,S4_procure,1280,4.641657778635411e-05
2023-10-23,подряд на строительство,S4_procure,1320,4.878927779006612e-05
2023-10-30,подряд на строительство,S4_procure,981,3.83933959188581e-05
2023-11-06,подряд на строительство,S4_procure,1248,4.6667015258301904e-05
2023-11-13,подряд на строительство,S4_procure,1377,4.969573282320995e-05
2023-11-20,подряд на строительство,S4_procure,1341,4.782806489038644e-05
2023-11-27,подряд на строительство,S4_procure,1264,4.4648129367610086e-05
2023-12-04,подряд на строительство,S4_procure,1361,4.758191065448214e-05
2023-12-11,подряд на строительство,S4_procure,1253,4.4627803114074245e-05
2023-12-18,подряд на строительство,S4_procure,1231,4.482318045451244e-05
2023-12-25,подряд на строительство,S4_procure,705,2.9449063462053387e-05
2024-01-01,подряд на строительство,S4_procure,329,1.4021384305565197e-05
2024-01-08,подряд на строительство,S4_procure,871,3.210887679962029e-05
2024-01-15,подряд на строительство,S4_procure,1071,3.7691318227932126e-05
2024-01-22,подряд на строительство,S4_procure,1036,3.62606469370802e-05
2024-01-29,подряд на строительство,S4_procure,1154,4.1627400962389945e-05
2024-02-05,подряд на строительство,S4_procure,1234,4.5512470584753626e-05
2024-02-12,подряд на строительство,S4_procure,1325,4.886797698289959e-05
2024-02-19,подряд на строительство,S4_procure,1152,4.4337375259575413e-05
2024-02-26,подряд на строительство,S4_procure,1489,5.175117065796597e-05
2024-03-04,подряд на строительство,S4_procure,1015,3.7679855509522114e-05
2024-03-11,подряд на строительство,S4_procure,1448,5.532670269114878e-05
2024-03-18,подряд на строительство,S4_procure,1383,5.3227412153282705e-05
2024-03-25,подряд на строительство,S4_procure,1386,5.5917384132193434e-05
2024-04-01,подряд на строительство,S4_procure,1485,5.7620989338666553e-05
2024-04-08,подряд на строительство,S4_procure,1573,6.178371775421753e-05
2024-04-15,подряд на строительство,S4_procure,1748,6.7994529367107e-05
2024-04-22,подряд на строительство,S4_procure,1698,6.660078888987448e-05
2024-04-29,подряд на строительство,S4_procure,1149,5.008520284166494e-05
2024-05-06,подряд на строительство,S4_procure,1155,4.807491201114203e-05
2024-05-13,подряд на строительство,S4_procure,1526,6.106757450144444e-05
2024-05-20,подряд на строительство,S4_procure,1649,7.008906591215457e-05
2024-05-27,подряд на строительство,S4_procure,1491,6.569630066933268e-05
2024-06-03,подряд на строительство,S4_procure,1432,6.36904016549474e-05
2024-06-10,подряд на строительство,S4_procure,1175,5.380240027251762e-05
2024-06-17,подряд на строительство,S4_procure,1379,6.21219249343643e-05
2024-06-24,подряд на строительство,S4_procure,1145,5.3892126538274445e-05
2024-07-01,подряд на строительство,S4_procure,1001,4.7500320701903004e-05
2024-07-08,подряд на строительство,S4_procure,978,4.7406686690763164e-05
2024-07-15,подряд на строительство,S4_procure,979,4.72572136225067e-05
2024-07-22,подряд на строительство,S4_procure,926,4.391941472843748e-05
2024-07-29,подряд на строительство,S4_procure,895,4.209733019390416e-05
2024-08-05,подряд на строительство,S4_procure,772,3.59340136464751e-05
2024-08-12,подряд на строительство,S4_procure,830,3.98544640968909e-05
2024-08-19,подряд на строительство,S4_procure,752,3.5740261905019455e-05
2024-08-26,подряд на строительство,S4_procure,816,3.846768939357917e-05
2024-09-02,подряд на строительство,S4_procure,835,3.891404354283873e-05
2024-09-09,подряд на строительство,S4_procure,967,4.195382721868992e-05
2024-09-16,подряд на строительство,S4_procure,974,4.081368825567537e-05
2024-09-23,подряд на строительство,S4_procure,985,4.035359750916588e-05
2024-09-30,подряд на строительство,S4_procure,1106,4.42740778639897e-05
2024-10-07,подряд на строительство,S4_procure,1175,4.5309021745698276e-05
2024-10-14,подряд на строительство,S4_procure,1081,4.4276174121237625e-05
2024-10-21,подряд на строительство,S4_procure,1202,4.649034256906701e-05
2024-10-28,подряд на строительство,S4_procure,1180,4.691346165863523e-05
2024-11-04,подряд на строительство,S4_procure,1077,4.0496485787721654e-05
2024-11-11,подряд на строительство,S4_procure,1301,4.735774534394437e-05
2024-11-18,подряд на строительство,S4_procure,1349,5.0606515581678435e-05
2024-11-25,подряд на строительство,S4_procure,1504,5.221385464380877e-05
2024-12-02,подряд на строительство,S4_procure,1312,4.761999070295903e-05
2024-12-09,подряд на строительство,S4_procure,1353,4.882612578436113e-05
2024-12-16,подряд на строительство,S4_procure,1347,4.7151535122610384e-05
2024-12-23,подряд на строительство,S4_procure,932,3.487224743351428e-05
2024-12-30,подряд на строительство,S4_procure,308,1.4243882039006016e-05
2025-01-06,подряд на строительство,S4_procure,681,2.729661986088537e-05
2025-01-13,подряд на строительство,S4_procure,1043,3.7387941716028704e-05
2025-01-20,подряд на строительство,S4_procure,1137,3.9726652205732006e-05
2025-01-27,подряд на строительство,S4_procure,1245,4.312463204946852e-05
2025-02-03,подряд на строительство,S4_procure,1156,3.9826116762598425e-05
2025-02-10,подряд на строительство,S4_procure,1264,4.406568678933133e-05
2025-02-17,подряд на строительство,S4_procure,1189,4.2261496729599585e-05
2025-02-24,подряд на строительство,S4_procure,1243,4.4508624504383355e-05
2025-03-03,подряд на строительство,S4_procure,1158,4.279163050205736e-05
2025-03-10,подряд на строительство,S4_procure,1329,4.7605069751227596e-05
2025-03-17,подряд на строительство,S4_procure,1283,4.661657056212525e-05
2025-03-24,подряд на строительство,S4_procure,1250,4.775251881977862e-05
2025-03-31,подряд на строительство,S4_procure,1314,4.864284446414574e-05
2025-04-07,подряд на строительство,S4_procure,1287,4.758343043455739e-05
2025-04-14,подряд на строительство,S4_procure,1146,4.403936488373997e-05
2025-04-21,подряд на строительство,S4_procure,1214,4.6004049843370495e-05
2025-04-28,подряд на строительство,S4_procure,1074,4.425011010150475e-05
2025-05-05,подряд на строительство,S4_procure,774,3.2606001220041584e-05
2025-05-12,подряд на строительство,S4_procure,1070,4.148201537124454e-05
2025-05-19,подряд на строительство,S4_procure,1231,5.1006887900530734e-05
2025-05-26,подряд на строительство,S4_procure,1267,5.438243871953201e-05
2025-06-02,подряд на строительство,S4_procure,1142,4.9525006078684943e-05
2025-06-09,подряд на строительство,S4_procure,876,3.687271938784292e-05
2025-06-16,подряд на строительство,S4_procure,1025,4.079338101929932e-05
2025-06-23,подряд на строительство,S4_procure,952,3.831738729568517e-05
2025-06-30,подряд на строительство,S4_procure,850,3.5136671665697355e-05
2025-07-07,подряд на строительство,S4_procure,960,4.040296453907263e-05
2025-07-14,подряд на строительство,S4_procure,812,3.422365872423776e-05
2025-07-21,подряд на строительство,S4_procure,880,3.7021659212086336e-05
2025-07-28,подряд на строительство,S4_procure,768,3.240264217118501e-05
2025-08-04,подряд на строительство,S4_procure,733,3.074900559708502e-05
2025-08-11,подряд на строительство,S4_procure,713,3.0184356187937358e-05
2025-08-18,подряд на строительство,S4_procure,756,3.2159832447885514e-05
2025-08-25,подряд на строительство,S4_procure,728,3.096631645308238e-05
2025-09-01,подряд на строительство,S4_procure,760,3.1328437235024285e-05
2025-09-08,подряд на строительство,S4_procure,789,3.105236788839546e-05
2025-09-15,подряд на строительство,S4_procure,961,3.756232988366225e-05
2025-09-22,подряд на строительство,S4_procure,961,3.687883721519001e-05
2025-09-29,подряд на строительство,S4_procure,1045,4.0338233018930044e-05
2025-10-06,подряд на строительство,S4_procure,942,3.589821531610984e-05
2025-10-13,подряд на строительство,S4_procure,930,3.391552112742462e-05
2025-10-20,подряд на строительство,S4_procure,919,3.391319455394555e-05
2025-10-27,подряд на строительство,S4_procure,916,3.511299605544972e-05
2025-11-03,подряд на строительство,S4_procure,885,3.381895839234519e-05
2025-11-10,подряд на строительство,S4_procure,1031,3.789629699719197e-05
2025-11-17,подряд на строительство,S4_procure,1237,4.473041535535494e-05
2025-11-24,подряд на строительство,S4_procure,1067,3.8097431250455645e-05
2025-12-01,подряд на строительство,S4_procure,1045,3.7430272461758754e-05
2025-12-08,подряд на строительство,S4_procure,1191,4.3679132658731805e-05
2025-12-15,подряд на строительство,S4_procure,968,3.7155557023012404e-05
2025-12-22,подряд на строительство,S4_procure,721,3.016646080260729e-05
2025-12-29,подряд на строительство,S4_procure,243,1.2066592520881942e-05
2026-01-05,подряд на строительство,S4_procure,323,1.518138666263123e-05
2026-01-12,подряд на строительство,S4_procure,706,2.905976303595738e-05
2026-01-19,подряд на строительство,S4_procure,842,3.35378781168919e-05
2026-01-26,подряд на строительство,S4_procure,737,2.9842996831863e-05
2026-02-02,подряд на строительство,S4_procure,716,2.9157569401509452e-05
2026-02-09,подряд на строительство,S4_procure,827,3.448716930574976e-05
2026-02-16,подряд на строительство,S4_procure,797,3.469699174573977e-05
2026-02-23,подряд на строительство,S4_procure,691,3.063809232608929e-05
2026-03-02,подряд на строительство,S4_procure,666,3.030991373436289e-05
2026-03-09,подряд на строительство,S4_procure,867,3.5024824525083763e-05
2026-03-16,подряд на строительство,S4_procure,946,3.6062051925478675e-05
2026-03-23,подряд на строительство,S4_procure,971,3.733428859281814e-05
2026-03-30,подряд на строительство,S4_procure,1022,4.006605419851037e-05
2026-04-06,подряд на строительство,S4_procure,939,3.549573789444528e-05
2026-04-13,подряд на строительство,S4_procure,1179,4.442822614470402e-05
2026-04-20,подряд на строительство,S4_procure,1103,4.1673197970718675e-05
2026-04-27,подряд на строительство,S4_procure,757,3.050962260781349e-05
2026-05-04,подряд на строительство,S4_procure,822,3.550011550407411e-05
2026-05-11,подряд на строительство,S4_procure,688,2.84915692585191e-05
2026-05-18,подряд на строительство,S4_procure,832,3.433602472617698e-05
2026-05-25,подряд на строительство,S4_procure,954,3.932738375562751e-05
2026-06-01,подряд на строительство,S4_procure,943,3.921276669148404e-05
2026-06-08,подряд на строительство,S4_procure,841,3.512369772610388e-05
2026-06-15,подряд на строительство,S4_procure,893,3.66456202744198e-05
2026-06-22,подряд на строительство,S4_procure,810,3.3149664181194476e-05
2026-06-29,подряд на строительство,S4_procure,699,2.9544658771463426e-05
2026-07-06,подряд на строительство,S4_procure,664,2.7409976994595778e-05
2026-07-13,подряд на строительство,S4_procure,649,2.521878795552661e-05
2026-07-20,подряд на строительство,S4_procure,777,2.9106559054635744e-05
2026-07-27,подряд на строительство,S4_procure,741,2.867357492335533e-05
2026-08-03,подряд на строительство,S4_procure,665,2.6217631201964184e-05
2026-08-10,подряд на строительство,S4_procure,616,2.390911818764463e-05
2026-08-17,подряд на строительство,S4_procure,621,2.4290795053908156e-05
2018-01-01,тендер на строительство,S4_procure,812,5.525045378738857e-05
2018-01-08,тендер на строительство,S4_procure,1788,0.00010338617829754455
2018-01-15,тендер на строительство,S4_procure,2035,0.00011025023842264183
2018-01-22,тендер на строительство,S4_procure,2083,0.00010986763128794264
2018-01-29,тендер на строительство,S4_procure,1921,0.00010167958052122403
2018-02-05,тендер на строительство,S4_procure,1982,0.00010274460614054529
2018-02-12,тендер на строительство,S4_procure,1945,0.00010317768123929298
2018-02-19,тендер на строительство,S4_procure,1659,8.473474354198608e-05
2018-02-26,тендер на строительство,S4_procure,2267,0.00011199324335030769
2018-03-05,тендер на строительство,S4_procure,1718,9.309294908146062e-05
2018-03-12,тендер на строительство,S4_procure,2415,0.0001219698546064939
2018-03-19,тендер на строительство,S4_procure,2241,0.00011901351750592851
2018-03-26,тендер на строительство,S4_procure,2058,0.00011172923752436193
2018-04-02,тендер на строительство,S4_procure,1887,0.000106422190264935
2018-04-09,тендер на строительство,S4_procure,2001,0.0001131943815146789
2018-04-16,тендер на строительство,S4_procure,1818,0.00010177454835877313
2018-04-23,тендер на строительство,S4_procure,1854,0.00010299064547410564
2018-04-30,тендер на строительство,S4_procure,1165,7.372513300782888e-05
2018-05-07,тендер на строительство,S4_procure,1570,9.35932129998121e-05
2018-05-14,тендер на строительство,S4_procure,1679,9.579493192274111e-05
2018-05-21,тендер на строительство,S4_procure,1589,9.486612337444778e-05
2018-05-28,тендер на строительство,S4_procure,1544,9.190158517330108e-05
2018-06-04,тендер на строительство,S4_procure,1667,9.877300786345426e-05
2018-06-11,тендер на строительство,S4_procure,1340,8.537226158954174e-05
2018-06-18,тендер на строительство,S4_procure,1430,8.746235598027209e-05
2018-06-25,тендер на строительство,S4_procure,1322,8.24988077096953e-05
2018-07-02,тендер на строительство,S4_procure,1407,8.80207975465372e-05
2018-07-09,тендер на строительство,S4_procure,1303,8.498853051407719e-05
2018-07-16,тендер на строительство,S4_procure,1467,9.363883930406317e-05
2018-07-23,тендер на строительство,S4_procure,1285,8.112082690800883e-05
2018-07-30,тендер на строительство,S4_procure,1456,9.1706741037592e-05
2018-08-06,тендер на строительство,S4_procure,1280,8.042306412140704e-05
2018-08-13,тендер на строительство,S4_procure,1412,8.787401444298546e-05
2018-08-20,тендер на строительство,S4_procure,1220,7.806763673439551e-05
2018-08-27,тендер на строительство,S4_procure,1363,8.45526426654584e-05
2018-09-03,тендер на строительство,S4_procure,1491,8.534388310570938e-05
2018-09-10,тендер на строительство,S4_procure,1511,8.345433650609562e-05
2018-09-17,тендер на строительство,S4_procure,1453,7.544954988995036e-05
2018-09-24,тендер на строительство,S4_procure,2098,0.00010296081192391459
2018-10-01,тендер на строительство,S4_procure,3336,0.00016208252387684376
2018-10-08,тендер на строительство,S4_procure,2001,9.60477135780343e-05
2018-10-15,тендер на строительство,S4_procure,1946,9.330400012194919e-05
2018-10-22,тендер на строительство,S4_procure,1975,9.516454854144644e-05
2018-10-29,тендер на строительство,S4_procure,1811,8.93922315959128e-05
2018-11-05,тендер на строительство,S4_procure,1627,8.408135928755355e-05
2018-11-12,тендер на строительство,S4_procure,1903,9.485530250277606e-05
2018-11-19,тендер на строительство,S4_procure,1680,8.425713301165387e-05
2018-11-26,тендер на строительство,S4_procure,1771,8.96927141035799e-05
2018-12-03,тендер на строительство,S4_procure,1784,8.688002111948123e-05
2018-12-10,тендер на строительство,S4_procure,1657,8.28860004982414e-05
2018-12-17,тендер на строительство,S4_procure,1505,7.606904476143892e-05
2018-12-24,тендер на строительство,S4_procure,1316,7.287340095165762e-05
2018-12-31,тендер на строительство,S4_procure,719,4.496377958682204e-05
2019-01-07,тендер на строительство,S4_procure,1583,8.232887909844283e-05
2019-01-14,тендер на строительство,S4_procure,1998,9.588623945978971e-05
2019-01-21,тендер на строительство,S4_procure,2137,0.00010022895134731268
2019-01-28,тендер на строительство,S4_procure,2090,9.942587286114123e-05
2019-02-04,тендер на строительство,S4_procure,2240,0.00010507628042129889
2019-02-11,тендер на строительство,S4_procure,2079,9.890983290142856e-05
2019-02-18,тендер на строительство,S4_procure,2069,0.00010079083877780901
2019-02-25,тендер на строительство,S4_procure,2109,0.00010125006284921218
2019-03-04,тендер на строительство,S4_procure,1663,8.624221862987398e-05
2019-03-11,тендер на строительство,S4_procure,2399,0.00011644757609390152
2019-03-18,тендер на строительство,S4_procure,2228,0.00011071443985801927
2019-03-25,тендер на строительство,S4_procure,1950,9.99348396658629e-05
2019-04-01,тендер на строительство,S4_procure,2054,0.00010504508294593978
2019-04-08,тендер на строительство,S4_procure,1831,9.330964209504434e-05
2019-04-15,тендер на строительство,S4_procure,1870,9.527007172669724e-05
2019-04-22,тендер на строительство,S4_procure,1884,0.00010218289561258815
2019-04-29,тендер на строительство,S4_procure,1106,6.546203744967509e-05
2019-05-06,тендер на строительство,S4_procure,1130,6.778150990902453e-05
2019-05-13,тендер на строительство,S4_procure,1759,9.306694664618613e-05
2019-05-20,тендер на строительство,S4_procure,1675,8.956015601154608e-05
2019-05-27,тендер на строительство,S4_procure,1568,8.849771199465914e-05
2019-06-03,тендер на строительство,S4_procure,1696,9.74892400390001e-05
2019-06-10,тендер на строительство,S4_procure,1609,9.479957751416427e-05
2019-06-17,тендер на строительство,S4_procure,1617,9.674339719942333e-05
2019-06-24,тендер на строительство,S4_procure,1609,9.476242159220895e-05
2019-07-01,тендер на строительство,S4_procure,1435,8.575958673685069e-05
2019-07-08,тендер на строительство,S4_procure,1421,8.619812205604827e-05
2019-07-15,тендер на строительство,S4_procure,1446,8.816436312229168e-05
2019-07-22,тендер на строительство,S4_procure,1399,8.54760726020417e-05
2019-07-29,тендер на строительство,S4_procure,1405,8.458792177228802e-05
2019-08-05,тендер на строительство,S4_procure,1348,8.012619690557336e-05
2019-08-12,тендер на строительство,S4_procure,1315,7.985180486314105e-05
2019-08-19,тендер на строительство,S4_procure,1343,8.291538515320669e-05
2019-08-26,тендер на строительство,S4_procure,1363,8.391198945839349e-05
2019-09-02,тендер на строительство,S4_procure,1438,8.421934801044722e-05
2019-09-09,тендер на строительство,S4_procure,1431,7.90248919883248e-05
2019-09-16,тендер на строительство,S4_procure,1516,7.941168022235573e-05
2019-09-23,тендер на строительство,S4_procure,1496,7.752612754742259e-05
2019-09-30,тендер на строительство,S4_procure,1581,8.075120460392395e-05
2019-10-07,тендер на строительство,S4_procure,1801,9.04898805392692e-05
2019-10-14,тендер на строительство,S4_procure,1827,9.085677590574262e-05
2019-10-21,тендер на строительство,S4_procure,1842,9.17544707388283e-05
2019-10-28,тендер на строительство,S4_procure,1769,9.067160013935461e-05
2019-11-04,тендер на строительство,S4_procure,1901,9.453449178853463e-05
2019-11-11,тендер на строительство,S4_procure,1945,9.433607445753805e-05
2019-11-18,тендер на строительство,S4_procure,2145,0.00010082983670110142
2019-11-25,тендер на строительство,S4_procure,2104,9.540994252871918e-05
2019-12-02,тендер на строительство,S4_procure,2076,9.580700269655133e-05
2019-12-09,тендер на строительство,S4_procure,2041,9.427805412089945e-05
2019-12-16,тендер на строительство,S4_procure,1996,9.213035530618951e-05
2019-12-23,тендер на строительство,S4_procure,1898,9.477399976801442e-05
2019-12-30,тендер на строительство,S4_procure,1131,6.460519099453676e-05
2020-01-06,тендер на строительство,S4_procure,1899,9.342443907524009e-05
2020-01-13,тендер на строительство,S4_procure,2943,0.0001269880768202164
2020-01-20,тендер на строительство,S4_procure,2707,0.00011116062675291701
2020-01-27,тендер на строительство,S4_procure,2741,0.0001224543431338235
2020-02-03,тендер на строительство,S4_procure,2987,0.00013440765490391556
2020-02-10,тендер на строительство,S4_procure,3053,0.00013485592251421635
2020-02-17,тендер на строительство,S4_procure,2823,0.00012613132070638178
2020-02-24,тендер на строительство,S4_procure,2709,0.00012223699455875308
2020-03-02,тендер на строительство,S4_procure,2744,0.00012731260133145273
2020-03-09,тендер на строительство,S4_procure,2766,0.0001252677730551581
2020-03-16,тендер на строительство,S4_procure,2560,0.00011423872402256709
2020-03-23,тендер на строительство,S4_procure,2293,0.00010285190835052774
2020-03-30,тендер на строительство,S4_procure,1410,5.980706837811902e-05
2020-04-06,тендер на строительство,S4_procure,1721,6.117446391359892e-05
2020-04-13,тендер на строительство,S4_procure,1701,5.946734505410396e-05
2020-04-20,тендер на строительство,S4_procure,1854,6.459667099035227e-05
2020-04-27,тендер на строительство,S4_procure,1825,7.011731183366221e-05
2020-05-04,тендер на строительство,S4_procure,1547,6.68771712741441e-05
2020-05-11,тендер на строительство,S4_procure,1971,7.512761305568559e-05
2020-05-18,тендер на строительство,S4_procure,2238,8.595222184137263e-05
2020-05-25,тендер на строительство,S4_procure,2070,9.019788584765767e-05
2020-06-01,тендер на строительство,S4_procure,2150,9.753522144283262e-05
2020-06-08,тендер на строительство,S4_procure,1847,9.074775206321131e-05
2020-06-15,тендер на строительство,S4_procure,2018,9.800640185393222e-05
2020-06-22,тендер на строительство,S4_procure,1735,8.64008121975139e-05
2020-06-29,тендер на строительство,S4_procure,1866,9.521407818786917e-05
2020-07-06,тендер на строительство,S4_procure,1711,9.015932436766985e-05
2020-07-13,тендер на строительство,S4_procure,1517,8.035373883319536e-05
2020-07-20,тендер на строительство,S4_procure,1859,9.812108799495688e-05
2020-07-27,тендер на строительство,S4_procure,2085,0.00011028397326001997
2020-08-03,тендер на строительство,S4_procure,1786,9.4914643563962e-05
2020-08-10,тендер на строительство,S4_procure,1629,8.577637490150962e-05
2020-08-17,тендер на строительство,S4_procure,1587,8.32432466473149e-05
2020-08-24,тендер на строительство,S4_procure,1774,9.237190472818607e-05
2020-08-31,тендер на строительство,S4_procure,1800,8.99996329814967e-05
2020-09-07,тендер на строительство,S4_procure,2021,9.333719633251194e-05
2020-09-14,тендер на строительство,S4_procure,1797,7.956138362638768e-05
2020-09-21,тендер на строительство,S4_procure,1831,7.993260522771252e-05
2020-09-28,тендер на строительство,S4_procure,1807,7.829105233789343e-05
2020-10-05,тендер на строительство,S4_procure,1612,6.814491958327105e-05
2020-10-12,тендер на строительство,S4_procure,1832,7.47198466021779e-05
2020-10-19,тендер на строительство,S4_procure,1799,7.15685123078847e-05
2020-10-26,тендер на строительство,S4_procure,1885,7.502596226657387e-05
2020-11-02,тендер на строительство,S4_procure,2153,8.593126198544786e-05
2020-11-09,тендер на строительство,S4_procure,2247,8.367925011433251e-05
2020-11-16,тендер на строительство,S4_procure,2076,7.569018690308013e-05
2020-11-23,тендер на строительство,S4_procure,2520,9.070484160279381e-05
2020-11-30,тендер на строительство,S4_procure,2657,0.0001003881876332137
2020-12-07,тендер на строительство,S4_procure,2770,0.00010636448622111746
2020-12-14,тендер на строительство,S4_procure,2217,8.565215850973126e-05
2020-12-21,тендер на строительство,S4_procure,1426,5.774113295487729e-05
2020-12-28,тендер на строительство,S4_procure,1247,6.254445185789857e-05
2021-01-04,тендер на строительство,S4_procure,1499,6.976784966310935e-05
2021-01-11,тендер на строительство,S4_procure,2439,9.845718646447836e-05
2021-01-18,тендер на строительство,S4_procure,2300,9.228043133499347e-05
2021-01-25,тендер на строительство,S4_procure,2253,9.050664631178484e-05
2021-02-01,тендер на строительство,S4_procure,2338,9.521682037402997e-05
2021-02-08,тендер на строительство,S4_procure,2367,9.348306183463428e-05
2021-02-15,тендер на строительство,S4_procure,2188,8.537039306940643e-05
2021-02-22,тендер на строительство,S4_procure,1887,7.715032420786297e-05
2021-03-01,тендер на строительство,S4_procure,2203,9.102845786729709e-05
2021-03-08,тендер на строительство,S4_procure,2218,8.984646289455395e-05
2021-03-15,тендер на строительство,S4_procure,2582,0.00010286704321757389
2021-03-22,тендер на строительство,S4_procure,2347,9.842228205418193e-05
2021-03-29,тендер на строительство,S4_procure,2446,9.918054805111822e-05
2021-04-05,тендер на строительство,S4_procure,3787,0.00014860083078820142
2021-04-12,тендер на строительство,S4_procure,2340,9.36723553374333e-05
2021-04-19,тендер на строительство,S4_procure,3382,0.00013325045617251544
2021-04-26,тендер на строительство,S4_procure,1995,8.372718366203757e-05
2021-05-03,тендер на строительство,S4_procure,2991,0.00013651696232704928
2021-05-10,тендер на строительство,S4_procure,6048,0.0002539458332832202
2021-05-17,тендер на строительство,S4_procure,6364,0.0002577463097812008
2021-05-24,тендер на строительство,S4_procure,4665,0.00019675169530528882
2021-05-31,тендер на строительство,S4_procure,2964,0.000126861021003691
2021-06-07,тендер на строительство,S4_procure,5576,0.00023586475688439415
2021-06-14,тендер на строительство,S4_procure,5982,0.0002637825954118117
2021-06-21,тендер на строительство,S4_procure,2082,9.14320537514025e-05
2021-06-28,тендер на строительство,S4_procure,4107,0.00018268094408287801
2021-07-05,тендер на строительство,S4_procure,3384,0.00015514471539615222
2021-07-12,тендер на строительство,S4_procure,6484,0.00029854996290539735
2021-07-19,тендер на строительство,S4_procure,4145,0.0001885756417730669
2021-07-26,тендер на строительство,S4_procure,4279,0.00019266578650715816
2021-08-02,тендер на строительство,S4_procure,4453,0.00019925893137853935
2021-08-09,тендер на строительство,S4_procure,6117,0.00027324240037683703
2021-08-16,тендер на строительство,S4_procure,7475,0.00033031662254381184
2021-08-23,тендер на строительство,S4_procure,1995,8.657314453521569e-05
2021-08-30,тендер на строительство,S4_procure,2106,8.890683150142952e-05
2021-09-06,тендер на строительство,S4_procure,1658,6.912909129024397e-05
2021-09-13,тендер на строительство,S4_procure,1712,6.796001697841293e-05
2021-09-20,тендер на строительство,S4_procure,1663,6.419917784193427e-05
2021-09-27,тендер на строительство,S4_procure,1573,6.24576156535223e-05
2021-10-04,тендер на строительство,S4_procure,2855,0.00011311598485782278
2021-10-11,тендер на строительство,S4_procure,2110,8.011742939966878e-05
2021-10-18,тендер на строительство,S4_procure,2108,7.946412104877823e-05
2021-10-25,тендер на строительство,S4_procure,1738,6.751623303512659e-05
2021-11-01,тендер на строительство,S4_procure,1291,5.209140555516411e-05
2021-11-08,тендер на строительство,S4_procure,1695,6.190758133550251e-05
2021-11-15,тендер на строительство,S4_procure,1716,6.182532236516615e-05
2021-11-22,тендер на строительство,S4_procure,1870,6.763106692270637e-05
2021-11-29,тендер на строительство,S4_procure,1798,6.572105336299259e-05
2021-12-06,тендер на строительство,S4_procure,2042,7.39246942216164e-05
2021-12-13,тендер на строительство,S4_procure,2849,0.00010228747340129861
2021-12-20,тендер на строительство,S4_procure,1753,6.410354271604038e-05
2021-12-27,тендер на строительство,S4_procure,1057,4.638955211294715e-05
2022-01-03,тендер на строительство,S4_procure,1708,7.258953688601361e-05
2022-01-10,тендер на строительство,S4_procure,2113,7.678538880438607e-05
2022-01-17,тендер на строительство,S4_procure,2226,7.829548467523481e-05
2022-01-24,тендер на строительство,S4_procure,2282,7.829282101673164e-05
2022-01-31,тендер на строительство,S4_procure,3889,0.00013111108400111032
2022-02-07,тендер на строительство,S4_procure,2811,9.263240629911053e-05
2022-02-14,тендер на строительство,S4_procure,2221,7.488753621790197e-05
2022-02-21,тендер на строительство,S4_procure,1758,6.182109853364651e-05
2022-02-28,тендер на строительство,S4_procure,2517,8.701308167011373e-05
2022-03-07,тендер на строительство,S4_procure,2127,7.593504912031443e-05
2022-03-14,тендер на строительство,S4_procure,2646,9.037430004156814e-05
2022-03-21,тендер на строительство,S4_procure,2593,9.086466359023516e-05
2022-03-28,тендер на строительство,S4_procure,3323,0.00011623959053522293
2022-04-04,тендер на строительство,S4_procure,2409,8.418839779888711e-05
2022-04-11,тендер на строительство,S4_procure,3237,0.00011514527418947962
2022-04-18,тендер на строительство,S4_procure,2277,8.182053397478283e-05
2022-04-25,тендер на строительство,S4_procure,2163,8.11501309387189e-05
2022-05-02,тендер на строительство,S4_procure,1404,5.5824949527635304e-05
2022-05-09,тендер на строительство,S4_procure,2265,8.348982598122682e-05
2022-05-16,тендер на строительство,S4_procure,2040,7.150973951487559e-05
2022-05-23,тендер на строительство,S4_procure,2112,7.692683001993547e-05
2022-05-30,тендер на строительство,S4_procure,1972,7.715288423440162e-05
2022-06-06,тендер на строительство,S4_procure,2318,9.346239554728052e-05
2022-06-13,тендер на строительство,S4_procure,1752,7.083566933865402e-05
2022-06-20,тендер на строительство,S4_procure,1739,6.808031349159232e-05
2022-06-27,тендер на строительство,S4_procure,1640,6.835610793655852e-05
2022-07-04,тендер на строительство,S4_procure,1672,7.123871674858493e-05
2022-07-11,тендер на строительство,S4_procure,1654,6.938879551958946e-05
2022-07-18,тендер на строительство,S4_procure,1834,7.72707047041797e-05
2022-07-25,тендер на строительство,S4_procure,1671,7.04113918596789e-05
2022-08-01,тендер на строительство,S4_procure,1726,7.287455652797672e-05
2022-08-08,тендер на строительство,S4_procure,1664,6.980790653369053e-05
2022-08-15,тендер на строительство,S4_procure,1720,7.047904504063888e-05
2022-08-22,тендер на строительство,S4_procure,5661,0.00023073182721280663
2022-08-29,тендер на строительство,S4_procure,2592,0.0001021893728963559
2022-09-05,тендер на строительство,S4_procure,2440,8.975459167487296e-05
2022-09-12,тендер на строительство,S4_procure,1700,6.184510519640847e-05
2022-09-19,тендер на строительство,S4_procure,1336,4.784945416770225e-05
2022-09-26,тендер на строительство,S4_procure,1234,4.518863176246556e-05
2022-10-03,тендер на строительство,S4_procure,1538,5.6173260808559806e-05
2022-10-10,тендер на строительство,S4_procure,1936,7.000722102426806e-05
2022-10-17,тендер на строительство,S4_procure,2329,7.987484817815668e-05
2022-10-24,тендер на строительство,S4_procure,1666,5.875231505897776e-05
2022-10-31,тендер на строительство,S4_procure,1633,5.882888934427421e-05
2022-11-07,тендер на строительство,S4_procure,1616,5.6001857961443164e-05
2022-11-14,тендер на строительство,S4_procure,1893,6.276437659698225e-05
2022-11-21,тендер на строительство,S4_procure,1638,5.459067556687223e-05
2022-11-28,тендер на строительство,S4_procure,1703,5.702271404887893e-05
2022-12-05,тендер на строительство,S4_procure,1918,6.434400868997305e-05
2022-12-12,тендер на строительство,S4_procure,1666,5.645085753443886e-05
2022-12-19,тендер на строительство,S4_procure,1460,5.020087900645724e-05
2022-12-26,тендер на строительство,S4_procure,959,3.969782507327075e-05
2023-01-02,тендер на строительство,S4_procure,830,3.39369085295675e-05
2023-01-09,тендер на строительство,S4_procure,1854,6.499975072385242e-05
2023-01-16,тендер на строительство,S4_procure,4717,0.00016164054202322245
2023-01-23,тендер на строительство,S4_procure,2486,8.523947404136671e-05
2023-01-30,тендер на строительство,S4_procure,2309,7.963957804851742e-05
2023-02-06,тендер на строительство,S4_procure,2083,7.18560235007543e-05
2023-02-13,тендер на строительство,S4_procure,2378,8.231844877716611e-05
2023-02-20,тендер на строительство,S4_procure,1731,6.337367946207481e-05
2023-02-27,тендер на строительство,S4_procure,2220,7.683600394597321e-05
2023-03-06,тендер на строительство,S4_procure,1872,6.797835445583913e-05
2023-03-13,тендер на строительство,S4_procure,2408,8.394818631064296e-05
2023-03-20,тендер на строительство,S4_procure,2273,8.19376052043208e-05
2023-03-27,тендер на строительство,S4_procure,2058,7.495365362109033e-05
2023-04-03,тендер на строительство,S4_procure,1826,6.62728535062139e-05
2023-04-10,тендер на строительство,S4_procure,1762,6.498693281702816e-05
2023-04-17,тендер на строительство,S4_procure,1746,6.458572240935845e-05
2023-04-24,тендер на строительство,S4_procure,1796,6.775679878519213e-05
2023-05-01,тендер на строительство,S4_procure,1445,5.6751369643740685e-05
2023-05-08,тендер на строительство,S4_procure,1251,4.9627669815508334e-05
2023-05-15,тендер на строительство,S4_procure,1591,6.085669875121714e-05
2023-05-22,тендер на строительство,S4_procure,1477,5.87312650246863e-05
2023-05-29,тендер на строительство,S4_procure,1502,6.115953422889062e-05
2023-06-05,тендер на строительство,S4_procure,1395,5.7856503660090146e-05
2023-06-12,тендер на строительство,S4_procure,1388,5.9034027852480614e-05
2023-06-19,тендер на строительство,S4_procure,1362,5.672433235778379e-05
2023-06-26,тендер на строительство,S4_procure,1317,5.625910177593816e-05
2023-07-03,тендер на строительство,S4_procure,1231,5.431624200180596e-05
2023-07-10,тендер на строительство,S4_procure,1287,5.5847577199316645e-05
2023-07-17,тендер на строительство,S4_procure,1378,6.0388438013530975e-05
2023-07-24,тендер на строительство,S4_procure,1364,5.9285311364160365e-05
2023-07-31,тендер на строительство,S4_procure,1427,6.341792321985726e-05
2023-08-07,тендер на строительство,S4_procure,1582,6.88396394935962e-05
2023-08-14,тендер на строительство,S4_procure,1441,6.379449969277835e-05
2023-08-21,тендер на строительство,S4_procure,1369,6.09457115407838e-05
2023-08-28,тендер на строительство,S4_procure,1371,6.114462360765642e-05
2023-09-04,тендер на строительство,S4_procure,1514,6.179936722607432e-05
2023-09-11,тендер на строительство,S4_procure,1441,5.6846769276991945e-05
2023-09-18,тендер на строительство,S4_procure,1460,5.634831374211109e-05
2023-09-25,тендер на строительство,S4_procure,1500,5.7204074000929126e-05
2023-10-02,тендер на строительство,S4_procure,1441,5.4427408538830504e-05
2023-10-09,тендер на строительство,S4_procure,1461,5.4231270191592254e-05
2023-10-16,тендер на строительство,S4_procure,1413,5.123955032196747e-05
2023-10-23,тендер на строительство,S4_procure,1512,5.588590001407575e-05
2023-10-30,тендер на строительство,S4_procure,1376,5.385251048353593e-05
2023-11-06,тендер на строительство,S4_procure,1504,5.6239736336927936e-05
2023-11-13,тендер на строительство,S4_procure,1610,5.810466945923603e-05
2023-11-20,тендер на строительство,S4_procure,1577,5.624523365558494e-05
2023-11-27,тендер на строительство,S4_procure,1498,5.291368496256323e-05
2023-12-04,тендер на строительство,S4_procure,1499,5.240652760548767e-05
2023-12-11,тендер на строительство,S4_procure,1457,5.189362261548778e-05
2023-12-18,тендер на строительство,S4_procure,1225,4.460470841330442e-05
2023-12-25,тендер на строительство,S4_procure,959,4.005908065263716e-05
2024-01-01,тендер на строительство,S4_procure,772,3.29012422002928e-05
2024-01-08,тендер на строительство,S4_procure,1678,6.185843314553714e-05
2024-01-15,тендер на строительство,S4_procure,1600,5.630822517711615e-05
2024-01-22,тендер на строительство,S4_procure,1687,5.904605345835357e-05
2024-01-29,тендер на строительство,S4_procure,1738,6.26936073419703e-05
2024-02-05,тендер на строительство,S4_procure,1811,6.679342320015302e-05
2024-02-12,тендер на строительство,S4_procure,1656,6.107575085560886e-05
2024-02-19,тендер на строительство,S4_procure,1680,6.465867225354748e-05
2024-02-26,тендер на строительство,S4_procure,1892,6.575769972120323e-05
2024-03-04,тендер на строительство,S4_procure,1466,5.442233317927037e-05
2024-03-11,тендер на строительство,S4_procure,1916,7.320853753884051e-05
2024-03-18,тендер на строительство,S4_procure,1891,7.277876817198669e-05
2024-03-25,тендер на строительство,S4_procure,1698,6.850484722688632e-05
2024-04-01,тендер на строительство,S4_procure,1871,7.259856636541759e-05
2024-04-08,тендер на строительство,S4_procure,1550,6.088033217993462e-05
2024-04-15,тендер на строительство,S4_procure,1498,5.8269911322612284e-05
2024-04-22,тендер на строительство,S4_procure,1475,5.785404217465539e-05
2024-04-29,тендер на строительство,S4_procure,1017,4.433128919928045e-05
2024-05-06,тендер на строительство,S4_procure,1507,6.272631376691865e-05
2024-05-13,тендер на строительство,S4_procure,1511,6.046730345457572e-05
2024-05-20,тендер на строительство,S4_procure,1391,5.912303861965252e-05
2024-05-27,тендер на строительство,S4_procure,1392,6.133417205346149e-05
2024-06-03,тендер на строительство,S4_procure,1262,5.612939028529583e-05
2024-06-10,тендер на строительство,S4_procure,1050,4.807874066905831e-05
2024-06-17,тендер на строительство,S4_procure,1055,4.7526200729336e-05
2024-06-24,тендер на строительство,S4_procure,1087,5.1162219691794164e-05
2024-07-01,тендер на строительство,S4_procure,1115,5.2909947634986856e-05
2024-07-08,тендер на строительство,S4_procure,1206,5.845855229965274e-05
2024-07-15,тендер на строительство,S4_procure,1143,5.5173641645071665e-05
2024-07-22,тендер на строительство,S4_procure,1258,5.966590035461593e-05
2024-07-29,тендер на строительство,S4_procure,1310,6.161732128940162e-05
2024-08-05,тендер на строительство,S4_procure,1198,5.5762886461758e-05
2024-08-12,тендер на строительство,S4_procure,1190,5.714073768108454e-05
2024-08-19,тендер на строительство,S4_procure,1172,5.5701578394525004e-05
2024-08-26,тендер на строительство,S4_procure,1103,5.1997379168036545e-05
2024-09-02,тендер на строительство,S4_procure,1115,5.1963064132054116e-05
2024-09-09,тендер на строительство,S4_procure,1195,5.1845732705619914e-05
2024-09-16,тендер на строительство,S4_procure,1130,4.7350582883894416e-05
2024-09-23,тендер на строительство,S4_procure,1222,5.006304178294488e-05
2024-09-30,тендер на строительство,S4_procure,1321,5.2880702403553705e-05
2024-10-07,тендер на строительство,S4_procure,1427,5.502636087754165e-05
2024-10-14,тендер на строительство,S4_procure,1316,5.390142936498493e-05
2024-10-21,тендер на строительство,S4_procure,1544,5.971804403214598e-05
2024-10-28,тендер на строительство,S4_procure,1626,6.464515987876347e-05
2024-11-04,тендер на строительство,S4_procure,1552,5.8357052871442905e-05
2024-11-11,тендер на строительство,S4_procure,1882,6.850674614704326e-05
2024-11-18,тендер на строительство,S4_procure,1736,6.512447075596276e-05
2024-11-25,тендер на строительство,S4_procure,2087,7.245366665001921e-05
2024-12-02,тендер на строительство,S4_procure,2504,9.088449445137912e-05
2024-12-09,тендер на строительство,S4_procure,2417,8.722301997102798e-05
2024-12-16,тендер на строительство,S4_procure,1581,5.5342670400034903e-05
2024-12-23,тендер на строительство,S4_procure,1490,5.5750696004223466e-05
2024-12-30,тендер на строительство,S4_procure,744,3.44072994708457e-05
2025-01-06,тендер на строительство,S4_procure,1476,5.916271793636829e-05
2025-01-13,тендер на строительство,S4_procure,2020,7.241001176066921e-05
2025-01-20,тендер на строительство,S4_procure,2080,7.267496621629074e-05
2025-01-27,тендер на строительство,S4_procure,2252,7.800535853446032e-05
2025-02-03,тендер на строительство,S4_procure,2268,7.813636056883497e-05
2025-02-10,тендер на строительство,S4_procure,2269,7.910209123812722e-05
2025-02-17,тендер на строительство,S4_procure,2186,7.76985970150586e-05
2025-02-24,тендер на строительство,S4_procure,2343,8.389678778259871e-05
2025-03-03,тендер на строительство,S4_procure,1968,7.272360002422184e-05
2025-03-10,тендер на строительство,S4_procure,2210,7.91626818286027e-05
2025-03-17,тендер на строительство,S4_procure,2236,8.124290863360256e-05
2025-03-24,тендер на строительство,S4_procure,2048,7.82377268343253e-05
2025-03-31,тендер на строительство,S4_procure,2239,8.288533390808395e-05
2025-04-07,тендер на строительство,S4_procure,2044,7.557150878650762e-05
2025-04-14,тендер на строительство,S4_procure,1861,7.151593197961614e-05
2025-04-21,тендер на строительство,S4_procure,1763,6.680818770499357e-05
2025-04-28,тендер на строительство,S4_procure,1342,5.529203701696403e-05
2025-05-05,тендер на строительство,S4_procure,1291,5.438546198329933e-05
2025-05-12,тендер на строительство,S4_procure,1946,7.544299244153446e-05
2025-05-19,тендер на строительство,S4_procure,1601,6.633795899979667e-05
2025-05-26,тендер на строительство,S4_procure,1665,7.146547787531238e-05
2025-06-02,тендер на строительство,S4_procure,1564,6.782584019882945e-05
2025-06-09,тендер на строительство,S4_procure,1360,5.724531777108033e-05
2025-06-16,тендер на строительство,S4_procure,1585,6.308049650301408e-05
2025-06-23,тендер на строительство,S4_procure,1684,6.777991618270361e-05
2025-06-30,тендер на строительство,S4_procure,1540,6.365938160608698e-05
2025-07-07,тендер на строительство,S4_procure,1643,6.914799035176702e-05
2025-07-14,тендер на строительство,S4_procure,1571,6.621350721154868e-05
2025-07-21,тендер на строительство,S4_procure,1354,5.696287110586921e-05
2025-07-28,тендер на строительство,S4_procure,1660,7.003696094292593e-05
2025-08-04,тендер на строительство,S4_procure,1508,6.325989146030587e-05
2025-08-11,тендер на строительство,S4_procure,1509,6.388245930939337e-05
2025-08-18,тендер на строительство,S4_procure,1554,6.610632225398689e-05
2025-08-25,тендер на строительство,S4_procure,1631,6.937645897661726e-05
2025-09-01,тендер на строительство,S4_procure,1677,6.912867005675752e-05
2025-09-08,тендер на строительство,S4_procure,1604,6.312800772241613e-05
2025-09-15,тендер на строительство,S4_procure,1477,5.773107308862554e-05
2025-09-22,тендер на строительство,S4_procure,1828,7.015037921890463e-05
2025-09-29,тендер на строительство,S4_procure,1515,5.848078758246796e-05
2025-10-06,тендер на строительство,S4_procure,1645,6.268849702229373e-05
2025-10-13,тендер на строительство,S4_procure,1638,5.9735079147012406e-05
2025-10-20,тендер на строительство,S4_procure,1634,6.0298324157940187e-05
2025-10-27,тендер на строительство,S4_procure,1653,6.336439135333885e-05
2025-11-03,тендер на строительство,S4_procure,1445,5.521852528467661e-05
2025-11-10,тендер на строительство,S4_procure,1519,5.5833632530295433e-05
2025-11-17,тендер на строительство,S4_procure,1782,6.443783360003437e-05
2025-11-24,тендер на строительство,S4_procure,1558,5.562867655877217e-05
2025-12-01,тендер на строительство,S4_procure,1640,5.8742245777305606e-05
2025-12-08,тендер на строительство,S4_procure,1448,5.3104436683328005e-05
2025-12-15,тендер на строительство,S4_procure,1152,4.421818356457674e-05
2025-12-22,тендер на строительство,S4_procure,1068,4.4684854559201926e-05
2025-12-29,тендер на строительство,S4_procure,592,2.939680153235436e-05
2026-01-05,тендер на строительство,S4_procure,680,3.196081402659206e-05
2026-01-12,тендер на строительство,S4_procure,1723,7.09206398172161e-05
2026-01-19,тендер на строительство,S4_procure,1697,6.75935619529282e-05
2026-01-26,тендер на строительство,S4_procure,1648,6.673169440829067e-05
2026-02-02,тендер на строительство,S4_procure,1691,6.886236013680515e-05
2026-02-09,тендер на строительство,S4_procure,1660,6.922454782048923e-05
2026-02-16,тендер на строительство,S4_procure,1473,6.412630971326812e-05
2026-02-23,тендер на строительство,S4_procure,1478,6.553270688561502e-05
2026-03-02,тендер на строительство,S4_procure,1401,6.376004375652012e-05
2026-03-09,тендер на строительство,S4_procure,1545,6.241447969002815e-05
2026-03-16,тендер на строительство,S4_procure,1734,6.610105500928121e-05
2026-03-23,тендер на строительство,S4_procure,1767,6.793994638878438e-05
2026-03-30,тендер на строительство,S4_procure,1756,6.88414786424503e-05
2026-04-06,тендер на строительство,S4_procure,1797,6.792954312706941e-05
2026-04-13,тендер на строительство,S4_procure,1771,6.673654665162919e-05
2026-04-20,тендер на строительство,S4_procure,1716,6.483337055100022e-05
2026-04-27,тендер на строительство,S4_procure,1391,5.606193533351198e-05
2026-05-04,тендер на строительство,S4_procure,1266,5.467536037488785e-05
2026-05-11,тендер на строительство,S4_procure,1393,5.768714531557719e-05
2026-05-18,тендер на строительство,S4_procure,1585,6.541177787378668e-05
2026-05-25,тендер на строительство,S4_procure,1558,6.422648206631829e-05
2026-06-01,тендер на строительство,S4_procure,1606,6.67822940684235e-05
2026-06-08,тендер на строительство,S4_procure,1336,5.5796979978685825e-05
2026-06-15,тендер на строительство,S4_procure,1448,5.9420893793236136e-05
2026-06-22,тендер на строительство,S4_procure,1257,5.144336774785364e-05
2026-06-29,тендер на строительство,S4_procure,1283,5.422860830298651e-05
2026-07-06,тендер на строительство,S4_procure,1144,4.7224418195508395e-05
2026-07-13,тендер на строительство,S4_procure,1101,4.2782566315924193e-05
2026-07-20,тендер на строительство,S4_procure,1222,4.577633869339109e-05
2026-07-27,тендер на строительство,S4_procure,1221,4.7247550582208985e-05
2026-08-03,тендер на строительство,S4_procure,1155,4.5535885771832527e-05
2026-08-10,тендер на строительство,S4_procure,1187,4.607162871547755e-05
2026-08-17,тендер на строительство,S4_procure,1169,4.5726150431592004e-05
2018-01-01,разрешение на строительство,S5_permits,8542,0.0005812184436599423
2018-01-08,разрешение на строительство,S5_permits,26036,0.0015054600325250952
2018-01-15,разрешение на строительство,S5_permits,31607,0.0017123731134272434
2018-01-22,разрешение на строительство,S5_permits,33198,0.001751025263320749
2018-01-29,разрешение на строительство,S5_permits,32857,0.0017391389782331378
2018-02-05,разрешение на строительство,S5_permits,33995,0.001762261799065508
2018-02-12,разрешение на строительство,S5_permits,33775,0.0017916844132941493
2018-02-19,разрешение на строительство,S5_permits,29641,0.0015139376331091076
2018-02-26,разрешение на строительство,S5_permits,37089,0.0018322529345476675
2018-03-05,разрешение на строительство,S5_permits,22273,0.0012069029423116254
2018-03-12,разрешение на строительство,S5_permits,32635,0.001648234453450488
2018-03-19,разрешение на строительство,S5_permits,32616,0.0017321485439417068
2018-03-26,разрешение на строительство,S5_permits,31702,0.0017211080116605064
2018-04-02,разрешение на строительство,S5_permits,30450,0.0017173056139731166
2018-04-09,разрешение на строительство,S5_permits,30218,0.0017093992106999333
2018-04-16,разрешение на строительство,S5_permits,31671,0.0017729932459134787
2018-04-23,разрешение на строительство,S5_permits,31699,0.0017608956153633626
2018-04-30,разрешение на строительство,S5_permits,18848,0.0011927650703275183
2018-05-07,разрешение на строительство,S5_permits,25823,0.0015393997065567822
2018-05-14,разрешение на строительство,S5_permits,31433,0.0017934020816721393
2018-05-21,разрешение на строительство,S5_permits,29990,0.001790456286972743
2018-05-28,разрешение на строительство,S5_permits,30231,0.0017994020863821665
2018-06-04,разрешение на строительство,S5_permits,33593,0.0019904509017138684
2018-06-11,разрешение на строительство,S5_permits,22539,0.0014359741820646876
2018-06-18,разрешение на строительство,S5_permits,29318,0.001793161785055676
2018-06-25,разрешение на строительство,S5_permits,28273,0.0017643636840969858
2018-07-02,разрешение на строительство,S5_permits,29612,0.0018525030966226436
2018-07-09,разрешение на строительство,S5_permits,27425,0.00178880310771187
2018-07-16,разрешение на строительство,S5_permits,27892,0.0017803507197470551
2018-07-23,разрешение на строительство,S5_permits,28963,0.0018284066223631594
2018-07-30,разрешение на строительство,S5_permits,29441,0.001854353133851474
2018-08-06,разрешение на строительство,S5_permits,30441,0.001912623824156056
2018-08-13,разрешение на строительство,S5_permits,35693,0.002221308213536459
2018-08-20,разрешение на строительство,S5_permits,47611,0.0030466215184928726
2018-08-27,разрешение на строительство,S5_permits,32757,0.002032054963897594
2018-09-03,разрешение на строительство,S5_permits,33398,0.001911680085824602
2018-09-10,разрешение на строительство,S5_permits,31299,0.001728681190141818
2018-09-17,разрешение на строительство,S5_permits,32125,0.001668146448874505
2018-09-24,разрешение на строительство,S5_permits,32448,0.0015924082103466067
2018-10-01,разрешение на строительство,S5_permits,32654,0.0015865236015211196
2018-10-08,разрешение на строительство,S5_permits,33480,0.001607035207692448
2018-10-15,разрешение на строительство,S5_permits,31724,0.0015210565775276032
2018-10-22,разрешение на строительство,S5_permits,31449,0.0015153569048506068
2018-10-29,разрешение на строительство,S5_permits,31936,0.0015763833839023032
2018-11-05,разрешение на строительство,S5_permits,25287,0.001306801064723028
2018-11-12,разрешение на строительство,S5_permits,28984,0.0014447115542514245
2018-11-19,разрешение на строительство,S5_permits,27224,0.0013653667792317054
2018-11-26,разрешение на строительство,S5_permits,26300,0.0013319697238419828
2018-12-03,разрешение на строительство,S5_permits,26075,0.0012698411158578885
2018-12-10,разрешение на строительство,S5_permits,25649,0.0012830072581649934
2018-12-17,разрешение на строительство,S5_permits,22291,0.0011266811141376976
2018-12-24,разрешение на строительство,S5_permits,17399,0.0009634683154695219
2018-12-31,разрешение на строительство,S5_permits,7481,0.00046783593197359617
2019-01-07,разрешение на строительство,S5_permits,21247,0.0011050168630477668
2019-01-14,разрешение на строительство,S5_permits,29538,0.0014175614320136479
2019-01-21,разрешение на строительство,S5_permits,30446,0.0014279694210202537
2019-01-28,разрешение на строительство,S5_permits,34030,0.001618881556681644
2019-02-04,разрешение на строительство,S5_permits,36034,0.0016903208431701267
2019-02-11,разрешение на строительство,S5_permits,31704,0.0015083392699888846
2019-02-18,разрешение на строительство,S5_permits,31065,0.001513324024472033
2019-02-25,разрешение на строительство,S5_permits,36383,0.001746695607701701
2019-03-04,разрешение на строительство,S5_permits,26654,0.0013822610314856648
2019-03-11,разрешение на строительство,S5_permits,33097,0.0016065299816506286
2019-03-18,разрешение на строительство,S5_permits,32650,0.0016224535284400038
2019-03-25,разрешение на строительство,S5_permits,33465,0.0017150355945733855
2019-04-01,разрешение на строительство,S5_permits,34425,0.0017605535445053444
2019-04-08,разрешение на строительство,S5_permits,31458,0.0016031320158524877
2019-04-15,разрешение на строительство,S5_permits,30509,0.0015543286728929445
2019-04-22,разрешение на строительство,S5_permits,28320,0.001535997666533172
2019-04-29,разрешение на строительство,S5_permits,18509,0.001095512523649219
2019-05-06,разрешение на строительство,S5_permits,19219,0.0011528255211872055
2019-05-13,разрешение на строительство,S5_permits,29805,0.0015769530101134607
2019-05-20,разрешение на строительство,S5_permits,29737,0.0015900002145166243
2019-05-27,разрешение на строительство,S5_permits,27124,0.0015308749618259787
2019-06-03,разрешение на строительство,S5_permits,26589,0.001528385261436895
2019-06-10,разрешение на строительство,S5_permits,23702,0.0013964820299818034
2019-06-17,разрешение на строительство,S5_permits,26466,0.0015834327459987245
2019-06-24,разрешение на строительство,S5_permits,26191,0.0015425249123191698
2019-07-01,разрешение на строительство,S5_permits,25802,0.0015419992034733253
2019-07-08,разрешение на строительство,S5_permits,26195,0.0015889935307939371
2019-07-15,разрешение на строительство,S5_permits,29660,0.0018084059545001184
2019-07-22,разрешение на строительство,S5_permits,25624,0.0015655746135487608
2019-07-29,разрешение на строительство,S5_permits,24512,0.0014757431590621522
2019-08-05,разрешение на строительство,S5_permits,23829,0.0014164147967825724
2019-08-12,разрешение на строительство,S5_permits,23255,0.0014121321080550154
2019-08-19,разрешение на строительство,S5_permits,22962,0.0014176493476455191
2019-08-26,разрешение на строительство,S5_permits,21595,0.001329478659100519
2019-09-02,разрешение на строительство,S5_permits,21730,0.0012726609403804021
2019-09-09,разрешение на строительство,S5_permits,23112,0.00127632655739634
2019-09-16,разрешение на строительство,S5_permits,22567,0.0011821130524920195
2019-09-23,разрешение на строительство,S5_permits,23085,0.0011963172823744991
2019-09-30,разрешение на строительство,S5_permits,23876,0.0012194913100084049
2019-10-07,разрешение на строительство,S5_permits,23837,0.0011976720057826542
2019-10-14,разрешение на строительство,S5_permits,22981,0.0011428459589982874
2019-10-21,разрешение на строительство,S5_permits,23644,0.0011777647698962305
2019-10-28,разрешение на строительство,S5_permits,23245,0.001191442252820406
2019-11-04,разрешение на строительство,S5_permits,20187,0.0010038757421016037
2019-11-11,разрешение на строительство,S5_permits,23199,0.0011251941343652571
2019-11-18,разрешение на строительство,S5_permits,23213,0.001091171561465113
2019-11-25,разрешение на строительство,S5_permits,23327,0.0010578078561632282
2019-12-02,разрешение на строительство,S5_permits,22925,0.0010579843626293058
2019-12-09,разрешение на строительство,S5_permits,23195,0.0010714255097179141
2019-12-16,разрешение на строительство,S5_permits,21641,0.0009988942981869976
2019-12-23,разрешение на строительство,S5_permits,17105,0.0008541144710389286
2019-12-30,разрешение на строительство,S5_permits,6507,0.0003716940564115391
2020-01-06,разрешение на строительство,S5_permits,14314,0.000704200853566607
2020-01-13,разрешение на строительство,S5_permits,26049,0.0011239933445769
2020-01-20,разрешение на строительство,S5_permits,27809,0.0011419526669271772
2020-01-27,разрешение на строительство,S5_permits,25699,0.0011481044013849436
2020-02-03,разрешение на строительство,S5_permits,26595,0.0011967096023333228
2020-02-10,разрешение на строительство,S5_permits,26372,0.0011648936745970893
2020-02-17,разрешение на строительство,S5_permits,26451,0.0011818276882764804
2020-02-24,разрешение на строительство,S5_permits,23412,0.0010564091977148494
2020-03-02,разрешение на строительство,S5_permits,24318,0.0011282754515955786
2020-03-09,разрешение на строительство,S5_permits,22929,0.001038418209827086
2020-03-16,разрешение на строительство,S5_permits,25097,0.0011199411159352995
2020-03-23,разрешение на строительство,S5_permits,21342,0.0009572897636358321
2020-03-30,разрешение на строительство,S5_permits,13883,0.0005888663335414372
2020-04-06,разрешение на строительство,S5_permits,19119,0.0006796017289739092
2020-04-13,разрешение на строительство,S5_permits,21483,0.0007510505430907203
2020-04-20,разрешение на строительство,S5_permits,24548,0.0008552961593695619
2020-04-27,разрешение на строительство,S5_permits,21511,0.0008264621889610455
2020-05-04,разрешение на строительство,S5_permits,20383,0.0008811618500846018
2020-05-11,разрешение на строительство,S5_permits,26824,0.0010224368810784934
2020-05-18,разрешение на строительство,S5_permits,31421,0.0012067492236272428
2020-05-25,разрешение на строительство,S5_permits,30461,0.0013273032854132852
2020-06-01,разрешение на строительство,S5_permits,30652,0.0013905347012398632
2020-06-08,разрешение на строительство,S5_permits,25108,0.0012336191439107252
2020-06-15,разрешение на строительство,S5_permits,29000,0.0014084170732230103
2020-06-22,разрешение на строительство,S5_permits,24844,0.0012371998721815766
2020-06-29,разрешение на строительство,S5_permits,24956,0.0012733990006733459
2020-07-06,разрешение на строительство,S5_permits,26218,0.0013815296120815712
2020-07-13,разрешение на строительство,S5_permits,29237,0.001548650139924939
2020-07-20,разрешение на строительство,S5_permits,26166,0.0013810846629779675
2020-07-27,разрешение на строительство,S5_permits,25778,0.0013635013250344339
2020-08-03,разрешение на строительство,S5_permits,25704,0.0013660055980784318
2020-08-10,разрешение на строительство,S5_permits,25345,0.001334562444370019
2020-08-17,разрешение на строительство,S5_permits,25484,0.001336717641814854
2020-08-24,разрешение на строительство,S5_permits,23903,0.0012446255009683378
2020-08-31,разрешение на строительство,S5_permits,22588,0.001129395394325582
2020-09-07,разрешение на строительство,S5_permits,24526,0.0011327006814701572
2020-09-14,разрешение на строительство,S5_permits,24620,0.0010900396576970866
2020-09-21,разрешение на строительство,S5_permits,24093,0.0010517838655113478
2020-09-28,разрешение на строительство,S5_permits,24160,0.0010467691336378006
2020-10-05,разрешение на строительство,S5_permits,25283,0.0010688014899651627
2020-10-12,разрешение на строительство,S5_permits,25805,0.0010524812453980355
2020-10-19,разрешение на строительство,S5_permits,25894,0.001030125101556624
2020-10-26,разрешение на строительство,S5_permits,26586,0.0010581645797448982
2020-11-02,разрешение на строительство,S5_permits,24099,0.0009618474141139377
2020-11-09,разрешение на строительство,S5_permits,27383,0.0010197547422700342
2020-11-16,разрешение на строительство,S5_permits,28151,0.0010263749766419117
2020-11-23,разрешение на строительство,S5_permits,28990,0.001043465618279759
2020-11-30,разрешение на строительство,S5_permits,27188,0.0010272314811335395
2020-12-07,разрешение на строительство,S5_permits,27490,0.0010555811285987433
2020-12-14,разрешение на строительство,S5_permits,26515,0.0010243874528125954
2020-12-21,разрешение на строительство,S5_permits,22704,0.0009193230593320717
2020-12-28,разрешение на строительство,S5_permits,11977,0.0006007176422630723
2021-01-04,разрешение на строительство,S5_permits,13254,0.0006168799729385266
2021-01-11,разрешение на строительство,S5_permits,31650,0.0012776424565808693
2021-01-18,разрешение на строительство,S5_permits,34503,0.001384326835804904
2021-01-25,разрешение на строительство,S5_permits,38081,0.0015297752322232928
2021-02-01,разрешение на строительство,S5_permits,35063,0.0014279672253099285
2021-02-08,разрешение на строительство,S5_permits,35101,0.001386290221148077
2021-02-15,разрешение на строительство,S5_permits,31290,0.0012208590489678826
2021-02-22,разрешение на строительство,S5_permits,26709,0.0010920021246782258
2021-03-01,разрешение на строительство,S5_permits,29046,0.0012001872842548847
2021-03-08,разрешение на строительство,S5_permits,28259,0.0011447119905036972
2021-03-15,разрешение на строительство,S5_permits,32837,0.0013082281557457297
2021-03-22,разрешение на строительство,S5_permits,34241,0.0014359085470035124
2021-03-29,разрешение на строительство,S5_permits,34974,0.0014181277545134133
2021-04-05,разрешение на строительство,S5_permits,36301,0.001424441182583179
2021-04-12,разрешение на строительство,S5_permits,34904,0.0013972392695289623
2021-04-19,разрешение на строительство,S5_permits,37452,0.0014756049924816818
2021-04-26,разрешение на строительство,S5_permits,30884,0.001296155559006701
2021-05-03,разрешение на строительство,S5_permits,21617,0.0009866556919504595
2021-05-10,разрешение на строительство,S5_permits,30258,0.0012704849575865867
2021-05-17,разрешение на строительство,S5_permits,36601,0.0014823652866596056
2021-05-24,разрешение на строительство,S5_permits,35356,0.0014911796225538674
2021-05-31,разрешение на строительство,S5_permits,35858,0.0015347444302126697
2021-06-07,разрешение на строительство,S5_permits,33728,0.0014266941392031647
2021-06-14,разрешение на строительство,S5_permits,30555,0.0013473549319304426
2021-06-21,разрешение на строительство,S5_permits,30116,0.001322558948500114
2021-06-28,разрешение на строительство,S5_permits,28675,0.0012754750600381122
2021-07-05,разрешение на строительство,S5_permits,29032,0.0013310169554908663
2021-07-12,разрешение на строительство,S5_permits,27280,0.001256083125857378
2021-07-19,разрешение на строительство,S5_permits,27461,0.0012493306872690445
2021-07-26,разрешение на строительство,S5_permits,27550,0.0012404632900846475
2021-08-02,разрешение на строительство,S5_permits,27895,0.0012482209501020335
2021-08-09,разрешение на строительство,S5_permits,27470,0.001227066983546136
2021-08-16,разрешение на строительство,S5_permits,28851,0.0012749116892323098
2021-08-23,разрешение на строительство,S5_permits,29569,0.0012831485266976404
2021-08-30,разрешение на строительство,S5_permits,32178,0.001358425462513295
2021-09-06,разрешение на строительство,S5_permits,26330,0.0010978099961834278
2021-09-13,разрешение на строительство,S5_permits,25856,0.0010263867984777132
2021-09-20,разрешение на строительство,S5_permits,25681,0.000991400532867537
2021-09-27,разрешение на строительство,S5_permits,23893,0.0009486966375140552
2021-10-04,разрешение на строительство,S5_permits,23937,0.0009483913588587404
2021-10-11,разрешение на строительство,S5_permits,25233,0.0009581057327212524
2021-10-18,разрешение на строительство,S5_permits,25533,0.0009625035117355097
2021-10-25,разрешение на строительство,S5_permits,24488,0.0009512874076894015
2021-11-01,разрешение на строительство,S5_permits,18056,0.0007285533839690498
2021-11-08,разрешение на строительство,S5_permits,27100,0.000989790828431928
2021-11-15,разрешение на строительство,S5_permits,25133,0.0009055103886968069
2021-11-22,разрешение на строительство,S5_permits,26405,0.0009549723647561825
2021-11-29,разрешение на строительство,S5_permits,26273,0.0009603388403814819
2021-12-06,разрешение на строительство,S5_permits,26852,0.000972098868383371
2021-12-13,разрешение на строительство,S5_permits,26106,0.0009372821272777473
2021-12-20,разрешение на строительство,S5_permits,23750,0.0008684878148921615
2021-12-27,разрешение на строительство,S5_permits,13879,0.0006091207131273354
2022-01-03,разрешение на строительство,S5_permits,9775,0.0004154348495672032
2022-01-10,разрешение на строительство,S5_permits,27440,0.0009971562086097275
2022-01-17,разрешение на строительство,S5_permits,27479,0.0009665236403372765
2022-01-24,разрешение на строительство,S5_permits,28488,0.0009773908348486638
2022-01-31,разрешение на строительство,S5_permits,29264,0.0009865864649546139
2022-02-07,разрешение на строительство,S5_permits,30252,0.0009969105497547818
2022-02-14,разрешение на строительство,S5_permits,29057,0.0009797420710867075
2022-02-21,разрешение на строительство,S5_permits,22644,0.0007962895080750237
2022-02-28,разрешение на строительство,S5_permits,23799,0.0008227351333599671
2022-03-07,разрешение на строительство,S5_permits,19047,0.0006799881902184434
2022-03-14,разрешение на строительство,S5_permits,26594,0.0009083197790270081
2022-03-21,разрешение на строительство,S5_permits,28198,0.0009881225545381607
2022-03-28,разрешение на строительство,S5_permits,29035,0.0010156534791424007
2022-04-04,разрешение на строительство,S5_permits,28965,0.0010122527780177522
2022-04-11,разрешение на строительство,S5_permits,28502,0.0010138617871326995
2022-04-18,разрешение на строительство,S5_permits,27410,0.0009849366869779524
2022-04-25,разрешение на строительство,S5_permits,25059,0.0009401484656464896
2022-05-02,разрешение на строительство,S5_permits,19243,0.0007651278516811155
2022-05-09,разрешение на строительство,S5_permits,21454,0.0007908126828261546
2022-05-16,разрешение на строительство,S5_permits,27797,0.0009743903084779397
2022-05-23,разрешение на строительство,S5_permits,27232,0.0009918898840449255
2022-05-30,разрешение на строительство,S5_permits,26243,0.0010267358726994938
2022-06-06,разрешение на строительство,S5_permits,25013,0.0010085310180431956
2022-06-13,разрешение на строительство,S5_permits,23836,0.0009637208986051126
2022-06-20,разрешение на строительство,S5_permits,26063,0.001020343421812174
2022-06-27,разрешение на строительство,S5_permits,23439,0.0009769504962957288
2022-07-04,разрешение на строительство,S5_permits,22955,0.0009780411142127794
2022-07-11,разрешение на строительство,S5_permits,23905,0.001002865270190923
2022-07-18,разрешение на строительство,S5_permits,23441,0.000987624094313346
2022-07-25,разрешение на строительство,S5_permits,23842,0.0010046369866657477
2022-08-01,разрешение на строительство,S5_permits,23125,0.0009763755038872895
2022-08-08,разрешение на строительство,S5_permits,25452,0.0010677589165237326
2022-08-15,разрешение на строительство,S5_permits,22544,0.0009237672043000947
2022-08-22,разрешение на строительство,S5_permits,23008,0.0009377632715972893
2022-08-29,разрешение на строительство,S5_permits,25521,0.0010061631889228008
2022-09-05,разрешение на строительство,S5_permits,24726,0.000909537718751192
2022-09-12,разрешение на строительство,S5_permits,24490,0.0008909333095647314
2022-09-19,разрешение на строительство,S5_permits,21624,0.0007744735006904143
2022-09-26,разрешение на строительство,S5_permits,17192,0.0006295647951866353
2022-10-03,разрешение на строительство,S5_permits,54251,0.00198144055404758
2022-10-10,разрешение на строительство,S5_permits,57330,0.00207309606473207
2022-10-17,разрешение на строительство,S5_permits,77233,0.002648765199374657
2022-10-24,разрешение на строительство,S5_permits,23230,0.0008192174542737415
2022-10-31,разрешение на строительство,S5_permits,22019,0.0007932353426035357
2022-11-07,разрешение на строительство,S5_permits,52781,0.0018291052382815173
2022-11-14,разрешение на строительство,S5_permits,24447,0.000810565617890346
2022-11-21,разрешение на строительство,S5_permits,25288,0.0008427893795696367
2022-11-28,разрешение на строительство,S5_permits,24933,0.0008348486960544323
2022-12-05,разрешение на строительство,S5_permits,25500,0.000855459969548651
2022-12-12,разрешение на строительство,S5_permits,25917,0.0008781733941897071
2022-12-19,разрешение на строительство,S5_permits,21608,0.0007429730092955671
2022-12-26,разрешение на строительство,S5_permits,14587,0.0006038291703272163
2023-01-02,разрешение на строительство,S5_permits,8705,0.0003559286611444398
2023-01-09,разрешение на строительство,S5_permits,22449,0.0007870439072274882
2023-01-16,разрешение на строительство,S5_permits,24188,0.0008288661077926023
2023-01-23,разрешение на строительство,S5_permits,27686,0.0009492920668983421
2023-01-30,разрешение на строительство,S5_permits,30008,0.0010350040961801259
2023-02-06,разрешение на строительство,S5_permits,29947,0.0010330640114148291
2023-02-13,разрешение на строительство,S5_permits,29957,0.0010370116778879582
2023-02-20,разрешение на строительство,S5_permits,21331,0.000780949714965637
2023-02-27,разрешение на строительство,S5_permits,28334,0.0009806627638762183
2023-03-06,разрешение на строительство,S5_permits,21134,0.0007674436661697138
2023-03-13,разрешение на строительство,S5_permits,27073,0.0009438244385332378
2023-03-20,разрешение на строительство,S5_permits,27469,0.0009902085690090138
2023-03-27,разрешение на строительство,S5_permits,27430,0.0009990178419953875
2023-04-03,разрешение на строительство,S5_permits,27081,0.0009828779549845446
2023-04-10,разрешение на строительство,S5_permits,26474,0.0009764268214517614
2023-04-17,разрешение на строительство,S5_permits,26270,0.0009717450903172087
2023-04-24,разрешение на строительство,S5_permits,24482,0.0009236202382288829
2023-05-01,разрешение на строительство,S5_permits,20606,0.0008092863134110176
2023-05-08,разрешение на строительство,S5_permits,20024,0.0007943600802443955
2023-05-15,разрешение на строительство,S5_permits,26547,0.0010154385806087753
2023-05-22,разрешение на строительство,S5_permits,25904,0.0010300437976976803
2023-05-29,разрешение на строительство,S5_permits,24344,0.0009912567917896894
2023-06-05,разрешение на строительство,S5_permits,24024,0.0009963760888387137
2023-06-12,разрешение на строительство,S5_permits,21057,0.0008955904355112999
2023-06-19,разрешение на строительство,S5_permits,23589,0.000982430452267079
2023-06-26,разрешение на строительство,S5_permits,22970,0.0009812236657504173
2023-07-03,разрешение на строительство,S5_permits,21582,0.0009522771201323933
2023-07-10,разрешение на строительство,S5_permits,22278,0.0009667228631284974
2023-07-17,разрешение на строительство,S5_permits,21445,0.0009397895886793699
2023-07-24,разрешение на строительство,S5_permits,21944,0.0009537806983688674
2023-07-31,разрешение на строительство,S5_permits,22074,0.0009810001661914008
2023-08-07,разрешение на строительство,S5_permits,22160,0.0009642771246384904
2023-08-14,разрешение на строительство,S5_permits,21762,0.0009634253312381975
2023-08-21,разрешение на строительство,S5_permits,21574,0.000960440307363674
2023-08-28,разрешение на строительство,S5_permits,20142,0.0008983041638989173
2023-09-04,разрешение на строительство,S5_permits,21535,0.000879028648093468
2023-09-11,разрешение на строительство,S5_permits,21560,0.0008505318151366733
2023-09-18,разрешение на строительство,S5_permits,22007,0.0008493543428237251
2023-09-25,разрешение на строительство,S5_permits,22579,0.0008610738579113193
2023-10-02,разрешение на строительство,S5_permits,22386,0.0008455322467385564
2023-10-09,разрешение на строительство,S5_permits,22025,0.0008175521738328675
2023-10-16,разрешение на строительство,S5_permits,23772,0.0008620428805759452
2023-10-23,разрешение на строительство,S5_permits,23242,0.0008590609048459976
2023-10-30,разрешение на строительство,S5_permits,21470,0.0008402713663383113
2023-11-06,разрешение на строительство,S5_permits,21004,0.0007854118497478951
2023-11-13,разрешение на строительство,S5_permits,23705,0.0008555100556094349
2023-11-20,разрешение на строительство,S5_permits,23018,0.0008209592823616069
2023-11-27,разрешение на строительство,S5_permits,23067,0.0008147930380717263
2023-12-04,разрешение на строительство,S5_permits,21552,0.0007534793081744299
2023-12-11,разрешение на строительство,S5_permits,20901,0.0007444259480345298
2023-12-18,разрешение на строительство,S5_permits,19671,0.000716260587100499
2023-12-25,разрешение на строительство,S5_permits,13337,0.0005571094459480937
2024-01-01,разрешение на строительство,S5_permits,5193,0.00022131625744316132
2024-01-08,разрешение на строительство,S5_permits,18230,0.00067203768548459
2024-01-15,разрешение на строительство,S5_permits,23115,0.0008134778906056498
2024-01-22,разрешение на строительство,S5_permits,23858,0.0008350448982865437
2024-01-29,разрешение на строительство,S5_permits,25002,0.0009018789244901849
2024-02-05,разрешение на строительство,S5_permits,24388,0.0008994798481531374
2024-02-12,разрешение на строительство,S5_permits,23624,0.0008712883684860529
2024-02-19,разрешение на строительство,S5_permits,19846,0.0007638190532999425
2024-02-26,разрешение на строительство,S5_permits,24998,0.0008688218697836356
2024-03-04,разрешение на строительство,S5_permits,19909,0.0007390820131419466
2024-03-11,разрешение на строительство,S5_permits,24494,0.0009358924417935071
2024-03-18,разрешение на строительство,S5_permits,24551,0.0009448924047543337
2024-03-25,разрешение на строительство,S5_permits,24785,0.0009999367718011645
2024-04-01,разрешение на строительство,S5_permits,25384,0.0009849502985674826
2024-04-08,разрешение на строительство,S5_permits,25365,0.0009962771778993817
2024-04-15,разрешение на строительство,S5_permits,25879,0.0010066535614939142
2024-04-22,разрешение на строительство,S5_permits,26279,0.0010307433046154368
2024-04-29,разрешение на строительство,S5_permits,15073,0.0006570359116034948
2024-05-06,разрешение на строительство,S5_permits,17417,0.0007249530238078449
2024-05-13,разрешение на строительство,S5_permits,25271,0.001011296641694628
2024-05-20,разрешение на строительство,S5_permits,25239,0.001072757995486276
2024-05-27,разрешение на строительство,S5_permits,24006,0.001057750096490946
2024-06-03,разрешение на строительство,S5_permits,25183,0.00112005264307021
2024-06-10,разрешение на строительство,S5_permits,20505,0.0009389091213514671
2024-06-17,разрешение на строительство,S5_permits,23094,0.0010403507863917397
2024-06-24,разрешение на строительство,S5_permits,22307,0.0010499315866281992
2024-07-01,разрешение на строительство,S5_permits,19785,0.0009388549900970539
2024-07-08,разрешение на строительство,S5_permits,19213,0.0009313135699280498
2024-07-15,разрешение на строительство,S5_permits,20034,0.0009670592622199175
2024-07-22,разрешение на строительство,S5_permits,20251,0.0009604881940233126
2024-07-29,разрешение на строительство,S5_permits,20377,0.000958455080850486
2024-08-05,разрешение на строительство,S5_permits,18956,0.0008823382936302878
2024-08-12,разрешение на строительство,S5_permits,18559,0.000891155420691805
2024-08-19,разрешение на строительство,S5_permits,18809,0.00089393429012169
2024-08-26,разрешение на строительство,S5_permits,20052,0.0009452868967157468
2024-09-02,разрешение на строительство,S5_permits,19038,0.0008872401927767229
2024-09-09,разрешение на строительство,S5_permits,18965,0.0008228069629808214
2024-09-16,разрешение на строительство,S5_permits,19600,0.0008213021455967527
2024-09-23,разрешение на строительство,S5_permits,19778,0.0008102674634886119
2024-09-30,разрешение на строительство,S5_permits,20782,0.0008319203310754376
2024-10-07,разрешение на строительство,S5_permits,21392,0.0008248941218587042
2024-10-14,разрешение на строительство,S5_permits,20606,0.0008439915300113066
2024-10-21,разрешение на строительство,S5_permits,22514,0.0008707850021630406
2024-10-28,разрешение на строительство,S5_permits,22353,0.0008886920410639606
2024-11-04,разрешение на строительство,S5_permits,19953,0.0007502566210978738
2024-11-11,разрешение на строительство,S5_permits,24196,0.0008807594207087456
2024-11-18,разрешение на строительство,S5_permits,23882,0.0008959116420471789
2024-11-25,разрешение на строительство,S5_permits,24992,0.0008676387335492479
2024-12-02,разрешение на строительство,S5_permits,24867,0.0009025657841543308
2024-12-09,разрешение на строительство,S5_permits,25037,0.0009035178945033625
2024-12-16,разрешение на строительство,S5_permits,23736,0.0008308751578843951
2024-12-23,разрешение на строительство,S5_permits,22110,0.0008272804621834772
2024-12-30,разрешение на строительство,S5_permits,5932,0.00027433346836163537
2025-01-06,разрешение на строительство,S5_permits,14229,0.0005703430308377943
2025-01-13,разрешение на строительство,S5_permits,25261,0.0009055194589535966
2025-01-20,разрешение на строительство,S5_permits,26726,0.000933803436104128
2025-01-27,разрешение на строительство,S5_permits,28194,0.000976591065062422
2025-02-03,разрешение на строительство,S5_permits,29016,0.0009996493114044602
2025-02-10,разрешение на строительство,S5_permits,28648,0.0009987292683075666
2025-02-17,разрешение на строительство,S5_permits,26398,0.0009382834236063665
2025-02-24,разрешение на строительство,S5_permits,26305,0.0009419142136667773
2025-03-03,разрешение на строительство,S5_permits,23129,0.0008546870655285706
2025-03-10,разрешение на строительство,S5_permits,27681,0.0009915394550667651
2025-03-17,разрешение на строительство,S5_permits,27392,0.0009952619647994817
2025-03-24,разрешение на строительство,S5_permits,25701,0.0009818299889497043
2025-03-31,разрешение на строительство,S5_permits,26053,0.0009644535972788349
2025-04-07,разрешение на строительство,S5_permits,26245,0.0009703396517132547
2025-04-14,разрешение на строительство,S5_permits,25231,0.0009695961739804916
2025-04-21,разрешение на строительство,S5_permits,24890,0.0009431967056025466
2025-04-28,разрешение на строительство,S5_permits,17157,0.0007068893286885633
2025-05-05,разрешение на строительство,S5_permits,16746,0.0007054523209700468
2025-05-12,разрешение на строительство,S5_permits,25016,0.0009698262584364984
2025-05-19,разрешение на строительство,S5_permits,24271,0.0010056768287845504
2025-05-26,разрешение на строительство,S5_permits,23138,0.0009931340703177047
2025-06-02,разрешение на строительство,S5_permits,23786,0.001031525214174781
2025-06-09,разрешение на строительство,S5_permits,18432,0.0007758424243798181
2025-06-16,разрешение на строительство,S5_permits,25183,0.001002243623618551
2025-06-23,разрешение на строительство,S5_permits,25248,0.0010162157504637179
2025-06-30,разрешение на строительство,S5_permits,24324,0.001005487531289909
2025-07-07,разрешение на строительство,S5_permits,23709,0.0009978269648509095
2025-07-14,разрешение на строительство,S5_permits,22987,0.0009688414323818392
2025-07-21,разрешение на строительство,S5_permits,23614,0.0009934425689025075
2025-07-28,разрешение на строительство,S5_permits,23002,0.0009704760094031219
2025-08-04,разрешение на строительство,S5_permits,23394,0.000981367308237663
2025-08-11,разрешение на строительство,S5_permits,23906,0.0010120437854541802
2025-08-18,разрешение на строительство,S5_permits,23144,0.0009845332832987598
2025-08-25,разрешение на строительство,S5_permits,22042,0.0009375817956852223
2025-09-01,разрешение на строительство,S5_permits,21585,0.0008897688391026305
2025-09-08,разрешение на строительство,S5_permits,22407,0.0008818636340624551
2025-09-15,разрешение на строительство,S5_permits,22582,0.0008826561221986064
2025-09-22,разрешение на строительство,S5_permits,22503,0.0008635634483386274
2025-09-29,разрешение на строительство,S5_permits,22132,0.0008543213140430237
2025-10-06,разрешение на строительство,S5_permits,23721,0.0009039719379123583
2025-10-13,разрешение на строительство,S5_permits,23453,0.000855291093549989
2025-10-20,разрешение на строительство,S5_permits,23628,0.000871927052144315
2025-10-27,разрешение на строительство,S5_permits,25460,0.0009759572921088972
2025-11-03,разрешение на строительство,S5_permits,18379,0.0007023261427038555
2025-11-10,разрешение на строительство,S5_permits,23762,0.0008734159158557473
2025-11-17,разрешение на строительство,S5_permits,24020,0.0008685728187838526
2025-11-24,разрешение на строительство,S5_permits,24140,0.0008619231400056226
2025-12-01,разрешение на строительство,S5_permits,23217,0.0008315967806168928
2025-12-08,разрешение на строительство,S5_permits,22777,0.0008353313220553606
2025-12-15,разрешение на строительство,S5_permits,20693,0.0007942767990466897
2025-12-22,разрешение на строительство,S5_permits,17211,0.0007201039623768018
2025-12-29,разрешение на строительство,S5_permits,5791,0.0002875622933680137
2026-01-05,разрешение на строительство,S5_permits,5939,0.00027914010956460336
2026-01-12,разрешение на строительство,S5_permits,18996,0.0007818969668994992
2026-01-19,разрешение на строительство,S5_permits,20626,0.0008215585202363566
2026-01-26,разрешение на строительство,S5_permits,20883,0.0008456055669468047
2026-02-02,разрешение на строительство,S5_permits,20513,0.0008353480742083288
2026-02-09,разрешение на строительство,S5_permits,20248,0.0008443726772706423
2026-02-16,разрешение на строительство,S5_permits,19267,0.0008387790965685926
2026-02-23,разрешение на строительство,S5_permits,16748,0.000742585774641597
2026-03-02,разрешение на строительство,S5_permits,17709,0.000805943336819568
2026-03-09,разрешение на строительство,S5_permits,19733,0.000797168238008625
2026-03-16,разрешение на строительство,S5_permits,23672,0.0009023899505073269
2026-03-23,разрешение на строительство,S5_permits,24575,0.0009448920104721995
2026-03-30,разрешение на строительство,S5_permits,23924,0.0009379063411400804
2026-04-06,разрешение на строительство,S5_permits,24307,0.0009188444100109495
2026-04-13,разрешение на строительство,S5_permits,23253,0.0008762421904519105
2026-04-20,разрешение на строительство,S5_permits,22935,0.0008665229333258683
2026-04-27,разрешение на строительство,S5_permits,18400,0.0007415813156985049
2026-05-04,разрешение на строительство,S5_permits,19890,0.0008589991452263185
2026-05-11,разрешение на строительство,S5_permits,19315,0.0007998759596341519
2026-05-18,разрешение на строительство,S5_permits,21223,0.0008758575153409305
2026-05-25,разрешение на строительство,S5_permits,21418,0.0008829286218847273
2026-06-01,разрешение на строительство,S5_permits,21594,0.000897943249136698
2026-06-08,разрешение на строительство,S5_permits,17682,0.0007384747005861697
2026-06-15,разрешение на строительство,S5_permits,20577,0.0008444086544084392
2026-06-22,разрешение на строительство,S5_permits,19557,0.0008003802251748399
2026-06-29,разрешение на строительство,S5_permits,18476,0.000780925773192501
2026-07-06,разрешение на строительство,S5_permits,18896,0.0007800285019425931
2026-07-13,разрешение на строительство,S5_permits,18282,0.000710400433594665
2026-07-20,разрешение на строительство,S5_permits,18934,0.0007092710284948175
2026-07-27,разрешение на строительство,S5_permits,18440,0.0007135502315609612
2026-08-03,разрешение на строительство,S5_permits,18602,0.0007333840234871245
2026-08-10,разрешение на строительство,S5_permits,19066,0.0007400182587104422
2026-08-17,разрешение на строительство,S5_permits,19503,0.0007628717808959272
2018-01-01,стройка,D_broad,70067,0.0047675289969469885
2018-01-08,стройка,D_broad,92699,0.00536006450895083
2018-01-15,стройка,D_broad,102674,0.005562571488848318
2018-01-22,стройка,D_broad,107257,0.0056572599755405
2018-01-29,стройка,D_broad,109550,0.005798541408693437
2018-02-05,стройка,D_broad,109705,0.00568698134038775
2018-02-12,стройка,D_broad,101855,0.005403168494924518
2018-02-19,стройка,D_broad,103020,0.0052618283783576894
2018-02-26,стройка,D_broad,111421,0.005504366637553874
2018-03-05,стройка,D_broad,95799,0.005191042741009806
2018-03-12,стройка,D_broad,112182,0.005665764898329482
2018-03-19,стройка,D_broad,108947,0.005785883842801603
2018-03-26,стройка,D_broad,105424,0.0057234903482839316
2018-04-02,стройка,D_broad,103725,0.005849836611144877
2018-04-09,стройка,D_broad,108133,0.006116965545390691
2018-04-16,стройка,D_broad,109059,0.006105297287931485
2018-04-23,стройка,D_broad,109079,0.006059394076413144
2018-04-30,стройка,D_broad,89854,0.005686264464622709
2018-05-07,стройка,D_broad,94955,0.005660600981144686
2018-05-14,стройка,D_broad,104797,0.00597916705223794
2018-05-21,стройка,D_broad,99661,0.005949938780126394
2018-05-28,стройка,D_broad,99121,0.005899855585468119
2018-06-04,стройка,D_broad,101060,0.005988002504307551
2018-06-11,стройка,D_broad,86979,0.005541488015519964
2018-06-18,стройка,D_broad,93729,0.005732698715856588
2018-06-25,стройка,D_broad,90708,0.0056605914143200015
2018-07-02,стройка,D_broad,88978,0.005566392696585491
2018-07-09,стройка,D_broad,88668,0.005783394492419183
2018-07-16,стройка,D_broad,91983,0.0058712892676930075
2018-07-23,стройка,D_broad,94980,0.005995996995893135
2018-07-30,стройка,D_broad,94993,0.005983172013313171
2018-08-06,стройка,D_broad,100175,0.006294047225282774
2018-08-13,стройка,D_broad,98219,0.0061125338700960255
2018-08-20,стройка,D_broad,92172,0.005898073945149756
2018-08-27,стройка,D_broad,94025,0.0058327675910636295
2018-09-03,стройка,D_broad,105786,0.006055122748638881
2018-09-10,стройка,D_broad,101417,0.005601382161110986
2018-09-17,стройка,D_broad,105014,0.005453034433684272
2018-09-24,стройка,D_broad,111275,0.005460898163409722
2018-10-01,стройка,D_broad,113037,0.005492003072981651
2018-10-08,стройка,D_broad,116235,0.0055792633621903134
2018-10-15,стройка,D_broad,117867,0.005651316846029695
2018-10-22,стройка,D_broad,121362,0.0058477771848541886
2018-10-29,стройка,D_broad,114592,0.00565634158091598
2018-11-05,стройка,D_broad,104327,0.0053914910696942825
2018-11-12,стройка,D_broad,108280,0.005397231820809559
2018-11-19,стройка,D_broad,109510,0.005492261092920367
2018-11-26,стройка,D_broad,103974,0.0052657878352375025
2018-12-03,стройка,D_broad,122404,0.00596102135936602
2018-12-10,стройка,D_broad,124924,0.0062489141377443025
2018-12-17,стройка,D_broad,115318,0.005828657876278813
2018-12-24,стройка,D_broad,90822,0.005029261414309611
2018-12-31,стройка,D_broad,77558,0.0048502097596588925
2019-01-07,стройка,D_broad,104095,0.005413786904455089
2019-01-14,стройка,D_broad,112738,0.0054104218539628495
2019-01-21,стройка,D_broad,119713,0.005614744245503437
2019-01-28,стройка,D_broad,119177,0.0056695106459197266
2019-02-04,стройка,D_broad,129305,0.006065575196373237
2019-02-11,стройка,D_broad,124033,0.005900953970304421
2019-02-18,стройка,D_broad,118235,0.005759789667904421
2019-02-25,стройка,D_broad,122948,0.005902557006725909
2019-03-04,стройка,D_broad,106717,0.005534281927555178
2019-03-11,стройка,D_broad,120449,0.005846600288842994
2019-03-18,стройка,D_broad,125715,0.006247067238218534
2019-03-25,стройка,D_broad,123254,0.0063165993477827
2019-04-01,стройка,D_broad,122697,0.006274935025422578
2019-04-08,стройка,D_broad,125692,0.006405393519503175
2019-04-15,стройка,D_broad,121917,0.006211252050643715
2019-04-22,стройка,D_broad,124240,0.006738430441033944
2019-04-29,стройка,D_broad,99197,0.005871281852527504
2019-05-06,стройка,D_broad,90799,0.0054464542639199275
2019-05-13,стройка,D_broad,115636,0.006118186152574405
2019-05-20,стройка,D_broad,111946,0.005985612671563306
2019-05-27,стройка,D_broad,110640,0.006244506922888448
2019-06-03,стройка,D_broad,110906,0.006375083523446548
2019-06-10,стройка,D_broad,105963,0.006243161983923797
2019-06-17,стройка,D_broad,107358,0.006423115421481564
2019-06-24,стройка,D_broad,105073,0.006188298274678789
2019-07-01,стройка,D_broad,105145,0.006283757315293495
2019-07-08,стройка,D_broad,103065,0.0062519419069012065
2019-07-15,стройка,D_broad,101615,0.006195589044724529
2019-07-22,стройка,D_broad,100882,0.006163686316110915
2019-07-29,стройка,D_broad,102109,0.006147464842880112
2019-08-05,стройка,D_broad,105620,0.0062781371789070155
2019-08-12,стройка,D_broad,100359,0.006094180444304162
2019-08-19,стройка,D_broad,100693,0.006216678240678958
2019-08-26,стройка,D_broad,96766,0.005957320302223701
2019-09-02,стройка,D_broad,99888,0.0058501406356519835
2019-09-09,стройка,D_broad,99878,0.0055156171642277456
2019-09-16,стройка,D_broad,100847,0.005282605353155612
2019-09-23,стройка,D_broad,102505,0.005312042583053845
2019-09-30,стройка,D_broad,106451,0.005437094548571985
2019-10-07,стройка,D_broad,111378,0.005596103228596738
2019-10-14,стройка,D_broad,108450,0.005393222412138909
2019-10-21,стройка,D_broad,110383,0.005498443943302978
2019-10-28,стройка,D_broad,104678,0.005365359954430392
2019-11-04,стройка,D_broad,107172,0.005329537377149308
2019-11-11,стройка,D_broad,109781,0.005324580251939838
2019-11-18,стройка,D_broad,110621,0.005199952151847338
2019-11-25,стройка,D_broad,114017,0.005170321015825559
2019-12-02,стройка,D_broad,111692,0.005154564424462047
2019-12-09,стройка,D_broad,119950,0.00554074110328363
2019-12-16,стройка,D_broad,115503,0.005331328872209823
2019-12-23,стройка,D_broad,97105,0.004848803607730791
2019-12-30,стройка,D_broad,78695,0.004495230331843564
2020-01-06,стройка,D_broad,104426,0.005137409412780949
2020-01-13,стройка,D_broad,128069,0.005526074077569926
2020-01-20,стройка,D_broad,146695,0.006023904004994148
2020-01-27,стройка,D_broad,143260,0.006400149287614577
2020-02-03,стройка,D_broad,135161,0.006081912636246446
2020-02-10,стройка,D_broad,135121,0.005968511990187825
2020-02-17,стройка,D_broad,129053,0.005766073443542574
2020-02-24,стройка,D_broad,126622,0.005713507835001267
2020-03-02,стройка,D_broad,121197,0.005623143346781369
2020-03-09,стройка,D_broad,125378,0.005678171673936952
2020-03-16,стройка,D_broad,137760,0.006147471336464392
2020-03-23,стройка,D_broad,153107,0.006867573978117859
2020-03-30,стройка,D_broad,163699,0.006943515805978515
2020-04-06,стройка,D_broad,189509,0.0067362646611285396
2020-04-13,стройка,D_broad,212540,0.007430446512521608
2020-04-20,стройка,D_broad,215134,0.007495652759891287
2020-04-27,стройка,D_broad,185911,0.0071427833207166995
2020-05-04,стройка,D_broad,159196,0.006882080257374689
2020-05-11,стройка,D_broad,171800,0.006548413963960824
2020-05-18,стройка,D_broad,166289,0.006386465155397683
2020-05-25,стройка,D_broad,152465,0.006643488244330013
2020-06-01,стройка,D_broad,145881,0.00661792355316366
2020-06-08,стройка,D_broad,130543,0.006413905683588411
2020-06-15,стройка,D_broad,132622,0.006440934106378691
2020-06-22,стройка,D_broad,126163,0.006282758310821294
2020-06-29,стройка,D_broad,124160,0.006335359028834853
2020-07-06,стройка,D_broad,121806,0.006418437559280184
2020-07-13,стройка,D_broad,122136,0.006469402930870896
2020-07-20,стройка,D_broad,121469,0.006411334285992156
2020-07-27,стройка,D_broad,120038,0.006349289008242818
2020-08-03,стройка,D_broad,124541,0.006618569218420712
2020-08-10,стройка,D_broad,115960,0.006105972027979776
2020-08-17,стройка,D_broad,116867,0.006130049468135949
2020-08-24,стройка,D_broad,116233,0.006052234274110063
2020-08-31,стройка,D_broad,114164,0.0057081767220553276
2020-09-07,стройка,D_broad,121984,0.00563366875676652
2020-09-14,стройка,D_broad,126636,0.005606753131280595
2020-09-21,стройка,D_broad,128258,0.005599124020369171
2020-09-28,стройка,D_broad,132443,0.005738296538344007
2020-10-05,стройка,D_broad,139853,0.005912079056128541
2020-10-12,стройка,D_broad,131913,0.005380196028839025
2020-10-19,стройка,D_broad,132377,0.005266272903713649
2020-10-26,стройка,D_broad,134888,0.005368754375710142
2020-11-02,стройка,D_broad,137719,0.005496687166453271
2020-11-09,стройка,D_broad,141503,0.005269632812162168
2020-11-16,стройка,D_broad,148125,0.005400582338641014
2020-11-23,стройка,D_broad,148809,0.005356228878599263
2020-11-30,стройка,D_broad,176476,0.006667710124485894
2020-12-07,стройка,D_broad,139229,0.005346216986310456
2020-12-14,стройка,D_broad,141550,0.005468679764119287
2020-12-21,стройка,D_broad,129165,0.005230107600362361
2020-12-28,стройка,D_broad,96972,0.004863721399810858
2021-01-04,стройка,D_broad,117136,0.005451852460398917
2021-01-11,стройка,D_broad,138530,0.0055921582783617
2021-01-18,стройка,D_broad,144674,0.005804599618677758
2021-01-25,стройка,D_broad,150694,0.006053621198095031
2021-02-01,стройка,D_broad,149592,0.006092247473649227
2021-02-08,стройка,D_broad,148270,0.005855823226962918
2021-02-15,стройка,D_broad,146689,0.005723444967531152
2021-02-22,стройка,D_broad,134812,0.005511812139433187
2021-03-01,стройка,D_broad,136675,0.005647441887885987
2021-03-08,стройка,D_broad,135500,0.005488816826966664
2021-03-15,стройка,D_broad,151778,0.006046845114437231
2021-03-22,стройка,D_broad,146506,0.006143781361154656
2021-03-29,стройка,D_broad,150778,0.006113754977126534
2021-04-05,стройка,D_broad,157556,0.006182453788134635
2021-04-12,стройка,D_broad,156617,0.006269522767471278
2021-04-19,стройка,D_broad,161262,0.006353706405467826
2021-04-26,стройка,D_broad,145432,0.006103564799166641
2021-05-03,стройка,D_broad,136180,0.006215606796956727
2021-05-10,стройка,D_broad,143673,0.00603259915762237
2021-05-17,стройка,D_broad,148248,0.0060041443954185186
2021-05-24,стройка,D_broad,147258,0.006210774093733381
2021-05-31,стройка,D_broad,147125,0.006297040389732807
2021-06-07,стройка,D_broad,152674,0.006458109019470587
2021-06-14,стройка,D_broad,140898,0.006213045825532172
2021-06-21,стройка,D_broad,141443,0.006211538894697226
2021-06-28,стройка,D_broad,137334,0.0061086692901577725
2021-07-05,стройка,D_broad,136827,0.006273045500446017
2021-07-12,стройка,D_broad,137176,0.006316145853101601
2021-07-19,стройка,D_broad,142234,0.006470896943775729
2021-07-26,стройка,D_broad,139387,0.006276023833576362
2021-08-02,стройка,D_broad,145900,0.006528605005194002
2021-08-09,стройка,D_broad,142057,0.006345593537736201
2021-08-16,стройка,D_broad,142497,0.0062968732792810095
2021-08-23,стройка,D_broad,145948,0.006333422204824891
2021-08-30,стройка,D_broad,147993,0.00624766795555131
2021-09-06,стройка,D_broad,147572,0.006152906067481231
2021-09-13,стройка,D_broad,148546,0.005896722361025309
2021-09-20,стройка,D_broad,143121,0.005525105551362282
2021-09-27,стройка,D_broad,137650,0.005465537695300284
2021-10-04,стройка,D_broad,141785,0.005617565643806096
2021-10-11,стройка,D_broad,145674,0.005531292137614858
2021-10-18,стройка,D_broad,146501,0.005522567930629535
2021-10-25,стройка,D_broad,148662,0.0057750852908331355
2021-11-01,стройка,D_broad,150137,0.0060579762632344495
2021-11-08,стройка,D_broad,152167,0.005557693763468679
2021-11-15,стройка,D_broad,152335,0.005488438509613977
2021-11-22,стройка,D_broad,147596,0.005338007996536775
2021-11-29,стройка,D_broad,145692,0.00532537914714189
2021-12-06,стройка,D_broad,147061,0.00532391746176549
2021-12-13,стройка,D_broad,152079,0.005460083070339099
2021-12-20,стройка,D_broad,135678,0.004961460621007945
2021-12-27,стройка,D_broad,100640,0.0044168822371305596
2022-01-03,стройка,D_broad,119189,0.005065500182615385
2022-01-10,стройка,D_broad,149168,0.005420692322372297
2022-01-17,стройка,D_broad,154543,0.005435767784440617
2022-01-24,стройка,D_broad,162376,0.005570935629015257
2022-01-31,стройка,D_broad,171867,0.0057942063959935276
2022-02-07,стройка,D_broad,171878,0.0056639888758016795
2022-02-14,стройка,D_broad,162941,0.005494034236326503
2022-02-21,стройка,D_broad,144275,0.00507351478438103
2022-02-28,стройка,D_broad,155441,0.005373619558158184
2022-03-07,стройка,D_broad,153685,0.005486637528940067
2022-03-14,стройка,D_broad,167148,0.005708950681537427
2022-03-21,стройка,D_broad,174698,0.006121818357071693
2022-03-28,стройка,D_broad,168568,0.005896561931189124
2022-04-04,стройка,D_broad,171568,0.005995863442739503
2022-04-11,стройка,D_broad,172264,0.006127706367926018
2022-04-18,стройка,D_broad,167118,0.006005131311724971
2022-04-25,стройка,D_broad,161087,0.006043565021971989
2022-05-02,стройка,D_broad,144560,0.00574790221062319
2022-05-09,стройка,D_broad,154791,0.005705727882322331
2022-05-16,стройка,D_broad,167018,0.00585461454622328
2022-05-23,стройка,D_broad,163556,0.005957312789176404
2022-05-30,стройка,D_broad,157624,0.006166909850184239
2022-06-06,стройка,D_broad,154226,0.006218434605554308
2022-06-13,стройка,D_broad,153192,0.0061937544847757335
2022-06-20,стройка,D_broad,157522,0.006166847120082003
2022-06-27,стройка,D_broad,147715,0.00615684297795655
2022-07-04,стройка,D_broad,146661,0.0062487688020718985
2022-07-11,стройка,D_broad,147929,0.006205934179212425
2022-07-18,стройка,D_broad,146181,0.006158947047089255
2022-07-25,стройка,D_broad,147973,0.006235179465979812
2022-08-01,стройка,D_broad,145091,0.006125980464195058
2022-08-08,стройка,D_broad,155340,0.006516803005374691
2022-08-15,стройка,D_broad,145612,0.005966624829335761
2022-08-22,стройка,D_broad,143303,0.005840763652195165
2022-08-29,стройка,D_broad,139683,0.005506990036374106
2022-09-05,стройка,D_broad,145168,0.00533995678863031
2022-09-12,стройка,D_broad,146445,0.00532759201793414
2022-09-19,стройка,D_broad,130240,0.004664605472156842
2022-09-26,стройка,D_broad,128671,0.004711885281611188
2022-10-03,стройка,D_broad,139779,0.005105229013367804
2022-10-10,стройка,D_broad,138699,0.005015460510767022
2022-10-17,стройка,D_broad,142970,0.004903266227578816
2022-10-24,стройка,D_broad,140440,0.004952686150589938
2022-10-31,стройка,D_broad,141948,0.0051136822931053495
2022-11-07,стройка,D_broad,143392,0.004969194564855977
2022-11-14,стройка,D_broad,146902,0.004870688035314256
2022-11-21,стройка,D_broad,144293,0.004808945268358178
2022-11-28,стройка,D_broad,144248,0.004829954466308096
2022-12-05,стройка,D_broad,141892,0.004760114745066557
2022-12-12,стройка,D_broad,138146,0.0046809484783628995
2022-12-19,стройка,D_broad,132369,0.00455139736520941
2022-12-26,стройка,D_broad,97469,0.004034731295168536
2023-01-02,стройка,D_broad,111061,0.004541044576147344
2023-01-09,стройка,D_broad,137349,0.004815345610663649
2023-01-16,стройка,D_broad,147612,0.00505831750882593
2023-01-23,стройка,D_broad,152526,0.005229781181670755
2023-01-30,стройка,D_broad,154531,0.005329919287750301
2023-02-06,стройка,D_broad,152158,0.005248904860214966
2023-02-13,стройка,D_broad,151459,0.005243006700311523
2023-02-20,стройка,D_broad,133196,0.004876441715557779
2023-02-27,стройка,D_broad,152784,0.005287978390487193
2023-03-06,стройка,D_broad,141115,0.005124340539014818
2023-03-13,стройка,D_broad,156248,0.005447149590807866
2023-03-20,стройка,D_broad,158746,0.005722510812039204
2023-03-27,стройка,D_broad,160939,0.0058614995433064416
2023-04-03,стройка,D_broad,164213,0.0059599474768980846
2023-04-10,стройка,D_broad,158828,0.005857970809002808
2023-04-17,стройка,D_broad,165826,0.006134016039091795
2023-04-24,стройка,D_broad,157425,0.00593909468193701
2023-05-01,стройка,D_broad,143907,0.005651847301952796
2023-05-08,стройка,D_broad,136721,0.005423776694521275
2023-05-15,стройка,D_broad,153771,0.005881832447312012
2023-05-22,стройка,D_broad,142065,0.005649056984246485
2023-05-29,стройка,D_broad,141682,0.005769111270717498
2023-06-05,стройка,D_broad,140102,0.005810617832104623
2023-06-12,стройка,D_broad,138527,0.005891791625591196
2023-06-19,стройка,D_broad,137432,0.005723743351391294
2023-06-26,стройка,D_broad,134530,0.005746801034105513
2023-07-03,стройка,D_broad,134551,0.005936884384715672
2023-07-10,стройка,D_broad,137312,0.005958463496808521
2023-07-17,стройка,D_broad,140219,0.006144852242249129
2023-07-24,стройка,D_broad,138956,0.006039625898767059
2023-07-31,стройка,D_broad,134942,0.005997015693857027
2023-08-07,стройка,D_broad,146115,0.00635809350480835
2023-08-14,стройка,D_broad,136535,0.006044539913638787
2023-08-21,стройка,D_broad,129715,0.005774706334925325
2023-08-28,стройка,D_broad,127483,0.005685558024343445
2023-09-04,стройка,D_broad,134447,0.005487938920372533
2023-09-11,стройка,D_broad,139630,0.005508337539310468
2023-09-18,стройка,D_broad,140319,0.005415574682177593
2023-09-25,стройка,D_broad,145383,0.005544333260318053
2023-10-02,стройка,D_broad,139728,0.0052776078697527465
2023-10-09,стройка,D_broad,140120,0.005201153716116294
2023-10-16,стройка,D_broad,142569,0.005169972717517749
2023-10-23,стройка,D_broad,139501,0.005156176546206072
2023-10-30,стройка,D_broad,138137,0.005406267616761775
2023-11-06,стройка,D_broad,140407,0.0052503009706509575
2023-11-13,стройка,D_broad,145644,0.005256271104795635
2023-11-20,стройка,D_broad,138100,0.004925470366414888
2023-11-27,стройка,D_broad,135544,0.004787805416933024
2023-12-04,стройка,D_broad,142723,0.004989737718104081
2023-12-11,стройка,D_broad,139791,0.0049789028133436185
2023-12-18,стройка,D_broad,130901,0.0047663681110285405
2023-12-25,стройка,D_broad,100988,0.004218442582845174
2024-01-01,стройка,D_broad,100095,0.00426586766585273
2024-01-08,стройка,D_broad,129840,0.00478647137045086
2024-01-15,стройка,D_broad,142288,0.0050074904650009395
2024-01-22,стройка,D_broad,147996,0.005179952417085059
2024-01-29,стройка,D_broad,146581,0.005287509584461075
2024-02-05,стройка,D_broad,143830,0.005304747685741584
2024-02-12,стройка,D_broad,143921,0.005308021219136522
2024-02-19,стройка,D_broad,132796,0.0051109601432036255
2024-02-26,стройка,D_broad,152233,0.0052909576647240655
2024-03-04,стройка,D_broad,136098,0.005052367463187134
2024-03-11,стройка,D_broad,146141,0.0055839086035823025
2024-03-18,стройка,D_broad,144056,0.005544271934311853
2024-03-25,стройка,D_broad,143311,0.005781801037062606
2024-04-01,стройка,D_broad,156089,0.006056567410695706
2024-04-08,стройка,D_broad,152206,0.005978291509534922
2024-04-15,стройка,D_broad,156799,0.006099241539034903
2024-04-22,стройка,D_broad,160143,0.006281301610831077
2024-04-29,стройка,D_broad,130861,0.005704264342091483
2024-05-06,стройка,D_broad,133443,0.005554338080954828
2024-05-13,стройка,D_broad,142628,0.0057076972581861195
2024-05-20,стройка,D_broad,138866,0.005902357930234844
2024-05-27,стройка,D_broad,134442,0.005923770660353068
2024-06-03,стройка,D_broad,137543,0.006117436393035217
2024-06-10,стройка,D_broad,131208,0.0060079194340055255
2024-06-17,стройка,D_broad,133724,0.006024069825904954
2024-06-24,стройка,D_broad,131841,0.006205407733565625
2024-07-01,стройка,D_broad,133160,0.00631882388078462
2024-07-08,стройка,D_broad,131753,0.006386475656000122
2024-07-15,стройка,D_broad,127934,0.006175489650236744
2024-07-22,стройка,D_broad,135680,0.006435190270361121
2024-07-29,стройка,D_broad,132453,0.006230075615835964
2024-08-05,стройка,D_broad,135876,0.006324572588378824
2024-08-12,стройка,D_broad,124482,0.005977305300854425
2024-08-19,стройка,D_broad,125006,0.005941153164493168
2024-08-26,стройка,D_broad,125345,0.005908985939997771
2024-09-02,стройка,D_broad,119696,0.00557826988730973
2024-09-09,стройка,D_broad,129844,0.005633353403705867
2024-09-16,стройка,D_broad,133799,0.005606602335647954
2024-09-23,стройка,D_broad,133797,0.00548141145780088
2024-09-30,стройка,D_broad,143478,0.0057435408171514594
2024-10-07,стройка,D_broad,139888,0.005394202922521056
2024-10-14,стройка,D_broad,132423,0.0054238518091180845
2024-10-21,стройка,D_broad,141141,0.005458979567837511
2024-10-28,стройка,D_broad,139498,0.005546045825810422
2024-11-04,стройка,D_broad,140318,0.005276124320112838
2024-11-11,стройка,D_broad,150155,0.0054657972729592365
2024-11-18,стройка,D_broad,154553,0.005797916087987507
2024-11-25,стройка,D_broad,182753,0.006344573522420202
2024-12-02,стройка,D_broad,154861,0.005620792210557117
2024-12-09,стройка,D_broad,149731,0.0054033884994960655
2024-12-16,стройка,D_broad,147263,0.005154919463074219
2024-12-23,стройка,D_broad,131996,0.004938838167633209
2024-12-30,стройка,D_broad,96028,0.004440946442992434
2025-01-06,стройка,D_broad,130066,0.005213453977717939
2025-01-13,стройка,D_broad,151579,0.005433582758747762
2025-01-20,стройка,D_broad,160033,0.005591535032928681
2025-01-27,стройка,D_broad,161572,0.005596572730519459
2025-02-03,стройка,D_broad,164090,0.005653172577486831
2025-02-10,стройка,D_broad,159374,0.0055561113657934275
2025-02-17,стройка,D_broad,152826,0.005432006307147003
2025-02-24,стройка,D_broad,152256,0.005451894716443598
2025-03-03,стройка,D_broad,148699,0.00549488140243992
2025-03-10,стройка,D_broad,162940,0.005836546324503405
2025-03-17,стройка,D_broad,166735,0.0060581558009945085
2025-03-24,стройка,D_broad,166035,0.006342871569793554
2025-03-31,стройка,D_broad,167564,0.006203036217496284
2025-04-07,стройка,D_broad,168075,0.006214129813743771
2025-04-14,стройка,D_broad,159998,0.006148525569518873
2025-04-21,стройка,D_broad,165655,0.0062774307057689785
2025-04-28,стройка,D_broad,148522,0.006119287572156134
2025-05-05,стройка,D_broad,140271,0.005909142631959241
2025-05-12,стройка,D_broad,164130,0.006363031012039594
2025-05-19,стройка,D_broad,158613,0.006572181568291537
2025-05-26,стройка,D_broad,156590,0.006721188696994094
2025-06-02,стройка,D_broad,156586,0.006790650264305568
2025-06-09,стройка,D_broad,153039,0.0064417398429179136
2025-06-16,стройка,D_broad,161596,0.006431265560189945
2025-06-23,стройка,D_broad,161363,0.006494756897262234
2025-06-30,стройка,D_broad,155854,0.006442577442100701
2025-07-07,стройка,D_broad,155441,0.006541955428039571
2025-07-14,стройка,D_broad,165910,0.006992668988840254
2025-07-21,стройка,D_broad,153667,0.0064647810297087166
2025-07-28,стройка,D_broad,155741,0.006570859237477246
2025-08-04,стройка,D_broad,163888,0.006875024596582633
2025-08-11,стройка,D_broad,152615,0.006460849256131921
2025-08-18,стройка,D_broad,148651,0.006323533403717764
2025-08-25,стройка,D_broad,147105,0.006257280194822369
2025-09-01,стройка,D_broad,157422,0.00648919111369999
2025-09-08,стройка,D_broad,150973,0.005941785978725891
2025-09-15,стройка,D_broad,151646,0.00592734347298423
2025-09-22,стройка,D_broad,156194,0.005994019875119032
2025-09-29,стройка,D_broad,151220,0.005837270427868518
2025-10-06,стройка,D_broad,157142,0.005988447294271903
2025-10-13,стройка,D_broad,172574,0.006293480798972234
2025-10-20,стройка,D_broad,163587,0.0060367331419981405
2025-10-27,стройка,D_broad,157404,0.0060337620426986985
2025-11-03,стройка,D_broad,152363,0.005822325375743378
2025-11-10,стройка,D_broad,162296,0.0059654873108208216
2025-11-17,стройка,D_broad,163393,0.005908356310555789
2025-11-24,стройка,D_broad,156688,0.005594573859204681
2025-12-01,стройка,D_broad,159227,0.005703263151453072
2025-12-08,стройка,D_broad,152865,0.0056062221778984365
2025-12-15,стройка,D_broad,144485,0.005545889107923499
2025-12-22,стройка,D_broad,124134,0.005193735707726565
2025-12-29,стройка,D_broad,88892,0.004414088651712912
2026-01-05,стройка,D_broad,106334,0.004997825292211237
2026-01-12,стройка,D_broad,131922,0.00543005957397956
2026-01-19,стройка,D_broad,142165,0.005662603850935791
2026-01-26,стройка,D_broad,146509,0.005932520519456468
2026-02-02,стройка,D_broad,147223,0.005995341955305065
2026-02-09,стройка,D_broad,142455,0.00594059214443843
2026-02-16,стройка,D_broad,131317,0.00571681915316852
2026-02-23,стройка,D_broad,127518,0.005653991689201527
2026-03-02,стройка,D_broad,121701,0.005538658875954501
2026-03-09,стройка,D_broad,148768,0.006009888229466737
2026-03-16,стройка,D_broad,161266,0.006147550598112308
2026-03-23,стройка,D_broad,166840,0.006414884355124386
2026-03-30,стройка,D_broad,163669,0.006416410004516629
2026-04-06,стройка,D_broad,173541,0.006560134025495132
2026-04-13,стройка,D_broad,185241,0.00698043175510697
2026-04-20,стройка,D_broad,179640,0.0067871017982410724
2026-04-27,стройка,D_broad,170198,0.006859546563546421
2026-05-04,стройка,D_broad,152147,0.006570846804864187
2026-05-11,стройка,D_broad,159762,0.006616090244010943
2026-05-18,стройка,D_broad,160582,0.006627100387715087
2026-05-25,стройка,D_broad,156015,0.006431511296262291
2026-06-01,стройка,D_broad,158266,0.006581174690556111
2026-06-08,стройка,D_broad,156199,0.006523527302163733
2026-06-15,стройка,D_broad,155440,0.006378718046423083
2026-06-22,стройка,D_broad,150959,0.006178074265591279
2026-06-29,стройка,D_broad,150121,0.006345169841818113
2026-07-06,стройка,D_broad,155029,0.006399610426950586
2026-07-13,стройка,D_broad,172870,0.006717368064517544
2026-07-20,стройка,D_broad,178447,0.006684656555498822
2026-07-27,стройка,D_broad,178526,0.006908203288484391
2026-08-03,стройка,D_broad,182328,0.007188283100438686
2026-08-10,стройка,D_broad,177837,0.00690247703106519
2026-08-17,стройка,D_broad,171477,0.006707427799450899
2018-01-01,строительство,D_broad,419670,0.028555366922356353
2018-01-08,строительство,D_broad,754774,0.04364272893643786
2018-01-15,строительство,D_broad,932497,0.05051990986653476
2018-01-22,строительство,D_broad,982864,0.05184106555842173
2018-01-29,строительство,D_broad,1053203,0.05574661074632728
2018-02-05,строительство,D_broad,943466,0.04890819504389288
2018-02-12,строительство,D_broad,892358,0.04733749577137944
2018-02-19,строительство,D_broad,850953,0.043463100796433805
2018-02-26,строительство,D_broad,1062369,0.052482642234152194
2018-03-05,строительство,D_broad,746546,0.040452950387059435
2018-03-12,строительство,D_broad,963676,0.048670567953526964
2018-03-19,строительство,D_broad,957550,0.05085291998563223
2018-03-26,строительство,D_broad,917859,0.04983075132403951
2018-04-02,строительство,D_broad,914666,0.05158492797078274
2018-04-09,строительство,D_broad,910353,0.051497673560735875
2018-04-16,строительство,D_broad,921386,0.0515806622739805
2018-04-23,строительство,D_broad,906465,0.05035459301493267
2018-04-30,строительство,D_broad,660780,0.04181638917503276
2018-05-07,строительство,D_broad,772043,0.046024194231856004
2018-05-14,строительство,D_broad,905551,0.05166598951612277
2018-05-21,строительство,D_broad,865410,0.05166651468186335
2018-05-28,строительство,D_broad,869395,0.0517479136280713
2018-06-04,строительство,D_broad,891553,0.05282625763628448
2018-06-11,строительство,D_broad,689352,0.043919059157667
2018-06-18,строительство,D_broad,819476,0.05012118995055205
2018-06-25,строительство,D_broad,747502,0.04664752175538023
2018-07-02,строительство,D_broad,806130,0.05043084969878467
2018-07-09,строительство,D_broad,762542,0.04973701000404102
2018-07-16,строительство,D_broad,774483,0.0494353709480087
2018-07-23,строительство,D_broad,808926,0.051066728425982845
2018-07-30,строительство,D_broad,796686,0.05017958563892515
2018-08-06,строительство,D_broad,778753,0.048929455041982886
2018-08-13,строительство,D_broad,797456,0.04962865443459307
2018-08-20,строительство,D_broad,777581,0.049757304130793434
2018-08-27,строительство,D_broad,749480,0.046493407648501656
2018-09-03,строительство,D_broad,807788,0.04623726669764907
2018-09-10,строительство,D_broad,813883,0.04495173114400438
2018-09-17,строительство,D_broad,917206,0.04762751538634674
2018-09-24,строительство,D_broad,952039,0.04672197732279873
2018-10-01,строительство,D_broad,936853,0.04551783535419445
2018-10-08,строительство,D_broad,948955,0.045549704167138196
2018-10-15,строительство,D_broad,935204,0.0448398119887191
2018-10-22,строительство,D_broad,952002,0.04587181799521726
2018-10-29,строительство,D_broad,905366,0.04468950146386813
2018-11-05,строительство,D_broad,783974,0.04051481227172741
2018-11-12,строительство,D_broad,867785,0.043254865308655556
2018-11-19,строительство,D_broad,831686,0.04171159400352998
2018-11-26,строительство,D_broad,847969,0.04294559067515446
2018-12-03,строительство,D_broad,829957,0.04041854354723166
2018-12-10,строительство,D_broad,832053,0.041620727442705646
2018-12-17,строительство,D_broad,805504,0.04071356799436419
2018-12-24,строительство,D_broad,651718,0.036088835198641644
2018-12-31,строительство,D_broad,424906,0.026572155395157445
2019-01-07,строительство,D_broad,774550,0.040282901646051104
2019-01-14,строительство,D_broad,966935,0.04640428476078667
2019-01-21,строительство,D_broad,1004169,0.04709724185562922
2019-01-28,строительство,D_broad,975461,0.04640481405119698
2019-02-04,строительство,D_broad,995737,0.046709080463331644
2019-02-11,строительство,D_broad,977191,0.0464905235799807
2019-02-18,строительство,D_broad,906581,0.04416387598357895
2019-02-25,строительство,D_broad,976954,0.04690215927017034
2019-03-04,строительство,D_broad,806880,0.041844330347608365
2019-03-11,строительство,D_broad,1016295,0.04933100848118035
2019-03-18,строительство,D_broad,1068067,0.053074703606748236
2019-03-25,строительство,D_broad,1047864,0.0537016004264768
2019-04-01,строительство,D_broad,1014874,0.05190239703489664
2019-04-08,строительство,D_broad,1003795,0.05115442500644186
2019-04-15,строительство,D_broad,974087,0.049626384148686274
2019-04-22,строительство,D_broad,858002,0.04653563099861563
2019-04-29,строительство,D_broad,626547,0.03708412583904302
2019-05-06,строительство,D_broad,625462,0.037517485620104686
2019-05-13,строительство,D_broad,977809,0.05173490507854497
2019-05-20,строительство,D_broad,892764,0.04773497499790563
2019-05-27,строительство,D_broad,859073,0.048485966158410596
2019-06-03,строительство,D_broad,809179,0.046513116607027165
2019-06-10,строительство,D_broad,743730,0.04381932242673052
2019-06-17,строительство,D_broad,794250,0.047519136193965354
2019-06-24,строительство,D_broad,773258,0.045541206087972845
2019-07-01,строительство,D_broad,763238,0.04561322331836965
2019-07-08,строительство,D_broad,726491,0.044069078037030654
2019-07-15,строительство,D_broad,726731,0.044309665128787104
2019-07-22,строительство,D_broad,703019,0.042953040089074156
2019-07-29,строительство,D_broad,712452,0.04289312031495384
2019-08-05,строительство,D_broad,707200,0.042036532975980326
2019-08-12,строительство,D_broad,673560,0.0409011267556025
2019-08-19,строительство,D_broad,656916,0.0405572919979925
2019-08-26,строительство,D_broad,651143,0.04008709064703354
2019-09-02,строительство,D_broad,688586,0.040328417224702234
2019-09-09,строительство,D_broad,704003,0.03887754090458185
2019-09-16,строительство,D_broad,735802,0.03854305615499326
2019-09-23,строительство,D_broad,748961,0.03881286498265052
2019-09-30,строительство,D_broad,773825,0.039523909489330454
2019-10-07,строительство,D_broad,791064,0.03974641135975372
2019-10-14,строительство,D_broad,793334,0.03945252843809875
2019-10-21,строительство,D_broad,810372,0.040366587384129085
2019-10-28,строительство,D_broad,775651,0.039756651961385274
2019-11-04,строительство,D_broad,759457,0.037766902435689184
2019-11-11,строительство,D_broad,825491,0.040037830560425466
2019-11-18,строительство,D_broad,833019,0.03915765488993697
2019-11-25,строительство,D_broad,867216,0.03932558399238866
2019-12-02,строительство,D_broad,867807,0.040049126969694655
2019-12-09,строительство,D_broad,904341,0.04177340016744161
2019-12-16,строительство,D_broad,903397,0.0416985403770269
2019-12-23,строительство,D_broad,766473,0.03827276708334527
2019-12-30,строительство,D_broad,449670,0.025686132833345136
2020-01-06,строительство,D_broad,731533,0.03598897324382708
2020-01-13,строительство,D_broad,1072077,0.0462592580472943
2020-01-20,строительство,D_broad,1075883,0.04418021004536705
2020-01-27,строительство,D_broad,1002006,0.044764679513371014
2020-02-03,строительство,D_broad,990230,0.04455791500351668
2020-02-10,строительство,D_broad,1017785,0.04495720114514632
2020-02-17,строительство,D_broad,946952,0.042309708255596754
2020-02-24,строительство,D_broad,932975,0.04209821336229334
2020-03-02,строительство,D_broad,909698,0.04220700393805389
2020-03-09,строительство,D_broad,926879,0.04197688655878231
2020-03-16,строительство,D_broad,965800,0.04309834361757629
2020-03-23,строительство,D_broad,912845,0.04094542096739533
2020-03-30,строительство,D_broad,801717,0.03400591733255351
2020-04-06,строительство,D_broad,1070018,0.038034734182394704
2020-04-13,строительство,D_broad,1133790,0.03963755505519842
2020-04-20,строительство,D_broad,1201959,0.041878398094332706
2020-04-27,строительство,D_broad,1090623,0.041902220813131066
2020-05-04,строительство,D_broad,948356,0.04099765135155927
2020-05-11,строительство,D_broad,1221043,0.04654188027821081
2020-05-18,строительство,D_broad,1322279,0.05078320730303323
2020-05-25,строительство,D_broad,1176855,0.051280112535867235
2020-06-01,строительство,D_broad,1114131,0.05054279711689515
2020-06-08,строительство,D_broad,968419,0.047580859396482426
2020-06-15,строительство,D_broad,1017973,0.049438984595863704
2020-06-22,строительство,D_broad,940372,0.04682933980853057
2020-06-29,строительство,D_broad,874999,0.044647493676477676
2020-07-06,строительство,D_broad,868520,0.04576573722957839
2020-07-13,строительство,D_broad,857471,0.04541924903825897
2020-07-20,строительство,D_broad,840600,0.04436825528163569
2020-07-27,строительство,D_broad,837282,0.04428718738565757
2020-08-03,строительство,D_broad,843451,0.04482410471929861
2020-08-10,строительство,D_broad,823211,0.04334687253471248
2020-08-17,строительство,D_broad,822223,0.04312823691751431
2020-08-24,строительство,D_broad,818809,0.04263525757529949
2020-08-31,строительство,D_broad,803363,0.0401679861949523
2020-09-07,строительство,D_broad,859282,0.039684796011377296
2020-09-14,строительство,D_broad,890021,0.039405287822226596
2020-09-21,строительство,D_broad,888264,0.03877731056798953
2020-09-28,строительство,D_broad,883508,0.03827934204147623
2020-10-05,строительство,D_broad,912609,0.0385791978386907
2020-10-12,строительство,D_broad,969772,0.039553064999501786
2020-10-19,строительство,D_broad,968335,0.038522676690192076
2020-10-26,строительство,D_broad,976619,0.03887097095109768
2020-11-02,строительство,D_broad,973139,0.03884025190769008
2020-11-09,строительство,D_broad,1047891,0.03902391325391989
2020-11-16,строительство,D_broad,1079864,0.039371439301496974
2020-11-23,строительство,D_broad,1097027,0.03948637312261431
2020-11-30,строительство,D_broad,1093480,0.041314443136306556
2020-12-07,строительство,D_broad,1086019,0.041701751971614354
2020-12-14,строительство,D_broad,1049190,0.040534681184855634
2020-12-21,строительство,D_broad,971154,0.039323655142819706
2020-12-28,строительство,D_broad,561287,0.028151874699249648
2021-01-04,строительство,D_broad,698129,0.03249296805700925
2021-01-11,строительство,D_broad,1150269,0.04643388659996271
2021-01-18,строительство,D_broad,1223702,0.0490972819067366
2021-01-25,строительство,D_broad,1257746,0.05052568680517628
2021-02-01,строительство,D_broad,1257222,0.05120131794023897
2021-02-08,строительство,D_broad,1241089,0.0490159694673783
2021-02-15,строительство,D_broad,1154855,0.04505960936387997
2021-02-22,строительство,D_broad,1011071,0.04133781422743414
2021-03-01,строительство,D_broad,1110549,0.04588813565867858
2021-03-08,строительство,D_broad,1131762,0.045845271658460855
2021-03-15,строительство,D_broad,1215763,0.04843607477278361
2021-03-22,строительство,D_broad,1196828,0.050189409026988686
2021-03-29,строительство,D_broad,1255432,0.05090532861852472
2021-04-05,строительство,D_broad,1254246,0.04921626554337957
2021-04-12,строительство,D_broad,1225160,0.04904428327573067
2021-04-19,строительство,D_broad,1303791,0.051369232851454776
2021-04-26,строительство,D_broad,1123134,0.047136264007558354
2021-05-03,строительство,D_broad,915400,0.04178121942968268
2021-05-10,строительство,D_broad,1140671,0.04789494834606549
2021-05-17,строительство,D_broad,1311249,0.053106472494388705
2021-05-24,строительство,D_broad,1241391,0.052357081197583664
2021-05-31,строительство,D_broad,1216949,0.05208616486147799
2021-06-07,строительство,D_broad,1182808,0.05003276925410984
2021-06-14,строительство,D_broad,1046596,0.046150753799334754
2021-06-21,строительство,D_broad,1031335,0.04529158364827218
2021-06-28,строительство,D_broad,998723,0.04442358425061704
2021-07-05,строительство,D_broad,973744,0.0446428001621486
2021-07-12,строительство,D_broad,964173,0.04439448078105886
2021-07-19,строительство,D_broad,948851,0.04316771683281455
2021-07-26,строительство,D_broad,951789,0.04285514752836213
2021-08-02,строительство,D_broad,980245,0.043863141969269326
2021-08-09,строительство,D_broad,987476,0.044109908869465024
2021-08-16,строительство,D_broad,1011653,0.04470445513663075
2021-08-23,строительство,D_broad,1029079,0.044656944864739465
2021-08-30,строительство,D_broad,1045804,0.0441496296351002
2021-09-06,строительство,D_broad,1018092,0.04244859759340594
2021-09-13,строительство,D_broad,1053949,0.04183784575606386
2021-09-20,строительство,D_broad,1028588,0.03970806009505682
2021-09-27,строительство,D_broad,975973,0.03875203211838216
2021-10-04,строительство,D_broad,1003899,0.03977478952111504
2021-10-11,строительство,D_broad,1034438,0.03927796845181733
2021-10-18,строительство,D_broad,1052501,0.03967555354267559
2021-10-25,строительство,D_broad,1046305,0.040645898852599616
2021-11-01,строительство,D_broad,912630,0.03682430631433728
2021-11-08,строительство,D_broad,1138055,0.041565918865354164
2021-11-15,строительство,D_broad,1104095,0.03977915460184622
2021-11-22,строительство,D_broad,1083592,0.039189563138454134
2021-11-29,строительство,D_broad,1090827,0.03987224665005179
2021-12-06,строительство,D_broad,1113107,0.04029681420712084
2021-12-13,строительство,D_broad,1130315,0.040581630571284256
2021-12-20,строительство,D_broad,1032517,0.037756986659747784
2021-12-27,строительство,D_broad,642090,0.028180007110881963
2022-01-03,строительство,D_broad,667605,0.028373031482896445
2022-01-10,строительство,D_broad,1139555,0.04141087256932427
2022-01-17,строительство,D_broad,1187084,0.0417535117386417
2022-01-24,строительство,D_broad,1216767,0.04174588998688235
2022-01-31,строительство,D_broad,1252033,0.042210183552368774
2022-02-07,строительство,D_broad,1292984,0.042608402428405946
2022-02-14,строительство,D_broad,1227623,0.041392913946163644
2022-02-21,строительство,D_broad,996770,0.03505200021921663
2022-02-28,строительство,D_broad,1023809,0.035393236444814256
2022-03-07,строительство,D_broad,940827,0.03358803218557502
2022-03-14,строительство,D_broad,1189353,0.04062242814714256
2022-03-21,строительство,D_broad,1208051,0.04233287609519752
2022-03-28,строительство,D_broad,1236255,0.04324459073040085
2022-04-04,строительство,D_broad,1207781,0.042208861470293756
2022-04-11,строительство,D_broad,1185501,0.04217016919891946
2022-04-18,строительство,D_broad,1148906,0.04128419078033898
2022-04-25,строительство,D_broad,1065423,0.039971898268665144
2022-05-02,строительство,D_broad,894769,0.035577232381689965
2022-05-09,строительство,D_broad,1008642,0.03717940179132741
2022-05-16,строительство,D_broad,1186070,0.04157625330706299
2022-05-23,строительство,D_broad,1159659,0.04223905813167062
2022-05-30,строительство,D_broad,1196799,0.0468237802732493
2022-06-06,строительство,D_broad,1090057,0.0439513971109068
2022-06-13,строительство,D_broad,1030194,0.04165210133485464
2022-06-20,строительство,D_broad,1056674,0.04136785346659851
2022-06-27,строительство,D_broad,961156,0.040061514195043196
2022-07-04,строительство,D_broad,929255,0.039592663715434386
2022-07-11,строительство,D_broad,948386,0.03978679699373723
2022-07-18,строительство,D_broad,978887,0.04124279624632517
2022-07-25,строительство,D_broad,945278,0.03983144205525647
2022-08-01,строительство,D_broad,921267,0.03889740676063704
2022-08-08,строительство,D_broad,966129,0.04053091522324993
2022-08-15,строительство,D_broad,937087,0.038398253999998355
2022-08-22,строительство,D_broad,964156,0.03929720466316742
2022-08-29,строительство,D_broad,990192,0.039038232842202335
2022-09-05,строительство,D_broad,1009162,0.03712168985401563
2022-09-12,строительство,D_broad,962727,0.03502350152377808
2022-09-19,строительство,D_broad,904596,0.03239852158853801
2022-09-26,строительство,D_broad,848654,0.031077401215351255
2022-10-03,строительство,D_broad,1055412,0.03854742102502193
2022-10-10,строительство,D_broad,1275919,0.04613819392668547
2022-10-17,строительство,D_broad,1394357,0.047820546878982406
2022-10-24,строительство,D_broad,974023,0.03434940346379994
2022-10-31,строительство,D_broad,945623,0.03406610583490546
2022-11-07,строительство,D_broad,1128484,0.039107178638466106
2022-11-14,строительство,D_broad,1020177,0.033825025580337856
2022-11-21,строительство,D_broad,1018078,0.033930137850897525
2022-11-28,строительство,D_broad,1019275,0.03412908212693545
2022-12-05,строительство,D_broad,1027322,0.03446403320928076
2022-12-12,строительство,D_broad,1013648,0.03434651791000533
2022-12-19,строительство,D_broad,935552,0.03216817312071855
2022-12-26,строительство,D_broad,589017,0.024382371043986148
2023-01-02,строительство,D_broad,513160,0.020982004796425126
2023-01-09,строительство,D_broad,971118,0.0340466170029375
2023-01-16,строительство,D_broad,1074029,0.036804458280402706
2023-01-23,строительство,D_broad,1100197,0.03772333613108991
2023-01-30,строительство,D_broad,1106906,0.03817822727560512
2023-02-06,строительство,D_broad,1113686,0.03841816965360589
2023-02-13,строительство,D_broad,1100853,0.038107868499448964
2023-02-20,строительство,D_broad,856461,0.03135591270119472
2023-02-27,строительство,D_broad,1103017,0.038176314668682675
2023-03-06,строительство,D_broad,973080,0.03533567155656407
2023-03-13,строительство,D_broad,1163005,0.04054491711802712
2023-03-20,строительство,D_broad,1142248,0.04117600777361419
2023-03-27,строительство,D_broad,1159361,0.04222465637308111
2023-04-03,строительство,D_broad,1192811,0.043291888643811886
2023-04-10,строительство,D_broad,1118400,0.041249367572397444
2023-04-17,строительство,D_broad,1100117,0.04069407284067365
2023-04-24,строительство,D_broad,1024904,0.03866604348671412
2023-05-01,строительство,D_broad,919063,0.036095559888501896
2023-05-08,строительство,D_broad,893452,0.03544359780336175
2023-05-15,строительство,D_broad,1096975,0.0419599479023359
2023-05-22,строительство,D_broad,1034908,0.041151967518055554
2023-05-29,строительство,D_broad,1016262,0.04138089918410176
2023-06-05,строительство,D_broad,958565,0.039755712853716346
2023-06-12,строительство,D_broad,911718,0.038776935018449504
2023-06-19,строительство,D_broad,927063,0.03861015398575926
2023-06-26,строительство,D_broad,901798,0.03852266170336938
2023-07-03,строительство,D_broad,867719,0.038286949791685676
2023-07-10,строительство,D_broad,892369,0.03872311314512587
2023-07-17,строительство,D_broad,864287,0.03787586496763472
2023-07-24,строительство,D_broad,865085,0.0376003178749741
2023-07-31,строительство,D_broad,844402,0.03752643391919685
2023-08-07,строительство,D_broad,889082,0.03868779036677971
2023-08-14,строительство,D_broad,861681,0.038147472789571785
2023-08-21,строительство,D_broad,812123,0.03615442957898901
2023-08-28,строительство,D_broad,792224,0.03533204835372137
2023-09-04,строительство,D_broad,879481,0.03589918711185936
2023-09-11,строительство,D_broad,898796,0.035457077612132716
2023-09-18,строительство,D_broad,950863,0.036698305924496556
2023-09-25,строительство,D_broad,971371,0.03704425237757102
2023-10-02,строительство,D_broad,975060,0.03682858360157673
2023-10-09,строительство,D_broad,968075,0.03593424838516473
2023-10-16,строительство,D_broad,1000065,0.03626530848742986
2023-10-23,строительство,D_broad,980953,0.03625756698181722
2023-10-30,строительство,D_broad,914281,0.03578221448938787
2023-11-06,строительство,D_broad,925756,0.03461720302681453
2023-11-13,строительство,D_broad,1016455,0.03668371540073774
2023-11-20,строительство,D_broad,989581,0.035294365609465694
2023-11-27,строительство,D_broad,991607,0.03502642216600296
2023-12-04,строительство,D_broad,981926,0.03432910742197871
2023-12-11,строительство,D_broad,978606,0.03485477725000139
2023-12-18,строительство,D_broad,915593,0.03333857860429603
2023-12-25,строительство,D_broad,635654,0.026552361682139126
2024-01-01,строительство,D_broad,463674,0.019760946341941144
2024-01-08,строительство,D_broad,907238,0.033444768277765685
2024-01-15,строительство,D_broad,1053539,0.037076819528046104
2024-01-22,строительство,D_broad,1074492,0.03760789097366523
2024-01-29,строительство,D_broad,1059558,0.038220663525916784
2024-02-05,строительство,D_broad,1061016,0.03913246311989704
2024-02-12,строительство,D_broad,1052772,0.038827802161691446
2024-02-19,строительство,D_broad,910987,0.035061434440620515
2024-02-26,строительство,D_broad,1111368,0.03862632305695254
2024-03-04,строительство,D_broad,933809,0.034665801175853536
2024-03-11,строительство,D_broad,1091585,0.041708424556020474
2024-03-18,строительство,D_broad,1053510,0.040546356455245736
2024-03-25,строительство,D_broad,1040185,0.041965674035747205
2024-04-01,строительство,D_broad,1103428,0.042815227625579905
2024-04-08,строительство,D_broad,1100214,0.043213802444525544
2024-04-15,строительство,D_broad,1111837,0.04324876061094745
2024-04-22,строительство,D_broad,1107018,0.04342065495600181
2024-04-29,строительство,D_broad,780413,0.03401840157116819
2024-05-06,строительство,D_broad,855419,0.03560536204126329
2024-05-13,строительство,D_broad,1075671,0.04304627715042152
2024-05-20,строительство,D_broad,1024391,0.04354069637284289
2024-05-27,строительство,D_broad,985086,0.04340476595650587
2024-06-03,строительство,D_broad,976352,0.04342475631048269
2024-06-10,строительство,D_broad,864073,0.039565277796319256
2024-06-17,строительство,D_broad,917882,0.04134923618753022
2024-06-24,строительство,D_broad,835582,0.03932863832061523
2024-07-01,строительство,D_broad,834305,0.03959016489830288
2024-07-08,строительство,D_broad,812970,0.0394071718599077
2024-07-15,строительство,D_broad,818962,0.03953203491595029
2024-07-22,строительство,D_broad,826533,0.039201777120669135
2024-07-29,строительство,D_broad,814890,0.03832926637062633
2024-08-05,строительство,D_broad,796838,0.03709013933423566
2024-08-12,строительство,D_broad,760580,0.03652109434073889
2024-08-19,строительство,D_broad,753634,0.035817920931552436
2024-08-26,строительство,D_broad,776722,0.03661605470730343
2024-09-02,строительство,D_broad,788284,0.03673690766481807
2024-09-09,строительство,D_broad,827468,0.03590015460289029
2024-09-16,строительство,D_broad,886312,0.03713928302388516
2024-09-23,строительство,D_broad,915737,0.03751602266218379
2024-09-30,строительство,D_broad,937455,0.0375270846871487
2024-10-07,строительство,D_broad,955719,0.036853355705342136
2024-10-14,строительство,D_broad,924272,0.037856825168718355
2024-10-21,строительство,D_broad,996219,0.03853125006972826
2024-10-28,строительство,D_broad,988912,0.03931634338624092
2024-11-04,строительство,D_broad,922175,0.03467488094827504
2024-11-11,строительство,D_broad,1084293,0.03946938645059298
2024-11-18,строительство,D_broad,1059595,0.039749748612133845
2024-11-25,строительство,D_broad,1135156,0.03940882339231874
2024-12-02,строительство,D_broad,1081458,0.03925230175734806
2024-12-09,строительство,D_broad,1081972,0.03904545526027847
2024-12-16,строительство,D_broad,1099030,0.038471382068153294
2024-12-23,строительство,D_broad,959313,0.03589420633281854
2024-12-30,строительство,D_broad,412134,0.019059701559297745
2025-01-06,строительство,D_broad,760696,0.030491085964311396
2025-01-13,строительство,D_broad,1126916,0.040396040006577386
2025-01-20,строительство,D_broad,1182572,0.04131893276362086
2025-01-27,строительство,D_broad,1202586,0.04165548494605795
2025-02-03,строительство,D_broad,1256881,0.04330163448329712
2025-02-10,строительство,D_broad,1195006,0.041660411477351014
2025-02-17,строительство,D_broad,1109063,0.03942023746629092
2025-02-24,строительство,D_broad,1109493,0.03972808312730635
2025-03-03,строительство,D_broad,1024144,0.03784524320284891
2025-03-10,строительство,D_broad,1155028,0.04137335478150558
2025-03-17,строительство,D_broad,1172038,0.0425848730541638
2025-03-24,строительство,D_broad,1125612,0.04300064657101492
2025-03-31,строительство,D_broad,1137394,0.04210508328497153
2025-04-07,строительство,D_broad,1144992,0.04233305919201611
2025-04-14,строительство,D_broad,1096162,0.04212415208524448
2025-04-21,строительство,D_broad,1090946,0.04134096718321719
2025-04-28,строительство,D_broad,848632,0.03496467359000016
2025-05-05,строительство,D_broad,805605,0.033937412936526606
2025-05-12,строительство,D_broad,1117426,0.04332063785815729
2025-05-19,строительство,D_broad,1044870,0.043294530431054065
2025-05-26,строительство,D_broad,983537,0.04221558060843911
2025-06-02,строительство,D_broad,964101,0.04181007695750107
2025-06-09,строительство,D_broad,839843,0.03535079368589516
2025-06-16,строительство,D_broad,1072076,0.0426669314630696
2025-06-23,строительство,D_broad,1059848,0.04265819988503922
2025-06-30,строительство,D_broad,1042432,0.043091283432724975
2025-07-07,строительство,D_broad,1022641,0.04303930006166852
2025-07-14,строительство,D_broad,1031400,0.043470790157855696
2025-07-21,строительство,D_broad,1004929,0.04227743064811672
2025-07-28,строительство,D_broad,987447,0.04166131745313818
2025-08-04,строительство,D_broad,1006171,0.04220840069662296
2025-08-11,строительство,D_broad,977596,0.0413858427375916
2025-08-18,строительство,D_broad,930063,0.0395643786322457
2025-08-25,строительство,D_broad,910587,0.03873286428580073
2025-09-01,строительство,D_broad,951320,0.03921495909266224
2025-09-08,строительство,D_broad,1010109,0.03975446929705862
2025-09-15,строительство,D_broad,1042815,0.040760209196286416
2025-09-22,строительство,D_broad,1078135,0.041373949178979075
2025-09-29,строительство,D_broad,1081377,0.04174242814096795
2025-10-06,строительство,D_broad,1089457,0.041517581702381186
2025-10-13,строительство,D_broad,1114488,0.04064348527985077
2025-10-20,строительство,D_broad,1102455,0.04068310217842225
2025-10-27,строительство,D_broad,1085553,0.041612465291464645
2025-11-03,строительство,D_broad,949659,0.036289805884651
2025-11-10,строительство,D_broad,1104277,0.040589727603460864
2025-11-17,строительство,D_broad,1130177,0.04086765289819643
2025-11-24,строительство,D_broad,1111108,0.03967231550312209
2025-12-01,строительство,D_broad,1102598,0.03949334311558878
2025-12-08,строительство,D_broad,1077195,0.03950540999523309
2025-12-15,строительство,D_broad,1024164,0.039311347007145114
2025-12-22,строительство,D_broad,851476,0.03562554421409272
2025-12-29,строительство,D_broad,403601,0.02004151772847931
2026-01-05,строительство,D_broad,498302,0.02342079051629247
2026-01-12,строительство,D_broad,938974,0.03864923787099865
2026-01-19,строительство,D_broad,1033194,0.041153366321976255
2026-01-26,строительство,D_broad,1012940,0.041016506391950217
2026-02-02,строительство,D_broad,1002106,0.04080862464059921
2026-02-09,строительство,D_broad,968372,0.040382598687965544
2026-02-16,строительство,D_broad,895984,0.03900621010328094
2026-02-23,строительство,D_broad,858056,0.03804515043264092
2026-03-02,строительство,D_broad,838110,0.038142705405265584
2026-03-09,строительство,D_broad,998309,0.040329408935192435
2026-03-16,строительство,D_broad,1108353,0.042251039574799226
2026-03-23,строительство,D_broad,1127017,0.043333035970146365
2026-03-30,строительство,D_broad,1059392,0.041531954294978767
2026-04-06,строительство,D_broad,1123224,0.042459706816560604
2026-04-13,строительство,D_broad,1164830,0.04389425840554333
2026-04-20,строительство,D_broad,1157961,0.04374971713088972
2026-04-27,строительство,D_broad,1047200,0.04220564966301491
2026-05-04,строительство,D_broad,1191686,0.05146592535837962
2026-05-11,строительство,D_broad,1098651,0.04549751607186231
2026-05-18,строительство,D_broad,1031147,0.04255467414461925
2026-05-25,строительство,D_broad,1016730,0.04191334474408716
2026-06-01,строительство,D_broad,1045424,0.04347186363274444
2026-06-08,строительство,D_broad,1005659,0.04200055021585719
2026-06-15,строительство,D_broad,989151,0.04059132356110035
2026-06-22,строительство,D_broad,975208,0.039910886057795435
2026-06-29,строительство,D_broad,934156,0.039484006093440896
2026-07-06,строительство,D_broad,887375,0.03663091616804131
2026-07-13,строительство,D_broad,1070764,0.04160765834578043
2026-07-20,строительство,D_broad,1073271,0.04020492373632942
2026-07-27,строительство,D_broad,1025481,0.03968178985961855
2026-08-03,строительство,D_broad,1062985,0.041908193538676544
2026-08-10,строительство,D_broad,1035513,0.04019188750299099
2026-08-17,строительство,D_broad,927132,0.036265335587632806
